4.001569e+002,1.066881e+002
4.006390e+002,1.070644e+002
4.011211e+002,1.075300e+002
4.016032e+002,1.080562e+002
4.020853e+002,1.085663e+002
4.025674e+002,1.089579e+002
4.030496e+002,1.091347e+002
4.035317e+002,1.090382e+002
4.040138e+002,1.086625e+002
4.044959e+002,1.080530e+002
4.049780e+002,1.072916e+002
4.054601e+002,1.064800e+002
4.059423e+002,1.057194e+002
4.064244e+002,1.050943e+002
4.069065e+002,1.046610e+002
4.073886e+002,1.044454e+002
4.078707e+002,1.044481e+002
4.083528e+002,1.046510e+002
4.088350e+002,1.050016e+002
4.093171e+002,1.054557e+002
4.097992e+002,1.059798e+002
4.102813e+002,1.065993e+002
4.107634e+002,1.070901e+002
4.112455e+002,1.074863e+002
4.117277e+002,1.077716e+002
4.122098e+002,1.080041e+002
4.126919e+002,1.081805e+002
4.131740e+002,1.083156e+002
4.136561e+002,1.083869e+002
4.141382e+002,1.085179e+002
4.146204e+002,1.085822e+002
4.151025e+002,1.085746e+002
4.155846e+002,1.085063e+002
4.160667e+002,1.083677e+002
4.165488e+002,1.081450e+002
4.170309e+002,1.078305e+002
4.175131e+002,1.074786e+002
4.179952e+002,1.071112e+002
4.184773e+002,1.068743e+002
4.189594e+002,1.067789e+002
4.194415e+002,1.069198e+002
4.199236e+002,1.072443e+002
4.204058e+002,1.076624e+002
4.208879e+002,1.080568e+002
4.213700e+002,1.083557e+002
4.218521e+002,1.085358e+002
4.223342e+002,1.085066e+002
4.228163e+002,1.083578e+002
4.232985e+002,1.081709e+002
4.237806e+002,1.081420e+002
4.242627e+002,1.081771e+002
4.247448e+002,1.083404e+002
4.252269e+002,1.086465e+002
4.257090e+002,1.090387e+002
4.261912e+002,1.093804e+002
4.266733e+002,1.096553e+002
4.271554e+002,1.098255e+002
4.276375e+002,1.098659e+002
4.281196e+002,1.097838e+002
4.286017e+002,1.096263e+002
4.290839e+002,1.093856e+002
4.295660e+002,1.091354e+002
4.300481e+002,1.088175e+002
4.305302e+002,1.085528e+002
4.310123e+002,1.083598e+002
4.314944e+002,1.082778e+002
4.319766e+002,1.083182e+002
4.324587e+002,1.084622e+002
4.329408e+002,1.086610e+002
4.334229e+002,1.088726e+002
4.339050e+002,1.090283e+002
4.343871e+002,1.091187e+002
4.348693e+002,1.091281e+002
4.353514e+002,1.090799e+002
4.358335e+002,1.090159e+002
4.363156e+002,1.089676e+002
4.367977e+002,1.089648e+002
4.372798e+002,1.090895e+002
4.377620e+002,1.092615e+002
4.382441e+002,1.094905e+002
4.387262e+002,1.097241e+002
4.392083e+002,1.099168e+002
4.396904e+002,1.100401e+002
4.401725e+002,1.101074e+002
4.406547e+002,1.100804e+002
4.411368e+002,1.100094e+002
4.416189e+002,1.098965e+002
4.421010e+002,1.097779e+002
4.425831e+002,1.096998e+002
4.430652e+002,1.096876e+002
4.435474e+002,1.097630e+002
4.440295e+002,1.099321e+002
4.445116e+002,1.099625e+002
4.449937e+002,1.101735e+002
4.454758e+002,1.103872e+002
4.459579e+002,1.106091e+002
4.464401e+002,1.107955e+002
4.469222e+002,1.109450e+002
4.474043e+002,1.110484e+002
4.478864e+002,1.110930e+002
4.483685e+002,1.111378e+002
4.488506e+002,1.110405e+002
4.493328e+002,1.108952e+002
4.498149e+002,1.108656e+002
4.502970e+002,1.108375e+002
4.507791e+002,1.108592e+002
4.512612e+002,1.109210e+002
4.517433e+002,1.110014e+002
4.522255e+002,1.110612e+002
4.527076e+002,1.110823e+002
4.531897e+002,1.111239e+002
4.536718e+002,1.110937e+002
4.541539e+002,1.110394e+002
4.546360e+002,1.109564e+002
4.551182e+002,1.108321e+002
4.556003e+002,1.106652e+002
4.560824e+002,1.104253e+002
4.565645e+002,1.101084e+002
4.570466e+002,1.097718e+002
4.575287e+002,1.094334e+002
4.580109e+002,1.091730e+002
4.584930e+002,1.090666e+002
4.589751e+002,1.091239e+002
4.594572e+002,1.093355e+002
4.599393e+002,1.096088e+002
4.604214e+002,1.099396e+002
4.609036e+002,1.102615e+002
4.613857e+002,1.105517e+002
4.618678e+002,1.107835e+002
4.623499e+002,1.109799e+002
4.628320e+002,1.111636e+002
4.633141e+002,1.113019e+002
4.637963e+002,1.114143e+002
4.642784e+002,1.115483e+002
4.647605e+002,1.116629e+002
4.652426e+002,1.118219e+002
4.657247e+002,1.119096e+002
4.662068e+002,1.120106e+002
4.666890e+002,1.121315e+002
4.671711e+002,1.123206e+002
4.676532e+002,1.125439e+002
4.681353e+002,1.127806e+002
4.686174e+002,1.130075e+002
4.690995e+002,1.132283e+002
4.695817e+002,1.133731e+002
4.700638e+002,1.134634e+002
4.705459e+002,1.134857e+002
4.710280e+002,1.134793e+002
4.715101e+002,1.134708e+002
4.719922e+002,1.134854e+002
4.724744e+002,1.135486e+002
4.729565e+002,1.137472e+002
4.734386e+002,1.139815e+002
4.739207e+002,1.142718e+002
4.744028e+002,1.145430e+002
4.748849e+002,1.147960e+002
4.753671e+002,1.149817e+002
4.758492e+002,1.150566e+002
4.763313e+002,1.150139e+002
4.768134e+002,1.149144e+002
4.772955e+002,1.147624e+002
4.777777e+002,1.146487e+002
4.782598e+002,1.145545e+002
4.787419e+002,1.144990e+002
4.792240e+002,1.145481e+002
4.797061e+002,1.146007e+002
4.801883e+002,1.146755e+002
4.806704e+002,1.147458e+002
4.811525e+002,1.148256e+002
4.816346e+002,1.149214e+002
4.821167e+002,1.150371e+002
4.825988e+002,1.151334e+002
4.830810e+002,1.152213e+002
4.835631e+002,1.153493e+002
4.840452e+002,1.154577e+002
4.845273e+002,1.155206e+002
4.850094e+002,1.155697e+002
4.854915e+002,1.155749e+002
4.859737e+002,1.156125e+002
4.864558e+002,1.154988e+002
4.869379e+002,1.153292e+002
4.874200e+002,1.151339e+002
4.879021e+002,1.149062e+002
4.883842e+002,1.146941e+002
4.888664e+002,1.145206e+002
4.893485e+002,1.144231e+002
4.898306e+002,1.143989e+002
4.903127e+002,1.144633e+002
4.907948e+002,1.145743e+002
4.912769e+002,1.147061e+002
4.917591e+002,1.148191e+002
4.922412e+002,1.149022e+002
4.927233e+002,1.149985e+002
4.932054e+002,1.150516e+002
4.936875e+002,1.151490e+002
4.941696e+002,1.151877e+002
4.946518e+002,1.152197e+002
4.951339e+002,1.152160e+002
4.956160e+002,1.152097e+002
4.960981e+002,1.151579e+002
4.965802e+002,1.150885e+002
4.970623e+002,1.150121e+002
4.975445e+002,1.149336e+002
4.980266e+002,1.148657e+002
4.985087e+002,1.148288e+002
4.989908e+002,1.147584e+002
4.994729e+002,1.146019e+002
4.999550e+002,1.144255e+002
5.004372e+002,1.142098e+002
5.009193e+002,1.140320e+002
5.014014e+002,1.138753e+002
5.018835e+002,1.137935e+002
5.023656e+002,1.138656e+002
5.028477e+002,1.140263e+002
5.033299e+002,1.142476e+002
5.038120e+002,1.145011e+002
5.042941e+002,1.147163e+002
5.047762e+002,1.148802e+002
5.052583e+002,1.149912e+002
5.057404e+002,1.150049e+002
5.062226e+002,1.149881e+002
5.067047e+002,1.149491e+002
5.071868e+002,1.149399e+002
5.076689e+002,1.149467e+002
5.081510e+002,1.150107e+002
5.086331e+002,1.151263e+002
5.091153e+002,1.152869e+002
5.095974e+002,1.154102e+002
5.100795e+002,1.154944e+002
5.105616e+002,1.155082e+002
5.110437e+002,1.154130e+002
5.115258e+002,1.152762e+002
5.120079e+002,1.151067e+002
5.124901e+002,1.149750e+002
5.129722e+002,1.148907e+002
5.134543e+002,1.147806e+002
5.139364e+002,1.147078e+002
5.144186e+002,1.146585e+002
5.149006e+002,1.146178e+002
5.153828e+002,1.145785e+002
5.158649e+002,1.145428e+002
5.163470e+002,1.145314e+002
5.168291e+002,1.145577e+002
5.173113e+002,1.145842e+002
5.177933e+002,1.146125e+002
5.182755e+002,1.145331e+002
5.187576e+002,1.145625e+002
5.192397e+002,1.146290e+002
5.197218e+002,1.146923e+002
5.202040e+002,1.147466e+002
5.206860e+002,1.147826e+002
5.211682e+002,1.147877e+002
5.216503e+002,1.147494e+002
5.221324e+002,1.146594e+002
5.226145e+002,1.145231e+002
5.230967e+002,1.143584e+002
5.235787e+002,1.141480e+002
5.240609e+002,1.139494e+002
5.245430e+002,1.138097e+002
5.250251e+002,1.136524e+002
5.255072e+002,1.135200e+002
5.259894e+002,1.133765e+002
5.264714e+002,1.132277e+002
5.269536e+002,1.131144e+002
5.274357e+002,1.130067e+002
5.279178e+002,1.128846e+002
5.283999e+002,1.127830e+002
5.288821e+002,1.126879e+002
5.293641e+002,1.125968e+002
5.298463e+002,1.125054e+002
5.303284e+002,1.124106e+002
5.308105e+002,1.123115e+002
5.312926e+002,1.122088e+002
5.317748e+002,1.121034e+002
5.322568e+002,1.119951e+002
5.327390e+002,1.118822e+002
5.332211e+002,1.117638e+002
5.337032e+002,1.116411e+002
5.341853e+002,1.115205e+002
5.346675e+002,1.114118e+002
5.351495e+002,1.113247e+002
5.356317e+002,1.112651e+002
5.361138e+002,1.112316e+002
5.365959e+002,1.112160e+002
5.370780e+002,1.112064e+002
5.375602e+002,1.111921e+002
5.380422e+002,1.111693e+002
5.385244e+002,1.111425e+002
5.390065e+002,1.111373e+002
5.394886e+002,1.111234e+002
5.399707e+002,1.111428e+002
5.404529e+002,1.111850e+002
5.409349e+002,1.112416e+002
5.414171e+002,1.113020e+002
5.418992e+002,1.113311e+002
5.423813e+002,1.113550e+002
5.428634e+002,1.113582e+002
5.433456e+002,1.113434e+002
5.438276e+002,1.113577e+002
5.443098e+002,1.113203e+002
5.447919e+002,1.112682e+002
5.452740e+002,1.111818e+002
5.457561e+002,1.111243e+002
5.462383e+002,1.110561e+002
5.467203e+002,1.109756e+002
5.472025e+002,1.109016e+002
5.476846e+002,1.108387e+002
5.481667e+002,1.107907e+002
5.486488e+002,1.107634e+002
5.491310e+002,1.107508e+002
5.496130e+002,1.107462e+002
5.500952e+002,1.107490e+002
5.505773e+002,1.107563e+002
5.510594e+002,1.107624e+002
5.515415e+002,1.107609e+002
5.520237e+002,1.107180e+002
5.525057e+002,1.106194e+002
5.529879e+002,1.105320e+002
5.534700e+002,1.104349e+002
5.539521e+002,1.103271e+002
5.544342e+002,1.102357e+002
5.549164e+002,1.101809e+002
5.553985e+002,1.101660e+002
5.558806e+002,1.101840e+002
5.563627e+002,1.102258e+002
5.568448e+002,1.102573e+002
5.573270e+002,1.102560e+002
5.578091e+002,1.102096e+002
5.582912e+002,1.101189e+002
5.587733e+002,1.100116e+002
5.592554e+002,1.099089e+002
5.597375e+002,1.097745e+002
5.602197e+002,1.096557e+002
5.607018e+002,1.095610e+002
5.611839e+002,1.094823e+002
5.616660e+002,1.094242e+002
5.621481e+002,1.094083e+002
5.626302e+002,1.094266e+002
5.631124e+002,1.094586e+002
5.635945e+002,1.094920e+002
5.640766e+002,1.095137e+002
5.645587e+002,1.095140e+002
5.650408e+002,1.094899e+002
5.655229e+002,1.094473e+002
5.660051e+002,1.093979e+002
5.664872e+002,1.093556e+002
5.669693e+002,1.093299e+002
5.674514e+002,1.093222e+002
5.679335e+002,1.093253e+002
5.684156e+002,1.093822e+002
5.688978e+002,1.093655e+002
5.693799e+002,1.093423e+002
5.698620e+002,1.092831e+002
5.703441e+002,1.092112e+002
5.708262e+002,1.091481e+002
5.713083e+002,1.090959e+002
5.717905e+002,1.090585e+002
5.722726e+002,1.090331e+002
5.727547e+002,1.090258e+002
5.732368e+002,1.090032e+002
5.737189e+002,1.089730e+002
5.742010e+002,1.089344e+002
5.746832e+002,1.088904e+002
5.751653e+002,1.088451e+002
5.756474e+002,1.088018e+002
5.761295e+002,1.087611e+002
5.766116e+002,1.087214e+002
5.770938e+002,1.086794e+002
5.775759e+002,1.086317e+002
5.780580e+002,1.085756e+002
5.785401e+002,1.085097e+002
5.790222e+002,1.084344e+002
5.795043e+002,1.083523e+002
5.799865e+002,1.082679e+002
5.804686e+002,1.081877e+002
5.809507e+002,1.081180e+002
5.814328e+002,1.080627e+002
5.819149e+002,1.080215e+002
5.823970e+002,1.079879e+002
5.828792e+002,1.079505e+002
5.833613e+002,1.078952e+002
5.838434e+002,1.078094e+002
5.843255e+002,1.076848e+002
5.848076e+002,1.075193e+002
5.852897e+002,1.073144e+002
5.857719e+002,1.070717e+002
5.862540e+002,1.067868e+002
5.867361e+002,1.064466e+002
5.872182e+002,1.060304e+002
5.877003e+002,1.055124e+002
5.881824e+002,1.048743e+002
5.886646e+002,1.041146e+002
5.891467e+002,1.032577e+002
5.896288e+002,1.023578e+002
5.901109e+002,1.014955e+002
5.905930e+002,1.007667e+002
5.910751e+002,1.002642e+002
5.915573e+002,1.000571e+002
5.920394e+002,1.001718e+002
5.925215e+002,1.005841e+002
5.930036e+002,1.012241e+002
5.934857e+002,1.019931e+002
5.939678e+002,1.027861e+002
5.944500e+002,1.035143e+002
5.949321e+002,1.041194e+002
5.954142e+002,1.045798e+002
5.958963e+002,1.049069e+002
5.963784e+002,1.051336e+002
5.968605e+002,1.053002e+002
5.973427e+002,1.054411e+002
5.978248e+002,1.055775e+002
5.983069e+002,1.057159e+002
5.987890e+002,1.058516e+002
5.992711e+002,1.059749e+002
5.997532e+002,1.060753e+002
6.002354e+002,1.061441e+002
6.007175e+002,1.061723e+002
6.011996e+002,1.061494e+002
6.016817e+002,1.060625e+002
6.021638e+002,1.058990e+002
6.026459e+002,1.056520e+002
6.031281e+002,1.053272e+002
6.036102e+002,1.049464e+002
6.040923e+002,1.045471e+002
6.045744e+002,1.041765e+002
6.050565e+002,1.038819e+002
6.055386e+002,1.036998e+002
6.060208e+002,1.036491e+002
6.065029e+002,1.037284e+002
6.069850e+002,1.039184e+002
6.074671e+002,1.041890e+002
6.079492e+002,1.045061e+002
6.084313e+002,1.048375e+002
6.089135e+002,1.051571e+002
6.093956e+002,1.054458e+002
6.098777e+002,1.056920e+002
6.103598e+002,1.058907e+002
6.108419e+002,1.060428e+002
6.113240e+002,1.061536e+002
6.118062e+002,1.062306e+002
6.122883e+002,1.062820e+002
6.127704e+002,1.063141e+002
6.132525e+002,1.063314e+002
6.137346e+002,1.063364e+002
6.142167e+002,1.063318e+002
6.146989e+002,1.063216e+002
6.151810e+002,1.063119e+002
6.156631e+002,1.063095e+002
6.161452e+002,1.063191e+002
6.166273e+002,1.063411e+002
6.171094e+002,1.063703e+002
6.175916e+002,1.063978e+002
6.180737e+002,1.064139e+002
6.185558e+002,1.064135e+002
6.190379e+002,1.063976e+002
6.195200e+002,1.063734e+002
6.200021e+002,1.063509e+002
6.204843e+002,1.063398e+002
6.209664e+002,1.063451e+002
6.214485e+002,1.063669e+002
6.219306e+002,1.064016e+002
6.224127e+002,1.064444e+002
6.228948e+002,1.064923e+002
6.233770e+002,1.065452e+002
6.238591e+002,1.066045e+002
6.243412e+002,1.066706e+002
6.248233e+002,1.067405e+002
6.253054e+002,1.068075e+002
6.257875e+002,1.068628e+002
6.262697e+002,1.068989e+002
6.267518e+002,1.069125e+002
6.272339e+002,1.069054e+002
6.277160e+002,1.068834e+002
6.281981e+002,1.068531e+002
6.286802e+002,1.068194e+002
6.291624e+002,1.067840e+002
6.296445e+002,1.067462e+002
6.301266e+002,1.067063e+002
6.306087e+002,1.066669e+002
6.310908e+002,1.066349e+002
6.315729e+002,1.066189e+002
6.320551e+002,1.066267e+002
6.325372e+002,1.066617e+002
6.330193e+002,1.067208e+002
6.335014e+002,1.067958e+002
6.339835e+002,1.068757e+002
6.344656e+002,1.069505e+002
6.349478e+002,1.070136e+002
6.354299e+002,1.070626e+002
6.359120e+002,1.070976e+002
6.363941e+002,1.071192e+002
6.368762e+002,1.071275e+002
6.373583e+002,1.071224e+002
6.378405e+002,1.071051e+002
6.383226e+002,1.070796e+002
6.388047e+002,1.070530e+002
6.392868e+002,1.070336e+002
6.397689e+002,1.070274e+002
6.402510e+002,1.070354e+002
6.407332e+002,1.070520e+002
6.412153e+002,1.070672e+002
6.416974e+002,1.070704e+002
6.421795e+002,1.070546e+002
6.426616e+002,1.070199e+002
6.431437e+002,1.069722e+002
6.436259e+002,1.069214e+002
6.441080e+002,1.068764e+002
6.445901e+002,1.068421e+002
6.450722e+002,1.068176e+002
6.455543e+002,1.067986e+002
6.460364e+002,1.067802e+002
6.465186e+002,1.067603e+002
6.470007e+002,1.067410e+002
6.474828e+002,1.067278e+002
6.479649e+002,1.067266e+002
6.484470e+002,1.067416e+002
6.489291e+002,1.067726e+002
6.494113e+002,1.068156e+002
6.498934e+002,1.068641e+002
6.503755e+002,1.069109e+002
6.508576e+002,1.069499e+002
6.513397e+002,1.069760e+002
6.518218e+002,1.069864e+002
6.523040e+002,1.069799e+002
6.527861e+002,1.069582e+002
6.532682e+002,1.069262e+002
6.537503e+002,1.068914e+002
6.542324e+002,1.068632e+002
6.547145e+002,1.068496e+002
6.551967e+002,1.068545e+002
6.556788e+002,1.068753e+002
6.561609e+002,1.069030e+002
6.566430e+002,1.069245e+002
6.571251e+002,1.069276e+002
6.576072e+002,1.069044e+002
6.580894e+002,1.068545e+002
6.585715e+002,1.067839e+002
6.590536e+002,1.067020e+002
6.595357e+002,1.066178e+002
6.600178e+002,1.065361e+002
6.604999e+002,1.064572e+002
6.609821e+002,1.063781e+002
6.614642e+002,1.062959e+002
6.619463e+002,1.062095e+002
6.624284e+002,1.061204e+002
6.629105e+002,1.060301e+002
6.633926e+002,1.059378e+002
6.638748e+002,1.058377e+002
6.643569e+002,1.057197e+002
6.648390e+002,1.055707e+002
6.653211e+002,1.053780e+002
6.658032e+002,1.051327e+002
6.662853e+002,1.048346e+002
6.667675e+002,1.044974e+002
6.672496e+002,1.041516e+002
6.677317e+002,1.038370e+002
6.682138e+002,1.035785e+002
6.686959e+002,1.033686e+002
6.691780e+002,1.031771e+002
6.696602e+002,1.029693e+002
6.701423e+002,1.027089e+002
6.706244e+002,1.023576e+002
6.711065e+002,1.018762e+002
6.715886e+002,1.012286e+002
6.720707e+002,1.003892e+002
6.725529e+002,9.935359e+001
6.730350e+002,9.814953e+001
6.735171e+002,9.684254e+001
6.739992e+002,9.553159e+001
6.744813e+002,9.433675e+001
6.749634e+002,9.338243e+001
6.754456e+002,9.277954e+001
6.759277e+002,9.260729e+001
6.764098e+002,9.289765e+001
6.768919e+002,9.362739e+001
6.773740e+002,9.472268e+001
6.778561e+002,9.607568e+001
6.783383e+002,9.756638e+001
6.788204e+002,9.908127e+001
6.793025e+002,1.005245e+002
6.797846e+002,1.018228e+002
6.802667e+002,1.029275e+002
6.807488e+002,1.038158e+002
6.812310e+002,1.044909e+002
6.817131e+002,1.049788e+002
6.821952e+002,1.053215e+002
6.826773e+002,1.055671e+002
6.831594e+002,1.057606e+002
6.836415e+002,1.059352e+002
6.841237e+002,1.061086e+002
6.846058e+002,1.062826e+002
6.850879e+002,1.064462e+002
6.855700e+002,1.065809e+002
6.860521e+002,1.066654e+002
6.865342e+002,1.066794e+002
6.870164e+002,1.066053e+002
6.874985e+002,1.064305e+002
6.879806e+002,1.061496e+002
6.884627e+002,1.057677e+002
6.889448e+002,1.053036e+002
6.894269e+002,1.047908e+002
6.899091e+002,1.042761e+002
6.903912e+002,1.038151e+002
6.908733e+002,1.034646e+002
6.913554e+002,1.032727e+002
6.918375e+002,1.032687e+002
6.923196e+002,1.034563e+002
6.928018e+002,1.038112e+002
6.932839e+002,1.042865e+002
6.937660e+002,1.048230e+002
6.942481e+002,1.053611e+002
6.947302e+002,1.058515e+002
6.952123e+002,1.062616e+002
6.956945e+002,1.065773e+002
6.961766e+002,1.068014e+002
6.966587e+002,1.069482e+002
6.971408e+002,1.070378e+002
6.976229e+002,1.070900e+002
6.981050e+002,1.071217e+002
6.985872e+002,1.071448e+002
6.990693e+002,1.071668e+002
6.995514e+002,1.071918e+002
7.000335e+002,1.072214e+002
7.005156e+002,1.072559e+002
7.009977e+002,1.072944e+002
7.014799e+002,1.073351e+002
7.019620e+002,1.073761e+002
7.024441e+002,1.074156e+002
7.029262e+002,1.074528e+002
7.034083e+002,1.074886e+002
7.038904e+002,1.075247e+002
7.043726e+002,1.075636e+002
7.048547e+002,1.076067e+002
7.053368e+002,1.076533e+002
7.058189e+002,1.077002e+002
7.063010e+002,1.077419e+002
7.067831e+002,1.077722e+002
7.072653e+002,1.077860e+002
7.077474e+002,1.077810e+002
7.082295e+002,1.077588e+002
7.087116e+002,1.077234e+002
7.091937e+002,1.076811e+002
7.096759e+002,1.076383e+002
7.101580e+002,1.076007e+002
7.106401e+002,1.075727e+002
7.111222e+002,1.075578e+002
7.116044e+002,1.075583e+002
7.120864e+002,1.075754e+002
7.125686e+002,1.076080e+002
7.130507e+002,1.076529e+002
7.135328e+002,1.077041e+002
7.140149e+002,1.077538e+002
7.144971e+002,1.077938e+002
7.149791e+002,1.078184e+002
7.154613e+002,1.078254e+002
7.159434e+002,1.078177e+002
7.164255e+002,1.078015e+002
7.169076e+002,1.077847e+002
7.173898e+002,1.077736e+002
7.178718e+002,1.077716e+002
7.183540e+002,1.077782e+002
7.188361e+002,1.077901e+002
7.193182e+002,1.078032e+002
7.198003e+002,1.078147e+002
7.202825e+002,1.078240e+002
7.207645e+002,1.078332e+002
7.212467e+002,1.078450e+002
7.217288e+002,1.078610e+002
7.222109e+002,1.078802e+002
7.226930e+002,1.078992e+002
7.231752e+002,1.079132e+002
7.236572e+002,1.079178e+002
7.241394e+002,1.079113e+002
7.246215e+002,1.078945e+002
7.251036e+002,1.078711e+002
7.255857e+002,1.078461e+002
7.260679e+002,1.078240e+002
7.265499e+002,1.078080e+002
7.270321e+002,1.077993e+002
7.275142e+002,1.077971e+002
7.279963e+002,1.077996e+002
7.284784e+002,1.078039e+002
7.289606e+002,1.078071e+002
7.294426e+002,1.078063e+002
7.299248e+002,1.077989e+002
7.304069e+002,1.077826e+002
7.308890e+002,1.077555e+002
7.313711e+002,1.077171e+002
7.318533e+002,1.076676e+002
7.323353e+002,1.076081e+002
7.328175e+002,1.075401e+002
7.332996e+002,1.074650e+002
7.337817e+002,1.073837e+002
7.342638e+002,1.072968e+002
7.347460e+002,1.072050e+002
7.352280e+002,1.071097e+002
7.357102e+002,1.070137e+002
7.361923e+002,1.069217e+002
7.366744e+002,1.068395e+002
7.371565e+002,1.067739e+002
7.376387e+002,1.067305e+002
7.381207e+002,1.067126e+002
7.386029e+002,1.067204e+002
7.390850e+002,1.067500e+002
7.395671e+002,1.067949e+002
7.400492e+002,1.068469e+002
7.405314e+002,1.068983e+002
7.410134e+002,1.069430e+002
7.414956e+002,1.069783e+002
7.419777e+002,1.070043e+002
7.424598e+002,1.070234e+002
7.429419e+002,1.070393e+002
7.434241e+002,1.070556e+002
7.439061e+002,1.070742e+002
7.443883e+002,1.070961e+002
7.448704e+002,1.071207e+002
7.453525e+002,1.071472e+002
7.458346e+002,1.071755e+002
7.463168e+002,1.072061e+002
7.467988e+002,1.072403e+002
7.472810e+002,1.072796e+002
7.477631e+002,1.073244e+002
7.482452e+002,1.073732e+002
7.487273e+002,1.074223e+002
7.492095e+002,1.074666e+002
7.496915e+002,1.075003e+002
7.501737e+002,1.075188e+002
7.506558e+002,1.075201e+002
7.511379e+002,1.075057e+002
7.516200e+002,1.074801e+002
7.521022e+002,1.074494e+002
7.525842e+002,1.074198e+002
7.530664e+002,1.073955e+002
7.535485e+002,1.073770e+002
7.540306e+002,1.073619e+002
7.545127e+002,1.073454e+002
7.549949e+002,1.073223e+002
7.554769e+002,1.072894e+002
7.559591e+002,1.072463e+002
7.564412e+002,1.071960e+002
7.569233e+002,1.071427e+002
7.574054e+002,1.070908e+002
7.578876e+002,1.070429e+002
7.583696e+002,1.069992e+002
7.588518e+002,1.069577e+002
7.593339e+002,1.069148e+002
7.598160e+002,1.068653e+002
7.602981e+002,1.068009e+002
7.607803e+002,1.067070e+002
7.612623e+002,1.065605e+002
7.617445e+002,1.063295e+002
7.622266e+002,1.059785e+002
7.627087e+002,1.054774e+002
7.631908e+002,1.048148e+002
7.636730e+002,1.040110e+002
7.641550e+002,1.031246e+002
7.646372e+002,1.022497e+002
7.651193e+002,1.015011e+002
7.656014e+002,1.009898e+002
7.660835e+002,1.007968e+002
7.665657e+002,1.009534e+002
7.670477e+002,1.014334e+002
7.675299e+002,1.021608e+002
7.680120e+002,1.030287e+002
7.684941e+002,1.039242e+002
7.689762e+002,1.047520e+002
7.694584e+002,1.054501e+002
7.699404e+002,1.059954e+002
7.704226e+002,1.063964e+002
7.709047e+002,1.066806e+002
7.713868e+002,1.068801e+002
7.718689e+002,1.070218e+002
7.723511e+002,1.071233e+002
7.728331e+002,1.071943e+002
7.733153e+002,1.072408e+002
7.737974e+002,1.072680e+002
7.742795e+002,1.072816e+002
7.747616e+002,1.072870e+002
7.752438e+002,1.072871e+002
7.757258e+002,1.072820e+002
7.762080e+002,1.072695e+002
7.766901e+002,1.072478e+002
7.771722e+002,1.072174e+002
7.776543e+002,1.071823e+002
7.781365e+002,1.071485e+002
7.786185e+002,1.071226e+002
7.791007e+002,1.071090e+002
7.795828e+002,1.071087e+002
7.800649e+002,1.071196e+002
7.805470e+002,1.071381e+002
7.810292e+002,1.071600e+002
7.815112e+002,1.071815e+002
7.819934e+002,1.071989e+002
7.824755e+002,1.072076e+002
7.829576e+002,1.072026e+002
7.834397e+002,1.071791e+002
7.839219e+002,1.071346e+002
7.844039e+002,1.070712e+002
7.848861e+002,1.069954e+002
7.853682e+002,1.069170e+002
7.858503e+002,1.068455e+002
7.863324e+002,1.067860e+002
7.868146e+002,1.067373e+002
7.872966e+002,1.066927e+002
7.877788e+002,1.066425e+002
7.882609e+002,1.065790e+002
7.887430e+002,1.065004e+002
7.892251e+002,1.064109e+002
7.897073e+002,1.063194e+002
7.901893e+002,1.062351e+002
7.906715e+002,1.061630e+002
7.911536e+002,1.061016e+002
7.916357e+002,1.060436e+002
7.921178e+002,1.059791e+002
7.926000e+002,1.058992e+002
7.930820e+002,1.057985e+002
7.935642e+002,1.056760e+002
7.940463e+002,1.055327e+002
7.945284e+002,1.053691e+002
7.950105e+002,1.051832e+002
7.954927e+002,1.049708e+002
7.959747e+002,1.047273e+002
7.964569e+002,1.044510e+002
7.969390e+002,1.041448e+002
7.974211e+002,1.038170e+002
7.979032e+002,1.034790e+002
7.983854e+002,1.031427e+002
7.988674e+002,1.028178e+002
7.993496e+002,1.025100e+002
7.998317e+002,1.022220e+002
8.003138e+002,1.019541e+002
8.007959e+002,1.017068e+002
8.012781e+002,1.014815e+002
8.017601e+002,1.012816e+002
8.022423e+002,1.011114e+002
8.027244e+002,1.009762e+002
8.032065e+002,1.008809e+002
8.036886e+002,1.008308e+002
8.041708e+002,1.008309e+002
8.046528e+002,1.008859e+002
8.051350e+002,1.009992e+002
8.056171e+002,1.011723e+002
8.060992e+002,1.014027e+002
8.065813e+002,1.016840e+002
8.070635e+002,1.020054e+002
8.075455e+002,1.023538e+002
8.080277e+002,1.027156e+002
8.085098e+002,1.030786e+002
8.089919e+002,1.034330e+002
8.094740e+002,1.037716e+002
8.099562e+002,1.040890e+002
8.104382e+002,1.043811e+002
8.109204e+002,1.046452e+002
8.114025e+002,1.048806e+002
8.118846e+002,1.050889e+002
8.123667e+002,1.052740e+002
8.128489e+002,1.054401e+002
8.133309e+002,1.055903e+002
8.138131e+002,1.057244e+002
8.142952e+002,1.058388e+002
8.147773e+002,1.059281e+002
8.152594e+002,1.059879e+002
8.157416e+002,1.060179e+002
8.162236e+002,1.060230e+002
8.167058e+002,1.060128e+002
8.171879e+002,1.059994e+002
8.176700e+002,1.059932e+002
8.181521e+002,1.060002e+002
8.186343e+002,1.060209e+002
8.191163e+002,1.060513e+002
8.195985e+002,1.060852e+002
8.200806e+002,1.061167e+002
8.205627e+002,1.061426e+002
8.210448e+002,1.061618e+002
8.215270e+002,1.061752e+002
8.220090e+002,1.061835e+002
8.224912e+002,1.061866e+002
8.229733e+002,1.061829e+002
8.234554e+002,1.061705e+002
8.239375e+002,1.061482e+002
8.244197e+002,1.061163e+002
8.249017e+002,1.060771e+002
8.253839e+002,1.060347e+002
8.258660e+002,1.059939e+002
8.263481e+002,1.059589e+002
8.268302e+002,1.059330e+002
8.273124e+002,1.059172e+002
8.277944e+002,1.059106e+002
8.282766e+002,1.059100e+002
8.287587e+002,1.059110e+002
8.292408e+002,1.059094e+002
8.297229e+002,1.059019e+002
8.302051e+002,1.058879e+002
8.306871e+002,1.058701e+002
8.311693e+002,1.058532e+002
8.316514e+002,1.058434e+002
8.321335e+002,1.058457e+002
8.326157e+002,1.058624e+002
8.330978e+002,1.058929e+002
8.335799e+002,1.059343e+002
8.340620e+002,1.059825e+002
8.345441e+002,1.060346e+002
8.350262e+002,1.060892e+002
8.355084e+002,1.061468e+002
8.359905e+002,1.062074e+002
8.364726e+002,1.062699e+002
8.369547e+002,1.063303e+002
8.374368e+002,1.063833e+002
8.379189e+002,1.064234e+002
8.384011e+002,1.064479e+002
8.388832e+002,1.064577e+002
8.393653e+002,1.064582e+002
8.398474e+002,1.064565e+002
8.403295e+002,1.064593e+002
8.408116e+002,1.064702e+002
8.412938e+002,1.064895e+002
8.417759e+002,1.065144e+002
8.422580e+002,1.065419e+002
8.427401e+002,1.065699e+002
8.432222e+002,1.065989e+002
8.437043e+002,1.066309e+002
8.441865e+002,1.066679e+002
8.446686e+002,1.067106e+002
8.451507e+002,1.067574e+002
8.456328e+002,1.068053e+002
8.461149e+002,1.068514e+002
8.465970e+002,1.068949e+002
8.470792e+002,1.069369e+002
8.475613e+002,1.069800e+002
8.480434e+002,1.070262e+002
8.485255e+002,1.070752e+002
8.490076e+002,1.071245e+002
8.494897e+002,1.071702e+002
8.499719e+002,1.072091e+002
8.504540e+002,1.072409e+002
8.509361e+002,1.072688e+002
8.514182e+002,1.072974e+002
8.519003e+002,1.073306e+002
8.523824e+002,1.073681e+002
8.528646e+002,1.074031e+002
8.533467e+002,1.074225e+002
8.538288e+002,1.074087e+002
8.543109e+002,1.073422e+002
8.547930e+002,1.072043e+002
8.552751e+002,1.069798e+002
8.557573e+002,1.066593e+002
8.562394e+002,1.062413e+002
8.567215e+002,1.057354e+002
8.572036e+002,1.051651e+002
8.576857e+002,1.045694e+002
8.581678e+002,1.040004e+002
8.586500e+002,1.035170e+002
8.591321e+002,1.031752e+002
8.596142e+002,1.030182e+002
8.600963e+002,1.030682e+002
8.605784e+002,1.033235e+002
8.610605e+002,1.037595e+002
8.615427e+002,1.043353e+002
8.620248e+002,1.050016e+002
8.625069e+002,1.057091e+002
8.629890e+002,1.064150e+002
8.634711e+002,1.070849e+002
8.639532e+002,1.076930e+002
8.644354e+002,1.082201e+002
8.649175e+002,1.086522e+002
8.653996e+002,1.089799e+002
8.658817e+002,1.091991e+002
8.663638e+002,1.093103e+002
8.668459e+002,1.093181e+002
8.673281e+002,1.092294e+002
8.678102e+002,1.090523e+002
8.682923e+002,1.087966e+002
8.687744e+002,1.084766e+002
8.692565e+002,1.081137e+002
8.697386e+002,1.077396e+002
8.702208e+002,1.073951e+002
8.707029e+002,1.071267e+002
8.711850e+002,1.069789e+002
8.716671e+002,1.069864e+002
8.721492e+002,1.071669e+002
8.726313e+002,1.075176e+002
8.731135e+002,1.080159e+002
8.735956e+002,1.086246e+002
8.740777e+002,1.092993e+002
8.745598e+002,1.099962e+002
8.750419e+002,1.106779e+002
8.755240e+002,1.113153e+002
8.760062e+002,1.118889e+002
8.764883e+002,1.123876e+002
8.769704e+002,1.128081e+002
8.774525e+002,1.131538e+002
8.779346e+002,1.134339e+002
8.784167e+002,1.136606e+002
8.788989e+002,1.138466e+002
8.793810e+002,1.140025e+002
8.798631e+002,1.141351e+002
8.803452e+002,1.142482e+002
8.808273e+002,1.143436e+002
8.813094e+002,1.144236e+002
8.817916e+002,1.144912e+002
8.822737e+002,1.145505e+002
8.827558e+002,1.146046e+002
8.832379e+002,1.146543e+002
8.837200e+002,1.146971e+002
8.842021e+002,1.147286e+002
8.846843e+002,1.147442e+002
8.851664e+002,1.147419e+002
8.856485e+002,1.147232e+002
8.861306e+002,1.146926e+002
8.866127e+002,1.146560e+002
8.870948e+002,1.146176e+002
8.875770e+002,1.145790e+002
8.880591e+002,1.145393e+002
8.885412e+002,1.144964e+002
8.890233e+002,1.144496e+002
8.895054e+002,1.144003e+002
8.899875e+002,1.143522e+002
8.904697e+002,1.143093e+002
8.909518e+002,1.142742e+002
8.914339e+002,1.142465e+002
8.919160e+002,1.142232e+002
8.923981e+002,1.142001e+002
8.928802e+002,1.141737e+002
8.933624e+002,1.141431e+002
8.938445e+002,1.141093e+002
8.943266e+002,1.140748e+002
8.948087e+002,1.140414e+002
8.952908e+002,1.140092e+002
8.957729e+002,1.139769e+002
8.962551e+002,1.139423e+002
8.967372e+002,1.139042e+002
8.972193e+002,1.138630e+002
8.977014e+002,1.138203e+002
8.981835e+002,1.137780e+002
8.986656e+002,1.137366e+002
8.991478e+002,1.136947e+002
8.996299e+002,1.136491e+002
9.001120e+002,1.135965e+002
9.005941e+002,1.135353e+002
9.010762e+002,1.134661e+002
9.015583e+002,1.133919e+002
9.020405e+002,1.133166e+002
9.025226e+002,1.132438e+002
9.030047e+002,1.131754e+002
9.034868e+002,1.131117e+002
9.039689e+002,1.130522e+002
9.044510e+002,1.129964e+002
9.049332e+002,1.129438e+002
9.054153e+002,1.128936e+002
9.058974e+002,1.128439e+002
9.063795e+002,1.127904e+002
9.068616e+002,1.127275e+002
9.073438e+002,1.126496e+002
9.078259e+002,1.125533e+002
9.083080e+002,1.124395e+002
9.087901e+002,1.123135e+002
9.092722e+002,1.121840e+002
9.097543e+002,1.120597e+002
9.102365e+002,1.119466e+002
9.107186e+002,1.118458e+002
9.112007e+002,1.117532e+002
9.116828e+002,1.116608e+002
9.121649e+002,1.115594e+002
9.126470e+002,1.114402e+002
9.131292e+002,1.112973e+002
9.136113e+002,1.111277e+002
9.140934e+002,1.109307e+002
9.145755e+002,1.107074e+002
9.150576e+002,1.104598e+002
9.155397e+002,1.101896e+002
9.160219e+002,1.098979e+002
9.165040e+002,1.095838e+002
9.169861e+002,1.092444e+002
9.174682e+002,1.088745e+002
9.179503e+002,1.084677e+002
9.184324e+002,1.080188e+002
9.189146e+002,1.075260e+002
9.193967e+002,1.069931e+002
9.198788e+002,1.064299e+002
9.203609e+002,1.058512e+002
9.208430e+002,1.052741e+002
9.213251e+002,1.047154e+002
9.218073e+002,1.041898e+002
9.222894e+002,1.037087e+002
9.227715e+002,1.032810e+002
9.232536e+002,1.029132e+002
9.237357e+002,1.026104e+002
9.242178e+002,1.023750e+002
9.247000e+002,1.022061e+002
9.251821e+002,1.020985e+002
9.256642e+002,1.020421e+002
9.261463e+002,1.020228e+002
9.266284e+002,1.020247e+002
9.271105e+002,1.020329e+002
9.275927e+002,1.020362e+002
9.280748e+002,1.020288e+002
9.285569e+002,1.020110e+002
9.290390e+002,1.019885e+002
9.295211e+002,1.019712e+002
9.300032e+002,1.019725e+002
9.304854e+002,1.020080e+002
9.309675e+002,1.020955e+002
9.314496e+002,1.022526e+002
9.319317e+002,1.024948e+002
9.324138e+002,1.028322e+002
9.328959e+002,1.032667e+002
9.333781e+002,1.037897e+002
9.338602e+002,1.043828e+002
9.343423e+002,1.050200e+002
9.348244e+002,1.056729e+002
9.353065e+002,1.063152e+002
9.357886e+002,1.069273e+002
9.362708e+002,1.074973e+002
9.367529e+002,1.080205e+002
9.372350e+002,1.084964e+002
9.377171e+002,1.089257e+002
9.381992e+002,1.093098e+002
9.386813e+002,1.096498e+002
9.391635e+002,1.099486e+002
9.396456e+002,1.102110e+002
9.401277e+002,1.104433e+002
9.406098e+002,1.106522e+002
9.410919e+002,1.108422e+002
9.415740e+002,1.110149e+002
9.420562e+002,1.111692e+002
9.425383e+002,1.113032e+002
9.430204e+002,1.114158e+002
9.435025e+002,1.115083e+002
9.439846e+002,1.115844e+002
9.444667e+002,1.116484e+002
9.449489e+002,1.117033e+002
9.454310e+002,1.117494e+002
9.459131e+002,1.117847e+002
9.463952e+002,1.118064e+002
9.468773e+002,1.118129e+002
9.473594e+002,1.118055e+002
9.478416e+002,1.117884e+002
9.483237e+002,1.117674e+002
9.488058e+002,1.117478e+002
9.492879e+002,1.117328e+002
9.497700e+002,1.117228e+002
9.502521e+002,1.117160e+002
9.507343e+002,1.117099e+002
9.512164e+002,1.117021e+002
9.516985e+002,1.116912e+002
9.521806e+002,1.116771e+002
9.526627e+002,1.116602e+002
9.531448e+002,1.116414e+002
9.536270e+002,1.116224e+002
9.541091e+002,1.116059e+002
9.545912e+002,1.115952e+002
9.550733e+002,1.115932e+002
9.555554e+002,1.116009e+002
9.560375e+002,1.116164e+002
9.565197e+002,1.116344e+002
9.570018e+002,1.116472e+002
9.574839e+002,1.116480e+002
9.579660e+002,1.116333e+002
9.584481e+002,1.116048e+002
9.589302e+002,1.115691e+002
9.594124e+002,1.115351e+002
9.598945e+002,1.115105e+002
9.603766e+002,1.114990e+002
9.608587e+002,1.114992e+002
9.613408e+002,1.115060e+002
9.618229e+002,1.115136e+002
9.623051e+002,1.115182e+002
9.627872e+002,1.115199e+002
9.632693e+002,1.115218e+002
9.637514e+002,1.115276e+002
9.642335e+002,1.115394e+002
9.647156e+002,1.115561e+002
9.651978e+002,1.115747e+002
9.656799e+002,1.115918e+002
9.661620e+002,1.116064e+002
9.666441e+002,1.116206e+002
9.671262e+002,1.116393e+002
9.676083e+002,1.116671e+002
9.680905e+002,1.117063e+002
9.685726e+002,1.117550e+002
9.690547e+002,1.118079e+002
9.695368e+002,1.118585e+002
9.700189e+002,1.119019e+002
9.705010e+002,1.119361e+002
9.709832e+002,1.119619e+002
9.714653e+002,1.119813e+002
9.719474e+002,1.119956e+002
9.724295e+002,1.120046e+002
9.729116e+002,1.120075e+002
9.733937e+002,1.120050e+002
9.738759e+002,1.120009e+002
9.743580e+002,1.120031e+002
9.748401e+002,1.120209e+002
9.753222e+002,1.120615e+002
9.758043e+002,1.121270e+002
9.762864e+002,1.122126e+002
9.767686e+002,1.123079e+002
9.772507e+002,1.124004e+002
9.777328e+002,1.124804e+002
9.782149e+002,1.125438e+002
9.786970e+002,1.125925e+002
9.791791e+002,1.126322e+002
9.796613e+002,1.126684e+002
9.801434e+002,1.127046e+002
9.806255e+002,1.127402e+002
9.811076e+002,1.127734e+002
9.815897e+002,1.128027e+002
9.820718e+002,1.128292e+002
9.825540e+002,1.128564e+002
9.830361e+002,1.128884e+002
9.835182e+002,1.129276e+002
9.840003e+002,1.129723e+002
9.844824e+002,1.130174e+002
9.849645e+002,1.130563e+002
9.854467e+002,1.130835e+002
9.859288e+002,1.130960e+002
9.864109e+002,1.130932e+002
9.868930e+002,1.130748e+002
9.873751e+002,1.130387e+002
9.878572e+002,1.129811e+002
9.883394e+002,1.128977e+002
9.888215e+002,1.127878e+002
9.893036e+002,1.126572e+002
9.897857e+002,1.125187e+002
9.902678e+002,1.123895e+002
9.907499e+002,1.122854e+002
9.912321e+002,1.122154e+002
9.917142e+002,1.121774e+002
9.921963e+002,1.121579e+002
9.926784e+002,1.121341e+002
9.931605e+002,1.120760e+002
9.936426e+002,1.119469e+002
9.941248e+002,1.117007e+002
9.946069e+002,1.112791e+002
9.950890e+002,1.106123e+002
9.955711e+002,1.096287e+002
9.960532e+002,1.082747e+002
9.965353e+002,1.065408e+002
9.970175e+002,1.044869e+002
9.974996e+002,1.022539e+002
9.979817e+002,1.000555e+002
9.984638e+002,9.814767e+001
9.989459e+002,9.678067e+001
9.994280e+002,9.614607e+001
9.999102e+002,9.633240e+001
1.000392e+003,9.730352e+001
1.000874e+003,9.890794e+001
1.001357e+003,1.009167e+002
1.001839e+003,1.030777e+002
1.002321e+003,1.051688e+002
1.002803e+003,1.070349e+002
1.003285e+003,1.086013e+002
1.003767e+003,1.098646e+002
1.004249e+003,1.108697e+002
1.004731e+003,1.116812e+002
1.005213e+003,1.123597e+002
1.005696e+003,1.129485e+002
1.006178e+003,1.134703e+002
1.006660e+003,1.139324e+002
1.007142e+003,1.143342e+002
1.007624e+003,1.146746e+002
1.008106e+003,1.149549e+002
1.008588e+003,1.151799e+002
1.009070e+003,1.153563e+002
1.009552e+003,1.154915e+002
1.010035e+003,1.155932e+002
1.010517e+003,1.156695e+002
1.010999e+003,1.157294e+002
1.011481e+003,1.157824e+002
1.011963e+003,1.158370e+002
1.012445e+003,1.158991e+002
1.012927e+003,1.159703e+002
1.013409e+003,1.160474e+002
1.013892e+003,1.161241e+002
1.014374e+003,1.161931e+002
1.014856e+003,1.162490e+002
1.015338e+003,1.162900e+002
1.015820e+003,1.163184e+002
1.016302e+003,1.163395e+002
1.016784e+003,1.163589e+002
1.017266e+003,1.163806e+002
1.017749e+003,1.164054e+002
1.018231e+003,1.164308e+002
1.018713e+003,1.164523e+002
1.019195e+003,1.164655e+002
1.019677e+003,1.164678e+002
1.020159e+003,1.164594e+002
1.020641e+003,1.164425e+002
1.021123e+003,1.164198e+002
1.021605e+003,1.163926e+002
1.022088e+003,1.163603e+002
1.022570e+003,1.163208e+002
1.023052e+003,1.162717e+002
1.023534e+003,1.162125e+002
1.024016e+003,1.161455e+002
1.024498e+003,1.160759e+002
1.024980e+003,1.160102e+002
1.025462e+003,1.159536e+002
1.025945e+003,1.159084e+002
1.026427e+003,1.158734e+002
1.026909e+003,1.158444e+002
1.027391e+003,1.158167e+002
1.027873e+003,1.157869e+002
1.028355e+003,1.157543e+002
1.028837e+003,1.157209e+002
1.029319e+003,1.156893e+002
1.029802e+003,1.156616e+002
1.030284e+003,1.156373e+002
1.030766e+003,1.156134e+002
1.031248e+003,1.155856e+002
1.031730e+003,1.155500e+002
1.032212e+003,1.155049e+002
1.032694e+003,1.154516e+002
1.033176e+003,1.153939e+002
1.033658e+003,1.153363e+002
1.034141e+003,1.152829e+002
1.034623e+003,1.152354e+002
1.035105e+003,1.151937e+002
1.035587e+003,1.151558e+002
1.036069e+003,1.151190e+002
1.036551e+003,1.150808e+002
1.037033e+003,1.150394e+002
1.037515e+003,1.149939e+002
1.037997e+003,1.149443e+002
1.038479e+003,1.148912e+002
1.038962e+003,1.148361e+002
1.039444e+003,1.147804e+002
1.039926e+003,1.147256e+002
1.040408e+003,1.146717e+002
1.040890e+003,1.146171e+002
1.041372e+003,1.145588e+002
1.041854e+003,1.144928e+002
1.042336e+003,1.144155e+002
1.042819e+003,1.143260e+002
1.043301e+003,1.142263e+002
1.043783e+003,1.141219e+002
1.044265e+003,1.140199e+002
1.044747e+003,1.139271e+002
1.045229e+003,1.138476e+002
1.045711e+003,1.137817e+002
1.046193e+003,1.137259e+002
1.046676e+003,1.136741e+002
1.047158e+003,1.136193e+002
1.047640e+003,1.135563e+002
1.048122e+003,1.134817e+002
1.048604e+003,1.133950e+002
1.049086e+003,1.132977e+002
1.049568e+003,1.131932e+002
1.050050e+003,1.130858e+002
1.050532e+003,1.129809e+002
1.051015e+003,1.128841e+002
1.051497e+003,1.128006e+002
1.051979e+003,1.127337e+002
1.052461e+003,1.126839e+002
1.052943e+003,1.126482e+002
1.053425e+003,1.126209e+002
1.053907e+003,1.125951e+002
1.054389e+003,1.125655e+002
1.054872e+003,1.125300e+002
1.055354e+003,1.124913e+002
1.055836e+003,1.124555e+002
1.056318e+003,1.124299e+002
1.056800e+003,1.124200e+002
1.057282e+003,1.124272e+002
1.057764e+003,1.124482e+002
1.058246e+003,1.124760e+002
1.058729e+003,1.125022e+002
1.059211e+003,1.125202e+002
1.059693e+003,1.125266e+002
1.060175e+003,1.125223e+002
1.060657e+003,1.125107e+002
1.061139e+003,1.124964e+002
1.061621e+003,1.124831e+002
1.062103e+003,1.124725e+002
1.062585e+003,1.124644e+002
1.063068e+003,1.124569e+002
1.063550e+003,1.124474e+002
1.064032e+003,1.124330e+002
1.064514e+003,1.124109e+002
1.064996e+003,1.123779e+002
1.065478e+003,1.123312e+002
1.065960e+003,1.122679e+002
1.066442e+003,1.121862e+002
1.066924e+003,1.120853e+002
1.067406e+003,1.119660e+002
1.067889e+003,1.118302e+002
1.068371e+003,1.116808e+002
1.068853e+003,1.115214e+002
1.069335e+003,1.113561e+002
1.069817e+003,1.111891e+002
1.070299e+003,1.110245e+002
1.070781e+003,1.108648e+002
1.071263e+003,1.107103e+002
1.071746e+003,1.105571e+002
1.072228e+003,1.103965e+002
1.072710e+003,1.102155e+002
1.073192e+003,1.099982e+002
1.073674e+003,1.097287e+002
1.074156e+003,1.093943e+002
1.074638e+003,1.089882e+002
1.075120e+003,1.085108e+002
1.075603e+003,1.079700e+002
1.076085e+003,1.073794e+002
1.076567e+003,1.067567e+002
1.077049e+003,1.061224e+002
1.077531e+003,1.054985e+002
1.078013e+003,1.049076e+002
1.078495e+003,1.043735e+002
1.078977e+003,1.039201e+002
1.079459e+003,1.035705e+002
1.079942e+003,1.033458e+002
1.080424e+003,1.032610e+002
1.080906e+003,1.033232e+002
1.081388e+003,1.035286e+002
1.081870e+003,1.038633e+002
1.082352e+003,1.043060e+002
1.082834e+003,1.048332e+002
1.083316e+003,1.054238e+002
1.083799e+003,1.060624e+002
1.084281e+003,1.067401e+002
1.084763e+003,1.074520e+002
1.085245e+003,1.081940e+002
1.085727e+003,1.089587e+002
1.086209e+003,1.097335e+002
1.086691e+003,1.104996e+002
1.087173e+003,1.112343e+002
1.087656e+003,1.119133e+002
1.088138e+003,1.125154e+002
1.088620e+003,1.130258e+002
1.089102e+003,1.134385e+002
1.089584e+003,1.137577e+002
1.090066e+003,1.139951e+002
1.090548e+003,1.141665e+002
1.091030e+003,1.142868e+002
1.091512e+003,1.143674e+002
1.091995e+003,1.144138e+002
1.092477e+003,1.144276e+002
1.092959e+003,1.144084e+002
1.093441e+003,1.143572e+002
1.093923e+003,1.142774e+002
1.094405e+003,1.141753e+002
1.094887e+003,1.140591e+002
1.095369e+003,1.139359e+002
1.095851e+003,1.138112e+002
1.096333e+003,1.136877e+002
1.096816e+003,1.135658e+002
1.097298e+003,1.134448e+002
1.097780e+003,1.133232e+002
1.098262e+003,1.131999e+002
1.098744e+003,1.130734e+002
1.099226e+003,1.129421e+002
1.099708e+003,1.128039e+002
1.100190e+003,1.126568e+002
1.100673e+003,1.124990e+002
1.101155e+003,1.123302e+002
1.101637e+003,1.121515e+002
1.102119e+003,1.119655e+002
1.102601e+003,1.117756e+002
1.103083e+003,1.115853e+002
1.103565e+003,1.113978e+002
1.104047e+003,1.112150e+002
1.104530e+003,1.110376e+002
1.105012e+003,1.108644e+002
1.105494e+003,1.106927e+002
1.105976e+003,1.105182e+002
1.106458e+003,1.103360e+002
1.106940e+003,1.101416e+002
1.107422e+003,1.099321e+002
1.107904e+003,1.097070e+002
1.108386e+003,1.094681e+002
1.108869e+003,1.092188e+002
1.109351e+003,1.089622e+002
1.109833e+003,1.086989e+002
1.110315e+003,1.084262e+002
1.110797e+003,1.081376e+002
1.111279e+003,1.078238e+002
1.111761e+003,1.074751e+002
1.112243e+003,1.070821e+002
1.112726e+003,1.066376e+002
1.113208e+003,1.061355e+002
1.113690e+003,1.055702e+002
1.114172e+003,1.049350e+002
1.114654e+003,1.042229e+002
1.115136e+003,1.034275e+002
1.115618e+003,1.025476e+002
1.116100e+003,1.015903e+002
1.116583e+003,1.005759e+002
1.117065e+003,9.953900e+001
1.117547e+003,9.852830e+001
1.118029e+003,9.760220e+001
1.118511e+003,9.682201e+001
1.118993e+003,9.624237e+001
1.119475e+003,9.590103e+001
1.119957e+003,9.580993e+001
1.120439e+003,9.595070e+001
1.120922e+003,9.627629e+001
1.121404e+003,9.671898e+001
1.121886e+003,9.720213e+001
1.122368e+003,9.765279e+001
1.122850e+003,9.801177e+001
1.123332e+003,9.823947e+001
1.123814e+003,9.831673e+001
1.124296e+003,9.824178e+001
1.124778e+003,9.802438e+001
1.125260e+003,9.767983e+001
1.125743e+003,9.722443e+001
1.126225e+003,9.667349e+001
1.126707e+003,9.604158e+001
1.127189e+003,9.534389e+001
1.127671e+003,9.459727e+001
1.128153e+003,9.382014e+001
1.128635e+003,9.303163e+001
1.129117e+003,9.225019e+001
1.129600e+003,9.149270e+001
1.130082e+003,9.077441e+001
1.130564e+003,9.010914e+001
1.131046e+003,8.950927e+001
1.131528e+003,8.898535e+001
1.132010e+003,8.854523e+001
1.132492e+003,8.819354e+001
1.132974e+003,8.793174e+001
1.133457e+003,8.775900e+001
1.133939e+003,8.767317e+001
1.134421e+003,8.767149e+001
1.134903e+003,8.775036e+001
1.135385e+003,8.790475e+001
1.135867e+003,8.812742e+001
1.136349e+003,8.840905e+001
1.136831e+003,8.873899e+001
1.137313e+003,8.910671e+001
1.137796e+003,8.950300e+001
1.138278e+003,8.992071e+001
1.138760e+003,9.035460e+001
1.139242e+003,9.080064e+001
1.139724e+003,9.125526e+001
1.140206e+003,9.171495e+001
1.140688e+003,9.217620e+001
1.141170e+003,9.263596e+001
1.141653e+003,9.309190e+001
1.142135e+003,9.354241e+001
1.142617e+003,9.398647e+001
1.143099e+003,9.442289e+001
1.143581e+003,9.485007e+001
1.144063e+003,9.526582e+001
1.144545e+003,9.566762e+001
1.145027e+003,9.605305e+001
1.145510e+003,9.642036e+001
1.145992e+003,9.676861e+001
1.146474e+003,9.709775e+001
1.146956e+003,9.740828e+001
1.147438e+003,9.770071e+001
1.147920e+003,9.797512e+001
1.148402e+003,9.823080e+001
1.148884e+003,9.846635e+001
1.149366e+003,9.868015e+001
1.149849e+003,9.887094e+001
1.150331e+003,9.903838e+001
1.150813e+003,9.918356e+001
1.151295e+003,9.930868e+001
1.151777e+003,9.941677e+001
1.152259e+003,9.951070e+001
1.152741e+003,9.959276e+001
1.153223e+003,9.966412e+001
1.153705e+003,9.972523e+001
1.154188e+003,9.977612e+001
1.154670e+003,9.981686e+001
1.155152e+003,9.984768e+001
1.155634e+003,9.986881e+001
1.156116e+003,9.988007e+001
1.156598e+003,9.988030e+001
1.157080e+003,9.986734e+001
1.157562e+003,9.983826e+001
1.158044e+003,9.979003e+001
1.158527e+003,9.972037e+001
1.159009e+003,9.962828e+001
1.159491e+003,9.951434e+001
1.159973e+003,9.938034e+001
1.160455e+003,9.922884e+001
1.160937e+003,9.906258e+001
1.161419e+003,9.888394e+001
1.161901e+003,9.869463e+001
1.162384e+003,9.849527e+001
1.162866e+003,9.828531e+001
1.163348e+003,9.806279e+001
1.163830e+003,9.782454e+001
1.164312e+003,9.756667e+001
1.164794e+003,9.728538e+001
1.165276e+003,9.697787e+001
1.165758e+003,9.664288e+001
1.166240e+003,9.628071e+001
1.166723e+003,9.589266e+001
1.167205e+003,9.548012e+001
1.167687e+003,9.504363e+001
1.168169e+003,9.458263e+001
1.168651e+003,9.409553e+001
1.169133e+003,9.358036e+001
1.169615e+003,9.303560e+001
1.170097e+003,9.246046e+001
1.170580e+003,9.185482e+001
1.171062e+003,9.121891e+001
1.171544e+003,9.055305e+001
1.172026e+003,8.985770e+001
1.172508e+003,8.913418e+001
1.172990e+003,8.838520e+001
1.173472e+003,8.761534e+001
1.173954e+003,8.683118e+001
1.174437e+003,8.604060e+001
1.174919e+003,8.525253e+001
1.175401e+003,8.447659e+001
1.175883e+003,8.372389e+001
1.176365e+003,8.300758e+001
1.176847e+003,8.234354e+001
1.177329e+003,8.175005e+001
1.177811e+003,8.124641e+001
1.178293e+003,8.085109e+001
1.178776e+003,8.057981e+001
1.179258e+003,8.044427e+001
1.179740e+003,8.045169e+001
1.180222e+003,8.060448e+001
1.180704e+003,8.090025e+001
1.181186e+003,8.133134e+001
1.181668e+003,8.188504e+001
1.182150e+003,8.254449e+001
1.182632e+003,8.329066e+001
1.183115e+003,8.410450e+001
1.183597e+003,8.496891e+001
1.184079e+003,8.586903e+001
1.184561e+003,8.679305e+001
1.185043e+003,8.772591e+001
1.185525e+003,8.865321e+001
1.186007e+003,8.956020e+001
1.186489e+003,9.043332e+001
1.186971e+003,9.126187e+001
1.187454e+003,9.203920e+001
1.187936e+003,9.276310e+001
1.188418e+003,9.343521e+001
1.188900e+003,9.405993e+001
1.189382e+003,9.464330e+001
1.189864e+003,9.519228e+001
1.190346e+003,9.571387e+001
1.190828e+003,9.621482e+001
1.191311e+003,9.670099e+001
1.191793e+003,9.717679e+001
1.192275e+003,9.764459e+001
1.192757e+003,9.810458e+001
1.193239e+003,9.855489e+001
1.193721e+003,9.899242e+001
1.194203e+003,9.941362e+001
1.194685e+003,9.981523e+001
1.195167e+003,1.001949e+002
1.195650e+003,1.005514e+002
1.196132e+003,1.008845e+002
1.196614e+003,1.011954e+002
1.197096e+003,1.014859e+002
1.197578e+003,1.017588e+002
1.198060e+003,1.020170e+002
1.198542e+003,1.022629e+002
1.199024e+003,1.024981e+002
1.199507e+003,1.027225e+002
1.199989e+003,1.029354e+002
1.200471e+003,1.031353e+002
1.200953e+003,1.033216e+002
1.201435e+003,1.034939e+002
1.201917e+003,1.036532e+002
1.202399e+003,1.038003e+002
1.202881e+003,1.039360e+002
1.203364e+003,1.040607e+002
1.203846e+003,1.041743e+002
1.204328e+003,1.042776e+002
1.204810e+003,1.043727e+002
1.205292e+003,1.044635e+002
1.205774e+003,1.045547e+002
1.206256e+003,1.046506e+002
1.206738e+003,1.047539e+002
1.207220e+003,1.048643e+002
1.207703e+003,1.049790e+002
1.208185e+003,1.050937e+002
1.208667e+003,1.052047e+002
1.209149e+003,1.053097e+002
1.209631e+003,1.054087e+002
1.210113e+003,1.055031e+002
1.210595e+003,1.055947e+002
1.211077e+003,1.056848e+002
1.211559e+003,1.057734e+002
1.212042e+003,1.058597e+002
1.212524e+003,1.059434e+002
1.213006e+003,1.060252e+002
1.213488e+003,1.061073e+002
1.213970e+003,1.061919e+002
1.214452e+003,1.062807e+002
1.214934e+003,1.063734e+002
1.215416e+003,1.064673e+002
1.215898e+003,1.065584e+002
1.216381e+003,1.066426e+002
1.216863e+003,1.067167e+002
1.217345e+003,1.067798e+002
1.217827e+003,1.068321e+002
1.218309e+003,1.068748e+002
1.218791e+003,1.069083e+002
1.219273e+003,1.069324e+002
1.219755e+003,1.069461e+002
1.220238e+003,1.069488e+002
1.220720e+003,1.069410e+002
1.221202e+003,1.069246e+002
1.221684e+003,1.069026e+002
1.222166e+003,1.068785e+002
1.222648e+003,1.068561e+002
1.223130e+003,1.068388e+002
1.223612e+003,1.068307e+002
1.224094e+003,1.068368e+002
1.224577e+003,1.068630e+002
1.225059e+003,1.069149e+002
1.225541e+003,1.069966e+002
1.226023e+003,1.071090e+002
1.226505e+003,1.072494e+002
1.226987e+003,1.074114e+002
1.227469e+003,1.075871e+002
1.227951e+003,1.077692e+002
1.228434e+003,1.079527e+002
1.228916e+003,1.081358e+002
1.229398e+003,1.083190e+002
1.229880e+003,1.085038e+002
1.230362e+003,1.086902e+002
1.230844e+003,1.088766e+002
1.231326e+003,1.090594e+002
1.231808e+003,1.092347e+002
1.232291e+003,1.093999e+002
1.232773e+003,1.095546e+002
1.233255e+003,1.097001e+002
1.233737e+003,1.098390e+002
1.234219e+003,1.099734e+002
1.234701e+003,1.101041e+002
1.235183e+003,1.102307e+002
1.235665e+003,1.103522e+002
1.236147e+003,1.104678e+002
1.236630e+003,1.105776e+002
1.237112e+003,1.106819e+002
1.237594e+003,1.107813e+002
1.238076e+003,1.108755e+002
1.238558e+003,1.109635e+002
1.239040e+003,1.110446e+002
1.239522e+003,1.111188e+002
1.240004e+003,1.111881e+002
1.240486e+003,1.112560e+002
1.240969e+003,1.113267e+002
1.241451e+003,1.114035e+002
1.241933e+003,1.114883e+002
1.242415e+003,1.115809e+002
1.242897e+003,1.116801e+002
1.243379e+003,1.117844e+002
1.243861e+003,1.118924e+002
1.244343e+003,1.120036e+002
1.244825e+003,1.121165e+002
1.245308e+003,1.122286e+002
1.245790e+003,1.123360e+002
1.246272e+003,1.124341e+002
1.246754e+003,1.125195e+002
1.247236e+003,1.125915e+002
1.247718e+003,1.126529e+002
1.248200e+003,1.127092e+002
1.248682e+003,1.127666e+002
1.249165e+003,1.128292e+002
1.249647e+003,1.128976e+002
1.250129e+003,1.129684e+002
1.250611e+003,1.130360e+002
1.251093e+003,1.130948e+002
1.251575e+003,1.131407e+002
1.252057e+003,1.131723e+002
1.252539e+003,1.131896e+002
1.253021e+003,1.131931e+002
1.253504e+003,1.131826e+002
1.253986e+003,1.131574e+002
1.254468e+003,1.131177e+002
1.254950e+003,1.130660e+002
1.255432e+003,1.130079e+002
1.255914e+003,1.129512e+002
1.256396e+003,1.129036e+002
1.256878e+003,1.128697e+002
1.257361e+003,1.128494e+002
1.257843e+003,1.128385e+002
1.258325e+003,1.128299e+002
1.258807e+003,1.128173e+002
1.259289e+003,1.127971e+002
1.259771e+003,1.127694e+002
1.260253e+003,1.127362e+002
1.260735e+003,1.126994e+002
1.261218e+003,1.126584e+002
1.261700e+003,1.126100e+002
1.262182e+003,1.125493e+002
1.262664e+003,1.124721e+002
1.263146e+003,1.123761e+002
1.263628e+003,1.122610e+002
1.264110e+003,1.121268e+002
1.264592e+003,1.119714e+002
1.265074e+003,1.117883e+002
1.265557e+003,1.115668e+002
1.266039e+003,1.112930e+002
1.266521e+003,1.109524e+002
1.267003e+003,1.105321e+002
1.267485e+003,1.100223e+002
1.267967e+003,1.094168e+002
1.268449e+003,1.087149e+002
1.268931e+003,1.079223e+002
1.269414e+003,1.070549e+002
1.269896e+003,1.061407e+002
1.270378e+003,1.052212e+002
1.270860e+003,1.043477e+002
1.271342e+003,1.035747e+002
1.271824e+003,1.029511e+002
1.272306e+003,1.025123e+002
1.272788e+003,1.022752e+002
1.273271e+003,1.022374e+002
1.273753e+003,1.023803e+002
1.274235e+003,1.026743e+002
1.274717e+003,1.030844e+002
1.275199e+003,1.035752e+002
1.275681e+003,1.041135e+002
1.276163e+003,1.046691e+002
1.276645e+003,1.052149e+002
1.277127e+003,1.057271e+002
1.277609e+003,1.061867e+002
1.278092e+003,1.065804e+002
1.278574e+003,1.069021e+002
1.279056e+003,1.071530e+002
1.279538e+003,1.073388e+002
1.280020e+003,1.074670e+002
1.280502e+003,1.075439e+002
1.280984e+003,1.075725e+002
1.281466e+003,1.075534e+002
1.281948e+003,1.074857e+002
1.282431e+003,1.073690e+002
1.282913e+003,1.072045e+002
1.283395e+003,1.069939e+002
1.283877e+003,1.067388e+002
1.284359e+003,1.064394e+002
1.284841e+003,1.060947e+002
1.285323e+003,1.057039e+002
1.285805e+003,1.052681e+002
1.286288e+003,1.047923e+002
1.286770e+003,1.042848e+002
1.287252e+003,1.037569e+002
1.287734e+003,1.032212e+002
1.288216e+003,1.026896e+002
1.288698e+003,1.021738e+002
1.289180e+003,1.016853e+002
1.289662e+003,1.012363e+002
1.290145e+003,1.008397e+002
1.290627e+003,1.005083e+002
1.291109e+003,1.002532e+002
1.291591e+003,1.000814e+002
1.292073e+003,9.999497e+001
1.292555e+003,9.999033e+001
1.293037e+003,1.000598e+002
1.293519e+003,1.001936e+002
1.294001e+003,1.003816e+002
1.294484e+003,1.006148e+002
1.294966e+003,1.008857e+002
1.295448e+003,1.011870e+002
1.295930e+003,1.015109e+002
1.296412e+003,1.018492e+002
1.296894e+003,1.021934e+002
1.297376e+003,1.025365e+002
1.297858e+003,1.028741e+002
1.298341e+003,1.032049e+002
1.298823e+003,1.035292e+002
1.299305e+003,1.038468e+002
1.299787e+003,1.041558e+002
1.300269e+003,1.044511e+002
1.300751e+003,1.047263e+002
1.301233e+003,1.049753e+002
1.301715e+003,1.051944e+002
1.302198e+003,1.053836e+002
1.302680e+003,1.055453e+002
1.303162e+003,1.056828e+002
1.303644e+003,1.057978e+002
1.304126e+003,1.058899e+002
1.304608e+003,1.059573e+002
1.305090e+003,1.059986e+002
1.305572e+003,1.060149e+002
1.306054e+003,1.060100e+002
1.306536e+003,1.059899e+002
1.307019e+003,1.059603e+002
1.307501e+003,1.059248e+002
1.307983e+003,1.058837e+002
1.308465e+003,1.058347e+002
1.308947e+003,1.057746e+002
1.309429e+003,1.057008e+002
1.309911e+003,1.056136e+002
1.310393e+003,1.055151e+002
1.310875e+003,1.054094e+002
1.311358e+003,1.053007e+002
1.311840e+003,1.051933e+002
1.312322e+003,1.050908e+002
1.312804e+003,1.049961e+002
1.313286e+003,1.049112e+002
1.313768e+003,1.048363e+002
1.314250e+003,1.047685e+002
1.314732e+003,1.047023e+002
1.315215e+003,1.046298e+002
1.315697e+003,1.045431e+002
1.316179e+003,1.044369e+002
1.316661e+003,1.043115e+002
1.317143e+003,1.041726e+002
1.317625e+003,1.040304e+002
1.318107e+003,1.038960e+002
1.318589e+003,1.037774e+002
1.319072e+003,1.036769e+002
1.319554e+003,1.035907e+002
1.320036e+003,1.035114e+002
1.320518e+003,1.034315e+002
1.321000e+003,1.033456e+002
1.321482e+003,1.032520e+002
1.321964e+003,1.031512e+002
1.322446e+003,1.030440e+002
1.322928e+003,1.029299e+002
1.323411e+003,1.028066e+002
1.323893e+003,1.026715e+002
1.324375e+003,1.025238e+002
1.324857e+003,1.023661e+002
1.325339e+003,1.022041e+002
1.325821e+003,1.020450e+002
1.326303e+003,1.018941e+002
1.326785e+003,1.017530e+002
1.327268e+003,1.016188e+002
1.327750e+003,1.014848e+002
1.328232e+003,1.013432e+002
1.328714e+003,1.011873e+002
1.329196e+003,1.010121e+002
1.329678e+003,1.008147e+002
1.330160e+003,1.005925e+002
1.330642e+003,1.003427e+002
1.331125e+003,1.000617e+002
1.331607e+003,9.974678e+001
1.332089e+003,9.939732e+001
1.332571e+003,9.901563e+001
1.333053e+003,9.860619e+001
1.333535e+003,9.817339e+001
1.334017e+003,9.771902e+001
1.334499e+003,9.724053e+001
1.334981e+003,9.673066e+001
1.335464e+003,9.617880e+001
1.335946e+003,9.557288e+001
1.336428e+003,9.490118e+001
1.336910e+003,9.415337e+001
1.337392e+003,9.332113e+001
1.337874e+003,9.239939e+001
1.338356e+003,9.138869e+001
1.338838e+003,9.029858e+001
1.339320e+003,8.915034e+001
1.339802e+003,8.797636e+001
1.340285e+003,8.681548e+001
1.340767e+003,8.570667e+001
1.341249e+003,8.468359e+001
1.341731e+003,8.377328e+001
1.342213e+003,8.299754e+001
1.342695e+003,8.237549e+001
1.343177e+003,8.192487e+001
1.343659e+003,8.166055e+001
1.344142e+003,8.159100e+001
1.344624e+003,8.171477e+001
1.345106e+003,8.201814e+001
1.345588e+003,8.247649e+001
1.346070e+003,8.305782e+001
1.346552e+003,8.372854e+001
1.347034e+003,8.445877e+001
1.347516e+003,8.522760e+001
1.347999e+003,8.602615e+001
1.348481e+003,8.685862e+001
1.348963e+003,8.773933e+001
1.349445e+003,8.868666e+001
1.349927e+003,8.971459e+001
1.350409e+003,9.082444e+001
1.350891e+003,9.199983e+001
1.351373e+003,9.320700e+001
1.351855e+003,9.440069e+001
1.352338e+003,9.553402e+001
1.352820e+003,9.656847e+001
1.353302e+003,9.748040e+001
1.353784e+003,9.826305e+001
1.354266e+003,9.892345e+001
1.354748e+003,9.947705e+001
1.355230e+003,9.994179e+001
1.355712e+003,1.003337e+002
1.356195e+003,1.006643e+002
1.356677e+003,1.009409e+002
1.357159e+003,1.011666e+002
1.357641e+003,1.013423e+002
1.358123e+003,1.014679e+002
1.358605e+003,1.015438e+002
1.359087e+003,1.015728e+002
1.359569e+003,1.015608e+002
1.360052e+003,1.015176e+002
1.360534e+003,1.014564e+002
1.361016e+003,1.013931e+002
1.361498e+003,1.013438e+002
1.361980e+003,1.013226e+002
1.362462e+003,1.013376e+002
1.362944e+003,1.013888e+002
1.363426e+003,1.014671e+002
1.363908e+003,1.015577e+002
1.364391e+003,1.016456e+002
1.364873e+003,1.017184e+002
1.365355e+003,1.017684e+002
1.365837e+003,1.017916e+002
1.366319e+003,1.017874e+002
1.366801e+003,1.017595e+002
1.367283e+003,1.017161e+002
1.367765e+003,1.016688e+002
1.368247e+003,1.016297e+002
1.368729e+003,1.016065e+002
1.369212e+003,1.015989e+002
1.369694e+003,1.015981e+002
1.370176e+003,1.015894e+002
1.370658e+003,1.015573e+002
1.371140e+003,1.014910e+002
1.371622e+003,1.013886e+002
1.372104e+003,1.012589e+002
1.372586e+003,1.011209e+002
1.373069e+003,1.010003e+002
1.373551e+003,1.009232e+002
1.374033e+003,1.009076e+002
1.374515e+003,1.009563e+002
1.374997e+003,1.010559e+002
1.375479e+003,1.011831e+002
1.375961e+003,1.013132e+002
1.376443e+003,1.014276e+002
1.376926e+003,1.015149e+002
1.377408e+003,1.015701e+002
1.377890e+003,1.015925e+002
1.378372e+003,1.015845e+002
1.378854e+003,1.015525e+002
1.379336e+003,1.015054e+002
1.379818e+003,1.014541e+002
1.380300e+003,1.014082e+002
1.380782e+003,1.013745e+002
1.381265e+003,1.013540e+002
1.381747e+003,1.013426e+002
1.382229e+003,1.013321e+002
1.382711e+003,1.013136e+002
1.383193e+003,1.012813e+002
1.383675e+003,1.012353e+002
1.384157e+003,1.011815e+002
1.384639e+003,1.011308e+002
1.385122e+003,1.010951e+002
1.385604e+003,1.010851e+002
1.386086e+003,1.011070e+002
1.386568e+003,1.011598e+002
1.387050e+003,1.012326e+002
1.387532e+003,1.013063e+002
1.388014e+003,1.013600e+002
1.388496e+003,1.013786e+002
1.388979e+003,1.013588e+002
1.389461e+003,1.013086e+002
1.389943e+003,1.012427e+002
1.390425e+003,1.011765e+002
1.390907e+003,1.011212e+002
1.391389e+003,1.010803e+002
1.391871e+003,1.010493e+002
1.392353e+003,1.010175e+002
1.392835e+003,1.009724e+002
1.393318e+003,1.009052e+002
1.393800e+003,1.008156e+002
1.394282e+003,1.007118e+002
1.394764e+003,1.006067e+002
1.395246e+003,1.005101e+002
1.395728e+003,1.004256e+002
1.396210e+003,1.003521e+002
1.396692e+003,1.002886e+002
1.397174e+003,1.002375e+002
1.397656e+003,1.002058e+002
1.398139e+003,1.002034e+002
1.398621e+003,1.002378e+002
1.399103e+003,1.003073e+002
1.399585e+003,1.003973e+002
1.400067e+003,1.004821e+002
1.400549e+003,1.005345e+002
1.401031e+003,1.005345e+002
1.401513e+003,1.004732e+002
1.401996e+003,1.003509e+002
1.402478e+003,1.001746e+002
1.402960e+003,9.995544e+001
1.403442e+003,9.970848e+001
1.403924e+003,9.945286e+001
1.404406e+003,9.921036e+001
1.404888e+003,9.900176e+001
1.405370e+003,9.884220e+001
1.405853e+003,9.873765e+001
1.406335e+003,9.868413e+001
1.406817e+003,9.866957e+001
1.407299e+003,9.867712e+001
1.407781e+003,9.868920e+001
1.408263e+003,9.869152e+001
1.408745e+003,9.867671e+001
1.409227e+003,9.864577e+001
1.409709e+003,9.860661e+001
1.410192e+003,9.856895e+001
1.410674e+003,9.853755e+001
1.411156e+003,9.850700e+001
1.411638e+003,9.846065e+001
1.412120e+003,9.837521e+001
1.412602e+003,9.822818e+001
1.413084e+003,9.800560e+001
1.413566e+003,9.770640e+001
1.414049e+003,9.734229e+001
1.414531e+003,9.693323e+001
1.415013e+003,9.650083e+001
1.415495e+003,9.606221e+001
1.415977e+003,9.562653e+001
1.416459e+003,9.519460e+001
1.416941e+003,9.476191e+001
1.417423e+003,9.432306e+001
1.417906e+003,9.387527e+001
1.418388e+003,9.341696e+001
1.418870e+003,9.293952e+001
1.419352e+003,9.241805e+001
1.419834e+003,9.181286e+001
1.420316e+003,9.108364e+001
1.420798e+003,9.020375e+001
1.421280e+003,8.916208e+001
1.421762e+003,8.795404e+001
1.422245e+003,8.657266e+001
1.422727e+003,8.500835e+001
1.423209e+003,8.325875e+001
1.423691e+003,8.134283e+001
1.424173e+003,7.930747e+001
1.424655e+003,7.721890e+001
1.425137e+003,7.514278e+001
1.425619e+003,7.312732e+001
1.426101e+003,7.120006e+001
1.426584e+003,6.937663e+001
1.427066e+003,6.767310e+001
1.427548e+003,6.611392e+001
1.428030e+003,6.473137e+001
1.428512e+003,6.355566e+001
1.428994e+003,6.260127e+001
1.429476e+003,6.185881e+001
1.429958e+003,6.129894e+001
1.430441e+003,6.088649e+001
1.430923e+003,6.059439e+001
1.431405e+003,6.040850e+001
1.431887e+003,6.032235e+001
1.432369e+003,6.032870e+001
1.432851e+003,6.041508e+001
1.433333e+003,6.056709e+001
1.433815e+003,6.077763e+001
1.434297e+003,6.105840e+001
1.434780e+003,6.144889e+001
1.435262e+003,6.201653e+001
1.435744e+003,6.283593e+001
1.436226e+003,6.394274e+001
1.436708e+003,6.528687e+001
1.437190e+003,6.673535e+001
1.437672e+003,6.813838e+001
1.438154e+003,6.940203e+001
1.438636e+003,7.050945e+001
1.439119e+003,7.149401e+001
1.439601e+003,7.239973e+001
1.440083e+003,7.325422e+001
1.440565e+003,7.406018e+001
1.441047e+003,7.480257e+001
1.441529e+003,7.546521e+001
1.442011e+003,7.604729e+001
1.442493e+003,7.657108e+001
1.442976e+003,7.707685e+001
1.443458e+003,7.760950e+001
1.443940e+003,7.820551e+001
1.444422e+003,7.888725e+001
1.444904e+003,7.966643e+001
1.445386e+003,8.055274e+001
1.445868e+003,8.156093e+001
1.446350e+003,8.270917e+001
1.446833e+003,8.400605e+001
1.447315e+003,8.542935e+001
1.447797e+003,8.691113e+001
1.448279e+003,8.834548e+001
1.448761e+003,8.962402e+001
1.449243e+003,9.067815e+001
1.449725e+003,9.150085e+001
1.450207e+003,9.213747e+001
1.450689e+003,9.265820e+001
1.451172e+003,9.312970e+001
1.451654e+003,9.359679e+001
1.452136e+003,9.407706e+001
1.452618e+003,9.456732e+001
1.453100e+003,9.505568e+001
1.453582e+003,9.553178e+001
1.454064e+003,9.598934e+001
1.454546e+003,9.642104e+001
1.455028e+003,9.681203e+001
1.455511e+003,9.714063e+001
1.455993e+003,9.738959e+001
1.456475e+003,9.756286e+001
1.456957e+003,9.769064e+001
1.457439e+003,9.781384e+001
1.457921e+003,9.796296e+001
1.458403e+003,9.815194e+001
1.458885e+003,9.838246e+001
1.459368e+003,9.864572e+001
1.459850e+003,9.892198e+001
1.460332e+003,9.918368e+001
1.460814e+003,9.940334e+001
1.461296e+003,9.956210e+001
1.461778e+003,9.965442e+001
1.462260e+003,9.968713e+001
1.462742e+003,9.967442e+001
1.463224e+003,9.963217e+001
1.463707e+003,9.957292e+001
1.464189e+003,9.950348e+001
1.464671e+003,9.942530e+001
1.465153e+003,9.933827e+001
1.465635e+003,9.924591e+001
1.466117e+003,9.915815e+001
1.466599e+003,9.908878e+001
1.467081e+003,9.904863e+001
1.467563e+003,9.903923e+001
1.468046e+003,9.905000e+001
1.468528e+003,9.905990e+001
1.469010e+003,9.904183e+001
1.469492e+003,9.896776e+001
1.469974e+003,9.881349e+001
1.470456e+003,9.856366e+001
1.470938e+003,9.821865e+001
1.471420e+003,9.780179e+001
1.471903e+003,9.735796e+001
1.472385e+003,9.693621e+001
1.472867e+003,9.656120e+001
1.473349e+003,9.621706e+001
1.473831e+003,9.585788e+001
1.474313e+003,9.543251e+001
1.474795e+003,9.490244e+001
1.475277e+003,9.424793e+001
1.475760e+003,9.346957e+001
1.476242e+003,9.258904e+001
1.476724e+003,9.164827e+001
1.477206e+003,9.070370e+001
1.477688e+003,8.981719e+001
1.478170e+003,8.904848e+001
1.478652e+003,8.845266e+001
1.479134e+003,8.808051e+001
1.479616e+003,8.797734e+001
1.480099e+003,8.817593e+001
1.480581e+003,8.868369e+001
1.481063e+003,8.946949e+001
1.481545e+003,9.046100e+001
1.482027e+003,9.155795e+001
1.482509e+003,9.265730e+001
1.482991e+003,9.367693e+001
1.483473e+003,9.456698e+001
1.483955e+003,9.530790e+001
1.484438e+003,9.590180e+001
1.484920e+003,9.636348e+001
1.485402e+003,9.671439e+001
1.485884e+003,9.697991e+001
1.486366e+003,9.718814e+001
1.486848e+003,9.736864e+001
1.487330e+003,9.755027e+001
1.487812e+003,9.775809e+001
1.488295e+003,9.800918e+001
1.488777e+003,9.830770e+001
1.489259e+003,9.864028e+001
1.489741e+003,9.897574e+001
1.490223e+003,9.927252e+001
1.490705e+003,9.949435e+001
1.491187e+003,9.962589e+001
1.491669e+003,9.967910e+001
1.492151e+003,9.968720e+001
1.492634e+003,9.969135e+001
1.493116e+003,9.972704e+001
1.493598e+003,9.981422e+001
1.494080e+003,9.995241e+001
1.494562e+003,1.001212e+002
1.495044e+003,1.002862e+002
1.495526e+003,1.004102e+002
1.496008e+003,1.004673e+002
1.496490e+003,1.004538e+002
1.496973e+003,1.003897e+002
1.497455e+003,1.003091e+002
1.497937e+003,1.002445e+002
1.498419e+003,1.002150e+002
1.498901e+003,1.002215e+002
1.499383e+003,1.002488e+002
1.499865e+003,1.002731e+002
1.500347e+003,1.002716e+002
1.500830e+003,1.002307e+002
1.501312e+003,1.001512e+002
1.501794e+003,1.000469e+002
1.502276e+003,9.993917e+001
1.502758e+003,9.984679e+001
1.503240e+003,9.977699e+001
1.503722e+003,9.971782e+001
1.504204e+003,9.963625e+001
1.504687e+003,9.948716e+001
1.505169e+003,9.923909e+001
1.505651e+003,9.891550e+001
1.506133e+003,9.862299e+001
1.506615e+003,9.851202e+001
1.507097e+003,9.866579e+001
1.507579e+003,9.902933e+001
1.508061e+003,9.946687e+001
1.508543e+003,9.986568e+001
1.509026e+003,1.001776e+002
1.509508e+003,1.004006e+002
1.509990e+003,1.005475e+002
1.510472e+003,1.006282e+002
1.510954e+003,1.006448e+002
1.511436e+003,1.005953e+002
1.511918e+003,1.004788e+002
1.512400e+003,1.002999e+002
1.512882e+003,1.000706e+002
1.513365e+003,9.980944e+001
1.513847e+003,9.954027e+001
1.514329e+003,9.929005e+001
1.514811e+003,9.908737e+001
1.515293e+003,9.896041e+001
1.515775e+003,9.893095e+001
1.516257e+003,9.900330e+001
1.516739e+003,9.915262e+001
1.517222e+003,9.932577e+001
1.517704e+003,9.946010e+001
1.518186e+003,9.950886e+001
1.518668e+003,9.945469e+001
1.519150e+003,9.930828e+001
1.519632e+003,9.910262e+001
1.520114e+003,9.889103e+001
1.520596e+003,9.874371e+001
1.521078e+003,9.872560e+001
1.521561e+003,9.885568e+001
1.522043e+003,9.908517e+001
1.522525e+003,9.932744e+001
1.523007e+003,9.951328e+001
1.523489e+003,9.961849e+001
1.523971e+003,9.965365e+001
1.524453e+003,9.964121e+001
1.524935e+003,9.960100e+001
1.525417e+003,9.954715e+001
1.525900e+003,9.949139e+001
1.526382e+003,9.944604e+001
1.526864e+003,9.942377e+001
1.527346e+003,9.943420e+001
1.527828e+003,9.947922e+001
1.528310e+003,9.954969e+001
1.528792e+003,9.962572e+001
1.529274e+003,9.968208e+001
1.529757e+003,9.969720e+001
1.530239e+003,9.966218e+001
1.530721e+003,9.958524e+001
1.531203e+003,9.949086e+001
1.531685e+003,9.941402e+001
1.532167e+003,9.939112e+001
1.532649e+003,9.944566e+001
1.533131e+003,9.956921e+001
1.533614e+003,9.971146e+001
1.534096e+003,9.979852e+001
1.534578e+003,9.977569e+001
1.535060e+003,9.963802e+001
1.535542e+003,9.942522e+001
1.536024e+003,9.919274e+001
1.536506e+003,9.898249e+001
1.536988e+003,9.880524e+001
1.537470e+003,9.863603e+001
1.537953e+003,9.842152e+001
1.538435e+003,9.810073e+001
1.538917e+003,9.763783e+001
1.539399e+003,9.705223e+001
1.539881e+003,9.641714e+001
1.540363e+003,9.581338e+001
1.540845e+003,9.527554e+001
1.541327e+003,9.478178e+001
1.541809e+003,9.428677e+001
1.542292e+003,9.375968e+001
1.542774e+003,9.320407e+001
1.543256e+003,9.266154e+001
1.543738e+003,9.220364e+001
1.544220e+003,9.191217e+001
1.544702e+003,9.184880e+001
1.545184e+003,9.202746e+001
1.545666e+003,9.240825e+001
1.546149e+003,9.291952e+001
1.546631e+003,9.349231e+001
1.547113e+003,9.408505e+001
1.547595e+003,9.468913e+001
1.548077e+003,9.532020e+001
1.548559e+003,9.600254e+001
1.549041e+003,9.675086e+001
1.549523e+003,9.755441e+001
1.550005e+003,9.837269e+001
1.550488e+003,9.914776e+001
1.550970e+003,9.982629e+001
1.551452e+003,1.003749e+002
1.551934e+003,1.007799e+002
1.552416e+003,1.010393e+002
1.552898e+003,1.011568e+002
1.553380e+003,1.011438e+002
1.553862e+003,1.010250e+002
1.554344e+003,1.008409e+002
1.554827e+003,1.006411e+002
1.555309e+003,1.004732e+002
1.555791e+003,1.003726e+002
1.556273e+003,1.003567e+002
1.556755e+003,1.004277e+002
1.557237e+003,1.005865e+002
1.557719e+003,1.008619e+002
1.558201e+003,1.013286e+002
1.558684e+003,1.020466e+002
1.559166e+003,1.029193e+002
1.559648e+003,1.036769e+002
1.560130e+003,1.040886e+002
1.560612e+003,1.041174e+002
1.561094e+003,1.038702e+002
1.561576e+003,1.034872e+002
1.562058e+003,1.030802e+002
1.562541e+003,1.027187e+002
1.563023e+003,1.024367e+002
1.563505e+003,1.022449e+002
1.563987e+003,1.021395e+002
1.564469e+003,1.021056e+002
1.564951e+003,1.021188e+002
1.565433e+003,1.021483e+002
1.565915e+003,1.021643e+002
1.566397e+003,1.021453e+002
1.566880e+003,1.020830e+002
1.567362e+003,1.019839e+002
1.567844e+003,1.018716e+002
1.568326e+003,1.017896e+002
1.568808e+003,1.017950e+002
1.569290e+003,1.019378e+002
1.569772e+003,1.022277e+002
1.570254e+003,1.026173e+002
1.570736e+003,1.030227e+002
1.571219e+003,1.033654e+002
1.571701e+003,1.036020e+002
1.572183e+003,1.037270e+002
1.572665e+003,1.037588e+002
1.573147e+003,1.037245e+002
1.573629e+003,1.036511e+002
1.574111e+003,1.035663e+002
1.574593e+003,1.035040e+002
1.575076e+003,1.035074e+002
1.575558e+003,1.036169e+002
1.576040e+003,1.038405e+002
1.576522e+003,1.041309e+002
1.577004e+003,1.044034e+002
1.577486e+003,1.045864e+002
1.577968e+003,1.046572e+002
1.578450e+003,1.046392e+002
1.578932e+003,1.045766e+002
1.579415e+003,1.045110e+002
1.579897e+003,1.044685e+002
1.580379e+003,1.044571e+002
1.580861e+003,1.044694e+002
1.581343e+003,1.044882e+002
1.581825e+003,1.044937e+002
1.582307e+003,1.044700e+002
1.582789e+003,1.044109e+002
1.583271e+003,1.043213e+002
1.583754e+003,1.042170e+002
1.584236e+003,1.041209e+002
1.584718e+003,1.040592e+002
1.585200e+003,1.040552e+002
1.585682e+003,1.041240e+002
1.586164e+003,1.042680e+002
1.586646e+003,1.044746e+002
1.587128e+003,1.047178e+002
1.587611e+003,1.049623e+002
1.588093e+003,1.051702e+002
1.588575e+003,1.053100e+002
1.589057e+003,1.053640e+002
1.589539e+003,1.053332e+002
1.590021e+003,1.052356e+002
1.590503e+003,1.050996e+002
1.590985e+003,1.049557e+002
1.591468e+003,1.048281e+002
1.591950e+003,1.047312e+002
1.592432e+003,1.046685e+002
1.592914e+003,1.046343e+002
1.593396e+003,1.046175e+002
1.593878e+003,1.046057e+002
1.594360e+003,1.045891e+002
1.594842e+003,1.045635e+002
1.595324e+003,1.045308e+002
1.595807e+003,1.044987e+002
1.596289e+003,1.044781e+002
1.596771e+003,1.044795e+002
1.597253e+003,1.045091e+002
1.597735e+003,1.045658e+002
1.598217e+003,1.046395e+002
1.598699e+003,1.047129e+002
1.599181e+003,1.047643e+002
1.599663e+003,1.047734e+002
1.600146e+003,1.047277e+002
1.600628e+003,1.046280e+002
1.601110e+003,1.044889e+002
1.601592e+003,1.043363e+002
1.602074e+003,1.042001e+002
1.602556e+003,1.041069e+002
1.603038e+003,1.040736e+002
1.603520e+003,1.041048e+002
1.604003e+003,1.041933e+002
1.604485e+003,1.043230e+002
1.604967e+003,1.044737e+002
1.605449e+003,1.046245e+002
1.605931e+003,1.047565e+002
1.606413e+003,1.048546e+002
1.606895e+003,1.049086e+002
1.607377e+003,1.049154e+002
1.607859e+003,1.048800e+002
1.608342e+003,1.048154e+002
1.608824e+003,1.047391e+002
1.609306e+003,1.046684e+002
1.609788e+003,1.046146e+002
1.610270e+003,1.045801e+002
1.610752e+003,1.045580e+002
1.611234e+003,1.045355e+002
1.611716e+003,1.044998e+002
1.612198e+003,1.044433e+002
1.612681e+003,1.043662e+002
1.613163e+003,1.042749e+002
1.613645e+003,1.041769e+002
1.614127e+003,1.040759e+002
1.614609e+003,1.039713e+002
1.615091e+003,1.038633e+002
1.615573e+003,1.037632e+002
1.616055e+003,1.036966e+002
1.616538e+003,1.036902e+002
1.617020e+003,1.037479e+002
1.617502e+003,1.038412e+002
1.617984e+003,1.039268e+002
1.618466e+003,1.039706e+002
1.618948e+003,1.039571e+002
1.619430e+003,1.038838e+002
1.619912e+003,1.037509e+002
1.620395e+003,1.035570e+002
1.620877e+003,1.033020e+002
1.621359e+003,1.029952e+002
1.621841e+003,1.026626e+002
1.622323e+003,1.023464e+002
1.622805e+003,1.020918e+002
1.623287e+003,1.019254e+002
1.623769e+003,1.018395e+002
1.624251e+003,1.017973e+002
1.624734e+003,1.017532e+002
1.625216e+003,1.016730e+002
1.625698e+003,1.015428e+002
1.626180e+003,1.013676e+002
1.626662e+003,1.011652e+002
1.627144e+003,1.009584e+002
1.627626e+003,1.007665e+002
1.628108e+003,1.005970e+002
1.628590e+003,1.004418e+002
1.629073e+003,1.002812e+002
1.629555e+003,1.000955e+002
1.630037e+003,9.987582e+001
1.630519e+003,9.962956e+001
1.631001e+003,9.937926e+001
1.631483e+003,9.915797e+001
1.631965e+003,9.900427e+001
1.632447e+003,9.895848e+001
1.632930e+003,9.906110e+001
1.633412e+003,9.935286e+001
1.633894e+003,9.987315e+001
1.634376e+003,1.006493e+002
1.634858e+003,1.016662e+002
1.635340e+003,1.028216e+002
1.635822e+003,1.039155e+002
1.636304e+003,1.047259e+002
1.636786e+003,1.051320e+002
1.637269e+003,1.051651e+002
1.637751e+003,1.049583e+002
1.638233e+003,1.046655e+002
1.638715e+003,1.044076e+002
1.639197e+003,1.042552e+002
1.639679e+003,1.042286e+002
1.640161e+003,1.043091e+002
1.640643e+003,1.044534e+002
1.641126e+003,1.046125e+002
1.641608e+003,1.047477e+002
1.642090e+003,1.048390e+002
1.642572e+003,1.048834e+002
1.643054e+003,1.048866e+002
1.643536e+003,1.048526e+002
1.644018e+003,1.047789e+002
1.644500e+003,1.046566e+002
1.644983e+003,1.044787e+002
1.645465e+003,1.042510e+002
1.645947e+003,1.040003e+002
1.646429e+003,1.037689e+002
1.646911e+003,1.035923e+002
1.647393e+003,1.034778e+002
1.647875e+003,1.034057e+002
1.648357e+003,1.033551e+002
1.648839e+003,1.033263e+002
1.649322e+003,1.033418e+002
1.649804e+003,1.034304e+002
1.650286e+003,1.036065e+002
1.650768e+003,1.038550e+002
1.651250e+003,1.041273e+002
1.651732e+003,1.043582e+002
1.652214e+003,1.045060e+002
1.652696e+003,1.045836e+002
1.653178e+003,1.046262e+002
1.653661e+003,1.046242e+002
1.654143e+003,1.045381e+002
1.654625e+003,1.043715e+002
1.655107e+003,1.041860e+002
1.655589e+003,1.040588e+002
1.656071e+003,1.040428e+002
1.656553e+003,1.041498e+002
1.657035e+003,1.043515e+002
1.657518e+003,1.045885e+002
1.658000e+003,1.047862e+002
1.658482e+003,1.048731e+002
1.658964e+003,1.047993e+002
1.659446e+003,1.045484e+002
1.659928e+003,1.041407e+002
1.660410e+003,1.036286e+002
1.660892e+003,1.030878e+002
1.661375e+003,1.026079e+002
1.661857e+003,1.022773e+002
1.662339e+003,1.021619e+002
1.662821e+003,1.022808e+002
1.663303e+003,1.025946e+002
1.663785e+003,1.030206e+002
1.664267e+003,1.034663e+002
1.664749e+003,1.038602e+002
1.665231e+003,1.041620e+002
1.665714e+003,1.043547e+002
1.666196e+003,1.044305e+002
1.666678e+003,1.043805e+002
1.667160e+003,1.041951e+002
1.667642e+003,1.038750e+002
1.668124e+003,1.034478e+002
1.668606e+003,1.029786e+002
1.669088e+003,1.025633e+002
1.669570e+003,1.022981e+002
1.670053e+003,1.022421e+002
1.670535e+003,1.023972e+002
1.671017e+003,1.027178e+002
1.671499e+003,1.031391e+002
1.671981e+003,1.036018e+002
1.672463e+003,1.040613e+002
1.672945e+003,1.044835e+002
1.673427e+003,1.048353e+002
1.673910e+003,1.050799e+002
1.674392e+003,1.051803e+002
1.674874e+003,1.051121e+002
1.675356e+003,1.048770e+002
1.675838e+003,1.045064e+002
1.676320e+003,1.040536e+002
1.676802e+003,1.035794e+002
1.677284e+003,1.031404e+002
1.677766e+003,1.027793e+002
1.678249e+003,1.025187e+002
1.678731e+003,1.023586e+002
1.679213e+003,1.022793e+002
1.679695e+003,1.022487e+002
1.680177e+003,1.022333e+002
1.680659e+003,1.022100e+002
1.681141e+003,1.021722e+002
1.681623e+003,1.021265e+002
1.682105e+003,1.020877e+002
1.682588e+003,1.020766e+002
1.683070e+003,1.021258e+002
1.683552e+003,1.022762e+002
1.684034e+003,1.025447e+002
1.684516e+003,1.028826e+002
1.684998e+003,1.031898e+002
1.685480e+003,1.033915e+002
1.685962e+003,1.034859e+002
1.686445e+003,1.035246e+002
1.686927e+003,1.035648e+002
1.687409e+003,1.036368e+002
1.687891e+003,1.037347e+002
1.688373e+003,1.038246e+002
1.688855e+003,1.038644e+002
1.689337e+003,1.038252e+002
1.689819e+003,1.037040e+002
1.690302e+003,1.035228e+002
1.690784e+003,1.033147e+002
1.691266e+003,1.031105e+002
1.691748e+003,1.029302e+002
1.692230e+003,1.027828e+002
1.692712e+003,1.026685e+002
1.693194e+003,1.025821e+002
1.693676e+003,1.025163e+002
1.694158e+003,1.024689e+002
1.694641e+003,1.024494e+002
1.695123e+003,1.024761e+002
1.695605e+003,1.025550e+002
1.696087e+003,1.026557e+002
1.696569e+003,1.027195e+002
1.697051e+003,1.027001e+002
1.697533e+003,1.025912e+002
1.698015e+003,1.024232e+002
1.698497e+003,1.022472e+002
1.698980e+003,1.021322e+002
1.699462e+003,1.021636e+002
1.699944e+003,1.024055e+002
1.700426e+003,1.028205e+002
1.700908e+003,1.032458e+002
1.701390e+003,1.035001e+002
1.701872e+003,1.035059e+002
1.702354e+003,1.033009e+002
1.702837e+003,1.029757e+002
1.703319e+003,1.026187e+002
1.703801e+003,1.022984e+002
1.704283e+003,1.020666e+002
1.704765e+003,1.019629e+002
1.705247e+003,1.020081e+002
1.705729e+003,1.021893e+002
1.706211e+003,1.024563e+002
1.706693e+003,1.027378e+002
1.707176e+003,1.029660e+002
1.707658e+003,1.030932e+002
1.708140e+003,1.030963e+002
1.708622e+003,1.029783e+002
1.709104e+003,1.027663e+002
1.709586e+003,1.025065e+002
1.710068e+003,1.022544e+002
1.710550e+003,1.020592e+002
1.711032e+003,1.019511e+002
1.711515e+003,1.019337e+002
1.711997e+003,1.019841e+002
1.712479e+003,1.020606e+002
1.712961e+003,1.021158e+002
1.713443e+003,1.021125e+002
1.713925e+003,1.020380e+002
1.714407e+003,1.019115e+002
1.714889e+003,1.017822e+002
1.715372e+003,1.017167e+002
1.715854e+003,1.017814e+002
1.716336e+003,1.020199e+002
1.716818e+003,1.024273e+002
1.717300e+003,1.029320e+002
1.717782e+003,1.034060e+002
1.718264e+003,1.037184e+002
1.718746e+003,1.038011e+002
1.719229e+003,1.036752e+002
1.719711e+003,1.034251e+002
1.720193e+003,1.031523e+002
1.720675e+003,1.029402e+002
1.721157e+003,1.028377e+002
1.721639e+003,1.028552e+002
1.722121e+003,1.029690e+002
1.722603e+003,1.031298e+002
1.723085e+003,1.032782e+002
1.723568e+003,1.033630e+002
1.724050e+003,1.033576e+002
1.724532e+003,1.032652e+002
1.725014e+003,1.031125e+002
1.725496e+003,1.029350e+002
1.725978e+003,1.027638e+002
1.726460e+003,1.026179e+002
1.726942e+003,1.025039e+002
1.727424e+003,1.024198e+002
1.727907e+003,1.023612e+002
1.728389e+003,1.023257e+002
1.728871e+003,1.023139e+002
1.729353e+003,1.023283e+002
1.729835e+003,1.023690e+002
1.730317e+003,1.024322e+002
1.730799e+003,1.025102e+002
1.731281e+003,1.025941e+002
1.731764e+003,1.026783e+002
1.732246e+003,1.027662e+002
1.732728e+003,1.028769e+002
1.733210e+003,1.030442e+002
1.733692e+003,1.032920e+002
1.734174e+003,1.035926e+002
1.734656e+003,1.038545e+002
1.735138e+003,1.039760e+002
1.735620e+003,1.039137e+002
1.736103e+003,1.036994e+002
1.736585e+003,1.034067e+002
1.737067e+003,1.031115e+002
1.737549e+003,1.028686e+002
1.738031e+003,1.027048e+002
1.738513e+003,1.026196e+002
1.738995e+003,1.025866e+002
1.739477e+003,1.025593e+002
1.739959e+003,1.024861e+002
1.740442e+003,1.023324e+002
1.740924e+003,1.020971e+002
1.741406e+003,1.018118e+002
1.741888e+003,1.015280e+002
1.742370e+003,1.012992e+002
1.742852e+003,1.011670e+002
1.743334e+003,1.011504e+002
1.743816e+003,1.012409e+002
1.744299e+003,1.014063e+002
1.744781e+003,1.015996e+002
1.745263e+003,1.017711e+002
1.745745e+003,1.018776e+002
1.746227e+003,1.018896e+002
1.746709e+003,1.017963e+002
1.747191e+003,1.016098e+002
1.747673e+003,1.013655e+002
1.748156e+003,1.011179e+002
1.748638e+003,1.009294e+002
1.749120e+003,1.008573e+002
1.749602e+003,1.009393e+002
1.750084e+003,1.011816e+002
1.750566e+003,1.015503e+002
1.751048e+003,1.019727e+002
1.751530e+003,1.023561e+002
1.752012e+003,1.026200e+002
1.752495e+003,1.027248e+002
1.752977e+003,1.026790e+002
1.753459e+003,1.025247e+002
1.753941e+003,1.023150e+002
1.754423e+003,1.020951e+002
1.754905e+003,1.018940e+002
1.755387e+003,1.017234e+002
1.755869e+003,1.015821e+002
1.756351e+003,1.014616e+002
1.756834e+003,1.013526e+002
1.757316e+003,1.012509e+002
1.757798e+003,1.011606e+002
1.758280e+003,1.010933e+002
1.758762e+003,1.010639e+002
1.759244e+003,1.010851e+002
1.759726e+003,1.011632e+002
1.760208e+003,1.012963e+002
1.760691e+003,1.014747e+002
1.761173e+003,1.016816e+002
1.761655e+003,1.018932e+002
1.762137e+003,1.020811e+002
1.762619e+003,1.022170e+002
1.763101e+003,1.022802e+002
1.763583e+003,1.022636e+002
1.764065e+003,1.021744e+002
1.764547e+003,1.020311e+002
1.765030e+003,1.018584e+002
1.765512e+003,1.016833e+002
1.765994e+003,1.015325e+002
1.766476e+003,1.014287e+002
1.766958e+003,1.013847e+002
1.767440e+003,1.013962e+002
1.767922e+003,1.014397e+002
1.768404e+003,1.014784e+002
1.768886e+003,1.014767e+002
1.769369e+003,1.014128e+002
1.769851e+003,1.012869e+002
1.770333e+003,1.011222e+002
1.770815e+003,1.009628e+002
1.771297e+003,1.008649e+002
1.771779e+003,1.008777e+002
1.772261e+003,1.010160e+002
1.772743e+003,1.012452e+002
1.773226e+003,1.014956e+002
1.773708e+003,1.016994e+002
1.774190e+003,1.018183e+002
1.774672e+003,1.018483e+002
1.775154e+003,1.018061e+002
1.775636e+003,1.017145e+002
1.776118e+003,1.015928e+002
1.776600e+003,1.014548e+002
1.777083e+003,1.013110e+002
1.777565e+003,1.011719e+002
1.778047e+003,1.010496e+002
1.778529e+003,1.009575e+002
1.779011e+003,1.009077e+002
1.779493e+003,1.009072e+002
1.779975e+003,1.009542e+002
1.780457e+003,1.010388e+002
1.780939e+003,1.011451e+002
1.781422e+003,1.012587e+002
1.781904e+003,1.013718e+002
1.782386e+003,1.014842e+002
1.782868e+003,1.015991e+002
1.783350e+003,1.017161e+002
1.783832e+003,1.018256e+002
1.784314e+003,1.019083e+002
1.784796e+003,1.019409e+002
1.785278e+003,1.019067e+002
1.785761e+003,1.018041e+002
1.786243e+003,1.016500e+002
1.786725e+003,1.014738e+002
1.787207e+003,1.013079e+002
1.787689e+003,1.011783e+002
1.788171e+003,1.010989e+002
1.788653e+003,1.010710e+002
1.789135e+003,1.010859e+002
1.789618e+003,1.011299e+002
1.790100e+003,1.011901e+002
1.790582e+003,1.012582e+002
1.791064e+003,1.013318e+002
1.791546e+003,1.014109e+002
1.792028e+003,1.014911e+002
1.792510e+003,1.015589e+002
1.792992e+003,1.015953e+002
1.793474e+003,1.015859e+002
1.793957e+003,1.015307e+002
1.794439e+003,1.014451e+002
1.794921e+003,1.013524e+002
1.795403e+003,1.012743e+002
1.795885e+003,1.012230e+002
1.796367e+003,1.011984e+002
1.796849e+003,1.011903e+002
1.797331e+003,1.011840e+002
1.797813e+003,1.011669e+002
1.798296e+003,1.011347e+002
1.798778e+003,1.010928e+002
1.799260e+003,1.010547e+002
1.799742e+003,1.010368e+002
1.800224e+003,1.010525e+002
1.800706e+003,1.011070e+002
1.801188e+003,1.011962e+002
1.801670e+003,1.013088e+002
1.802153e+003,1.014306e+002
1.802635e+003,1.015495e+002
1.803117e+003,1.016553e+002
1.803599e+003,1.017398e+002
1.804081e+003,1.017952e+002
1.804563e+003,1.018148e+002
1.805045e+003,1.017948e+002
1.805527e+003,1.017370e+002
1.806010e+003,1.016497e+002
1.806492e+003,1.015460e+002
1.806974e+003,1.014407e+002
1.807456e+003,1.013470e+002
1.807938e+003,1.012743e+002
1.808420e+003,1.012278e+002
1.808902e+003,1.012099e+002
1.809384e+003,1.012225e+002
1.809866e+003,1.012684e+002
1.810349e+003,1.013497e+002
1.810831e+003,1.014655e+002
1.811313e+003,1.016081e+002
1.811795e+003,1.017608e+002
1.812277e+003,1.019004e+002
1.812759e+003,1.020032e+002
1.813241e+003,1.020523e+002
1.813723e+003,1.020430e+002
1.814205e+003,1.019840e+002
1.814688e+003,1.018950e+002
1.815170e+003,1.018012e+002
1.815652e+003,1.017276e+002
1.816134e+003,1.016927e+002
1.816616e+003,1.017045e+002
1.817098e+003,1.017592e+002
1.817580e+003,1.018441e+002
1.818062e+003,1.019427e+002
1.818545e+003,1.020393e+002
1.819027e+003,1.021215e+002
1.819509e+003,1.021801e+002
1.819991e+003,1.022087e+002
1.820473e+003,1.022029e+002
1.820955e+003,1.021609e+002
1.821437e+003,1.020839e+002
1.821919e+003,1.019769e+002
1.822401e+003,1.018488e+002
1.822884e+003,1.017123e+002
1.823366e+003,1.015828e+002
1.823848e+003,1.014776e+002
1.824330e+003,1.014111e+002
1.824812e+003,1.013895e+002
1.825294e+003,1.014074e+002
1.825776e+003,1.014498e+002
1.826258e+003,1.014977e+002
1.826740e+003,1.015356e+002
1.827223e+003,1.015539e+002
1.827705e+003,1.015502e+002
1.828187e+003,1.015293e+002
1.828669e+003,1.015023e+002
1.829151e+003,1.014849e+002
1.829633e+003,1.014917e+002
1.830115e+003,1.015289e+002
1.830597e+003,1.015904e+002
1.831080e+003,1.016616e+002
1.831562e+003,1.017273e+002
1.832044e+003,1.017784e+002
1.832526e+003,1.018134e+002
1.833008e+003,1.018358e+002
1.833490e+003,1.018504e+002
1.833972e+003,1.018601e+002
1.834454e+003,1.018650e+002
1.834937e+003,1.018620e+002
1.835419e+003,1.018467e+002
1.835901e+003,1.018150e+002
1.836383e+003,1.017652e+002
1.836865e+003,1.017000e+002
1.837347e+003,1.016250e+002
1.837829e+003,1.015490e+002
1.838311e+003,1.014811e+002
1.838793e+003,1.014296e+002
1.839276e+003,1.014016e+002
1.839758e+003,1.014025e+002
1.840240e+003,1.014363e+002
1.840722e+003,1.015043e+002
1.841204e+003,1.016034e+002
1.841686e+003,1.017239e+002
1.842168e+003,1.018482e+002
1.842650e+003,1.019533e+002
1.843132e+003,1.020166e+002
1.843615e+003,1.020238e+002
1.844097e+003,1.019752e+002
1.844579e+003,1.018849e+002
1.845061e+003,1.017768e+002
1.845543e+003,1.016764e+002
1.846025e+003,1.016044e+002
1.846507e+003,1.015725e+002
1.846989e+003,1.015805e+002
1.847472e+003,1.016170e+002
1.847954e+003,1.016637e+002
1.848436e+003,1.017006e+002
1.848918e+003,1.017130e+002
1.849400e+003,1.016950e+002
1.849882e+003,1.016495e+002
1.850364e+003,1.015854e+002
1.850846e+003,1.015129e+002
1.851328e+003,1.014398e+002
1.851811e+003,1.013710e+002
1.852293e+003,1.013100e+002
1.852775e+003,1.012615e+002
1.853257e+003,1.012326e+002
1.853739e+003,1.012331e+002
1.854221e+003,1.012718e+002
1.854703e+003,1.013528e+002
1.855185e+003,1.014717e+002
1.855667e+003,1.016146e+002
1.856150e+003,1.017595e+002
1.856632e+003,1.018822e+002
1.857114e+003,1.019629e+002
1.857596e+003,1.019921e+002
1.858078e+003,1.019747e+002
1.858560e+003,1.019281e+002
1.859042e+003,1.018773e+002
1.859524e+003,1.018471e+002
1.860007e+003,1.018549e+002
1.860489e+003,1.019055e+002
1.860971e+003,1.019909e+002
1.861453e+003,1.020931e+002
1.861935e+003,1.021893e+002
1.862417e+003,1.022585e+002
1.862899e+003,1.022865e+002
1.863381e+003,1.022681e+002
1.863864e+003,1.022064e+002
1.864346e+003,1.021108e+002
1.864828e+003,1.019931e+002
1.865310e+003,1.018656e+002
1.865792e+003,1.017388e+002
1.866274e+003,1.016219e+002
1.866756e+003,1.015225e+002
1.867238e+003,1.014482e+002
1.867720e+003,1.014056e+002
1.868203e+003,1.014000e+002
1.868685e+003,1.014315e+002
1.869167e+003,1.014936e+002
1.869649e+003,1.015742e+002
1.870131e+003,1.016590e+002
1.870613e+003,1.017366e+002
1.871095e+003,1.018006e+002
1.871577e+003,1.018485e+002
1.872059e+003,1.018784e+002
1.872542e+003,1.018878e+002
1.873024e+003,1.018728e+002
1.873506e+003,1.018311e+002
1.873988e+003,1.017646e+002
1.874470e+003,1.016811e+002
1.874952e+003,1.015940e+002
1.875434e+003,1.015187e+002
1.875916e+003,1.014692e+002
1.876399e+003,1.014535e+002
1.876881e+003,1.014725e+002
1.877363e+003,1.015200e+002
1.877845e+003,1.015859e+002
1.878327e+003,1.016595e+002
1.878809e+003,1.017326e+002
1.879291e+003,1.018011e+002
1.879773e+003,1.018640e+002
1.880255e+003,1.019205e+002
1.880738e+003,1.019683e+002
1.881220e+003,1.020025e+002
1.881702e+003,1.020176e+002
1.882184e+003,1.020101e+002
1.882666e+003,1.019820e+002
1.883148e+003,1.019414e+002
1.883630e+003,1.019003e+002
1.884112e+003,1.018711e+002
1.884595e+003,1.018619e+002
1.885077e+003,1.018732e+002
1.885559e+003,1.018976e+002
1.886041e+003,1.019231e+002
1.886523e+003,1.019371e+002
1.887005e+003,1.019320e+002
1.887487e+003,1.019067e+002
1.887969e+003,1.018678e+002
1.888452e+003,1.018268e+002
1.888934e+003,1.017960e+002
1.889416e+003,1.017837e+002
1.889898e+003,1.017906e+002
1.890380e+003,1.018101e+002
1.890862e+003,1.018322e+002
1.891344e+003,1.018483e+002
1.891826e+003,1.018532e+002
1.892308e+003,1.018455e+002
1.892791e+003,1.018262e+002
1.893273e+003,1.017969e+002
1.893755e+003,1.017597e+002
1.894237e+003,1.017168e+002
1.894719e+003,1.016716e+002
1.895201e+003,1.016287e+002
1.895683e+003,1.015935e+002
1.896165e+003,1.015718e+002
1.896647e+003,1.015686e+002
1.897130e+003,1.015866e+002
1.897612e+003,1.016266e+002
1.898094e+003,1.016862e+002
1.898576e+003,1.017615e+002
1.899058e+003,1.018464e+002
1.899540e+003,1.019334e+002
1.900022e+003,1.020138e+002
1.900504e+003,1.020776e+002
1.900987e+003,1.021151e+002
1.901469e+003,1.021192e+002
1.901951e+003,1.020879e+002
1.902433e+003,1.020255e+002
1.902915e+003,1.019432e+002
1.903397e+003,1.018569e+002
1.903879e+003,1.017842e+002
1.904361e+003,1.017405e+002
1.904844e+003,1.017356e+002
1.905326e+003,1.017717e+002
1.905808e+003,1.018428e+002
1.906290e+003,1.019367e+002
1.906772e+003,1.020384e+002
1.907254e+003,1.021330e+002
1.907736e+003,1.022086e+002
1.908218e+003,1.022582e+002
1.908700e+003,1.022804e+002
1.909182e+003,1.022797e+002
1.909665e+003,1.022644e+002
1.910147e+003,1.022450e+002
1.910629e+003,1.022308e+002
1.911111e+003,1.022282e+002
1.911593e+003,1.022389e+002
1.912075e+003,1.022590e+002
1.912557e+003,1.022808e+002
1.913039e+003,1.022941e+002
1.913522e+003,1.022894e+002
1.914004e+003,1.022618e+002
1.914486e+003,1.022120e+002
1.914968e+003,1.021470e+002
1.915450e+003,1.020788e+002
1.915932e+003,1.020216e+002
1.916414e+003,1.019890e+002
1.916896e+003,1.019899e+002
1.917379e+003,1.020247e+002
1.917861e+003,1.020842e+002
1.918343e+003,1.021512e+002
1.918825e+003,1.022071e+002
1.919307e+003,1.022379e+002
1.919789e+003,1.022388e+002
1.920271e+003,1.022148e+002
1.920753e+003,1.021773e+002
1.921235e+003,1.021406e+002
1.921718e+003,1.021176e+002
1.922200e+003,1.021174e+002
1.922682e+003,1.021420e+002
1.923164e+003,1.021870e+002
1.923646e+003,1.022426e+002
1.924128e+003,1.022978e+002
1.924610e+003,1.023439e+002
1.925092e+003,1.023772e+002
1.925574e+003,1.023980e+002
1.926057e+003,1.024103e+002
1.926539e+003,1.024194e+002
1.927021e+003,1.024314e+002
1.927503e+003,1.024518e+002
1.927985e+003,1.024854e+002
1.928467e+003,1.025344e+002
1.928949e+003,1.025979e+002
1.929431e+003,1.026705e+002
1.929914e+003,1.027423e+002
1.930396e+003,1.028007e+002
1.930878e+003,1.028342e+002
1.931360e+003,1.028362e+002
1.931842e+003,1.028097e+002
1.932324e+003,1.027679e+002
1.932806e+003,1.027318e+002
1.933288e+003,1.027233e+002
1.933771e+003,1.027573e+002
1.934253e+003,1.028359e+002
1.934735e+003,1.029464e+002
1.935217e+003,1.030643e+002
1.935699e+003,1.031622e+002
1.936181e+003,1.032189e+002
1.936663e+003,1.032277e+002
1.937145e+003,1.031979e+002
1.937627e+003,1.031497e+002
1.938109e+003,1.031051e+002
1.938592e+003,1.030793e+002
1.939074e+003,1.030748e+002
1.939556e+003,1.030818e+002
1.940038e+003,1.030829e+002
1.940520e+003,1.030622e+002
1.941002e+003,1.030127e+002
1.941484e+003,1.029410e+002
1.941966e+003,1.028662e+002
1.942449e+003,1.028126e+002
1.942931e+003,1.027993e+002
1.943413e+003,1.028330e+002
1.943895e+003,1.029051e+002
1.944377e+003,1.029975e+002
1.944859e+003,1.030901e+002
1.945341e+003,1.031678e+002
1.945823e+003,1.032236e+002
1.946306e+003,1.032605e+002
1.946788e+003,1.032883e+002
1.947270e+003,1.033214e+002
1.947752e+003,1.033737e+002
1.948234e+003,1.034551e+002
1.948716e+003,1.035677e+002
1.949198e+003,1.037047e+002
1.949680e+003,1.038507e+002
1.950162e+003,1.039837e+002
1.950645e+003,1.040792e+002
1.951127e+003,1.041171e+002
1.951609e+003,1.040873e+002
1.952091e+003,1.039954e+002
1.952573e+003,1.038613e+002
1.953055e+003,1.037143e+002
1.953537e+003,1.035861e+002
1.954019e+003,1.035031e+002
1.954501e+003,1.034806e+002
1.954984e+003,1.035197e+002
1.955466e+003,1.036083e+002
1.955948e+003,1.037261e+002
1.956430e+003,1.038504e+002
1.956912e+003,1.039629e+002
1.957394e+003,1.040513e+002
1.957876e+003,1.041109e+002
1.958358e+003,1.041429e+002
1.958841e+003,1.041533e+002
1.959323e+003,1.041511e+002
1.959805e+003,1.041464e+002
1.960287e+003,1.041480e+002
1.960769e+003,1.041607e+002
1.961251e+003,1.041824e+002
1.961733e+003,1.042049e+002
1.962215e+003,1.042136e+002
1.962698e+003,1.041931e+002
1.963180e+003,1.041314e+002
1.963662e+003,1.040247e+002
1.964144e+003,1.038774e+002
1.964626e+003,1.037003e+002
1.965108e+003,1.035052e+002
1.965590e+003,1.033023e+002
1.966072e+003,1.030985e+002
1.966554e+003,1.028989e+002
1.967036e+003,1.027096e+002
1.967519e+003,1.025412e+002
1.968001e+003,1.024094e+002
1.968483e+003,1.023329e+002
1.968965e+003,1.023276e+002
1.969447e+003,1.023998e+002
1.969929e+003,1.025400e+002
1.970411e+003,1.027205e+002
1.970893e+003,1.029002e+002
1.971376e+003,1.030367e+002
1.971858e+003,1.030982e+002
1.972340e+003,1.030737e+002
1.972822e+003,1.029732e+002
1.973304e+003,1.028222e+002
1.973786e+003,1.026515e+002
1.974268e+003,1.024877e+002
1.974750e+003,1.023460e+002
1.975233e+003,1.022309e+002
1.975715e+003,1.021408e+002
1.976197e+003,1.020769e+002
1.976679e+003,1.020468e+002
1.977161e+003,1.020647e+002
1.977643e+003,1.021431e+002
1.978125e+003,1.022826e+002
1.978607e+003,1.024663e+002
1.979089e+003,1.026631e+002
1.979572e+003,1.028372e+002
1.980054e+003,1.029595e+002
1.980536e+003,1.030146e+002
1.981018e+003,1.030035e+002
1.981500e+003,1.029399e+002
1.981982e+003,1.028454e+002
1.982464e+003,1.027413e+002
1.982946e+003,1.026427e+002
1.983428e+003,1.025548e+002
1.983911e+003,1.024743e+002
1.984393e+003,1.023929e+002
1.984875e+003,1.023035e+002
1.985357e+003,1.022033e+002
1.985839e+003,1.020960e+002
1.986321e+003,1.019905e+002
1.986803e+003,1.018977e+002
1.987285e+003,1.018263e+002
1.987768e+003,1.017803e+002
1.988250e+003,1.017570e+002
1.988732e+003,1.017491e+002
1.989214e+003,1.017460e+002
1.989696e+003,1.017382e+002
1.990178e+003,1.017207e+002
1.990660e+003,1.016957e+002
1.991142e+003,1.016737e+002
1.991625e+003,1.016713e+002
1.992107e+003,1.017062e+002
1.992589e+003,1.017931e+002
1.993071e+003,1.019374e+002
1.993553e+003,1.021349e+002
1.994035e+003,1.023731e+002
1.994517e+003,1.026359e+002
1.994999e+003,1.029083e+002
1.995481e+003,1.031786e+002
1.995964e+003,1.034382e+002
1.996446e+003,1.036792e+002
1.996928e+003,1.038917e+002
1.997410e+003,1.040640e+002
1.997892e+003,1.041849e+002
1.998374e+003,1.042480e+002
1.998856e+003,1.042542e+002
1.999338e+003,1.042129e+002
1.999820e+003,1.041379e+002
2.000303e+003,1.040444e+002
2.000785e+003,1.039440e+002
2.001267e+003,1.038410e+002
2.001749e+003,1.037334e+002
2.002231e+003,1.036158e+002
2.002713e+003,1.034847e+002
2.003195e+003,1.033442e+002
2.003677e+003,1.032076e+002
2.004160e+003,1.030969e+002
2.004642e+003,1.030361e+002
2.005124e+003,1.030435e+002
2.005606e+003,1.031232e+002
2.006088e+003,1.032631e+002
2.006570e+003,1.034393e+002
2.007052e+003,1.036263e+002
2.007534e+003,1.038055e+002
2.008016e+003,1.039700e+002
2.008499e+003,1.041216e+002
2.008981e+003,1.042647e+002
2.009463e+003,1.043986e+002
2.009945e+003,1.045135e+002
2.010427e+003,1.045923e+002
2.010909e+003,1.046156e+002
2.011391e+003,1.045695e+002
2.011873e+003,1.044513e+002
2.012355e+003,1.042715e+002
2.012838e+003,1.040516e+002
2.013320e+003,1.038171e+002
2.013802e+003,1.035910e+002
2.014284e+003,1.033893e+002
2.014766e+003,1.032220e+002
2.015248e+003,1.030963e+002
2.015730e+003,1.030214e+002
2.016212e+003,1.030076e+002
2.016695e+003,1.030617e+002
2.017177e+003,1.031793e+002
2.017659e+003,1.033414e+002
2.018141e+003,1.035164e+002
2.018623e+003,1.036693e+002
2.019105e+003,1.037737e+002
2.019587e+003,1.038213e+002
2.020069e+003,1.038264e+002
2.020552e+003,1.038216e+002
2.021034e+003,1.038455e+002
2.021516e+003,1.039265e+002
2.021998e+003,1.040695e+002
2.022480e+003,1.042523e+002
2.022962e+003,1.044319e+002
2.023444e+003,1.045591e+002
2.023926e+003,1.045939e+002
2.024408e+003,1.045205e+002
2.024891e+003,1.043515e+002
2.025373e+003,1.041223e+002
2.025855e+003,1.038759e+002
2.026337e+003,1.036480e+002
2.026819e+003,1.034577e+002
2.027301e+003,1.033069e+002
2.027783e+003,1.031854e+002
2.028265e+003,1.030786e+002
2.028747e+003,1.029755e+002
2.029230e+003,1.028737e+002
2.029712e+003,1.027788e+002
2.030194e+003,1.027032e+002
2.030676e+003,1.026612e+002
2.031158e+003,1.026656e+002
2.031640e+003,1.027243e+002
2.032122e+003,1.028355e+002
2.032604e+003,1.029863e+002
2.033087e+003,1.031531e+002
2.033569e+003,1.033055e+002
2.034051e+003,1.034149e+002
2.034533e+003,1.034603e+002
2.035015e+003,1.034359e+002
2.035497e+003,1.033524e+002
2.035979e+003,1.032345e+002
2.036461e+003,1.031112e+002
2.036943e+003,1.030047e+002
2.037426e+003,1.029219e+002
2.037908e+003,1.028516e+002
2.038390e+003,1.027683e+002
2.038872e+003,1.026437e+002
2.039354e+003,1.024571e+002
2.039836e+003,1.022054e+002
2.040318e+003,1.019061e+002
2.040800e+003,1.015922e+002
2.041282e+003,1.013006e+002
2.041765e+003,1.010628e+002
2.042247e+003,1.008973e+002
2.042729e+003,1.008097e+002
2.043211e+003,1.007948e+002
2.043693e+003,1.008412e+002
2.044175e+003,1.009349e+002
2.044657e+003,1.010631e+002
2.045139e+003,1.012149e+002
2.045622e+003,1.013812e+002
2.046104e+003,1.015527e+002
2.046586e+003,1.017182e+002
2.047068e+003,1.018633e+002
2.047550e+003,1.019716e+002
2.048032e+003,1.020269e+002
2.048514e+003,1.020176e+002
2.048996e+003,1.019387e+002
2.049479e+003,1.017942e+002
2.049960e+003,1.015971e+002
2.050443e+003,1.013684e+002
2.050925e+003,1.011345e+002
2.051407e+003,1.009243e+002
2.051889e+003,1.007635e+002
2.052371e+003,1.006703e+002
2.052853e+003,1.006511e+002
2.053335e+003,1.006993e+002
2.053817e+003,1.007966e+002
2.054300e+003,1.009185e+002
2.054782e+003,1.010394e+002
2.055264e+003,1.011398e+002
2.055746e+003,1.012104e+002
2.056228e+003,1.012518e+002
2.056710e+003,1.012721e+002
2.057192e+003,1.012811e+002
2.057674e+003,1.012864e+002
2.058157e+003,1.012909e+002
2.058639e+003,1.012927e+002
2.059121e+003,1.012867e+002
2.059603e+003,1.012677e+002
2.060085e+003,1.012319e+002
2.060567e+003,1.011779e+002
2.061049e+003,1.011069e+002
2.061531e+003,1.010214e+002
2.062014e+003,1.009258e+002
2.062496e+003,1.008263e+002
2.062978e+003,1.007312e+002
2.063460e+003,1.006503e+002
2.063942e+003,1.005939e+002
2.064424e+003,1.005699e+002
2.064906e+003,1.005822e+002
2.065388e+003,1.006283e+002
2.065871e+003,1.007003e+002
2.066353e+003,1.007864e+002
2.066835e+003,1.008735e+002
2.067317e+003,1.009511e+002
2.067799e+003,1.010130e+002
2.068281e+003,1.010586e+002
2.068763e+003,1.010912e+002
2.069245e+003,1.011163e+002
2.069728e+003,1.011399e+002
2.070209e+003,1.011664e+002
2.070692e+003,1.011986e+002
2.071174e+003,1.012374e+002
2.071656e+003,1.012823e+002
2.072138e+003,1.013313e+002
2.072620e+003,1.013814e+002
2.073102e+003,1.014284e+002
2.073584e+003,1.014683e+002
2.074066e+003,1.014977e+002
2.074549e+003,1.015161e+002
2.075031e+003,1.015255e+002
2.075513e+003,1.015306e+002
2.075995e+003,1.015360e+002
2.076477e+003,1.015447e+002
2.076959e+003,1.015550e+002
2.077441e+003,1.015616e+002
2.077923e+003,1.015563e+002
2.078406e+003,1.015322e+002
2.078888e+003,1.014866e+002
2.079370e+003,1.014231e+002
2.079852e+003,1.013515e+002
2.080334e+003,1.012845e+002
2.080816e+003,1.012334e+002
2.081298e+003,1.012049e+002
2.081780e+003,1.011977e+002
2.082262e+003,1.012042e+002
2.082745e+003,1.012119e+002
2.083227e+003,1.012091e+002
2.083709e+003,1.011881e+002
2.084191e+003,1.011483e+002
2.084673e+003,1.010961e+002
2.085155e+003,1.010427e+002
2.085637e+003,1.010004e+002
2.086119e+003,1.009792e+002
2.086602e+003,1.009837e+002
2.087083e+003,1.010127e+002
2.087566e+003,1.010598e+002
2.088048e+003,1.011159e+002
2.088530e+003,1.011720e+002
2.089012e+003,1.012220e+002
2.089494e+003,1.012635e+002
2.089976e+003,1.012984e+002
2.090458e+003,1.013320e+002
2.090940e+003,1.013701e+002
2.091423e+003,1.014169e+002
2.091905e+003,1.014729e+002
2.092387e+003,1.015334e+002
2.092869e+003,1.015896e+002
2.093351e+003,1.016299e+002
2.093833e+003,1.016438e+002
2.094315e+003,1.016246e+002
2.094797e+003,1.015729e+002
2.095280e+003,1.014958e+002
2.095762e+003,1.014066e+002
2.096244e+003,1.013203e+002
2.096726e+003,1.012509e+002
2.097208e+003,1.012082e+002
2.097690e+003,1.011965e+002
2.098172e+003,1.012143e+002
2.098654e+003,1.012559e+002
2.099136e+003,1.013124e+002
2.099619e+003,1.013741e+002
2.100101e+003,1.014314e+002
2.100583e+003,1.014765e+002
2.101065e+003,1.015041e+002
2.101547e+003,1.015120e+002
2.102029e+003,1.015013e+002
2.102511e+003,1.014766e+002
2.102993e+003,1.014451e+002
2.103476e+003,1.014154e+002
2.103958e+003,1.013960e+002
2.104440e+003,1.013942e+002
2.104922e+003,1.014148e+002
2.105404e+003,1.014599e+002
2.105886e+003,1.015280e+002
2.106368e+003,1.016146e+002
2.106850e+003,1.017120e+002
2.107333e+003,1.018102e+002
2.107814e+003,1.018975e+002
2.108297e+003,1.019625e+002
2.108779e+003,1.019961e+002
2.109261e+003,1.019939e+002
2.109743e+003,1.019582e+002
2.110225e+003,1.018984e+002
2.110707e+003,1.018288e+002
2.111189e+003,1.017656e+002
2.111671e+003,1.017230e+002
2.112154e+003,1.017100e+002
2.112636e+003,1.017290e+002
2.113118e+003,1.017766e+002
2.113600e+003,1.018455e+002
2.114082e+003,1.019278e+002
2.114564e+003,1.020169e+002
2.115046e+003,1.021092e+002
2.115528e+003,1.022022e+002
2.116011e+003,1.022944e+002
2.116493e+003,1.023829e+002
2.116975e+003,1.024642e+002
2.117457e+003,1.025346e+002
2.117939e+003,1.025921e+002
2.118421e+003,1.026384e+002
2.118903e+003,1.026783e+002
2.119385e+003,1.027188e+002
2.119868e+003,1.027670e+002
2.120350e+003,1.028270e+002
2.120832e+003,1.028994e+002
2.121314e+003,1.029803e+002
2.121796e+003,1.030632e+002
2.122278e+003,1.031407e+002
2.122760e+003,1.032062e+002
2.123242e+003,1.032548e+002
2.123725e+003,1.032835e+002
2.124207e+003,1.032909e+002
2.124689e+003,1.032772e+002
2.125171e+003,1.032448e+002
2.125653e+003,1.031991e+002
2.126135e+003,1.031485e+002
2.126617e+003,1.031040e+002
2.127099e+003,1.030771e+002
2.127582e+003,1.030778e+002
2.128063e+003,1.031116e+002
2.128546e+003,1.031775e+002
2.129028e+003,1.032684e+002
2.129510e+003,1.033721e+002
2.129992e+003,1.034748e+002
2.130474e+003,1.035638e+002
2.130956e+003,1.036302e+002
2.131438e+003,1.036705e+002
2.131920e+003,1.036860e+002
2.132403e+003,1.036821e+002
2.132885e+003,1.036676e+002
2.133367e+003,1.036526e+002
2.133849e+003,1.036476e+002
2.134331e+003,1.036619e+002
2.134813e+003,1.037023e+002
2.135295e+003,1.037720e+002
2.135777e+003,1.038702e+002
2.136260e+003,1.039910e+002
2.136742e+003,1.041244e+002
2.137224e+003,1.042571e+002
2.137706e+003,1.043743e+002
2.138188e+003,1.044612e+002
2.138670e+003,1.045053e+002
2.139152e+003,1.044988e+002
2.139634e+003,1.044416e+002
2.140116e+003,1.043428e+002
2.140599e+003,1.042215e+002
2.141081e+003,1.041038e+002
2.141563e+003,1.040162e+002
2.142045e+003,1.039795e+002
2.142527e+003,1.040022e+002
2.143009e+003,1.040790e+002
2.143491e+003,1.041923e+002
2.143973e+003,1.043184e+002
2.144456e+003,1.044371e+002
2.144938e+003,1.045387e+002
2.145420e+003,1.046281e+002
2.145902e+003,1.047208e+002
2.146384e+003,1.048332e+002
2.146866e+003,1.049732e+002
2.147348e+003,1.051314e+002
2.147830e+003,1.052815e+002
2.148313e+003,1.053878e+002
2.148794e+003,1.054181e+002
2.149277e+003,1.053557e+002
2.149759e+003,1.052058e+002
2.150241e+003,1.049930e+002
2.150723e+003,1.047534e+002
2.151205e+003,1.045242e+002
2.151687e+003,1.043352e+002
2.152169e+003,1.042050e+002
2.152651e+003,1.041417e+002
2.153134e+003,1.041468e+002
2.153616e+003,1.042184e+002
2.154098e+003,1.043523e+002
2.154580e+003,1.045397e+002
2.155062e+003,1.047629e+002
2.155544e+003,1.049933e+002
2.156026e+003,1.051948e+002
2.156508e+003,1.053348e+002
2.156991e+003,1.053943e+002
2.157473e+003,1.053770e+002
2.157955e+003,1.053071e+002
2.158437e+003,1.052177e+002
2.158919e+003,1.051331e+002
2.159401e+003,1.050555e+002
2.159883e+003,1.049638e+002
2.160365e+003,1.048274e+002
2.160848e+003,1.046225e+002
2.161330e+003,1.043447e+002
2.161812e+003,1.040100e+002
2.162294e+003,1.036493e+002
2.162776e+003,1.032968e+002
2.163258e+003,1.029801e+002
2.163740e+003,1.027153e+002
2.164222e+003,1.025062e+002
2.164705e+003,1.023504e+002
2.165187e+003,1.022462e+002
2.165669e+003,1.021959e+002
2.166151e+003,1.022029e+002
2.166633e+003,1.022648e+002
2.167115e+003,1.023655e+002
2.167597e+003,1.024728e+002
2.168079e+003,1.025441e+002
2.168562e+003,1.025366e+002
2.169043e+003,1.024219e+002
2.169526e+003,1.021934e+002
2.170008e+003,1.018703e+002
2.170490e+003,1.014919e+002
2.170972e+003,1.011083e+002
2.171454e+003,1.007674e+002
2.171936e+003,1.005047e+002
2.172418e+003,1.003391e+002
2.172900e+003,1.002746e+002
2.173383e+003,1.003045e+002
2.173865e+003,1.004159e+002
2.174347e+003,1.005900e+002
2.174829e+003,1.008016e+002
2.175311e+003,1.010188e+002
2.175793e+003,1.012073e+002
2.176275e+003,1.013377e+002
2.176757e+003,1.013935e+002
2.177240e+003,1.013755e+002
2.177722e+003,1.013010e+002
2.178204e+003,1.011973e+002
2.178686e+003,1.010913e+002
2.179168e+003,1.010006e+002
2.179650e+003,1.009281e+002
2.180132e+003,1.008635e+002
2.180614e+003,1.007907e+002
2.181096e+003,1.006975e+002
2.181579e+003,1.005842e+002
2.182061e+003,1.004652e+002
2.182543e+003,1.003655e+002
2.183025e+003,1.003114e+002
2.183507e+003,1.003212e+002
2.183989e+003,1.003989e+002
2.184471e+003,1.005328e+002
2.184953e+003,1.006982e+002
2.185436e+003,1.008631e+002
2.185917e+003,1.009941e+002
2.186400e+003,1.010634e+002
2.186882e+003,1.010550e+002
2.187364e+003,1.009690e+002
2.187846e+003,1.008228e+002
2.188328e+003,1.006485e+002
2.188810e+003,1.004861e+002
2.189292e+003,1.003751e+002
2.189774e+003,1.003439e+002
2.190257e+003,1.004019e+002
2.190739e+003,1.005361e+002
2.191221e+003,1.007148e+002
2.191703e+003,1.008974e+002
2.192185e+003,1.010476e+002
2.192667e+003,1.011442e+002
2.193149e+003,1.011864e+002
2.193631e+003,1.011910e+002
2.194114e+003,1.011851e+002
2.194596e+003,1.011950e+002
2.195078e+003,1.012372e+002
2.195560e+003,1.013140e+002
2.196042e+003,1.014142e+002
2.196524e+003,1.015180e+002
2.197006e+003,1.016032e+002
2.197488e+003,1.016510e+002
2.197970e+003,1.016486e+002
2.198453e+003,1.015912e+002
2.198935e+003,1.014833e+002
2.199417e+003,1.013371e+002
2.199899e+003,1.011727e+002
2.200381e+003,1.010154e+002
2.200863e+003,1.008924e+002
2.201345e+003,1.008269e+002
2.201827e+003,1.008315e+002
2.202310e+003,1.009044e+002
2.202792e+003,1.010285e+002
2.203274e+003,1.011763e+002
2.203756e+003,1.013190e+002
2.204238e+003,1.014350e+002
2.204720e+003,1.015162e+002
2.205202e+003,1.015688e+002
2.205684e+003,1.016087e+002
2.206167e+003,1.016531e+002
2.206648e+003,1.017125e+002
2.207131e+003,1.017862e+002
2.207613e+003,1.018631e+002
2.208095e+003,1.019260e+002
2.208577e+003,1.019586e+002
2.209059e+003,1.019508e+002
2.209541e+003,1.019013e+002
2.210023e+003,1.018156e+002
2.210505e+003,1.017034e+002
2.210988e+003,1.015739e+002
2.211470e+003,1.014345e+002
2.211952e+003,1.012907e+002
2.212434e+003,1.011494e+002
2.212916e+003,1.010191e+002
2.213398e+003,1.009107e+002
2.213880e+003,1.008344e+002
2.214362e+003,1.007967e+002
2.214845e+003,1.007972e+002
2.215327e+003,1.008289e+002
2.215809e+003,1.008794e+002
2.216291e+003,1.009354e+002
2.216773e+003,1.009856e+002
2.217255e+003,1.010232e+002
2.217737e+003,1.010453e+002
2.218219e+003,1.010520e+002
2.218702e+003,1.010442e+002
2.219184e+003,1.010221e+002
2.219666e+003,1.009864e+002
2.220148e+003,1.009396e+002
2.220630e+003,1.008874e+002
2.221112e+003,1.008393e+002
2.221594e+003,1.008066e+002
2.222076e+003,1.007994e+002
2.222559e+003,1.008237e+002
2.223041e+003,1.008792e+002
2.223523e+003,1.009597e+002
2.224005e+003,1.010554e+002
2.224487e+003,1.011557e+002
2.224969e+003,1.012516e+002
2.225451e+003,1.013375e+002
2.225933e+003,1.014101e+002
2.226416e+003,1.014679e+002
2.226897e+003,1.015092e+002
2.227380e+003,1.015322e+002
2.227862e+003,1.015357e+002
2.228344e+003,1.015209e+002
2.228826e+003,1.014928e+002
2.229308e+003,1.014607e+002
2.229790e+003,1.014360e+002
2.230272e+003,1.014272e+002
2.230754e+003,1.014400e+002
2.231237e+003,1.014725e+002
2.231719e+003,1.015155e+002
2.232201e+003,1.015556e+002
2.232683e+003,1.015796e+002
2.233165e+003,1.015791e+002
2.233647e+003,1.015540e+002
2.234129e+003,1.015129e+002
2.234611e+003,1.014693e+002
2.235094e+003,1.014369e+002
2.235576e+003,1.014245e+002
2.236058e+003,1.014325e+002
2.236540e+003,1.014532e+002
2.237022e+003,1.014742e+002
2.237504e+003,1.014839e+002
2.237986e+003,1.014761e+002
2.238468e+003,1.014528e+002
2.238950e+003,1.014227e+002
2.239433e+003,1.013973e+002
2.239915e+003,1.013854e+002
2.240397e+003,1.013889e+002
2.240879e+003,1.014014e+002
2.241361e+003,1.014105e+002
2.241843e+003,1.014028e+002
2.242325e+003,1.013692e+002
2.242807e+003,1.013089e+002
2.243290e+003,1.012301e+002
2.243771e+003,1.011470e+002
2.244254e+003,1.010750e+002
2.244736e+003,1.010259e+002
2.245218e+003,1.010043e+002
2.245700e+003,1.010077e+002
2.246182e+003,1.010289e+002
2.246664e+003,1.010586e+002
2.247146e+003,1.010895e+002
2.247628e+003,1.011171e+002
2.248111e+003,1.011388e+002
2.248593e+003,1.011534e+002
2.249075e+003,1.011592e+002
2.249557e+003,1.011535e+002
2.250039e+003,1.011346e+002
2.250521e+003,1.011028e+002
2.251003e+003,1.010626e+002
2.251485e+003,1.010226e+002
2.251968e+003,1.009939e+002
2.252450e+003,1.009871e+002
2.252932e+003,1.010082e+002
2.253414e+003,1.010563e+002
2.253896e+003,1.011228e+002
2.254378e+003,1.011927e+002
2.254860e+003,1.012485e+002
2.255342e+003,1.012740e+002
2.255824e+003,1.012581e+002
2.256307e+003,1.011974e+002
2.256789e+003,1.010964e+002
2.257271e+003,1.009664e+002
2.257753e+003,1.008223e+002
2.258235e+003,1.006802e+002
2.258717e+003,1.005543e+002
2.259199e+003,1.004546e+002
2.259681e+003,1.003858e+002
2.260164e+003,1.003473e+002
2.260646e+003,1.003341e+002
2.261128e+003,1.003383e+002
2.261610e+003,1.003521e+002
2.262092e+003,1.003691e+002
2.262574e+003,1.003860e+002
2.263056e+003,1.004024e+002
2.263538e+003,1.004196e+002
2.264021e+003,1.004389e+002
2.264502e+003,1.004602e+002
2.264985e+003,1.004813e+002
2.265467e+003,1.004980e+002
2.265949e+003,1.005057e+002
2.266431e+003,1.005013e+002
2.266913e+003,1.004841e+002
2.267395e+003,1.004570e+002
2.267877e+003,1.004246e+002
2.268359e+003,1.003927e+002
2.268842e+003,1.003652e+002
2.269324e+003,1.003437e+002
2.269806e+003,1.003267e+002
2.270288e+003,1.003111e+002
2.270770e+003,1.002936e+002
2.271252e+003,1.002727e+002
2.271734e+003,1.002504e+002
2.272216e+003,1.002316e+002
2.272699e+003,1.002227e+002
2.273181e+003,1.002295e+002
2.273663e+003,1.002544e+002
2.274145e+003,1.002953e+002
2.274627e+003,1.003456e+002
2.275109e+003,1.003955e+002
2.275591e+003,1.004355e+002
2.276073e+003,1.004590e+002
2.276556e+003,1.004645e+002
2.277038e+003,1.004557e+002
2.277520e+003,1.004404e+002
2.278002e+003,1.004266e+002
2.278484e+003,1.004205e+002
2.278966e+003,1.004239e+002
2.279448e+003,1.004342e+002
2.279930e+003,1.004460e+002
2.280413e+003,1.004536e+002
2.280895e+003,1.004531e+002
2.281377e+003,1.004446e+002
2.281859e+003,1.004311e+002
2.282341e+003,1.004174e+002
2.282823e+003,1.004078e+002
2.283305e+003,1.004050e+002
2.283787e+003,1.004089e+002
2.284270e+003,1.004177e+002
2.284751e+003,1.004295e+002
2.285234e+003,1.004432e+002
2.285716e+003,1.004597e+002
2.286198e+003,1.004808e+002
2.286680e+003,1.005081e+002
2.287162e+003,1.005417e+002
2.287644e+003,1.005789e+002
2.288126e+003,1.006153e+002
2.288608e+003,1.006456e+002
2.289091e+003,1.006651e+002
2.289573e+003,1.006722e+002
2.290055e+003,1.006680e+002
2.290537e+003,1.006567e+002
2.291019e+003,1.006444e+002
2.291501e+003,1.006372e+002
2.291983e+003,1.006407e+002
2.292465e+003,1.006581e+002
2.292948e+003,1.006904e+002
2.293430e+003,1.007363e+002
2.293912e+003,1.007921e+002
2.294394e+003,1.008526e+002
2.294876e+003,1.009117e+002
2.295358e+003,1.009635e+002
2.295840e+003,1.010028e+002
2.296322e+003,1.010266e+002
2.296804e+003,1.010339e+002
2.297287e+003,1.010262e+002
2.297769e+003,1.010064e+002
2.298251e+003,1.009788e+002
2.298733e+003,1.009477e+002
2.299215e+003,1.009172e+002
2.299697e+003,1.008911e+002
2.300179e+003,1.008727e+002
2.300661e+003,1.008648e+002
2.301144e+003,1.008692e+002
2.301625e+003,1.008866e+002
2.302108e+003,1.009152e+002
2.302590e+003,1.009520e+002
2.303072e+003,1.009925e+002
2.303554e+003,1.010323e+002
2.304036e+003,1.010685e+002
2.304518e+003,1.011000e+002
2.305000e+003,1.011282e+002
2.305482e+003,1.011556e+002
2.305965e+003,1.011845e+002
2.306447e+003,1.012168e+002
2.306929e+003,1.012525e+002
2.307411e+003,1.012905e+002
2.307893e+003,1.013295e+002
2.308375e+003,1.013688e+002
2.308857e+003,1.014083e+002
2.309339e+003,1.014481e+002
2.309822e+003,1.014877e+002
2.310304e+003,1.015254e+002
2.310786e+003,1.015575e+002
2.311268e+003,1.015800e+002
2.311750e+003,1.015895e+002
2.312232e+003,1.015852e+002
2.312714e+003,1.015698e+002
2.313196e+003,1.015491e+002
2.313678e+003,1.015303e+002
2.314161e+003,1.015204e+002
2.314643e+003,1.015239e+002
2.315125e+003,1.015423e+002
2.315607e+003,1.015739e+002
2.316089e+003,1.016159e+002
2.316571e+003,1.016646e+002
2.317053e+003,1.017171e+002
2.317535e+003,1.017709e+002
2.318018e+003,1.018232e+002
2.318500e+003,1.018710e+002
2.318982e+003,1.019109e+002
2.319464e+003,1.019398e+002
2.319946e+003,1.019554e+002
2.320428e+003,1.019578e+002
2.320910e+003,1.019493e+002
2.321392e+003,1.019335e+002
2.321875e+003,1.019140e+002
2.322356e+003,1.018932e+002
2.322839e+003,1.018712e+002
2.323321e+003,1.018466e+002
2.323803e+003,1.018181e+002
2.324285e+003,1.017859e+002
2.324767e+003,1.017528e+002
2.325249e+003,1.017239e+002
2.325731e+003,1.017052e+002
2.326213e+003,1.017021e+002
2.326696e+003,1.017180e+002
2.327178e+003,1.017532e+002
2.327660e+003,1.018043e+002
2.328142e+003,1.018646e+002
2.328624e+003,1.019256e+002
2.329106e+003,1.019788e+002
2.329588e+003,1.020185e+002
2.330070e+003,1.020439e+002
2.330553e+003,1.020596e+002
2.331035e+003,1.020746e+002
2.331517e+003,1.020993e+002
2.331999e+003,1.021418e+002
2.332481e+003,1.022052e+002
2.332963e+003,1.022847e+002
2.333445e+003,1.023680e+002
2.333927e+003,1.024380e+002
2.334410e+003,1.024778e+002
2.334892e+003,1.024744e+002
2.335374e+003,1.024225e+002
2.335856e+003,1.023242e+002
2.336338e+003,1.021893e+002
2.336820e+003,1.020317e+002
2.337302e+003,1.018681e+002
2.337784e+003,1.017150e+002
2.338267e+003,1.015878e+002
2.338749e+003,1.014981e+002
2.339231e+003,1.014523e+002
2.339713e+003,1.014510e+002
2.340195e+003,1.014890e+002
2.340677e+003,1.015553e+002
2.341159e+003,1.016356e+002
2.341641e+003,1.017150e+002
2.342124e+003,1.017825e+002
2.342605e+003,1.018312e+002
2.343088e+003,1.018571e+002
2.343570e+003,1.018601e+002
2.344052e+003,1.018476e+002
2.344534e+003,1.018325e+002
2.345016e+003,1.018256e+002
2.345498e+003,1.018287e+002
2.345980e+003,1.018354e+002
2.346462e+003,1.018369e+002
2.346945e+003,1.018276e+002
2.347427e+003,1.018067e+002
2.347909e+003,1.017775e+002
2.348391e+003,1.017456e+002
2.348873e+003,1.017163e+002
2.349355e+003,1.016934e+002
2.349837e+003,1.016775e+002
2.350319e+003,1.016662e+002
2.350802e+003,1.016541e+002
2.351284e+003,1.016348e+002
2.351766e+003,1.016040e+002
2.352248e+003,1.015638e+002
2.352730e+003,1.015235e+002
2.353212e+003,1.014942e+002
2.353694e+003,1.014806e+002
2.354176e+003,1.014802e+002
2.354658e+003,1.014871e+002
2.355141e+003,1.014981e+002
2.355623e+003,1.015129e+002
2.356105e+003,1.015300e+002
2.356587e+003,1.015384e+002
2.357069e+003,1.015208e+002
2.357551e+003,1.014682e+002
2.358033e+003,1.013944e+002
2.358515e+003,1.013345e+002
2.358998e+003,1.013194e+002
2.359479e+003,1.013434e+002
2.359962e+003,1.013577e+002
2.360444e+003,1.013180e+002
2.360926e+003,1.012274e+002
2.361408e+003,1.011262e+002
2.361890e+003,1.010564e+002
2.362372e+003,1.010444e+002
2.362854e+003,1.010957e+002
2.363336e+003,1.011896e+002
2.363819e+003,1.012906e+002
2.364301e+003,1.013649e+002
2.364783e+003,1.013923e+002
2.365265e+003,1.013667e+002
2.365747e+003,1.012962e+002
2.366229e+003,1.011994e+002
2.366711e+003,1.010983e+002
2.367193e+003,1.010114e+002
2.367676e+003,1.009491e+002
2.368158e+003,1.009152e+002
2.368640e+003,1.009077e+002
2.369122e+003,1.009224e+002
2.369604e+003,1.009534e+002
2.370086e+003,1.009946e+002
2.370568e+003,1.010399e+002
2.371050e+003,1.010832e+002
2.371532e+003,1.011183e+002
2.372015e+003,1.011406e+002
2.372497e+003,1.011471e+002
2.372979e+003,1.011377e+002
2.373461e+003,1.011145e+002
2.373943e+003,1.010809e+002
2.374425e+003,1.010411e+002
2.374907e+003,1.009989e+002
2.375390e+003,1.009571e+002
2.375872e+003,1.009183e+002
2.376354e+003,1.008849e+002
2.376836e+003,1.008588e+002
2.377318e+003,1.008422e+002
2.377800e+003,1.008370e+002
2.378282e+003,1.008441e+002
2.378764e+003,1.008634e+002
2.379247e+003,1.008933e+002
2.379729e+003,1.009310e+002
2.380211e+003,1.009737e+002
2.380693e+003,1.010189e+002
2.381175e+003,1.010649e+002
2.381657e+003,1.011112e+002
2.382139e+003,1.011580e+002
2.382621e+003,1.012055e+002
2.383104e+003,1.012540e+002
2.383585e+003,1.013030e+002
2.384068e+003,1.013517e+002
2.384550e+003,1.013988e+002
2.385032e+003,1.014431e+002
2.385514e+003,1.014840e+002
2.385996e+003,1.015214e+002
2.386478e+003,1.015561e+002
2.386960e+003,1.015894e+002
2.387442e+003,1.016233e+002
2.387925e+003,1.016597e+002
2.388407e+003,1.016999e+002
2.388889e+003,1.017443e+002
2.389371e+003,1.017919e+002
2.389853e+003,1.018402e+002
2.390335e+003,1.018862e+002
2.390817e+003,1.019265e+002
2.391299e+003,1.019590e+002
2.391781e+003,1.019831e+002
2.392264e+003,1.020005e+002
2.392746e+003,1.020142e+002
2.393228e+003,1.020280e+002
2.393710e+003,1.020446e+002
2.394192e+003,1.020652e+002
2.394674e+003,1.020889e+002
2.395156e+003,1.021133e+002
2.395638e+003,1.021359e+002
2.396121e+003,1.021546e+002
2.396603e+003,1.021693e+002
2.397085e+003,1.021812e+002
2.397567e+003,1.021926e+002
2.398049e+003,1.022058e+002
2.398531e+003,1.022223e+002
2.399013e+003,1.022420e+002
2.399495e+003,1.022641e+002
2.399978e+003,1.022870e+002
2.400459e+003,1.023098e+002
2.400942e+003,1.023315e+002
2.401424e+003,1.023516e+002
2.401906e+003,1.023695e+002
2.402388e+003,1.023844e+002
2.402870e+003,1.023952e+002
2.403352e+003,1.024014e+002
2.403834e+003,1.024026e+002
2.404316e+003,1.023997e+002
2.404799e+003,1.023941e+002
2.405281e+003,1.023875e+002
2.405763e+003,1.023810e+002
2.406245e+003,1.023748e+002
2.406727e+003,1.023680e+002
2.407209e+003,1.023587e+002
2.407691e+003,1.023456e+002
2.408173e+003,1.023277e+002
2.408656e+003,1.023059e+002
2.409138e+003,1.022821e+002
2.409620e+003,1.022591e+002
2.410102e+003,1.022394e+002
2.410584e+003,1.022247e+002
2.411066e+003,1.022148e+002
2.411548e+003,1.022084e+002
2.412030e+003,1.022031e+002
2.412512e+003,1.021964e+002
2.412995e+003,1.021864e+002
2.413477e+003,1.021728e+002
2.413959e+003,1.021563e+002
2.414441e+003,1.021387e+002
2.414923e+003,1.021219e+002
2.415405e+003,1.021077e+002
2.415887e+003,1.020965e+002
2.416369e+003,1.020877e+002
2.416852e+003,1.020799e+002
2.417333e+003,1.020711e+002
2.417816e+003,1.020596e+002
2.418298e+003,1.020446e+002
2.418780e+003,1.020264e+002
2.419262e+003,1.020068e+002
2.419744e+003,1.019883e+002
2.420226e+003,1.019738e+002
2.420708e+003,1.019655e+002
2.421190e+003,1.019651e+002
2.421673e+003,1.019723e+002
2.422155e+003,1.019858e+002
2.422637e+003,1.020029e+002
2.423119e+003,1.020199e+002
2.423601e+003,1.020332e+002
2.424083e+003,1.020398e+002
2.424565e+003,1.020376e+002
2.425047e+003,1.020263e+002
2.425530e+003,1.020071e+002
2.426012e+003,1.019826e+002
2.426494e+003,1.019558e+002
2.426976e+003,1.019290e+002
2.427458e+003,1.019036e+002
2.427940e+003,1.018791e+002
2.428422e+003,1.018537e+002
2.428904e+003,1.018249e+002
2.429387e+003,1.017915e+002
2.429869e+003,1.017540e+002
2.430351e+003,1.017149e+002
2.430833e+003,1.016787e+002
2.431315e+003,1.016501e+002
2.431797e+003,1.016329e+002
2.432279e+003,1.016282e+002
2.432761e+003,1.016343e+002
2.433244e+003,1.016473e+002
2.433726e+003,1.016624e+002
2.434208e+003,1.016755e+002
2.434690e+003,1.016843e+002
2.435172e+003,1.016888e+002
2.435654e+003,1.016904e+002
2.436136e+003,1.016908e+002
2.436618e+003,1.016911e+002
2.437101e+003,1.016911e+002
2.437583e+003,1.016895e+002
2.438065e+003,1.016853e+002
2.438547e+003,1.016781e+002
2.439029e+003,1.016691e+002
2.439511e+003,1.016608e+002
2.439993e+003,1.016558e+002
2.440475e+003,1.016559e+002
2.440958e+003,1.016609e+002
2.441439e+003,1.016688e+002
2.441922e+003,1.016757e+002
2.442404e+003,1.016775e+002
2.442886e+003,1.016708e+002
2.443368e+003,1.016546e+002
2.443850e+003,1.016299e+002
2.444332e+003,1.015998e+002
2.444814e+003,1.015688e+002
2.445296e+003,1.015413e+002
2.445779e+003,1.015207e+002
2.446261e+003,1.015085e+002
2.446743e+003,1.015041e+002
2.447225e+003,1.015050e+002
2.447707e+003,1.015071e+002
2.448189e+003,1.015064e+002
2.448671e+003,1.014993e+002
2.449153e+003,1.014841e+002
2.449635e+003,1.014616e+002
2.450118e+003,1.014346e+002
2.450600e+003,1.014072e+002
2.451082e+003,1.013835e+002
2.451564e+003,1.013665e+002
2.452046e+003,1.013571e+002
2.452528e+003,1.013541e+002
2.453010e+003,1.013553e+002
2.453492e+003,1.013584e+002
2.453975e+003,1.013623e+002
2.454457e+003,1.013673e+002
2.454939e+003,1.013752e+002
2.455421e+003,1.013882e+002
2.455903e+003,1.014076e+002
2.456385e+003,1.014334e+002
2.456867e+003,1.014636e+002
2.457349e+003,1.014948e+002
2.457832e+003,1.015234e+002
2.458313e+003,1.015462e+002
2.458796e+003,1.015613e+002
2.459278e+003,1.015685e+002
2.459760e+003,1.015686e+002
2.460242e+003,1.015635e+002
2.460724e+003,1.015556e+002
2.461206e+003,1.015474e+002
2.461688e+003,1.015411e+002
2.462170e+003,1.015385e+002
2.462653e+003,1.015407e+002
2.463135e+003,1.015476e+002
2.463617e+003,1.015580e+002
2.464099e+003,1.015697e+002
2.464581e+003,1.015800e+002
2.465063e+003,1.015864e+002
2.465545e+003,1.015876e+002
2.466027e+003,1.015832e+002
2.466510e+003,1.015739e+002
2.466992e+003,1.015612e+002
2.467474e+003,1.015463e+002
2.467956e+003,1.015306e+002
2.468438e+003,1.015149e+002
2.468920e+003,1.015004e+002
2.469402e+003,1.014886e+002
2.469884e+003,1.014817e+002
2.470367e+003,1.014815e+002
2.470849e+003,1.014891e+002
2.471331e+003,1.015039e+002
2.471813e+003,1.015235e+002
2.472295e+003,1.015440e+002
2.472777e+003,1.015612e+002
2.473259e+003,1.015720e+002
2.473741e+003,1.015755e+002
2.474224e+003,1.015731e+002
2.474706e+003,1.015678e+002
2.475188e+003,1.015631e+002
2.475670e+003,1.015613e+002
2.476152e+003,1.015625e+002
2.476634e+003,1.015650e+002
2.477116e+003,1.015657e+002
2.477598e+003,1.015619e+002
2.478081e+003,1.015518e+002
2.478563e+003,1.015361e+002
2.479044e+003,1.015168e+002
2.479527e+003,1.014975e+002
2.480009e+003,1.014812e+002
2.480491e+003,1.014703e+002
2.480973e+003,1.014653e+002
2.481455e+003,1.014651e+002
2.481938e+003,1.014673e+002
2.482419e+003,1.014692e+002
2.482901e+003,1.014678e+002
2.483384e+003,1.014614e+002
2.483866e+003,1.014492e+002
2.484348e+003,1.014321e+002
2.484830e+003,1.014121e+002
2.485312e+003,1.013923e+002
2.485794e+003,1.013756e+002
2.486276e+003,1.013645e+002
2.486758e+003,1.013605e+002
2.487241e+003,1.013637e+002
2.487723e+003,1.013730e+002
2.488205e+003,1.013870e+002
2.488687e+003,1.014037e+002
2.489169e+003,1.014214e+002
2.489651e+003,1.014381e+002
2.490133e+003,1.014519e+002
2.490615e+003,1.014604e+002
2.491098e+003,1.014613e+002
2.491580e+003,1.014528e+002
2.492062e+003,1.014344e+002
2.492544e+003,1.014074e+002
2.493026e+003,1.013749e+002
2.493508e+003,1.013416e+002
2.493990e+003,1.013122e+002
2.494472e+003,1.012899e+002
2.494955e+003,1.012762e+002
2.495437e+003,1.012702e+002
2.495918e+003,1.012694e+002
2.496401e+003,1.012708e+002
2.496883e+003,1.012719e+002
2.497365e+003,1.012716e+002
2.497847e+003,1.012698e+002
2.498329e+003,1.012674e+002
2.498812e+003,1.012649e+002
2.499293e+003,1.012628e+002
2.499775e+003,1.012607e+002
2.500258e+003,1.012585e+002
2.500740e+003,1.012561e+002
2.501222e+003,1.012543e+002
2.501704e+003,1.012544e+002
2.502186e+003,1.012574e+002
2.502668e+003,1.012642e+002
2.503150e+003,1.012746e+002
2.503632e+003,1.012874e+002
2.504115e+003,1.013013e+002
2.504597e+003,1.013146e+002
2.505079e+003,1.013262e+002
2.505561e+003,1.013354e+002
2.506043e+003,1.013416e+002
2.506525e+003,1.013445e+002
2.507007e+003,1.013439e+002
2.507489e+003,1.013401e+002
2.507972e+003,1.013340e+002
2.508454e+003,1.013271e+002
2.508936e+003,1.013210e+002
2.509418e+003,1.013168e+002
2.509900e+003,1.013142e+002
2.510382e+003,1.013110e+002
2.510864e+003,1.013041e+002
2.511346e+003,1.012902e+002
2.511829e+003,1.012675e+002
2.512311e+003,1.012368e+002
2.512793e+003,1.012017e+002
2.513275e+003,1.011676e+002
2.513757e+003,1.011400e+002
2.514239e+003,1.011222e+002
2.514721e+003,1.011147e+002
2.515203e+003,1.011144e+002
2.515686e+003,1.011163e+002
2.516167e+003,1.011154e+002
2.516650e+003,1.011083e+002
2.517132e+003,1.010945e+002
2.517614e+003,1.010761e+002
2.518096e+003,1.010569e+002
2.518578e+003,1.010410e+002
2.519060e+003,1.010314e+002
2.519542e+003,1.010292e+002
2.520024e+003,1.010342e+002
2.520507e+003,1.010448e+002
2.520989e+003,1.010591e+002
2.521471e+003,1.010752e+002
2.521953e+003,1.010914e+002
2.522435e+003,1.011061e+002
2.522917e+003,1.011179e+002
2.523399e+003,1.011258e+002
2.523881e+003,1.011295e+002
2.524364e+003,1.011293e+002
2.524846e+003,1.011263e+002
2.525328e+003,1.011218e+002
2.525810e+003,1.011169e+002
2.526292e+003,1.011122e+002
2.526774e+003,1.011077e+002
2.527256e+003,1.011031e+002
2.527738e+003,1.010983e+002
2.528221e+003,1.010936e+002
2.528703e+003,1.010901e+002
2.529185e+003,1.010890e+002
2.529667e+003,1.010911e+002
2.530149e+003,1.010961e+002
2.530631e+003,1.011021e+002
2.531113e+003,1.011066e+002
2.531595e+003,1.011069e+002
2.532078e+003,1.011007e+002
2.532560e+003,1.010876e+002
2.533042e+003,1.010684e+002
2.533524e+003,1.010451e+002
2.534006e+003,1.010203e+002
2.534488e+003,1.009966e+002
2.534970e+003,1.009754e+002
2.535452e+003,1.009575e+002
2.535935e+003,1.009425e+002
2.536417e+003,1.009292e+002
2.536898e+003,1.009162e+002
2.537381e+003,1.009017e+002
2.537863e+003,1.008848e+002
2.538345e+003,1.008653e+002
2.538827e+003,1.008448e+002
2.539309e+003,1.008261e+002
2.539792e+003,1.008131e+002
2.540273e+003,1.008096e+002
2.540755e+003,1.008180e+002
2.541238e+003,1.008382e+002
2.541720e+003,1.008674e+002
2.542202e+003,1.009004e+002
2.542684e+003,1.009310e+002
2.543166e+003,1.009540e+002
2.543648e+003,1.009662e+002
2.544130e+003,1.009673e+002
2.544612e+003,1.009597e+002
2.545095e+003,1.009470e+002
2.545577e+003,1.009330e+002
2.546059e+003,1.009202e+002
2.546541e+003,1.009100e+002
2.547023e+003,1.009023e+002
2.547505e+003,1.008964e+002
2.547987e+003,1.008919e+002
2.548469e+003,1.008884e+002
2.548952e+003,1.008859e+002
2.549434e+003,1.008841e+002
2.549916e+003,1.008822e+002
2.550398e+003,1.008797e+002
2.550880e+003,1.008759e+002
2.551362e+003,1.008711e+002
2.551844e+003,1.008667e+002
2.552326e+003,1.008642e+002
2.552809e+003,1.008653e+002
2.553291e+003,1.008704e+002
2.553772e+003,1.008788e+002
2.554255e+003,1.008879e+002
2.554737e+003,1.008950e+002
2.555219e+003,1.008976e+002
2.555701e+003,1.008948e+002
2.556183e+003,1.008877e+002
2.556666e+003,1.008786e+002
2.557147e+003,1.008699e+002
2.557629e+003,1.008633e+002
2.558112e+003,1.008589e+002
2.558594e+003,1.008556e+002
2.559076e+003,1.008509e+002
2.559558e+003,1.008430e+002
2.560040e+003,1.008304e+002
2.560522e+003,1.008134e+002
2.561004e+003,1.007928e+002
2.561486e+003,1.007702e+002
2.561969e+003,1.007469e+002
2.562451e+003,1.007240e+002
2.562933e+003,1.007021e+002
2.563415e+003,1.006826e+002
2.563897e+003,1.006669e+002
2.564379e+003,1.006572e+002
2.564861e+003,1.006559e+002
2.565343e+003,1.006645e+002
2.565826e+003,1.006832e+002
2.566308e+003,1.007101e+002
2.566790e+003,1.007419e+002
2.567272e+003,1.007743e+002
2.567754e+003,1.008031e+002
2.568236e+003,1.008255e+002
2.568718e+003,1.008404e+002
2.569200e+003,1.008481e+002
2.569683e+003,1.008503e+002
2.570165e+003,1.008493e+002
2.570647e+003,1.008467e+002
2.571129e+003,1.008434e+002
2.571611e+003,1.008394e+002
2.572093e+003,1.008344e+002
2.572575e+003,1.008276e+002
2.573057e+003,1.008186e+002
2.573540e+003,1.008078e+002
2.574021e+003,1.007958e+002
2.574504e+003,1.007836e+002
2.574986e+003,1.007724e+002
2.575468e+003,1.007633e+002
2.575950e+003,1.007569e+002
2.576432e+003,1.007533e+002
2.576914e+003,1.007525e+002
2.577396e+003,1.007536e+002
2.577878e+003,1.007557e+002
2.578361e+003,1.007576e+002
2.578843e+003,1.007579e+002
2.579325e+003,1.007560e+002
2.579807e+003,1.007514e+002
2.580289e+003,1.007445e+002
2.580771e+003,1.007367e+002
2.581253e+003,1.007295e+002
2.581735e+003,1.007245e+002
2.582218e+003,1.007231e+002
2.582700e+003,1.007254e+002
2.583182e+003,1.007308e+002
2.583664e+003,1.007378e+002
2.584146e+003,1.007444e+002
2.584628e+003,1.007491e+002
2.585110e+003,1.007513e+002
2.585592e+003,1.007514e+002
2.586075e+003,1.007506e+002
2.586557e+003,1.007509e+002
2.587039e+003,1.007540e+002
2.587521e+003,1.007612e+002
2.588003e+003,1.007723e+002
2.588485e+003,1.007865e+002
2.588967e+003,1.008018e+002
2.589449e+003,1.008157e+002
2.589932e+003,1.008259e+002
2.590414e+003,1.008303e+002
2.590896e+003,1.008276e+002
2.591378e+003,1.008180e+002
2.591860e+003,1.008025e+002
2.592342e+003,1.007833e+002
2.592824e+003,1.007635e+002
2.593306e+003,1.007462e+002
2.593789e+003,1.007339e+002
2.594271e+003,1.007277e+002
2.594752e+003,1.007269e+002
2.595235e+003,1.007295e+002
2.595717e+003,1.007323e+002
2.596199e+003,1.007321e+002
2.596681e+003,1.007271e+002
2.597163e+003,1.007168e+002
2.597646e+003,1.007027e+002
2.598127e+003,1.006873e+002
2.598609e+003,1.006737e+002
2.599092e+003,1.006642e+002
2.599574e+003,1.006594e+002
2.600056e+003,1.006590e+002
2.600538e+003,1.006613e+002
2.601020e+003,1.006645e+002
2.601502e+003,1.006673e+002
2.601984e+003,1.006695e+002
2.602466e+003,1.006715e+002
2.602949e+003,1.006742e+002
2.603431e+003,1.006783e+002
2.603913e+003,1.006835e+002
2.604395e+003,1.006885e+002
2.604877e+003,1.006915e+002
2.605359e+003,1.006907e+002
2.605841e+003,1.006849e+002
2.606323e+003,1.006743e+002
2.606806e+003,1.006604e+002
2.607288e+003,1.006458e+002
2.607770e+003,1.006334e+002
2.608252e+003,1.006256e+002
2.608734e+003,1.006235e+002
2.609216e+003,1.006266e+002
2.609698e+003,1.006329e+002
2.610180e+003,1.006394e+002
2.610663e+003,1.006429e+002
2.611145e+003,1.006413e+002
2.611626e+003,1.006336e+002
2.612109e+003,1.006203e+002
2.612591e+003,1.006034e+002
2.613073e+003,1.005852e+002
2.613555e+003,1.005681e+002
2.614037e+003,1.005539e+002
2.614520e+003,1.005433e+002
2.615001e+003,1.005363e+002
2.615483e+003,1.005324e+002
2.615966e+003,1.005311e+002
2.616448e+003,1.005315e+002
2.616930e+003,1.005332e+002
2.617412e+003,1.005355e+002
2.617894e+003,1.005377e+002
2.618376e+003,1.005392e+002
2.618858e+003,1.005397e+002
2.619340e+003,1.005394e+002
2.619823e+003,1.005391e+002
2.620305e+003,1.005403e+002
2.620787e+003,1.005442e+002
2.621269e+003,1.005513e+002
2.621751e+003,1.005613e+002
2.622233e+003,1.005722e+002
2.622715e+003,1.005816e+002
2.623198e+003,1.005869e+002
2.623680e+003,1.005862e+002
2.624162e+003,1.005796e+002
2.624644e+003,1.005686e+002
2.625126e+003,1.005558e+002
2.625608e+003,1.005441e+002
2.626090e+003,1.005359e+002
2.626572e+003,1.005321e+002
2.627055e+003,1.005320e+002
2.627537e+003,1.005343e+002
2.628019e+003,1.005372e+002
2.628501e+003,1.005392e+002
2.628983e+003,1.005400e+002
2.629465e+003,1.005399e+002
2.629947e+003,1.005400e+002
2.630429e+003,1.005414e+002
2.630912e+003,1.005447e+002
2.631394e+003,1.005502e+002
2.631875e+003,1.005576e+002
2.632358e+003,1.005660e+002
2.632840e+003,1.005748e+002
2.633322e+003,1.005832e+002
2.633804e+003,1.005906e+002
2.634286e+003,1.005968e+002
2.634769e+003,1.006015e+002
2.635250e+003,1.006044e+002
2.635732e+003,1.006057e+002
2.636215e+003,1.006053e+002
2.636697e+003,1.006038e+002
2.637179e+003,1.006019e+002
2.637661e+003,1.006005e+002
2.638143e+003,1.006012e+002
2.638625e+003,1.006053e+002
2.639107e+003,1.006142e+002
2.639589e+003,1.006288e+002
2.640072e+003,1.006491e+002
2.640554e+003,1.006741e+002
2.641036e+003,1.007016e+002
2.641518e+003,1.007289e+002
2.642000e+003,1.007528e+002
2.642482e+003,1.007707e+002
2.642964e+003,1.007811e+002
2.643446e+003,1.007841e+002
2.643929e+003,1.007810e+002
2.644411e+003,1.007745e+002
2.644893e+003,1.007676e+002
2.645375e+003,1.007633e+002
2.645857e+003,1.007638e+002
2.646339e+003,1.007704e+002
2.646821e+003,1.007831e+002
2.647303e+003,1.008010e+002
2.647786e+003,1.008222e+002
2.648268e+003,1.008449e+002
2.648750e+003,1.008668e+002
2.649232e+003,1.008866e+002
2.649714e+003,1.009035e+002
2.650196e+003,1.009183e+002
2.650678e+003,1.009325e+002
2.651160e+003,1.009485e+002
2.651643e+003,1.009685e+002
2.652125e+003,1.009939e+002
2.652606e+003,1.010245e+002
2.653089e+003,1.010588e+002
2.653571e+003,1.010939e+002
2.654053e+003,1.011265e+002
2.654535e+003,1.011538e+002
2.655017e+003,1.011745e+002
2.655500e+003,1.011890e+002
2.655981e+003,1.011991e+002
2.656463e+003,1.012075e+002
2.656946e+003,1.012169e+002
2.657428e+003,1.012295e+002
2.657910e+003,1.012459e+002
2.658392e+003,1.012660e+002
2.658874e+003,1.012884e+002
2.659356e+003,1.013115e+002
2.659838e+003,1.013335e+002
2.660320e+003,1.013531e+002
2.660803e+003,1.013694e+002
2.661285e+003,1.013824e+002
2.661767e+003,1.013927e+002
2.662249e+003,1.014017e+002
2.662731e+003,1.014111e+002
2.663213e+003,1.014227e+002
2.663695e+003,1.014378e+002
2.664177e+003,1.014570e+002
2.664660e+003,1.014802e+002
2.665142e+003,1.015060e+002
2.665624e+003,1.015329e+002
2.666106e+003,1.015594e+002
2.666588e+003,1.015846e+002
2.667070e+003,1.016080e+002
2.667552e+003,1.016299e+002
2.668034e+003,1.016510e+002
2.668517e+003,1.016717e+002
2.668999e+003,1.016923e+002
2.669481e+003,1.017127e+002
2.669963e+003,1.017328e+002
2.670445e+003,1.017525e+002
2.670927e+003,1.017718e+002
2.671409e+003,1.017908e+002
2.671891e+003,1.018093e+002
2.672374e+003,1.018270e+002
2.672855e+003,1.018427e+002
2.673338e+003,1.018555e+002
2.673820e+003,1.018646e+002
2.674302e+003,1.018699e+002
2.674784e+003,1.018722e+002
2.675266e+003,1.018730e+002
2.675748e+003,1.018739e+002
2.676230e+003,1.018764e+002
2.676712e+003,1.018813e+002
2.677195e+003,1.018881e+002
2.677677e+003,1.018962e+002
2.678159e+003,1.019047e+002
2.678641e+003,1.019132e+002
2.679123e+003,1.019221e+002
2.679605e+003,1.019321e+002
2.680087e+003,1.019443e+002
2.680569e+003,1.019594e+002
2.681052e+003,1.019771e+002
2.681534e+003,1.019966e+002
2.682016e+003,1.020162e+002
2.682498e+003,1.020342e+002
2.682980e+003,1.020490e+002
2.683462e+003,1.020597e+002
2.683944e+003,1.020663e+002
2.684426e+003,1.020692e+002
2.684909e+003,1.020696e+002
2.685391e+003,1.020691e+002
2.685873e+003,1.020689e+002
2.686355e+003,1.020702e+002
2.686837e+003,1.020738e+002
2.687319e+003,1.020798e+002
2.687801e+003,1.020876e+002
2.688283e+003,1.020964e+002
2.688766e+003,1.021048e+002
2.689248e+003,1.021118e+002
2.689729e+003,1.021167e+002
2.690212e+003,1.021193e+002
2.690694e+003,1.021198e+002
2.691176e+003,1.021186e+002
2.691658e+003,1.021158e+002
2.692140e+003,1.021116e+002
2.692623e+003,1.021059e+002
2.693104e+003,1.020984e+002
2.693586e+003,1.020896e+002
2.694069e+003,1.020804e+002
2.694551e+003,1.020719e+002
2.695033e+003,1.020656e+002
2.695515e+003,1.020623e+002
2.695997e+003,1.020622e+002
2.696479e+003,1.020646e+002
2.696961e+003,1.020679e+002
2.697443e+003,1.020708e+002
2.697926e+003,1.020723e+002
2.698408e+003,1.020722e+002
2.698890e+003,1.020710e+002
2.699372e+003,1.020698e+002
2.699854e+003,1.020697e+002
2.700336e+003,1.020712e+002
2.700818e+003,1.020739e+002
2.701300e+003,1.020769e+002
2.701783e+003,1.020787e+002
2.702265e+003,1.020778e+002
2.702747e+003,1.020734e+002
2.703229e+003,1.020653e+002
2.703711e+003,1.020544e+002
2.704193e+003,1.020419e+002
2.704675e+003,1.020295e+002
2.705157e+003,1.020191e+002
2.705640e+003,1.020114e+002
2.706122e+003,1.020069e+002
2.706604e+003,1.020050e+002
2.707086e+003,1.020045e+002
2.707568e+003,1.020041e+002
2.708050e+003,1.020028e+002
2.708532e+003,1.020002e+002
2.709014e+003,1.019971e+002
2.709497e+003,1.019949e+002
2.709979e+003,1.019951e+002
2.710460e+003,1.019985e+002
2.710943e+003,1.020051e+002
2.711425e+003,1.020135e+002
2.711907e+003,1.020214e+002
2.712389e+003,1.020266e+002
2.712871e+003,1.020279e+002
2.713354e+003,1.020253e+002
2.713835e+003,1.020207e+002
2.714317e+003,1.020168e+002
2.714800e+003,1.020164e+002
2.715282e+003,1.020214e+002
2.715764e+003,1.020321e+002
2.716246e+003,1.020472e+002
2.716728e+003,1.020642e+002
2.717210e+003,1.020802e+002
2.717692e+003,1.020926e+002
2.718174e+003,1.021001e+002
2.718657e+003,1.021023e+002
2.719139e+003,1.020999e+002
2.719621e+003,1.020944e+002
2.720103e+003,1.020874e+002
2.720585e+003,1.020804e+002
2.721067e+003,1.020748e+002
2.721549e+003,1.020714e+002
2.722031e+003,1.020707e+002
2.722514e+003,1.020725e+002
2.722996e+003,1.020762e+002
2.723478e+003,1.020808e+002
2.723960e+003,1.020853e+002
2.724442e+003,1.020891e+002
2.724924e+003,1.020923e+002
2.725406e+003,1.020957e+002
2.725888e+003,1.021003e+002
2.726371e+003,1.021073e+002
2.726853e+003,1.021171e+002
2.727335e+003,1.021293e+002
2.727817e+003,1.021429e+002
2.728299e+003,1.021559e+002
2.728781e+003,1.021669e+002
2.729263e+003,1.021748e+002
2.729745e+003,1.021793e+002
2.730228e+003,1.021809e+002
2.730709e+003,1.021805e+002
2.731192e+003,1.021790e+002
2.731674e+003,1.021772e+002
2.732156e+003,1.021757e+002
2.732638e+003,1.021748e+002
2.733120e+003,1.021749e+002
2.733602e+003,1.021766e+002
2.734084e+003,1.021804e+002
2.734566e+003,1.021865e+002
2.735049e+003,1.021944e+002
2.735531e+003,1.022032e+002
2.736013e+003,1.022113e+002
2.736495e+003,1.022175e+002
2.736977e+003,1.022208e+002
2.737459e+003,1.022211e+002
2.737941e+003,1.022192e+002
2.738423e+003,1.022168e+002
2.738906e+003,1.022155e+002
2.739388e+003,1.022171e+002
2.739870e+003,1.022221e+002
2.740352e+003,1.022305e+002
2.740834e+003,1.022414e+002
2.741316e+003,1.022534e+002
2.741798e+003,1.022649e+002
2.742280e+003,1.022746e+002
2.742763e+003,1.022815e+002
2.743245e+003,1.022856e+002
2.743727e+003,1.022872e+002
2.744209e+003,1.022871e+002
2.744691e+003,1.022865e+002
2.745173e+003,1.022866e+002
2.745655e+003,1.022885e+002
2.746137e+003,1.022929e+002
2.746620e+003,1.023002e+002
2.747102e+003,1.023103e+002
2.747583e+003,1.023227e+002
2.748066e+003,1.023367e+002
2.748548e+003,1.023513e+002
2.749030e+003,1.023657e+002
2.749512e+003,1.023789e+002
2.749994e+003,1.023902e+002
2.750477e+003,1.023993e+002
2.750958e+003,1.024062e+002
2.751440e+003,1.024114e+002
2.751923e+003,1.024159e+002
2.752405e+003,1.024207e+002
2.752887e+003,1.024264e+002
2.753369e+003,1.024332e+002
2.753851e+003,1.024404e+002
2.754333e+003,1.024467e+002
2.754815e+003,1.024507e+002
2.755297e+003,1.024515e+002
2.755780e+003,1.024487e+002
2.756262e+003,1.024434e+002
2.756744e+003,1.024375e+002
2.757226e+003,1.024331e+002
2.757708e+003,1.024320e+002
2.758190e+003,1.024350e+002
2.758672e+003,1.024416e+002
2.759154e+003,1.024505e+002
2.759637e+003,1.024591e+002
2.760119e+003,1.024657e+002
2.760601e+003,1.024689e+002
2.761083e+003,1.024683e+002
2.761565e+003,1.024646e+002
2.762047e+003,1.024592e+002
2.762529e+003,1.024536e+002
2.763011e+003,1.024491e+002
2.763494e+003,1.024462e+002
2.763976e+003,1.024451e+002
2.764458e+003,1.024452e+002
2.764940e+003,1.024457e+002
2.765422e+003,1.024459e+002
2.765904e+003,1.024450e+002
2.766386e+003,1.024431e+002
2.766868e+003,1.024404e+002
2.767351e+003,1.024376e+002
2.767833e+003,1.024359e+002
2.768314e+003,1.024360e+002
2.768797e+003,1.024388e+002
2.769279e+003,1.024441e+002
2.769761e+003,1.024515e+002
2.770243e+003,1.024598e+002
2.770725e+003,1.024677e+002
2.771208e+003,1.024740e+002
2.771689e+003,1.024783e+002
2.772171e+003,1.024804e+002
2.772654e+003,1.024813e+002
2.773136e+003,1.024818e+002
2.773618e+003,1.024830e+002
2.774100e+003,1.024856e+002
2.774582e+003,1.024898e+002
2.775064e+003,1.024954e+002
2.775546e+003,1.025018e+002
2.776028e+003,1.025085e+002
2.776511e+003,1.025150e+002
2.776993e+003,1.025211e+002
2.777475e+003,1.025269e+002
2.777957e+003,1.025325e+002
2.778439e+003,1.025385e+002
2.778921e+003,1.025452e+002
2.779403e+003,1.025531e+002
2.779885e+003,1.025627e+002
2.780368e+003,1.025740e+002
2.780850e+003,1.025872e+002
2.781332e+003,1.026019e+002
2.781814e+003,1.026173e+002
2.782296e+003,1.026321e+002
2.782778e+003,1.026450e+002
2.783260e+003,1.026547e+002
2.783742e+003,1.026599e+002
2.784225e+003,1.026603e+002
2.784707e+003,1.026560e+002
2.785189e+003,1.026478e+002
2.785671e+003,1.026371e+002
2.786153e+003,1.026257e+002
2.786635e+003,1.026151e+002
2.787117e+003,1.026068e+002
2.787599e+003,1.026013e+002
2.788082e+003,1.025986e+002
2.788563e+003,1.025983e+002
2.789046e+003,1.025994e+002
2.789528e+003,1.026012e+002
2.790010e+003,1.026032e+002
2.790492e+003,1.026059e+002
2.790974e+003,1.026099e+002
2.791456e+003,1.026162e+002
2.791938e+003,1.026255e+002
2.792420e+003,1.026378e+002
2.792903e+003,1.026524e+002
2.793385e+003,1.026673e+002
2.793867e+003,1.026803e+002
2.794349e+003,1.026894e+002
2.794831e+003,1.026929e+002
2.795313e+003,1.026908e+002
2.795795e+003,1.026837e+002
2.796277e+003,1.026739e+002
2.796760e+003,1.026638e+002
2.797242e+003,1.026558e+002
2.797724e+003,1.026517e+002
2.798206e+003,1.026520e+002
2.798688e+003,1.026564e+002
2.799170e+003,1.026633e+002
2.799652e+003,1.026706e+002
2.800134e+003,1.026764e+002
2.800617e+003,1.026792e+002
2.801099e+003,1.026786e+002
2.801581e+003,1.026753e+002
2.802063e+003,1.026705e+002
2.802545e+003,1.026662e+002
2.803027e+003,1.026642e+002
2.803509e+003,1.026655e+002
2.803991e+003,1.026701e+002
2.804474e+003,1.026772e+002
2.804956e+003,1.026849e+002
2.805438e+003,1.026915e+002
2.805920e+003,1.026957e+002
2.806402e+003,1.026973e+002
2.806884e+003,1.026970e+002
2.807366e+003,1.026965e+002
2.807848e+003,1.026981e+002
2.808331e+003,1.027032e+002
2.808813e+003,1.027125e+002
2.809294e+003,1.027256e+002
2.809777e+003,1.027407e+002
2.810259e+003,1.027556e+002
2.810741e+003,1.027681e+002
2.811223e+003,1.027766e+002
2.811705e+003,1.027808e+002
2.812188e+003,1.027815e+002
2.812669e+003,1.027799e+002
2.813151e+003,1.027780e+002
2.813634e+003,1.027771e+002
2.814116e+003,1.027778e+002
2.814598e+003,1.027799e+002
2.815080e+003,1.027825e+002
2.815562e+003,1.027847e+002
2.816044e+003,1.027856e+002
2.816526e+003,1.027847e+002
2.817008e+003,1.027827e+002
2.817491e+003,1.027801e+002
2.817973e+003,1.027781e+002
2.818455e+003,1.027773e+002
2.818937e+003,1.027780e+002
2.819419e+003,1.027802e+002
2.819901e+003,1.027835e+002
2.820383e+003,1.027873e+002
2.820865e+003,1.027915e+002
2.821348e+003,1.027959e+002
2.821830e+003,1.028005e+002
2.822312e+003,1.028051e+002
2.822794e+003,1.028094e+002
2.823276e+003,1.028126e+002
2.823758e+003,1.028141e+002
2.824240e+003,1.028137e+002
2.824722e+003,1.028117e+002
2.825205e+003,1.028092e+002
2.825687e+003,1.028076e+002
2.826168e+003,1.028085e+002
2.826651e+003,1.028132e+002
2.827133e+003,1.028218e+002
2.827615e+003,1.028339e+002
2.828097e+003,1.028481e+002
2.828579e+003,1.028630e+002
2.829062e+003,1.028776e+002
2.829543e+003,1.028913e+002
2.830025e+003,1.029046e+002
2.830508e+003,1.029177e+002
2.830990e+003,1.029312e+002
2.831472e+003,1.029450e+002
2.831954e+003,1.029585e+002
2.832436e+003,1.029705e+002
2.832918e+003,1.029799e+002
2.833400e+003,1.029862e+002
2.833882e+003,1.029890e+002
2.834365e+003,1.029887e+002
2.834847e+003,1.029861e+002
2.835329e+003,1.029819e+002
2.835811e+003,1.029765e+002
2.836293e+003,1.029705e+002
2.836775e+003,1.029644e+002
2.837257e+003,1.029595e+002
2.837739e+003,1.029573e+002
2.838222e+003,1.029598e+002
2.838704e+003,1.029687e+002
2.839186e+003,1.029849e+002
2.839668e+003,1.030076e+002
2.840150e+003,1.030342e+002
2.840632e+003,1.030612e+002
2.841114e+003,1.030843e+002
2.841596e+003,1.031003e+002
2.842079e+003,1.031074e+002
2.842561e+003,1.031059e+002
2.843043e+003,1.030979e+002
2.843525e+003,1.030868e+002
2.844007e+003,1.030757e+002
2.844489e+003,1.030672e+002
2.844971e+003,1.030624e+002
2.845453e+003,1.030616e+002
2.845936e+003,1.030640e+002
2.846417e+003,1.030690e+002
2.846900e+003,1.030762e+002
2.847382e+003,1.030854e+002
2.847864e+003,1.030965e+002
2.848346e+003,1.031088e+002
2.848828e+003,1.031210e+002
2.849310e+003,1.031315e+002
2.849792e+003,1.031383e+002
2.850274e+003,1.031404e+002
2.850757e+003,1.031377e+002
2.851239e+003,1.031318e+002
2.851721e+003,1.031250e+002
2.852203e+003,1.031198e+002
2.852685e+003,1.031180e+002
2.853167e+003,1.031198e+002
2.853649e+003,1.031238e+002
2.854131e+003,1.031278e+002
2.854614e+003,1.031290e+002
2.855096e+003,1.031255e+002
2.855578e+003,1.031169e+002
2.856060e+003,1.031040e+002
2.856542e+003,1.030888e+002
2.857024e+003,1.030737e+002
2.857506e+003,1.030609e+002
2.857988e+003,1.030518e+002
2.858471e+003,1.030471e+002
2.858953e+003,1.030468e+002
2.859435e+003,1.030503e+002
2.859917e+003,1.030570e+002
2.860399e+003,1.030662e+002
2.860881e+003,1.030769e+002
2.861363e+003,1.030879e+002
2.861845e+003,1.030983e+002
2.862328e+003,1.031072e+002
2.862810e+003,1.031142e+002
2.863292e+003,1.031197e+002
2.863774e+003,1.031245e+002
2.864256e+003,1.031292e+002
2.864738e+003,1.031344e+002
2.865220e+003,1.031400e+002
2.865702e+003,1.031450e+002
2.866185e+003,1.031484e+002
2.866667e+003,1.031488e+002
2.867148e+003,1.031456e+002
2.867631e+003,1.031388e+002
2.868113e+003,1.031291e+002
2.868595e+003,1.031172e+002
2.869077e+003,1.031042e+002
2.869559e+003,1.030905e+002
2.870042e+003,1.030767e+002
2.870523e+003,1.030634e+002
2.871005e+003,1.030518e+002
2.871488e+003,1.030436e+002
2.871970e+003,1.030407e+002
2.872452e+003,1.030446e+002
2.872934e+003,1.030559e+002
2.873416e+003,1.030734e+002
2.873898e+003,1.030947e+002
2.874380e+003,1.031164e+002
2.874862e+003,1.031353e+002
2.875345e+003,1.031493e+002
2.875827e+003,1.031581e+002
2.876309e+003,1.031628e+002
2.876791e+003,1.031661e+002
2.877273e+003,1.031705e+002
2.877755e+003,1.031780e+002
2.878237e+003,1.031894e+002
2.878719e+003,1.032044e+002
2.879202e+003,1.032216e+002
2.879684e+003,1.032393e+002
2.880166e+003,1.032560e+002
2.880648e+003,1.032708e+002
2.881130e+003,1.032828e+002
2.881612e+003,1.032916e+002
2.882094e+003,1.032969e+002
2.882576e+003,1.032983e+002
2.883059e+003,1.032958e+002
2.883541e+003,1.032898e+002
2.884023e+003,1.032816e+002
2.884505e+003,1.032730e+002
2.884987e+003,1.032664e+002
2.885469e+003,1.032639e+002
2.885951e+003,1.032672e+002
2.886433e+003,1.032768e+002
2.886916e+003,1.032920e+002
2.887397e+003,1.033108e+002
2.887880e+003,1.033304e+002
2.888362e+003,1.033478e+002
2.888844e+003,1.033603e+002
2.889326e+003,1.033664e+002
2.889808e+003,1.033656e+002
2.890290e+003,1.033587e+002
2.890772e+003,1.033476e+002
2.891254e+003,1.033346e+002
2.891737e+003,1.033219e+002
2.892219e+003,1.033112e+002
2.892701e+003,1.033033e+002
2.893183e+003,1.032978e+002
2.893665e+003,1.032940e+002
2.894147e+003,1.032907e+002
2.894629e+003,1.032876e+002
2.895111e+003,1.032846e+002
2.895594e+003,1.032826e+002
2.896076e+003,1.032830e+002
2.896558e+003,1.032871e+002
2.897040e+003,1.032953e+002
2.897522e+003,1.033075e+002
2.898004e+003,1.033224e+002
2.898486e+003,1.033378e+002
2.898968e+003,1.033516e+002
2.899451e+003,1.033620e+002
2.899933e+003,1.033680e+002
2.900415e+003,1.033699e+002
2.900897e+003,1.033686e+002
2.901379e+003,1.033654e+002
2.901861e+003,1.033618e+002
2.902343e+003,1.033584e+002
2.902825e+003,1.033556e+002
2.903308e+003,1.033529e+002
2.903790e+003,1.033499e+002
2.904271e+003,1.033460e+002
2.904754e+003,1.033411e+002
2.905236e+003,1.033356e+002
2.905718e+003,1.033300e+002
2.906200e+003,1.033252e+002
2.906682e+003,1.033221e+002
2.907165e+003,1.033213e+002
2.907646e+003,1.033232e+002
2.908128e+003,1.033281e+002
2.908611e+003,1.033360e+002
2.909093e+003,1.033467e+002
2.909575e+003,1.033595e+002
2.910057e+003,1.033732e+002
2.910539e+003,1.033864e+002
2.911021e+003,1.033974e+002
2.911503e+003,1.034051e+002
2.911985e+003,1.034088e+002
2.912468e+003,1.034090e+002
2.912950e+003,1.034072e+002
2.913432e+003,1.034052e+002
2.913914e+003,1.034045e+002
2.914396e+003,1.034059e+002
2.914878e+003,1.034091e+002
2.915360e+003,1.034126e+002
2.915842e+003,1.034142e+002
2.916325e+003,1.034122e+002
2.916807e+003,1.034061e+002
2.917289e+003,1.033964e+002
2.917771e+003,1.033852e+002
2.918253e+003,1.033751e+002
2.918735e+003,1.033684e+002
2.919217e+003,1.033664e+002
2.919699e+003,1.033693e+002
2.920182e+003,1.033757e+002
2.920664e+003,1.033836e+002
2.921146e+003,1.033908e+002
2.921628e+003,1.033957e+002
2.922110e+003,1.033973e+002
2.922592e+003,1.033956e+002
2.923074e+003,1.033911e+002
2.923556e+003,1.033847e+002
2.924039e+003,1.033773e+002
2.924521e+003,1.033698e+002
2.925002e+003,1.033629e+002
2.925485e+003,1.033570e+002
2.925967e+003,1.033523e+002
2.926449e+003,1.033482e+002
2.926931e+003,1.033442e+002
2.927413e+003,1.033394e+002
2.927896e+003,1.033330e+002
2.928377e+003,1.033251e+002
2.928859e+003,1.033159e+002
2.929342e+003,1.033068e+002
2.929824e+003,1.032989e+002
2.930306e+003,1.032934e+002
2.930788e+003,1.032909e+002
2.931270e+003,1.032912e+002
2.931752e+003,1.032938e+002
2.932234e+003,1.032978e+002
2.932716e+003,1.033026e+002
2.933199e+003,1.033078e+002
2.933681e+003,1.033143e+002
2.934163e+003,1.033214e+002
2.934645e+003,1.033291e+002
2.935127e+003,1.033373e+002
2.935609e+003,1.033453e+002
2.936091e+003,1.033524e+002
2.936573e+003,1.033580e+002
2.937056e+003,1.033617e+002
2.937538e+003,1.033636e+002
2.938020e+003,1.033637e+002
2.938502e+003,1.033621e+002
2.938984e+003,1.033587e+002
2.939466e+003,1.033529e+002
2.939948e+003,1.033442e+002
2.940430e+003,1.033325e+002
2.940913e+003,1.033180e+002
2.941395e+003,1.033018e+002
2.941877e+003,1.032852e+002
2.942359e+003,1.032699e+002
2.942841e+003,1.032572e+002
2.943323e+003,1.032476e+002
2.943805e+003,1.032410e+002
2.944287e+003,1.032364e+002
2.944770e+003,1.032323e+002
2.945251e+003,1.032274e+002
2.945734e+003,1.032208e+002
2.946216e+003,1.032123e+002
2.946698e+003,1.032026e+002
2.947180e+003,1.031931e+002
2.947662e+003,1.031854e+002
2.948144e+003,1.031811e+002
2.948626e+003,1.031812e+002
2.949108e+003,1.031856e+002
2.949591e+003,1.031935e+002
2.950073e+003,1.032032e+002
2.950555e+003,1.032124e+002
2.951037e+003,1.032195e+002
2.951519e+003,1.032229e+002
2.952001e+003,1.032224e+002
2.952483e+003,1.032184e+002
2.952965e+003,1.032121e+002
2.953448e+003,1.032049e+002
2.953930e+003,1.031982e+002
2.954412e+003,1.031930e+002
2.954894e+003,1.031901e+002
2.955376e+003,1.031901e+002
2.955858e+003,1.031932e+002
2.956340e+003,1.031995e+002
2.956822e+003,1.032082e+002
2.957305e+003,1.032182e+002
2.957787e+003,1.032277e+002
2.958269e+003,1.032343e+002
2.958751e+003,1.032359e+002
2.959233e+003,1.032311e+002
2.959715e+003,1.032197e+002
2.960197e+003,1.032027e+002
2.960679e+003,1.031820e+002
2.961162e+003,1.031602e+002
2.961644e+003,1.031392e+002
2.962125e+003,1.031202e+002
2.962608e+003,1.031037e+002
2.963090e+003,1.030891e+002
2.963572e+003,1.030758e+002
2.964054e+003,1.030633e+002
2.964536e+003,1.030514e+002
2.965019e+003,1.030401e+002
2.965500e+003,1.030297e+002
2.965982e+003,1.030199e+002
2.966465e+003,1.030105e+002
2.966947e+003,1.030010e+002
2.967429e+003,1.029910e+002
2.967911e+003,1.029804e+002
2.968393e+003,1.029698e+002
2.968875e+003,1.029596e+002
2.969357e+003,1.029505e+002
2.969839e+003,1.029429e+002
2.970322e+003,1.029367e+002
2.970804e+003,1.029315e+002
2.971286e+003,1.029268e+002
2.971768e+003,1.029222e+002
2.972250e+003,1.029174e+002
2.972732e+003,1.029121e+002
2.973214e+003,1.029063e+002
2.973696e+003,1.029001e+002
2.974179e+003,1.028939e+002
2.974661e+003,1.028882e+002
2.975143e+003,1.028841e+002
2.975625e+003,1.028827e+002
2.976107e+003,1.028848e+002
2.976589e+003,1.028906e+002
2.977071e+003,1.028991e+002
2.977553e+003,1.029082e+002
2.978036e+003,1.029152e+002
2.978518e+003,1.029175e+002
2.979000e+003,1.029138e+002
2.979482e+003,1.029044e+002
2.979964e+003,1.028913e+002
2.980446e+003,1.028779e+002
2.980928e+003,1.028678e+002
2.981410e+003,1.028637e+002
2.981893e+003,1.028666e+002
2.982375e+003,1.028758e+002
2.982856e+003,1.028896e+002
2.983339e+003,1.029057e+002
2.983821e+003,1.029223e+002
2.984303e+003,1.029387e+002
2.984785e+003,1.029551e+002
2.985267e+003,1.029721e+002
2.985750e+003,1.029902e+002
2.986231e+003,1.030092e+002
2.986713e+003,1.030279e+002
2.987196e+003,1.030446e+002
2.987678e+003,1.030575e+002
2.988160e+003,1.030655e+002
2.988642e+003,1.030681e+002
2.989124e+003,1.030663e+002
2.989606e+003,1.030618e+002
2.990088e+003,1.030567e+002
2.990570e+003,1.030533e+002
2.991053e+003,1.030529e+002
2.991535e+003,1.030564e+002
2.992017e+003,1.030637e+002
2.992499e+003,1.030739e+002
2.992981e+003,1.030861e+002
2.993463e+003,1.030992e+002
2.993945e+003,1.031122e+002
2.994427e+003,1.031250e+002
2.994910e+003,1.031378e+002
2.995392e+003,1.031508e+002
2.995874e+003,1.031647e+002
2.996356e+003,1.031795e+002
2.996838e+003,1.031948e+002
2.997320e+003,1.032096e+002
2.997802e+003,1.032226e+002
2.998284e+003,1.032323e+002
2.998767e+003,1.032378e+002
2.999249e+003,1.032387e+002
2.999731e+003,1.032355e+002
3.000213e+003,1.032293e+002
3.000695e+003,1.032219e+002
3.001177e+003,1.032154e+002
3.001659e+003,1.032115e+002
3.002141e+003,1.032119e+002
3.002624e+003,1.032171e+002
3.003105e+003,1.032271e+002
3.003588e+003,1.032408e+002
3.004070e+003,1.032564e+002
3.004552e+003,1.032716e+002
3.005034e+003,1.032841e+002
3.005516e+003,1.032919e+002
3.005998e+003,1.032938e+002
3.006480e+003,1.032897e+002
3.006962e+003,1.032803e+002
3.007445e+003,1.032672e+002
3.007927e+003,1.032526e+002
3.008409e+003,1.032389e+002
3.008891e+003,1.032285e+002
3.009373e+003,1.032232e+002
3.009855e+003,1.032246e+002
3.010337e+003,1.032337e+002
3.010819e+003,1.032501e+002
3.011302e+003,1.032725e+002
3.011784e+003,1.032987e+002
3.012266e+003,1.033256e+002
3.012748e+003,1.033499e+002
3.013230e+003,1.033690e+002
3.013712e+003,1.033811e+002
3.014194e+003,1.033858e+002
3.014676e+003,1.033837e+002
3.015159e+003,1.033763e+002
3.015641e+003,1.033655e+002
3.016123e+003,1.033530e+002
3.016605e+003,1.033403e+002
3.017087e+003,1.033285e+002
3.017569e+003,1.033187e+002
3.018051e+003,1.033120e+002
3.018533e+003,1.033089e+002
3.019016e+003,1.033102e+002
3.019498e+003,1.033156e+002
3.019979e+003,1.033242e+002
3.020462e+003,1.033347e+002
3.020944e+003,1.033451e+002
3.021426e+003,1.033537e+002
3.021908e+003,1.033593e+002
3.022390e+003,1.033615e+002
3.022873e+003,1.033604e+002
3.023354e+003,1.033570e+002
3.023836e+003,1.033521e+002
3.024319e+003,1.033465e+002
3.024801e+003,1.033405e+002
3.025283e+003,1.033342e+002
3.025765e+003,1.033277e+002
3.026247e+003,1.033208e+002
3.026729e+003,1.033135e+002
3.027211e+003,1.033064e+002
3.027693e+003,1.033003e+002
3.028176e+003,1.032961e+002
3.028658e+003,1.032950e+002
3.029140e+003,1.032980e+002
3.029622e+003,1.033051e+002
3.030104e+003,1.033156e+002
3.030586e+003,1.033272e+002
3.031068e+003,1.033371e+002
3.031550e+003,1.033423e+002
3.032033e+003,1.033407e+002
3.032515e+003,1.033322e+002
3.032997e+003,1.033187e+002
3.033479e+003,1.033043e+002
3.033961e+003,1.032936e+002
3.034443e+003,1.032906e+002
3.034925e+003,1.032974e+002
3.035407e+003,1.033135e+002
3.035890e+003,1.033360e+002
3.036372e+003,1.033603e+002
3.036854e+003,1.033819e+002
3.037336e+003,1.033971e+002
3.037818e+003,1.034039e+002
3.038300e+003,1.034021e+002
3.038782e+003,1.033926e+002
3.039264e+003,1.033772e+002
3.039747e+003,1.033577e+002
3.040229e+003,1.033364e+002
3.040710e+003,1.033154e+002
3.041193e+003,1.032975e+002
3.041675e+003,1.032850e+002
3.042157e+003,1.032800e+002
3.042639e+003,1.032832e+002
3.043121e+003,1.032941e+002
3.043604e+003,1.033109e+002
3.044085e+003,1.033307e+002
3.044567e+003,1.033512e+002
3.045050e+003,1.033703e+002
3.045532e+003,1.033873e+002
3.046014e+003,1.034022e+002
3.046496e+003,1.034148e+002
3.046978e+003,1.034250e+002
3.047460e+003,1.034318e+002
3.047942e+003,1.034345e+002
3.048424e+003,1.034327e+002
3.048907e+003,1.034274e+002
3.049389e+003,1.034208e+002
3.049871e+003,1.034160e+002
3.050353e+003,1.034159e+002
3.050835e+003,1.034222e+002
3.051317e+003,1.034349e+002
3.051799e+003,1.034524e+002
3.052281e+003,1.034722e+002
3.052764e+003,1.034918e+002
3.053246e+003,1.035095e+002
3.053728e+003,1.035243e+002
3.054210e+003,1.035362e+002
3.054692e+003,1.035455e+002
3.055174e+003,1.035523e+002
3.055656e+003,1.035568e+002
3.056138e+003,1.035595e+002
3.056621e+003,1.035614e+002
3.057103e+003,1.035645e+002
3.057585e+003,1.035708e+002
3.058067e+003,1.035821e+002
3.058549e+003,1.035986e+002
3.059031e+003,1.036186e+002
3.059513e+003,1.036392e+002
3.059995e+003,1.036568e+002
3.060478e+003,1.036686e+002
3.060959e+003,1.036738e+002
3.061442e+003,1.036732e+002
3.061924e+003,1.036695e+002
3.062406e+003,1.036654e+002
3.062888e+003,1.036631e+002
3.063370e+003,1.036632e+002
3.063852e+003,1.036654e+002
3.064334e+003,1.036687e+002
3.064816e+003,1.036727e+002
3.065299e+003,1.036776e+002
3.065781e+003,1.036844e+002
3.066263e+003,1.036940e+002
3.066745e+003,1.037066e+002
3.067227e+003,1.037209e+002
3.067709e+003,1.037348e+002
3.068191e+003,1.037457e+002
3.068673e+003,1.037514e+002
3.069156e+003,1.037513e+002
3.069638e+003,1.037459e+002
3.070120e+003,1.037369e+002
3.070602e+003,1.037265e+002
3.071084e+003,1.037164e+002
3.071566e+003,1.037078e+002
3.072048e+003,1.037014e+002
3.072530e+003,1.036971e+002
3.073013e+003,1.036951e+002
3.073495e+003,1.036950e+002
3.073977e+003,1.036965e+002
3.074459e+003,1.036988e+002
3.074941e+003,1.037008e+002
3.075423e+003,1.037017e+002
3.075905e+003,1.037010e+002
3.076387e+003,1.036990e+002
3.076870e+003,1.036966e+002
3.077352e+003,1.036952e+002
3.077833e+003,1.036954e+002
3.078316e+003,1.036972e+002
3.078798e+003,1.036992e+002
3.079280e+003,1.036998e+002
3.079762e+003,1.036978e+002
3.080244e+003,1.036936e+002
3.080727e+003,1.036893e+002
3.081208e+003,1.036882e+002
3.081690e+003,1.036940e+002
3.082173e+003,1.037087e+002
3.082655e+003,1.037322e+002
3.083137e+003,1.037614e+002
3.083619e+003,1.037917e+002
3.084101e+003,1.038180e+002
3.084583e+003,1.038364e+002
3.085065e+003,1.038451e+002
3.085547e+003,1.038451e+002
3.086030e+003,1.038392e+002
3.086512e+003,1.038313e+002
3.086994e+003,1.038251e+002
3.087476e+003,1.038235e+002
3.087958e+003,1.038281e+002
3.088440e+003,1.038392e+002
3.088922e+003,1.038561e+002
3.089404e+003,1.038770e+002
3.089887e+003,1.039001e+002
3.090369e+003,1.039229e+002
3.090851e+003,1.039436e+002
3.091333e+003,1.039611e+002
3.091815e+003,1.039758e+002
3.092297e+003,1.039887e+002
3.092779e+003,1.040019e+002
3.093261e+003,1.040168e+002
3.093744e+003,1.040334e+002
3.094226e+003,1.040501e+002
3.094708e+003,1.040639e+002
3.095190e+003,1.040713e+002
3.095672e+003,1.040694e+002
3.096154e+003,1.040579e+002
3.096636e+003,1.040388e+002
3.097118e+003,1.040161e+002
3.097601e+003,1.039946e+002
3.098083e+003,1.039784e+002
3.098564e+003,1.039696e+002
3.099047e+003,1.039683e+002
3.099529e+003,1.039728e+002
3.100011e+003,1.039802e+002
3.100493e+003,1.039882e+002
3.100975e+003,1.039950e+002
3.101458e+003,1.039999e+002
3.101939e+003,1.040032e+002
3.102421e+003,1.040051e+002
3.102904e+003,1.040061e+002
3.103386e+003,1.040068e+002
3.103868e+003,1.040075e+002
3.104350e+003,1.040086e+002
3.104832e+003,1.040108e+002
3.105314e+003,1.040143e+002
3.105796e+003,1.040188e+002
3.106278e+003,1.040235e+002
3.106761e+003,1.040272e+002
3.107243e+003,1.040283e+002
3.107725e+003,1.040261e+002
3.108207e+003,1.040203e+002
3.108689e+003,1.040111e+002
3.109171e+003,1.039996e+002
3.109653e+003,1.039866e+002
3.110135e+003,1.039727e+002
3.110618e+003,1.039583e+002
3.111100e+003,1.039440e+002
3.111582e+003,1.039307e+002
3.112064e+003,1.039201e+002
3.112546e+003,1.039138e+002
3.113028e+003,1.039134e+002
3.113510e+003,1.039194e+002
3.113992e+003,1.039308e+002
3.114475e+003,1.039452e+002
3.114957e+003,1.039596e+002
3.115439e+003,1.039714e+002
3.115921e+003,1.039788e+002
3.116403e+003,1.039818e+002
3.116885e+003,1.039816e+002
3.117367e+003,1.039800e+002
3.117850e+003,1.039786e+002
3.118332e+003,1.039781e+002
3.118813e+003,1.039786e+002
3.119296e+003,1.039798e+002
3.119778e+003,1.039814e+002
3.120260e+003,1.039843e+002
3.120742e+003,1.039895e+002
3.121224e+003,1.039985e+002
3.121707e+003,1.040121e+002
3.122188e+003,1.040298e+002
3.122670e+003,1.040501e+002
3.123153e+003,1.040703e+002
3.123635e+003,1.040879e+002
3.124117e+003,1.041012e+002
3.124599e+003,1.041098e+002
3.125081e+003,1.041144e+002
3.125563e+003,1.041164e+002
3.126045e+003,1.041170e+002
3.126527e+003,1.041167e+002
3.127010e+003,1.041151e+002
3.127492e+003,1.041110e+002
3.127974e+003,1.041037e+002
3.128456e+003,1.040930e+002
3.128938e+003,1.040802e+002
3.129420e+003,1.040676e+002
3.129902e+003,1.040584e+002
3.130384e+003,1.040554e+002
3.130867e+003,1.040608e+002
3.131349e+003,1.040749e+002
3.131831e+003,1.040967e+002
3.132313e+003,1.041236e+002
3.132795e+003,1.041523e+002
3.133277e+003,1.041792e+002
3.133759e+003,1.042015e+002
3.134241e+003,1.042173e+002
3.134724e+003,1.042260e+002
3.135206e+003,1.042284e+002
3.135688e+003,1.042258e+002
3.136170e+003,1.042203e+002
3.136652e+003,1.042137e+002
3.137134e+003,1.042074e+002
3.137616e+003,1.042021e+002
3.138098e+003,1.041978e+002
3.138581e+003,1.041938e+002
3.139063e+003,1.041894e+002
3.139544e+003,1.041841e+002
3.140027e+003,1.041783e+002
3.140509e+003,1.041730e+002
3.140991e+003,1.041703e+002
3.141473e+003,1.041727e+002
3.141955e+003,1.041822e+002
3.142438e+003,1.042006e+002
3.142919e+003,1.042281e+002
3.143401e+003,1.042636e+002
3.143884e+003,1.043047e+002
3.144366e+003,1.043482e+002
3.144848e+003,1.043906e+002
3.145330e+003,1.044285e+002
3.145812e+003,1.044595e+002
3.146294e+003,1.044822e+002
3.146776e+003,1.044963e+002
3.147258e+003,1.045025e+002
3.147741e+003,1.045019e+002
3.148223e+003,1.044962e+002
3.148705e+003,1.044870e+002
3.149187e+003,1.044758e+002
3.149669e+003,1.044642e+002
3.150151e+003,1.044535e+002
3.150633e+003,1.044446e+002
3.151115e+003,1.044387e+002
3.151598e+003,1.044362e+002
3.152080e+003,1.044376e+002
3.152562e+003,1.044429e+002
3.153044e+003,1.044518e+002
3.153526e+003,1.044642e+002
3.154008e+003,1.044795e+002
3.154490e+003,1.044974e+002
3.154972e+003,1.045177e+002
3.155455e+003,1.045398e+002
3.155937e+003,1.045637e+002
3.156419e+003,1.045888e+002
3.156901e+003,1.046149e+002
3.157383e+003,1.046413e+002
3.157865e+003,1.046672e+002
3.158347e+003,1.046915e+002
3.158829e+003,1.047126e+002
3.159312e+003,1.047289e+002
3.159793e+003,1.047390e+002
3.160276e+003,1.047417e+002
3.160758e+003,1.047366e+002
3.161240e+003,1.047245e+002
3.161722e+003,1.047071e+002
3.162204e+003,1.046869e+002
3.162686e+003,1.046665e+002
3.163168e+003,1.046485e+002
3.163650e+003,1.046350e+002
3.164133e+003,1.046272e+002
3.164615e+003,1.046254e+002
3.165097e+003,1.046296e+002
3.165579e+003,1.046394e+002
3.166061e+003,1.046538e+002
3.166543e+003,1.046718e+002
3.167025e+003,1.046916e+002
3.167507e+003,1.047111e+002
3.167990e+003,1.047279e+002
3.168472e+003,1.047396e+002
3.168954e+003,1.047448e+002
3.169436e+003,1.047432e+002
3.169918e+003,1.047361e+002
3.170400e+003,1.047260e+002
3.170882e+003,1.047163e+002
3.171364e+003,1.047096e+002
3.171847e+003,1.047074e+002
3.172329e+003,1.047099e+002
3.172811e+003,1.047155e+002
3.173293e+003,1.047221e+002
3.173775e+003,1.047280e+002
3.174257e+003,1.047325e+002
3.174739e+003,1.047367e+002
3.175221e+003,1.047425e+002
3.175704e+003,1.047524e+002
3.176186e+003,1.047678e+002
3.176667e+003,1.047888e+002
3.177150e+003,1.048135e+002
3.177632e+003,1.048388e+002
3.178114e+003,1.048613e+002
3.178596e+003,1.048786e+002
3.179078e+003,1.048902e+002
3.179561e+003,1.048972e+002
3.180042e+003,1.049023e+002
3.180524e+003,1.049085e+002
3.181007e+003,1.049181e+002
3.181489e+003,1.049318e+002
3.181971e+003,1.049490e+002
3.182453e+003,1.049680e+002
3.182935e+003,1.049867e+002
3.183417e+003,1.050034e+002
3.183899e+003,1.050171e+002
3.184381e+003,1.050277e+002
3.184864e+003,1.050355e+002
3.185346e+003,1.050409e+002
3.185828e+003,1.050445e+002
3.186310e+003,1.050466e+002
3.186792e+003,1.050480e+002
3.187274e+003,1.050494e+002
3.187756e+003,1.050523e+002
3.188238e+003,1.050578e+002
3.188721e+003,1.050667e+002
3.189203e+003,1.050791e+002
3.189685e+003,1.050940e+002
3.190167e+003,1.051097e+002
3.190649e+003,1.051241e+002
3.191131e+003,1.051353e+002
3.191613e+003,1.051417e+002
3.192095e+003,1.051431e+002
3.192578e+003,1.051395e+002
3.193060e+003,1.051323e+002
3.193542e+003,1.051227e+002
3.194024e+003,1.051127e+002
3.194506e+003,1.051042e+002
3.194988e+003,1.050990e+002
3.195470e+003,1.050984e+002
3.195952e+003,1.051031e+002
3.196435e+003,1.051124e+002
3.196917e+003,1.051249e+002
3.197398e+003,1.051384e+002
3.197881e+003,1.051509e+002
3.198363e+003,1.051613e+002
3.198845e+003,1.051694e+002
3.199327e+003,1.051763e+002
3.199809e+003,1.051835e+002
3.200292e+003,1.051923e+002
3.200773e+003,1.052027e+002
3.201255e+003,1.052136e+002
3.201738e+003,1.052232e+002
3.202220e+003,1.052298e+002
3.202702e+003,1.052325e+002
3.203184e+003,1.052323e+002
3.203666e+003,1.052309e+002
3.204148e+003,1.052307e+002
3.204630e+003,1.052332e+002
3.205112e+003,1.052386e+002
3.205595e+003,1.052456e+002
3.206077e+003,1.052522e+002
3.206559e+003,1.052568e+002
3.207041e+003,1.052593e+002
3.207523e+003,1.052608e+002
3.208005e+003,1.052635e+002
3.208487e+003,1.052694e+002
3.208969e+003,1.052791e+002
3.209452e+003,1.052917e+002
3.209934e+003,1.053047e+002
3.210416e+003,1.053155e+002
3.210898e+003,1.053224e+002
3.211380e+003,1.053258e+002
3.211862e+003,1.053279e+002
3.212344e+003,1.053321e+002
3.212826e+003,1.053408e+002
3.213309e+003,1.053553e+002
3.213791e+003,1.053744e+002
3.214273e+003,1.053951e+002
3.214755e+003,1.054141e+002
3.215237e+003,1.054284e+002
3.215719e+003,1.054369e+002
3.216201e+003,1.054402e+002
3.216683e+003,1.054401e+002
3.217166e+003,1.054387e+002
3.217647e+003,1.054375e+002
3.218130e+003,1.054371e+002
3.218612e+003,1.054369e+002
3.219094e+003,1.054360e+002
3.219576e+003,1.054335e+002
3.220058e+003,1.054289e+002
3.220540e+003,1.054221e+002
3.221022e+003,1.054140e+002
3.221504e+003,1.054058e+002
3.221987e+003,1.053993e+002
3.222469e+003,1.053962e+002
3.222951e+003,1.053981e+002
3.223433e+003,1.054060e+002
3.223915e+003,1.054194e+002
3.224397e+003,1.054366e+002
3.224879e+003,1.054546e+002
3.225361e+003,1.054698e+002
3.225844e+003,1.054794e+002
3.226326e+003,1.054820e+002
3.226808e+003,1.054784e+002
3.227290e+003,1.054712e+002
3.227772e+003,1.054639e+002
3.228254e+003,1.054596e+002
3.228736e+003,1.054602e+002
3.229218e+003,1.054657e+002
3.229701e+003,1.054749e+002
3.230183e+003,1.054855e+002
3.230665e+003,1.054960e+002
3.231147e+003,1.055055e+002
3.231629e+003,1.055140e+002
3.232111e+003,1.055222e+002
3.232593e+003,1.055303e+002
3.233075e+003,1.055386e+002
3.233558e+003,1.055472e+002
3.234040e+003,1.055562e+002
3.234521e+003,1.055662e+002
3.235004e+003,1.055781e+002
3.235486e+003,1.055927e+002
3.235968e+003,1.056102e+002
3.236450e+003,1.056292e+002
3.236932e+003,1.056476e+002
3.237415e+003,1.056625e+002
3.237896e+003,1.056720e+002
3.238378e+003,1.056758e+002
3.238861e+003,1.056752e+002
3.239343e+003,1.056728e+002
3.239825e+003,1.056712e+002
3.240307e+003,1.056715e+002
3.240789e+003,1.056733e+002
3.241271e+003,1.056745e+002
3.241753e+003,1.056729e+002
3.242235e+003,1.056677e+002
3.242718e+003,1.056598e+002
3.243200e+003,1.056523e+002
3.243682e+003,1.056490e+002
3.244164e+003,1.056534e+002
3.244646e+003,1.056665e+002
3.245128e+003,1.056869e+002
3.245610e+003,1.057111e+002
3.246092e+003,1.057349e+002
3.246575e+003,1.057550e+002
3.247057e+003,1.057700e+002
3.247539e+003,1.057799e+002
3.248021e+003,1.057860e+002
3.248503e+003,1.057892e+002
3.248985e+003,1.057896e+002
3.249467e+003,1.057863e+002
3.249949e+003,1.057778e+002
3.250432e+003,1.057634e+002
3.250914e+003,1.057439e+002
3.251396e+003,1.057212e+002
3.251878e+003,1.056989e+002
3.252360e+003,1.056809e+002
3.252842e+003,1.056702e+002
3.253324e+003,1.056690e+002
3.253806e+003,1.056777e+002
3.254289e+003,1.056949e+002
3.254771e+003,1.057179e+002
3.255252e+003,1.057430e+002
3.255735e+003,1.057659e+002
3.256217e+003,1.057821e+002
3.256699e+003,1.057884e+002
3.257181e+003,1.057834e+002
3.257663e+003,1.057682e+002
3.258146e+003,1.057469e+002
3.258627e+003,1.057254e+002
3.259109e+003,1.057101e+002
3.259592e+003,1.057059e+002
3.260074e+003,1.057148e+002
3.260556e+003,1.057354e+002
3.261038e+003,1.057638e+002
3.261520e+003,1.057945e+002
3.262002e+003,1.058229e+002
3.262484e+003,1.058464e+002
3.262966e+003,1.058645e+002
3.263449e+003,1.058785e+002
3.263931e+003,1.058899e+002
3.264413e+003,1.058993e+002
3.264895e+003,1.059063e+002
3.265377e+003,1.059091e+002
3.265859e+003,1.059064e+002
3.266341e+003,1.058976e+002
3.266823e+003,1.058843e+002
3.267306e+003,1.058689e+002
3.267788e+003,1.058544e+002
3.268270e+003,1.058425e+002
3.268752e+003,1.058334e+002
3.269234e+003,1.058249e+002
3.269716e+003,1.058140e+002
3.270198e+003,1.057981e+002
3.270680e+003,1.057761e+002
3.271163e+003,1.057494e+002
3.271645e+003,1.057216e+002
3.272127e+003,1.056977e+002
3.272609e+003,1.056824e+002
3.273091e+003,1.056788e+002
3.273573e+003,1.056876e+002
3.274055e+003,1.057068e+002
3.274537e+003,1.057330e+002
3.275020e+003,1.057616e+002
3.275501e+003,1.057887e+002
3.275984e+003,1.058115e+002
3.276466e+003,1.058286e+002
3.276948e+003,1.058398e+002
3.277430e+003,1.058457e+002
3.277912e+003,1.058469e+002
3.278394e+003,1.058442e+002
3.278876e+003,1.058382e+002
3.279358e+003,1.058296e+002
3.279841e+003,1.058196e+002
3.280323e+003,1.058099e+002
3.280805e+003,1.058028e+002
3.281287e+003,1.058001e+002
3.281769e+003,1.058030e+002
3.282251e+003,1.058116e+002
3.282733e+003,1.058244e+002
3.283215e+003,1.058389e+002
3.283698e+003,1.058526e+002
3.284180e+003,1.058636e+002
3.284662e+003,1.058712e+002
3.285144e+003,1.058760e+002
3.285626e+003,1.058793e+002
3.286108e+003,1.058822e+002
3.286590e+003,1.058852e+002
3.287072e+003,1.058876e+002
3.287555e+003,1.058885e+002
3.288037e+003,1.058869e+002
3.288519e+003,1.058834e+002
3.289001e+003,1.058802e+002
3.289483e+003,1.058801e+002
3.289965e+003,1.058861e+002
3.290447e+003,1.058995e+002
3.290929e+003,1.059193e+002
3.291412e+003,1.059418e+002
3.291894e+003,1.059618e+002
3.292375e+003,1.059743e+002
3.292858e+003,1.059762e+002
3.293340e+003,1.059673e+002
3.293822e+003,1.059503e+002
3.294304e+003,1.059299e+002
3.294786e+003,1.059106e+002
3.295269e+003,1.058960e+002
3.295750e+003,1.058874e+002
3.296232e+003,1.058841e+002
3.296715e+003,1.058841e+002
3.297197e+003,1.058849e+002
3.297679e+003,1.058848e+002
3.298161e+003,1.058830e+002
3.298643e+003,1.058800e+002
3.299125e+003,1.058767e+002
3.299607e+003,1.058741e+002
3.300089e+003,1.058732e+002
3.300572e+003,1.058742e+002
3.301054e+003,1.058769e+002
3.301536e+003,1.058805e+002
3.302018e+003,1.058834e+002
3.302500e+003,1.058838e+002
3.302982e+003,1.058801e+002
3.303464e+003,1.058713e+002
3.303946e+003,1.058575e+002
3.304429e+003,1.058407e+002
3.304911e+003,1.058243e+002
3.305393e+003,1.058123e+002
3.305875e+003,1.058085e+002
3.306357e+003,1.058152e+002
3.306839e+003,1.058324e+002
3.307321e+003,1.058576e+002
3.307803e+003,1.058869e+002
3.308286e+003,1.059158e+002
3.308768e+003,1.059406e+002
3.309250e+003,1.059590e+002
3.309732e+003,1.059710e+002
3.310214e+003,1.059778e+002
3.310696e+003,1.059816e+002
3.311178e+003,1.059841e+002
3.311660e+003,1.059865e+002
3.312143e+003,1.059891e+002
3.312625e+003,1.059911e+002
3.313106e+003,1.059916e+002
3.313589e+003,1.059896e+002
3.314071e+003,1.059850e+002
3.314553e+003,1.059779e+002
3.315035e+003,1.059696e+002
3.315517e+003,1.059619e+002
3.316000e+003,1.059570e+002
3.316481e+003,1.059569e+002
3.316963e+003,1.059630e+002
3.317446e+003,1.059754e+002
3.317928e+003,1.059927e+002
3.318410e+003,1.060119e+002
3.318892e+003,1.060291e+002
3.319374e+003,1.060401e+002
3.319856e+003,1.060416e+002
3.320338e+003,1.060315e+002
3.320820e+003,1.060103e+002
3.321303e+003,1.059801e+002
3.321785e+003,1.059452e+002
3.322267e+003,1.059110e+002
3.322749e+003,1.058831e+002
3.323231e+003,1.058664e+002
3.323713e+003,1.058642e+002
3.324195e+003,1.058775e+002
3.324677e+003,1.059046e+002
3.325160e+003,1.059415e+002
3.325642e+003,1.059826e+002
3.326124e+003,1.060218e+002
3.326606e+003,1.060539e+002
3.327088e+003,1.060758e+002
3.327570e+003,1.060868e+002
3.328052e+003,1.060888e+002
3.328534e+003,1.060850e+002
3.329017e+003,1.060790e+002
3.329499e+003,1.060736e+002
3.329981e+003,1.060705e+002
3.330463e+003,1.060699e+002
3.330945e+003,1.060711e+002
3.331427e+003,1.060729e+002
3.331909e+003,1.060745e+002
3.332391e+003,1.060751e+002
3.332874e+003,1.060741e+002
3.333355e+003,1.060711e+002
3.333838e+003,1.060658e+002
3.334320e+003,1.060584e+002
3.334802e+003,1.060500e+002
3.335284e+003,1.060424e+002
3.335766e+003,1.060382e+002
3.336248e+003,1.060403e+002
3.336730e+003,1.060502e+002
3.337212e+003,1.060681e+002
3.337695e+003,1.060917e+002
3.338177e+003,1.061176e+002
3.338659e+003,1.061412e+002
3.339141e+003,1.061589e+002
3.339623e+003,1.061686e+002
3.340105e+003,1.061701e+002
3.340587e+003,1.061655e+002
3.341069e+003,1.061576e+002
3.341552e+003,1.061496e+002
3.342034e+003,1.061437e+002
3.342516e+003,1.061412e+002
3.342998e+003,1.061421e+002
3.343480e+003,1.061457e+002
3.343962e+003,1.061511e+002
3.344444e+003,1.061576e+002
3.344926e+003,1.061650e+002
3.345409e+003,1.061732e+002
3.345891e+003,1.061820e+002
3.346373e+003,1.061912e+002
3.346855e+003,1.061999e+002
3.347337e+003,1.062070e+002
3.347819e+003,1.062112e+002
3.348301e+003,1.062119e+002
3.348783e+003,1.062092e+002
3.349266e+003,1.062047e+002
3.349748e+003,1.062012e+002
3.350229e+003,1.062023e+002
3.350712e+003,1.062110e+002
3.351194e+003,1.062289e+002
3.351676e+003,1.062551e+002
3.352158e+003,1.062862e+002
3.352640e+003,1.063167e+002
3.353123e+003,1.063413e+002
3.353604e+003,1.063561e+002
3.354086e+003,1.063607e+002
3.354569e+003,1.063576e+002
3.355051e+003,1.063516e+002
3.355533e+003,1.063481e+002
3.356015e+003,1.063500e+002
3.356497e+003,1.063575e+002
3.356979e+003,1.063669e+002
3.357461e+003,1.063730e+002
3.357943e+003,1.063707e+002
3.358426e+003,1.063572e+002
3.358908e+003,1.063332e+002
3.359390e+003,1.063026e+002
3.359872e+003,1.062710e+002
3.360354e+003,1.062440e+002
3.360836e+003,1.062254e+002
3.361318e+003,1.062164e+002
3.361800e+003,1.062164e+002
3.362283e+003,1.062231e+002
3.362765e+003,1.062343e+002
3.363247e+003,1.062478e+002
3.363729e+003,1.062623e+002
3.364211e+003,1.062763e+002
3.364693e+003,1.062883e+002
3.365175e+003,1.062967e+002
3.365657e+003,1.063002e+002
3.366140e+003,1.062983e+002
3.366622e+003,1.062916e+002
3.367104e+003,1.062815e+002
3.367586e+003,1.062698e+002
3.368068e+003,1.062579e+002
3.368550e+003,1.062462e+002
3.369032e+003,1.062348e+002
3.369514e+003,1.062235e+002
3.369997e+003,1.062127e+002
3.370479e+003,1.062038e+002
3.370961e+003,1.061991e+002
3.371443e+003,1.062007e+002
3.371925e+003,1.062098e+002
3.372407e+003,1.062259e+002
3.372889e+003,1.062469e+002
3.373371e+003,1.062694e+002
3.373854e+003,1.062901e+002
3.374335e+003,1.063066e+002
3.374818e+003,1.063179e+002
3.375300e+003,1.063245e+002
3.375782e+003,1.063276e+002
3.376264e+003,1.063285e+002
3.376746e+003,1.063282e+002
3.377228e+003,1.063272e+002
3.377710e+003,1.063257e+002
3.378192e+003,1.063240e+002
3.378675e+003,1.063219e+002
3.379157e+003,1.063191e+002
3.379639e+003,1.063151e+002
3.380121e+003,1.063092e+002
3.380603e+003,1.063007e+002
3.381085e+003,1.062902e+002
3.381567e+003,1.062796e+002
3.382049e+003,1.062719e+002
3.382532e+003,1.062705e+002
3.383014e+003,1.062779e+002
3.383496e+003,1.062947e+002
3.383978e+003,1.063187e+002
3.384460e+003,1.063459e+002
3.384942e+003,1.063716e+002
3.385424e+003,1.063917e+002
3.385906e+003,1.064046e+002
3.386389e+003,1.064104e+002
3.386871e+003,1.064111e+002
3.387353e+003,1.064082e+002
3.387835e+003,1.064023e+002
3.388317e+003,1.063923e+002
3.388799e+003,1.063768e+002
3.389281e+003,1.063548e+002
3.389763e+003,1.063272e+002
3.390246e+003,1.062973e+002
3.390728e+003,1.062703e+002
3.391209e+003,1.062511e+002
3.391692e+003,1.062430e+002
3.392174e+003,1.062465e+002
3.392656e+003,1.062586e+002
3.393138e+003,1.062746e+002
3.393620e+003,1.062892e+002
3.394103e+003,1.062987e+002
3.394584e+003,1.063010e+002
3.395066e+003,1.062964e+002
3.395549e+003,1.062861e+002
3.396031e+003,1.062717e+002
3.396513e+003,1.062544e+002
3.396995e+003,1.062353e+002
3.397477e+003,1.062152e+002
3.397959e+003,1.061951e+002
3.398441e+003,1.061763e+002
3.398923e+003,1.061604e+002
3.399406e+003,1.061485e+002
3.399888e+003,1.061414e+002
3.400370e+003,1.061393e+002
3.400852e+003,1.061424e+002
3.401334e+003,1.061510e+002
3.401816e+003,1.061655e+002
3.402298e+003,1.061859e+002
3.402780e+003,1.062114e+002
3.403263e+003,1.062393e+002
3.403745e+003,1.062653e+002
3.404227e+003,1.062842e+002
3.404709e+003,1.062913e+002
3.405191e+003,1.062842e+002
3.405673e+003,1.062638e+002
3.406155e+003,1.062346e+002
3.406637e+003,1.062034e+002
3.407120e+003,1.061776e+002
3.407602e+003,1.061627e+002
3.408083e+003,1.061614e+002
3.408566e+003,1.061726e+002
3.409048e+003,1.061921e+002
3.409530e+003,1.062145e+002
3.410012e+003,1.062345e+002
3.410494e+003,1.062491e+002
3.410977e+003,1.062551e+002
3.411458e+003,1.062530e+002
3.411940e+003,1.062458e+002
3.412423e+003,1.062364e+002
3.412905e+003,1.062272e+002
3.413387e+003,1.062188e+002
3.413869e+003,1.062103e+002
3.414351e+003,1.061996e+002
3.414833e+003,1.061852e+002
3.415315e+003,1.061658e+002
3.415797e+003,1.061416e+002
3.416280e+003,1.061137e+002
3.416762e+003,1.060834e+002
3.417244e+003,1.060524e+002
3.417726e+003,1.060222e+002
3.418208e+003,1.059944e+002
3.418690e+003,1.059708e+002
3.419172e+003,1.059537e+002
3.419654e+003,1.059453e+002
3.420137e+003,1.059465e+002
3.420619e+003,1.059572e+002
3.421101e+003,1.059750e+002
3.421583e+003,1.059960e+002
3.422065e+003,1.060160e+002
3.422547e+003,1.060312e+002
3.423029e+003,1.060392e+002
3.423511e+003,1.060394e+002
3.423994e+003,1.060320e+002
3.424476e+003,1.060176e+002
3.424958e+003,1.059966e+002
3.425440e+003,1.059687e+002
3.425922e+003,1.059340e+002
3.426404e+003,1.058936e+002
3.426886e+003,1.058510e+002
3.427368e+003,1.058111e+002
3.427851e+003,1.057801e+002
3.428333e+003,1.057628e+002
3.428815e+003,1.057612e+002
3.429297e+003,1.057737e+002
3.429779e+003,1.057949e+002
3.430261e+003,1.058179e+002
3.430743e+003,1.058362e+002
3.431225e+003,1.058457e+002
3.431708e+003,1.058466e+002
3.432189e+003,1.058422e+002
3.432672e+003,1.058376e+002
3.433154e+003,1.058374e+002
3.433636e+003,1.058441e+002
3.434118e+003,1.058574e+002
3.434600e+003,1.058751e+002
3.435082e+003,1.058937e+002
3.435564e+003,1.059104e+002
3.436046e+003,1.059234e+002
3.436529e+003,1.059316e+002
3.437011e+003,1.059345e+002
3.437493e+003,1.059309e+002
3.437975e+003,1.059186e+002
3.438457e+003,1.058956e+002
3.438939e+003,1.058607e+002
3.439421e+003,1.058146e+002
3.439903e+003,1.057614e+002
3.440386e+003,1.057072e+002
3.440868e+003,1.056594e+002
3.441350e+003,1.056244e+002
3.441832e+003,1.056057e+002
3.442314e+003,1.056027e+002
3.442796e+003,1.056108e+002
3.443278e+003,1.056226e+002
3.443760e+003,1.056301e+002
3.444243e+003,1.056265e+002
3.444725e+003,1.056084e+002
3.445207e+003,1.055765e+002
3.445689e+003,1.055351e+002
3.446171e+003,1.054912e+002
3.446653e+003,1.054527e+002
3.447135e+003,1.054257e+002
3.447617e+003,1.054133e+002
3.448100e+003,1.054152e+002
3.448582e+003,1.054275e+002
3.449063e+003,1.054454e+002
3.449546e+003,1.054641e+002
3.450028e+003,1.054801e+002
3.450510e+003,1.054923e+002
3.450992e+003,1.055014e+002
3.451474e+003,1.055091e+002
3.451957e+003,1.055168e+002
3.452438e+003,1.055247e+002
3.452920e+003,1.055312e+002
3.453403e+003,1.055333e+002
3.453885e+003,1.055276e+002
3.454367e+003,1.055120e+002
3.454849e+003,1.054866e+002
3.455331e+003,1.054540e+002
3.455813e+003,1.054189e+002
3.456295e+003,1.053866e+002
3.456777e+003,1.053615e+002
3.457260e+003,1.053454e+002
3.457742e+003,1.053375e+002
3.458224e+003,1.053340e+002
3.458706e+003,1.053298e+002
3.459188e+003,1.053200e+002
3.459670e+003,1.053020e+002
3.460152e+003,1.052758e+002
3.460634e+003,1.052445e+002
3.461117e+003,1.052136e+002
3.461599e+003,1.051889e+002
3.462081e+003,1.051748e+002
3.462563e+003,1.051729e+002
3.463045e+003,1.051809e+002
3.463527e+003,1.051936e+002
3.464009e+003,1.052040e+002
3.464491e+003,1.052053e+002
3.464974e+003,1.051930e+002
3.465456e+003,1.051659e+002
3.465938e+003,1.051271e+002
3.466420e+003,1.050824e+002
3.466902e+003,1.050397e+002
3.467384e+003,1.050060e+002
3.467866e+003,1.049862e+002
3.468348e+003,1.049819e+002
3.468831e+003,1.049907e+002
3.469313e+003,1.050075e+002
3.469794e+003,1.050249e+002
3.470277e+003,1.050360e+002
3.470759e+003,1.050350e+002
3.471241e+003,1.050193e+002
3.471723e+003,1.049904e+002
3.472205e+003,1.049535e+002
3.472688e+003,1.049168e+002
3.473169e+003,1.048891e+002
3.473651e+003,1.048781e+002
3.474134e+003,1.048877e+002
3.474616e+003,1.049170e+002
3.475098e+003,1.049601e+002
3.475580e+003,1.050077e+002
3.476062e+003,1.050499e+002
3.476544e+003,1.050779e+002
3.477026e+003,1.050869e+002
3.477508e+003,1.050755e+002
3.477991e+003,1.050457e+002
3.478473e+003,1.050013e+002
3.478955e+003,1.049460e+002
3.479437e+003,1.048834e+002
3.479919e+003,1.048164e+002
3.480401e+003,1.047487e+002
3.480883e+003,1.046853e+002
3.481365e+003,1.046329e+002
3.481848e+003,1.045988e+002
3.482330e+003,1.045888e+002
3.482812e+003,1.046055e+002
3.483294e+003,1.046466e+002
3.483776e+003,1.047047e+002
3.484258e+003,1.047688e+002
3.484740e+003,1.048266e+002
3.485222e+003,1.048665e+002
3.485705e+003,1.048800e+002
3.486187e+003,1.048630e+002
3.486669e+003,1.048166e+002
3.487151e+003,1.047464e+002
3.487633e+003,1.046621e+002
3.488115e+003,1.045758e+002
3.488597e+003,1.045003e+002
3.489079e+003,1.044471e+002
3.489562e+003,1.044250e+002
3.490043e+003,1.044375e+002
3.490526e+003,1.044823e+002
3.491008e+003,1.045508e+002
3.491490e+003,1.046297e+002
3.491972e+003,1.047031e+002
3.492454e+003,1.047562e+002
3.492936e+003,1.047789e+002
3.493418e+003,1.047676e+002
3.493900e+003,1.047263e+002
3.494383e+003,1.046647e+002
3.494865e+003,1.045958e+002
3.495347e+003,1.045323e+002
3.495829e+003,1.044843e+002
3.496311e+003,1.044569e+002
3.496793e+003,1.044507e+002
3.497275e+003,1.044618e+002
3.497757e+003,1.044829e+002
3.498240e+003,1.045053e+002
3.498722e+003,1.045194e+002
3.499204e+003,1.045165e+002
3.499686e+003,1.044904e+002
3.500168e+003,1.044384e+002
3.500650e+003,1.043627e+002
3.501132e+003,1.042702e+002
3.501614e+003,1.041721e+002
3.502097e+003,1.040814e+002
3.502579e+003,1.040105e+002
3.503061e+003,1.039679e+002
3.503543e+003,1.039570e+002
3.504025e+003,1.039749e+002
3.504507e+003,1.040138e+002
3.504989e+003,1.040629e+002
3.505471e+003,1.041109e+002
3.505954e+003,1.041472e+002
3.506436e+003,1.041643e+002
3.506917e+003,1.041583e+002
3.507400e+003,1.041295e+002
3.507882e+003,1.040826e+002
3.508364e+003,1.040258e+002
3.508846e+003,1.039691e+002
3.509328e+003,1.039214e+002
3.509811e+003,1.038891e+002
3.510292e+003,1.038743e+002
3.510774e+003,1.038752e+002
3.511257e+003,1.038876e+002
3.511739e+003,1.039067e+002
3.512221e+003,1.039287e+002
3.512703e+003,1.039510e+002
3.513185e+003,1.039725e+002
3.513667e+003,1.039918e+002
3.514149e+003,1.040075e+002
3.514631e+003,1.040169e+002
3.515114e+003,1.040176e+002
3.515596e+003,1.040086e+002
3.516078e+003,1.039912e+002
3.516560e+003,1.039697e+002
3.517042e+003,1.039497e+002
3.517524e+003,1.039370e+002
3.518006e+003,1.039343e+002
3.518488e+003,1.039401e+002
3.518971e+003,1.039486e+002
3.519453e+003,1.039507e+002
3.519935e+003,1.039373e+002
3.520417e+003,1.039016e+002
3.520899e+003,1.038417e+002
3.521381e+003,1.037615e+002
3.521863e+003,1.036693e+002
3.522345e+003,1.035766e+002
3.522828e+003,1.034949e+002
3.523310e+003,1.034334e+002
3.523792e+003,1.033976e+002
3.524274e+003,1.033883e+002
3.524756e+003,1.034026e+002
3.525238e+003,1.034347e+002
3.525720e+003,1.034768e+002
3.526202e+003,1.035201e+002
3.526685e+003,1.035564e+002
3.527167e+003,1.035784e+002
3.527648e+003,1.035812e+002
3.528131e+003,1.035632e+002
3.528613e+003,1.035259e+002
3.529095e+003,1.034734e+002
3.529577e+003,1.034117e+002
3.530059e+003,1.033471e+002
3.530542e+003,1.032862e+002
3.531023e+003,1.032351e+002
3.531505e+003,1.031996e+002
3.531988e+003,1.031847e+002
3.532470e+003,1.031935e+002
3.532952e+003,1.032264e+002
3.533434e+003,1.032798e+002
3.533916e+003,1.033453e+002
3.534398e+003,1.034109e+002
3.534880e+003,1.034629e+002
3.535362e+003,1.034899e+002
3.535845e+003,1.034865e+002
3.536327e+003,1.034560e+002
3.536809e+003,1.034099e+002
3.537291e+003,1.033652e+002
3.537773e+003,1.033393e+002
3.538255e+003,1.033449e+002
3.538737e+003,1.033864e+002
3.539219e+003,1.034590e+002
3.539702e+003,1.035493e+002
3.540184e+003,1.036387e+002
3.540666e+003,1.037075e+002
3.541148e+003,1.037393e+002
3.541630e+003,1.037236e+002
3.542112e+003,1.036577e+002
3.542594e+003,1.035466e+002
3.543076e+003,1.034010e+002
3.543559e+003,1.032360e+002
3.544041e+003,1.030685e+002
3.544523e+003,1.029151e+002
3.545005e+003,1.027909e+002
3.545487e+003,1.027077e+002
3.545969e+003,1.026732e+002
3.546451e+003,1.026894e+002
3.546933e+003,1.027527e+002
3.547416e+003,1.028526e+002
3.547897e+003,1.029729e+002
3.548380e+003,1.030938e+002
3.548862e+003,1.031934e+002
3.549344e+003,1.032516e+002
3.549826e+003,1.032528e+002
3.550308e+003,1.031899e+002
3.550790e+003,1.030673e+002
3.551272e+003,1.029017e+002
3.551754e+003,1.027211e+002
3.552237e+003,1.025583e+002
3.552719e+003,1.024438e+002
3.553201e+003,1.023992e+002
3.553683e+003,1.024328e+002
3.554165e+003,1.025397e+002
3.554647e+003,1.027040e+002
3.555129e+003,1.029019e+002
3.555611e+003,1.031055e+002
3.556094e+003,1.032874e+002
3.556576e+003,1.034241e+002
3.557058e+003,1.034994e+002
3.557540e+003,1.035068e+002
3.558022e+003,1.034495e+002
3.558504e+003,1.033392e+002
3.558986e+003,1.031933e+002
3.559468e+003,1.030315e+002
3.559951e+003,1.028722e+002
3.560433e+003,1.027301e+002
3.560915e+003,1.026147e+002
3.561397e+003,1.025293e+002
3.561879e+003,1.024714e+002
3.562361e+003,1.024337e+002
3.562843e+003,1.024051e+002
3.563325e+003,1.023722e+002
3.563808e+003,1.023220e+002
3.564290e+003,1.022452e+002
3.564771e+003,1.021399e+002
3.565254e+003,1.020156e+002
3.565736e+003,1.018941e+002
3.566218e+003,1.018063e+002
3.566700e+003,1.017828e+002
3.567182e+003,1.018419e+002
3.567665e+003,1.019817e+002
3.568146e+003,1.021798e+002
3.568628e+003,1.024013e+002
3.569111e+003,1.026086e+002
3.569593e+003,1.027684e+002
3.570075e+003,1.028557e+002
3.570557e+003,1.028555e+002
3.571039e+003,1.027644e+002
3.571521e+003,1.025922e+002
3.572003e+003,1.023619e+002
3.572485e+003,1.021072e+002
3.572968e+003,1.018670e+002
3.573450e+003,1.016780e+002
3.573932e+003,1.015682e+002
3.574414e+003,1.015516e+002
3.574896e+003,1.016271e+002
3.575378e+003,1.017798e+002
3.575860e+003,1.019847e+002
3.576342e+003,1.022123e+002
3.576825e+003,1.024333e+002
3.577307e+003,1.026227e+002
3.577789e+003,1.027618e+002
3.578271e+003,1.028388e+002
3.578753e+003,1.028486e+002
3.579235e+003,1.027926e+002
3.579717e+003,1.026790e+002
3.580199e+003,1.025234e+002
3.580682e+003,1.023478e+002
3.581164e+003,1.021787e+002
3.581646e+003,1.020427e+002
3.582128e+003,1.019617e+002
3.582610e+003,1.019483e+002
3.583092e+003,1.020019e+002
3.583574e+003,1.021088e+002
3.584056e+003,1.022444e+002
3.584539e+003,1.023784e+002
3.585021e+003,1.024818e+002
3.585502e+003,1.025344e+002
3.585985e+003,1.025314e+002
3.586467e+003,1.024847e+002
3.586949e+003,1.024196e+002
3.587431e+003,1.023652e+002
3.587913e+003,1.023433e+002
3.588396e+003,1.023624e+002
3.588877e+003,1.024175e+002
3.589359e+003,1.024952e+002
3.589842e+003,1.025774e+002
3.590324e+003,1.026440e+002
3.590806e+003,1.026737e+002
3.591288e+003,1.026457e+002
3.591770e+003,1.025442e+002
3.592252e+003,1.023644e+002
3.592734e+003,1.021180e+002
3.593216e+003,1.018348e+002
3.593699e+003,1.015563e+002
3.594181e+003,1.013250e+002
3.594663e+003,1.011717e+002
3.595145e+003,1.011077e+002
3.595627e+003,1.011239e+002
3.596109e+003,1.011977e+002
3.596591e+003,1.013026e+002
3.597073e+003,1.014178e+002
3.597556e+003,1.015340e+002
3.598038e+003,1.016533e+002
3.598520e+003,1.017849e+002
3.599002e+003,1.019371e+002
3.599484e+003,1.021102e+002
3.599966e+003,1.022923e+002
3.600448e+003,1.024620e+002
3.600930e+003,1.025950e+002
3.601413e+003,1.026729e+002
3.601895e+003,1.026886e+002
3.602377e+003,1.026470e+002
3.602859e+003,1.025614e+002
3.603341e+003,1.024484e+002
3.603823e+003,1.023240e+002
3.604305e+003,1.022010e+002
3.604787e+003,1.020886e+002
3.605270e+003,1.019927e+002
3.605751e+003,1.019167e+002
3.606234e+003,1.018612e+002
3.606716e+003,1.018245e+002
3.607198e+003,1.018030e+002
3.607680e+003,1.017927e+002
3.608162e+003,1.017911e+002
3.608644e+003,1.017990e+002
3.609126e+003,1.018191e+002
3.609608e+003,1.018527e+002
3.610091e+003,1.018947e+002
3.610573e+003,1.019290e+002
3.611055e+003,1.019264e+002
3.611537e+003,1.018482e+002
3.612019e+003,1.016585e+002
3.612501e+003,1.013408e+002
3.612983e+003,1.009129e+002
3.613465e+003,1.004291e+002
3.613948e+003,9.996564e+001
3.614430e+003,9.959773e+001
3.614912e+003,9.938113e+001
3.615394e+003,9.934322e+001
3.615876e+003,9.948320e+001
3.616358e+003,9.977630e+001
3.616840e+003,1.001790e+002
3.617322e+003,1.006358e+002
3.617805e+003,1.010869e+002
3.618287e+003,1.014796e+002
3.618769e+003,1.017785e+002
3.619251e+003,1.019713e+002
3.619733e+003,1.020655e+002
3.620215e+003,1.020798e+002
3.620697e+003,1.020346e+002
3.621179e+003,1.019468e+002
3.621662e+003,1.018296e+002
3.622144e+003,1.016932e+002
3.622625e+003,1.015466e+002
3.623108e+003,1.013971e+002
3.623590e+003,1.012498e+002
3.624072e+003,1.011057e+002
3.624554e+003,1.009610e+002
3.625036e+003,1.008069e+002
3.625519e+003,1.006321e+002
3.626000e+003,1.004275e+002
3.626482e+003,1.001947e+002
3.626965e+003,9.995496e+001
3.627447e+003,9.975577e+001
3.627929e+003,9.966295e+001
3.628411e+003,9.973363e+001
3.628893e+003,9.998016e+001
3.629375e+003,1.003532e+002
3.629857e+003,1.007614e+002
3.630339e+003,1.011125e+002
3.630822e+003,1.013437e+002
3.631304e+003,1.014272e+002
3.631786e+003,1.013596e+002
3.632268e+003,1.011531e+002
3.632750e+003,1.008310e+002
3.633232e+003,1.004284e+002
3.633714e+003,9.999019e+001
3.634196e+003,9.956657e+001
3.634679e+003,9.920493e+001
3.635161e+003,9.894402e+001
3.635643e+003,9.881111e+001
3.636125e+003,9.882108e+001
3.636607e+003,9.897545e+001
3.637089e+003,9.925993e+001
3.637571e+003,9.964220e+001
3.638053e+003,1.000721e+002
3.638536e+003,1.004874e+002
3.639018e+003,1.008235e+002
3.639500e+003,1.010272e+002
3.639982e+003,1.010667e+002
3.640464e+003,1.009381e+002
3.640946e+003,1.006642e+002
3.641428e+003,1.002884e+002
3.641910e+003,9.986481e+001
3.642393e+003,9.944822e+001
3.642875e+003,9.908590e+001
3.643357e+003,9.881380e+001
3.643839e+003,9.865584e+001
3.644321e+003,9.862450e+001
3.644803e+003,9.872083e+001
3.645285e+003,9.893276e+001
3.645767e+003,9.923210e+001
3.646250e+003,9.957300e+001
3.646731e+003,9.989587e+001
3.647214e+003,1.001406e+002
3.647696e+003,1.002672e+002
3.648178e+003,1.002744e+002
3.648660e+003,1.002032e+002
3.649142e+003,1.001186e+002
3.649624e+003,1.000782e+002
3.650106e+003,1.001053e+002
3.650588e+003,1.001812e+002
3.651071e+003,1.002581e+002
3.651553e+003,1.002818e+002
3.652035e+003,1.002098e+002
3.652517e+003,1.000181e+002
3.652999e+003,9.969999e+001
3.653481e+003,9.926315e+001
3.653963e+003,9.873177e+001
3.654445e+003,9.815186e+001
3.654928e+003,9.759427e+001
3.655410e+003,9.714592e+001
3.655892e+003,9.688695e+001
3.656374e+003,9.686340e+001
3.656856e+003,9.707196e+001
3.657338e+003,9.746404e+001
3.657820e+003,9.796400e+001
3.658302e+003,9.848890e+001
3.658785e+003,9.896375e+001
3.659267e+003,9.933255e+001
3.659749e+003,9.956669e+001
3.660231e+003,9.966965e+001
3.660713e+003,9.967353e+001
3.661195e+003,9.962634e+001
3.661677e+003,9.957423e+001
3.662159e+003,9.954636e+001
3.662642e+003,9.954938e+001
3.663124e+003,9.957175e+001
3.663605e+003,9.959499e+001
3.664088e+003,9.960548e+001
3.664570e+003,9.960208e+001
3.665052e+003,9.959647e+001
3.665534e+003,9.960717e+001
3.666016e+003,9.964974e+001
3.666499e+003,9.972738e+001
3.666980e+003,9.982464e+001
3.667462e+003,9.990739e+001
3.667945e+003,9.993021e+001
3.668427e+003,9.985117e+001
3.668909e+003,9.965137e+001
3.669391e+003,9.934838e+001
3.669873e+003,9.899357e+001
3.670355e+003,9.865073e+001
3.670837e+003,9.836942e+001
3.671319e+003,9.817129e+001
3.671802e+003,9.805338e+001
3.672284e+003,9.799905e+001
3.672766e+003,9.798665e+001
3.673248e+003,9.799533e+001
3.673730e+003,9.800918e+001
3.674212e+003,9.801994e+001
3.674694e+003,9.802540e+001
3.675176e+003,9.802602e+001
3.675659e+003,9.802515e+001
3.676141e+003,9.803177e+001
3.676623e+003,9.806021e+001
3.677105e+003,9.812798e+001
3.677587e+003,9.825136e+001
3.678069e+003,9.843687e+001
3.678551e+003,9.867281e+001
3.679033e+003,9.892577e+001
3.679516e+003,9.914631e+001
3.679998e+003,9.928370e+001
3.680479e+003,9.930359e+001
3.680962e+003,9.919890e+001
3.681444e+003,9.898876e+001
3.681926e+003,9.870807e+001
3.682408e+003,9.839520e+001
3.682890e+003,9.808443e+001
3.683373e+003,9.780368e+001
3.683854e+003,9.757570e+001
3.684336e+003,9.741981e+001
3.684819e+003,9.735234e+001
3.685301e+003,9.738500e+001
3.685783e+003,9.752106e+001
3.686265e+003,9.774978e+001
3.686747e+003,9.803994e+001
3.687229e+003,9.833669e+001
3.687711e+003,9.856977e+001
3.688193e+003,9.867772e+001
3.688676e+003,9.864070e+001
3.689158e+003,9.849829e+001
3.689640e+003,9.833611e+001
3.690122e+003,9.824873e+001
3.690604e+003,9.830227e+001
3.691086e+003,9.851209e+001
3.691568e+003,9.883993e+001
3.692050e+003,9.920896e+001
3.692533e+003,9.953029e+001
3.693015e+003,9.973051e+001
3.693497e+003,9.977026e+001
3.693979e+003,9.964823e+001
3.694461e+003,9.939387e+001
3.694943e+003,9.905419e+001
3.695425e+003,9.868093e+001
3.695907e+003,9.832109e+001
3.696390e+003,9.801227e+001
3.696872e+003,9.778223e+001
3.697354e+003,9.765060e+001
3.697836e+003,9.763077e+001
3.698318e+003,9.772982e+001
3.698800e+003,9.794576e+001
3.699282e+003,9.826247e+001
3.699764e+003,9.864436e+001
3.700247e+003,9.903539e+001
3.700729e+003,9.936700e+001
3.701211e+003,9.957732e+001
3.701693e+003,9.963413e+001
3.702175e+003,9.954795e+001
3.702657e+003,9.936571e+001
3.703139e+003,9.914967e+001
3.703621e+003,9.895563e+001
3.704104e+003,9.882005e+001
3.704585e+003,9.875746e+001
3.705068e+003,9.876531e+001
3.705550e+003,9.883115e+001
3.706032e+003,9.893938e+001
3.706514e+003,9.907599e+001
3.706996e+003,9.922983e+001
3.707478e+003,9.939127e+001
3.707960e+003,9.954899e+001
3.708442e+003,9.968715e+001
3.708925e+003,9.978558e+001
3.709407e+003,9.982371e+001
3.709889e+003,9.978864e+001
3.710371e+003,9.968398e+001
3.710853e+003,9.953368e+001
3.711335e+003,9.937701e+001
3.711817e+003,9.925405e+001
3.712299e+003,9.918969e+001
3.712782e+003,9.918520e+001
3.713264e+003,9.922027e+001
3.713746e+003,9.926331e+001
3.714228e+003,9.928288e+001
3.714710e+003,9.925627e+001
3.715192e+003,9.917466e+001
3.715674e+003,9.904439e+001
3.716156e+003,9.888511e+001
3.716639e+003,9.872469e+001
3.717121e+003,9.859121e+001
3.717603e+003,9.850459e+001
3.718085e+003,9.847089e+001
3.718567e+003,9.848218e+001
3.719049e+003,9.852223e+001
3.719531e+003,9.857539e+001
3.720013e+003,9.863495e+001
3.720496e+003,9.870749e+001
3.720978e+003,9.881081e+001
3.721459e+003,9.896583e+001
3.721942e+003,9.918589e+001
3.722424e+003,9.946829e+001
3.722906e+003,9.979302e+001
3.723388e+003,1.001291e+002
3.723870e+003,1.004452e+002
3.724353e+003,1.007183e+002
3.724834e+003,1.009356e+002
3.725316e+003,1.010904e+002
3.725799e+003,1.011740e+002
3.726281e+003,1.011704e+002
3.726763e+003,1.010597e+002
3.727245e+003,1.008283e+002
3.727727e+003,1.004796e+002
3.728209e+003,1.000403e+002
3.728691e+003,9.955811e+001
3.729173e+003,9.909501e+001
3.729656e+003,9.871676e+001
3.730138e+003,9.848108e+001
3.730620e+003,9.842458e+001
3.731102e+003,9.855123e+001
3.731584e+003,9.882683e+001
3.732066e+003,9.918463e+001
3.732548e+003,9.954287e+001
3.733030e+003,9.982757e+001
3.733513e+003,9.999062e+001
3.733995e+003,1.000166e+002
3.734477e+003,9.991750e+001
3.734959e+003,9.972104e+001
3.735441e+003,9.945876e+001
3.735923e+003,9.916053e+001
3.736405e+003,9.885532e+001
3.736887e+003,9.857389e+001
3.737370e+003,9.834759e+001
3.737852e+003,9.820281e+001
3.738333e+003,9.815424e+001
3.738816e+003,9.820007e+001
3.739298e+003,9.832179e+001
3.739780e+003,9.848953e+001
3.740262e+003,9.867009e+001
3.740744e+003,9.883509e+001
3.741227e+003,9.896468e+001
3.741708e+003,9.904595e+001
3.742190e+003,9.906705e+001
3.742673e+003,9.901094e+001
3.743155e+003,9.885368e+001
3.743637e+003,9.857449e+001
3.744119e+003,9.817989e+001
3.744601e+003,9.772369e+001
3.745083e+003,9.729115e+001
3.745565e+003,9.695837e+001
3.746047e+003,9.676887e+001
3.746530e+003,9.673409e+001
3.747012e+003,9.683716e+001
3.747494e+003,9.703171e+001
3.747976e+003,9.724105e+001
3.748458e+003,9.736899e+001
3.748940e+003,9.733051e+001
3.749422e+003,9.709708e+001
3.749904e+003,9.672657e+001
3.750387e+003,9.634476e+001
3.750869e+003,9.608284e+001
3.751351e+003,9.601559e+001
3.751833e+003,9.613815e+001
3.752315e+003,9.638354e+001
3.752797e+003,9.666183e+001
3.753279e+003,9.689721e+001
3.753761e+003,9.704913e+001
3.754244e+003,9.711284e+001
3.754726e+003,9.710632e+001
3.755208e+003,9.705240e+001
3.755690e+003,9.696400e+001
3.756172e+003,9.683748e+001
3.756654e+003,9.665726e+001
3.757136e+003,9.641039e+001
3.757618e+003,9.610461e+001
3.758101e+003,9.577962e+001
3.758583e+003,9.550314e+001
3.759065e+003,9.535284e+001
3.759547e+003,9.538972e+001
3.760029e+003,9.563412e+001
3.760511e+003,9.605404e+001
3.760993e+003,9.657165e+001
3.761475e+003,9.708601e+001
3.761958e+003,9.750058e+001
3.762439e+003,9.774474e+001
3.762922e+003,9.778535e+001
3.763404e+003,9.763010e+001
3.763886e+003,9.732542e+001
3.764368e+003,9.694733e+001
3.764850e+003,9.658389e+001
3.765332e+003,9.631204e+001
3.765814e+003,9.617950e+001
3.766296e+003,9.619942e+001
3.766779e+003,9.635826e+001
3.767261e+003,9.662758e+001
3.767743e+003,9.697220e+001
3.768225e+003,9.735319e+001
3.768707e+003,9.772798e+001
3.769189e+003,9.805326e+001
3.769671e+003,9.829313e+001
3.770153e+003,9.842974e+001
3.770636e+003,9.846875e+001
3.771118e+003,9.843465e+001
3.771600e+003,9.835944e+001
3.772082e+003,9.827164e+001
3.772564e+003,9.818990e+001
3.773046e+003,9.812196e+001
3.773528e+003,9.806721e+001
3.774010e+003,9.802133e+001
3.774493e+003,9.798116e+001
3.774975e+003,9.794744e+001
3.775457e+003,9.792534e+001
3.775939e+003,9.792184e+001
3.776421e+003,9.794174e+001
3.776903e+003,9.798395e+001
3.777385e+003,9.803970e+001
3.777867e+003,9.809400e+001
3.778350e+003,9.813092e+001
3.778832e+003,9.814070e+001
3.779313e+003,9.812610e+001
3.779796e+003,9.810300e+001
3.780278e+003,9.809485e+001
3.780760e+003,9.812362e+001
3.781242e+003,9.820191e+001
3.781724e+003,9.832833e+001
3.782207e+003,9.848598e+001
3.782688e+003,9.864381e+001
3.783170e+003,9.876193e+001
3.783653e+003,9.880190e+001
3.784135e+003,9.874033e+001
3.784617e+003,9.858028e+001
3.785099e+003,9.835397e+001
3.785581e+003,9.811481e+001
3.786063e+003,9.792329e+001
3.786545e+003,9.783215e+001
3.787027e+003,9.787572e+001
3.787510e+003,9.806384e+001
3.787992e+003,9.837998e+001
3.788474e+003,9.878387e+001
3.788956e+003,9.921786e+001
3.789438e+003,9.961697e+001
3.789920e+003,9.992136e+001
3.790402e+003,1.000881e+002
3.790884e+003,1.001008e+002
3.791367e+003,9.997266e+001
3.791849e+003,9.974269e+001
3.792331e+003,9.946424e+001
3.792813e+003,9.919146e+001
3.793295e+003,9.896819e+001
3.793777e+003,9.882258e+001
3.794259e+003,9.876644e+001
3.794741e+003,9.879795e+001
3.795224e+003,9.890430e+001
3.795706e+003,9.906451e+001
3.796188e+003,9.925169e+001
3.796670e+003,9.943569e+001
3.797152e+003,9.958558e+001
3.797634e+003,9.967114e+001
3.798116e+003,9.966360e+001
3.798598e+003,9.953712e+001
3.799081e+003,9.927407e+001
3.799563e+003,9.887706e+001
3.800044e+003,9.838478e+001
3.800527e+003,9.787923e+001
3.801009e+003,9.746975e+001
3.801491e+003,9.725285e+001
3.801973e+003,9.727161e+001
3.802455e+003,9.750354e+001
3.802938e+003,9.787981e+001
3.803419e+003,9.831526e+001
3.803901e+003,9.872828e+001
3.804384e+003,9.904842e+001
3.804866e+003,9.922169e+001
3.805348e+003,9.922143e+001
3.805830e+003,9.906251e+001
3.806312e+003,9.880643e+001
3.806794e+003,9.854293e+001
3.807276e+003,9.835280e+001
3.807758e+003,9.827634e+001
3.808241e+003,9.830768e+001
3.808723e+003,9.841138e+001
3.809205e+003,9.854391e+001
3.809687e+003,9.866882e+001
3.810169e+003,9.876469e+001
3.810651e+003,9.882771e+001
3.811133e+003,9.886936e+001
3.811615e+003,9.890855e+001
3.812098e+003,9.896014e+001
3.812580e+003,9.902424e+001
3.813062e+003,9.908050e+001
3.813544e+003,9.909023e+001
3.814026e+003,9.900722e+001
3.814508e+003,9.879729e+001
3.814990e+003,9.846150e+001
3.815472e+003,9.805016e+001
3.815955e+003,9.765255e+001
3.816437e+003,9.736237e+001
3.816919e+003,9.724215e+001
3.817401e+003,9.730891e+001
3.817883e+003,9.754059e+001
3.818365e+003,9.788657e+001
3.818847e+003,9.827346e+001
3.819329e+003,9.860914e+001
3.819812e+003,9.879514e+001
3.820293e+003,9.875677e+001
3.820776e+003,9.848345e+001
3.821258e+003,9.804561e+001
3.821740e+003,9.756336e+001
3.822222e+003,9.714956e+001
3.822704e+003,9.687581e+001
3.823186e+003,9.677301e+001
3.823668e+003,9.684589e+001
3.824150e+003,9.708393e+001
3.824633e+003,9.746439e+001
3.825115e+003,9.794987e+001
3.825597e+003,9.848524e+001
3.826079e+003,9.899937e+001
3.826561e+003,9.941612e+001
3.827043e+003,9.967174e+001
3.827525e+003,9.973004e+001
3.828007e+003,9.958849e+001
3.828490e+003,9.927514e+001
3.828972e+003,9.884149e+001
3.829454e+003,9.835522e+001
3.829936e+003,9.789213e+001
3.830418e+003,9.752502e+001
3.830900e+003,9.730891e+001
3.831382e+003,9.726616e+001
3.831864e+003,9.737908e+001
3.832347e+003,9.759547e+001
3.832829e+003,9.784593e+001
3.833311e+003,9.806578e+001
3.833793e+003,9.821214e+001
3.834275e+003,9.827113e+001
3.834757e+003,9.825416e+001
3.835239e+003,9.818723e+001
3.835721e+003,9.809737e+001
3.836204e+003,9.800223e+001
3.836686e+003,9.790588e+001
3.837167e+003,9.780333e+001
3.837650e+003,9.769103e+001
3.838132e+003,9.757764e+001
3.838614e+003,9.748737e+001
3.839096e+003,9.745381e+001
3.839578e+003,9.750835e+001
3.840061e+003,9.767017e+001
3.840542e+003,9.794076e+001
3.841024e+003,9.830289e+001
3.841507e+003,9.872239e+001
3.841989e+003,9.915114e+001
3.842471e+003,9.953292e+001
3.842953e+003,9.981225e+001
3.843435e+003,9.994587e+001
3.843917e+003,9.991324e+001
3.844399e+003,9.972109e+001
3.844881e+003,9.940016e+001
3.845364e+003,9.899537e+001
3.845846e+003,9.855424e+001
3.846328e+003,9.811739e+001
3.846810e+003,9.771284e+001
3.847292e+003,9.735473e+001
3.847774e+003,9.704605e+001
3.848256e+003,9.678419e+001
3.848738e+003,9.656803e+001
3.849221e+003,9.640413e+001
3.849703e+003,9.631065e+001
3.850185e+003,9.631798e+001
3.850667e+003,9.646561e+001
3.851149e+003,9.679419e+001
3.851631e+003,9.732886e+001
3.852113e+003,9.805000e+001
3.852595e+003,9.886114e+001
3.853078e+003,9.959222e+001
3.853560e+003,1.000736e+002
3.854042e+003,1.002356e+002
3.854524e+003,1.001371e+002
3.855006e+003,9.990613e+001
3.855488e+003,9.966508e+001
3.855970e+003,9.948670e+001
3.856452e+003,9.938545e+001
3.856935e+003,9.932949e+001
3.857417e+003,9.926226e+001
3.857899e+003,9.912723e+001
3.858381e+003,9.888895e+001
3.858863e+003,9.854462e+001
3.859345e+003,9.812357e+001
3.859827e+003,9.767679e+001
3.860309e+003,9.726192e+001
3.860792e+003,9.692883e+001
3.861273e+003,9.670975e+001
3.861756e+003,9.661526e+001
3.862238e+003,9.663611e+001
3.862720e+003,9.674863e+001
3.863202e+003,9.692093e+001
3.863684e+003,9.711733e+001
3.864166e+003,9.730204e+001
3.864648e+003,9.744351e+001
3.865130e+003,9.752032e+001
3.865613e+003,9.752626e+001
3.866095e+003,9.747130e+001
3.866577e+003,9.737801e+001
3.867059e+003,9.727576e+001
3.867541e+003,9.719414e+001
3.868023e+003,9.715723e+001
3.868505e+003,9.717784e+001
3.868987e+003,9.725198e+001
3.869470e+003,9.735924e+001
3.869952e+003,9.747375e+001
3.870434e+003,9.758092e+001
3.870916e+003,9.768737e+001
3.871398e+003,9.781789e+001
3.871880e+003,9.800255e+001
3.872362e+003,9.825971e+001
3.872844e+003,9.858073e+001
3.873327e+003,9.892207e+001
3.873809e+003,9.921219e+001
3.874291e+003,9.937553e+001
3.874773e+003,9.936397e+001
3.875255e+003,9.917492e+001
3.875737e+003,9.884615e+001
3.876219e+003,9.843472e+001
3.876701e+003,9.799691e+001
3.877184e+003,9.757780e+001
3.877666e+003,9.721091e+001
3.878147e+003,9.692307e+001
3.878630e+003,9.673970e+001
3.879112e+003,9.668507e+001
3.879594e+003,9.677548e+001
3.880076e+003,9.700752e+001
3.880558e+003,9.734849e+001
3.881041e+003,9.773704e+001
3.881522e+003,9.809674e+001
3.882004e+003,9.835679e+001
3.882487e+003,9.847094e+001
3.882969e+003,9.842841e+001
3.883451e+003,9.825716e+001
3.883933e+003,9.801939e+001
3.884415e+003,9.779715e+001
3.884897e+003,9.766586e+001
3.885379e+003,9.766385e+001
3.885861e+003,9.777592e+001
3.886344e+003,9.794492e+001
3.886826e+003,9.810305e+001
3.887308e+003,9.820200e+001
3.887790e+003,9.822672e+001
3.888272e+003,9.819360e+001
3.888754e+003,9.814101e+001
3.889236e+003,9.811689e+001
3.889718e+003,9.816410e+001
3.890201e+003,9.830342e+001
3.890683e+003,9.851952e+001
3.891165e+003,9.876125e+001
3.891647e+003,9.896106e+001
3.892129e+003,9.906321e+001
3.892611e+003,9.904393e+001
3.893093e+003,9.891422e+001
3.893575e+003,9.870937e+001
3.894058e+003,9.847487e+001
3.894540e+003,9.825405e+001
3.895021e+003,9.808027e+001
3.895504e+003,9.797272e+001
3.895986e+003,9.793451e+001
3.896468e+003,9.795265e+001
3.896950e+003,9.799989e+001
3.897432e+003,9.803921e+001
3.897915e+003,9.803254e+001
3.898396e+003,9.795231e+001
3.898878e+003,9.779329e+001
3.899361e+003,9.757889e+001
3.899843e+003,9.735758e+001
3.900325e+003,9.719032e+001
3.900807e+003,9.713340e+001
3.901289e+003,9.722243e+001
3.901771e+003,9.746130e+001
3.902253e+003,9.781689e+001
3.902735e+003,9.822272e+001
3.903218e+003,9.859377e+001
3.903700e+003,9.885209e+001
3.904182e+003,9.895434e+001
3.904664e+003,9.890612e+001
3.905146e+003,9.875420e+001
3.905628e+003,9.856287e+001
3.906110e+003,9.838866e+001
3.906592e+003,9.826460e+001
3.907075e+003,9.819644e+001
3.907557e+003,9.816795e+001
3.908039e+003,9.815155e+001
3.908521e+003,9.811983e+001
3.909003e+003,9.805547e+001
3.909485e+003,9.795659e+001
3.909967e+003,9.783537e+001
3.910449e+003,9.771234e+001
3.910932e+003,9.760818e+001
3.911414e+003,9.753730e+001
3.911896e+003,9.750532e+001
3.912378e+003,9.751029e+001
3.912860e+003,9.754664e+001
3.913342e+003,9.760915e+001
3.913824e+003,9.769479e+001
3.914306e+003,9.780204e+001
3.914789e+003,9.792803e+001
3.915271e+003,9.806477e+001
3.915753e+003,9.819771e+001
3.916235e+003,9.830807e+001
3.916717e+003,9.837936e+001
3.917199e+003,9.840552e+001
3.917681e+003,9.839548e+001
3.918163e+003,9.837145e+001
3.918646e+003,9.836144e+001
3.919127e+003,9.838912e+001
3.919610e+003,9.846535e+001
3.920092e+003,9.858421e+001
3.920574e+003,9.872476e+001
3.921056e+003,9.885783e+001
3.921538e+003,9.895503e+001
3.922020e+003,9.899658e+001
3.922502e+003,9.897523e+001
3.922984e+003,9.889577e+001
3.923467e+003,9.877085e+001
3.923949e+003,9.861558e+001
3.924431e+003,9.844331e+001
3.924913e+003,9.826403e+001
3.925395e+003,9.808566e+001
3.925877e+003,9.791666e+001
3.926359e+003,9.776792e+001
3.926841e+003,9.765245e+001
3.927324e+003,9.758267e+001
3.927806e+003,9.756631e+001
3.928288e+003,9.760250e+001
3.928770e+003,9.768034e+001
3.929252e+003,9.778071e+001
3.929734e+003,9.788184e+001
3.930216e+003,9.796664e+001
3.930698e+003,9.802839e+001
3.931181e+003,9.807252e+001
3.931663e+003,9.811337e+001
3.932145e+003,9.816719e+001
3.932627e+003,9.824512e+001
3.933109e+003,9.834912e+001
3.933591e+003,9.847218e+001
3.934073e+003,9.860184e+001
3.934555e+003,9.872466e+001
3.935038e+003,9.882909e+001
3.935520e+003,9.890640e+001
3.936001e+003,9.895011e+001
3.936484e+003,9.895515e+001
3.936966e+003,9.891817e+001
3.937448e+003,9.883878e+001
3.937930e+003,9.872133e+001
3.938412e+003,9.857615e+001
3.938895e+003,9.841893e+001
3.939376e+003,9.826855e+001
3.939858e+003,9.814388e+001
3.940341e+003,9.806030e+001
3.940823e+003,9.802649e+001
3.941305e+003,9.804280e+001
3.941787e+003,9.810091e+001
3.942269e+003,9.818599e+001
3.942751e+003,9.828014e+001
3.943233e+003,9.836634e+001
3.943715e+003,9.843142e+001
3.944198e+003,9.846753e+001
3.944680e+003,9.847201e+001
3.945162e+003,9.844673e+001
3.945644e+003,9.839747e+001
3.946126e+003,9.833343e+001
3.946608e+003,9.826656e+001
3.947090e+003,9.821001e+001
3.947572e+003,9.817548e+001
3.948055e+003,9.817028e+001
3.948537e+003,9.819483e+001
3.949019e+003,9.824255e+001
3.949501e+003,9.830201e+001
3.949983e+003,9.836066e+001
3.950465e+003,9.840871e+001
3.950947e+003,9.844164e+001
3.951429e+003,9.846051e+001
3.951912e+003,9.847029e+001
3.952394e+003,9.847688e+001
3.952875e+003,9.848411e+001
3.953358e+003,9.849189e+001
3.953840e+003,9.849601e+001
3.954322e+003,9.848984e+001
3.954804e+003,9.846713e+001
3.955286e+003,9.842496e+001
3.955769e+003,9.836575e+001
3.956250e+003,9.829741e+001
3.956732e+003,9.823185e+001
3.957215e+003,9.818195e+001
3.957697e+003,9.815842e+001
3.958179e+003,9.816708e+001
3.958661e+003,9.820742e+001
3.959143e+003,9.827282e+001
3.959625e+003,9.835231e+001
3.960107e+003,9.843311e+001
3.960589e+003,9.850392e+001
3.961072e+003,9.855753e+001
3.961554e+003,9.859205e+001
3.962036e+003,9.861070e+001
3.962518e+003,9.861990e+001
3.963000e+003,9.862653e+001
3.963482e+003,9.863595e+001
3.963964e+003,9.865043e+001
3.964446e+003,9.866927e+001
3.964929e+003,9.868961e+001
3.965411e+003,9.870808e+001
3.965893e+003,9.872166e+001
3.966375e+003,9.872862e+001
3.966857e+003,9.872816e+001
3.967339e+003,9.871999e+001
3.967821e+003,9.870396e+001
3.968303e+003,9.867982e+001
3.968786e+003,9.864776e+001
3.969268e+003,9.860911e+001
3.969750e+003,9.856686e+001
3.970232e+003,9.852573e+001
3.970714e+003,9.849120e+001
3.971196e+003,9.846833e+001
3.971678e+003,9.846021e+001
3.972160e+003,9.846685e+001
3.972643e+003,9.848512e+001
3.973125e+003,9.850937e+001
3.973607e+003,9.853302e+001
3.974089e+003,9.855026e+001
3.974571e+003,9.855750e+001
3.975053e+003,9.855423e+001
3.975535e+003,9.854276e+001
3.976017e+003,9.852749e+001
3.976500e+003,9.851360e+001
3.976981e+003,9.850589e+001
3.977464e+003,9.850776e+001
3.977946e+003,9.852083e+001
3.978428e+003,9.854469e+001
3.978910e+003,9.857721e+001
3.979392e+003,9.861508e+001
3.979874e+003,9.865443e+001
3.980356e+003,9.869154e+001
3.980838e+003,9.872340e+001
3.981321e+003,9.874807e+001
3.981803e+003,9.876508e+001
3.982285e+003,9.877526e+001
3.982767e+003,9.878048e+001
3.983249e+003,9.878307e+001
3.983731e+003,9.878535e+001
3.984213e+003,9.878886e+001
3.984695e+003,9.879378e+001
3.985178e+003,9.879877e+001
3.985660e+003,9.880095e+001
3.986142e+003,9.879678e+001
3.986624e+003,9.878302e+001
3.987106e+003,9.875784e+001
3.987588e+003,9.872189e+001
3.988070e+003,9.867853e+001
3.988552e+003,9.863342e+001
3.989035e+003,9.859307e+001
3.989517e+003,9.856326e+001
3.989999e+003,9.854745e+001
3.990481e+003,9.854588e+001
3.990963e+003,9.855562e+001
3.991445e+003,9.857180e+001
3.991927e+003,9.858926e+001
3.992409e+003,9.860397e+001
3.992892e+003,9.861411e+001
3.993374e+003,9.862027e+001
3.993855e+003,9.862466e+001
3.994338e+003,9.863018e+001
3.994820e+003,9.863947e+001
3.995302e+003,9.865410e+001
3.995784e+003,9.867439e+001
3.996266e+003,9.869953e+001
3.996749e+003,9.872789e+001
3.997230e+003,9.875725e+001
3.997712e+003,9.878506e+001
3.998195e+003,9.880882e+001
3.998677e+003,9.882642e+001
3.999159e+003,9.883672e+001
3.999641e+003,9.883988e+001
4.000123e+003,9.883748e+001
