3.996747e+002,0.000000e+000
4.001569e+002,1.009701e+002
4.006390e+002,1.009008e+002
4.011211e+002,1.009618e+002
4.016032e+002,1.012289e+002
4.020853e+002,1.017301e+002
4.025674e+002,1.024351e+002
4.030496e+002,1.032650e+002
4.035317e+002,1.041170e+002
4.040138e+002,1.048902e+002
4.044959e+002,1.055033e+002
4.049780e+002,1.058999e+002
4.054601e+002,1.060512e+002
4.059423e+002,1.059594e+002
4.064244e+002,1.056620e+002
4.069065e+002,1.052295e+002
4.073886e+002,1.047538e+002
4.078707e+002,1.043284e+002
4.083528e+002,1.040302e+002
4.088350e+002,1.038809e+002
4.093171e+002,1.038905e+002
4.097992e+002,1.040669e+002
4.102813e+002,1.044162e+002
4.107634e+002,1.047383e+002
4.112455e+002,1.050474e+002
4.117277e+002,1.053354e+002
4.122098e+002,1.056575e+002
4.126919e+002,1.060235e+002
4.131740e+002,1.064257e+002
4.136561e+002,1.068427e+002
4.141382e+002,1.073334e+002
4.146204e+002,1.077219e+002
4.151025e+002,1.079526e+002
4.155846e+002,1.080238e+002
4.160667e+002,1.079231e+002
4.165488e+002,1.076374e+002
4.170309e+002,1.071623e+002
4.175131e+002,1.065530e+002
4.179952e+002,1.058555e+002
4.184773e+002,1.052264e+002
4.189594e+002,1.047088e+002
4.194415e+002,1.044782e+002
4.199236e+002,1.045289e+002
4.204058e+002,1.047799e+002
4.208879e+002,1.051016e+002
4.213700e+002,1.053918e+002
4.218521e+002,1.056189e+002
4.223342e+002,1.056564e+002
4.228163e+002,1.055499e+002
4.232985e+002,1.053719e+002
4.237806e+002,1.052627e+002
4.242627e+002,1.051909e+002
4.247448e+002,1.052106e+002
4.252269e+002,1.053311e+002
4.257090e+002,1.055041e+002
4.261912e+002,1.056313e+002
4.266733e+002,1.057276e+002
4.271554e+002,1.057726e+002
4.276375e+002,1.057624e+002
4.281196e+002,1.057044e+002
4.286017e+002,1.056186e+002
4.290839e+002,1.054906e+002
4.295660e+002,1.053575e+002
4.300481e+002,1.051699e+002
4.305302e+002,1.050339e+002
4.310123e+002,1.049745e+002
4.314944e+002,1.050405e+002
4.319766e+002,1.052421e+002
4.324587e+002,1.055480e+002
4.329408e+002,1.058936e+002
4.334229e+002,1.062017e+002
4.339050e+002,1.064044e+002
4.343871e+002,1.064804e+002
4.348693e+002,1.064456e+002
4.353514e+002,1.063560e+002
4.358335e+002,1.062669e+002
4.363156e+002,1.062012e+002
4.367977e+002,1.061829e+002
4.372798e+002,1.062683e+002
4.377620e+002,1.063499e+002
4.382441e+002,1.064419e+002
4.387262e+002,1.065241e+002
4.392083e+002,1.065964e+002
4.396904e+002,1.066652e+002
4.401725e+002,1.067425e+002
4.406547e+002,1.067915e+002
4.411368e+002,1.068276e+002
4.416189e+002,1.068105e+002
4.421010e+002,1.067703e+002
4.425831e+002,1.067411e+002
4.430652e+002,1.067637e+002
4.435474e+002,1.068745e+002
4.440295e+002,1.070900e+002
4.445116e+002,1.071913e+002
4.449937e+002,1.073969e+002
4.454758e+002,1.075605e+002
4.459579e+002,1.076324e+002
4.464401e+002,1.076469e+002
4.469222e+002,1.076374e+002
4.474043e+002,1.076456e+002
4.478864e+002,1.076844e+002
4.483685e+002,1.078160e+002
4.488506e+002,1.078900e+002
4.493328e+002,1.079403e+002
4.498149e+002,1.080388e+002
4.502970e+002,1.080984e+002
4.507791e+002,1.081461e+002
4.512612e+002,1.082440e+002
4.517433e+002,1.083916e+002
4.522255e+002,1.085826e+002
4.527076e+002,1.087948e+002
4.531897e+002,1.090283e+002
4.536718e+002,1.091848e+002
4.541539e+002,1.092551e+002
4.546360e+002,1.092172e+002
4.551182e+002,1.090539e+002
4.556003e+002,1.087525e+002
4.560824e+002,1.082976e+002
4.565645e+002,1.076937e+002
4.570466e+002,1.070128e+002
4.575287e+002,1.062768e+002
4.580109e+002,1.055947e+002
4.584930e+002,1.050791e+002
4.589751e+002,1.047565e+002
4.594572e+002,1.046857e+002
4.599393e+002,1.047618e+002
4.604214e+002,1.049865e+002
4.609036e+002,1.052937e+002
4.613857e+002,1.056512e+002
4.618678e+002,1.060284e+002
4.623499e+002,1.064255e+002
4.628320e+002,1.068715e+002
4.633141e+002,1.073270e+002
4.637963e+002,1.077680e+002
4.642784e+002,1.081951e+002
4.647605e+002,1.085556e+002
4.652426e+002,1.088700e+002
4.657247e+002,1.090698e+002
4.662068e+002,1.092090e+002
4.666890e+002,1.093166e+002
4.671711e+002,1.094428e+002
4.676532e+002,1.095729e+002
4.681353e+002,1.097010e+002
4.686174e+002,1.098186e+002
4.690995e+002,1.099544e+002
4.695817e+002,1.100494e+002
4.700638e+002,1.101528e+002
4.705459e+002,1.102726e+002
4.710280e+002,1.104190e+002
4.715101e+002,1.106122e+002
4.719922e+002,1.108456e+002
4.724744e+002,1.111123e+002
4.729565e+002,1.113930e+002
4.734386e+002,1.116383e+002
4.739207e+002,1.118724e+002
4.744028e+002,1.120707e+002
4.748849e+002,1.122511e+002
4.753671e+002,1.123933e+002
4.758492e+002,1.125151e+002
4.763313e+002,1.125225e+002
4.768134e+002,1.124641e+002
4.772955e+002,1.123237e+002
4.777776e+002,1.121737e+002
4.782598e+002,1.120207e+002
4.787419e+002,1.119113e+002
4.792240e+002,1.118627e+002
4.797061e+002,1.118235e+002
4.801882e+002,1.118039e+002
4.806703e+002,1.117723e+002
4.811525e+002,1.117431e+002
4.816346e+002,1.117318e+002
4.821167e+002,1.117562e+002
4.825988e+002,1.118152e+002
4.830809e+002,1.119163e+002
4.835630e+002,1.120915e+002
4.840452e+002,1.123257e+002
4.845273e+002,1.125505e+002
4.850094e+002,1.127784e+002
4.854915e+002,1.129591e+002
4.859736e+002,1.131388e+002
4.864557e+002,1.131838e+002
4.869379e+002,1.131612e+002
4.874200e+002,1.130510e+002
4.879021e+002,1.128669e+002
4.883842e+002,1.126401e+002
4.888663e+002,1.123976e+002
4.893484e+002,1.121809e+002
4.898306e+002,1.120251e+002
4.903127e+002,1.119394e+002
4.907948e+002,1.118992e+002
4.912769e+002,1.118816e+002
4.917590e+002,1.118861e+002
4.922411e+002,1.118574e+002
4.927233e+002,1.118324e+002
4.932054e+002,1.118057e+002
4.936875e+002,1.118252e+002
4.941696e+002,1.118525e+002
4.946517e+002,1.118987e+002
4.951339e+002,1.119135e+002
4.956160e+002,1.119035e+002
4.960981e+002,1.118367e+002
4.965802e+002,1.117251e+002
4.970623e+002,1.115741e+002
4.975444e+002,1.114371e+002
4.980266e+002,1.113234e+002
4.985087e+002,1.112733e+002
4.989908e+002,1.111921e+002
4.994729e+002,1.110624e+002
4.999550e+002,1.109510e+002
5.004371e+002,1.107860e+002
5.009193e+002,1.106269e+002
5.014014e+002,1.104838e+002
5.018835e+002,1.103884e+002
5.023656e+002,1.103940e+002
5.028477e+002,1.104557e+002
5.033299e+002,1.105697e+002
5.038120e+002,1.107092e+002
5.042941e+002,1.108269e+002
5.047762e+002,1.109238e+002
5.052583e+002,1.109992e+002
5.057404e+002,1.110243e+002
5.062226e+002,1.110548e+002
5.067047e+002,1.110817e+002
5.071868e+002,1.111212e+002
5.076689e+002,1.111796e+002
5.081510e+002,1.112756e+002
5.086331e+002,1.113990e+002
5.091153e+002,1.115513e+002
5.095974e+002,1.117041e+002
5.100795e+002,1.118552e+002
5.105616e+002,1.119554e+002
5.110437e+002,1.119725e+002
5.115258e+002,1.119536e+002
5.120079e+002,1.118957e+002
5.124901e+002,1.118533e+002
5.129722e+002,1.118359e+002
5.134543e+002,1.117873e+002
5.139364e+002,1.117576e+002
5.144185e+002,1.117319e+002
5.149006e+002,1.116922e+002
5.153828e+002,1.116288e+002
5.158649e+002,1.115450e+002
5.163470e+002,1.114532e+002
5.168291e+002,1.113909e+002
5.173112e+002,1.113523e+002
5.177933e+002,1.113334e+002
5.182755e+002,1.112761e+002
5.187576e+002,1.113052e+002
5.192397e+002,1.113536e+002
5.197218e+002,1.113950e+002
5.202039e+002,1.114229e+002
5.206860e+002,1.114331e+002
5.211682e+002,1.114215e+002
5.216503e+002,1.113820e+002
5.221324e+002,1.113080e+002
5.226145e+002,1.111998e+002
5.230966e+002,1.110515e+002
5.235787e+002,1.108648e+002
5.240609e+002,1.106754e+002
5.245430e+002,1.105108e+002
5.250251e+002,1.103338e+002
5.255072e+002,1.101783e+002
5.259893e+002,1.100189e+002
5.264714e+002,1.098626e+002
5.269536e+002,1.097318e+002
5.274357e+002,1.096106e+002
5.279178e+002,1.094734e+002
5.283999e+002,1.093319e+002
5.288821e+002,1.091808e+002
5.293641e+002,1.090176e+002
5.298463e+002,1.088413e+002
5.303284e+002,1.086544e+002
5.308105e+002,1.084635e+002
5.312926e+002,1.082779e+002
5.317748e+002,1.081058e+002
5.322568e+002,1.079518e+002
5.327390e+002,1.078153e+002
5.332211e+002,1.076918e+002
5.337032e+002,1.075757e+002
5.341853e+002,1.074649e+002
5.346675e+002,1.073626e+002
5.351495e+002,1.072750e+002
5.356317e+002,1.072091e+002
5.361138e+002,1.071681e+002
5.365959e+002,1.071497e+002
5.370780e+002,1.071469e+002
5.375602e+002,1.071519e+002
5.380422e+002,1.071610e+002
5.385244e+002,1.071772e+002
5.390065e+002,1.072078e+002
5.394886e+002,1.072545e+002
5.399707e+002,1.073379e+002
5.404529e+002,1.074465e+002
5.409349e+002,1.075682e+002
5.414171e+002,1.076958e+002
5.418992e+002,1.077920e+002
5.423813e+002,1.078622e+002
5.428634e+002,1.079022e+002
5.433456e+002,1.079155e+002
5.438276e+002,1.079324e+002
5.443098e+002,1.079080e+002
5.447919e+002,1.078634e+002
5.452740e+002,1.077867e+002
5.457561e+002,1.077152e+002
5.462383e+002,1.076248e+002
5.467203e+002,1.075339e+002
5.472025e+002,1.074586e+002
5.476846e+002,1.074103e+002
5.481667e+002,1.073946e+002
5.486488e+002,1.074091e+002
5.491310e+002,1.074510e+002
5.496130e+002,1.075073e+002
5.500952e+002,1.075716e+002
5.505773e+002,1.076373e+002
5.510594e+002,1.076972e+002
5.515415e+002,1.077428e+002
5.520237e+002,1.077479e+002
5.525057e+002,1.076961e+002
5.529879e+002,1.076197e+002
5.534700e+002,1.075006e+002
5.539521e+002,1.073537e+002
5.544342e+002,1.072064e+002
5.549164e+002,1.070873e+002
5.553984e+002,1.070161e+002
5.558806e+002,1.069986e+002
5.563627e+002,1.070257e+002
5.568448e+002,1.070736e+002
5.573269e+002,1.071165e+002
5.578091e+002,1.071339e+002
5.582911e+002,1.071160e+002
5.587733e+002,1.070637e+002
5.592554e+002,1.070051e+002
5.597375e+002,1.069137e+002
5.602196e+002,1.068151e+002
5.607018e+002,1.067147e+002
5.611838e+002,1.066082e+002
5.616660e+002,1.065073e+002
5.621481e+002,1.064202e+002
5.626302e+002,1.063456e+002
5.631123e+002,1.062831e+002
5.635945e+002,1.062308e+002
5.640765e+002,1.061849e+002
5.645587e+002,1.061416e+002
5.650408e+002,1.061000e+002
5.655229e+002,1.060639e+002
5.660050e+002,1.060404e+002
5.664872e+002,1.060367e+002
5.669692e+002,1.060557e+002
5.674514e+002,1.060938e+002
5.679335e+002,1.061412e+002
5.684156e+002,1.062177e+002
5.688977e+002,1.062473e+002
5.693799e+002,1.062635e+002
5.698619e+002,1.062631e+002
5.703441e+002,1.062531e+002
5.708262e+002,1.062384e+002
5.713083e+002,1.062170e+002
5.717904e+002,1.061841e+002
5.722726e+002,1.061345e+002
5.727546e+002,1.060688e+002
5.732368e+002,1.059888e+002
5.737189e+002,1.059073e+002
5.742010e+002,1.058367e+002
5.746831e+002,1.057848e+002
5.751653e+002,1.057511e+002
5.756473e+002,1.057275e+002
5.761295e+002,1.057034e+002
5.766116e+002,1.056726e+002
5.770938e+002,1.056385e+002
5.775758e+002,1.056129e+002
5.780580e+002,1.056107e+002
5.785400e+002,1.056406e+002
5.790222e+002,1.056989e+002
5.795043e+002,1.057671e+002
5.799865e+002,1.058171e+002
5.804685e+002,1.058203e+002
5.809507e+002,1.057581e+002
5.814327e+002,1.056278e+002
5.819149e+002,1.054423e+002
5.823970e+002,1.052230e+002
5.828792e+002,1.049912e+002
5.833612e+002,1.047606e+002
5.838434e+002,1.045349e+002
5.843254e+002,1.043086e+002
5.848076e+002,1.040710e+002
5.852897e+002,1.038083e+002
5.857719e+002,1.035031e+002
5.862539e+002,1.031316e+002
5.867361e+002,1.026624e+002
5.872181e+002,1.020596e+002
5.877003e+002,1.012837e+002
5.881824e+002,1.003193e+002
5.886646e+002,9.918235e+001
5.891466e+002,9.792743e+001
5.896288e+002,9.664727e+001
5.901108e+002,9.546319e+001
5.905930e+002,9.450687e+001
5.910751e+002,9.389560e+001
5.915573e+002,9.370609e+001
5.920393e+002,9.395539e+001
5.925215e+002,9.459555e+001
5.930035e+002,9.552459e+001
5.934857e+002,9.661063e+001
5.939678e+002,9.771995e+001
5.944500e+002,9.874216e+001
5.949320e+002,9.960608e+001
5.954142e+002,1.002853e+002
5.958962e+002,1.007923e+002
5.963784e+002,1.011652e+002
5.968605e+002,1.014501e+002
5.973427e+002,1.016860e+002
5.978247e+002,1.018953e+002
5.983069e+002,1.020823e+002
5.987889e+002,1.022376e+002
5.992711e+002,1.023461e+002
5.997532e+002,1.023933e+002
6.002354e+002,1.023691e+002
6.007174e+002,1.022666e+002
6.011996e+002,1.020811e+002
6.016816e+002,1.018076e+002
6.021638e+002,1.014432e+002
6.026459e+002,1.009917e+002
6.031281e+002,1.004686e+002
6.036101e+002,9.990489e+001
6.040923e+002,9.934560e+001
6.045743e+002,9.884234e+001
6.050565e+002,9.844373e+001
6.055386e+002,9.818440e+001
6.060208e+002,9.807858e+001
6.065029e+002,9.811862e+001
6.069850e+002,9.827926e+001
6.074671e+002,9.852505e+001
6.079492e+002,9.881805e+001
6.084313e+002,9.912347e+001
6.089135e+002,9.941326e+001
6.093956e+002,9.966687e+001
6.098777e+002,9.987184e+001
6.103598e+002,1.000234e+002
6.108419e+002,1.001243e+002
6.113240e+002,1.001834e+002
6.118062e+002,1.002130e+002
6.122883e+002,1.002251e+002
6.127704e+002,1.002288e+002
6.132525e+002,1.002279e+002
6.137346e+002,1.002221e+002
6.142167e+002,1.002088e+002
6.146989e+002,1.001860e+002
6.151810e+002,1.001538e+002
6.156631e+002,1.001141e+002
6.161452e+002,1.000680e+002
6.166273e+002,1.000131e+002
6.171094e+002,9.994318e+001
6.175916e+002,9.985127e+001
6.180737e+002,9.973522e+001
6.185558e+002,9.960187e+001
6.190379e+002,9.946685e+001
6.195200e+002,9.935040e+001
6.200021e+002,9.927203e+001
6.204843e+002,9.924683e+001
6.209664e+002,9.928350e+001
6.214485e+002,9.938462e+001
6.219306e+002,9.954855e+001
6.224127e+002,9.977168e+001
6.228948e+002,1.000501e+002
6.233770e+002,1.003792e+002
6.238591e+002,1.007511e+002
6.243412e+002,1.011526e+002
6.248233e+002,1.015640e+002
6.253054e+002,1.019611e+002
6.257875e+002,1.023205e+002
6.262697e+002,1.026247e+002
6.267518e+002,1.028668e+002
6.272339e+002,1.030506e+002
6.277160e+002,1.031872e+002
6.281981e+002,1.032899e+002
6.286802e+002,1.033697e+002
6.291624e+002,1.034330e+002
6.296445e+002,1.034823e+002
6.301266e+002,1.035193e+002
6.306087e+002,1.035475e+002
6.310908e+002,1.035737e+002
6.315729e+002,1.036064e+002
6.320551e+002,1.036527e+002
6.325372e+002,1.037154e+002
6.330193e+002,1.037912e+002
6.335014e+002,1.038714e+002
6.339835e+002,1.039454e+002
6.344656e+002,1.040034e+002
6.349478e+002,1.040395e+002
6.354299e+002,1.040518e+002
6.359120e+002,1.040423e+002
6.363941e+002,1.040146e+002
6.368762e+002,1.039733e+002
6.373583e+002,1.039235e+002
6.378405e+002,1.038720e+002
6.383226e+002,1.038266e+002
6.388047e+002,1.037959e+002
6.392868e+002,1.037865e+002
6.397689e+002,1.038011e+002
6.402510e+002,1.038368e+002
6.407332e+002,1.038855e+002
6.412153e+002,1.039363e+002
6.416974e+002,1.039790e+002
6.421795e+002,1.040066e+002
6.426616e+002,1.040169e+002
6.431437e+002,1.040113e+002
6.436259e+002,1.039926e+002
6.441080e+002,1.039632e+002
6.445901e+002,1.039238e+002
6.450722e+002,1.038750e+002
6.455543e+002,1.038177e+002
6.460364e+002,1.037553e+002
6.465186e+002,1.036937e+002
6.470007e+002,1.036398e+002
6.474828e+002,1.035998e+002
6.479649e+002,1.035766e+002
6.484470e+002,1.035697e+002
6.489291e+002,1.035755e+002
6.494113e+002,1.035887e+002
6.498934e+002,1.036033e+002
6.503755e+002,1.036116e+002
6.508576e+002,1.036033e+002
6.513397e+002,1.035663e+002
6.518218e+002,1.034890e+002
6.523040e+002,1.033647e+002
6.527861e+002,1.031955e+002
6.532682e+002,1.029933e+002
6.537503e+002,1.027781e+002
6.542324e+002,1.025723e+002
6.547145e+002,1.023933e+002
6.551967e+002,1.022478e+002
6.556788e+002,1.021287e+002
6.561609e+002,1.020174e+002
6.566430e+002,1.018899e+002
6.571251e+002,1.017245e+002
6.576072e+002,1.015077e+002
6.580894e+002,1.012373e+002
6.585715e+002,1.009202e+002
6.590536e+002,1.005683e+002
6.595357e+002,1.001927e+002
6.600178e+002,9.979929e+001
6.604999e+002,9.938656e+001
6.609821e+002,9.894703e+001
6.614642e+002,9.847054e+001
6.619463e+002,9.794874e+001
6.624284e+002,9.737910e+001
6.629105e+002,9.676717e+001
6.633926e+002,9.612543e+001
6.638748e+002,9.546897e+001
6.643569e+002,9.480920e+001
6.648390e+002,9.414761e+001
6.653211e+002,9.347210e+001
6.658032e+002,9.275933e+001
6.662853e+002,9.198675e+001
6.667675e+002,9.115717e+001
6.672496e+002,9.031953e+001
6.677317e+002,8.954124e+001
6.682138e+002,8.881586e+001
6.686959e+002,8.804016e+001
6.691780e+002,8.715730e+001
6.696602e+002,8.622643e+001
6.701423e+002,8.532113e+001
6.706244e+002,8.446385e+001
6.711065e+002,8.364074e+001
6.715886e+002,8.282938e+001
6.720707e+002,8.201627e+001
6.725529e+002,8.120742e+001
6.730350e+002,8.043439e+001
6.735171e+002,7.975534e+001
6.739992e+002,7.925027e+001
6.744813e+002,7.901141e+001
6.749634e+002,7.913012e+001
6.754456e+002,7.968074e+001
6.759277e+002,8.070306e+001
6.764098e+002,8.218839e+001
6.768919e+002,8.407596e+001
6.773740e+002,8.626315e+001
6.778561e+002,8.862584e+001
6.783383e+002,9.103918e+001
6.788204e+002,9.339093e+001
6.793025e+002,9.558600e+001
6.797846e+002,9.754781e+001
6.802667e+002,9.922151e+001
6.807488e+002,1.005804e+002
6.812310e+002,1.016313e+002
6.817131e+002,1.024126e+002
6.821952e+002,1.029851e+002
6.826773e+002,1.034160e+002
6.831594e+002,1.037641e+002
6.836415e+002,1.040699e+002
6.841237e+002,1.043526e+002
6.846058e+002,1.046141e+002
6.850879e+002,1.048450e+002
6.855700e+002,1.050304e+002
6.860521e+002,1.051527e+002
6.865342e+002,1.051906e+002
6.870164e+002,1.051193e+002
6.874985e+002,1.049121e+002
6.879806e+002,1.045475e+002
6.884627e+002,1.040192e+002
6.889448e+002,1.033457e+002
6.894269e+002,1.025738e+002
6.899091e+002,1.017762e+002
6.903912e+002,1.010424e+002
6.908733e+002,1.004642e+002
6.913554e+002,1.001197e+002
6.918375e+002,1.000575e+002
6.923196e+002,1.002867e+002
6.928018e+002,1.007734e+002
6.932839e+002,1.014487e+002
6.937660e+002,1.022233e+002
6.942481e+002,1.030052e+002
6.947302e+002,1.037164e+002
6.952123e+002,1.043046e+002
6.956945e+002,1.047481e+002
6.961766e+002,1.050541e+002
6.966587e+002,1.052503e+002
6.971408e+002,1.053730e+002
6.976229e+002,1.054554e+002
6.981050e+002,1.055198e+002
6.985872e+002,1.055756e+002
6.990693e+002,1.056220e+002
6.995514e+002,1.056541e+002
7.000335e+002,1.056688e+002
7.005156e+002,1.056686e+002
7.009977e+002,1.056605e+002
7.014799e+002,1.056531e+002
7.019620e+002,1.056530e+002
7.024441e+002,1.056624e+002
7.029262e+002,1.056797e+002
7.034083e+002,1.057016e+002
7.038904e+002,1.057257e+002
7.043726e+002,1.057523e+002
7.048547e+002,1.057828e+002
7.053368e+002,1.058170e+002
7.058189e+002,1.058509e+002
7.063010e+002,1.058757e+002
7.067831e+002,1.058806e+002
7.072653e+002,1.058569e+002
7.077474e+002,1.058029e+002
7.082295e+002,1.057257e+002
7.087116e+002,1.056394e+002
7.091937e+002,1.055608e+002
7.096758e+002,1.055038e+002
7.101580e+002,1.054748e+002
7.106401e+002,1.054728e+002
7.111222e+002,1.054908e+002
7.116043e+002,1.055205e+002
7.120864e+002,1.055556e+002
7.125685e+002,1.055935e+002
7.130507e+002,1.056340e+002
7.135328e+002,1.056767e+002
7.140149e+002,1.057190e+002
7.144970e+002,1.057561e+002
7.149791e+002,1.057830e+002
7.154612e+002,1.057979e+002
7.159434e+002,1.058048e+002
7.164255e+002,1.058131e+002
7.169076e+002,1.058348e+002
7.173897e+002,1.058799e+002
7.178718e+002,1.059522e+002
7.183539e+002,1.060466e+002
7.188361e+002,1.061496e+002
7.193182e+002,1.062424e+002
7.198003e+002,1.063068e+002
7.202824e+002,1.063303e+002
7.207645e+002,1.063105e+002
7.212466e+002,1.062543e+002
7.217288e+002,1.061737e+002
7.222109e+002,1.060808e+002
7.226930e+002,1.059853e+002
7.231751e+002,1.058938e+002
7.236572e+002,1.058114e+002
7.241393e+002,1.057423e+002
7.246215e+002,1.056902e+002
7.251036e+002,1.056566e+002
7.255857e+002,1.056401e+002
7.260678e+002,1.056366e+002
7.265499e+002,1.056404e+002
7.270320e+002,1.056460e+002
7.275142e+002,1.056495e+002
7.279963e+002,1.056494e+002
7.284784e+002,1.056457e+002
7.289605e+002,1.056388e+002
7.294426e+002,1.056275e+002
7.299247e+002,1.056094e+002
7.304069e+002,1.055814e+002
7.308890e+002,1.055413e+002
7.313711e+002,1.054890e+002
7.318532e+002,1.054266e+002
7.323353e+002,1.053574e+002
7.328174e+002,1.052834e+002
7.332996e+002,1.052040e+002
7.337817e+002,1.051153e+002
7.342638e+002,1.050115e+002
7.347459e+002,1.048879e+002
7.352280e+002,1.047434e+002
7.357101e+002,1.045832e+002
7.361923e+002,1.044190e+002
7.366744e+002,1.042671e+002
7.371565e+002,1.041450e+002
7.376386e+002,1.040678e+002
7.381207e+002,1.040441e+002
7.386028e+002,1.040737e+002
7.390850e+002,1.041474e+002
7.395671e+002,1.042485e+002
7.400492e+002,1.043561e+002
7.405313e+002,1.044498e+002
7.410134e+002,1.045137e+002
7.414955e+002,1.045403e+002
7.419777e+002,1.045320e+002
7.424598e+002,1.045002e+002
7.429419e+002,1.044625e+002
7.434240e+002,1.044373e+002
7.439061e+002,1.044387e+002
7.443882e+002,1.044733e+002
7.448704e+002,1.045391e+002
7.453525e+002,1.046269e+002
7.458346e+002,1.047240e+002
7.463167e+002,1.048186e+002
7.467988e+002,1.049028e+002
7.472809e+002,1.049739e+002
7.477631e+002,1.050332e+002
7.482452e+002,1.050834e+002
7.487273e+002,1.051262e+002
7.492094e+002,1.051609e+002
7.496915e+002,1.051845e+002
7.501736e+002,1.051937e+002
7.506558e+002,1.051866e+002
7.511379e+002,1.051639e+002
7.516200e+002,1.051294e+002
7.521021e+002,1.050882e+002
7.525842e+002,1.050449e+002
7.530663e+002,1.050020e+002
7.535485e+002,1.049587e+002
7.540306e+002,1.049119e+002
7.545127e+002,1.048574e+002
7.549948e+002,1.047920e+002
7.554769e+002,1.047152e+002
7.559590e+002,1.046292e+002
7.564412e+002,1.045385e+002
7.569233e+002,1.044484e+002
7.574054e+002,1.043635e+002
7.578875e+002,1.042866e+002
7.583696e+002,1.042183e+002
7.588517e+002,1.041569e+002
7.593339e+002,1.040979e+002
7.598160e+002,1.040323e+002
7.602981e+002,1.039417e+002
7.607802e+002,1.038001e+002
7.612623e+002,1.035668e+002
7.617444e+002,1.031898e+002
7.622266e+002,1.026156e+002
7.627087e+002,1.018054e+002
7.631908e+002,1.007541e+002
7.636729e+002,9.950636e+001
7.641550e+002,9.816300e+001
7.646371e+002,9.687218e+001
7.651193e+002,9.580454e+001
7.656014e+002,9.511747e+001
7.660835e+002,9.491843e+001
7.665656e+002,9.523940e+001
7.670477e+002,9.603006e+001
7.675298e+002,9.717095e+001
7.680120e+002,9.850192e+001
7.684941e+002,9.985773e+001
7.689762e+002,1.011010e+002
7.694583e+002,1.021442e+002
7.699404e+002,1.029559e+002
7.704225e+002,1.035509e+002
7.709047e+002,1.039715e+002
7.713868e+002,1.042668e+002
7.718689e+002,1.044776e+002
7.723510e+002,1.046304e+002
7.728331e+002,1.047393e+002
7.733152e+002,1.048116e+002
7.737974e+002,1.048530e+002
7.742795e+002,1.048704e+002
7.747616e+002,1.048710e+002
7.752437e+002,1.048606e+002
7.757258e+002,1.048421e+002
7.762079e+002,1.048161e+002
7.766901e+002,1.047834e+002
7.771722e+002,1.047475e+002
7.776543e+002,1.047148e+002
7.781364e+002,1.046928e+002
7.786185e+002,1.046871e+002
7.791006e+002,1.046985e+002
7.795828e+002,1.047219e+002
7.800649e+002,1.047482e+002
7.805470e+002,1.047684e+002
7.810291e+002,1.047770e+002
7.815112e+002,1.047738e+002
7.819933e+002,1.047628e+002
7.824755e+002,1.047485e+002
7.829576e+002,1.047328e+002
7.834397e+002,1.047128e+002
7.839218e+002,1.046821e+002
7.844039e+002,1.046341e+002
7.848860e+002,1.045656e+002
7.853682e+002,1.044792e+002
7.858503e+002,1.043820e+002
7.863324e+002,1.042831e+002
7.868145e+002,1.041896e+002
7.872966e+002,1.041041e+002
7.877787e+002,1.040246e+002
7.882609e+002,1.039463e+002
7.887430e+002,1.038651e+002
7.892251e+002,1.037798e+002
7.897072e+002,1.036913e+002
7.901893e+002,1.036017e+002
7.906714e+002,1.035108e+002
7.911536e+002,1.034152e+002
7.916357e+002,1.033077e+002
7.921178e+002,1.031799e+002
7.925999e+002,1.030245e+002
7.930820e+002,1.028372e+002
7.935641e+002,1.026165e+002
7.940463e+002,1.023618e+002
7.945284e+002,1.020713e+002
7.950105e+002,1.017413e+002
7.954926e+002,1.013675e+002
7.959747e+002,1.009482e+002
7.964568e+002,1.004872e+002
7.969390e+002,9.999519e+001
7.974211e+002,9.948860e+001
7.979032e+002,9.898557e+001
7.983853e+002,9.850143e+001
7.988674e+002,9.804561e+001
7.993495e+002,9.762022e+001
7.998317e+002,9.722218e+001
8.003138e+002,9.684668e+001
8.007959e+002,9.649079e+001
8.012780e+002,9.615584e+001
8.017601e+002,9.584779e+001
8.022422e+002,9.557587e+001
8.027244e+002,9.535082e+001
8.032065e+002,9.518314e+001
8.036886e+002,9.508271e+001
8.041707e+002,9.505874e+001
8.046528e+002,9.511987e+001
8.051349e+002,9.527327e+001
8.056171e+002,9.552309e+001
8.060992e+002,9.586801e+001
8.065813e+002,9.629965e+001
8.070634e+002,9.680228e+001
8.075455e+002,9.735464e+001
8.080276e+002,9.793356e+001
8.085098e+002,9.851746e+001
8.089919e+002,9.908896e+001
8.094740e+002,9.963554e+001
8.099561e+002,1.001483e+002
8.104382e+002,1.006206e+002
8.109203e+002,1.010475e+002
8.114025e+002,1.014260e+002
8.118846e+002,1.017558e+002
8.123667e+002,1.020402e+002
8.128489e+002,1.022843e+002
8.133309e+002,1.024937e+002
8.138131e+002,1.026718e+002
8.142952e+002,1.028185e+002
8.147773e+002,1.029320e+002
8.152594e+002,1.030107e+002
8.157416e+002,1.030570e+002
8.162236e+002,1.030786e+002
8.167058e+002,1.030879e+002
8.171879e+002,1.030989e+002
8.176700e+002,1.031229e+002
8.181521e+002,1.031646e+002
8.186343e+002,1.032215e+002
8.191163e+002,1.032852e+002
8.195985e+002,1.033448e+002
8.200806e+002,1.033917e+002
8.205627e+002,1.034216e+002
8.210448e+002,1.034351e+002
8.215270e+002,1.034365e+002
8.220090e+002,1.034306e+002
8.224912e+002,1.034212e+002
8.229733e+002,1.034099e+002
8.234554e+002,1.033965e+002
8.239375e+002,1.033802e+002
8.244197e+002,1.033605e+002
8.249017e+002,1.033378e+002
8.253839e+002,1.033129e+002
8.258660e+002,1.032871e+002
8.263481e+002,1.032617e+002
8.268302e+002,1.032381e+002
8.273124e+002,1.032181e+002
8.277944e+002,1.032038e+002
8.282766e+002,1.031963e+002
8.287587e+002,1.031956e+002
8.292408e+002,1.031996e+002
8.297229e+002,1.032044e+002
8.302051e+002,1.032056e+002
8.306871e+002,1.031997e+002
8.311693e+002,1.031861e+002
8.316514e+002,1.031667e+002
8.321335e+002,1.031459e+002
8.326156e+002,1.031284e+002
8.330978e+002,1.031180e+002
8.335798e+002,1.031168e+002
8.340620e+002,1.031257e+002
8.345441e+002,1.031457e+002
8.350262e+002,1.031782e+002
8.355083e+002,1.032255e+002
8.359905e+002,1.032886e+002
8.364725e+002,1.033658e+002
8.369547e+002,1.034512e+002
8.374368e+002,1.035350e+002
8.379189e+002,1.036064e+002
8.384010e+002,1.036565e+002
8.388832e+002,1.036822e+002
8.393652e+002,1.036871e+002
8.398474e+002,1.036806e+002
8.403295e+002,1.036740e+002
8.408116e+002,1.036762e+002
8.412937e+002,1.036920e+002
8.417759e+002,1.037204e+002
8.422579e+002,1.037570e+002
8.427401e+002,1.037971e+002
8.432222e+002,1.038378e+002
8.437043e+002,1.038784e+002
8.441864e+002,1.039206e+002
8.446686e+002,1.039650e+002
8.451506e+002,1.040106e+002
8.456328e+002,1.040542e+002
8.461149e+002,1.040918e+002
8.465970e+002,1.041202e+002
8.470791e+002,1.041390e+002
8.475613e+002,1.041503e+002
8.480433e+002,1.041572e+002
8.485255e+002,1.041619e+002
8.490076e+002,1.041642e+002
8.494897e+002,1.041612e+002
8.499718e+002,1.041489e+002
8.504540e+002,1.041238e+002
8.509360e+002,1.040840e+002
8.514182e+002,1.040293e+002
8.519003e+002,1.039585e+002
8.523824e+002,1.038674e+002
8.528645e+002,1.037459e+002
8.533467e+002,1.035774e+002
8.538287e+002,1.033403e+002
8.543109e+002,1.030103e+002
8.547930e+002,1.025651e+002
8.552751e+002,1.019887e+002
8.557572e+002,1.012759e+002
8.562394e+002,1.004375e+002
8.567214e+002,9.950409e+001
8.572036e+002,9.852789e+001
8.576857e+002,9.758051e+001
8.581678e+002,9.674466e+001
8.586499e+002,9.610179e+001
8.591321e+002,9.571748e+001
8.596141e+002,9.562984e+001
8.600963e+002,9.584351e+001
8.605784e+002,9.633048e+001
8.610605e+002,9.703742e+001
8.615426e+002,9.789714e+001
8.620248e+002,9.884068e+001
8.625068e+002,9.980740e+001
8.629890e+002,1.007499e+002
8.634711e+002,1.016338e+002
8.639532e+002,1.024338e+002
8.644353e+002,1.031292e+002
8.649175e+002,1.037007e+002
8.653995e+002,1.041309e+002
8.658817e+002,1.044060e+002
8.663638e+002,1.045176e+002
8.668459e+002,1.044644e+002
8.673280e+002,1.042509e+002
8.678102e+002,1.038879e+002
8.682922e+002,1.033930e+002
8.687744e+002,1.027940e+002
8.692565e+002,1.021320e+002
8.697386e+002,1.014632e+002
8.702207e+002,1.008564e+002
8.707029e+002,1.003849e+002
8.711849e+002,1.001161e+002
8.716671e+002,1.000991e+002
8.721492e+002,1.003553e+002
8.726313e+002,1.008740e+002
8.731134e+002,1.016149e+002
8.735956e+002,1.025168e+002
8.740776e+002,1.035098e+002
8.745598e+002,1.045275e+002
8.750419e+002,1.055156e+002
8.755240e+002,1.064348e+002
8.760061e+002,1.072609e+002
8.764883e+002,1.079826e+002
8.769703e+002,1.085989e+002
8.774525e+002,1.091167e+002
8.779346e+002,1.095486e+002
8.784167e+002,1.099091e+002
8.788988e+002,1.102117e+002
8.793810e+002,1.104658e+002
8.798630e+002,1.106755e+002
8.803452e+002,1.108415e+002
8.808273e+002,1.109639e+002
8.813094e+002,1.110459e+002
8.817915e+002,1.110952e+002
8.822737e+002,1.111228e+002
8.827557e+002,1.111403e+002
8.832379e+002,1.111557e+002
8.837200e+002,1.111720e+002
8.842021e+002,1.111871e+002
8.846842e+002,1.111969e+002
8.851664e+002,1.111986e+002
8.856484e+002,1.111933e+002
8.861306e+002,1.111854e+002
8.866127e+002,1.111805e+002
8.870948e+002,1.111813e+002
8.875769e+002,1.111865e+002
8.880591e+002,1.111905e+002
8.885411e+002,1.111862e+002
8.890233e+002,1.111690e+002
8.895054e+002,1.111389e+002
8.899875e+002,1.111006e+002
8.904696e+002,1.110613e+002
8.909518e+002,1.110266e+002
8.914338e+002,1.109979e+002
8.919160e+002,1.109721e+002
8.923981e+002,1.109435e+002
8.928802e+002,1.109075e+002
8.933623e+002,1.108631e+002
8.938445e+002,1.108138e+002
8.943265e+002,1.107658e+002
8.948087e+002,1.107243e+002
8.952908e+002,1.106917e+002
8.957729e+002,1.106656e+002
8.962550e+002,1.106404e+002
8.967372e+002,1.106102e+002
8.972192e+002,1.105710e+002
8.977014e+002,1.105222e+002
8.981835e+002,1.104656e+002
8.986656e+002,1.104033e+002
8.991477e+002,1.103364e+002
8.996299e+002,1.102640e+002
9.001119e+002,1.101844e+002
9.005941e+002,1.100967e+002
9.010762e+002,1.100025e+002
9.015583e+002,1.099058e+002
9.020404e+002,1.098119e+002
9.025226e+002,1.097251e+002
9.030046e+002,1.096476e+002
9.034868e+002,1.095786e+002
9.039689e+002,1.095154e+002
9.044510e+002,1.094553e+002
9.049331e+002,1.093958e+002
9.054153e+002,1.093354e+002
9.058973e+002,1.092718e+002
9.063795e+002,1.092011e+002
9.068616e+002,1.091175e+002
9.073438e+002,1.090148e+002
9.078258e+002,1.088885e+002
9.083080e+002,1.087388e+002
9.087900e+002,1.085709e+002
9.092722e+002,1.083938e+002
9.097543e+002,1.082166e+002
9.102365e+002,1.080452e+002
9.107185e+002,1.078794e+002
9.112007e+002,1.077128e+002
9.116828e+002,1.075348e+002
9.121649e+002,1.073344e+002
9.126470e+002,1.071034e+002
9.131292e+002,1.068376e+002
9.136113e+002,1.065366e+002
9.140934e+002,1.062016e+002
9.145755e+002,1.058332e+002
9.150576e+002,1.054300e+002
9.155397e+002,1.049886e+002
9.160219e+002,1.045046e+002
9.165040e+002,1.039735e+002
9.169861e+002,1.033920e+002
9.174682e+002,1.027576e+002
9.179503e+002,1.020694e+002
9.184324e+002,1.013285e+002
9.189146e+002,1.005390e+002
9.193967e+002,9.970965e+001
9.198788e+002,9.885434e+001
9.203609e+002,9.799226e+001
9.208430e+002,9.714600e+001
9.213251e+002,9.633925e+001
9.218073e+002,9.559404e+001
9.222894e+002,9.492860e+001
9.227715e+002,9.435580e+001
9.232536e+002,9.388274e+001
9.237357e+002,9.351065e+001
9.242178e+002,9.323528e+001
9.247000e+002,9.304716e+001
9.251821e+002,9.293174e+001
9.256642e+002,9.286988e+001
9.261463e+002,9.283893e+001
9.266284e+002,9.281538e+001
9.271105e+002,9.277879e+001
9.275927e+002,9.271619e+001
9.280748e+002,9.262592e+001
9.285569e+002,9.251944e+001
9.290390e+002,9.242043e+001
9.295211e+002,9.236133e+001
9.300032e+002,9.237849e+001
9.304854e+002,9.250639e+001
9.309675e+002,9.277254e+001
9.314496e+002,9.319402e+001
9.319317e+002,9.377519e+001
9.324138e+002,9.450759e+001
9.328959e+002,9.537078e+001
9.333781e+002,9.633409e+001
9.338602e+002,9.735965e+001
9.343423e+002,9.840638e+001
9.348244e+002,9.943515e+001
9.353065e+002,1.004139e+002
9.357886e+002,1.013213e+002
9.362708e+002,1.021481e+002
9.367529e+002,1.028942e+002
9.372350e+002,1.035653e+002
9.377171e+002,1.041687e+002
9.381992e+002,1.047105e+002
9.386813e+002,1.051951e+002
9.391635e+002,1.056263e+002
9.396456e+002,1.060087e+002
9.401277e+002,1.063478e+002
9.406098e+002,1.066493e+002
9.410919e+002,1.069176e+002
9.415740e+002,1.071553e+002
9.420562e+002,1.073628e+002
9.425383e+002,1.075402e+002
9.430204e+002,1.076892e+002
9.435025e+002,1.078141e+002
9.439846e+002,1.079211e+002
9.444667e+002,1.080162e+002
9.449489e+002,1.081036e+002
9.454310e+002,1.081831e+002
9.459131e+002,1.082518e+002
9.463952e+002,1.083051e+002
9.468773e+002,1.083404e+002
9.473594e+002,1.083582e+002
9.478416e+002,1.083630e+002
9.483237e+002,1.083609e+002
9.488058e+002,1.083574e+002
9.492879e+002,1.083549e+002
9.497700e+002,1.083527e+002
9.502521e+002,1.083475e+002
9.507343e+002,1.083361e+002
9.512164e+002,1.083171e+002
9.516985e+002,1.082920e+002
9.521806e+002,1.082642e+002
9.526627e+002,1.082380e+002
9.531448e+002,1.082166e+002
9.536270e+002,1.082018e+002
9.541091e+002,1.081942e+002
9.545912e+002,1.081938e+002
9.550733e+002,1.082003e+002
9.555554e+002,1.082131e+002
9.560375e+002,1.082301e+002
9.565197e+002,1.082474e+002
9.570018e+002,1.082595e+002
9.574839e+002,1.082610e+002
9.579660e+002,1.082486e+002
9.584481e+002,1.082231e+002
9.589302e+002,1.081894e+002
9.594124e+002,1.081548e+002
9.598945e+002,1.081267e+002
9.603766e+002,1.081089e+002
9.608587e+002,1.081017e+002
9.613408e+002,1.081018e+002
9.618229e+002,1.081052e+002
9.623051e+002,1.081097e+002
9.627872e+002,1.081158e+002
9.632693e+002,1.081263e+002
9.637514e+002,1.081437e+002
9.642335e+002,1.081679e+002
9.647156e+002,1.081947e+002
9.651978e+002,1.082177e+002
9.656799e+002,1.082302e+002
9.661620e+002,1.082295e+002
9.666441e+002,1.082178e+002
9.671262e+002,1.082024e+002
9.676083e+002,1.081923e+002
9.680905e+002,1.081949e+002
9.685726e+002,1.082135e+002
9.690547e+002,1.082461e+002
9.695368e+002,1.082875e+002
9.700189e+002,1.083317e+002
9.705010e+002,1.083741e+002
9.709832e+002,1.084123e+002
9.714653e+002,1.084459e+002
9.719474e+002,1.084747e+002
9.724295e+002,1.084980e+002
9.729116e+002,1.085155e+002
9.733937e+002,1.085284e+002
9.738759e+002,1.085406e+002
9.743580e+002,1.085586e+002
9.748401e+002,1.085899e+002
9.753222e+002,1.086393e+002
9.758043e+002,1.087062e+002
9.762864e+002,1.087838e+002
9.767686e+002,1.088609e+002
9.772507e+002,1.089258e+002
9.777328e+002,1.089707e+002
9.782149e+002,1.089940e+002
9.786970e+002,1.090001e+002
9.791791e+002,1.089966e+002
9.796613e+002,1.089901e+002
9.801434e+002,1.089839e+002
9.806255e+002,1.089775e+002
9.811076e+002,1.089691e+002
9.815897e+002,1.089582e+002
9.820718e+002,1.089473e+002
9.825540e+002,1.089419e+002
9.830361e+002,1.089474e+002
9.835182e+002,1.089661e+002
9.840003e+002,1.089948e+002
9.844824e+002,1.090253e+002
9.849645e+002,1.090470e+002
9.854467e+002,1.090499e+002
9.859288e+002,1.090274e+002
9.864109e+002,1.089756e+002
9.868930e+002,1.088921e+002
9.873751e+002,1.087739e+002
9.878572e+002,1.086175e+002
9.883394e+002,1.084206e+002
9.888215e+002,1.081863e+002
9.893036e+002,1.079260e+002
9.897857e+002,1.076596e+002
9.902678e+002,1.074106e+002
9.907499e+002,1.071999e+002
9.912321e+002,1.070375e+002
9.917142e+002,1.069184e+002
9.921963e+002,1.068205e+002
9.926784e+002,1.067077e+002
9.931605e+002,1.065318e+002
9.936426e+002,1.062345e+002
9.941248e+002,1.057469e+002
9.946069e+002,1.049899e+002
9.950890e+002,1.038797e+002
9.955711e+002,1.023425e+002
9.960532e+002,1.003405e+002
9.965353e+002,9.790073e+001
9.970175e+002,9.513946e+001
9.974996e+002,9.226803e+001
9.979817e+002,8.957381e+001
9.984638e+002,8.737617e+001
9.989459e+002,8.596620e+001
9.994280e+002,8.554443e+001
9.999102e+002,8.617381e+001
1.000392e+003,8.776300e+001
1.000874e+003,9.008711e+001
1.001357e+003,9.284119e+001
1.001839e+003,9.570892e+001
1.002321e+003,9.842548e+001
1.002803e+003,1.008174e+002
1.003285e+003,1.028121e+002
1.003767e+003,1.044223e+002
1.004249e+003,1.057132e+002
1.004731e+003,1.067682e+002
1.005213e+003,1.076605e+002
1.005696e+003,1.084388e+002
1.006178e+003,1.091256e+002
1.006660e+003,1.097251e+002
1.007142e+003,1.102329e+002
1.007624e+003,1.106450e+002
1.008106e+003,1.109631e+002
1.008588e+003,1.111948e+002
1.009070e+003,1.113529e+002
1.009552e+003,1.114528e+002
1.010035e+003,1.115108e+002
1.010517e+003,1.115423e+002
1.010999e+003,1.115609e+002
1.011481e+003,1.115772e+002
1.011963e+003,1.115976e+002
1.012445e+003,1.116239e+002
1.012927e+003,1.116537e+002
1.013409e+003,1.116814e+002
1.013892e+003,1.117009e+002
1.014374e+003,1.117072e+002
1.014856e+003,1.116983e+002
1.015338e+003,1.116753e+002
1.015820e+003,1.116421e+002
1.016302e+003,1.116035e+002
1.016784e+003,1.115640e+002
1.017266e+003,1.115258e+002
1.017748e+003,1.114882e+002
1.018231e+003,1.114479e+002
1.018713e+003,1.113999e+002
1.019195e+003,1.113389e+002
1.019677e+003,1.112607e+002
1.020159e+003,1.111639e+002
1.020641e+003,1.110492e+002
1.021123e+003,1.109201e+002
1.021605e+003,1.107807e+002
1.022088e+003,1.106354e+002
1.022570e+003,1.104876e+002
1.023052e+003,1.103402e+002
1.023534e+003,1.101951e+002
1.024016e+003,1.100543e+002
1.024498e+003,1.099200e+002
1.024980e+003,1.097940e+002
1.025462e+003,1.096770e+002
1.025944e+003,1.095680e+002
1.026427e+003,1.094641e+002
1.026909e+003,1.093606e+002
1.027391e+003,1.092524e+002
1.027873e+003,1.091348e+002
1.028355e+003,1.090041e+002
1.028837e+003,1.088578e+002
1.029319e+003,1.086933e+002
1.029801e+003,1.085074e+002
1.030283e+003,1.082962e+002
1.030766e+003,1.080564e+002
1.031248e+003,1.077881e+002
1.031730e+003,1.074972e+002
1.032212e+003,1.071973e+002
1.032694e+003,1.069096e+002
1.033176e+003,1.066597e+002
1.033658e+003,1.064736e+002
1.034140e+003,1.063724e+002
1.034623e+003,1.063678e+002
1.035105e+003,1.064597e+002
1.035587e+003,1.066365e+002
1.036069e+003,1.068781e+002
1.036551e+003,1.071600e+002
1.037033e+003,1.074578e+002
1.037515e+003,1.077503e+002
1.037997e+003,1.080212e+002
1.038479e+003,1.082599e+002
1.038962e+003,1.084607e+002
1.039444e+003,1.086228e+002
1.039926e+003,1.087482e+002
1.040408e+003,1.088418e+002
1.040890e+003,1.089085e+002
1.041372e+003,1.089531e+002
1.041854e+003,1.089793e+002
1.042336e+003,1.089893e+002
1.042819e+003,1.089851e+002
1.043301e+003,1.089686e+002
1.043783e+003,1.089424e+002
1.044265e+003,1.089094e+002
1.044747e+003,1.088719e+002
1.045229e+003,1.088306e+002
1.045711e+003,1.087844e+002
1.046193e+003,1.087305e+002
1.046676e+003,1.086653e+002
1.047158e+003,1.085859e+002
1.047640e+003,1.084909e+002
1.048122e+003,1.083804e+002
1.048604e+003,1.082556e+002
1.049086e+003,1.081182e+002
1.049568e+003,1.079698e+002
1.050050e+003,1.078132e+002
1.050532e+003,1.076528e+002
1.051015e+003,1.074958e+002
1.051497e+003,1.073525e+002
1.051979e+003,1.072346e+002
1.052461e+003,1.071529e+002
1.052943e+003,1.071149e+002
1.053425e+003,1.071219e+002
1.053907e+003,1.071693e+002
1.054389e+003,1.072474e+002
1.054871e+003,1.073448e+002
1.055354e+003,1.074510e+002
1.055836e+003,1.075588e+002
1.056318e+003,1.076648e+002
1.056800e+003,1.077682e+002
1.057282e+003,1.078688e+002
1.057764e+003,1.079651e+002
1.058246e+003,1.080543e+002
1.058728e+003,1.081322e+002
1.059210e+003,1.081955e+002
1.059693e+003,1.082422e+002
1.060175e+003,1.082723e+002
1.060657e+003,1.082874e+002
1.061139e+003,1.082895e+002
1.061621e+003,1.082799e+002
1.062103e+003,1.082589e+002
1.062585e+003,1.082262e+002
1.063067e+003,1.081814e+002
1.063550e+003,1.081247e+002
1.064032e+003,1.080563e+002
1.064514e+003,1.079766e+002
1.064996e+003,1.078849e+002
1.065478e+003,1.077793e+002
1.065960e+003,1.076567e+002
1.066442e+003,1.075132e+002
1.066924e+003,1.073455e+002
1.067406e+003,1.071513e+002
1.067889e+003,1.069300e+002
1.068371e+003,1.066831e+002
1.068853e+003,1.064137e+002
1.069335e+003,1.061264e+002
1.069817e+003,1.058262e+002
1.070299e+003,1.055179e+002
1.070781e+003,1.052041e+002
1.071263e+003,1.048837e+002
1.071746e+003,1.045509e+002
1.072228e+003,1.041952e+002
1.072710e+003,1.038021e+002
1.073192e+003,1.033559e+002
1.073674e+003,1.028424e+002
1.074156e+003,1.022517e+002
1.074638e+003,1.015803e+002
1.075120e+003,1.008310e+002
1.075603e+003,1.000127e+002
1.076085e+003,9.913916e+001
1.076567e+003,9.822887e+001
1.077049e+003,9.730534e+001
1.077531e+003,9.639793e+001
1.078013e+003,9.554218e+001
1.078495e+003,9.477908e+001
1.078977e+003,9.415233e+001
1.079459e+003,9.370399e+001
1.079942e+003,9.346832e+001
1.080424e+003,9.346567e+001
1.080906e+003,9.369743e+001
1.081388e+003,9.414475e+001
1.081870e+003,9.477200e+001
1.082352e+003,9.553458e+001
1.082834e+003,9.638846e+001
1.083316e+003,9.729873e+001
1.083798e+003,9.824359e+001
1.084281e+003,9.921364e+001
1.084763e+003,1.002073e+002
1.085245e+003,1.012245e+002
1.085727e+003,1.022607e+002
1.086209e+003,1.033040e+002
1.086691e+003,1.043345e+002
1.087173e+003,1.053262e+002
1.087655e+003,1.062507e+002
1.088137e+003,1.070815e+002
1.088620e+003,1.077978e+002
1.089102e+003,1.083882e+002
1.089584e+003,1.088523e+002
1.090066e+003,1.092000e+002
1.090548e+003,1.094479e+002
1.091030e+003,1.096152e+002
1.091512e+003,1.097190e+002
1.091994e+003,1.097719e+002
1.092477e+003,1.097812e+002
1.092959e+003,1.097512e+002
1.093441e+003,1.096846e+002
1.093923e+003,1.095856e+002
1.094405e+003,1.094599e+002
1.094887e+003,1.093143e+002
1.095369e+003,1.091556e+002
1.095851e+003,1.089889e+002
1.096333e+003,1.088172e+002
1.096816e+003,1.086416e+002
1.097298e+003,1.084617e+002
1.097780e+003,1.082770e+002
1.098262e+003,1.080871e+002
1.098744e+003,1.078916e+002
1.099226e+003,1.076899e+002
1.099708e+003,1.074815e+002
1.100190e+003,1.072653e+002
1.100673e+003,1.070408e+002
1.101155e+003,1.068084e+002
1.101637e+003,1.065695e+002
1.102119e+003,1.063262e+002
1.102601e+003,1.060812e+002
1.103083e+003,1.058367e+002
1.103565e+003,1.055941e+002
1.104047e+003,1.053535e+002
1.104530e+003,1.051140e+002
1.105012e+003,1.048734e+002
1.105494e+003,1.046287e+002
1.105976e+003,1.043761e+002
1.106458e+003,1.041114e+002
1.106940e+003,1.038304e+002
1.107422e+003,1.035301e+002
1.107904e+003,1.032090e+002
1.108386e+003,1.028672e+002
1.108869e+003,1.025065e+002
1.109351e+003,1.021287e+002
1.109833e+003,1.017338e+002
1.110315e+003,1.013194e+002
1.110797e+003,1.008793e+002
1.111279e+003,1.004046e+002
1.111761e+003,9.988476e+001
1.112243e+003,9.930867e+001
1.112725e+003,9.866602e+001
1.113208e+003,9.794756e+001
1.113690e+003,9.714496e+001
1.114172e+003,9.625090e+001
1.114654e+003,9.526033e+001
1.115136e+003,9.417263e+001
1.115618e+003,9.299555e+001
1.116100e+003,9.174870e+001
1.116582e+003,9.046636e+001
1.117064e+003,8.919800e+001
1.117547e+003,8.800547e+001
1.118029e+003,8.695753e+001
1.118511e+003,8.612109e+001
1.118993e+003,8.555035e+001
1.119475e+003,8.527591e+001
1.119957e+003,8.529575e+001
1.120439e+003,8.557236e+001
1.120921e+003,8.603673e+001
1.121404e+003,8.659945e+001
1.121886e+003,8.716550e+001
1.122368e+003,8.764898e+001
1.122850e+003,8.798421e+001
1.123332e+003,8.813159e+001
1.123814e+003,8.807792e+001
1.124296e+003,8.783156e+001
1.124778e+003,8.741518e+001
1.125260e+003,8.685778e+001
1.125743e+003,8.618896e+001
1.126225e+003,8.543562e+001
1.126707e+003,8.462180e+001
1.127189e+003,8.376957e+001
1.127671e+003,8.290027e+001
1.128153e+003,8.203489e+001
1.128635e+003,8.119379e+001
1.129117e+003,8.039614e+001
1.129600e+003,7.965950e+001
1.130082e+003,7.899968e+001
1.130564e+003,7.843035e+001
1.131046e+003,7.796234e+001
1.131528e+003,7.760251e+001
1.132010e+003,7.735293e+001
1.132492e+003,7.721098e+001
1.132974e+003,7.717056e+001
1.133457e+003,7.722401e+001
1.133939e+003,7.736398e+001
1.134421e+003,7.758419e+001
1.134903e+003,7.787913e+001
1.135385e+003,7.824300e+001
1.135867e+003,7.866846e+001
1.136349e+003,7.914626e+001
1.136831e+003,7.966555e+001
1.137313e+003,8.021493e+001
1.137796e+003,8.078353e+001
1.138278e+003,8.136165e+001
1.138760e+003,8.194135e+001
1.139242e+003,8.251652e+001
1.139724e+003,8.308318e+001
1.140206e+003,8.363965e+001
1.140688e+003,8.418649e+001
1.141170e+003,8.472588e+001
1.141652e+003,8.526057e+001
1.142135e+003,8.579253e+001
1.142617e+003,8.632196e+001
1.143099e+003,8.684689e+001
1.143581e+003,8.736372e+001
1.144063e+003,8.786827e+001
1.144545e+003,8.835695e+001
1.145027e+003,8.882734e+001
1.145509e+003,8.927821e+001
1.145991e+003,8.970883e+001
1.146474e+003,9.011840e+001
1.146956e+003,9.050565e+001
1.147438e+003,9.086902e+001
1.147920e+003,9.120723e+001
1.148402e+003,9.151959e+001
1.148884e+003,9.180609e+001
1.149366e+003,9.206709e+001
1.149848e+003,9.230273e+001
1.150331e+003,9.251262e+001
1.150813e+003,9.269585e+001
1.151295e+003,9.285162e+001
1.151777e+003,9.297975e+001
1.152259e+003,9.308127e+001
1.152741e+003,9.315836e+001
1.153223e+003,9.321408e+001
1.153705e+003,9.325159e+001
1.154188e+003,9.327375e+001
1.154670e+003,9.328258e+001
1.155152e+003,9.327939e+001
1.155634e+003,9.326456e+001
1.156116e+003,9.323785e+001
1.156598e+003,9.319841e+001
1.157080e+003,9.314471e+001
1.157562e+003,9.307478e+001
1.158044e+003,9.298656e+001
1.158527e+003,9.287833e+001
1.159009e+003,9.274925e+001
1.159491e+003,9.259955e+001
1.159973e+003,9.243037e+001
1.160455e+003,9.224329e+001
1.160937e+003,9.203958e+001
1.161419e+003,9.181969e+001
1.161901e+003,9.158296e+001
1.162384e+003,9.132796e+001
1.162866e+003,9.105286e+001
1.163348e+003,9.075625e+001
1.163830e+003,9.043745e+001
1.164312e+003,9.009670e+001
1.164794e+003,8.973488e+001
1.165276e+003,8.935292e+001
1.165758e+003,8.895134e+001
1.166240e+003,8.852962e+001
1.166723e+003,8.808613e+001
1.167205e+003,8.761833e+001
1.167687e+003,8.712337e+001
1.168169e+003,8.659860e+001
1.168651e+003,8.604218e+001
1.169133e+003,8.545335e+001
1.169615e+003,8.483237e+001
1.170097e+003,8.418032e+001
1.170579e+003,8.349859e+001
1.171062e+003,8.278896e+001
1.171544e+003,8.205368e+001
1.172026e+003,8.129593e+001
1.172508e+003,8.052026e+001
1.172990e+003,7.973282e+001
1.173472e+003,7.894095e+001
1.173954e+003,7.815285e+001
1.174436e+003,7.737695e+001
1.174918e+003,7.662226e+001
1.175401e+003,7.589883e+001
1.175883e+003,7.521907e+001
1.176365e+003,7.459818e+001
1.176847e+003,7.405394e+001
1.177329e+003,7.360509e+001
1.177811e+003,7.326890e+001
1.178293e+003,7.305904e+001
1.178775e+003,7.298444e+001
1.179258e+003,7.304932e+001
1.179740e+003,7.325429e+001
1.180222e+003,7.359698e+001
1.180704e+003,7.407217e+001
1.181186e+003,7.467091e+001
1.181668e+003,7.537982e+001
1.182150e+003,7.618139e+001
1.182632e+003,7.705567e+001
1.183115e+003,7.798270e+001
1.183597e+003,7.894462e+001
1.184079e+003,7.992641e+001
1.184561e+003,8.091624e+001
1.185043e+003,8.190046e+001
1.185525e+003,8.286616e+001
1.186007e+003,8.380029e+001
1.186489e+003,8.469100e+001
1.186971e+003,8.552934e+001
1.187454e+003,8.631062e+001
1.187936e+003,8.703470e+001
1.188418e+003,8.770546e+001
1.188900e+003,8.832947e+001
1.189382e+003,8.891475e+001
1.189864e+003,8.946980e+001
1.190346e+003,9.000284e+001
1.190828e+003,9.052163e+001
1.191311e+003,9.103268e+001
1.191793e+003,9.154071e+001
1.192275e+003,9.204801e+001
1.192757e+003,9.255405e+001
1.193239e+003,9.305564e+001
1.193721e+003,9.354790e+001
1.194203e+003,9.402539e+001
1.194685e+003,9.448338e+001
1.195167e+003,9.491852e+001
1.195650e+003,9.532911e+001
1.196132e+003,9.571489e+001
1.196614e+003,9.607690e+001
1.197096e+003,9.641689e+001
1.197578e+003,9.673727e+001
1.198060e+003,9.704050e+001
1.198542e+003,9.732860e+001
1.199024e+003,9.760264e+001
1.199506e+003,9.786228e+001
1.199989e+003,9.810616e+001
1.200471e+003,9.833238e+001
1.200953e+003,9.853976e+001
1.201435e+003,9.872841e+001
1.201917e+003,9.890026e+001
1.202399e+003,9.905827e+001
1.202881e+003,9.920559e+001
1.203363e+003,9.934459e+001
1.203845e+003,9.947629e+001
1.204328e+003,9.960086e+001
1.204810e+003,9.971822e+001
1.205292e+003,9.982903e+001
1.205774e+003,9.993512e+001
1.206256e+003,1.000389e+002
1.206738e+003,1.001426e+002
1.207220e+003,1.002473e+002
1.207702e+003,1.003526e+002
1.208185e+003,1.004569e+002
1.208667e+003,1.005583e+002
1.209149e+003,1.006557e+002
1.209631e+003,1.007492e+002
1.210113e+003,1.008400e+002
1.210595e+003,1.009294e+002
1.211077e+003,1.010184e+002
1.211559e+003,1.011070e+002
1.212042e+003,1.011948e+002
1.212524e+003,1.012816e+002
1.213006e+003,1.013681e+002
1.213488e+003,1.014557e+002
1.213970e+003,1.015462e+002
1.214452e+003,1.016402e+002
1.214934e+003,1.017365e+002
1.215416e+003,1.018318e+002
1.215898e+003,1.019219e+002
1.216381e+003,1.020027e+002
1.216863e+003,1.020720e+002
1.217345e+003,1.021300e+002
1.217827e+003,1.021778e+002
1.218309e+003,1.022168e+002
1.218791e+003,1.022464e+002
1.219273e+003,1.022634e+002
1.219755e+003,1.022632e+002
1.220238e+003,1.022411e+002
1.220720e+003,1.021948e+002
1.221202e+003,1.021255e+002
1.221684e+003,1.020385e+002
1.222166e+003,1.019421e+002
1.222648e+003,1.018463e+002
1.223130e+003,1.017611e+002
1.223612e+003,1.016960e+002
1.224094e+003,1.016590e+002
1.224577e+003,1.016574e+002
1.225059e+003,1.016960e+002
1.225541e+003,1.017772e+002
1.226023e+003,1.019003e+002
1.226505e+003,1.020606e+002
1.226987e+003,1.022500e+002
1.227469e+003,1.024587e+002
1.227951e+003,1.026769e+002
1.228434e+003,1.028971e+002
1.228916e+003,1.031152e+002
1.229398e+003,1.033299e+002
1.229880e+003,1.035417e+002
1.230362e+003,1.037508e+002
1.230844e+003,1.039560e+002
1.231326e+003,1.041542e+002
1.231808e+003,1.043419e+002
1.232291e+003,1.045162e+002
1.232773e+003,1.046763e+002
1.233255e+003,1.048233e+002
1.233737e+003,1.049599e+002
1.234219e+003,1.050885e+002
1.234701e+003,1.052108e+002
1.235183e+003,1.053271e+002
1.235665e+003,1.054372e+002
1.236147e+003,1.055411e+002
1.236630e+003,1.056392e+002
1.237112e+003,1.057326e+002
1.237594e+003,1.058220e+002
1.238076e+003,1.059073e+002
1.238558e+003,1.059868e+002
1.239040e+003,1.060589e+002
1.239522e+003,1.061224e+002
1.240004e+003,1.061786e+002
1.240486e+003,1.062312e+002
1.240969e+003,1.062854e+002
1.241451e+003,1.063465e+002
1.241933e+003,1.064182e+002
1.242415e+003,1.065016e+002
1.242897e+003,1.065951e+002
1.243379e+003,1.066952e+002
1.243861e+003,1.067982e+002
1.244343e+003,1.069010e+002
1.244825e+003,1.070009e+002
1.245308e+003,1.070957e+002
1.245790e+003,1.071831e+002
1.246272e+003,1.072609e+002
1.246754e+003,1.073277e+002
1.247236e+003,1.073839e+002
1.247718e+003,1.074324e+002
1.248200e+003,1.074778e+002
1.248682e+003,1.075250e+002
1.249165e+003,1.075772e+002
1.249647e+003,1.076341e+002
1.250129e+003,1.076919e+002
1.250611e+003,1.077442e+002
1.251093e+003,1.077847e+002
1.251575e+003,1.078086e+002
1.252057e+003,1.078139e+002
1.252539e+003,1.078012e+002
1.253021e+003,1.077718e+002
1.253504e+003,1.077270e+002
1.253986e+003,1.076671e+002
1.254468e+003,1.075926e+002
1.254950e+003,1.075051e+002
1.255432e+003,1.074086e+002
1.255914e+003,1.073093e+002
1.256396e+003,1.072140e+002
1.256878e+003,1.071281e+002
1.257361e+003,1.070539e+002
1.257843e+003,1.069898e+002
1.258325e+003,1.069316e+002
1.258807e+003,1.068741e+002
1.259289e+003,1.068133e+002
1.259771e+003,1.067471e+002
1.260253e+003,1.066745e+002
1.260735e+003,1.065949e+002
1.261218e+003,1.065060e+002
1.261700e+003,1.064040e+002
1.262182e+003,1.062841e+002
1.262664e+003,1.061417e+002
1.263146e+003,1.059739e+002
1.263628e+003,1.057785e+002
1.264110e+003,1.055534e+002
1.264592e+003,1.052934e+002
1.265074e+003,1.049897e+002
1.265557e+003,1.046289e+002
1.266039e+003,1.041950e+002
1.266521e+003,1.036710e+002
1.267003e+003,1.030417e+002
1.267485e+003,1.022952e+002
1.267967e+003,1.014252e+002
1.268449e+003,1.004323e+002
1.268931e+003,9.932751e+001
1.269413e+003,9.813578e+001
1.269896e+003,9.689864e+001
1.270378e+003,9.567406e+001
1.270860e+003,9.453161e+001
1.271342e+003,9.354346e+001
1.271824e+003,9.277333e+001
1.272306e+003,9.226650e+001
1.272788e+003,9.204349e+001
1.273270e+003,9.209869e+001
1.273752e+003,9.240367e+001
1.274235e+003,9.291373e+001
1.274717e+003,9.357585e+001
1.275199e+003,9.433634e+001
1.275681e+003,9.514607e+001
1.276163e+003,9.596317e+001
1.276645e+003,9.675326e+001
1.277127e+003,9.748868e+001
1.277609e+003,9.814802e+001
1.278092e+003,9.871613e+001
1.278574e+003,9.918467e+001
1.279056e+003,9.955199e+001
1.279538e+003,9.982190e+001
1.280020e+003,1.000015e+002
1.280502e+003,1.000984e+002
1.280984e+003,1.001195e+002
1.281466e+003,1.000697e+002
1.281948e+003,9.995329e+001
1.282431e+003,9.977402e+001
1.282913e+003,9.953598e+001
1.283395e+003,9.924297e+001
1.283877e+003,9.889784e+001
1.284359e+003,9.850204e+001
1.284841e+003,9.805602e+001
1.285323e+003,9.756065e+001
1.285805e+003,9.701900e+001
1.286288e+003,9.643767e+001
1.286770e+003,9.582703e+001
1.287252e+003,9.520032e+001
1.287734e+003,9.457222e+001
1.288216e+003,9.395765e+001
1.288698e+003,9.337119e+001
1.289180e+003,9.282729e+001
1.289662e+003,9.234056e+001
1.290145e+003,9.192559e+001
1.290627e+003,9.159611e+001
1.291109e+003,9.136322e+001
1.291591e+003,9.123363e+001
1.292073e+003,9.120813e+001
1.292555e+003,9.128127e+001
1.293037e+003,9.144223e+001
1.293519e+003,9.167697e+001
1.294001e+003,9.197073e+001
1.294484e+003,9.231011e+001
1.294966e+003,9.268405e+001
1.295448e+003,9.308341e+001
1.295930e+003,9.349986e+001
1.296412e+003,9.392511e+001
1.296894e+003,9.435070e+001
1.297376e+003,9.476925e+001
1.297858e+003,9.517548e+001
1.298340e+003,9.556709e+001
1.298823e+003,9.594404e+001
1.299305e+003,9.630695e+001
1.299787e+003,9.665514e+001
1.300269e+003,9.698537e+001
1.300751e+003,9.729229e+001
1.301233e+003,9.756996e+001
1.301715e+003,9.781406e+001
1.302197e+003,9.802332e+001
1.302679e+003,9.819958e+001
1.303162e+003,9.834645e+001
1.303644e+003,9.846733e+001
1.304126e+003,9.856410e+001
1.304608e+003,9.863707e+001
1.305090e+003,9.868578e+001
1.305572e+003,9.871067e+001
1.306054e+003,9.871365e+001
1.306536e+003,9.869801e+001
1.307019e+003,9.866714e+001
1.307501e+003,9.862317e+001
1.307983e+003,9.856619e+001
1.308465e+003,9.849452e+001
1.308947e+003,9.840629e+001
1.309429e+003,9.830076e+001
1.309911e+003,9.817961e+001
1.310393e+003,9.804688e+001
1.310875e+003,9.790806e+001
1.311358e+003,9.776889e+001
1.311840e+003,9.763428e+001
1.312322e+003,9.750759e+001
1.312804e+003,9.739034e+001
1.313286e+003,9.728193e+001
1.313768e+003,9.717959e+001
1.314250e+003,9.707824e+001
1.314732e+003,9.697111e+001
1.315215e+003,9.685074e+001
1.315697e+003,9.671072e+001
1.316179e+003,9.654801e+001
1.316661e+003,9.636423e+001
1.317143e+003,9.616608e+001
1.317625e+003,9.596367e+001
1.318107e+003,9.576736e+001
1.318589e+003,9.558463e+001
1.319072e+003,9.541759e+001
1.319554e+003,9.526296e+001
1.320036e+003,9.511393e+001
1.320518e+003,9.496298e+001
1.321000e+003,9.480460e+001
1.321482e+003,9.463612e+001
1.321964e+003,9.445734e+001
1.322446e+003,9.426873e+001
1.322928e+003,9.407013e+001
1.323411e+003,9.386022e+001
1.323893e+003,9.363747e+001
1.324375e+003,9.340162e+001
1.324857e+003,9.315482e+001
1.325339e+003,9.290146e+001
1.325821e+003,9.264671e+001
1.326303e+003,9.239430e+001
1.326785e+003,9.214462e+001
1.327267e+003,9.189392e+001
1.327750e+003,9.163501e+001
1.328232e+003,9.135902e+001
1.328714e+003,9.105733e+001
1.329196e+003,9.072279e+001
1.329678e+003,9.035035e+001
1.330160e+003,8.993645e+001
1.330642e+003,8.947862e+001
1.331124e+003,8.897556e+001
1.331606e+003,8.842735e+001
1.332089e+003,8.783611e+001
1.332571e+003,8.720566e+001
1.333053e+003,8.654041e+001
1.333535e+003,8.584383e+001
1.334017e+003,8.511671e+001
1.334499e+003,8.435658e+001
1.334981e+003,8.355769e+001
1.335463e+003,8.271187e+001
1.335946e+003,8.180967e+001
1.336428e+003,8.084122e+001
1.336910e+003,7.979724e+001
1.337392e+003,7.867088e+001
1.337874e+003,7.746069e+001
1.338356e+003,7.617504e+001
1.338838e+003,7.483629e+001
1.339320e+003,7.348193e+001
1.339802e+003,7.216093e+001
1.340285e+003,7.092578e+001
1.340767e+003,6.982396e+001
1.341249e+003,6.889308e+001
1.341731e+003,6.816109e+001
1.342213e+003,6.764935e+001
1.342695e+003,6.737508e+001
1.343177e+003,6.735076e+001
1.343659e+003,6.758042e+001
1.344142e+003,6.805508e+001
1.344624e+003,6.875007e+001
1.345106e+003,6.962650e+001
1.345588e+003,7.063652e+001
1.346070e+003,7.173061e+001
1.346552e+003,7.286424e+001
1.347034e+003,7.400291e+001
1.347516e+003,7.512557e+001
1.347999e+003,7.622631e+001
1.348481e+003,7.731408e+001
1.348963e+003,7.840942e+001
1.349445e+003,7.953766e+001
1.349927e+003,8.071970e+001
1.350409e+003,8.196272e+001
1.350891e+003,8.325423e+001
1.351373e+003,8.456183e+001
1.351855e+003,8.583981e+001
1.352338e+003,8.704005e+001
1.352820e+003,8.812358e+001
1.353302e+003,8.906816e+001
1.353784e+003,8.987013e+001
1.354266e+003,9.054063e+001
1.354748e+003,9.109857e+001
1.355230e+003,9.156332e+001
1.355712e+003,9.194974e+001
1.356194e+003,9.226626e+001
1.356677e+003,9.251588e+001
1.357159e+003,9.269846e+001
1.357641e+003,9.281300e+001
1.358123e+003,9.285941e+001
1.358605e+003,9.283960e+001
1.359087e+003,9.275862e+001
1.359569e+003,9.262520e+001
1.360051e+003,9.245233e+001
1.360533e+003,9.225706e+001
1.361016e+003,9.205978e+001
1.361498e+003,9.188200e+001
1.361980e+003,9.174239e+001
1.362462e+003,9.165166e+001
1.362944e+003,9.160827e+001
1.363426e+003,9.159798e+001
1.363908e+003,9.159885e+001
1.364390e+003,9.158904e+001
1.364873e+003,9.155283e+001
1.365355e+003,9.148318e+001
1.365837e+003,9.138067e+001
1.366319e+003,9.125182e+001
1.366801e+003,9.110723e+001
1.367283e+003,9.096000e+001
1.367765e+003,9.082300e+001
1.368247e+003,9.070563e+001
1.368729e+003,9.061040e+001
1.369212e+003,9.053136e+001
1.369694e+003,9.045514e+001
1.370176e+003,9.036461e+001
1.370658e+003,9.024387e+001
1.371140e+003,9.008322e+001
1.371622e+003,8.988278e+001
1.372104e+003,8.965424e+001
1.372586e+003,8.941992e+001
1.373069e+003,8.920890e+001
1.373551e+003,8.904957e+001
1.374033e+003,8.895985e+001
1.374515e+003,8.893948e+001
1.374997e+003,8.896926e+001
1.375479e+003,8.901906e+001
1.375961e+003,8.905933e+001
1.376443e+003,8.906992e+001
1.376926e+003,8.904239e+001
1.377408e+003,8.897826e+001
1.377890e+003,8.888512e+001
1.378372e+003,8.877312e+001
1.378854e+003,8.865265e+001
1.379336e+003,8.853251e+001
1.379818e+003,8.841931e+001
1.380300e+003,8.831713e+001
1.380782e+003,8.822742e+001
1.381265e+003,8.814851e+001
1.381747e+003,8.807535e+001
1.382229e+003,8.800018e+001
1.382711e+003,8.791459e+001
1.383193e+003,8.781264e+001
1.383675e+003,8.769394e+001
1.384157e+003,8.756511e+001
1.384639e+003,8.743912e+001
1.385121e+003,8.733253e+001
1.385604e+003,8.726190e+001
1.386086e+003,8.723906e+001
1.386568e+003,8.726560e+001
1.387050e+003,8.732948e+001
1.387532e+003,8.740663e+001
1.388014e+003,8.746946e+001
1.388496e+003,8.749731e+001
1.388978e+003,8.748321e+001
1.389460e+003,8.743336e+001
1.389943e+003,8.736176e+001
1.390425e+003,8.728362e+001
1.390907e+003,8.721034e+001
1.391389e+003,8.714731e+001
1.391871e+003,8.709406e+001
1.392353e+003,8.704613e+001
1.392835e+003,8.699800e+001
1.393317e+003,8.694540e+001
1.393800e+003,8.688645e+001
1.394282e+003,8.682026e+001
1.394764e+003,8.674467e+001
1.395246e+003,8.665556e+001
1.395728e+003,8.655001e+001
1.396210e+003,8.643079e+001
1.396692e+003,8.630914e+001
1.397174e+003,8.620370e+001
1.397656e+003,8.613630e+001
1.398139e+003,8.612546e+001
1.398621e+003,8.617876e+001
1.399103e+003,8.628607e+001
1.399585e+003,8.641935e+001
1.400067e+003,8.654100e+001
1.400549e+003,8.661699e+001
1.401031e+003,8.662645e+001
1.401513e+003,8.656351e+001
1.401996e+003,8.643327e+001
1.402478e+003,8.624686e+001
1.402960e+003,8.601881e+001
1.403442e+003,8.576662e+001
1.403924e+003,8.551096e+001
1.404406e+003,8.527400e+001
1.404888e+003,8.507519e+001
1.405370e+003,8.492656e+001
1.405853e+003,8.482980e+001
1.406335e+003,8.477737e+001
1.406817e+003,8.475652e+001
1.407299e+003,8.475370e+001
1.407781e+003,8.475819e+001
1.408263e+003,8.476383e+001
1.408745e+003,8.476897e+001
1.409227e+003,8.477459e+001
1.409709e+003,8.478136e+001
1.410192e+003,8.478614e+001
1.410674e+003,8.477965e+001
1.411156e+003,8.474638e+001
1.411638e+003,8.466676e+001
1.412120e+003,8.452086e+001
1.412602e+003,8.429234e+001
1.413084e+003,8.397125e+001
1.413566e+003,8.355576e+001
1.414048e+003,8.305215e+001
1.414531e+003,8.247397e+001
1.415013e+003,8.183968e+001
1.415495e+003,8.116965e+001
1.415977e+003,8.048253e+001
1.416459e+003,7.979165e+001
1.416941e+003,7.910241e+001
1.417423e+003,7.841106e+001
1.417905e+003,7.770506e+001
1.418387e+003,7.696471e+001
1.418870e+003,7.616586e+001
1.419352e+003,7.528394e+001
1.419834e+003,7.429964e+001
1.420316e+003,7.320407e+001
1.420798e+003,7.199921e+001
1.421280e+003,7.069318e+001
1.421762e+003,6.929398e+001
1.422244e+003,6.780768e+001
1.422727e+003,6.624343e+001
1.423209e+003,6.462299e+001
1.423691e+003,6.298720e+001
1.424173e+003,6.139121e+001
1.424655e+003,5.988799e+001
1.425137e+003,5.851089e+001
1.425619e+003,5.726886e+001
1.426101e+003,5.615596e+001
1.426583e+003,5.516671e+001
1.427066e+003,5.430708e+001
1.427548e+003,5.359636e+001
1.428030e+003,5.305973e+001
1.428512e+003,5.271447e+001
1.428994e+003,5.255702e+001
1.429476e+003,5.255963e+001
1.429958e+003,5.267965e+001
1.430440e+003,5.287603e+001
1.430923e+003,5.312153e+001
1.431405e+003,5.340408e+001
1.431887e+003,5.371931e+001
1.432369e+003,5.406226e+001
1.432851e+003,5.442497e+001
1.433333e+003,5.480185e+001
1.433815e+003,5.519978e+001
1.434297e+003,5.564874e+001
1.434780e+003,5.620832e+001
1.435262e+003,5.696217e+001
1.435744e+003,5.798933e+001
1.436226e+003,5.931088e+001
1.436708e+003,6.084526e+001
1.437190e+003,6.242585e+001
1.437672e+003,6.388409e+001
1.438154e+003,6.512872e+001
1.438636e+003,6.616190e+001
1.439119e+003,6.704391e+001
1.439601e+003,6.784740e+001
1.440083e+003,6.862622e+001
1.440565e+003,6.940388e+001
1.441047e+003,7.017702e+001
1.441529e+003,7.092945e+001
1.442011e+003,7.164856e+001
1.442493e+003,7.233649e+001
1.442976e+003,7.301074e+001
1.443458e+003,7.369650e+001
1.443940e+003,7.441670e+001
1.444422e+003,7.518752e+001
1.444904e+003,7.602045e+001
1.445386e+003,7.692918e+001
1.445868e+003,7.793432e+001
1.446350e+003,7.906044e+001
1.446833e+003,8.032239e+001
1.447314e+003,8.170410e+001
1.447797e+003,8.314395e+001
1.448279e+003,8.454227e+001
1.448761e+003,8.579596e+001
1.449243e+003,8.683984e+001
1.449725e+003,8.766802e+001
1.450207e+003,8.832495e+001
1.450689e+003,8.887827e+001
1.451171e+003,8.939037e+001
1.451654e+003,8.990042e+001
1.452136e+003,9.041920e+001
1.452618e+003,9.093664e+001
1.453100e+003,9.143496e+001
1.453582e+003,9.189961e+001
1.454064e+003,9.232169e+001
1.454546e+003,9.269296e+001
1.455028e+003,9.300047e+001
1.455510e+003,9.322973e+001
1.455993e+003,9.337833e+001
1.456475e+003,9.347018e+001
1.456957e+003,9.355154e+001
1.457439e+003,9.366615e+001
1.457921e+003,9.383336e+001
1.458403e+003,9.405064e+001
1.458885e+003,9.430685e+001
1.459367e+003,9.458739e+001
1.459850e+003,9.487192e+001
1.460332e+003,9.513428e+001
1.460814e+003,9.534846e+001
1.461296e+003,9.549621e+001
1.461778e+003,9.557221e+001
1.462260e+003,9.558408e+001
1.462742e+003,9.554804e+001
1.463224e+003,9.548380e+001
1.463707e+003,9.540899e+001
1.464189e+003,9.533512e+001
1.464671e+003,9.526545e+001
1.465153e+003,9.519682e+001
1.465635e+003,9.512505e+001
1.466117e+003,9.505015e+001
1.466599e+003,9.497698e+001
1.467081e+003,9.491081e+001
1.467563e+003,9.485191e+001
1.468046e+003,9.479247e+001
1.468528e+003,9.471720e+001
1.469010e+003,9.460641e+001
1.469492e+003,9.443937e+001
1.469974e+003,9.419716e+001
1.470456e+003,9.386600e+001
1.470938e+003,9.344263e+001
1.471420e+003,9.294069e+001
1.471903e+003,9.239146e+001
1.472385e+003,9.183179e+001
1.472867e+003,9.128162e+001
1.473349e+003,9.073030e+001
1.473831e+003,9.014384e+001
1.474313e+003,8.948499e+001
1.474795e+003,8.872873e+001
1.475277e+003,8.786835e+001
1.475760e+003,8.691670e+001
1.476241e+003,8.590585e+001
1.476724e+003,8.488377e+001
1.477206e+003,8.390709e+001
1.477688e+003,8.303248e+001
1.478170e+003,8.231162e+001
1.478652e+003,8.179148e+001
1.479134e+003,8.151625e+001
1.479616e+003,8.152583e+001
1.480098e+003,8.184750e+001
1.480581e+003,8.248159e+001
1.481063e+003,8.338842e+001
1.481545e+003,8.448707e+001
1.482027e+003,8.567088e+001
1.482509e+003,8.683398e+001
1.482991e+003,8.789497e+001
1.483473e+003,8.880717e+001
1.483955e+003,8.955524e+001
1.484438e+003,9.014530e+001
1.484920e+003,9.059496e+001
1.485402e+003,9.092687e+001
1.485884e+003,9.116576e+001
1.486366e+003,9.133734e+001
1.486848e+003,9.146787e+001
1.487330e+003,9.158343e+001
1.487812e+003,9.170833e+001
1.488294e+003,9.186298e+001
1.488777e+003,9.205987e+001
1.489259e+003,9.229849e+001
1.489741e+003,9.256142e+001
1.490223e+003,9.281641e+001
1.490705e+003,9.302737e+001
1.491187e+003,9.316959e+001
1.491669e+003,9.324050e+001
1.492151e+003,9.325952e+001
1.492634e+003,9.325893e+001
1.493116e+003,9.327128e+001
1.493598e+003,9.331859e+001
1.494080e+003,9.340583e+001
1.494562e+003,9.351952e+001
1.495044e+003,9.363110e+001
1.495526e+003,9.370549e+001
1.496008e+003,9.371315e+001
1.496490e+003,9.364167e+001
1.496973e+003,9.350132e+001
1.497455e+003,9.332104e+001
1.497937e+003,9.313627e+001
1.498419e+003,9.297607e+001
1.498901e+003,9.285443e+001
1.499383e+003,9.276849e+001
1.499865e+003,9.270245e+001
1.500347e+003,9.263588e+001
1.500830e+003,9.255260e+001
1.501312e+003,9.244727e+001
1.501794e+003,9.232667e+001
1.502276e+003,9.220552e+001
1.502758e+003,9.209798e+001
1.503240e+003,9.200816e+001
1.503722e+003,9.192220e+001
1.504204e+003,9.180627e+001
1.504687e+003,9.161568e+001
1.505168e+003,9.132016e+001
1.505651e+003,9.094275e+001
1.506133e+003,9.058359e+001
1.506615e+003,9.038137e+001
1.507097e+003,9.041277e+001
1.507579e+003,9.063039e+001
1.508061e+003,9.091483e+001
1.508543e+003,9.116852e+001
1.509025e+003,9.135425e+001
1.509508e+003,9.147783e+001
1.509990e+003,9.155809e+001
1.510472e+003,9.160806e+001
1.510954e+003,9.162926e+001
1.511436e+003,9.161402e+001
1.511918e+003,9.155175e+001
1.512400e+003,9.143599e+001
1.512882e+003,9.126957e+001
1.513365e+003,9.106659e+001
1.513847e+003,9.085078e+001
1.514329e+003,9.065180e+001
1.514811e+003,9.050138e+001
1.515293e+003,9.042850e+001
1.515775e+003,9.045204e+001
1.516257e+003,9.056960e+001
1.516739e+003,9.074869e+001
1.517221e+003,9.093144e+001
1.517704e+003,9.105612e+001
1.518186e+003,9.108166e+001
1.518668e+003,9.099893e+001
1.519150e+003,9.082745e+001
1.519632e+003,9.060841e+001
1.520114e+003,9.040170e+001
1.520596e+003,9.027900e+001
1.521078e+003,9.029837e+001
1.521561e+003,9.046368e+001
1.522043e+003,9.070932e+001
1.522525e+003,9.093840e+001
1.523007e+003,9.108147e+001
1.523489e+003,9.112305e+001
1.523971e+003,9.108862e+001
1.524453e+003,9.101955e+001
1.524935e+003,9.095547e+001
1.525417e+003,9.092690e+001
1.525900e+003,9.095264e+001
1.526382e+003,9.103901e+001
1.526864e+003,9.118079e+001
1.527346e+003,9.136440e+001
1.527828e+003,9.157067e+001
1.528310e+003,9.177607e+001
1.528792e+003,9.195405e+001
1.529274e+003,9.207937e+001
1.529757e+003,9.213555e+001
1.530239e+003,9.212247e+001
1.530721e+003,9.206048e+001
1.531203e+003,9.198887e+001
1.531685e+003,9.195956e+001
1.532167e+003,9.202494e+001
1.532649e+003,9.221703e+001
1.533131e+003,9.252054e+001
1.533614e+003,9.286044e+001
1.534095e+003,9.312939e+001
1.534578e+003,9.324551e+001
1.535060e+003,9.319197e+001
1.535542e+003,9.301139e+001
1.536024e+003,9.277056e+001
1.536506e+003,9.252583e+001
1.536988e+003,9.230301e+001
1.537470e+003,9.209249e+001
1.537952e+003,9.185660e+001
1.538435e+003,9.154704e+001
1.538917e+003,9.112882e+001
1.539399e+003,9.059996e+001
1.539881e+003,8.999179e+001
1.540363e+003,8.934429e+001
1.540845e+003,8.867776e+001
1.541327e+003,8.798895e+001
1.541809e+003,8.727128e+001
1.542292e+003,8.653742e+001
1.542774e+003,8.583006e+001
1.543256e+003,8.522083e+001
1.543738e+003,8.479815e+001
1.544220e+003,8.464283e+001
1.544702e+003,8.479551e+001
1.545184e+003,8.523303e+001
1.545666e+003,8.587405e+001
1.546148e+003,8.661418e+001
1.546631e+003,8.736827e+001
1.547113e+003,8.809508e+001
1.547595e+003,8.879803e+001
1.548077e+003,8.951048e+001
1.548559e+003,9.027439e+001
1.549041e+003,9.111730e+001
1.549523e+003,9.203384e+001
1.550005e+003,9.298122e+001
1.550488e+003,9.389558e+001
1.550970e+003,9.471885e+001
1.551452e+003,9.541698e+001
1.551934e+003,9.597927e+001
1.552416e+003,9.640695e+001
1.552898e+003,9.670278e+001
1.553380e+003,9.686991e+001
1.553862e+003,9.691779e+001
1.554344e+003,9.686874e+001
1.554827e+003,9.675858e+001
1.555309e+003,9.662927e+001
1.555791e+003,9.651834e+001
1.556273e+003,9.644975e+001
1.556755e+003,9.643410e+001
1.557237e+003,9.648512e+001
1.557719e+003,9.665295e+001
1.558201e+003,9.704295e+001
1.558684e+003,9.774293e+001
1.559166e+003,9.866111e+001
1.559648e+003,9.950473e+001
1.560130e+003,1.000062e+002
1.560612e+003,1.000997e+002
1.561094e+003,9.988339e+001
1.561576e+003,9.950687e+001
1.562058e+003,9.910080e+001
1.562541e+003,9.875523e+001
1.563022e+003,9.852213e+001
1.563505e+003,9.842293e+001
1.563987e+003,9.845317e+001
1.564469e+003,9.858371e+001
1.564951e+003,9.876465e+001
1.565433e+003,9.893689e+001
1.565915e+003,9.904931e+001
1.566397e+003,9.907296e+001
1.566879e+003,9.900646e+001
1.567362e+003,9.887496e+001
1.567844e+003,9.872849e+001
1.568326e+003,9.863861e+001
1.568808e+003,9.868549e+001
1.569290e+003,9.892671e+001
1.569772e+003,9.935918e+001
1.570254e+003,9.990701e+001
1.570736e+003,1.004547e+002
1.571219e+003,1.009019e+002
1.571701e+003,1.011976e+002
1.572183e+003,1.013405e+002
1.572665e+003,1.013602e+002
1.573147e+003,1.012974e+002
1.573629e+003,1.011936e+002
1.574111e+003,1.010901e+002
1.574593e+003,1.010337e+002
1.575075e+003,1.010764e+002
1.575558e+003,1.012578e+002
1.576040e+003,1.015713e+002
1.576522e+003,1.019450e+002
1.577004e+003,1.022715e+002
1.577486e+003,1.024683e+002
1.577968e+003,1.025158e+002
1.578450e+003,1.024496e+002
1.578932e+003,1.023291e+002
1.579415e+003,1.022099e+002
1.579897e+003,1.021292e+002
1.580379e+003,1.021022e+002
1.580861e+003,1.021252e+002
1.581343e+003,1.021807e+002
1.581825e+003,1.022449e+002
1.582307e+003,1.022950e+002
1.582789e+003,1.023164e+002
1.583271e+003,1.023050e+002
1.583754e+003,1.022676e+002
1.584236e+003,1.022202e+002
1.584718e+003,1.021842e+002
1.585200e+003,1.021827e+002
1.585682e+003,1.022348e+002
1.586164e+003,1.023503e+002
1.586646e+003,1.025260e+002
1.587128e+003,1.027442e+002
1.587611e+003,1.029747e+002
1.588093e+003,1.031809e+002
1.588575e+003,1.033282e+002
1.589057e+003,1.033939e+002
1.589539e+003,1.033736e+002
1.590021e+003,1.032819e+002
1.590503e+003,1.031464e+002
1.590985e+003,1.029985e+002
1.591468e+003,1.028650e+002
1.591949e+003,1.027621e+002
1.592432e+003,1.026948e+002
1.592914e+003,1.026579e+002
1.593396e+003,1.026406e+002
1.593878e+003,1.026305e+002
1.594360e+003,1.026174e+002
1.594842e+003,1.025957e+002
1.595324e+003,1.025655e+002
1.595806e+003,1.025313e+002
1.596289e+003,1.025009e+002
1.596771e+003,1.024823e+002
1.597253e+003,1.024816e+002
1.597735e+003,1.024997e+002
1.598217e+003,1.025311e+002
1.598699e+003,1.025642e+002
1.599181e+003,1.025827e+002
1.599663e+003,1.025708e+002
1.600146e+003,1.025186e+002
1.600628e+003,1.024266e+002
1.601110e+003,1.023079e+002
1.601592e+003,1.021851e+002
1.602074e+003,1.020847e+002
1.602556e+003,1.020293e+002
1.603038e+003,1.020320e+002
1.603520e+003,1.020937e+002
1.604002e+003,1.022041e+002
1.604485e+003,1.023449e+002
1.604967e+003,1.024953e+002
1.605449e+003,1.026356e+002
1.605931e+003,1.027496e+002
1.606413e+003,1.028259e+002
1.606895e+003,1.028588e+002
1.607377e+003,1.028493e+002
1.607859e+003,1.028067e+002
1.608342e+003,1.027473e+002
1.608824e+003,1.026914e+002
1.609306e+003,1.026572e+002
1.609788e+003,1.026550e+002
1.610270e+003,1.026831e+002
1.610752e+003,1.027275e+002
1.611234e+003,1.027667e+002
1.611716e+003,1.027789e+002
1.612198e+003,1.027499e+002
1.612681e+003,1.026782e+002
1.613163e+003,1.025731e+002
1.613645e+003,1.024497e+002
1.614127e+003,1.023215e+002
1.614609e+003,1.021977e+002
1.615091e+003,1.020871e+002
1.615573e+003,1.020040e+002
1.616055e+003,1.019688e+002
1.616538e+003,1.019936e+002
1.617020e+003,1.020631e+002
1.617502e+003,1.021347e+002
1.617984e+003,1.021606e+002
1.618466e+003,1.021123e+002
1.618948e+003,1.019865e+002
1.619430e+003,1.017953e+002
1.619912e+003,1.015532e+002
1.620395e+003,1.012725e+002
1.620876e+003,1.009649e+002
1.621359e+003,1.006477e+002
1.621841e+003,1.003482e+002
1.622323e+003,1.000994e+002
1.622805e+003,9.992478e+001
1.623287e+003,9.982191e+001
1.623769e+003,9.975577e+001
1.624251e+003,9.967288e+001
1.624733e+003,9.952499e+001
1.625216e+003,9.928736e+001
1.625698e+003,9.896397e+001
1.626180e+003,9.858273e+001
1.626662e+003,9.818711e+001
1.627144e+003,9.782565e+001
1.627626e+003,9.753869e+001
1.628108e+003,9.734447e+001
1.628590e+003,9.723152e+001
1.629073e+003,9.716447e+001
1.629555e+003,9.710130e+001
1.630037e+003,9.701166e+001
1.630519e+003,9.688690e+001
1.631001e+003,9.674043e+001
1.631483e+003,9.660236e+001
1.631965e+003,9.651295e+001
1.632447e+003,9.651733e+001
1.632929e+003,9.666315e+001
1.633412e+003,9.699984e+001
1.633894e+003,9.757635e+001
1.634376e+003,9.842806e+001
1.634858e+003,9.954114e+001
1.635340e+003,1.008027e+002
1.635822e+003,1.019914e+002
1.636304e+003,1.028653e+002
1.636786e+003,1.032970e+002
1.637269e+003,1.033273e+002
1.637751e+003,1.031073e+002
1.638233e+003,1.028101e+002
1.638715e+003,1.025725e+002
1.639197e+003,1.024749e+002
1.639679e+003,1.025400e+002
1.640161e+003,1.027430e+002
1.640643e+003,1.030277e+002
1.641125e+003,1.033280e+002
1.641608e+003,1.035879e+002
1.642090e+003,1.037734e+002
1.642572e+003,1.038730e+002
1.643054e+003,1.038885e+002
1.643536e+003,1.038254e+002
1.644018e+003,1.036876e+002
1.644500e+003,1.034795e+002
1.644982e+003,1.032144e+002
1.645465e+003,1.029234e+002
1.645947e+003,1.026552e+002
1.646429e+003,1.024594e+002
1.646911e+003,1.023568e+002
1.647393e+003,1.023239e+002
1.647875e+003,1.023098e+002
1.648357e+003,1.022750e+002
1.648839e+003,1.022171e+002
1.649322e+003,1.021671e+002
1.649803e+003,1.021665e+002
1.650286e+003,1.022412e+002
1.650768e+003,1.023856e+002
1.651250e+003,1.025612e+002
1.651732e+003,1.027194e+002
1.652214e+003,1.028387e+002
1.652696e+003,1.029372e+002
1.653178e+003,1.030198e+002
1.653660e+003,1.030320e+002
1.654143e+003,1.029130e+002
1.654625e+003,1.026717e+002
1.655107e+003,1.023869e+002
1.655589e+003,1.021545e+002
1.656071e+003,1.020441e+002
1.656553e+003,1.020799e+002
1.657035e+003,1.022416e+002
1.657517e+003,1.024744e+002
1.658000e+003,1.027040e+002
1.658482e+003,1.028551e+002
1.658964e+003,1.028700e+002
1.659446e+003,1.027220e+002
1.659928e+003,1.024202e+002
1.660410e+003,1.020076e+002
1.660892e+003,1.015533e+002
1.661374e+003,1.011439e+002
1.661856e+003,1.008686e+002
1.662339e+003,1.007962e+002
1.662821e+003,1.009488e+002
1.663303e+003,1.012888e+002
1.663785e+003,1.017316e+002
1.664267e+003,1.021811e+002
1.664749e+003,1.025624e+002
1.665231e+003,1.028345e+002
1.665713e+003,1.029837e+002
1.666196e+003,1.030094e+002
1.666678e+003,1.029132e+002
1.667160e+003,1.026986e+002
1.667642e+003,1.023798e+002
1.668124e+003,1.019938e+002
1.668606e+003,1.016067e+002
1.669088e+003,1.013029e+002
1.669570e+003,1.011572e+002
1.670052e+003,1.012037e+002
1.670535e+003,1.014242e+002
1.671017e+003,1.017632e+002
1.671499e+003,1.021554e+002
1.671981e+003,1.025483e+002
1.672463e+003,1.029076e+002
1.672945e+003,1.032118e+002
1.673427e+003,1.034428e+002
1.673909e+003,1.035808e+002
1.674392e+003,1.036068e+002
1.674874e+003,1.035095e+002
1.675356e+003,1.032908e+002
1.675838e+003,1.029684e+002
1.676320e+003,1.025745e+002
1.676802e+003,1.021523e+002
1.677284e+003,1.017491e+002
1.677766e+003,1.014063e+002
1.678249e+003,1.011498e+002
1.678730e+003,1.009843e+002
1.679213e+003,1.008941e+002
1.679695e+003,1.008496e+002
1.680177e+003,1.008189e+002
1.680659e+003,1.007800e+002
1.681141e+003,1.007278e+002
1.681623e+003,1.006721e+002
1.682105e+003,1.006323e+002
1.682587e+003,1.006359e+002
1.683070e+003,1.007207e+002
1.683552e+003,1.009266e+002
1.684034e+003,1.012566e+002
1.684516e+003,1.016385e+002
1.684998e+003,1.019518e+002
1.685480e+003,1.021134e+002
1.685962e+003,1.021280e+002
1.686444e+003,1.020639e+002
1.686927e+003,1.020005e+002
1.687409e+003,1.019910e+002
1.687891e+003,1.020492e+002
1.688373e+003,1.021548e+002
1.688855e+003,1.022677e+002
1.689337e+003,1.023469e+002
1.689819e+003,1.023653e+002
1.690301e+003,1.023153e+002
1.690783e+003,1.022055e+002
1.691266e+003,1.020543e+002
1.691748e+003,1.018832e+002
1.692230e+003,1.017147e+002
1.692712e+003,1.015689e+002
1.693194e+003,1.014618e+002
1.693676e+003,1.014040e+002
1.694158e+003,1.014033e+002
1.694640e+003,1.014653e+002
1.695123e+003,1.015859e+002
1.695605e+003,1.017323e+002
1.696087e+003,1.018360e+002
1.696569e+003,1.018215e+002
1.697051e+003,1.016524e+002
1.697533e+003,1.013496e+002
1.698015e+003,1.009735e+002
1.698497e+003,1.006028e+002
1.698979e+003,1.003319e+002
1.699462e+003,1.002687e+002
1.699944e+003,1.004872e+002
1.700426e+003,1.009350e+002
1.700908e+003,1.014128e+002
1.701390e+003,1.017022e+002
1.701872e+003,1.017074e+002
1.702354e+003,1.014680e+002
1.702836e+003,1.010883e+002
1.703319e+003,1.006734e+002
1.703801e+003,1.003067e+002
1.704283e+003,1.000516e+002
1.704765e+003,9.995459e+001
1.705247e+003,1.000358e+002
1.705729e+003,1.002740e+002
1.706211e+003,1.006059e+002
1.706693e+003,1.009477e+002
1.707176e+003,1.012240e+002
1.707657e+003,1.013849e+002
1.708140e+003,1.014111e+002
1.708622e+003,1.013113e+002
1.709104e+003,1.011195e+002
1.709586e+003,1.008873e+002
1.710068e+003,1.006719e+002
1.710550e+003,1.005210e+002
1.711032e+003,1.004601e+002
1.711514e+003,1.004865e+002
1.711997e+003,1.005717e+002
1.712479e+003,1.006702e+002
1.712961e+003,1.007332e+002
1.713443e+003,1.007245e+002
1.713925e+003,1.006330e+002
1.714407e+003,1.004782e+002
1.714889e+003,1.003065e+002
1.715371e+003,1.001801e+002
1.715854e+003,1.001618e+002
1.716336e+003,1.002976e+002
1.716818e+003,1.005945e+002
1.717300e+003,1.010016e+002
1.717782e+003,1.014126e+002
1.718264e+003,1.017069e+002
1.718746e+003,1.018098e+002
1.719229e+003,1.017241e+002
1.719710e+003,1.015146e+002
1.720193e+003,1.012704e+002
1.720675e+003,1.010715e+002
1.721157e+003,1.009706e+002
1.721639e+003,1.009876e+002
1.722121e+003,1.011098e+002
1.722603e+003,1.012977e+002
1.723085e+003,1.014963e+002
1.723567e+003,1.016511e+002
1.724050e+003,1.017248e+002
1.724532e+003,1.017075e+002
1.725014e+003,1.016141e+002
1.725496e+003,1.014746e+002
1.725978e+003,1.013212e+002
1.726460e+003,1.011793e+002
1.726942e+003,1.010645e+002
1.727424e+003,1.009834e+002
1.727906e+003,1.009375e+002
1.728389e+003,1.009255e+002
1.728871e+003,1.009453e+002
1.729353e+003,1.009928e+002
1.729835e+003,1.010618e+002
1.730317e+003,1.011435e+002
1.730799e+003,1.012295e+002
1.731281e+003,1.013139e+002
1.731763e+003,1.013966e+002
1.732246e+003,1.014881e+002
1.732728e+003,1.016134e+002
1.733210e+003,1.018075e+002
1.733692e+003,1.020869e+002
1.734174e+003,1.024076e+002
1.734656e+003,1.026613e+002
1.735138e+003,1.027375e+002
1.735620e+003,1.025952e+002
1.736103e+003,1.022765e+002
1.736585e+003,1.018691e+002
1.737067e+003,1.014631e+002
1.737549e+003,1.011264e+002
1.738031e+003,1.008973e+002
1.738513e+003,1.007832e+002
1.738995e+003,1.007592e+002
1.739477e+003,1.007710e+002
1.739959e+003,1.007509e+002
1.740442e+003,1.006458e+002
1.740924e+003,1.004408e+002
1.741406e+003,1.001621e+002
1.741888e+003,9.986375e+001
1.742370e+003,9.960732e+001
1.742852e+003,9.944463e+001
1.743334e+003,9.940401e+001
1.743816e+003,9.948364e+001
1.744299e+003,9.965327e+001
1.744781e+003,9.986386e+001
1.745263e+003,1.000606e+002
1.745745e+003,1.001948e+002
1.746227e+003,1.002321e+002
1.746709e+003,1.001585e+002
1.747191e+003,9.998512e+001
1.747673e+003,9.974799e+001
1.748156e+003,9.950293e+001
1.748637e+003,9.931393e+001
1.749120e+003,9.923888e+001
1.749602e+003,9.931561e+001
1.750084e+003,9.954977e+001
1.750566e+003,9.990672e+001
1.751048e+003,1.003129e+002
1.751530e+003,1.006743e+002
1.752012e+003,1.009091e+002
1.752494e+003,1.009768e+002
1.752977e+003,1.008862e+002
1.753459e+003,1.006823e+002
1.753941e+003,1.004238e+002
1.754423e+003,1.001643e+002
1.754905e+003,9.994298e+001
1.755387e+003,9.978146e+001
1.755869e+003,9.968413e+001
1.756351e+003,9.964014e+001
1.756833e+003,9.962828e+001
1.757316e+003,9.962589e+001
1.757798e+003,9.961873e+001
1.758280e+003,9.960593e+001
1.758762e+003,9.959869e+001
1.759244e+003,9.961405e+001
1.759726e+003,9.966850e+001
1.760208e+003,9.977351e+001
1.760690e+003,9.993216e+001
1.761173e+003,1.001359e+002
1.761655e+003,1.003620e+002
1.762137e+003,1.005748e+002
1.762619e+003,1.007350e+002
1.763101e+003,1.008123e+002
1.763583e+003,1.007958e+002
1.764065e+003,1.006958e+002
1.764547e+003,1.005378e+002
1.765030e+003,1.003558e+002
1.765512e+003,1.001849e+002
1.765994e+003,1.000568e+002
1.766476e+003,9.999435e+001
1.766958e+003,1.000046e+002
1.767440e+003,1.000735e+002
1.767922e+003,1.001651e+002
1.768404e+003,1.002327e+002
1.768886e+003,1.002350e+002
1.769369e+003,1.001504e+002
1.769851e+003,9.998371e+001
1.770333e+003,9.976546e+001
1.770815e+003,9.954824e+001
1.771297e+003,9.939623e+001
1.771779e+003,9.936430e+001
1.772261e+003,9.946895e+001
1.772743e+003,9.967232e+001
1.773226e+003,9.989876e+001
1.773708e+003,1.000747e+002
1.774190e+003,1.001597e+002
1.774672e+003,1.001512e+002
1.775154e+003,1.000707e+002
1.775636e+003,9.994616e+001
1.776118e+003,9.980125e+001
1.776600e+003,9.965251e+001
1.777083e+003,9.951105e+001
1.777564e+003,9.938644e+001
1.778047e+003,9.928963e+001
1.778529e+003,9.923292e+001
1.779011e+003,9.922711e+001
1.779493e+003,9.927669e+001
1.779975e+003,9.937563e+001
1.780457e+003,9.950678e+001
1.780939e+003,9.964661e+001
1.781421e+003,9.977402e+001
1.781904e+003,9.987830e+001
1.782386e+003,9.996156e+001
1.782868e+003,1.000345e+002
1.783350e+003,1.001085e+002
1.783832e+003,1.001874e+002
1.784314e+003,1.002648e+002
1.784796e+003,1.003253e+002
1.785278e+003,1.003519e+002
1.785760e+003,1.003348e+002
1.786243e+003,1.002766e+002
1.786725e+003,1.001913e+002
1.787207e+003,1.000980e+002
1.787689e+003,1.000142e+002
1.788171e+003,9.995067e+001
1.788653e+003,9.991124e+001
1.789135e+003,9.989448e+001
1.789617e+003,9.989737e+001
1.790100e+003,9.991879e+001
1.790582e+003,9.996042e+001
1.791064e+003,1.000245e+002
1.791546e+003,1.001081e+002
1.792028e+003,1.001967e+002
1.792510e+003,1.002644e+002
1.792992e+003,1.002824e+002
1.793474e+003,1.002344e+002
1.793957e+003,1.001255e+002
1.794439e+003,9.998076e+001
1.794921e+003,9.983347e+001
1.795403e+003,9.971309e+001
1.795885e+003,9.963606e+001
1.796367e+003,9.960277e+001
1.796849e+003,9.960013e+001
1.797331e+003,9.960880e+001
1.797813e+003,9.961151e+001
1.798296e+003,9.960003e+001
1.798778e+003,9.957728e+001
1.799260e+003,9.955509e+001
1.799742e+003,9.954873e+001
1.800224e+003,9.957064e+001
1.800706e+003,9.962590e+001
1.801188e+003,9.971134e+001
1.801670e+003,9.981827e+001
1.802153e+003,9.993650e+001
1.802635e+003,1.000572e+002
1.803117e+003,1.001729e+002
1.803599e+003,1.002754e+002
1.804081e+003,1.003548e+002
1.804563e+003,1.004008e+002
1.805045e+003,1.004056e+002
1.805527e+003,1.003685e+002
1.806010e+003,1.002970e+002
1.806491e+003,1.002057e+002
1.806974e+003,1.001120e+002
1.807456e+003,1.000319e+002
1.807938e+003,9.997683e+001
1.808420e+003,9.995219e+001
1.808902e+003,9.995954e+001
1.809384e+003,9.999895e+001
1.809866e+003,1.000710e+002
1.810348e+003,1.001759e+002
1.810831e+003,1.003116e+002
1.811313e+003,1.004689e+002
1.811795e+003,1.006310e+002
1.812277e+003,1.007748e+002
1.812759e+003,1.008776e+002
1.813241e+003,1.009244e+002
1.813723e+003,1.009124e+002
1.814205e+003,1.008522e+002
1.814688e+003,1.007645e+002
1.815170e+003,1.006749e+002
1.815652e+003,1.006081e+002
1.816134e+003,1.005823e+002
1.816616e+003,1.006059e+002
1.817098e+003,1.006768e+002
1.817580e+003,1.007839e+002
1.818062e+003,1.009116e+002
1.818544e+003,1.010426e+002
1.819027e+003,1.011599e+002
1.819509e+003,1.012471e+002
1.819991e+003,1.012903e+002
1.820473e+003,1.012800e+002
1.820955e+003,1.012139e+002
1.821437e+003,1.010984e+002
1.821919e+003,1.009476e+002
1.822401e+003,1.007804e+002
1.822884e+003,1.006176e+002
1.823366e+003,1.004780e+002
1.823848e+003,1.003762e+002
1.824330e+003,1.003183e+002
1.824812e+003,1.002999e+002
1.825294e+003,1.003063e+002
1.825776e+003,1.003181e+002
1.826258e+003,1.003178e+002
1.826740e+003,1.002962e+002
1.827223e+003,1.002527e+002
1.827705e+003,1.001952e+002
1.828187e+003,1.001372e+002
1.828669e+003,1.000958e+002
1.829151e+003,1.000876e+002
1.829633e+003,1.001218e+002
1.830115e+003,1.001940e+002
1.830597e+003,1.002864e+002
1.831080e+003,1.003747e+002
1.831562e+003,1.004397e+002
1.832044e+003,1.004738e+002
1.832526e+003,1.004812e+002
1.833008e+003,1.004731e+002
1.833490e+003,1.004624e+002
1.833972e+003,1.004581e+002
1.834454e+003,1.004633e+002
1.834937e+003,1.004745e+002
1.835418e+003,1.004838e+002
1.835901e+003,1.004827e+002
1.836383e+003,1.004657e+002
1.836865e+003,1.004326e+002
1.837347e+003,1.003880e+002
1.837829e+003,1.003391e+002
1.838311e+003,1.002930e+002
1.838793e+003,1.002553e+002
1.839275e+003,1.002300e+002
1.839758e+003,1.002213e+002
1.840240e+003,1.002343e+002
1.840722e+003,1.002753e+002
1.841204e+003,1.003483e+002
1.841686e+003,1.004518e+002
1.842168e+003,1.005753e+002
1.842650e+003,1.006989e+002
1.843132e+003,1.007969e+002
1.843615e+003,1.008447e+002
1.844097e+003,1.008280e+002
1.844579e+003,1.007483e+002
1.845061e+003,1.006227e+002
1.845543e+003,1.004784e+002
1.846025e+003,1.003436e+002
1.846507e+003,1.002401e+002
1.846989e+003,1.001788e+002
1.847471e+003,1.001580e+002
1.847954e+003,1.001659e+002
1.848436e+003,1.001854e+002
1.848918e+003,1.001999e+002
1.849400e+003,1.001974e+002
1.849882e+003,1.001721e+002
1.850364e+003,1.001233e+002
1.850846e+003,1.000535e+002
1.851328e+003,9.996667e+001
1.851811e+003,9.986887e+001
1.852293e+003,9.976906e+001
1.852775e+003,9.968050e+001
1.853257e+003,9.962018e+001
1.853739e+003,9.960568e+001
1.854221e+003,9.965053e+001
1.854703e+003,9.975919e+001
1.855185e+003,9.992388e+001
1.855667e+003,1.001246e+002
1.856150e+003,1.003327e+002
1.856632e+003,1.005176e+002
1.857114e+003,1.006542e+002
1.857596e+003,1.007295e+002
1.858078e+003,1.007457e+002
1.858560e+003,1.007190e+002
1.859042e+003,1.006741e+002
1.859524e+003,1.006367e+002
1.860007e+003,1.006265e+002
1.860489e+003,1.006524e+002
1.860971e+003,1.007112e+002
1.861453e+003,1.007901e+002
1.861935e+003,1.008708e+002
1.862417e+003,1.009350e+002
1.862899e+003,1.009685e+002
1.863381e+003,1.009633e+002
1.863864e+003,1.009177e+002
1.864345e+003,1.008351e+002
1.864828e+003,1.007217e+002
1.865310e+003,1.005856e+002
1.865792e+003,1.004362e+002
1.866274e+003,1.002842e+002
1.866756e+003,1.001418e+002
1.867238e+003,1.000225e+002
1.867720e+003,9.993893e+001
1.868202e+003,9.989980e+001
1.868685e+003,9.990556e+001
1.869167e+003,9.994677e+001
1.869649e+003,1.000070e+002
1.870131e+003,1.000692e+002
1.870613e+003,1.001225e+002
1.871095e+003,1.001636e+002
1.871577e+003,1.001954e+002
1.872059e+003,1.002213e+002
1.872542e+003,1.002414e+002
1.873024e+003,1.002515e+002
1.873506e+003,1.002452e+002
1.873988e+003,1.002179e+002
1.874470e+003,1.001707e+002
1.874952e+003,1.001124e+002
1.875434e+003,1.000574e+002
1.875916e+003,1.000213e+002
1.876398e+003,1.000162e+002
1.876881e+003,1.000467e+002
1.877363e+003,1.001094e+002
1.877845e+003,1.001947e+002
1.878327e+003,1.002903e+002
1.878809e+003,1.003855e+002
1.879291e+003,1.004732e+002
1.879773e+003,1.005492e+002
1.880255e+003,1.006106e+002
1.880738e+003,1.006537e+002
1.881220e+003,1.006740e+002
1.881702e+003,1.006676e+002
1.882184e+003,1.006352e+002
1.882666e+003,1.005839e+002
1.883148e+003,1.005269e+002
1.883630e+003,1.004802e+002
1.884112e+003,1.004577e+002
1.884594e+003,1.004657e+002
1.885077e+003,1.005002e+002
1.885559e+003,1.005486e+002
1.886041e+003,1.005944e+002
1.886523e+003,1.006231e+002
1.887005e+003,1.006273e+002
1.887487e+003,1.006091e+002
1.887969e+003,1.005778e+002
1.888451e+003,1.005470e+002
1.888934e+003,1.005285e+002
1.889416e+003,1.005277e+002
1.889898e+003,1.005414e+002
1.890380e+003,1.005594e+002
1.890862e+003,1.005701e+002
1.891344e+003,1.005647e+002
1.891826e+003,1.005398e+002
1.892308e+003,1.004967e+002
1.892791e+003,1.004399e+002
1.893272e+003,1.003753e+002
1.893755e+003,1.003090e+002
1.894237e+003,1.002468e+002
1.894719e+003,1.001936e+002
1.895201e+003,1.001527e+002
1.895683e+003,1.001255e+002
1.896165e+003,1.001119e+002
1.896647e+003,1.001106e+002
1.897129e+003,1.001209e+002
1.897612e+003,1.001431e+002
1.898094e+003,1.001785e+002
1.898576e+003,1.002284e+002
1.899058e+003,1.002922e+002
1.899540e+003,1.003651e+002
1.900022e+003,1.004371e+002
1.900504e+003,1.004941e+002
1.900986e+003,1.005217e+002
1.901469e+003,1.005102e+002
1.901951e+003,1.004594e+002
1.902433e+003,1.003801e+002
1.902915e+003,1.002925e+002
1.903397e+003,1.002200e+002
1.903879e+003,1.001833e+002
1.904361e+003,1.001943e+002
1.904843e+003,1.002533e+002
1.905325e+003,1.003496e+002
1.905808e+003,1.004649e+002
1.906290e+003,1.005792e+002
1.906772e+003,1.006756e+002
1.907254e+003,1.007436e+002
1.907736e+003,1.007797e+002
1.908218e+003,1.007874e+002
1.908700e+003,1.007749e+002
1.909182e+003,1.007528e+002
1.909665e+003,1.007323e+002
1.910147e+003,1.007221e+002
1.910629e+003,1.007274e+002
1.911111e+003,1.007488e+002
1.911593e+003,1.007820e+002
1.912075e+003,1.008193e+002
1.912557e+003,1.008511e+002
1.913039e+003,1.008685e+002
1.913521e+003,1.008656e+002
1.914004e+003,1.008410e+002
1.914486e+003,1.007974e+002
1.914968e+003,1.007412e+002
1.915450e+003,1.006796e+002
1.915932e+003,1.006205e+002
1.916414e+003,1.005716e+002
1.916896e+003,1.005403e+002
1.917378e+003,1.005326e+002
1.917861e+003,1.005512e+002
1.918343e+003,1.005934e+002
1.918825e+003,1.006521e+002
1.919307e+003,1.007173e+002
1.919789e+003,1.007808e+002
1.920271e+003,1.008377e+002
1.920753e+003,1.008874e+002
1.921235e+003,1.009332e+002
1.921718e+003,1.009797e+002
1.922199e+003,1.010310e+002
1.922682e+003,1.010878e+002
1.923164e+003,1.011463e+002
1.923646e+003,1.011981e+002
1.924128e+003,1.012349e+002
1.924610e+003,1.012518e+002
1.925092e+003,1.012503e+002
1.925574e+003,1.012380e+002
1.926056e+003,1.012257e+002
1.926539e+003,1.012238e+002
1.927021e+003,1.012388e+002
1.927503e+003,1.012720e+002
1.927985e+003,1.013192e+002
1.928467e+003,1.013730e+002
1.928949e+003,1.014256e+002
1.929431e+003,1.014705e+002
1.929913e+003,1.015037e+002
1.930396e+003,1.015233e+002
1.930878e+003,1.015294e+002
1.931360e+003,1.015251e+002
1.931842e+003,1.015170e+002
1.932324e+003,1.015161e+002
1.932806e+003,1.015356e+002
1.933288e+003,1.015868e+002
1.933770e+003,1.016745e+002
1.934252e+003,1.017923e+002
1.934735e+003,1.019226e+002
1.935217e+003,1.020405e+002
1.935699e+003,1.021222e+002
1.936181e+003,1.021549e+002
1.936663e+003,1.021427e+002
1.937145e+003,1.021059e+002
1.937627e+003,1.020726e+002
1.938109e+003,1.020685e+002
1.938592e+003,1.021062e+002
1.939074e+003,1.021817e+002
1.939556e+003,1.022764e+002
1.940038e+003,1.023657e+002
1.940520e+003,1.024296e+002
1.941002e+003,1.024601e+002
1.941484e+003,1.024634e+002
1.941966e+003,1.024547e+002
1.942448e+003,1.024492e+002
1.942931e+003,1.024530e+002
1.943413e+003,1.024610e+002
1.943895e+003,1.024614e+002
1.944377e+003,1.024445e+002
1.944859e+003,1.024097e+002
1.945341e+003,1.023668e+002
1.945823e+003,1.023327e+002
1.946305e+003,1.023245e+002
1.946788e+003,1.023528e+002
1.947270e+003,1.024183e+002
1.947752e+003,1.025126e+002
1.948234e+003,1.026229e+002
1.948716e+003,1.027378e+002
1.949198e+003,1.028495e+002
1.949680e+003,1.029530e+002
1.950162e+003,1.030418e+002
1.950645e+003,1.031057e+002
1.951126e+003,1.031314e+002
1.951609e+003,1.031078e+002
1.952091e+003,1.030340e+002
1.952573e+003,1.029234e+002
1.953055e+003,1.028041e+002
1.953537e+003,1.027128e+002
1.954019e+003,1.026848e+002
1.954501e+003,1.027441e+002
1.954983e+003,1.028942e+002
1.955466e+003,1.031163e+002
1.955948e+003,1.033748e+002
1.956430e+003,1.036272e+002
1.956912e+003,1.038352e+002
1.957394e+003,1.039719e+002
1.957876e+003,1.040249e+002
1.958358e+003,1.039978e+002
1.958840e+003,1.039082e+002
1.959323e+003,1.037836e+002
1.959805e+003,1.036540e+002
1.960287e+003,1.035452e+002
1.960769e+003,1.034718e+002
1.961251e+003,1.034346e+002
1.961733e+003,1.034228e+002
1.962215e+003,1.034187e+002
1.962697e+003,1.034075e+002
1.963179e+003,1.033839e+002
1.963662e+003,1.033567e+002
1.964144e+003,1.033454e+002
1.964626e+003,1.033700e+002
1.965108e+003,1.034398e+002
1.965590e+003,1.035441e+002
1.966072e+003,1.036503e+002
1.966554e+003,1.037125e+002
1.967036e+003,1.036894e+002
1.967519e+003,1.035636e+002
1.968001e+003,1.033509e+002
1.968483e+003,1.030945e+002
1.968965e+003,1.028479e+002
1.969447e+003,1.026557e+002
1.969929e+003,1.025396e+002
1.970411e+003,1.024922e+002
1.970893e+003,1.024816e+002
1.971375e+003,1.024658e+002
1.971858e+003,1.024082e+002
1.972340e+003,1.022895e+002
1.972822e+003,1.021099e+002
1.973304e+003,1.018834e+002
1.973786e+003,1.016304e+002
1.974268e+003,1.013694e+002
1.974750e+003,1.011151e+002
1.975232e+003,1.008798e+002
1.975715e+003,1.006777e+002
1.976197e+003,1.005267e+002
1.976679e+003,1.004464e+002
1.977161e+003,1.004499e+002
1.977643e+003,1.005351e+002
1.978125e+003,1.006791e+002
1.978607e+003,1.008420e+002
1.979089e+003,1.009804e+002
1.979572e+003,1.010610e+002
1.980053e+003,1.010685e+002
1.980536e+003,1.010052e+002
1.981018e+003,1.008842e+002
1.981500e+003,1.007230e+002
1.981982e+003,1.005378e+002
1.982464e+003,1.003416e+002
1.982946e+003,1.001451e+002
1.983428e+003,9.995950e+001
1.983910e+003,9.979775e+001
1.984393e+003,9.967341e+001
1.984875e+003,9.959743e+001
1.985357e+003,9.957308e+001
1.985839e+003,9.959261e+001
1.986321e+003,9.963793e+001
1.986803e+003,9.968630e+001
1.987285e+003,9.971835e+001
1.987767e+003,9.972467e+001
1.988250e+003,9.970781e+001
1.988732e+003,9.967972e+001
1.989214e+003,9.965621e+001
1.989696e+003,9.965110e+001
1.990178e+003,9.967234e+001
1.990660e+003,9.972206e+001
1.991142e+003,9.979996e+001
1.991624e+003,9.990640e+001
1.992106e+003,1.000435e+002
1.992589e+003,1.002129e+002
1.993071e+003,1.004125e+002
1.993553e+003,1.006331e+002
1.994035e+003,1.008590e+002
1.994517e+003,1.010722e+002
1.994999e+003,1.012583e+002
1.995481e+003,1.014095e+002
1.995963e+003,1.015269e+002
1.996446e+003,1.016178e+002
1.996928e+003,1.016934e+002
1.997410e+003,1.017633e+002
1.997892e+003,1.018329e+002
1.998374e+003,1.019018e+002
1.998856e+003,1.019649e+002
1.999338e+003,1.020143e+002
1.999820e+003,1.020415e+002
2.000302e+003,1.020394e+002
2.000785e+003,1.020054e+002
2.001267e+003,1.019428e+002
2.001749e+003,1.018634e+002
2.002231e+003,1.017864e+002
2.002713e+003,1.017351e+002
2.003195e+003,1.017309e+002
2.003677e+003,1.017864e+002
2.004159e+003,1.018986e+002
2.004642e+003,1.020464e+002
2.005124e+003,1.021938e+002
2.005606e+003,1.023007e+002
2.006088e+003,1.023393e+002
2.006570e+003,1.023071e+002
2.007052e+003,1.022296e+002
2.007534e+003,1.021504e+002
2.008016e+003,1.021130e+002
2.008499e+003,1.021419e+002
2.008980e+003,1.022300e+002
2.009463e+003,1.023393e+002
2.009945e+003,1.024164e+002
2.010427e+003,1.024134e+002
2.010909e+003,1.023067e+002
2.011391e+003,1.021058e+002
2.011873e+003,1.018486e+002
2.012355e+003,1.015868e+002
2.012837e+003,1.013668e+002
2.013320e+003,1.012127e+002
2.013802e+003,1.011199e+002
2.014284e+003,1.010618e+002
2.014766e+003,1.010053e+002
2.015248e+003,1.009273e+002
2.015730e+003,1.008260e+002
2.016212e+003,1.007222e+002
2.016694e+003,1.006507e+002
2.017177e+003,1.006448e+002
2.017659e+003,1.007229e+002
2.018141e+003,1.008818e+002
2.018623e+003,1.011007e+002
2.019105e+003,1.013501e+002
2.019587e+003,1.016009e+002
2.020069e+003,1.018300e+002
2.020551e+003,1.020202e+002
2.021033e+003,1.021584e+002
2.021516e+003,1.022320e+002
2.021998e+003,1.022272e+002
2.022480e+003,1.021302e+002
2.022962e+003,1.019325e+002
2.023444e+003,1.016369e+002
2.023926e+003,1.012642e+002
2.024408e+003,1.008535e+002
2.024890e+003,1.004556e+002
2.025373e+003,1.001198e+002
2.025855e+003,9.988143e+001
2.026337e+003,9.975394e+001
2.026819e+003,9.972911e+001
2.027301e+003,9.978097e+001
2.027783e+003,9.987299e+001
2.028265e+003,9.996552e+001
2.028747e+003,1.000247e+002
2.029229e+003,1.000293e+002
2.029712e+003,9.997481e+001
2.030194e+003,9.987184e+001
2.030676e+003,9.974223e+001
2.031158e+003,9.961234e+001
2.031640e+003,9.950671e+001
2.032122e+003,9.944083e+001
2.032604e+003,9.941628e+001
2.033086e+003,9.942164e+001
2.033569e+003,9.943719e+001
2.034051e+003,9.944337e+001
2.034533e+003,9.942879e+001
2.035015e+003,9.939333e+001
2.035497e+003,9.934663e+001
2.035979e+003,9.930056e+001
2.036461e+003,9.926121e+001
2.036943e+003,9.922198e+001
2.037426e+003,9.916446e+001
2.037907e+003,9.906271e+001
2.038390e+003,9.889312e+001
2.038872e+003,9.864390e+001
2.039354e+003,9.832223e+001
2.039836e+003,9.795519e+001
2.040318e+003,9.758310e+001
2.040800e+003,9.724731e+001
2.041282e+003,9.697853e+001
2.041764e+003,9.679047e+001
2.042247e+003,9.668095e+001
2.042729e+003,9.663694e+001
2.043211e+003,9.664149e+001
2.043693e+003,9.667926e+001
2.044175e+003,9.673935e+001
2.044657e+003,9.681591e+001
2.045139e+003,9.690732e+001
2.045622e+003,9.701279e+001
2.046104e+003,9.713020e+001
2.046586e+003,9.725421e+001
2.047068e+003,9.737522e+001
2.047550e+003,9.748041e+001
2.048032e+003,9.755629e+001
2.048514e+003,9.759272e+001
2.048996e+003,9.758573e+001
2.049479e+003,9.753928e+001
2.049960e+003,9.746478e+001
2.050443e+003,9.737894e+001
2.050925e+003,9.730093e+001
2.051407e+003,9.724799e+001
2.051889e+003,9.723237e+001
2.052371e+003,9.725822e+001
2.052853e+003,9.732127e+001
2.053335e+003,9.740940e+001
2.053817e+003,9.750597e+001
2.054300e+003,9.759389e+001
2.054782e+003,9.766049e+001
2.055264e+003,9.770049e+001
2.055746e+003,9.771745e+001
2.056228e+003,9.772198e+001
2.056710e+003,9.772820e+001
2.057192e+003,9.774937e+001
2.057674e+003,9.779469e+001
2.058156e+003,9.786713e+001
2.058639e+003,9.796297e+001
2.059121e+003,9.807252e+001
2.059603e+003,9.818233e+001
2.060085e+003,9.827822e+001
2.060567e+003,9.834808e+001
2.061049e+003,9.838405e+001
2.061531e+003,9.838395e+001
2.062013e+003,9.835144e+001
2.062496e+003,9.829546e+001
2.062978e+003,9.822850e+001
2.063460e+003,9.816409e+001
2.063942e+003,9.811379e+001
2.064424e+003,9.808481e+001
2.064906e+003,9.807904e+001
2.065388e+003,9.809398e+001
2.065870e+003,9.812474e+001
2.066353e+003,9.816625e+001
2.066835e+003,9.821446e+001
2.067317e+003,9.826646e+001
2.067799e+003,9.831937e+001
2.068281e+003,9.836924e+001
2.068763e+003,9.841045e+001
2.069245e+003,9.843768e+001
2.069727e+003,9.844819e+001
2.070209e+003,9.844558e+001
2.070692e+003,9.844077e+001
2.071174e+003,9.845070e+001
2.071656e+003,9.849319e+001
2.072138e+003,9.858044e+001
2.072620e+003,9.871320e+001
2.073102e+003,9.887888e+001
2.073584e+003,9.905332e+001
2.074066e+003,9.920756e+001
2.074549e+003,9.931647e+001
2.075031e+003,9.936620e+001
2.075513e+003,9.935786e+001
2.075995e+003,9.930504e+001
2.076477e+003,9.922753e+001
2.076959e+003,9.914371e+001
2.077441e+003,9.906557e+001
2.077923e+003,9.899741e+001
2.078406e+003,9.893823e+001
2.078887e+003,9.888603e+001
2.079370e+003,9.884132e+001
2.079852e+003,9.880825e+001
2.080334e+003,9.879269e+001
2.080816e+003,9.879877e+001
2.081298e+003,9.882574e+001
2.081780e+003,9.886707e+001
2.082262e+003,9.891212e+001
2.082744e+003,9.894994e+001
2.083227e+003,9.897340e+001
2.083709e+003,9.898165e+001
2.084191e+003,9.897957e+001
2.084673e+003,9.897522e+001
2.085155e+003,9.897643e+001
2.085637e+003,9.898822e+001
2.086119e+003,9.901225e+001
2.086601e+003,9.904763e+001
2.087083e+003,9.909266e+001
2.087566e+003,9.914578e+001
2.088048e+003,9.920556e+001
2.088530e+003,9.926958e+001
2.089012e+003,9.933328e+001
2.089494e+003,9.939043e+001
2.089976e+003,9.943470e+001
2.090458e+003,9.946290e+001
2.090940e+003,9.947736e+001
2.091423e+003,9.948614e+001
2.091905e+003,9.950067e+001
2.092387e+003,9.953149e+001
2.092869e+003,9.958342e+001
2.093351e+003,9.965304e+001
2.093833e+003,9.972868e+001
2.094315e+003,9.979411e+001
2.094797e+003,9.983437e+001
2.095280e+003,9.984068e+001
2.095762e+003,9.981290e+001
2.096244e+003,9.975851e+001
2.096726e+003,9.968868e+001
2.097208e+003,9.961440e+001
2.097690e+003,9.954335e+001
2.098172e+003,9.947942e+001
2.098654e+003,9.942402e+001
2.099136e+003,9.937798e+001
2.099619e+003,9.934236e+001
2.100101e+003,9.931878e+001
2.100583e+003,9.930811e+001
2.101065e+003,9.930944e+001
2.101547e+003,9.931944e+001
2.102029e+003,9.933359e+001
2.102511e+003,9.934816e+001
2.102993e+003,9.936230e+001
2.103476e+003,9.937876e+001
2.103958e+003,9.940325e+001
2.104440e+003,9.944170e+001
2.104922e+003,9.949777e+001
2.105404e+003,9.957063e+001
2.105886e+003,9.965488e+001
2.106368e+003,9.974203e+001
2.106850e+003,9.982324e+001
2.107333e+003,9.989148e+001
2.107814e+003,9.994270e+001
2.108297e+003,9.997563e+001
2.108779e+003,9.999088e+001
2.109261e+003,9.998992e+001
2.109743e+003,9.997514e+001
2.110225e+003,9.995027e+001
2.110707e+003,9.992094e+001
2.111189e+003,9.989493e+001
2.111671e+003,9.988135e+001
2.112154e+003,9.988854e+001
2.112636e+003,9.992213e+001
2.113118e+003,9.998295e+001
2.113600e+003,1.000670e+002
2.114082e+003,1.001662e+002
2.114564e+003,1.002713e+002
2.115046e+003,1.003743e+002
2.115528e+003,1.004702e+002
2.116010e+003,1.005576e+002
2.116493e+003,1.006383e+002
2.116975e+003,1.007157e+002
2.117457e+003,1.007933e+002
2.117939e+003,1.008736e+002
2.118421e+003,1.009579e+002
2.118903e+003,1.010460e+002
2.119385e+003,1.011375e+002
2.119867e+003,1.012309e+002
2.120350e+003,1.013248e+002
2.120832e+003,1.014169e+002
2.121314e+003,1.015039e+002
2.121796e+003,1.015813e+002
2.122278e+003,1.016439e+002
2.122760e+003,1.016864e+002
2.123242e+003,1.017049e+002
2.123724e+003,1.016985e+002
2.124207e+003,1.016709e+002
2.124689e+003,1.016306e+002
2.125171e+003,1.015904e+002
2.125653e+003,1.015646e+002
2.126135e+003,1.015668e+002
2.126617e+003,1.016062e+002
2.127099e+003,1.016870e+002
2.127581e+003,1.018078e+002
2.128063e+003,1.019635e+002
2.128546e+003,1.021466e+002
2.129028e+003,1.023487e+002
2.129510e+003,1.025614e+002
2.129992e+003,1.027750e+002
2.130474e+003,1.029774e+002
2.130956e+003,1.031543e+002
2.131438e+003,1.032902e+002
2.131920e+003,1.033739e+002
2.132403e+003,1.034028e+002
2.132885e+003,1.033884e+002
2.133367e+003,1.033556e+002
2.133849e+003,1.033375e+002
2.134331e+003,1.033648e+002
2.134813e+003,1.034559e+002
2.135295e+003,1.036092e+002
2.135777e+003,1.038034e+002
2.136260e+003,1.040035e+002
2.136741e+003,1.041724e+002
2.137224e+003,1.042825e+002
2.137706e+003,1.043220e+002
2.138188e+003,1.042948e+002
2.138670e+003,1.042149e+002
2.139152e+003,1.040995e+002
2.139634e+003,1.039640e+002
2.140116e+003,1.038208e+002
2.140598e+003,1.036816e+002
2.141081e+003,1.035598e+002
2.141563e+003,1.034709e+002
2.142045e+003,1.034298e+002
2.142527e+003,1.034456e+002
2.143009e+003,1.035182e+002
2.143491e+003,1.036358e+002
2.143973e+003,1.037789e+002
2.144455e+003,1.039267e+002
2.144938e+003,1.040644e+002
2.145420e+003,1.041885e+002
2.145902e+003,1.043045e+002
2.146384e+003,1.044210e+002
2.146866e+003,1.045423e+002
2.147348e+003,1.046636e+002
2.147830e+003,1.047723e+002
2.148312e+003,1.048548e+002
2.148794e+003,1.049050e+002
2.149277e+003,1.049286e+002
2.149759e+003,1.049410e+002
2.150241e+003,1.049606e+002
2.150723e+003,1.049986e+002
2.151205e+003,1.050533e+002
2.151687e+003,1.051110e+002
2.152169e+003,1.051527e+002
2.152651e+003,1.051650e+002
2.153134e+003,1.051481e+002
2.153616e+003,1.051158e+002
2.154098e+003,1.050903e+002
2.154580e+003,1.050923e+002
2.155062e+003,1.051325e+002
2.155544e+003,1.052077e+002
2.156026e+003,1.053023e+002
2.156508e+003,1.053957e+002
2.156990e+003,1.054671e+002
2.157473e+003,1.054962e+002
2.157955e+003,1.054606e+002
2.158437e+003,1.053309e+002
2.158919e+003,1.050751e+002
2.159401e+003,1.046704e+002
2.159883e+003,1.041211e+002
2.160365e+003,1.034669e+002
2.160847e+003,1.027745e+002
2.161330e+003,1.021205e+002
2.161812e+003,1.015700e+002
2.162294e+003,1.011600e+002
2.162776e+003,1.008920e+002
2.163258e+003,1.007336e+002
2.163740e+003,1.006328e+002
2.164222e+003,1.005376e+002
2.164704e+003,1.004164e+002
2.165187e+003,1.002671e+002
2.165668e+003,1.001134e+002
2.166151e+003,9.999046e+001
2.166633e+003,9.992786e+001
2.167115e+003,9.993614e+001
2.167597e+003,1.000036e+002
2.168079e+003,1.001010e+002
2.168561e+003,1.001943e+002
2.169043e+003,1.002539e+002
2.169525e+003,1.002612e+002
2.170008e+003,1.002080e+002
2.170490e+003,1.000934e+002
2.170972e+003,9.992091e+001
2.171454e+003,9.969901e+001
2.171936e+003,9.944332e+001
2.172418e+003,9.917966e+001
2.172900e+003,9.894344e+001
2.173382e+003,9.877522e+001
2.173865e+003,9.871082e+001
2.174347e+003,9.877009e+001
2.174829e+003,9.894656e+001
2.175311e+003,9.920627e+001
2.175793e+003,9.949493e+001
2.176275e+003,9.975461e+001
2.176757e+003,9.993985e+001
2.177239e+003,1.000286e+002
2.177721e+003,1.000223e+002
2.178204e+003,9.993913e+001
2.178686e+003,9.980279e+001
2.179168e+003,9.963342e+001
2.179650e+003,9.944268e+001
2.180132e+003,9.923483e+001
2.180614e+003,9.901228e+001
2.181096e+003,9.878152e+001
2.181578e+003,9.855651e+001
2.182061e+003,9.835795e+001
2.182543e+003,9.820746e+001
2.183025e+003,9.812187e+001
2.183507e+003,9.810784e+001
2.183989e+003,9.816103e+001
2.184471e+003,9.826756e+001
2.184953e+003,9.840753e+001
2.185435e+003,9.855827e+001
2.185917e+003,9.869712e+001
2.186400e+003,9.880432e+001
2.186882e+003,9.886684e+001
2.187364e+003,9.888168e+001
2.187846e+003,9.885750e+001
2.188328e+003,9.881307e+001
2.188810e+003,9.877231e+001
2.189292e+003,9.875773e+001
2.189774e+003,9.878356e+001
2.190257e+003,9.885040e+001
2.190739e+003,9.894503e+001
2.191221e+003,9.904481e+001
2.191703e+003,9.912506e+001
2.192185e+003,9.916724e+001
2.192667e+003,9.916405e+001
2.193149e+003,9.911974e+001
2.193631e+003,9.904694e+001
2.194114e+003,9.896127e+001
2.194595e+003,9.887637e+001
2.195078e+003,9.880109e+001
2.195560e+003,9.873978e+001
2.196042e+003,9.869399e+001
2.196524e+003,9.866512e+001
2.197006e+003,9.865430e+001
2.197488e+003,9.866200e+001
2.197970e+003,9.868513e+001
2.198452e+003,9.871620e+001
2.198935e+003,9.874367e+001
2.199417e+003,9.875530e+001
2.199899e+003,9.874249e+001
2.200381e+003,9.870369e+001
2.200863e+003,9.864592e+001
2.201345e+003,9.858286e+001
2.201827e+003,9.853089e+001
2.202309e+003,9.850408e+001
2.202792e+003,9.850974e+001
2.203274e+003,9.854736e+001
2.203756e+003,9.860995e+001
2.204238e+003,9.868668e+001
2.204720e+003,9.876653e+001
2.205202e+003,9.884106e+001
2.205684e+003,9.890499e+001
2.206166e+003,9.895611e+001
2.206648e+003,9.899397e+001
2.207131e+003,9.901898e+001
2.207613e+003,9.903134e+001
2.208095e+003,9.903133e+001
2.208577e+003,9.901939e+001
2.209059e+003,9.899672e+001
2.209541e+003,9.896528e+001
2.210023e+003,9.892722e+001
2.210505e+003,9.888429e+001
2.210988e+003,9.883722e+001
2.211470e+003,9.878547e+001
2.211952e+003,9.872811e+001
2.212434e+003,9.866490e+001
2.212916e+003,9.859746e+001
2.213398e+003,9.852987e+001
2.213880e+003,9.846867e+001
2.214362e+003,9.842092e+001
2.214844e+003,9.839291e+001
2.215327e+003,9.838768e+001
2.215809e+003,9.840405e+001
2.216291e+003,9.843645e+001
2.216773e+003,9.847599e+001
2.217255e+003,9.851261e+001
2.217737e+003,9.853760e+001
2.218219e+003,9.854610e+001
2.218701e+003,9.853790e+001
2.219184e+003,9.851695e+001
2.219666e+003,9.848985e+001
2.220148e+003,9.846368e+001
2.220630e+003,9.844423e+001
2.221112e+003,9.843479e+001
2.221594e+003,9.843596e+001
2.222076e+003,9.844628e+001
2.222558e+003,9.846326e+001
2.223041e+003,9.848422e+001
2.223522e+003,9.850757e+001
2.224005e+003,9.853262e+001
2.224487e+003,9.856008e+001
2.224969e+003,9.859111e+001
2.225451e+003,9.862680e+001
2.225933e+003,9.866682e+001
2.226415e+003,9.870874e+001
2.226897e+003,9.874746e+001
2.227379e+003,9.877605e+001
2.227862e+003,9.878764e+001
2.228344e+003,9.877831e+001
2.228826e+003,9.874962e+001
2.229308e+003,9.871035e+001
2.229790e+003,9.867494e+001
2.230272e+003,9.866006e+001
2.230754e+003,9.867829e+001
2.231236e+003,9.873451e+001
2.231719e+003,9.882294e+001
2.232201e+003,9.892783e+001
2.232683e+003,9.902767e+001
2.233165e+003,9.910158e+001
2.233647e+003,9.913528e+001
2.234129e+003,9.912516e+001
2.234611e+003,9.907759e+001
2.235093e+003,9.900533e+001
2.235575e+003,9.892240e+001
2.236058e+003,9.884011e+001
2.236540e+003,9.876506e+001
2.237022e+003,9.870032e+001
2.237504e+003,9.864760e+001
2.237986e+003,9.860992e+001
2.238468e+003,9.859144e+001
2.238950e+003,9.859579e+001
2.239432e+003,9.862267e+001
2.239915e+003,9.866524e+001
2.240397e+003,9.870993e+001
2.240879e+003,9.873926e+001
2.241361e+003,9.873746e+001
2.241843e+003,9.869653e+001
2.242325e+003,9.861949e+001
2.242807e+003,9.852054e+001
2.243289e+003,9.842065e+001
2.243771e+003,9.834174e+001
2.244254e+003,9.829963e+001
2.244736e+003,9.830020e+001
2.245218e+003,9.833854e+001
2.245700e+003,9.840193e+001
2.246182e+003,9.847463e+001
2.246664e+003,9.854258e+001
2.247146e+003,9.859656e+001
2.247628e+003,9.863321e+001
2.248111e+003,9.865392e+001
2.248593e+003,9.866299e+001
2.249075e+003,9.866565e+001
2.249557e+003,9.866682e+001
2.250039e+003,9.867017e+001
2.250521e+003,9.867820e+001
2.251003e+003,9.869216e+001
2.251485e+003,9.871220e+001
2.251968e+003,9.873734e+001
2.252449e+003,9.876582e+001
2.252932e+003,9.879517e+001
2.253414e+003,9.882258e+001
2.253896e+003,9.884470e+001
2.254378e+003,9.885741e+001
2.254860e+003,9.885527e+001
2.255342e+003,9.883197e+001
2.255824e+003,9.878092e+001
2.256306e+003,9.869746e+001
2.256789e+003,9.858081e+001
2.257271e+003,9.843579e+001
2.257753e+003,9.827306e+001
2.258235e+003,9.810766e+001
2.258717e+003,9.795589e+001
2.259199e+003,9.783196e+001
2.259681e+003,9.774452e+001
2.260163e+003,9.769518e+001
2.260646e+003,9.767874e+001
2.261128e+003,9.768565e+001
2.261610e+003,9.770524e+001
2.262092e+003,9.772874e+001
2.262574e+003,9.775101e+001
2.263056e+003,9.777040e+001
2.263538e+003,9.778749e+001
2.264020e+003,9.780302e+001
2.264502e+003,9.781621e+001
2.264985e+003,9.782450e+001
2.265467e+003,9.782411e+001
2.265949e+003,9.781148e+001
2.266431e+003,9.778482e+001
2.266913e+003,9.774532e+001
2.267395e+003,9.769703e+001
2.267877e+003,9.764606e+001
2.268359e+003,9.759872e+001
2.268842e+003,9.755997e+001
2.269324e+003,9.753176e+001
2.269806e+003,9.751287e+001
2.270288e+003,9.749931e+001
2.270770e+003,9.748571e+001
2.271252e+003,9.746730e+001
2.271734e+003,9.744170e+001
2.272216e+003,9.740978e+001
2.272698e+003,9.737572e+001
2.273181e+003,9.734515e+001
2.273663e+003,9.732365e+001
2.274145e+003,9.731416e+001
2.274627e+003,9.731602e+001
2.275109e+003,9.732493e+001
2.275591e+003,9.733442e+001
2.276073e+003,9.733820e+001
2.276555e+003,9.733252e+001
2.277038e+003,9.731744e+001
2.277520e+003,9.729681e+001
2.278002e+003,9.727674e+001
2.278484e+003,9.726351e+001
2.278966e+003,9.726139e+001
2.279448e+003,9.727169e+001
2.279930e+003,9.729288e+001
2.280412e+003,9.732179e+001
2.280895e+003,9.735504e+001
2.281376e+003,9.739052e+001
2.281859e+003,9.742738e+001
2.282341e+003,9.746598e+001
2.282823e+003,9.750659e+001
2.283305e+003,9.754885e+001
2.283787e+003,9.759129e+001
2.284269e+003,9.763182e+001
2.284751e+003,9.766835e+001
2.285233e+003,9.770014e+001
2.285716e+003,9.772793e+001
2.286198e+003,9.775413e+001
2.286680e+003,9.778204e+001
2.287162e+003,9.781490e+001
2.287644e+003,9.785471e+001
2.288126e+003,9.790166e+001
2.288608e+003,9.795382e+001
2.289090e+003,9.800780e+001
2.289573e+003,9.805959e+001
2.290055e+003,9.810569e+001
2.290537e+003,9.814411e+001
2.291019e+003,9.817513e+001
2.291501e+003,9.820106e+001
2.291983e+003,9.822586e+001
2.292465e+003,9.825388e+001
2.292947e+003,9.828860e+001
2.293429e+003,9.833163e+001
2.293912e+003,9.838219e+001
2.294394e+003,9.843729e+001
2.294876e+003,9.849284e+001
2.295358e+003,9.854468e+001
2.295840e+003,9.858968e+001
2.296322e+003,9.862624e+001
2.296804e+003,9.865427e+001
2.297286e+003,9.867447e+001
2.297769e+003,9.868800e+001
2.298251e+003,9.869605e+001
2.298733e+003,9.870023e+001
2.299215e+003,9.870305e+001
2.299697e+003,9.870825e+001
2.300179e+003,9.872051e+001
2.300661e+003,9.874449e+001
2.301143e+003,9.878320e+001
2.301625e+003,9.883681e+001
2.302108e+003,9.890191e+001
2.302590e+003,9.897228e+001
2.303072e+003,9.904068e+001
2.303554e+003,9.910121e+001
2.304036e+003,9.915115e+001
2.304518e+003,9.919155e+001
2.305000e+003,9.922647e+001
2.305482e+003,9.926118e+001
2.305965e+003,9.929980e+001
2.306447e+003,9.934422e+001
2.306929e+003,9.939362e+001
2.307411e+003,9.944566e+001
2.307893e+003,9.949809e+001
2.308375e+003,9.954989e+001
2.308857e+003,9.960127e+001
2.309339e+003,9.965279e+001
2.309822e+003,9.970342e+001
2.310303e+003,9.974944e+001
2.310786e+003,9.978459e+001
2.311268e+003,9.980178e+001
2.311750e+003,9.979585e+001
2.312232e+003,9.976605e+001
2.312714e+003,9.971716e+001
2.313196e+003,9.965858e+001
2.313678e+003,9.960152e+001
2.314160e+003,9.955555e+001
2.314643e+003,9.952630e+001
2.315125e+003,9.951427e+001
2.315607e+003,9.951608e+001
2.316089e+003,9.952665e+001
2.316571e+003,9.954114e+001
2.317053e+003,9.955634e+001
2.317535e+003,9.957071e+001
2.318017e+003,9.958332e+001
2.318500e+003,9.959290e+001
2.318982e+003,9.959731e+001
2.319464e+003,9.959441e+001
2.319946e+003,9.958295e+001
2.320428e+003,9.956391e+001
2.320910e+003,9.954073e+001
2.321392e+003,9.951813e+001
2.321874e+003,9.950002e+001
2.322356e+003,9.948759e+001
2.322839e+003,9.947914e+001
2.323321e+003,9.947115e+001
2.323803e+003,9.946097e+001
2.324285e+003,9.944884e+001
2.324767e+003,9.943885e+001
2.325249e+003,9.943756e+001
2.325731e+003,9.945204e+001
2.326213e+003,9.948748e+001
2.326696e+003,9.954597e+001
2.327178e+003,9.962583e+001
2.327660e+003,9.972205e+001
2.328142e+003,9.982674e+001
2.328624e+003,9.993081e+001
2.329106e+003,1.000251e+002
2.329588e+003,1.001025e+002
2.330070e+003,1.001600e+002
2.330552e+003,1.001990e+002
2.331035e+003,1.002261e+002
2.331517e+003,1.002500e+002
2.331999e+003,1.002790e+002
2.332481e+003,1.003174e+002
2.332963e+003,1.003630e+002
2.333445e+003,1.004064e+002
2.333927e+003,1.004348e+002
2.334409e+003,1.004362e+002
2.334892e+003,1.004038e+002
2.335374e+003,1.003369e+002
2.335856e+003,1.002403e+002
2.336338e+003,1.001213e+002
2.336820e+003,9.998642e+001
2.337302e+003,9.984081e+001
2.337784e+003,9.969009e+001
2.338266e+003,9.954329e+001
2.338749e+003,9.941312e+001
2.339230e+003,9.931473e+001
2.339713e+003,9.926149e+001
2.340195e+003,9.926105e+001
2.340677e+003,9.931038e+001
2.341159e+003,9.939394e+001
2.341641e+003,9.948746e+001
2.342123e+003,9.956817e+001
2.342605e+003,9.962536e+001
2.343087e+003,9.966477e+001
2.343570e+003,9.970441e+001
2.344052e+003,9.976594e+001
2.344534e+003,9.985865e+001
2.345016e+003,9.997058e+001
2.345498e+003,1.000741e+002
2.345980e+003,1.001456e+002
2.346462e+003,1.001782e+002
2.346944e+003,1.001807e+002
2.347427e+003,1.001661e+002
2.347909e+003,1.001440e+002
2.348391e+003,1.001188e+002
2.348873e+003,1.000919e+002
2.349355e+003,1.000646e+002
2.349837e+003,1.000408e+002
2.350319e+003,1.000272e+002
2.350801e+003,1.000323e+002
2.351283e+003,1.000630e+002
2.351766e+003,1.001219e+002
2.352248e+003,1.002039e+002
2.352730e+003,1.002953e+002
2.353212e+003,1.003737e+002
2.353694e+003,1.004143e+002
2.354176e+003,1.004013e+002
2.354658e+003,1.003361e+002
2.355140e+003,1.002382e+002
2.355623e+003,1.001347e+002
2.356105e+003,1.000454e+002
2.356587e+003,9.996952e+001
2.357069e+003,9.988950e+001
2.357551e+003,9.979309e+001
2.358033e+003,9.969312e+001
2.358515e+003,9.962480e+001
2.358997e+003,9.961525e+001
2.359479e+003,9.964946e+001
2.359962e+003,9.966552e+001
2.360444e+003,9.960974e+001
2.360926e+003,9.948306e+001
2.361408e+003,9.933017e+001
2.361890e+003,9.920269e+001
2.362372e+003,9.913628e+001
2.362854e+003,9.914100e+001
2.363336e+003,9.919608e+001
2.363819e+003,9.926251e+001
2.364301e+003,9.930259e+001
2.364783e+003,9.929388e+001
2.365265e+003,9.923048e+001
2.365747e+003,9.912277e+001
2.366229e+003,9.899212e+001
2.366711e+003,9.886310e+001
2.367193e+003,9.875533e+001
2.367676e+003,9.867841e+001
2.368157e+003,9.863358e+001
2.368640e+003,9.861525e+001
2.369122e+003,9.861528e+001
2.369604e+003,9.862459e+001
2.370086e+003,9.863517e+001
2.370568e+003,9.864024e+001
2.371050e+003,9.863427e+001
2.371532e+003,9.861275e+001
2.372014e+003,9.857329e+001
2.372497e+003,9.851654e+001
2.372979e+003,9.844678e+001
2.373461e+003,9.837121e+001
2.373943e+003,9.829837e+001
2.374425e+003,9.823601e+001
2.374907e+003,9.818917e+001
2.375389e+003,9.815926e+001
2.375872e+003,9.814513e+001
2.376354e+003,9.814468e+001
2.376836e+003,9.815662e+001
2.377318e+003,9.818170e+001
2.377800e+003,9.822224e+001
2.378282e+003,9.828049e+001
2.378764e+003,9.835686e+001
2.379246e+003,9.844854e+001
2.379729e+003,9.854967e+001
2.380210e+003,9.865274e+001
2.380693e+003,9.875082e+001
2.381175e+003,9.883931e+001
2.381657e+003,9.891664e+001
2.382139e+003,9.898409e+001
2.382621e+003,9.904400e+001
2.383103e+003,9.909858e+001
2.383585e+003,9.914875e+001
2.384067e+003,9.919392e+001
2.384550e+003,9.923276e+001
2.385032e+003,9.926405e+001
2.385514e+003,9.928764e+001
2.385996e+003,9.930463e+001
2.386478e+003,9.931716e+001
2.386960e+003,9.932804e+001
2.387442e+003,9.934023e+001
2.387924e+003,9.935666e+001
2.388406e+003,9.938017e+001
2.388889e+003,9.941338e+001
2.389371e+003,9.945819e+001
2.389853e+003,9.951506e+001
2.390335e+003,9.958241e+001
2.390817e+003,9.965627e+001
2.391299e+003,9.973122e+001
2.391781e+003,9.980151e+001
2.392263e+003,9.986299e+001
2.392746e+003,9.991431e+001
2.393228e+003,9.995731e+001
2.393710e+003,9.999613e+001
2.394192e+003,1.000354e+002
2.394674e+003,1.000785e+002
2.395156e+003,1.001263e+002
2.395638e+003,1.001766e+002
2.396120e+003,1.002260e+002
2.396603e+003,1.002709e+002
2.397085e+003,1.003088e+002
2.397567e+003,1.003392e+002
2.398049e+003,1.003637e+002
2.398531e+003,1.003844e+002
2.399013e+003,1.004040e+002
2.399495e+003,1.004242e+002
2.399977e+003,1.004465e+002
2.400459e+003,1.004694e+002
2.400942e+003,1.004957e+002
2.401424e+003,1.005249e+002
2.401906e+003,1.005549e+002
2.402388e+003,1.005827e+002
2.402870e+003,1.006045e+002
2.403352e+003,1.006170e+002
2.403834e+003,1.006191e+002
2.404316e+003,1.006119e+002
2.404799e+003,1.005987e+002
2.405281e+003,1.005843e+002
2.405763e+003,1.005729e+002
2.406245e+003,1.005668e+002
2.406727e+003,1.005658e+002
2.407209e+003,1.005675e+002
2.407691e+003,1.005681e+002
2.408173e+003,1.005644e+002
2.408656e+003,1.005547e+002
2.409137e+003,1.005392e+002
2.409620e+003,1.005202e+002
2.410102e+003,1.005003e+002
2.410584e+003,1.004821e+002
2.411066e+003,1.004671e+002
2.411548e+003,1.004551e+002
2.412030e+003,1.004447e+002
2.412512e+003,1.004339e+002
2.412994e+003,1.004206e+002
2.413477e+003,1.004034e+002
2.413959e+003,1.003820e+002
2.414441e+003,1.003576e+002
2.414923e+003,1.003322e+002
2.415405e+003,1.003089e+002
2.415887e+003,1.002906e+002
2.416369e+003,1.002795e+002
2.416851e+003,1.002757e+002
2.417333e+003,1.002778e+002
2.417816e+003,1.002822e+002
2.418298e+003,1.002847e+002
2.418780e+003,1.002816e+002
2.419262e+003,1.002708e+002
2.419744e+003,1.002529e+002
2.420226e+003,1.002305e+002
2.420708e+003,1.002077e+002
2.421190e+003,1.001887e+002
2.421673e+003,1.001761e+002
2.422155e+003,1.001705e+002
2.422637e+003,1.001701e+002
2.423119e+003,1.001719e+002
2.423601e+003,1.001723e+002
2.424083e+003,1.001680e+002
2.424565e+003,1.001572e+002
2.425047e+003,1.001394e+002
2.425530e+003,1.001154e+002
2.426012e+003,1.000866e+002
2.426494e+003,1.000551e+002
2.426976e+003,1.000225e+002
2.427458e+003,9.999026e+001
2.427940e+003,9.995894e+001
2.428422e+003,9.992879e+001
2.428904e+003,9.989972e+001
2.429386e+003,9.987175e+001
2.429869e+003,9.984531e+001
2.430351e+003,9.982154e+001
2.430833e+003,9.980206e+001
2.431315e+003,9.978812e+001
2.431797e+003,9.978015e+001
2.432279e+003,9.977692e+001
2.432761e+003,9.977539e+001
2.433243e+003,9.977154e+001
2.433726e+003,9.976146e+001
2.434208e+003,9.974293e+001
2.434690e+003,9.971631e+001
2.435172e+003,9.968465e+001
2.435654e+003,9.965257e+001
2.436136e+003,9.962475e+001
2.436618e+003,9.960407e+001
2.437100e+003,9.959073e+001
2.437583e+003,9.958238e+001
2.438064e+003,9.957530e+001
2.438547e+003,9.956612e+001
2.439029e+003,9.955328e+001
2.439511e+003,9.953753e+001
2.439993e+003,9.952127e+001
2.440475e+003,9.950743e+001
2.440957e+003,9.949795e+001
2.441439e+003,9.949293e+001
2.441921e+003,9.949056e+001
2.442404e+003,9.948804e+001
2.442886e+003,9.948264e+001
2.443368e+003,9.947277e+001
2.443850e+003,9.945826e+001
2.444332e+003,9.944005e+001
2.444814e+003,9.941958e+001
2.445296e+003,9.939798e+001
2.445778e+003,9.937574e+001
2.446260e+003,9.935281e+001
2.446743e+003,9.932887e+001
2.447225e+003,9.930394e+001
2.447707e+003,9.927847e+001
2.448189e+003,9.925331e+001
2.448671e+003,9.922949e+001
2.449153e+003,9.920795e+001
2.449635e+003,9.918936e+001
2.450117e+003,9.917430e+001
2.450600e+003,9.916336e+001
2.451082e+003,9.915723e+001
2.451564e+003,9.915668e+001
2.452046e+003,9.916243e+001
2.452528e+003,9.917471e+001
2.453010e+003,9.919323e+001
2.453492e+003,9.921696e+001
2.453974e+003,9.924448e+001
2.454457e+003,9.927407e+001
2.454939e+003,9.930389e+001
2.455421e+003,9.933206e+001
2.455903e+003,9.935693e+001
2.456385e+003,9.937707e+001
2.456867e+003,9.939164e+001
2.457349e+003,9.940061e+001
2.457831e+003,9.940508e+001
2.458313e+003,9.940698e+001
2.458796e+003,9.940874e+001
2.459278e+003,9.941256e+001
2.459760e+003,9.941965e+001
2.460242e+003,9.942976e+001
2.460724e+003,9.944127e+001
2.461206e+003,9.945173e+001
2.461688e+003,9.945876e+001
2.462170e+003,9.946084e+001
2.462653e+003,9.945800e+001
2.463135e+003,9.945179e+001
2.463617e+003,9.944469e+001
2.464099e+003,9.943954e+001
2.464581e+003,9.943861e+001
2.465063e+003,9.944318e+001
2.465545e+003,9.945329e+001
2.466027e+003,9.946793e+001
2.466510e+003,9.948553e+001
2.466992e+003,9.950449e+001
2.467474e+003,9.952349e+001
2.467956e+003,9.954179e+001
2.468438e+003,9.955918e+001
2.468920e+003,9.957574e+001
2.469402e+003,9.959142e+001
2.469884e+003,9.960561e+001
2.470366e+003,9.961691e+001
2.470849e+003,9.962326e+001
2.471331e+003,9.962247e+001
2.471813e+003,9.961307e+001
2.472295e+003,9.959530e+001
2.472777e+003,9.957150e+001
2.473259e+003,9.954604e+001
2.473741e+003,9.952434e+001
2.474223e+003,9.951131e+001
2.474706e+003,9.950994e+001
2.475188e+003,9.952007e+001
2.475670e+003,9.953841e+001
2.476152e+003,9.955966e+001
2.476634e+003,9.957804e+001
2.477116e+003,9.958936e+001
2.477598e+003,9.959222e+001
2.478080e+003,9.958830e+001
2.478563e+003,9.958149e+001
2.479044e+003,9.957626e+001
2.479527e+003,9.957601e+001
2.480009e+003,9.958195e+001
2.480491e+003,9.959268e+001
2.480973e+003,9.960506e+001
2.481455e+003,9.961542e+001
2.481937e+003,9.962087e+001
2.482419e+003,9.962040e+001
2.482901e+003,9.961504e+001
2.483384e+003,9.960748e+001
2.483866e+003,9.960100e+001
2.484348e+003,9.959818e+001
2.484830e+003,9.960015e+001
2.485312e+003,9.960596e+001
2.485794e+003,9.961290e+001
2.486276e+003,9.961734e+001
2.486758e+003,9.961609e+001
2.487240e+003,9.960776e+001
2.487723e+003,9.959338e+001
2.488205e+003,9.957642e+001
2.488687e+003,9.956193e+001
2.489169e+003,9.955461e+001
2.489651e+003,9.955724e+001
2.490133e+003,9.956923e+001
2.490615e+003,9.958668e+001
2.491097e+003,9.960323e+001
2.491580e+003,9.961233e+001
2.492062e+003,9.960937e+001
2.492544e+003,9.959337e+001
2.493026e+003,9.956724e+001
2.493508e+003,9.953677e+001
2.493990e+003,9.950856e+001
2.494472e+003,9.948779e+001
2.494954e+003,9.947669e+001
2.495437e+003,9.947424e+001
2.495919e+003,9.947702e+001
2.496401e+003,9.948086e+001
2.496883e+003,9.948254e+001
2.497365e+003,9.948074e+001
2.497847e+003,9.947603e+001
2.498329e+003,9.947016e+001
2.498811e+003,9.946466e+001
2.499293e+003,9.945986e+001
2.499776e+003,9.945442e+001
2.500258e+003,9.944573e+001
2.500740e+003,9.943086e+001
2.501222e+003,9.940771e+001
2.501704e+003,9.937584e+001
2.502186e+003,9.933713e+001
2.502668e+003,9.929541e+001
2.503150e+003,9.925588e+001
2.503633e+003,9.922384e+001
2.504115e+003,9.920359e+001
2.504597e+003,9.919733e+001
2.505079e+003,9.920465e+001
2.505561e+003,9.922250e+001
2.506043e+003,9.924603e+001
2.506525e+003,9.926978e+001
2.507007e+003,9.928913e+001
2.507490e+003,9.930155e+001
2.507971e+003,9.930716e+001
2.508454e+003,9.930824e+001
2.508936e+003,9.930821e+001
2.509418e+003,9.931012e+001
2.509900e+003,9.931541e+001
2.510382e+003,9.932355e+001
2.510864e+003,9.933216e+001
2.511346e+003,9.933818e+001
2.511828e+003,9.933923e+001
2.512311e+003,9.933434e+001
2.512793e+003,9.932439e+001
2.513275e+003,9.931163e+001
2.513757e+003,9.929875e+001
2.514239e+003,9.928798e+001
2.514721e+003,9.928058e+001
2.515203e+003,9.927666e+001
2.515685e+003,9.927573e+001
2.516167e+003,9.927679e+001
2.516650e+003,9.927891e+001
2.517132e+003,9.928119e+001
2.517614e+003,9.928271e+001
2.518096e+003,9.928244e+001
2.518578e+003,9.927945e+001
2.519060e+003,9.927329e+001
2.519542e+003,9.926421e+001
2.520024e+003,9.925332e+001
2.520507e+003,9.924244e+001
2.520989e+003,9.923351e+001
2.521471e+003,9.922791e+001
2.521953e+003,9.922606e+001
2.522435e+003,9.922732e+001
2.522917e+003,9.923022e+001
2.523399e+003,9.923312e+001
2.523881e+003,9.923482e+001
2.524364e+003,9.923482e+001
2.524846e+003,9.923344e+001
2.525328e+003,9.923138e+001
2.525810e+003,9.922953e+001
2.526292e+003,9.922865e+001
2.526774e+003,9.922925e+001
2.527256e+003,9.923170e+001
2.527738e+003,9.923631e+001
2.528220e+003,9.924297e+001
2.528703e+003,9.925120e+001
2.529185e+003,9.925986e+001
2.529667e+003,9.926718e+001
2.530149e+003,9.927123e+001
2.530631e+003,9.927033e+001
2.531113e+003,9.926385e+001
2.531595e+003,9.925232e+001
2.532077e+003,9.923756e+001
2.532560e+003,9.922201e+001
2.533042e+003,9.920798e+001
2.533524e+003,9.919710e+001
2.534006e+003,9.918996e+001
2.534488e+003,9.918609e+001
2.534970e+003,9.918460e+001
2.535452e+003,9.918453e+001
2.535934e+003,9.918517e+001
2.536417e+003,9.918623e+001
2.536898e+003,9.918754e+001
2.537381e+003,9.918884e+001
2.537863e+003,9.918959e+001
2.538345e+003,9.918902e+001
2.538827e+003,9.918626e+001
2.539309e+003,9.918060e+001
2.539791e+003,9.917157e+001
2.540273e+003,9.915916e+001
2.540755e+003,9.914362e+001
2.541238e+003,9.912569e+001
2.541720e+003,9.910669e+001
2.542202e+003,9.908858e+001
2.542684e+003,9.907410e+001
2.543166e+003,9.906631e+001
2.543648e+003,9.906796e+001
2.544130e+003,9.908062e+001
2.544612e+003,9.910386e+001
2.545094e+003,9.913477e+001
2.545577e+003,9.916842e+001
2.546059e+003,9.919872e+001
2.546541e+003,9.921992e+001
2.547023e+003,9.922790e+001
2.547505e+003,9.922112e+001
2.547987e+003,9.920065e+001
2.548469e+003,9.916978e+001
2.548951e+003,9.913294e+001
2.549434e+003,9.909476e+001
2.549916e+003,9.905907e+001
2.550398e+003,9.902872e+001
2.550880e+003,9.900534e+001
2.551362e+003,9.898952e+001
2.551844e+003,9.898087e+001
2.552326e+003,9.897816e+001
2.552808e+003,9.897942e+001
2.553291e+003,9.898222e+001
2.553773e+003,9.898421e+001
2.554255e+003,9.898374e+001
2.554737e+003,9.898048e+001
2.555219e+003,9.897564e+001
2.555701e+003,9.897179e+001
2.556183e+003,9.897195e+001
2.556665e+003,9.897839e+001
2.557147e+003,9.899168e+001
2.557630e+003,9.900999e+001
2.558112e+003,9.902933e+001
2.558594e+003,9.904463e+001
2.559076e+003,9.905111e+001
2.559558e+003,9.904584e+001
2.560040e+003,9.902863e+001
2.560522e+003,9.900214e+001
2.561004e+003,9.897116e+001
2.561487e+003,9.894099e+001
2.561969e+003,9.891612e+001
2.562451e+003,9.889906e+001
2.562933e+003,9.888995e+001
2.563415e+003,9.888699e+001
2.563897e+003,9.888743e+001
2.564379e+003,9.888857e+001
2.564861e+003,9.888862e+001
2.565344e+003,9.888689e+001
2.565825e+003,9.888359e+001
2.566308e+003,9.887930e+001
2.566790e+003,9.887441e+001
2.567272e+003,9.886897e+001
2.567754e+003,9.886263e+001
2.568236e+003,9.885504e+001
2.568718e+003,9.884628e+001
2.569200e+003,9.883662e+001
2.569682e+003,9.882675e+001
2.570165e+003,9.881721e+001
2.570647e+003,9.880817e+001
2.571129e+003,9.879944e+001
2.571611e+003,9.879045e+001
2.572093e+003,9.878082e+001
2.572575e+003,9.877043e+001
2.573057e+003,9.875939e+001
2.573539e+003,9.874805e+001
2.574021e+003,9.873661e+001
2.574504e+003,9.872490e+001
2.574986e+003,9.871256e+001
2.575468e+003,9.869942e+001
2.575950e+003,9.868586e+001
2.576432e+003,9.867300e+001
2.576914e+003,9.866251e+001
2.577396e+003,9.865593e+001
2.577878e+003,9.865378e+001
2.578361e+003,9.865490e+001
2.578843e+003,9.865664e+001
2.579325e+003,9.865559e+001
2.579807e+003,9.864885e+001
2.580289e+003,9.863533e+001
2.580771e+003,9.861642e+001
2.581253e+003,9.859566e+001
2.581735e+003,9.857747e+001
2.582218e+003,9.856561e+001
2.582700e+003,9.856183e+001
2.583182e+003,9.856528e+001
2.583664e+003,9.857288e+001
2.584146e+003,9.858059e+001
2.584628e+003,9.858483e+001
2.585110e+003,9.858354e+001
2.585592e+003,9.857645e+001
2.586074e+003,9.856487e+001
2.586557e+003,9.855087e+001
2.587039e+003,9.853658e+001
2.587521e+003,9.852380e+001
2.588003e+003,9.851365e+001
2.588485e+003,9.850677e+001
2.588967e+003,9.850329e+001
2.589449e+003,9.850258e+001
2.589931e+003,9.850310e+001
2.590414e+003,9.850251e+001
2.590896e+003,9.849816e+001
2.591378e+003,9.848798e+001
2.591860e+003,9.847144e+001
2.592342e+003,9.845024e+001
2.592824e+003,9.842803e+001
2.593306e+003,9.840946e+001
2.593788e+003,9.839859e+001
2.594271e+003,9.839729e+001
2.594752e+003,9.840446e+001
2.595235e+003,9.841634e+001
2.595717e+003,9.842773e+001
2.596199e+003,9.843367e+001
2.596681e+003,9.843114e+001
2.597163e+003,9.841965e+001
2.597645e+003,9.840114e+001
2.598127e+003,9.837867e+001
2.598609e+003,9.835535e+001
2.599092e+003,9.833321e+001
2.599574e+003,9.831287e+001
2.600056e+003,9.829394e+001
2.600538e+003,9.827564e+001
2.601020e+003,9.825751e+001
2.601502e+003,9.823964e+001
2.601984e+003,9.822260e+001
2.602466e+003,9.820698e+001
2.602948e+003,9.819320e+001
2.603431e+003,9.818114e+001
2.603913e+003,9.817047e+001
2.604395e+003,9.816068e+001
2.604877e+003,9.815154e+001
2.605359e+003,9.814311e+001
2.605841e+003,9.813574e+001
2.606323e+003,9.813009e+001
2.606805e+003,9.812667e+001
2.607288e+003,9.812598e+001
2.607770e+003,9.812830e+001
2.608252e+003,9.813345e+001
2.608734e+003,9.814082e+001
2.609216e+003,9.814916e+001
2.609698e+003,9.815671e+001
2.610180e+003,9.816157e+001
2.610662e+003,9.816210e+001
2.611145e+003,9.815753e+001
2.611627e+003,9.814806e+001
2.612109e+003,9.813479e+001
2.612591e+003,9.811915e+001
2.613073e+003,9.810236e+001
2.613555e+003,9.808484e+001
2.614037e+003,9.806640e+001
2.614519e+003,9.804667e+001
2.615001e+003,9.802587e+001
2.615484e+003,9.800522e+001
2.615966e+003,9.798712e+001
2.616448e+003,9.797428e+001
2.616930e+003,9.796871e+001
2.617412e+003,9.797079e+001
2.617894e+003,9.797872e+001
2.618376e+003,9.798894e+001
2.618858e+003,9.799744e+001
2.619341e+003,9.800092e+001
2.619823e+003,9.799791e+001
2.620305e+003,9.798920e+001
2.620787e+003,9.797685e+001
2.621269e+003,9.796339e+001
2.621751e+003,9.795056e+001
2.622233e+003,9.793877e+001
2.622715e+003,9.792734e+001
2.623198e+003,9.791521e+001
2.623679e+003,9.790176e+001
2.624162e+003,9.788730e+001
2.624644e+003,9.787302e+001
2.625126e+003,9.786040e+001
2.625608e+003,9.785046e+001
2.626090e+003,9.784333e+001
2.626572e+003,9.783824e+001
2.627054e+003,9.783398e+001
2.627536e+003,9.782949e+001
2.628019e+003,9.782433e+001
2.628501e+003,9.781866e+001
2.628983e+003,9.781299e+001
2.629465e+003,9.780782e+001
2.629947e+003,9.780338e+001
2.630429e+003,9.779982e+001
2.630911e+003,9.779742e+001
2.631393e+003,9.779692e+001
2.631875e+003,9.779956e+001
2.632358e+003,9.780653e+001
2.632840e+003,9.781844e+001
2.633322e+003,9.783460e+001
2.633804e+003,9.785294e+001
2.634286e+003,9.787032e+001
2.634768e+003,9.788356e+001
2.635250e+003,9.789042e+001
2.635732e+003,9.789035e+001
2.636215e+003,9.788471e+001
2.636697e+003,9.787624e+001
2.637179e+003,9.786831e+001
2.637661e+003,9.786395e+001
2.638143e+003,9.786528e+001
2.638625e+003,9.787333e+001
2.639107e+003,9.788820e+001
2.639589e+003,9.790921e+001
2.640072e+003,9.793517e+001
2.640554e+003,9.796433e+001
2.641036e+003,9.799445e+001
2.641518e+003,9.802278e+001
2.642000e+003,9.804670e+001
2.642482e+003,9.806407e+001
2.642964e+003,9.807411e+001
2.643446e+003,9.807758e+001
2.643928e+003,9.807673e+001
2.644411e+003,9.807488e+001
2.644893e+003,9.807536e+001
2.645375e+003,9.808093e+001
2.645857e+003,9.809299e+001
2.646339e+003,9.811155e+001
2.646821e+003,9.813555e+001
2.647303e+003,9.816326e+001
2.647785e+003,9.819261e+001
2.648268e+003,9.822183e+001
2.648750e+003,9.824946e+001
2.649232e+003,9.827460e+001
2.649714e+003,9.829700e+001
2.650196e+003,9.831712e+001
2.650678e+003,9.833607e+001
2.651160e+003,9.835551e+001
2.651642e+003,9.837714e+001
2.652125e+003,9.840231e+001
2.652606e+003,9.843153e+001
2.653089e+003,9.846432e+001
2.653571e+003,9.849932e+001
2.654053e+003,9.853471e+001
2.654535e+003,9.856875e+001
2.655017e+003,9.860043e+001
2.655499e+003,9.862941e+001
2.655981e+003,9.865616e+001
2.656463e+003,9.868162e+001
2.656946e+003,9.870683e+001
2.657428e+003,9.873272e+001
2.657910e+003,9.875987e+001
2.658392e+003,9.878864e+001
2.658874e+003,9.881902e+001
2.659356e+003,9.885075e+001
2.659838e+003,9.888324e+001
2.660320e+003,9.891566e+001
2.660802e+003,9.894713e+001
2.661285e+003,9.897693e+001
2.661767e+003,9.900486e+001
2.662249e+003,9.903149e+001
2.662731e+003,9.905804e+001
2.663213e+003,9.908615e+001
2.663695e+003,9.911716e+001
2.664177e+003,9.915184e+001
2.664659e+003,9.919004e+001
2.665142e+003,9.923072e+001
2.665624e+003,9.927240e+001
2.666106e+003,9.931367e+001
2.666588e+003,9.935365e+001
2.667070e+003,9.939214e+001
2.667552e+003,9.942934e+001
2.668034e+003,9.946566e+001
2.668516e+003,9.950118e+001
2.668999e+003,9.953573e+001
2.669481e+003,9.956881e+001
2.669963e+003,9.959983e+001
2.670445e+003,9.962859e+001
2.670927e+003,9.965505e+001
2.671409e+003,9.967947e+001
2.671891e+003,9.970209e+001
2.672373e+003,9.972285e+001
2.672855e+003,9.974138e+001
2.673338e+003,9.975720e+001
2.673820e+003,9.977007e+001
2.674302e+003,9.978020e+001
2.674784e+003,9.978840e+001
2.675266e+003,9.979597e+001
2.675748e+003,9.980427e+001
2.676230e+003,9.981441e+001
2.676712e+003,9.982682e+001
2.677195e+003,9.984126e+001
2.677677e+003,9.985697e+001
2.678159e+003,9.987302e+001
2.678641e+003,9.988863e+001
2.679123e+003,9.990327e+001
2.679605e+003,9.991689e+001
2.680087e+003,9.992974e+001
2.680569e+003,9.994219e+001
2.681052e+003,9.995459e+001
2.681533e+003,9.996712e+001
2.682016e+003,9.997966e+001
2.682498e+003,9.999187e+001
2.682980e+003,1.000031e+002
2.683462e+003,1.000129e+002
2.683944e+003,1.000208e+002
2.684426e+003,1.000270e+002
2.684908e+003,1.000323e+002
2.685390e+003,1.000380e+002
2.685873e+003,1.000455e+002
2.686355e+003,1.000561e+002
2.686837e+003,1.000700e+002
2.687319e+003,1.000861e+002
2.687801e+003,1.001024e+002
2.688283e+003,1.001162e+002
2.688765e+003,1.001252e+002
2.689247e+003,1.001280e+002
2.689729e+003,1.001247e+002
2.690212e+003,1.001168e+002
2.690694e+003,1.001066e+002
2.691176e+003,1.000965e+002
2.691658e+003,1.000883e+002
2.692140e+003,1.000823e+002
2.692622e+003,1.000782e+002
2.693104e+003,1.000749e+002
2.693586e+003,1.000715e+002
2.694069e+003,1.000675e+002
2.694551e+003,1.000628e+002
2.695033e+003,1.000581e+002
2.695515e+003,1.000541e+002
2.695997e+003,1.000509e+002
2.696479e+003,1.000484e+002
2.696961e+003,1.000464e+002
2.697443e+003,1.000442e+002
2.697926e+003,1.000417e+002
2.698408e+003,1.000392e+002
2.698890e+003,1.000377e+002
2.699372e+003,1.000381e+002
2.699854e+003,1.000415e+002
2.700336e+003,1.000486e+002
2.700818e+003,1.000592e+002
2.701300e+003,1.000723e+002
2.701782e+003,1.000862e+002
2.702265e+003,1.000985e+002
2.702747e+003,1.001071e+002
2.703229e+003,1.001102e+002
2.703711e+003,1.001071e+002
2.704193e+003,1.000984e+002
2.704675e+003,1.000855e+002
2.705157e+003,1.000705e+002
2.705639e+003,1.000553e+002
2.706122e+003,1.000413e+002
2.706604e+003,1.000286e+002
2.707086e+003,1.000170e+002
2.707568e+003,1.000059e+002
2.708050e+003,9.999500e+001
2.708532e+003,9.998511e+001
2.709014e+003,9.997765e+001
2.709496e+003,9.997434e+001
2.709979e+003,9.997632e+001
2.710461e+003,9.998347e+001
2.710943e+003,9.999413e+001
2.711425e+003,1.000054e+002
2.711907e+003,1.000142e+002
2.712389e+003,1.000181e+002
2.712871e+003,1.000166e+002
2.713353e+003,1.000110e+002
2.713835e+003,1.000040e+002
2.714318e+003,9.999895e+001
2.714800e+003,9.999825e+001
2.715282e+003,1.000031e+002
2.715764e+003,1.000128e+002
2.716246e+003,1.000257e+002
2.716728e+003,1.000392e+002
2.717210e+003,1.000510e+002
2.717692e+003,1.000595e+002
2.718175e+003,1.000642e+002
2.718656e+003,1.000653e+002
2.719139e+003,1.000635e+002
2.719621e+003,1.000600e+002
2.720103e+003,1.000557e+002
2.720585e+003,1.000516e+002
2.721067e+003,1.000484e+002
2.721549e+003,1.000465e+002
2.722031e+003,1.000460e+002
2.722513e+003,1.000465e+002
2.722996e+003,1.000474e+002
2.723478e+003,1.000483e+002
2.723960e+003,1.000489e+002
2.724442e+003,1.000498e+002
2.724924e+003,1.000518e+002
2.725406e+003,1.000560e+002
2.725888e+003,1.000634e+002
2.726370e+003,1.000743e+002
2.726853e+003,1.000883e+002
2.727335e+003,1.001045e+002
2.727817e+003,1.001214e+002
2.728299e+003,1.001379e+002
2.728781e+003,1.001530e+002
2.729263e+003,1.001662e+002
2.729745e+003,1.001772e+002
2.730227e+003,1.001859e+002
2.730709e+003,1.001921e+002
2.731192e+003,1.001956e+002
2.731674e+003,1.001965e+002
2.732156e+003,1.001948e+002
2.732638e+003,1.001912e+002
2.733120e+003,1.001866e+002
2.733602e+003,1.001822e+002
2.734084e+003,1.001790e+002
2.734566e+003,1.001776e+002
2.735049e+003,1.001784e+002
2.735531e+003,1.001814e+002
2.736013e+003,1.001862e+002
2.736495e+003,1.001926e+002
2.736977e+003,1.002001e+002
2.737459e+003,1.002082e+002
2.737941e+003,1.002163e+002
2.738423e+003,1.002237e+002
2.738906e+003,1.002298e+002
2.739388e+003,1.002345e+002
2.739870e+003,1.002378e+002
2.740352e+003,1.002404e+002
2.740834e+003,1.002430e+002
2.741316e+003,1.002464e+002
2.741798e+003,1.002512e+002
2.742280e+003,1.002573e+002
2.742762e+003,1.002643e+002
2.743245e+003,1.002717e+002
2.743727e+003,1.002787e+002
2.744209e+003,1.002851e+002
2.744691e+003,1.002906e+002
2.745173e+003,1.002954e+002
2.745655e+003,1.003000e+002
2.746137e+003,1.003047e+002
2.746619e+003,1.003101e+002
2.747102e+003,1.003167e+002
2.747583e+003,1.003249e+002
2.748066e+003,1.003351e+002
2.748548e+003,1.003471e+002
2.749030e+003,1.003603e+002
2.749512e+003,1.003737e+002
2.749994e+003,1.003857e+002
2.750476e+003,1.003948e+002
2.750958e+003,1.004000e+002
2.751440e+003,1.004009e+002
2.751923e+003,1.003982e+002
2.752405e+003,1.003927e+002
2.752887e+003,1.003858e+002
2.753369e+003,1.003787e+002
2.753851e+003,1.003723e+002
2.754333e+003,1.003669e+002
2.754815e+003,1.003629e+002
2.755297e+003,1.003606e+002
2.755780e+003,1.003606e+002
2.756262e+003,1.003636e+002
2.756744e+003,1.003700e+002
2.757226e+003,1.003798e+002
2.757708e+003,1.003921e+002
2.758190e+003,1.004053e+002
2.758672e+003,1.004174e+002
2.759154e+003,1.004266e+002
2.759636e+003,1.004314e+002
2.760119e+003,1.004315e+002
2.760601e+003,1.004274e+002
2.761083e+003,1.004201e+002
2.761565e+003,1.004113e+002
2.762047e+003,1.004025e+002
2.762529e+003,1.003951e+002
2.763011e+003,1.003902e+002
2.763493e+003,1.003884e+002
2.763976e+003,1.003900e+002
2.764458e+003,1.003944e+002
2.764940e+003,1.004008e+002
2.765422e+003,1.004079e+002
2.765904e+003,1.004141e+002
2.766386e+003,1.004181e+002
2.766868e+003,1.004192e+002
2.767350e+003,1.004177e+002
2.767833e+003,1.004144e+002
2.768315e+003,1.004110e+002
2.768797e+003,1.004089e+002
2.769279e+003,1.004093e+002
2.769761e+003,1.004124e+002
2.770243e+003,1.004176e+002
2.770725e+003,1.004237e+002
2.771207e+003,1.004290e+002
2.771689e+003,1.004321e+002
2.772172e+003,1.004322e+002
2.772654e+003,1.004291e+002
2.773136e+003,1.004232e+002
2.773618e+003,1.004154e+002
2.774100e+003,1.004070e+002
2.774582e+003,1.003997e+002
2.775064e+003,1.003949e+002
2.775546e+003,1.003939e+002
2.776029e+003,1.003978e+002
2.776510e+003,1.004071e+002
2.776993e+003,1.004217e+002
2.777475e+003,1.004403e+002
2.777957e+003,1.004613e+002
2.778439e+003,1.004824e+002
2.778921e+003,1.005015e+002
2.779403e+003,1.005167e+002
2.779885e+003,1.005272e+002
2.780367e+003,1.005334e+002
2.780850e+003,1.005364e+002
2.781332e+003,1.005381e+002
2.781814e+003,1.005406e+002
2.782296e+003,1.005452e+002
2.782778e+003,1.005524e+002
2.783260e+003,1.005618e+002
2.783742e+003,1.005718e+002
2.784224e+003,1.005804e+002
2.784707e+003,1.005855e+002
2.785189e+003,1.005856e+002
2.785671e+003,1.005801e+002
2.786153e+003,1.005697e+002
2.786635e+003,1.005557e+002
2.787117e+003,1.005402e+002
2.787599e+003,1.005257e+002
2.788081e+003,1.005142e+002
2.788563e+003,1.005075e+002
2.789046e+003,1.005064e+002
2.789528e+003,1.005111e+002
2.790010e+003,1.005208e+002
2.790492e+003,1.005342e+002
2.790974e+003,1.005498e+002
2.791456e+003,1.005657e+002
2.791938e+003,1.005807e+002
2.792420e+003,1.005938e+002
2.792903e+003,1.006043e+002
2.793385e+003,1.006122e+002
2.793867e+003,1.006175e+002
2.794349e+003,1.006204e+002
2.794831e+003,1.006210e+002
2.795313e+003,1.006193e+002
2.795795e+003,1.006157e+002
2.796277e+003,1.006108e+002
2.796760e+003,1.006055e+002
2.797242e+003,1.006010e+002
2.797724e+003,1.005985e+002
2.798206e+003,1.005987e+002
2.798688e+003,1.006018e+002
2.799170e+003,1.006070e+002
2.799652e+003,1.006133e+002
2.800134e+003,1.006195e+002
2.800616e+003,1.006244e+002
2.801099e+003,1.006277e+002
2.801581e+003,1.006296e+002
2.802063e+003,1.006306e+002
2.802545e+003,1.006316e+002
2.803027e+003,1.006331e+002
2.803509e+003,1.006352e+002
2.803991e+003,1.006375e+002
2.804473e+003,1.006394e+002
2.804956e+003,1.006400e+002
2.805438e+003,1.006385e+002
2.805920e+003,1.006348e+002
2.806402e+003,1.006289e+002
2.806884e+003,1.006219e+002
2.807366e+003,1.006153e+002
2.807848e+003,1.006109e+002
2.808330e+003,1.006105e+002
2.808813e+003,1.006157e+002
2.809294e+003,1.006268e+002
2.809777e+003,1.006430e+002
2.810259e+003,1.006623e+002
2.810741e+003,1.006819e+002
2.811223e+003,1.006988e+002
2.811705e+003,1.007109e+002
2.812187e+003,1.007174e+002
2.812669e+003,1.007188e+002
2.813151e+003,1.007170e+002
2.813634e+003,1.007144e+002
2.814116e+003,1.007131e+002
2.814598e+003,1.007143e+002
2.815080e+003,1.007182e+002
2.815562e+003,1.007240e+002
2.816044e+003,1.007303e+002
2.816526e+003,1.007358e+002
2.817008e+003,1.007397e+002
2.817490e+003,1.007413e+002
2.817973e+003,1.007404e+002
2.818455e+003,1.007371e+002
2.818937e+003,1.007317e+002
2.819419e+003,1.007249e+002
2.819901e+003,1.007180e+002
2.820383e+003,1.007127e+002
2.820865e+003,1.007108e+002
2.821347e+003,1.007138e+002
2.821830e+003,1.007223e+002
2.822312e+003,1.007355e+002
2.822794e+003,1.007515e+002
2.823276e+003,1.007675e+002
2.823758e+003,1.007811e+002
2.824240e+003,1.007902e+002
2.824722e+003,1.007942e+002
2.825204e+003,1.007938e+002
2.825687e+003,1.007902e+002
2.826169e+003,1.007852e+002
2.826651e+003,1.007804e+002
2.827133e+003,1.007771e+002
2.827615e+003,1.007763e+002
2.828097e+003,1.007787e+002
2.828579e+003,1.007846e+002
2.829061e+003,1.007943e+002
2.829543e+003,1.008071e+002
2.830026e+003,1.008219e+002
2.830508e+003,1.008371e+002
2.830990e+003,1.008506e+002
2.831472e+003,1.008612e+002
2.831954e+003,1.008681e+002
2.832436e+003,1.008719e+002
2.832918e+003,1.008736e+002
2.833400e+003,1.008747e+002
2.833883e+003,1.008761e+002
2.834365e+003,1.008778e+002
2.834847e+003,1.008791e+002
2.835329e+003,1.008787e+002
2.835811e+003,1.008759e+002
2.836293e+003,1.008705e+002
2.836775e+003,1.008638e+002
2.837257e+003,1.008576e+002
2.837740e+003,1.008544e+002
2.838221e+003,1.008561e+002
2.838704e+003,1.008640e+002
2.839186e+003,1.008780e+002
2.839668e+003,1.008972e+002
2.840150e+003,1.009197e+002
2.840632e+003,1.009433e+002
2.841114e+003,1.009657e+002
2.841596e+003,1.009851e+002
2.842078e+003,1.009999e+002
2.842561e+003,1.010096e+002
2.843043e+003,1.010144e+002
2.843525e+003,1.010153e+002
2.844007e+003,1.010140e+002
2.844489e+003,1.010121e+002
2.844971e+003,1.010110e+002
2.845453e+003,1.010115e+002
2.845935e+003,1.010134e+002
2.846417e+003,1.010161e+002
2.846900e+003,1.010192e+002
2.847382e+003,1.010223e+002
2.847864e+003,1.010256e+002
2.848346e+003,1.010294e+002
2.848828e+003,1.010340e+002
2.849310e+003,1.010392e+002
2.849792e+003,1.010437e+002
2.850274e+003,1.010461e+002
2.850757e+003,1.010451e+002
2.851239e+003,1.010401e+002
2.851721e+003,1.010320e+002
2.852203e+003,1.010222e+002
2.852685e+003,1.010132e+002
2.853167e+003,1.010064e+002
2.853649e+003,1.010026e+002
2.854131e+003,1.010008e+002
2.854614e+003,1.009987e+002
2.855096e+003,1.009939e+002
2.855578e+003,1.009845e+002
2.856060e+003,1.009696e+002
2.856542e+003,1.009500e+002
2.857024e+003,1.009277e+002
2.857506e+003,1.009057e+002
2.857988e+003,1.008865e+002
2.858470e+003,1.008724e+002
2.858953e+003,1.008647e+002
2.859435e+003,1.008638e+002
2.859917e+003,1.008692e+002
2.860399e+003,1.008796e+002
2.860881e+003,1.008931e+002
2.861363e+003,1.009078e+002
2.861845e+003,1.009219e+002
2.862327e+003,1.009343e+002
2.862810e+003,1.009445e+002
2.863292e+003,1.009532e+002
2.863774e+003,1.009615e+002
2.864256e+003,1.009703e+002
2.864738e+003,1.009801e+002
2.865220e+003,1.009903e+002
2.865702e+003,1.009996e+002
2.866184e+003,1.010060e+002
2.866667e+003,1.010077e+002
2.867148e+003,1.010039e+002
2.867631e+003,1.009946e+002
2.868113e+003,1.009805e+002
2.868595e+003,1.009629e+002
2.869077e+003,1.009429e+002
2.869559e+003,1.009213e+002
2.870041e+003,1.008990e+002
2.870523e+003,1.008768e+002
2.871005e+003,1.008566e+002
2.871488e+003,1.008407e+002
2.871970e+003,1.008319e+002
2.872452e+003,1.008322e+002
2.872934e+003,1.008424e+002
2.873416e+003,1.008611e+002
2.873898e+003,1.008852e+002
2.874380e+003,1.009104e+002
2.874862e+003,1.009325e+002
2.875344e+003,1.009488e+002
2.875827e+003,1.009582e+002
2.876309e+003,1.009621e+002
2.876791e+003,1.009632e+002
2.877273e+003,1.009651e+002
2.877755e+003,1.009705e+002
2.878237e+003,1.009814e+002
2.878719e+003,1.009979e+002
2.879201e+003,1.010190e+002
2.879684e+003,1.010426e+002
2.880166e+003,1.010661e+002
2.880648e+003,1.010870e+002
2.881130e+003,1.011032e+002
2.881612e+003,1.011138e+002
2.882094e+003,1.011189e+002
2.882576e+003,1.011194e+002
2.883058e+003,1.011174e+002
2.883541e+003,1.011151e+002
2.884023e+003,1.011143e+002
2.884505e+003,1.011161e+002
2.884987e+003,1.011204e+002
2.885469e+003,1.011261e+002
2.885951e+003,1.011316e+002
2.886433e+003,1.011357e+002
2.886915e+003,1.011376e+002
2.887397e+003,1.011381e+002
2.887880e+003,1.011384e+002
2.888362e+003,1.011401e+002
2.888844e+003,1.011445e+002
2.889326e+003,1.011519e+002
2.889808e+003,1.011615e+002
2.890290e+003,1.011718e+002
2.890772e+003,1.011812e+002
2.891254e+003,1.011883e+002
2.891737e+003,1.011926e+002
2.892219e+003,1.011943e+002
2.892701e+003,1.011942e+002
2.893183e+003,1.011931e+002
2.893665e+003,1.011917e+002
2.894147e+003,1.011907e+002
2.894629e+003,1.011904e+002
2.895111e+003,1.011912e+002
2.895594e+003,1.011936e+002
2.896075e+003,1.011981e+002
2.896558e+003,1.012052e+002
2.897040e+003,1.012146e+002
2.897522e+003,1.012252e+002
2.898004e+003,1.012352e+002
2.898486e+003,1.012426e+002
2.898968e+003,1.012455e+002
2.899450e+003,1.012430e+002
2.899932e+003,1.012354e+002
2.900415e+003,1.012245e+002
2.900897e+003,1.012128e+002
2.901379e+003,1.012031e+002
2.901861e+003,1.011976e+002
2.902343e+003,1.011973e+002
2.902825e+003,1.012022e+002
2.903307e+003,1.012109e+002
2.903789e+003,1.012218e+002
2.904271e+003,1.012331e+002
2.904754e+003,1.012437e+002
2.905236e+003,1.012529e+002
2.905718e+003,1.012605e+002
2.906200e+003,1.012668e+002
2.906682e+003,1.012719e+002
2.907164e+003,1.012758e+002
2.907646e+003,1.012786e+002
2.908128e+003,1.012801e+002
2.908611e+003,1.012805e+002
2.909093e+003,1.012799e+002
2.909575e+003,1.012786e+002
2.910057e+003,1.012764e+002
2.910539e+003,1.012732e+002
2.911021e+003,1.012689e+002
2.911503e+003,1.012635e+002
2.911985e+003,1.012576e+002
2.912468e+003,1.012523e+002
2.912950e+003,1.012490e+002
2.913432e+003,1.012489e+002
2.913914e+003,1.012524e+002
2.914396e+003,1.012587e+002
2.914878e+003,1.012657e+002
2.915360e+003,1.012708e+002
2.915842e+003,1.012716e+002
2.916324e+003,1.012667e+002
2.916807e+003,1.012566e+002
2.917289e+003,1.012437e+002
2.917771e+003,1.012311e+002
2.918253e+003,1.012220e+002
2.918735e+003,1.012189e+002
2.919217e+003,1.012222e+002
2.919699e+003,1.012309e+002
2.920181e+003,1.012426e+002
2.920664e+003,1.012547e+002
2.921146e+003,1.012651e+002
2.921628e+003,1.012723e+002
2.922110e+003,1.012755e+002
2.922592e+003,1.012747e+002
2.923074e+003,1.012697e+002
2.923556e+003,1.012604e+002
2.924038e+003,1.012467e+002
2.924521e+003,1.012290e+002
2.925002e+003,1.012082e+002
2.925485e+003,1.011859e+002
2.925967e+003,1.011640e+002
2.926449e+003,1.011444e+002
2.926931e+003,1.011284e+002
2.927413e+003,1.011164e+002
2.927895e+003,1.011079e+002
2.928377e+003,1.011019e+002
2.928859e+003,1.010971e+002
2.929342e+003,1.010924e+002
2.929824e+003,1.010874e+002
2.930306e+003,1.010817e+002
2.930788e+003,1.010756e+002
2.931270e+003,1.010690e+002
2.931752e+003,1.010624e+002
2.932234e+003,1.010558e+002
2.932716e+003,1.010497e+002
2.933198e+003,1.010447e+002
2.933681e+003,1.010422e+002
2.934163e+003,1.010421e+002
2.934645e+003,1.010448e+002
2.935127e+003,1.010506e+002
2.935609e+003,1.010593e+002
2.936091e+003,1.010703e+002
2.936573e+003,1.010824e+002
2.937055e+003,1.010940e+002
2.937538e+003,1.011033e+002
2.938020e+003,1.011088e+002
2.938502e+003,1.011092e+002
2.938984e+003,1.011043e+002
2.939466e+003,1.010946e+002
2.939948e+003,1.010818e+002
2.940430e+003,1.010681e+002
2.940912e+003,1.010560e+002
2.941395e+003,1.010476e+002
2.941877e+003,1.010440e+002
2.942359e+003,1.010451e+002
2.942841e+003,1.010498e+002
2.943323e+003,1.010561e+002
2.943805e+003,1.010619e+002
2.944287e+003,1.010654e+002
2.944769e+003,1.010657e+002
2.945251e+003,1.010629e+002
2.945734e+003,1.010576e+002
2.946216e+003,1.010510e+002
2.946698e+003,1.010445e+002
2.947180e+003,1.010392e+002
2.947662e+003,1.010361e+002
2.948144e+003,1.010359e+002
2.948626e+003,1.010392e+002
2.949108e+003,1.010462e+002
2.949591e+003,1.010569e+002
2.950073e+003,1.010710e+002
2.950555e+003,1.010877e+002
2.951037e+003,1.011054e+002
2.951519e+003,1.011226e+002
2.952001e+003,1.011374e+002
2.952483e+003,1.011482e+002
2.952965e+003,1.011540e+002
2.953448e+003,1.011546e+002
2.953929e+003,1.011506e+002
2.954412e+003,1.011436e+002
2.954894e+003,1.011357e+002
2.955376e+003,1.011291e+002
2.955858e+003,1.011254e+002
2.956340e+003,1.011252e+002
2.956822e+003,1.011277e+002
2.957304e+003,1.011310e+002
2.957786e+003,1.011320e+002
2.958269e+003,1.011279e+002
2.958751e+003,1.011162e+002
2.959233e+003,1.010964e+002
2.959715e+003,1.010690e+002
2.960197e+003,1.010366e+002
2.960679e+003,1.010027e+002
2.961161e+003,1.009707e+002
2.961643e+003,1.009437e+002
2.962125e+003,1.009235e+002
2.962608e+003,1.009102e+002
2.963090e+003,1.009031e+002
2.963572e+003,1.009003e+002
2.964054e+003,1.008994e+002
2.964536e+003,1.008981e+002
2.965018e+003,1.008941e+002
2.965500e+003,1.008856e+002
2.965982e+003,1.008712e+002
2.966465e+003,1.008503e+002
2.966947e+003,1.008232e+002
2.967429e+003,1.007913e+002
2.967911e+003,1.007564e+002
2.968393e+003,1.007212e+002
2.968875e+003,1.006883e+002
2.969357e+003,1.006597e+002
2.969839e+003,1.006366e+002
2.970322e+003,1.006193e+002
2.970804e+003,1.006069e+002
2.971286e+003,1.005978e+002
2.971768e+003,1.005900e+002
2.972250e+003,1.005822e+002
2.972732e+003,1.005732e+002
2.973214e+003,1.005630e+002
2.973696e+003,1.005524e+002
2.974178e+003,1.005428e+002
2.974661e+003,1.005358e+002
2.975143e+003,1.005332e+002
2.975625e+003,1.005357e+002
2.976107e+003,1.005432e+002
2.976589e+003,1.005545e+002
2.977071e+003,1.005674e+002
2.977553e+003,1.005792e+002
2.978035e+003,1.005871e+002
2.978518e+003,1.005893e+002
2.979000e+003,1.005853e+002
2.979482e+003,1.005764e+002
2.979964e+003,1.005653e+002
2.980446e+003,1.005557e+002
2.980928e+003,1.005515e+002
2.981410e+003,1.005558e+002
2.981892e+003,1.005700e+002
2.982375e+003,1.005934e+002
2.982856e+003,1.006235e+002
2.983339e+003,1.006565e+002
2.983821e+003,1.006883e+002
2.984303e+003,1.007157e+002
2.984785e+003,1.007369e+002
2.985267e+003,1.007521e+002
2.985749e+003,1.007627e+002
2.986231e+003,1.007710e+002
2.986713e+003,1.007789e+002
2.987196e+003,1.007872e+002
2.987678e+003,1.007958e+002
2.988160e+003,1.008033e+002
2.988642e+003,1.008083e+002
2.989124e+003,1.008099e+002
2.989606e+003,1.008085e+002
2.990088e+003,1.008058e+002
2.990570e+003,1.008042e+002
2.991052e+003,1.008064e+002
2.991535e+003,1.008141e+002
2.992017e+003,1.008276e+002
2.992499e+003,1.008456e+002
2.992981e+003,1.008660e+002
2.993463e+003,1.008865e+002
2.993945e+003,1.009049e+002
2.994427e+003,1.009207e+002
2.994909e+003,1.009342e+002
2.995392e+003,1.009465e+002
2.995874e+003,1.009592e+002
2.996356e+003,1.009735e+002
2.996838e+003,1.009898e+002
2.997320e+003,1.010076e+002
2.997802e+003,1.010258e+002
2.998284e+003,1.010426e+002
2.998766e+003,1.010559e+002
2.999249e+003,1.010643e+002
2.999731e+003,1.010668e+002
3.000213e+003,1.010638e+002
3.000695e+003,1.010567e+002
3.001177e+003,1.010479e+002
3.001659e+003,1.010401e+002
3.002141e+003,1.010361e+002
3.002623e+003,1.010375e+002
3.003105e+003,1.010444e+002
3.003588e+003,1.010556e+002
3.004070e+003,1.010684e+002
3.004552e+003,1.010800e+002
3.005034e+003,1.010880e+002
3.005516e+003,1.010911e+002
3.005998e+003,1.010893e+002
3.006480e+003,1.010837e+002
3.006962e+003,1.010757e+002
3.007445e+003,1.010669e+002
3.007927e+003,1.010582e+002
3.008409e+003,1.010505e+002
3.008891e+003,1.010442e+002
3.009373e+003,1.010399e+002
3.009855e+003,1.010387e+002
3.010337e+003,1.010417e+002
3.010819e+003,1.010499e+002
3.011302e+003,1.010638e+002
3.011783e+003,1.010828e+002
3.012266e+003,1.011055e+002
3.012748e+003,1.011298e+002
3.013230e+003,1.011537e+002
3.013712e+003,1.011752e+002
3.014194e+003,1.011928e+002
3.014676e+003,1.012060e+002
3.015158e+003,1.012145e+002
3.015640e+003,1.012184e+002
3.016123e+003,1.012186e+002
3.016605e+003,1.012162e+002
3.017087e+003,1.012126e+002
3.017569e+003,1.012099e+002
3.018051e+003,1.012100e+002
3.018533e+003,1.012147e+002
3.019015e+003,1.012245e+002
3.019497e+003,1.012392e+002
3.019979e+003,1.012568e+002
3.020462e+003,1.012746e+002
3.020944e+003,1.012898e+002
3.021426e+003,1.012996e+002
3.021908e+003,1.013027e+002
3.022390e+003,1.012990e+002
3.022872e+003,1.012899e+002
3.023354e+003,1.012783e+002
3.023836e+003,1.012671e+002
3.024319e+003,1.012593e+002
3.024801e+003,1.012567e+002
3.025283e+003,1.012596e+002
3.025765e+003,1.012668e+002
3.026247e+003,1.012756e+002
3.026729e+003,1.012830e+002
3.027211e+003,1.012865e+002
3.027693e+003,1.012850e+002
3.028176e+003,1.012791e+002
3.028658e+003,1.012713e+002
3.029140e+003,1.012645e+002
3.029622e+003,1.012612e+002
3.030104e+003,1.012625e+002
3.030586e+003,1.012674e+002
3.031068e+003,1.012731e+002
3.031550e+003,1.012762e+002
3.032032e+003,1.012741e+002
3.032515e+003,1.012657e+002
3.032997e+003,1.012526e+002
3.033479e+003,1.012381e+002
3.033961e+003,1.012262e+002
3.034443e+003,1.012206e+002
3.034925e+003,1.012230e+002
3.035407e+003,1.012336e+002
3.035889e+003,1.012503e+002
3.036372e+003,1.012701e+002
3.036854e+003,1.012897e+002
3.037336e+003,1.013061e+002
3.037818e+003,1.013166e+002
3.038300e+003,1.013196e+002
3.038782e+003,1.013140e+002
3.039264e+003,1.012996e+002
3.039746e+003,1.012776e+002
3.040229e+003,1.012507e+002
3.040711e+003,1.012227e+002
3.041193e+003,1.011981e+002
3.041675e+003,1.011808e+002
3.042157e+003,1.011735e+002
3.042639e+003,1.011766e+002
3.043121e+003,1.011886e+002
3.043603e+003,1.012067e+002
3.044085e+003,1.012283e+002
3.044568e+003,1.012517e+002
3.045050e+003,1.012763e+002
3.045532e+003,1.013025e+002
3.046014e+003,1.013304e+002
3.046496e+003,1.013591e+002
3.046978e+003,1.013857e+002
3.047460e+003,1.014066e+002
3.047942e+003,1.014178e+002
3.048425e+003,1.014171e+002
3.048906e+003,1.014051e+002
3.049389e+003,1.013852e+002
3.049871e+003,1.013629e+002
3.050353e+003,1.013440e+002
3.050835e+003,1.013331e+002
3.051317e+003,1.013323e+002
3.051799e+003,1.013407e+002
3.052281e+003,1.013555e+002
3.052763e+003,1.013728e+002
3.053246e+003,1.013893e+002
3.053728e+003,1.014022e+002
3.054210e+003,1.014108e+002
3.054692e+003,1.014153e+002
3.055174e+003,1.014170e+002
3.055656e+003,1.014177e+002
3.056138e+003,1.014194e+002
3.056620e+003,1.014242e+002
3.057103e+003,1.014339e+002
3.057585e+003,1.014494e+002
3.058067e+003,1.014703e+002
3.058549e+003,1.014950e+002
3.059031e+003,1.015205e+002
3.059513e+003,1.015433e+002
3.059995e+003,1.015603e+002
3.060477e+003,1.015699e+002
3.060959e+003,1.015721e+002
3.061442e+003,1.015690e+002
3.061924e+003,1.015636e+002
3.062406e+003,1.015586e+002
3.062888e+003,1.015562e+002
3.063370e+003,1.015565e+002
3.063852e+003,1.015591e+002
3.064334e+003,1.015624e+002
3.064816e+003,1.015656e+002
3.065299e+003,1.015683e+002
3.065781e+003,1.015711e+002
3.066263e+003,1.015750e+002
3.066745e+003,1.015806e+002
3.067227e+003,1.015880e+002
3.067709e+003,1.015965e+002
3.068191e+003,1.016052e+002
3.068673e+003,1.016134e+002
3.069156e+003,1.016210e+002
3.069638e+003,1.016290e+002
3.070120e+003,1.016385e+002
3.070602e+003,1.016508e+002
3.071084e+003,1.016661e+002
3.071566e+003,1.016839e+002
3.072048e+003,1.017024e+002
3.072530e+003,1.017193e+002
3.073012e+003,1.017323e+002
3.073495e+003,1.017392e+002
3.073977e+003,1.017388e+002
3.074459e+003,1.017306e+002
3.074941e+003,1.017147e+002
3.075423e+003,1.016924e+002
3.075905e+003,1.016656e+002
3.076387e+003,1.016367e+002
3.076869e+003,1.016088e+002
3.077352e+003,1.015848e+002
3.077833e+003,1.015671e+002
3.078316e+003,1.015566e+002
3.078798e+003,1.015533e+002
3.079280e+003,1.015558e+002
3.079762e+003,1.015623e+002
3.080244e+003,1.015713e+002
3.080726e+003,1.015819e+002
3.081208e+003,1.015944e+002
3.081690e+003,1.016094e+002
3.082173e+003,1.016274e+002
3.082655e+003,1.016481e+002
3.083137e+003,1.016700e+002
3.083619e+003,1.016906e+002
3.084101e+003,1.017075e+002
3.084583e+003,1.017188e+002
3.085065e+003,1.017242e+002
3.085547e+003,1.017249e+002
3.086030e+003,1.017235e+002
3.086512e+003,1.017232e+002
3.086994e+003,1.017268e+002
3.087476e+003,1.017361e+002
3.087958e+003,1.017516e+002
3.088440e+003,1.017727e+002
3.088922e+003,1.017981e+002
3.089404e+003,1.018256e+002
3.089886e+003,1.018532e+002
3.090369e+003,1.018785e+002
3.090851e+003,1.018995e+002
3.091333e+003,1.019147e+002
3.091815e+003,1.019233e+002
3.092297e+003,1.019261e+002
3.092779e+003,1.019250e+002
3.093261e+003,1.019229e+002
3.093743e+003,1.019227e+002
3.094226e+003,1.019267e+002
3.094708e+003,1.019353e+002
3.095190e+003,1.019475e+002
3.095672e+003,1.019607e+002
3.096154e+003,1.019716e+002
3.096636e+003,1.019781e+002
3.097118e+003,1.019792e+002
3.097600e+003,1.019757e+002
3.098083e+003,1.019696e+002
3.098565e+003,1.019630e+002
3.099047e+003,1.019576e+002
3.099529e+003,1.019539e+002
3.100011e+003,1.019510e+002
3.100493e+003,1.019474e+002
3.100975e+003,1.019418e+002
3.101457e+003,1.019338e+002
3.101939e+003,1.019240e+002
3.102422e+003,1.019143e+002
3.102904e+003,1.019072e+002
3.103386e+003,1.019050e+002
3.103868e+003,1.019090e+002
3.104350e+003,1.019193e+002
3.104832e+003,1.019342e+002
3.105314e+003,1.019511e+002
3.105796e+003,1.019667e+002
3.106279e+003,1.019779e+002
3.106760e+003,1.019824e+002
3.107243e+003,1.019793e+002
3.107725e+003,1.019693e+002
3.108207e+003,1.019547e+002
3.108689e+003,1.019380e+002
3.109171e+003,1.019222e+002
3.109653e+003,1.019092e+002
3.110135e+003,1.018999e+002
3.110617e+003,1.018939e+002
3.111100e+003,1.018903e+002
3.111582e+003,1.018880e+002
3.112064e+003,1.018862e+002
3.112546e+003,1.018848e+002
3.113028e+003,1.018839e+002
3.113510e+003,1.018838e+002
3.113992e+003,1.018839e+002
3.114474e+003,1.018834e+002
3.114957e+003,1.018811e+002
3.115439e+003,1.018763e+002
3.115921e+003,1.018690e+002
3.116403e+003,1.018607e+002
3.116885e+003,1.018533e+002
3.117367e+003,1.018490e+002
3.117849e+003,1.018490e+002
3.118331e+003,1.018531e+002
3.118813e+003,1.018602e+002
3.119296e+003,1.018683e+002
3.119778e+003,1.018760e+002
3.120260e+003,1.018830e+002
3.120742e+003,1.018902e+002
3.121224e+003,1.018991e+002
3.121706e+003,1.019111e+002
3.122188e+003,1.019263e+002
3.122670e+003,1.019431e+002
3.123153e+003,1.019594e+002
3.123635e+003,1.019728e+002
3.124117e+003,1.019822e+002
3.124599e+003,1.019884e+002
3.125081e+003,1.019935e+002
3.125563e+003,1.020001e+002
3.126045e+003,1.020097e+002
3.126527e+003,1.020218e+002
3.127010e+003,1.020336e+002
3.127492e+003,1.020413e+002
3.127974e+003,1.020412e+002
3.128456e+003,1.020315e+002
3.128938e+003,1.020134e+002
3.129420e+003,1.019908e+002
3.129902e+003,1.019697e+002
3.130384e+003,1.019557e+002
3.130866e+003,1.019535e+002
3.131349e+003,1.019647e+002
3.131831e+003,1.019882e+002
3.132313e+003,1.020205e+002
3.132795e+003,1.020565e+002
3.133277e+003,1.020909e+002
3.133759e+003,1.021191e+002
3.134241e+003,1.021378e+002
3.134723e+003,1.021454e+002
3.135206e+003,1.021422e+002
3.135688e+003,1.021302e+002
3.136170e+003,1.021126e+002
3.136652e+003,1.020936e+002
3.137134e+003,1.020768e+002
3.137616e+003,1.020653e+002
3.138098e+003,1.020604e+002
3.138580e+003,1.020618e+002
3.139063e+003,1.020680e+002
3.139544e+003,1.020769e+002
3.140027e+003,1.020867e+002
3.140509e+003,1.020964e+002
3.140991e+003,1.021062e+002
3.141473e+003,1.021172e+002
3.141955e+003,1.021305e+002
3.142437e+003,1.021470e+002
3.142919e+003,1.021667e+002
3.143401e+003,1.021890e+002
3.143884e+003,1.022126e+002
3.144366e+003,1.022361e+002
3.144848e+003,1.022580e+002
3.145330e+003,1.022769e+002
3.145812e+003,1.022917e+002
3.146294e+003,1.023015e+002
3.146776e+003,1.023055e+002
3.147258e+003,1.023042e+002
3.147740e+003,1.022983e+002
3.148223e+003,1.022898e+002
3.148705e+003,1.022810e+002
3.149187e+003,1.022746e+002
3.149669e+003,1.022726e+002
3.150151e+003,1.022761e+002
3.150633e+003,1.022852e+002
3.151115e+003,1.022993e+002
3.151597e+003,1.023172e+002
3.152080e+003,1.023378e+002
3.152562e+003,1.023598e+002
3.153044e+003,1.023825e+002
3.153526e+003,1.024047e+002
3.154008e+003,1.024253e+002
3.154490e+003,1.024428e+002
3.154972e+003,1.024558e+002
3.155454e+003,1.024629e+002
3.155937e+003,1.024641e+002
3.156419e+003,1.024599e+002
3.156901e+003,1.024524e+002
3.157383e+003,1.024446e+002
3.157865e+003,1.024399e+002
3.158347e+003,1.024412e+002
3.158829e+003,1.024506e+002
3.159311e+003,1.024680e+002
3.159793e+003,1.024916e+002
3.160276e+003,1.025176e+002
3.160758e+003,1.025411e+002
3.161240e+003,1.025572e+002
3.161722e+003,1.025623e+002
3.162204e+003,1.025556e+002
3.162686e+003,1.025391e+002
3.163168e+003,1.025173e+002
3.163650e+003,1.024965e+002
3.164133e+003,1.024825e+002
3.164615e+003,1.024795e+002
3.165097e+003,1.024889e+002
3.165579e+003,1.025091e+002
3.166061e+003,1.025362e+002
3.166543e+003,1.025651e+002
3.167025e+003,1.025911e+002
3.167507e+003,1.026104e+002
3.167990e+003,1.026208e+002
3.168471e+003,1.026213e+002
3.168954e+003,1.026124e+002
3.169436e+003,1.025954e+002
3.169918e+003,1.025733e+002
3.170400e+003,1.025497e+002
3.170882e+003,1.025291e+002
3.171364e+003,1.025160e+002
3.171846e+003,1.025137e+002
3.172328e+003,1.025232e+002
3.172811e+003,1.025427e+002
3.173293e+003,1.025682e+002
3.173775e+003,1.025943e+002
3.174257e+003,1.026168e+002
3.174739e+003,1.026335e+002
3.175221e+003,1.026452e+002
3.175703e+003,1.026553e+002
3.176185e+003,1.026675e+002
3.176667e+003,1.026849e+002
3.177150e+003,1.027075e+002
3.177632e+003,1.027327e+002
3.178114e+003,1.027560e+002
3.178596e+003,1.027729e+002
3.179078e+003,1.027804e+002
3.179560e+003,1.027788e+002
3.180042e+003,1.027706e+002
3.180524e+003,1.027603e+002
3.181007e+003,1.027521e+002
3.181489e+003,1.027492e+002
3.181971e+003,1.027529e+002
3.182453e+003,1.027627e+002
3.182935e+003,1.027771e+002
3.183417e+003,1.027946e+002
3.183899e+003,1.028136e+002
3.184381e+003,1.028327e+002
3.184864e+003,1.028507e+002
3.185346e+003,1.028663e+002
3.185828e+003,1.028782e+002
3.186310e+003,1.028862e+002
3.186792e+003,1.028910e+002
3.187274e+003,1.028945e+002
3.187756e+003,1.028995e+002
3.188238e+003,1.029087e+002
3.188720e+003,1.029238e+002
3.189203e+003,1.029446e+002
3.189685e+003,1.029690e+002
3.190167e+003,1.029934e+002
3.190649e+003,1.030138e+002
3.191131e+003,1.030266e+002
3.191613e+003,1.030296e+002
3.192095e+003,1.030219e+002
3.192577e+003,1.030043e+002
3.193060e+003,1.029791e+002
3.193542e+003,1.029496e+002
3.194024e+003,1.029200e+002
3.194506e+003,1.028948e+002
3.194988e+003,1.028783e+002
3.195470e+003,1.028737e+002
3.195952e+003,1.028821e+002
3.196434e+003,1.029023e+002
3.196917e+003,1.029308e+002
3.197398e+003,1.029630e+002
3.197881e+003,1.029941e+002
3.198363e+003,1.030209e+002
3.198845e+003,1.030421e+002
3.199327e+003,1.030583e+002
3.199809e+003,1.030708e+002
3.200291e+003,1.030807e+002
3.200773e+003,1.030884e+002
3.201255e+003,1.030932e+002
3.201738e+003,1.030943e+002
3.202220e+003,1.030917e+002
3.202702e+003,1.030866e+002
3.203184e+003,1.030817e+002
3.203666e+003,1.030793e+002
3.204148e+003,1.030811e+002
3.204630e+003,1.030863e+002
3.205112e+003,1.030926e+002
3.205594e+003,1.030967e+002
3.206077e+003,1.030965e+002
3.206559e+003,1.030920e+002
3.207041e+003,1.030862e+002
3.207523e+003,1.030839e+002
3.208005e+003,1.030895e+002
3.208487e+003,1.031052e+002
3.208969e+003,1.031296e+002
3.209451e+003,1.031577e+002
3.209934e+003,1.031827e+002
3.210416e+003,1.031988e+002
3.210898e+003,1.032030e+002
3.211380e+003,1.031965e+002
3.211862e+003,1.031840e+002
3.212344e+003,1.031719e+002
3.212826e+003,1.031657e+002
3.213308e+003,1.031683e+002
3.213791e+003,1.031787e+002
3.214273e+003,1.031933e+002
3.214755e+003,1.032070e+002
3.215237e+003,1.032155e+002
3.215719e+003,1.032163e+002
3.216201e+003,1.032093e+002
3.216683e+003,1.031965e+002
3.217165e+003,1.031814e+002
3.217647e+003,1.031672e+002
3.218130e+003,1.031567e+002
3.218612e+003,1.031516e+002
3.219094e+003,1.031525e+002
3.219576e+003,1.031585e+002
3.220058e+003,1.031680e+002
3.220540e+003,1.031787e+002
3.221022e+003,1.031886e+002
3.221504e+003,1.031957e+002
3.221987e+003,1.031998e+002
3.222469e+003,1.032017e+002
3.222951e+003,1.032035e+002
3.223433e+003,1.032078e+002
3.223915e+003,1.032172e+002
3.224397e+003,1.032327e+002
3.224879e+003,1.032538e+002
3.225361e+003,1.032787e+002
3.225844e+003,1.033047e+002
3.226325e+003,1.033291e+002
3.226808e+003,1.033498e+002
3.227290e+003,1.033657e+002
3.227772e+003,1.033768e+002
3.228254e+003,1.033832e+002
3.228736e+003,1.033856e+002
3.229218e+003,1.033848e+002
3.229700e+003,1.033817e+002
3.230182e+003,1.033776e+002
3.230665e+003,1.033742e+002
3.231147e+003,1.033730e+002
3.231629e+003,1.033749e+002
3.232111e+003,1.033799e+002
3.232593e+003,1.033870e+002
3.233075e+003,1.033946e+002
3.233557e+003,1.034013e+002
3.234039e+003,1.034063e+002
3.234521e+003,1.034103e+002
3.235004e+003,1.034143e+002
3.235486e+003,1.034198e+002
3.235968e+003,1.034272e+002
3.236450e+003,1.034357e+002
3.236932e+003,1.034436e+002
3.237414e+003,1.034490e+002
3.237896e+003,1.034510e+002
3.238378e+003,1.034501e+002
3.238861e+003,1.034484e+002
3.239343e+003,1.034485e+002
3.239825e+003,1.034523e+002
3.240307e+003,1.034601e+002
3.240789e+003,1.034701e+002
3.241271e+003,1.034796e+002
3.241753e+003,1.034860e+002
3.242235e+003,1.034882e+002
3.242718e+003,1.034873e+002
3.243200e+003,1.034859e+002
3.243682e+003,1.034876e+002
3.244164e+003,1.034947e+002
3.244646e+003,1.035075e+002
3.245128e+003,1.035242e+002
3.245610e+003,1.035413e+002
3.246092e+003,1.035557e+002
3.246574e+003,1.035652e+002
3.247057e+003,1.035696e+002
3.247539e+003,1.035699e+002
3.248021e+003,1.035672e+002
3.248503e+003,1.035620e+002
3.248985e+003,1.035540e+002
3.249467e+003,1.035419e+002
3.249949e+003,1.035247e+002
3.250431e+003,1.035030e+002
3.250914e+003,1.034793e+002
3.251396e+003,1.034579e+002
3.251878e+003,1.034435e+002
3.252360e+003,1.034397e+002
3.252842e+003,1.034481e+002
3.253324e+003,1.034673e+002
3.253806e+003,1.034932e+002
3.254288e+003,1.035204e+002
3.254771e+003,1.035433e+002
3.255252e+003,1.035577e+002
3.255735e+003,1.035609e+002
3.256217e+003,1.035530e+002
3.256699e+003,1.035358e+002
3.257181e+003,1.035130e+002
3.257663e+003,1.034893e+002
3.258145e+003,1.034701e+002
3.258627e+003,1.034597e+002
3.259109e+003,1.034611e+002
3.259592e+003,1.034750e+002
3.260074e+003,1.034993e+002
3.260556e+003,1.035300e+002
3.261038e+003,1.035619e+002
3.261520e+003,1.035904e+002
3.262002e+003,1.036125e+002
3.262484e+003,1.036273e+002
3.262966e+003,1.036357e+002
3.263448e+003,1.036396e+002
3.263931e+003,1.036404e+002
3.264413e+003,1.036383e+002
3.264895e+003,1.036322e+002
3.265377e+003,1.036205e+002
3.265859e+003,1.036020e+002
3.266341e+003,1.035775e+002
3.266823e+003,1.035496e+002
3.267305e+003,1.035225e+002
3.267788e+003,1.035008e+002
3.268270e+003,1.034876e+002
3.268752e+003,1.034842e+002
3.269234e+003,1.034893e+002
3.269716e+003,1.034996e+002
3.270198e+003,1.035112e+002
3.270680e+003,1.035205e+002
3.271162e+003,1.035250e+002
3.271645e+003,1.035244e+002
3.272127e+003,1.035196e+002
3.272609e+003,1.035127e+002
3.273091e+003,1.035060e+002
3.273573e+003,1.035017e+002
3.274055e+003,1.035008e+002
3.274537e+003,1.035037e+002
3.275019e+003,1.035097e+002
3.275501e+003,1.035175e+002
3.275984e+003,1.035255e+002
3.276466e+003,1.035327e+002
3.276948e+003,1.035385e+002
3.277430e+003,1.035429e+002
3.277912e+003,1.035466e+002
3.278394e+003,1.035497e+002
3.278876e+003,1.035523e+002
3.279358e+003,1.035534e+002
3.279841e+003,1.035519e+002
3.280323e+003,1.035470e+002
3.280805e+003,1.035392e+002
3.281287e+003,1.035300e+002
3.281769e+003,1.035225e+002
3.282251e+003,1.035196e+002
3.282733e+003,1.035237e+002
3.283215e+003,1.035345e+002
3.283698e+003,1.035502e+002
3.284179e+003,1.035669e+002
3.284662e+003,1.035808e+002
3.285144e+003,1.035892e+002
3.285626e+003,1.035919e+002
3.286108e+003,1.035905e+002
3.286590e+003,1.035882e+002
3.287072e+003,1.035879e+002
3.287554e+003,1.035910e+002
3.288036e+003,1.035975e+002
3.288519e+003,1.036058e+002
3.289001e+003,1.036142e+002
3.289483e+003,1.036213e+002
3.289965e+003,1.036269e+002
3.290447e+003,1.036318e+002
3.290929e+003,1.036362e+002
3.291411e+003,1.036397e+002
3.291893e+003,1.036407e+002
3.292375e+003,1.036366e+002
3.292858e+003,1.036258e+002
3.293340e+003,1.036080e+002
3.293822e+003,1.035853e+002
3.294304e+003,1.035614e+002
3.294786e+003,1.035409e+002
3.295268e+003,1.035277e+002
3.295750e+003,1.035237e+002
3.296232e+003,1.035284e+002
3.296715e+003,1.035400e+002
3.297197e+003,1.035555e+002
3.297679e+003,1.035724e+002
3.298161e+003,1.035891e+002
3.298643e+003,1.036046e+002
3.299125e+003,1.036182e+002
3.299607e+003,1.036293e+002
3.300089e+003,1.036374e+002
3.300572e+003,1.036417e+002
3.301054e+003,1.036425e+002
3.301536e+003,1.036406e+002
3.302018e+003,1.036375e+002
3.302500e+003,1.036348e+002
3.302982e+003,1.036331e+002
3.303464e+003,1.036321e+002
3.303946e+003,1.036304e+002
3.304428e+003,1.036264e+002
3.304911e+003,1.036195e+002
3.305393e+003,1.036109e+002
3.305875e+003,1.036032e+002
3.306357e+003,1.036000e+002
3.306839e+003,1.036042e+002
3.307321e+003,1.036168e+002
3.307803e+003,1.036366e+002
3.308285e+003,1.036601e+002
3.308768e+003,1.036829e+002
3.309250e+003,1.037015e+002
3.309732e+003,1.037139e+002
3.310214e+003,1.037202e+002
3.310696e+003,1.037223e+002
3.311178e+003,1.037224e+002
3.311660e+003,1.037221e+002
3.312142e+003,1.037219e+002
3.312625e+003,1.037209e+002
3.313106e+003,1.037177e+002
3.313589e+003,1.037113e+002
3.314071e+003,1.037016e+002
3.314553e+003,1.036896e+002
3.315035e+003,1.036776e+002
3.315517e+003,1.036688e+002
3.315999e+003,1.036659e+002
3.316481e+003,1.036715e+002
3.316963e+003,1.036861e+002
3.317446e+003,1.037092e+002
3.317928e+003,1.037379e+002
3.318410e+003,1.037679e+002
3.318892e+003,1.037940e+002
3.319374e+003,1.038112e+002
3.319856e+003,1.038158e+002
3.320338e+003,1.038069e+002
3.320820e+003,1.037862e+002
3.321302e+003,1.037583e+002
3.321785e+003,1.037290e+002
3.322267e+003,1.037039e+002
3.322749e+003,1.036872e+002
3.323231e+003,1.036805e+002
3.323713e+003,1.036827e+002
3.324195e+003,1.036910e+002
3.324677e+003,1.037018e+002
3.325159e+003,1.037118e+002
3.325642e+003,1.037189e+002
3.326124e+003,1.037227e+002
3.326606e+003,1.037240e+002
3.327088e+003,1.037247e+002
3.327570e+003,1.037268e+002
3.328052e+003,1.037319e+002
3.328534e+003,1.037410e+002
3.329016e+003,1.037540e+002
3.329499e+003,1.037696e+002
3.329981e+003,1.037858e+002
3.330463e+003,1.037997e+002
3.330945e+003,1.038087e+002
3.331427e+003,1.038112e+002
3.331909e+003,1.038065e+002
3.332391e+003,1.037960e+002
3.332873e+003,1.037822e+002
3.333355e+003,1.037682e+002
3.333838e+003,1.037570e+002
3.334320e+003,1.037504e+002
3.334802e+003,1.037493e+002
3.335284e+003,1.037533e+002
3.335766e+003,1.037614e+002
3.336248e+003,1.037725e+002
3.336730e+003,1.037858e+002
3.337212e+003,1.038008e+002
3.337695e+003,1.038172e+002
3.338177e+003,1.038349e+002
3.338659e+003,1.038534e+002
3.339141e+003,1.038724e+002
3.339623e+003,1.038916e+002
3.340105e+003,1.039105e+002
3.340587e+003,1.039287e+002
3.341069e+003,1.039454e+002
3.341552e+003,1.039589e+002
3.342033e+003,1.039675e+002
3.342516e+003,1.039695e+002
3.342998e+003,1.039638e+002
3.343480e+003,1.039509e+002
3.343962e+003,1.039332e+002
3.344444e+003,1.039143e+002
3.344926e+003,1.038984e+002
3.345408e+003,1.038890e+002
3.345890e+003,1.038875e+002
3.346373e+003,1.038933e+002
3.346855e+003,1.039036e+002
3.347337e+003,1.039149e+002
3.347819e+003,1.039239e+002
3.348301e+003,1.039295e+002
3.348783e+003,1.039324e+002
3.349265e+003,1.039352e+002
3.349747e+003,1.039413e+002
3.350229e+003,1.039535e+002
3.350712e+003,1.039728e+002
3.351194e+003,1.039983e+002
3.351676e+003,1.040270e+002
3.352158e+003,1.040548e+002
3.352640e+003,1.040778e+002
3.353122e+003,1.040931e+002
3.353604e+003,1.041000e+002
3.354086e+003,1.040999e+002
3.354569e+003,1.040955e+002
3.355051e+003,1.040901e+002
3.355533e+003,1.040862e+002
3.356015e+003,1.040843e+002
3.356497e+003,1.040835e+002
3.356979e+003,1.040810e+002
3.357461e+003,1.040744e+002
3.357943e+003,1.040621e+002
3.358426e+003,1.040455e+002
3.358908e+003,1.040280e+002
3.359390e+003,1.040150e+002
3.359872e+003,1.040117e+002
3.360354e+003,1.040216e+002
3.360836e+003,1.040449e+002
3.361318e+003,1.040779e+002
3.361800e+003,1.041146e+002
3.362282e+003,1.041479e+002
3.362765e+003,1.041717e+002
3.363247e+003,1.041828e+002
3.363729e+003,1.041810e+002
3.364211e+003,1.041686e+002
3.364693e+003,1.041496e+002
3.365175e+003,1.041278e+002
3.365657e+003,1.041063e+002
3.366139e+003,1.040867e+002
3.366622e+003,1.040699e+002
3.367104e+003,1.040559e+002
3.367586e+003,1.040445e+002
3.368068e+003,1.040358e+002
3.368550e+003,1.040296e+002
3.369032e+003,1.040256e+002
3.369514e+003,1.040234e+002
3.369996e+003,1.040226e+002
3.370479e+003,1.040230e+002
3.370961e+003,1.040245e+002
3.371443e+003,1.040278e+002
3.371925e+003,1.040332e+002
3.372407e+003,1.040412e+002
3.372889e+003,1.040514e+002
3.373371e+003,1.040633e+002
3.373853e+003,1.040756e+002
3.374335e+003,1.040872e+002
3.374818e+003,1.040970e+002
3.375300e+003,1.041041e+002
3.375782e+003,1.041084e+002
3.376264e+003,1.041102e+002
3.376746e+003,1.041101e+002
3.377228e+003,1.041096e+002
3.377710e+003,1.041102e+002
3.378192e+003,1.041133e+002
3.378675e+003,1.041196e+002
3.379156e+003,1.041284e+002
3.379639e+003,1.041377e+002
3.380121e+003,1.041445e+002
3.380603e+003,1.041458e+002
3.381085e+003,1.041401e+002
3.381567e+003,1.041278e+002
3.382049e+003,1.041121e+002
3.382531e+003,1.040975e+002
3.383013e+003,1.040885e+002
3.383496e+003,1.040882e+002
3.383978e+003,1.040965e+002
3.384460e+003,1.041111e+002
3.384942e+003,1.041277e+002
3.385424e+003,1.041423e+002
3.385906e+003,1.041522e+002
3.386388e+003,1.041565e+002
3.386870e+003,1.041557e+002
3.387353e+003,1.041506e+002
3.387835e+003,1.041408e+002
3.388317e+003,1.041254e+002
3.388799e+003,1.041028e+002
3.389281e+003,1.040731e+002
3.389763e+003,1.040383e+002
3.390245e+003,1.040032e+002
3.390727e+003,1.039742e+002
3.391209e+003,1.039570e+002
3.391692e+003,1.039550e+002
3.392174e+003,1.039675e+002
3.392656e+003,1.039905e+002
3.393138e+003,1.040184e+002
3.393620e+003,1.040457e+002
3.394102e+003,1.040695e+002
3.394584e+003,1.040893e+002
3.395066e+003,1.041060e+002
3.395549e+003,1.041207e+002
3.396031e+003,1.041327e+002
3.396513e+003,1.041390e+002
3.396995e+003,1.041360e+002
3.397477e+003,1.041206e+002
3.397959e+003,1.040922e+002
3.398441e+003,1.040536e+002
3.398923e+003,1.040104e+002
3.399406e+003,1.039694e+002
3.399888e+003,1.039363e+002
3.400370e+003,1.039148e+002
3.400852e+003,1.039060e+002
3.401334e+003,1.039089e+002
3.401816e+003,1.039211e+002
3.402298e+003,1.039399e+002
3.402780e+003,1.039623e+002
3.403262e+003,1.039854e+002
3.403745e+003,1.040054e+002
3.404227e+003,1.040187e+002
3.404709e+003,1.040224e+002
3.405191e+003,1.040156e+002
3.405673e+003,1.040005e+002
3.406155e+003,1.039817e+002
3.406637e+003,1.039656e+002
3.407119e+003,1.039581e+002
3.407602e+003,1.039625e+002
3.408083e+003,1.039783e+002
3.408566e+003,1.040015e+002
3.409048e+003,1.040262e+002
3.409530e+003,1.040465e+002
3.410012e+003,1.040588e+002
3.410494e+003,1.040636e+002
3.410976e+003,1.040610e+002
3.411458e+003,1.040551e+002
3.411940e+003,1.040509e+002
3.412423e+003,1.040517e+002
3.412905e+003,1.040581e+002
3.413387e+003,1.040683e+002
3.413869e+003,1.040786e+002
3.414351e+003,1.040850e+002
3.414833e+003,1.040846e+002
3.415315e+003,1.040757e+002
3.415797e+003,1.040582e+002
3.416280e+003,1.040327e+002
3.416762e+003,1.040001e+002
3.417244e+003,1.039616e+002
3.417726e+003,1.039189e+002
3.418208e+003,1.038750e+002
3.418690e+003,1.038338e+002
3.419172e+003,1.038001e+002
3.419654e+003,1.037779e+002
3.420136e+003,1.037699e+002
3.420619e+003,1.037754e+002
3.421101e+003,1.037907e+002
3.421583e+003,1.038101e+002
3.422065e+003,1.038270e+002
3.422547e+003,1.038362e+002
3.423029e+003,1.038345e+002
3.423511e+003,1.038212e+002
3.423993e+003,1.037976e+002
3.424476e+003,1.037656e+002
3.424958e+003,1.037275e+002
3.425440e+003,1.036850e+002
3.425922e+003,1.036399e+002
3.426404e+003,1.035944e+002
3.426886e+003,1.035519e+002
3.427368e+003,1.035164e+002
3.427850e+003,1.034919e+002
3.428333e+003,1.034812e+002
3.428815e+003,1.034846e+002
3.429297e+003,1.034995e+002
3.429779e+003,1.035207e+002
3.430261e+003,1.035421e+002
3.430743e+003,1.035582e+002
3.431225e+003,1.035661e+002
3.431707e+003,1.035664e+002
3.432189e+003,1.035625e+002
3.432672e+003,1.035599e+002
3.433154e+003,1.035635e+002
3.433636e+003,1.035763e+002
3.434118e+003,1.035985e+002
3.434600e+003,1.036273e+002
3.435082e+003,1.036583e+002
3.435564e+003,1.036869e+002
3.436046e+003,1.037098e+002
3.436529e+003,1.037252e+002
3.437010e+003,1.037328e+002
3.437493e+003,1.037328e+002
3.437975e+003,1.037250e+002
3.438457e+003,1.037081e+002
3.438939e+003,1.036807e+002
3.439421e+003,1.036420e+002
3.439903e+003,1.035930e+002
3.440385e+003,1.035374e+002
3.440867e+003,1.034810e+002
3.441350e+003,1.034304e+002
3.441832e+003,1.033908e+002
3.442314e+003,1.033639e+002
3.442796e+003,1.033479e+002
3.443278e+003,1.033372e+002
3.443760e+003,1.033252e+002
3.444242e+003,1.033068e+002
3.444724e+003,1.032803e+002
3.445207e+003,1.032482e+002
3.445689e+003,1.032164e+002
3.446171e+003,1.031919e+002
3.446653e+003,1.031796e+002
3.447135e+003,1.031808e+002
3.447617e+003,1.031922e+002
3.448099e+003,1.032075e+002
3.448581e+003,1.032199e+002
3.449063e+003,1.032248e+002
3.449546e+003,1.032210e+002
3.450028e+003,1.032110e+002
3.450510e+003,1.031996e+002
3.450992e+003,1.031920e+002
3.451474e+003,1.031915e+002
3.451956e+003,1.031988e+002
3.452438e+003,1.032114e+002
3.452920e+003,1.032248e+002
3.453403e+003,1.032340e+002
3.453885e+003,1.032350e+002
3.454367e+003,1.032260e+002
3.454849e+003,1.032076e+002
3.455331e+003,1.031825e+002
3.455813e+003,1.031547e+002
3.456295e+003,1.031282e+002
3.456777e+003,1.031060e+002
3.457260e+003,1.030892e+002
3.457742e+003,1.030771e+002
3.458224e+003,1.030669e+002
3.458706e+003,1.030554e+002
3.459188e+003,1.030395e+002
3.459670e+003,1.030180e+002
3.460152e+003,1.029917e+002
3.460634e+003,1.029639e+002
3.461116e+003,1.029388e+002
3.461599e+003,1.029209e+002
3.462081e+003,1.029126e+002
3.462563e+003,1.029132e+002
3.463045e+003,1.029194e+002
3.463527e+003,1.029253e+002
3.464009e+003,1.029249e+002
3.464491e+003,1.029133e+002
3.464973e+003,1.028885e+002
3.465456e+003,1.028515e+002
3.465938e+003,1.028065e+002
3.466420e+003,1.027593e+002
3.466902e+003,1.027164e+002
3.467384e+003,1.026831e+002
3.467866e+003,1.026628e+002
3.468348e+003,1.026563e+002
3.468830e+003,1.026618e+002
3.469313e+003,1.026752e+002
3.469794e+003,1.026909e+002
3.470277e+003,1.027030e+002
3.470759e+003,1.027069e+002
3.471241e+003,1.027002e+002
3.471723e+003,1.026839e+002
3.472205e+003,1.026623e+002
3.472687e+003,1.026422e+002
3.473169e+003,1.026305e+002
3.473651e+003,1.026327e+002
3.474134e+003,1.026509e+002
3.474616e+003,1.026826e+002
3.475098e+003,1.027222e+002
3.475580e+003,1.027615e+002
3.476062e+003,1.027928e+002
3.476544e+003,1.028100e+002
3.477026e+003,1.028100e+002
3.477508e+003,1.027925e+002
3.477990e+003,1.027592e+002
3.478473e+003,1.027131e+002
3.478955e+003,1.026577e+002
3.479437e+003,1.025964e+002
3.479919e+003,1.025328e+002
3.480401e+003,1.024709e+002
3.480883e+003,1.024151e+002
3.481365e+003,1.023701e+002
3.481847e+003,1.023398e+002
3.482330e+003,1.023268e+002
3.482812e+003,1.023316e+002
3.483294e+003,1.023522e+002
3.483776e+003,1.023843e+002
3.484258e+003,1.024217e+002
3.484740e+003,1.024569e+002
3.485222e+003,1.024815e+002
3.485704e+003,1.024880e+002
3.486187e+003,1.024705e+002
3.486669e+003,1.024270e+002
3.487151e+003,1.023601e+002
3.487633e+003,1.022780e+002
3.488115e+003,1.021931e+002
3.488597e+003,1.021203e+002
3.489079e+003,1.020731e+002
3.489561e+003,1.020611e+002
3.490043e+003,1.020872e+002
3.490526e+003,1.021468e+002
3.491008e+003,1.022289e+002
3.491490e+003,1.023176e+002
3.491972e+003,1.023962e+002
3.492454e+003,1.024501e+002
3.492936e+003,1.024702e+002
3.493418e+003,1.024543e+002
3.493900e+003,1.024078e+002
3.494383e+003,1.023418e+002
3.494865e+003,1.022706e+002
3.495347e+003,1.022083e+002
3.495829e+003,1.021658e+002
3.496311e+003,1.021486e+002
3.496793e+003,1.021560e+002
3.497275e+003,1.021813e+002
3.497757e+003,1.022136e+002
3.498240e+003,1.022407e+002
3.498721e+003,1.022509e+002
3.499204e+003,1.022363e+002
3.499686e+003,1.021935e+002
3.500168e+003,1.021249e+002
3.500650e+003,1.020376e+002
3.501132e+003,1.019424e+002
3.501614e+003,1.018517e+002
3.502096e+003,1.017769e+002
3.502578e+003,1.017266e+002
3.503061e+003,1.017047e+002
3.503543e+003,1.017096e+002
3.504025e+003,1.017344e+002
3.504507e+003,1.017686e+002
3.504989e+003,1.018000e+002
3.505471e+003,1.018170e+002
3.505953e+003,1.018112e+002
3.506435e+003,1.017790e+002
3.506917e+003,1.017225e+002
3.507400e+003,1.016491e+002
3.507882e+003,1.015701e+002
3.508364e+003,1.014976e+002
3.508846e+003,1.014421e+002
3.509328e+003,1.014093e+002
3.509810e+003,1.013998e+002
3.510292e+003,1.014097e+002
3.510774e+003,1.014327e+002
3.511257e+003,1.014632e+002
3.511739e+003,1.014974e+002
3.512221e+003,1.015342e+002
3.512703e+003,1.015741e+002
3.513185e+003,1.016173e+002
3.513667e+003,1.016623e+002
3.514149e+003,1.017056e+002
3.514631e+003,1.017420e+002
3.515114e+003,1.017666e+002
3.515596e+003,1.017768e+002
3.516078e+003,1.017736e+002
3.516560e+003,1.017617e+002
3.517042e+003,1.017476e+002
3.517524e+003,1.017376e+002
3.518006e+003,1.017351e+002
3.518488e+003,1.017392e+002
3.518970e+003,1.017445e+002
3.519453e+003,1.017429e+002
3.519935e+003,1.017265e+002
3.520417e+003,1.016901e+002
3.520899e+003,1.016330e+002
3.521381e+003,1.015596e+002
3.521863e+003,1.014776e+002
3.522345e+003,1.013960e+002
3.522827e+003,1.013225e+002
3.523310e+003,1.012615e+002
3.523792e+003,1.012134e+002
3.524274e+003,1.011758e+002
3.524756e+003,1.011451e+002
3.525238e+003,1.011187e+002
3.525720e+003,1.010957e+002
3.526202e+003,1.010768e+002
3.526684e+003,1.010628e+002
3.527167e+003,1.010533e+002
3.527648e+003,1.010455e+002
3.528131e+003,1.010348e+002
3.528613e+003,1.010156e+002
3.529095e+003,1.009846e+002
3.529577e+003,1.009418e+002
3.530059e+003,1.008913e+002
3.530541e+003,1.008410e+002
3.531023e+003,1.008004e+002
3.531505e+003,1.007786e+002
3.531988e+003,1.007818e+002
3.532470e+003,1.008126e+002
3.532952e+003,1.008688e+002
3.533434e+003,1.009445e+002
3.533916e+003,1.010306e+002
3.534398e+003,1.011164e+002
3.534880e+003,1.011911e+002
3.535362e+003,1.012458e+002
3.535844e+003,1.012760e+002
3.536327e+003,1.012830e+002
3.536809e+003,1.012746e+002
3.537291e+003,1.012634e+002
3.537773e+003,1.012639e+002
3.538255e+003,1.012885e+002
3.538737e+003,1.013438e+002
3.539219e+003,1.014282e+002
3.539701e+003,1.015315e+002
3.540184e+003,1.016361e+002
3.540666e+003,1.017209e+002
3.541148e+003,1.017656e+002
3.541630e+003,1.017555e+002
3.542112e+003,1.016836e+002
3.542594e+003,1.015523e+002
3.543076e+003,1.013723e+002
3.543558e+003,1.011603e+002
3.544041e+003,1.009363e+002
3.544523e+003,1.007215e+002
3.545005e+003,1.005351e+002
3.545487e+003,1.003932e+002
3.545969e+003,1.003064e+002
3.546451e+003,1.002782e+002
3.546933e+003,1.003038e+002
3.547415e+003,1.003699e+002
3.547897e+003,1.004567e+002
3.548380e+003,1.005406e+002
3.548862e+003,1.005992e+002
3.549344e+003,1.006152e+002
3.549826e+003,1.005803e+002
3.550308e+003,1.004970e+002
3.550790e+003,1.003786e+002
3.551272e+003,1.002477e+002
3.551754e+003,1.001309e+002
3.552237e+003,1.000540e+002
3.552719e+003,1.000357e+002
3.553201e+003,1.000849e+002
3.553683e+003,1.002002e+002
3.554165e+003,1.003713e+002
3.554647e+003,1.005812e+002
3.555129e+003,1.008092e+002
3.555611e+003,1.010322e+002
3.556094e+003,1.012274e+002
3.556575e+003,1.013748e+002
3.557058e+003,1.014602e+002
3.557540e+003,1.014776e+002
3.558022e+003,1.014304e+002
3.558504e+003,1.013306e+002
3.558986e+003,1.011966e+002
3.559468e+003,1.010494e+002
3.559950e+003,1.009087e+002
3.560432e+003,1.007890e+002
3.560915e+003,1.006985e+002
3.561397e+003,1.006376e+002
3.561879e+003,1.005999e+002
3.562361e+003,1.005735e+002
3.562843e+003,1.005433e+002
3.563325e+003,1.004935e+002
3.563807e+003,1.004101e+002
3.564289e+003,1.002851e+002
3.564771e+003,1.001193e+002
3.565254e+003,9.992504e+001
3.565736e+003,9.972626e+001
3.566218e+003,9.955440e+001
3.566700e+003,9.943988e+001
3.567182e+003,9.940189e+001
3.567664e+003,9.944101e+001
3.568146e+003,9.953901e+001
3.568628e+003,9.966542e+001
3.569111e+003,9.978683e+001
3.569593e+003,9.987425e+001
3.570075e+003,9.990721e+001
3.570557e+003,9.987518e+001
3.571039e+003,9.977853e+001
3.571521e+003,9.962879e+001
3.572003e+003,9.944771e+001
3.572485e+003,9.926472e+001
3.572968e+003,9.911195e+001
3.573450e+003,9.901843e+001
3.573932e+003,9.900435e+001
3.574414e+003,9.907742e+001
3.574896e+003,9.923162e+001
3.575378e+003,9.944884e+001
3.575860e+003,9.970261e+001
3.576342e+003,9.996301e+001
3.576824e+003,1.002017e+002
3.577307e+003,1.003956e+002
3.577789e+003,1.005294e+002
3.578271e+003,1.005960e+002
3.578753e+003,1.005962e+002
3.579235e+003,1.005379e+002
3.579717e+003,1.004355e+002
3.580199e+003,1.003085e+002
3.580681e+003,1.001799e+002
3.581164e+003,1.000732e+002
3.581646e+003,1.000087e+002
3.582128e+003,9.999945e+001
3.582610e+003,1.000483e+002
3.583092e+003,1.001461e+002
3.583574e+003,1.002730e+002
3.584056e+003,1.004017e+002
3.584538e+003,1.005028e+002
3.585021e+003,1.005512e+002
3.585502e+003,1.005326e+002
3.585985e+003,1.004476e+002
3.586467e+003,1.003130e+002
3.586949e+003,1.001575e+002
3.587431e+003,1.000123e+002
3.587913e+003,9.990080e+001
3.588395e+003,9.983114e+001
3.588877e+003,9.979579e+001
3.589359e+003,9.977714e+001
3.589842e+003,9.975398e+001
3.590324e+003,9.970672e+001
3.590806e+003,9.962027e+001
3.591288e+003,9.948608e+001
3.591770e+003,9.930436e+001
3.592252e+003,9.908579e+001
3.592734e+003,9.885168e+001
3.593216e+003,9.863094e+001
3.593698e+003,9.845310e+001
3.594181e+003,9.834043e+001
3.594663e+003,9.830110e+001
3.595145e+003,9.832737e+001
3.595627e+003,9.839902e+001
3.596109e+003,9.849100e+001
3.596591e+003,9.858186e+001
3.597073e+003,9.866070e+001
3.597555e+003,9.872997e+001
3.598038e+003,9.880366e+001
3.598520e+003,9.890111e+001
3.599002e+003,9.903857e+001
3.599484e+003,9.922119e+001
3.599966e+003,9.943887e+001
3.600448e+003,9.966803e+001
3.600930e+003,9.987885e+001
3.601412e+003,1.000447e+002
3.601895e+003,1.001492e+002
3.602377e+003,1.001891e+002
3.602859e+003,1.001722e+002
3.603341e+003,1.001133e+002
3.603823e+003,1.000300e+002
3.604305e+003,9.993944e+001
3.604787e+003,9.985639e+001
3.605269e+003,9.979134e+001
3.605751e+003,9.974963e+001
3.606234e+003,9.973045e+001
3.606716e+003,9.972616e+001
3.607198e+003,9.972367e+001
3.607680e+003,9.970777e+001
3.608162e+003,9.966604e+001
3.608644e+003,9.959309e+001
3.609126e+003,9.949159e+001
3.609608e+003,9.936944e+001
3.610091e+003,9.923466e+001
3.610573e+003,9.909035e+001
3.611055e+003,9.893146e+001
3.611537e+003,9.874500e+001
3.612019e+003,9.851501e+001
3.612501e+003,9.823203e+001
3.612983e+003,9.790319e+001
3.613465e+003,9.755643e+001
3.613948e+003,9.723471e+001
3.614429e+003,9.698306e+001
3.614912e+003,9.683693e+001
3.615394e+003,9.681608e+001
3.615876e+003,9.692387e+001
3.616358e+003,9.714899e+001
3.616840e+003,9.746673e+001
3.617322e+003,9.784052e+001
3.617804e+003,9.822462e+001
3.618286e+003,9.857054e+001
3.618769e+003,9.883727e+001
3.619251e+003,9.900185e+001
3.619733e+003,9.906354e+001
3.620215e+003,9.903950e+001
3.620697e+003,9.895499e+001
3.621179e+003,9.883515e+001
3.621661e+003,9.870112e+001
3.622143e+003,9.856912e+001
3.622625e+003,9.845073e+001
3.623108e+003,9.835239e+001
3.623590e+003,9.827387e+001
3.624072e+003,9.820716e+001
3.624554e+003,9.813661e+001
3.625036e+003,9.804136e+001
3.625518e+003,9.790019e+001
3.626000e+003,9.769873e+001
3.626482e+003,9.743787e+001
3.626965e+003,9.714117e+001
3.627447e+003,9.685693e+001
3.627929e+003,9.664867e+001
3.628411e+003,9.657167e+001
3.628893e+003,9.664540e+001
3.629375e+003,9.683833e+001
3.629857e+003,9.707830e+001
3.630339e+003,9.728396e+001
3.630822e+003,9.739536e+001
3.631304e+003,9.738544e+001
3.631786e+003,9.725555e+001
3.632268e+003,9.702623e+001
3.632750e+003,9.673016e+001
3.633232e+003,9.640681e+001
3.633714e+003,9.609756e+001
3.634196e+003,9.584070e+001
3.634678e+003,9.566712e+001
3.635161e+003,9.559823e+001
3.635643e+003,9.564633e+001
3.636125e+003,9.581541e+001
3.636607e+003,9.610080e+001
3.637089e+003,9.648682e+001
3.637571e+003,9.694427e+001
3.638053e+003,9.743005e+001
3.638535e+003,9.789123e+001
3.639018e+003,9.827341e+001
3.639500e+003,9.853141e+001
3.639982e+003,9.863867e+001
3.640464e+003,9.859258e+001
3.640946e+003,9.841447e+001
3.641428e+003,9.814481e+001
3.641910e+003,9.783472e+001
3.642392e+003,9.753640e+001
3.642875e+003,9.729463e+001
3.643356e+003,9.714196e+001
3.643839e+003,9.709742e+001
3.644321e+003,9.716722e+001
3.644803e+003,9.734517e+001
3.645285e+003,9.761140e+001
3.645767e+003,9.792942e+001
3.646249e+003,9.824479e+001
3.646731e+003,9.848978e+001
3.647213e+003,9.859850e+001
3.647696e+003,9.853032e+001
3.648178e+003,9.829105e+001
3.648660e+003,9.793713e+001
3.649142e+003,9.755613e+001
3.649624e+003,9.723174e+001
3.650106e+003,9.701079e+001
3.650588e+003,9.688894e+001
3.651070e+003,9.681936e+001
3.651552e+003,9.673611e+001
3.652035e+003,9.657864e+001
3.652517e+003,9.630757e+001
3.652999e+003,9.591031e+001
3.653481e+003,9.540227e+001
3.653963e+003,9.482709e+001
3.654445e+003,9.425478e+001
3.654927e+003,9.377314e+001
3.655409e+003,9.346802e+001
3.655892e+003,9.339758e+001
3.656374e+003,9.357294e+001
3.656856e+003,9.395587e+001
3.657338e+003,9.447407e+001
3.657820e+003,9.504371e+001
3.658302e+003,9.558909e+001
3.658784e+003,9.605463e+001
3.659266e+003,9.641058e+001
3.659749e+003,9.665504e+001
3.660231e+003,9.681179e+001
3.660713e+003,9.692239e+001
3.661195e+003,9.703310e+001
3.661677e+003,9.717960e+001
3.662159e+003,9.737645e+001
3.662641e+003,9.761452e+001
3.663123e+003,9.786705e+001
3.663605e+003,9.810108e+001
3.664088e+003,9.828931e+001
3.664570e+003,9.841879e+001
3.665052e+003,9.849280e+001
3.665534e+003,9.852663e+001
3.666016e+003,9.853928e+001
3.666498e+003,9.854427e+001
3.666980e+003,9.854258e+001
3.667462e+003,9.851996e+001
3.667945e+003,9.844917e+001
3.668427e+003,9.829823e+001
3.668909e+003,9.804408e+001
3.669391e+003,9.768744e+001
3.669873e+003,9.725900e+001
3.670355e+003,9.680771e+001
3.670837e+003,9.637640e+001
3.671319e+003,9.598444e+001
3.671802e+003,9.562897e+001
3.672283e+003,9.529919e+001
3.672766e+003,9.499093e+001
3.673248e+003,9.471693e+001
3.673730e+003,9.450827e+001
3.674212e+003,9.440166e+001
3.674694e+003,9.441232e+001
3.675176e+003,9.451385e+001
3.675658e+003,9.465158e+001
3.676140e+003,9.477654e+001
3.676623e+003,9.486452e+001
3.677105e+003,9.491728e+001
3.677587e+003,9.495555e+001
3.678069e+003,9.500813e+001
3.678551e+003,9.509917e+001
3.679033e+003,9.523735e+001
3.679515e+003,9.541066e+001
3.679997e+003,9.558949e+001
3.680479e+003,9.573809e+001
3.680962e+003,9.582788e+001
3.681444e+003,9.584542e+001
3.681926e+003,9.579284e+001
3.682408e+003,9.568322e+001
3.682890e+003,9.553615e+001
3.683372e+003,9.537483e+001
3.683854e+003,9.522468e+001
3.684336e+003,9.511169e+001
3.684819e+003,9.506031e+001
3.685301e+003,9.509064e+001
3.685783e+003,9.521461e+001
3.686265e+003,9.543029e+001
3.686747e+003,9.571349e+001
3.687229e+003,9.601090e+001
3.687711e+003,9.624474e+001
3.688193e+003,9.633776e+001
3.688676e+003,9.625159e+001
3.689158e+003,9.601192e+001
3.689640e+003,9.569918e+001
3.690122e+003,9.541205e+001
3.690604e+003,9.522935e+001
3.691086e+003,9.518662e+001
3.691568e+003,9.527089e+001
3.692050e+003,9.543102e+001
3.692532e+003,9.559839e+001
3.693015e+003,9.571027e+001
3.693497e+003,9.572684e+001
3.693979e+003,9.563769e+001
3.694461e+003,9.545802e+001
3.694943e+003,9.521927e+001
3.695425e+003,9.495908e+001
3.695907e+003,9.471350e+001
3.696389e+003,9.451256e+001
3.696872e+003,9.437922e+001
3.697354e+003,9.433031e+001
3.697836e+003,9.437768e+001
3.698318e+003,9.452869e+001
3.698800e+003,9.478423e+001
3.699282e+003,9.513410e+001
3.699764e+003,9.555075e+001
3.700246e+003,9.598557e+001
3.700729e+003,9.637338e+001
3.701211e+003,9.664928e+001
3.701693e+003,9.677248e+001
3.702175e+003,9.674322e+001
3.702657e+003,9.660117e+001
3.703139e+003,9.640749e+001
3.703621e+003,9.622322e+001
3.704103e+003,9.609460e+001
3.704585e+003,9.604763e+001
3.705068e+003,9.608948e+001
3.705550e+003,9.621268e+001
3.706032e+003,9.640017e+001
3.706514e+003,9.662973e+001
3.706996e+003,9.687704e+001
3.707478e+003,9.711733e+001
3.707960e+003,9.732613e+001
3.708442e+003,9.747924e+001
3.708925e+003,9.755434e+001
3.709406e+003,9.753449e+001
3.709889e+003,9.741422e+001
3.710371e+003,9.720589e+001
3.710853e+003,9.694226e+001
3.711335e+003,9.667067e+001
3.711817e+003,9.643907e+001
3.712299e+003,9.627927e+001
3.712781e+003,9.619705e+001
3.713263e+003,9.617316e+001
3.713746e+003,9.617336e+001
3.714228e+003,9.616149e+001
3.714710e+003,9.611050e+001
3.715192e+003,9.600934e+001
3.715674e+003,9.586503e+001
3.716156e+003,9.570039e+001
3.716638e+003,9.554754e+001
3.717120e+003,9.543818e+001
3.717603e+003,9.539410e+001
3.718085e+003,9.542119e+001
3.718567e+003,9.550938e+001
3.719049e+003,9.563873e+001
3.719531e+003,9.578864e+001
3.720013e+003,9.594604e+001
3.720495e+003,9.610947e+001
3.720977e+003,9.628719e+001
3.721459e+003,9.649055e+001
3.721942e+003,9.672565e+001
3.722424e+003,9.698746e+001
3.722906e+003,9.726007e+001
3.723388e+003,9.752232e+001
3.723870e+003,9.775587e+001
3.724352e+003,9.795038e+001
3.724834e+003,9.810232e+001
3.725316e+003,9.820833e+001
3.725799e+003,9.825732e+001
3.726281e+003,9.822838e+001
3.726763e+003,9.809736e+001
3.727245e+003,9.784915e+001
3.727727e+003,9.748861e+001
3.728209e+003,9.704476e+001
3.728691e+003,9.656799e+001
3.729173e+003,9.612228e+001
3.729656e+003,9.577446e+001
3.730138e+003,9.558086e+001
3.730620e+003,9.557294e+001
3.731102e+003,9.574464e+001
3.731584e+003,9.604779e+001
3.732066e+003,9.640047e+001
3.732548e+003,9.670817e+001
3.733030e+003,9.689012e+001
3.733512e+003,9.690067e+001
3.733995e+003,9.673814e+001
3.734477e+003,9.643977e+001
3.734959e+003,9.606600e+001
3.735441e+003,9.568069e+001
3.735923e+003,9.533485e+001
3.736405e+003,9.506053e+001
3.736887e+003,9.487342e+001
3.737369e+003,9.477867e+001
3.737852e+003,9.477492e+001
3.738333e+003,9.485447e+001
3.738816e+003,9.500095e+001
3.739298e+003,9.518864e+001
3.739780e+003,9.538524e+001
3.740262e+003,9.555770e+001
3.740744e+003,9.567969e+001
3.741226e+003,9.573652e+001
3.741708e+003,9.572649e+001
3.742190e+003,9.565739e+001
3.742673e+003,9.553745e+001
3.743155e+003,9.536377e+001
3.743637e+003,9.511962e+001
3.744119e+003,9.479633e+001
3.744601e+003,9.442397e+001
3.745083e+003,9.406364e+001
3.745565e+003,9.376533e+001
3.746047e+003,9.354651e+001
3.746530e+003,9.340146e+001
3.747012e+003,9.331332e+001
3.747494e+003,9.325668e+001
3.747976e+003,9.319591e+001
3.748458e+003,9.308825e+001
3.748940e+003,9.289748e+001
3.749422e+003,9.261736e+001
3.749904e+003,9.228915e+001
3.750386e+003,9.199245e+001
3.750869e+003,9.180812e+001
3.751351e+003,9.177944e+001
3.751833e+003,9.189623e+001
3.752315e+003,9.210631e+001
3.752797e+003,9.234151e+001
3.753279e+003,9.254359e+001
3.753761e+003,9.268002e+001
3.754243e+003,9.274618e+001
3.754726e+003,9.275708e+001
3.755208e+003,9.273376e+001
3.755690e+003,9.269031e+001
3.756172e+003,9.262630e+001
3.756654e+003,9.252879e+001
3.757136e+003,9.238438e+001
3.757618e+003,9.219598e+001
3.758100e+003,9.199435e+001
3.758583e+003,9.183620e+001
3.759065e+003,9.178791e+001
3.759547e+003,9.190171e+001
3.760029e+003,9.219334e+001
3.760511e+003,9.263110e+001
3.760993e+003,9.314215e+001
3.761475e+003,9.363367e+001
3.761957e+003,9.401948e+001
3.762439e+003,9.424126e+001
3.762922e+003,9.427923e+001
3.763404e+003,9.415310e+001
3.763886e+003,9.391552e+001
3.764368e+003,9.363891e+001
3.764850e+003,9.339709e+001
3.765332e+003,9.324654e+001
3.765814e+003,9.321454e+001
3.766296e+003,9.329929e+001
3.766779e+003,9.348012e+001
3.767260e+003,9.373026e+001
3.767743e+003,9.402478e+001
3.768225e+003,9.434146e+001
3.768707e+003,9.465734e+001
3.769189e+003,9.494613e+001
3.769671e+003,9.518188e+001
3.770153e+003,9.534723e+001
3.770635e+003,9.544012e+001
3.771117e+003,9.547287e+001
3.771600e+003,9.546539e+001
3.772082e+003,9.543768e+001
3.772564e+003,9.540469e+001
3.773046e+003,9.537507e+001
3.773528e+003,9.535172e+001
3.774010e+003,9.533426e+001
3.774492e+003,9.532152e+001
3.774974e+003,9.531358e+001
3.775457e+003,9.531225e+001
3.775939e+003,9.532021e+001
3.776421e+003,9.533887e+001
3.776903e+003,9.536649e+001
3.777385e+003,9.539706e+001
3.777867e+003,9.542072e+001
3.778349e+003,9.542712e+001
3.778831e+003,9.541045e+001
3.779313e+003,9.537437e+001
3.779796e+003,9.533276e+001
3.780278e+003,9.530534e+001
3.780760e+003,9.531057e+001
3.781242e+003,9.536005e+001
3.781724e+003,9.545569e+001
3.782206e+003,9.558868e+001
3.782688e+003,9.573897e+001
3.783170e+003,9.587711e+001
3.783653e+003,9.597034e+001
3.784135e+003,9.599306e+001
3.784617e+003,9.593827e+001
3.785099e+003,9.582372e+001
3.785581e+003,9.568832e+001
3.786063e+003,9.558184e+001
3.786545e+003,9.555226e+001
3.787027e+003,9.563519e+001
3.787510e+003,9.584674e+001
3.787992e+003,9.618026e+001
3.788474e+003,9.660674e+001
3.788956e+003,9.707891e+001
3.789438e+003,9.753879e+001
3.789920e+003,9.792760e+001
3.790402e+003,9.819651e+001
3.790884e+003,9.831654e+001
3.791366e+003,9.828506e+001
3.791849e+003,9.812642e+001
3.792331e+003,9.788588e+001
3.792813e+003,9.761898e+001
3.793295e+003,9.738029e+001
3.793777e+003,9.721506e+001
3.794259e+003,9.715356e+001
3.794741e+003,9.720728e+001
3.795223e+003,9.736528e+001
3.795706e+003,9.759363e+001
3.796188e+003,9.784049e+001
3.796670e+003,9.804701e+001
3.797152e+003,9.815956e+001
3.797634e+003,9.813836e+001
3.798116e+003,9.796111e+001
3.798598e+003,9.762411e+001
3.799080e+003,9.714468e+001
3.799563e+003,9.656627e+001
3.800044e+003,9.596173e+001
3.800527e+003,9.542534e+001
3.801009e+003,9.504919e+001
3.801491e+003,9.489210e+001
3.801973e+003,9.495766e+001
3.802455e+003,9.519445e+001
3.802937e+003,9.551802e+001
3.803419e+003,9.584040e+001
3.803901e+003,9.609093e+001
3.804384e+003,9.622528e+001
3.804866e+003,9.622870e+001
3.805348e+003,9.611870e+001
3.805830e+003,9.594344e+001
3.806312e+003,9.577049e+001
3.806794e+003,9.566447e+001
3.807276e+003,9.566348e+001
3.807758e+003,9.576768e+001
3.808240e+003,9.594511e+001
3.808723e+003,9.614919e+001
3.809205e+003,9.633710e+001
3.809687e+003,9.648086e+001
3.810169e+003,9.657152e+001
3.810651e+003,9.661799e+001
3.811133e+003,9.664161e+001
3.811615e+003,9.666718e+001
3.812097e+003,9.671270e+001
3.812580e+003,9.678120e+001
3.813062e+003,9.685766e+001
3.813544e+003,9.691115e+001
3.814026e+003,9.690166e+001
3.814508e+003,9.679276e+001
3.814990e+003,9.656950e+001
3.815472e+003,9.625530e+001
3.815954e+003,9.591238e+001
3.816437e+003,9.561614e+001
3.816919e+003,9.542099e+001
3.817401e+003,9.534369e+001
3.817883e+003,9.537007e+001
3.818365e+003,9.546874e+001
3.818847e+003,9.559959e+001
3.819329e+003,9.571548e+001
3.819811e+003,9.576280e+001
3.820293e+003,9.569103e+001
3.820776e+003,9.547765e+001
3.821258e+003,9.515142e+001
3.821740e+003,9.478429e+001
3.822222e+003,9.445347e+001
3.822704e+003,9.421225e+001
3.823186e+003,9.408900e+001
3.823668e+003,9.409906e+001
3.824150e+003,9.425309e+001
3.824633e+003,9.455597e+001
3.825115e+003,9.499771e+001
3.825597e+003,9.554188e+001
3.826079e+003,9.612038e+001
3.826561e+003,9.664327e+001
3.827043e+003,9.702234e+001
3.827525e+003,9.719646e+001
3.828007e+003,9.714664e+001
3.828490e+003,9.689658e+001
3.828971e+003,9.650451e+001
3.829454e+003,9.605113e+001
3.829936e+003,9.562594e+001
3.830418e+003,9.531042e+001
3.830900e+003,9.515999e+001
3.831382e+003,9.518924e+001
3.831864e+003,9.536718e+001
3.832346e+003,9.562724e+001
3.832828e+003,9.588834e+001
3.833311e+003,9.607911e+001
3.833793e+003,9.615536e+001
3.834275e+003,9.610676e+001
3.834757e+003,9.595249e+001
3.835239e+003,9.572976e+001
3.835721e+003,9.548024e+001
3.836203e+003,9.523862e+001
3.836685e+003,9.502637e+001
3.837167e+003,9.485260e+001
3.837650e+003,9.472056e+001
3.838132e+003,9.463570e+001
3.838614e+003,9.460947e+001
3.839096e+003,9.465654e+001
3.839578e+003,9.478829e+001
3.840060e+003,9.500691e+001
3.840542e+003,9.530293e+001
3.841024e+003,9.565548e+001
3.841507e+003,9.603393e+001
3.841989e+003,9.640005e+001
3.842471e+003,9.671189e+001
3.842953e+003,9.693007e+001
3.843435e+003,9.702579e+001
3.843917e+003,9.698814e+001
3.844399e+003,9.682674e+001
3.844881e+003,9.656828e+001
3.845364e+003,9.624888e+001
3.845846e+003,9.590533e+001
3.846328e+003,9.556876e+001
3.846810e+003,9.526099e+001
3.847292e+003,9.499416e+001
3.847774e+003,9.477299e+001
3.848256e+003,9.459877e+001
3.848738e+003,9.447417e+001
3.849220e+003,9.440725e+001
3.849703e+003,9.441403e+001
3.850185e+003,9.451881e+001
3.850667e+003,9.475106e+001
3.851149e+003,9.513693e+001
3.851631e+003,9.568056e+001
3.852113e+003,9.633451e+001
3.852595e+003,9.697694e+001
3.853077e+003,9.743804e+001
3.853560e+003,9.759196e+001
3.854042e+003,9.743868e+001
3.854524e+003,9.708958e+001
3.855006e+003,9.668753e+001
3.855488e+003,9.634264e+001
3.855970e+003,9.610899e+001
3.856452e+003,9.598799e+001
3.856934e+003,9.594266e+001
3.857417e+003,9.591582e+001
3.857898e+003,9.585016e+001
3.858381e+003,9.570570e+001
3.858863e+003,9.547035e+001
3.859345e+003,9.516086e+001
3.859827e+003,9.481503e+001
3.860309e+003,9.447960e+001
3.860791e+003,9.419823e+001
3.861273e+003,9.400228e+001
3.861755e+003,9.390649e+001
3.862238e+003,9.390909e+001
3.862720e+003,9.399503e+001
3.863202e+003,9.414004e+001
3.863684e+003,9.431350e+001
3.864166e+003,9.448155e+001
3.864648e+003,9.461176e+001
3.865130e+003,9.467993e+001
3.865612e+003,9.467590e+001
3.866094e+003,9.460603e+001
3.866577e+003,9.449214e+001
3.867059e+003,9.436853e+001
3.867541e+003,9.427687e+001
3.868023e+003,9.425742e+001
3.868505e+003,9.433475e+001
3.868987e+003,9.450227e+001
3.869469e+003,9.471898e+001
3.869951e+003,9.492854e+001
3.870434e+003,9.508905e+001
3.870916e+003,9.519114e+001
3.871398e+003,9.525668e+001
3.871880e+003,9.532565e+001
3.872362e+003,9.543846e+001
3.872844e+003,9.561797e+001
3.873326e+003,9.585448e+001
3.873808e+003,9.610203e+001
3.874291e+003,9.629246e+001
3.874773e+003,9.636349e+001
3.875255e+003,9.628336e+001
3.875737e+003,9.605785e+001
3.876219e+003,9.572071e+001
3.876701e+003,9.531960e+001
3.877183e+003,9.490629e+001
3.877665e+003,9.453240e+001
3.878147e+003,9.424775e+001
3.878630e+003,9.409682e+001
3.879112e+003,9.411074e+001
3.879594e+003,9.429595e+001
3.880076e+003,9.462495e+001
3.880558e+003,9.503539e+001
3.881040e+003,9.544105e+001
3.881522e+003,9.575228e+001
3.882004e+003,9.589915e+001
3.882487e+003,9.584933e+001
3.882969e+003,9.561695e+001
3.883451e+003,9.526203e+001
3.883933e+003,9.488039e+001
3.884415e+003,9.458055e+001
3.884897e+003,9.444901e+001
3.885379e+003,9.451608e+001
3.885861e+003,9.474398e+001
3.886344e+003,9.504681e+001
3.886825e+003,9.532951e+001
3.887308e+003,9.552288e+001
3.887790e+003,9.560071e+001
3.888272e+003,9.557950e+001
3.888754e+003,9.550860e+001
3.889236e+003,9.545499e+001
3.889718e+003,9.548335e+001
3.890200e+003,9.563235e+001
3.890682e+003,9.589479e+001
3.891165e+003,9.621556e+001
3.891647e+003,9.651339e+001
3.892129e+003,9.671419e+001
3.892611e+003,9.677659e+001
3.893093e+003,9.669872e+001
3.893575e+003,9.650988e+001
3.894057e+003,9.625665e+001
3.894539e+003,9.598949e+001
3.895021e+003,9.575317e+001
3.895504e+003,9.558022e+001
3.895986e+003,9.548687e+001
3.896468e+003,9.547110e+001
3.896950e+003,9.551232e+001
3.897432e+003,9.557428e+001
3.897914e+003,9.561259e+001
3.898396e+003,9.558667e+001
3.898878e+003,9.547379e+001
3.899361e+003,9.527896e+001
3.899843e+003,9.503532e+001
3.900325e+003,9.479452e+001
3.900807e+003,9.461138e+001
3.901289e+003,9.452912e+001
3.901771e+003,9.456830e+001
3.902253e+003,9.472062e+001
3.902735e+003,9.494834e+001
3.903218e+003,9.519220e+001
3.903700e+003,9.538866e+001
3.904182e+003,9.549204e+001
3.904664e+003,9.549012e+001
3.905146e+003,9.540391e+001
3.905628e+003,9.527370e+001
3.906110e+003,9.514106e+001
3.906592e+003,9.503600e+001
3.907074e+003,9.497193e+001
3.907557e+003,9.494701e+001
3.908039e+003,9.494941e+001
3.908521e+003,9.496384e+001
3.909003e+003,9.497771e+001
3.909485e+003,9.498518e+001
3.909967e+003,9.498776e+001
3.910449e+003,9.499181e+001
3.910931e+003,9.500465e+001
3.911414e+003,9.503085e+001
3.911896e+003,9.507107e+001
3.912378e+003,9.512262e+001
3.912860e+003,9.518224e+001
3.913342e+003,9.524877e+001
3.913824e+003,9.532465e+001
3.914306e+003,9.541537e+001
3.914788e+003,9.552630e+001
3.915271e+003,9.565816e+001
3.915752e+003,9.580342e+001
3.916235e+003,9.594621e+001
3.916717e+003,9.606734e+001
3.917199e+003,9.615224e+001
3.917681e+003,9.619796e+001
3.918163e+003,9.621460e+001
3.918645e+003,9.622125e+001
3.919127e+003,9.623798e+001
3.919609e+003,9.627785e+001
3.920092e+003,9.634180e+001
3.920574e+003,9.641821e+001
3.921056e+003,9.648708e+001
3.921538e+003,9.652736e+001
3.922020e+003,9.652393e+001
3.922502e+003,9.647176e+001
3.922984e+003,9.637576e+001
3.923466e+003,9.624709e+001
3.923948e+003,9.609817e+001
3.924431e+003,9.593867e+001
3.924913e+003,9.577440e+001
3.925395e+003,9.560900e+001
3.925877e+003,9.544714e+001
3.926359e+003,9.529709e+001
3.926841e+003,9.517137e+001
3.927323e+003,9.508457e+001
3.927805e+003,9.504892e+001
3.928288e+003,9.506937e+001
3.928770e+003,9.514021e+001
3.929252e+003,9.524527e+001
3.929734e+003,9.536243e+001
3.930216e+003,9.547091e+001
3.930698e+003,9.555827e+001
3.931180e+003,9.562405e+001
3.931662e+003,9.567832e+001
3.932145e+003,9.573593e+001
3.932627e+003,9.580959e+001
3.933109e+003,9.590484e+001
3.933591e+003,9.601888e+001
3.934073e+003,9.614309e+001
3.934555e+003,9.626687e+001
3.935037e+003,9.638076e+001
3.935519e+003,9.647736e+001
3.936001e+003,9.655070e+001
3.936484e+003,9.659476e+001
3.936966e+003,9.660347e+001
3.937448e+003,9.657198e+001
3.937930e+003,9.649911e+001
3.938412e+003,9.638993e+001
3.938894e+003,9.625648e+001
3.939376e+003,9.611668e+001
3.939858e+003,9.599154e+001
3.940341e+003,9.590118e+001
3.940823e+003,9.586025e+001
3.941305e+003,9.587429e+001
3.941787e+003,9.593764e+001
3.942269e+003,9.603436e+001
3.942751e+003,9.614223e+001
3.943233e+003,9.623792e+001
3.943715e+003,9.630235e+001
3.944198e+003,9.632399e+001
3.944679e+003,9.629998e+001
3.945162e+003,9.623576e+001
3.945644e+003,9.614347e+001
3.946126e+003,9.603981e+001
3.946608e+003,9.594349e+001
3.947090e+003,9.587172e+001
3.947572e+003,9.583671e+001
3.948054e+003,9.584278e+001
3.948536e+003,9.588523e+001
3.949019e+003,9.595164e+001
3.949501e+003,9.602568e+001
3.949983e+003,9.609165e+001
3.950465e+003,9.613853e+001
3.950947e+003,9.616240e+001
3.951429e+003,9.616630e+001
3.951911e+003,9.615810e+001
3.952393e+003,9.614714e+001
3.952875e+003,9.614070e+001
3.953358e+003,9.614158e+001
3.953840e+003,9.614729e+001
3.954322e+003,9.615127e+001
3.954804e+003,9.614570e+001
3.955286e+003,9.612474e+001
3.955768e+003,9.608761e+001
3.956250e+003,9.603960e+001
3.956732e+003,9.599146e+001
3.957215e+003,9.595660e+001
3.957697e+003,9.594728e+001
3.958179e+003,9.597122e+001
3.958661e+003,9.602908e+001
3.959143e+003,9.611415e+001
3.959625e+003,9.621410e+001
3.960107e+003,9.631403e+001
3.960589e+003,9.640046e+001
3.961072e+003,9.646459e+001
3.961554e+003,9.650381e+001
3.962036e+003,9.652125e+001
3.962518e+003,9.652354e+001
3.963000e+003,9.651814e+001
3.963482e+003,9.651119e+001
3.963964e+003,9.650659e+001
3.964446e+003,9.650635e+001
3.964928e+003,9.651130e+001
3.965411e+003,9.652180e+001
3.965893e+003,9.653764e+001
3.966375e+003,9.655713e+001
3.966857e+003,9.657668e+001
3.967339e+003,9.659065e+001
3.967821e+003,9.659277e+001
3.968303e+003,9.657799e+001
3.968785e+003,9.654492e+001
3.969268e+003,9.649712e+001
3.969750e+003,9.644262e+001
3.970232e+003,9.639211e+001
3.970714e+003,9.635561e+001
3.971196e+003,9.633968e+001
3.971678e+003,9.634556e+001
3.972160e+003,9.636932e+001
3.972642e+003,9.640352e+001
3.973125e+003,9.643970e+001
3.973606e+003,9.647102e+001
3.974089e+003,9.649348e+001
3.974571e+003,9.650608e+001
3.975053e+003,9.651000e+001
3.975535e+003,9.650735e+001
3.976017e+003,9.650037e+001
3.976499e+003,9.649112e+001
3.976981e+003,9.648174e+001
3.977463e+003,9.647479e+001
3.977946e+003,9.647314e+001
3.978428e+003,9.647940e+001
3.978910e+003,9.649501e+001
3.979392e+003,9.651953e+001
3.979874e+003,9.655060e+001
3.980356e+003,9.658439e+001
3.980838e+003,9.661665e+001
3.981320e+003,9.664393e+001
3.981802e+003,9.666436e+001
3.982285e+003,9.667795e+001
3.982767e+003,9.668623e+001
3.983249e+003,9.669154e+001
3.983731e+003,9.669624e+001
3.984213e+003,9.670205e+001
3.984695e+003,9.670953e+001
3.985177e+003,9.671785e+001
3.985659e+003,9.672480e+001
3.986142e+003,9.672709e+001
3.986624e+003,9.672112e+001
3.987106e+003,9.670397e+001
3.987588e+003,9.667466e+001
3.988070e+003,9.663499e+001
3.988552e+003,9.658971e+001
3.989034e+003,9.654568e+001
3.989516e+003,9.651019e+001
3.989999e+003,9.648884e+001
3.990481e+003,9.648399e+001
3.990963e+003,9.649391e+001
3.991445e+003,9.651370e+001
3.991927e+003,9.653698e+001
3.992409e+003,9.655777e+001
3.992891e+003,9.657239e+001
3.993373e+003,9.658014e+001
3.993855e+003,9.658267e+001
3.994338e+003,9.658314e+001
3.994820e+003,9.658483e+001
3.995302e+003,9.659013e+001
3.995784e+003,9.660031e+001
3.996266e+003,9.661535e+001
3.996748e+003,9.663438e+001
3.997230e+003,9.665591e+001
3.997712e+003,9.667789e+001
3.998195e+003,9.669784e+001
3.998677e+003,9.671323e+001
3.999159e+003,9.672207e+001
3.999641e+003,9.672369e+001
4.000123e+003,9.671914e+001
