3.996747e+002,0.000000e+000
4.001569e+002,9.811467e+001
4.006390e+002,9.805190e+001
4.011211e+002,9.824302e+001
4.016032e+002,9.873707e+001
4.020853e+002,9.952663e+001
4.025674e+002,1.005447e+002
4.030496e+002,1.016759e+002
4.035317e+002,1.027843e+002
4.040138e+002,1.037444e+002
4.044959e+002,1.044652e+002
4.049780e+002,1.049015e+002
4.054601e+002,1.050587e+002
4.059423e+002,1.049881e+002
4.064244e+002,1.047764e+002
4.069065e+002,1.045245e+002
4.073886e+002,1.043254e+002
4.078707e+002,1.042460e+002
4.083528e+002,1.043186e+002
4.088350e+002,1.044963e+002
4.093171e+002,1.047556e+002
4.097992e+002,1.051221e+002
4.102813e+002,1.056236e+002
4.107634e+002,1.059697e+002
4.112455e+002,1.062092e+002
4.117277e+002,1.063411e+002
4.122098e+002,1.064400e+002
4.126919e+002,1.065231e+002
4.131740e+002,1.065866e+002
4.136561e+002,1.066661e+002
4.141382e+002,1.069483e+002
4.146204e+002,1.071710e+002
4.151025e+002,1.072922e+002
4.155846e+002,1.073180e+002
4.160667e+002,1.072149e+002
4.165488e+002,1.069466e+002
4.170309e+002,1.064993e+002
4.175131e+002,1.059550e+002
4.179952e+002,1.053994e+002
4.184773e+002,1.050035e+002
4.189594e+002,1.047015e+002
4.194415e+002,1.046619e+002
4.199236e+002,1.048296e+002
4.204058e+002,1.051023e+002
4.208879e+002,1.053467e+002
4.213700e+002,1.055032e+002
4.218521e+002,1.056498e+002
4.223342e+002,1.056226e+002
4.228163e+002,1.054875e+002
4.232985e+002,1.053370e+002
4.237806e+002,1.053080e+002
4.242627e+002,1.053395e+002
4.247448e+002,1.054750e+002
4.252269e+002,1.057184e+002
4.257090e+002,1.060084e+002
4.261912e+002,1.062264e+002
4.266733e+002,1.064152e+002
4.271554e+002,1.065399e+002
4.276375e+002,1.065941e+002
4.281196e+002,1.065914e+002
4.286017e+002,1.065696e+002
4.290839e+002,1.065420e+002
4.295660e+002,1.065780e+002
4.300481e+002,1.065955e+002
4.305302e+002,1.067185e+002
4.310123e+002,1.069356e+002
4.314944e+002,1.072482e+002
4.319766e+002,1.076228e+002
4.324587e+002,1.080004e+002
4.329408e+002,1.083164e+002
4.334229e+002,1.085060e+002
4.339050e+002,1.085328e+002
4.343871e+002,1.084007e+002
4.348693e+002,1.081574e+002
4.353514e+002,1.078847e+002
4.358335e+002,1.076461e+002
4.363156e+002,1.074531e+002
4.367977e+002,1.073562e+002
4.372798e+002,1.074771e+002
4.377620e+002,1.075973e+002
4.382441e+002,1.077342e+002
4.387262e+002,1.078469e+002
4.392083e+002,1.079000e+002
4.396904e+002,1.078833e+002
4.401725e+002,1.078083e+002
4.406547e+002,1.076556e+002
4.411368e+002,1.075030e+002
4.416189e+002,1.073138e+002
4.421010e+002,1.071486e+002
4.425831e+002,1.070708e+002
4.430652e+002,1.071120e+002
4.435474e+002,1.072894e+002
4.440295e+002,1.076164e+002
4.445116e+002,1.077224e+002
4.449937e+002,1.080458e+002
4.454758e+002,1.083365e+002
4.459579e+002,1.085003e+002
4.464401e+002,1.085832e+002
4.469222e+002,1.085944e+002
4.474043e+002,1.085636e+002
4.478864e+002,1.084914e+002
4.483685e+002,1.085177e+002
4.488506e+002,1.084559e+002
4.493328e+002,1.083846e+002
4.498149e+002,1.084494e+002
4.502970e+002,1.085317e+002
4.507791e+002,1.086245e+002
4.512612e+002,1.087918e+002
4.517433e+002,1.089734e+002
4.522255e+002,1.091336e+002
4.527076e+002,1.092402e+002
4.531897e+002,1.093077e+002
4.536718e+002,1.092548e+002
4.541539e+002,1.091041e+002
4.546360e+002,1.088587e+002
4.551182e+002,1.085161e+002
4.556003e+002,1.080656e+002
4.560824e+002,1.074930e+002
4.565645e+002,1.067951e+002
4.570466e+002,1.060498e+002
4.575287e+002,1.052138e+002
4.580109e+002,1.043789e+002
4.584930e+002,1.036822e+002
4.589751e+002,1.030806e+002
4.594572e+002,1.027272e+002
4.599393e+002,1.025223e+002
4.604214e+002,1.024958e+002
4.609036e+002,1.026263e+002
4.613857e+002,1.029012e+002
4.618678e+002,1.032818e+002
4.623499e+002,1.037460e+002
4.628320e+002,1.043241e+002
4.633141e+002,1.049389e+002
4.637963e+002,1.055407e+002
4.642784e+002,1.061303e+002
4.647605e+002,1.066576e+002
4.652426e+002,1.071568e+002
4.657247e+002,1.075604e+002
4.662068e+002,1.079187e+002
4.666890e+002,1.082602e+002
4.671711e+002,1.086328e+002
4.676532e+002,1.089949e+002
4.681353e+002,1.093263e+002
4.686174e+002,1.096088e+002
4.690995e+002,1.098909e+002
4.695817e+002,1.100692e+002
4.700638e+002,1.102225e+002
4.705459e+002,1.103666e+002
4.710280e+002,1.105314e+002
4.715101e+002,1.107415e+002
4.719922e+002,1.110072e+002
4.724744e+002,1.113295e+002
4.729565e+002,1.116879e+002
4.734386e+002,1.120266e+002
4.739207e+002,1.123462e+002
4.744028e+002,1.126105e+002
4.748849e+002,1.128743e+002
4.753671e+002,1.130869e+002
4.758492e+002,1.132813e+002
4.763313e+002,1.133523e+002
4.768134e+002,1.133615e+002
4.772955e+002,1.132569e+002
4.777776e+002,1.131526e+002
4.782598e+002,1.130324e+002
4.787419e+002,1.129677e+002
4.792240e+002,1.129795e+002
4.797061e+002,1.130132e+002
4.801882e+002,1.130856e+002
4.806703e+002,1.131676e+002
4.811525e+002,1.132503e+002
4.816346e+002,1.133409e+002
4.821167e+002,1.134182e+002
4.825988e+002,1.134759e+002
4.830809e+002,1.135087e+002
4.835630e+002,1.135670e+002
4.840452e+002,1.136588e+002
4.845273e+002,1.137213e+002
4.850094e+002,1.137901e+002
4.854915e+002,1.137963e+002
4.859736e+002,1.138676e+002
4.864557e+002,1.138076e+002
4.869379e+002,1.137268e+002
4.874200e+002,1.136017e+002
4.879021e+002,1.134512e+002
4.883842e+002,1.132869e+002
4.888663e+002,1.131136e+002
4.893484e+002,1.129700e+002
4.898306e+002,1.128950e+002
4.903127e+002,1.128919e+002
4.907948e+002,1.129388e+002
4.912769e+002,1.130202e+002
4.917590e+002,1.131348e+002
4.922411e+002,1.132066e+002
4.927233e+002,1.132662e+002
4.932054e+002,1.132708e+002
4.936875e+002,1.133103e+002
4.941696e+002,1.133323e+002
4.946517e+002,1.133679e+002
4.951339e+002,1.133859e+002
4.956160e+002,1.134136e+002
4.960981e+002,1.134187e+002
4.965802e+002,1.133918e+002
4.970623e+002,1.133062e+002
4.975444e+002,1.132065e+002
4.980266e+002,1.130881e+002
4.985087e+002,1.130418e+002
4.989908e+002,1.128947e+002
4.994729e+002,1.127003e+002
4.999550e+002,1.125701e+002
5.004371e+002,1.124066e+002
5.009193e+002,1.122669e+002
5.014014e+002,1.121424e+002
5.018835e+002,1.120443e+002
5.023656e+002,1.120284e+002
5.028477e+002,1.120530e+002
5.033299e+002,1.121391e+002
5.038120e+002,1.122688e+002
5.042941e+002,1.123859e+002
5.047762e+002,1.125016e+002
5.052583e+002,1.126098e+002
5.057404e+002,1.126442e+002
5.062226e+002,1.126878e+002
5.067047e+002,1.127387e+002
5.071868e+002,1.127968e+002
5.076689e+002,1.128663e+002
5.081510e+002,1.129629e+002
5.086331e+002,1.130551e+002
5.091153e+002,1.131526e+002
5.095974e+002,1.132359e+002
5.100795e+002,1.133004e+002
5.105616e+002,1.133311e+002
5.110437e+002,1.132944e+002
5.115258e+002,1.132312e+002
5.120079e+002,1.131432e+002
5.124901e+002,1.130950e+002
5.129722e+002,1.130653e+002
5.134543e+002,1.129205e+002
5.139364e+002,1.127642e+002
5.144185e+002,1.125933e+002
5.149006e+002,1.124088e+002
5.153828e+002,1.122195e+002
5.158649e+002,1.120413e+002
5.163470e+002,1.118894e+002
5.168291e+002,1.118055e+002
5.173112e+002,1.117567e+002
5.177933e+002,1.117443e+002
5.182755e+002,1.116042e+002
5.187576e+002,1.116486e+002
5.192397e+002,1.117102e+002
5.197218e+002,1.117615e+002
5.202039e+002,1.117922e+002
5.206860e+002,1.117947e+002
5.211682e+002,1.117636e+002
5.216503e+002,1.116964e+002
5.221324e+002,1.115932e+002
5.226145e+002,1.114599e+002
5.230966e+002,1.112968e+002
5.235787e+002,1.111098e+002
5.240609e+002,1.109142e+002
5.245430e+002,1.107318e+002
5.250251e+002,1.105052e+002
5.255072e+002,1.102570e+002
5.259893e+002,1.099663e+002
5.264714e+002,1.096415e+002
5.269536e+002,1.093156e+002
5.274357e+002,1.089815e+002
5.279178e+002,1.086336e+002
5.283999e+002,1.082817e+002
5.288821e+002,1.079268e+002
5.293641e+002,1.075683e+002
5.298463e+002,1.072068e+002
5.303284e+002,1.068460e+002
5.308105e+002,1.064935e+002
5.312926e+002,1.061597e+002
5.317748e+002,1.058560e+002
5.322568e+002,1.055926e+002
5.327390e+002,1.053773e+002
5.332211e+002,1.052152e+002
5.337032e+002,1.051093e+002
5.341853e+002,1.050611e+002
5.346675e+002,1.050702e+002
5.351495e+002,1.051331e+002
5.356317e+002,1.052434e+002
5.361138e+002,1.053911e+002
5.365959e+002,1.055645e+002
5.370780e+002,1.057523e+002
5.375602e+002,1.059461e+002
5.380422e+002,1.061425e+002
5.385244e+002,1.063425e+002
5.390065e+002,1.065463e+002
5.394886e+002,1.067544e+002
5.399707e+002,1.069703e+002
5.404529e+002,1.071816e+002
5.409349e+002,1.073779e+002
5.414171e+002,1.075562e+002
5.418992e+002,1.077003e+002
5.423813e+002,1.078182e+002
5.428634e+002,1.079150e+002
5.433456e+002,1.079958e+002
5.438276e+002,1.080897e+002
5.443098e+002,1.081391e+002
5.447919e+002,1.081596e+002
5.452740e+002,1.081316e+002
5.457561e+002,1.080934e+002
5.462383e+002,1.080149e+002
5.467203e+002,1.079228e+002
5.472025e+002,1.078363e+002
5.476846e+002,1.077729e+002
5.481667e+002,1.077444e+002
5.486488e+002,1.077534e+002
5.491310e+002,1.077986e+002
5.496130e+002,1.078697e+002
5.500952e+002,1.079571e+002
5.505773e+002,1.080495e+002
5.510594e+002,1.081351e+002
5.515415e+002,1.082035e+002
5.520237e+002,1.082291e+002
5.525057e+002,1.082007e+002
5.529879e+002,1.081621e+002
5.534700e+002,1.080945e+002
5.539521e+002,1.080146e+002
5.544342e+002,1.079419e+002
5.549164e+002,1.078935e+002
5.553984e+002,1.078781e+002
5.558806e+002,1.078930e+002
5.563627e+002,1.079251e+002
5.568448e+002,1.079556e+002
5.573269e+002,1.079670e+002
5.578091e+002,1.079479e+002
5.582911e+002,1.078963e+002
5.587733e+002,1.078161e+002
5.592554e+002,1.077477e+002
5.597375e+002,1.076511e+002
5.602196e+002,1.075593e+002
5.607018e+002,1.074791e+002
5.611838e+002,1.074059e+002
5.616660e+002,1.073472e+002
5.621481e+002,1.073191e+002
5.626302e+002,1.073044e+002
5.631123e+002,1.072965e+002
5.635945e+002,1.072868e+002
5.640765e+002,1.072670e+002
5.645587e+002,1.072329e+002
5.650408e+002,1.071863e+002
5.655229e+002,1.071360e+002
5.660050e+002,1.070942e+002
5.664872e+002,1.070722e+002
5.669692e+002,1.070752e+002
5.674514e+002,1.070993e+002
5.679335e+002,1.071326e+002
5.684156e+002,1.071952e+002
5.688977e+002,1.071988e+002
5.693799e+002,1.071767e+002
5.698619e+002,1.071308e+002
5.703441e+002,1.070702e+002
5.708262e+002,1.070061e+002
5.713083e+002,1.069480e+002
5.717904e+002,1.069002e+002
5.722726e+002,1.068619e+002
5.727546e+002,1.068304e+002
5.732368e+002,1.068037e+002
5.737189e+002,1.067818e+002
5.742010e+002,1.067663e+002
5.746831e+002,1.067577e+002
5.751653e+002,1.067540e+002
5.756473e+002,1.067488e+002
5.761295e+002,1.067338e+002
5.766116e+002,1.067018e+002
5.770938e+002,1.066499e+002
5.775758e+002,1.065802e+002
5.780580e+002,1.064986e+002
5.785400e+002,1.064118e+002
5.790222e+002,1.063244e+002
5.795043e+002,1.062379e+002
5.799865e+002,1.061515e+002
5.804685e+002,1.060638e+002
5.809507e+002,1.059746e+002
5.814327e+002,1.058845e+002
5.819149e+002,1.057932e+002
5.823970e+002,1.056957e+002
5.828792e+002,1.055811e+002
5.833612e+002,1.054321e+002
5.838434e+002,1.052287e+002
5.843254e+002,1.049520e+002
5.848076e+002,1.045866e+002
5.852897e+002,1.041195e+002
5.857719e+002,1.035350e+002
5.862539e+002,1.028077e+002
5.867361e+002,1.018990e+002
5.872181e+002,1.007668e+002
5.877003e+002,9.935629e+001
5.881824e+002,9.764149e+001
5.886646e+002,9.564320e+001
5.891466e+002,9.344636e+001
5.896288e+002,9.120538e+001
5.901108e+002,8.913098e+001
5.905930e+002,8.745878e+001
5.910751e+002,8.640260e+001
5.915573e+002,8.610434e+001
5.920393e+002,8.659612e+001
5.925215e+002,8.778957e+001
5.930035e+002,8.949720e+001
5.934857e+002,9.147865e+001
5.939678e+002,9.349448e+001
5.944500e+002,9.535140e+001
5.949320e+002,9.692838e+001
5.954142e+002,9.818158e+001
5.958962e+002,9.913068e+001
5.963784e+002,9.983442e+001
5.968605e+002,1.003634e+002
5.973427e+002,1.007786e+002
5.978247e+002,1.011200e+002
5.983069e+002,1.014053e+002
5.987889e+002,1.016362e+002
5.992711e+002,1.018056e+002
5.997532e+002,1.019029e+002
6.002354e+002,1.019156e+002
6.007174e+002,1.018275e+002
6.011996e+002,1.016188e+002
6.016816e+002,1.012680e+002
6.021638e+002,1.007597e+002
6.026459e+002,1.000947e+002
6.031281e+002,9.929946e+001
6.036101e+002,9.842966e+001
6.040923e+002,9.756654e+001
6.045743e+002,9.680412e+001
6.050565e+002,9.623157e+001
6.055386e+002,9.591545e+001
6.060208e+002,9.588721e+001
6.065029e+002,9.613926e+001
6.069850e+002,9.663005e+001
6.074671e+002,9.729499e+001
6.079492e+002,9.806012e+001
6.084313e+002,9.885416e+001
6.089135e+002,9.961764e+001
6.093956e+002,1.003076e+002
6.098777e+002,1.008994e+002
6.103598e+002,1.013852e+002
6.108419e+002,1.017714e+002
6.113240e+002,1.020739e+002
6.118062e+002,1.023126e+002
6.122883e+002,1.025066e+002
6.127704e+002,1.026693e+002
6.132525e+002,1.028079e+002
6.137346e+002,1.029236e+002
6.142167e+002,1.030152e+002
6.146989e+002,1.030827e+002
6.151810e+002,1.031296e+002
6.156631e+002,1.031623e+002
6.161452e+002,1.031873e+002
6.166273e+002,1.032076e+002
6.171094e+002,1.032201e+002
6.175916e+002,1.032173e+002
6.180737e+002,1.031924e+002
6.185558e+002,1.031442e+002
6.190379e+002,1.030799e+002
6.195200e+002,1.030134e+002
6.200021e+002,1.029621e+002
6.204843e+002,1.029421e+002
6.209664e+002,1.029643e+002
6.214485e+002,1.030321e+002
6.219306e+002,1.031410e+002
6.224127e+002,1.032816e+002
6.228948e+002,1.034428e+002
6.233770e+002,1.036158e+002
6.238591e+002,1.037950e+002
6.243412e+002,1.039772e+002
6.248233e+002,1.041599e+002
6.253054e+002,1.043391e+002
6.257875e+002,1.045091e+002
6.262697e+002,1.046632e+002
6.267518e+002,1.047960e+002
6.272339e+002,1.049046e+002
6.277160e+002,1.049894e+002
6.281981e+002,1.050530e+002
6.286802e+002,1.050988e+002
6.291624e+002,1.051303e+002
6.296445e+002,1.051503e+002
6.301266e+002,1.051620e+002
6.306087e+002,1.051697e+002
6.310908e+002,1.051792e+002
6.315729e+002,1.051961e+002
6.320551e+002,1.052245e+002
6.325372e+002,1.052648e+002
6.330193e+002,1.053133e+002
6.335014e+002,1.053633e+002
6.339835e+002,1.054082e+002
6.344656e+002,1.054436e+002
6.349478e+002,1.054694e+002
6.354299e+002,1.054887e+002
6.359120e+002,1.055055e+002
6.363941e+002,1.055218e+002
6.368762e+002,1.055356e+002
6.373583e+002,1.055422e+002
6.378405e+002,1.055365e+002
6.383226e+002,1.055169e+002
6.388047e+002,1.054874e+002
6.392868e+002,1.054575e+002
6.397689e+002,1.054386e+002
6.402510e+002,1.054401e+002
6.407332e+002,1.054651e+002
6.412153e+002,1.055092e+002
6.416974e+002,1.055623e+002
6.421795e+002,1.056121e+002
6.426616e+002,1.056489e+002
6.431437e+002,1.056677e+002
6.436259e+002,1.056688e+002
6.441080e+002,1.056560e+002
6.445901e+002,1.056338e+002
6.450722e+002,1.056061e+002
6.455543e+002,1.055754e+002
6.460364e+002,1.055440e+002
6.465186e+002,1.055153e+002
6.470007e+002,1.054942e+002
6.474828e+002,1.054862e+002
6.479649e+002,1.054947e+002
6.484470e+002,1.055198e+002
6.489291e+002,1.055574e+002
6.494113e+002,1.056002e+002
6.498934e+002,1.056399e+002
6.503755e+002,1.056679e+002
6.508576e+002,1.056768e+002
6.513397e+002,1.056600e+002
6.518218e+002,1.056124e+002
6.523040e+002,1.055319e+002
6.527861e+002,1.054201e+002
6.532682e+002,1.052838e+002
6.537503e+002,1.051348e+002
6.542324e+002,1.049879e+002
6.547145e+002,1.048569e+002
6.551967e+002,1.047505e+002
6.556788e+002,1.046682e+002
6.561609e+002,1.046001e+002
6.566430e+002,1.045300e+002
6.571251e+002,1.044405e+002
6.576072e+002,1.043192e+002
6.580894e+002,1.041626e+002
6.585715e+002,1.039753e+002
6.590536e+002,1.037670e+002
6.595357e+002,1.035457e+002
6.600178e+002,1.033140e+002
6.604999e+002,1.030665e+002
6.609821e+002,1.027925e+002
6.614642e+002,1.024804e+002
6.619463e+002,1.021228e+002
6.624284e+002,1.017183e+002
6.629105e+002,1.012706e+002
6.633926e+002,1.007830e+002
6.638748e+002,1.002534e+002
6.643569e+002,9.967010e+001
6.648390e+002,9.901331e+001
6.653211e+002,9.826077e+001
6.658032e+002,9.739757e+001
6.662853e+002,9.642875e+001
6.667675e+002,9.539328e+001
6.672496e+002,9.436652e+001
6.677317e+002,9.342623e+001
6.682138e+002,9.258062e+001
6.686959e+002,9.175242e+001
6.691780e+002,9.087740e+001
6.696602e+002,8.994755e+001
6.701423e+002,8.894152e+001
6.706244e+002,8.779321e+001
6.711065e+002,8.642018e+001
6.715886e+002,8.475659e+001
6.720707e+002,8.277694e+001
6.725529e+002,8.051353e+001
6.730350e+002,7.806711e+001
6.735171e+002,7.560435e+001
6.739992e+002,7.334021e+001
6.744813e+002,7.150954e+001
6.749634e+002,7.033488e+001
6.754456e+002,6.999344e+001
6.759277e+002,7.058488e+001
6.764098e+002,7.210646e+001
6.768919e+002,7.444691e+001
6.773740e+002,7.740712e+001
6.778561e+002,8.074275e+001
6.783383e+002,8.421152e+001
6.788204e+002,8.760718e+001
6.793025e+002,9.077357e+001
6.797846e+002,9.360361e+001
6.802667e+002,9.603328e+001
6.807488e+002,9.803708e+001
6.812310e+002,9.962613e+001
6.817131e+002,1.008439e+002
6.821952e+002,1.017576e+002
6.826773e+002,1.024441e+002
6.831594e+002,1.029755e+002
6.836415e+002,1.034065e+002
6.841237e+002,1.037686e+002
6.846058e+002,1.040709e+002
6.850879e+002,1.043057e+002
6.855700e+002,1.044555e+002
6.860521e+002,1.044973e+002
6.865342e+002,1.044027e+002
6.870164e+002,1.041370e+002
6.874985e+002,1.036613e+002
6.879806e+002,1.029407e+002
6.884627e+002,1.019603e+002
6.889448e+002,1.007426e+002
6.894269e+002,9.936060e+001
6.899091e+002,9.793845e+001
6.903912e+002,9.663832e+001
6.908733e+002,9.563335e+001
6.913554e+002,9.507257e+001
6.918375e+002,9.504572e+001
6.923196e+002,9.555972e+001
6.928018e+002,9.653542e+001
6.932839e+002,9.782776e+001
6.937660e+002,9.926200e+001
6.942481e+002,1.006726e+002
6.947302e+002,1.019342e+002
6.952123e+002,1.029757e+002
6.956945e+002,1.037795e+002
6.961766e+002,1.043688e+002
6.966587e+002,1.047890e+002
6.971408e+002,1.050907e+002
6.976229e+002,1.053172e+002
6.981050e+002,1.054997e+002
6.985872e+002,1.056564e+002
6.990693e+002,1.057959e+002
6.995514e+002,1.059201e+002
7.000335e+002,1.060278e+002
7.005156e+002,1.061172e+002
7.009977e+002,1.061875e+002
7.014799e+002,1.062407e+002
7.019620e+002,1.062811e+002
7.024441e+002,1.063153e+002
7.029262e+002,1.063498e+002
7.034083e+002,1.063893e+002
7.038904e+002,1.064347e+002
7.043726e+002,1.064827e+002
7.048547e+002,1.065269e+002
7.053368e+002,1.065599e+002
7.058189e+002,1.065760e+002
7.063010e+002,1.065724e+002
7.067831e+002,1.065502e+002
7.072653e+002,1.065135e+002
7.077474e+002,1.064680e+002
7.082295e+002,1.064200e+002
7.087116e+002,1.063746e+002
7.091937e+002,1.063359e+002
7.096758e+002,1.063065e+002
7.101580e+002,1.062874e+002
7.106401e+002,1.062786e+002
7.111222e+002,1.062786e+002
7.116043e+002,1.062852e+002
7.120864e+002,1.062962e+002
7.125685e+002,1.063095e+002
7.130507e+002,1.063243e+002
7.135328e+002,1.063407e+002
7.140149e+002,1.063595e+002
7.144970e+002,1.063810e+002
7.149791e+002,1.064057e+002
7.154612e+002,1.064336e+002
7.159434e+002,1.064657e+002
7.164255e+002,1.065041e+002
7.169076e+002,1.065519e+002
7.173897e+002,1.066121e+002
7.178718e+002,1.066853e+002
7.183539e+002,1.067674e+002
7.188361e+002,1.068490e+002
7.193182e+002,1.069159e+002
7.198003e+002,1.069537e+002
7.202824e+002,1.069528e+002
7.207645e+002,1.069137e+002
7.212466e+002,1.068466e+002
7.217288e+002,1.067682e+002
7.222109e+002,1.066950e+002
7.226930e+002,1.066380e+002
7.231751e+002,1.065997e+002
7.236572e+002,1.065755e+002
7.241393e+002,1.065572e+002
7.246215e+002,1.065368e+002
7.251036e+002,1.065101e+002
7.255857e+002,1.064777e+002
7.260678e+002,1.064436e+002
7.265499e+002,1.064131e+002
7.270320e+002,1.063901e+002
7.275142e+002,1.063752e+002
7.279963e+002,1.063668e+002
7.284784e+002,1.063618e+002
7.289605e+002,1.063576e+002
7.294426e+002,1.063528e+002
7.299247e+002,1.063466e+002
7.304069e+002,1.063381e+002
7.308890e+002,1.063248e+002
7.313711e+002,1.063029e+002
7.318532e+002,1.062673e+002
7.323353e+002,1.062128e+002
7.328174e+002,1.061347e+002
7.332996e+002,1.060285e+002
7.337817e+002,1.058903e+002
7.342638e+002,1.057159e+002
7.347459e+002,1.055031e+002
7.352280e+002,1.052540e+002
7.357101e+002,1.049782e+002
7.361923e+002,1.046950e+002
7.366744e+002,1.044317e+002
7.371565e+002,1.042194e+002
7.376386e+002,1.040856e+002
7.381207e+002,1.040452e+002
7.386028e+002,1.040958e+002
7.390850e+002,1.042164e+002
7.395671e+002,1.043730e+002
7.400492e+002,1.045276e+002
7.405313e+002,1.046489e+002
7.410134e+002,1.047196e+002
7.414955e+002,1.047394e+002
7.419777e+002,1.047229e+002
7.424598e+002,1.046928e+002
7.429419e+002,1.046732e+002
7.434240e+002,1.046829e+002
7.439061e+002,1.047316e+002
7.443882e+002,1.048201e+002
7.448704e+002,1.049416e+002
7.453525e+002,1.050842e+002
7.458346e+002,1.052338e+002
7.463167e+002,1.053766e+002
7.467988e+002,1.055015e+002
7.472809e+002,1.056024e+002
7.477631e+002,1.056783e+002
7.482452e+002,1.057335e+002
7.487273e+002,1.057754e+002
7.492094e+002,1.058111e+002
7.496915e+002,1.058452e+002
7.501736e+002,1.058773e+002
7.506558e+002,1.059030e+002
7.511379e+002,1.059158e+002
7.516200e+002,1.059106e+002
7.521021e+002,1.058857e+002
7.525842e+002,1.058434e+002
7.530663e+002,1.057881e+002
7.535485e+002,1.057235e+002
7.540306e+002,1.056509e+002
7.545127e+002,1.055687e+002
7.549948e+002,1.054742e+002
7.554769e+002,1.053667e+002
7.559590e+002,1.052487e+002
7.564412e+002,1.051261e+002
7.569233e+002,1.050051e+002
7.574054e+002,1.048891e+002
7.578875e+002,1.047760e+002
7.583696e+002,1.046589e+002
7.588517e+002,1.045278e+002
7.593339e+002,1.043715e+002
7.598160e+002,1.041755e+002
7.602981e+002,1.039181e+002
7.607802e+002,1.035542e+002
7.612623e+002,1.030164e+002
7.617444e+002,1.022167e+002
7.622266e+002,1.010640e+002
7.627087e+002,9.949419e+001
7.631908e+002,9.750663e+001
7.636729e+002,9.519353e+001
7.641550e+002,9.275003e+001
7.646371e+002,9.045462e+001
7.651193e+002,8.861922e+001
7.656014e+002,8.752058e+001
7.660835e+002,8.733381e+001
7.665656e+002,8.809003e+001
7.670477e+002,8.967101e+001
7.675298e+002,9.184049e+001
7.680120e+002,9.430076e+001
7.684941e+002,9.675780e+001
7.689762e+002,9.897730e+001
7.694583e+002,1.008181e+002
7.699404e+002,1.022369e+002
7.704225e+002,1.032679e+002
7.709047e+002,1.039882e+002
7.713868e+002,1.044846e+002
7.718689e+002,1.048300e+002
7.723510e+002,1.050752e+002
7.728331e+002,1.052514e+002
7.733152e+002,1.053775e+002
7.737974e+002,1.054668e+002
7.742795e+002,1.055294e+002
7.747616e+002,1.055712e+002
7.752437e+002,1.055932e+002
7.757258e+002,1.055916e+002
7.762079e+002,1.055617e+002
7.766901e+002,1.055027e+002
7.771722e+002,1.054210e+002
7.776543e+002,1.053304e+002
7.781364e+002,1.052479e+002
7.786185e+002,1.051881e+002
7.791006e+002,1.051592e+002
7.795828e+002,1.051606e+002
7.800649e+002,1.051845e+002
7.805470e+002,1.052204e+002
7.810291e+002,1.052577e+002
7.815112e+002,1.052886e+002
7.819933e+002,1.053072e+002
7.824755e+002,1.053085e+002
7.829576e+002,1.052870e+002
7.834397e+002,1.052374e+002
7.839218e+002,1.051568e+002
7.844039e+002,1.050468e+002
7.848860e+002,1.049142e+002
7.853682e+002,1.047699e+002
7.858503e+002,1.046248e+002
7.863324e+002,1.044865e+002
7.868145e+002,1.043566e+002
7.872966e+002,1.042315e+002
7.877787e+002,1.041056e+002
7.882609e+002,1.039741e+002
7.887430e+002,1.038359e+002
7.892251e+002,1.036929e+002
7.897072e+002,1.035476e+002
7.901893e+002,1.033994e+002
7.906714e+002,1.032426e+002
7.911536e+002,1.030662e+002
7.916357e+002,1.028573e+002
7.921178e+002,1.026040e+002
7.925999e+002,1.022979e+002
7.930820e+002,1.019344e+002
7.935641e+002,1.015099e+002
7.940463e+002,1.010196e+002
7.945284e+002,1.004559e+002
7.950105e+002,9.981037e+001
7.954926e+002,9.907768e+001
7.959747e+002,9.826074e+001
7.964568e+002,9.737376e+001
7.969390e+002,9.644150e+001
7.974211e+002,9.549519e+001
7.979032e+002,9.456598e+001
7.983853e+002,9.367930e+001
7.988674e+002,9.285135e+001
7.993495e+002,9.208866e+001
7.998317e+002,9.139035e+001
8.003138e+002,9.075161e+001
8.007959e+002,9.016750e+001
8.012780e+002,8.963573e+001
8.017601e+002,8.915851e+001
8.022422e+002,8.874335e+001
8.027244e+002,8.840304e+001
8.032065e+002,8.815481e+001
8.036886e+002,8.801897e+001
8.041707e+002,8.801655e+001
8.046528e+002,8.816652e+001
8.051349e+002,8.848264e+001
8.056171e+002,8.897092e+001
8.060992e+002,8.962756e+001
8.065813e+002,9.043801e+001
8.070634e+002,9.137742e+001
8.075455e+002,9.241245e+001
8.080276e+002,9.350478e+001
8.085098e+002,9.461469e+001
8.089919e+002,9.570478e+001
8.094740e+002,9.674258e+001
8.099561e+002,9.770227e+001
8.104382e+002,9.856592e+001
8.109203e+002,9.932463e+001
8.114025e+002,9.997903e+001
8.118846e+002,1.005384e+002
8.123667e+002,1.010178e+002
8.128489e+002,1.014343e+002
8.133309e+002,1.018022e+002
8.138131e+002,1.021303e+002
8.142952e+002,1.024214e+002
8.147773e+002,1.026744e+002
8.152594e+002,1.028878e+002
8.157416e+002,1.030631e+002
8.162236e+002,1.032055e+002
8.167058e+002,1.033236e+002
8.171879e+002,1.034261e+002
8.176700e+002,1.035195e+002
8.181521e+002,1.036065e+002
8.186343e+002,1.036869e+002
8.191163e+002,1.037587e+002
8.195985e+002,1.038208e+002
8.200806e+002,1.038737e+002
8.205627e+002,1.039187e+002
8.210448e+002,1.039567e+002
8.215270e+002,1.039871e+002
8.220090e+002,1.040067e+002
8.224912e+002,1.040116e+002
8.229733e+002,1.039994e+002
8.234554e+002,1.039707e+002
8.239375e+002,1.039300e+002
8.244197e+002,1.038848e+002
8.249017e+002,1.038432e+002
8.253839e+002,1.038114e+002
8.258660e+002,1.037926e+002
8.263481e+002,1.037866e+002
8.268302e+002,1.037908e+002
8.273124e+002,1.038014e+002
8.277944e+002,1.038151e+002
8.282766e+002,1.038286e+002
8.287587e+002,1.038393e+002
8.292408e+002,1.038447e+002
8.297229e+002,1.038431e+002
8.302051e+002,1.038342e+002
8.306871e+002,1.038197e+002
8.311693e+002,1.038038e+002
8.316514e+002,1.037919e+002
8.321335e+002,1.037893e+002
8.326156e+002,1.037995e+002
8.330978e+002,1.038236e+002
8.335798e+002,1.038603e+002
8.340620e+002,1.039069e+002
8.345441e+002,1.039611e+002
8.350262e+002,1.040213e+002
8.355083e+002,1.040866e+002
8.359905e+002,1.041555e+002
8.364725e+002,1.042250e+002
8.369547e+002,1.042900e+002
8.374368e+002,1.043447e+002
8.379189e+002,1.043844e+002
8.384010e+002,1.044077e+002
8.388832e+002,1.044172e+002
8.393652e+002,1.044184e+002
8.398474e+002,1.044173e+002
8.403295e+002,1.044179e+002
8.408116e+002,1.044206e+002
8.412937e+002,1.044227e+002
8.417759e+002,1.044202e+002
8.422579e+002,1.044112e+002
8.427401e+002,1.043972e+002
8.432222e+002,1.043835e+002
8.437043e+002,1.043768e+002
8.441864e+002,1.043826e+002
8.446686e+002,1.044019e+002
8.451506e+002,1.044307e+002
8.456328e+002,1.044608e+002
8.461149e+002,1.044823e+002
8.465970e+002,1.044864e+002
8.470791e+002,1.044675e+002
8.475613e+002,1.044238e+002
8.480433e+002,1.043568e+002
8.485255e+002,1.042700e+002
8.490076e+002,1.041679e+002
8.494897e+002,1.040549e+002
8.499718e+002,1.039345e+002
8.504540e+002,1.038086e+002
8.509360e+002,1.036750e+002
8.514182e+002,1.035263e+002
8.519003e+002,1.033485e+002
8.523824e+002,1.031204e+002
8.528645e+002,1.028141e+002
8.533467e+002,1.023966e+002
8.538287e+002,1.018319e+002
8.543109e+002,1.010835e+002
8.547930e+002,1.001188e+002
8.552751e+002,9.891449e+001
8.557572e+002,9.746593e+001
8.562394e+002,9.579697e+001
8.567214e+002,9.396953e+001
8.572036e+002,9.208729e+001
8.576857e+002,9.028873e+001
8.581678e+002,8.872874e+001
8.586499e+002,8.755161e+001
8.591321e+002,8.686388e+001
8.596141e+002,8.671539e+001
8.600963e+002,8.709374e+001
8.605784e+002,8.793198e+001
8.610605e+002,8.912595e+001
8.615426e+002,9.055563e+001
8.620248e+002,9.210449e+001
8.625068e+002,9.367290e+001
8.629890e+002,9.518317e+001
8.634711e+002,9.657721e+001
8.639532e+002,9.781054e+001
8.644353e+002,9.884667e+001
8.649175e+002,9.965465e+001
8.653995e+002,1.002100e+002
8.658817e+002,1.004975e+002
8.663638e+002,1.005119e+002
8.668459e+002,1.002581e+002
8.673280e+002,9.974911e+001
8.678102e+002,9.900585e+001
8.682922e+002,9.806044e+001
8.687744e+002,9.696210e+001
8.692565e+002,9.578304e+001
8.697386e+002,9.462000e+001
8.702207e+002,9.358813e+001
8.707029e+002,9.280759e+001
8.711849e+002,9.238519e+001
8.716671e+002,9.239586e+001
8.721492e+002,9.286878e+001
8.726313e+002,9.378176e+001
8.731134e+002,9.506606e+001
8.735956e+002,9.662012e+001
8.740776e+002,9.832891e+001
8.745598e+002,1.000825e+002
8.750419e+002,1.017892e+002
8.755240e+002,1.033818e+002
8.760061e+002,1.048168e+002
8.764883e+002,1.060723e+002
8.769703e+002,1.071437e+002
8.774525e+002,1.080409e+002
8.779346e+002,1.087836e+002
8.784167e+002,1.093975e+002
8.788988e+002,1.099080e+002
8.793810e+002,1.103358e+002
8.798630e+002,1.106941e+002
8.803452e+002,1.109897e+002
8.808273e+002,1.112260e+002
8.813094e+002,1.114070e+002
8.817915e+002,1.115402e+002
8.822737e+002,1.116368e+002
8.827557e+002,1.117088e+002
8.832379e+002,1.117662e+002
8.837200e+002,1.118147e+002
8.842021e+002,1.118554e+002
8.846842e+002,1.118877e+002
8.851664e+002,1.119112e+002
8.856484e+002,1.119284e+002
8.861306e+002,1.119440e+002
8.866127e+002,1.119624e+002
8.870948e+002,1.119851e+002
8.875769e+002,1.120089e+002
8.880591e+002,1.120270e+002
8.885411e+002,1.120320e+002
8.890233e+002,1.120197e+002
8.895054e+002,1.119917e+002
8.899875e+002,1.119548e+002
8.904696e+002,1.119185e+002
8.909518e+002,1.118906e+002
8.914338e+002,1.118742e+002
8.919160e+002,1.118670e+002
8.923981e+002,1.118629e+002
8.928802e+002,1.118555e+002
8.933623e+002,1.118413e+002
8.938445e+002,1.118204e+002
8.943265e+002,1.117963e+002
8.948087e+002,1.117725e+002
8.952908e+002,1.117505e+002
8.957729e+002,1.117281e+002
8.962550e+002,1.117005e+002
8.967372e+002,1.116623e+002
8.972192e+002,1.116096e+002
8.977014e+002,1.115420e+002
8.981835e+002,1.114617e+002
8.986656e+002,1.113728e+002
8.991477e+002,1.112795e+002
8.996299e+002,1.111850e+002
9.001119e+002,1.110908e+002
9.005941e+002,1.109977e+002
9.010762e+002,1.109061e+002
9.015583e+002,1.108160e+002
9.020404e+002,1.107272e+002
9.025226e+002,1.106385e+002
9.030046e+002,1.105485e+002
9.034868e+002,1.104556e+002
9.039689e+002,1.103586e+002
9.044510e+002,1.102579e+002
9.049331e+002,1.101543e+002
9.054153e+002,1.100486e+002
9.058973e+002,1.099398e+002
9.063795e+002,1.098248e+002
9.068616e+002,1.096983e+002
9.073438e+002,1.095542e+002
9.078258e+002,1.093877e+002
9.083080e+002,1.091967e+002
9.087900e+002,1.089822e+002
9.092722e+002,1.087467e+002
9.097543e+002,1.084926e+002
9.102365e+002,1.082205e+002
9.107185e+002,1.079273e+002
9.112007e+002,1.076078e+002
9.116828e+002,1.072549e+002
9.121649e+002,1.068615e+002
9.126470e+002,1.064215e+002
9.131292e+002,1.059292e+002
9.136113e+002,1.053794e+002
9.140934e+002,1.047667e+002
9.145755e+002,1.040852e+002
9.150576e+002,1.033293e+002
9.155397e+002,1.024935e+002
9.160219e+002,1.015730e+002
9.165040e+002,1.005630e+002
9.169861e+002,9.945911e+001
9.174682e+002,9.825748e+001
9.179503e+002,9.695719e+001
9.184324e+002,9.556284e+001
9.189146e+002,9.408747e+001
9.193967e+002,9.255373e+001
9.198788e+002,9.099327e+001
9.203609e+002,8.944380e+001
9.208430e+002,8.794543e+001
9.213251e+002,8.653746e+001
9.218073e+002,8.525604e+001
9.222894e+002,8.413268e+001
9.227715e+002,8.319257e+001
9.232536e+002,8.245271e+001
9.237357e+002,8.191957e+001
9.242178e+002,8.158713e+001
9.247000e+002,8.143659e+001
9.251821e+002,8.143776e+001
9.256642e+002,8.155215e+001
9.261463e+002,8.173737e+001
9.266284e+002,8.195222e+001
9.271105e+002,8.216197e+001
9.275927e+002,8.234290e+001
9.280748e+002,8.248549e+001
9.285569e+002,8.259586e+001
9.290390e+002,8.269523e+001
9.295211e+002,8.281732e+001
9.300032e+002,8.300466e+001
9.304854e+002,8.330311e+001
9.309675e+002,8.375578e+001
9.314496e+002,8.439680e+001
9.319317e+002,8.524580e+001
9.324138e+002,8.630469e+001
9.328959e+002,8.755654e+001
9.333781e+002,8.896713e+001
9.338602e+002,9.048909e+001
9.343423e+002,9.206786e+001
9.348244e+002,9.364893e+001
9.353065e+002,9.518511e+001
9.357886e+002,9.664144e+001
9.362708e+002,9.799712e+001
9.367529e+002,9.924368e+001
9.372350e+002,1.003812e+002
9.377171e+002,1.014142e+002
9.381992e+002,1.023490e+002
9.386813e+002,1.031924e+002
9.391635e+002,1.039520e+002
9.396456e+002,1.046356e+002
9.401277e+002,1.052509e+002
9.406098e+002,1.058037e+002
9.410919e+002,1.062972e+002
9.415740e+002,1.067321e+002
9.420562e+002,1.071086e+002
9.425383e+002,1.074286e+002
9.430204e+002,1.076978e+002
9.435025e+002,1.079260e+002
9.439846e+002,1.081247e+002
9.444667e+002,1.083039e+002
9.449489e+002,1.084696e+002
9.454310e+002,1.086224e+002
9.459131e+002,1.087588e+002
9.463952e+002,1.088747e+002
9.468773e+002,1.089677e+002
9.473594e+002,1.090392e+002
9.478416e+002,1.090941e+002
9.483237e+002,1.091380e+002
9.488058e+002,1.091752e+002
9.492879e+002,1.092071e+002
9.497700e+002,1.092325e+002
9.502521e+002,1.092495e+002
9.507343e+002,1.092567e+002
9.512164e+002,1.092545e+002
9.516985e+002,1.092450e+002
9.521806e+002,1.092304e+002
9.526627e+002,1.092125e+002
9.531448e+002,1.091924e+002
9.536270e+002,1.091719e+002
9.541091e+002,1.091542e+002
9.545912e+002,1.091444e+002
9.550733e+002,1.091481e+002
9.555554e+002,1.091683e+002
9.560375e+002,1.092037e+002
9.565197e+002,1.092467e+002
9.570018e+002,1.092858e+002
9.574839e+002,1.093094e+002
9.579660e+002,1.093102e+002
9.584481e+002,1.092887e+002
9.589302e+002,1.092533e+002
9.594124e+002,1.092168e+002
9.598945e+002,1.091917e+002
9.603766e+002,1.091855e+002
9.608587e+002,1.091986e+002
9.613408e+002,1.092256e+002
9.618229e+002,1.092585e+002
9.623051e+002,1.092907e+002
9.627872e+002,1.093190e+002
9.632693e+002,1.093434e+002
9.637514e+002,1.093651e+002
9.642335e+002,1.093840e+002
9.647156e+002,1.093981e+002
9.651978e+002,1.094041e+002
9.656799e+002,1.094002e+002
9.661620e+002,1.093877e+002
9.666441e+002,1.093720e+002
9.671262e+002,1.093606e+002
9.676083e+002,1.093597e+002
9.680905e+002,1.093722e+002
9.685726e+002,1.093966e+002
9.690547e+002,1.094281e+002
9.695368e+002,1.094621e+002
9.700189e+002,1.094963e+002
9.705010e+002,1.095316e+002
9.709832e+002,1.095701e+002
9.714653e+002,1.096135e+002
9.719474e+002,1.096596e+002
9.724295e+002,1.097035e+002
9.729116e+002,1.097397e+002
9.733937e+002,1.097654e+002
9.738759e+002,1.097833e+002
9.743580e+002,1.098014e+002
9.748401e+002,1.098297e+002
9.753222e+002,1.098757e+002
9.758043e+002,1.099400e+002
9.762864e+002,1.100160e+002
9.767686e+002,1.100918e+002
9.772507e+002,1.101554e+002
9.777328e+002,1.101993e+002
9.782149e+002,1.102227e+002
9.786970e+002,1.102298e+002
9.791791e+002,1.102263e+002
9.796613e+002,1.102157e+002
9.801434e+002,1.101976e+002
9.806255e+002,1.101688e+002
9.811076e+002,1.101278e+002
9.815897e+002,1.100769e+002
9.820718e+002,1.100238e+002
9.825540e+002,1.099780e+002
9.830361e+002,1.099465e+002
9.835182e+002,1.099293e+002
9.840003e+002,1.099180e+002
9.844824e+002,1.098976e+002
9.849645e+002,1.098518e+002
9.854467e+002,1.097673e+002
9.859288e+002,1.096361e+002
9.864109e+002,1.094543e+002
9.868930e+002,1.092192e+002
9.873751e+002,1.089270e+002
9.878572e+002,1.085738e+002
9.883394e+002,1.081593e+002
9.888215e+002,1.076929e+002
9.893036e+002,1.071963e+002
9.897857e+002,1.067021e+002
9.902678e+002,1.062453e+002
9.907499e+002,1.058530e+002
9.912321e+002,1.055338e+002
9.917142e+002,1.052714e+002
9.921963e+002,1.050238e+002
9.926784e+002,1.047254e+002
9.931605e+002,1.042892e+002
9.936426e+002,1.036088e+002
9.941248e+002,1.025586e+002
9.946069e+002,1.009991e+002
9.950890e+002,9.879372e+001
9.955711e+002,9.584119e+001
9.960532e+002,9.212017e+001
9.965353e+002,8.773456e+001
9.970175e+002,8.294114e+001
9.974996e+002,7.814293e+001
9.979817e+002,7.384120e+001
9.984638e+002,7.055248e+001
9.989459e+002,6.870833e+001
9.994280e+002,6.856253e+001
9.999102e+002,7.013159e+001
1.000392e+003,7.318785e+001
1.000874e+003,7.731134e+001
1.001357e+003,8.198650e+001
1.001839e+003,8.671338e+001
1.002321e+003,9.110009e+001
1.002803e+003,9.491257e+001
1.003285e+003,9.807626e+001
1.003767e+003,1.006398e+002
1.004249e+003,1.027199e+002
1.004731e+003,1.044473e+002
1.005213e+003,1.059282e+002
1.005696e+003,1.072287e+002
1.006178e+003,1.083772e+002
1.006660e+003,1.093786e+002
1.007142e+003,1.102294e+002
1.007624e+003,1.109285e+002
1.008106e+003,1.114819e+002
1.008588e+003,1.119027e+002
1.009070e+003,1.122088e+002
1.009552e+003,1.124210e+002
1.010035e+003,1.125613e+002
1.010517e+003,1.126525e+002
1.010999e+003,1.127162e+002
1.011481e+003,1.127709e+002
1.011963e+003,1.128289e+002
1.012445e+003,1.128953e+002
1.012927e+003,1.129679e+002
1.013409e+003,1.130401e+002
1.013892e+003,1.131041e+002
1.014374e+003,1.131544e+002
1.014856e+003,1.131891e+002
1.015338e+003,1.132101e+002
1.015820e+003,1.132210e+002
1.016302e+003,1.132257e+002
1.016784e+003,1.132266e+002
1.017266e+003,1.132241e+002
1.017748e+003,1.132176e+002
1.018231e+003,1.132056e+002
1.018713e+003,1.131865e+002
1.019195e+003,1.131587e+002
1.019677e+003,1.131203e+002
1.020159e+003,1.130698e+002
1.020641e+003,1.130057e+002
1.021123e+003,1.129276e+002
1.021605e+003,1.128361e+002
1.022088e+003,1.127338e+002
1.022570e+003,1.126241e+002
1.023052e+003,1.125114e+002
1.023534e+003,1.124000e+002
1.024016e+003,1.122938e+002
1.024498e+003,1.121956e+002
1.024980e+003,1.121069e+002
1.025462e+003,1.120276e+002
1.025944e+003,1.119560e+002
1.026427e+003,1.118890e+002
1.026909e+003,1.118225e+002
1.027391e+003,1.117523e+002
1.027873e+003,1.116754e+002
1.028355e+003,1.115901e+002
1.028837e+003,1.114970e+002
1.029319e+003,1.113976e+002
1.029801e+003,1.112935e+002
1.030283e+003,1.111850e+002
1.030766e+003,1.110713e+002
1.031248e+003,1.109509e+002
1.031730e+003,1.108232e+002
1.032212e+003,1.106903e+002
1.032694e+003,1.105580e+002
1.033176e+003,1.104355e+002
1.033658e+003,1.103341e+002
1.034140e+003,1.102644e+002
1.034623e+003,1.102337e+002
1.035105e+003,1.102446e+002
1.035587e+003,1.102943e+002
1.036069e+003,1.103755e+002
1.036551e+003,1.104778e+002
1.037033e+003,1.105904e+002
1.037515e+003,1.107025e+002
1.037997e+003,1.108050e+002
1.038479e+003,1.108906e+002
1.038962e+003,1.109545e+002
1.039444e+003,1.109947e+002
1.039926e+003,1.110117e+002
1.040408e+003,1.110090e+002
1.040890e+003,1.109912e+002
1.041372e+003,1.109635e+002
1.041854e+003,1.109306e+002
1.042336e+003,1.108956e+002
1.042819e+003,1.108599e+002
1.043301e+003,1.108239e+002
1.043783e+003,1.107869e+002
1.044265e+003,1.107476e+002
1.044747e+003,1.107037e+002
1.045229e+003,1.106524e+002
1.045711e+003,1.105900e+002
1.046193e+003,1.105128e+002
1.046676e+003,1.104185e+002
1.047158e+003,1.103067e+002
1.047640e+003,1.101794e+002
1.048122e+003,1.100408e+002
1.048604e+003,1.098960e+002
1.049086e+003,1.097497e+002
1.049568e+003,1.096053e+002
1.050050e+003,1.094648e+002
1.050532e+003,1.093301e+002
1.051015e+003,1.092034e+002
1.051497e+003,1.090887e+002
1.051979e+003,1.089909e+002
1.052461e+003,1.089150e+002
1.052943e+003,1.088640e+002
1.053425e+003,1.088373e+002
1.053907e+003,1.088312e+002
1.054389e+003,1.088388e+002
1.054871e+003,1.088532e+002
1.055354e+003,1.088689e+002
1.055836e+003,1.088834e+002
1.056318e+003,1.088969e+002
1.056800e+003,1.089106e+002
1.057282e+003,1.089243e+002
1.057764e+003,1.089356e+002
1.058246e+003,1.089390e+002
1.058728e+003,1.089283e+002
1.059210e+003,1.088983e+002
1.059693e+003,1.088467e+002
1.060175e+003,1.087749e+002
1.060657e+003,1.086874e+002
1.061139e+003,1.085889e+002
1.061621e+003,1.084829e+002
1.062103e+003,1.083696e+002
1.062585e+003,1.082458e+002
1.063067e+003,1.081049e+002
1.063550e+003,1.079393e+002
1.064032e+003,1.077412e+002
1.064514e+003,1.075035e+002
1.064996e+003,1.072208e+002
1.065478e+003,1.068889e+002
1.065960e+003,1.065045e+002
1.066442e+003,1.060657e+002
1.066924e+003,1.055717e+002
1.067406e+003,1.050231e+002
1.067889e+003,1.044225e+002
1.068371e+003,1.037749e+002
1.068853e+003,1.030878e+002
1.069335e+003,1.023706e+002
1.069817e+003,1.016338e+002
1.070299e+003,1.008863e+002
1.070781e+003,1.001333e+002
1.071263e+003,9.937400e+001
1.071746e+003,9.859980e+001
1.072228e+003,9.779479e+001
1.072710e+003,9.693703e+001
1.073192e+003,9.600150e+001
1.073674e+003,9.496413e+001
1.074156e+003,9.380590e+001
1.074638e+003,9.251659e+001
1.075120e+003,9.109738e+001
1.075603e+003,8.956252e+001
1.076085e+003,8.793985e+001
1.076567e+003,8.627060e+001
1.077049e+003,8.460828e+001
1.077531e+003,8.301655e+001
1.078013e+003,8.156586e+001
1.078495e+003,8.032917e+001
1.078977e+003,7.937672e+001
1.079459e+003,7.876953e+001
1.079942e+003,7.855204e+001
1.080424e+003,7.874397e+001
1.080906e+003,7.933439e+001
1.081388e+003,8.028072e+001
1.081870e+003,8.151530e+001
1.082352e+003,8.295921e+001
1.082834e+003,8.453888e+001
1.083316e+003,8.619978e+001
1.083798e+003,8.791263e+001
1.084281e+003,8.966996e+001
1.084763e+003,9.147569e+001
1.085245e+003,9.333175e+001
1.085727e+003,9.522729e+001
1.086209e+003,9.713366e+001
1.086691e+003,9.900650e+001
1.087173e+003,1.007926e+002
1.087655e+003,1.024392e+002
1.088137e+003,1.039025e+002
1.088620e+003,1.051537e+002
1.089102e+003,1.061827e+002
1.089584e+003,1.069974e+002
1.090066e+003,1.076199e+002
1.090548e+003,1.080804e+002
1.091030e+003,1.084104e+002
1.091512e+003,1.086373e+002
1.091994e+003,1.087812e+002
1.092477e+003,1.088553e+002
1.092959e+003,1.088670e+002
1.093441e+003,1.088215e+002
1.093923e+003,1.087235e+002
1.094405e+003,1.085790e+002
1.094887e+003,1.083954e+002
1.095369e+003,1.081806e+002
1.095851e+003,1.079425e+002
1.096333e+003,1.076880e+002
1.096816e+003,1.074228e+002
1.097298e+003,1.071510e+002
1.097780e+003,1.068752e+002
1.098262e+003,1.065967e+002
1.098744e+003,1.063152e+002
1.099226e+003,1.060290e+002
1.099708e+003,1.057359e+002
1.100190e+003,1.054336e+002
1.100673e+003,1.051206e+002
1.101155e+003,1.047963e+002
1.101637e+003,1.044617e+002
1.102119e+003,1.041188e+002
1.102601e+003,1.037699e+002
1.103083e+003,1.034172e+002
1.103565e+003,1.030619e+002
1.104047e+003,1.027033e+002
1.104530e+003,1.023391e+002
1.105012e+003,1.019649e+002
1.105494e+003,1.015751e+002
1.105976e+003,1.011637e+002
1.106458e+003,1.007249e+002
1.106940e+003,1.002543e+002
1.107422e+003,9.974952e+001
1.107904e+003,9.920947e+001
1.108386e+003,9.863404e+001
1.108869e+003,9.802264e+001
1.109351e+003,9.737282e+001
1.109833e+003,9.667959e+001
1.110315e+003,9.593500e+001
1.110797e+003,9.512862e+001
1.111279e+003,9.424833e+001
1.111761e+003,9.328105e+001
1.112243e+003,9.221323e+001
1.112725e+003,9.103084e+001
1.113208e+003,8.971979e+001
1.113690e+003,8.826675e+001
1.114172e+003,8.666119e+001
1.114654e+003,8.489905e+001
1.115136e+003,8.298718e+001
1.115618e+003,8.094843e+001
1.116100e+003,7.882529e+001
1.116582e+003,7.668169e+001
1.117064e+003,7.460176e+001
1.117547e+003,7.268500e+001
1.118029e+003,7.103766e+001
1.118511e+003,6.976013e+001
1.118993e+003,6.893064e+001
1.119475e+003,6.858826e+001
1.119957e+003,6.871932e+001
1.120439e+003,6.925323e+001
1.120921e+003,7.007030e+001
1.121404e+003,7.102096e+001
1.121886e+003,7.195037e+001
1.122368e+003,7.272226e+001
1.122850e+003,7.323558e+001
1.123332e+003,7.343199e+001
1.123814e+003,7.329431e+001
1.124296e+003,7.283813e+001
1.124778e+003,7.210067e+001
1.125260e+003,7.113038e+001
1.125743e+003,6.997986e+001
1.126225e+003,6.870225e+001
1.126707e+003,6.735007e+001
1.127189e+003,6.597399e+001
1.127671e+003,6.462083e+001
1.128153e+003,6.333061e+001
1.128635e+003,6.213467e+001
1.129117e+003,6.105578e+001
1.129600e+003,6.011058e+001
1.130082e+003,5.931264e+001
1.130564e+003,5.867460e+001
1.131046e+003,5.820766e+001
1.131528e+003,5.791924e+001
1.132010e+003,5.781017e+001
1.132492e+003,5.787377e+001
1.132974e+003,5.809738e+001
1.133457e+003,5.846567e+001
1.133939e+003,5.896400e+001
1.134421e+003,5.957973e+001
1.134903e+003,6.030127e+001
1.135385e+003,6.111578e+001
1.135867e+003,6.200713e+001
1.136349e+003,6.295614e+001
1.136831e+003,6.394258e+001
1.137313e+003,6.494842e+001
1.137796e+003,6.596031e+001
1.138278e+003,6.697005e+001
1.138760e+003,6.797329e+001
1.139242e+003,6.896706e+001
1.139724e+003,6.994781e+001
1.140206e+003,7.091106e+001
1.140688e+003,7.185235e+001
1.141170e+003,7.276896e+001
1.141652e+003,7.366097e+001
1.142135e+003,7.453104e+001
1.142617e+003,7.538266e+001
1.143099e+003,7.621802e+001
1.143581e+003,7.703654e+001
1.144063e+003,7.783482e+001
1.144545e+003,7.860807e+001
1.145027e+003,7.935198e+001
1.145509e+003,8.006426e+001
1.145991e+003,8.074484e+001
1.146474e+003,8.139489e+001
1.146956e+003,8.201510e+001
1.147438e+003,8.260425e+001
1.147920e+003,8.315891e+001
1.148402e+003,8.367419e+001
1.148884e+003,8.414521e+001
1.149366e+003,8.456885e+001
1.149848e+003,8.494440e+001
1.150331e+003,8.527366e+001
1.150813e+003,8.556004e+001
1.151295e+003,8.580737e+001
1.151777e+003,8.601893e+001
1.152259e+003,8.619724e+001
1.152741e+003,8.634406e+001
1.153223e+003,8.646108e+001
1.153705e+003,8.655001e+001
1.154188e+003,8.661274e+001
1.154670e+003,8.665095e+001
1.155152e+003,8.666566e+001
1.155634e+003,8.665698e+001
1.156116e+003,8.662431e+001
1.156598e+003,8.656686e+001
1.157080e+003,8.648405e+001
1.157562e+003,8.637588e+001
1.158044e+003,8.624268e+001
1.158527e+003,8.608471e+001
1.159009e+003,8.590166e+001
1.159491e+003,8.569252e+001
1.159973e+003,8.545570e+001
1.160455e+003,8.518982e+001
1.160937e+003,8.489400e+001
1.161419e+003,8.456796e+001
1.161901e+003,8.421137e+001
1.162384e+003,8.382314e+001
1.162866e+003,8.340052e+001
1.163348e+003,8.293922e+001
1.163830e+003,8.243426e+001
1.164312e+003,8.188135e+001
1.164794e+003,8.127856e+001
1.165276e+003,8.062675e+001
1.165758e+003,7.992906e+001
1.166240e+003,7.918935e+001
1.166723e+003,7.841019e+001
1.167205e+003,7.759179e+001
1.167687e+003,7.673216e+001
1.168169e+003,7.582854e+001
1.168651e+003,7.487949e+001
1.169133e+003,7.388615e+001
1.169615e+003,7.285253e+001
1.170097e+003,7.178398e+001
1.170579e+003,7.068542e+001
1.171062e+003,6.956004e+001
1.171544e+003,6.840946e+001
1.172026e+003,6.723572e+001
1.172508e+003,6.604355e+001
1.172990e+003,6.484221e+001
1.173472e+003,6.364548e+001
1.173954e+003,6.247004e+001
1.174436e+003,6.133295e+001
1.174918e+003,6.025007e+001
1.175401e+003,5.923610e+001
1.175883e+003,5.830625e+001
1.176365e+003,5.747821e+001
1.176847e+003,5.677289e+001
1.177329e+003,5.621280e+001
1.177811e+003,5.581877e+001
1.178293e+003,5.560651e+001
1.178775e+003,5.558469e+001
1.179258e+003,5.575541e+001
1.179740e+003,5.611649e+001
1.180222e+003,5.666370e+001
1.180704e+003,5.739135e+001
1.181186e+003,5.829099e+001
1.181668e+003,5.934921e+001
1.182150e+003,6.054637e+001
1.182632e+003,6.185777e+001
1.183115e+003,6.325657e+001
1.183597e+003,6.471720e+001
1.184079e+003,6.621754e+001
1.184561e+003,6.773969e+001
1.185043e+003,6.926500e+001
1.185525e+003,7.077491e+001
1.186007e+003,7.224977e+001
1.186489e+003,7.367017e+001
1.186971e+003,7.501995e+001
1.187454e+003,7.628895e+001
1.187936e+003,7.747497e+001
1.188418e+003,7.858354e+001
1.188900e+003,7.962589e+001
1.189382e+003,8.061612e+001
1.189864e+003,8.156835e+001
1.190346e+003,8.249461e+001
1.190828e+003,8.340400e+001
1.191311e+003,8.430257e+001
1.191793e+003,8.519362e+001
1.192275e+003,8.607797e+001
1.192757e+003,8.695396e+001
1.193239e+003,8.781754e+001
1.193721e+003,8.866256e+001
1.194203e+003,8.948154e+001
1.194685e+003,9.026688e+001
1.195167e+003,9.101202e+001
1.195650e+003,9.171249e+001
1.196132e+003,9.236662e+001
1.196614e+003,9.297582e+001
1.197096e+003,9.354391e+001
1.197578e+003,9.407632e+001
1.198060e+003,9.457851e+001
1.198542e+003,9.505470e+001
1.199024e+003,9.550671e+001
1.199506e+003,9.593388e+001
1.199989e+003,9.633392e+001
1.200471e+003,9.670431e+001
1.200953e+003,9.704390e+001
1.201435e+003,9.735390e+001
1.201917e+003,9.763776e+001
1.202399e+003,9.790020e+001
1.202881e+003,9.814572e+001
1.203363e+003,9.837749e+001
1.203845e+003,9.859706e+001
1.204328e+003,9.880513e+001
1.204810e+003,9.900260e+001
1.205292e+003,9.919160e+001
1.205774e+003,9.937536e+001
1.206256e+003,9.955740e+001
1.206738e+003,9.974015e+001
1.207220e+003,9.992365e+001
1.207702e+003,1.001056e+002
1.208185e+003,1.002822e+002
1.208667e+003,1.004501e+002
1.209149e+003,1.006077e+002
1.209631e+003,1.007565e+002
1.210113e+003,1.009002e+002
1.210595e+003,1.010434e+002
1.211077e+003,1.011901e+002
1.211559e+003,1.013419e+002
1.212042e+003,1.014985e+002
1.212524e+003,1.016578e+002
1.213006e+003,1.018176e+002
1.213488e+003,1.019762e+002
1.213970e+003,1.021325e+002
1.214452e+003,1.022857e+002
1.214934e+003,1.024342e+002
1.215416e+003,1.025753e+002
1.215898e+003,1.027053e+002
1.216381e+003,1.028205e+002
1.216863e+003,1.029176e+002
1.217345e+003,1.029949e+002
1.217827e+003,1.030512e+002
1.218309e+003,1.030851e+002
1.218791e+003,1.030945e+002
1.219273e+003,1.030757e+002
1.219755e+003,1.030250e+002
1.220238e+003,1.029392e+002
1.220720e+003,1.028180e+002
1.221202e+003,1.026647e+002
1.221684e+003,1.024867e+002
1.222166e+003,1.022948e+002
1.222648e+003,1.021025e+002
1.223130e+003,1.019247e+002
1.223612e+003,1.017773e+002
1.224094e+003,1.016758e+002
1.224577e+003,1.016337e+002
1.225059e+003,1.016614e+002
1.225541e+003,1.017639e+002
1.226023e+003,1.019399e+002
1.226505e+003,1.021818e+002
1.226987e+003,1.024766e+002
1.227469e+003,1.028081e+002
1.227951e+003,1.031594e+002
1.228434e+003,1.035162e+002
1.228916e+003,1.038679e+002
1.229398e+003,1.042077e+002
1.229880e+003,1.045326e+002
1.230362e+003,1.048411e+002
1.230844e+003,1.051318e+002
1.231326e+003,1.054035e+002
1.231808e+003,1.056552e+002
1.232291e+003,1.058865e+002
1.232773e+003,1.060990e+002
1.233255e+003,1.062952e+002
1.233737e+003,1.064780e+002
1.234219e+003,1.066502e+002
1.234701e+003,1.068130e+002
1.235183e+003,1.069671e+002
1.235665e+003,1.071125e+002
1.236147e+003,1.072497e+002
1.236630e+003,1.073795e+002
1.237112e+003,1.075032e+002
1.237594e+003,1.076213e+002
1.238076e+003,1.077337e+002
1.238558e+003,1.078392e+002
1.239040e+003,1.079362e+002
1.239522e+003,1.080244e+002
1.240004e+003,1.081048e+002
1.240486e+003,1.081801e+002
1.240969e+003,1.082538e+002
1.241451e+003,1.083290e+002
1.241933e+003,1.084074e+002
1.242415e+003,1.084893e+002
1.242897e+003,1.085741e+002
1.243379e+003,1.086610e+002
1.243861e+003,1.087501e+002
1.244343e+003,1.088419e+002
1.244825e+003,1.089367e+002
1.245308e+003,1.090331e+002
1.245790e+003,1.091282e+002
1.246272e+003,1.092174e+002
1.246754e+003,1.092964e+002
1.247236e+003,1.093627e+002
1.247718e+003,1.094162e+002
1.248200e+003,1.094594e+002
1.248682e+003,1.094955e+002
1.249165e+003,1.095267e+002
1.249647e+003,1.095528e+002
1.250129e+003,1.095706e+002
1.250611e+003,1.095759e+002
1.251093e+003,1.095647e+002
1.251575e+003,1.095349e+002
1.252057e+003,1.094864e+002
1.252539e+003,1.094205e+002
1.253021e+003,1.093383e+002
1.253504e+003,1.092404e+002
1.253986e+003,1.091267e+002
1.254468e+003,1.089983e+002
1.254950e+003,1.088584e+002
1.255432e+003,1.087135e+002
1.255914e+003,1.085722e+002
1.256396e+003,1.084427e+002
1.256878e+003,1.083303e+002
1.257361e+003,1.082357e+002
1.257843e+003,1.081550e+002
1.258325e+003,1.080810e+002
1.258807e+003,1.080061e+002
1.259289e+003,1.079238e+002
1.259771e+003,1.078303e+002
1.260253e+003,1.077227e+002
1.260735e+003,1.075982e+002
1.261218e+003,1.074524e+002
1.261700e+003,1.072790e+002
1.262182e+003,1.070714e+002
1.262664e+003,1.068236e+002
1.263146e+003,1.065311e+002
1.263628e+003,1.061902e+002
1.264110e+003,1.057955e+002
1.264592e+003,1.053372e+002
1.265074e+003,1.047991e+002
1.265557e+003,1.041584e+002
1.266039e+003,1.033873e+002
1.266521e+003,1.024555e+002
1.267003e+003,1.013346e+002
1.267485e+003,1.000015e+002
1.267967e+003,9.844348e+001
1.268449e+003,9.666384e+001
1.268931e+003,9.468845e+001
1.269413e+003,9.257172e+001
1.269896e+003,9.039902e+001
1.270378e+003,8.828233e+001
1.270860e+003,8.634881e+001
1.271342e+003,8.472277e+001
1.271824e+003,8.350697e+001
1.272306e+003,8.276775e+001
1.272788e+003,8.252748e+001
1.273270e+003,8.276532e+001
1.273752e+003,8.342451e+001
1.274235e+003,8.442392e+001
1.274717e+003,8.567103e+001
1.275199e+003,8.707369e+001
1.275681e+003,8.854876e+001
1.276163e+003,9.002625e+001
1.276645e+003,9.144991e+001
1.277127e+003,9.277574e+001
1.277609e+003,9.397034e+001
1.278092e+003,9.501010e+001
1.278574e+003,9.588123e+001
1.279056e+003,9.657954e+001
1.279538e+003,9.710909e+001
1.280020e+003,9.747956e+001
1.280502e+003,9.770326e+001
1.280984e+003,9.779233e+001
1.281466e+003,9.775749e+001
1.281948e+003,9.760779e+001
1.282431e+003,9.735092e+001
1.282913e+003,9.699374e+001
1.283395e+003,9.654205e+001
1.283877e+003,9.600034e+001
1.284359e+003,9.537173e+001
1.284841e+003,9.465871e+001
1.285323e+003,9.386436e+001
1.285805e+003,9.299416e+001
1.286288e+003,9.205750e+001
1.286770e+003,9.106830e+001
1.287252e+003,9.004540e+001
1.287734e+003,8.901215e+001
1.288216e+003,8.799593e+001
1.288698e+003,8.702724e+001
1.289180e+003,8.613821e+001
1.289662e+003,8.536032e+001
1.290145e+003,8.472166e+001
1.290627e+003,8.424428e+001
1.291109e+003,8.394233e+001
1.291591e+003,8.382134e+001
1.292073e+003,8.387836e+001
1.292555e+003,8.410292e+001
1.293037e+003,8.447837e+001
1.293519e+003,8.498398e+001
1.294001e+003,8.559678e+001
1.294484e+003,8.629391e+001
1.294966e+003,8.705402e+001
1.295448e+003,8.785817e+001
1.295930e+003,8.868987e+001
1.296412e+003,8.953504e+001
1.296894e+003,9.038202e+001
1.297376e+003,9.122195e+001
1.297858e+003,9.204897e+001
1.298340e+003,9.285992e+001
1.298823e+003,9.365295e+001
1.299305e+003,9.442587e+001
1.299787e+003,9.517432e+001
1.300269e+003,9.589146e+001
1.300751e+003,9.656872e+001
1.301233e+003,9.719793e+001
1.301715e+003,9.777337e+001
1.302197e+003,9.829280e+001
1.302679e+003,9.875710e+001
1.303162e+003,9.916840e+001
1.303644e+003,9.952831e+001
1.304126e+003,9.983720e+001
1.304608e+003,1.000949e+002
1.305090e+003,1.003022e+002
1.305572e+003,1.004625e+002
1.306054e+003,1.005823e+002
1.306536e+003,1.006696e+002
1.307019e+003,1.007318e+002
1.307501e+003,1.007738e+002
1.307983e+003,1.007968e+002
1.308465e+003,1.007993e+002
1.308947e+003,1.007790e+002
1.309429e+003,1.007350e+002
1.309911e+003,1.006688e+002
1.310393e+003,1.005845e+002
1.310875e+003,1.004876e+002
1.311358e+003,1.003841e+002
1.311840e+003,1.002791e+002
1.312322e+003,1.001768e+002
1.312804e+003,1.000804e+002
1.313286e+003,9.999149e+001
1.313768e+003,9.990936e+001
1.314250e+003,9.983076e+001
1.314732e+003,9.974956e+001
1.315215e+003,9.965802e+001
1.315697e+003,9.954866e+001
1.316179e+003,9.941700e+001
1.316661e+003,9.926345e+001
1.317143e+003,9.909361e+001
1.317625e+003,9.891650e+001
1.318107e+003,9.874116e+001
1.318589e+003,9.857320e+001
1.319072e+003,9.841285e+001
1.319554e+003,9.825520e+001
1.320036e+003,9.809280e+001
1.320518e+003,9.791872e+001
1.321000e+003,9.772876e+001
1.321482e+003,9.752179e+001
1.321964e+003,9.729838e+001
1.322446e+003,9.705868e+001
1.322928e+003,9.680128e+001
1.323411e+003,9.652345e+001
1.323893e+003,9.622281e+001
1.324375e+003,9.589934e+001
1.324857e+003,9.555614e+001
1.325339e+003,9.519866e+001
1.325821e+003,9.483204e+001
1.326303e+003,9.445842e+001
1.326785e+003,9.407487e+001
1.327267e+003,9.367343e+001
1.327750e+003,9.324258e+001
1.328232e+003,9.276981e+001
1.328714e+003,9.224374e+001
1.329196e+003,9.165510e+001
1.329678e+003,9.099693e+001
1.330160e+003,9.026382e+001
1.330642e+003,8.945197e+001
1.331124e+003,8.855981e+001
1.331606e+003,8.758887e+001
1.332089e+003,8.654361e+001
1.332571e+003,8.543045e+001
1.333053e+003,8.425487e+001
1.333535e+003,8.301910e+001
1.334017e+003,8.172094e+001
1.334499e+003,8.035415e+001
1.334981e+003,7.891030e+001
1.335463e+003,7.738052e+001
1.335946e+003,7.575606e+001
1.336428e+003,7.402762e+001
1.336910e+003,7.218500e+001
1.337392e+003,7.021889e+001
1.337874e+003,6.812711e+001
1.338356e+003,6.592411e+001
1.338838e+003,6.365064e+001
1.339320e+003,6.137732e+001
1.339802e+003,5.919737e+001
1.340285e+003,5.720956e+001
1.340767e+003,5.549930e+001
1.341249e+003,5.412713e+001
1.341731e+003,5.312868e+001
1.342213e+003,5.252188e+001
1.342695e+003,5.231436e+001
1.343177e+003,5.250584e+001
1.343659e+003,5.308482e+001
1.344142e+003,5.402299e+001
1.344624e+003,5.527230e+001
1.345106e+003,5.676774e+001
1.345588e+003,5.843560e+001
1.346070e+003,6.020399e+001
1.346552e+003,6.201202e+001
1.347034e+003,6.381601e+001
1.347516e+003,6.559283e+001
1.347999e+003,6.734111e+001
1.348481e+003,6.908002e+001
1.348963e+003,7.084417e+001
1.349445e+003,7.267417e+001
1.349927e+003,7.460365e+001
1.350409e+003,7.664588e+001
1.350891e+003,7.878447e+001
1.351373e+003,8.097242e+001
1.351855e+003,8.314038e+001
1.352338e+003,8.521204e+001
1.352820e+003,8.712097e+001
1.353302e+003,8.882267e+001
1.353784e+003,9.029904e+001
1.354266e+003,9.155493e+001
1.354748e+003,9.261013e+001
1.355230e+003,9.349036e+001
1.355712e+003,9.422064e+001
1.356194e+003,9.482166e+001
1.356677e+003,9.530938e+001
1.357159e+003,9.569586e+001
1.357641e+003,9.599051e+001
1.358123e+003,9.620100e+001
1.358605e+003,9.633428e+001
1.359087e+003,9.639792e+001
1.359569e+003,9.640149e+001
1.360051e+003,9.635790e+001
1.360533e+003,9.628392e+001
1.361016e+003,9.619947e+001
1.361498e+003,9.612547e+001
1.361980e+003,9.607973e+001
1.362462e+003,9.607243e+001
1.362944e+003,9.610266e+001
1.363426e+003,9.615902e+001
1.363908e+003,9.622439e+001
1.364390e+003,9.628238e+001
1.364873e+003,9.632143e+001
1.365355e+003,9.633560e+001
1.365837e+003,9.632292e+001
1.366319e+003,9.628379e+001
1.366801e+003,9.622074e+001
1.367283e+003,9.613898e+001
1.367765e+003,9.604660e+001
1.368247e+003,9.595314e+001
1.368729e+003,9.586655e+001
1.369212e+003,9.578968e+001
1.369694e+003,9.571838e+001
1.370176e+003,9.564230e+001
1.370658e+003,9.554821e+001
1.371140e+003,9.542496e+001
1.371622e+003,9.526818e+001
1.372104e+003,9.508351e+001
1.372586e+003,9.488762e+001
1.373069e+003,9.470567e+001
1.373551e+003,9.456481e+001
1.374033e+003,9.448497e+001
1.374515e+003,9.447054e+001
1.374997e+003,9.450850e+001
1.375479e+003,9.457449e+001
1.375961e+003,9.464278e+001
1.376443e+003,9.469396e+001
1.376926e+003,9.471732e+001
1.377408e+003,9.470923e+001
1.377890e+003,9.467031e+001
1.378372e+003,9.460336e+001
1.378854e+003,9.451279e+001
1.379336e+003,9.440445e+001
1.379818e+003,9.428577e+001
1.380300e+003,9.416479e+001
1.380782e+003,9.404874e+001
1.381265e+003,9.394184e+001
1.381747e+003,9.384396e+001
1.382229e+003,9.375043e+001
1.382711e+003,9.365404e+001
1.383193e+003,9.354826e+001
1.383675e+003,9.343073e+001
1.384157e+003,9.330507e+001
1.384639e+003,9.318054e+001
1.385121e+003,9.306931e+001
1.385604e+003,9.298288e+001
1.386086e+003,9.292813e+001
1.386568e+003,9.290305e+001
1.387050e+003,9.289544e+001
1.387532e+003,9.288581e+001
1.388014e+003,9.285494e+001
1.388496e+003,9.279172e+001
1.388978e+003,9.269672e+001
1.389460e+003,9.257964e+001
1.389943e+003,9.245338e+001
1.390425e+003,9.232833e+001
1.390907e+003,9.220858e+001
1.391389e+003,9.209148e+001
1.391871e+003,9.196947e+001
1.392353e+003,9.183326e+001
1.392835e+003,9.167610e+001
1.393317e+003,9.149695e+001
1.393800e+003,9.130162e+001
1.394282e+003,9.110024e+001
1.394764e+003,9.090162e+001
1.395246e+003,9.070856e+001
1.395728e+003,9.051839e+001
1.396210e+003,9.032754e+001
1.396692e+003,9.013677e+001
1.397174e+003,8.995319e+001
1.397656e+003,8.978865e+001
1.398139e+003,8.965549e+001
1.398621e+003,8.956012e+001
1.399103e+003,8.949712e+001
1.399585e+003,8.944739e+001
1.400067e+003,8.938342e+001
1.400549e+003,8.927830e+001
1.401031e+003,8.911265e+001
1.401513e+003,8.887555e+001
1.401996e+003,8.856109e+001
1.402478e+003,8.816459e+001
1.402960e+003,8.768212e+001
1.403442e+003,8.711394e+001
1.403924e+003,8.646972e+001
1.404406e+003,8.577259e+001
1.404888e+003,8.505805e+001
1.405370e+003,8.436706e+001
1.405853e+003,8.373632e+001
1.406335e+003,8.319077e+001
1.406817e+003,8.274079e+001
1.407299e+003,8.238411e+001
1.407781e+003,8.210974e+001
1.408263e+003,8.190195e+001
1.408745e+003,8.174276e+001
1.409227e+003,8.161254e+001
1.409709e+003,8.148925e+001
1.410192e+003,8.134756e+001
1.410674e+003,8.115897e+001
1.411156e+003,8.089404e+001
1.411638e+003,8.052605e+001
1.412120e+003,8.003500e+001
1.412602e+003,7.941070e+001
1.413084e+003,7.865376e+001
1.413566e+003,7.777501e+001
1.414048e+003,7.679305e+001
1.414531e+003,7.573069e+001
1.415013e+003,7.461044e+001
1.415495e+003,7.344916e+001
1.415977e+003,7.225275e+001
1.416459e+003,7.101084e+001
1.416941e+003,6.969372e+001
1.417423e+003,6.825417e+001
1.417905e+003,6.663882e+001
1.418387e+003,6.481055e+001
1.418870e+003,6.277364e+001
1.419352e+003,6.058164e+001
1.419834e+003,5.831407e+001
1.420316e+003,5.603541e+001
1.420798e+003,5.376654e+001
1.421280e+003,5.148326e+001
1.421762e+003,4.913431e+001
1.422244e+003,4.666768e+001
1.422727e+003,4.405949e+001
1.423209e+003,4.134040e+001
1.423691e+003,3.860728e+001
1.424173e+003,3.600495e+001
1.424655e+003,3.367801e+001
1.425137e+003,3.171934e+001
1.425619e+003,3.014905e+001
1.426101e+003,2.893269e+001
1.426583e+003,2.801798e+001
1.427066e+003,2.736474e+001
1.427548e+003,2.695569e+001
1.428030e+003,2.678855e+001
1.428512e+003,2.685778e+001
1.428994e+003,2.713836e+001
1.429476e+003,2.758349e+001
1.429958e+003,2.813869e+001
1.430440e+003,2.876269e+001
1.430923e+003,2.943941e+001
1.431405e+003,3.017339e+001
1.431887e+003,3.097346e+001
1.432369e+003,3.183730e+001
1.432851e+003,3.274735e+001
1.433333e+003,3.368035e+001
1.433815e+003,3.462462e+001
1.434297e+003,3.559758e+001
1.434780e+003,3.665579e+001
1.435262e+003,3.788904e+001
1.435744e+003,3.938731e+001
1.436226e+003,4.118177e+001
1.436708e+003,4.319571e+001
1.437190e+003,4.526217e+001
1.437672e+003,4.721096e+001
1.438154e+003,4.895073e+001
1.438636e+003,5.048481e+001
1.439119e+003,5.187415e+001
1.439601e+003,5.319002e+001
1.440083e+003,5.448199e+001
1.440565e+003,5.576614e+001
1.441047e+003,5.703055e+001
1.441529e+003,5.825303e+001
1.442011e+003,5.942151e+001
1.442493e+003,6.054631e+001
1.442976e+003,6.165807e+001
1.443458e+003,6.279444e+001
1.443940e+003,6.398564e+001
1.444422e+003,6.524773e+001
1.444904e+003,6.658684e+001
1.445386e+003,6.801029e+001
1.445868e+003,6.953567e+001
1.446350e+003,7.118941e+001
1.446833e+003,7.299052e+001
1.447314e+003,7.492391e+001
1.447797e+003,7.692001e+001
1.448279e+003,7.886212e+001
1.448761e+003,8.062704e+001
1.449243e+003,8.213538e+001
1.449725e+003,8.337811e+001
1.450207e+003,8.440649e+001
1.450689e+003,8.529961e+001
1.451171e+003,8.612987e+001
1.451654e+003,8.694067e+001
1.452136e+003,8.774064e+001
1.452618e+003,8.851376e+001
1.453100e+003,8.923781e+001
1.453582e+003,8.990022e+001
1.454064e+003,9.050380e+001
1.454546e+003,9.106148e+001
1.455028e+003,9.158646e+001
1.455510e+003,9.208455e+001
1.455993e+003,9.255258e+001
1.456475e+003,9.298228e+001
1.456957e+003,9.336699e+001
1.457439e+003,9.370845e+001
1.457921e+003,9.402045e+001
1.458403e+003,9.432420e+001
1.458885e+003,9.463671e+001
1.459367e+003,9.495985e+001
1.459850e+003,9.527750e+001
1.460332e+003,9.556197e+001
1.460814e+003,9.578588e+001
1.461296e+003,9.593269e+001
1.461778e+003,9.600156e+001
1.462260e+003,9.600573e+001
1.462742e+003,9.596575e+001
1.463224e+003,9.590198e+001
1.463707e+003,9.582799e+001
1.464189e+003,9.574816e+001
1.464671e+003,9.565978e+001
1.465153e+003,9.555949e+001
1.465635e+003,9.544974e+001
1.466117e+003,9.534046e+001
1.466599e+003,9.524450e+001
1.467081e+003,9.516980e+001
1.467563e+003,9.511388e+001
1.468046e+003,9.506242e+001
1.468528e+003,9.499211e+001
1.469010e+003,9.487535e+001
1.469492e+003,9.468423e+001
1.469974e+003,9.439333e+001
1.470456e+003,9.398244e+001
1.470938e+003,9.344157e+001
1.471420e+003,9.277906e+001
1.471903e+003,9.202579e+001
1.472385e+003,9.122578e+001
1.472867e+003,9.041128e+001
1.473349e+003,8.957964e+001
1.473831e+003,8.869071e+001
1.474313e+003,8.768405e+001
1.474795e+003,8.650040e+001
1.475277e+003,8.510087e+001
1.475760e+003,8.348360e+001
1.476241e+003,8.169629e+001
1.476724e+003,7.983610e+001
1.477206e+003,7.803246e+001
1.477688e+003,7.641933e+001
1.478170e+003,7.511303e+001
1.478652e+003,7.420493e+001
1.479134e+003,7.376524e+001
1.479616e+003,7.384587e+001
1.480098e+003,7.447236e+001
1.480581e+003,7.562566e+001
1.481063e+003,7.722453e+001
1.481545e+003,7.912627e+001
1.482027e+003,8.115367e+001
1.482509e+003,8.313796e+001
1.482991e+003,8.495478e+001
1.483473e+003,8.653800e+001
1.483955e+003,8.787215e+001
1.484438e+003,8.897491e+001
1.484920e+003,8.988006e+001
1.485402e+003,9.062578e+001
1.485884e+003,9.124879e+001
1.486366e+003,9.178239e+001
1.486848e+003,9.225654e+001
1.487330e+003,9.269765e+001
1.487812e+003,9.312823e+001
1.488294e+003,9.356425e+001
1.488777e+003,9.401101e+001
1.489259e+003,9.445877e+001
1.489741e+003,9.488197e+001
1.490223e+003,9.524592e+001
1.490705e+003,9.552122e+001
1.491187e+003,9.569789e+001
1.491669e+003,9.579053e+001
1.492151e+003,9.583202e+001
1.492634e+003,9.586130e+001
1.493116e+003,9.591137e+001
1.493598e+003,9.600101e+001
1.494080e+003,9.613083e+001
1.494562e+003,9.628363e+001
1.495044e+003,9.642967e+001
1.495526e+003,9.653661e+001
1.496008e+003,9.658286e+001
1.496490e+003,9.656778e+001
1.496973e+003,9.651273e+001
1.497455e+003,9.645065e+001
1.497937e+003,9.641066e+001
1.498419e+003,9.640671e+001
1.498901e+003,9.643420e+001
1.499383e+003,9.647421e+001
1.499865e+003,9.650168e+001
1.500347e+003,9.649498e+001
1.500830e+003,9.644333e+001
1.501312e+003,9.634994e+001
1.501794e+003,9.622950e+001
1.502276e+003,9.610207e+001
1.502758e+003,9.598473e+001
1.503240e+003,9.588395e+001
1.503722e+003,9.579045e+001
1.504204e+003,9.567848e+001
1.504687e+003,9.551390e+001
1.505168e+003,9.527572e+001
1.505651e+003,9.498962e+001
1.506133e+003,9.475014e+001
1.506615e+003,9.468517e+001
1.507097e+003,9.485967e+001
1.507579e+003,9.521706e+001
1.508061e+003,9.563242e+001
1.508543e+003,9.600317e+001
1.509025e+003,9.628417e+001
1.509508e+003,9.647130e+001
1.509990e+003,9.657528e+001
1.510472e+003,9.660674e+001
1.510954e+003,9.657213e+001
1.511436e+003,9.647572e+001
1.511918e+003,9.632259e+001
1.512400e+003,9.612080e+001
1.512882e+003,9.588229e+001
1.513365e+003,9.562311e+001
1.513847e+003,9.536342e+001
1.514329e+003,9.512732e+001
1.514811e+003,9.494215e+001
1.515293e+003,9.483567e+001
1.515775e+003,9.482851e+001
1.516257e+003,9.492154e+001
1.516739e+003,9.508427e+001
1.517221e+003,9.525818e+001
1.517704e+003,9.537792e+001
1.518186e+003,9.539780e+001
1.518668e+003,9.530477e+001
1.519150e+003,9.511603e+001
1.519632e+003,9.487164e+001
1.520114e+003,9.462962e+001
1.520596e+003,9.445907e+001
1.521078e+003,9.441732e+001
1.521561e+003,9.451478e+001
1.522043e+003,9.470061e+001
1.522525e+003,9.489506e+001
1.523007e+003,9.503916e+001
1.523489e+003,9.511658e+001
1.523971e+003,9.514150e+001
1.524453e+003,9.513655e+001
1.524935e+003,9.511839e+001
1.525417e+003,9.509406e+001
1.525900e+003,9.506524e+001
1.526382e+003,9.503402e+001
1.526864e+003,9.500680e+001
1.527346e+003,9.499294e+001
1.527828e+003,9.499905e+001
1.528310e+003,9.502277e+001
1.528792e+003,9.505000e+001
1.529274e+003,9.505856e+001
1.529757e+003,9.502686e+001
1.530239e+003,9.494345e+001
1.530721e+003,9.481334e+001
1.531203e+003,9.465897e+001
1.531685e+003,9.451597e+001
1.532167e+003,9.442432e+001
1.532649e+003,9.441309e+001
1.533131e+003,9.447931e+001
1.533614e+003,9.457584e+001
1.534095e+003,9.462868e+001
1.534578e+003,9.457936e+001
1.535060e+003,9.441558e+001
1.535542e+003,9.416715e+001
1.536024e+003,9.387908e+001
1.536506e+003,9.358473e+001
1.536988e+003,9.328868e+001
1.537470e+003,9.296008e+001
1.537952e+003,9.253580e+001
1.538435e+003,9.193645e+001
1.538917e+003,9.110014e+001
1.539399e+003,9.002504e+001
1.539881e+003,8.878851e+001
1.540363e+003,8.751019e+001
1.540845e+003,8.628173e+001
1.541327e+003,8.512915e+001
1.541809e+003,8.403232e+001
1.542292e+003,8.296850e+001
1.542774e+003,8.194640e+001
1.543256e+003,8.102110e+001
1.543738e+003,8.028985e+001
1.544220e+003,7.986630e+001
1.544702e+003,7.983694e+001
1.545184e+003,8.021957e+001
1.545666e+003,8.095335e+001
1.546148e+003,8.193031e+001
1.546631e+003,8.304565e+001
1.547113e+003,8.423437e+001
1.547595e+003,8.547970e+001
1.548077e+003,8.679813e+001
1.548559e+003,8.821167e+001
1.549041e+003,8.971724e+001
1.549523e+003,9.126599e+001
1.550005e+003,9.276845e+001
1.550488e+003,9.412637e+001
1.550970e+003,9.527121e+001
1.551452e+003,9.618140e+001
1.551934e+003,9.687254e+001
1.552416e+003,9.737563e+001
1.552898e+003,9.772005e+001
1.553380e+003,9.792885e+001
1.553862e+003,9.802357e+001
1.554344e+003,9.803179e+001
1.554827e+003,9.799029e+001
1.555309e+003,9.794102e+001
1.555791e+003,9.792329e+001
1.556273e+003,9.796651e+001
1.556755e+003,9.808947e+001
1.557237e+003,9.830978e+001
1.557719e+003,9.866370e+001
1.558201e+003,9.921320e+001
1.558684e+003,9.998699e+001
1.559166e+003,1.008662e+002
1.559648e+003,1.015980e+002
1.560130e+003,1.019928e+002
1.560612e+003,1.020401e+002
1.561094e+003,1.018452e+002
1.561576e+003,1.015315e+002
1.562058e+003,1.011943e+002
1.562541e+003,1.008934e+002
1.563022e+003,1.006610e+002
1.563505e+003,1.005107e+002
1.563987e+003,1.004422e+002
1.564469e+003,1.004422e+002
1.564951e+003,1.004850e+002
1.565433e+003,1.005381e+002
1.565915e+003,1.005710e+002
1.566397e+003,1.005643e+002
1.566879e+003,1.005139e+002
1.567362e+003,1.004314e+002
1.567844e+003,1.003435e+002
1.568326e+003,1.002924e+002
1.568808e+003,1.003287e+002
1.569290e+003,1.004924e+002
1.569772e+003,1.007870e+002
1.570254e+003,1.011672e+002
1.570736e+003,1.015585e+002
1.571219e+003,1.018921e+002
1.571701e+003,1.021287e+002
1.572183e+003,1.022599e+002
1.572665e+003,1.022971e+002
1.573147e+003,1.022603e+002
1.573629e+003,1.021738e+002
1.574111e+003,1.020678e+002
1.574593e+003,1.019837e+002
1.575075e+003,1.019740e+002
1.575558e+003,1.020859e+002
1.576040e+003,1.023280e+002
1.576522e+003,1.026478e+002
1.577004e+003,1.029539e+002
1.577486e+003,1.031693e+002
1.577968e+003,1.032677e+002
1.578450e+003,1.032701e+002
1.578932e+003,1.032196e+002
1.579415e+003,1.031573e+002
1.579897e+003,1.031102e+002
1.580379e+003,1.030873e+002
1.580861e+003,1.030822e+002
1.581343e+003,1.030790e+002
1.581825e+003,1.030591e+002
1.582307e+003,1.030090e+002
1.582789e+003,1.029239e+002
1.583271e+003,1.028096e+002
1.583754e+003,1.026805e+002
1.584236e+003,1.025565e+002
1.584718e+003,1.024598e+002
1.585200e+003,1.024104e+002
1.585682e+003,1.024219e+002
1.586164e+003,1.024975e+002
1.586646e+003,1.026273e+002
1.587128e+003,1.027889e+002
1.587611e+003,1.029501e+002
1.588093e+003,1.030748e+002
1.588575e+003,1.031315e+002
1.589057e+003,1.031017e+002
1.589539e+003,1.029849e+002
1.590021e+003,1.027980e+002
1.590503e+003,1.025689e+002
1.590985e+003,1.023279e+002
1.591468e+003,1.020998e+002
1.591949e+003,1.019001e+002
1.592432e+003,1.017341e+002
1.592914e+003,1.015989e+002
1.593396e+003,1.014872e+002
1.593878e+003,1.013903e+002
1.594360e+003,1.013015e+002
1.594842e+003,1.012179e+002
1.595324e+003,1.011410e+002
1.595806e+003,1.010759e+002
1.596289e+003,1.010297e+002
1.596771e+003,1.010095e+002
1.597253e+003,1.010186e+002
1.597735e+003,1.010551e+002
1.598217e+003,1.011099e+002
1.598699e+003,1.011669e+002
1.599181e+003,1.012064e+002
1.599663e+003,1.012095e+002
1.600146e+003,1.011641e+002
1.600628e+003,1.010706e+002
1.601110e+003,1.009430e+002
1.601592e+003,1.008059e+002
1.602074e+003,1.006878e+002
1.602556e+003,1.006133e+002
1.603038e+003,1.005970e+002
1.603520e+003,1.006404e+002
1.604002e+003,1.007333e+002
1.604485e+003,1.008572e+002
1.604967e+003,1.009910e+002
1.605449e+003,1.011144e+002
1.605931e+003,1.012110e+002
1.606413e+003,1.012693e+002
1.606895e+003,1.012831e+002
1.607377e+003,1.012529e+002
1.607859e+003,1.011864e+002
1.608342e+003,1.010975e+002
1.608824e+003,1.010036e+002
1.609306e+003,1.009208e+002
1.609788e+003,1.008587e+002
1.610270e+003,1.008178e+002
1.610752e+003,1.007892e+002
1.611234e+003,1.007583e+002
1.611716e+003,1.007102e+002
1.612198e+003,1.006345e+002
1.612681e+003,1.005288e+002
1.613163e+003,1.003971e+002
1.613645e+003,1.002462e+002
1.614127e+003,1.000813e+002
1.614609e+003,9.990600e+001
1.615091e+003,9.972710e+001
1.615573e+003,9.956223e+001
1.616055e+003,9.944096e+001
1.616538e+003,9.939048e+001
1.617020e+003,9.941290e+001
1.617502e+003,9.947744e+001
1.617984e+003,9.953773e+001
1.618466e+003,9.955547e+001
1.618948e+003,9.951035e+001
1.619430e+003,9.939541e+001
1.619912e+003,9.920846e+001
1.620395e+003,9.894757e+001
1.620876e+003,9.861236e+001
1.621359e+003,9.820923e+001
1.621841e+003,9.775713e+001
1.622323e+003,9.728786e+001
1.622805e+003,9.683730e+001
1.623287e+003,9.642921e+001
1.623769e+003,9.606261e+001
1.624251e+003,9.571306e+001
1.624733e+003,9.534619e+001
1.625216e+003,9.493275e+001
1.625698e+003,9.445761e+001
1.626180e+003,9.392267e+001
1.626662e+003,9.334726e+001
1.627144e+003,9.276701e+001
1.627626e+003,9.222787e+001
1.628108e+003,9.177418e+001
1.628590e+003,9.143421e+001
1.629073e+003,9.121275e+001
1.629555e+003,9.109563e+001
1.630037e+003,9.106205e+001
1.630519e+003,9.109583e+001
1.631001e+003,9.119128e+001
1.631483e+003,9.135406e+001
1.631965e+003,9.160019e+001
1.632447e+003,9.195585e+001
1.632929e+003,9.245844e+001
1.633412e+003,9.315787e+001
1.633894e+003,9.411320e+001
1.634376e+003,9.537437e+001
1.634858e+003,9.693709e+001
1.635340e+003,9.868168e+001
1.635822e+003,1.003594e+002
1.636304e+003,1.016913e+002
1.636786e+003,1.025230e+002
1.637269e+003,1.028859e+002
1.637751e+003,1.029316e+002
1.638233e+003,1.028335e+002
1.638715e+003,1.027270e+002
1.639197e+003,1.026907e+002
1.639679e+003,1.027500e+002
1.640161e+003,1.028901e+002
1.640643e+003,1.030724e+002
1.641125e+003,1.032528e+002
1.641608e+003,1.033978e+002
1.642090e+003,1.034911e+002
1.642572e+003,1.035319e+002
1.643054e+003,1.035269e+002
1.643536e+003,1.034812e+002
1.644018e+003,1.033945e+002
1.644500e+003,1.032622e+002
1.644982e+003,1.030826e+002
1.645465e+003,1.028670e+002
1.645947e+003,1.026460e+002
1.646429e+003,1.024608e+002
1.646911e+003,1.023411e+002
1.647393e+003,1.022847e+002
1.647875e+003,1.022633e+002
1.648357e+003,1.022489e+002
1.648839e+003,1.022358e+002
1.649322e+003,1.022406e+002
1.649803e+003,1.022888e+002
1.650286e+003,1.023965e+002
1.650768e+003,1.025595e+002
1.651250e+003,1.027506e+002
1.651732e+003,1.029326e+002
1.652214e+003,1.030862e+002
1.652696e+003,1.032258e+002
1.653178e+003,1.033622e+002
1.653660e+003,1.034551e+002
1.654143e+003,1.034519e+002
1.654625e+003,1.033571e+002
1.655107e+003,1.032332e+002
1.655589e+003,1.031539e+002
1.656071e+003,1.031679e+002
1.656553e+003,1.032867e+002
1.657035e+003,1.034852e+002
1.657517e+003,1.037096e+002
1.658000e+003,1.038913e+002
1.658482e+003,1.039631e+002
1.658964e+003,1.038775e+002
1.659446e+003,1.036191e+002
1.659928e+003,1.032085e+002
1.660410e+003,1.026979e+002
1.660892e+003,1.021628e+002
1.661374e+003,1.016907e+002
1.661856e+003,1.013652e+002
1.662339e+003,1.012459e+002
1.662821e+003,1.013465e+002
1.663303e+003,1.016269e+002
1.663785e+003,1.020093e+002
1.664267e+003,1.024101e+002
1.664749e+003,1.027663e+002
1.665231e+003,1.030435e+002
1.665713e+003,1.032269e+002
1.666196e+003,1.033077e+002
1.666678e+003,1.032745e+002
1.667160e+003,1.031135e+002
1.667642e+003,1.028201e+002
1.668124e+003,1.024168e+002
1.668606e+003,1.019653e+002
1.669088e+003,1.015613e+002
1.669570e+003,1.013039e+002
1.670052e+003,1.012551e+002
1.670535e+003,1.014173e+002
1.671017e+003,1.017419e+002
1.671499e+003,1.021584e+002
1.671981e+003,1.026023e+002
1.672463e+003,1.030262e+002
1.672945e+003,1.033988e+002
1.673427e+003,1.036961e+002
1.673909e+003,1.038950e+002
1.674392e+003,1.039727e+002
1.674874e+003,1.039127e+002
1.675356e+003,1.037137e+002
1.675838e+003,1.033948e+002
1.676320e+003,1.029953e+002
1.676802e+003,1.025666e+002
1.677284e+003,1.021618e+002
1.677766e+003,1.018246e+002
1.678249e+003,1.015814e+002
1.678730e+003,1.014368e+002
1.679213e+003,1.013733e+002
1.679695e+003,1.013571e+002
1.680177e+003,1.013493e+002
1.680659e+003,1.013206e+002
1.681141e+003,1.012607e+002
1.681623e+003,1.011784e+002
1.682105e+003,1.010977e+002
1.682587e+003,1.010533e+002
1.683070e+003,1.010890e+002
1.683552e+003,1.012462e+002
1.684034e+003,1.015278e+002
1.684516e+003,1.018680e+002
1.684998e+003,1.021647e+002
1.685480e+003,1.023554e+002
1.685962e+003,1.024519e+002
1.686444e+003,1.025105e+002
1.686927e+003,1.025853e+002
1.687409e+003,1.026991e+002
1.687891e+003,1.028379e+002
1.688373e+003,1.029607e+002
1.688855e+003,1.030208e+002
1.689337e+003,1.029883e+002
1.689819e+003,1.028644e+002
1.690301e+003,1.026776e+002
1.690783e+003,1.024674e+002
1.691266e+003,1.022658e+002
1.691748e+003,1.020890e+002
1.692230e+003,1.019379e+002
1.692712e+003,1.018050e+002
1.693194e+003,1.016815e+002
1.693676e+003,1.015642e+002
1.694158e+003,1.014623e+002
1.694640e+003,1.014014e+002
1.695123e+003,1.014127e+002
1.695605e+003,1.015046e+002
1.696087e+003,1.016362e+002
1.696569e+003,1.017311e+002
1.697051e+003,1.017264e+002
1.697533e+003,1.016068e+002
1.698015e+003,1.014037e+002
1.698497e+003,1.011796e+002
1.698979e+003,1.010221e+002
1.699462e+003,1.010351e+002
1.699944e+003,1.012900e+002
1.700426e+003,1.017428e+002
1.700908e+003,1.022178e+002
1.701390e+003,1.025264e+002
1.701872e+003,1.025892e+002
1.702354e+003,1.024432e+002
1.702836e+003,1.021769e+002
1.703319e+003,1.018779e+002
1.703801e+003,1.016135e+002
1.704283e+003,1.014318e+002
1.704765e+003,1.013639e+002
1.705247e+003,1.014192e+002
1.705729e+003,1.015777e+002
1.706211e+003,1.017925e+002
1.706693e+003,1.020057e+002
1.707176e+003,1.021669e+002
1.707657e+003,1.022425e+002
1.708140e+003,1.022177e+002
1.708622e+003,1.020950e+002
1.709104e+003,1.018946e+002
1.709586e+003,1.016522e+002
1.710068e+003,1.014124e+002
1.710550e+003,1.012173e+002
1.711032e+003,1.010952e+002
1.711514e+003,1.010528e+002
1.711997e+003,1.010733e+002
1.712479e+003,1.011211e+002
1.712961e+003,1.011527e+002
1.713443e+003,1.011311e+002
1.713925e+003,1.010405e+002
1.714407e+003,1.008958e+002
1.714889e+003,1.007435e+002
1.715371e+003,1.006515e+002
1.715854e+003,1.006914e+002
1.716336e+003,1.009147e+002
1.716818e+003,1.013230e+002
1.717300e+003,1.018460e+002
1.717782e+003,1.023517e+002
1.718264e+003,1.027013e+002
1.718746e+003,1.028195e+002
1.719229e+003,1.027233e+002
1.719710e+003,1.024951e+002
1.720193e+003,1.022361e+002
1.720675e+003,1.020303e+002
1.721157e+003,1.019274e+002
1.721639e+003,1.019394e+002
1.722121e+003,1.020439e+002
1.722603e+003,1.021925e+002
1.723085e+003,1.023267e+002
1.723567e+003,1.023958e+002
1.724050e+003,1.023746e+002
1.724532e+003,1.022679e+002
1.725014e+003,1.021037e+002
1.725496e+003,1.019174e+002
1.725978e+003,1.017386e+002
1.726460e+003,1.015841e+002
1.726942e+003,1.014583e+002
1.727424e+003,1.013588e+002
1.727906e+003,1.012827e+002
1.728389e+003,1.012310e+002
1.728871e+003,1.012084e+002
1.729353e+003,1.012190e+002
1.729835e+003,1.012614e+002
1.730317e+003,1.013259e+002
1.730799e+003,1.013971e+002
1.731281e+003,1.014594e+002
1.731763e+003,1.015046e+002
1.732246e+003,1.015399e+002
1.732728e+003,1.015948e+002
1.733210e+003,1.017164e+002
1.733692e+003,1.019404e+002
1.734174e+003,1.022442e+002
1.734656e+003,1.025333e+002
1.735138e+003,1.026974e+002
1.735620e+003,1.026831e+002
1.736103e+003,1.025127e+002
1.736585e+003,1.022529e+002
1.737067e+003,1.019776e+002
1.737549e+003,1.017445e+002
1.738031e+003,1.015871e+002
1.738513e+003,1.015113e+002
1.738995e+003,1.014939e+002
1.739477e+003,1.014874e+002
1.739959e+003,1.014367e+002
1.740442e+003,1.013055e+002
1.740924e+003,1.010929e+002
1.741406e+003,1.008320e+002
1.741888e+003,1.005744e+002
1.742370e+003,1.003712e+002
1.742852e+003,1.002586e+002
1.743334e+003,1.002485e+002
1.743816e+003,1.003274e+002
1.744299e+003,1.004623e+002
1.744781e+003,1.006115e+002
1.745263e+003,1.007355e+002
1.745745e+003,1.008036e+002
1.746227e+003,1.007970e+002
1.746709e+003,1.007103e+002
1.747191e+003,1.005530e+002
1.747673e+003,1.003510e+002
1.748156e+003,1.001452e+002
1.748637e+003,9.998590e+001
1.749120e+003,9.992336e+001
1.749602e+003,9.999584e+001
1.750084e+003,1.002160e+002
1.750566e+003,1.005588e+002
1.751048e+003,1.009596e+002
1.751530e+003,1.013300e+002
1.752012e+003,1.015897e+002
1.752494e+003,1.016962e+002
1.752977e+003,1.016538e+002
1.753459e+003,1.015017e+002
1.753941e+003,1.012915e+002
1.754423e+003,1.010696e+002
1.754905e+003,1.008676e+002
1.755387e+003,1.006995e+002
1.755869e+003,1.005645e+002
1.756351e+003,1.004521e+002
1.756833e+003,1.003494e+002
1.757316e+003,1.002489e+002
1.757798e+003,1.001533e+002
1.758280e+003,1.000742e+002
1.758762e+003,1.000278e+002
1.759244e+003,1.000284e+002
1.759726e+003,1.000834e+002
1.760208e+003,1.001926e+002
1.760690e+003,1.003475e+002
1.761173e+003,1.005325e+002
1.761655e+003,1.007256e+002
1.762137e+003,1.009007e+002
1.762619e+003,1.010314e+002
1.763101e+003,1.010980e+002
1.763583e+003,1.010924e+002
1.764065e+003,1.010189e+002
1.764547e+003,1.008922e+002
1.765030e+003,1.007341e+002
1.765512e+003,1.005701e+002
1.765994e+003,1.004270e+002
1.766476e+003,1.003290e+002
1.766958e+003,1.002900e+002
1.767440e+003,1.003062e+002
1.767922e+003,1.003537e+002
1.768404e+003,1.003951e+002
1.768886e+003,1.003941e+002
1.769369e+003,1.003297e+002
1.769851e+003,1.002041e+002
1.770333e+003,1.000437e+002
1.770815e+003,9.989499e+001
1.771297e+003,9.981462e+001
1.771779e+003,9.984815e+001
1.772261e+003,1.000045e+002
1.772743e+003,1.002441e+002
1.773226e+003,1.004968e+002
1.773708e+003,1.006982e+002
1.774190e+003,1.008146e+002
1.774672e+003,1.008448e+002
1.775154e+003,1.008063e+002
1.775636e+003,1.007205e+002
1.776118e+003,1.006043e+002
1.776600e+003,1.004690e+002
1.777083e+003,1.003231e+002
1.777564e+003,1.001769e+002
1.778047e+003,1.000444e+002
1.778529e+003,9.994299e+001
1.779011e+003,9.988921e+001
1.779493e+003,9.989286e+001
1.779975e+003,9.995230e+001
1.780457e+003,1.000533e+002
1.780939e+003,1.001737e+002
1.781421e+003,1.002925e+002
1.781904e+003,1.003981e+002
1.782386e+003,1.004903e+002
1.782868e+003,1.005761e+002
1.783350e+003,1.006610e+002
1.783832e+003,1.007416e+002
1.784314e+003,1.008035e+002
1.784796e+003,1.008254e+002
1.785278e+003,1.007898e+002
1.785760e+003,1.006930e+002
1.786243e+003,1.005492e+002
1.786725e+003,1.003859e+002
1.787207e+003,1.002340e+002
1.787689e+003,1.001179e+002
1.788171e+003,1.000491e+002
1.788653e+003,1.000256e+002
1.789135e+003,1.000358e+002
1.789617e+003,1.000644e+002
1.790100e+003,1.000997e+002
1.790582e+003,1.001390e+002
1.791064e+003,1.001883e+002
1.791546e+003,1.002569e+002
1.792028e+003,1.003461e+002
1.792510e+003,1.004424e+002
1.792992e+003,1.005205e+002
1.793474e+003,1.005568e+002
1.793957e+003,1.005432e+002
1.794439e+003,1.004896e+002
1.794921e+003,1.004172e+002
1.795403e+003,1.003480e+002
1.795885e+003,1.002958e+002
1.796367e+003,1.002626e+002
1.796849e+003,1.002396e+002
1.797331e+003,1.002131e+002
1.797813e+003,1.001720e+002
1.798296e+003,1.001139e+002
1.798778e+003,1.000471e+002
1.799260e+003,9.998849e+001
1.799742e+003,9.995721e+001
1.800224e+003,9.996752e+001
1.800706e+003,1.000235e+002
1.801188e+003,1.001181e+002
1.801670e+003,1.002372e+002
1.802153e+003,1.003652e+002
1.802635e+003,1.004897e+002
1.803117e+003,1.006017e+002
1.803599e+003,1.006936e+002
1.804081e+003,1.007572e+002
1.804563e+003,1.007839e+002
1.805045e+003,1.007672e+002
1.805527e+003,1.007066e+002
1.806010e+003,1.006093e+002
1.806491e+003,1.004897e+002
1.806974e+003,1.003663e+002
1.807456e+003,1.002562e+002
1.807938e+003,1.001723e+002
1.808420e+003,1.001213e+002
1.808902e+003,1.001050e+002
1.809384e+003,1.001228e+002
1.809866e+003,1.001738e+002
1.810348e+003,1.002578e+002
1.810831e+003,1.003723e+002
1.811313e+003,1.005092e+002
1.811795e+003,1.006524e+002
1.812277e+003,1.007792e+002
1.812759e+003,1.008661e+002
1.813241e+003,1.008972e+002
1.813723e+003,1.008688e+002
1.814205e+003,1.007919e+002
1.814688e+003,1.006888e+002
1.815170e+003,1.005876e+002
1.815652e+003,1.005144e+002
1.816134e+003,1.004872e+002
1.816616e+003,1.005113e+002
1.817098e+003,1.005793e+002
1.817580e+003,1.006753e+002
1.818062e+003,1.007818e+002
1.818544e+003,1.008843e+002
1.819027e+003,1.009724e+002
1.819509e+003,1.010388e+002
1.819991e+003,1.010770e+002
1.820473e+003,1.010796e+002
1.820955e+003,1.010406e+002
1.821437e+003,1.009570e+002
1.821919e+003,1.008312e+002
1.822401e+003,1.006727e+002
1.822884e+003,1.004974e+002
1.823366e+003,1.003262e+002
1.823848e+003,1.001819e+002
1.824330e+003,1.000830e+002
1.824812e+003,1.000376e+002
1.825294e+003,1.000402e+002
1.825776e+003,1.000747e+002
1.826258e+003,1.001218e+002
1.826740e+003,1.001662e+002
1.827223e+003,1.001995e+002
1.827705e+003,1.002199e+002
1.828187e+003,1.002308e+002
1.828669e+003,1.002393e+002
1.829151e+003,1.002545e+002
1.829633e+003,1.002832e+002
1.830115e+003,1.003268e+002
1.830597e+003,1.003798e+002
1.831080e+003,1.004328e+002
1.831562e+003,1.004785e+002
1.832044e+003,1.005139e+002
1.832526e+003,1.005409e+002
1.833008e+003,1.005628e+002
1.833490e+003,1.005824e+002
1.833972e+003,1.005992e+002
1.834454e+003,1.006097e+002
1.834937e+003,1.006083e+002
1.835418e+003,1.005893e+002
1.835901e+003,1.005492e+002
1.836383e+003,1.004884e+002
1.836865e+003,1.004120e+002
1.837347e+003,1.003287e+002
1.837829e+003,1.002490e+002
1.838311e+003,1.001829e+002
1.838793e+003,1.001382e+002
1.839275e+003,1.001193e+002
1.839758e+003,1.001278e+002
1.840240e+003,1.001630e+002
1.840722e+003,1.002221e+002
1.841204e+003,1.002993e+002
1.841686e+003,1.003853e+002
1.842168e+003,1.004666e+002
1.842650e+003,1.005280e+002
1.843132e+003,1.005570e+002
1.843615e+003,1.005487e+002
1.844097e+003,1.005079e+002
1.844579e+003,1.004478e+002
1.845061e+003,1.003851e+002
1.845543e+003,1.003356e+002
1.846025e+003,1.003111e+002
1.846507e+003,1.003172e+002
1.846989e+003,1.003514e+002
1.847471e+003,1.004036e+002
1.847954e+003,1.004591e+002
1.848436e+003,1.005025e+002
1.848918e+003,1.005221e+002
1.849400e+003,1.005132e+002
1.849882e+003,1.004775e+002
1.850364e+003,1.004212e+002
1.850846e+003,1.003518e+002
1.851328e+003,1.002758e+002
1.851811e+003,1.001980e+002
1.852293e+003,1.001233e+002
1.852775e+003,1.000580e+002
1.853257e+003,1.000107e+002
1.853739e+003,9.999194e+001
1.854221e+003,1.000106e+002
1.854703e+003,1.000708e+002
1.855185e+003,1.001688e+002
1.855667e+003,1.002914e+002
1.856150e+003,1.004189e+002
1.856632e+003,1.005288e+002
1.857114e+003,1.006021e+002
1.857596e+003,1.006298e+002
1.858078e+003,1.006153e+002
1.858560e+003,1.005742e+002
1.859042e+003,1.005294e+002
1.859524e+003,1.005039e+002
1.860007e+003,1.005135e+002
1.860489e+003,1.005624e+002
1.860971e+003,1.006422e+002
1.861453e+003,1.007349e+002
1.861935e+003,1.008187e+002
1.862417e+003,1.008744e+002
1.862899e+003,1.008900e+002
1.863381e+003,1.008626e+002
1.863864e+003,1.007970e+002
1.864345e+003,1.007022e+002
1.864828e+003,1.005882e+002
1.865310e+003,1.004637e+002
1.865792e+003,1.003364e+002
1.866274e+003,1.002135e+002
1.866756e+003,1.001042e+002
1.867238e+003,1.000199e+002
1.867720e+003,9.997320e+001
1.868202e+003,9.997366e+001
1.868685e+003,1.000227e+002
1.869167e+003,1.001108e+002
1.869649e+003,1.002192e+002
1.870131e+003,1.003276e+002
1.870613e+003,1.004212e+002
1.871095e+003,1.004935e+002
1.871577e+003,1.005446e+002
1.872059e+003,1.005764e+002
1.872542e+003,1.005887e+002
1.873024e+003,1.005779e+002
1.873506e+003,1.005395e+002
1.873988e+003,1.004723e+002
1.874470e+003,1.003826e+002
1.874952e+003,1.002849e+002
1.875434e+003,1.001999e+002
1.875916e+003,1.001477e+002
1.876398e+003,1.001426e+002
1.876881e+003,1.001873e+002
1.877363e+003,1.002728e+002
1.877845e+003,1.003810e+002
1.878327e+003,1.004908e+002
1.878809e+003,1.005845e+002
1.879291e+003,1.006521e+002
1.879773e+003,1.006917e+002
1.880255e+003,1.007058e+002
1.880738e+003,1.006980e+002
1.881220e+003,1.006698e+002
1.881702e+003,1.006208e+002
1.882184e+003,1.005519e+002
1.882666e+003,1.004685e+002
1.883148e+003,1.003819e+002
1.883630e+003,1.003078e+002
1.884112e+003,1.002614e+002
1.884594e+003,1.002513e+002
1.885077e+003,1.002757e+002
1.885559e+003,1.003222e+002
1.886041e+003,1.003713e+002
1.886523e+003,1.004039e+002
1.887005e+003,1.004079e+002
1.887487e+003,1.003813e+002
1.887969e+003,1.003331e+002
1.888451e+003,1.002790e+002
1.888934e+003,1.002365e+002
1.889416e+003,1.002172e+002
1.889898e+003,1.002235e+002
1.890380e+003,1.002487e+002
1.890862e+003,1.002818e+002
1.891344e+003,1.003131e+002
1.891826e+003,1.003362e+002
1.892308e+003,1.003484e+002
1.892791e+003,1.003482e+002
1.893272e+003,1.003344e+002
1.893755e+003,1.003060e+002
1.894237e+003,1.002635e+002
1.894719e+003,1.002104e+002
1.895201e+003,1.001533e+002
1.895683e+003,1.001008e+002
1.896165e+003,1.000608e+002
1.896647e+003,1.000384e+002
1.897129e+003,1.000346e+002
1.897612e+003,1.000469e+002
1.898094e+003,1.000714e+002
1.898576e+003,1.001049e+002
1.899058e+003,1.001456e+002
1.899540e+003,1.001927e+002
1.900022e+003,1.002440e+002
1.900504e+003,1.002940e+002
1.900986e+003,1.003335e+002
1.901469e+003,1.003517e+002
1.901951e+003,1.003398e+002
1.902433e+003,1.002958e+002
1.902915e+003,1.002266e+002
1.903397e+003,1.001469e+002
1.903879e+003,1.000757e+002
1.904361e+003,1.000307e+002
1.904843e+003,1.000234e+002
1.905325e+003,1.000561e+002
1.905808e+003,1.001224e+002
1.906290e+003,1.002102e+002
1.906772e+003,1.003061e+002
1.907254e+003,1.003989e+002
1.907736e+003,1.004811e+002
1.908218e+003,1.005485e+002
1.908700e+003,1.005994e+002
1.909182e+003,1.006329e+002
1.909665e+003,1.006488e+002
1.910147e+003,1.006485e+002
1.910629e+003,1.006349e+002
1.911111e+003,1.006130e+002
1.911593e+003,1.005884e+002
1.912075e+003,1.005654e+002
1.912557e+003,1.005452e+002
1.913039e+003,1.005254e+002
1.913521e+003,1.005005e+002
1.914004e+003,1.004650e+002
1.914486e+003,1.004153e+002
1.914968e+003,1.003529e+002
1.915450e+003,1.002837e+002
1.915932e+003,1.002184e+002
1.916414e+003,1.001694e+002
1.916896e+003,1.001472e+002
1.917378e+003,1.001571e+002
1.917861e+003,1.001955e+002
1.918343e+003,1.002516e+002
1.918825e+003,1.003115e+002
1.919307e+003,1.003634e+002
1.919789e+003,1.004018e+002
1.920271e+003,1.004277e+002
1.920753e+003,1.004462e+002
1.921235e+003,1.004631e+002
1.921718e+003,1.004823e+002
1.922199e+003,1.005037e+002
1.922682e+003,1.005237e+002
1.923164e+003,1.005365e+002
1.923646e+003,1.005375e+002
1.924128e+003,1.005259e+002
1.924610e+003,1.005060e+002
1.925092e+003,1.004860e+002
1.925574e+003,1.004756e+002
1.926056e+003,1.004833e+002
1.926539e+003,1.005130e+002
1.927021e+003,1.005640e+002
1.927503e+003,1.006312e+002
1.927985e+003,1.007065e+002
1.928467e+003,1.007810e+002
1.928949e+003,1.008471e+002
1.929431e+003,1.008985e+002
1.929913e+003,1.009309e+002
1.930396e+003,1.009419e+002
1.930878e+003,1.009318e+002
1.931360e+003,1.009051e+002
1.931842e+003,1.008719e+002
1.932324e+003,1.008469e+002
1.932806e+003,1.008464e+002
1.933288e+003,1.008829e+002
1.933770e+003,1.009591e+002
1.934252e+003,1.010650e+002
1.934735e+003,1.011783e+002
1.935217e+003,1.012703e+002
1.935699e+003,1.013147e+002
1.936181e+003,1.012981e+002
1.936663e+003,1.012250e+002
1.937145e+003,1.011170e+002
1.937627e+003,1.010047e+002
1.938109e+003,1.009171e+002
1.938592e+003,1.008720e+002
1.939074e+003,1.008718e+002
1.939556e+003,1.009050e+002
1.940038e+003,1.009522e+002
1.940520e+003,1.009949e+002
1.941002e+003,1.010228e+002
1.941484e+003,1.010370e+002
1.941966e+003,1.010472e+002
1.942448e+003,1.010661e+002
1.942931e+003,1.011023e+002
1.943413e+003,1.011561e+002
1.943895e+003,1.012215e+002
1.944377e+003,1.012899e+002
1.944859e+003,1.013550e+002
1.945341e+003,1.014137e+002
1.945823e+003,1.014656e+002
1.946305e+003,1.015100e+002
1.946788e+003,1.015458e+002
1.947270e+003,1.015713e+002
1.947752e+003,1.015871e+002
1.948234e+003,1.015983e+002
1.948716e+003,1.016136e+002
1.949198e+003,1.016426e+002
1.949680e+003,1.016910e+002
1.950162e+003,1.017559e+002
1.950645e+003,1.018257e+002
1.951126e+003,1.018829e+002
1.951609e+003,1.019129e+002
1.952091e+003,1.019119e+002
1.952573e+003,1.018910e+002
1.953055e+003,1.018743e+002
1.953537e+003,1.018902e+002
1.954019e+003,1.019611e+002
1.954501e+003,1.020944e+002
1.954983e+003,1.022777e+002
1.955466e+003,1.024812e+002
1.955948e+003,1.026677e+002
1.956430e+003,1.028030e+002
1.956912e+003,1.028655e+002
1.957394e+003,1.028491e+002
1.957876e+003,1.027633e+002
1.958358e+003,1.026295e+002
1.958840e+003,1.024774e+002
1.959323e+003,1.023381e+002
1.959805e+003,1.022388e+002
1.960287e+003,1.021965e+002
1.960769e+003,1.022147e+002
1.961251e+003,1.022814e+002
1.961733e+003,1.023706e+002
1.962215e+003,1.024473e+002
1.962697e+003,1.024772e+002
1.963179e+003,1.024377e+002
1.963662e+003,1.023264e+002
1.964144e+003,1.021616e+002
1.964626e+003,1.019752e+002
1.965108e+003,1.018013e+002
1.965590e+003,1.016647e+002
1.966072e+003,1.015741e+002
1.966554e+003,1.015215e+002
1.967036e+003,1.014891e+002
1.967519e+003,1.014605e+002
1.968001e+003,1.014306e+002
1.968483e+003,1.014079e+002
1.968965e+003,1.014081e+002
1.969447e+003,1.014441e+002
1.969929e+003,1.015169e+002
1.970411e+003,1.016129e+002
1.970893e+003,1.017088e+002
1.971375e+003,1.017829e+002
1.971858e+003,1.018256e+002
1.972340e+003,1.018438e+002
1.972822e+003,1.018557e+002
1.973304e+003,1.018803e+002
1.973786e+003,1.019256e+002
1.974268e+003,1.019819e+002
1.974750e+003,1.020235e+002
1.975232e+003,1.020210e+002
1.975715e+003,1.019534e+002
1.976197e+003,1.018190e+002
1.976679e+003,1.016360e+002
1.977161e+003,1.014357e+002
1.977643e+003,1.012515e+002
1.978125e+003,1.011078e+002
1.978607e+003,1.010135e+002
1.979089e+003,1.009631e+002
1.979572e+003,1.009427e+002
1.980053e+003,1.009364e+002
1.980536e+003,1.009295e+002
1.981018e+003,1.009087e+002
1.981500e+003,1.008617e+002
1.981982e+003,1.007781e+002
1.982464e+003,1.006539e+002
1.982946e+003,1.004958e+002
1.983428e+003,1.003238e+002
1.983910e+003,1.001684e+002
1.984393e+003,1.000629e+002
1.984875e+003,1.000347e+002
1.985357e+003,1.000946e+002
1.985839e+003,1.002317e+002
1.986321e+003,1.004147e+002
1.986803e+003,1.006017e+002
1.987285e+003,1.007535e+002
1.987767e+003,1.008457e+002
1.988250e+003,1.008723e+002
1.988732e+003,1.008454e+002
1.989214e+003,1.007874e+002
1.989696e+003,1.007241e+002
1.990178e+003,1.006783e+002
1.990660e+003,1.006667e+002
1.991142e+003,1.007002e+002
1.991624e+003,1.007856e+002
1.992106e+003,1.009255e+002
1.992589e+003,1.011179e+002
1.993071e+003,1.013528e+002
1.993553e+003,1.016126e+002
1.994035e+003,1.018737e+002
1.994517e+003,1.021125e+002
1.994999e+003,1.023116e+002
1.995481e+003,1.024628e+002
1.995963e+003,1.025683e+002
1.996446e+003,1.026374e+002
1.996928e+003,1.026834e+002
1.997410e+003,1.027187e+002
1.997892e+003,1.027510e+002
1.998374e+003,1.027823e+002
1.998856e+003,1.028082e+002
1.999338e+003,1.028193e+002
1.999820e+003,1.028027e+002
2.000302e+003,1.027443e+002
2.000785e+003,1.026330e+002
2.001267e+003,1.024655e+002
2.001749e+003,1.022517e+002
2.002231e+003,1.020163e+002
2.002713e+003,1.017970e+002
2.003195e+003,1.016376e+002
2.003677e+003,1.015770e+002
2.004159e+003,1.016392e+002
2.004642e+003,1.018222e+002
2.005124e+003,1.020939e+002
2.005606e+003,1.023983e+002
2.006088e+003,1.026720e+002
2.006570e+003,1.028670e+002
2.007052e+003,1.029659e+002
2.007534e+003,1.029844e+002
2.008016e+003,1.029602e+002
2.008499e+003,1.029347e+002
2.008980e+003,1.029352e+002
2.009463e+003,1.029641e+002
2.009945e+003,1.030004e+002
2.010427e+003,1.030111e+002
2.010909e+003,1.029665e+002
2.011391e+003,1.028521e+002
2.011873e+003,1.026725e+002
2.012355e+003,1.024487e+002
2.012837e+003,1.022085e+002
2.013320e+003,1.019771e+002
2.013802e+003,1.017698e+002
2.014284e+003,1.015924e+002
2.014766e+003,1.014463e+002
2.015248e+003,1.013352e+002
2.015730e+003,1.012694e+002
2.016212e+003,1.012633e+002
2.016694e+003,1.013277e+002
2.017177e+003,1.014603e+002
2.017659e+003,1.016416e+002
2.018141e+003,1.018385e+002
2.018623e+003,1.020144e+002
2.019105e+003,1.021404e+002
2.019587e+003,1.022051e+002
2.020069e+003,1.022168e+002
2.020551e+003,1.022014e+002
2.021033e+003,1.021921e+002
2.021516e+003,1.022178e+002
2.021998e+003,1.022918e+002
2.022480e+003,1.024076e+002
2.022962e+003,1.025422e+002
2.023444e+003,1.026626e+002
2.023926e+003,1.027366e+002
2.024408e+003,1.027427e+002
2.024890e+003,1.026768e+002
2.025373e+003,1.025527e+002
2.025855e+003,1.023959e+002
2.026337e+003,1.022346e+002
2.026819e+003,1.020914e+002
2.027301e+003,1.019787e+002
2.027783e+003,1.018966e+002
2.028265e+003,1.018353e+002
2.028747e+003,1.017796e+002
2.029229e+003,1.017159e+002
2.029712e+003,1.016366e+002
2.030194e+003,1.015446e+002
2.030676e+003,1.014513e+002
2.031158e+003,1.013733e+002
2.031640e+003,1.013268e+002
2.032122e+003,1.013211e+002
2.032604e+003,1.013535e+002
2.033086e+003,1.014097e+002
2.033569e+003,1.014667e+002
2.034051e+003,1.015020e+002
2.034533e+003,1.014997e+002
2.035015e+003,1.014557e+002
2.035497e+003,1.013782e+002
2.035979e+003,1.012844e+002
2.036461e+003,1.011931e+002
2.036943e+003,1.011176e+002
2.037426e+003,1.010619e+002
2.037907e+003,1.010193e+002
2.038390e+003,1.009764e+002
2.038872e+003,1.009178e+002
2.039354e+003,1.008321e+002
2.039836e+003,1.007154e+002
2.040318e+003,1.005726e+002
2.040800e+003,1.004149e+002
2.041282e+003,1.002554e+002
2.041764e+003,1.001051e+002
2.042247e+003,9.997105e+001
2.042729e+003,9.985640e+001
2.043211e+003,9.976138e+001
2.043693e+003,9.968533e+001
2.044175e+003,9.962794e+001
2.044657e+003,9.958986e+001
2.045139e+003,9.957301e+001
2.045622e+003,9.958012e+001
2.046104e+003,9.961330e+001
2.046586e+003,9.967290e+001
2.047068e+003,9.975510e+001
2.047550e+003,9.985095e+001
2.048032e+003,9.994656e+001
2.048514e+003,1.000257e+002
2.048996e+003,1.000737e+002
2.049479e+003,1.000813e+002
2.049960e+003,1.000477e+002
2.050443e+003,9.998040e+001
2.050925e+003,9.989429e+001
2.051407e+003,9.980791e+001
2.051889e+003,9.973898e+001
2.052371e+003,9.970034e+001
2.052853e+003,9.969651e+001
2.053335e+003,9.972285e+001
2.053817e+003,9.976707e+001
2.054300e+003,9.981348e+001
2.054782e+003,9.984783e+001
2.055264e+003,9.986220e+001
2.055746e+003,9.985715e+001
2.056228e+003,9.984051e+001
2.056710e+003,9.982325e+001
2.057192e+003,9.981454e+001
2.057674e+003,9.981819e+001
2.058156e+003,9.983133e+001
2.058639e+003,9.984599e+001
2.059121e+003,9.985287e+001
2.059603e+003,9.984579e+001
2.060085e+003,9.982449e+001
2.060567e+003,9.979458e+001
2.061049e+003,9.976511e+001
2.061531e+003,9.974468e+001
2.062013e+003,9.973772e+001
2.062496e+003,9.974281e+001
2.062978e+003,9.975372e+001
2.063460e+003,9.976260e+001
2.063942e+003,9.976328e+001
2.064424e+003,9.975452e+001
2.064906e+003,9.974062e+001
2.065388e+003,9.972931e+001
2.065870e+003,9.972920e+001
2.066353e+003,9.974620e+001
2.066835e+003,9.978120e+001
2.067317e+003,9.983023e+001
2.067799e+003,9.988587e+001
2.068281e+003,9.994003e+001
2.068763e+003,9.998663e+001
2.069245e+003,1.000237e+002
2.069727e+003,1.000534e+002
2.070209e+003,1.000818e+002
2.070692e+003,1.001167e+002
2.071174e+003,1.001658e+002
2.071656e+003,1.002337e+002
2.072138e+003,1.003209e+002
2.072620e+003,1.004226e+002
2.073102e+003,1.005299e+002
2.073584e+003,1.006312e+002
2.074066e+003,1.007156e+002
2.074549e+003,1.007752e+002
2.075031e+003,1.008073e+002
2.075513e+003,1.008146e+002
2.075995e+003,1.008027e+002
2.076477e+003,1.007771e+002
2.076959e+003,1.007407e+002
2.077441e+003,1.006925e+002
2.077923e+003,1.006297e+002
2.078406e+003,1.005509e+002
2.078887e+003,1.004594e+002
2.079370e+003,1.003648e+002
2.079852e+003,1.002818e+002
2.080334e+003,1.002263e+002
2.080816e+003,1.002102e+002
2.081298e+003,1.002369e+002
2.081780e+003,1.002990e+002
2.082262e+003,1.003800e+002
2.082744e+003,1.004584e+002
2.083227e+003,1.005141e+002
2.083709e+003,1.005344e+002
2.084191e+003,1.005163e+002
2.084673e+003,1.004665e+002
2.085155e+003,1.003979e+002
2.085637e+003,1.003255e+002
2.086119e+003,1.002627e+002
2.086601e+003,1.002187e+002
2.087083e+003,1.001977e+002
2.087566e+003,1.001999e+002
2.088048e+003,1.002219e+002
2.088530e+003,1.002582e+002
2.089012e+003,1.003016e+002
2.089494e+003,1.003441e+002
2.089976e+003,1.003779e+002
2.090458e+003,1.003975e+002
2.090940e+003,1.004014e+002
2.091423e+003,1.003925e+002
2.091905e+003,1.003778e+002
2.092387e+003,1.003660e+002
2.092869e+003,1.003640e+002
2.093351e+003,1.003750e+002
2.093833e+003,1.003970e+002
2.094315e+003,1.004236e+002
2.094797e+003,1.004471e+002
2.095280e+003,1.004622e+002
2.095762e+003,1.004684e+002
2.096244e+003,1.004701e+002
2.096726e+003,1.004745e+002
2.097208e+003,1.004878e+002
2.097690e+003,1.005116e+002
2.098172e+003,1.005410e+002
2.098654e+003,1.005661e+002
2.099136e+003,1.005741e+002
2.099619e+003,1.005540e+002
2.100101e+003,1.005002e+002
2.100583e+003,1.004145e+002
2.101065e+003,1.003062e+002
2.101547e+003,1.001897e+002
2.102029e+003,1.000822e+002
2.102511e+003,9.999895e+001
2.102993e+003,9.995181e+001
2.103476e+003,9.994682e+001
2.103958e+003,9.998472e+001
2.104440e+003,1.000606e+002
2.104922e+003,1.001651e+002
2.105404e+003,1.002852e+002
2.105886e+003,1.004061e+002
2.106368e+003,1.005128e+002
2.106850e+003,1.005934e+002
2.107333e+003,1.006407e+002
2.107814e+003,1.006534e+002
2.108297e+003,1.006366e+002
2.108779e+003,1.006003e+002
2.109261e+003,1.005573e+002
2.109743e+003,1.005205e+002
2.110225e+003,1.005003e+002
2.110707e+003,1.005027e+002
2.111189e+003,1.005287e+002
2.111671e+003,1.005753e+002
2.112154e+003,1.006374e+002
2.112636e+003,1.007091e+002
2.113118e+003,1.007856e+002
2.113600e+003,1.008637e+002
2.114082e+003,1.009417e+002
2.114564e+003,1.010185e+002
2.115046e+003,1.010921e+002
2.115528e+003,1.011593e+002
2.116010e+003,1.012153e+002
2.116493e+003,1.012553e+002
2.116975e+003,1.012757e+002
2.117457e+003,1.012764e+002
2.117939e+003,1.012620e+002
2.118421e+003,1.012408e+002
2.118903e+003,1.012234e+002
2.119385e+003,1.012201e+002
2.119867e+003,1.012380e+002
2.120350e+003,1.012794e+002
2.120832e+003,1.013414e+002
2.121314e+003,1.014166e+002
2.121796e+003,1.014959e+002
2.122278e+003,1.015699e+002
2.122760e+003,1.016311e+002
2.123242e+003,1.016743e+002
2.123724e+003,1.016969e+002
2.124207e+003,1.016980e+002
2.124689e+003,1.016786e+002
2.125171e+003,1.016418e+002
2.125653e+003,1.015927e+002
2.126135e+003,1.015391e+002
2.126617e+003,1.014909e+002
2.127099e+003,1.014592e+002
2.127581e+003,1.014550e+002
2.128063e+003,1.014869e+002
2.128546e+003,1.015594e+002
2.129028e+003,1.016714e+002
2.129510e+003,1.018159e+002
2.129992e+003,1.019805e+002
2.130474e+003,1.021493e+002
2.130956e+003,1.023055e+002
2.131438e+003,1.024340e+002
2.131920e+003,1.025248e+002
2.132403e+003,1.025754e+002
2.132885e+003,1.025920e+002
2.133367e+003,1.025893e+002
2.133849e+003,1.025865e+002
2.134331e+003,1.026027e+002
2.134813e+003,1.026515e+002
2.135295e+003,1.027366e+002
2.135777e+003,1.028509e+002
2.136260e+003,1.029774e+002
2.136741e+003,1.030941e+002
2.137224e+003,1.031790e+002
2.137706e+003,1.032148e+002
2.138188e+003,1.031923e+002
2.138670e+003,1.031114e+002
2.139152e+003,1.029806e+002
2.139634e+003,1.028159e+002
2.140116e+003,1.026380e+002
2.140598e+003,1.024697e+002
2.141081e+003,1.023306e+002
2.141563e+003,1.022329e+002
2.142045e+003,1.021793e+002
2.142527e+003,1.021625e+002
2.143009e+003,1.021694e+002
2.143491e+003,1.021863e+002
2.143973e+003,1.022056e+002
2.144455e+003,1.022305e+002
2.144938e+003,1.022753e+002
2.145420e+003,1.023607e+002
2.145902e+003,1.025050e+002
2.146384e+003,1.027152e+002
2.146866e+003,1.029805e+002
2.147348e+003,1.032726e+002
2.147830e+003,1.035523e+002
2.148312e+003,1.037808e+002
2.148794e+003,1.039314e+002
2.149277e+003,1.039952e+002
2.149759e+003,1.039784e+002
2.150241e+003,1.038954e+002
2.150723e+003,1.037597e+002
2.151205e+003,1.035794e+002
2.151687e+003,1.033594e+002
2.152169e+003,1.031081e+002
2.152651e+003,1.028443e+002
2.153134e+003,1.025993e+002
2.153616e+003,1.024127e+002
2.154098e+003,1.023222e+002
2.154580e+003,1.023519e+002
2.155062e+003,1.025035e+002
2.155544e+003,1.027531e+002
2.156026e+003,1.030569e+002
2.156508e+003,1.033647e+002
2.156990e+003,1.036336e+002
2.157473e+003,1.038383e+002
2.157955e+003,1.039706e+002
2.158437e+003,1.040312e+002
2.158919e+003,1.040190e+002
2.159401e+003,1.039281e+002
2.159883e+003,1.037521e+002
2.160365e+003,1.034945e+002
2.160847e+003,1.031735e+002
2.161330e+003,1.028198e+002
2.161812e+003,1.024683e+002
2.162294e+003,1.021478e+002
2.162776e+003,1.018729e+002
2.163258e+003,1.016418e+002
2.163740e+003,1.014413e+002
2.164222e+003,1.012567e+002
2.164704e+003,1.010823e+002
2.165187e+003,1.009272e+002
2.165668e+003,1.008135e+002
2.166151e+003,1.007665e+002
2.166633e+003,1.008029e+002
2.167115e+003,1.009205e+002
2.167597e+003,1.010963e+002
2.168079e+003,1.012915e+002
2.168561e+003,1.014628e+002
2.169043e+003,1.015730e+002
2.169525e+003,1.015987e+002
2.170008e+003,1.015313e+002
2.170490e+003,1.013755e+002
2.170972e+003,1.011449e+002
2.171454e+003,1.008601e+002
2.171936e+003,1.005465e+002
2.172418e+003,1.002335e+002
2.172900e+003,9.995344e+001
2.173382e+003,9.973885e+001
2.173865e+003,9.961741e+001
2.174347e+003,9.960476e+001
2.174829e+003,9.969824e+001
2.175311e+003,9.987500e+001
2.175793e+003,1.000970e+002
2.176275e+003,1.003220e+002
2.176757e+003,1.005151e+002
2.177239e+003,1.006578e+002
2.177721e+003,1.007482e+002
2.178204e+003,1.007957e+002
2.178686e+003,1.008134e+002
2.179168e+003,1.008099e+002
2.179650e+003,1.007862e+002
2.180132e+003,1.007365e+002
2.180614e+003,1.006533e+002
2.181096e+003,1.005338e+002
2.181578e+003,1.003839e+002
2.182061e+003,1.002188e+002
2.182543e+003,1.000596e+002
2.183025e+003,9.992879e+001
2.183507e+003,9.984407e+001
2.183989e+003,9.981522e+001
2.184471e+003,9.984304e+001
2.184953e+003,9.991994e+001
2.185435e+003,1.000317e+002
2.185917e+003,1.001589e+002
2.186400e+003,1.002803e+002
2.186882e+003,1.003778e+002
2.187364e+003,1.004403e+002
2.187846e+003,1.004675e+002
2.188328e+003,1.004699e+002
2.188810e+003,1.004645e+002
2.189292e+003,1.004687e+002
2.189774e+003,1.004938e+002
2.190257e+003,1.005394e+002
2.190739e+003,1.005941e+002
2.191221e+003,1.006394e+002
2.191703e+003,1.006569e+002
2.192185e+003,1.006359e+002
2.192667e+003,1.005773e+002
2.193149e+003,1.004923e+002
2.193631e+003,1.003972e+002
2.194114e+003,1.003074e+002
2.194595e+003,1.002322e+002
2.195078e+003,1.001739e+002
2.195560e+003,1.001302e+002
2.196042e+003,1.000985e+002
2.196524e+003,1.000804e+002
2.197006e+003,1.000817e+002
2.197488e+003,1.001089e+002
2.197970e+003,1.001637e+002
2.198452e+003,1.002397e+002
2.198935e+003,1.003216e+002
2.199417e+003,1.003894e+002
2.199899e+003,1.004264e+002
2.200381e+003,1.004258e+002
2.200863e+003,1.003935e+002
2.201345e+003,1.003465e+002
2.201827e+003,1.003063e+002
2.202309e+003,1.002903e+002
2.202792e+003,1.003056e+002
2.203274e+003,1.003474e+002
2.203756e+003,1.004019e+002
2.204238e+003,1.004535e+002
2.204720e+003,1.004908e+002
2.205202e+003,1.005114e+002
2.205684e+003,1.005207e+002
2.206166e+003,1.005287e+002
2.206648e+003,1.005438e+002
2.207131e+003,1.005687e+002
2.207613e+003,1.005989e+002
2.208095e+003,1.006243e+002
2.208577e+003,1.006331e+002
2.209059e+003,1.006155e+002
2.209541e+003,1.005665e+002
2.210023e+003,1.004870e+002
2.210505e+003,1.003823e+002
2.210988e+003,1.002614e+002
2.211470e+003,1.001353e+002
2.211952e+003,1.000169e+002
2.212434e+003,9.992018e+001
2.212916e+003,9.985826e+001
2.213398e+003,9.984067e+001
2.213880e+003,9.987001e+001
2.214362e+003,9.993922e+001
2.214844e+003,1.000323e+002
2.215327e+003,1.001277e+002
2.215809e+003,1.002044e+002
2.216291e+003,1.002477e+002
2.216773e+003,1.002536e+002
2.217255e+003,1.002291e+002
2.217737e+003,1.001886e+002
2.218219e+003,1.001484e+002
2.218701e+003,1.001198e+002
2.219184e+003,1.001057e+002
2.219666e+003,1.001014e+002
2.220148e+003,1.000981e+002
2.220630e+003,1.000881e+002
2.221112e+003,1.000696e+002
2.221594e+003,1.000477e+002
2.222076e+003,1.000329e+002
2.222558e+003,1.000366e+002
2.223041e+003,1.000666e+002
2.223522e+003,1.001251e+002
2.224005e+003,1.002077e+002
2.224487e+003,1.003064e+002
2.224969e+003,1.004116e+002
2.225451e+003,1.005155e+002
2.225933e+003,1.006122e+002
2.226415e+003,1.006973e+002
2.226897e+003,1.007659e+002
2.227379e+003,1.008125e+002
2.227862e+003,1.008311e+002
2.228344e+003,1.008185e+002
2.228826e+003,1.007770e+002
2.229308e+003,1.007163e+002
2.229790e+003,1.006520e+002
2.230272e+003,1.006014e+002
2.230754e+003,1.005792e+002
2.231236e+003,1.005915e+002
2.231719e+003,1.006344e+002
2.232201e+003,1.006944e+002
2.232683e+003,1.007539e+002
2.233165e+003,1.007972e+002
2.233647e+003,1.008165e+002
2.234129e+003,1.008135e+002
2.234611e+003,1.007984e+002
2.235093e+003,1.007840e+002
2.235575e+003,1.007807e+002
2.236058e+003,1.007911e+002
2.236540e+003,1.008102e+002
2.237022e+003,1.008275e+002
2.237504e+003,1.008324e+002
2.237986e+003,1.008192e+002
2.238468e+003,1.007899e+002
2.238950e+003,1.007540e+002
2.239432e+003,1.007246e+002
2.239915e+003,1.007133e+002
2.240397e+003,1.007261e+002
2.240879e+003,1.007605e+002
2.241361e+003,1.008068e+002
2.241843e+003,1.008513e+002
2.242325e+003,1.008810e+002
2.242807e+003,1.008880e+002
2.243289e+003,1.008719e+002
2.243771e+003,1.008398e+002
2.244254e+003,1.008035e+002
2.244736e+003,1.007767e+002
2.245218e+003,1.007704e+002
2.245700e+003,1.007900e+002
2.246182e+003,1.008347e+002
2.246664e+003,1.008969e+002
2.247146e+003,1.009649e+002
2.247628e+003,1.010255e+002
2.248111e+003,1.010674e+002
2.248593e+003,1.010837e+002
2.249075e+003,1.010736e+002
2.249557e+003,1.010422e+002
2.250039e+003,1.009988e+002
2.250521e+003,1.009540e+002
2.251003e+003,1.009177e+002
2.251485e+003,1.008962e+002
2.251968e+003,1.008916e+002
2.252449e+003,1.009011e+002
2.252932e+003,1.009188e+002
2.253414e+003,1.009362e+002
2.253896e+003,1.009446e+002
2.254378e+003,1.009360e+002
2.254860e+003,1.009042e+002
2.255342e+003,1.008462e+002
2.255824e+003,1.007624e+002
2.256306e+003,1.006574e+002
2.256789e+003,1.005396e+002
2.257271e+003,1.004198e+002
2.257753e+003,1.003093e+002
2.258235e+003,1.002180e+002
2.258717e+003,1.001519e+002
2.259199e+003,1.001120e+002
2.259681e+003,1.000941e+002
2.260163e+003,1.000903e+002
2.260646e+003,1.000911e+002
2.261128e+003,1.000882e+002
2.261610e+003,1.000767e+002
2.262092e+003,1.000560e+002
2.262574e+003,1.000299e+002
2.263056e+003,1.000048e+002
2.263538e+003,9.998756e+001
2.264020e+003,9.998284e+001
2.264502e+003,9.999188e+001
2.264985e+003,1.000118e+002
2.265467e+003,1.000364e+002
2.265949e+003,1.000574e+002
2.266431e+003,1.000674e+002
2.266913e+003,1.000611e+002
2.267395e+003,1.000370e+002
2.267877e+003,9.999787e+001
2.268359e+003,9.994952e+001
2.268842e+003,9.989931e+001
2.269324e+003,9.985378e+001
2.269806e+003,9.981733e+001
2.270288e+003,9.979121e+001
2.270770e+003,9.977402e+001
2.271252e+003,9.976302e+001
2.271734e+003,9.975603e+001
2.272216e+003,9.975265e+001
2.272698e+003,9.975440e+001
2.273181e+003,9.976376e+001
2.273663e+003,9.978262e+001
2.274145e+003,9.981032e+001
2.274627e+003,9.984265e+001
2.275109e+003,9.987247e+001
2.275591e+003,9.989163e+001
2.276073e+003,9.989378e+001
2.276555e+003,9.987680e+001
2.277038e+003,9.984402e+001
2.277520e+003,9.980356e+001
2.278002e+003,9.976579e+001
2.278484e+003,9.974046e+001
2.278966e+003,9.973364e+001
2.279448e+003,9.974610e+001
2.279930e+003,9.977348e+001
2.280412e+003,9.980791e+001
2.280895e+003,9.984083e+001
2.281376e+003,9.986533e+001
2.281859e+003,9.987811e+001
2.282341e+003,9.987994e+001
2.282823e+003,9.987487e+001
2.283305e+003,9.986874e+001
2.283787e+003,9.986748e+001
2.284269e+003,9.987529e+001
2.284751e+003,9.989373e+001
2.285233e+003,9.992164e+001
2.285716e+003,9.995517e+001
2.286198e+003,9.998902e+001
2.286680e+003,1.000173e+002
2.287162e+003,1.000351e+002
2.287644e+003,1.000394e+002
2.288126e+003,1.000298e+002
2.288608e+003,1.000089e+002
2.289090e+003,9.998129e+001
2.289573e+003,9.995310e+001
2.290055e+003,9.993001e+001
2.290537e+003,9.991640e+001
2.291019e+003,9.991457e+001
2.291501e+003,9.992435e+001
2.291983e+003,9.994359e+001
2.292465e+003,9.996885e+001
2.292947e+003,9.999635e+001
2.293429e+003,1.000226e+002
2.293912e+003,1.000452e+002
2.294394e+003,1.000626e+002
2.294876e+003,1.000746e+002
2.295358e+003,1.000818e+002
2.295840e+003,1.000857e+002
2.296322e+003,1.000876e+002
2.296804e+003,1.000884e+002
2.297286e+003,1.000882e+002
2.297769e+003,1.000860e+002
2.298251e+003,1.000800e+002
2.298733e+003,1.000687e+002
2.299215e+003,1.000521e+002
2.299697e+003,1.000323e+002
2.300179e+003,1.000136e+002
2.300661e+003,1.000021e+002
2.301143e+003,1.000040e+002
2.301625e+003,1.000236e+002
2.302108e+003,1.000619e+002
2.302590e+003,1.001156e+002
2.303072e+003,1.001780e+002
2.303554e+003,1.002407e+002
2.304036e+003,1.002955e+002
2.304518e+003,1.003367e+002
2.305000e+003,1.003621e+002
2.305482e+003,1.003729e+002
2.305965e+003,1.003727e+002
2.306447e+003,1.003669e+002
2.306929e+003,1.003606e+002
2.307411e+003,1.003581e+002
2.307893e+003,1.003627e+002
2.308375e+003,1.003760e+002
2.308857e+003,1.003983e+002
2.309339e+003,1.004279e+002
2.309822e+003,1.004615e+002
2.310303e+003,1.004943e+002
2.310786e+003,1.005205e+002
2.311268e+003,1.005352e+002
2.311750e+003,1.005357e+002
2.312232e+003,1.005222e+002
2.312714e+003,1.004984e+002
2.313196e+003,1.004707e+002
2.313678e+003,1.004460e+002
2.314160e+003,1.004298e+002
2.314643e+003,1.004255e+002
2.315125e+003,1.004331e+002
2.315607e+003,1.004509e+002
2.316089e+003,1.004763e+002
2.316571e+003,1.005078e+002
2.317053e+003,1.005449e+002
2.317535e+003,1.005881e+002
2.318017e+003,1.006376e+002
2.318500e+003,1.006919e+002
2.318982e+003,1.007473e+002
2.319464e+003,1.007982e+002
2.319946e+003,1.008382e+002
2.320428e+003,1.008622e+002
2.320910e+003,1.008676e+002
2.321392e+003,1.008553e+002
2.321874e+003,1.008286e+002
2.322356e+003,1.007925e+002
2.322839e+003,1.007511e+002
2.323321e+003,1.007079e+002
2.323803e+003,1.006650e+002
2.324285e+003,1.006244e+002
2.324767e+003,1.005889e+002
2.325249e+003,1.005621e+002
2.325731e+003,1.005484e+002
2.326213e+003,1.005515e+002
2.326696e+003,1.005735e+002
2.327178e+003,1.006138e+002
2.327660e+003,1.006679e+002
2.328142e+003,1.007279e+002
2.328624e+003,1.007840e+002
2.329106e+003,1.008271e+002
2.329588e+003,1.008516e+002
2.330070e+003,1.008582e+002
2.330552e+003,1.008538e+002
2.331035e+003,1.008494e+002
2.331517e+003,1.008567e+002
2.331999e+003,1.008839e+002
2.332481e+003,1.009326e+002
2.332963e+003,1.009968e+002
2.333445e+003,1.010638e+002
2.333927e+003,1.011181e+002
2.334409e+003,1.011455e+002
2.334892e+003,1.011370e+002
2.335374e+003,1.010898e+002
2.335856e+003,1.010074e+002
2.336338e+003,1.008978e+002
2.336820e+003,1.007718e+002
2.337302e+003,1.006419e+002
2.337784e+003,1.005213e+002
2.338266e+003,1.004235e+002
2.338749e+003,1.003597e+002
2.339230e+003,1.003370e+002
2.339713e+003,1.003561e+002
2.340195e+003,1.004111e+002
2.340677e+003,1.004897e+002
2.341159e+003,1.005760e+002
2.341641e+003,1.006549e+002
2.342123e+003,1.007162e+002
2.342605e+003,1.007552e+002
2.343087e+003,1.007706e+002
2.343570e+003,1.007647e+002
2.344052e+003,1.007455e+002
2.344534e+003,1.007244e+002
2.345016e+003,1.007110e+002
2.345498e+003,1.007079e+002
2.345980e+003,1.007111e+002
2.346462e+003,1.007142e+002
2.346944e+003,1.007122e+002
2.347427e+003,1.007023e+002
2.347909e+003,1.006842e+002
2.348391e+003,1.006592e+002
2.348873e+003,1.006298e+002
2.349355e+003,1.005991e+002
2.349837e+003,1.005700e+002
2.350319e+003,1.005445e+002
2.350801e+003,1.005228e+002
2.351283e+003,1.005025e+002
2.351766e+003,1.004807e+002
2.352248e+003,1.004569e+002
2.352730e+003,1.004354e+002
2.353212e+003,1.004214e+002
2.353694e+003,1.004164e+002
2.354176e+003,1.004172e+002
2.354658e+003,1.004201e+002
2.355140e+003,1.004243e+002
2.355623e+003,1.004326e+002
2.356105e+003,1.004454e+002
2.356587e+003,1.004542e+002
2.357069e+003,1.004432e+002
2.357551e+003,1.004027e+002
2.358033e+003,1.003424e+002
2.358515e+003,1.002915e+002
2.358997e+003,1.002765e+002
2.359479e+003,1.002928e+002
2.359962e+003,1.002976e+002
2.360444e+003,1.002515e+002
2.360926e+003,1.001564e+002
2.361408e+003,1.000494e+002
2.361890e+003,9.997166e+001
2.362372e+003,9.995166e+001
2.362854e+003,9.999748e+001
2.363336e+003,1.000910e+002
2.363819e+003,1.001972e+002
2.364301e+003,1.002798e+002
2.364783e+003,1.003149e+002
2.365265e+003,1.002937e+002
2.365747e+003,1.002238e+002
2.366229e+003,1.001258e+002
2.366711e+003,1.000255e+002
2.367193e+003,9.994543e+001
2.367676e+003,9.989855e+001
2.368157e+003,9.988785e+001
2.368640e+003,9.990788e+001
2.369122e+003,9.994868e+001
2.369604e+003,9.999873e+001
2.370086e+003,1.000478e+002
2.370568e+003,1.000880e+002
2.371050e+003,1.001141e+002
2.371532e+003,1.001232e+002
2.372014e+003,1.001144e+002
2.372497e+003,1.000893e+002
2.372979e+003,1.000516e+002
2.373461e+003,1.000062e+002
2.373943e+003,9.995844e+001
2.374425e+003,9.991325e+001
2.374907e+003,9.987377e+001
2.375389e+003,9.984114e+001
2.375872e+003,9.981512e+001
2.376354e+003,9.979507e+001
2.376836e+003,9.978021e+001
2.377318e+003,9.977091e+001
2.377800e+003,9.976830e+001
2.378282e+003,9.977356e+001
2.378764e+003,9.978735e+001
2.379246e+003,9.980904e+001
2.379729e+003,9.983697e+001
2.380210e+003,9.986923e+001
2.380693e+003,9.990428e+001
2.381175e+003,9.994161e+001
2.381657e+003,9.998174e+001
2.382139e+003,1.000257e+002
2.382621e+003,1.000742e+002
2.383103e+003,1.001268e+002
2.383585e+003,1.001817e+002
2.384067e+003,1.002360e+002
2.384550e+003,1.002867e+002
2.385032e+003,1.003311e+002
2.385514e+003,1.003676e+002
2.385996e+003,1.003961e+002
2.386478e+003,1.004177e+002
2.386960e+003,1.004345e+002
2.387442e+003,1.004492e+002
2.387924e+003,1.004647e+002
2.388406e+003,1.004839e+002
2.388889e+003,1.005091e+002
2.389371e+003,1.005419e+002
2.389853e+003,1.005820e+002
2.390335e+003,1.006276e+002
2.390817e+003,1.006750e+002
2.391299e+003,1.007197e+002
2.391781e+003,1.007572e+002
2.392263e+003,1.007843e+002
2.392746e+003,1.007997e+002
2.393228e+003,1.008045e+002
2.393710e+003,1.008015e+002
2.394192e+003,1.007941e+002
2.394674e+003,1.007856e+002
2.395156e+003,1.007788e+002
2.395638e+003,1.007756e+002
2.396120e+003,1.007774e+002
2.396603e+003,1.007849e+002
2.397085e+003,1.007988e+002
2.397567e+003,1.008186e+002
2.398049e+003,1.008432e+002
2.398531e+003,1.008703e+002
2.399013e+003,1.008971e+002
2.399495e+003,1.009211e+002
2.399977e+003,1.009412e+002
2.400459e+003,1.009576e+002
2.400942e+003,1.009717e+002
2.401424e+003,1.009849e+002
2.401906e+003,1.009979e+002
2.402388e+003,1.010097e+002
2.402870e+003,1.010180e+002
2.403352e+003,1.010203e+002
2.403834e+003,1.010153e+002
2.404316e+003,1.010039e+002
2.404799e+003,1.009889e+002
2.405281e+003,1.009743e+002
2.405763e+003,1.009636e+002
2.406245e+003,1.009585e+002
2.406727e+003,1.009578e+002
2.407209e+003,1.009585e+002
2.407691e+003,1.009565e+002
2.408173e+003,1.009490e+002
2.408656e+003,1.009351e+002
2.409137e+003,1.009164e+002
2.409620e+003,1.008964e+002
2.410102e+003,1.008783e+002
2.410584e+003,1.008647e+002
2.411066e+003,1.008560e+002
2.411548e+003,1.008511e+002
2.412030e+003,1.008479e+002
2.412512e+003,1.008445e+002
2.412994e+003,1.008397e+002
2.413477e+003,1.008333e+002
2.413959e+003,1.008255e+002
2.414441e+003,1.008170e+002
2.414923e+003,1.008079e+002
2.415405e+003,1.007983e+002
2.415887e+003,1.007883e+002
2.416369e+003,1.007780e+002
2.416851e+003,1.007681e+002
2.417333e+003,1.007590e+002
2.417816e+003,1.007512e+002
2.418298e+003,1.007445e+002
2.418780e+003,1.007382e+002
2.419262e+003,1.007314e+002
2.419744e+003,1.007235e+002
2.420226e+003,1.007144e+002
2.420708e+003,1.007042e+002
2.421190e+003,1.006938e+002
2.421673e+003,1.006835e+002
2.422155e+003,1.006734e+002
2.422637e+003,1.006628e+002
2.423119e+003,1.006512e+002
2.423601e+003,1.006381e+002
2.424083e+003,1.006239e+002
2.424565e+003,1.006097e+002
2.425047e+003,1.005967e+002
2.425530e+003,1.005860e+002
2.426012e+003,1.005774e+002
2.426494e+003,1.005694e+002
2.426976e+003,1.005594e+002
2.427458e+003,1.005445e+002
2.427940e+003,1.005224e+002
2.428422e+003,1.004921e+002
2.428904e+003,1.004543e+002
2.429386e+003,1.004118e+002
2.429869e+003,1.003685e+002
2.430351e+003,1.003288e+002
2.430833e+003,1.002969e+002
2.431315e+003,1.002759e+002
2.431797e+003,1.002673e+002
2.432279e+003,1.002708e+002
2.432761e+003,1.002844e+002
2.433243e+003,1.003048e+002
2.433726e+003,1.003279e+002
2.434208e+003,1.003499e+002
2.434690e+003,1.003677e+002
2.435172e+003,1.003798e+002
2.435654e+003,1.003860e+002
2.436136e+003,1.003872e+002
2.436618e+003,1.003847e+002
2.437100e+003,1.003794e+002
2.437583e+003,1.003719e+002
2.438064e+003,1.003621e+002
2.438547e+003,1.003494e+002
2.439029e+003,1.003337e+002
2.439511e+003,1.003153e+002
2.439993e+003,1.002947e+002
2.440475e+003,1.002729e+002
2.440957e+003,1.002507e+002
2.441439e+003,1.002281e+002
2.441921e+003,1.002045e+002
2.442404e+003,1.001790e+002
2.442886e+003,1.001507e+002
2.443368e+003,1.001189e+002
2.443850e+003,1.000840e+002
2.444332e+003,1.000468e+002
2.444814e+003,1.000091e+002
2.445296e+003,9.997274e+001
2.445778e+003,9.993990e+001
2.446260e+003,9.991241e+001
2.446743e+003,9.989175e+001
2.447225e+003,9.987880e+001
2.447707e+003,9.987358e+001
2.448189e+003,9.987526e+001
2.448671e+003,9.988223e+001
2.449153e+003,9.989240e+001
2.449635e+003,9.990366e+001
2.450117e+003,9.991444e+001
2.450600e+003,9.992416e+001
2.451082e+003,9.993304e+001
2.451564e+003,9.994186e+001
2.452046e+003,9.995140e+001
2.452528e+003,9.996190e+001
2.453010e+003,9.997274e+001
2.453492e+003,9.998270e+001
2.453974e+003,9.999037e+001
2.454457e+003,9.999477e+001
2.454939e+003,9.999592e+001
2.455421e+003,9.999495e+001
2.455903e+003,9.999397e+001
2.456385e+003,9.999567e+001
2.456867e+003,1.000028e+002
2.457349e+003,1.000174e+002
2.457831e+003,1.000407e+002
2.458313e+003,1.000725e+002
2.458796e+003,1.001113e+002
2.459278e+003,1.001539e+002
2.459760e+003,1.001961e+002
2.460242e+003,1.002331e+002
2.460724e+003,1.002606e+002
2.461206e+003,1.002758e+002
2.461688e+003,1.002783e+002
2.462170e+003,1.002698e+002
2.462653e+003,1.002542e+002
2.463135e+003,1.002362e+002
2.463617e+003,1.002198e+002
2.464099e+003,1.002071e+002
2.464581e+003,1.001984e+002
2.465063e+003,1.001921e+002
2.465545e+003,1.001857e+002
2.466027e+003,1.001776e+002
2.466510e+003,1.001674e+002
2.466992e+003,1.001567e+002
2.467474e+003,1.001483e+002
2.467956e+003,1.001454e+002
2.468438e+003,1.001503e+002
2.468920e+003,1.001637e+002
2.469402e+003,1.001846e+002
2.469884e+003,1.002104e+002
2.470366e+003,1.002377e+002
2.470849e+003,1.002628e+002
2.471331e+003,1.002825e+002
2.471813e+003,1.002942e+002
2.472295e+003,1.002967e+002
2.472777e+003,1.002897e+002
2.473259e+003,1.002746e+002
2.473741e+003,1.002542e+002
2.474223e+003,1.002322e+002
2.474706e+003,1.002128e+002
2.475188e+003,1.001997e+002
2.475670e+003,1.001948e+002
2.476152e+003,1.001982e+002
2.476634e+003,1.002078e+002
2.477116e+003,1.002201e+002
2.477598e+003,1.002315e+002
2.478080e+003,1.002391e+002
2.478563e+003,1.002417e+002
2.479044e+003,1.002399e+002
2.479527e+003,1.002355e+002
2.480009e+003,1.002307e+002
2.480491e+003,1.002270e+002
2.480973e+003,1.002254e+002
2.481455e+003,1.002255e+002
2.481937e+003,1.002264e+002
2.482419e+003,1.002272e+002
2.482901e+003,1.002274e+002
2.483384e+003,1.002271e+002
2.483866e+003,1.002265e+002
2.484348e+003,1.002260e+002
2.484830e+003,1.002252e+002
2.485312e+003,1.002230e+002
2.485794e+003,1.002178e+002
2.486276e+003,1.002080e+002
2.486758e+003,1.001927e+002
2.487240e+003,1.001722e+002
2.487723e+003,1.001486e+002
2.488205e+003,1.001254e+002
2.488687e+003,1.001070e+002
2.489169e+003,1.000972e+002
2.489651e+003,1.000985e+002
2.490133e+003,1.001109e+002
2.490615e+003,1.001320e+002
2.491097e+003,1.001572e+002
2.491580e+003,1.001810e+002
2.492062e+003,1.001982e+002
2.492544e+003,1.002057e+002
2.493026e+003,1.002031e+002
2.493508e+003,1.001924e+002
2.493990e+003,1.001773e+002
2.494472e+003,1.001620e+002
2.494954e+003,1.001497e+002
2.495437e+003,1.001423e+002
2.495919e+003,1.001397e+002
2.496401e+003,1.001403e+002
2.496883e+003,1.001423e+002
2.497365e+003,1.001441e+002
2.497847e+003,1.001448e+002
2.498329e+003,1.001442e+002
2.498811e+003,1.001420e+002
2.499293e+003,1.001377e+002
2.499776e+003,1.001305e+002
2.500258e+003,1.001188e+002
2.500740e+003,1.001014e+002
2.501222e+003,1.000783e+002
2.501704e+003,1.000508e+002
2.502186e+003,1.000218e+002
2.502668e+003,9.999546e+001
2.503150e+003,9.997579e+001
2.503633e+003,9.996575e+001
2.504115e+003,9.996616e+001
2.504597e+003,9.997549e+001
2.505079e+003,9.999033e+001
2.505561e+003,1.000063e+002
2.506043e+003,1.000196e+002
2.506525e+003,1.000278e+002
2.507007e+003,1.000305e+002
2.507490e+003,1.000294e+002
2.507971e+003,1.000271e+002
2.508454e+003,1.000263e+002
2.508936e+003,1.000282e+002
2.509418e+003,1.000325e+002
2.509900e+003,1.000370e+002
2.510382e+003,1.000391e+002
2.510864e+003,1.000364e+002
2.511346e+003,1.000279e+002
2.511828e+003,1.000147e+002
2.512311e+003,9.999940e+001
2.512793e+003,9.998521e+001
2.513275e+003,9.997510e+001
2.513757e+003,9.997054e+001
2.514239e+003,9.997117e+001
2.514721e+003,9.997498e+001
2.515203e+003,9.997911e+001
2.515685e+003,9.998083e+001
2.516167e+003,9.997838e+001
2.516650e+003,9.997141e+001
2.517132e+003,9.996097e+001
2.517614e+003,9.994907e+001
2.518096e+003,9.993808e+001
2.518578e+003,9.993023e+001
2.519060e+003,9.992715e+001
2.519542e+003,9.992948e+001
2.520024e+003,9.993691e+001
2.520507e+003,9.994814e+001
2.520989e+003,9.996129e+001
2.521471e+003,9.997433e+001
2.521953e+003,9.998573e+001
2.522435e+003,9.999504e+001
2.522917e+003,1.000030e+002
2.523399e+003,1.000114e+002
2.523881e+003,1.000221e+002
2.524364e+003,1.000363e+002
2.524846e+003,1.000535e+002
2.525328e+003,1.000717e+002
2.525810e+003,1.000874e+002
2.526292e+003,1.000972e+002
2.526774e+003,1.000989e+002
2.527256e+003,1.000925e+002
2.527738e+003,1.000799e+002
2.528220e+003,1.000645e+002
2.528703e+003,1.000496e+002
2.529185e+003,1.000369e+002
2.529667e+003,1.000266e+002
2.530149e+003,1.000173e+002
2.530631e+003,1.000073e+002
2.531113e+003,9.999593e+001
2.531595e+003,9.998413e+001
2.532077e+003,9.997461e+001
2.532560e+003,9.997070e+001
2.533042e+003,9.997491e+001
2.533524e+003,9.998785e+001
2.534006e+003,1.000078e+002
2.534488e+003,1.000312e+002
2.534970e+003,1.000539e+002
2.535452e+003,1.000725e+002
2.535934e+003,1.000850e+002
2.536417e+003,1.000910e+002
2.536898e+003,1.000911e+002
2.537381e+003,1.000864e+002
2.537863e+003,1.000779e+002
2.538345e+003,1.000663e+002
2.538827e+003,1.000526e+002
2.539309e+003,1.000388e+002
2.539791e+003,1.000271e+002
2.540273e+003,1.000204e+002
2.540755e+003,1.000210e+002
2.541238e+003,1.000299e+002
2.541720e+003,1.000464e+002
2.542202e+003,1.000683e+002
2.542684e+003,1.000926e+002
2.543166e+003,1.001162e+002
2.543648e+003,1.001367e+002
2.544130e+003,1.001527e+002
2.544612e+003,1.001635e+002
2.545094e+003,1.001691e+002
2.545577e+003,1.001698e+002
2.546059e+003,1.001663e+002
2.546541e+003,1.001602e+002
2.547023e+003,1.001533e+002
2.547505e+003,1.001480e+002
2.547987e+003,1.001460e+002
2.548469e+003,1.001479e+002
2.548951e+003,1.001521e+002
2.549434e+003,1.001557e+002
2.549916e+003,1.001547e+002
2.550398e+003,1.001462e+002
2.550880e+003,1.001291e+002
2.551362e+003,1.001049e+002
2.551844e+003,1.000774e+002
2.552326e+003,1.000514e+002
2.552808e+003,1.000307e+002
2.553291e+003,1.000175e+002
2.553773e+003,1.000118e+002
2.554255e+003,1.000119e+002
2.554737e+003,1.000156e+002
2.555219e+003,1.000208e+002
2.555701e+003,1.000263e+002
2.556183e+003,1.000313e+002
2.556665e+003,1.000344e+002
2.557147e+003,1.000336e+002
2.557630e+003,1.000258e+002
2.558112e+003,1.000087e+002
2.558594e+003,9.998140e+001
2.559076e+003,9.994580e+001
2.559558e+003,9.990662e+001
2.560040e+003,9.987002e+001
2.560522e+003,9.984187e+001
2.561004e+003,9.982561e+001
2.561487e+003,9.982102e+001
2.561969e+003,9.982440e+001
2.562451e+003,9.983015e+001
2.562933e+003,9.983290e+001
2.563415e+003,9.982954e+001
2.563897e+003,9.982018e+001
2.564379e+003,9.980783e+001
2.564861e+003,9.979699e+001
2.565344e+003,9.979169e+001
2.565825e+003,9.979428e+001
2.566308e+003,9.980471e+001
2.566790e+003,9.982101e+001
2.567272e+003,9.984048e+001
2.567754e+003,9.986054e+001
2.568236e+003,9.987956e+001
2.568718e+003,9.989697e+001
2.569200e+003,9.991251e+001
2.569682e+003,9.992620e+001
2.570165e+003,9.993752e+001
2.570647e+003,9.994560e+001
2.571129e+003,9.994957e+001
2.571611e+003,9.994877e+001
2.572093e+003,9.994325e+001
2.572575e+003,9.993374e+001
2.573057e+003,9.992141e+001
2.573539e+003,9.990791e+001
2.574021e+003,9.989514e+001
2.574504e+003,9.988494e+001
2.574986e+003,9.987911e+001
2.575468e+003,9.987891e+001
2.575950e+003,9.988469e+001
2.576432e+003,9.989559e+001
2.576914e+003,9.990936e+001
2.577396e+003,9.992283e+001
2.577878e+003,9.993264e+001
2.578361e+003,9.993617e+001
2.578843e+003,9.993272e+001
2.579325e+003,9.992367e+001
2.579807e+003,9.991232e+001
2.580289e+003,9.990274e+001
2.580771e+003,9.989867e+001
2.581253e+003,9.990215e+001
2.581735e+003,9.991296e+001
2.582218e+003,9.992887e+001
2.582700e+003,9.994636e+001
2.583182e+003,9.996179e+001
2.583664e+003,9.997240e+001
2.584146e+003,9.997685e+001
2.584628e+003,9.997543e+001
2.585110e+003,9.996952e+001
2.585592e+003,9.996111e+001
2.586074e+003,9.995218e+001
2.586557e+003,9.994465e+001
2.587039e+003,9.994009e+001
2.587521e+003,9.993979e+001
2.588003e+003,9.994440e+001
2.588485e+003,9.995375e+001
2.588967e+003,9.996657e+001
2.589449e+003,9.998035e+001
2.589931e+003,9.999154e+001
2.590414e+003,9.999638e+001
2.590896e+003,9.999194e+001
2.591378e+003,9.997702e+001
2.591860e+003,9.995282e+001
2.592342e+003,9.992291e+001
2.592824e+003,9.989258e+001
2.593306e+003,9.986739e+001
2.593788e+003,9.985181e+001
2.594271e+003,9.984821e+001
2.594752e+003,9.985610e+001
2.595235e+003,9.987257e+001
2.595717e+003,9.989310e+001
2.596199e+003,9.991251e+001
2.596681e+003,9.992649e+001
2.597163e+003,9.993212e+001
2.597645e+003,9.992850e+001
2.598127e+003,9.991644e+001
2.598609e+003,9.989816e+001
2.599092e+003,9.987664e+001
2.599574e+003,9.985493e+001
2.600056e+003,9.983578e+001
2.600538e+003,9.982117e+001
2.601020e+003,9.981223e+001
2.601502e+003,9.980906e+001
2.601984e+003,9.981098e+001
2.602466e+003,9.981656e+001
2.602948e+003,9.982411e+001
2.603431e+003,9.983183e+001
2.603913e+003,9.983840e+001
2.604395e+003,9.984282e+001
2.604877e+003,9.984471e+001
2.605359e+003,9.984394e+001
2.605841e+003,9.984055e+001
2.606323e+003,9.983452e+001
2.606805e+003,9.982568e+001
2.607288e+003,9.981396e+001
2.607770e+003,9.979958e+001
2.608252e+003,9.978322e+001
2.608734e+003,9.976616e+001
2.609216e+003,9.975023e+001
2.609698e+003,9.973734e+001
2.610180e+003,9.972912e+001
2.610662e+003,9.972646e+001
2.611145e+003,9.972907e+001
2.611627e+003,9.973561e+001
2.612109e+003,9.974383e+001
2.612591e+003,9.975098e+001
2.613073e+003,9.975461e+001
2.613555e+003,9.975301e+001
2.614037e+003,9.974567e+001
2.614519e+003,9.973342e+001
2.615001e+003,9.971822e+001
2.615484e+003,9.970271e+001
2.615966e+003,9.968949e+001
2.616448e+003,9.968043e+001
2.616930e+003,9.967612e+001
2.617412e+003,9.967577e+001
2.617894e+003,9.967735e+001
2.618376e+003,9.967825e+001
2.618858e+003,9.967620e+001
2.619341e+003,9.966996e+001
2.619823e+003,9.965974e+001
2.620305e+003,9.964732e+001
2.620787e+003,9.963531e+001
2.621269e+003,9.962646e+001
2.621751e+003,9.962267e+001
2.622233e+003,9.962444e+001
2.622715e+003,9.963080e+001
2.623198e+003,9.963961e+001
2.623679e+003,9.964838e+001
2.624162e+003,9.965495e+001
2.624644e+003,9.965816e+001
2.625126e+003,9.965803e+001
2.625608e+003,9.965531e+001
2.626090e+003,9.965121e+001
2.626572e+003,9.964664e+001
2.627054e+003,9.964201e+001
2.627536e+003,9.963705e+001
2.628019e+003,9.963129e+001
2.628501e+003,9.962442e+001
2.628983e+003,9.961671e+001
2.629465e+003,9.960921e+001
2.629947e+003,9.960345e+001
2.630429e+003,9.960114e+001
2.630911e+003,9.960355e+001
2.631393e+003,9.961108e+001
2.631875e+003,9.962309e+001
2.632358e+003,9.963801e+001
2.632840e+003,9.965385e+001
2.633322e+003,9.966872e+001
2.633804e+003,9.968124e+001
2.634286e+003,9.969078e+001
2.634768e+003,9.969743e+001
2.635250e+003,9.970161e+001
2.635732e+003,9.970383e+001
2.636215e+003,9.970437e+001
2.636697e+003,9.970331e+001
2.637179e+003,9.970070e+001
2.637661e+003,9.969685e+001
2.638143e+003,9.969262e+001
2.638625e+003,9.968939e+001
2.639107e+003,9.968884e+001
2.639589e+003,9.969263e+001
2.640072e+003,9.970181e+001
2.640554e+003,9.971658e+001
2.641036e+003,9.973613e+001
2.641518e+003,9.975882e+001
2.642000e+003,9.978263e+001
2.642482e+003,9.980550e+001
2.642964e+003,9.982574e+001
2.643446e+003,9.984216e+001
2.643928e+003,9.985416e+001
2.644411e+003,9.986182e+001
2.644893e+003,9.986568e+001
2.645375e+003,9.986680e+001
2.645857e+003,9.986671e+001
2.646339e+003,9.986707e+001
2.646821e+003,9.986950e+001
2.647303e+003,9.987503e+001
2.647785e+003,9.988388e+001
2.648268e+003,9.989546e+001
2.648750e+003,9.990849e+001
2.649232e+003,9.992159e+001
2.649714e+003,9.993380e+001
2.650196e+003,9.994502e+001
2.650678e+003,9.995615e+001
2.651160e+003,9.996873e+001
2.651642e+003,9.998438e+001
2.652125e+003,1.000041e+002
2.652606e+003,1.000278e+002
2.653089e+003,1.000543e+002
2.653571e+003,1.000817e+002
2.654053e+003,1.001079e+002
2.654535e+003,1.001310e+002
2.655017e+003,1.001500e+002
2.655499e+003,1.001649e+002
2.655981e+003,1.001761e+002
2.656463e+003,1.001846e+002
2.656946e+003,1.001916e+002
2.657428e+003,1.001984e+002
2.657910e+003,1.002063e+002
2.658392e+003,1.002164e+002
2.658874e+003,1.002296e+002
2.659356e+003,1.002462e+002
2.659838e+003,1.002657e+002
2.660320e+003,1.002868e+002
2.660802e+003,1.003081e+002
2.661285e+003,1.003278e+002
2.661767e+003,1.003450e+002
2.662249e+003,1.003595e+002
2.662731e+003,1.003723e+002
2.663213e+003,1.003849e+002
2.663695e+003,1.003987e+002
2.664177e+003,1.004145e+002
2.664659e+003,1.004324e+002
2.665142e+003,1.004517e+002
2.665624e+003,1.004715e+002
2.666106e+003,1.004911e+002
2.666588e+003,1.005104e+002
2.667070e+003,1.005301e+002
2.667552e+003,1.005510e+002
2.668034e+003,1.005737e+002
2.668516e+003,1.005983e+002
2.668999e+003,1.006240e+002
2.669481e+003,1.006497e+002
2.669963e+003,1.006742e+002
2.670445e+003,1.006964e+002
2.670927e+003,1.007161e+002
2.671409e+003,1.007332e+002
2.671891e+003,1.007478e+002
2.672373e+003,1.007601e+002
2.672855e+003,1.007696e+002
2.673338e+003,1.007757e+002
2.673820e+003,1.007780e+002
2.674302e+003,1.007764e+002
2.674784e+003,1.007715e+002
2.675266e+003,1.007645e+002
2.675748e+003,1.007566e+002
2.676230e+003,1.007494e+002
2.676712e+003,1.007441e+002
2.677195e+003,1.007413e+002
2.677677e+003,1.007416e+002
2.678159e+003,1.007455e+002
2.678641e+003,1.007532e+002
2.679123e+003,1.007649e+002
2.679605e+003,1.007806e+002
2.680087e+003,1.007999e+002
2.680569e+003,1.008218e+002
2.681052e+003,1.008453e+002
2.681533e+003,1.008687e+002
2.682016e+003,1.008906e+002
2.682498e+003,1.009096e+002
2.682980e+003,1.009243e+002
2.683462e+003,1.009338e+002
2.683944e+003,1.009375e+002
2.684426e+003,1.009354e+002
2.684908e+003,1.009287e+002
2.685390e+003,1.009193e+002
2.685873e+003,1.009101e+002
2.686355e+003,1.009038e+002
2.686837e+003,1.009028e+002
2.687319e+003,1.009079e+002
2.687801e+003,1.009181e+002
2.688283e+003,1.009309e+002
2.688765e+003,1.009431e+002
2.689247e+003,1.009519e+002
2.689729e+003,1.009558e+002
2.690212e+003,1.009548e+002
2.690694e+003,1.009508e+002
2.691176e+003,1.009460e+002
2.691658e+003,1.009425e+002
2.692140e+003,1.009410e+002
2.692622e+003,1.009413e+002
2.693104e+003,1.009417e+002
2.693586e+003,1.009408e+002
2.694069e+003,1.009374e+002
2.694551e+003,1.009313e+002
2.695033e+003,1.009233e+002
2.695515e+003,1.009146e+002
2.695997e+003,1.009061e+002
2.696479e+003,1.008981e+002
2.696961e+003,1.008904e+002
2.697443e+003,1.008824e+002
2.697926e+003,1.008739e+002
2.698408e+003,1.008647e+002
2.698890e+003,1.008557e+002
2.699372e+003,1.008476e+002
2.699854e+003,1.008410e+002
2.700336e+003,1.008359e+002
2.700818e+003,1.008316e+002
2.701300e+003,1.008269e+002
2.701782e+003,1.008207e+002
2.702265e+003,1.008121e+002
2.702747e+003,1.008011e+002
2.703229e+003,1.007885e+002
2.703711e+003,1.007756e+002
2.704193e+003,1.007640e+002
2.704675e+003,1.007547e+002
2.705157e+003,1.007487e+002
2.705639e+003,1.007459e+002
2.706122e+003,1.007458e+002
2.706604e+003,1.007473e+002
2.707086e+003,1.007493e+002
2.707568e+003,1.007506e+002
2.708050e+003,1.007507e+002
2.708532e+003,1.007494e+002
2.709014e+003,1.007475e+002
2.709496e+003,1.007461e+002
2.709979e+003,1.007465e+002
2.710461e+003,1.007496e+002
2.710943e+003,1.007555e+002
2.711425e+003,1.007635e+002
2.711907e+003,1.007721e+002
2.712389e+003,1.007798e+002
2.712871e+003,1.007856e+002
2.713353e+003,1.007893e+002
2.713835e+003,1.007918e+002
2.714318e+003,1.007944e+002
2.714800e+003,1.007985e+002
2.715282e+003,1.008047e+002
2.715764e+003,1.008126e+002
2.716246e+003,1.008210e+002
2.716728e+003,1.008280e+002
2.717210e+003,1.008317e+002
2.717692e+003,1.008310e+002
2.718175e+003,1.008258e+002
2.718656e+003,1.008168e+002
2.719139e+003,1.008054e+002
2.719621e+003,1.007931e+002
2.720103e+003,1.007817e+002
2.720585e+003,1.007722e+002
2.721067e+003,1.007657e+002
2.721549e+003,1.007626e+002
2.722031e+003,1.007632e+002
2.722513e+003,1.007670e+002
2.722996e+003,1.007728e+002
2.723478e+003,1.007793e+002
2.723960e+003,1.007848e+002
2.724442e+003,1.007879e+002
2.724924e+003,1.007883e+002
2.725406e+003,1.007866e+002
2.725888e+003,1.007845e+002
2.726370e+003,1.007842e+002
2.726853e+003,1.007878e+002
2.727335e+003,1.007963e+002
2.727817e+003,1.008099e+002
2.728299e+003,1.008272e+002
2.728781e+003,1.008464e+002
2.729263e+003,1.008649e+002
2.729745e+003,1.008809e+002
2.730227e+003,1.008930e+002
2.730709e+003,1.009004e+002
2.731192e+003,1.009031e+002
2.731674e+003,1.009014e+002
2.732156e+003,1.008961e+002
2.732638e+003,1.008884e+002
2.733120e+003,1.008796e+002
2.733602e+003,1.008719e+002
2.734084e+003,1.008672e+002
2.734566e+003,1.008670e+002
2.735049e+003,1.008721e+002
2.735531e+003,1.008820e+002
2.736013e+003,1.008951e+002
2.736495e+003,1.009090e+002
2.736977e+003,1.009214e+002
2.737459e+003,1.009305e+002
2.737941e+003,1.009359e+002
2.738423e+003,1.009384e+002
2.738906e+003,1.009396e+002
2.739388e+003,1.009416e+002
2.739870e+003,1.009458e+002
2.740352e+003,1.009529e+002
2.740834e+003,1.009622e+002
2.741316e+003,1.009724e+002
2.741798e+003,1.009821e+002
2.742280e+003,1.009900e+002
2.742762e+003,1.009955e+002
2.743245e+003,1.009989e+002
2.743727e+003,1.010009e+002
2.744209e+003,1.010026e+002
2.744691e+003,1.010047e+002
2.745173e+003,1.010077e+002
2.745655e+003,1.010116e+002
2.746137e+003,1.010162e+002
2.746619e+003,1.010215e+002
2.747102e+003,1.010273e+002
2.747583e+003,1.010336e+002
2.748066e+003,1.010403e+002
2.748548e+003,1.010470e+002
2.749030e+003,1.010530e+002
2.749512e+003,1.010572e+002
2.749994e+003,1.010584e+002
2.750476e+003,1.010560e+002
2.750958e+003,1.010499e+002
2.751440e+003,1.010409e+002
2.751923e+003,1.010303e+002
2.752405e+003,1.010201e+002
2.752887e+003,1.010120e+002
2.753369e+003,1.010072e+002
2.753851e+003,1.010063e+002
2.754333e+003,1.010088e+002
2.754815e+003,1.010141e+002
2.755297e+003,1.010208e+002
2.755780e+003,1.010281e+002
2.756262e+003,1.010352e+002
2.756744e+003,1.010417e+002
2.757226e+003,1.010476e+002
2.757708e+003,1.010532e+002
2.758190e+003,1.010586e+002
2.758672e+003,1.010642e+002
2.759154e+003,1.010701e+002
2.759636e+003,1.010761e+002
2.760119e+003,1.010822e+002
2.760601e+003,1.010880e+002
2.761083e+003,1.010931e+002
2.761565e+003,1.010972e+002
2.762047e+003,1.011003e+002
2.762529e+003,1.011025e+002
2.763011e+003,1.011044e+002
2.763493e+003,1.011063e+002
2.763976e+003,1.011086e+002
2.764458e+003,1.011109e+002
2.764940e+003,1.011128e+002
2.765422e+003,1.011132e+002
2.765904e+003,1.011113e+002
2.766386e+003,1.011066e+002
2.766868e+003,1.010994e+002
2.767350e+003,1.010909e+002
2.767833e+003,1.010828e+002
2.768315e+003,1.010768e+002
2.768797e+003,1.010744e+002
2.769279e+003,1.010760e+002
2.769761e+003,1.010812e+002
2.770243e+003,1.010884e+002
2.770725e+003,1.010961e+002
2.771207e+003,1.011025e+002
2.771689e+003,1.011069e+002
2.772172e+003,1.011090e+002
2.772654e+003,1.011094e+002
2.773136e+003,1.011091e+002
2.773618e+003,1.011092e+002
2.774100e+003,1.011103e+002
2.774582e+003,1.011127e+002
2.775064e+003,1.011162e+002
2.775546e+003,1.011204e+002
2.776029e+003,1.011246e+002
2.776510e+003,1.011284e+002
2.776993e+003,1.011315e+002
2.777475e+003,1.011341e+002
2.777957e+003,1.011368e+002
2.778439e+003,1.011404e+002
2.778921e+003,1.011455e+002
2.779403e+003,1.011529e+002
2.779885e+003,1.011628e+002
2.780367e+003,1.011748e+002
2.780850e+003,1.011883e+002
2.781332e+003,1.012023e+002
2.781814e+003,1.012157e+002
2.782296e+003,1.012276e+002
2.782778e+003,1.012375e+002
2.783260e+003,1.012449e+002
2.783742e+003,1.012496e+002
2.784224e+003,1.012515e+002
2.784707e+003,1.012505e+002
2.785189e+003,1.012465e+002
2.785671e+003,1.012398e+002
2.786153e+003,1.012312e+002
2.786635e+003,1.012221e+002
2.787117e+003,1.012142e+002
2.787599e+003,1.012091e+002
2.788081e+003,1.012082e+002
2.788563e+003,1.012115e+002
2.789046e+003,1.012186e+002
2.789528e+003,1.012280e+002
2.790010e+003,1.012381e+002
2.790492e+003,1.012474e+002
2.790974e+003,1.012554e+002
2.791456e+003,1.012623e+002
2.791938e+003,1.012689e+002
2.792420e+003,1.012765e+002
2.792903e+003,1.012855e+002
2.793385e+003,1.012960e+002
2.793867e+003,1.013070e+002
2.794349e+003,1.013170e+002
2.794831e+003,1.013243e+002
2.795313e+003,1.013279e+002
2.795795e+003,1.013277e+002
2.796277e+003,1.013244e+002
2.796760e+003,1.013198e+002
2.797242e+003,1.013161e+002
2.797724e+003,1.013152e+002
2.798206e+003,1.013182e+002
2.798688e+003,1.013251e+002
2.799170e+003,1.013347e+002
2.799652e+003,1.013449e+002
2.800134e+003,1.013534e+002
2.800616e+003,1.013582e+002
2.801099e+003,1.013584e+002
2.801581e+003,1.013542e+002
2.802063e+003,1.013472e+002
2.802545e+003,1.013398e+002
2.803027e+003,1.013343e+002
2.803509e+003,1.013324e+002
2.803991e+003,1.013345e+002
2.804473e+003,1.013395e+002
2.804956e+003,1.013454e+002
2.805438e+003,1.013500e+002
2.805920e+003,1.013513e+002
2.806402e+003,1.013491e+002
2.806884e+003,1.013441e+002
2.807366e+003,1.013385e+002
2.807848e+003,1.013350e+002
2.808330e+003,1.013359e+002
2.808813e+003,1.013421e+002
2.809294e+003,1.013533e+002
2.809777e+003,1.013679e+002
2.810259e+003,1.013833e+002
2.810741e+003,1.013968e+002
2.811223e+003,1.014065e+002
2.811705e+003,1.014114e+002
2.812187e+003,1.014120e+002
2.812669e+003,1.014094e+002
2.813151e+003,1.014053e+002
2.813634e+003,1.014015e+002
2.814116e+003,1.013991e+002
2.814598e+003,1.013990e+002
2.815080e+003,1.014012e+002
2.815562e+003,1.014056e+002
2.816044e+003,1.014117e+002
2.816526e+003,1.014190e+002
2.817008e+003,1.014267e+002
2.817490e+003,1.014344e+002
2.817973e+003,1.014414e+002
2.818455e+003,1.014471e+002
2.818937e+003,1.014509e+002
2.819419e+003,1.014528e+002
2.819901e+003,1.014530e+002
2.820383e+003,1.014522e+002
2.820865e+003,1.014517e+002
2.821347e+003,1.014527e+002
2.821830e+003,1.014562e+002
2.822312e+003,1.014628e+002
2.822794e+003,1.014720e+002
2.823276e+003,1.014826e+002
2.823758e+003,1.014929e+002
2.824240e+003,1.015009e+002
2.824722e+003,1.015052e+002
2.825204e+003,1.015053e+002
2.825687e+003,1.015019e+002
2.826169e+003,1.014968e+002
2.826651e+003,1.014925e+002
2.827133e+003,1.014912e+002
2.827615e+003,1.014948e+002
2.828097e+003,1.015038e+002
2.828579e+003,1.015173e+002
2.829061e+003,1.015335e+002
2.829543e+003,1.015497e+002
2.830026e+003,1.015635e+002
2.830508e+003,1.015728e+002
2.830990e+003,1.015766e+002
2.831472e+003,1.015753e+002
2.831954e+003,1.015699e+002
2.832436e+003,1.015622e+002
2.832918e+003,1.015540e+002
2.833400e+003,1.015468e+002
2.833883e+003,1.015413e+002
2.834365e+003,1.015378e+002
2.834847e+003,1.015357e+002
2.835329e+003,1.015345e+002
2.835811e+003,1.015336e+002
2.836293e+003,1.015326e+002
2.836775e+003,1.015318e+002
2.837257e+003,1.015316e+002
2.837740e+003,1.015332e+002
2.838221e+003,1.015375e+002
2.838704e+003,1.015453e+002
2.839186e+003,1.015570e+002
2.839668e+003,1.015722e+002
2.840150e+003,1.015900e+002
2.840632e+003,1.016090e+002
2.841114e+003,1.016275e+002
2.841596e+003,1.016443e+002
2.842078e+003,1.016582e+002
2.842561e+003,1.016690e+002
2.843043e+003,1.016768e+002
2.843525e+003,1.016821e+002
2.844007e+003,1.016855e+002
2.844489e+003,1.016878e+002
2.844971e+003,1.016894e+002
2.845453e+003,1.016905e+002
2.845935e+003,1.016916e+002
2.846417e+003,1.016929e+002
2.846900e+003,1.016950e+002
2.847382e+003,1.016981e+002
2.847864e+003,1.017022e+002
2.848346e+003,1.017065e+002
2.848828e+003,1.017101e+002
2.849310e+003,1.017116e+002
2.849792e+003,1.017097e+002
2.850274e+003,1.017039e+002
2.850757e+003,1.016947e+002
2.851239e+003,1.016835e+002
2.851721e+003,1.016723e+002
2.852203e+003,1.016631e+002
2.852685e+003,1.016574e+002
2.853167e+003,1.016553e+002
2.853649e+003,1.016562e+002
2.854131e+003,1.016586e+002
2.854614e+003,1.016607e+002
2.855096e+003,1.016613e+002
2.855578e+003,1.016595e+002
2.856060e+003,1.016556e+002
2.856542e+003,1.016500e+002
2.857024e+003,1.016436e+002
2.857506e+003,1.016373e+002
2.857988e+003,1.016315e+002
2.858470e+003,1.016268e+002
2.858953e+003,1.016234e+002
2.859435e+003,1.016217e+002
2.859917e+003,1.016215e+002
2.860399e+003,1.016224e+002
2.860881e+003,1.016235e+002
2.861363e+003,1.016235e+002
2.861845e+003,1.016210e+002
2.862327e+003,1.016153e+002
2.862810e+003,1.016063e+002
2.863292e+003,1.015950e+002
2.863774e+003,1.015831e+002
2.864256e+003,1.015727e+002
2.864738e+003,1.015654e+002
2.865220e+003,1.015620e+002
2.865702e+003,1.015627e+002
2.866184e+003,1.015665e+002
2.866667e+003,1.015724e+002
2.867148e+003,1.015793e+002
2.867631e+003,1.015864e+002
2.868113e+003,1.015928e+002
2.868595e+003,1.015973e+002
2.869077e+003,1.015985e+002
2.869559e+003,1.015947e+002
2.870041e+003,1.015847e+002
2.870523e+003,1.015683e+002
2.871005e+003,1.015468e+002
2.871488e+003,1.015236e+002
2.871970e+003,1.015031e+002
2.872452e+003,1.014897e+002
2.872934e+003,1.014870e+002
2.873416e+003,1.014962e+002
2.873898e+003,1.015163e+002
2.874380e+003,1.015439e+002
2.874862e+003,1.015743e+002
2.875344e+003,1.016031e+002
2.875827e+003,1.016270e+002
2.876309e+003,1.016445e+002
2.876791e+003,1.016563e+002
2.877273e+003,1.016641e+002
2.877755e+003,1.016705e+002
2.878237e+003,1.016776e+002
2.878719e+003,1.016869e+002
2.879201e+003,1.016989e+002
2.879684e+003,1.017131e+002
2.880166e+003,1.017286e+002
2.880648e+003,1.017440e+002
2.881130e+003,1.017580e+002
2.881612e+003,1.017694e+002
2.882094e+003,1.017777e+002
2.882576e+003,1.017827e+002
2.883058e+003,1.017849e+002
2.883541e+003,1.017852e+002
2.884023e+003,1.017845e+002
2.884505e+003,1.017835e+002
2.884987e+003,1.017829e+002
2.885469e+003,1.017827e+002
2.885951e+003,1.017827e+002
2.886433e+003,1.017826e+002
2.886915e+003,1.017823e+002
2.887397e+003,1.017819e+002
2.887880e+003,1.017817e+002
2.888362e+003,1.017820e+002
2.888844e+003,1.017826e+002
2.889326e+003,1.017833e+002
2.889808e+003,1.017835e+002
2.890290e+003,1.017825e+002
2.890772e+003,1.017801e+002
2.891254e+003,1.017764e+002
2.891737e+003,1.017723e+002
2.892219e+003,1.017689e+002
2.892701e+003,1.017669e+002
2.893183e+003,1.017671e+002
2.893665e+003,1.017694e+002
2.894147e+003,1.017731e+002
2.894629e+003,1.017774e+002
2.895111e+003,1.017815e+002
2.895594e+003,1.017852e+002
2.896075e+003,1.017884e+002
2.896558e+003,1.017918e+002
2.897040e+003,1.017956e+002
2.897522e+003,1.018001e+002
2.898004e+003,1.018050e+002
2.898486e+003,1.018096e+002
2.898968e+003,1.018134e+002
2.899450e+003,1.018158e+002
2.899932e+003,1.018170e+002
2.900415e+003,1.018176e+002
2.900897e+003,1.018187e+002
2.901379e+003,1.018211e+002
2.901861e+003,1.018256e+002
2.902343e+003,1.018320e+002
2.902825e+003,1.018399e+002
2.903307e+003,1.018483e+002
2.903789e+003,1.018560e+002
2.904271e+003,1.018625e+002
2.904754e+003,1.018676e+002
2.905236e+003,1.018714e+002
2.905718e+003,1.018746e+002
2.906200e+003,1.018777e+002
2.906682e+003,1.018813e+002
2.907164e+003,1.018852e+002
2.907646e+003,1.018891e+002
2.908128e+003,1.018926e+002
2.908611e+003,1.018951e+002
2.909093e+003,1.018958e+002
2.909575e+003,1.018945e+002
2.910057e+003,1.018909e+002
2.910539e+003,1.018847e+002
2.911021e+003,1.018758e+002
2.911503e+003,1.018645e+002
2.911985e+003,1.018515e+002
2.912468e+003,1.018382e+002
2.912950e+003,1.018265e+002
2.913432e+003,1.018184e+002
2.913914e+003,1.018157e+002
2.914396e+003,1.018191e+002
2.914878e+003,1.018283e+002
2.915360e+003,1.018416e+002
2.915842e+003,1.018563e+002
2.916324e+003,1.018696e+002
2.916807e+003,1.018794e+002
2.917289e+003,1.018847e+002
2.917771e+003,1.018857e+002
2.918253e+003,1.018840e+002
2.918735e+003,1.018815e+002
2.919217e+003,1.018797e+002
2.919699e+003,1.018796e+002
2.920181e+003,1.018810e+002
2.920664e+003,1.018831e+002
2.921146e+003,1.018848e+002
2.921628e+003,1.018850e+002
2.922110e+003,1.018832e+002
2.922592e+003,1.018792e+002
2.923074e+003,1.018735e+002
2.923556e+003,1.018665e+002
2.924038e+003,1.018587e+002
2.924521e+003,1.018504e+002
2.925002e+003,1.018423e+002
2.925485e+003,1.018349e+002
2.925967e+003,1.018287e+002
2.926449e+003,1.018243e+002
2.926931e+003,1.018219e+002
2.927413e+003,1.018212e+002
2.927895e+003,1.018215e+002
2.928377e+003,1.018219e+002
2.928859e+003,1.018215e+002
2.929342e+003,1.018196e+002
2.929824e+003,1.018163e+002
2.930306e+003,1.018120e+002
2.930788e+003,1.018074e+002
2.931270e+003,1.018035e+002
2.931752e+003,1.018008e+002
2.932234e+003,1.017998e+002
2.932716e+003,1.018006e+002
2.933198e+003,1.018029e+002
2.933681e+003,1.018075e+002
2.934163e+003,1.018132e+002
2.934645e+003,1.018201e+002
2.935127e+003,1.018280e+002
2.935609e+003,1.018368e+002
2.936091e+003,1.018461e+002
2.936573e+003,1.018549e+002
2.937055e+003,1.018620e+002
2.937538e+003,1.018664e+002
2.938020e+003,1.018668e+002
2.938502e+003,1.018624e+002
2.938984e+003,1.018532e+002
2.939466e+003,1.018397e+002
2.939948e+003,1.018232e+002
2.940430e+003,1.018058e+002
2.940912e+003,1.017893e+002
2.941395e+003,1.017757e+002
2.941877e+003,1.017658e+002
2.942359e+003,1.017596e+002
2.942841e+003,1.017557e+002
2.943323e+003,1.017523e+002
2.943805e+003,1.017470e+002
2.944287e+003,1.017382e+002
2.944769e+003,1.017256e+002
2.945251e+003,1.017103e+002
2.945734e+003,1.016946e+002
2.946216e+003,1.016815e+002
2.946698e+003,1.016737e+002
2.947180e+003,1.016726e+002
2.947662e+003,1.016784e+002
2.948144e+003,1.016897e+002
2.948626e+003,1.017043e+002
2.949108e+003,1.017197e+002
2.949591e+003,1.017339e+002
2.950073e+003,1.017458e+002
2.950555e+003,1.017548e+002
2.951037e+003,1.017612e+002
2.951519e+003,1.017652e+002
2.952001e+003,1.017671e+002
2.952483e+003,1.017668e+002
2.952965e+003,1.017644e+002
2.953448e+003,1.017604e+002
2.953929e+003,1.017556e+002
2.954412e+003,1.017518e+002
2.954894e+003,1.017506e+002
2.955376e+003,1.017538e+002
2.955858e+003,1.017620e+002
2.956340e+003,1.017747e+002
2.956822e+003,1.017901e+002
2.957304e+003,1.018052e+002
2.957786e+003,1.018167e+002
2.958269e+003,1.018215e+002
2.958751e+003,1.018177e+002
2.959233e+003,1.018048e+002
2.959715e+003,1.017841e+002
2.960197e+003,1.017582e+002
2.960679e+003,1.017304e+002
2.961161e+003,1.017038e+002
2.961643e+003,1.016809e+002
2.962125e+003,1.016627e+002
2.962608e+003,1.016494e+002
2.963090e+003,1.016401e+002
2.963572e+003,1.016338e+002
2.964054e+003,1.016295e+002
2.964536e+003,1.016264e+002
2.965018e+003,1.016240e+002
2.965500e+003,1.016217e+002
2.965982e+003,1.016183e+002
2.966465e+003,1.016129e+002
2.966947e+003,1.016038e+002
2.967429e+003,1.015904e+002
2.967911e+003,1.015727e+002
2.968393e+003,1.015519e+002
2.968875e+003,1.015303e+002
2.969357e+003,1.015106e+002
2.969839e+003,1.014950e+002
2.970322e+003,1.014844e+002
2.970804e+003,1.014785e+002
2.971286e+003,1.014756e+002
2.971768e+003,1.014732e+002
2.972250e+003,1.014695e+002
2.972732e+003,1.014632e+002
2.973214e+003,1.014544e+002
2.973696e+003,1.014447e+002
2.974178e+003,1.014360e+002
2.974661e+003,1.014303e+002
2.975143e+003,1.014290e+002
2.975625e+003,1.014324e+002
2.976107e+003,1.014397e+002
2.976589e+003,1.014495e+002
2.977071e+003,1.014598e+002
2.977553e+003,1.014682e+002
2.978035e+003,1.014728e+002
2.978518e+003,1.014721e+002
2.979000e+003,1.014655e+002
2.979482e+003,1.014537e+002
2.979964e+003,1.014385e+002
2.980446e+003,1.014228e+002
2.980928e+003,1.014098e+002
2.981410e+003,1.014027e+002
2.981892e+003,1.014036e+002
2.982375e+003,1.014128e+002
2.982856e+003,1.014290e+002
2.983339e+003,1.014498e+002
2.983821e+003,1.014721e+002
2.984303e+003,1.014933e+002
2.984785e+003,1.015120e+002
2.985267e+003,1.015281e+002
2.985749e+003,1.015424e+002
2.986231e+003,1.015559e+002
2.986713e+003,1.015694e+002
2.987196e+003,1.015827e+002
2.987678e+003,1.015951e+002
2.988160e+003,1.016058e+002
2.988642e+003,1.016138e+002
2.989124e+003,1.016195e+002
2.989606e+003,1.016233e+002
2.990088e+003,1.016263e+002
2.990570e+003,1.016294e+002
2.991052e+003,1.016328e+002
2.991535e+003,1.016361e+002
2.992017e+003,1.016382e+002
2.992499e+003,1.016386e+002
2.992981e+003,1.016372e+002
2.993463e+003,1.016350e+002
2.993945e+003,1.016340e+002
2.994427e+003,1.016363e+002
2.994909e+003,1.016441e+002
2.995392e+003,1.016582e+002
2.995874e+003,1.016784e+002
2.996356e+003,1.017030e+002
2.996838e+003,1.017298e+002
2.997320e+003,1.017558e+002
2.997802e+003,1.017787e+002
2.998284e+003,1.017963e+002
2.998766e+003,1.018073e+002
2.999249e+003,1.018111e+002
2.999731e+003,1.018079e+002
3.000213e+003,1.017986e+002
3.000695e+003,1.017850e+002
3.001177e+003,1.017694e+002
3.001659e+003,1.017548e+002
3.002141e+003,1.017438e+002
3.002623e+003,1.017384e+002
3.003105e+003,1.017394e+002
3.003588e+003,1.017461e+002
3.004070e+003,1.017564e+002
3.004552e+003,1.017673e+002
3.005034e+003,1.017761e+002
3.005516e+003,1.017804e+002
3.005998e+003,1.017796e+002
3.006480e+003,1.017740e+002
3.006962e+003,1.017654e+002
3.007445e+003,1.017563e+002
3.007927e+003,1.017488e+002
3.008409e+003,1.017452e+002
3.008891e+003,1.017467e+002
3.009373e+003,1.017539e+002
3.009855e+003,1.017666e+002
3.010337e+003,1.017840e+002
3.010819e+003,1.018046e+002
3.011302e+003,1.018264e+002
3.011783e+003,1.018470e+002
3.012266e+003,1.018638e+002
3.012748e+003,1.018750e+002
3.013230e+003,1.018794e+002
3.013712e+003,1.018774e+002
3.014194e+003,1.018705e+002
3.014676e+003,1.018611e+002
3.015158e+003,1.018519e+002
3.015640e+003,1.018450e+002
3.016123e+003,1.018415e+002
3.016605e+003,1.018410e+002
3.017087e+003,1.018425e+002
3.017569e+003,1.018444e+002
3.018051e+003,1.018454e+002
3.018533e+003,1.018450e+002
3.019015e+003,1.018436e+002
3.019497e+003,1.018418e+002
3.019979e+003,1.018403e+002
3.020462e+003,1.018392e+002
3.020944e+003,1.018377e+002
3.021426e+003,1.018345e+002
3.021908e+003,1.018284e+002
3.022390e+003,1.018189e+002
3.022872e+003,1.018064e+002
3.023354e+003,1.017925e+002
3.023836e+003,1.017796e+002
3.024319e+003,1.017698e+002
3.024801e+003,1.017641e+002
3.025283e+003,1.017626e+002
3.025765e+003,1.017638e+002
3.026247e+003,1.017657e+002
3.026729e+003,1.017664e+002
3.027211e+003,1.017650e+002
3.027693e+003,1.017622e+002
3.028176e+003,1.017596e+002
3.028658e+003,1.017594e+002
3.029140e+003,1.017633e+002
3.029622e+003,1.017717e+002
3.030104e+003,1.017833e+002
3.030586e+003,1.017953e+002
3.031068e+003,1.018045e+002
3.031550e+003,1.018079e+002
3.032032e+003,1.018042e+002
3.032515e+003,1.017936e+002
3.032997e+003,1.017782e+002
3.033479e+003,1.017609e+002
3.033961e+003,1.017445e+002
3.034443e+003,1.017311e+002
3.034925e+003,1.017214e+002
3.035407e+003,1.017152e+002
3.035889e+003,1.017116e+002
3.036372e+003,1.017097e+002
3.036854e+003,1.017087e+002
3.037336e+003,1.017080e+002
3.037818e+003,1.017070e+002
3.038300e+003,1.017046e+002
3.038782e+003,1.016995e+002
3.039264e+003,1.016899e+002
3.039746e+003,1.016751e+002
3.040229e+003,1.016554e+002
3.040711e+003,1.016328e+002
3.041193e+003,1.016107e+002
3.041675e+003,1.015931e+002
3.042157e+003,1.015835e+002
3.042639e+003,1.015840e+002
3.043121e+003,1.015948e+002
3.043603e+003,1.016143e+002
3.044085e+003,1.016400e+002
3.044568e+003,1.016695e+002
3.045050e+003,1.017014e+002
3.045532e+003,1.017348e+002
3.046014e+003,1.017695e+002
3.046496e+003,1.018046e+002
3.046978e+003,1.018383e+002
3.047460e+003,1.018679e+002
3.047942e+003,1.018901e+002
3.048425e+003,1.019027e+002
3.048906e+003,1.019054e+002
3.049389e+003,1.019004e+002
3.049871e+003,1.018917e+002
3.050353e+003,1.018842e+002
3.050835e+003,1.018818e+002
3.051317e+003,1.018860e+002
3.051799e+003,1.018962e+002
3.052281e+003,1.019095e+002
3.052763e+003,1.019223e+002
3.053246e+003,1.019316e+002
3.053728e+003,1.019359e+002
3.054210e+003,1.019350e+002
3.054692e+003,1.019304e+002
3.055174e+003,1.019236e+002
3.055656e+003,1.019163e+002
3.056138e+003,1.019097e+002
3.056620e+003,1.019048e+002
3.057103e+003,1.019030e+002
3.057585e+003,1.019056e+002
3.058067e+003,1.019143e+002
3.058549e+003,1.019298e+002
3.059031e+003,1.019516e+002
3.059513e+003,1.019776e+002
3.059995e+003,1.020045e+002
3.060477e+003,1.020288e+002
3.060959e+003,1.020478e+002
3.061442e+003,1.020606e+002
3.061924e+003,1.020683e+002
3.062406e+003,1.020733e+002
3.062888e+003,1.020782e+002
3.063370e+003,1.020849e+002
3.063852e+003,1.020938e+002
3.064334e+003,1.021042e+002
3.064816e+003,1.021148e+002
3.065299e+003,1.021245e+002
3.065781e+003,1.021332e+002
3.066263e+003,1.021416e+002
3.066745e+003,1.021506e+002
3.067227e+003,1.021610e+002
3.067709e+003,1.021726e+002
3.068191e+003,1.021843e+002
3.068673e+003,1.021948e+002
3.069156e+003,1.022028e+002
3.069638e+003,1.022077e+002
3.070120e+003,1.022097e+002
3.070602e+003,1.022094e+002
3.071084e+003,1.022074e+002
3.071566e+003,1.022041e+002
3.072048e+003,1.021994e+002
3.072530e+003,1.021933e+002
3.073012e+003,1.021863e+002
3.073495e+003,1.021795e+002
3.073977e+003,1.021745e+002
3.074459e+003,1.021729e+002
3.074941e+003,1.021749e+002
3.075423e+003,1.021800e+002
3.075905e+003,1.021862e+002
3.076387e+003,1.021909e+002
3.076869e+003,1.021924e+002
3.077352e+003,1.021900e+002
3.077833e+003,1.021845e+002
3.078316e+003,1.021783e+002
3.078798e+003,1.021736e+002
3.079280e+003,1.021723e+002
3.079762e+003,1.021753e+002
3.080244e+003,1.021822e+002
3.080726e+003,1.021924e+002
3.081208e+003,1.022055e+002
3.081690e+003,1.022218e+002
3.082173e+003,1.022417e+002
3.082655e+003,1.022657e+002
3.083137e+003,1.022932e+002
3.083619e+003,1.023225e+002
3.084101e+003,1.023506e+002
3.084583e+003,1.023746e+002
3.085065e+003,1.023922e+002
3.085547e+003,1.024026e+002
3.086030e+003,1.024068e+002
3.086512e+003,1.024066e+002
3.086994e+003,1.024043e+002
3.087476e+003,1.024016e+002
3.087958e+003,1.023990e+002
3.088440e+003,1.023965e+002
3.088922e+003,1.023941e+002
3.089404e+003,1.023920e+002
3.089886e+003,1.023914e+002
3.090369e+003,1.023941e+002
3.090851e+003,1.024013e+002
3.091333e+003,1.024135e+002
3.091815e+003,1.024296e+002
3.092297e+003,1.024472e+002
3.092779e+003,1.024635e+002
3.093261e+003,1.024758e+002
3.093743e+003,1.024828e+002
3.094226e+003,1.024848e+002
3.094708e+003,1.024830e+002
3.095190e+003,1.024797e+002
3.095672e+003,1.024768e+002
3.096154e+003,1.024754e+002
3.096636e+003,1.024761e+002
3.097118e+003,1.024789e+002
3.097600e+003,1.024835e+002
3.098083e+003,1.024895e+002
3.098565e+003,1.024968e+002
3.099047e+003,1.025051e+002
3.099529e+003,1.025135e+002
3.100011e+003,1.025209e+002
3.100493e+003,1.025259e+002
3.100975e+003,1.025271e+002
3.101457e+003,1.025236e+002
3.101939e+003,1.025158e+002
3.102422e+003,1.025047e+002
3.102904e+003,1.024923e+002
3.103386e+003,1.024809e+002
3.103868e+003,1.024723e+002
3.104350e+003,1.024673e+002
3.104832e+003,1.024659e+002
3.105314e+003,1.024667e+002
3.105796e+003,1.024676e+002
3.106279e+003,1.024666e+002
3.106760e+003,1.024618e+002
3.107243e+003,1.024524e+002
3.107725e+003,1.024387e+002
3.108207e+003,1.024222e+002
3.108689e+003,1.024047e+002
3.109171e+003,1.023881e+002
3.109653e+003,1.023738e+002
3.110135e+003,1.023623e+002
3.110617e+003,1.023534e+002
3.111100e+003,1.023465e+002
3.111582e+003,1.023414e+002
3.112064e+003,1.023387e+002
3.112546e+003,1.023395e+002
3.113028e+003,1.023452e+002
3.113510e+003,1.023566e+002
3.113992e+003,1.023730e+002
3.114474e+003,1.023922e+002
3.114957e+003,1.024105e+002
3.115439e+003,1.024239e+002
3.115921e+003,1.024293e+002
3.116403e+003,1.024253e+002
3.116885e+003,1.024131e+002
3.117367e+003,1.023955e+002
3.117849e+003,1.023766e+002
3.118331e+003,1.023600e+002
3.118813e+003,1.023484e+002
3.119296e+003,1.023426e+002
3.119778e+003,1.023424e+002
3.120260e+003,1.023468e+002
3.120742e+003,1.023545e+002
3.121224e+003,1.023647e+002
3.121706e+003,1.023765e+002
3.122188e+003,1.023894e+002
3.122670e+003,1.024023e+002
3.123153e+003,1.024140e+002
3.123635e+003,1.024232e+002
3.124117e+003,1.024291e+002
3.124599e+003,1.024318e+002
3.125081e+003,1.024323e+002
3.125563e+003,1.024323e+002
3.126045e+003,1.024334e+002
3.126527e+003,1.024367e+002
3.127010e+003,1.024422e+002
3.127492e+003,1.024489e+002
3.127974e+003,1.024550e+002
3.128456e+003,1.024592e+002
3.128938e+003,1.024605e+002
3.129420e+003,1.024591e+002
3.129902e+003,1.024566e+002
3.130384e+003,1.024549e+002
3.130866e+003,1.024567e+002
3.131349e+003,1.024641e+002
3.131831e+003,1.024784e+002
3.132313e+003,1.025000e+002
3.132795e+003,1.025279e+002
3.133277e+003,1.025594e+002
3.133759e+003,1.025914e+002
3.134241e+003,1.026202e+002
3.134723e+003,1.026424e+002
3.135206e+003,1.026562e+002
3.135688e+003,1.026613e+002
3.136170e+003,1.026594e+002
3.136652e+003,1.026537e+002
3.137134e+003,1.026478e+002
3.137616e+003,1.026449e+002
3.138098e+003,1.026466e+002
3.138580e+003,1.026529e+002
3.139063e+003,1.026616e+002
3.139544e+003,1.026700e+002
3.140027e+003,1.026755e+002
3.140509e+003,1.026768e+002
3.140991e+003,1.026744e+002
3.141473e+003,1.026707e+002
3.141955e+003,1.026692e+002
3.142437e+003,1.026737e+002
3.142919e+003,1.026869e+002
3.143401e+003,1.027100e+002
3.143884e+003,1.027420e+002
3.144366e+003,1.027801e+002
3.144848e+003,1.028202e+002
3.145330e+003,1.028578e+002
3.145812e+003,1.028890e+002
3.146294e+003,1.029114e+002
3.146776e+003,1.029242e+002
3.147258e+003,1.029289e+002
3.147740e+003,1.029280e+002
3.148223e+003,1.029248e+002
3.148705e+003,1.029223e+002
3.149187e+003,1.029222e+002
3.149669e+003,1.029250e+002
3.150151e+003,1.029300e+002
3.150633e+003,1.029358e+002
3.151115e+003,1.029411e+002
3.151597e+003,1.029452e+002
3.152080e+003,1.029480e+002
3.152562e+003,1.029501e+002
3.153044e+003,1.029522e+002
3.153526e+003,1.029546e+002
3.154008e+003,1.029572e+002
3.154490e+003,1.029600e+002
3.154972e+003,1.029630e+002
3.155454e+003,1.029669e+002
3.155937e+003,1.029730e+002
3.156419e+003,1.029828e+002
3.156901e+003,1.029975e+002
3.157383e+003,1.030172e+002
3.157865e+003,1.030408e+002
3.158347e+003,1.030657e+002
3.158829e+003,1.030889e+002
3.159311e+003,1.031078e+002
3.159793e+003,1.031205e+002
3.160276e+003,1.031268e+002
3.160758e+003,1.031277e+002
3.161240e+003,1.031248e+002
3.161722e+003,1.031199e+002
3.162204e+003,1.031140e+002
3.162686e+003,1.031078e+002
3.163168e+003,1.031013e+002
3.163650e+003,1.030946e+002
3.164133e+003,1.030885e+002
3.164615e+003,1.030841e+002
3.165097e+003,1.030830e+002
3.165579e+003,1.030863e+002
3.166061e+003,1.030945e+002
3.166543e+003,1.031068e+002
3.167025e+003,1.031212e+002
3.167507e+003,1.031348e+002
3.167990e+003,1.031448e+002
3.168471e+003,1.031485e+002
3.168954e+003,1.031447e+002
3.169436e+003,1.031337e+002
3.169918e+003,1.031174e+002
3.170400e+003,1.030988e+002
3.170882e+003,1.030813e+002
3.171364e+003,1.030679e+002
3.171846e+003,1.030609e+002
3.172328e+003,1.030606e+002
3.172811e+003,1.030664e+002
3.173293e+003,1.030764e+002
3.173775e+003,1.030887e+002
3.174257e+003,1.031018e+002
3.174739e+003,1.031152e+002
3.175221e+003,1.031294e+002
3.175703e+003,1.031454e+002
3.176185e+003,1.031639e+002
3.176667e+003,1.031849e+002
3.177150e+003,1.032074e+002
3.177632e+003,1.032293e+002
3.178114e+003,1.032484e+002
3.178596e+003,1.032632e+002
3.179078e+003,1.032737e+002
3.179560e+003,1.032809e+002
3.180042e+003,1.032871e+002
3.180524e+003,1.032945e+002
3.181007e+003,1.033046e+002
3.181489e+003,1.033178e+002
3.181971e+003,1.033332e+002
3.182453e+003,1.033494e+002
3.182935e+003,1.033652e+002
3.183417e+003,1.033799e+002
3.183899e+003,1.033938e+002
3.184381e+003,1.034081e+002
3.184864e+003,1.034237e+002
3.185346e+003,1.034413e+002
3.185828e+003,1.034604e+002
3.186310e+003,1.034801e+002
3.186792e+003,1.034986e+002
3.187274e+003,1.035145e+002
3.187756e+003,1.035268e+002
3.188238e+003,1.035355e+002
3.188720e+003,1.035412e+002
3.189203e+003,1.035450e+002
3.189685e+003,1.035481e+002
3.190167e+003,1.035518e+002
3.190649e+003,1.035565e+002
3.191131e+003,1.035625e+002
3.191613e+003,1.035692e+002
3.192095e+003,1.035756e+002
3.192577e+003,1.035802e+002
3.193060e+003,1.035817e+002
3.193542e+003,1.035793e+002
3.194024e+003,1.035729e+002
3.194506e+003,1.035639e+002
3.194988e+003,1.035544e+002
3.195470e+003,1.035473e+002
3.195952e+003,1.035451e+002
3.196434e+003,1.035493e+002
3.196917e+003,1.035599e+002
3.197398e+003,1.035756e+002
3.197881e+003,1.035941e+002
3.198363e+003,1.036127e+002
3.198845e+003,1.036296e+002
3.199327e+003,1.036437e+002
3.199809e+003,1.036548e+002
3.200291e+003,1.036631e+002
3.200773e+003,1.036688e+002
3.201255e+003,1.036714e+002
3.201738e+003,1.036705e+002
3.202220e+003,1.036655e+002
3.202702e+003,1.036565e+002
3.203184e+003,1.036447e+002
3.203666e+003,1.036321e+002
3.204148e+003,1.036207e+002
3.204630e+003,1.036127e+002
3.205112e+003,1.036092e+002
3.205594e+003,1.036105e+002
3.206077e+003,1.036163e+002
3.206559e+003,1.036259e+002
3.207041e+003,1.036392e+002
3.207523e+003,1.036559e+002
3.208005e+003,1.036761e+002
3.208487e+003,1.036993e+002
3.208969e+003,1.037243e+002
3.209451e+003,1.037488e+002
3.209934e+003,1.037708e+002
3.210416e+003,1.037884e+002
3.210898e+003,1.038015e+002
3.211380e+003,1.038115e+002
3.211862e+003,1.038209e+002
3.212344e+003,1.038328e+002
3.212826e+003,1.038489e+002
3.213308e+003,1.038688e+002
3.213791e+003,1.038900e+002
3.214273e+003,1.039084e+002
3.214755e+003,1.039195e+002
3.215237e+003,1.039202e+002
3.215719e+003,1.039100e+002
3.216201e+003,1.038909e+002
3.216683e+003,1.038672e+002
3.217165e+003,1.038440e+002
3.217647e+003,1.038258e+002
3.218130e+003,1.038151e+002
3.218612e+003,1.038121e+002
3.219094e+003,1.038146e+002
3.219576e+003,1.038194e+002
3.220058e+003,1.038231e+002
3.220540e+003,1.038235e+002
3.221022e+003,1.038201e+002
3.221504e+003,1.038142e+002
3.221987e+003,1.038087e+002
3.222469e+003,1.038074e+002
3.222951e+003,1.038134e+002
3.223433e+003,1.038290e+002
3.223915e+003,1.038545e+002
3.224397e+003,1.038884e+002
3.224879e+003,1.039274e+002
3.225361e+003,1.039668e+002
3.225844e+003,1.040018e+002
3.226325e+003,1.040282e+002
3.226808e+003,1.040430e+002
3.227290e+003,1.040454e+002
3.227772e+003,1.040371e+002
3.228254e+003,1.040213e+002
3.228736e+003,1.040029e+002
3.229218e+003,1.039869e+002
3.229700e+003,1.039773e+002
3.230182e+003,1.039765e+002
3.230665e+003,1.039848e+002
3.231147e+003,1.040000e+002
3.231629e+003,1.040184e+002
3.232111e+003,1.040360e+002
3.232593e+003,1.040498e+002
3.233075e+003,1.040585e+002
3.233557e+003,1.040632e+002
3.234039e+003,1.040666e+002
3.234521e+003,1.040723e+002
3.235004e+003,1.040826e+002
3.235486e+003,1.040980e+002
3.235968e+003,1.041169e+002
3.236450e+003,1.041355e+002
3.236932e+003,1.041499e+002
3.237414e+003,1.041576e+002
3.237896e+003,1.041582e+002
3.238378e+003,1.041540e+002
3.238861e+003,1.041487e+002
3.239343e+003,1.041458e+002
3.239825e+003,1.041475e+002
3.240307e+003,1.041533e+002
3.240789e+003,1.041606e+002
3.241271e+003,1.041657e+002
3.241753e+003,1.041660e+002
3.242235e+003,1.041606e+002
3.242718e+003,1.041511e+002
3.243200e+003,1.041408e+002
3.243682e+003,1.041331e+002
3.244164e+003,1.041304e+002
3.244646e+003,1.041333e+002
3.245128e+003,1.041404e+002
3.245610e+003,1.041501e+002
3.246092e+003,1.041610e+002
3.246574e+003,1.041731e+002
3.247057e+003,1.041873e+002
3.247539e+003,1.042048e+002
3.248021e+003,1.042253e+002
3.248503e+003,1.042470e+002
3.248985e+003,1.042663e+002
3.249467e+003,1.042790e+002
3.249949e+003,1.042823e+002
3.250431e+003,1.042760e+002
3.250914e+003,1.042626e+002
3.251396e+003,1.042467e+002
3.251878e+003,1.042334e+002
3.252360e+003,1.042266e+002
3.252842e+003,1.042275e+002
3.253324e+003,1.042349e+002
3.253806e+003,1.042458e+002
3.254288e+003,1.042569e+002
3.254771e+003,1.042658e+002
3.255252e+003,1.042719e+002
3.255735e+003,1.042756e+002
3.256217e+003,1.042778e+002
3.256699e+003,1.042793e+002
3.257181e+003,1.042802e+002
3.257663e+003,1.042803e+002
3.258145e+003,1.042798e+002
3.258627e+003,1.042795e+002
3.259109e+003,1.042811e+002
3.259592e+003,1.042866e+002
3.260074e+003,1.042973e+002
3.260556e+003,1.043133e+002
3.261038e+003,1.043332e+002
3.261520e+003,1.043544e+002
3.262002e+003,1.043743e+002
3.262484e+003,1.043907e+002
3.262966e+003,1.044029e+002
3.263448e+003,1.044113e+002
3.263931e+003,1.044166e+002
3.264413e+003,1.044196e+002
3.264895e+003,1.044203e+002
3.265377e+003,1.044182e+002
3.265859e+003,1.044124e+002
3.266341e+003,1.044027e+002
3.266823e+003,1.043898e+002
3.267305e+003,1.043751e+002
3.267788e+003,1.043603e+002
3.268270e+003,1.043465e+002
3.268752e+003,1.043340e+002
3.269234e+003,1.043223e+002
3.269716e+003,1.043104e+002
3.270198e+003,1.042976e+002
3.270680e+003,1.042841e+002
3.271162e+003,1.042712e+002
3.271645e+003,1.042604e+002
3.272127e+003,1.042534e+002
3.272609e+003,1.042506e+002
3.273091e+003,1.042517e+002
3.273573e+003,1.042550e+002
3.274055e+003,1.042588e+002
3.274537e+003,1.042617e+002
3.275019e+003,1.042634e+002
3.275501e+003,1.042646e+002
3.275984e+003,1.042665e+002
3.276466e+003,1.042704e+002
3.276948e+003,1.042767e+002
3.277430e+003,1.042849e+002
3.277912e+003,1.042930e+002
3.278394e+003,1.042991e+002
3.278876e+003,1.043011e+002
3.279358e+003,1.042981e+002
3.279841e+003,1.042905e+002
3.280323e+003,1.042800e+002
3.280805e+003,1.042695e+002
3.281287e+003,1.042617e+002
3.281769e+003,1.042592e+002
3.282251e+003,1.042630e+002
3.282733e+003,1.042729e+002
3.283215e+003,1.042876e+002
3.283698e+003,1.043050e+002
3.284179e+003,1.043233e+002
3.284662e+003,1.043416e+002
3.285144e+003,1.043596e+002
3.285626e+003,1.043778e+002
3.286108e+003,1.043966e+002
3.286590e+003,1.044156e+002
3.287072e+003,1.044332e+002
3.287554e+003,1.044470e+002
3.288036e+003,1.044547e+002
3.288519e+003,1.044547e+002
3.289001e+003,1.044471e+002
3.289483e+003,1.044337e+002
3.289965e+003,1.044175e+002
3.290447e+003,1.044018e+002
3.290929e+003,1.043884e+002
3.291411e+003,1.043778e+002
3.291893e+003,1.043689e+002
3.292375e+003,1.043599e+002
3.292858e+003,1.043497e+002
3.293340e+003,1.043385e+002
3.293822e+003,1.043282e+002
3.294304e+003,1.043210e+002
3.294786e+003,1.043192e+002
3.295268e+003,1.043234e+002
3.295750e+003,1.043326e+002
3.296232e+003,1.043446e+002
3.296715e+003,1.043566e+002
3.297197e+003,1.043666e+002
3.297679e+003,1.043741e+002
3.298161e+003,1.043799e+002
3.298643e+003,1.043853e+002
3.299125e+003,1.043912e+002
3.299607e+003,1.043978e+002
3.300089e+003,1.044040e+002
3.300572e+003,1.044085e+002
3.301054e+003,1.044104e+002
3.301536e+003,1.044098e+002
3.302018e+003,1.044078e+002
3.302500e+003,1.044060e+002
3.302982e+003,1.044055e+002
3.303464e+003,1.044063e+002
3.303946e+003,1.044071e+002
3.304428e+003,1.044061e+002
3.304911e+003,1.044016e+002
3.305393e+003,1.043934e+002
3.305875e+003,1.043828e+002
3.306357e+003,1.043724e+002
3.306839e+003,1.043652e+002
3.307321e+003,1.043635e+002
3.307803e+003,1.043683e+002
3.308285e+003,1.043790e+002
3.308768e+003,1.043938e+002
3.309250e+003,1.044107e+002
3.309732e+003,1.044279e+002
3.310214e+003,1.044443e+002
3.310696e+003,1.044593e+002
3.311178e+003,1.044721e+002
3.311660e+003,1.044819e+002
3.312142e+003,1.044870e+002
3.312625e+003,1.044859e+002
3.313106e+003,1.044776e+002
3.313589e+003,1.044621e+002
3.314071e+003,1.044411e+002
3.314553e+003,1.044173e+002
3.315035e+003,1.043946e+002
3.315517e+003,1.043766e+002
3.315999e+003,1.043664e+002
3.316481e+003,1.043659e+002
3.316963e+003,1.043749e+002
3.317446e+003,1.043918e+002
3.317928e+003,1.044133e+002
3.318410e+003,1.044347e+002
3.318892e+003,1.044516e+002
3.319374e+003,1.044599e+002
3.319856e+003,1.044575e+002
3.320338e+003,1.044445e+002
3.320820e+003,1.044235e+002
3.321302e+003,1.043990e+002
3.321785e+003,1.043768e+002
3.322267e+003,1.043616e+002
3.322749e+003,1.043568e+002
3.323231e+003,1.043634e+002
3.323713e+003,1.043794e+002
3.324195e+003,1.044013e+002
3.324677e+003,1.044244e+002
3.325159e+003,1.044443e+002
3.325642e+003,1.044581e+002
3.326124e+003,1.044647e+002
3.326606e+003,1.044648e+002
3.327088e+003,1.044607e+002
3.327570e+003,1.044559e+002
3.328052e+003,1.044534e+002
3.328534e+003,1.044560e+002
3.329016e+003,1.044648e+002
3.329499e+003,1.044794e+002
3.329981e+003,1.044982e+002
3.330463e+003,1.045184e+002
3.330945e+003,1.045372e+002
3.331427e+003,1.045520e+002
3.331909e+003,1.045612e+002
3.332391e+003,1.045643e+002
3.332873e+003,1.045616e+002
3.333355e+003,1.045539e+002
3.333838e+003,1.045428e+002
3.334320e+003,1.045297e+002
3.334802e+003,1.045171e+002
3.335284e+003,1.045074e+002
3.335766e+003,1.045037e+002
3.336248e+003,1.045084e+002
3.336730e+003,1.045230e+002
3.337212e+003,1.045467e+002
3.337695e+003,1.045765e+002
3.338177e+003,1.046076e+002
3.338659e+003,1.046345e+002
3.339141e+003,1.046524e+002
3.339623e+003,1.046587e+002
3.340105e+003,1.046539e+002
3.340587e+003,1.046409e+002
3.341069e+003,1.046242e+002
3.341552e+003,1.046078e+002
3.342033e+003,1.045946e+002
3.342516e+003,1.045854e+002
3.342998e+003,1.045794e+002
3.343480e+003,1.045752e+002
3.343962e+003,1.045721e+002
3.344444e+003,1.045705e+002
3.344926e+003,1.045717e+002
3.345408e+003,1.045772e+002
3.345890e+003,1.045876e+002
3.346373e+003,1.046017e+002
3.346855e+003,1.046170e+002
3.347337e+003,1.046300e+002
3.347819e+003,1.046379e+002
3.348301e+003,1.046397e+002
3.348783e+003,1.046364e+002
3.349265e+003,1.046310e+002
3.349747e+003,1.046275e+002
3.350229e+003,1.046288e+002
3.350712e+003,1.046364e+002
3.351194e+003,1.046494e+002
3.351676e+003,1.046650e+002
3.352158e+003,1.046798e+002
3.352640e+003,1.046907e+002
3.353122e+003,1.046962e+002
3.353604e+003,1.046968e+002
3.354086e+003,1.046951e+002
3.354569e+003,1.046940e+002
3.355051e+003,1.046964e+002
3.355533e+003,1.047037e+002
3.356015e+003,1.047148e+002
3.356497e+003,1.047272e+002
3.356979e+003,1.047372e+002
3.357461e+003,1.047411e+002
3.357943e+003,1.047372e+002
3.358426e+003,1.047259e+002
3.358908e+003,1.047100e+002
3.359390e+003,1.046939e+002
3.359872e+003,1.046825e+002
3.360354e+003,1.046793e+002
3.360836e+003,1.046855e+002
3.361318e+003,1.046998e+002
3.361800e+003,1.047188e+002
3.362282e+003,1.047383e+002
3.362765e+003,1.047540e+002
3.363247e+003,1.047636e+002
3.363729e+003,1.047662e+002
3.364211e+003,1.047625e+002
3.364693e+003,1.047546e+002
3.365175e+003,1.047447e+002
3.365657e+003,1.047346e+002
3.366139e+003,1.047259e+002
3.366622e+003,1.047193e+002
3.367104e+003,1.047148e+002
3.367586e+003,1.047123e+002
3.368068e+003,1.047110e+002
3.368550e+003,1.047098e+002
3.369032e+003,1.047075e+002
3.369514e+003,1.047033e+002
3.369996e+003,1.046967e+002
3.370479e+003,1.046884e+002
3.370961e+003,1.046796e+002
3.371443e+003,1.046721e+002
3.371925e+003,1.046679e+002
3.372407e+003,1.046682e+002
3.372889e+003,1.046737e+002
3.373371e+003,1.046840e+002
3.373853e+003,1.046982e+002
3.374335e+003,1.047152e+002
3.374818e+003,1.047337e+002
3.375300e+003,1.047527e+002
3.375782e+003,1.047711e+002
3.376264e+003,1.047880e+002
3.376746e+003,1.048022e+002
3.377228e+003,1.048130e+002
3.377710e+003,1.048196e+002
3.378192e+003,1.048218e+002
3.378675e+003,1.048196e+002
3.379156e+003,1.048131e+002
3.379639e+003,1.048029e+002
3.380121e+003,1.047894e+002
3.380603e+003,1.047736e+002
3.381085e+003,1.047571e+002
3.381567e+003,1.047421e+002
3.382049e+003,1.047309e+002
3.382531e+003,1.047259e+002
3.383013e+003,1.047278e+002
3.383496e+003,1.047360e+002
3.383978e+003,1.047479e+002
3.384460e+003,1.047601e+002
3.384942e+003,1.047693e+002
3.385424e+003,1.047738e+002
3.385906e+003,1.047734e+002
3.386388e+003,1.047698e+002
3.386870e+003,1.047647e+002
3.387353e+003,1.047593e+002
3.387835e+003,1.047525e+002
3.388317e+003,1.047421e+002
3.388799e+003,1.047254e+002
3.389281e+003,1.047010e+002
3.389763e+003,1.046703e+002
3.390245e+003,1.046379e+002
3.390727e+003,1.046107e+002
3.391209e+003,1.045954e+002
3.391692e+003,1.045963e+002
3.392174e+003,1.046139e+002
3.392656e+003,1.046448e+002
3.393138e+003,1.046823e+002
3.393620e+003,1.047194e+002
3.394102e+003,1.047503e+002
3.394584e+003,1.047714e+002
3.395066e+003,1.047818e+002
3.395549e+003,1.047819e+002
3.396031e+003,1.047723e+002
3.396513e+003,1.047539e+002
3.396995e+003,1.047274e+002
3.397477e+003,1.046944e+002
3.397959e+003,1.046574e+002
3.398441e+003,1.046204e+002
3.398923e+003,1.045877e+002
3.399406e+003,1.045630e+002
3.399888e+003,1.045485e+002
3.400370e+003,1.045437e+002
3.400852e+003,1.045470e+002
3.401334e+003,1.045553e+002
3.401816e+003,1.045662e+002
3.402298e+003,1.045781e+002
3.402780e+003,1.045899e+002
3.403262e+003,1.046011e+002
3.403745e+003,1.046105e+002
3.404227e+003,1.046161e+002
3.404709e+003,1.046159e+002
3.405191e+003,1.046084e+002
3.405673e+003,1.045942e+002
3.406155e+003,1.045760e+002
3.406637e+003,1.045582e+002
3.407119e+003,1.045456e+002
3.407602e+003,1.045417e+002
3.408083e+003,1.045476e+002
3.408566e+003,1.045614e+002
3.409048e+003,1.045790e+002
3.409530e+003,1.045958e+002
3.410012e+003,1.046079e+002
3.410494e+003,1.046148e+002
3.410976e+003,1.046146e+002
3.411458e+003,1.046091e+002
3.411940e+003,1.046013e+002
3.412423e+003,1.045937e+002
3.412905e+003,1.045874e+002
3.413387e+003,1.045823e+002
3.413869e+003,1.045766e+002
3.414351e+003,1.045686e+002
3.414833e+003,1.045571e+002
3.415315e+003,1.045419e+002
3.415797e+003,1.045239e+002
3.416280e+003,1.045043e+002
3.416762e+003,1.044844e+002
3.417244e+003,1.044650e+002
3.417726e+003,1.044465e+002
3.418208e+003,1.044291e+002
3.418690e+003,1.044135e+002
3.419172e+003,1.044008e+002
3.419654e+003,1.043926e+002
3.420136e+003,1.043904e+002
3.420619e+003,1.043944e+002
3.421101e+003,1.044038e+002
3.421583e+003,1.044160e+002
3.422065e+003,1.044276e+002
3.422547e+003,1.044351e+002
3.423029e+003,1.044361e+002
3.423511e+003,1.044291e+002
3.423993e+003,1.044140e+002
3.424476e+003,1.043919e+002
3.424958e+003,1.043643e+002
3.425440e+003,1.043332e+002
3.425922e+003,1.043004e+002
3.426404e+003,1.042685e+002
3.426886e+003,1.042399e+002
3.427368e+003,1.042175e+002
3.427850e+003,1.042035e+002
3.428333e+003,1.041992e+002
3.428815e+003,1.042042e+002
3.429297e+003,1.042160e+002
3.429779e+003,1.042308e+002
3.430261e+003,1.042445e+002
3.430743e+003,1.042537e+002
3.431225e+003,1.042575e+002
3.431707e+003,1.042568e+002
3.432189e+003,1.042550e+002
3.432672e+003,1.042559e+002
3.433154e+003,1.042623e+002
3.433636e+003,1.042750e+002
3.434118e+003,1.042921e+002
3.434600e+003,1.043098e+002
3.435082e+003,1.043233e+002
3.435564e+003,1.043290e+002
3.436046e+003,1.043253e+002
3.436529e+003,1.043129e+002
3.437010e+003,1.042943e+002
3.437493e+003,1.042723e+002
3.437975e+003,1.042492e+002
3.438457e+003,1.042253e+002
3.438939e+003,1.041998e+002
3.439421e+003,1.041707e+002
3.439903e+003,1.041371e+002
3.440385e+003,1.040994e+002
3.440867e+003,1.040600e+002
3.441350e+003,1.040225e+002
3.441832e+003,1.039906e+002
3.442314e+003,1.039667e+002
3.442796e+003,1.039507e+002
3.443278e+003,1.039402e+002
3.443760e+003,1.039310e+002
3.444242e+003,1.039193e+002
3.444724e+003,1.039024e+002
3.445207e+003,1.038805e+002
3.445689e+003,1.038564e+002
3.446171e+003,1.038346e+002
3.446653e+003,1.038200e+002
3.447135e+003,1.038156e+002
3.447617e+003,1.038219e+002
3.448099e+003,1.038362e+002
3.448581e+003,1.038540e+002
3.449063e+003,1.038705e+002
3.449546e+003,1.038818e+002
3.450028e+003,1.038862e+002
3.450510e+003,1.038845e+002
3.450992e+003,1.038792e+002
3.451474e+003,1.038737e+002
3.451956e+003,1.038708e+002
3.452438e+003,1.038717e+002
3.452920e+003,1.038756e+002
3.453403e+003,1.038795e+002
3.453885e+003,1.038794e+002
3.454367e+003,1.038716e+002
3.454849e+003,1.038543e+002
3.455331e+003,1.038282e+002
3.455813e+003,1.037962e+002
3.456295e+003,1.037632e+002
3.456777e+003,1.037336e+002
3.457260e+003,1.037104e+002
3.457742e+003,1.036938e+002
3.458224e+003,1.036813e+002
3.458706e+003,1.036685e+002
3.459188e+003,1.036511e+002
3.459670e+003,1.036264e+002
3.460152e+003,1.035950e+002
3.460634e+003,1.035606e+002
3.461116e+003,1.035290e+002
3.461599e+003,1.035069e+002
3.462081e+003,1.034986e+002
3.462563e+003,1.035057e+002
3.463045e+003,1.035254e+002
3.463527e+003,1.035520e+002
3.464009e+003,1.035778e+002
3.464491e+003,1.035953e+002
3.464973e+003,1.035988e+002
3.465456e+003,1.035857e+002
3.465938e+003,1.035572e+002
3.466420e+003,1.035175e+002
3.466902e+003,1.034735e+002
3.467384e+003,1.034330e+002
3.467866e+003,1.034028e+002
3.468348e+003,1.033873e+002
3.468830e+003,1.033876e+002
3.469313e+003,1.034003e+002
3.469794e+003,1.034191e+002
3.470277e+003,1.034357e+002
3.470759e+003,1.034420e+002
3.471241e+003,1.034327e+002
3.471723e+003,1.034067e+002
3.472205e+003,1.033675e+002
3.472687e+003,1.033224e+002
3.473169e+003,1.032800e+002
3.473651e+003,1.032480e+002
3.474134e+003,1.032314e+002
3.474616e+003,1.032311e+002
3.475098e+003,1.032445e+002
3.475580e+003,1.032667e+002
3.476062e+003,1.032921e+002
3.476544e+003,1.033153e+002
3.477026e+003,1.033323e+002
3.477508e+003,1.033400e+002
3.477990e+003,1.033357e+002
3.478473e+003,1.033177e+002
3.478955e+003,1.032852e+002
3.479437e+003,1.032392e+002
3.479919e+003,1.031833e+002
3.480401e+003,1.031236e+002
3.480883e+003,1.030683e+002
3.481365e+003,1.030259e+002
3.481847e+003,1.030029e+002
3.482330e+003,1.030024e+002
3.482812e+003,1.030238e+002
3.483294e+003,1.030624e+002
3.483776e+003,1.031111e+002
3.484258e+003,1.031618e+002
3.484740e+003,1.032061e+002
3.485222e+003,1.032363e+002
3.485704e+003,1.032458e+002
3.486187e+003,1.032303e+002
3.486669e+003,1.031883e+002
3.487151e+003,1.031225e+002
3.487633e+003,1.030404e+002
3.488115e+003,1.029533e+002
3.488597e+003,1.028750e+002
3.489079e+003,1.028189e+002
3.489561e+003,1.027944e+002
3.490043e+003,1.028055e+002
3.490526e+003,1.028487e+002
3.491008e+003,1.029142e+002
3.491490e+003,1.029877e+002
3.491972e+003,1.030535e+002
3.492454e+003,1.030978e+002
3.492936e+003,1.031114e+002
3.493418e+003,1.030915e+002
3.493900e+003,1.030415e+002
3.494383e+003,1.029703e+002
3.494865e+003,1.028899e+002
3.495347e+003,1.028131e+002
3.495829e+003,1.027513e+002
3.496311e+003,1.027123e+002
3.496793e+003,1.026989e+002
3.497275e+003,1.027090e+002
3.497757e+003,1.027354e+002
3.498240e+003,1.027677e+002
3.498721e+003,1.027941e+002
3.499204e+003,1.028041e+002
3.499686e+003,1.027905e+002
3.500168e+003,1.027515e+002
3.500650e+003,1.026905e+002
3.501132e+003,1.026163e+002
3.501614e+003,1.025404e+002
3.502096e+003,1.024751e+002
3.502578e+003,1.024304e+002
3.503061e+003,1.024117e+002
3.503543e+003,1.024193e+002
3.504025e+003,1.024479e+002
3.504507e+003,1.024887e+002
3.504989e+003,1.025312e+002
3.505471e+003,1.025649e+002
3.505953e+003,1.025813e+002
3.506435e+003,1.025755e+002
3.506917e+003,1.025467e+002
3.507400e+003,1.024985e+002
3.507882e+003,1.024386e+002
3.508364e+003,1.023770e+002
3.508846e+003,1.023235e+002
3.509328e+003,1.022856e+002
3.509810e+003,1.022665e+002
3.510292e+003,1.022648e+002
3.510774e+003,1.022762e+002
3.511257e+003,1.022953e+002
3.511739e+003,1.023173e+002
3.512221e+003,1.023390e+002
3.512703e+003,1.023588e+002
3.513185e+003,1.023756e+002
3.513667e+003,1.023882e+002
3.514149e+003,1.023945e+002
3.514631e+003,1.023920e+002
3.515114e+003,1.023791e+002
3.515596e+003,1.023562e+002
3.516078e+003,1.023267e+002
3.516560e+003,1.022967e+002
3.517042e+003,1.022731e+002
3.517524e+003,1.022617e+002
3.518006e+003,1.022646e+002
3.518488e+003,1.022792e+002
3.518970e+003,1.022983e+002
3.519453e+003,1.023117e+002
3.519935e+003,1.023093e+002
3.520417e+003,1.022835e+002
3.520899e+003,1.022320e+002
3.521381e+003,1.021578e+002
3.521863e+003,1.020692e+002
3.522345e+003,1.019775e+002
3.522827e+003,1.018944e+002
3.523310e+003,1.018297e+002
3.523792e+003,1.017888e+002
3.524274e+003,1.017730e+002
3.524756e+003,1.017798e+002
3.525238e+003,1.018039e+002
3.525720e+003,1.018394e+002
3.526202e+003,1.018795e+002
3.526684e+003,1.019183e+002
3.527167e+003,1.019503e+002
3.527648e+003,1.019708e+002
3.528131e+003,1.019763e+002
3.528613e+003,1.019646e+002
3.529095e+003,1.019357e+002
3.529577e+003,1.018916e+002
3.530059e+003,1.018361e+002
3.530541e+003,1.017747e+002
3.531023e+003,1.017143e+002
3.531505e+003,1.016620e+002
3.531988e+003,1.016246e+002
3.532470e+003,1.016072e+002
3.532952e+003,1.016128e+002
3.533434e+003,1.016406e+002
3.533916e+003,1.016864e+002
3.534398e+003,1.017420e+002
3.534880e+003,1.017970e+002
3.535362e+003,1.018407e+002
3.535844e+003,1.018654e+002
3.536327e+003,1.018689e+002
3.536809e+003,1.018557e+002
3.537291e+003,1.018360e+002
3.537773e+003,1.018229e+002
3.538255e+003,1.018280e+002
3.538737e+003,1.018582e+002
3.539219e+003,1.019126e+002
3.539701e+003,1.019823e+002
3.540184e+003,1.020524e+002
3.540666e+003,1.021053e+002
3.541148e+003,1.021250e+002
3.541630e+003,1.021007e+002
3.542112e+003,1.020288e+002
3.542594e+003,1.019129e+002
3.543076e+003,1.017624e+002
3.543558e+003,1.015905e+002
3.544041e+003,1.014119e+002
3.544523e+003,1.012418e+002
3.545005e+003,1.010949e+002
3.545487e+003,1.009853e+002
3.545969e+003,1.009251e+002
3.546451e+003,1.009222e+002
3.546933e+003,1.009775e+002
3.547415e+003,1.010827e+002
3.547897e+003,1.012202e+002
3.548380e+003,1.013649e+002
3.548862e+003,1.014890e+002
3.549344e+003,1.015665e+002
3.549826e+003,1.015787e+002
3.550308e+003,1.015188e+002
3.550790e+003,1.013946e+002
3.551272e+003,1.012281e+002
3.551754e+003,1.010515e+002
3.552237e+003,1.008994e+002
3.552719e+003,1.008011e+002
3.553201e+003,1.007742e+002
3.553683e+003,1.008225e+002
3.554165e+003,1.009377e+002
3.554647e+003,1.011023e+002
3.555129e+003,1.012928e+002
3.555611e+003,1.014835e+002
3.556094e+003,1.016494e+002
3.556575e+003,1.017695e+002
3.557058e+003,1.018297e+002
3.557540e+003,1.018249e+002
3.558022e+003,1.017591e+002
3.558504e+003,1.016447e+002
3.558986e+003,1.014990e+002
3.559468e+003,1.013409e+002
3.559950e+003,1.011877e+002
3.560432e+003,1.010522e+002
3.560915e+003,1.009418e+002
3.561397e+003,1.008582e+002
3.561879e+003,1.007979e+002
3.562361e+003,1.007530e+002
3.562843e+003,1.007124e+002
3.563325e+003,1.006633e+002
3.563807e+003,1.005938e+002
3.564289e+003,1.004961e+002
3.564771e+003,1.003710e+002
3.565254e+003,1.002319e+002
3.565736e+003,1.001053e+002
3.566218e+003,1.000261e+002
3.566700e+003,1.000262e+002
3.567182e+003,1.001219e+002
3.567664e+003,1.003055e+002
3.568146e+003,1.005479e+002
3.568628e+003,1.008084e+002
3.569111e+003,1.010463e+002
3.569593e+003,1.012285e+002
3.570075e+003,1.013318e+002
3.570557e+003,1.013442e+002
3.571039e+003,1.012643e+002
3.571521e+003,1.011029e+002
3.572003e+003,1.008819e+002
3.572485e+003,1.006332e+002
3.572968e+003,1.003935e+002
3.573450e+003,1.001984e+002
3.573932e+003,1.000764e+002
3.574414e+003,1.000436e+002
3.574896e+003,1.001015e+002
3.575378e+003,1.002374e+002
3.575860e+003,1.004276e+002
3.576342e+003,1.006423e+002
3.576824e+003,1.008506e+002
3.577307e+003,1.010257e+002
3.577789e+003,1.011478e+002
3.578271e+003,1.012049e+002
3.578753e+003,1.011936e+002
3.579235e+003,1.011178e+002
3.579717e+003,1.009883e+002
3.580199e+003,1.008225e+002
3.580681e+003,1.006430e+002
3.581164e+003,1.004757e+002
3.581646e+003,1.003457e+002
3.582128e+003,1.002733e+002
3.582610e+003,1.002692e+002
3.583092e+003,1.003319e+002
3.583574e+003,1.004466e+002
3.584056e+003,1.005880e+002
3.584538e+003,1.007252e+002
3.585021e+003,1.008285e+002
3.585502e+003,1.008774e+002
3.585985e+003,1.008670e+002
3.586467e+003,1.008101e+002
3.586949e+003,1.007335e+002
3.587431e+003,1.006676e+002
3.587913e+003,1.006355e+002
3.588395e+003,1.006459e+002
3.588877e+003,1.006935e+002
3.589359e+003,1.007640e+002
3.589842e+003,1.008387e+002
3.590324e+003,1.008969e+002
3.590806e+003,1.009177e+002
3.591288e+003,1.008814e+002
3.591770e+003,1.007740e+002
3.592252e+003,1.005929e+002
3.592734e+003,1.003522e+002
3.593216e+003,1.000822e+002
3.593698e+003,9.982399e+001
3.594181e+003,9.961709e+001
3.594663e+003,9.948812e+001
3.595145e+003,9.944366e+001
3.595627e+003,9.947079e+001
3.596109e+003,9.954467e+001
3.596591e+003,9.963878e+001
3.597073e+003,9.973441e+001
3.597555e+003,9.982571e+001
3.598038e+003,9.991911e+001
3.598520e+003,1.000276e+002
3.599002e+003,1.001618e+002
3.599484e+003,1.003226e+002
3.599966e+003,1.004969e+002
3.600448e+003,1.006608e+002
3.600930e+003,1.007880e+002
3.601412e+003,1.008589e+002
3.601895e+003,1.008669e+002
3.602377e+003,1.008186e+002
3.602859e+003,1.007296e+002
3.603341e+003,1.006181e+002
3.603823e+003,1.005001e+002
3.604305e+003,1.003869e+002
3.604787e+003,1.002847e+002
3.605269e+003,1.001960e+002
3.605751e+003,1.001210e+002
3.606234e+003,1.000589e+002
3.606716e+003,1.000084e+002
3.607198e+003,9.996863e+001
3.607680e+003,9.993948e+001
3.608162e+003,9.992238e+001
3.608644e+003,9.992057e+001
3.609126e+003,9.993787e+001
3.609608e+003,9.997560e+001
3.610091e+003,1.000284e+002
3.610573e+003,1.000797e+002
3.611055e+003,1.001004e+002
3.611537e+003,1.000517e+002
3.612019e+003,9.989648e+001
3.612501e+003,9.961613e+001
3.612983e+003,9.922577e+001
3.613465e+003,9.877699e+001
3.613948e+003,9.834454e+001
3.614429e+003,9.800357e+001
3.614912e+003,9.781012e+001
3.615394e+003,9.779141e+001
3.615876e+003,9.794485e+001
3.616358e+003,9.824184e+001
3.616840e+003,9.863381e+001
3.617322e+003,9.906043e+001
3.617804e+003,9.946075e+001
3.618286e+003,9.978653e+001
3.618769e+003,1.000127e+002
3.619251e+003,1.001396e+002
3.619733e+003,1.001849e+002
3.620215e+003,1.001706e+002
3.620697e+003,1.001140e+002
3.621179e+003,1.000259e+002
3.621661e+003,9.991304e+001
3.622143e+003,9.978221e+001
3.622625e+003,9.964181e+001
3.623108e+003,9.950102e+001
3.623590e+003,9.936733e+001
3.624072e+003,9.924335e+001
3.624554e+003,9.912464e+001
3.625036e+003,9.899993e+001
3.625518e+003,9.885426e+001
3.626000e+003,9.867551e+001
3.626482e+003,9.846358e+001
3.626965e+003,9.824075e+001
3.627447e+003,9.805705e+001
3.627929e+003,9.798145e+001
3.628411e+003,9.807224e+001
3.628893e+003,9.833929e+001
3.629375e+003,9.872876e+001
3.629857e+003,9.914620e+001
3.630339e+003,9.950036e+001
3.630822e+003,9.973290e+001
3.631304e+003,9.982117e+001
3.631786e+003,9.976609e+001
3.632268e+003,9.958066e+001
3.632750e+003,9.928576e+001
3.633232e+003,9.891071e+001
3.633714e+003,9.849408e+001
3.634196e+003,9.808112e+001
3.634678e+003,9.771803e+001
3.635161e+003,9.744585e+001
3.635643e+003,9.729596e+001
3.636125e+003,9.728716e+001
3.636607e+003,9.742300e+001
3.637089e+003,9.768890e+001
3.637571e+003,9.805051e+001
3.638053e+003,9.845551e+001
3.638535e+003,9.884106e+001
3.639018e+003,9.914542e+001
3.639500e+003,9.932086e+001
3.639982e+003,9.934309e+001
3.640464e+003,9.921444e+001
3.640946e+003,9.896079e+001
3.641428e+003,9.862354e+001
3.641910e+003,9.825034e+001
3.642392e+003,9.788670e+001
3.642875e+003,9.757082e+001
3.643356e+003,9.733163e+001
3.643839e+003,9.718929e+001
3.644321e+003,9.715556e+001
3.644803e+003,9.723311e+001
3.645285e+003,9.741299e+001
3.645767e+003,9.767101e+001
3.646249e+003,9.796523e+001
3.646731e+003,9.823975e+001
3.647213e+003,9.843761e+001
3.647696e+003,9.852171e+001
3.648178e+003,9.849461e+001
3.648660e+003,9.840266e+001
3.649142e+003,9.831705e+001
3.649624e+003,9.830020e+001
3.650106e+003,9.837587e+001
3.650588e+003,9.851994e+001
3.651070e+003,9.867506e+001
3.651552e+003,9.877654e+001
3.652035e+003,9.877375e+001
3.652517e+003,9.863848e+001
3.652999e+003,9.836343e+001
3.653481e+003,9.795860e+001
3.653963e+003,9.745193e+001
3.654445e+003,9.689313e+001
3.654927e+003,9.635502e+001
3.655409e+003,9.592361e+001
3.655892e+003,9.567516e+001
3.656374e+003,9.565060e+001
3.656856e+003,9.584270e+001
3.657338e+003,9.620243e+001
3.657820e+003,9.665726e+001
3.658302e+003,9.713019e+001
3.658784e+003,9.755334e+001
3.659266e+003,9.787737e+001
3.659749e+003,9.807852e+001
3.660231e+003,9.816202e+001
3.660713e+003,9.815830e+001
3.661195e+003,9.811088e+001
3.661677e+003,9.806000e+001
3.662159e+003,9.802938e+001
3.662641e+003,9.802204e+001
3.663123e+003,9.802538e+001
3.663605e+003,9.802244e+001
3.664088e+003,9.800328e+001
3.664570e+003,9.797138e+001
3.665052e+003,9.794302e+001
3.665534e+003,9.793984e+001
3.666016e+003,9.797833e+001
3.666498e+003,9.805984e+001
3.666980e+003,9.816475e+001
3.667462e+003,9.825359e+001
3.667945e+003,9.827656e+001
3.668427e+003,9.819125e+001
3.668909e+003,9.798350e+001
3.669391e+003,9.767979e+001
3.669873e+003,9.733973e+001
3.670355e+003,9.702987e+001
3.670837e+003,9.679603e+001
3.671319e+003,9.665245e+001
3.671802e+003,9.658905e+001
3.672283e+003,9.658450e+001
3.672766e+003,9.661560e+001
3.673248e+003,9.666256e+001
3.673730e+003,9.671204e+001
3.674212e+003,9.675785e+001
3.674694e+003,9.679678e+001
3.675176e+003,9.682352e+001
3.675658e+003,9.683275e+001
3.676140e+003,9.682744e+001
3.676623e+003,9.682265e+001
3.677105e+003,9.684262e+001
3.677587e+003,9.691271e+001
3.678069e+003,9.704785e+001
3.678551e+003,9.724209e+001
3.679033e+003,9.746449e+001
3.679515e+003,9.766502e+001
3.679997e+003,9.779023e+001
3.680479e+003,9.780326e+001
3.680962e+003,9.769677e+001
3.681444e+003,9.749230e+001
3.681926e+003,9.722861e+001
3.682408e+003,9.694717e+001
3.682890e+003,9.668221e+001
3.683372e+003,9.645754e+001
3.683854e+003,9.628839e+001
3.684336e+003,9.618544e+001
3.684819e+003,9.615771e+001
3.685301e+003,9.621274e+001
3.685783e+003,9.635324e+001
3.686265e+003,9.657099e+001
3.686747e+003,9.683911e+001
3.687229e+003,9.710749e+001
3.687711e+003,9.730919e+001
3.688193e+003,9.738376e+001
3.688676e+003,9.731019e+001
3.689158e+003,9.712687e+001
3.689640e+003,9.691989e+001
3.690122e+003,9.678681e+001
3.690604e+003,9.679815e+001
3.691086e+003,9.697351e+001
3.691568e+003,9.727728e+001
3.692050e+003,9.763329e+001
3.692532e+003,9.795180e+001
3.693015e+003,9.815820e+001
3.693497e+003,9.821223e+001
3.693979e+003,9.811232e+001
3.694461e+003,9.788737e+001
3.694943e+003,9.758270e+001
3.695425e+003,9.724624e+001
3.695907e+003,9.691939e+001
3.696389e+003,9.663354e+001
3.696872e+003,9.641154e+001
3.697354e+003,9.627104e+001
3.697836e+003,9.622707e+001
3.698318e+003,9.629144e+001
3.698800e+003,9.646881e+001
3.699282e+003,9.675007e+001
3.699764e+003,9.710536e+001
3.700246e+003,9.748167e+001
3.700729e+003,9.781000e+001
3.701211e+003,9.802480e+001
3.701693e+003,9.808894e+001
3.702175e+003,9.800890e+001
3.702657e+003,9.783013e+001
3.703139e+003,9.761569e+001
3.703621e+003,9.742305e+001
3.704103e+003,9.728974e+001
3.704585e+003,9.723018e+001
3.705068e+003,9.724043e+001
3.705550e+003,9.730635e+001
3.706032e+003,9.741139e+001
3.706514e+003,9.754243e+001
3.706996e+003,9.769131e+001
3.707478e+003,9.785288e+001
3.707960e+003,9.802038e+001
3.708442e+003,9.818072e+001
3.708925e+003,9.831285e+001
3.709406e+003,9.839103e+001
3.709889e+003,9.839369e+001
3.710371e+003,9.831467e+001
3.710853e+003,9.817059e+001
3.711335e+003,9.799892e+001
3.711817e+003,9.784408e+001
3.712299e+003,9.773955e+001
3.712781e+003,9.769582e+001
3.713263e+003,9.769978e+001
3.713746e+003,9.772358e+001
3.714228e+003,9.773670e+001
3.714710e+003,9.771539e+001
3.715192e+003,9.764869e+001
3.715674e+003,9.754040e+001
3.716156e+003,9.740736e+001
3.716638e+003,9.727427e+001
3.717120e+003,9.716598e+001
3.717603e+003,9.709943e+001
3.718085e+003,9.707850e+001
3.718567e+003,9.709419e+001
3.719049e+003,9.713042e+001
3.719531e+003,9.717265e+001
3.720013e+003,9.721583e+001
3.720495e+003,9.726812e+001
3.720977e+003,9.734846e+001
3.721459e+003,9.747836e+001
3.721942e+003,9.767128e+001
3.722424e+003,9.792428e+001
3.722906e+003,9.821716e+001
3.723388e+003,9.851913e+001
3.723870e+003,9.879966e+001
3.724352e+003,9.903739e+001
3.724834e+003,9.922255e+001
3.725316e+003,9.935201e+001
3.725799e+003,9.942059e+001
3.726281e+003,9.941465e+001
3.726763e+003,9.931406e+001
3.727245e+003,9.910211e+001
3.727727e+003,9.877769e+001
3.728209e+003,9.836240e+001
3.728691e+003,9.790012e+001
3.729173e+003,9.745033e+001
3.729656e+003,9.707794e+001
3.730138e+003,9.684077e+001
3.730620e+003,9.677577e+001
3.731102e+003,9.688667e+001
3.731584e+003,9.713803e+001
3.732066e+003,9.746165e+001
3.732548e+003,9.777583e+001
3.733030e+003,9.801043e+001
3.733512e+003,9.812666e+001
3.733995e+003,9.812324e+001
3.734477e+003,9.802716e+001
3.734959e+003,9.787514e+001
3.735441e+003,9.769524e+001
3.735923e+003,9.750041e+001
3.736405e+003,9.729678e+001
3.736887e+003,9.709703e+001
3.737369e+003,9.692562e+001
3.737852e+003,9.681258e+001
3.738333e+003,9.678175e+001
3.738816e+003,9.684050e+001
3.739298e+003,9.697575e+001
3.739780e+003,9.715720e+001
3.740262e+003,9.734644e+001
3.740744e+003,9.750803e+001
3.741226e+003,9.761702e+001
3.741708e+003,9.766110e+001
3.742190e+003,9.763692e+001
3.742673e+003,9.754364e+001
3.743155e+003,9.737639e+001
3.743637e+003,9.712623e+001
3.744119e+003,9.679343e+001
3.744601e+003,9.640782e+001
3.745083e+003,9.602823e+001
3.745565e+003,9.571763e+001
3.746047e+003,9.552274e+001
3.746530e+003,9.546808e+001
3.747012e+003,9.555251e+001
3.747494e+003,9.574271e+001
3.747976e+003,9.596889e+001
3.748458e+003,9.613295e+001
3.748940e+003,9.613921e+001
3.749422e+003,9.594458e+001
3.749904e+003,9.559738e+001
3.750386e+003,9.522518e+001
3.750869e+003,9.497001e+001
3.751351e+003,9.491779e+001
3.751833e+003,9.506720e+001
3.752315e+003,9.534567e+001
3.752797e+003,9.565268e+001
3.753279e+003,9.590322e+001
3.753761e+003,9.605361e+001
3.754243e+003,9.610316e+001
3.754726e+003,9.607896e+001
3.755208e+003,9.601410e+001
3.755690e+003,9.592859e+001
3.756172e+003,9.581964e+001
3.756654e+003,9.566551e+001
3.757136e+003,9.544261e+001
3.757618e+003,9.514876e+001
3.758100e+003,9.481922e+001
3.758583e+003,9.452467e+001
3.759065e+003,9.435049e+001
3.759547e+003,9.436565e+001
3.760029e+003,9.459412e+001
3.760511e+003,9.500155e+001
3.760993e+003,9.550365e+001
3.761475e+003,9.599278e+001
3.761957e+003,9.636940e+001
3.762439e+003,9.656569e+001
3.762922e+003,9.655676e+001
3.763404e+003,9.636143e+001
3.763886e+003,9.603635e+001
3.764368e+003,9.566286e+001
3.764850e+003,9.532655e+001
3.765332e+003,9.509534e+001
3.765814e+003,9.500527e+001
3.766296e+003,9.506009e+001
3.766779e+003,9.524140e+001
3.767260e+003,9.552014e+001
3.767743e+003,9.586295e+001
3.768225e+003,9.623313e+001
3.768707e+003,9.658981e+001
3.769189e+003,9.689082e+001
3.769671e+003,9.710178e+001
3.770153e+003,9.720747e+001
3.770635e+003,9.721719e+001
3.771117e+003,9.715929e+001
3.771600e+003,9.706854e+001
3.772082e+003,9.697477e+001
3.772564e+003,9.689619e+001
3.773046e+003,9.683880e+001
3.773528e+003,9.679967e+001
3.774010e+003,9.677182e+001
3.774492e+003,9.674932e+001
3.774974e+003,9.673018e+001
3.775457e+003,9.671669e+001
3.775939e+003,9.671331e+001
3.776421e+003,9.672314e+001
3.776903e+003,9.674500e+001
3.777385e+003,9.677237e+001
3.777867e+003,9.679471e+001
3.778349e+003,9.680161e+001
3.778831e+003,9.678812e+001
3.779313e+003,9.675900e+001
3.779796e+003,9.672892e+001
3.780278e+003,9.671812e+001
3.780760e+003,9.674542e+001
3.781242e+003,9.682229e+001
3.781724e+003,9.694834e+001
3.782206e+003,9.710879e+001
3.782688e+003,9.727412e+001
3.783170e+003,9.740370e+001
3.783653e+003,9.745559e+001
3.784135e+003,9.740106e+001
3.784617e+003,9.723849e+001
3.785099e+003,9.699878e+001
3.785581e+003,9.673834e+001
3.786063e+003,9.652356e+001
3.786545e+003,9.641343e+001
3.787027e+003,9.644588e+001
3.787510e+003,9.663036e+001
3.787992e+003,9.694621e+001
3.788474e+003,9.734722e+001
3.788956e+003,9.777092e+001
3.789438e+003,9.815112e+001
3.789920e+003,9.843103e+001
3.790402e+003,9.857413e+001
3.790884e+003,9.857061e+001
3.791366e+003,9.843785e+001
3.791849e+003,9.821425e+001
3.792331e+003,9.794867e+001
3.792813e+003,9.768913e+001
3.793295e+003,9.747438e+001
3.793777e+003,9.733044e+001
3.794259e+003,9.727047e+001
3.794741e+003,9.729626e+001
3.795223e+003,9.739915e+001
3.795706e+003,9.756052e+001
3.796188e+003,9.775305e+001
3.796670e+003,9.794395e+001
3.797152e+003,9.809916e+001
3.797634e+003,9.818707e+001
3.798116e+003,9.818006e+001
3.798598e+003,9.805554e+001
3.799080e+003,9.779993e+001
3.799563e+003,9.741911e+001
3.800044e+003,9.695270e+001
3.800527e+003,9.648033e+001
3.801009e+003,9.610566e+001
3.801491e+003,9.591826e+001
3.801973e+003,9.595591e+001
3.802455e+003,9.619460e+001
3.802937e+003,9.656802e+001
3.803419e+003,9.699564e+001
3.803901e+003,9.740069e+001
3.804384e+003,9.771689e+001
3.804866e+003,9.789310e+001
3.805348e+003,9.790364e+001
3.805830e+003,9.776180e+001
3.806312e+003,9.752460e+001
3.806794e+003,9.727542e+001
3.807276e+003,9.708929e+001
3.807758e+003,9.700417e+001
3.808240e+003,9.701637e+001
3.808723e+003,9.709597e+001
3.809205e+003,9.720611e+001
3.809687e+003,9.731589e+001
3.810169e+003,9.740684e+001
3.810651e+003,9.747469e+001
3.811133e+003,9.752703e+001
3.811615e+003,9.757678e+001
3.812097e+003,9.763285e+001
3.812580e+003,9.769162e+001
3.813062e+003,9.773257e+001
3.813544e+003,9.772041e+001
3.814026e+003,9.761515e+001
3.814508e+003,9.738995e+001
3.814990e+003,9.705128e+001
3.815472e+003,9.665041e+001
3.815954e+003,9.627242e+001
3.816437e+003,9.600422e+001
3.816919e+003,9.590260e+001
3.817401e+003,9.598215e+001
3.817883e+003,9.622131e+001
3.818365e+003,9.657164e+001
3.818847e+003,9.696252e+001
3.819329e+003,9.730476e+001
3.819811e+003,9.750295e+001
3.820293e+003,9.748512e+001
3.820776e+003,9.724133e+001
3.821258e+003,9.683953e+001
3.821740e+003,9.639455e+001
3.822222e+003,9.601401e+001
3.822704e+003,9.576610e+001
3.823186e+003,9.567997e+001
3.823668e+003,9.575941e+001
3.824150e+003,9.599291e+001
3.824633e+003,9.635657e+001
3.825115e+003,9.681216e+001
3.825597e+003,9.730479e+001
3.826079e+003,9.776577e+001
3.826561e+003,9.812369e+001
3.827043e+003,9.832133e+001
3.827525e+003,9.832967e+001
3.828007e+003,9.815244e+001
3.828490e+003,9.782181e+001
3.828971e+003,9.739024e+001
3.829454e+003,9.692265e+001
3.829936e+003,9.648834e+001
3.830418e+003,9.615080e+001
3.830900e+003,9.595507e+001
3.831382e+003,9.591599e+001
3.831864e+003,9.601360e+001
3.832346e+003,9.619961e+001
3.832828e+003,9.641351e+001
3.833311e+003,9.660147e+001
3.833793e+003,9.673003e+001
3.834275e+003,9.679063e+001
3.834757e+003,9.679486e+001
3.835239e+003,9.676427e+001
3.835721e+003,9.671851e+001
3.836203e+003,9.666727e+001
3.836685e+003,9.660827e+001
3.837167e+003,9.653324e+001
3.837650e+003,9.643874e+001
3.838132e+003,9.633575e+001
3.838614e+003,9.625126e+001
3.839096e+003,9.622071e+001
3.839578e+003,9.627589e+001
3.840060e+003,9.643485e+001
3.840542e+003,9.669722e+001
3.841024e+003,9.704366e+001
3.841507e+003,9.743860e+001
3.841989e+003,9.783418e+001
3.842471e+003,9.817691e+001
3.842953e+003,9.841648e+001
3.843435e+003,9.851620e+001
3.843917e+003,9.846127e+001
3.844399e+003,9.826142e+001
3.844881e+003,9.794664e+001
3.845364e+003,9.755814e+001
3.845846e+003,9.713850e+001
3.846328e+003,9.672414e+001
3.846810e+003,9.634072e+001
3.847292e+003,9.600247e+001
3.847774e+003,9.571416e+001
3.848256e+003,9.547562e+001
3.848738e+003,9.528763e+001
3.849220e+003,9.515732e+001
3.849703e+003,9.510181e+001
3.850185e+003,9.514918e+001
3.850667e+003,9.533575e+001
3.851149e+003,9.569856e+001
3.851631e+003,9.625884e+001
3.852113e+003,9.699265e+001
3.852595e+003,9.779975e+001
3.853077e+003,9.850875e+001
3.853560e+003,9.895255e+001
3.854042e+003,9.906844e+001
3.854524e+003,9.892435e+001
3.855006e+003,9.865691e+001
3.855488e+003,9.839360e+001
3.855970e+003,9.820814e+001
3.856452e+003,9.811201e+001
3.856934e+003,9.806755e+001
3.857417e+003,9.801167e+001
3.857898e+003,9.788300e+001
3.858381e+003,9.764533e+001
3.858863e+003,9.729978e+001
3.859345e+003,9.688275e+001
3.859827e+003,9.645216e+001
3.860309e+003,9.606834e+001
3.860791e+003,9.577713e+001
3.861273e+003,9.559975e+001
3.861755e+003,9.553209e+001
3.862238e+003,9.555200e+001
3.862720e+003,9.563049e+001
3.863202e+003,9.574105e+001
3.863684e+003,9.586345e+001
3.864166e+003,9.598175e+001
3.864648e+003,9.608074e+001
3.865130e+003,9.614513e+001
3.865612e+003,9.616345e+001
3.866094e+003,9.613390e+001
3.866577e+003,9.606747e+001
3.867059e+003,9.598679e+001
3.867541e+003,9.592129e+001
3.868023e+003,9.590012e+001
3.868505e+003,9.594269e+001
3.868987e+003,9.604858e+001
3.869469e+003,9.619382e+001
3.869951e+003,9.634258e+001
3.870434e+003,9.646971e+001
3.870916e+003,9.657726e+001
3.871398e+003,9.669309e+001
3.871880e+003,9.685516e+001
3.872362e+003,9.709016e+001
3.872844e+003,9.739462e+001
3.873326e+003,9.772512e+001
3.873808e+003,9.800591e+001
3.874291e+003,9.815596e+001
3.874773e+003,9.812461e+001
3.875255e+003,9.791213e+001
3.875737e+003,9.756340e+001
3.876219e+003,9.714341e+001
3.876701e+003,9.671328e+001
3.877183e+003,9.631744e+001
3.877665e+003,9.598281e+001
3.878147e+003,9.572517e+001
3.878630e+003,9.555774e+001
3.879112e+003,9.549612e+001
3.879594e+003,9.555541e+001
3.880076e+003,9.573949e+001
3.880558e+003,9.602813e+001
3.881040e+003,9.637218e+001
3.881522e+003,9.670245e+001
3.882004e+003,9.694910e+001
3.882487e+003,9.706228e+001
3.882969e+003,9.702618e+001
3.883451e+003,9.686491e+001
3.883933e+003,9.663943e+001
3.884415e+003,9.643291e+001
3.884897e+003,9.632259e+001
3.885379e+003,9.634674e+001
3.885861e+003,9.648746e+001
3.886344e+003,9.668341e+001
3.886825e+003,9.686364e+001
3.887308e+003,9.697907e+001
3.887790e+003,9.701580e+001
3.888272e+003,9.699161e+001
3.888754e+003,9.694507e+001
3.889236e+003,9.692254e+001
3.889718e+003,9.696387e+001
3.890200e+003,9.708706e+001
3.890682e+003,9.727672e+001
3.891165e+003,9.748557e+001
3.891647e+003,9.765291e+001
3.892129e+003,9.772987e+001
3.892611e+003,9.769653e+001
3.893093e+003,9.756319e+001
3.893575e+003,9.736086e+001
3.894057e+003,9.712876e+001
3.894539e+003,9.690447e+001
3.895021e+003,9.671793e+001
3.895504e+003,9.658810e+001
3.895986e+003,9.652109e+001
3.896468e+003,9.650923e+001
3.896950e+003,9.653156e+001
3.897432e+003,9.655666e+001
3.897914e+003,9.655006e+001
3.898396e+003,9.648492e+001
3.898878e+003,9.635397e+001
3.899361e+003,9.617640e+001
3.899843e+003,9.599551e+001
3.900325e+003,9.586703e+001
3.900807e+003,9.584279e+001
3.901289e+003,9.595519e+001
3.901771e+003,9.620637e+001
3.902253e+003,9.656360e+001
3.902735e+003,9.696307e+001
3.903218e+003,9.732442e+001
3.903700e+003,9.757499e+001
3.904182e+003,9.767510e+001
3.904664e+003,9.763113e+001
3.905146e+003,9.748769e+001
3.905628e+003,9.730534e+001
3.906110e+003,9.713713e+001
3.906592e+003,9.701422e+001
3.907074e+003,9.694247e+001
3.907557e+003,9.690736e+001
3.908039e+003,9.688381e+001
3.908521e+003,9.684695e+001
3.909003e+003,9.678112e+001
3.909485e+003,9.668484e+001
3.909967e+003,9.656951e+001
3.910449e+003,9.645383e+001
3.910931e+003,9.635611e+001
3.911414e+003,9.628827e+001
3.911896e+003,9.625374e+001
3.912378e+003,9.624912e+001
3.912860e+003,9.626844e+001
3.913342e+003,9.630739e+001
3.913824e+003,9.636526e+001
3.914306e+003,9.644418e+001
3.914788e+003,9.654543e+001
3.915271e+003,9.666486e+001
3.915752e+003,9.679019e+001
3.916235e+003,9.690237e+001
3.916717e+003,9.698229e+001
3.917199e+003,9.701983e+001
3.917681e+003,9.702029e+001
3.918163e+003,9.700415e+001
3.918645e+003,9.699969e+001
3.919127e+003,9.703232e+001
3.919609e+003,9.711476e+001
3.920092e+003,9.724196e+001
3.920574e+003,9.739240e+001
3.921056e+003,9.753520e+001
3.921538e+003,9.764008e+001
3.922020e+003,9.768604e+001
3.922502e+003,9.766603e+001
3.922984e+003,9.758617e+001
3.923466e+003,9.746103e+001
3.923948e+003,9.730717e+001
3.924431e+003,9.713823e+001
3.924913e+003,9.696329e+001
3.925395e+003,9.678870e+001
3.925877e+003,9.662167e+001
3.926359e+003,9.647277e+001
3.926841e+003,9.635555e+001
3.927323e+003,9.628322e+001
3.927805e+003,9.626409e+001
3.928288e+003,9.629717e+001
3.928770e+003,9.637079e+001
3.929252e+003,9.646484e+001
3.929734e+003,9.655699e+001
3.930216e+003,9.663067e+001
3.930698e+003,9.668069e+001
3.931180e+003,9.671448e+001
3.931662e+003,9.674778e+001
3.932145e+003,9.679697e+001
3.932627e+003,9.687176e+001
3.933109e+003,9.697167e+001
3.933591e+003,9.708744e+001
3.934073e+003,9.720558e+001
3.934555e+003,9.731326e+001
3.935037e+003,9.740109e+001
3.935519e+003,9.746337e+001
3.936001e+003,9.749657e+001
3.936484e+003,9.749767e+001
3.936966e+003,9.746390e+001
3.937448e+003,9.739401e+001
3.937930e+003,9.729045e+001
3.938412e+003,9.716125e+001
3.938894e+003,9.702008e+001
3.939376e+003,9.688427e+001
3.939858e+003,9.677159e+001
3.940341e+003,9.669651e+001
3.940823e+003,9.666693e+001
3.941305e+003,9.668247e+001
3.941787e+003,9.673455e+001
3.942269e+003,9.680869e+001
3.942751e+003,9.688840e+001
3.943233e+003,9.695898e+001
3.943715e+003,9.701008e+001
3.944198e+003,9.703665e+001
3.944679e+003,9.703807e+001
3.945162e+003,9.701725e+001
3.945644e+003,9.697956e+001
3.946126e+003,9.693258e+001
3.946608e+003,9.688572e+001
3.947090e+003,9.684932e+001
3.947572e+003,9.683270e+001
3.948054e+003,9.684192e+001
3.948536e+003,9.687749e+001
3.949019e+003,9.693394e+001
3.949501e+003,9.700130e+001
3.949983e+003,9.706801e+001
3.950465e+003,9.712411e+001
3.950947e+003,9.716382e+001
3.951429e+003,9.718624e+001
3.951911e+003,9.719450e+001
3.952393e+003,9.719347e+001
3.952875e+003,9.718727e+001
3.953358e+003,9.717741e+001
3.953840e+003,9.716193e+001
3.954322e+003,9.713660e+001
3.954804e+003,9.709695e+001
3.955286e+003,9.704101e+001
3.955768e+003,9.697142e+001
3.956250e+003,9.689596e+001
3.956732e+003,9.682632e+001
3.957215e+003,9.677557e+001
3.957697e+003,9.675449e+001
3.958179e+003,9.676868e+001
3.958661e+003,9.681698e+001
3.959143e+003,9.689140e+001
3.959625e+003,9.697936e+001
3.960107e+003,9.706663e+001
3.960589e+003,9.714113e+001
3.961072e+003,9.719575e+001
3.961554e+003,9.722935e+001
3.962036e+003,9.724588e+001
3.962518e+003,9.725201e+001
3.963000e+003,9.725434e+001
3.963482e+003,9.725722e+001
3.963964e+003,9.726218e+001
3.964446e+003,9.726844e+001
3.964928e+003,9.727425e+001
3.965411e+003,9.727816e+001
3.965893e+003,9.727953e+001
3.966375e+003,9.727821e+001
3.966857e+003,9.727404e+001
3.967339e+003,9.726585e+001
3.967821e+003,9.725179e+001
3.968303e+003,9.722981e+001
3.968785e+003,9.719910e+001
3.969268e+003,9.716115e+001
3.969750e+003,9.712006e+001
3.970232e+003,9.708177e+001
3.970714e+003,9.705259e+001
3.971196e+003,9.703705e+001
3.971678e+003,9.703669e+001
3.972160e+003,9.704945e+001
3.972642e+003,9.707047e+001
3.973125e+003,9.709354e+001
3.973606e+003,9.711304e+001
3.974089e+003,9.712525e+001
3.974571e+003,9.712890e+001
3.975053e+003,9.712523e+001
3.975535e+003,9.711694e+001
3.976017e+003,9.710726e+001
3.976499e+003,9.709938e+001
3.976981e+003,9.709581e+001
3.977463e+003,9.709835e+001
3.977946e+003,9.710810e+001
3.978428e+003,9.712546e+001
3.978910e+003,9.715005e+001
3.979392e+003,9.718066e+001
3.979874e+003,9.721547e+001
3.980356e+003,9.725214e+001
3.980838e+003,9.728829e+001
3.981320e+003,9.732178e+001
3.981802e+003,9.735100e+001
3.982285e+003,9.737517e+001
3.982767e+003,9.739417e+001
3.983249e+003,9.740852e+001
3.983731e+003,9.741892e+001
3.984213e+003,9.742603e+001
3.984695e+003,9.742986e+001
3.985177e+003,9.742970e+001
3.985659e+003,9.742387e+001
3.986142e+003,9.741027e+001
3.986624e+003,9.738718e+001
3.987106e+003,9.735381e+001
3.987588e+003,9.731142e+001
3.988070e+003,9.726348e+001
3.988552e+003,9.721526e+001
3.989034e+003,9.717264e+001
3.989516e+003,9.714065e+001
3.989999e+003,9.712200e+001
3.990481e+003,9.711661e+001
3.990963e+003,9.712169e+001
3.991445e+003,9.713312e+001
3.991927e+003,9.714699e+001
3.992409e+003,9.716076e+001
3.992891e+003,9.717373e+001
3.993373e+003,9.718665e+001
3.993855e+003,9.720060e+001
3.994338e+003,9.721615e+001
3.994820e+003,9.723289e+001
3.995302e+003,9.724955e+001
3.995784e+003,9.726510e+001
3.996266e+003,9.727928e+001
3.996748e+003,9.729299e+001
3.997230e+003,9.730785e+001
3.997712e+003,9.732525e+001
3.998195e+003,9.734538e+001
3.998677e+003,9.736660e+001
3.999159e+003,9.738590e+001
3.999641e+003,9.739999e+001
4.000123e+003,9.740653e+001
