3.996747e+002,0.000000e+000
4.001569e+002,1.003403e+002
4.006390e+002,1.007050e+002
4.011211e+002,1.012010e+002
4.016032e+002,1.018492e+002
4.020853e+002,1.026258e+002
4.025674e+002,1.034662e+002
4.030496e+002,1.042840e+002
4.035317e+002,1.049981e+002
4.040138e+002,1.055517e+002
4.044959e+002,1.059174e+002
4.049780e+002,1.060897e+002
4.054601e+002,1.060767e+002
4.059423e+002,1.058955e+002
4.064244e+002,1.055767e+002
4.069065e+002,1.051682e+002
4.073886e+002,1.047369e+002
4.078707e+002,1.043609e+002
4.083528e+002,1.041174e+002
4.088350e+002,1.040660e+002
4.093171e+002,1.042320e+002
4.097992e+002,1.045948e+002
4.102813e+002,1.050906e+002
4.107634e+002,1.056321e+002
4.112455e+002,1.061391e+002
4.117277e+002,1.065603e+002
4.122098e+002,1.068812e+002
4.126919e+002,1.071149e+002
4.131740e+002,1.072869e+002
4.136561e+002,1.074188e+002
4.141382e+002,1.075198e+002
4.146204e+002,1.075831e+002
4.151025e+002,1.075893e+002
4.155846e+002,1.075085e+002
4.160667e+002,1.073057e+002
4.165488e+002,1.069442e+002
4.170309e+002,1.063997e+002
4.175131e+002,1.056865e+002
4.179952e+002,1.048890e+002
4.184773e+002,1.041701e+002
4.189594e+002,1.037198e+002
4.194415e+002,1.036594e+002
4.199236e+002,1.039781e+002
4.204058e+002,1.045528e+002
4.208879e+002,1.052166e+002
4.213700e+002,1.058206e+002
4.218521e+002,1.062676e+002
4.223342e+002,1.065222e+002
4.228163e+002,1.066083e+002
4.232985e+002,1.065921e+002
4.237806e+002,1.065572e+002
4.242627e+002,1.065730e+002
4.247448e+002,1.066723e+002
4.252269e+002,1.068432e+002
4.257090e+002,1.070428e+002
4.261912e+002,1.072200e+002
4.266733e+002,1.073386e+002
4.271554e+002,1.073861e+002
4.276375e+002,1.073711e+002
4.281196e+002,1.073118e+002
4.286017e+002,1.072265e+002
4.290839e+002,1.071285e+002
4.295660e+002,1.070296e+002
4.300481e+002,1.069457e+002
4.305302e+002,1.069006e+002
4.310123e+002,1.069214e+002
4.314944e+002,1.070276e+002
4.319766e+002,1.072182e+002
4.324587e+002,1.074638e+002
4.329408e+002,1.077090e+002
4.334229e+002,1.078883e+002
4.339050e+002,1.079467e+002
4.343871e+002,1.078607e+002
4.348693e+002,1.076461e+002
4.353514e+002,1.073537e+002
4.358335e+002,1.070525e+002
4.363156e+002,1.068076e+002
4.367977e+002,1.066614e+002
4.372798e+002,1.066258e+002
4.377620e+002,1.066858e+002
4.382441e+002,1.068131e+002
4.387262e+002,1.069772e+002
4.392083e+002,1.071521e+002
4.396904e+002,1.073160e+002
4.401725e+002,1.074494e+002
4.406547e+002,1.075350e+002
4.411368e+002,1.075631e+002
4.416189e+002,1.075377e+002
4.421010e+002,1.074815e+002
4.425831e+002,1.074314e+002
4.430652e+002,1.074281e+002
4.435474e+002,1.075001e+002
4.440295e+002,1.076537e+002
4.445116e+002,1.078699e+002
4.449937e+002,1.081125e+002
4.454758e+002,1.083417e+002
4.459579e+002,1.085272e+002
4.464401e+002,1.086553e+002
4.469222e+002,1.087286e+002
4.474043e+002,1.087595e+002
4.478864e+002,1.087632e+002
4.483685e+002,1.087524e+002
4.488506e+002,1.087369e+002
4.493328e+002,1.087253e+002
4.498149e+002,1.087265e+002
4.502970e+002,1.087479e+002
4.507791e+002,1.087919e+002
4.512612e+002,1.088497e+002
4.517433e+002,1.088997e+002
4.522255e+002,1.089109e+002
4.527076e+002,1.088526e+002
4.531897e+002,1.087057e+002
4.536718e+002,1.084665e+002
4.541539e+002,1.081416e+002
4.546360e+002,1.077356e+002
4.551182e+002,1.072405e+002
4.556003e+002,1.066337e+002
4.560824e+002,1.058864e+002
4.565645e+002,1.049846e+002
4.570466e+002,1.039520e+002
4.575287e+002,1.028620e+002
4.580109e+002,1.018233e+002
4.584930e+002,1.009439e+002
4.589751e+002,1.002950e+002
4.594572e+002,9.989585e+001
4.599393e+002,9.972333e+001
4.604214e+002,9.973434e+001
4.609036e+002,9.988947e+001
4.613857e+002,1.001677e+002
4.618678e+002,1.005691e+002
4.623499e+002,1.011050e+002
4.628320e+002,1.017804e+002
4.633141e+002,1.025786e+002
4.637963e+002,1.034541e+002
4.642784e+002,1.043427e+002
4.647605e+002,1.051797e+002
4.652426e+002,1.059201e+002
4.657247e+002,1.065484e+002
4.662068e+002,1.070786e+002
4.666890e+002,1.075423e+002
4.671711e+002,1.079717e+002
4.676532e+002,1.083853e+002
4.681353e+002,1.087820e+002
4.686174e+002,1.091465e+002
4.690995e+002,1.094619e+002
4.695817e+002,1.097211e+002
4.700638e+002,1.099326e+002
4.705459e+002,1.101187e+002
4.710280e+002,1.103084e+002
4.715101e+002,1.105286e+002
4.719922e+002,1.107963e+002
4.724744e+002,1.111146e+002
4.729565e+002,1.114747e+002
4.734386e+002,1.118602e+002
4.739207e+002,1.122515e+002
4.744028e+002,1.126273e+002
4.748849e+002,1.129647e+002
4.753671e+002,1.132404e+002
4.758492e+002,1.134354e+002
4.763313e+002,1.135410e+002
4.768134e+002,1.135647e+002
4.772955e+002,1.135301e+002
4.777776e+002,1.134705e+002
4.782598e+002,1.134174e+002
4.787419e+002,1.133891e+002
4.792240e+002,1.133854e+002
4.797061e+002,1.133898e+002
4.801882e+002,1.133791e+002
4.806703e+002,1.133358e+002
4.811525e+002,1.132559e+002
4.816346e+002,1.131524e+002
4.821167e+002,1.130501e+002
4.825988e+002,1.129767e+002
4.830809e+002,1.129524e+002
4.835630e+002,1.129835e+002
4.840452e+002,1.130600e+002
4.845273e+002,1.131603e+002
4.850094e+002,1.132583e+002
4.854915e+002,1.133305e+002
4.859736e+002,1.133608e+002
4.864557e+002,1.133428e+002
4.869379e+002,1.132794e+002
4.874200e+002,1.131819e+002
4.879021e+002,1.130672e+002
4.883842e+002,1.129547e+002
4.888663e+002,1.128611e+002
4.893484e+002,1.127968e+002
4.898306e+002,1.127620e+002
4.903127e+002,1.127475e+002
4.907948e+002,1.127383e+002
4.912769e+002,1.127215e+002
4.917590e+002,1.126928e+002
4.922411e+002,1.126604e+002
4.927233e+002,1.126412e+002
4.932054e+002,1.126539e+002
4.936875e+002,1.127087e+002
4.941696e+002,1.128023e+002
4.946517e+002,1.129167e+002
4.951339e+002,1.130270e+002
4.956160e+002,1.131102e+002
4.960981e+002,1.131539e+002
4.965802e+002,1.131587e+002
4.970623e+002,1.131350e+002
4.975444e+002,1.130950e+002
4.980266e+002,1.130452e+002
4.985087e+002,1.129822e+002
4.989908e+002,1.128959e+002
4.994729e+002,1.127753e+002
4.999550e+002,1.126181e+002
5.004371e+002,1.124349e+002
5.009193e+002,1.122496e+002
5.014014e+002,1.120923e+002
5.018835e+002,1.119893e+002
5.023656e+002,1.119523e+002
5.028477e+002,1.119745e+002
5.033299e+002,1.120342e+002
5.038120e+002,1.121049e+002
5.042941e+002,1.121652e+002
5.047762e+002,1.122058e+002
5.052583e+002,1.122294e+002
5.057404e+002,1.122490e+002
5.062226e+002,1.122817e+002
5.067047e+002,1.123438e+002
5.071868e+002,1.124451e+002
5.076689e+002,1.125856e+002
5.081510e+002,1.127546e+002
5.086331e+002,1.129314e+002
5.091153e+002,1.130884e+002
5.095974e+002,1.131962e+002
5.100795e+002,1.132295e+002
5.105616e+002,1.131748e+002
5.110437e+002,1.130357e+002
5.115258e+002,1.128333e+002
5.120079e+002,1.126011e+002
5.124901e+002,1.123749e+002
5.129722e+002,1.121818e+002
5.134543e+002,1.120329e+002
5.139364e+002,1.119214e+002
5.144185e+002,1.118275e+002
5.149006e+002,1.117273e+002
5.153828e+002,1.116020e+002
5.158649e+002,1.114447e+002
5.163470e+002,1.112628e+002
5.168291e+002,1.110744e+002
5.173112e+002,1.109021e+002
5.177933e+002,1.107661e+002
5.182755e+002,1.106796e+002
5.187576e+002,1.106469e+002
5.192397e+002,1.106642e+002
5.197218e+002,1.107214e+002
5.202039e+002,1.108026e+002
5.206860e+002,1.108870e+002
5.211682e+002,1.109496e+002
5.216503e+002,1.109647e+002
5.221324e+002,1.109109e+002
5.226145e+002,1.107762e+002
5.230966e+002,1.105613e+002
5.235787e+002,1.102790e+002
5.240609e+002,1.099504e+002
5.245430e+002,1.095990e+002
5.250251e+002,1.092443e+002
5.255072e+002,1.088959e+002
5.259893e+002,1.085537e+002
5.264714e+002,1.082097e+002
5.269536e+002,1.078541e+002
5.274357e+002,1.074796e+002
5.279178e+002,1.070847e+002
5.283999e+002,1.066721e+002
5.288821e+002,1.062472e+002
5.293641e+002,1.058153e+002
5.298463e+002,1.053808e+002
5.303284e+002,1.049484e+002
5.308105e+002,1.045246e+002
5.312926e+002,1.041191e+002
5.317748e+002,1.037450e+002
5.322568e+002,1.034168e+002
5.327390e+002,1.031485e+002
5.332211e+002,1.029499e+002
5.337032e+002,1.028261e+002
5.341853e+002,1.027774e+002
5.346675e+002,1.028009e+002
5.351495e+002,1.028925e+002
5.356317e+002,1.030480e+002
5.361138e+002,1.032626e+002
5.365959e+002,1.035297e+002
5.370780e+002,1.038399e+002
5.375602e+002,1.041815e+002
5.380422e+002,1.045428e+002
5.385244e+002,1.049142e+002
5.390065e+002,1.052895e+002
5.394886e+002,1.056655e+002
5.399707e+002,1.060390e+002
5.404529e+002,1.064034e+002
5.409349e+002,1.067470e+002
5.414171e+002,1.070536e+002
5.418992e+002,1.073061e+002
5.423813e+002,1.074912e+002
5.428634e+002,1.076034e+002
5.433456e+002,1.076469e+002
5.438276e+002,1.076340e+002
5.443098e+002,1.075832e+002
5.447919e+002,1.075141e+002
5.452740e+002,1.074446e+002
5.457561e+002,1.073881e+002
5.462383e+002,1.073523e+002
5.467203e+002,1.073389e+002
5.472025e+002,1.073450e+002
5.476846e+002,1.073644e+002
5.481667e+002,1.073904e+002
5.486488e+002,1.074178e+002
5.491310e+002,1.074451e+002
5.496130e+002,1.074747e+002
5.500952e+002,1.075121e+002
5.505773e+002,1.075622e+002
5.510594e+002,1.076257e+002
5.515415e+002,1.076962e+002
5.520237e+002,1.077606e+002
5.525057e+002,1.078019e+002
5.529879e+002,1.078058e+002
5.534700e+002,1.077658e+002
5.539521e+002,1.076873e+002
5.544342e+002,1.075858e+002
5.549164e+002,1.074820e+002
5.553984e+002,1.073948e+002
5.558806e+002,1.073346e+002
5.563627e+002,1.073014e+002
5.568448e+002,1.072868e+002
5.573269e+002,1.072787e+002
5.578091e+002,1.072679e+002
5.582911e+002,1.072509e+002
5.587733e+002,1.072304e+002
5.592554e+002,1.072118e+002
5.597375e+002,1.071990e+002
5.602196e+002,1.071917e+002
5.607018e+002,1.071855e+002
5.611838e+002,1.071746e+002
5.616660e+002,1.071553e+002
5.621481e+002,1.071283e+002
5.626302e+002,1.070985e+002
5.631123e+002,1.070723e+002
5.635945e+002,1.070541e+002
5.640765e+002,1.070441e+002
5.645587e+002,1.070386e+002
5.650408e+002,1.070326e+002
5.655229e+002,1.070232e+002
5.660050e+002,1.070116e+002
5.664872e+002,1.070025e+002
5.669692e+002,1.070018e+002
5.674514e+002,1.070128e+002
5.679335e+002,1.070338e+002
5.684156e+002,1.070589e+002
5.688977e+002,1.070805e+002
5.693799e+002,1.070927e+002
5.698619e+002,1.070940e+002
5.703441e+002,1.070869e+002
5.708262e+002,1.070749e+002
5.713083e+002,1.070600e+002
5.717904e+002,1.070400e+002
5.722726e+002,1.070098e+002
5.727546e+002,1.069638e+002
5.732368e+002,1.069003e+002
5.737189e+002,1.068227e+002
5.742010e+002,1.067396e+002
5.746831e+002,1.066614e+002
5.751653e+002,1.065959e+002
5.756473e+002,1.065447e+002
5.761295e+002,1.065024e+002
5.766116e+002,1.064590e+002
5.770938e+002,1.064053e+002
5.775758e+002,1.063357e+002
5.780580e+002,1.062507e+002
5.785400e+002,1.061547e+002
5.790222e+002,1.060532e+002
5.795043e+002,1.059494e+002
5.799865e+002,1.058430e+002
5.804685e+002,1.057308e+002
5.809507e+002,1.056083e+002
5.814327e+002,1.054716e+002
5.819149e+002,1.053176e+002
5.823970e+002,1.051427e+002
5.828792e+002,1.049404e+002
5.833612e+002,1.047005e+002
5.838434e+002,1.044085e+002
5.843254e+002,1.040473e+002
5.848076e+002,1.035976e+002
5.852897e+002,1.030367e+002
5.857719e+002,1.023357e+002
5.862539e+002,1.014554e+002
5.867361e+002,1.003471e+002
5.872181e+002,9.896405e+001
5.877003e+002,9.726218e+001
5.881824e+002,9.523424e+001
5.886646e+002,9.292877e+001
5.891466e+002,9.046434e+001
5.896288e+002,8.802980e+001
5.901108e+002,8.586481e+001
5.905930e+002,8.422153e+001
5.910751e+002,8.331323e+001
5.915573e+002,8.326295e+001
5.920393e+002,8.406948e+001
5.925215e+002,8.560492e+001
5.930035e+002,8.764603e+001
5.934857e+002,8.992802e+001
5.939678e+002,9.220152e+001
5.944500e+002,9.427560e+001
5.949320e+002,9.603859e+001
5.954142e+002,9.745649e+001
5.958962e+002,9.855496e+001
5.963784e+002,9.939327e+001
5.968605e+002,1.000384e+002
5.973427e+002,1.005465e+002
5.978247e+002,1.009541e+002
5.983069e+002,1.012783e+002
5.987889e+002,1.015218e+002
5.992711e+002,1.016796e+002
5.997532e+002,1.017431e+002
6.002354e+002,1.017005e+002
6.007174e+002,1.015367e+002
6.011996e+002,1.012330e+002
6.016816e+002,1.007710e+002
6.021638e+002,1.001396e+002
6.026459e+002,9.934529e+001
6.031281e+002,9.842051e+001
6.036101e+002,9.742788e+001
6.040923e+002,9.645633e+001
6.045743e+002,9.560882e+001
6.050565e+002,9.498466e+001
6.055386e+002,9.466031e+001
6.060208e+002,9.467505e+001
6.065029e+002,9.502503e+001
6.069850e+002,9.566704e+001
6.074671e+002,9.652970e+001
6.079492e+002,9.752886e+001
6.084313e+002,9.858187e+001
6.089135e+002,9.961872e+001
6.093956e+002,1.005875e+002
6.098777e+002,1.014553e+002
6.103598e+002,1.022060e+002
6.108419e+002,1.028362e+002
6.113240e+002,1.033518e+002
6.118062e+002,1.037645e+002
6.122883e+002,1.040891e+002
6.127704e+002,1.043418e+002
6.132525e+002,1.045382e+002
6.137346e+002,1.046925e+002
6.142167e+002,1.048169e+002
6.146989e+002,1.049217e+002
6.151810e+002,1.050153e+002
6.156631e+002,1.051040e+002
6.161452e+002,1.051914e+002
6.166273e+002,1.052774e+002
6.171094e+002,1.053583e+002
6.175916e+002,1.054279e+002
6.180737e+002,1.054808e+002
6.185558e+002,1.055149e+002
6.190379e+002,1.055328e+002
6.195200e+002,1.055416e+002
6.200021e+002,1.055504e+002
6.204843e+002,1.055679e+002
6.209664e+002,1.055997e+002
6.214485e+002,1.056460e+002
6.219306e+002,1.057020e+002
6.224127e+002,1.057594e+002
6.228948e+002,1.058094e+002
6.233770e+002,1.058464e+002
6.238591e+002,1.058686e+002
6.243412e+002,1.058787e+002
6.248233e+002,1.058813e+002
6.253054e+002,1.058812e+002
6.257875e+002,1.058806e+002
6.262697e+002,1.058796e+002
6.267518e+002,1.058764e+002
6.272339e+002,1.058692e+002
6.277160e+002,1.058575e+002
6.281981e+002,1.058429e+002
6.286802e+002,1.058278e+002
6.291624e+002,1.058155e+002
6.296445e+002,1.058086e+002
6.301266e+002,1.058085e+002
6.306087e+002,1.058163e+002
6.310908e+002,1.058319e+002
6.315729e+002,1.058546e+002
6.320551e+002,1.058824e+002
6.325372e+002,1.059114e+002
6.330193e+002,1.059366e+002
6.335014e+002,1.059524e+002
6.339835e+002,1.059547e+002
6.344656e+002,1.059421e+002
6.349478e+002,1.059167e+002
6.354299e+002,1.058828e+002
6.359120e+002,1.058448e+002
6.363941e+002,1.058053e+002
6.368762e+002,1.057639e+002
6.373583e+002,1.057187e+002
6.378405e+002,1.056687e+002
6.383226e+002,1.056165e+002
6.388047e+002,1.055695e+002
6.392868e+002,1.055386e+002
6.397689e+002,1.055342e+002
6.402510e+002,1.055617e+002
6.407332e+002,1.056182e+002
6.412153e+002,1.056924e+002
6.416974e+002,1.057685e+002
6.421795e+002,1.058307e+002
6.426616e+002,1.058693e+002
6.431437e+002,1.058822e+002
6.436259e+002,1.058743e+002
6.441080e+002,1.058534e+002
6.445901e+002,1.058264e+002
6.450722e+002,1.057958e+002
6.455543e+002,1.057602e+002
6.460364e+002,1.057165e+002
6.465186e+002,1.056637e+002
6.470007e+002,1.056053e+002
6.474828e+002,1.055489e+002
6.479649e+002,1.055038e+002
6.484470e+002,1.054773e+002
6.489291e+002,1.054714e+002
6.494113e+002,1.054823e+002
6.498934e+002,1.055022e+002
6.503755e+002,1.055211e+002
6.508576e+002,1.055302e+002
6.513397e+002,1.055235e+002
6.518218e+002,1.054983e+002
6.523040e+002,1.054552e+002
6.527861e+002,1.053979e+002
6.532682e+002,1.053326e+002
6.537503e+002,1.052677e+002
6.542324e+002,1.052121e+002
6.547145e+002,1.051733e+002
6.551967e+002,1.051545e+002
6.556788e+002,1.051527e+002
6.561609e+002,1.051578e+002
6.566430e+002,1.051560e+002
6.571251e+002,1.051338e+002
6.576072e+002,1.050834e+002
6.580894e+002,1.050051e+002
6.585715e+002,1.049072e+002
6.590536e+002,1.048019e+002
6.595357e+002,1.046990e+002
6.600178e+002,1.046017e+002
6.604999e+002,1.045046e+002
6.609821e+002,1.043965e+002
6.614642e+002,1.042652e+002
6.619463e+002,1.041015e+002
6.624284e+002,1.039012e+002
6.629105e+002,1.036621e+002
6.633926e+002,1.033794e+002
6.638748e+002,1.030400e+002
6.643569e+002,1.026211e+002
6.648390e+002,1.020924e+002
6.653211e+002,1.014232e+002
6.658032e+002,1.005935e+002
6.662853e+002,9.960783e+001
6.667675e+002,9.851266e+001
6.672496e+002,9.740406e+001
6.677317e+002,9.640139e+001
6.682138e+002,9.557424e+001
6.686959e+002,9.488787e+001
6.691780e+002,9.423991e+001
6.696602e+002,9.351411e+001
6.701423e+002,9.258575e+001
6.706244e+002,9.132848e+001
6.711065e+002,8.963610e+001
6.715886e+002,8.744577e+001
6.720707e+002,8.475950e+001
6.725529e+002,8.166228e+001
6.730350e+002,7.832757e+001
6.735171e+002,7.500165e+001
6.739992e+002,7.196883e+001
6.744813e+002,6.951044e+001
6.749634e+002,6.786919e+001
6.754456e+002,6.722062e+001
6.759277e+002,6.764841e+001
6.764098e+002,6.912634e+001
6.768919e+002,7.151695e+001
6.773740e+002,7.459536e+001
6.778561e+002,7.809399e+001
6.783383e+002,8.175128e+001
6.788204e+002,8.534618e+001
6.793025e+002,8.871207e+001
6.797846e+002,9.173459e+001
6.802667e+002,9.434459e+001
6.807488e+002,9.651263e+001
6.812310e+002,9.824654e+001
6.817131e+002,9.958732e+001
6.821952e+002,1.006010e+002
6.826773e+002,1.013652e+002
6.831594e+002,1.019544e+002
6.836415e+002,1.024268e+002
6.841237e+002,1.028166e+002
6.846058e+002,1.031331e+002
6.850879e+002,1.033643e+002
6.855700e+002,1.034834e+002
6.860521e+002,1.034536e+002
6.865342e+002,1.032317e+002
6.870164e+002,1.027711e+002
6.874985e+002,1.020286e+002
6.879806e+002,1.009771e+002
6.884627e+002,9.962227e+001
6.889448e+002,9.801936e+001
6.894269e+002,9.628016e+001
6.899091e+002,9.456790e+001
6.903912e+002,9.307742e+001
6.908733e+002,9.200288e+001
6.913554e+002,9.149937e+001
6.918375e+002,9.164689e+001
6.923196e+002,9.242915e+001
6.928018e+002,9.373549e+001
6.932839e+002,9.538786e+001
6.937660e+002,9.718320e+001
6.942481e+002,9.893623e+001
6.947302e+002,1.005107e+002
6.952123e+002,1.018318e+002
6.956945e+002,1.028819e+002
6.961766e+002,1.036848e+002
6.966587e+002,1.042859e+002
6.971408e+002,1.047344e+002
6.976229e+002,1.050729e+002
6.981050e+002,1.053333e+002
6.985872e+002,1.055375e+002
6.990693e+002,1.057006e+002
6.995514e+002,1.058331e+002
7.000335e+002,1.059426e+002
7.005156e+002,1.060341e+002
7.009977e+002,1.061107e+002
7.014799e+002,1.061745e+002
7.019620e+002,1.062271e+002
7.024441e+002,1.062705e+002
7.029262e+002,1.063073e+002
7.034083e+002,1.063404e+002
7.038904e+002,1.063717e+002
7.043726e+002,1.064022e+002
7.048547e+002,1.064314e+002
7.053368e+002,1.064580e+002
7.058189e+002,1.064800e+002
7.063010e+002,1.064955e+002
7.067831e+002,1.065024e+002
7.072653e+002,1.064993e+002
7.077474e+002,1.064854e+002
7.082295e+002,1.064619e+002
7.087116e+002,1.064322e+002
7.091937e+002,1.064021e+002
7.096758e+002,1.063789e+002
7.101580e+002,1.063694e+002
7.106401e+002,1.063780e+002
7.111222e+002,1.064052e+002
7.116043e+002,1.064468e+002
7.120864e+002,1.064958e+002
7.125685e+002,1.065444e+002
7.130507e+002,1.065866e+002
7.135328e+002,1.066197e+002
7.140149e+002,1.066447e+002
7.144970e+002,1.066645e+002
7.149791e+002,1.066830e+002
7.154612e+002,1.067029e+002
7.159434e+002,1.067258e+002
7.164255e+002,1.067521e+002
7.169076e+002,1.067814e+002
7.173897e+002,1.068136e+002
7.178718e+002,1.068483e+002
7.183539e+002,1.068839e+002
7.188361e+002,1.069178e+002
7.193182e+002,1.069459e+002
7.198003e+002,1.069637e+002
7.202824e+002,1.069682e+002
7.207645e+002,1.069592e+002
7.212466e+002,1.069394e+002
7.217288e+002,1.069123e+002
7.222109e+002,1.068807e+002
7.226930e+002,1.068450e+002
7.231751e+002,1.068042e+002
7.236572e+002,1.067571e+002
7.241393e+002,1.067045e+002
7.246215e+002,1.066492e+002
7.251036e+002,1.065962e+002
7.255857e+002,1.065504e+002
7.260678e+002,1.065145e+002
7.265499e+002,1.064879e+002
7.270320e+002,1.064669e+002
7.275142e+002,1.064461e+002
7.279963e+002,1.064220e+002
7.284784e+002,1.063934e+002
7.289605e+002,1.063630e+002
7.294426e+002,1.063345e+002
7.299247e+002,1.063108e+002
7.304069e+002,1.062917e+002
7.308890e+002,1.062726e+002
7.313711e+002,1.062456e+002
7.318532e+002,1.062016e+002
7.323353e+002,1.061324e+002
7.328174e+002,1.060310e+002
7.332996e+002,1.058916e+002
7.337817e+002,1.057089e+002
7.342638e+002,1.054781e+002
7.347459e+002,1.051971e+002
7.352280e+002,1.048698e+002
7.357101e+002,1.045102e+002
7.361923e+002,1.041433e+002
7.366744e+002,1.038039e+002
7.371565e+002,1.035297e+002
7.376386e+002,1.033526e+002
7.381207e+002,1.032896e+002
7.386028e+002,1.033372e+002
7.390850e+002,1.034716e+002
7.395671e+002,1.036543e+002
7.400492e+002,1.038430e+002
7.405313e+002,1.040017e+002
7.410134e+002,1.041086e+002
7.414955e+002,1.041600e+002
7.419777e+002,1.041677e+002
7.424598e+002,1.041544e+002
7.429419e+002,1.041462e+002
7.434240e+002,1.041658e+002
7.439061e+002,1.042284e+002
7.443882e+002,1.043388e+002
7.448704e+002,1.044920e+002
7.453525e+002,1.046746e+002
7.458346e+002,1.048685e+002
7.463167e+002,1.050545e+002
7.467988e+002,1.052171e+002
7.472809e+002,1.053474e+002
7.477631e+002,1.054443e+002
7.482452e+002,1.055126e+002
7.487273e+002,1.055601e+002
7.492094e+002,1.055930e+002
7.496915e+002,1.056142e+002
7.501736e+002,1.056221e+002
7.506558e+002,1.056130e+002
7.511379e+002,1.055842e+002
7.516200e+002,1.055364e+002
7.521021e+002,1.054740e+002
7.525842e+002,1.054030e+002
7.530663e+002,1.053273e+002
7.535485e+002,1.052460e+002
7.540306e+002,1.051529e+002
7.545127e+002,1.050396e+002
7.549948e+002,1.048994e+002
7.554769e+002,1.047315e+002
7.559590e+002,1.045420e+002
7.564412e+002,1.043417e+002
7.569233e+002,1.041405e+002
7.574054e+002,1.039430e+002
7.578875e+002,1.037456e+002
7.583696e+002,1.035381e+002
7.588517e+002,1.033062e+002
7.593339e+002,1.030333e+002
7.598160e+002,1.026978e+002
7.602981e+002,1.022675e+002
7.607802e+002,1.016856e+002
7.612623e+002,1.008723e+002
7.617444e+002,9.973225e+001
7.622266e+002,9.817816e+001
7.627087e+002,9.616520e+001
7.631908e+002,9.372808e+001
7.636729e+002,9.100666e+001
7.641550e+002,8.824709e+001
7.646371e+002,8.577108e+001
7.651193e+002,8.391609e+001
7.656014e+002,8.296120e+001
7.660835e+002,8.306177e+001
7.665656e+002,8.421347e+001
7.670477e+002,8.625639e+001
7.675298e+002,8.891465e+001
7.680120e+002,9.185820e+001
7.684941e+002,9.476944e+001
7.689762e+002,9.739813e+001
7.694583e+002,9.959296e+001
7.699404e+002,1.013050e+002
7.704225e+002,1.025671e+002
7.709047e+002,1.034599e+002
7.713868e+002,1.040779e+002
7.718689e+002,1.045059e+002
7.723510e+002,1.048073e+002
7.728331e+002,1.050246e+002
7.733152e+002,1.051840e+002
7.737974e+002,1.053020e+002
7.742795e+002,1.053882e+002
7.747616e+002,1.054472e+002
7.752437e+002,1.054789e+002
7.757258e+002,1.054812e+002
7.762079e+002,1.054522e+002
7.766901e+002,1.053941e+002
7.771722e+002,1.053149e+002
7.776543e+002,1.052269e+002
7.781364e+002,1.051432e+002
7.786185e+002,1.050740e+002
7.791006e+002,1.050234e+002
7.795828e+002,1.049893e+002
7.800649e+002,1.049660e+002
7.805470e+002,1.049471e+002
7.810291e+002,1.049281e+002
7.815112e+002,1.049070e+002
7.819933e+002,1.048821e+002
7.824755e+002,1.048507e+002
7.829576e+002,1.048071e+002
7.834397e+002,1.047438e+002
7.839218e+002,1.046538e+002
7.844039e+002,1.045342e+002
7.848860e+002,1.043874e+002
7.853682e+002,1.042208e+002
7.858503e+002,1.040438e+002
7.863324e+002,1.038640e+002
7.868145e+002,1.036849e+002
7.872966e+002,1.035044e+002
7.877787e+002,1.033180e+002
7.882609e+002,1.031206e+002
7.887430e+002,1.029091e+002
7.892251e+002,1.026832e+002
7.897072e+002,1.024432e+002
7.901893e+002,1.021877e+002
7.906714e+002,1.019111e+002
7.911536e+002,1.016039e+002
7.916357e+002,1.012533e+002
7.921178e+002,1.008465e+002
7.925999e+002,1.003724e+002
7.930820e+002,9.982249e+001
7.935641e+002,9.918970e+001
7.940463e+002,9.846738e+001
7.945284e+002,9.764899e+001
7.950105e+002,9.673045e+001
7.954926e+002,9.571387e+001
7.959747e+002,9.461191e+001
7.964568e+002,9.344972e+001
7.969390e+002,9.226348e+001
7.974211e+002,9.109520e+001
7.979032e+002,8.998515e+001
7.983853e+002,8.896451e+001
7.988674e+002,8.805051e+001
7.993495e+002,8.724480e+001
7.998317e+002,8.653635e+001
8.003138e+002,8.590730e+001
8.007959e+002,8.534067e+001
8.012780e+002,8.482707e+001
8.017601e+002,8.436912e+001
8.022422e+002,8.398180e+001
8.027244e+002,8.368977e+001
8.032065e+002,8.352155e+001
8.036886e+002,8.350409e+001
8.041707e+002,8.365764e+001
8.046528e+002,8.399360e+001
8.051349e+002,8.451409e+001
8.056171e+002,8.521339e+001
8.060992e+002,8.607888e+001
8.065813e+002,8.709143e+001
8.070634e+002,8.822530e+001
8.075455e+002,8.944858e+001
8.080276e+002,9.072494e+001
8.085098e+002,9.201688e+001
8.089919e+002,9.328926e+001
8.094740e+002,9.451234e+001
8.099561e+002,9.566307e+001
8.104382e+002,9.672548e+001
8.109203e+002,9.769022e+001
8.114025e+002,9.855401e+001
8.118846e+002,9.931875e+001
8.123667e+002,9.999050e+001
8.128489e+002,1.005776e+002
8.133309e+002,1.010883e+002
8.138131e+002,1.015298e+002
8.142952e+002,1.019068e+002
8.147773e+002,1.022227e+002
8.152594e+002,1.024813e+002
8.157416e+002,1.026886e+002
8.162236e+002,1.028535e+002
8.167058e+002,1.029868e+002
8.171879e+002,1.030995e+002
8.176700e+002,1.032002e+002
8.181521e+002,1.032931e+002
8.186343e+002,1.033786e+002
8.191163e+002,1.034542e+002
8.195985e+002,1.035168e+002
8.200806e+002,1.035654e+002
8.205627e+002,1.036011e+002
8.210448e+002,1.036276e+002
8.215270e+002,1.036492e+002
8.220090e+002,1.036693e+002
8.224912e+002,1.036896e+002
8.229733e+002,1.037097e+002
8.234554e+002,1.037285e+002
8.239375e+002,1.037446e+002
8.244197e+002,1.037574e+002
8.249017e+002,1.037671e+002
8.253839e+002,1.037742e+002
8.258660e+002,1.037786e+002
8.263481e+002,1.037794e+002
8.268302e+002,1.037754e+002
8.273124e+002,1.037656e+002
8.277944e+002,1.037502e+002
8.282766e+002,1.037308e+002
8.287587e+002,1.037103e+002
8.292408e+002,1.036922e+002
8.297229e+002,1.036798e+002
8.302051e+002,1.036750e+002
8.306871e+002,1.036789e+002
8.311693e+002,1.036907e+002
8.316514e+002,1.037090e+002
8.321335e+002,1.037320e+002
8.326156e+002,1.037579e+002
8.330978e+002,1.037852e+002
8.335798e+002,1.038135e+002
8.340620e+002,1.038430e+002
8.345441e+002,1.038750e+002
8.350262e+002,1.039111e+002
8.355083e+002,1.039525e+002
8.359905e+002,1.039986e+002
8.364725e+002,1.040470e+002
8.369547e+002,1.040923e+002
8.374368e+002,1.041282e+002
8.379189e+002,1.041480e+002
8.384010e+002,1.041471e+002
8.388832e+002,1.041248e+002
8.393652e+002,1.040840e+002
8.398474e+002,1.040310e+002
8.403295e+002,1.039733e+002
8.408116e+002,1.039177e+002
8.412937e+002,1.038686e+002
8.417759e+002,1.038277e+002
8.422579e+002,1.037942e+002
8.427401e+002,1.037657e+002
8.432222e+002,1.037396e+002
8.437043e+002,1.037130e+002
8.441864e+002,1.036834e+002
8.446686e+002,1.036478e+002
8.451506e+002,1.036025e+002
8.456328e+002,1.035434e+002
8.461149e+002,1.034663e+002
8.465970e+002,1.033680e+002
8.470791e+002,1.032465e+002
8.475613e+002,1.031016e+002
8.480433e+002,1.029344e+002
8.485255e+002,1.027459e+002
8.490076e+002,1.025372e+002
8.494897e+002,1.023074e+002
8.499718e+002,1.020542e+002
8.504540e+002,1.017728e+002
8.509360e+002,1.014557e+002
8.514182e+002,1.010921e+002
8.519003e+002,1.006671e+002
8.523824e+002,1.001607e+002
8.528645e+002,9.954771e+001
8.533467e+002,9.879738e+001
8.538287e+002,9.787615e+001
8.543109e+002,9.675179e+001
8.547930e+002,9.540032e+001
8.552751e+002,9.381517e+001
8.557572e+002,9.201725e+001
8.562394e+002,9.006318e+001
8.567214e+002,8.804890e+001
8.572036e+002,8.610452e+001
8.576857e+002,8.437908e+001
8.581678e+002,8.301665e+001
8.586499e+002,8.213066e+001
8.591321e+002,8.178387e+001
8.596141e+002,8.198006e+001
8.600963e+002,8.266898e+001
8.605784e+002,8.376028e+001
8.610605e+002,8.514244e+001
8.615426e+002,8.670077e+001
8.620248e+002,8.833160e+001
8.625068e+002,8.995011e+001
8.629890e+002,9.149135e+001
8.634711e+002,9.290616e+001
8.639532e+002,9.415487e+001
8.644353e+002,9.520190e+001
8.649175e+002,9.601366e+001
8.653995e+002,9.656016e+001
8.658817e+002,9.681867e+001
8.663638e+002,9.677753e+001
8.668459e+002,9.643869e+001
8.673280e+002,9.581886e+001
8.678102e+002,9.495068e+001
8.682922e+002,9.388451e+001
8.687744e+002,9.269058e+001
8.692565e+002,9.145959e+001
8.697386e+002,9.029956e+001
8.702207e+002,8.932774e+001
8.707029e+002,8.865820e+001
8.711849e+002,8.838689e+001
8.716671e+002,8.857751e+001
8.721492e+002,8.925050e+001
8.726313e+002,9.037820e+001
8.731134e+002,9.188850e+001
8.735956e+002,9.367658e+001
8.740776e+002,9.562281e+001
8.745598e+002,9.761127e+001
8.750419e+002,9.954444e+001
8.755240e+002,1.013505e+002
8.760061e+002,1.029849e+002
8.764883e+002,1.044265e+002
8.769703e+002,1.056733e+002
8.774525e+002,1.067370e+002
8.779346e+002,1.076378e+002
8.784167e+002,1.083997e+002
8.788988e+002,1.090457e+002
8.793810e+002,1.095946e+002
8.798630e+002,1.100592e+002
8.803452e+002,1.104476e+002
8.808273e+002,1.107652e+002
8.813094e+002,1.110182e+002
8.817915e+002,1.112159e+002
8.822737e+002,1.113699e+002
8.827557e+002,1.114930e+002
8.832379e+002,1.115966e+002
8.837200e+002,1.116882e+002
8.842021e+002,1.117710e+002
8.846842e+002,1.118452e+002
8.851664e+002,1.119099e+002
8.856484e+002,1.119647e+002
8.861306e+002,1.120108e+002
8.866127e+002,1.120495e+002
8.870948e+002,1.120815e+002
8.875769e+002,1.121054e+002
8.880591e+002,1.121179e+002
8.885411e+002,1.121154e+002
8.890233e+002,1.120960e+002
8.895054e+002,1.120608e+002
8.899875e+002,1.120137e+002
8.904696e+002,1.119610e+002
8.909518e+002,1.119084e+002
8.914338e+002,1.118596e+002
8.919160e+002,1.118156e+002
8.923981e+002,1.117745e+002
8.928802e+002,1.117335e+002
8.933623e+002,1.116898e+002
8.938445e+002,1.116418e+002
8.943265e+002,1.115890e+002
8.948087e+002,1.115313e+002
8.952908e+002,1.114690e+002
8.957729e+002,1.114019e+002
8.962550e+002,1.113303e+002
8.967372e+002,1.112547e+002
8.972192e+002,1.111761e+002
8.977014e+002,1.110955e+002
8.981835e+002,1.110137e+002
8.986656e+002,1.109298e+002
8.991477e+002,1.108421e+002
8.996299e+002,1.107478e+002
9.001119e+002,1.106447e+002
9.005941e+002,1.105314e+002
9.010762e+002,1.104080e+002
9.015583e+002,1.102754e+002
9.020404e+002,1.101349e+002
9.025226e+002,1.099872e+002
9.030046e+002,1.098328e+002
9.034868e+002,1.096719e+002
9.039689e+002,1.095053e+002
9.044510e+002,1.093341e+002
9.049331e+002,1.091595e+002
9.054153e+002,1.089808e+002
9.058973e+002,1.087950e+002
9.063795e+002,1.085959e+002
9.068616e+002,1.083757e+002
9.073438e+002,1.081260e+002
9.078258e+002,1.078415e+002
9.083080e+002,1.075204e+002
9.087900e+002,1.071649e+002
9.092722e+002,1.067794e+002
9.097543e+002,1.063677e+002
9.102365e+002,1.059307e+002
9.107185e+002,1.054651e+002
9.112007e+002,1.049635e+002
9.116828e+002,1.044163e+002
9.121649e+002,1.038134e+002
9.126470e+002,1.031460e+002
9.131292e+002,1.024073e+002
9.136113e+002,1.015927e+002
9.140934e+002,1.006990e+002
9.145755e+002,9.972377e+001
9.150576e+002,9.866503e+001
9.155397e+002,9.752103e+001
9.160219e+002,9.629029e+001
9.165040e+002,9.497177e+001
9.169861e+002,9.356599e+001
9.174682e+002,9.207672e+001
9.179503e+002,9.051292e+001
9.184324e+002,8.889099e+001
9.189146e+002,8.723544e+001
9.193967e+002,8.557806e+001
9.198788e+002,8.395545e+001
9.203609e+002,8.240559e+001
9.208430e+002,8.096510e+001
9.213251e+002,7.966739e+001
9.218073e+002,7.854177e+001
9.222894e+002,7.761245e+001
9.227715e+002,7.689684e+001
9.232536e+002,7.640301e+001
9.237357e+002,7.612745e+001
9.242178e+002,7.605393e+001
9.247000e+002,7.615486e+001
9.251821e+002,7.639415e+001
9.256642e+002,7.673132e+001
9.261463e+002,7.712562e+001
9.266284e+002,7.753996e+001
9.271105e+002,7.794405e+001
9.275927e+002,7.831725e+001
9.280748e+002,7.865076e+001
9.285569e+002,7.894901e+001
9.290390e+002,7.923000e+001
9.295211e+002,7.952395e+001
9.300032e+002,7.987054e+001
9.304854e+002,8.031412e+001
9.309675e+002,8.089799e+001
9.314496e+002,8.165799e+001
9.319317e+002,8.261690e+001
9.324138e+002,8.378069e+001
9.328959e+002,8.513704e+001
9.333781e+002,8.665598e+001
9.338602e+002,8.829315e+001
9.343423e+002,8.999504e+001
9.348244e+002,9.170607e+001
9.353065e+002,9.337614e+001
9.357886e+002,9.496685e+001
9.362708e+002,9.645436e+001
9.367529e+002,9.782858e+001
9.372350e+002,9.908930e+001
9.377171e+002,1.002415e+002
9.381992e+002,1.012914e+002
9.386813e+002,1.022447e+002
9.391635e+002,1.031065e+002
9.396456e+002,1.038824e+002
9.401277e+002,1.045785e+002
9.406098e+002,1.052018e+002
9.410919e+002,1.057592e+002
9.415740e+002,1.062565e+002
9.420562e+002,1.066992e+002
9.425383e+002,1.070923e+002
9.430204e+002,1.074414e+002
9.435025e+002,1.077530e+002
9.439846e+002,1.080328e+002
9.444667e+002,1.082850e+002
9.449489e+002,1.085108e+002
9.454310e+002,1.087080e+002
9.459131e+002,1.088730e+002
9.463952e+002,1.090031e+002
9.468773e+002,1.090984e+002
9.473594e+002,1.091637e+002
9.478416e+002,1.092070e+002
9.483237e+002,1.092376e+002
9.488058e+002,1.092635e+002
9.492879e+002,1.092893e+002
9.497700e+002,1.093162e+002
9.502521e+002,1.093427e+002
9.507343e+002,1.093662e+002
9.512164e+002,1.093847e+002
9.516985e+002,1.093972e+002
9.521806e+002,1.094035e+002
9.526627e+002,1.094041e+002
9.531448e+002,1.093995e+002
9.536270e+002,1.093906e+002
9.541091e+002,1.093793e+002
9.545912e+002,1.093684e+002
9.550733e+002,1.093606e+002
9.555554e+002,1.093575e+002
9.560375e+002,1.093581e+002
9.565197e+002,1.093587e+002
9.570018e+002,1.093540e+002
9.574839e+002,1.093393e+002
9.579660e+002,1.093134e+002
9.584481e+002,1.092793e+002
9.589302e+002,1.092442e+002
9.594124e+002,1.092168e+002
9.598945e+002,1.092036e+002
9.603766e+002,1.092071e+002
9.608587e+002,1.092247e+002
9.613408e+002,1.092508e+002
9.618229e+002,1.092791e+002
9.623051e+002,1.093057e+002
9.627872e+002,1.093300e+002
9.632693e+002,1.093537e+002
9.637514e+002,1.093788e+002
9.642335e+002,1.094056e+002
9.647156e+002,1.094317e+002
9.651978e+002,1.094536e+002
9.656799e+002,1.094683e+002
9.661620e+002,1.094759e+002
9.666441e+002,1.094798e+002
9.671262e+002,1.094860e+002
9.676083e+002,1.094996e+002
9.680905e+002,1.095237e+002
9.685726e+002,1.095575e+002
9.690547e+002,1.095976e+002
9.695368e+002,1.096397e+002
9.700189e+002,1.096807e+002
9.705010e+002,1.097192e+002
9.709832e+002,1.097548e+002
9.714653e+002,1.097867e+002
9.719474e+002,1.098123e+002
9.724295e+002,1.098282e+002
9.729116e+002,1.098315e+002
9.733937e+002,1.098227e+002
9.738759e+002,1.098071e+002
9.743580e+002,1.097935e+002
9.748401e+002,1.097913e+002
9.753222e+002,1.098061e+002
9.758043e+002,1.098370e+002
9.762864e+002,1.098763e+002
9.767686e+002,1.099122e+002
9.772507e+002,1.099336e+002
9.777328e+002,1.099344e+002
9.782149e+002,1.099148e+002
9.786970e+002,1.098801e+002
9.791791e+002,1.098369e+002
9.796613e+002,1.097894e+002
9.801434e+002,1.097378e+002
9.806255e+002,1.096793e+002
9.811076e+002,1.096112e+002
9.815897e+002,1.095338e+002
9.820718e+002,1.094510e+002
9.825540e+002,1.093685e+002
9.830361e+002,1.092898e+002
9.835182e+002,1.092125e+002
9.840003e+002,1.091271e+002
9.844824e+002,1.090183e+002
9.849645e+002,1.088693e+002
9.854467e+002,1.086656e+002
9.859288e+002,1.083976e+002
9.864109e+002,1.080598e+002
9.868930e+002,1.076490e+002
9.873751e+002,1.071626e+002
9.878572e+002,1.066001e+002
9.883394e+002,1.059658e+002
9.888215e+002,1.052736e+002
9.893036e+002,1.045491e+002
9.897857e+002,1.038269e+002
9.902678e+002,1.031429e+002
9.907499e+002,1.025237e+002
9.912321e+002,1.019757e+002
9.917142e+002,1.014787e+002
9.921963e+002,1.009829e+002
9.926784e+002,1.004114e+002
9.931605e+002,9.966521e+001
9.936426e+002,9.862875e+001
9.941248e+002,9.717790e+001
9.946069e+002,9.519175e+001
9.950890e+002,9.257272e+001
9.955711e+002,8.927630e+001
9.960532e+002,8.534621e+001
9.965353e+002,8.094485e+001
9.970175e+002,7.636464e+001
9.974996e+002,7.200951e+001
9.979817e+002,6.834325e+001
9.984638e+002,6.581310e+001
9.989459e+002,6.476401e+001
9.994280e+002,6.536436e+001
9.999102e+002,6.756386e+001
1.000392e+003,7.109847e+001
1.000874e+003,7.554579e+001
1.001357e+003,8.041640e+001
1.001839e+003,8.525367e+001
1.002321e+003,8.971274e+001
1.002803e+003,9.359902e+001
1.003285e+003,9.686314e+001
1.003767e+003,9.956338e+001
1.004249e+003,1.018131e+002
1.004731e+003,1.037314e+002
1.005213e+003,1.054102e+002
1.005696e+003,1.069020e+002
1.006178e+003,1.082245e+002
1.006660e+003,1.093752e+002
1.007142e+003,1.103465e+002
1.007624e+003,1.111361e+002
1.008106e+003,1.117514e+002
1.008588e+003,1.122095e+002
1.009070e+003,1.125343e+002
1.009552e+003,1.127534e+002
1.010035e+003,1.128959e+002
1.010517e+003,1.129900e+002
1.010999e+003,1.130616e+002
1.011481e+003,1.131310e+002
1.011963e+003,1.132115e+002
1.012445e+003,1.133079e+002
1.012927e+003,1.134169e+002
1.013409e+003,1.135304e+002
1.013892e+003,1.136383e+002
1.014374e+003,1.137320e+002
1.014856e+003,1.138063e+002
1.015338e+003,1.138601e+002
1.015820e+003,1.138952e+002
1.016302e+003,1.139155e+002
1.016784e+003,1.139250e+002
1.017266e+003,1.139271e+002
1.017748e+003,1.139244e+002
1.018231e+003,1.139177e+002
1.018713e+003,1.139067e+002
1.019195e+003,1.138897e+002
1.019677e+003,1.138639e+002
1.020159e+003,1.138265e+002
1.020641e+003,1.137748e+002
1.021123e+003,1.137075e+002
1.021605e+003,1.136243e+002
1.022088e+003,1.135263e+002
1.022570e+003,1.134157e+002
1.023052e+003,1.132956e+002
1.023534e+003,1.131706e+002
1.024016e+003,1.130461e+002
1.024498e+003,1.129285e+002
1.024980e+003,1.128241e+002
1.025462e+003,1.127375e+002
1.025944e+003,1.126706e+002
1.026427e+003,1.126214e+002
1.026909e+003,1.125846e+002
1.027391e+003,1.125531e+002
1.027873e+003,1.125205e+002
1.028355e+003,1.124832e+002
1.028837e+003,1.124416e+002
1.029319e+003,1.123995e+002
1.029801e+003,1.123618e+002
1.030283e+003,1.123322e+002
1.030766e+003,1.123115e+002
1.031248e+003,1.122965e+002
1.031730e+003,1.122821e+002
1.032212e+003,1.122631e+002
1.032694e+003,1.122362e+002
1.033176e+003,1.122013e+002
1.033658e+003,1.121606e+002
1.034140e+003,1.121178e+002
1.034623e+003,1.120756e+002
1.035105e+003,1.120353e+002
1.035587e+003,1.119965e+002
1.036069e+003,1.119575e+002
1.036551e+003,1.119167e+002
1.037033e+003,1.118733e+002
1.037515e+003,1.118271e+002
1.037997e+003,1.117782e+002
1.038479e+003,1.117266e+002
1.038962e+003,1.116720e+002
1.039444e+003,1.116138e+002
1.039926e+003,1.115513e+002
1.040408e+003,1.114843e+002
1.040890e+003,1.114127e+002
1.041372e+003,1.113363e+002
1.041854e+003,1.112546e+002
1.042336e+003,1.111669e+002
1.042819e+003,1.110729e+002
1.043301e+003,1.109733e+002
1.043783e+003,1.108699e+002
1.044265e+003,1.107651e+002
1.044747e+003,1.106612e+002
1.045229e+003,1.105587e+002
1.045711e+003,1.104555e+002
1.046193e+003,1.103478e+002
1.046676e+003,1.102308e+002
1.047158e+003,1.101011e+002
1.047640e+003,1.099580e+002
1.048122e+003,1.098040e+002
1.048604e+003,1.096442e+002
1.049086e+003,1.094839e+002
1.049568e+003,1.093275e+002
1.050050e+003,1.091766e+002
1.050532e+003,1.090306e+002
1.051015e+003,1.088879e+002
1.051497e+003,1.087472e+002
1.051979e+003,1.086084e+002
1.052461e+003,1.084727e+002
1.052943e+003,1.083415e+002
1.053425e+003,1.082153e+002
1.053907e+003,1.080933e+002
1.054389e+003,1.079738e+002
1.054871e+003,1.078552e+002
1.055354e+003,1.077376e+002
1.055836e+003,1.076231e+002
1.056318e+003,1.075151e+002
1.056800e+003,1.074165e+002
1.057282e+003,1.073277e+002
1.057764e+003,1.072451e+002
1.058246e+003,1.071613e+002
1.058728e+003,1.070670e+002
1.059210e+003,1.069535e+002
1.059693e+003,1.068146e+002
1.060175e+003,1.066480e+002
1.060657e+003,1.064537e+002
1.061139e+003,1.062330e+002
1.061621e+003,1.059865e+002
1.062103e+003,1.057129e+002
1.062585e+003,1.054094e+002
1.063067e+003,1.050720e+002
1.063550e+003,1.046969e+002
1.064032e+003,1.042806e+002
1.064514e+003,1.038200e+002
1.064996e+003,1.033110e+002
1.065478e+003,1.027487e+002
1.065960e+003,1.021273e+002
1.066442e+003,1.014414e+002
1.066924e+003,1.006879e+002
1.067406e+003,9.986765e+001
1.067889e+003,9.898631e+001
1.068371e+003,9.805441e+001
1.068853e+003,9.708561e+001
1.069335e+003,9.609458e+001
1.069817e+003,9.509415e+001
1.070299e+003,9.409308e+001
1.070781e+003,9.309448e+001
1.071263e+003,9.209549e+001
1.071746e+003,9.108752e+001
1.072228e+003,9.005753e+001
1.072710e+003,8.898914e+001
1.073192e+003,8.786429e+001
1.073674e+003,8.666569e+001
1.074156e+003,8.537991e+001
1.074638e+003,8.400129e+001
1.075120e+003,8.253530e+001
1.075603e+003,8.100127e+001
1.076085e+003,7.943294e+001
1.076567e+003,7.787713e+001
1.077049e+003,7.639021e+001
1.077531e+003,7.503375e+001
1.078013e+003,7.386988e+001
1.078495e+003,7.295766e+001
1.078977e+003,7.235017e+001
1.079459e+003,7.209109e+001
1.079942e+003,7.220989e+001
1.080424e+003,7.271555e+001
1.080906e+003,7.359068e+001
1.081388e+003,7.479037e+001
1.081870e+003,7.624810e+001
1.082352e+003,7.788889e+001
1.082834e+003,7.964555e+001
1.083316e+003,8.147165e+001
1.083798e+003,8.334658e+001
1.084281e+003,8.527066e+001
1.084763e+003,8.725298e+001
1.085245e+003,8.929711e+001
1.085727e+003,9.139014e+001
1.086209e+003,9.349873e+001
1.086691e+003,9.557288e+001
1.087173e+003,9.755437e+001
1.087655e+003,9.938677e+001
1.088137e+003,1.010239e+002
1.088620e+003,1.024354e+002
1.089102e+003,1.036091e+002
1.089584e+003,1.045505e+002
1.090066e+003,1.052788e+002
1.090548e+003,1.058216e+002
1.091030e+003,1.062085e+002
1.091512e+003,1.064659e+002
1.091994e+003,1.066139e+002
1.092477e+003,1.066654e+002
1.092959e+003,1.066283e+002
1.093441e+003,1.065079e+002
1.093923e+003,1.063108e+002
1.094405e+003,1.060457e+002
1.094887e+003,1.057247e+002
1.095369e+003,1.053613e+002
1.095851e+003,1.049684e+002
1.096333e+003,1.045565e+002
1.096816e+003,1.041322e+002
1.097298e+003,1.036982e+002
1.097780e+003,1.032546e+002
1.098262e+003,1.028007e+002
1.098744e+003,1.023367e+002
1.099226e+003,1.018643e+002
1.099708e+003,1.013865e+002
1.100190e+003,1.009063e+002
1.100673e+003,1.004257e+002
1.101155e+003,9.994418e+001
1.101637e+003,9.945985e+001
1.102119e+003,9.897007e+001
1.102601e+003,9.847314e+001
1.103083e+003,9.796902e+001
1.103565e+003,9.745910e+001
1.104047e+003,9.694479e+001
1.104530e+003,9.642573e+001
1.105012e+003,9.589832e+001
1.105494e+003,9.535586e+001
1.105976e+003,9.478971e+001
1.106458e+003,9.419158e+001
1.106940e+003,9.355534e+001
1.107422e+003,9.287796e+001
1.107904e+003,9.215882e+001
1.108386e+003,9.139815e+001
1.108869e+003,9.059481e+001
1.109351e+003,8.974516e+001
1.109833e+003,8.884293e+001
1.110315e+003,8.788029e+001
1.110797e+003,8.684939e+001
1.111279e+003,8.574341e+001
1.111761e+003,8.455676e+001
1.112243e+003,8.328436e+001
1.112725e+003,8.192069e+001
1.113208e+003,8.045992e+001
1.113690e+003,7.889684e+001
1.114172e+003,7.722976e+001
1.114654e+003,7.546387e+001
1.115136e+003,7.361464e+001
1.115618e+003,7.171018e+001
1.116100e+003,6.979240e+001
1.116582e+003,6.791676e+001
1.117064e+003,6.615105e+001
1.117547e+003,6.457236e+001
1.118029e+003,6.326173e+001
1.118511e+003,6.229506e+001
1.118993e+003,6.172974e+001
1.119475e+003,6.158982e+001
1.119957e+003,6.185380e+001
1.120439e+003,6.245079e+001
1.120921e+003,6.326821e+001
1.121404e+003,6.416990e+001
1.121886e+003,6.501920e+001
1.122368e+003,6.570039e+001
1.122850e+003,6.613290e+001
1.123332e+003,6.627621e+001
1.123814e+003,6.612624e+001
1.124296e+003,6.570631e+001
1.124778e+003,6.505643e+001
1.125260e+003,6.422431e+001
1.125743e+003,6.325998e+001
1.126225e+003,6.221320e+001
1.126707e+003,6.113237e+001
1.127189e+003,6.006264e+001
1.127671e+003,5.904317e+001
1.128153e+003,5.810425e+001
1.128635e+003,5.726633e+001
1.129117e+003,5.654179e+001
1.129600e+003,5.593879e+001
1.130082e+003,5.546523e+001
1.130564e+003,5.513043e+001
1.131046e+003,5.494376e+001
1.131528e+003,5.491112e+001
1.132010e+003,5.503153e+001
1.132492e+003,5.529613e+001
1.132974e+003,5.569031e+001
1.133457e+003,5.619777e+001
1.133939e+003,5.680431e+001
1.134421e+003,5.749915e+001
1.134903e+003,5.827354e+001
1.135385e+003,5.911778e+001
1.135867e+003,6.001886e+001
1.136349e+003,6.096039e+001
1.136831e+003,6.192499e+001
1.137313e+003,6.289772e+001
1.137796e+003,6.386865e+001
1.138278e+003,6.483318e+001
1.138760e+003,6.579016e+001
1.139242e+003,6.673891e+001
1.139724e+003,6.767710e+001
1.140206e+003,6.860035e+001
1.140688e+003,6.950385e+001
1.141170e+003,7.038456e+001
1.141652e+003,7.124284e+001
1.142135e+003,7.208190e+001
1.142617e+003,7.290578e+001
1.143099e+003,7.371667e+001
1.143581e+003,7.451295e+001
1.144063e+003,7.528940e+001
1.144545e+003,7.603893e+001
1.145027e+003,7.675526e+001
1.145509e+003,7.743488e+001
1.145991e+003,7.807755e+001
1.146474e+003,7.868503e+001
1.146956e+003,7.925908e+001
1.147438e+003,7.979983e+001
1.147920e+003,8.030531e+001
1.148402e+003,8.077214e+001
1.148884e+003,8.119727e+001
1.149366e+003,8.157917e+001
1.149848e+003,8.191840e+001
1.150331e+003,8.221701e+001
1.150813e+003,8.247734e+001
1.151295e+003,8.270103e+001
1.151777e+003,8.288876e+001
1.152259e+003,8.304066e+001
1.152741e+003,8.315723e+001
1.153223e+003,8.324007e+001
1.153705e+003,8.329187e+001
1.154188e+003,8.331573e+001
1.154670e+003,8.331417e+001
1.155152e+003,8.328840e+001
1.155634e+003,8.323832e+001
1.156116e+003,8.316324e+001
1.156598e+003,8.306268e+001
1.157080e+003,8.293729e+001
1.157562e+003,8.278835e+001
1.158044e+003,8.261707e+001
1.158527e+003,8.242349e+001
1.159009e+003,8.220569e+001
1.159491e+003,8.196014e+001
1.159973e+003,8.168284e+001
1.160455e+003,8.137091e+001
1.160937e+003,8.102345e+001
1.161419e+003,8.064162e+001
1.161901e+003,8.022738e+001
1.162384e+003,7.978188e+001
1.162866e+003,7.930414e+001
1.163348e+003,7.879095e+001
1.163830e+003,7.823804e+001
1.164312e+003,7.764198e+001
1.164794e+003,7.700189e+001
1.165276e+003,7.631981e+001
1.165758e+003,7.559974e+001
1.166240e+003,7.484557e+001
1.166723e+003,7.405914e+001
1.167205e+003,7.323956e+001
1.167687e+003,7.238417e+001
1.168169e+003,7.149072e+001
1.168651e+003,7.055942e+001
1.169133e+003,6.959399e+001
1.169615e+003,6.860083e+001
1.170097e+003,6.758686e+001
1.170579e+003,6.655730e+001
1.171062e+003,6.551475e+001
1.171544e+003,6.446017e+001
1.172026e+003,6.339539e+001
1.172508e+003,6.232579e+001
1.172990e+003,6.126137e+001
1.173472e+003,6.021582e+001
1.173954e+003,5.920395e+001
1.174436e+003,5.823884e+001
1.174918e+003,5.733084e+001
1.175401e+003,5.648867e+001
1.175883e+003,5.572243e+001
1.176365e+003,5.504643e+001
1.176847e+003,5.447993e+001
1.177329e+003,5.404530e+001
1.177811e+003,5.376396e+001
1.178293e+003,5.365255e+001
1.178775e+003,5.372073e+001
1.179258e+003,5.397174e+001
1.179740e+003,5.440466e+001
1.180222e+003,5.501648e+001
1.180704e+003,5.580214e+001
1.181186e+003,5.675272e+001
1.181668e+003,5.785301e+001
1.182150e+003,5.908058e+001
1.182632e+003,6.040781e+001
1.183115e+003,6.180584e+001
1.183597e+003,6.324910e+001
1.184079e+003,6.471774e+001
1.184561e+003,6.619923e+001
1.185043e+003,6.767937e+001
1.185525e+003,6.914483e+001
1.186007e+003,7.058042e+001
1.186489e+003,7.197023e+001
1.186971e+003,7.330016e+001
1.187454e+003,7.456102e+001
1.187936e+003,7.575044e+001
1.188418e+003,7.687285e+001
1.188900e+003,7.793764e+001
1.189382e+003,7.895678e+001
1.189864e+003,7.994225e+001
1.190346e+003,8.090443e+001
1.190828e+003,8.185146e+001
1.191311e+003,8.278902e+001
1.191793e+003,8.372047e+001
1.192275e+003,8.464668e+001
1.192757e+003,8.556593e+001
1.193239e+003,8.647408e+001
1.193721e+003,8.736515e+001
1.194203e+003,8.823252e+001
1.194685e+003,8.906984e+001
1.195167e+003,8.987181e+001
1.195650e+003,9.063444e+001
1.196132e+003,9.135493e+001
1.196614e+003,9.203184e+001
1.197096e+003,9.266497e+001
1.197578e+003,9.325591e+001
1.198060e+003,9.380781e+001
1.198542e+003,9.432494e+001
1.199024e+003,9.481165e+001
1.199506e+003,9.527106e+001
1.199989e+003,9.570434e+001
1.200471e+003,9.611104e+001
1.200953e+003,9.648987e+001
1.201435e+003,9.684030e+001
1.201917e+003,9.716376e+001
1.202399e+003,9.746368e+001
1.202881e+003,9.774487e+001
1.203363e+003,9.801196e+001
1.203845e+003,9.826810e+001
1.204328e+003,9.851443e+001
1.204810e+003,9.875040e+001
1.205292e+003,9.897497e+001
1.205774e+003,9.918791e+001
1.206256e+003,9.939027e+001
1.206738e+003,9.958431e+001
1.207220e+003,9.977258e+001
1.207702e+003,9.995693e+001
1.208185e+003,1.001379e+002
1.208667e+003,1.003150e+002
1.209149e+003,1.004873e+002
1.209631e+003,1.006541e+002
1.210113e+003,1.008158e+002
1.210595e+003,1.009737e+002
1.211077e+003,1.011296e+002
1.211559e+003,1.012852e+002
1.212042e+003,1.014423e+002
1.212524e+003,1.016022e+002
1.213006e+003,1.017660e+002
1.213488e+003,1.019348e+002
1.213970e+003,1.021086e+002
1.214452e+003,1.022863e+002
1.214934e+003,1.024642e+002
1.215416e+003,1.026368e+002
1.215898e+003,1.027969e+002
1.216381e+003,1.029375e+002
1.216863e+003,1.030534e+002
1.217345e+003,1.031413e+002
1.217827e+003,1.032001e+002
1.218309e+003,1.032294e+002
1.218791e+003,1.032278e+002
1.219273e+003,1.031922e+002
1.219755e+003,1.031178e+002
1.220238e+003,1.029999e+002
1.220720e+003,1.028361e+002
1.221202e+003,1.026283e+002
1.221684e+003,1.023845e+002
1.222166e+003,1.021185e+002
1.222648e+003,1.018488e+002
1.223130e+003,1.015974e+002
1.223612e+003,1.013873e+002
1.224094e+003,1.012395e+002
1.224577e+003,1.011713e+002
1.225059e+003,1.011936e+002
1.225541e+003,1.013097e+002
1.226023e+003,1.015152e+002
1.226505e+003,1.017988e+002
1.226987e+003,1.021445e+002
1.227469e+003,1.025342e+002
1.227951e+003,1.029498e+002
1.228434e+003,1.033764e+002
1.228916e+003,1.038029e+002
1.229398e+003,1.042218e+002
1.229880e+003,1.046286e+002
1.230362e+003,1.050191e+002
1.230844e+003,1.053893e+002
1.231326e+003,1.057344e+002
1.231808e+003,1.060502e+002
1.232291e+003,1.063345e+002
1.232773e+003,1.065879e+002
1.233255e+003,1.068139e+002
1.233737e+003,1.070176e+002
1.234219e+003,1.072042e+002
1.234701e+003,1.073778e+002
1.235183e+003,1.075406e+002
1.235665e+003,1.076939e+002
1.236147e+003,1.078387e+002
1.236630e+003,1.079764e+002
1.237112e+003,1.081085e+002
1.237594e+003,1.082361e+002
1.238076e+003,1.083595e+002
1.238558e+003,1.084775e+002
1.239040e+003,1.085881e+002
1.239522e+003,1.086901e+002
1.240004e+003,1.087837e+002
1.240486e+003,1.088708e+002
1.240969e+003,1.089550e+002
1.241451e+003,1.090396e+002
1.241933e+003,1.091264e+002
1.242415e+003,1.092152e+002
1.242897e+003,1.093044e+002
1.243379e+003,1.093915e+002
1.243861e+003,1.094750e+002
1.244343e+003,1.095547e+002
1.244825e+003,1.096318e+002
1.245308e+003,1.097069e+002
1.245790e+003,1.097802e+002
1.246272e+003,1.098501e+002
1.246754e+003,1.099141e+002
1.247236e+003,1.099700e+002
1.247718e+003,1.100167e+002
1.248200e+003,1.100547e+002
1.248682e+003,1.100855e+002
1.249165e+003,1.101100e+002
1.249647e+003,1.101275e+002
1.250129e+003,1.101351e+002
1.250611e+003,1.101288e+002
1.251093e+003,1.101042e+002
1.251575e+003,1.100579e+002
1.252057e+003,1.099883e+002
1.252539e+003,1.098946e+002
1.253021e+003,1.097768e+002
1.253504e+003,1.096348e+002
1.253986e+003,1.094689e+002
1.254468e+003,1.092816e+002
1.254950e+003,1.090781e+002
1.255432e+003,1.088673e+002
1.255914e+003,1.086599e+002
1.256396e+003,1.084665e+002
1.256878e+003,1.082940e+002
1.257361e+003,1.081437e+002
1.257843e+003,1.080114e+002
1.258325e+003,1.078883e+002
1.258807e+003,1.077641e+002
1.259289e+003,1.076295e+002
1.259771e+003,1.074773e+002
1.260253e+003,1.073027e+002
1.260735e+003,1.071019e+002
1.261218e+003,1.068702e+002
1.261700e+003,1.066014e+002
1.262182e+003,1.062882e+002
1.262664e+003,1.059229e+002
1.263146e+003,1.054978e+002
1.263628e+003,1.050051e+002
1.264110e+003,1.044351e+002
1.264592e+003,1.037743e+002
1.265074e+003,1.030037e+002
1.265557e+003,1.020990e+002
1.266039e+003,1.010323e+002
1.266521e+003,9.977556e+001
1.267003e+003,9.830480e+001
1.267485e+003,9.660488e+001
1.267967e+003,9.467478e+001
1.268449e+003,9.253347e+001
1.268931e+003,9.022539e+001
1.269413e+003,8.782465e+001
1.269896e+003,8.543443e+001
1.270378e+003,8.317975e+001
1.270860e+003,8.119324e+001
1.271342e+003,7.959653e+001
1.271824e+003,7.848254e+001
1.272306e+003,7.790308e+001
1.272788e+003,7.786449e+001
1.273270e+003,7.833086e+001
1.273752e+003,7.923277e+001
1.274235e+003,8.047924e+001
1.274717e+003,8.197072e+001
1.275199e+003,8.361033e+001
1.275681e+003,8.531213e+001
1.276163e+003,8.700470e+001
1.276645e+003,8.863110e+001
1.277127e+003,9.014646e+001
1.277609e+003,9.151575e+001
1.278092e+003,9.271257e+001
1.278574e+003,9.371939e+001
1.279056e+003,9.452814e+001
1.279538e+003,9.513957e+001
1.280020e+003,9.556191e+001
1.280502e+003,9.580775e+001
1.280984e+003,9.589153e+001
1.281466e+003,9.582747e+001
1.281948e+003,9.562848e+001
1.282431e+003,9.530596e+001
1.282913e+003,9.486959e+001
1.283395e+003,9.432745e+001
1.283877e+003,9.368591e+001
1.284359e+003,9.295027e+001
1.284841e+003,9.212565e+001
1.285323e+003,9.121857e+001
1.285805e+003,9.023843e+001
1.286288e+003,8.919868e+001
1.286770e+003,8.811720e+001
1.287252e+003,8.701631e+001
1.287734e+003,8.592226e+001
1.288216e+003,8.486472e+001
1.288698e+003,8.387560e+001
1.289180e+003,8.298756e+001
1.289662e+003,8.223141e+001
1.290145e+003,8.163374e+001
1.290627e+003,8.121455e+001
1.291109e+003,8.098586e+001
1.291591e+003,8.095126e+001
1.292073e+003,8.110613e+001
1.292555e+003,8.143830e+001
1.293037e+003,8.192921e+001
1.293519e+003,8.255562e+001
1.294001e+003,8.329205e+001
1.294484e+003,8.411339e+001
1.294966e+003,8.499706e+001
1.295448e+003,8.592383e+001
1.295930e+003,8.687794e+001
1.296412e+003,8.784621e+001
1.296894e+003,8.881750e+001
1.297376e+003,8.978281e+001
1.297858e+003,9.073557e+001
1.298340e+003,9.167191e+001
1.298823e+003,9.258981e+001
1.299305e+003,9.348759e+001
1.299787e+003,9.436203e+001
1.300269e+003,9.520706e+001
1.300751e+003,9.601414e+001
1.301233e+003,9.677395e+001
1.301715e+003,9.747865e+001
1.302197e+003,9.812343e+001
1.302679e+003,9.870689e+001
1.303162e+003,9.922968e+001
1.303644e+003,9.969276e+001
1.304126e+003,1.000964e+002
1.304608e+003,1.004404e+002
1.305090e+003,1.007255e+002
1.305572e+003,1.009550e+002
1.306054e+003,1.011352e+002
1.306536e+003,1.012744e+002
1.307019e+003,1.013807e+002
1.307501e+003,1.014600e+002
1.307983e+003,1.015143e+002
1.308465e+003,1.015427e+002
1.308947e+003,1.015432e+002
1.309429e+003,1.015147e+002
1.309911e+003,1.014591e+002
1.310393e+003,1.013811e+002
1.310875e+003,1.012874e+002
1.311358e+003,1.011852e+002
1.311840e+003,1.010811e+002
1.312322e+003,1.009799e+002
1.312804e+003,1.008850e+002
1.313286e+003,1.007971e+002
1.313768e+003,1.007150e+002
1.314250e+003,1.006345e+002
1.314732e+003,1.005489e+002
1.315215e+003,1.004502e+002
1.315697e+003,1.003305e+002
1.316179e+003,1.001847e+002
1.316661e+003,1.000121e+002
1.317143e+003,9.981726e+001
1.317625e+003,9.960849e+001
1.318107e+003,9.939494e+001
1.318589e+003,9.918327e+001
1.319072e+003,9.897526e+001
1.319554e+003,9.876768e+001
1.320036e+003,9.855405e+001
1.320518e+003,9.832718e+001
1.321000e+003,9.808157e+001
1.321482e+003,9.781396e+001
1.321964e+003,9.752251e+001
1.322446e+003,9.720528e+001
1.322928e+003,9.685951e+001
1.323411e+003,9.648188e+001
1.323893e+003,9.607001e+001
1.324375e+003,9.562410e+001
1.324857e+003,9.514747e+001
1.325339e+003,9.464539e+001
1.325821e+003,9.412252e+001
1.326303e+003,9.358030e+001
1.326785e+003,9.301511e+001
1.327267e+003,9.241857e+001
1.327750e+003,9.177895e+001
1.328232e+003,9.108364e+001
1.328714e+003,9.032111e+001
1.329196e+003,8.948193e+001
1.329678e+003,8.855904e+001
1.330160e+003,8.754762e+001
1.330642e+003,8.644563e+001
1.331124e+003,8.525473e+001
1.331606e+003,8.398094e+001
1.332089e+003,8.263421e+001
1.332571e+003,8.122639e+001
1.333053e+003,7.976811e+001
1.333535e+003,7.826619e+001
1.334017e+003,7.672278e+001
1.334499e+003,7.513625e+001
1.334981e+003,7.350312e+001
1.335463e+003,7.181959e+001
1.335946e+003,7.008184e+001
1.336428e+003,6.828546e+001
1.336910e+003,6.642552e+001
1.337392e+003,6.449940e+001
1.337874e+003,6.251316e+001
1.338356e+003,6.048993e+001
1.338838e+003,5.847637e+001
1.339320e+003,5.654172e+001
1.339802e+003,5.476739e+001
1.340285e+003,5.323012e+001
1.340767e+003,5.198754e+001
1.341249e+003,5.107335e+001
1.341731e+003,5.050259e+001
1.342213e+003,5.028088e+001
1.342695e+003,5.041066e+001
1.343177e+003,5.089065e+001
1.343659e+003,5.170993e+001
1.344142e+003,5.284098e+001
1.344624e+003,5.423691e+001
1.345106e+003,5.583538e+001
1.345588e+003,5.756819e+001
1.346070e+003,5.937212e+001
1.346552e+003,6.119735e+001
1.347034e+003,6.301182e+001
1.347516e+003,6.480246e+001
1.347999e+003,6.657475e+001
1.348481e+003,6.835075e+001
1.348963e+003,7.016464e+001
1.349445e+003,7.205466e+001
1.349927e+003,7.405167e+001
1.350409e+003,7.616703e+001
1.350891e+003,7.838400e+001
1.351373e+003,8.065650e+001
1.351855e+003,8.291707e+001
1.352338e+003,8.509146e+001
1.352820e+003,8.711475e+001
1.353302e+003,8.894279e+001
1.353784e+003,9.055613e+001
1.354266e+003,9.195644e+001
1.354748e+003,9.315884e+001
1.355230e+003,9.418402e+001
1.355712e+003,9.505276e+001
1.356194e+003,9.578344e+001
1.356677e+003,9.639191e+001
1.357159e+003,9.689167e+001
1.357641e+003,9.729392e+001
1.358123e+003,9.760715e+001
1.358605e+003,9.783755e+001
1.359087e+003,9.799060e+001
1.359569e+003,9.807368e+001
1.360051e+003,9.809885e+001
1.360533e+003,9.808454e+001
1.361016e+003,9.805524e+001
1.361498e+003,9.803825e+001
1.361980e+003,9.805754e+001
1.362462e+003,9.812624e+001
1.362944e+003,9.824146e+001
1.363426e+003,9.838510e+001
1.363908e+003,9.853201e+001
1.364390e+003,9.865987e+001
1.364873e+003,9.875542e+001
1.365355e+003,9.881481e+001
1.365837e+003,9.884004e+001
1.366319e+003,9.883556e+001
1.366801e+003,9.880674e+001
1.367283e+003,9.876012e+001
1.367765e+003,9.870378e+001
1.368247e+003,9.864625e+001
1.368729e+003,9.859361e+001
1.369212e+003,9.854656e+001
1.369694e+003,9.849894e+001
1.370176e+003,9.843893e+001
1.370658e+003,9.835336e+001
1.371140e+003,9.823282e+001
1.371622e+003,9.807661e+001
1.372104e+003,9.789579e+001
1.372586e+003,9.771295e+001
1.373069e+003,9.755835e+001
1.373551e+003,9.746128e+001
1.374033e+003,9.743910e+001
1.374515e+003,9.748917e+001
1.374997e+003,9.758948e+001
1.375479e+003,9.770891e+001
1.375961e+003,9.782018e+001
1.376443e+003,9.790735e+001
1.376926e+003,9.796539e+001
1.377408e+003,9.799539e+001
1.377890e+003,9.799923e+001
1.378372e+003,9.797719e+001
1.378854e+003,9.792877e+001
1.379336e+003,9.785538e+001
1.379818e+003,9.776259e+001
1.380300e+003,9.766018e+001
1.380782e+003,9.755943e+001
1.381265e+003,9.746863e+001
1.381747e+003,9.738943e+001
1.382229e+003,9.731566e+001
1.382711e+003,9.723601e+001
1.383193e+003,9.713940e+001
1.383675e+003,9.702060e+001
1.384157e+003,9.688336e+001
1.384639e+003,9.673962e+001
1.385121e+003,9.660558e+001
1.385604e+003,9.649670e+001
1.386086e+003,9.642232e+001
1.386568e+003,9.638070e+001
1.387050e+003,9.635708e+001
1.387532e+003,9.632714e+001
1.388014e+003,9.626635e+001
1.388496e+003,9.615980e+001
1.388978e+003,9.600693e+001
1.389460e+003,9.581863e+001
1.389943e+003,9.561020e+001
1.390425e+003,9.539463e+001
1.390907e+003,9.517854e+001
1.391389e+003,9.496140e+001
1.391871e+003,9.473708e+001
1.392353e+003,9.449656e+001
1.392835e+003,9.423177e+001
1.393317e+003,9.393873e+001
1.393800e+003,9.361952e+001
1.394282e+003,9.328053e+001
1.394764e+003,9.292794e+001
1.395246e+003,9.256379e+001
1.395728e+003,9.218696e+001
1.396210e+003,9.179762e+001
1.396692e+003,9.140124e+001
1.397174e+003,9.100889e+001
1.397656e+003,9.063457e+001
1.398139e+003,9.029057e+001
1.398621e+003,8.998148e+001
1.399103e+003,8.969852e+001
1.399585e+003,8.941817e+001
1.400067e+003,8.910838e+001
1.400549e+003,8.873868e+001
1.401031e+003,8.828762e+001
1.401513e+003,8.774287e+001
1.401996e+003,8.709678e+001
1.402478e+003,8.634242e+001
1.402960e+003,8.547422e+001
1.403442e+003,8.449333e+001
1.403924e+003,8.341505e+001
1.404406e+003,8.227333e+001
1.404888e+003,8.111797e+001
1.405370e+003,8.000444e+001
1.405853e+003,7.898122e+001
1.406335e+003,7.808064e+001
1.406817e+003,7.731631e+001
1.407299e+003,7.668575e+001
1.407781e+003,7.617503e+001
1.408263e+003,7.576301e+001
1.408745e+003,7.542361e+001
1.409227e+003,7.512673e+001
1.409709e+003,7.483868e+001
1.410192e+003,7.452301e+001
1.410674e+003,7.414318e+001
1.411156e+003,7.366650e+001
1.411638e+003,7.306841e+001
1.412120e+003,7.233517e+001
1.412602e+003,7.146467e+001
1.413084e+003,7.046503e+001
1.413566e+003,6.935224e+001
1.414048e+003,6.814753e+001
1.414531e+003,6.687476e+001
1.415013e+003,6.555777e+001
1.415495e+003,6.421697e+001
1.415977e+003,6.286547e+001
1.416459e+003,6.150476e+001
1.416941e+003,6.012186e+001
1.417423e+003,5.869014e+001
1.417905e+003,5.717690e+001
1.418387e+003,5.555836e+001
1.418870e+003,5.383633e+001
1.419352e+003,5.204326e+001
1.419834e+003,5.022813e+001
1.420316e+003,4.843201e+001
1.420798e+003,4.667110e+001
1.421280e+003,4.493522e+001
1.421762e+003,4.319757e+001
1.422244e+003,4.142982e+001
1.422727e+003,3.961947e+001
1.423209e+003,3.778569e+001
1.423691e+003,3.598537e+001
1.424173e+003,3.430022e+001
1.424655e+003,3.280700e+001
1.425137e+003,3.154849e+001
1.425619e+003,3.052578e+001
1.426101e+003,2.971390e+001
1.426583e+003,2.908599e+001
1.427066e+003,2.863035e+001
1.427548e+003,2.835371e+001
1.428030e+003,2.827156e+001
1.428512e+003,2.839151e+001
1.428994e+003,2.869942e+001
1.429476e+003,2.915778e+001
1.429958e+003,2.971901e+001
1.430440e+003,3.034460e+001
1.430923e+003,3.101647e+001
1.431405e+003,3.173380e+001
1.431887e+003,3.249991e+001
1.432369e+003,3.331045e+001
1.432851e+003,3.415161e+001
1.433333e+003,3.500945e+001
1.433815e+003,3.588526e+001
1.434297e+003,3.680998e+001
1.434780e+003,3.785131e+001
1.435262e+003,3.910459e+001
1.435744e+003,4.065600e+001
1.436226e+003,4.252044e+001
1.436708e+003,4.459441e+001
1.437190e+003,4.668465e+001
1.437672e+003,4.860902e+001
1.438154e+003,5.028350e+001
1.438636e+003,5.173121e+001
1.439119e+003,5.303482e+001
1.439601e+003,5.428254e+001
1.440083e+003,5.553418e+001
1.440565e+003,5.680992e+001
1.441047e+003,5.809715e+001
1.441529e+003,5.936911e+001
1.442011e+003,6.060625e+001
1.442493e+003,6.180937e+001
1.442976e+003,6.299840e+001
1.443458e+003,6.420029e+001
1.443940e+003,6.543572e+001
1.444422e+003,6.671383e+001
1.444904e+003,6.803759e+001
1.445386e+003,6.941488e+001
1.445868e+003,7.086713e+001
1.446350e+003,7.242662e+001
1.446833e+003,7.411904e+001
1.447314e+003,7.593574e+001
1.447797e+003,7.781241e+001
1.448279e+003,7.963612e+001
1.448761e+003,8.128682e+001
1.449243e+003,8.268894e+001
1.449725e+003,8.383851e+001
1.450207e+003,8.479169e+001
1.450689e+003,8.563027e+001
1.451171e+003,8.642589e+001
1.451654e+003,8.721751e+001
1.452136e+003,8.800760e+001
1.452618e+003,8.877496e+001
1.453100e+003,8.949544e+001
1.453582e+003,9.015823e+001
1.454064e+003,9.076952e+001
1.454546e+003,9.134454e+001
1.455028e+003,9.189529e+001
1.455510e+003,9.242387e+001
1.455993e+003,9.292496e+001
1.456475e+003,9.339359e+001
1.456957e+003,9.382777e+001
1.457439e+003,9.422551e+001
1.457921e+003,9.458739e+001
1.458403e+003,9.492385e+001
1.458885e+003,9.525121e+001
1.459367e+003,9.557729e+001
1.459850e+003,9.589228e+001
1.460332e+003,9.617231e+001
1.460814e+003,9.639143e+001
1.461296e+003,9.653384e+001
1.461778e+003,9.659969e+001
1.462260e+003,9.660323e+001
1.462742e+003,9.656586e+001
1.463224e+003,9.650800e+001
1.463707e+003,9.644262e+001
1.464189e+003,9.637213e+001
1.464671e+003,9.628974e+001
1.465153e+003,9.618617e+001
1.465635e+003,9.605849e+001
1.466117e+003,9.591468e+001
1.466599e+003,9.576981e+001
1.467081e+003,9.563676e+001
1.467563e+003,9.551867e+001
1.468046e+003,9.540627e+001
1.468528e+003,9.528055e+001
1.469010e+003,9.511752e+001
1.469492e+003,9.489181e+001
1.469974e+003,9.457841e+001
1.470456e+003,9.415447e+001
1.470938e+003,9.360383e+001
1.471420e+003,9.292616e+001
1.471903e+003,9.214304e+001
1.472385e+003,9.129040e+001
1.472867e+003,9.039496e+001
1.473349e+003,8.945309e+001
1.473831e+003,8.842944e+001
1.474313e+003,8.727283e+001
1.474795e+003,8.593443e+001
1.475277e+003,8.438356e+001
1.475760e+003,8.262353e+001
1.476241e+003,8.070473e+001
1.476724e+003,7.872610e+001
1.477206e+003,7.681888e+001
1.477688e+003,7.511951e+001
1.478170e+003,7.374754e+001
1.478652e+003,7.279863e+001
1.479134e+003,7.234801e+001
1.479616e+003,7.245275e+001
1.480098e+003,7.314246e+001
1.480581e+003,7.439886e+001
1.481063e+003,7.613625e+001
1.481545e+003,7.820190e+001
1.482027e+003,8.040567e+001
1.482509e+003,8.256702e+001
1.482991e+003,8.455468e+001
1.483473e+003,8.630108e+001
1.483955e+003,8.779301e+001
1.484438e+003,8.905112e+001
1.484920e+003,9.011031e+001
1.485402e+003,9.100673e+001
1.485884e+003,9.177161e+001
1.486366e+003,9.243040e+001
1.486848e+003,9.300508e+001
1.487330e+003,9.351704e+001
1.487812e+003,9.398943e+001
1.488294e+003,9.444669e+001
1.488777e+003,9.491026e+001
1.489259e+003,9.538989e+001
1.489741e+003,9.587458e+001
1.490223e+003,9.633095e+001
1.490705e+003,9.671608e+001
1.491187e+003,9.699961e+001
1.491669e+003,9.718012e+001
1.492151e+003,9.728548e+001
1.492634e+003,9.735965e+001
1.493116e+003,9.744577e+001
1.493598e+003,9.757281e+001
1.494080e+003,9.774820e+001
1.494562e+003,9.795685e+001
1.495044e+003,9.816603e+001
1.495526e+003,9.833643e+001
1.496008e+003,9.843711e+001
1.496490e+003,9.845890e+001
1.496973e+003,9.841817e+001
1.497455e+003,9.834892e+001
1.497937e+003,9.828765e+001
1.498419e+003,9.825961e+001
1.498901e+003,9.827174e+001
1.499383e+003,9.831316e+001
1.499865e+003,9.836159e+001
1.500347e+003,9.839291e+001
1.500830e+003,9.839051e+001
1.501312e+003,9.835115e+001
1.501794e+003,9.828503e+001
1.502276e+003,9.821059e+001
1.502758e+003,9.814573e+001
1.503240e+003,9.809821e+001
1.503722e+003,9.805792e+001
1.504204e+003,9.799390e+001
1.504687e+003,9.786181e+001
1.505168e+003,9.762929e+001
1.505651e+003,9.732050e+001
1.506133e+003,9.704945e+001
1.506615e+003,9.697719e+001
1.507097e+003,9.718385e+001
1.507579e+003,9.759315e+001
1.508061e+003,9.805019e+001
1.508543e+003,9.844182e+001
1.509025e+003,9.873380e+001
1.509508e+003,9.893999e+001
1.509990e+003,9.908451e+001
1.510472e+003,9.918121e+001
1.510954e+003,9.922921e+001
1.511436e+003,9.921751e+001
1.511918e+003,9.913280e+001
1.512400e+003,9.896754e+001
1.512882e+003,9.872551e+001
1.513365e+003,9.842357e+001
1.513847e+003,9.808954e+001
1.514329e+003,9.775874e+001
1.514811e+003,9.747051e+001
1.515293e+003,9.726462e+001
1.515775e+003,9.717308e+001
1.516257e+003,9.720570e+001
1.516739e+003,9.733470e+001
1.517221e+003,9.749574e+001
1.517704e+003,9.761231e+001
1.518186e+003,9.762904e+001
1.518668e+003,9.752927e+001
1.519150e+003,9.733250e+001
1.519632e+003,9.708450e+001
1.520114e+003,9.685095e+001
1.520596e+003,9.670901e+001
1.521078e+003,9.671950e+001
1.521561e+003,9.688380e+001
1.522043e+003,9.712923e+001
1.522525e+003,9.735432e+001
1.523007e+003,9.749321e+001
1.523489e+003,9.753881e+001
1.523971e+003,9.752105e+001
1.524453e+003,9.747546e+001
1.524935e+003,9.742443e+001
1.525417e+003,9.737395e+001
1.525900e+003,9.732027e+001
1.526382e+003,9.725954e+001
1.526864e+003,9.719456e+001
1.527346e+003,9.713451e+001
1.527828e+003,9.708778e+001
1.528310e+003,9.705331e+001
1.528792e+003,9.701611e+001
1.529274e+003,9.695112e+001
1.529757e+003,9.683384e+001
1.530239e+003,9.665195e+001
1.530721e+003,9.641309e+001
1.531203e+003,9.614585e+001
1.531685e+003,9.589568e+001
1.532167e+003,9.571558e+001
1.532649e+003,9.564848e+001
1.533131e+003,9.569791e+001
1.533614e+003,9.580635e+001
1.534095e+003,9.587299e+001
1.534578e+003,9.581258e+001
1.535060e+003,9.560268e+001
1.535542e+003,9.528118e+001
1.536024e+003,9.490886e+001
1.536506e+003,9.453118e+001
1.536988e+003,9.415483e+001
1.537470e+003,9.373901e+001
1.537952e+003,9.319994e+001
1.538435e+003,9.243381e+001
1.538917e+003,9.136305e+001
1.539399e+003,8.999303e+001
1.539881e+003,8.843275e+001
1.540363e+003,8.684048e+001
1.540845e+003,8.533249e+001
1.541327e+003,8.394193e+001
1.541809e+003,8.264898e+001
1.542292e+003,8.143388e+001
1.542774e+003,8.031320e+001
1.543256e+003,7.935207e+001
1.543738e+003,7.865462e+001
1.544220e+003,7.833222e+001
1.544702e+003,7.845526e+001
1.545184e+003,7.901346e+001
1.545666e+003,7.991529e+001
1.546148e+003,8.103197e+001
1.546631e+003,8.225475e+001
1.547113e+003,8.353021e+001
1.547595e+003,8.486123e+001
1.548077e+003,8.628395e+001
1.548559e+003,8.783289e+001
1.549041e+003,8.950475e+001
1.549523e+003,9.123623e+001
1.550005e+003,9.291386e+001
1.550488e+003,9.441729e+001
1.550970e+003,9.566869e+001
1.551452e+003,9.665331e+001
1.551934e+003,9.740422e+001
1.552416e+003,9.797136e+001
1.552898e+003,9.839685e+001
1.553380e+003,9.870587e+001
1.553862e+003,9.891135e+001
1.554344e+003,9.902599e+001
1.554827e+003,9.907278e+001
1.555309e+003,9.908680e+001
1.555791e+003,9.910748e+001
1.556273e+003,9.916599e+001
1.556755e+003,9.927834e+001
1.557237e+003,9.945506e+001
1.557719e+003,9.973620e+001
1.558201e+003,1.002281e+002
1.558684e+003,1.010460e+002
1.559166e+003,1.021117e+002
1.559648e+003,1.030823e+002
1.560130e+003,1.036351e+002
1.560612e+003,1.037101e+002
1.561094e+003,1.034447e+002
1.561576e+003,1.030175e+002
1.562058e+003,1.025666e+002
1.562541e+003,1.021763e+002
1.563022e+003,1.018878e+002
1.563505e+003,1.017129e+002
1.563987e+003,1.016413e+002
1.564469e+003,1.016447e+002
1.564951e+003,1.016812e+002
1.565433e+003,1.017052e+002
1.565915e+003,1.016813e+002
1.566397e+003,1.015941e+002
1.566879e+003,1.014500e+002
1.567362e+003,1.012736e+002
1.567844e+003,1.011056e+002
1.568326e+003,1.010007e+002
1.568808e+003,1.010190e+002
1.569290e+003,1.012025e+002
1.569772e+003,1.015425e+002
1.570254e+003,1.019711e+002
1.570736e+003,1.023913e+002
1.571219e+003,1.027251e+002
1.571701e+003,1.029384e+002
1.572183e+003,1.030368e+002
1.572665e+003,1.030462e+002
1.573147e+003,1.029964e+002
1.573629e+003,1.029150e+002
1.574111e+003,1.028292e+002
1.574593e+003,1.027739e+002
1.575075e+003,1.027952e+002
1.575558e+003,1.029351e+002
1.576040e+003,1.031980e+002
1.576522e+003,1.035244e+002
1.577004e+003,1.038150e+002
1.577486e+003,1.039915e+002
1.577968e+003,1.040361e+002
1.578450e+003,1.039845e+002
1.578932e+003,1.038926e+002
1.579415e+003,1.038081e+002
1.579897e+003,1.037568e+002
1.580379e+003,1.037403e+002
1.580861e+003,1.037420e+002
1.581343e+003,1.037365e+002
1.581825e+003,1.037001e+002
1.582307e+003,1.036194e+002
1.582789e+003,1.034939e+002
1.583271e+003,1.033351e+002
1.583754e+003,1.031618e+002
1.584236e+003,1.029953e+002
1.584718e+003,1.028566e+002
1.585200e+003,1.027628e+002
1.585682e+003,1.027249e+002
1.586164e+003,1.027452e+002
1.586646e+003,1.028147e+002
1.587128e+003,1.029129e+002
1.587611e+003,1.030099e+002
1.588093e+003,1.030712e+002
1.588575e+003,1.030658e+002
1.589057e+003,1.029751e+002
1.589539e+003,1.027978e+002
1.590021e+003,1.025501e+002
1.590503e+003,1.022589e+002
1.590985e+003,1.019537e+002
1.591468e+003,1.016588e+002
1.591949e+003,1.013896e+002
1.592432e+003,1.011526e+002
1.592914e+003,1.009477e+002
1.593396e+003,1.007715e+002
1.593878e+003,1.006205e+002
1.594360e+003,1.004920e+002
1.594842e+003,1.003851e+002
1.595324e+003,1.003001e+002
1.595806e+003,1.002386e+002
1.596289e+003,1.002024e+002
1.596771e+003,1.001934e+002
1.597253e+003,1.002123e+002
1.597735e+003,1.002561e+002
1.598217e+003,1.003167e+002
1.598699e+003,1.003798e+002
1.599181e+003,1.004266e+002
1.599663e+003,1.004377e+002
1.600146e+003,1.003998e+002
1.600628e+003,1.003114e+002
1.601110e+003,1.001848e+002
1.601592e+003,1.000439e+002
1.602074e+003,9.991703e+001
1.602556e+003,9.982839e+001
1.603038e+003,9.979174e+001
1.603520e+003,9.980760e+001
1.604002e+003,9.986514e+001
1.604485e+003,9.994710e+001
1.604967e+003,1.000352e+002
1.605449e+003,1.001138e+002
1.605931e+003,1.001714e+002
1.606413e+003,1.001999e+002
1.606895e+003,1.001940e+002
1.607377e+003,1.001521e+002
1.607859e+003,1.000776e+002
1.608342e+003,9.997985e+001
1.608824e+003,9.987358e+001
1.609306e+003,9.977442e+001
1.609788e+003,9.969413e+001
1.610270e+003,9.963574e+001
1.610752e+003,9.959194e+001
1.611234e+003,9.954749e+001
1.611716e+003,9.948505e+001
1.612198e+003,9.939223e+001
1.612681e+003,9.926595e+001
1.613163e+003,9.911190e+001
1.613645e+003,9.893993e+001
1.614127e+003,9.875864e+001
1.614609e+003,9.857417e+001
1.615091e+003,9.839523e+001
1.615573e+003,9.824110e+001
1.616055e+003,9.814188e+001
1.616538e+003,9.812001e+001
1.617020e+003,9.816467e+001
1.617502e+003,9.822871e+001
1.617984e+003,9.825574e+001
1.618466e+003,9.820937e+001
1.618948e+003,9.808001e+001
1.619430e+003,9.787382e+001
1.619912e+003,9.759934e+001
1.620395e+003,9.726134e+001
1.620876e+003,9.686195e+001
1.621359e+003,9.640682e+001
1.621841e+003,9.591145e+001
1.622323e+003,9.540161e+001
1.622805e+003,9.490417e+001
1.623287e+003,9.443166e+001
1.623769e+003,9.397253e+001
1.624251e+003,9.349702e+001
1.624733e+003,9.297359e+001
1.625216e+003,9.238311e+001
1.625698e+003,9.172472e+001
1.626180e+003,9.101594e+001
1.626662e+003,9.029202e+001
1.627144e+003,8.960408e+001
1.627626e+003,8.901118e+001
1.628108e+003,8.856485e+001
1.628590e+003,8.829150e+001
1.629073e+003,8.818565e+001
1.629555e+003,8.821860e+001
1.630037e+003,8.835574e+001
1.630519e+003,8.857035e+001
1.631001e+003,8.884921e+001
1.631483e+003,8.919255e+001
1.631965e+003,8.961238e+001
1.632447e+003,9.013191e+001
1.632929e+003,9.078706e+001
1.633412e+003,9.162825e+001
1.633894e+003,9.271838e+001
1.634376e+003,9.411662e+001
1.634858e+003,9.583366e+001
1.635340e+003,9.776335e+001
1.635822e+003,9.965350e+001
1.636304e+003,1.011986e+002
1.636786e+003,1.022120e+002
1.637269e+003,1.027113e+002
1.637751e+003,1.028569e+002
1.638233e+003,1.028411e+002
1.638715e+003,1.028141e+002
1.639197e+003,1.028601e+002
1.639679e+003,1.030007e+002
1.640161e+003,1.032119e+002
1.640643e+003,1.034455e+002
1.641125e+003,1.036522e+002
1.641608e+003,1.037984e+002
1.642090e+003,1.038722e+002
1.642572e+003,1.038776e+002
1.643054e+003,1.038238e+002
1.643536e+003,1.037156e+002
1.644018e+003,1.035497e+002
1.644500e+003,1.033205e+002
1.644982e+003,1.030327e+002
1.645465e+003,1.027169e+002
1.645947e+003,1.024350e+002
1.646429e+003,1.022587e+002
1.646911e+003,1.022244e+002
1.647393e+003,1.023017e+002
1.647875e+003,1.024160e+002
1.648357e+003,1.025052e+002
1.648839e+003,1.025569e+002
1.649322e+003,1.026022e+002
1.649803e+003,1.026876e+002
1.650286e+003,1.028458e+002
1.650768e+003,1.030778e+002
1.651250e+003,1.033482e+002
1.651732e+003,1.036057e+002
1.652214e+003,1.038292e+002
1.652696e+003,1.040596e+002
1.653178e+003,1.043297e+002
1.653660e+003,1.045563e+002
1.654143e+003,1.046109e+002
1.654625e+003,1.044732e+002
1.655107e+003,1.042378e+002
1.655589e+003,1.040256e+002
1.656071e+003,1.039208e+002
1.656553e+003,1.039531e+002
1.657035e+003,1.041022e+002
1.657517e+003,1.043104e+002
1.658000e+003,1.044993e+002
1.658482e+003,1.045895e+002
1.658964e+003,1.045218e+002
1.659446e+003,1.042721e+002
1.659928e+003,1.038566e+002
1.660410e+003,1.033283e+002
1.660892e+003,1.027672e+002
1.661374e+003,1.022677e+002
1.661856e+003,1.019213e+002
1.662339e+003,1.017921e+002
1.662821e+003,1.018919e+002
1.663303e+003,1.021723e+002
1.663785e+003,1.025447e+002
1.664267e+003,1.029184e+002
1.664749e+003,1.032301e+002
1.665231e+003,1.034508e+002
1.665713e+003,1.035741e+002
1.666196e+003,1.035995e+002
1.666678e+003,1.035222e+002
1.667160e+003,1.033345e+002
1.667642e+003,1.030371e+002
1.668124e+003,1.026569e+002
1.668606e+003,1.022567e+002
1.669088e+003,1.019263e+002
1.669570e+003,1.017495e+002
1.670052e+003,1.017676e+002
1.670535e+003,1.019647e+002
1.671017e+003,1.022838e+002
1.671499e+003,1.026593e+002
1.671981e+003,1.030405e+002
1.672463e+003,1.033986e+002
1.672945e+003,1.037191e+002
1.673427e+003,1.039913e+002
1.673909e+003,1.042010e+002
1.674392e+003,1.043283e+002
1.674874e+003,1.043487e+002
1.675356e+003,1.042385e+002
1.675838e+003,1.039870e+002
1.676320e+003,1.036115e+002
1.676802e+003,1.031623e+002
1.677284e+003,1.027078e+002
1.677766e+003,1.023127e+002
1.678249e+003,1.020205e+002
1.678730e+003,1.018447e+002
1.679213e+003,1.017693e+002
1.679695e+003,1.017557e+002
1.680177e+003,1.017580e+002
1.680659e+003,1.017402e+002
1.681141e+003,1.016880e+002
1.681623e+003,1.016092e+002
1.682105e+003,1.015282e+002
1.682587e+003,1.014844e+002
1.683070e+003,1.015350e+002
1.683552e+003,1.017428e+002
1.684034e+003,1.021228e+002
1.684516e+003,1.025841e+002
1.684998e+003,1.029691e+002
1.685480e+003,1.031750e+002
1.685962e+003,1.032137e+002
1.686444e+003,1.031692e+002
1.686927e+003,1.031278e+002
1.687409e+003,1.031379e+002
1.687891e+003,1.032011e+002
1.688373e+003,1.032836e+002
1.688855e+003,1.033376e+002
1.689337e+003,1.033250e+002
1.689819e+003,1.032324e+002
1.690301e+003,1.030724e+002
1.690783e+003,1.028714e+002
1.691266e+003,1.026564e+002
1.691748e+003,1.024466e+002
1.692230e+003,1.022520e+002
1.692712e+003,1.020762e+002
1.693194e+003,1.019200e+002
1.693676e+003,1.017851e+002
1.694158e+003,1.016816e+002
1.694640e+003,1.016326e+002
1.695123e+003,1.016663e+002
1.695605e+003,1.017858e+002
1.696087e+003,1.019413e+002
1.696569e+003,1.020481e+002
1.697051e+003,1.020440e+002
1.697533e+003,1.019272e+002
1.698015e+003,1.017486e+002
1.698497e+003,1.015895e+002
1.698979e+003,1.015508e+002
1.699462e+003,1.017399e+002
1.699944e+003,1.022109e+002
1.700426e+003,1.028683e+002
1.700908e+003,1.034681e+002
1.701390e+003,1.037838e+002
1.701872e+003,1.037539e+002
1.702354e+003,1.034656e+002
1.702836e+003,1.030563e+002
1.703319e+003,1.026446e+002
1.703801e+003,1.023101e+002
1.704283e+003,1.020994e+002
1.704765e+003,1.020329e+002
1.705247e+003,1.021045e+002
1.705729e+003,1.022769e+002
1.706211e+003,1.024898e+002
1.706693e+003,1.026793e+002
1.707176e+003,1.027981e+002
1.707657e+003,1.028214e+002
1.708140e+003,1.027436e+002
1.708622e+003,1.025749e+002
1.709104e+003,1.023397e+002
1.709586e+003,1.020747e+002
1.710068e+003,1.018232e+002
1.710550e+003,1.016251e+002
1.711032e+003,1.015062e+002
1.711514e+003,1.014705e+002
1.711997e+003,1.014988e+002
1.712479e+003,1.015537e+002
1.712961e+003,1.015907e+002
1.713443e+003,1.015718e+002
1.713925e+003,1.014813e+002
1.714407e+003,1.013337e+002
1.714889e+003,1.011738e+002
1.715371e+003,1.010679e+002
1.715854e+003,1.010880e+002
1.716336e+003,1.012913e+002
1.716818e+003,1.016927e+002
1.717300e+003,1.022381e+002
1.717782e+003,1.028023e+002
1.718264e+003,1.032357e+002
1.718746e+003,1.034391e+002
1.719229e+003,1.034074e+002
1.719710e+003,1.032140e+002
1.720193e+003,1.029631e+002
1.720675e+003,1.027475e+002
1.721157e+003,1.026270e+002
1.721639e+003,1.026214e+002
1.722121e+003,1.027132e+002
1.722603e+003,1.028561e+002
1.723085e+003,1.029904e+002
1.723567e+003,1.030617e+002
1.724050e+003,1.030389e+002
1.724532e+003,1.029213e+002
1.725014e+003,1.027332e+002
1.725496e+003,1.025099e+002
1.725978e+003,1.022838e+002
1.726460e+003,1.020769e+002
1.726942e+003,1.018994e+002
1.727424e+003,1.017544e+002
1.727906e+003,1.016430e+002
1.728389e+003,1.015682e+002
1.728871e+003,1.015342e+002
1.729353e+003,1.015425e+002
1.729835e+003,1.015870e+002
1.730317e+003,1.016530e+002
1.730799e+003,1.017209e+002
1.731281e+003,1.017729e+002
1.731763e+003,1.018016e+002
1.732246e+003,1.018192e+002
1.732728e+003,1.018676e+002
1.733210e+003,1.020145e+002
1.733692e+003,1.023153e+002
1.734174e+003,1.027436e+002
1.734656e+003,1.031673e+002
1.735138e+003,1.034279e+002
1.735620e+003,1.034479e+002
1.736103e+003,1.032583e+002
1.736585e+003,1.029513e+002
1.737067e+003,1.026258e+002
1.737549e+003,1.023564e+002
1.738031e+003,1.021837e+002
1.738513e+003,1.021132e+002
1.738995e+003,1.021155e+002
1.739477e+003,1.021322e+002
1.739959e+003,1.020956e+002
1.740442e+003,1.019600e+002
1.740924e+003,1.017225e+002
1.741406e+003,1.014220e+002
1.741888e+003,1.011191e+002
1.742370e+003,1.008732e+002
1.742852e+003,1.007250e+002
1.743334e+003,1.006874e+002
1.743816e+003,1.007450e+002
1.744299e+003,1.008621e+002
1.744781e+003,1.009954e+002
1.745263e+003,1.011054e+002
1.745745e+003,1.011625e+002
1.746227e+003,1.011491e+002
1.746709e+003,1.010598e+002
1.747191e+003,1.009034e+002
1.747673e+003,1.007039e+002
1.748156e+003,1.005008e+002
1.748637e+003,1.003440e+002
1.749120e+003,1.002860e+002
1.749602e+003,1.003690e+002
1.750084e+003,1.006102e+002
1.750566e+003,1.009872e+002
1.751048e+003,1.014324e+002
1.751530e+003,1.018492e+002
1.752012e+003,1.021467e+002
1.752494e+003,1.022750e+002
1.752977e+003,1.022384e+002
1.753459e+003,1.020820e+002
1.753941e+003,1.018659e+002
1.754423e+003,1.016441e+002
1.754905e+003,1.014529e+002
1.755387e+003,1.013078e+002
1.755869e+003,1.012057e+002
1.756351e+003,1.011297e+002
1.756833e+003,1.010578e+002
1.757316e+003,1.009725e+002
1.757798e+003,1.008700e+002
1.758280e+003,1.007609e+002
1.758762e+003,1.006658e+002
1.759244e+003,1.006065e+002
1.759726e+003,1.005994e+002
1.760208e+003,1.006536e+002
1.760690e+003,1.007695e+002
1.761173e+003,1.009384e+002
1.761655e+003,1.011394e+002
1.762137e+003,1.013395e+002
1.762619e+003,1.014990e+002
1.763101e+003,1.015842e+002
1.763583e+003,1.015790e+002
1.764065e+003,1.014886e+002
1.764547e+003,1.013345e+002
1.765030e+003,1.011476e+002
1.765512e+003,1.009614e+002
1.765994e+003,1.008077e+002
1.766476e+003,1.007116e+002
1.766958e+003,1.006841e+002
1.767440e+003,1.007159e+002
1.767922e+003,1.007756e+002
1.768404e+003,1.008202e+002
1.768886e+003,1.008115e+002
1.769369e+003,1.007310e+002
1.769851e+003,1.005869e+002
1.770333e+003,1.004128e+002
1.770815e+003,1.002630e+002
1.771297e+003,1.002003e+002
1.771779e+003,1.002721e+002
1.772261e+003,1.004813e+002
1.772743e+003,1.007749e+002
1.773226e+003,1.010687e+002
1.773708e+003,1.012921e+002
1.774190e+003,1.014158e+002
1.774672e+003,1.014494e+002
1.775154e+003,1.014205e+002
1.775636e+003,1.013552e+002
1.776118e+003,1.012686e+002
1.776600e+003,1.011645e+002
1.777083e+003,1.010429e+002
1.777564e+003,1.009070e+002
1.778047e+003,1.007692e+002
1.778529e+003,1.006494e+002
1.779011e+003,1.005698e+002
1.779493e+003,1.005465e+002
1.779975e+003,1.005821e+002
1.780457e+003,1.006628e+002
1.780939e+003,1.007638e+002
1.781421e+003,1.008606e+002
1.781904e+003,1.009400e+002
1.782386e+003,1.010043e+002
1.782868e+003,1.010660e+002
1.783350e+003,1.011375e+002
1.783832e+003,1.012213e+002
1.784314e+003,1.013053e+002
1.784796e+003,1.013657e+002
1.785278e+003,1.013775e+002
1.785760e+003,1.013275e+002
1.786243e+003,1.012210e+002
1.786725e+003,1.010802e+002
1.787207e+003,1.009346e+002
1.787689e+003,1.008091e+002
1.788171e+003,1.007169e+002
1.788653e+003,1.006584e+002
1.789135e+003,1.006242e+002
1.789617e+003,1.006035e+002
1.790100e+003,1.005907e+002
1.790582e+003,1.005910e+002
1.791064e+003,1.006188e+002
1.791546e+003,1.006884e+002
1.792028e+003,1.007991e+002
1.792510e+003,1.009266e+002
1.792992e+003,1.010312e+002
1.793474e+003,1.010794e+002
1.793957e+003,1.010631e+002
1.794439e+003,1.010015e+002
1.794921e+003,1.009283e+002
1.795403e+003,1.008753e+002
1.795885e+003,1.008596e+002
1.796367e+003,1.008783e+002
1.796849e+003,1.009122e+002
1.797331e+003,1.009351e+002
1.797813e+003,1.009255e+002
1.798296e+003,1.008764e+002
1.798778e+003,1.007975e+002
1.799260e+003,1.007116e+002
1.799742e+003,1.006454e+002
1.800224e+003,1.006195e+002
1.800706e+003,1.006411e+002
1.801188e+003,1.007038e+002
1.801670e+003,1.007932e+002
1.802153e+003,1.008941e+002
1.802635e+003,1.009961e+002
1.803117e+003,1.010927e+002
1.803599e+003,1.011779e+002
1.804081e+003,1.012431e+002
1.804563e+003,1.012769e+002
1.805045e+003,1.012692e+002
1.805527e+003,1.012167e+002
1.806010e+003,1.011258e+002
1.806491e+003,1.010120e+002
1.806974e+003,1.008949e+002
1.807456e+003,1.007919e+002
1.807938e+003,1.007137e+002
1.808420e+003,1.006628e+002
1.808902e+003,1.006361e+002
1.809384e+003,1.006304e+002
1.809866e+003,1.006462e+002
1.810348e+003,1.006889e+002
1.810831e+003,1.007643e+002
1.811313e+003,1.008723e+002
1.811795e+003,1.010011e+002
1.812277e+003,1.011282e+002
1.812759e+003,1.012262e+002
1.813241e+003,1.012735e+002
1.813723e+003,1.012619e+002
1.814205e+003,1.011997e+002
1.814688e+003,1.011077e+002
1.815170e+003,1.010131e+002
1.815652e+003,1.009405e+002
1.816134e+003,1.009058e+002
1.816616e+003,1.009122e+002
1.817098e+003,1.009517e+002
1.817580e+003,1.010111e+002
1.818062e+003,1.010782e+002
1.818544e+003,1.011457e+002
1.819027e+003,1.012100e+002
1.819509e+003,1.012679e+002
1.819991e+003,1.013129e+002
1.820473e+003,1.013341e+002
1.820955e+003,1.013199e+002
1.821437e+003,1.012624e+002
1.821919e+003,1.011619e+002
1.822401e+003,1.010284e+002
1.822884e+003,1.008804e+002
1.823366e+003,1.007415e+002
1.823848e+003,1.006348e+002
1.824330e+003,1.005760e+002
1.824812e+003,1.005667e+002
1.825294e+003,1.005928e+002
1.825776e+003,1.006309e+002
1.826258e+003,1.006591e+002
1.826740e+003,1.006645e+002
1.827223e+003,1.006449e+002
1.827705e+003,1.006073e+002
1.828187e+003,1.005657e+002
1.828669e+003,1.005388e+002
1.829151e+003,1.005463e+002
1.829633e+003,1.006012e+002
1.830115e+003,1.007010e+002
1.830597e+003,1.008267e+002
1.831080e+003,1.009515e+002
1.831562e+003,1.010531e+002
1.832044e+003,1.011212e+002
1.832526e+003,1.011574e+002
1.833008e+003,1.011700e+002
1.833490e+003,1.011682e+002
1.833972e+003,1.011585e+002
1.834454e+003,1.011429e+002
1.834937e+003,1.011195e+002
1.835418e+003,1.010847e+002
1.835901e+003,1.010360e+002
1.836383e+003,1.009746e+002
1.836865e+003,1.009065e+002
1.837347e+003,1.008403e+002
1.837829e+003,1.007849e+002
1.838311e+003,1.007453e+002
1.838793e+003,1.007218e+002
1.839275e+003,1.007109e+002
1.839758e+003,1.007085e+002
1.840240e+003,1.007131e+002
1.840722e+003,1.007267e+002
1.841204e+003,1.007529e+002
1.841686e+003,1.007939e+002
1.842168e+003,1.008475e+002
1.842650e+003,1.009065e+002
1.843132e+003,1.009600e+002
1.843615e+003,1.009963e+002
1.844097e+003,1.010064e+002
1.844579e+003,1.009868e+002
1.845061e+003,1.009435e+002
1.845543e+003,1.008918e+002
1.846025e+003,1.008516e+002
1.846507e+003,1.008395e+002
1.846989e+003,1.008621e+002
1.847471e+003,1.009135e+002
1.847954e+003,1.009780e+002
1.848436e+003,1.010360e+002
1.848918e+003,1.010718e+002
1.849400e+003,1.010780e+002
1.849882e+003,1.010559e+002
1.850364e+003,1.010131e+002
1.850846e+003,1.009578e+002
1.851328e+003,1.008963e+002
1.851811e+003,1.008313e+002
1.852293e+003,1.007645e+002
1.852775e+003,1.006992e+002
1.853257e+003,1.006430e+002
1.853739e+003,1.006068e+002
1.854221e+003,1.006023e+002
1.854703e+003,1.006376e+002
1.855185e+003,1.007131e+002
1.855667e+003,1.008196e+002
1.856150e+003,1.009401e+002
1.856632e+003,1.010530e+002
1.857114e+003,1.011388e+002
1.857596e+003,1.011851e+002
1.858078e+003,1.011899e+002
1.858560e+003,1.011625e+002
1.859042e+003,1.011196e+002
1.859524e+003,1.010804e+002
1.860007e+003,1.010610e+002
1.860489e+003,1.010698e+002
1.860971e+003,1.011064e+002
1.861453e+003,1.011614e+002
1.861935e+003,1.012206e+002
1.862417e+003,1.012683e+002
1.862899e+003,1.012918e+002
1.863381e+003,1.012831e+002
1.863864e+003,1.012393e+002
1.864345e+003,1.011615e+002
1.864828e+003,1.010530e+002
1.865310e+003,1.009185e+002
1.865792e+003,1.007643e+002
1.866274e+003,1.006000e+002
1.866756e+003,1.004400e+002
1.867238e+003,1.003045e+002
1.867720e+003,1.002169e+002
1.868202e+003,1.001977e+002
1.868685e+003,1.002550e+002
1.869167e+003,1.003790e+002
1.869649e+003,1.005435e+002
1.870131e+003,1.007167e+002
1.870613e+003,1.008731e+002
1.871095e+003,1.009999e+002
1.871577e+003,1.010961e+002
1.872059e+003,1.011657e+002
1.872542e+003,1.012117e+002
1.873024e+003,1.012327e+002
1.873506e+003,1.012240e+002
1.873988e+003,1.011820e+002
1.874470e+003,1.011085e+002
1.874952e+003,1.010142e+002
1.875434e+003,1.009170e+002
1.875916e+003,1.008372e+002
1.876398e+003,1.007911e+002
1.876881e+003,1.007859e+002
1.877363e+003,1.008181e+002
1.877845e+003,1.008756e+002
1.878327e+003,1.009430e+002
1.878809e+003,1.010079e+002
1.879291e+003,1.010643e+002
1.879773e+003,1.011121e+002
1.880255e+003,1.011531e+002
1.880738e+003,1.011869e+002
1.881220e+003,1.012081e+002
1.881702e+003,1.012075e+002
1.882184e+003,1.011780e+002
1.882666e+003,1.011190e+002
1.883148e+003,1.010401e+002
1.883630e+003,1.009587e+002
1.884112e+003,1.008937e+002
1.884594e+003,1.008584e+002
1.885077e+003,1.008540e+002
1.885559e+003,1.008693e+002
1.886041e+003,1.008852e+002
1.886523e+003,1.008833e+002
1.887005e+003,1.008530e+002
1.887487e+003,1.007968e+002
1.887969e+003,1.007290e+002
1.888451e+003,1.006709e+002
1.888934e+003,1.006423e+002
1.889416e+003,1.006521e+002
1.889898e+003,1.006946e+002
1.890380e+003,1.007522e+002
1.890862e+003,1.008046e+002
1.891344e+003,1.008372e+002
1.891826e+003,1.008453e+002
1.892308e+003,1.008316e+002
1.892791e+003,1.008026e+002
1.893272e+003,1.007649e+002
1.893755e+003,1.007233e+002
1.894237e+003,1.006809e+002
1.894719e+003,1.006396e+002
1.895201e+003,1.006016e+002
1.895683e+003,1.005687e+002
1.896165e+003,1.005427e+002
1.896647e+003,1.005241e+002
1.897129e+003,1.005123e+002
1.897612e+003,1.005066e+002
1.898094e+003,1.005074e+002
1.898576e+003,1.005165e+002
1.899058e+003,1.005370e+002
1.899540e+003,1.005704e+002
1.900022e+003,1.006144e+002
1.900504e+003,1.006614e+002
1.900986e+003,1.006991e+002
1.901469e+003,1.007147e+002
1.901951e+003,1.007003e+002
1.902433e+003,1.006568e+002
1.902915e+003,1.005947e+002
1.903397e+003,1.005318e+002
1.903879e+003,1.004864e+002
1.904361e+003,1.004719e+002
1.904843e+003,1.004927e+002
1.905325e+003,1.005431e+002
1.905808e+003,1.006104e+002
1.906290e+003,1.006794e+002
1.906772e+003,1.007370e+002
1.907254e+003,1.007751e+002
1.907736e+003,1.007906e+002
1.908218e+003,1.007846e+002
1.908700e+003,1.007618e+002
1.909182e+003,1.007291e+002
1.909665e+003,1.006952e+002
1.910147e+003,1.006701e+002
1.910629e+003,1.006635e+002
1.911111e+003,1.006819e+002
1.911593e+003,1.007263e+002
1.912075e+003,1.007897e+002
1.912557e+003,1.008583e+002
1.913039e+003,1.009144e+002
1.913521e+003,1.009425e+002
1.914004e+003,1.009345e+002
1.914486e+003,1.008919e+002
1.914968e+003,1.008252e+002
1.915450e+003,1.007500e+002
1.915932e+003,1.006828e+002
1.916414e+003,1.006367e+002
1.916896e+003,1.006191e+002
1.917378e+003,1.006304e+002
1.917861e+003,1.006638e+002
1.918343e+003,1.007078e+002
1.918825e+003,1.007503e+002
1.919307e+003,1.007822e+002
1.919789e+003,1.007996e+002
1.920271e+003,1.008030e+002
1.920753e+003,1.007964e+002
1.921235e+003,1.007859e+002
1.921718e+003,1.007788e+002
1.922199e+003,1.007823e+002
1.922682e+003,1.008013e+002
1.923164e+003,1.008353e+002
1.923646e+003,1.008783e+002
1.924128e+003,1.009202e+002
1.924610e+003,1.009516e+002
1.925092e+003,1.009677e+002
1.925574e+003,1.009702e+002
1.926056e+003,1.009663e+002
1.926539e+003,1.009652e+002
1.927021e+003,1.009750e+002
1.927503e+003,1.009997e+002
1.927985e+003,1.010385e+002
1.928467e+003,1.010865e+002
1.928949e+003,1.011375e+002
1.929431e+003,1.011860e+002
1.929913e+003,1.012277e+002
1.930396e+003,1.012593e+002
1.930878e+003,1.012774e+002
1.931360e+003,1.012788e+002
1.931842e+003,1.012623e+002
1.932324e+003,1.012310e+002
1.932806e+003,1.011940e+002
1.933288e+003,1.011647e+002
1.933770e+003,1.011570e+002
1.934252e+003,1.011798e+002
1.934735e+003,1.012327e+002
1.935217e+003,1.013047e+002
1.935699e+003,1.013787e+002
1.936181e+003,1.014380e+002
1.936663e+003,1.014742e+002
1.937145e+003,1.014901e+002
1.937627e+003,1.014971e+002
1.938109e+003,1.015080e+002
1.938592e+003,1.015295e+002
1.939074e+003,1.015573e+002
1.939556e+003,1.015774e+002
1.940038e+003,1.015731e+002
1.940520e+003,1.015342e+002
1.941002e+003,1.014638e+002
1.941484e+003,1.013796e+002
1.941966e+003,1.013083e+002
1.942448e+003,1.012731e+002
1.942931e+003,1.012832e+002
1.943413e+003,1.013292e+002
1.943895e+003,1.013891e+002
1.944377e+003,1.014398e+002
1.944859e+003,1.014678e+002
1.945341e+003,1.014729e+002
1.945823e+003,1.014646e+002
1.946305e+003,1.014556e+002
1.946788e+003,1.014551e+002
1.947270e+003,1.014664e+002
1.947752e+003,1.014884e+002
1.948234e+003,1.015207e+002
1.948716e+003,1.015671e+002
1.949198e+003,1.016353e+002
1.949680e+003,1.017310e+002
1.950162e+003,1.018509e+002
1.950645e+003,1.019774e+002
1.951126e+003,1.020815e+002
1.951609e+003,1.021336e+002
1.952091e+003,1.021172e+002
1.952573e+003,1.020395e+002
1.953055e+003,1.019314e+002
1.953537e+003,1.018374e+002
1.954019e+003,1.018001e+002
1.954501e+003,1.018438e+002
1.954983e+003,1.019650e+002
1.955466e+003,1.021339e+002
1.955948e+003,1.023075e+002
1.956430e+003,1.024465e+002
1.956912e+003,1.025289e+002
1.957394e+003,1.025542e+002
1.957876e+003,1.025386e+002
1.958358e+003,1.025039e+002
1.958840e+003,1.024681e+002
1.959323e+003,1.024398e+002
1.959805e+003,1.024194e+002
1.960287e+003,1.024058e+002
1.960769e+003,1.024013e+002
1.961251e+003,1.024126e+002
1.961733e+003,1.024474e+002
1.962215e+003,1.025085e+002
1.962697e+003,1.025900e+002
1.963179e+003,1.026801e+002
1.963662e+003,1.027662e+002
1.964144e+003,1.028417e+002
1.964626e+003,1.029066e+002
1.965108e+003,1.029631e+002
1.965590e+003,1.030077e+002
1.966072e+003,1.030255e+002
1.966554e+003,1.029915e+002
1.967036e+003,1.028826e+002
1.967519e+003,1.026914e+002
1.968001e+003,1.024376e+002
1.968483e+003,1.021659e+002
1.968965e+003,1.019327e+002
1.969447e+003,1.017873e+002
1.969929e+003,1.017543e+002
1.970411e+003,1.018232e+002
1.970893e+003,1.019521e+002
1.971375e+003,1.020851e+002
1.971858e+003,1.021731e+002
1.972340e+003,1.021924e+002
1.972822e+003,1.021477e+002
1.973304e+003,1.020639e+002
1.973786e+003,1.019708e+002
1.974268e+003,1.018886e+002
1.974750e+003,1.018222e+002
1.975232e+003,1.017645e+002
1.975715e+003,1.017074e+002
1.976197e+003,1.016513e+002
1.976679e+003,1.016081e+002
1.977161e+003,1.015940e+002
1.977643e+003,1.016185e+002
1.978125e+003,1.016746e+002
1.978607e+003,1.017396e+002
1.979089e+003,1.017849e+002
1.979572e+003,1.017894e+002
1.980053e+003,1.017480e+002
1.980536e+003,1.016717e+002
1.981018e+003,1.015802e+002
1.981500e+003,1.014930e+002
1.981982e+003,1.014213e+002
1.982464e+003,1.013670e+002
1.982946e+003,1.013248e+002
1.983428e+003,1.012898e+002
1.983910e+003,1.012631e+002
1.984393e+003,1.012519e+002
1.984875e+003,1.012671e+002
1.985357e+003,1.013166e+002
1.985839e+003,1.013993e+002
1.986321e+003,1.015050e+002
1.986803e+003,1.016168e+002
1.987285e+003,1.017176e+002
1.987767e+003,1.017953e+002
1.988250e+003,1.018453e+002
1.988732e+003,1.018689e+002
1.989214e+003,1.018704e+002
1.989696e+003,1.018557e+002
1.990178e+003,1.018325e+002
1.990660e+003,1.018119e+002
1.991142e+003,1.018090e+002
1.991624e+003,1.018410e+002
1.992106e+003,1.019216e+002
1.992589e+003,1.020556e+002
1.993071e+003,1.022337e+002
1.993553e+003,1.024345e+002
1.994035e+003,1.026313e+002
1.994517e+003,1.028020e+002
1.994999e+003,1.029370e+002
1.995481e+003,1.030389e+002
1.995963e+003,1.031202e+002
1.996446e+003,1.031934e+002
1.996928e+003,1.032649e+002
1.997410e+003,1.033317e+002
1.997892e+003,1.033841e+002
1.998374e+003,1.034119e+002
1.998856e+003,1.034113e+002
1.999338e+003,1.033863e+002
1.999820e+003,1.033458e+002
2.000302e+003,1.032974e+002
2.000785e+003,1.032419e+002
2.001267e+003,1.031728e+002
2.001749e+003,1.030816e+002
2.002231e+003,1.029657e+002
2.002713e+003,1.028351e+002
2.003195e+003,1.027131e+002
2.003677e+003,1.026289e+002
2.004159e+003,1.026062e+002
2.004642e+003,1.026500e+002
2.005124e+003,1.027398e+002
2.005606e+003,1.028346e+002
2.006088e+003,1.028895e+002
2.006570e+003,1.028769e+002
2.007052e+003,1.028014e+002
2.007534e+003,1.026990e+002
2.008016e+003,1.026221e+002
2.008499e+003,1.026156e+002
2.008980e+003,1.026962e+002
2.009463e+003,1.028440e+002
2.009945e+003,1.030096e+002
2.010427e+003,1.031349e+002
2.010909e+003,1.031746e+002
2.011391e+003,1.031119e+002
2.011873e+003,1.029602e+002
2.012355e+003,1.027562e+002
2.012837e+003,1.025454e+002
2.013320e+003,1.023681e+002
2.013802e+003,1.022488e+002
2.014284e+003,1.021951e+002
2.014766e+003,1.022019e+002
2.015248e+003,1.022577e+002
2.015730e+003,1.023490e+002
2.016212e+003,1.024599e+002
2.016694e+003,1.025714e+002
2.017177e+003,1.026620e+002
2.017659e+003,1.027117e+002
2.018141e+003,1.027072e+002
2.018623e+003,1.026469e+002
2.019105e+003,1.025426e+002
2.019587e+003,1.024167e+002
2.020069e+003,1.022960e+002
2.020551e+003,1.022047e+002
2.021033e+003,1.021586e+002
2.021516e+003,1.021621e+002
2.021998e+003,1.022107e+002
2.022480e+003,1.022957e+002
2.022962e+003,1.024090e+002
2.023444e+003,1.025444e+002
2.023926e+003,1.026958e+002
2.024408e+003,1.028538e+002
2.024890e+003,1.030046e+002
2.025373e+003,1.031294e+002
2.025855e+003,1.032074e+002
2.026337e+003,1.032191e+002
2.026819e+003,1.031508e+002
2.027301e+003,1.029971e+002
2.027783e+003,1.027642e+002
2.028265e+003,1.024708e+002
2.028747e+003,1.021471e+002
2.029229e+003,1.018282e+002
2.029712e+003,1.015463e+002
2.030194e+003,1.013248e+002
2.030676e+003,1.011753e+002
2.031158e+003,1.010980e+002
2.031640e+003,1.010844e+002
2.032122e+003,1.011200e+002
2.032604e+003,1.011904e+002
2.033086e+003,1.012840e+002
2.033569e+003,1.013937e+002
2.034051e+003,1.015152e+002
2.034533e+003,1.016431e+002
2.035015e+003,1.017677e+002
2.035497e+003,1.018737e+002
2.035979e+003,1.019441e+002
2.036461e+003,1.019668e+002
2.036943e+003,1.019390e+002
2.037426e+003,1.018691e+002
2.037907e+003,1.017723e+002
2.038390e+003,1.016639e+002
2.038872e+003,1.015542e+002
2.039354e+003,1.014438e+002
2.039836e+003,1.013265e+002
2.040318e+003,1.011935e+002
2.040800e+003,1.010407e+002
2.041282e+003,1.008732e+002
2.041764e+003,1.007061e+002
2.042247e+003,1.005606e+002
2.042729e+003,1.004582e+002
2.043211e+003,1.004139e+002
2.043693e+003,1.004326e+002
2.044175e+003,1.005080e+002
2.044657e+003,1.006259e+002
2.045139e+003,1.007691e+002
2.045622e+003,1.009215e+002
2.046104e+003,1.010702e+002
2.046586e+003,1.012042e+002
2.047068e+003,1.013131e+002
2.047550e+003,1.013870e+002
2.048032e+003,1.014185e+002
2.048514e+003,1.014055e+002
2.048996e+003,1.013528e+002
2.049479e+003,1.012717e+002
2.049960e+003,1.011766e+002
2.050443e+003,1.010815e+002
2.050925e+003,1.009974e+002
2.051407e+003,1.009302e+002
2.051889e+003,1.008817e+002
2.052371e+003,1.008503e+002
2.052853e+003,1.008333e+002
2.053335e+003,1.008273e+002
2.053817e+003,1.008294e+002
2.054300e+003,1.008369e+002
2.054782e+003,1.008478e+002
2.055264e+003,1.008603e+002
2.055746e+003,1.008740e+002
2.056228e+003,1.008892e+002
2.056710e+003,1.009067e+002
2.057192e+003,1.009256e+002
2.057674e+003,1.009430e+002
2.058156e+003,1.009535e+002
2.058639e+003,1.009496e+002
2.059121e+003,1.009250e+002
2.059603e+003,1.008770e+002
2.060085e+003,1.008082e+002
2.060567e+003,1.007263e+002
2.061049e+003,1.006412e+002
2.061531e+003,1.005625e+002
2.062013e+003,1.004963e+002
2.062496e+003,1.004442e+002
2.062978e+003,1.004049e+002
2.063460e+003,1.003769e+002
2.063942e+003,1.003601e+002
2.064424e+003,1.003571e+002
2.064906e+003,1.003719e+002
2.065388e+003,1.004077e+002
2.065870e+003,1.004650e+002
2.066353e+003,1.005396e+002
2.066835e+003,1.006239e+002
2.067317e+003,1.007094e+002
2.067799e+003,1.007894e+002
2.068281e+003,1.008597e+002
2.068763e+003,1.009193e+002
2.069245e+003,1.009687e+002
2.069727e+003,1.010085e+002
2.070209e+003,1.010400e+002
2.070692e+003,1.010657e+002
2.071174e+003,1.010909e+002
2.071656e+003,1.011242e+002
2.072138e+003,1.011745e+002
2.072620e+003,1.012481e+002
2.073102e+003,1.013450e+002
2.073584e+003,1.014567e+002
2.074066e+003,1.015675e+002
2.074549e+003,1.016591e+002
2.075031e+003,1.017167e+002
2.075513e+003,1.017333e+002
2.075995e+003,1.017114e+002
2.076477e+003,1.016601e+002
2.076959e+003,1.015900e+002
2.077441e+003,1.015095e+002
2.077923e+003,1.014236e+002
2.078406e+003,1.013351e+002
2.078887e+003,1.012492e+002
2.079370e+003,1.011747e+002
2.079852e+003,1.011244e+002
2.080334e+003,1.011106e+002
2.080816e+003,1.011395e+002
2.081298e+003,1.012067e+002
2.081780e+003,1.012951e+002
2.082262e+003,1.013795e+002
2.082744e+003,1.014344e+002
2.083227e+003,1.014423e+002
2.083709e+003,1.013998e+002
2.084191e+003,1.013183e+002
2.084673e+003,1.012185e+002
2.085155e+003,1.011232e+002
2.085637e+003,1.010503e+002
2.086119e+003,1.010082e+002
2.086601e+003,1.009969e+002
2.087083e+003,1.010105e+002
2.087566e+003,1.010409e+002
2.088048e+003,1.010812e+002
2.088530e+003,1.011253e+002
2.089012e+003,1.011676e+002
2.089494e+003,1.012017e+002
2.089976e+003,1.012212e+002
2.090458e+003,1.012221e+002
2.090940e+003,1.012056e+002
2.091423e+003,1.011784e+002
2.091905e+003,1.011515e+002
2.092387e+003,1.011357e+002
2.092869e+003,1.011369e+002
2.093351e+003,1.011536e+002
2.093833e+003,1.011768e+002
2.094315e+003,1.011948e+002
2.094797e+003,1.011994e+002
2.095280e+003,1.011900e+002
2.095762e+003,1.011742e+002
2.096244e+003,1.011641e+002
2.096726e+003,1.011694e+002
2.097208e+003,1.011918e+002
2.097690e+003,1.012236e+002
2.098172e+003,1.012506e+002
2.098654e+003,1.012590e+002
2.099136e+003,1.012416e+002
2.099619e+003,1.012006e+002
2.100101e+003,1.011471e+002
2.100583e+003,1.010954e+002
2.101065e+003,1.010572e+002
2.101547e+003,1.010370e+002
2.102029e+003,1.010322e+002
2.102511e+003,1.010357e+002
2.102993e+003,1.010416e+002
2.103476e+003,1.010481e+002
2.103958e+003,1.010584e+002
2.104440e+003,1.010779e+002
2.104922e+003,1.011103e+002
2.105404e+003,1.011547e+002
2.105886e+003,1.012050e+002
2.106368e+003,1.012529e+002
2.106850e+003,1.012917e+002
2.107333e+003,1.013192e+002
2.107814e+003,1.013375e+002
2.108297e+003,1.013514e+002
2.108779e+003,1.013642e+002
2.109261e+003,1.013758e+002
2.109743e+003,1.013827e+002
2.110225e+003,1.013809e+002
2.110707e+003,1.013691e+002
2.111189e+003,1.013516e+002
2.111671e+003,1.013370e+002
2.112154e+003,1.013358e+002
2.112636e+003,1.013550e+002
2.113118e+003,1.013954e+002
2.113600e+003,1.014509e+002
2.114082e+003,1.015110e+002
2.114564e+003,1.015657e+002
2.115046e+003,1.016094e+002
2.115528e+003,1.016425e+002
2.116010e+003,1.016698e+002
2.116493e+003,1.016968e+002
2.116975e+003,1.017269e+002
2.117457e+003,1.017593e+002
2.117939e+003,1.017904e+002
2.118421e+003,1.018173e+002
2.118903e+003,1.018404e+002
2.119385e+003,1.018656e+002
2.119867e+003,1.019018e+002
2.120350e+003,1.019572e+002
2.120832e+003,1.020344e+002
2.121314e+003,1.021277e+002
2.121796e+003,1.022235e+002
2.122278e+003,1.023029e+002
2.122760e+003,1.023484e+002
2.123242e+003,1.023479e+002
2.123724e+003,1.022986e+002
2.124207e+003,1.022073e+002
2.124689e+003,1.020875e+002
2.125171e+003,1.019569e+002
2.125653e+003,1.018324e+002
2.126135e+003,1.017282e+002
2.126617e+003,1.016544e+002
2.127099e+003,1.016172e+002
2.127581e+003,1.016199e+002
2.128063e+003,1.016627e+002
2.128546e+003,1.017433e+002
2.129028e+003,1.018565e+002
2.129510e+003,1.019943e+002
2.129992e+003,1.021464e+002
2.130474e+003,1.023007e+002
2.130956e+003,1.024439e+002
2.131438e+003,1.025634e+002
2.131920e+003,1.026476e+002
2.132403e+003,1.026890e+002
2.132885e+003,1.026865e+002
2.133367e+003,1.026470e+002
2.133849e+003,1.025851e+002
2.134331e+003,1.025200e+002
2.134813e+003,1.024721e+002
2.135295e+003,1.024576e+002
2.135777e+003,1.024848e+002
2.136260e+003,1.025528e+002
2.136741e+003,1.026529e+002
2.137224e+003,1.027716e+002
2.137706e+003,1.028937e+002
2.138188e+003,1.030056e+002
2.138670e+003,1.030967e+002
2.139152e+003,1.031586e+002
2.139634e+003,1.031866e+002
2.140116e+003,1.031808e+002
2.140598e+003,1.031482e+002
2.141081e+003,1.031031e+002
2.141563e+003,1.030645e+002
2.142045e+003,1.030509e+002
2.142527e+003,1.030741e+002
2.143009e+003,1.031333e+002
2.143491e+003,1.032138e+002
2.143973e+003,1.032902e+002
2.144455e+003,1.033364e+002
2.144938e+003,1.033349e+002
2.145420e+003,1.032861e+002
2.145902e+003,1.032079e+002
2.146384e+003,1.031302e+002
2.146866e+003,1.030842e+002
2.147348e+003,1.030908e+002
2.147830e+003,1.031552e+002
2.148312e+003,1.032665e+002
2.148794e+003,1.034045e+002
2.149277e+003,1.035478e+002
2.149759e+003,1.036806e+002
2.150241e+003,1.037943e+002
2.150723e+003,1.038838e+002
2.151205e+003,1.039428e+002
2.151687e+003,1.039631e+002
2.152169e+003,1.039372e+002
2.152651e+003,1.038645e+002
2.153134e+003,1.037566e+002
2.153616e+003,1.036371e+002
2.154098e+003,1.035379e+002
2.154580e+003,1.034895e+002
2.155062e+003,1.035136e+002
2.155544e+003,1.036155e+002
2.156026e+003,1.037861e+002
2.156508e+003,1.040061e+002
2.156990e+003,1.042531e+002
2.157473e+003,1.045062e+002
2.157955e+003,1.047439e+002
2.158437e+003,1.049392e+002
2.158919e+003,1.050562e+002
2.159401e+003,1.050579e+002
2.159883e+003,1.049228e+002
2.160365e+003,1.046584e+002
2.160847e+003,1.043046e+002
2.161330e+003,1.039224e+002
2.161812e+003,1.035743e+002
2.162294e+003,1.033076e+002
2.162776e+003,1.031397e+002
2.163258e+003,1.030553e+002
2.163740e+003,1.030160e+002
2.164222e+003,1.029758e+002
2.164704e+003,1.029024e+002
2.165187e+003,1.027881e+002
2.165668e+003,1.026511e+002
2.166151e+003,1.025239e+002
2.166633e+003,1.024380e+002
2.167115e+003,1.024099e+002
2.167597e+003,1.024358e+002
2.168079e+003,1.024935e+002
2.168561e+003,1.025515e+002
2.169043e+003,1.025785e+002
2.169525e+003,1.025495e+002
2.170008e+003,1.024485e+002
2.170490e+003,1.022677e+002
2.170972e+003,1.020079e+002
2.171454e+003,1.016816e+002
2.171936e+003,1.013144e+002
2.172418e+003,1.009458e+002
2.172900e+003,1.006244e+002
2.173382e+003,1.004000e+002
2.173865e+003,1.003104e+002
2.174347e+003,1.003700e+002
2.174829e+003,1.005617e+002
2.175311e+003,1.008405e+002
2.175793e+003,1.011474e+002
2.176275e+003,1.014296e+002
2.176757e+003,1.016566e+002
2.177239e+003,1.018268e+002
2.177721e+003,1.019596e+002
2.178204e+003,1.020795e+002
2.178686e+003,1.021998e+002
2.179168e+003,1.023136e+002
2.179650e+003,1.023950e+002
2.180132e+003,1.024108e+002
2.180614e+003,1.023354e+002
2.181096e+003,1.021645e+002
2.181578e+003,1.019184e+002
2.182061e+003,1.016372e+002
2.182543e+003,1.013675e+002
2.183025e+003,1.011495e+002
2.183507e+003,1.010059e+002
2.183989e+003,1.009405e+002
2.184471e+003,1.009412e+002
2.184953e+003,1.009881e+002
2.185435e+003,1.010590e+002
2.185917e+003,1.011336e+002
2.186400e+003,1.011950e+002
2.186882e+003,1.012322e+002
2.187364e+003,1.012416e+002
2.187846e+003,1.012284e+002
2.188328e+003,1.012053e+002
2.188810e+003,1.011897e+002
2.189292e+003,1.011969e+002
2.189774e+003,1.012341e+002
2.190257e+003,1.012958e+002
2.190739e+003,1.013647e+002
2.191221e+003,1.014182e+002
2.191703e+003,1.014375e+002
2.192185e+003,1.014173e+002
2.192667e+003,1.013692e+002
2.193149e+003,1.013192e+002
2.193631e+003,1.012985e+002
2.194114e+003,1.013318e+002
2.194595e+003,1.014288e+002
2.195078e+003,1.015798e+002
2.195560e+003,1.017598e+002
2.196042e+003,1.019364e+002
2.196524e+003,1.020796e+002
2.197006e+003,1.021684e+002
2.197488e+003,1.021932e+002
2.197970e+003,1.021547e+002
2.198452e+003,1.020610e+002
2.198935e+003,1.019239e+002
2.199417e+003,1.017570e+002
2.199899e+003,1.015751e+002
2.200381e+003,1.013947e+002
2.200863e+003,1.012330e+002
2.201345e+003,1.011060e+002
2.201827e+003,1.010249e+002
2.202309e+003,1.009941e+002
2.202792e+003,1.010090e+002
2.203274e+003,1.010587e+002
2.203756e+003,1.011295e+002
2.204238e+003,1.012099e+002
2.204720e+003,1.012929e+002
2.205202e+003,1.013765e+002
2.205684e+003,1.014620e+002
2.206166e+003,1.015504e+002
2.206648e+003,1.016404e+002
2.207131e+003,1.017273e+002
2.207613e+003,1.018035e+002
2.208095e+003,1.018609e+002
2.208577e+003,1.018927e+002
2.209059e+003,1.018946e+002
2.209541e+003,1.018649e+002
2.210023e+003,1.018050e+002
2.210505e+003,1.017182e+002
2.210988e+003,1.016099e+002
2.211470e+003,1.014877e+002
2.211952e+003,1.013620e+002
2.212434e+003,1.012457e+002
2.212916e+003,1.011522e+002
2.213398e+003,1.010935e+002
2.213880e+003,1.010772e+002
2.214362e+003,1.011036e+002
2.214844e+003,1.011661e+002
2.215327e+003,1.012519e+002
2.215809e+003,1.013453e+002
2.216291e+003,1.014312e+002
2.216773e+003,1.014975e+002
2.217255e+003,1.015369e+002
2.217737e+003,1.015476e+002
2.218219e+003,1.015320e+002
2.218701e+003,1.014953e+002
2.219184e+003,1.014432e+002
2.219666e+003,1.013817e+002
2.220148e+003,1.013163e+002
2.220630e+003,1.012524e+002
2.221112e+003,1.011958e+002
2.221594e+003,1.011528e+002
2.222076e+003,1.011291e+002
2.222558e+003,1.011290e+002
2.223041e+003,1.011544e+002
2.223522e+003,1.012038e+002
2.224005e+003,1.012730e+002
2.224487e+003,1.013555e+002
2.224969e+003,1.014439e+002
2.225451e+003,1.015317e+002
2.225933e+003,1.016140e+002
2.226415e+003,1.016874e+002
2.226897e+003,1.017499e+002
2.227379e+003,1.017992e+002
2.227862e+003,1.018328e+002
2.228344e+003,1.018481e+002
2.228826e+003,1.018437e+002
2.229308e+003,1.018212e+002
2.229790e+003,1.017854e+002
2.230272e+003,1.017434e+002
2.230754e+003,1.017033e+002
2.231236e+003,1.016718e+002
2.231719e+003,1.016519e+002
2.232201e+003,1.016429e+002
2.232683e+003,1.016409e+002
2.233165e+003,1.016422e+002
2.233647e+003,1.016443e+002
2.234129e+003,1.016471e+002
2.234611e+003,1.016521e+002
2.235093e+003,1.016598e+002
2.235575e+003,1.016685e+002
2.236058e+003,1.016729e+002
2.236540e+003,1.016665e+002
2.237022e+003,1.016449e+002
2.237504e+003,1.016088e+002
2.237986e+003,1.015659e+002
2.238468e+003,1.015291e+002
2.238950e+003,1.015116e+002
2.239432e+003,1.015222e+002
2.239915e+003,1.015600e+002
2.240397e+003,1.016141e+002
2.240879e+003,1.016659e+002
2.241361e+003,1.016958e+002
2.241843e+003,1.016894e+002
2.242325e+003,1.016425e+002
2.242807e+003,1.015626e+002
2.243289e+003,1.014655e+002
2.243771e+003,1.013701e+002
2.244254e+003,1.012933e+002
2.244736e+003,1.012453e+002
2.245218e+003,1.012287e+002
2.245700e+003,1.012397e+002
2.246182e+003,1.012711e+002
2.246664e+003,1.013151e+002
2.247146e+003,1.013649e+002
2.247628e+003,1.014159e+002
2.248111e+003,1.014644e+002
2.248593e+003,1.015081e+002
2.249075e+003,1.015449e+002
2.249557e+003,1.015739e+002
2.250039e+003,1.015947e+002
2.250521e+003,1.016077e+002
2.251003e+003,1.016135e+002
2.251485e+003,1.016123e+002
2.251968e+003,1.016041e+002
2.252449e+003,1.015892e+002
2.252932e+003,1.015686e+002
2.253414e+003,1.015451e+002
2.253896e+003,1.015223e+002
2.254378e+003,1.015039e+002
2.254860e+003,1.014918e+002
2.255342e+003,1.014844e+002
2.255824e+003,1.014767e+002
2.256306e+003,1.014615e+002
2.256789e+003,1.014324e+002
2.257271e+003,1.013861e+002
2.257753e+003,1.013248e+002
2.258235e+003,1.012554e+002
2.258717e+003,1.011878e+002
2.259199e+003,1.011317e+002
2.259681e+003,1.010935e+002
2.260163e+003,1.010749e+002
2.260646e+003,1.010731e+002
2.261128e+003,1.010826e+002
2.261610e+003,1.010980e+002
2.262092e+003,1.011155e+002
2.262574e+003,1.011337e+002
2.263056e+003,1.011526e+002
2.263538e+003,1.011721e+002
2.264020e+003,1.011905e+002
2.264502e+003,1.012037e+002
2.264985e+003,1.012064e+002
2.265467e+003,1.011934e+002
2.265949e+003,1.011620e+002
2.266431e+003,1.011131e+002
2.266913e+003,1.010521e+002
2.267395e+003,1.009883e+002
2.267877e+003,1.009327e+002
2.268359e+003,1.008961e+002
2.268842e+003,1.008865e+002
2.269324e+003,1.009069e+002
2.269806e+003,1.009544e+002
2.270288e+003,1.010206e+002
2.270770e+003,1.010932e+002
2.271252e+003,1.011585e+002
2.271734e+003,1.012053e+002
2.272216e+003,1.012278e+002
2.272698e+003,1.012268e+002
2.273181e+003,1.012090e+002
2.273663e+003,1.011846e+002
2.274145e+003,1.011635e+002
2.274627e+003,1.011516e+002
2.275109e+003,1.011491e+002
2.275591e+003,1.011512e+002
2.276073e+003,1.011501e+002
2.276555e+003,1.011387e+002
2.277038e+003,1.011137e+002
2.277520e+003,1.010770e+002
2.278002e+003,1.010347e+002
2.278484e+003,1.009951e+002
2.278966e+003,1.009654e+002
2.279448e+003,1.009495e+002
2.279930e+003,1.009469e+002
2.280412e+003,1.009531e+002
2.280895e+003,1.009619e+002
2.281376e+003,1.009670e+002
2.281859e+003,1.009641e+002
2.282341e+003,1.009511e+002
2.282823e+003,1.009286e+002
2.283305e+003,1.008986e+002
2.283787e+003,1.008641e+002
2.284269e+003,1.008287e+002
2.284751e+003,1.007956e+002
2.285233e+003,1.007679e+002
2.285716e+003,1.007479e+002
2.286198e+003,1.007366e+002
2.286680e+003,1.007334e+002
2.287162e+003,1.007364e+002
2.287644e+003,1.007424e+002
2.288126e+003,1.007481e+002
2.288608e+003,1.007508e+002
2.289090e+003,1.007495e+002
2.289573e+003,1.007448e+002
2.290055e+003,1.007385e+002
2.290537e+003,1.007332e+002
2.291019e+003,1.007314e+002
2.291501e+003,1.007349e+002
2.291983e+003,1.007447e+002
2.292465e+003,1.007606e+002
2.292947e+003,1.007815e+002
2.293429e+003,1.008056e+002
2.293912e+003,1.008302e+002
2.294394e+003,1.008526e+002
2.294876e+003,1.008696e+002
2.295358e+003,1.008790e+002
2.295840e+003,1.008792e+002
2.296322e+003,1.008700e+002
2.296804e+003,1.008521e+002
2.297286e+003,1.008269e+002
2.297769e+003,1.007960e+002
2.298251e+003,1.007605e+002
2.298733e+003,1.007223e+002
2.299215e+003,1.006834e+002
2.299697e+003,1.006468e+002
2.300179e+003,1.006169e+002
2.300661e+003,1.005982e+002
2.301143e+003,1.005945e+002
2.301625e+003,1.006077e+002
2.302108e+003,1.006363e+002
2.302590e+003,1.006759e+002
2.303072e+003,1.007202e+002
2.303554e+003,1.007627e+002
2.304036e+003,1.007991e+002
2.304518e+003,1.008277e+002
2.305000e+003,1.008496e+002
2.305482e+003,1.008676e+002
2.305965e+003,1.008845e+002
2.306447e+003,1.009022e+002
2.306929e+003,1.009208e+002
2.307411e+003,1.009398e+002
2.307893e+003,1.009590e+002
2.308375e+003,1.009792e+002
2.308857e+003,1.010022e+002
2.309339e+003,1.010304e+002
2.309822e+003,1.010644e+002
2.310303e+003,1.011023e+002
2.310786e+003,1.011392e+002
2.311268e+003,1.011680e+002
2.311750e+003,1.011823e+002
2.312232e+003,1.011783e+002
2.312714e+003,1.011565e+002
2.313196e+003,1.011225e+002
2.313678e+003,1.010847e+002
2.314160e+003,1.010520e+002
2.314643e+003,1.010318e+002
2.315125e+003,1.010276e+002
2.315607e+003,1.010395e+002
2.316089e+003,1.010650e+002
2.316571e+003,1.011012e+002
2.317053e+003,1.011453e+002
2.317535e+003,1.011956e+002
2.318017e+003,1.012512e+002
2.318500e+003,1.013107e+002
2.318982e+003,1.013716e+002
2.319464e+003,1.014304e+002
2.319946e+003,1.014826e+002
2.320428e+003,1.015244e+002
2.320910e+003,1.015534e+002
2.321392e+003,1.015690e+002
2.321874e+003,1.015723e+002
2.322356e+003,1.015653e+002
2.322839e+003,1.015501e+002
2.323321e+003,1.015283e+002
2.323803e+003,1.015017e+002
2.324285e+003,1.014725e+002
2.324767e+003,1.014438e+002
2.325249e+003,1.014194e+002
2.325731e+003,1.014029e+002
2.326213e+003,1.013971e+002
2.326696e+003,1.014029e+002
2.327178e+003,1.014189e+002
2.327660e+003,1.014413e+002
2.328142e+003,1.014646e+002
2.328624e+003,1.014832e+002
2.329106e+003,1.014923e+002
2.329588e+003,1.014895e+002
2.330070e+003,1.014764e+002
2.330552e+003,1.014579e+002
2.331035e+003,1.014415e+002
2.331517e+003,1.014356e+002
2.331999e+003,1.014473e+002
2.332481e+003,1.014800e+002
2.332963e+003,1.015317e+002
2.333445e+003,1.015948e+002
2.333927e+003,1.016568e+002
2.334409e+003,1.017034e+002
2.334892e+003,1.017217e+002
2.335374e+003,1.017036e+002
2.335856e+003,1.016481e+002
2.336338e+003,1.015622e+002
2.336820e+003,1.014588e+002
2.337302e+003,1.013542e+002
2.337784e+003,1.012641e+002
2.338266e+003,1.012004e+002
2.338749e+003,1.011685e+002
2.339230e+003,1.011679e+002
2.339713e+003,1.011924e+002
2.340195e+003,1.012328e+002
2.340677e+003,1.012797e+002
2.341159e+003,1.013252e+002
2.341641e+003,1.013645e+002
2.342123e+003,1.013944e+002
2.342605e+003,1.014107e+002
2.343087e+003,1.014091e+002
2.343570e+003,1.013872e+002
2.344052e+003,1.013499e+002
2.344534e+003,1.013080e+002
2.345016e+003,1.012735e+002
2.345498e+003,1.012523e+002
2.345980e+003,1.012433e+002
2.346462e+003,1.012391e+002
2.346944e+003,1.012323e+002
2.347427e+003,1.012181e+002
2.347909e+003,1.011959e+002
2.348391e+003,1.011687e+002
2.348873e+003,1.011409e+002
2.349355e+003,1.011164e+002
2.349837e+003,1.010966e+002
2.350319e+003,1.010801e+002
2.350801e+003,1.010623e+002
2.351283e+003,1.010366e+002
2.351766e+003,1.009979e+002
2.352248e+003,1.009466e+002
2.352730e+003,1.008914e+002
2.353212e+003,1.008451e+002
2.353694e+003,1.008176e+002
2.354176e+003,1.008105e+002
2.354658e+003,1.008190e+002
2.355140e+003,1.008363e+002
2.355623e+003,1.008581e+002
2.356105e+003,1.008827e+002
2.356587e+003,1.009073e+002
2.357069e+003,1.009256e+002
2.357551e+003,1.009307e+002
2.358033e+003,1.009209e+002
2.358515e+003,1.009037e+002
2.358997e+003,1.008910e+002
2.359479e+003,1.008863e+002
2.359962e+003,1.008770e+002
2.360444e+003,1.008481e+002
2.360926e+003,1.007976e+002
2.361408e+003,1.007384e+002
2.361890e+003,1.006885e+002
2.362372e+003,1.006661e+002
2.362854e+003,1.006830e+002
2.363336e+003,1.007371e+002
2.363819e+003,1.008115e+002
2.364301e+003,1.008810e+002
2.364783e+003,1.009228e+002
2.365265e+003,1.009236e+002
2.365747e+003,1.008852e+002
2.366229e+003,1.008221e+002
2.366711e+003,1.007555e+002
2.367193e+003,1.007046e+002
2.367676e+003,1.006809e+002
2.368157e+003,1.006871e+002
2.368640e+003,1.007185e+002
2.369122e+003,1.007668e+002
2.369604e+003,1.008226e+002
2.370086e+003,1.008779e+002
2.370568e+003,1.009261e+002
2.371050e+003,1.009624e+002
2.371532e+003,1.009838e+002
2.372014e+003,1.009894e+002
2.372497e+003,1.009807e+002
2.372979e+003,1.009610e+002
2.373461e+003,1.009349e+002
2.373943e+003,1.009071e+002
2.374425e+003,1.008808e+002
2.374907e+003,1.008572e+002
2.375389e+003,1.008359e+002
2.375872e+003,1.008154e+002
2.376354e+003,1.007944e+002
2.376836e+003,1.007728e+002
2.377318e+003,1.007514e+002
2.377800e+003,1.007321e+002
2.378282e+003,1.007169e+002
2.378764e+003,1.007073e+002
2.379246e+003,1.007040e+002
2.379729e+003,1.007072e+002
2.380210e+003,1.007168e+002
2.380693e+003,1.007332e+002
2.381175e+003,1.007565e+002
2.381657e+003,1.007870e+002
2.382139e+003,1.008241e+002
2.382621e+003,1.008664e+002
2.383103e+003,1.009115e+002
2.383585e+003,1.009570e+002
2.384067e+003,1.010005e+002
2.384550e+003,1.010404e+002
2.385032e+003,1.010758e+002
2.385514e+003,1.011067e+002
2.385996e+003,1.011332e+002
2.386478e+003,1.011555e+002
2.386960e+003,1.011742e+002
2.387442e+003,1.011898e+002
2.387924e+003,1.012032e+002
2.388406e+003,1.012160e+002
2.388889e+003,1.012298e+002
2.389371e+003,1.012459e+002
2.389853e+003,1.012646e+002
2.390335e+003,1.012852e+002
2.390817e+003,1.013058e+002
2.391299e+003,1.013247e+002
2.391781e+003,1.013403e+002
2.392263e+003,1.013524e+002
2.392746e+003,1.013618e+002
2.393228e+003,1.013699e+002
2.393710e+003,1.013779e+002
2.394192e+003,1.013866e+002
2.394674e+003,1.013955e+002
2.395156e+003,1.014039e+002
2.395638e+003,1.014107e+002
2.396120e+003,1.014154e+002
2.396603e+003,1.014185e+002
2.397085e+003,1.014204e+002
2.397567e+003,1.014221e+002
2.398049e+003,1.014238e+002
2.398531e+003,1.014256e+002
2.399013e+003,1.014273e+002
2.399495e+003,1.014289e+002
2.399977e+003,1.014312e+002
2.400459e+003,1.014356e+002
2.400942e+003,1.014426e+002
2.401424e+003,1.014526e+002
2.401906e+003,1.014641e+002
2.402388e+003,1.014744e+002
2.402870e+003,1.014797e+002
2.403352e+003,1.014767e+002
2.403834e+003,1.014634e+002
2.404316e+003,1.014398e+002
2.404799e+003,1.014079e+002
2.405281e+003,1.013715e+002
2.405763e+003,1.013345e+002
2.406245e+003,1.013008e+002
2.406727e+003,1.012735e+002
2.407209e+003,1.012547e+002
2.407691e+003,1.012455e+002
2.408173e+003,1.012465e+002
2.408656e+003,1.012572e+002
2.409137e+003,1.012763e+002
2.409620e+003,1.013014e+002
2.410102e+003,1.013293e+002
2.410584e+003,1.013564e+002
2.411066e+003,1.013790e+002
2.411548e+003,1.013943e+002
2.412030e+003,1.014003e+002
2.412512e+003,1.013963e+002
2.412994e+003,1.013827e+002
2.413477e+003,1.013611e+002
2.413959e+003,1.013338e+002
2.414441e+003,1.013045e+002
2.414923e+003,1.012773e+002
2.415405e+003,1.012560e+002
2.415887e+003,1.012438e+002
2.416369e+003,1.012416e+002
2.416851e+003,1.012482e+002
2.417333e+003,1.012597e+002
2.417816e+003,1.012711e+002
2.418298e+003,1.012779e+002
2.418780e+003,1.012769e+002
2.419262e+003,1.012675e+002
2.419744e+003,1.012515e+002
2.420226e+003,1.012323e+002
2.420708e+003,1.012133e+002
2.421190e+003,1.011972e+002
2.421673e+003,1.011850e+002
2.422155e+003,1.011764e+002
2.422637e+003,1.011706e+002
2.423119e+003,1.011666e+002
2.423601e+003,1.011636e+002
2.424083e+003,1.011610e+002
2.424565e+003,1.011582e+002
2.425047e+003,1.011540e+002
2.425530e+003,1.011473e+002
2.426012e+003,1.011376e+002
2.426494e+003,1.011253e+002
2.426976e+003,1.011116e+002
2.427458e+003,1.010984e+002
2.427940e+003,1.010869e+002
2.428422e+003,1.010770e+002
2.428904e+003,1.010668e+002
2.429386e+003,1.010535e+002
2.429869e+003,1.010345e+002
2.430351e+003,1.010092e+002
2.430833e+003,1.009800e+002
2.431315e+003,1.009517e+002
2.431797e+003,1.009302e+002
2.432279e+003,1.009200e+002
2.432761e+003,1.009226e+002
2.433243e+003,1.009358e+002
2.433726e+003,1.009543e+002
2.434208e+003,1.009719e+002
2.434690e+003,1.009836e+002
2.435172e+003,1.009876e+002
2.435654e+003,1.009847e+002
2.436136e+003,1.009782e+002
2.436618e+003,1.009712e+002
2.437100e+003,1.009656e+002
2.437583e+003,1.009608e+002
2.438064e+003,1.009546e+002
2.438547e+003,1.009442e+002
2.439029e+003,1.009277e+002
2.439511e+003,1.009051e+002
2.439993e+003,1.008783e+002
2.440475e+003,1.008499e+002
2.440957e+003,1.008225e+002
2.441439e+003,1.007974e+002
2.441921e+003,1.007746e+002
2.442404e+003,1.007526e+002
2.442886e+003,1.007295e+002
2.443368e+003,1.007037e+002
2.443850e+003,1.006743e+002
2.444332e+003,1.006417e+002
2.444814e+003,1.006067e+002
2.445296e+003,1.005711e+002
2.445778e+003,1.005368e+002
2.446260e+003,1.005053e+002
2.446743e+003,1.004778e+002
2.447225e+003,1.004548e+002
2.447707e+003,1.004358e+002
2.448189e+003,1.004199e+002
2.448671e+003,1.004060e+002
2.449153e+003,1.003934e+002
2.449635e+003,1.003828e+002
2.450117e+003,1.003757e+002
2.450600e+003,1.003748e+002
2.451082e+003,1.003821e+002
2.451564e+003,1.003983e+002
2.452046e+003,1.004220e+002
2.452528e+003,1.004496e+002
2.453010e+003,1.004765e+002
2.453492e+003,1.004985e+002
2.453974e+003,1.005137e+002
2.454457e+003,1.005229e+002
2.454939e+003,1.005299e+002
2.455421e+003,1.005403e+002
2.455903e+003,1.005593e+002
2.456385e+003,1.005905e+002
2.456867e+003,1.006347e+002
2.457349e+003,1.006899e+002
2.457831e+003,1.007519e+002
2.458313e+003,1.008154e+002
2.458796e+003,1.008749e+002
2.459278e+003,1.009258e+002
2.459760e+003,1.009641e+002
2.460242e+003,1.009879e+002
2.460724e+003,1.009967e+002
2.461206e+003,1.009922e+002
2.461688e+003,1.009783e+002
2.462170e+003,1.009601e+002
2.462653e+003,1.009436e+002
2.463135e+003,1.009338e+002
2.463617e+003,1.009334e+002
2.464099e+003,1.009421e+002
2.464581e+003,1.009567e+002
2.465063e+003,1.009721e+002
2.465545e+003,1.009827e+002
2.466027e+003,1.009842e+002
2.466510e+003,1.009746e+002
2.466992e+003,1.009548e+002
2.467474e+003,1.009278e+002
2.467956e+003,1.008979e+002
2.468438e+003,1.008693e+002
2.468920e+003,1.008461e+002
2.469402e+003,1.008308e+002
2.469884e+003,1.008249e+002
2.470366e+003,1.008289e+002
2.470849e+003,1.008421e+002
2.471331e+003,1.008632e+002
2.471813e+003,1.008899e+002
2.472295e+003,1.009194e+002
2.472777e+003,1.009484e+002
2.473259e+003,1.009742e+002
2.473741e+003,1.009943e+002
2.474223e+003,1.010070e+002
2.474706e+003,1.010120e+002
2.475188e+003,1.010092e+002
2.475670e+003,1.009995e+002
2.476152e+003,1.009842e+002
2.476634e+003,1.009647e+002
2.477116e+003,1.009428e+002
2.477598e+003,1.009204e+002
2.478080e+003,1.008996e+002
2.478563e+003,1.008821e+002
2.479044e+003,1.008695e+002
2.479527e+003,1.008624e+002
2.480009e+003,1.008609e+002
2.480491e+003,1.008640e+002
2.480973e+003,1.008699e+002
2.481455e+003,1.008763e+002
2.481937e+003,1.008812e+002
2.482419e+003,1.008827e+002
2.482901e+003,1.008801e+002
2.483384e+003,1.008740e+002
2.483866e+003,1.008658e+002
2.484348e+003,1.008574e+002
2.484830e+003,1.008500e+002
2.485312e+003,1.008439e+002
2.485794e+003,1.008374e+002
2.486276e+003,1.008278e+002
2.486758e+003,1.008124e+002
2.487240e+003,1.007899e+002
2.487723e+003,1.007616e+002
2.488205e+003,1.007317e+002
2.488687e+003,1.007066e+002
2.489169e+003,1.006923e+002
2.489651e+003,1.006929e+002
2.490133e+003,1.007079e+002
2.490615e+003,1.007328e+002
2.491097e+003,1.007597e+002
2.491580e+003,1.007805e+002
2.492062e+003,1.007897e+002
2.492544e+003,1.007861e+002
2.493026e+003,1.007736e+002
2.493508e+003,1.007594e+002
2.493990e+003,1.007513e+002
2.494472e+003,1.007551e+002
2.494954e+003,1.007723e+002
2.495437e+003,1.008002e+002
2.495919e+003,1.008328e+002
2.496401e+003,1.008634e+002
2.496883e+003,1.008864e+002
2.497365e+003,1.008989e+002
2.497847e+003,1.009008e+002
2.498329e+003,1.008942e+002
2.498811e+003,1.008822e+002
2.499293e+003,1.008676e+002
2.499776e+003,1.008526e+002
2.500258e+003,1.008387e+002
2.500740e+003,1.008267e+002
2.501222e+003,1.008173e+002
2.501704e+003,1.008112e+002
2.502186e+003,1.008090e+002
2.502668e+003,1.008110e+002
2.503150e+003,1.008171e+002
2.503633e+003,1.008266e+002
2.504115e+003,1.008379e+002
2.504597e+003,1.008489e+002
2.505079e+003,1.008569e+002
2.505561e+003,1.008587e+002
2.506043e+003,1.008521e+002
2.506525e+003,1.008358e+002
2.507007e+003,1.008109e+002
2.507490e+003,1.007811e+002
2.507971e+003,1.007517e+002
2.508454e+003,1.007288e+002
2.508936e+003,1.007170e+002
2.509418e+003,1.007183e+002
2.509900e+003,1.007304e+002
2.510382e+003,1.007479e+002
2.510864e+003,1.007638e+002
2.511346e+003,1.007719e+002
2.511828e+003,1.007686e+002
2.512311e+003,1.007544e+002
2.512793e+003,1.007331e+002
2.513275e+003,1.007101e+002
2.513757e+003,1.006904e+002
2.514239e+003,1.006767e+002
2.514721e+003,1.006692e+002
2.515203e+003,1.006660e+002
2.515685e+003,1.006649e+002
2.516167e+003,1.006639e+002
2.516650e+003,1.006629e+002
2.517132e+003,1.006630e+002
2.517614e+003,1.006657e+002
2.518096e+003,1.006721e+002
2.518578e+003,1.006819e+002
2.519060e+003,1.006938e+002
2.519542e+003,1.007060e+002
2.520024e+003,1.007167e+002
2.520507e+003,1.007251e+002
2.520989e+003,1.007315e+002
2.521471e+003,1.007362e+002
2.521953e+003,1.007403e+002
2.522435e+003,1.007442e+002
2.522917e+003,1.007484e+002
2.523399e+003,1.007533e+002
2.523881e+003,1.007595e+002
2.524364e+003,1.007677e+002
2.524846e+003,1.007786e+002
2.525328e+003,1.007923e+002
2.525810e+003,1.008078e+002
2.526292e+003,1.008236e+002
2.526774e+003,1.008377e+002
2.527256e+003,1.008483e+002
2.527738e+003,1.008546e+002
2.528220e+003,1.008567e+002
2.528703e+003,1.008555e+002
2.529185e+003,1.008523e+002
2.529667e+003,1.008481e+002
2.530149e+003,1.008439e+002
2.530631e+003,1.008403e+002
2.531113e+003,1.008379e+002
2.531595e+003,1.008377e+002
2.532077e+003,1.008404e+002
2.532560e+003,1.008466e+002
2.533042e+003,1.008559e+002
2.533524e+003,1.008671e+002
2.534006e+003,1.008785e+002
2.534488e+003,1.008885e+002
2.534970e+003,1.008964e+002
2.535452e+003,1.009027e+002
2.535934e+003,1.009087e+002
2.536417e+003,1.009160e+002
2.536898e+003,1.009253e+002
2.537381e+003,1.009359e+002
2.537863e+003,1.009461e+002
2.538345e+003,1.009537e+002
2.538827e+003,1.009573e+002
2.539309e+003,1.009573e+002
2.539791e+003,1.009556e+002
2.540273e+003,1.009554e+002
2.540755e+003,1.009595e+002
2.541238e+003,1.009689e+002
2.541720e+003,1.009823e+002
2.542202e+003,1.009967e+002
2.542684e+003,1.010080e+002
2.543166e+003,1.010135e+002
2.543648e+003,1.010120e+002
2.544130e+003,1.010051e+002
2.544612e+003,1.009963e+002
2.545094e+003,1.009895e+002
2.545577e+003,1.009881e+002
2.546059e+003,1.009935e+002
2.546541e+003,1.010048e+002
2.547023e+003,1.010196e+002
2.547505e+003,1.010341e+002
2.547987e+003,1.010445e+002
2.548469e+003,1.010476e+002
2.548951e+003,1.010412e+002
2.549434e+003,1.010246e+002
2.549916e+003,1.009987e+002
2.550398e+003,1.009662e+002
2.550880e+003,1.009308e+002
2.551362e+003,1.008968e+002
2.551844e+003,1.008680e+002
2.552326e+003,1.008470e+002
2.552808e+003,1.008343e+002
2.553291e+003,1.008287e+002
2.553773e+003,1.008275e+002
2.554255e+003,1.008281e+002
2.554737e+003,1.008284e+002
2.555219e+003,1.008281e+002
2.555701e+003,1.008277e+002
2.556183e+003,1.008282e+002
2.556665e+003,1.008299e+002
2.557147e+003,1.008316e+002
2.557630e+003,1.008309e+002
2.558112e+003,1.008250e+002
2.558594e+003,1.008120e+002
2.559076e+003,1.007920e+002
2.559558e+003,1.007677e+002
2.560040e+003,1.007435e+002
2.560522e+003,1.007244e+002
2.561004e+003,1.007142e+002
2.561487e+003,1.007139e+002
2.561969e+003,1.007217e+002
2.562451e+003,1.007339e+002
2.562933e+003,1.007458e+002
2.563415e+003,1.007536e+002
2.563897e+003,1.007556e+002
2.564379e+003,1.007521e+002
2.564861e+003,1.007452e+002
2.565344e+003,1.007374e+002
2.565825e+003,1.007310e+002
2.566308e+003,1.007270e+002
2.566790e+003,1.007254e+002
2.567272e+003,1.007254e+002
2.567754e+003,1.007264e+002
2.568236e+003,1.007280e+002
2.568718e+003,1.007306e+002
2.569200e+003,1.007346e+002
2.569682e+003,1.007405e+002
2.570165e+003,1.007478e+002
2.570647e+003,1.007557e+002
2.571129e+003,1.007630e+002
2.571611e+003,1.007683e+002
2.572093e+003,1.007708e+002
2.572575e+003,1.007707e+002
2.573057e+003,1.007684e+002
2.573539e+003,1.007647e+002
2.574021e+003,1.007603e+002
2.574504e+003,1.007554e+002
2.574986e+003,1.007498e+002
2.575468e+003,1.007430e+002
2.575950e+003,1.007345e+002
2.576432e+003,1.007241e+002
2.576914e+003,1.007125e+002
2.577396e+003,1.007008e+002
2.577878e+003,1.006907e+002
2.578361e+003,1.006842e+002
2.578843e+003,1.006829e+002
2.579325e+003,1.006883e+002
2.579807e+003,1.007008e+002
2.580289e+003,1.007204e+002
2.580771e+003,1.007461e+002
2.581253e+003,1.007758e+002
2.581735e+003,1.008068e+002
2.582218e+003,1.008364e+002
2.582700e+003,1.008618e+002
2.583182e+003,1.008811e+002
2.583664e+003,1.008936e+002
2.584146e+003,1.008996e+002
2.584628e+003,1.009007e+002
2.585110e+003,1.008990e+002
2.585592e+003,1.008962e+002
2.586074e+003,1.008938e+002
2.586557e+003,1.008922e+002
2.587039e+003,1.008916e+002
2.587521e+003,1.008916e+002
2.588003e+003,1.008918e+002
2.588485e+003,1.008919e+002
2.588967e+003,1.008918e+002
2.589449e+003,1.008906e+002
2.589931e+003,1.008873e+002
2.590414e+003,1.008802e+002
2.590896e+003,1.008680e+002
2.591378e+003,1.008498e+002
2.591860e+003,1.008265e+002
2.592342e+003,1.008002e+002
2.592824e+003,1.007748e+002
2.593306e+003,1.007542e+002
2.593788e+003,1.007422e+002
2.594271e+003,1.007407e+002
2.594752e+003,1.007493e+002
2.595235e+003,1.007657e+002
2.595717e+003,1.007859e+002
2.596199e+003,1.008054e+002
2.596681e+003,1.008202e+002
2.597163e+003,1.008276e+002
2.597645e+003,1.008267e+002
2.598127e+003,1.008182e+002
2.598609e+003,1.008038e+002
2.599092e+003,1.007862e+002
2.599574e+003,1.007676e+002
2.600056e+003,1.007502e+002
2.600538e+003,1.007352e+002
2.601020e+003,1.007231e+002
2.601502e+003,1.007138e+002
2.601984e+003,1.007072e+002
2.602466e+003,1.007029e+002
2.602948e+003,1.007012e+002
2.603431e+003,1.007024e+002
2.603913e+003,1.007067e+002
2.604395e+003,1.007140e+002
2.604877e+003,1.007234e+002
2.605359e+003,1.007329e+002
2.605841e+003,1.007403e+002
2.606323e+003,1.007435e+002
2.606805e+003,1.007411e+002
2.607288e+003,1.007331e+002
2.607770e+003,1.007214e+002
2.608252e+003,1.007083e+002
2.608734e+003,1.006965e+002
2.609216e+003,1.006882e+002
2.609698e+003,1.006844e+002
2.610180e+003,1.006848e+002
2.610662e+003,1.006887e+002
2.611145e+003,1.006948e+002
2.611627e+003,1.007021e+002
2.612109e+003,1.007094e+002
2.612591e+003,1.007154e+002
2.613073e+003,1.007183e+002
2.613555e+003,1.007161e+002
2.614037e+003,1.007067e+002
2.614519e+003,1.006891e+002
2.615001e+003,1.006644e+002
2.615484e+003,1.006354e+002
2.615966e+003,1.006066e+002
2.616448e+003,1.005827e+002
2.616930e+003,1.005676e+002
2.617412e+003,1.005631e+002
2.617894e+003,1.005683e+002
2.618376e+003,1.005803e+002
2.618858e+003,1.005958e+002
2.619341e+003,1.006114e+002
2.619823e+003,1.006253e+002
2.620305e+003,1.006367e+002
2.620787e+003,1.006460e+002
2.621269e+003,1.006533e+002
2.621751e+003,1.006585e+002
2.622233e+003,1.006609e+002
2.622715e+003,1.006602e+002
2.623198e+003,1.006564e+002
2.623679e+003,1.006513e+002
2.624162e+003,1.006469e+002
2.624644e+003,1.006459e+002
2.625126e+003,1.006497e+002
2.625608e+003,1.006578e+002
2.626090e+003,1.006678e+002
2.626572e+003,1.006765e+002
2.627054e+003,1.006802e+002
2.627536e+003,1.006770e+002
2.628019e+003,1.006670e+002
2.628501e+003,1.006524e+002
2.628983e+003,1.006369e+002
2.629465e+003,1.006241e+002
2.629947e+003,1.006170e+002
2.630429e+003,1.006168e+002
2.630911e+003,1.006233e+002
2.631393e+003,1.006357e+002
2.631875e+003,1.006522e+002
2.632358e+003,1.006716e+002
2.632840e+003,1.006927e+002
2.633322e+003,1.007144e+002
2.633804e+003,1.007354e+002
2.634286e+003,1.007541e+002
2.634768e+003,1.007691e+002
2.635250e+003,1.007790e+002
2.635732e+003,1.007836e+002
2.636215e+003,1.007835e+002
2.636697e+003,1.007805e+002
2.637179e+003,1.007771e+002
2.637661e+003,1.007758e+002
2.638143e+003,1.007788e+002
2.638625e+003,1.007871e+002
2.639107e+003,1.008008e+002
2.639589e+003,1.008188e+002
2.640072e+003,1.008389e+002
2.640554e+003,1.008589e+002
2.641036e+003,1.008763e+002
2.641518e+003,1.008894e+002
2.642000e+003,1.008974e+002
2.642482e+003,1.009005e+002
2.642964e+003,1.008996e+002
2.643446e+003,1.008960e+002
2.643928e+003,1.008910e+002
2.644411e+003,1.008858e+002
2.644893e+003,1.008811e+002
2.645375e+003,1.008775e+002
2.645857e+003,1.008755e+002
2.646339e+003,1.008757e+002
2.646821e+003,1.008788e+002
2.647303e+003,1.008851e+002
2.647785e+003,1.008947e+002
2.648268e+003,1.009069e+002
2.648750e+003,1.009206e+002
2.649232e+003,1.009346e+002
2.649714e+003,1.009482e+002
2.650196e+003,1.009613e+002
2.650678e+003,1.009751e+002
2.651160e+003,1.009907e+002
2.651642e+003,1.010095e+002
2.652125e+003,1.010317e+002
2.652606e+003,1.010564e+002
2.653089e+003,1.010815e+002
2.653571e+003,1.011044e+002
2.654053e+003,1.011228e+002
2.654535e+003,1.011355e+002
2.655017e+003,1.011425e+002
2.655499e+003,1.011452e+002
2.655981e+003,1.011456e+002
2.656463e+003,1.011458e+002
2.656946e+003,1.011473e+002
2.657428e+003,1.011512e+002
2.657910e+003,1.011576e+002
2.658392e+003,1.011666e+002
2.658874e+003,1.011775e+002
2.659356e+003,1.011895e+002
2.659838e+003,1.012015e+002
2.660320e+003,1.012123e+002
2.660802e+003,1.012205e+002
2.661285e+003,1.012251e+002
2.661767e+003,1.012260e+002
2.662249e+003,1.012242e+002
2.662731e+003,1.012213e+002
2.663213e+003,1.012199e+002
2.663695e+003,1.012218e+002
2.664177e+003,1.012284e+002
2.664659e+003,1.012397e+002
2.665142e+003,1.012547e+002
2.665624e+003,1.012720e+002
2.666106e+003,1.012901e+002
2.666588e+003,1.013082e+002
2.667070e+003,1.013260e+002
2.667552e+003,1.013441e+002
2.668034e+003,1.013628e+002
2.668516e+003,1.013825e+002
2.668999e+003,1.014032e+002
2.669481e+003,1.014245e+002
2.669963e+003,1.014461e+002
2.670445e+003,1.014677e+002
2.670927e+003,1.014891e+002
2.671409e+003,1.015101e+002
2.671891e+003,1.015299e+002
2.672373e+003,1.015472e+002
2.672855e+003,1.015603e+002
2.673338e+003,1.015679e+002
2.673820e+003,1.015691e+002
2.674302e+003,1.015643e+002
2.674784e+003,1.015549e+002
2.675266e+003,1.015432e+002
2.675748e+003,1.015316e+002
2.676230e+003,1.015219e+002
2.676712e+003,1.015149e+002
2.677195e+003,1.015103e+002
2.677677e+003,1.015073e+002
2.678159e+003,1.015051e+002
2.678641e+003,1.015035e+002
2.679123e+003,1.015031e+002
2.679605e+003,1.015050e+002
2.680087e+003,1.015106e+002
2.680569e+003,1.015207e+002
2.681052e+003,1.015354e+002
2.681533e+003,1.015535e+002
2.682016e+003,1.015729e+002
2.682498e+003,1.015913e+002
2.682980e+003,1.016066e+002
2.683462e+003,1.016174e+002
2.683944e+003,1.016236e+002
2.684426e+003,1.016261e+002
2.684908e+003,1.016270e+002
2.685390e+003,1.016285e+002
2.685873e+003,1.016325e+002
2.686355e+003,1.016398e+002
2.686837e+003,1.016502e+002
2.687319e+003,1.016621e+002
2.687801e+003,1.016730e+002
2.688283e+003,1.016805e+002
2.688765e+003,1.016830e+002
2.689247e+003,1.016799e+002
2.689729e+003,1.016722e+002
2.690212e+003,1.016620e+002
2.690694e+003,1.016520e+002
2.691176e+003,1.016443e+002
2.691658e+003,1.016405e+002
2.692140e+003,1.016408e+002
2.692622e+003,1.016441e+002
2.693104e+003,1.016489e+002
2.693586e+003,1.016533e+002
2.694069e+003,1.016556e+002
2.694551e+003,1.016551e+002
2.695033e+003,1.016515e+002
2.695515e+003,1.016452e+002
2.695997e+003,1.016374e+002
2.696479e+003,1.016287e+002
2.696961e+003,1.016202e+002
2.697443e+003,1.016124e+002
2.697926e+003,1.016056e+002
2.698408e+003,1.015996e+002
2.698890e+003,1.015941e+002
2.699372e+003,1.015888e+002
2.699854e+003,1.015833e+002
2.700336e+003,1.015773e+002
2.700818e+003,1.015706e+002
2.701300e+003,1.015630e+002
2.701782e+003,1.015543e+002
2.702265e+003,1.015441e+002
2.702747e+003,1.015322e+002
2.703229e+003,1.015189e+002
2.703711e+003,1.015048e+002
2.704193e+003,1.014913e+002
2.704675e+003,1.014798e+002
2.705157e+003,1.014715e+002
2.705639e+003,1.014668e+002
2.706122e+003,1.014651e+002
2.706604e+003,1.014648e+002
2.707086e+003,1.014641e+002
2.707568e+003,1.014613e+002
2.708050e+003,1.014560e+002
2.708532e+003,1.014491e+002
2.709014e+003,1.014424e+002
2.709496e+003,1.014381e+002
2.709979e+003,1.014377e+002
2.710461e+003,1.014415e+002
2.710943e+003,1.014485e+002
2.711425e+003,1.014564e+002
2.711907e+003,1.014630e+002
2.712389e+003,1.014668e+002
2.712871e+003,1.014677e+002
2.713353e+003,1.014666e+002
2.713835e+003,1.014653e+002
2.714318e+003,1.014655e+002
2.714800e+003,1.014683e+002
2.715282e+003,1.014738e+002
2.715764e+003,1.014817e+002
2.716246e+003,1.014910e+002
2.716728e+003,1.015008e+002
2.717210e+003,1.015105e+002
2.717692e+003,1.015192e+002
2.718175e+003,1.015261e+002
2.718656e+003,1.015301e+002
2.719139e+003,1.015303e+002
2.719621e+003,1.015261e+002
2.720103e+003,1.015178e+002
2.720585e+003,1.015067e+002
2.721067e+003,1.014947e+002
2.721549e+003,1.014838e+002
2.722031e+003,1.014758e+002
2.722513e+003,1.014711e+002
2.722996e+003,1.014695e+002
2.723478e+003,1.014703e+002
2.723960e+003,1.014726e+002
2.724442e+003,1.014765e+002
2.724924e+003,1.014824e+002
2.725406e+003,1.014911e+002
2.725888e+003,1.015033e+002
2.726370e+003,1.015185e+002
2.726853e+003,1.015353e+002
2.727335e+003,1.015515e+002
2.727817e+003,1.015648e+002
2.728299e+003,1.015737e+002
2.728781e+003,1.015777e+002
2.729263e+003,1.015773e+002
2.729745e+003,1.015740e+002
2.730227e+003,1.015692e+002
2.730709e+003,1.015639e+002
2.731192e+003,1.015584e+002
2.731674e+003,1.015530e+002
2.732156e+003,1.015479e+002
2.732638e+003,1.015437e+002
2.733120e+003,1.015414e+002
2.733602e+003,1.015425e+002
2.734084e+003,1.015481e+002
2.734566e+003,1.015585e+002
2.735049e+003,1.015732e+002
2.735531e+003,1.015907e+002
2.736013e+003,1.016089e+002
2.736495e+003,1.016262e+002
2.736977e+003,1.016411e+002
2.737459e+003,1.016533e+002
2.737941e+003,1.016629e+002
2.738423e+003,1.016707e+002
2.738906e+003,1.016773e+002
2.739388e+003,1.016836e+002
2.739870e+003,1.016896e+002
2.740352e+003,1.016952e+002
2.740834e+003,1.016999e+002
2.741316e+003,1.017034e+002
2.741798e+003,1.017053e+002
2.742280e+003,1.017059e+002
2.742762e+003,1.017058e+002
2.743245e+003,1.017062e+002
2.743727e+003,1.017085e+002
2.744209e+003,1.017139e+002
2.744691e+003,1.017231e+002
2.745173e+003,1.017360e+002
2.745655e+003,1.017516e+002
2.746137e+003,1.017681e+002
2.746619e+003,1.017839e+002
2.747102e+003,1.017978e+002
2.747583e+003,1.018090e+002
2.748066e+003,1.018174e+002
2.748548e+003,1.018233e+002
2.749030e+003,1.018270e+002
2.749512e+003,1.018286e+002
2.749994e+003,1.018277e+002
2.750476e+003,1.018239e+002
2.750958e+003,1.018174e+002
2.751440e+003,1.018087e+002
2.751923e+003,1.017992e+002
2.752405e+003,1.017907e+002
2.752887e+003,1.017846e+002
2.753369e+003,1.017820e+002
2.753851e+003,1.017831e+002
2.754333e+003,1.017874e+002
2.754815e+003,1.017937e+002
2.755297e+003,1.018015e+002
2.755780e+003,1.018099e+002
2.756262e+003,1.018189e+002
2.756744e+003,1.018283e+002
2.757226e+003,1.018376e+002
2.757708e+003,1.018463e+002
2.758190e+003,1.018533e+002
2.758672e+003,1.018574e+002
2.759154e+003,1.018581e+002
2.759636e+003,1.018553e+002
2.760119e+003,1.018497e+002
2.760601e+003,1.018425e+002
2.761083e+003,1.018347e+002
2.761565e+003,1.018274e+002
2.762047e+003,1.018210e+002
2.762529e+003,1.018156e+002
2.763011e+003,1.018109e+002
2.763493e+003,1.018069e+002
2.763976e+003,1.018032e+002
2.764458e+003,1.017996e+002
2.764940e+003,1.017957e+002
2.765422e+003,1.017913e+002
2.765904e+003,1.017862e+002
2.766386e+003,1.017805e+002
2.766868e+003,1.017752e+002
2.767350e+003,1.017714e+002
2.767833e+003,1.017708e+002
2.768315e+003,1.017744e+002
2.768797e+003,1.017823e+002
2.769279e+003,1.017933e+002
2.769761e+003,1.018051e+002
2.770243e+003,1.018149e+002
2.770725e+003,1.018205e+002
2.771207e+003,1.018207e+002
2.771689e+003,1.018159e+002
2.772172e+003,1.018079e+002
2.772654e+003,1.017995e+002
2.773136e+003,1.017932e+002
2.773618e+003,1.017907e+002
2.774100e+003,1.017926e+002
2.774582e+003,1.017983e+002
2.775064e+003,1.018064e+002
2.775546e+003,1.018156e+002
2.776029e+003,1.018246e+002
2.776510e+003,1.018329e+002
2.776993e+003,1.018404e+002
2.777475e+003,1.018471e+002
2.777957e+003,1.018533e+002
2.778439e+003,1.018595e+002
2.778921e+003,1.018656e+002
2.779403e+003,1.018719e+002
2.779885e+003,1.018787e+002
2.780367e+003,1.018861e+002
2.780850e+003,1.018941e+002
2.781332e+003,1.019027e+002
2.781814e+003,1.019115e+002
2.782296e+003,1.019200e+002
2.782778e+003,1.019280e+002
2.783260e+003,1.019351e+002
2.783742e+003,1.019416e+002
2.784224e+003,1.019474e+002
2.784707e+003,1.019530e+002
2.785189e+003,1.019584e+002
2.785671e+003,1.019636e+002
2.786153e+003,1.019683e+002
2.786635e+003,1.019725e+002
2.787117e+003,1.019759e+002
2.787599e+003,1.019787e+002
2.788081e+003,1.019811e+002
2.788563e+003,1.019834e+002
2.789046e+003,1.019861e+002
2.789528e+003,1.019894e+002
2.790010e+003,1.019932e+002
2.790492e+003,1.019974e+002
2.790974e+003,1.020017e+002
2.791456e+003,1.020058e+002
2.791938e+003,1.020092e+002
2.792420e+003,1.020118e+002
2.792903e+003,1.020133e+002
2.793385e+003,1.020135e+002
2.793867e+003,1.020125e+002
2.794349e+003,1.020108e+002
2.794831e+003,1.020090e+002
2.795313e+003,1.020080e+002
2.795795e+003,1.020090e+002
2.796277e+003,1.020128e+002
2.796760e+003,1.020198e+002
2.797242e+003,1.020297e+002
2.797724e+003,1.020412e+002
2.798206e+003,1.020525e+002
2.798688e+003,1.020618e+002
2.799170e+003,1.020671e+002
2.799652e+003,1.020678e+002
2.800134e+003,1.020641e+002
2.800616e+003,1.020574e+002
2.801099e+003,1.020498e+002
2.801581e+003,1.020439e+002
2.802063e+003,1.020415e+002
2.802545e+003,1.020437e+002
2.803027e+003,1.020505e+002
2.803509e+003,1.020604e+002
2.803991e+003,1.020717e+002
2.804473e+003,1.020821e+002
2.804956e+003,1.020899e+002
2.805438e+003,1.020940e+002
2.805920e+003,1.020944e+002
2.806402e+003,1.020918e+002
2.806884e+003,1.020875e+002
2.807366e+003,1.020835e+002
2.807848e+003,1.020813e+002
2.808330e+003,1.020825e+002
2.808813e+003,1.020879e+002
2.809294e+003,1.020975e+002
2.809777e+003,1.021106e+002
2.810259e+003,1.021257e+002
2.810741e+003,1.021410e+002
2.811223e+003,1.021548e+002
2.811705e+003,1.021658e+002
2.812187e+003,1.021738e+002
2.812669e+003,1.021789e+002
2.813151e+003,1.021822e+002
2.813634e+003,1.021848e+002
2.814116e+003,1.021876e+002
2.814598e+003,1.021908e+002
2.815080e+003,1.021942e+002
2.815562e+003,1.021973e+002
2.816044e+003,1.021994e+002
2.816526e+003,1.022003e+002
2.817008e+003,1.022000e+002
2.817490e+003,1.021991e+002
2.817973e+003,1.021976e+002
2.818455e+003,1.021958e+002
2.818937e+003,1.021935e+002
2.819419e+003,1.021903e+002
2.819901e+003,1.021863e+002
2.820383e+003,1.021820e+002
2.820865e+003,1.021788e+002
2.821347e+003,1.021783e+002
2.821830e+003,1.021820e+002
2.822312e+003,1.021906e+002
2.822794e+003,1.022039e+002
2.823276e+003,1.022202e+002
2.823758e+003,1.022371e+002
2.824240e+003,1.022520e+002
2.824722e+003,1.022629e+002
2.825204e+003,1.022690e+002
2.825687e+003,1.022704e+002
2.826169e+003,1.022687e+002
2.826651e+003,1.022657e+002
2.827133e+003,1.022632e+002
2.827615e+003,1.022628e+002
2.828097e+003,1.022655e+002
2.828579e+003,1.022715e+002
2.829061e+003,1.022805e+002
2.829543e+003,1.022921e+002
2.830026e+003,1.023051e+002
2.830508e+003,1.023185e+002
2.830990e+003,1.023311e+002
2.831472e+003,1.023418e+002
2.831954e+003,1.023500e+002
2.832436e+003,1.023555e+002
2.832918e+003,1.023584e+002
2.833400e+003,1.023591e+002
2.833883e+003,1.023581e+002
2.834365e+003,1.023556e+002
2.834847e+003,1.023514e+002
2.835329e+003,1.023451e+002
2.835811e+003,1.023367e+002
2.836293e+003,1.023263e+002
2.836775e+003,1.023149e+002
2.837257e+003,1.023041e+002
2.837740e+003,1.022958e+002
2.838221e+003,1.022920e+002
2.838704e+003,1.022937e+002
2.839186e+003,1.023013e+002
2.839668e+003,1.023137e+002
2.840150e+003,1.023290e+002
2.840632e+003,1.023444e+002
2.841114e+003,1.023575e+002
2.841596e+003,1.023663e+002
2.842078e+003,1.023699e+002
2.842561e+003,1.023683e+002
2.843043e+003,1.023629e+002
2.843525e+003,1.023557e+002
2.844007e+003,1.023488e+002
2.844489e+003,1.023442e+002
2.844971e+003,1.023433e+002
2.845453e+003,1.023464e+002
2.845935e+003,1.023534e+002
2.846417e+003,1.023633e+002
2.846900e+003,1.023751e+002
2.847382e+003,1.023875e+002
2.847864e+003,1.023993e+002
2.848346e+003,1.024094e+002
2.848828e+003,1.024168e+002
2.849310e+003,1.024205e+002
2.849792e+003,1.024199e+002
2.850274e+003,1.024150e+002
2.850757e+003,1.024067e+002
2.851239e+003,1.023963e+002
2.851721e+003,1.023859e+002
2.852203e+003,1.023777e+002
2.852685e+003,1.023729e+002
2.853167e+003,1.023717e+002
2.853649e+003,1.023729e+002
2.854131e+003,1.023742e+002
2.854614e+003,1.023727e+002
2.855096e+003,1.023661e+002
2.855578e+003,1.023532e+002
2.856060e+003,1.023346e+002
2.856542e+003,1.023120e+002
2.857024e+003,1.022885e+002
2.857506e+003,1.022672e+002
2.857988e+003,1.022508e+002
2.858470e+003,1.022408e+002
2.858953e+003,1.022379e+002
2.859435e+003,1.022417e+002
2.859917e+003,1.022510e+002
2.860399e+003,1.022641e+002
2.860881e+003,1.022793e+002
2.861363e+003,1.022945e+002
2.861845e+003,1.023078e+002
2.862327e+003,1.023178e+002
2.862810e+003,1.023232e+002
2.863292e+003,1.023238e+002
2.863774e+003,1.023202e+002
2.864256e+003,1.023135e+002
2.864738e+003,1.023053e+002
2.865220e+003,1.022973e+002
2.865702e+003,1.022907e+002
2.866184e+003,1.022863e+002
2.866667e+003,1.022839e+002
2.867148e+003,1.022832e+002
2.867631e+003,1.022831e+002
2.868113e+003,1.022825e+002
2.868595e+003,1.022800e+002
2.869077e+003,1.022747e+002
2.869559e+003,1.022658e+002
2.870041e+003,1.022536e+002
2.870523e+003,1.022389e+002
2.871005e+003,1.022238e+002
2.871488e+003,1.022110e+002
2.871970e+003,1.022038e+002
2.872452e+003,1.022047e+002
2.872934e+003,1.022152e+002
2.873416e+003,1.022351e+002
2.873898e+003,1.022625e+002
2.874380e+003,1.022940e+002
2.874862e+003,1.023256e+002
2.875344e+003,1.023540e+002
2.875827e+003,1.023766e+002
2.876309e+003,1.023931e+002
2.876791e+003,1.024042e+002
2.877273e+003,1.024124e+002
2.877755e+003,1.024199e+002
2.878237e+003,1.024289e+002
2.878719e+003,1.024405e+002
2.879201e+003,1.024541e+002
2.879684e+003,1.024686e+002
2.880166e+003,1.024819e+002
2.880648e+003,1.024921e+002
2.881130e+003,1.024977e+002
2.881612e+003,1.024986e+002
2.882094e+003,1.024954e+002
2.882576e+003,1.024899e+002
2.883058e+003,1.024842e+002
2.883541e+003,1.024804e+002
2.884023e+003,1.024801e+002
2.884505e+003,1.024837e+002
2.884987e+003,1.024910e+002
2.885469e+003,1.025007e+002
2.885951e+003,1.025110e+002
2.886433e+003,1.025203e+002
2.886915e+003,1.025271e+002
2.887397e+003,1.025306e+002
2.887880e+003,1.025306e+002
2.888362e+003,1.025271e+002
2.888844e+003,1.025209e+002
2.889326e+003,1.025124e+002
2.889808e+003,1.025025e+002
2.890290e+003,1.024918e+002
2.890772e+003,1.024809e+002
2.891254e+003,1.024706e+002
2.891737e+003,1.024617e+002
2.892219e+003,1.024548e+002
2.892701e+003,1.024505e+002
2.893183e+003,1.024491e+002
2.893665e+003,1.024505e+002
2.894147e+003,1.024543e+002
2.894629e+003,1.024602e+002
2.895111e+003,1.024675e+002
2.895594e+003,1.024760e+002
2.896075e+003,1.024855e+002
2.896558e+003,1.024959e+002
2.897040e+003,1.025070e+002
2.897522e+003,1.025183e+002
2.898004e+003,1.025290e+002
2.898486e+003,1.025380e+002
2.898968e+003,1.025441e+002
2.899450e+003,1.025466e+002
2.899932e+003,1.025455e+002
2.900415e+003,1.025416e+002
2.900897e+003,1.025365e+002
2.901379e+003,1.025319e+002
2.901861e+003,1.025295e+002
2.902343e+003,1.025303e+002
2.902825e+003,1.025344e+002
2.903307e+003,1.025409e+002
2.903789e+003,1.025489e+002
2.904271e+003,1.025574e+002
2.904754e+003,1.025658e+002
2.905236e+003,1.025743e+002
2.905718e+003,1.025830e+002
2.906200e+003,1.025923e+002
2.906682e+003,1.026018e+002
2.907164e+003,1.026106e+002
2.907646e+003,1.026176e+002
2.908128e+003,1.026218e+002
2.908611e+003,1.026227e+002
2.909093e+003,1.026206e+002
2.909575e+003,1.026168e+002
2.910057e+003,1.026128e+002
2.910539e+003,1.026098e+002
2.911021e+003,1.026083e+002
2.911503e+003,1.026083e+002
2.911985e+003,1.026090e+002
2.912468e+003,1.026098e+002
2.912950e+003,1.026104e+002
2.913432e+003,1.026111e+002
2.913914e+003,1.026123e+002
2.914396e+003,1.026143e+002
2.914878e+003,1.026169e+002
2.915360e+003,1.026193e+002
2.915842e+003,1.026203e+002
2.916324e+003,1.026188e+002
2.916807e+003,1.026145e+002
2.917289e+003,1.026083e+002
2.917771e+003,1.026016e+002
2.918253e+003,1.025964e+002
2.918735e+003,1.025939e+002
2.919217e+003,1.025947e+002
2.919699e+003,1.025984e+002
2.920181e+003,1.026040e+002
2.920664e+003,1.026103e+002
2.921146e+003,1.026167e+002
2.921628e+003,1.026234e+002
2.922110e+003,1.026306e+002
2.922592e+003,1.026388e+002
2.923074e+003,1.026478e+002
2.923556e+003,1.026566e+002
2.924038e+003,1.026638e+002
2.924521e+003,1.026679e+002
2.925002e+003,1.026682e+002
2.925485e+003,1.026647e+002
2.925967e+003,1.026587e+002
2.926449e+003,1.026517e+002
2.926931e+003,1.026453e+002
2.927413e+003,1.026405e+002
2.927895e+003,1.026374e+002
2.928377e+003,1.026358e+002
2.928859e+003,1.026350e+002
2.929342e+003,1.026347e+002
2.929824e+003,1.026347e+002
2.930306e+003,1.026352e+002
2.930788e+003,1.026361e+002
2.931270e+003,1.026373e+002
2.931752e+003,1.026383e+002
2.932234e+003,1.026387e+002
2.932716e+003,1.026379e+002
2.933198e+003,1.026363e+002
2.933681e+003,1.026348e+002
2.934163e+003,1.026334e+002
2.934645e+003,1.026328e+002
2.935127e+003,1.026338e+002
2.935609e+003,1.026362e+002
2.936091e+003,1.026399e+002
2.936573e+003,1.026439e+002
2.937055e+003,1.026475e+002
2.937538e+003,1.026498e+002
2.938020e+003,1.026501e+002
2.938502e+003,1.026480e+002
2.938984e+003,1.026431e+002
2.939466e+003,1.026352e+002
2.939948e+003,1.026247e+002
2.940430e+003,1.026122e+002
2.940912e+003,1.025985e+002
2.941395e+003,1.025847e+002
2.941877e+003,1.025714e+002
2.942359e+003,1.025587e+002
2.942841e+003,1.025462e+002
2.943323e+003,1.025328e+002
2.943805e+003,1.025178e+002
2.944287e+003,1.025008e+002
2.944769e+003,1.024826e+002
2.945251e+003,1.024647e+002
2.945734e+003,1.024491e+002
2.946216e+003,1.024380e+002
2.946698e+003,1.024325e+002
2.947180e+003,1.024328e+002
2.947662e+003,1.024374e+002
2.948144e+003,1.024447e+002
2.948626e+003,1.024528e+002
2.949108e+003,1.024605e+002
2.949591e+003,1.024674e+002
2.950073e+003,1.024743e+002
2.950555e+003,1.024823e+002
2.951037e+003,1.024923e+002
2.951519e+003,1.025046e+002
2.952001e+003,1.025187e+002
2.952483e+003,1.025329e+002
2.952965e+003,1.025456e+002
2.953448e+003,1.025551e+002
2.953929e+003,1.025602e+002
2.954412e+003,1.025607e+002
2.954894e+003,1.025575e+002
2.955376e+003,1.025518e+002
2.955858e+003,1.025453e+002
2.956340e+003,1.025395e+002
2.956822e+003,1.025353e+002
2.957304e+003,1.025331e+002
2.957786e+003,1.025326e+002
2.958269e+003,1.025330e+002
2.958751e+003,1.025329e+002
2.959233e+003,1.025315e+002
2.959715e+003,1.025282e+002
2.960197e+003,1.025231e+002
2.960679e+003,1.025170e+002
2.961161e+003,1.025111e+002
2.961643e+003,1.025070e+002
2.962125e+003,1.025056e+002
2.962608e+003,1.025074e+002
2.963090e+003,1.025118e+002
2.963572e+003,1.025175e+002
2.964054e+003,1.025229e+002
2.964536e+003,1.025262e+002
2.965018e+003,1.025260e+002
2.965500e+003,1.025214e+002
2.965982e+003,1.025122e+002
2.966465e+003,1.024987e+002
2.966947e+003,1.024814e+002
2.967429e+003,1.024612e+002
2.967911e+003,1.024390e+002
2.968393e+003,1.024160e+002
2.968875e+003,1.023933e+002
2.969357e+003,1.023723e+002
2.969839e+003,1.023543e+002
2.970322e+003,1.023401e+002
2.970804e+003,1.023303e+002
2.971286e+003,1.023245e+002
2.971768e+003,1.023216e+002
2.972250e+003,1.023203e+002
2.972732e+003,1.023192e+002
2.973214e+003,1.023171e+002
2.973696e+003,1.023138e+002
2.974178e+003,1.023100e+002
2.974661e+003,1.023068e+002
2.975143e+003,1.023059e+002
2.975625e+003,1.023085e+002
2.976107e+003,1.023151e+002
2.976589e+003,1.023248e+002
2.977071e+003,1.023360e+002
2.977553e+003,1.023461e+002
2.978035e+003,1.023524e+002
2.978518e+003,1.023530e+002
2.979000e+003,1.023472e+002
2.979482e+003,1.023359e+002
2.979964e+003,1.023213e+002
2.980446e+003,1.023070e+002
2.980928e+003,1.022963e+002
2.981410e+003,1.022921e+002
2.981892e+003,1.022959e+002
2.982375e+003,1.023075e+002
2.982856e+003,1.023252e+002
2.983339e+003,1.023464e+002
2.983821e+003,1.023683e+002
2.984303e+003,1.023884e+002
2.984785e+003,1.024055e+002
2.985267e+003,1.024190e+002
2.985749e+003,1.024293e+002
2.986231e+003,1.024368e+002
2.986713e+003,1.024419e+002
2.987196e+003,1.024447e+002
2.987678e+003,1.024451e+002
2.988160e+003,1.024433e+002
2.988642e+003,1.024396e+002
2.989124e+003,1.024353e+002
2.989606e+003,1.024321e+002
2.990088e+003,1.024318e+002
2.990570e+003,1.024354e+002
2.991052e+003,1.024435e+002
2.991535e+003,1.024551e+002
2.992017e+003,1.024685e+002
2.992499e+003,1.024817e+002
2.992981e+003,1.024926e+002
2.993463e+003,1.025001e+002
2.993945e+003,1.025038e+002
2.994427e+003,1.025043e+002
2.994909e+003,1.025029e+002
2.995392e+003,1.025012e+002
2.995874e+003,1.025007e+002
2.996356e+003,1.025025e+002
2.996838e+003,1.025075e+002
2.997320e+003,1.025155e+002
2.997802e+003,1.025257e+002
2.998284e+003,1.025366e+002
2.998766e+003,1.025462e+002
2.999249e+003,1.025519e+002
2.999731e+003,1.025522e+002
3.000213e+003,1.025465e+002
3.000695e+003,1.025362e+002
3.001177e+003,1.025240e+002
3.001659e+003,1.025141e+002
3.002141e+003,1.025100e+002
3.002623e+003,1.025141e+002
3.003105e+003,1.025264e+002
3.003588e+003,1.025440e+002
3.004070e+003,1.025622e+002
3.004552e+003,1.025758e+002
3.005034e+003,1.025807e+002
3.005516e+003,1.025751e+002
3.005998e+003,1.025601e+002
3.006480e+003,1.025396e+002
3.006962e+003,1.025184e+002
3.007445e+003,1.025017e+002
3.007927e+003,1.024929e+002
3.008409e+003,1.024937e+002
3.008891e+003,1.025040e+002
3.009373e+003,1.025218e+002
3.009855e+003,1.025447e+002
3.010337e+003,1.025702e+002
3.010819e+003,1.025956e+002
3.011302e+003,1.026186e+002
3.011783e+003,1.026370e+002
3.012266e+003,1.026491e+002
3.012748e+003,1.026538e+002
3.013230e+003,1.026511e+002
3.013712e+003,1.026424e+002
3.014194e+003,1.026300e+002
3.014676e+003,1.026169e+002
3.015158e+003,1.026059e+002
3.015640e+003,1.025987e+002
3.016123e+003,1.025957e+002
3.016605e+003,1.025959e+002
3.017087e+003,1.025977e+002
3.017569e+003,1.025992e+002
3.018051e+003,1.025992e+002
3.018533e+003,1.025973e+002
3.019015e+003,1.025941e+002
3.019497e+003,1.025907e+002
3.019979e+003,1.025878e+002
3.020462e+003,1.025861e+002
3.020944e+003,1.025853e+002
3.021426e+003,1.025850e+002
3.021908e+003,1.025844e+002
3.022390e+003,1.025828e+002
3.022872e+003,1.025797e+002
3.023354e+003,1.025749e+002
3.023836e+003,1.025683e+002
3.024319e+003,1.025599e+002
3.024801e+003,1.025498e+002
3.025283e+003,1.025381e+002
3.025765e+003,1.025252e+002
3.026247e+003,1.025114e+002
3.026729e+003,1.024975e+002
3.027211e+003,1.024840e+002
3.027693e+003,1.024713e+002
3.028176e+003,1.024597e+002
3.028658e+003,1.024491e+002
3.029140e+003,1.024389e+002
3.029622e+003,1.024286e+002
3.030104e+003,1.024177e+002
3.030586e+003,1.024057e+002
3.031068e+003,1.023926e+002
3.031550e+003,1.023784e+002
3.032032e+003,1.023638e+002
3.032515e+003,1.023495e+002
3.032997e+003,1.023363e+002
3.033479e+003,1.023251e+002
3.033961e+003,1.023163e+002
3.034443e+003,1.023100e+002
3.034925e+003,1.023059e+002
3.035407e+003,1.023031e+002
3.035889e+003,1.023006e+002
3.036372e+003,1.022976e+002
3.036854e+003,1.022931e+002
3.037336e+003,1.022864e+002
3.037818e+003,1.022770e+002
3.038300e+003,1.022643e+002
3.038782e+003,1.022484e+002
3.039264e+003,1.022298e+002
3.039746e+003,1.022097e+002
3.040229e+003,1.021905e+002
3.040711e+003,1.021752e+002
3.041193e+003,1.021668e+002
3.041675e+003,1.021676e+002
3.042157e+003,1.021786e+002
3.042639e+003,1.021987e+002
3.043121e+003,1.022255e+002
3.043603e+003,1.022558e+002
3.044085e+003,1.022864e+002
3.044568e+003,1.023156e+002
3.045050e+003,1.023428e+002
3.045532e+003,1.023687e+002
3.046014e+003,1.023939e+002
3.046496e+003,1.024185e+002
3.046978e+003,1.024413e+002
3.047460e+003,1.024602e+002
3.047942e+003,1.024729e+002
3.048425e+003,1.024783e+002
3.048906e+003,1.024771e+002
3.049389e+003,1.024723e+002
3.049871e+003,1.024683e+002
3.050353e+003,1.024690e+002
3.050835e+003,1.024773e+002
3.051317e+003,1.024935e+002
3.051799e+003,1.025154e+002
3.052281e+003,1.025391e+002
3.052763e+003,1.025605e+002
3.053246e+003,1.025762e+002
3.053728e+003,1.025845e+002
3.054210e+003,1.025855e+002
3.054692e+003,1.025811e+002
3.055174e+003,1.025738e+002
3.055656e+003,1.025664e+002
3.056138e+003,1.025616e+002
3.056620e+003,1.025616e+002
3.057103e+003,1.025681e+002
3.057585e+003,1.025820e+002
3.058067e+003,1.026032e+002
3.058549e+003,1.026303e+002
3.059031e+003,1.026610e+002
3.059513e+003,1.026921e+002
3.059995e+003,1.027205e+002
3.060477e+003,1.027443e+002
3.060959e+003,1.027628e+002
3.061442e+003,1.027771e+002
3.061924e+003,1.027890e+002
3.062406e+003,1.028009e+002
3.062888e+003,1.028143e+002
3.063370e+003,1.028298e+002
3.063852e+003,1.028470e+002
3.064334e+003,1.028649e+002
3.064816e+003,1.028824e+002
3.065299e+003,1.028987e+002
3.065781e+003,1.029134e+002
3.066263e+003,1.029260e+002
3.066745e+003,1.029359e+002
3.067227e+003,1.029420e+002
3.067709e+003,1.029437e+002
3.068191e+003,1.029406e+002
3.068673e+003,1.029338e+002
3.069156e+003,1.029252e+002
3.069638e+003,1.029174e+002
3.070120e+003,1.029131e+002
3.070602e+003,1.029138e+002
3.071084e+003,1.029198e+002
3.071566e+003,1.029297e+002
3.072048e+003,1.029412e+002
3.072530e+003,1.029517e+002
3.073012e+003,1.029595e+002
3.073495e+003,1.029633e+002
3.073977e+003,1.029635e+002
3.074459e+003,1.029604e+002
3.074941e+003,1.029550e+002
3.075423e+003,1.029480e+002
3.075905e+003,1.029400e+002
3.076387e+003,1.029320e+002
3.076869e+003,1.029246e+002
3.077352e+003,1.029188e+002
3.077833e+003,1.029152e+002
3.078316e+003,1.029139e+002
3.078798e+003,1.029150e+002
3.079280e+003,1.029180e+002
3.079762e+003,1.029232e+002
3.080244e+003,1.029311e+002
3.080726e+003,1.029429e+002
3.081208e+003,1.029600e+002
3.081690e+003,1.029830e+002
3.082173e+003,1.030114e+002
3.082655e+003,1.030430e+002
3.083137e+003,1.030745e+002
3.083619e+003,1.031022e+002
3.084101e+003,1.031232e+002
3.084583e+003,1.031360e+002
3.085065e+003,1.031414e+002
3.085547e+003,1.031411e+002
3.086030e+003,1.031379e+002
3.086512e+003,1.031344e+002
3.086994e+003,1.031327e+002
3.087476e+003,1.031341e+002
3.087958e+003,1.031394e+002
3.088440e+003,1.031492e+002
3.088922e+003,1.031634e+002
3.089404e+003,1.031817e+002
3.089886e+003,1.032025e+002
3.090369e+003,1.032235e+002
3.090851e+003,1.032421e+002
3.091333e+003,1.032557e+002
3.091815e+003,1.032635e+002
3.092297e+003,1.032662e+002
3.092779e+003,1.032664e+002
3.093261e+003,1.032668e+002
3.093743e+003,1.032699e+002
3.094226e+003,1.032760e+002
3.094708e+003,1.032832e+002
3.095190e+003,1.032884e+002
3.095672e+003,1.032886e+002
3.096154e+003,1.032823e+002
3.096636e+003,1.032708e+002
3.097118e+003,1.032575e+002
3.097600e+003,1.032469e+002
3.098083e+003,1.032432e+002
3.098565e+003,1.032479e+002
3.099047e+003,1.032602e+002
3.099529e+003,1.032769e+002
3.100011e+003,1.032940e+002
3.100493e+003,1.033075e+002
3.100975e+003,1.033156e+002
3.101457e+003,1.033180e+002
3.101939e+003,1.033163e+002
3.102422e+003,1.033124e+002
3.102904e+003,1.033083e+002
3.103386e+003,1.033053e+002
3.103868e+003,1.033038e+002
3.104350e+003,1.033035e+002
3.104832e+003,1.033038e+002
3.105314e+003,1.033040e+002
3.105796e+003,1.033028e+002
3.106279e+003,1.032994e+002
3.106760e+003,1.032928e+002
3.107243e+003,1.032827e+002
3.107725e+003,1.032694e+002
3.108207e+003,1.032543e+002
3.108689e+003,1.032390e+002
3.109171e+003,1.032249e+002
3.109653e+003,1.032130e+002
3.110135e+003,1.032033e+002
3.110617e+003,1.031957e+002
3.111100e+003,1.031898e+002
3.111582e+003,1.031860e+002
3.112064e+003,1.031854e+002
3.112546e+003,1.031898e+002
3.113028e+003,1.032003e+002
3.113510e+003,1.032165e+002
3.113992e+003,1.032361e+002
3.114474e+003,1.032551e+002
3.114957e+003,1.032689e+002
3.115439e+003,1.032743e+002
3.115921e+003,1.032697e+002
3.116403e+003,1.032564e+002
3.116885e+003,1.032371e+002
3.117367e+003,1.032149e+002
3.117849e+003,1.031919e+002
3.118331e+003,1.031687e+002
3.118813e+003,1.031447e+002
3.119296e+003,1.031188e+002
3.119778e+003,1.030917e+002
3.120260e+003,1.030655e+002
3.120742e+003,1.030440e+002
3.121224e+003,1.030314e+002
3.121706e+003,1.030302e+002
3.122188e+003,1.030401e+002
3.122670e+003,1.030582e+002
3.123153e+003,1.030795e+002
3.123635e+003,1.030987e+002
3.124117e+003,1.031125e+002
3.124599e+003,1.031199e+002
3.125081e+003,1.031228e+002
3.125563e+003,1.031237e+002
3.126045e+003,1.031254e+002
3.126527e+003,1.031286e+002
3.127010e+003,1.031324e+002
3.127492e+003,1.031344e+002
3.127974e+003,1.031323e+002
3.128456e+003,1.031254e+002
3.128938e+003,1.031148e+002
3.129420e+003,1.031036e+002
3.129902e+003,1.030959e+002
3.130384e+003,1.030958e+002
3.130866e+003,1.031059e+002
3.131349e+003,1.031269e+002
3.131831e+003,1.031577e+002
3.132313e+003,1.031951e+002
3.132795e+003,1.032349e+002
3.133277e+003,1.032728e+002
3.133759e+003,1.033050e+002
3.134241e+003,1.033288e+002
3.134723e+003,1.033430e+002
3.135206e+003,1.033482e+002
3.135688e+003,1.033466e+002
3.136170e+003,1.033412e+002
3.136652e+003,1.033352e+002
3.137134e+003,1.033316e+002
3.137616e+003,1.033319e+002
3.138098e+003,1.033366e+002
3.138580e+003,1.033451e+002
3.139063e+003,1.033562e+002
3.139544e+003,1.033683e+002
3.140027e+003,1.033805e+002
3.140509e+003,1.033921e+002
3.140991e+003,1.034031e+002
3.141473e+003,1.034137e+002
3.141955e+003,1.034249e+002
3.142437e+003,1.034375e+002
3.142919e+003,1.034530e+002
3.143401e+003,1.034725e+002
3.143884e+003,1.034967e+002
3.144366e+003,1.035254e+002
3.144848e+003,1.035569e+002
3.145330e+003,1.035880e+002
3.145812e+003,1.036151e+002
3.146294e+003,1.036347e+002
3.146776e+003,1.036447e+002
3.147258e+003,1.036451e+002
3.147740e+003,1.036383e+002
3.148223e+003,1.036282e+002
3.148705e+003,1.036192e+002
3.149187e+003,1.036149e+002
3.149669e+003,1.036174e+002
3.150151e+003,1.036268e+002
3.150633e+003,1.036419e+002
3.151115e+003,1.036603e+002
3.151597e+003,1.036802e+002
3.152080e+003,1.036999e+002
3.152562e+003,1.037184e+002
3.153044e+003,1.037351e+002
3.153526e+003,1.037496e+002
3.154008e+003,1.037614e+002
3.154490e+003,1.037702e+002
3.154972e+003,1.037760e+002
3.155454e+003,1.037794e+002
3.155937e+003,1.037816e+002
3.156419e+003,1.037846e+002
3.156901e+003,1.037904e+002
3.157383e+003,1.038007e+002
3.157865e+003,1.038165e+002
3.158347e+003,1.038373e+002
3.158829e+003,1.038614e+002
3.159311e+003,1.038857e+002
3.159793e+003,1.039063e+002
3.160276e+003,1.039193e+002
3.160758e+003,1.039216e+002
3.161240e+003,1.039123e+002
3.161722e+003,1.038926e+002
3.162204e+003,1.038668e+002
3.162686e+003,1.038405e+002
3.163168e+003,1.038197e+002
3.163650e+003,1.038086e+002
3.164133e+003,1.038092e+002
3.164615e+003,1.038200e+002
3.165097e+003,1.038372e+002
3.165579e+003,1.038563e+002
3.166061e+003,1.038731e+002
3.166543e+003,1.038858e+002
3.167025e+003,1.038945e+002
3.167507e+003,1.039009e+002
3.167990e+003,1.039068e+002
3.168471e+003,1.039128e+002
3.168954e+003,1.039183e+002
3.169436e+003,1.039218e+002
3.169918e+003,1.039220e+002
3.170400e+003,1.039188e+002
3.170882e+003,1.039139e+002
3.171364e+003,1.039108e+002
3.171846e+003,1.039125e+002
3.172328e+003,1.039212e+002
3.172811e+003,1.039365e+002
3.173293e+003,1.039559e+002
3.173775e+003,1.039754e+002
3.174257e+003,1.039917e+002
3.174739e+003,1.040030e+002
3.175221e+003,1.040100e+002
3.175703e+003,1.040147e+002
3.176185e+003,1.040199e+002
3.176667e+003,1.040270e+002
3.177150e+003,1.040358e+002
3.177632e+003,1.040444e+002
3.178114e+003,1.040503e+002
3.178596e+003,1.040519e+002
3.179078e+003,1.040491e+002
3.179560e+003,1.040443e+002
3.180042e+003,1.040407e+002
3.180524e+003,1.040417e+002
3.181007e+003,1.040494e+002
3.181489e+003,1.040642e+002
3.181971e+003,1.040849e+002
3.182453e+003,1.041094e+002
3.182935e+003,1.041361e+002
3.183417e+003,1.041641e+002
3.183899e+003,1.041932e+002
3.184381e+003,1.042235e+002
3.184864e+003,1.042548e+002
3.185346e+003,1.042856e+002
3.185828e+003,1.043137e+002
3.186310e+003,1.043369e+002
3.186792e+003,1.043532e+002
3.187274e+003,1.043624e+002
3.187756e+003,1.043655e+002
3.188238e+003,1.043646e+002
3.188720e+003,1.043626e+002
3.189203e+003,1.043616e+002
3.189685e+003,1.043634e+002
3.190167e+003,1.043686e+002
3.190649e+003,1.043772e+002
3.191131e+003,1.043883e+002
3.191613e+003,1.044010e+002
3.192095e+003,1.044138e+002
3.192577e+003,1.044250e+002
3.193060e+003,1.044330e+002
3.193542e+003,1.044364e+002
3.194024e+003,1.044346e+002
3.194506e+003,1.044283e+002
3.194988e+003,1.044193e+002
3.195470e+003,1.044106e+002
3.195952e+003,1.044050e+002
3.196434e+003,1.044047e+002
3.196917e+003,1.044104e+002
3.197398e+003,1.044215e+002
3.197881e+003,1.044357e+002
3.198363e+003,1.044510e+002
3.198845e+003,1.044657e+002
3.199327e+003,1.044796e+002
3.199809e+003,1.044932e+002
3.200291e+003,1.045080e+002
3.200773e+003,1.045248e+002
3.201255e+003,1.045440e+002
3.201738e+003,1.045642e+002
3.202220e+003,1.045835e+002
3.202702e+003,1.045996e+002
3.203184e+003,1.046108e+002
3.203666e+003,1.046165e+002
3.204148e+003,1.046173e+002
3.204630e+003,1.046144e+002
3.205112e+003,1.046098e+002
3.205594e+003,1.046053e+002
3.206077e+003,1.046024e+002
3.206559e+003,1.046027e+002
3.207041e+003,1.046073e+002
3.207523e+003,1.046169e+002
3.208005e+003,1.046317e+002
3.208487e+003,1.046505e+002
3.208969e+003,1.046710e+002
3.209451e+003,1.046897e+002
3.209934e+003,1.047030e+002
3.210416e+003,1.047080e+002
3.210898e+003,1.047039e+002
3.211380e+003,1.046926e+002
3.211862e+003,1.046780e+002
3.212344e+003,1.046651e+002
3.212826e+003,1.046585e+002
3.213308e+003,1.046604e+002
3.213791e+003,1.046706e+002
3.214273e+003,1.046858e+002
3.214755e+003,1.047014e+002
3.215237e+003,1.047132e+002
3.215719e+003,1.047185e+002
3.216201e+003,1.047175e+002
3.216683e+003,1.047127e+002
3.217165e+003,1.047076e+002
3.217647e+003,1.047062e+002
3.218130e+003,1.047108e+002
3.218612e+003,1.047219e+002
3.219094e+003,1.047381e+002
3.219576e+003,1.047565e+002
3.220058e+003,1.047742e+002
3.220540e+003,1.047887e+002
3.221022e+003,1.047983e+002
3.221504e+003,1.048025e+002
3.221987e+003,1.048023e+002
3.222469e+003,1.047991e+002
3.222951e+003,1.047953e+002
3.223433e+003,1.047935e+002
3.223915e+003,1.047964e+002
3.224397e+003,1.048057e+002
3.224879e+003,1.048222e+002
3.225361e+003,1.048450e+002
3.225844e+003,1.048715e+002
3.226325e+003,1.048980e+002
3.226808e+003,1.049205e+002
3.227290e+003,1.049357e+002
3.227772e+003,1.049419e+002
3.228254e+003,1.049396e+002
3.228736e+003,1.049308e+002
3.229218e+003,1.049191e+002
3.229700e+003,1.049081e+002
3.230182e+003,1.049010e+002
3.230665e+003,1.048997e+002
3.231147e+003,1.049049e+002
3.231629e+003,1.049159e+002
3.232111e+003,1.049314e+002
3.232593e+003,1.049498e+002
3.233075e+003,1.049699e+002
3.233557e+003,1.049908e+002
3.234039e+003,1.050118e+002
3.234521e+003,1.050328e+002
3.235004e+003,1.050530e+002
3.235486e+003,1.050715e+002
3.235968e+003,1.050867e+002
3.236450e+003,1.050970e+002
3.236932e+003,1.051012e+002
3.237414e+003,1.050994e+002
3.237896e+003,1.050928e+002
3.238378e+003,1.050844e+002
3.238861e+003,1.050779e+002
3.239343e+003,1.050766e+002
3.239825e+003,1.050821e+002
3.240307e+003,1.050941e+002
3.240789e+003,1.051100e+002
3.241271e+003,1.051259e+002
3.241753e+003,1.051379e+002
3.242235e+003,1.051438e+002
3.242718e+003,1.051433e+002
3.243200e+003,1.051384e+002
3.243682e+003,1.051322e+002
3.244164e+003,1.051280e+002
3.244646e+003,1.051277e+002
3.245128e+003,1.051320e+002
3.245610e+003,1.051405e+002
3.246092e+003,1.051525e+002
3.246574e+003,1.051678e+002
3.247057e+003,1.051864e+002
3.247539e+003,1.052083e+002
3.248021e+003,1.052324e+002
3.248503e+003,1.052558e+002
3.248985e+003,1.052745e+002
3.249467e+003,1.052841e+002
3.249949e+003,1.052818e+002
3.250431e+003,1.052677e+002
3.250914e+003,1.052455e+002
3.251396e+003,1.052213e+002
3.251878e+003,1.052024e+002
3.252360e+003,1.051940e+002
3.252842e+003,1.051983e+002
3.253324e+003,1.052138e+002
3.253806e+003,1.052357e+002
3.254288e+003,1.052580e+002
3.254771e+003,1.052757e+002
3.255252e+003,1.052853e+002
3.255735e+003,1.052862e+002
3.256217e+003,1.052792e+002
3.256699e+003,1.052665e+002
3.257181e+003,1.052504e+002
3.257663e+003,1.052333e+002
3.258145e+003,1.052178e+002
3.258627e+003,1.052065e+002
3.259109e+003,1.052020e+002
3.259592e+003,1.052064e+002
3.260074e+003,1.052199e+002
3.260556e+003,1.052412e+002
3.261038e+003,1.052671e+002
3.261520e+003,1.052933e+002
3.262002e+003,1.053160e+002
3.262484e+003,1.053328e+002
3.262966e+003,1.053430e+002
3.263448e+003,1.053477e+002
3.263931e+003,1.053483e+002
3.264413e+003,1.053457e+002
3.264895e+003,1.053401e+002
3.265377e+003,1.053307e+002
3.265859e+003,1.053173e+002
3.266341e+003,1.053003e+002
3.266823e+003,1.052818e+002
3.267305e+003,1.052646e+002
3.267788e+003,1.052512e+002
3.268270e+003,1.052427e+002
3.268752e+003,1.052382e+002
3.269234e+003,1.052350e+002
3.269716e+003,1.052300e+002
3.270198e+003,1.052210e+002
3.270680e+003,1.052077e+002
3.271162e+003,1.051915e+002
3.271645e+003,1.051754e+002
3.272127e+003,1.051618e+002
3.272609e+003,1.051519e+002
3.273091e+003,1.051452e+002
3.273573e+003,1.051402e+002
3.274055e+003,1.051351e+002
3.274537e+003,1.051293e+002
3.275019e+003,1.051239e+002
3.275501e+003,1.051212e+002
3.275984e+003,1.051240e+002
3.276466e+003,1.051338e+002
3.276948e+003,1.051507e+002
3.277430e+003,1.051726e+002
3.277912e+003,1.051964e+002
3.278394e+003,1.052192e+002
3.278876e+003,1.052385e+002
3.279358e+003,1.052534e+002
3.279841e+003,1.052644e+002
3.280323e+003,1.052725e+002
3.280805e+003,1.052791e+002
3.281287e+003,1.052852e+002
3.281769e+003,1.052917e+002
3.282251e+003,1.052986e+002
3.282733e+003,1.053058e+002
3.283215e+003,1.053127e+002
3.283698e+003,1.053183e+002
3.284179e+003,1.053218e+002
3.284662e+003,1.053227e+002
3.285144e+003,1.053214e+002
3.285626e+003,1.053188e+002
3.286108e+003,1.053171e+002
3.286590e+003,1.053183e+002
3.287072e+003,1.053243e+002
3.287554e+003,1.053353e+002
3.288036e+003,1.053504e+002
3.288519e+003,1.053676e+002
3.289001e+003,1.053845e+002
3.289483e+003,1.053993e+002
3.289965e+003,1.054112e+002
3.290447e+003,1.054203e+002
3.290929e+003,1.054269e+002
3.291411e+003,1.054307e+002
3.291893e+003,1.054306e+002
3.292375e+003,1.054251e+002
3.292858e+003,1.054128e+002
3.293340e+003,1.053941e+002
3.293822e+003,1.053711e+002
3.294304e+003,1.053481e+002
3.294786e+003,1.053297e+002
3.295268e+003,1.053200e+002
3.295750e+003,1.053204e+002
3.296232e+003,1.053294e+002
3.296715e+003,1.053429e+002
3.297197e+003,1.053556e+002
3.297679e+003,1.053626e+002
3.298161e+003,1.053610e+002
3.298643e+003,1.053506e+002
3.299125e+003,1.053336e+002
3.299607e+003,1.053137e+002
3.300089e+003,1.052951e+002
3.300572e+003,1.052813e+002
3.301054e+003,1.052745e+002
3.301536e+003,1.052755e+002
3.302018e+003,1.052832e+002
3.302500e+003,1.052958e+002
3.302982e+003,1.053105e+002
3.303464e+003,1.053243e+002
3.303946e+003,1.053346e+002
3.304428e+003,1.053404e+002
3.304911e+003,1.053420e+002
3.305393e+003,1.053417e+002
3.305875e+003,1.053428e+002
3.306357e+003,1.053485e+002
3.306839e+003,1.053609e+002
3.307321e+003,1.053798e+002
3.307803e+003,1.054030e+002
3.308285e+003,1.054265e+002
3.308768e+003,1.054464e+002
3.309250e+003,1.054597e+002
3.309732e+003,1.054655e+002
3.310214e+003,1.054653e+002
3.310696e+003,1.054617e+002
3.311178e+003,1.054575e+002
3.311660e+003,1.054544e+002
3.312142e+003,1.054527e+002
3.312625e+003,1.054508e+002
3.313106e+003,1.054467e+002
3.313589e+003,1.054382e+002
3.314071e+003,1.054245e+002
3.314553e+003,1.054061e+002
3.315035e+003,1.053855e+002
3.315517e+003,1.053662e+002
3.315999e+003,1.053523e+002
3.316481e+003,1.053471e+002
3.316963e+003,1.053527e+002
3.317446e+003,1.053688e+002
3.317928e+003,1.053927e+002
3.318410e+003,1.054198e+002
3.318892e+003,1.054442e+002
3.319374e+003,1.054607e+002
3.319856e+003,1.054657e+002
3.320338e+003,1.054589e+002
3.320820e+003,1.054428e+002
3.321302e+003,1.054220e+002
3.321785e+003,1.054019e+002
3.322267e+003,1.053868e+002
3.322749e+003,1.053787e+002
3.323231e+003,1.053772e+002
3.323713e+003,1.053801e+002
3.324195e+003,1.053847e+002
3.324677e+003,1.053893e+002
3.325159e+003,1.053935e+002
3.325642e+003,1.053987e+002
3.326124e+003,1.054066e+002
3.326606e+003,1.054184e+002
3.327088e+003,1.054336e+002
3.327570e+003,1.054501e+002
3.328052e+003,1.054650e+002
3.328534e+003,1.054756e+002
3.329016e+003,1.054803e+002
3.329499e+003,1.054795e+002
3.329981e+003,1.054751e+002
3.330463e+003,1.054699e+002
3.330945e+003,1.054664e+002
3.331427e+003,1.054660e+002
3.331909e+003,1.054685e+002
3.332391e+003,1.054725e+002
3.332873e+003,1.054757e+002
3.333355e+003,1.054763e+002
3.333838e+003,1.054731e+002
3.334320e+003,1.054665e+002
3.334802e+003,1.054581e+002
3.335284e+003,1.054506e+002
3.335766e+003,1.054467e+002
3.336248e+003,1.054484e+002
3.336730e+003,1.054566e+002
3.337212e+003,1.054704e+002
3.337695e+003,1.054874e+002
3.338177e+003,1.055045e+002
3.338659e+003,1.055189e+002
3.339141e+003,1.055289e+002
3.339623e+003,1.055346e+002
3.340105e+003,1.055374e+002
3.340587e+003,1.055398e+002
3.341069e+003,1.055435e+002
3.341552e+003,1.055493e+002
3.342033e+003,1.055562e+002
3.342516e+003,1.055618e+002
3.342998e+003,1.055638e+002
3.343480e+003,1.055609e+002
3.343962e+003,1.055537e+002
3.344444e+003,1.055450e+002
3.344926e+003,1.055385e+002
3.345408e+003,1.055378e+002
3.345890e+003,1.055448e+002
3.346373e+003,1.055588e+002
3.346855e+003,1.055770e+002
3.347337e+003,1.055948e+002
3.347819e+003,1.056083e+002
3.348301e+003,1.056149e+002
3.348783e+003,1.056145e+002
3.349265e+003,1.056093e+002
3.349747e+003,1.056029e+002
3.350229e+003,1.055993e+002
3.350712e+003,1.056014e+002
3.351194e+003,1.056106e+002
3.351676e+003,1.056261e+002
3.352158e+003,1.056457e+002
3.352640e+003,1.056661e+002
3.353122e+003,1.056843e+002
3.353604e+003,1.056982e+002
3.354086e+003,1.057068e+002
3.354569e+003,1.057109e+002
3.355051e+003,1.057117e+002
3.355533e+003,1.057113e+002
3.356015e+003,1.057107e+002
3.356497e+003,1.057101e+002
3.356979e+003,1.057081e+002
3.357461e+003,1.057030e+002
3.357943e+003,1.056929e+002
3.358426e+003,1.056771e+002
3.358908e+003,1.056565e+002
3.359390e+003,1.056339e+002
3.359872e+003,1.056128e+002
3.360354e+003,1.055970e+002
3.360836e+003,1.055888e+002
3.361318e+003,1.055886e+002
3.361800e+003,1.055947e+002
3.362282e+003,1.056042e+002
3.362765e+003,1.056137e+002
3.363247e+003,1.056208e+002
3.363729e+003,1.056243e+002
3.364211e+003,1.056245e+002
3.364693e+003,1.056227e+002
3.365175e+003,1.056208e+002
3.365657e+003,1.056203e+002
3.366139e+003,1.056220e+002
3.366622e+003,1.056263e+002
3.367104e+003,1.056327e+002
3.367586e+003,1.056407e+002
3.368068e+003,1.056495e+002
3.368550e+003,1.056582e+002
3.369032e+003,1.056662e+002
3.369514e+003,1.056726e+002
3.369996e+003,1.056772e+002
3.370479e+003,1.056797e+002
3.370961e+003,1.056803e+002
3.371443e+003,1.056793e+002
3.371925e+003,1.056772e+002
3.372407e+003,1.056742e+002
3.372889e+003,1.056709e+002
3.373371e+003,1.056680e+002
3.373853e+003,1.056664e+002
3.374335e+003,1.056669e+002
3.374818e+003,1.056699e+002
3.375300e+003,1.056754e+002
3.375782e+003,1.056827e+002
3.376264e+003,1.056904e+002
3.376746e+003,1.056972e+002
3.377228e+003,1.057023e+002
3.377710e+003,1.057058e+002
3.378192e+003,1.057085e+002
3.378675e+003,1.057116e+002
3.379156e+003,1.057155e+002
3.379639e+003,1.057194e+002
3.380121e+003,1.057211e+002
3.380603e+003,1.057183e+002
3.381085e+003,1.057092e+002
3.381567e+003,1.056941e+002
3.382049e+003,1.056760e+002
3.382531e+003,1.056598e+002
3.383013e+003,1.056507e+002
3.383496e+003,1.056528e+002
3.383978e+003,1.056670e+002
3.384460e+003,1.056910e+002
3.384942e+003,1.057201e+002
3.385424e+003,1.057485e+002
3.385906e+003,1.057717e+002
3.386388e+003,1.057873e+002
3.386870e+003,1.057946e+002
3.387353e+003,1.057945e+002
3.387835e+003,1.057877e+002
3.388317e+003,1.057744e+002
3.388799e+003,1.057544e+002
3.389281e+003,1.057276e+002
3.389763e+003,1.056954e+002
3.390245e+003,1.056610e+002
3.390727e+003,1.056289e+002
3.391209e+003,1.056038e+002
3.391692e+003,1.055893e+002
3.392174e+003,1.055863e+002
3.392656e+003,1.055933e+002
3.393138e+003,1.056068e+002
3.393620e+003,1.056228e+002
3.394102e+003,1.056384e+002
3.394584e+003,1.056517e+002
3.395066e+003,1.056621e+002
3.395549e+003,1.056693e+002
3.396031e+003,1.056724e+002
3.396513e+003,1.056702e+002
3.396995e+003,1.056614e+002
3.397477e+003,1.056456e+002
3.397959e+003,1.056242e+002
3.398441e+003,1.055996e+002
3.398923e+003,1.055756e+002
3.399406e+003,1.055554e+002
3.399888e+003,1.055410e+002
3.400370e+003,1.055331e+002
3.400852e+003,1.055310e+002
3.401334e+003,1.055333e+002
3.401816e+003,1.055395e+002
3.402298e+003,1.055491e+002
3.402780e+003,1.055620e+002
3.403262e+003,1.055771e+002
3.403745e+003,1.055922e+002
3.404227e+003,1.056039e+002
3.404709e+003,1.056085e+002
3.405191e+003,1.056036e+002
3.405673e+003,1.055897e+002
3.406155e+003,1.055695e+002
3.406637e+003,1.055485e+002
3.407119e+003,1.055320e+002
3.407602e+003,1.055244e+002
3.408083e+003,1.055268e+002
3.408566e+003,1.055376e+002
3.409048e+003,1.055526e+002
3.409530e+003,1.055671e+002
3.410012e+003,1.055771e+002
3.410494e+003,1.055820e+002
3.410976e+003,1.055801e+002
3.411458e+003,1.055738e+002
3.411940e+003,1.055667e+002
3.412423e+003,1.055618e+002
3.412905e+003,1.055605e+002
3.413387e+003,1.055624e+002
3.413869e+003,1.055653e+002
3.414351e+003,1.055664e+002
3.414833e+003,1.055631e+002
3.415315e+003,1.055536e+002
3.415797e+003,1.055370e+002
3.416280e+003,1.055131e+002
3.416762e+003,1.054821e+002
3.417244e+003,1.054450e+002
3.417726e+003,1.054035e+002
3.418208e+003,1.053609e+002
3.418690e+003,1.053213e+002
3.419172e+003,1.052897e+002
3.419654e+003,1.052704e+002
3.420136e+003,1.052656e+002
3.420619e+003,1.052744e+002
3.421101e+003,1.052927e+002
3.421583e+003,1.053145e+002
3.422065e+003,1.053333e+002
3.422547e+003,1.053442e+002
3.423029e+003,1.053454e+002
3.423511e+003,1.053374e+002
3.423993e+003,1.053232e+002
3.424476e+003,1.053057e+002
3.424958e+003,1.052871e+002
3.425440e+003,1.052684e+002
3.425922e+003,1.052492e+002
3.426404e+003,1.052293e+002
3.426886e+003,1.052092e+002
3.427368e+003,1.051910e+002
3.427850e+003,1.051778e+002
3.428333e+003,1.051720e+002
3.428815e+003,1.051747e+002
3.429297e+003,1.051841e+002
3.429779e+003,1.051961e+002
3.430261e+003,1.052056e+002
3.430743e+003,1.052083e+002
3.431225e+003,1.052027e+002
3.431707e+003,1.051908e+002
3.432189e+003,1.051776e+002
3.432672e+003,1.051688e+002
3.433154e+003,1.051687e+002
3.433636e+003,1.051785e+002
3.434118e+003,1.051954e+002
3.434600e+003,1.052144e+002
3.435082e+003,1.052290e+002
3.435564e+003,1.052347e+002
3.436046e+003,1.052297e+002
3.436529e+003,1.052152e+002
3.437010e+003,1.051944e+002
3.437493e+003,1.051704e+002
3.437975e+003,1.051448e+002
3.438457e+003,1.051171e+002
3.438939e+003,1.050853e+002
3.439421e+003,1.050478e+002
3.439903e+003,1.050047e+002
3.440385e+003,1.049585e+002
3.440867e+003,1.049145e+002
3.441350e+003,1.048782e+002
3.441832e+003,1.048542e+002
3.442314e+003,1.048434e+002
3.442796e+003,1.048433e+002
3.443278e+003,1.048482e+002
3.443760e+003,1.048518e+002
3.444242e+003,1.048491e+002
3.444724e+003,1.048386e+002
3.445207e+003,1.048224e+002
3.445689e+003,1.048057e+002
3.446171e+003,1.047943e+002
3.446653e+003,1.047928e+002
3.447135e+003,1.048021e+002
3.447617e+003,1.048196e+002
3.448099e+003,1.048403e+002
3.448581e+003,1.048586e+002
3.449063e+003,1.048703e+002
3.449546e+003,1.048742e+002
3.450028e+003,1.048712e+002
3.450510e+003,1.048640e+002
3.450992e+003,1.048560e+002
3.451474e+003,1.048495e+002
3.451956e+003,1.048458e+002
3.452438e+003,1.048439e+002
3.452920e+003,1.048417e+002
3.453403e+003,1.048360e+002
3.453885e+003,1.048239e+002
3.454367e+003,1.048036e+002
3.454849e+003,1.047751e+002
3.455331e+003,1.047404e+002
3.455813e+003,1.047030e+002
3.456295e+003,1.046674e+002
3.456777e+003,1.046371e+002
3.457260e+003,1.046143e+002
3.457742e+003,1.045985e+002
3.458224e+003,1.045870e+002
3.458706e+003,1.045753e+002
3.459188e+003,1.045593e+002
3.459670e+003,1.045368e+002
3.460152e+003,1.045082e+002
3.460634e+003,1.044776e+002
3.461116e+003,1.044510e+002
3.461599e+003,1.044348e+002
3.462081e+003,1.044334e+002
3.462563e+003,1.044474e+002
3.463045e+003,1.044732e+002
3.463527e+003,1.045039e+002
3.464009e+003,1.045307e+002
3.464491e+003,1.045458e+002
3.464973e+003,1.045441e+002
3.465456e+003,1.045246e+002
3.465938e+003,1.044908e+002
3.466420e+003,1.044495e+002
3.466902e+003,1.044090e+002
3.467384e+003,1.043776e+002
3.467866e+003,1.043609e+002
3.468348e+003,1.043612e+002
3.468830e+003,1.043762e+002
3.469313e+003,1.044002e+002
3.469794e+003,1.044246e+002
3.470277e+003,1.044403e+002
3.470759e+003,1.044400e+002
3.471241e+003,1.044199e+002
3.471723e+003,1.043811e+002
3.472205e+003,1.043296e+002
3.472687e+003,1.042745e+002
3.473169e+003,1.042262e+002
3.473651e+003,1.041935e+002
3.474134e+003,1.041810e+002
3.474616e+003,1.041889e+002
3.475098e+003,1.042124e+002
3.475580e+003,1.042443e+002
3.476062e+003,1.042762e+002
3.476544e+003,1.043007e+002
3.477026e+003,1.043126e+002
3.477508e+003,1.043086e+002
3.477990e+003,1.042873e+002
3.478473e+003,1.042482e+002
3.478955e+003,1.041924e+002
3.479437e+003,1.041220e+002
3.479919e+003,1.040416e+002
3.480401e+003,1.039581e+002
3.480883e+003,1.038805e+002
3.481365e+003,1.038188e+002
3.481847e+003,1.037813e+002
3.482330e+003,1.037733e+002
3.482812e+003,1.037952e+002
3.483294e+003,1.038430e+002
3.483776e+003,1.039089e+002
3.484258e+003,1.039826e+002
3.484740e+003,1.040532e+002
3.485222e+003,1.041103e+002
3.485704e+003,1.041452e+002
3.486187e+003,1.041520e+002
3.486669e+003,1.041289e+002
3.487151e+003,1.040782e+002
3.487633e+003,1.040076e+002
3.488115e+003,1.039284e+002
3.488597e+003,1.038543e+002
3.489079e+003,1.037986e+002
3.489561e+003,1.037716e+002
3.490043e+003,1.037778e+002
3.490526e+003,1.038150e+002
3.491008e+003,1.038740e+002
3.491490e+003,1.039409e+002
3.491972e+003,1.039996e+002
3.492454e+003,1.040358e+002
3.492936e+003,1.040399e+002
3.493418e+003,1.040092e+002
3.493900e+003,1.039482e+002
3.494383e+003,1.038675e+002
3.494865e+003,1.037809e+002
3.495347e+003,1.037023e+002
3.495829e+003,1.036429e+002
3.496311e+003,1.036089e+002
3.496793e+003,1.036009e+002
3.497275e+003,1.036137e+002
3.497757e+003,1.036380e+002
3.498240e+003,1.036621e+002
3.498721e+003,1.036747e+002
3.499204e+003,1.036667e+002
3.499686e+003,1.036335e+002
3.500168e+003,1.035762e+002
3.500650e+003,1.035013e+002
3.501132e+003,1.034199e+002
3.501614e+003,1.033454e+002
3.502096e+003,1.032905e+002
3.502578e+003,1.032642e+002
3.503061e+003,1.032700e+002
3.503543e+003,1.033051e+002
3.504025e+003,1.033613e+002
3.504507e+003,1.034273e+002
3.504989e+003,1.034908e+002
3.505471e+003,1.035406e+002
3.505953e+003,1.035683e+002
3.506435e+003,1.035690e+002
3.506917e+003,1.035426e+002
3.507400e+003,1.034930e+002
3.507882e+003,1.034291e+002
3.508364e+003,1.033622e+002
3.508846e+003,1.033039e+002
3.509328e+003,1.032632e+002
3.509810e+003,1.032438e+002
3.510292e+003,1.032442e+002
3.510774e+003,1.032589e+002
3.511257e+003,1.032811e+002
3.511739e+003,1.033044e+002
3.512221e+003,1.033251e+002
3.512703e+003,1.033416e+002
3.513185e+003,1.033535e+002
3.513667e+003,1.033600e+002
3.514149e+003,1.033593e+002
3.514631e+003,1.033479e+002
3.515114e+003,1.033231e+002
3.515596e+003,1.032843e+002
3.516078e+003,1.032347e+002
3.516560e+003,1.031814e+002
3.517042e+003,1.031337e+002
3.517524e+003,1.031001e+002
3.518006e+003,1.030849e+002
3.518488e+003,1.030860e+002
3.518970e+003,1.030952e+002
3.519453e+003,1.031004e+002
3.519935e+003,1.030897e+002
3.520417e+003,1.030550e+002
3.520899e+003,1.029950e+002
3.521381e+003,1.029156e+002
3.521863e+003,1.028275e+002
3.522345e+003,1.027435e+002
3.522827e+003,1.026745e+002
3.523310e+003,1.026262e+002
3.523792e+003,1.025993e+002
3.524274e+003,1.025902e+002
3.524756e+003,1.025936e+002
3.525238e+003,1.026052e+002
3.525720e+003,1.026221e+002
3.526202e+003,1.026430e+002
3.526684e+003,1.026673e+002
3.527167e+003,1.026936e+002
3.527648e+003,1.027195e+002
3.528131e+003,1.027411e+002
3.528613e+003,1.027550e+002
3.529095e+003,1.027589e+002
3.529577e+003,1.027532e+002
3.530059e+003,1.027402e+002
3.530541e+003,1.027239e+002
3.531023e+003,1.027089e+002
3.531505e+003,1.026993e+002
3.531988e+003,1.026984e+002
3.532470e+003,1.027081e+002
3.532952e+003,1.027284e+002
3.533434e+003,1.027577e+002
3.533916e+003,1.027913e+002
3.534398e+003,1.028227e+002
3.534880e+003,1.028437e+002
3.535362e+003,1.028469e+002
3.535844e+003,1.028282e+002
3.536327e+003,1.027885e+002
3.536809e+003,1.027352e+002
3.537291e+003,1.026807e+002
3.537773e+003,1.026393e+002
3.538255e+003,1.026230e+002
3.538737e+003,1.026382e+002
3.539219e+003,1.026829e+002
3.539701e+003,1.027467e+002
3.540184e+003,1.028129e+002
3.540666e+003,1.028623e+002
3.541148e+003,1.028774e+002
3.541630e+003,1.028467e+002
3.542112e+003,1.027667e+002
3.542594e+003,1.026423e+002
3.543076e+003,1.024854e+002
3.543558e+003,1.023123e+002
3.544041e+003,1.021408e+002
3.544523e+003,1.019879e+002
3.545005e+003,1.018680e+002
3.545487e+003,1.017923e+002
3.545969e+003,1.017675e+002
3.546451e+003,1.017955e+002
3.546933e+003,1.018725e+002
3.547415e+003,1.019885e+002
3.547897e+003,1.021279e+002
3.548380e+003,1.022708e+002
3.548862e+003,1.023960e+002
3.549344e+003,1.024830e+002
3.549826e+003,1.025163e+002
3.550308e+003,1.024884e+002
3.550790e+003,1.024034e+002
3.551272e+003,1.022776e+002
3.551754e+003,1.021372e+002
3.552237e+003,1.020125e+002
3.552719e+003,1.019299e+002
3.553201e+003,1.019065e+002
3.553683e+003,1.019470e+002
3.554165e+003,1.020438e+002
3.554647e+003,1.021803e+002
3.555129e+003,1.023336e+002
3.555611e+003,1.024788e+002
3.556094e+003,1.025928e+002
3.556575e+003,1.026576e+002
3.557058e+003,1.026636e+002
3.557540e+003,1.026104e+002
3.558022e+003,1.025064e+002
3.558504e+003,1.023667e+002
3.558986e+003,1.022096e+002
3.559468e+003,1.020528e+002
3.559950e+003,1.019108e+002
3.560432e+003,1.017923e+002
3.560915e+003,1.017001e+002
3.561397e+003,1.016312e+002
3.561879e+003,1.015779e+002
3.562361e+003,1.015291e+002
3.562843e+003,1.014722e+002
3.563325e+003,1.013949e+002
3.563807e+003,1.012877e+002
3.564289e+003,1.011473e+002
3.564771e+003,1.009810e+002
3.565254e+003,1.008103e+002
3.565736e+003,1.006701e+002
3.566218e+003,1.006012e+002
3.566700e+003,1.006365e+002
3.567182e+003,1.007858e+002
3.567664e+003,1.010309e+002
3.568146e+003,1.013328e+002
3.568628e+003,1.016466e+002
3.569111e+003,1.019340e+002
3.569593e+003,1.021682e+002
3.570075e+003,1.023328e+002
3.570557e+003,1.024192e+002
3.571039e+003,1.024250e+002
3.571521e+003,1.023554e+002
3.572003e+003,1.022242e+002
3.572485e+003,1.020539e+002
3.572968e+003,1.018729e+002
3.573450e+003,1.017104e+002
3.573932e+003,1.015904e+002
3.574414e+003,1.015271e+002
3.574896e+003,1.015225e+002
3.575378e+003,1.015671e+002
3.575860e+003,1.016436e+002
3.576342e+003,1.017316e+002
3.576824e+003,1.018124e+002
3.577307e+003,1.018723e+002
3.577789e+003,1.019032e+002
3.578271e+003,1.019020e+002
3.578753e+003,1.018688e+002
3.579235e+003,1.018052e+002
3.579717e+003,1.017151e+002
3.580199e+003,1.016058e+002
3.580681e+003,1.014898e+002
3.581164e+003,1.013837e+002
3.581646e+003,1.013063e+002
3.582128e+003,1.012736e+002
3.582610e+003,1.012940e+002
3.583092e+003,1.013644e+002
3.583574e+003,1.014693e+002
3.584056e+003,1.015827e+002
3.584538e+003,1.016745e+002
3.585021e+003,1.017185e+002
3.585502e+003,1.017020e+002
3.585985e+003,1.016327e+002
3.586467e+003,1.015383e+002
3.586949e+003,1.014573e+002
3.587431e+003,1.014225e+002
3.587913e+003,1.014484e+002
3.588395e+003,1.015291e+002
3.588877e+003,1.016463e+002
3.589359e+003,1.017800e+002
3.589842e+003,1.019140e+002
3.590324e+003,1.020342e+002
3.590806e+003,1.021260e+002
3.591288e+003,1.021723e+002
3.591770e+003,1.021559e+002
3.592252e+003,1.020659e+002
3.592734e+003,1.019047e+002
3.593216e+003,1.016918e+002
3.593698e+003,1.014604e+002
3.594181e+003,1.012483e+002
3.594663e+003,1.010861e+002
3.595145e+003,1.009878e+002
3.595627e+003,1.009502e+002
3.596109e+003,1.009569e+002
3.596591e+003,1.009874e+002
3.597073e+003,1.010264e+002
3.597555e+003,1.010686e+002
3.598038e+003,1.011198e+002
3.598520e+003,1.011917e+002
3.599002e+003,1.012953e+002
3.599484e+003,1.014329e+002
3.599966e+003,1.015947e+002
3.600448e+003,1.017596e+002
3.600930e+003,1.019028e+002
3.601412e+003,1.020034e+002
3.601895e+003,1.020510e+002
3.602377e+003,1.020459e+002
3.602859e+003,1.019968e+002
3.603341e+003,1.019150e+002
3.603823e+003,1.018111e+002
3.604305e+003,1.016937e+002
3.604787e+003,1.015698e+002
3.605269e+003,1.014463e+002
3.605751e+003,1.013301e+002
3.606234e+003,1.012284e+002
3.606716e+003,1.011460e+002
3.607198e+003,1.010844e+002
3.607680e+003,1.010408e+002
3.608162e+003,1.010096e+002
3.608644e+003,1.009854e+002
3.609126e+003,1.009666e+002
3.609608e+003,1.009554e+002
3.610091e+003,1.009545e+002
3.610573e+003,1.009613e+002
3.611055e+003,1.009620e+002
3.611537e+003,1.009313e+002
3.612019e+003,1.008393e+002
3.612501e+003,1.006649e+002
3.612983e+003,1.004098e+002
3.613465e+003,1.001045e+002
3.613948e+003,9.980187e+001
3.614429e+003,9.956081e+001
3.614912e+003,9.942901e+001
3.615394e+003,9.943208e+001
3.615876e+003,9.956954e+001
3.616358e+003,9.981706e+001
3.616840e+003,1.001327e+002
3.617322e+003,1.004674e+002
3.617804e+003,1.007765e+002
3.618286e+003,1.010301e+002
3.618769e+003,1.012169e+002
3.619251e+003,1.013393e+002
3.619733e+003,1.014053e+002
3.620215e+003,1.014221e+002
3.620697e+003,1.013962e+002
3.621179e+003,1.013359e+002
3.621661e+003,1.012526e+002
3.622143e+003,1.011598e+002
3.622625e+003,1.010699e+002
3.623108e+003,1.009911e+002
3.623590e+003,1.009255e+002
3.624072e+003,1.008685e+002
3.624554e+003,1.008101e+002
3.625036e+003,1.007365e+002
3.625518e+003,1.006332e+002
3.626000e+003,1.004885e+002
3.626482e+003,1.003008e+002
3.626965e+003,1.000896e+002
3.627447e+003,9.990407e+001
3.627929e+003,9.981757e+001
3.628411e+003,9.989411e+001
3.628893e+003,1.001427e+002
3.629375e+003,1.005003e+002
3.629857e+003,1.008656e+002
3.630339e+003,1.011544e+002
3.630822e+003,1.013292e+002
3.631304e+003,1.013928e+002
3.631786e+003,1.013645e+002
3.632268e+003,1.012619e+002
3.632750e+003,1.010946e+002
3.633232e+003,1.008673e+002
3.633714e+003,1.005863e+002
3.634196e+003,1.002667e+002
3.634678e+003,9.993415e+001
3.635161e+003,9.962278e+001
3.635643e+003,9.936936e+001
3.636125e+003,9.920601e+001
3.636607e+003,9.915354e+001
3.637089e+003,9.921592e+001
3.637571e+003,9.937664e+001
3.638053e+003,9.959896e+001
3.638535e+003,9.983157e+001
3.639018e+003,1.000190e+002
3.639500e+003,1.001145e+002
3.639982e+003,1.000908e+002
3.640464e+003,9.994478e+001
3.640946e+003,9.969574e+001
3.641428e+003,9.937793e+001
3.641910e+003,9.903146e+001
3.642392e+003,9.869452e+001
3.642875e+003,9.839912e+001
3.643356e+003,9.816991e+001
3.643839e+003,9.802445e+001
3.644321e+003,9.797306e+001
3.644803e+003,9.801746e+001
3.645285e+003,9.814809e+001
3.645767e+003,9.834138e+001
3.646249e+003,9.855901e+001
3.646731e+003,9.875231e+001
3.647213e+003,9.887534e+001
3.647696e+003,9.890393e+001
3.648178e+003,9.885342e+001
3.648660e+003,9.878065e+001
3.649142e+003,9.876221e+001
3.649624e+003,9.885710e+001
3.650106e+003,9.907499e+001
3.650588e+003,9.937059e+001
3.651070e+003,9.966762e+001
3.651552e+003,9.989370e+001
3.652035e+003,1.000043e+002
3.652517e+003,9.998636e+001
3.652999e+003,9.984787e+001
3.653481e+003,9.960587e+001
3.653963e+003,9.928175e+001
3.654445e+003,9.890462e+001
3.654927e+003,9.851710e+001
3.655409e+003,9.817413e+001
3.655892e+003,9.793092e+001
3.656374e+003,9.782532e+001
3.656856e+003,9.786618e+001
3.657338e+003,9.803385e+001
3.657820e+003,9.828886e+001
3.658302e+003,9.858190e+001
3.658784e+003,9.886205e+001
3.659266e+003,9.908466e+001
3.659749e+003,9.922041e+001
3.660231e+003,9.926318e+001
3.660713e+003,9.923129e+001
3.661195e+003,9.915971e+001
3.661677e+003,9.908541e+001
3.662159e+003,9.903333e+001
3.662641e+003,9.900956e+001
3.663123e+003,9.900367e+001
3.663605e+003,9.899805e+001
3.664088e+003,9.897896e+001
3.664570e+003,9.894384e+001
3.665052e+003,9.890200e+001
3.665534e+003,9.886880e+001
3.666016e+003,9.885632e+001
3.666498e+003,9.886459e+001
3.666980e+003,9.887731e+001
3.667462e+003,9.886538e+001
3.667945e+003,9.879841e+001
3.668427e+003,9.866119e+001
3.668909e+003,9.846587e+001
3.669391e+003,9.824884e+001
3.669873e+003,9.805184e+001
3.670355e+003,9.790173e+001
3.670837e+003,9.780507e+001
3.671319e+003,9.775733e+001
3.671802e+003,9.775394e+001
3.672283e+003,9.779347e+001
3.672766e+003,9.787399e+001
3.673248e+003,9.799065e+001
3.673730e+003,9.813802e+001
3.674212e+003,9.831334e+001
3.674694e+003,9.850858e+001
3.675176e+003,9.869431e+001
3.675658e+003,9.882179e+001
3.676140e+003,9.885566e+001
3.676623e+003,9.880471e+001
3.677105e+003,9.872040e+001
3.677587e+003,9.866879e+001
3.678069e+003,9.869874e+001
3.678551e+003,9.882155e+001
3.679033e+003,9.900661e+001
3.679515e+003,9.919255e+001
3.679997e+003,9.931065e+001
3.680479e+003,9.931199e+001
3.680962e+003,9.918439e+001
3.681444e+003,9.895128e+001
3.681926e+003,9.865642e+001
3.682408e+003,9.834527e+001
3.682890e+003,9.805356e+001
3.683372e+003,9.780512e+001
3.683854e+003,9.761599e+001
3.684336e+003,9.749986e+001
3.684819e+003,9.746994e+001
3.685301e+003,9.753611e+001
3.685783e+003,9.769834e+001
3.686265e+003,9.793911e+001
3.686747e+003,9.821826e+001
3.687229e+003,9.847446e+001
3.687711e+003,9.863882e+001
3.688193e+003,9.866106e+001
3.688676e+003,9.853886e+001
3.689158e+003,9.832915e+001
3.689640e+003,9.812978e+001
3.690122e+003,9.804051e+001
3.690604e+003,9.812518e+001
3.691086e+003,9.839035e+001
3.691568e+003,9.878514e+001
3.692050e+003,9.922072e+001
3.692532e+003,9.960146e+001
3.693015e+003,9.985485e+001
3.693497e+003,9.994854e+001
3.693979e+003,9.988971e+001
3.694461e+003,9.971223e+001
3.694943e+003,9.946019e+001
3.695425e+003,9.917456e+001
3.695907e+003,9.888744e+001
3.696389e+003,9.862255e+001
3.696872e+003,9.839954e+001
3.697354e+003,9.823770e+001
3.697836e+003,9.815617e+001
3.698318e+003,9.817030e+001
3.698800e+003,9.828547e+001
3.699282e+003,9.849085e+001
3.699764e+003,9.875563e+001
3.700246e+003,9.903059e+001
3.700729e+003,9.925754e+001
3.701211e+003,9.938656e+001
3.701693e+003,9.939416e+001
3.702175e+003,9.929228e+001
3.702657e+003,9.912187e+001
3.703139e+003,9.893523e+001
3.703621e+003,9.877828e+001
3.704103e+003,9.868013e+001
3.704585e+003,9.865089e+001
3.705068e+003,9.868563e+001
3.705550e+003,9.877023e+001
3.706032e+003,9.888718e+001
3.706514e+003,9.901980e+001
3.706996e+003,9.915377e+001
3.707478e+003,9.927635e+001
3.707960e+003,9.937445e+001
3.708442e+003,9.943323e+001
3.708925e+003,9.943726e+001
3.709406e+003,9.937511e+001
3.709889e+003,9.924650e+001
3.710371e+003,9.906875e+001
3.710853e+003,9.887650e+001
3.711335e+003,9.871229e+001
3.711817e+003,9.861099e+001
3.712299e+003,9.858681e+001
3.712781e+003,9.863105e+001
3.713263e+003,9.871950e+001
3.713746e+003,9.882317e+001
3.714228e+003,9.891655e+001
3.714710e+003,9.898126e+001
3.715192e+003,9.900727e+001
3.715674e+003,9.899305e+001
3.716156e+003,9.894522e+001
3.716638e+003,9.887704e+001
3.717120e+003,9.880470e+001
3.717603e+003,9.874192e+001
3.718085e+003,9.869537e+001
3.718567e+003,9.866276e+001
3.719049e+003,9.863571e+001
3.719531e+003,9.860612e+001
3.720013e+003,9.857308e+001
3.720495e+003,9.854768e+001
3.720977e+003,9.855220e+001
3.721459e+003,9.861307e+001
3.721942e+003,9.875002e+001
3.722424e+003,9.896621e+001
3.722906e+003,9.924538e+001
3.723388e+003,9.955736e+001
3.723870e+003,9.986938e+001
3.724352e+003,1.001560e+002
3.724834e+003,1.004030e+002
3.725316e+003,1.006031e+002
3.725799e+003,1.007470e+002
3.726281e+003,1.008163e+002
3.726763e+003,1.007861e+002
3.727245e+003,1.006362e+002
3.727727e+003,1.003655e+002
3.728209e+003,9.999893e+001
3.728691e+003,9.958438e+001
3.729173e+003,9.918224e+001
3.729656e+003,9.885258e+001
3.730138e+003,9.864233e+001
3.730620e+003,9.857462e+001
3.731102e+003,9.864111e+001
3.731584e+003,9.880186e+001
3.732066e+003,9.899516e+001
3.732548e+003,9.915663e+001
3.733030e+003,9.924082e+001
3.733512e+003,9.923578e+001
3.733995e+003,9.916392e+001
3.734477e+003,9.906818e+001
3.734959e+003,9.898703e+001
3.735441e+003,9.893117e+001
3.735923e+003,9.887955e+001
3.736405e+003,9.880159e+001
3.736887e+003,9.868715e+001
3.737369e+003,9.855862e+001
3.737852e+003,9.845866e+001
3.738333e+003,9.842749e+001
3.738816e+003,9.848492e+001
3.739298e+003,9.862489e+001
3.739780e+003,9.882154e+001
3.740262e+003,9.904176e+001
3.740744e+003,9.925690e+001
3.741226e+003,9.944759e+001
3.741708e+003,9.960018e+001
3.742190e+003,9.969862e+001
3.742673e+003,9.971860e+001
3.743155e+003,9.962753e+001
3.743637e+003,9.939381e+001
3.744119e+003,9.900615e+001
3.744601e+003,9.849829e+001
3.745083e+003,9.795220e+001
3.745565e+003,9.747084e+001
3.746047e+003,9.714586e+001
3.746530e+003,9.703698e+001
3.747012e+003,9.715865e+001
3.747494e+003,9.747074e+001
3.747976e+003,9.787737e+001
3.748458e+003,9.824284e+001
3.748940e+003,9.843358e+001
3.749422e+003,9.837937e+001
3.749904e+003,9.811791e+001
3.750386e+003,9.777962e+001
3.750869e+003,9.751460e+001
3.751351e+003,9.741490e+001
3.751833e+003,9.748190e+001
3.752315e+003,9.764623e+001
3.752797e+003,9.781634e+001
3.753279e+003,9.792396e+001
3.753761e+003,9.794662e+001
3.754243e+003,9.790256e+001
3.754726e+003,9.782890e+001
3.755208e+003,9.775664e+001
3.755690e+003,9.769273e+001
3.756172e+003,9.761507e+001
3.756654e+003,9.748348e+001
3.757136e+003,9.726316e+001
3.757618e+003,9.695055e+001
3.758100e+003,9.658730e+001
3.758583e+003,9.625253e+001
3.759065e+003,9.603679e+001
3.759547e+003,9.600854e+001
3.760029e+003,9.618765e+001
3.760511e+003,9.653674e+001
3.760993e+003,9.697455e+001
3.761475e+003,9.740406e+001
3.761957e+003,9.774102e+001
3.762439e+003,9.793138e+001
3.762922e+003,9.795610e+001
3.763404e+003,9.782832e+001
3.763886e+003,9.758784e+001
3.764368e+003,9.729280e+001
3.764850e+003,9.700659e+001
3.765332e+003,9.678320e+001
3.765814e+003,9.665682e+001
3.766296e+003,9.664005e+001
3.766779e+003,9.672866e+001
3.767260e+003,9.690749e+001
3.767743e+003,9.715392e+001
3.768225e+003,9.743954e+001
3.768707e+003,9.773120e+001
3.769189e+003,9.799403e+001
3.769671e+003,9.819743e+001
3.770153e+003,9.832349e+001
3.770635e+003,9.837280e+001
3.771117e+003,9.836304e+001
3.771600e+003,9.832073e+001
3.772082e+003,9.827095e+001
3.772564e+003,9.822964e+001
3.773046e+003,9.820116e+001
3.773528e+003,9.818035e+001
3.774010e+003,9.815718e+001
3.774492e+003,9.812232e+001
3.774974e+003,9.807125e+001
3.775457e+003,9.800589e+001
3.775939e+003,9.793367e+001
3.776421e+003,9.786447e+001
3.776903e+003,9.780735e+001
3.777385e+003,9.776790e+001
3.777867e+003,9.774700e+001
3.778349e+003,9.774124e+001
3.778831e+003,9.774474e+001
3.779313e+003,9.775236e+001
3.779796e+003,9.776318e+001
3.780278e+003,9.778242e+001
3.780760e+003,9.782058e+001
3.781242e+003,9.788945e+001
3.781724e+003,9.799569e+001
3.782206e+003,9.813483e+001
3.782688e+003,9.828735e+001
3.783170e+003,9.842046e+001
3.783653e+003,9.849618e+001
3.784135e+003,9.848495e+001
3.784617e+003,9.837885e+001
3.785099e+003,9.819807e+001
3.785581e+003,9.798635e+001
3.786063e+003,9.779861e+001
3.786545e+003,9.768571e+001
3.787027e+003,9.768273e+001
3.787510e+003,9.780206e+001
3.787992e+003,9.803197e+001
3.788474e+003,9.833963e+001
3.788956e+003,9.867741e+001
3.789438e+003,9.899127e+001
3.789920e+003,9.923042e+001
3.790402e+003,9.935611e+001
3.790884e+003,9.934927e+001
3.791366e+003,9.921467e+001
3.791849e+003,9.897978e+001
3.792331e+003,9.868809e+001
3.792813e+003,9.838889e+001
3.793295e+003,9.812705e+001
3.793777e+003,9.793605e+001
3.794259e+003,9.783487e+001
3.794741e+003,9.782830e+001
3.795223e+003,9.790806e+001
3.795706e+003,9.805453e+001
3.796188e+003,9.823910e+001
3.796670e+003,9.842865e+001
3.797152e+003,9.859106e+001
3.797634e+003,9.869915e+001
3.798116e+003,9.873068e+001
3.798598e+003,9.866663e+001
3.799080e+003,9.849338e+001
3.799563e+003,9.821339e+001
3.800044e+003,9.786101e+001
3.800527e+003,9.750842e+001
3.801009e+003,9.724632e+001
3.801491e+003,9.714452e+001
3.801973e+003,9.722259e+001
3.802455e+003,9.745267e+001
3.802937e+003,9.778397e+001
3.803419e+003,9.816457e+001
3.803901e+003,9.854707e+001
3.804384e+003,9.888516e+001
3.804866e+003,9.913314e+001
3.805348e+003,9.925581e+001
3.805830e+003,9.924435e+001
3.806312e+003,9.912542e+001
3.806794e+003,9.895123e+001
3.807276e+003,9.877575e+001
3.807758e+003,9.863535e+001
3.808240e+003,9.854434e+001
3.808723e+003,9.850085e+001
3.809205e+003,9.849383e+001
3.809687e+003,9.850765e+001
3.810169e+003,9.852663e+001
3.810651e+003,9.854008e+001
3.811133e+003,9.854625e+001
3.811615e+003,9.855170e+001
3.812097e+003,9.856555e+001
3.812580e+003,9.859040e+001
3.813062e+003,9.861481e+001
3.813544e+003,9.861161e+001
3.814026e+003,9.854490e+001
3.814508e+003,9.838555e+001
3.814990e+003,9.812986e+001
3.815472e+003,9.781084e+001
3.815954e+003,9.749208e+001
3.816437e+003,9.724537e+001
3.816919e+003,9.712674e+001
3.817401e+003,9.716409e+001
3.817883e+003,9.735607e+001
3.818365e+003,9.767360e+001
3.818847e+003,9.806072e+001
3.819329e+003,9.843946e+001
3.819811e+003,9.872351e+001
3.820293e+003,9.884219e+001
3.820776e+003,9.876667e+001
3.821258e+003,9.852212e+001
3.821740e+003,9.817616e+001
3.822222e+003,9.781165e+001
3.822704e+003,9.750330e+001
3.823186e+003,9.730699e+001
3.823668e+003,9.725680e+001
3.824150e+003,9.736463e+001
3.824633e+003,9.762038e+001
3.825115e+003,9.799197e+001
3.825597e+003,9.842620e+001
3.826079e+003,9.885320e+001
3.826561e+003,9.919802e+001
3.827043e+003,9.939776e+001
3.827525e+003,9.941698e+001
3.828007e+003,9.925359e+001
3.828490e+003,9.893503e+001
3.828971e+003,9.850956e+001
3.829454e+003,9.803838e+001
3.829936e+003,9.758866e+001
3.830418e+003,9.722476e+001
3.830900e+003,9.699626e+001
3.831382e+003,9.692506e+001
3.831864e+003,9.699850e+001
3.832346e+003,9.717374e+001
3.832828e+003,9.739308e+001
3.833311e+003,9.760354e+001
3.833793e+003,9.777168e+001
3.834275e+003,9.788866e+001
3.834757e+003,9.796536e+001
3.835239e+003,9.802082e+001
3.835721e+003,9.806918e+001
3.836203e+003,9.811063e+001
3.836685e+003,9.813017e+001
3.837167e+003,9.810627e+001
3.837650e+003,9.802564e+001
3.838132e+003,9.789639e+001
3.838614e+003,9.775108e+001
3.839096e+003,9.763725e+001
3.839578e+003,9.760120e+001
3.840060e+003,9.767392e+001
3.840542e+003,9.786357e+001
3.841024e+003,9.815474e+001
3.841507e+003,9.851244e+001
3.841989e+003,9.888811e+001
3.842471e+003,9.922746e+001
3.842953e+003,9.947903e+001
3.843435e+003,9.960325e+001
3.843917e+003,9.957965e+001
3.844399e+003,9.941019e+001
3.844881e+003,9.911752e+001
3.845364e+003,9.873897e+001
3.845846e+003,9.831814e+001
3.846328e+003,9.789693e+001
3.846810e+003,9.750889e+001
3.847292e+003,9.717574e+001
3.847774e+003,9.690733e+001
3.848256e+003,9.670502e+001
3.848738e+003,9.656750e+001
3.849220e+003,9.649679e+001
3.849703e+003,9.650210e+001
3.850185e+003,9.660064e+001
3.850667e+003,9.681510e+001
3.851149e+003,9.716919e+001
3.851631e+003,9.767975e+001
3.852113e+003,9.833948e+001
3.852595e+003,9.908875e+001
3.853077e+003,9.979735e+001
3.853560e+003,1.003024e+002
3.854042e+003,1.005011e+002
3.854524e+003,1.004153e+002
3.855006e+003,1.001653e+002
3.855488e+003,9.989367e+001
3.855970e+003,9.970148e+001
3.856452e+003,9.962189e+001
3.856934e+003,9.962573e+001
3.857417e+003,9.964514e+001
3.857898e+003,9.960461e+001
3.858381e+003,9.944931e+001
3.858863e+003,9.916154e+001
3.859345e+003,9.876191e+001
3.859827e+003,9.829743e+001
3.860309e+003,9.782433e+001
3.860791e+003,9.739274e+001
3.861273e+003,9.703767e+001
3.861755e+003,9.677744e+001
3.862238e+003,9.661771e+001
3.862720e+003,9.655730e+001
3.863202e+003,9.659121e+001
3.863684e+003,9.670808e+001
3.864166e+003,9.688477e+001
3.864648e+003,9.708395e+001
3.865130e+003,9.726157e+001
3.865612e+003,9.738267e+001
3.866094e+003,9.743559e+001
3.866577e+003,9.743513e+001
3.867059e+003,9.741441e+001
3.867541e+003,9.741161e+001
3.868023e+003,9.745800e+001
3.868505e+003,9.756804e+001
3.868987e+003,9.773041e+001
3.869469e+003,9.790581e+001
3.869951e+003,9.804198e+001
3.870434e+003,9.810409e+001
3.870916e+003,9.809871e+001
3.871398e+003,9.807226e+001
3.871880e+003,9.808796e+001
3.872362e+003,9.819643e+001
3.872844e+003,9.841242e+001
3.873326e+003,9.870341e+001
3.873808e+003,9.899503e+001
3.874291e+003,9.919673e+001
3.874773e+003,9.923962e+001
3.875255e+003,9.910410e+001
3.875737e+003,9.882076e+001
3.876219e+003,9.844825e+001
3.876701e+003,9.804679e+001
3.877183e+003,9.766158e+001
3.877665e+003,9.731989e+001
3.878147e+003,9.703801e+001
3.878630e+003,9.683173e+001
3.879112e+003,9.672205e+001
3.879594e+003,9.673140e+001
3.880076e+003,9.687016e+001
3.880558e+003,9.712180e+001
3.881040e+003,9.743860e+001
3.881522e+003,9.775337e+001
3.882004e+003,9.800067e+001
3.882487e+003,9.813661e+001
3.882969e+003,9.814987e+001
3.883451e+003,9.806446e+001
3.883933e+003,9.793537e+001
3.884415e+003,9.783455e+001
3.884897e+003,9.782406e+001
3.885379e+003,9.792539e+001
3.885861e+003,9.810672e+001
3.886344e+003,9.830238e+001
3.886825e+003,9.845020e+001
3.887308e+003,9.851926e+001
3.887790e+003,9.851435e+001
3.888272e+003,9.846423e+001
3.888754e+003,9.840695e+001
3.889236e+003,9.837877e+001
3.889718e+003,9.840589e+001
3.890200e+003,9.849630e+001
3.890682e+003,9.863273e+001
3.891165e+003,9.877402e+001
3.891647e+003,9.886980e+001
3.892129e+003,9.888147e+001
3.892611e+003,9.879659e+001
3.893093e+003,9.862923e+001
3.893575e+003,9.841029e+001
3.894057e+003,9.817567e+001
3.894539e+003,9.795757e+001
3.895021e+003,9.778017e+001
3.895504e+003,9.765790e+001
3.895986e+003,9.759476e+001
3.896468e+003,9.758389e+001
3.896950e+003,9.760744e+001
3.897432e+003,9.763810e+001
3.897914e+003,9.764417e+001
3.898396e+003,9.759834e+001
3.898878e+003,9.748865e+001
3.899361e+003,9.732684e+001
3.899843e+003,9.714886e+001
3.900325e+003,9.700676e+001
3.900807e+003,9.695411e+001
3.901289e+003,9.703042e+001
3.901771e+003,9.724853e+001
3.902253e+003,9.758717e+001
3.902735e+003,9.799168e+001
3.903218e+003,9.838537e+001
3.903700e+003,9.869185e+001
3.904182e+003,9.886134e+001
3.904664e+003,9.888762e+001
3.905146e+003,9.880544e+001
3.905628e+003,9.867133e+001
3.906110e+003,9.853955e+001
3.906592e+003,9.844474e+001
3.907074e+003,9.839569e+001
3.907557e+003,9.837878e+001
3.908039e+003,9.836787e+001
3.908521e+003,9.833630e+001
3.909003e+003,9.826709e+001
3.909485e+003,9.815846e+001
3.909967e+003,9.802220e+001
3.910449e+003,9.787766e+001
3.910931e+003,9.774354e+001
3.911414e+003,9.763226e+001
3.911896e+003,9.754831e+001
3.912378e+003,9.749067e+001
3.912860e+003,9.745686e+001
3.913342e+003,9.744632e+001
3.913824e+003,9.746096e+001
3.914306e+003,9.750329e+001
3.914788e+003,9.757290e+001
3.915271e+003,9.766291e+001
3.915752e+003,9.775918e+001
3.916235e+003,9.784317e+001
3.916717e+003,9.789894e+001
3.917199e+003,9.792111e+001
3.917681e+003,9.791927e+001
3.918163e+003,9.791565e+001
3.918645e+003,9.793667e+001
3.919127e+003,9.800204e+001
3.919609e+003,9.811635e+001
3.920092e+003,9.826631e+001
3.920574e+003,9.842461e+001
3.921056e+003,9.855885e+001
3.921538e+003,9.864174e+001
3.922020e+003,9.865891e+001
3.922502e+003,9.861144e+001
3.922984e+003,9.851302e+001
3.923466e+003,9.838324e+001
3.923948e+003,9.824022e+001
3.924431e+003,9.809506e+001
3.924913e+003,9.795147e+001
3.925395e+003,9.780943e+001
3.925877e+003,9.767107e+001
3.926359e+003,9.754404e+001
3.926841e+003,9.744103e+001
3.927323e+003,9.737576e+001
3.927805e+003,9.735759e+001
3.928288e+003,9.738708e+001
3.928770e+003,9.745454e+001
3.929252e+003,9.754238e+001
3.929734e+003,9.763074e+001
3.930216e+003,9.770482e+001
3.930698e+003,9.775999e+001
3.931180e+003,9.780262e+001
3.931662e+003,9.784625e+001
3.932145e+003,9.790446e+001
3.932627e+003,9.798467e+001
3.933109e+003,9.808549e+001
3.933591e+003,9.819860e+001
3.934073e+003,9.831308e+001
3.934555e+003,9.841938e+001
3.935037e+003,9.851105e+001
3.935519e+003,9.858385e+001
3.936001e+003,9.863371e+001
3.936484e+003,9.865516e+001
3.936966e+003,9.864156e+001
3.937448e+003,9.858730e+001
3.937930e+003,9.849119e+001
3.938412e+003,9.835893e+001
3.938894e+003,9.820370e+001
3.939376e+003,9.804390e+001
3.939858e+003,9.789954e+001
3.940341e+003,9.778819e+001
3.940823e+003,9.772122e+001
3.941305e+003,9.770190e+001
3.941787e+003,9.772499e+001
3.942269e+003,9.777853e+001
3.942751e+003,9.784706e+001
3.943233e+003,9.791538e+001
3.943715e+003,9.797147e+001
3.944198e+003,9.800798e+001
3.944679e+003,9.802178e+001
3.945162e+003,9.801324e+001
3.945644e+003,9.798528e+001
3.946126e+003,9.794337e+001
3.946608e+003,9.789592e+001
3.947090e+003,9.785361e+001
3.947572e+003,9.782757e+001
3.948054e+003,9.782654e+001
3.948536e+003,9.785355e+001
3.949019e+003,9.790483e+001
3.949501e+003,9.797089e+001
3.949983e+003,9.803983e+001
3.950465e+003,9.810111e+001
3.950947e+003,9.814853e+001
3.951429e+003,9.818114e+001
3.951911e+003,9.820231e+001
3.952393e+003,9.821693e+001
3.952875e+003,9.822871e+001
3.953358e+003,9.823820e+001
3.953840e+003,9.824227e+001
3.954322e+003,9.823550e+001
3.954804e+003,9.821284e+001
3.955286e+003,9.817210e+001
3.955768e+003,9.811597e+001
3.956250e+003,9.805180e+001
3.956732e+003,9.799023e+001
3.957215e+003,9.794239e+001
3.957697e+003,9.791698e+001
3.958179e+003,9.791821e+001
3.958661e+003,9.794475e+001
3.959143e+003,9.799047e+001
3.959625e+003,9.804613e+001
3.960107e+003,9.810179e+001
3.960589e+003,9.814919e+001
3.961072e+003,9.818375e+001
3.961554e+003,9.820509e+001
3.962036e+003,9.821640e+001
3.962518e+003,9.822279e+001
3.963000e+003,9.822937e+001
3.963482e+003,9.823967e+001
3.963964e+003,9.825483e+001
3.964446e+003,9.827386e+001
3.964928e+003,9.829441e+001
3.965411e+003,9.831379e+001
3.965893e+003,9.832967e+001
3.966375e+003,9.834045e+001
3.966857e+003,9.834520e+001
3.967339e+003,9.834314e+001
3.967821e+003,9.833360e+001
3.968303e+003,9.831586e+001
3.968785e+003,9.828979e+001
3.969268e+003,9.825624e+001
3.969750e+003,9.821741e+001
3.970232e+003,9.817667e+001
3.970714e+003,9.813783e+001
3.971196e+003,9.810435e+001
3.971678e+003,9.807841e+001
3.972160e+003,9.806077e+001
3.972642e+003,9.805091e+001
3.973125e+003,9.804758e+001
3.973606e+003,9.804968e+001
3.974089e+003,9.805656e+001
3.974571e+003,9.806784e+001
3.975053e+003,9.808321e+001
3.975535e+003,9.810181e+001
3.976017e+003,9.812210e+001
3.976499e+003,9.814226e+001
3.976981e+003,9.816066e+001
3.977463e+003,9.817658e+001
3.977946e+003,9.819064e+001
3.978428e+003,9.820456e+001
3.978910e+003,9.822057e+001
3.979392e+003,9.824038e+001
3.979874e+003,9.826453e+001
3.980356e+003,9.829199e+001
3.980838e+003,9.832047e+001
3.981320e+003,9.834702e+001
3.981802e+003,9.836909e+001
3.982285e+003,9.838524e+001
3.982767e+003,9.839542e+001
3.983249e+003,9.840079e+001
3.983731e+003,9.840318e+001
3.984213e+003,9.840443e+001
3.984695e+003,9.840554e+001
3.985177e+003,9.840631e+001
3.985659e+003,9.840520e+001
3.986142e+003,9.839974e+001
3.986624e+003,9.838718e+001
3.987106e+003,9.836530e+001
3.987588e+003,9.833335e+001
3.988070e+003,9.829277e+001
3.988552e+003,9.824732e+001
3.989034e+003,9.820250e+001
3.989516e+003,9.816441e+001
3.989999e+003,9.813844e+001
3.990481e+003,9.812775e+001
3.990963e+003,9.813240e+001
3.991445e+003,9.814971e+001
3.991927e+003,9.817509e+001
3.992409e+003,9.820341e+001
3.992891e+003,9.823050e+001
3.993373e+003,9.825394e+001
3.993855e+003,9.827321e+001
3.994338e+003,9.828931e+001
3.994820e+003,9.830393e+001
3.995302e+003,9.831863e+001
3.995784e+003,9.833434e+001
3.996266e+003,9.835119e+001
3.996748e+003,9.836861e+001
3.997230e+003,9.838554e+001
3.997712e+003,9.840049e+001
3.998195e+003,9.841180e+001
3.998677e+003,9.841771e+001
3.999159e+003,9.841685e+001
3.999641e+003,9.840874e+001
4.000123e+003,9.839413e+001
