4.001569e+002,9.932153e+001
4.006390e+002,9.951666e+001
4.011211e+002,9.984382e+001
4.016032e+002,1.003586e+002
4.020853e+002,1.010664e+002
4.025674e+002,1.019145e+002
4.030496e+002,1.028062e+002
4.035317e+002,1.036323e+002
4.040138e+002,1.043032e+002
4.044959e+002,1.047695e+002
4.049780e+002,1.050240e+002
4.054601e+002,1.050954e+002
4.059423e+002,1.050339e+002
4.064244e+002,1.048992e+002
4.069065e+002,1.047502e+002
4.073886e+002,1.046391e+002
4.078707e+002,1.046086e+002
4.083528e+002,1.046885e+002
4.088350e+002,1.048605e+002
4.093171e+002,1.051128e+002
4.097992e+002,1.054609e+002
4.102813e+002,1.059354e+002
4.107634e+002,1.062849e+002
4.112455e+002,1.065057e+002
4.117277e+002,1.065858e+002
4.122098e+002,1.066037e+002
4.126919e+002,1.065802e+002
4.131740e+002,1.065339e+002
4.136561e+002,1.064998e+002
4.141382e+002,1.066489e+002
4.146204e+002,1.067607e+002
4.151025e+002,1.067521e+002
4.155846e+002,1.066107e+002
4.160667e+002,1.062891e+002
4.165488e+002,1.057573e+002
4.170309e+002,1.050233e+002
4.175131e+002,1.041893e+002
4.179952e+002,1.033966e+002
4.184773e+002,1.028248e+002
4.189594e+002,1.025378e+002
4.194415e+002,1.027002e+002
4.199236e+002,1.032073e+002
4.204058e+002,1.039124e+002
4.208879e+002,1.046233e+002
4.213700e+002,1.052322e+002
4.218521e+002,1.057258e+002
4.223342e+002,1.059701e+002
4.228163e+002,1.060510e+002
4.232985e+002,1.060490e+002
4.237806e+002,1.061327e+002
4.242627e+002,1.062416e+002
4.247448e+002,1.064399e+002
4.252269e+002,1.067320e+002
4.257090e+002,1.070371e+002
4.261912e+002,1.072105e+002
4.266733e+002,1.072966e+002
4.271554e+002,1.072533e+002
4.276375e+002,1.070872e+002
4.281196e+002,1.068384e+002
4.286017e+002,1.065786e+002
4.290839e+002,1.063407e+002
4.295660e+002,1.062013e+002
4.300481e+002,1.060394e+002
4.305302e+002,1.059893e+002
4.310123e+002,1.060475e+002
4.314944e+002,1.062109e+002
4.319766e+002,1.064651e+002
4.324587e+002,1.067756e+002
4.329408e+002,1.070942e+002
4.334229e+002,1.073475e+002
4.339050e+002,1.074869e+002
4.343871e+002,1.074917e+002
4.348693e+002,1.073718e+002
4.353514e+002,1.071880e+002
4.358335e+002,1.069992e+002
4.363156e+002,1.068271e+002
4.367977e+002,1.067452e+002
4.372798e+002,1.068708e+002
4.377620e+002,1.070019e+002
4.382441e+002,1.071483e+002
4.387262e+002,1.072731e+002
4.392083e+002,1.073195e+002
4.396904e+002,1.072829e+002
4.401725e+002,1.071936e+002
4.406547e+002,1.070431e+002
4.411368e+002,1.069309e+002
4.416189e+002,1.068233e+002
4.421010e+002,1.067849e+002
4.425831e+002,1.068408e+002
4.430652e+002,1.069853e+002
4.435474e+002,1.072160e+002
4.440295e+002,1.075385e+002
4.445116e+002,1.075817e+002
4.449937e+002,1.078353e+002
4.454758e+002,1.080102e+002
4.459579e+002,1.080959e+002
4.464401e+002,1.081157e+002
4.469222e+002,1.080924e+002
4.474043e+002,1.080497e+002
4.478864e+002,1.079763e+002
4.483685e+002,1.079840e+002
4.488506e+002,1.079011e+002
4.493328e+002,1.077939e+002
4.498149e+002,1.077825e+002
4.502970e+002,1.077589e+002
4.507791e+002,1.077212e+002
4.512612e+002,1.077670e+002
4.517433e+002,1.078423e+002
4.522255e+002,1.079213e+002
4.527076e+002,1.079722e+002
4.531897e+002,1.080052e+002
4.536718e+002,1.079069e+002
4.541539e+002,1.076794e+002
4.546360e+002,1.073074e+002
4.551182e+002,1.067815e+002
4.556003e+002,1.061005e+002
4.560824e+002,1.052646e+002
4.565645e+002,1.042958e+002
4.570466e+002,1.033069e+002
4.575287e+002,1.022720e+002
4.580109e+002,1.012894e+002
4.584930e+002,1.004825e+002
4.589751e+002,9.982901e+001
4.594572e+002,9.947813e+001
4.599393e+002,9.926254e+001
4.604214e+002,9.927367e+001
4.609036e+002,9.946115e+001
4.613857e+002,9.981331e+001
4.618678e+002,1.002838e+002
4.623499e+002,1.008565e+002
4.628320e+002,1.015788e+002
4.633141e+002,1.023678e+002
4.637963e+002,1.031758e+002
4.642784e+002,1.039962e+002
4.647605e+002,1.047547e+002
4.652426e+002,1.054673e+002
4.657247e+002,1.060294e+002
4.662068e+002,1.064914e+002
4.666890e+002,1.068869e+002
4.671711e+002,1.072932e+002
4.676532e+002,1.076901e+002
4.681353e+002,1.080785e+002
4.686174e+002,1.084483e+002
4.690995e+002,1.088440e+002
4.695817e+002,1.091273e+002
4.700638e+002,1.093572e+002
4.705459e+002,1.095302e+002
4.710280e+002,1.097060e+002
4.715101e+002,1.098355e+002
4.719922e+002,1.100301e+002
4.724744e+002,1.103004e+002
4.729565e+002,1.105855e+002
4.734386e+002,1.108814e+002
4.739207e+002,1.111475e+002
4.744028e+002,1.113273e+002
4.748849e+002,1.115168e+002
4.753671e+002,1.116088e+002
4.758492e+002,1.117506e+002
4.763313e+002,1.117800e+002
4.768134e+002,1.118548e+002
4.772955e+002,1.118745e+002
4.777777e+002,1.119673e+002
4.782598e+002,1.119904e+002
4.787419e+002,1.120438e+002
4.792240e+002,1.121087e+002
4.797061e+002,1.120859e+002
4.801883e+002,1.120039e+002
4.806704e+002,1.119071e+002
4.811525e+002,1.118070e+002
4.816346e+002,1.117386e+002
4.821167e+002,1.117213e+002
4.825988e+002,1.117509e+002
4.830810e+002,1.118278e+002
4.835631e+002,1.119955e+002
4.840452e+002,1.122413e+002
4.845273e+002,1.124311e+002
4.850094e+002,1.126428e+002
4.854915e+002,1.127467e+002
4.859737e+002,1.128787e+002
4.864558e+002,1.127650e+002
4.869379e+002,1.125804e+002
4.874200e+002,1.123135e+002
4.879021e+002,1.119940e+002
4.883842e+002,1.116761e+002
4.888664e+002,1.113829e+002
4.893485e+002,1.111599e+002
4.898306e+002,1.110539e+002
4.903127e+002,1.110585e+002
4.907948e+002,1.111267e+002
4.912769e+002,1.112364e+002
4.917591e+002,1.113811e+002
4.922412e+002,1.114389e+002
4.927233e+002,1.115462e+002
4.932054e+002,1.115663e+002
4.936875e+002,1.117008e+002
4.941696e+002,1.117612e+002
4.946518e+002,1.118495e+002
4.951339e+002,1.118903e+002
4.956160e+002,1.118980e+002
4.960981e+002,1.118419e+002
4.965802e+002,1.117382e+002
4.970623e+002,1.115685e+002
4.975445e+002,1.114314e+002
4.980266e+002,1.113197e+002
4.985087e+002,1.112851e+002
4.989908e+002,1.112199e+002
4.994729e+002,1.111034e+002
4.999550e+002,1.110297e+002
5.004372e+002,1.108591e+002
5.009193e+002,1.107285e+002
5.014014e+002,1.106166e+002
5.018835e+002,1.105543e+002
5.023656e+002,1.106126e+002
5.028477e+002,1.107141e+002
5.033299e+002,1.108708e+002
5.038120e+002,1.110529e+002
5.042941e+002,1.111664e+002
5.047762e+002,1.112371e+002
5.052583e+002,1.112730e+002
5.057404e+002,1.112243e+002
5.062226e+002,1.112164e+002
5.067047e+002,1.112290e+002
5.071868e+002,1.112996e+002
5.076689e+002,1.113828e+002
5.081510e+002,1.115044e+002
5.086331e+002,1.116169e+002
5.091153e+002,1.117411e+002
5.095974e+002,1.118224e+002
5.100795e+002,1.118248e+002
5.105616e+002,1.118172e+002
5.110437e+002,1.116722e+002
5.115258e+002,1.115138e+002
5.120079e+002,1.113222e+002
5.124901e+002,1.111769e+002
5.129722e+002,1.110687e+002
5.134543e+002,1.108718e+002
5.139364e+002,1.106838e+002
5.144186e+002,1.104907e+002
5.149006e+002,1.102785e+002
5.153828e+002,1.100453e+002
5.158649e+002,1.098046e+002
5.163470e+002,1.095982e+002
5.168291e+002,1.094712e+002
5.173113e+002,1.093780e+002
5.177933e+002,1.093788e+002
5.182755e+002,1.092063e+002
5.187576e+002,1.093126e+002
5.192397e+002,1.094604e+002
5.197218e+002,1.096004e+002
5.202040e+002,1.097143e+002
5.206860e+002,1.097896e+002
5.211682e+002,1.098176e+002
5.216503e+002,1.097896e+002
5.221324e+002,1.096970e+002
5.226145e+002,1.095283e+002
5.230967e+002,1.093007e+002
5.235787e+002,1.090023e+002
5.240609e+002,1.086396e+002
5.245430e+002,1.082779e+002
5.250251e+002,1.078794e+002
5.255072e+002,1.074859e+002
5.259894e+002,1.071189e+002
5.264714e+002,1.067727e+002
5.269536e+002,1.064615e+002
5.274357e+002,1.061371e+002
5.279178e+002,1.058019e+002
5.283999e+002,1.054446e+002
5.288821e+002,1.050518e+002
5.293641e+002,1.046264e+002
5.298463e+002,1.041799e+002
5.303284e+002,1.037310e+002
5.308105e+002,1.033023e+002
5.312926e+002,1.029165e+002
5.317748e+002,1.025921e+002
5.322568e+002,1.023399e+002
5.327390e+002,1.021622e+002
5.332211e+002,1.020538e+002
5.337032e+002,1.020048e+002
5.341853e+002,1.020047e+002
5.346675e+002,1.020460e+002
5.351495e+002,1.021259e+002
5.356317e+002,1.022460e+002
5.361138e+002,1.024085e+002
5.365959e+002,1.026136e+002
5.370780e+002,1.028576e+002
5.375602e+002,1.031333e+002
5.380422e+002,1.034319e+002
5.385244e+002,1.037460e+002
5.390065e+002,1.040849e+002
5.394886e+002,1.044251e+002
5.399707e+002,1.047624e+002
5.404529e+002,1.050943e+002
5.409349e+002,1.054062e+002
5.414171e+002,1.056649e+002
5.418992e+002,1.058726e+002
5.423813e+002,1.060206e+002
5.428634e+002,1.061018e+002
5.433456e+002,1.061278e+002
5.438276e+002,1.061500e+002
5.443098e+002,1.061274e+002
5.447919e+002,1.061056e+002
5.452740e+002,1.060816e+002
5.457561e+002,1.061058e+002
5.462383e+002,1.061410e+002
5.467203e+002,1.061813e+002
5.472025e+002,1.062284e+002
5.476846e+002,1.062779e+002
5.481667e+002,1.063287e+002
5.486488e+002,1.063853e+002
5.491310e+002,1.064342e+002
5.496130e+002,1.064793e+002
5.500952e+002,1.065195e+002
5.505773e+002,1.065523e+002
5.510594e+002,1.065738e+002
5.515415e+002,1.065803e+002
5.520237e+002,1.065473e+002
5.525057e+002,1.064651e+002
5.529879e+002,1.063863e+002
5.534700e+002,1.062930e+002
5.539521e+002,1.061891e+002
5.544342e+002,1.060978e+002
5.549164e+002,1.060400e+002
5.553985e+002,1.060260e+002
5.558806e+002,1.060562e+002
5.563627e+002,1.061243e+002
5.568448e+002,1.062039e+002
5.573270e+002,1.062718e+002
5.578091e+002,1.063105e+002
5.582912e+002,1.063130e+002
5.587733e+002,1.062984e+002
5.592554e+002,1.062899e+002
5.597375e+002,1.062375e+002
5.602197e+002,1.061888e+002
5.607018e+002,1.061471e+002
5.611839e+002,1.061013e+002
5.616660e+002,1.060337e+002
5.621481e+002,1.059940e+002
5.626302e+002,1.059579e+002
5.631124e+002,1.059215e+002
5.635945e+002,1.058887e+002
5.640766e+002,1.058626e+002
5.645587e+002,1.058448e+002
5.650408e+002,1.058352e+002
5.655229e+002,1.058332e+002
5.660051e+002,1.058385e+002
5.664872e+002,1.058510e+002
5.669693e+002,1.058703e+002
5.674514e+002,1.058940e+002
5.679335e+002,1.059179e+002
5.684156e+002,1.059795e+002
5.688978e+002,1.059868e+002
5.693799e+002,1.059925e+002
5.698620e+002,1.059810e+002
5.703441e+002,1.059655e+002
5.708262e+002,1.059562e+002
5.713083e+002,1.059501e+002
5.717905e+002,1.059437e+002
5.722726e+002,1.059289e+002
5.727547e+002,1.059042e+002
5.732368e+002,1.058488e+002
5.737189e+002,1.057699e+002
5.742010e+002,1.056742e+002
5.746832e+002,1.055731e+002
5.751653e+002,1.054788e+002
5.756474e+002,1.054001e+002
5.761295e+002,1.053387e+002
5.766116e+002,1.052893e+002
5.770938e+002,1.052409e+002
5.775759e+002,1.051803e+002
5.780580e+002,1.050954e+002
5.785401e+002,1.049777e+002
5.790222e+002,1.048240e+002
5.795043e+002,1.046373e+002
5.799865e+002,1.044267e+002
5.804686e+002,1.042066e+002
5.809507e+002,1.039934e+002
5.814328e+002,1.038007e+002
5.819149e+002,1.036351e+002
5.823970e+002,1.034920e+002
5.828792e+002,1.033549e+002
5.833613e+002,1.031981e+002
5.838434e+002,1.029913e+002
5.843255e+002,1.027055e+002
5.848076e+002,1.023158e+002
5.852897e+002,1.018010e+002
5.857719e+002,1.011388e+002
5.862540e+002,1.002998e+002
5.867361e+002,9.924540e+001
5.872182e+002,9.793621e+001
5.877003e+002,9.633333e+001
5.881824e+002,9.443056e+001
5.886646e+002,9.227211e+001
5.891467e+002,8.996630e+001
5.896288e+002,8.768629e+001
5.901109e+002,8.565289e+001
5.905930e+002,8.410010e+001
5.910751e+002,8.322800e+001
5.915573e+002,8.315519e+001
5.920394e+002,8.388618e+001
5.925215e+002,8.530740e+001
5.930036e+002,8.721432e+001
5.934857e+002,8.936025e+001
5.939678e+002,9.150893e+001
5.944500e+002,9.347595e+001
5.949321e+002,9.514990e+001
5.954142e+002,9.649349e+001
5.958963e+002,9.752836e+001
5.963784e+002,9.831102e+001
5.968605e+002,9.890789e+001
5.973427e+002,9.937614e+001
5.978248e+002,9.975327e+001
5.983069e+002,1.000565e+002
5.987890e+002,1.002874e+002
5.992711e+002,1.004385e+002
5.997532e+002,1.004983e+002
6.002354e+002,1.004536e+002
6.007175e+002,1.002888e+002
6.011996e+002,9.998680e+001
6.016817e+002,9.953210e+001
6.021638e+002,9.891733e+001
6.026459e+002,9.815235e+001
6.031281e+002,9.727210e+001
6.036102e+002,9.634003e+001
6.040923e+002,9.544350e+001
6.045744e+002,9.468140e+001
6.050565e+002,9.414659e+001
6.055386e+002,9.390737e+001
6.060208e+002,9.399444e+001
6.065029e+002,9.439626e+001
6.069850e+002,9.506400e+001
6.074671e+002,9.592381e+001
6.079492e+002,9.689223e+001
6.084313e+002,9.789041e+001
6.089135e+002,9.885429e+001
6.093956e+002,9.973931e+001
6.098777e+002,1.005204e+002
6.103598e+002,1.011885e+002
6.108419e+002,1.017466e+002
6.113240e+002,1.022047e+002
6.118062e+002,1.025763e+002
6.122883e+002,1.028754e+002
6.127704e+002,1.031152e+002
6.132525e+002,1.033069e+002
6.137346e+002,1.034603e+002
6.142167e+002,1.035837e+002
6.146989e+002,1.036857e+002
6.151810e+002,1.037746e+002
6.156631e+002,1.038578e+002
6.161452e+002,1.039403e+002
6.166273e+002,1.040224e+002
6.171094e+002,1.040996e+002
6.175916e+002,1.041636e+002
6.180737e+002,1.042057e+002
6.185558e+002,1.042213e+002
6.190379e+002,1.042110e+002
6.195200e+002,1.041814e+002
6.200021e+002,1.041429e+002
6.204843e+002,1.041070e+002
6.209664e+002,1.040840e+002
6.214485e+002,1.040801e+002
6.219306e+002,1.040966e+002
6.224127e+002,1.041306e+002
6.228948e+002,1.041766e+002
6.233770e+002,1.042286e+002
6.238591e+002,1.042819e+002
6.243412e+002,1.043334e+002
6.248233e+002,1.043812e+002
6.253054e+002,1.044245e+002
6.257875e+002,1.044622e+002
6.262697e+002,1.044941e+002
6.267518e+002,1.045202e+002
6.272339e+002,1.045415e+002
6.277160e+002,1.045594e+002
6.281981e+002,1.045751e+002
6.286802e+002,1.045889e+002
6.291624e+002,1.046000e+002
6.296445e+002,1.046073e+002
6.301266e+002,1.046101e+002
6.306087e+002,1.046096e+002
6.310908e+002,1.046086e+002
6.315729e+002,1.046111e+002
6.320551e+002,1.046206e+002
6.325372e+002,1.046375e+002
6.330193e+002,1.046591e+002
6.335014e+002,1.046793e+002
6.339835e+002,1.046909e+002
6.344656e+002,1.046874e+002
6.349478e+002,1.046657e+002
6.354299e+002,1.046265e+002
6.359120e+002,1.045739e+002
6.363941e+002,1.045140e+002
6.368762e+002,1.044532e+002
6.373583e+002,1.043976e+002
6.378405e+002,1.043525e+002
6.383226e+002,1.043222e+002
6.388047e+002,1.043102e+002
6.392868e+002,1.043181e+002
6.397689e+002,1.043442e+002
6.402510e+002,1.043834e+002
6.407332e+002,1.044277e+002
6.412153e+002,1.044679e+002
6.416974e+002,1.044968e+002
6.421795e+002,1.045113e+002
6.426616e+002,1.045128e+002
6.431437e+002,1.045059e+002
6.436259e+002,1.044955e+002
6.441080e+002,1.044842e+002
6.445901e+002,1.044711e+002
6.450722e+002,1.044524e+002
6.455543e+002,1.044244e+002
6.460364e+002,1.043859e+002
6.465186e+002,1.043405e+002
6.470007e+002,1.042952e+002
6.474828e+002,1.042582e+002
6.479649e+002,1.042350e+002
6.484470e+002,1.042262e+002
6.489291e+002,1.042273e+002
6.494113e+002,1.042309e+002
6.498934e+002,1.042299e+002
6.503755e+002,1.042191e+002
6.508576e+002,1.041963e+002
6.513397e+002,1.041604e+002
6.518218e+002,1.041110e+002
6.523040e+002,1.040477e+002
6.527861e+002,1.039708e+002
6.532682e+002,1.038832e+002
6.537503e+002,1.037917e+002
6.542324e+002,1.037062e+002
6.547145e+002,1.036367e+002
6.551967e+002,1.035898e+002
6.556788e+002,1.035642e+002
6.561609e+002,1.035505e+002
6.566430e+002,1.035341e+002
6.571251e+002,1.034995e+002
6.576072e+002,1.034375e+002
6.580894e+002,1.033469e+002
6.585715e+002,1.032348e+002
6.590536e+002,1.031114e+002
6.595357e+002,1.029842e+002
6.600178e+002,1.028540e+002
6.604999e+002,1.027147e+002
6.609821e+002,1.025563e+002
6.614642e+002,1.023710e+002
6.619463e+002,1.021562e+002
6.624284e+002,1.019151e+002
6.629105e+002,1.016519e+002
6.633926e+002,1.013647e+002
6.638748e+002,1.010407e+002
6.643569e+002,1.006538e+002
6.648390e+002,1.001694e+002
6.653211e+002,9.955145e+001
6.658032e+002,9.877392e+001
6.662853e+002,9.783652e+001
6.667675e+002,9.678410e+001
6.672496e+002,9.571679e+001
6.677317e+002,9.476017e+001
6.682138e+002,9.398241e+001
6.686959e+002,9.333736e+001
6.691780e+002,9.271642e+001
6.696602e+002,9.201253e+001
6.701423e+002,9.111895e+001
6.706244e+002,8.992692e+001
6.711065e+002,8.834328e+001
6.715886e+002,8.631195e+001
6.720707e+002,8.383406e+001
6.725529e+002,8.098566e+001
6.730350e+002,7.792365e+001
6.735171e+002,7.487211e+001
6.739992e+002,7.209053e+001
6.744813e+002,6.983613e+001
6.749634e+002,6.833092e+001
6.754456e+002,6.773579e+001
6.759277e+002,6.812824e+001
6.764098e+002,6.948650e+001
6.768919e+002,7.168860e+001
6.773740e+002,7.453429e+001
6.778561e+002,7.778508e+001
6.783383e+002,8.120715e+001
6.788204e+002,8.460070e+001
6.793025e+002,8.781046e+001
6.797846e+002,9.072325e+001
6.802667e+002,9.326262e+001
6.807488e+002,9.538750e+001
6.812310e+002,9.709392e+001
6.817131e+002,9.841437e+001
6.821952e+002,9.941088e+001
6.826773e+002,1.001608e+002
6.831594e+002,1.007398e+002
6.836415e+002,1.012072e+002
6.841237e+002,1.015967e+002
6.846058e+002,1.019150e+002
6.850879e+002,1.021473e+002
6.855700e+002,1.022642e+002
6.860521e+002,1.022284e+002
6.865342e+002,1.019983e+002
6.870164e+002,1.015310e+002
6.874985e+002,1.007887e+002
6.879806e+002,9.975014e+001
6.884627e+002,9.842665e+001
6.889448e+002,9.687669e+001
6.894269e+002,9.521245e+001
6.899091e+002,9.359375e+001
6.903912e+002,9.220816e+001
6.908733e+002,9.123959e+001
6.913554e+002,9.083131e+001
6.918375e+002,9.105227e+001
6.923196e+002,9.187807e+001
6.928018e+002,9.319469e+001
6.932839e+002,9.482597e+001
6.937660e+002,9.657500e+001
6.942481e+002,9.826492e+001
6.947302e+002,9.976779e+001
6.952123e+002,1.010156e+002
6.956945e+002,1.019955e+002
6.961766e+002,1.027340e+002
6.966587e+002,1.032781e+002
6.971408e+002,1.036788e+002
6.976229e+002,1.039798e+002
6.981050e+002,1.042135e+002
6.985872e+002,1.044011e+002
6.990693e+002,1.045554e+002
6.995514e+002,1.046828e+002
7.000335e+002,1.047868e+002
7.005156e+002,1.048691e+002
7.009977e+002,1.049316e+002
7.014799e+002,1.049778e+002
7.019620e+002,1.050130e+002
7.024441e+002,1.050440e+002
7.029262e+002,1.050773e+002
7.034083e+002,1.051177e+002
7.038904e+002,1.051662e+002
7.043726e+002,1.052203e+002
7.048547e+002,1.052744e+002
7.053368e+002,1.053219e+002
7.058189e+002,1.053564e+002
7.063010e+002,1.053737e+002
7.067831e+002,1.053720e+002
7.072653e+002,1.053524e+002
7.077474e+002,1.053192e+002
7.082295e+002,1.052787e+002
7.087116e+002,1.052394e+002
7.091937e+002,1.052102e+002
7.096759e+002,1.051981e+002
7.101580e+002,1.052066e+002
7.106401e+002,1.052341e+002
7.111222e+002,1.052735e+002
7.116044e+002,1.053149e+002
7.120864e+002,1.053483e+002
7.125686e+002,1.053676e+002
7.130507e+002,1.053730e+002
7.135328e+002,1.053700e+002
7.140149e+002,1.053674e+002
7.144971e+002,1.053730e+002
7.149791e+002,1.053901e+002
7.154613e+002,1.054163e+002
7.159434e+002,1.054448e+002
7.164255e+002,1.054675e+002
7.169076e+002,1.054786e+002
7.173898e+002,1.054771e+002
7.178718e+002,1.054665e+002
7.183540e+002,1.054524e+002
7.188361e+002,1.054400e+002
7.193182e+002,1.054310e+002
7.198003e+002,1.054240e+002
7.202825e+002,1.054155e+002
7.207645e+002,1.054032e+002
7.212467e+002,1.053876e+002
7.217288e+002,1.053713e+002
7.222109e+002,1.053572e+002
7.226930e+002,1.053461e+002
7.231752e+002,1.053367e+002
7.236572e+002,1.053256e+002
7.241394e+002,1.053101e+002
7.246215e+002,1.052891e+002
7.251036e+002,1.052642e+002
7.255857e+002,1.052393e+002
7.260679e+002,1.052181e+002
7.265499e+002,1.052020e+002
7.270321e+002,1.051895e+002
7.275142e+002,1.051759e+002
7.279963e+002,1.051558e+002
7.284784e+002,1.051254e+002
7.289606e+002,1.050838e+002
7.294426e+002,1.050337e+002
7.299248e+002,1.049792e+002
7.304069e+002,1.049240e+002
7.308890e+002,1.048691e+002
7.313711e+002,1.048120e+002
7.318533e+002,1.047471e+002
7.323353e+002,1.046672e+002
7.328175e+002,1.045645e+002
7.332996e+002,1.044320e+002
7.337817e+002,1.042633e+002
7.342638e+002,1.040537e+002
7.347460e+002,1.038014e+002
7.352280e+002,1.035100e+002
7.357102e+002,1.031906e+002
7.361923e+002,1.028634e+002
7.366744e+002,1.025561e+002
7.371565e+002,1.022992e+002
7.376387e+002,1.021201e+002
7.381207e+002,1.020353e+002
7.386029e+002,1.020453e+002
7.390850e+002,1.021340e+002
7.395671e+002,1.022722e+002
7.400492e+002,1.024258e+002
7.405314e+002,1.025633e+002
7.410134e+002,1.026636e+002
7.414956e+002,1.027190e+002
7.419777e+002,1.027354e+002
7.424598e+002,1.027284e+002
7.429419e+002,1.027189e+002
7.434241e+002,1.027268e+002
7.439061e+002,1.027676e+002
7.443883e+002,1.028490e+002
7.448704e+002,1.029705e+002
7.453525e+002,1.031231e+002
7.458346e+002,1.032926e+002
7.463168e+002,1.034619e+002
7.467988e+002,1.036161e+002
7.472810e+002,1.037452e+002
7.477631e+002,1.038465e+002
7.482452e+002,1.039233e+002
7.487273e+002,1.039825e+002
7.492095e+002,1.040303e+002
7.496915e+002,1.040693e+002
7.501737e+002,1.040973e+002
7.506558e+002,1.041085e+002
7.511379e+002,1.040970e+002
7.516200e+002,1.040598e+002
7.521022e+002,1.039981e+002
7.525842e+002,1.039173e+002
7.530664e+002,1.038235e+002
7.535485e+002,1.037206e+002
7.540306e+002,1.036089e+002
7.545127e+002,1.034852e+002
7.549949e+002,1.033454e+002
7.554769e+002,1.031878e+002
7.559591e+002,1.030142e+002
7.564412e+002,1.028294e+002
7.569233e+002,1.026381e+002
7.574054e+002,1.024420e+002
7.578876e+002,1.022378e+002
7.583696e+002,1.020175e+002
7.588518e+002,1.017700e+002
7.593339e+002,1.014816e+002
7.598160e+002,1.011334e+002
7.602981e+002,1.006955e+002
7.607803e+002,1.001176e+002
7.612623e+002,9.932939e+001
7.617445e+002,9.824847e+001
7.622266e+002,9.680057e+001
7.627087e+002,9.495012e+001
7.631908e+002,9.273219e+001
7.636730e+002,9.027431e+001
7.641550e+002,8.779710e+001
7.646372e+002,8.558694e+001
7.651193e+002,8.394317e+001
7.656014e+002,8.311298e+001
7.660835e+002,8.323395e+001
7.665657e+002,8.430256e+001
7.670477e+002,8.617756e+001
7.675299e+002,8.861443e+001
7.680120e+002,9.131940e+001
7.684941e+002,9.400797e+001
7.689762e+002,9.645319e+001
7.694584e+002,9.851447e+001
7.699404e+002,1.001417e+002
7.704226e+002,1.013579e+002
7.709047e+002,1.022309e+002
7.713868e+002,1.028429e+002
7.718689e+002,1.032690e+002
7.723511e+002,1.035674e+002
7.728331e+002,1.037774e+002
7.733153e+002,1.039247e+002
7.737974e+002,1.040256e+002
7.742795e+002,1.040908e+002
7.747616e+002,1.041269e+002
7.752438e+002,1.041374e+002
7.757258e+002,1.041232e+002
7.762080e+002,1.040854e+002
7.766901e+002,1.040267e+002
7.771722e+002,1.039528e+002
7.776543e+002,1.038712e+002
7.781365e+002,1.037894e+002
7.786185e+002,1.037123e+002
7.791007e+002,1.036414e+002
7.795828e+002,1.035751e+002
7.800649e+002,1.035107e+002
7.805470e+002,1.034464e+002
7.810292e+002,1.033821e+002
7.815112e+002,1.033190e+002
7.819934e+002,1.032574e+002
7.824755e+002,1.031957e+002
7.829576e+002,1.031292e+002
7.834397e+002,1.030517e+002
7.839219e+002,1.029579e+002
7.844039e+002,1.028454e+002
7.848861e+002,1.027158e+002
7.853682e+002,1.025732e+002
7.858503e+002,1.024218e+002
7.863324e+002,1.022634e+002
7.868146e+002,1.020963e+002
7.872966e+002,1.019160e+002
7.877788e+002,1.017180e+002
7.882609e+002,1.015000e+002
7.887430e+002,1.012631e+002
7.892251e+002,1.010110e+002
7.897073e+002,1.007470e+002
7.901893e+002,1.004712e+002
7.906715e+002,1.001779e+002
7.911536e+002,9.985617e+001
7.916357e+002,9.949166e+001
7.921178e+002,9.906976e+001
7.926000e+002,9.857841e+001
7.930820e+002,9.800980e+001
7.935642e+002,9.736048e+001
7.940463e+002,9.663109e+001
7.945284e+002,9.582636e+001
7.950105e+002,9.495599e+001
7.954927e+002,9.403574e+001
7.959747e+002,9.308773e+001
7.964569e+002,9.213885e+001
7.969390e+002,9.121674e+001
7.974211e+002,9.034518e+001
7.979032e+002,8.953938e+001
7.983854e+002,8.880366e+001
7.988674e+002,8.813173e+001
7.993496e+002,8.750966e+001
7.998317e+002,8.692061e+001
8.003138e+002,8.635016e+001
8.007959e+002,8.579102e+001
8.012781e+002,8.524582e+001
8.017601e+002,8.472809e+001
8.022423e+002,8.426082e+001
8.027244e+002,8.387365e+001
8.032065e+002,8.359815e+001
8.036886e+002,8.346358e+001
8.041708e+002,8.349254e+001
8.046528e+002,8.369849e+001
8.051350e+002,8.408493e+001
8.056171e+002,8.464644e+001
8.060992e+002,8.536979e+001
8.065813e+002,8.623554e+001
8.070635e+002,8.721914e+001
8.075455e+002,8.829217e+001
8.080277e+002,8.942404e+001
8.085098e+002,9.058388e+001
8.089919e+002,9.174242e+001
8.094740e+002,9.287347e+001
8.099562e+002,9.395436e+001
8.104382e+002,9.496658e+001
8.109204e+002,9.589632e+001
8.114025e+002,9.673543e+001
8.118846e+002,9.748177e+001
8.123667e+002,9.813892e+001
8.128489e+002,9.871467e+001
8.133309e+002,9.921844e+001
8.138131e+002,9.965923e+001
8.142952e+002,1.000443e+002
8.147773e+002,1.003792e+002
8.152594e+002,1.006696e+002
8.157416e+002,1.009215e+002
8.162236e+002,1.011423e+002
8.167058e+002,1.013395e+002
8.171879e+002,1.015194e+002
8.176700e+002,1.016850e+002
8.181521e+002,1.018357e+002
8.186343e+002,1.019690e+002
8.191163e+002,1.020816e+002
8.195985e+002,1.021728e+002
8.200806e+002,1.022447e+002
8.205627e+002,1.023022e+002
8.210448e+002,1.023507e+002
8.215270e+002,1.023937e+002
8.220090e+002,1.024310e+002
8.224912e+002,1.024592e+002
8.229733e+002,1.024737e+002
8.234554e+002,1.024710e+002
8.239375e+002,1.024514e+002
8.244197e+002,1.024193e+002
8.249017e+002,1.023827e+002
8.253839e+002,1.023497e+002
8.258660e+002,1.023266e+002
8.263481e+002,1.023153e+002
8.268302e+002,1.023135e+002
8.273124e+002,1.023157e+002
8.277944e+002,1.023156e+002
8.282766e+002,1.023089e+002
8.287587e+002,1.022945e+002
8.292408e+002,1.022750e+002
8.297229e+002,1.022555e+002
8.302051e+002,1.022417e+002
8.306871e+002,1.022381e+002
8.311693e+002,1.022460e+002
8.316514e+002,1.022633e+002
8.321335e+002,1.022853e+002
8.326157e+002,1.023062e+002
8.330978e+002,1.023213e+002
8.335799e+002,1.023289e+002
8.340620e+002,1.023303e+002
8.345441e+002,1.023303e+002
8.350262e+002,1.023346e+002
8.355084e+002,1.023478e+002
8.359905e+002,1.023714e+002
8.364726e+002,1.024028e+002
8.369547e+002,1.024358e+002
8.374368e+002,1.024628e+002
8.379189e+002,1.024771e+002
8.384011e+002,1.024749e+002
8.388832e+002,1.024561e+002
8.393653e+002,1.024234e+002
8.398474e+002,1.023807e+002
8.403295e+002,1.023313e+002
8.408116e+002,1.022769e+002
8.412938e+002,1.022180e+002
8.417759e+002,1.021550e+002
8.422580e+002,1.020899e+002
8.427401e+002,1.020259e+002
8.432222e+002,1.019671e+002
8.437043e+002,1.019163e+002
8.441865e+002,1.018736e+002
8.446686e+002,1.018346e+002
8.451507e+002,1.017919e+002
8.456328e+002,1.017360e+002
8.461149e+002,1.016586e+002
8.465970e+002,1.015546e+002
8.470792e+002,1.014221e+002
8.475613e+002,1.012628e+002
8.480434e+002,1.010794e+002
8.485255e+002,1.008738e+002
8.490076e+002,1.006465e+002
8.494897e+002,1.003958e+002
8.499719e+002,1.001177e+002
8.504540e+002,9.980672e+001
8.509361e+002,9.945480e+001
8.514182e+002,9.905094e+001
8.519003e+002,9.858021e+001
8.523824e+002,9.802371e+001
8.528646e+002,9.735978e+001
8.533467e+002,9.656635e+001
8.538288e+002,9.562453e+001
8.543109e+002,9.452262e+001
8.547930e+002,9.326024e+001
8.552751e+002,9.185245e+001
8.557573e+002,9.033376e+001
8.562394e+002,8.876086e+001
8.567215e+002,8.721284e+001
8.572036e+002,8.578630e+001
8.576857e+002,8.458422e+001
8.581678e+002,8.370007e+001
8.586500e+002,8.320113e+001
8.591321e+002,8.311629e+001
8.596142e+002,8.343234e+001
8.600963e+002,8.409914e+001
8.605784e+002,8.504130e+001
8.610605e+002,8.617286e+001
8.615427e+002,8.741090e+001
8.620248e+002,8.868543e+001
8.625069e+002,8.994392e+001
8.629890e+002,9.114955e+001
8.634711e+002,9.227575e+001
8.639532e+002,9.329903e+001
8.644354e+002,9.419363e+001
8.649175e+002,9.492995e+001
8.653996e+002,9.547665e+001
8.658817e+002,9.580508e+001
8.663638e+002,9.589407e+001
8.668459e+002,9.573324e+001
8.673281e+002,9.532487e+001
8.678102e+002,9.468565e+001
8.682923e+002,9.384884e+001
8.687744e+002,9.286715e+001
8.692565e+002,9.181417e+001
8.697386e+002,9.078253e+001
8.702208e+002,8.987695e+001
8.707029e+002,8.920290e+001
8.711850e+002,8.885265e+001
8.716671e+002,8.889157e+001
8.721492e+002,8.934772e+001
8.726313e+002,9.020678e+001
8.731135e+002,9.141488e+001
8.735956e+002,9.288825e+001
8.740777e+002,9.452832e+001
8.745598e+002,9.623745e+001
8.750419e+002,9.793126e+001
8.755240e+002,9.954519e+001
8.760062e+002,1.010360e+002
8.764883e+002,1.023801e+002
8.769704e+002,1.035694e+002
8.774525e+002,1.046088e+002
8.779346e+002,1.055112e+002
8.784167e+002,1.062937e+002
8.788989e+002,1.069732e+002
8.793810e+002,1.075630e+002
8.798631e+002,1.080720e+002
8.803452e+002,1.085055e+002
8.808273e+002,1.088679e+002
8.813094e+002,1.091653e+002
8.817916e+002,1.094068e+002
8.822737e+002,1.096034e+002
8.827558e+002,1.097654e+002
8.832379e+002,1.099004e+002
8.837200e+002,1.100117e+002
8.842021e+002,1.101001e+002
8.846843e+002,1.101660e+002
8.851664e+002,1.102126e+002
8.856485e+002,1.102458e+002
8.861306e+002,1.102735e+002
8.866127e+002,1.103019e+002
8.870948e+002,1.103320e+002
8.875770e+002,1.103593e+002
8.880591e+002,1.103749e+002
8.885412e+002,1.103700e+002
8.890233e+002,1.103406e+002
8.895054e+002,1.102895e+002
8.899875e+002,1.102265e+002
8.904697e+002,1.101643e+002
8.909518e+002,1.101136e+002
8.914339e+002,1.100793e+002
8.919160e+002,1.100591e+002
8.923981e+002,1.100456e+002
8.928802e+002,1.100299e+002
8.933624e+002,1.100056e+002
8.938445e+002,1.099707e+002
8.943266e+002,1.099275e+002
8.948087e+002,1.098800e+002
8.952908e+002,1.098310e+002
8.957729e+002,1.097807e+002
8.962551e+002,1.097263e+002
8.967372e+002,1.096640e+002
8.972193e+002,1.095904e+002
8.977014e+002,1.095042e+002
8.981835e+002,1.094060e+002
8.986656e+002,1.092975e+002
8.991478e+002,1.091802e+002
8.996299e+002,1.090550e+002
9.001120e+002,1.089220e+002
9.005941e+002,1.087816e+002
9.010762e+002,1.086350e+002
9.015583e+002,1.084837e+002
9.020405e+002,1.083301e+002
9.025226e+002,1.081754e+002
9.030047e+002,1.080205e+002
9.034868e+002,1.078651e+002
9.039689e+002,1.077090e+002
9.044510e+002,1.075518e+002
9.049332e+002,1.073927e+002
9.054153e+002,1.072297e+002
9.058974e+002,1.070581e+002
9.063795e+002,1.068700e+002
9.068616e+002,1.066557e+002
9.073438e+002,1.064056e+002
9.078259e+002,1.061138e+002
9.083080e+002,1.057798e+002
9.087901e+002,1.054093e+002
9.092722e+002,1.050113e+002
9.097543e+002,1.045946e+002
9.102365e+002,1.041639e+002
9.107186e+002,1.037171e+002
9.112007e+002,1.032456e+002
9.116828e+002,1.027369e+002
9.121649e+002,1.021782e+002
9.126470e+002,1.015596e+002
9.131292e+002,1.008759e+002
9.136113e+002,1.001262e+002
9.140934e+002,9.931178e+001
9.145755e+002,9.843372e+001
9.150576e+002,9.749116e+001
9.155397e+002,9.648090e+001
9.160219e+002,9.539845e+001
9.165040e+002,9.423978e+001
9.169861e+002,9.300364e+001
9.174682e+002,9.169330e+001
9.179503e+002,9.031767e+001
9.184324e+002,8.889160e+001
9.189146e+002,8.743511e+001
9.193967e+002,8.597205e+001
9.198788e+002,8.452851e+001
9.203609e+002,8.313158e+001
9.208430e+002,8.180897e+001
9.213251e+002,8.058890e+001
9.218073e+002,7.950021e+001
9.222894e+002,7.857091e+001
9.227715e+002,7.782551e+001
9.232536e+002,7.728116e+001
9.237357e+002,7.694400e+001
9.242178e+002,7.680704e+001
9.247000e+002,7.685062e+001
9.251821e+002,7.704470e+001
9.256642e+002,7.735254e+001
9.261463e+002,7.773450e+001
9.266284e+002,7.815196e+001
9.271105e+002,7.857086e+001
9.275927e+002,7.896516e+001
9.280748e+002,7.932008e+001
9.285569e+002,7.963428e+001
9.290390e+002,7.992078e+001
9.295211e+002,8.020598e+001
9.300032e+002,8.052702e+001
9.304854e+002,8.092719e+001
9.309675e+002,8.145025e+001
9.314496e+002,8.213432e+001
9.319317e+002,8.300576e+001
9.324138e+002,8.407494e+001
9.328959e+002,8.533366e+001
9.333781e+002,8.675495e+001
9.338602e+002,8.829565e+001
9.343423e+002,8.990189e+001
9.348244e+002,9.151678e+001
9.353065e+002,9.308931e+001
9.357886e+002,9.458128e+001
9.362708e+002,9.597077e+001
9.367529e+002,9.725064e+001
9.372350e+002,9.842361e+001
9.377171e+002,9.949618e+001
9.381992e+002,1.004743e+002
9.386813e+002,1.013617e+002
9.391635e+002,1.021608e+002
9.396456e+002,1.028754e+002
9.401277e+002,1.035118e+002
9.406098e+002,1.040793e+002
9.410919e+002,1.045880e+002
9.415740e+002,1.050467e+002
9.420562e+002,1.054615e+002
9.425383e+002,1.058357e+002
9.430204e+002,1.061709e+002
9.435025e+002,1.064687e+002
9.439846e+002,1.067313e+002
9.444667e+002,1.069617e+002
9.449489e+002,1.071620e+002
9.454310e+002,1.073330e+002
9.459131e+002,1.074737e+002
9.463952e+002,1.075830e+002
9.468773e+002,1.076610e+002
9.473594e+002,1.077108e+002
9.478416e+002,1.077389e+002
9.483237e+002,1.077538e+002
9.488058e+002,1.077640e+002
9.492879e+002,1.077758e+002
9.497700e+002,1.077921e+002
9.502521e+002,1.078128e+002
9.507343e+002,1.078351e+002
9.512164e+002,1.078560e+002
9.516985e+002,1.078728e+002
9.521806e+002,1.078841e+002
9.526627e+002,1.078898e+002
9.531448e+002,1.078905e+002
9.536270e+002,1.078880e+002
9.541091e+002,1.078843e+002
9.545912e+002,1.078818e+002
9.550733e+002,1.078824e+002
9.555554e+002,1.078867e+002
9.560375e+002,1.078932e+002
9.565197e+002,1.078982e+002
9.570018e+002,1.078967e+002
9.574839e+002,1.078845e+002
9.579660e+002,1.078598e+002
9.584481e+002,1.078248e+002
9.589302e+002,1.077850e+002
9.594124e+002,1.077477e+002
9.598945e+002,1.077194e+002
9.603766e+002,1.077036e+002
9.608587e+002,1.077002e+002
9.613408e+002,1.077067e+002
9.618229e+002,1.077200e+002
9.623051e+002,1.077384e+002
9.627872e+002,1.077618e+002
9.632693e+002,1.077912e+002
9.637514e+002,1.078262e+002
9.642335e+002,1.078644e+002
9.647156e+002,1.079003e+002
9.651978e+002,1.079279e+002
9.656799e+002,1.079426e+002
9.661620e+002,1.079441e+002
9.666441e+002,1.079369e+002
9.671262e+002,1.079290e+002
9.676083e+002,1.079284e+002
9.680905e+002,1.079404e+002
9.685726e+002,1.079653e+002
9.690547e+002,1.079991e+002
9.695368e+002,1.080352e+002
9.700189e+002,1.080673e+002
9.705010e+002,1.080915e+002
9.709832e+002,1.081064e+002
9.714653e+002,1.081126e+002
9.719474e+002,1.081111e+002
9.724295e+002,1.081029e+002
9.729116e+002,1.080894e+002
9.733937e+002,1.080734e+002
9.738759e+002,1.080602e+002
9.743580e+002,1.080564e+002
9.748401e+002,1.080682e+002
9.753222e+002,1.080984e+002
9.758043e+002,1.081440e+002
9.762864e+002,1.081964e+002
9.767686e+002,1.082439e+002
9.772507e+002,1.082753e+002
9.777328e+002,1.082835e+002
9.782149e+002,1.082673e+002
9.786970e+002,1.082300e+002
9.791791e+002,1.081766e+002
9.796613e+002,1.081106e+002
9.801434e+002,1.080326e+002
9.806255e+002,1.079416e+002
9.811076e+002,1.078369e+002
9.815897e+002,1.077212e+002
9.820718e+002,1.076010e+002
9.825540e+002,1.074838e+002
9.830361e+002,1.073753e+002
9.835182e+002,1.072751e+002
9.840003e+002,1.071757e+002
9.844824e+002,1.070638e+002
9.849645e+002,1.069240e+002
9.854467e+002,1.067426e+002
9.859288e+002,1.065101e+002
9.864109e+002,1.062203e+002
9.868930e+002,1.058692e+002
9.873751e+002,1.054532e+002
9.878572e+002,1.049696e+002
9.883394e+002,1.044204e+002
9.888215e+002,1.038159e+002
9.893036e+002,1.031771e+002
9.897857e+002,1.025338e+002
9.902678e+002,1.019172e+002
9.907499e+002,1.013510e+002
9.912321e+002,1.008412e+002
9.917142e+002,1.003708e+002
9.921963e+002,9.989796e+001
9.926784e+002,9.935867e+001
9.931605e+002,9.867101e+001
9.936426e+002,9.773931e+001
9.941248e+002,9.645850e+001
9.946069e+002,9.472157e+001
9.950890e+002,9.243455e+001
9.955711e+002,8.954197e+001
9.960532e+002,8.606024e+001
9.965353e+002,8.210966e+001
9.970175e+002,7.793192e+001
9.974996e+002,7.388061e+001
9.979817e+002,7.037987e+001
9.984638e+002,6.785626e+001
9.989459e+002,6.665745e+001
9.994280e+002,6.697733e+001
9.999102e+002,6.880819e+001
1.000392e+003,7.193633e+001
1.000874e+003,7.598660e+001
1.001357e+003,8.050475e+001
1.001839e+003,8.505213e+001
1.002321e+003,8.928469e+001
1.002803e+003,9.299579e+001
1.003285e+003,9.611799e+001
1.003767e+003,9.869229e+001
1.004249e+003,1.008206e+002
1.004731e+003,1.026186e+002
1.005213e+003,1.041816e+002
1.005696e+003,1.055696e+002
1.006178e+003,1.068079e+002
1.006660e+003,1.078991e+002
1.007142e+003,1.088365e+002
1.007624e+003,1.096143e+002
1.008106e+003,1.102339e+002
1.008588e+003,1.107047e+002
1.009070e+003,1.110440e+002
1.009552e+003,1.112741e+002
1.010035e+003,1.114211e+002
1.010517e+003,1.115121e+002
1.010999e+003,1.115728e+002
1.011481e+003,1.116247e+002
1.011963e+003,1.116829e+002
1.012445e+003,1.117546e+002
1.012927e+003,1.118395e+002
1.013409e+003,1.119325e+002
1.013892e+003,1.120259e+002
1.014374e+003,1.121121e+002
1.014856e+003,1.121850e+002
1.015338e+003,1.122404e+002
1.015820e+003,1.122763e+002
1.016302e+003,1.122928e+002
1.016784e+003,1.122916e+002
1.017266e+003,1.122767e+002
1.017749e+003,1.122533e+002
1.018231e+003,1.122267e+002
1.018713e+003,1.122007e+002
1.019195e+003,1.121761e+002
1.019677e+003,1.121507e+002
1.020159e+003,1.121197e+002
1.020641e+003,1.120780e+002
1.021123e+003,1.120220e+002
1.021605e+003,1.119508e+002
1.022088e+003,1.118663e+002
1.022570e+003,1.117720e+002
1.023052e+003,1.116715e+002
1.023534e+003,1.115675e+002
1.024016e+003,1.114615e+002
1.024498e+003,1.113549e+002
1.024980e+003,1.112496e+002
1.025462e+003,1.111486e+002
1.025945e+003,1.110553e+002
1.026427e+003,1.109730e+002
1.026909e+003,1.109028e+002
1.027391e+003,1.108440e+002
1.027873e+003,1.107939e+002
1.028355e+003,1.107492e+002
1.028837e+003,1.107077e+002
1.029319e+003,1.106684e+002
1.029802e+003,1.106316e+002
1.030284e+003,1.105978e+002
1.030766e+003,1.105660e+002
1.031248e+003,1.105335e+002
1.031730e+003,1.104966e+002
1.032212e+003,1.104521e+002
1.032694e+003,1.103990e+002
1.033176e+003,1.103393e+002
1.033658e+003,1.102779e+002
1.034141e+003,1.102205e+002
1.034623e+003,1.101725e+002
1.035105e+003,1.101365e+002
1.035587e+003,1.101121e+002
1.036069e+003,1.100964e+002
1.036551e+003,1.100846e+002
1.037033e+003,1.100716e+002
1.037515e+003,1.100528e+002
1.037997e+003,1.100241e+002
1.038479e+003,1.099825e+002
1.038962e+003,1.099260e+002
1.039444e+003,1.098545e+002
1.039926e+003,1.097696e+002
1.040408e+003,1.096750e+002
1.040890e+003,1.095757e+002
1.041372e+003,1.094766e+002
1.041854e+003,1.093810e+002
1.042336e+003,1.092900e+002
1.042819e+003,1.092020e+002
1.043301e+003,1.091140e+002
1.043783e+003,1.090226e+002
1.044265e+003,1.089253e+002
1.044747e+003,1.088214e+002
1.045229e+003,1.087110e+002
1.045711e+003,1.085948e+002
1.046193e+003,1.084727e+002
1.046676e+003,1.083441e+002
1.047158e+003,1.082078e+002
1.047640e+003,1.080634e+002
1.048122e+003,1.079117e+002
1.048604e+003,1.077549e+002
1.049086e+003,1.075959e+002
1.049568e+003,1.074377e+002
1.050050e+003,1.072823e+002
1.050532e+003,1.071304e+002
1.051015e+003,1.069817e+002
1.051497e+003,1.068359e+002
1.051979e+003,1.066931e+002
1.052461e+003,1.065543e+002
1.052943e+003,1.064202e+002
1.053425e+003,1.062909e+002
1.053907e+003,1.061656e+002
1.054389e+003,1.060421e+002
1.054872e+003,1.059185e+002
1.055354e+003,1.057940e+002
1.055836e+003,1.056701e+002
1.056318e+003,1.055500e+002
1.056800e+003,1.054376e+002
1.057282e+003,1.053352e+002
1.057764e+003,1.052421e+002
1.058246e+003,1.051536e+002
1.058729e+003,1.050623e+002
1.059211e+003,1.049597e+002
1.059693e+003,1.048385e+002
1.060175e+003,1.046942e+002
1.060657e+003,1.045249e+002
1.061139e+003,1.043308e+002
1.061621e+003,1.041121e+002
1.062103e+003,1.038681e+002
1.062585e+003,1.035966e+002
1.063068e+003,1.032940e+002
1.063550e+003,1.029566e+002
1.064032e+003,1.025811e+002
1.064514e+003,1.021649e+002
1.064996e+003,1.017056e+002
1.065478e+003,1.012007e+002
1.065960e+003,1.006473e+002
1.066442e+003,1.000421e+002
1.066924e+003,9.938299e+001
1.067406e+003,9.867036e+001
1.067889e+003,9.790841e+001
1.068371e+003,9.710572e+001
1.068853e+003,9.627464e+001
1.069335e+003,9.542928e+001
1.069817e+003,9.458287e+001
1.070299e+003,9.374467e+001
1.070781e+003,9.291771e+001
1.071263e+003,9.209792e+001
1.071746e+003,9.127431e+001
1.072228e+003,9.043082e+001
1.072710e+003,8.954826e+001
1.073192e+003,8.860722e+001
1.073674e+003,8.759086e+001
1.074156e+003,8.648782e+001
1.074638e+003,8.529509e+001
1.075120e+003,8.401979e+001
1.075603e+003,8.268041e+001
1.076085e+003,8.130631e+001
1.076567e+003,7.993666e+001
1.077049e+003,7.861790e+001
1.077531e+003,7.740121e+001
1.078013e+003,7.633986e+001
1.078495e+003,7.548706e+001
1.078977e+003,7.489348e+001
1.079459e+003,7.460368e+001
1.079942e+003,7.465061e+001
1.080424e+003,7.504815e+001
1.080906e+003,7.578490e+001
1.081388e+003,7.682207e+001
1.081870e+003,7.809900e+001
1.082352e+003,7.954554e+001
1.082834e+003,8.109768e+001
1.083316e+003,8.271058e+001
1.083799e+003,8.436378e+001
1.084281e+003,8.605740e+001
1.084763e+003,8.780113e+001
1.085245e+003,8.960091e+001
1.085727e+003,9.144853e+001
1.086209e+003,9.331731e+001
1.086691e+003,9.516499e+001
1.087173e+003,9.694083e+001
1.087656e+003,9.859428e+001
1.088138e+003,1.000824e+002
1.088620e+003,1.013749e+002
1.089102e+003,1.024564e+002
1.089584e+003,1.033264e+002
1.090066e+003,1.039969e+002
1.090548e+003,1.044885e+002
1.091030e+003,1.048258e+002
1.091512e+003,1.050330e+002
1.091995e+003,1.051316e+002
1.092477e+003,1.051386e+002
1.092959e+003,1.050673e+002
1.093441e+003,1.049283e+002
1.093923e+003,1.047311e+002
1.094405e+003,1.044844e+002
1.094887e+003,1.041968e+002
1.095369e+003,1.038761e+002
1.095851e+003,1.035286e+002
1.096333e+003,1.031589e+002
1.096816e+003,1.027699e+002
1.097298e+003,1.023633e+002
1.097780e+003,1.019407e+002
1.098262e+003,1.015042e+002
1.098744e+003,1.010570e+002
1.099226e+003,1.006029e+002
1.099708e+003,1.001455e+002
1.100190e+003,9.968711e+001
1.100673e+003,9.922838e+001
1.101155e+003,9.876804e+001
1.101637e+003,9.830395e+001
1.102119e+003,9.783443e+001
1.102601e+003,9.735927e+001
1.103083e+003,9.687981e+001
1.103565e+003,9.639813e+001
1.104047e+003,9.591537e+001
1.104530e+003,9.543004e+001
1.105012e+003,9.493726e+001
1.105494e+003,9.442947e+001
1.105976e+003,9.389801e+001
1.106458e+003,9.333556e+001
1.106940e+003,9.273759e+001
1.107422e+003,9.210299e+001
1.107904e+003,9.143288e+001
1.108386e+003,9.072897e+001
1.108869e+003,8.999154e+001
1.109351e+003,8.921833e+001
1.109833e+003,8.840472e+001
1.110315e+003,8.754456e+001
1.110797e+003,8.663135e+001
1.111279e+003,8.565884e+001
1.111761e+003,8.462092e+001
1.112243e+003,8.351089e+001
1.112726e+003,8.232099e+001
1.113208e+003,8.104289e+001
1.113690e+003,7.966939e+001
1.114172e+003,7.819719e+001
1.114654e+003,7.663019e+001
1.115136e+003,7.498222e+001
1.115618e+003,7.327910e+001
1.116100e+003,7.155943e+001
1.116583e+003,6.987447e+001
1.117065e+003,6.828707e+001
1.117547e+003,6.686906e+001
1.118029e+003,6.569627e+001
1.118511e+003,6.483973e+001
1.118993e+003,6.435316e+001
1.119475e+003,6.425903e+001
1.119957e+003,6.453722e+001
1.120439e+003,6.512177e+001
1.120922e+003,6.590836e+001
1.121404e+003,6.677125e+001
1.121886e+003,6.758456e+001
1.122368e+003,6.824172e+001
1.122850e+003,6.866813e+001
1.123332e+003,6.882513e+001
1.123814e+003,6.870687e+001
1.124296e+003,6.833219e+001
1.124778e+003,6.773557e+001
1.125260e+003,6.695963e+001
1.125743e+003,6.605061e+001
1.126225e+003,6.505596e+001
1.126707e+003,6.402281e+001
1.127189e+003,6.299536e+001
1.127671e+003,6.201162e+001
1.128153e+003,6.110018e+001
1.128635e+003,6.027938e+001
1.129117e+003,5.955954e+001
1.129600e+003,5.894718e+001
1.130082e+003,5.844949e+001
1.130564e+003,5.807618e+001
1.131046e+003,5.783822e+001
1.131528e+003,5.774391e+001
1.132010e+003,5.779506e+001
1.132492e+003,5.798538e+001
1.132974e+003,5.830209e+001
1.133457e+003,5.872984e+001
1.133939e+003,5.925447e+001
1.134421e+003,5.986480e+001
1.134903e+003,6.055182e+001
1.135385e+003,6.130612e+001
1.135867e+003,6.211562e+001
1.136349e+003,6.296537e+001
1.136831e+003,6.383943e+001
1.137313e+003,6.472385e+001
1.137796e+003,6.560903e+001
1.138278e+003,6.649018e+001
1.138760e+003,6.736566e+001
1.139242e+003,6.823455e+001
1.139724e+003,6.909454e+001
1.140206e+003,6.994164e+001
1.140688e+003,7.077145e+001
1.141170e+003,7.158101e+001
1.141653e+003,7.237004e+001
1.142135e+003,7.314073e+001
1.142617e+003,7.389615e+001
1.143099e+003,7.463802e+001
1.143581e+003,7.536554e+001
1.144063e+003,7.607539e+001
1.144545e+003,7.676322e+001
1.145027e+003,7.742541e+001
1.145510e+003,7.806011e+001
1.145992e+003,7.866695e+001
1.146474e+003,7.924577e+001
1.146956e+003,7.979502e+001
1.147438e+003,8.031108e+001
1.147920e+003,8.078879e+001
1.148402e+003,8.122299e+001
1.148884e+003,8.161033e+001
1.149366e+003,8.195021e+001
1.149849e+003,8.224470e+001
1.150331e+003,8.249725e+001
1.150813e+003,8.271137e+001
1.151295e+003,8.288960e+001
1.151777e+003,8.303369e+001
1.152259e+003,8.314536e+001
1.152741e+003,8.322741e+001
1.153223e+003,8.328391e+001
1.153705e+003,8.331972e+001
1.154188e+003,8.333885e+001
1.154670e+003,8.334306e+001
1.155152e+003,8.333100e+001
1.155634e+003,8.329891e+001
1.156116e+003,8.324220e+001
1.156598e+003,8.315737e+001
1.157080e+003,8.304333e+001
1.157562e+003,8.290126e+001
1.158044e+003,8.273348e+001
1.158527e+003,8.254164e+001
1.159009e+003,8.232543e+001
1.159491e+003,8.208259e+001
1.159973e+003,8.180984e+001
1.160455e+003,8.150468e+001
1.160937e+003,8.116644e+001
1.161419e+003,8.079633e+001
1.161901e+003,8.039621e+001
1.162384e+003,7.996681e+001
1.162866e+003,7.950649e+001
1.163348e+003,7.901128e+001
1.163830e+003,7.847655e+001
1.164312e+003,7.789928e+001
1.164794e+003,7.728001e+001
1.165276e+003,7.662313e+001
1.165758e+003,7.593541e+001
1.166240e+003,7.522304e+001
1.166723e+003,7.448896e+001
1.167205e+003,7.373173e+001
1.167687e+003,7.294643e+001
1.168169e+003,7.212737e+001
1.168651e+003,7.127104e+001
1.169133e+003,7.037789e+001
1.169615e+003,6.945230e+001
1.170097e+003,6.850065e+001
1.170580e+003,6.752892e+001
1.171062e+003,6.654136e+001
1.171544e+003,6.554075e+001
1.172026e+003,6.453062e+001
1.172508e+003,6.351748e+001
1.172990e+003,6.251210e+001
1.173472e+003,6.152874e+001
1.173954e+003,6.058265e+001
1.174437e+003,5.968738e+001
1.174919e+003,5.885341e+001
1.175401e+003,5.808913e+001
1.175883e+003,5.740345e+001
1.176365e+003,5.680857e+001
1.176847e+003,5.632098e+001
1.177329e+003,5.595988e+001
1.177811e+003,5.574381e+001
1.178293e+003,5.568682e+001
1.178776e+003,5.579669e+001
1.179258e+003,5.607518e+001
1.179740e+003,5.652037e+001
1.180222e+003,5.712860e+001
1.180704e+003,5.789497e+001
1.181186e+003,5.881196e+001
1.181668e+003,5.986728e+001
1.182150e+003,6.104268e+001
1.182632e+003,6.231515e+001
1.183115e+003,6.365972e+001
1.183597e+003,6.505267e+001
1.184079e+003,6.647330e+001
1.184561e+003,6.790651e+001
1.185043e+003,6.933276e+001
1.185525e+003,7.073417e+001
1.186007e+003,7.209297e+001
1.186489e+003,7.339367e+001
1.186971e+003,7.462556e+001
1.187454e+003,7.578464e+001
1.187936e+003,7.687380e+001
1.188418e+003,7.790131e+001
1.188900e+003,7.887818e+001
1.189382e+003,7.981561e+001
1.189864e+003,8.072334e+001
1.190346e+003,8.160905e+001
1.190828e+003,8.247880e+001
1.191311e+003,8.333739e+001
1.191793e+003,8.418842e+001
1.192275e+003,8.503384e+001
1.192757e+003,8.587334e+001
1.193239e+003,8.670398e+001
1.193721e+003,8.752076e+001
1.194203e+003,8.831753e+001
1.194685e+003,8.908820e+001
1.195167e+003,8.982761e+001
1.195650e+003,9.053179e+001
1.196132e+003,9.119793e+001
1.196614e+003,9.182434e+001
1.197096e+003,9.241059e+001
1.197578e+003,9.295777e+001
1.198060e+003,9.346864e+001
1.198542e+003,9.394707e+001
1.199024e+003,9.439706e+001
1.199507e+003,9.482151e+001
1.199989e+003,9.522150e+001
1.200471e+003,9.559640e+001
1.200953e+003,9.594480e+001
1.201435e+003,9.626604e+001
1.201917e+003,9.656130e+001
1.202399e+003,9.683389e+001
1.202881e+003,9.708848e+001
1.203364e+003,9.732970e+001
1.203846e+003,9.756083e+001
1.204328e+003,9.778329e+001
1.204810e+003,9.799699e+001
1.205292e+003,9.820144e+001
1.205774e+003,9.839680e+001
1.206256e+003,9.858435e+001
1.206738e+003,9.876625e+001
1.207220e+003,9.894449e+001
1.207703e+003,9.912022e+001
1.208185e+003,9.929316e+001
1.208667e+003,9.946192e+001
1.209149e+003,9.962492e+001
1.209631e+003,9.978116e+001
1.210113e+003,9.993081e+001
1.210595e+003,1.000749e+002
1.211077e+003,1.002150e+002
1.211559e+003,1.003528e+002
1.212042e+003,1.004897e+002
1.212524e+003,1.006272e+002
1.213006e+003,1.007669e+002
1.213488e+003,1.009105e+002
1.213970e+003,1.010589e+002
1.214452e+003,1.012117e+002
1.214934e+003,1.013660e+002
1.215416e+003,1.015166e+002
1.215898e+003,1.016569e+002
1.216381e+003,1.017803e+002
1.216863e+003,1.018818e+002
1.217345e+003,1.019587e+002
1.217827e+003,1.020104e+002
1.218309e+003,1.020367e+002
1.218791e+003,1.020362e+002
1.219273e+003,1.020055e+002
1.219755e+003,1.019395e+002
1.220238e+003,1.018333e+002
1.220720e+003,1.016843e+002
1.221202e+003,1.014941e+002
1.221684e+003,1.012703e+002
1.222166e+003,1.010254e+002
1.222648e+003,1.007762e+002
1.223130e+003,1.005422e+002
1.223612e+003,1.003432e+002
1.224094e+003,1.001983e+002
1.224577e+003,1.001230e+002
1.225059e+003,1.001284e+002
1.225541e+003,1.002192e+002
1.226023e+003,1.003935e+002
1.226505e+003,1.006431e+002
1.226987e+003,1.009545e+002
1.227469e+003,1.013112e+002
1.227951e+003,1.016962e+002
1.228434e+003,1.020944e+002
1.228916e+003,1.024944e+002
1.229398e+003,1.028888e+002
1.229880e+003,1.032729e+002
1.230362e+003,1.036435e+002
1.230844e+003,1.039971e+002
1.231326e+003,1.043300e+002
1.231808e+003,1.046383e+002
1.232291e+003,1.049198e+002
1.232773e+003,1.051744e+002
1.233255e+003,1.054044e+002
1.233737e+003,1.056136e+002
1.234219e+003,1.058058e+002
1.234701e+003,1.059839e+002
1.235183e+003,1.061493e+002
1.235665e+003,1.063027e+002
1.236147e+003,1.064447e+002
1.236630e+003,1.065766e+002
1.237112e+003,1.066999e+002
1.237594e+003,1.068160e+002
1.238076e+003,1.069252e+002
1.238558e+003,1.070269e+002
1.239040e+003,1.071195e+002
1.239522e+003,1.072024e+002
1.240004e+003,1.072762e+002
1.240486e+003,1.073436e+002
1.240969e+003,1.074086e+002
1.241451e+003,1.074749e+002
1.241933e+003,1.075453e+002
1.242415e+003,1.076206e+002
1.242897e+003,1.077001e+002
1.243379e+003,1.077823e+002
1.243861e+003,1.078660e+002
1.244343e+003,1.079501e+002
1.244825e+003,1.080339e+002
1.245308e+003,1.081156e+002
1.245790e+003,1.081922e+002
1.246272e+003,1.082597e+002
1.246754e+003,1.083147e+002
1.247236e+003,1.083556e+002
1.247718e+003,1.083837e+002
1.248200e+003,1.084029e+002
1.248682e+003,1.084180e+002
1.249165e+003,1.084323e+002
1.249647e+003,1.084458e+002
1.250129e+003,1.084550e+002
1.250611e+003,1.084534e+002
1.251093e+003,1.084342e+002
1.251575e+003,1.083922e+002
1.252057e+003,1.083250e+002
1.252539e+003,1.082328e+002
1.253021e+003,1.081174e+002
1.253504e+003,1.079810e+002
1.253986e+003,1.078259e+002
1.254468e+003,1.076549e+002
1.254950e+003,1.074721e+002
1.255432e+003,1.072838e+002
1.255914e+003,1.070971e+002
1.256396e+003,1.069187e+002
1.256878e+003,1.067528e+002
1.257361e+003,1.065997e+002
1.257843e+003,1.064565e+002
1.258325e+003,1.063175e+002
1.258807e+003,1.061773e+002
1.259289e+003,1.060311e+002
1.259771e+003,1.058756e+002
1.260253e+003,1.057078e+002
1.260735e+003,1.055224e+002
1.261218e+003,1.053122e+002
1.261700e+003,1.050671e+002
1.262182e+003,1.047770e+002
1.262664e+003,1.044330e+002
1.263146e+003,1.040288e+002
1.263628e+003,1.035601e+002
1.264110e+003,1.030216e+002
1.264592e+003,1.024046e+002
1.265074e+003,1.016940e+002
1.265557e+003,1.008685e+002
1.266039e+003,9.990291e+001
1.266521e+003,9.877125e+001
1.267003e+003,9.745168e+001
1.267485e+003,9.593073e+001
1.267967e+003,9.420742e+001
1.268449e+003,9.229776e+001
1.268931e+003,9.023893e+001
1.269414e+003,8.809303e+001
1.269896e+003,8.594720e+001
1.270378e+003,8.390845e+001
1.270860e+003,8.209251e+001
1.271342e+003,8.060828e+001
1.271824e+003,7.954211e+001
1.272306e+003,7.894635e+001
1.272788e+003,7.883414e+001
1.273271e+003,7.918079e+001
1.273753e+003,7.993027e+001
1.274235e+003,8.100513e+001
1.274717e+003,8.231747e+001
1.275199e+003,8.377928e+001
1.275681e+003,8.531033e+001
1.276163e+003,8.684218e+001
1.276645e+003,8.831883e+001
1.277127e+003,8.969565e+001
1.277609e+003,9.093787e+001
1.278092e+003,9.202023e+001
1.278574e+003,9.292702e+001
1.279056e+003,9.365238e+001
1.279538e+003,9.419911e+001
1.280020e+003,9.457635e+001
1.280502e+003,9.479639e+001
1.280984e+003,9.487195e+001
1.281466e+003,9.481481e+001
1.281948e+003,9.463522e+001
1.282431e+003,9.434233e+001
1.282913e+003,9.394446e+001
1.283395e+003,9.344895e+001
1.283877e+003,9.286201e+001
1.284359e+003,9.218861e+001
1.284841e+003,9.143321e+001
1.285323e+003,9.060123e+001
1.285805e+003,8.970058e+001
1.286288e+003,8.874326e+001
1.286770e+003,8.774587e+001
1.287252e+003,8.672961e+001
1.287734e+003,8.571965e+001
1.288216e+003,8.474419e+001
1.288698e+003,8.383324e+001
1.289180e+003,8.301720e+001
1.289662e+003,8.232456e+001
1.290145e+003,8.177990e+001
1.290627e+003,8.140186e+001
1.291109e+003,8.120170e+001
1.291591e+003,8.118279e+001
1.292073e+003,8.134052e+001
1.292555e+003,8.166287e+001
1.293037e+003,8.213159e+001
1.293519e+003,8.272411e+001
1.294001e+003,8.341614e+001
1.294484e+003,8.418430e+001
1.294966e+003,8.500803e+001
1.295448e+003,8.587028e+001
1.295930e+003,8.675694e+001
1.296412e+003,8.765615e+001
1.296894e+003,8.855748e+001
1.297376e+003,8.945233e+001
1.297858e+003,9.033430e+001
1.298341e+003,9.119938e+001
1.298823e+003,9.204538e+001
1.299305e+003,9.287012e+001
1.299787e+003,9.366981e+001
1.300269e+003,9.443806e+001
1.300751e+003,9.516650e+001
1.301233e+003,9.584690e+001
1.301715e+003,9.647334e+001
1.302198e+003,9.704376e+001
1.302680e+003,9.755946e+001
1.303162e+003,9.802331e+001
1.303644e+003,9.843739e+001
1.304126e+003,9.880164e+001
1.304608e+003,9.911445e+001
1.305090e+003,9.937435e+001
1.305572e+003,9.958234e+001
1.306054e+003,9.974255e+001
1.306536e+003,9.986182e+001
1.307019e+003,9.994740e+001
1.307501e+003,1.000047e+002
1.307983e+003,1.000362e+002
1.308465e+003,1.000417e+002
1.308947e+003,1.000202e+002
1.309429e+003,9.997251e+001
1.309911e+003,9.990165e+001
1.310393e+003,9.981341e+001
1.310875e+003,9.971450e+001
1.311358e+003,9.961105e+001
1.311840e+003,9.950736e+001
1.312322e+003,9.940585e+001
1.312804e+003,9.930726e+001
1.313286e+003,9.921101e+001
1.313768e+003,9.911541e+001
1.314250e+003,9.901697e+001
1.314732e+003,9.891029e+001
1.315215e+003,9.878848e+001
1.315697e+003,9.864466e+001
1.316179e+003,9.847448e+001
1.316661e+003,9.827824e+001
1.317143e+003,9.806186e+001
1.317625e+003,9.783546e+001
1.318107e+003,9.761000e+001
1.318589e+003,9.739327e+001
1.319072e+003,9.718710e+001
1.319554e+003,9.698679e+001
1.320036e+003,9.678343e+001
1.320518e+003,9.656743e+001
1.321000e+003,9.633160e+001
1.321482e+003,9.607243e+001
1.321964e+003,9.578918e+001
1.322446e+003,9.548168e+001
1.322928e+003,9.514866e+001
1.323411e+003,9.478728e+001
1.323893e+003,9.439449e+001
1.324375e+003,9.396913e+001
1.324857e+003,9.351315e+001
1.325339e+003,9.303137e+001
1.325821e+003,9.252937e+001
1.326303e+003,9.201053e+001
1.326785e+003,9.147382e+001
1.327268e+003,9.091305e+001
1.327750e+003,9.031803e+001
1.328232e+003,8.967694e+001
1.328714e+003,8.897870e+001
1.329196e+003,8.821448e+001
1.329678e+003,8.737832e+001
1.330160e+003,8.646680e+001
1.330642e+003,8.547888e+001
1.331125e+003,8.441626e+001
1.331607e+003,8.328374e+001
1.332089e+003,8.208889e+001
1.332571e+003,8.084078e+001
1.333053e+003,7.954776e+001
1.333535e+003,7.821537e+001
1.334017e+003,7.684539e+001
1.334499e+003,7.543607e+001
1.334981e+003,7.398335e+001
1.335464e+003,7.248199e+001
1.335946e+003,7.092608e+001
1.336428e+003,6.930898e+001
1.336910e+003,6.762402e+001
1.337392e+003,6.586746e+001
1.337874e+003,6.404414e+001
1.338356e+003,6.217487e+001
1.338838e+003,6.030182e+001
1.339320e+003,5.848764e+001
1.339802e+003,5.680608e+001
1.340285e+003,5.532727e+001
1.340767e+003,5.410525e+001
1.341249e+003,5.317395e+001
1.341731e+003,5.255196e+001
1.342213e+003,5.225043e+001
1.342695e+003,5.227809e+001
1.343177e+003,5.264003e+001
1.343659e+003,5.333159e+001
1.344142e+003,5.433138e+001
1.344624e+003,5.559832e+001
1.345106e+003,5.707490e+001
1.345588e+003,5.869602e+001
1.346070e+003,6.039914e+001
1.346552e+003,6.213248e+001
1.347034e+003,6.385979e+001
1.347516e+003,6.556251e+001
1.347999e+003,6.724042e+001
1.348481e+003,6.891100e+001
1.348963e+003,7.060556e+001
1.349445e+003,7.236152e+001
1.349927e+003,7.421078e+001
1.350409e+003,7.616736e+001
1.350891e+003,7.821834e+001
1.351373e+003,8.032251e+001
1.351855e+003,8.241788e+001
1.352338e+003,8.443610e+001
1.352820e+003,8.631763e+001
1.353302e+003,8.802267e+001
1.353784e+003,8.953415e+001
1.354266e+003,9.085383e+001
1.354748e+003,9.199457e+001
1.355230e+003,9.297301e+001
1.355712e+003,9.380502e+001
1.356195e+003,9.450443e+001
1.356677e+003,9.508368e+001
1.357159e+003,9.555435e+001
1.357641e+003,9.592690e+001
1.358123e+003,9.620981e+001
1.358605e+003,9.640947e+001
1.359087e+003,9.653143e+001
1.359569e+003,9.658318e+001
1.360052e+003,9.657713e+001
1.360534e+003,9.653281e+001
1.361016e+003,9.647666e+001
1.361498e+003,9.643865e+001
1.361980e+003,9.644541e+001
1.362462e+003,9.651138e+001
1.362944e+003,9.663259e+001
1.363426e+003,9.678743e+001
1.363908e+003,9.694597e+001
1.364391e+003,9.708188e+001
1.364873e+003,9.717981e+001
1.365355e+003,9.723589e+001
1.365837e+003,9.725346e+001
1.366319e+003,9.723873e+001
1.366801e+003,9.719907e+001
1.367283e+003,9.714283e+001
1.367765e+003,9.707968e+001
1.368247e+003,9.701924e+001
1.368729e+003,9.696806e+001
1.369212e+003,9.692618e+001
1.369694e+003,9.688577e+001
1.370176e+003,9.683279e+001
1.370658e+003,9.675150e+001
1.371140e+003,9.663026e+001
1.371622e+003,9.646708e+001
1.372104e+003,9.627291e+001
1.372586e+003,9.607188e+001
1.373069e+003,9.589714e+001
1.373551e+003,9.578167e+001
1.374033e+003,9.574603e+001
1.374515e+003,9.578871e+001
1.374997e+003,9.588654e+001
1.375479e+003,9.600584e+001
1.375961e+003,9.611691e+001
1.376443e+003,9.620284e+001
1.376926e+003,9.625891e+001
1.377408e+003,9.628703e+001
1.377890e+003,9.628969e+001
1.378372e+003,9.626705e+001
1.378854e+003,9.621773e+001
1.379336e+003,9.614168e+001
1.379818e+003,9.604334e+001
1.380300e+003,9.593187e+001
1.380782e+003,9.581884e+001
1.381265e+003,9.571336e+001
1.381747e+003,9.561797e+001
1.382229e+003,9.552720e+001
1.382711e+003,9.543001e+001
1.383193e+003,9.531529e+001
1.383675e+003,9.517786e+001
1.384157e+003,9.502174e+001
1.384639e+003,9.485957e+001
1.385122e+003,9.470881e+001
1.385604e+003,9.458672e+001
1.386086e+003,9.450494e+001
1.386568e+003,9.446389e+001
1.387050e+003,9.444976e+001
1.387532e+003,9.443677e+001
1.388014e+003,9.439687e+001
1.388496e+003,9.431107e+001
1.388979e+003,9.417559e+001
1.389461e+003,9.399974e+001
1.389943e+003,9.379864e+001
1.390425e+003,9.358569e+001
1.390907e+003,9.336806e+001
1.391389e+003,9.314569e+001
1.391871e+003,9.291283e+001
1.392353e+003,9.266116e+001
1.392835e+003,9.238384e+001
1.393318e+003,9.207955e+001
1.393800e+003,9.175394e+001
1.394282e+003,9.141684e+001
1.394764e+003,9.107578e+001
1.395246e+003,9.073104e+001
1.395728e+003,9.037752e+001
1.396210e+003,9.001134e+001
1.396692e+003,8.963582e+001
1.397174e+003,8.926213e+001
1.397656e+003,8.890617e+001
1.398139e+003,8.858298e+001
1.398621e+003,8.829989e+001
1.399103e+003,8.804949e+001
1.399585e+003,8.780791e+001
1.400067e+003,8.754117e+001
1.400549e+003,8.721729e+001
1.401031e+003,8.681509e+001
1.401513e+003,8.632464e+001
1.401996e+003,8.574220e+001
1.402478e+003,8.506525e+001
1.402960e+003,8.429199e+001
1.403442e+003,8.342608e+001
1.403924e+003,8.248312e+001
1.404406e+003,8.149431e+001
1.404888e+003,8.050341e+001
1.405370e+003,7.955733e+001
1.405853e+003,7.869509e+001
1.406335e+003,7.794044e+001
1.406817e+003,7.730080e+001
1.407299e+003,7.677018e+001
1.407781e+003,7.633404e+001
1.408263e+003,7.597321e+001
1.408745e+003,7.566644e+001
1.409227e+003,7.539079e+001
1.409709e+003,7.512151e+001
1.410192e+003,7.483170e+001
1.410674e+003,7.449312e+001
1.411156e+003,7.407877e+001
1.411638e+003,7.356641e+001
1.412120e+003,7.294150e+001
1.412602e+003,7.219891e+001
1.413084e+003,7.134276e+001
1.413566e+003,7.038479e+001
1.414049e+003,6.934225e+001
1.414531e+003,6.823549e+001
1.415013e+003,6.708525e+001
1.415495e+003,6.590922e+001
1.415977e+003,6.471844e+001
1.416459e+003,6.351341e+001
1.416941e+003,6.228170e+001
1.417423e+003,6.099914e+001
1.417906e+003,5.963687e+001
1.418388e+003,5.817385e+001
1.418870e+003,5.660911e+001
1.419352e+003,5.496391e+001
1.419834e+003,5.327010e+001
1.420316e+003,5.155295e+001
1.420798e+003,4.982017e+001
1.421280e+003,4.806098e+001
1.421762e+003,4.625238e+001
1.422245e+003,4.437115e+001
1.422727e+003,4.241039e+001
1.423209e+003,4.039711e+001
1.423691e+003,3.840029e+001
1.424173e+003,3.651780e+001
1.424655e+003,3.484306e+001
1.425137e+003,3.343135e+001
1.425619e+003,3.228942e+001
1.426101e+003,3.139176e+001
1.426584e+003,3.070732e+001
1.427066e+003,3.021884e+001
1.427548e+003,2.992730e+001
1.428030e+003,2.984284e+001
1.428512e+003,2.996831e+001
1.428994e+003,3.028557e+001
1.429476e+003,3.075430e+001
1.429958e+003,3.132553e+001
1.430441e+003,3.196062e+001
1.430923e+003,3.264194e+001
1.431405e+003,3.336902e+001
1.431887e+003,3.414514e+001
1.432369e+003,3.496567e+001
1.432851e+003,3.581671e+001
1.433333e+003,3.668460e+001
1.433815e+003,3.757068e+001
1.434297e+003,3.850477e+001
1.434780e+003,3.955133e+001
1.435262e+003,4.080040e+001
1.435744e+003,4.233224e+001
1.436226e+003,4.415723e+001
1.436708e+003,4.617062e+001
1.437190e+003,4.818175e+001
1.437672e+003,5.001435e+001
1.438154e+003,5.159187e+001
1.438636e+003,5.294419e+001
1.439119e+003,5.415794e+001
1.439601e+003,5.532160e+001
1.440083e+003,5.649195e+001
1.440565e+003,5.768417e+001
1.441047e+003,5.888036e+001
1.441529e+003,6.004992e+001
1.442011e+003,6.117179e+001
1.442493e+003,6.224767e+001
1.442976e+003,6.330013e+001
1.443458e+003,6.435983e+001
1.443940e+003,6.545152e+001
1.444422e+003,6.658845e+001
1.444904e+003,6.777734e+001
1.445386e+003,6.902937e+001
1.445868e+003,7.036826e+001
1.446350e+003,7.182763e+001
1.446833e+003,7.343351e+001
1.447315e+003,7.517658e+001
1.447797e+003,7.699074e+001
1.448279e+003,7.876029e+001
1.448761e+003,8.036211e+001
1.449243e+003,8.171838e+001
1.449725e+003,8.282394e+001
1.450207e+003,8.373435e+001
1.450689e+003,8.453031e+001
1.451172e+003,8.528119e+001
1.451654e+003,8.602336e+001
1.452136e+003,8.675770e+001
1.452618e+003,8.746378e+001
1.453100e+003,8.812086e+001
1.453582e+003,8.872330e+001
1.454064e+003,8.928208e+001
1.454546e+003,8.981502e+001
1.455028e+003,9.033459e+001
1.455511e+003,9.084346e+001
1.455993e+003,9.134055e+001
1.456475e+003,9.182862e+001
1.456957e+003,9.230891e+001
1.457439e+003,9.276882e+001
1.457921e+003,9.318874e+001
1.458403e+003,9.356392e+001
1.458885e+003,9.390830e+001
1.459368e+003,9.423651e+001
1.459850e+003,9.454710e+001
1.460332e+003,9.482182e+001
1.460814e+003,9.503705e+001
1.461296e+003,9.517697e+001
1.461778e+003,9.524099e+001
1.462260e+003,9.524281e+001
1.462742e+003,9.520408e+001
1.463224e+003,9.514674e+001
1.463707e+003,9.508625e+001
1.464189e+003,9.502740e+001
1.464671e+003,9.496358e+001
1.465153e+003,9.488237e+001
1.465635e+003,9.477567e+001
1.466117e+003,9.464732e+001
1.466599e+003,9.451079e+001
1.467081e+003,9.437990e+001
1.467563e+003,9.425924e+001
1.468046e+003,9.414047e+001
1.468528e+003,9.400459e+001
1.469010e+003,9.382706e+001
1.469492e+003,9.358238e+001
1.469974e+003,9.324681e+001
1.470456e+003,9.280135e+001
1.470938e+003,9.223784e+001
1.471420e+003,9.156785e+001
1.471903e+003,9.082522e+001
1.472385e+003,9.005110e+001
1.472867e+003,8.926510e+001
1.473349e+003,8.844720e+001
1.473831e+003,8.754725e+001
1.474313e+003,8.650908e+001
1.474795e+003,8.528885e+001
1.475277e+003,8.386525e+001
1.475760e+003,8.224838e+001
1.476242e+003,8.048835e+001
1.476724e+003,7.867538e+001
1.477206e+003,7.692617e+001
1.477688e+003,7.536149e+001
1.478170e+003,7.408836e+001
1.478652e+003,7.319452e+001
1.479134e+003,7.275161e+001
1.479616e+003,7.281593e+001
1.480099e+003,7.341900e+001
1.480581e+003,7.454771e+001
1.481063e+003,7.612574e+001
1.481545e+003,7.801321e+001
1.482027e+003,8.003419e+001
1.482509e+003,8.202090e+001
1.482991e+003,8.385117e+001
1.483473e+003,8.546204e+001
1.483955e+003,8.684078e+001
1.484438e+003,8.800542e+001
1.484920e+003,8.898633e+001
1.485402e+003,8.981436e+001
1.485884e+003,9.051587e+001
1.486366e+003,9.111275e+001
1.486848e+003,9.162511e+001
1.487330e+003,9.207471e+001
1.487812e+003,9.248750e+001
1.488295e+003,9.289310e+001
1.488777e+003,9.331995e+001
1.489259e+003,9.378448e+001
1.489741e+003,9.427855e+001
1.490223e+003,9.476472e+001
1.490705e+003,9.518916e+001
1.491187e+003,9.550843e+001
1.491669e+003,9.571175e+001
1.492151e+003,9.582426e+001
1.492634e+003,9.589271e+001
1.493116e+003,9.596542e+001
1.493598e+003,9.607605e+001
1.494080e+003,9.623480e+001
1.494562e+003,9.642747e+001
1.495044e+003,9.662147e+001
1.495526e+003,9.677824e+001
1.496008e+003,9.686860e+001
1.496490e+003,9.688471e+001
1.496973e+003,9.684279e+001
1.497455e+003,9.677483e+001
1.497937e+003,9.671477e+001
1.498419e+003,9.668618e+001
1.498901e+003,9.669524e+001
1.499383e+003,9.673067e+001
1.499865e+003,9.676937e+001
1.500347e+003,9.678606e+001
1.500830e+003,9.676360e+001
1.501312e+003,9.669975e+001
1.501794e+003,9.660757e+001
1.502276e+003,9.650957e+001
1.502758e+003,9.642728e+001
1.503240e+003,9.636970e+001
1.503722e+003,9.632343e+001
1.504204e+003,9.624850e+001
1.504687e+003,9.608712e+001
1.505169e+003,9.579518e+001
1.505651e+003,9.539816e+001
1.506133e+003,9.503453e+001
1.506615e+003,9.490440e+001
1.507097e+003,9.511108e+001
1.507579e+003,9.556527e+001
1.508061e+003,9.607998e+001
1.508543e+003,9.651955e+001
1.509026e+003,9.684550e+001
1.509508e+003,9.707864e+001
1.509990e+003,9.725152e+001
1.510472e+003,9.738270e+001
1.510954e+003,9.747089e+001
1.511436e+003,9.749990e+001
1.511918e+003,9.744838e+001
1.512400e+003,9.730067e+001
1.512882e+003,9.705488e+001
1.513365e+003,9.672594e+001
1.513847e+003,9.634342e+001
1.514329e+003,9.594719e+001
1.514811e+003,9.558340e+001
1.515293e+003,9.530142e+001
1.515775e+003,9.514595e+001
1.516257e+003,9.514033e+001
1.516739e+003,9.526601e+001
1.517222e+003,9.545849e+001
1.517704e+003,9.563173e+001
1.518186e+003,9.571677e+001
1.518668e+003,9.568500e+001
1.519150e+003,9.554773e+001
1.519632e+003,9.534630e+001
1.520114e+003,9.514595e+001
1.520596e+003,9.502805e+001
1.521078e+003,9.506085e+001
1.521561e+003,9.525003e+001
1.522043e+003,9.551864e+001
1.522525e+003,9.575620e+001
1.523007e+003,9.589159e+001
1.523489e+003,9.591969e+001
1.523971e+003,9.587701e+001
1.524453e+003,9.580593e+001
1.524935e+003,9.573363e+001
1.525417e+003,9.566868e+001
1.525900e+003,9.560849e+001
1.526382e+003,9.554936e+001
1.526864e+003,9.549364e+001
1.527346e+003,9.544970e+001
1.527828e+003,9.542484e+001
1.528310e+003,9.541615e+001
1.528792e+003,9.540552e+001
1.529274e+003,9.536395e+001
1.529757e+003,9.526288e+001
1.530239e+003,9.508729e+001
1.530721e+003,9.484404e+001
1.531203e+003,9.456311e+001
1.531685e+003,9.429371e+001
1.532167e+003,9.409548e+001
1.532649e+003,9.402015e+001
1.533131e+003,9.407881e+001
1.533614e+003,9.421368e+001
1.534096e+003,9.431365e+001
1.534578e+003,9.428028e+001
1.535060e+003,9.408506e+001
1.535542e+003,9.376962e+001
1.536024e+003,9.340343e+001
1.536506e+003,9.303931e+001
1.536988e+003,9.268565e+001
1.537470e+003,9.229752e+001
1.537953e+003,9.178446e+001
1.538435e+003,9.104028e+001
1.538917e+003,8.999714e+001
1.539399e+003,8.868360e+001
1.539881e+003,8.723265e+001
1.540363e+003,8.580701e+001
1.540845e+003,8.450147e+001
1.541327e+003,8.331697e+001
1.541809e+003,8.220934e+001
1.542292e+003,8.114935e+001
1.542774e+003,8.015491e+001
1.543256e+003,7.929607e+001
1.543738e+003,7.867983e+001
1.544220e+003,7.841543e+001
1.544702e+003,7.856647e+001
1.545184e+003,7.911452e+001
1.545666e+003,7.996317e+001
1.546149e+003,8.098513e+001
1.546631e+003,8.207935e+001
1.547113e+003,8.320330e+001
1.547595e+003,8.437081e+001
1.548077e+003,8.562727e+001
1.548559e+003,8.701470e+001
1.549041e+003,8.853623e+001
1.549523e+003,9.013377e+001
1.550005e+003,9.169649e+001
1.550488e+003,9.310371e+001
1.550970e+003,9.427538e+001
1.551452e+003,9.519451e+001
1.551934e+003,9.589291e+001
1.552416e+003,9.641992e+001
1.552898e+003,9.681708e+001
1.553380e+003,9.710850e+001
1.553862e+003,9.730531e+001
1.554344e+003,9.741766e+001
1.554827e+003,9.746599e+001
1.555309e+003,9.748383e+001
1.555791e+003,9.750980e+001
1.556273e+003,9.757314e+001
1.556755e+003,9.768536e+001
1.557237e+003,9.785238e+001
1.557719e+003,9.812024e+001
1.558201e+003,9.862746e+001
1.558684e+003,9.953954e+001
1.559166e+003,1.007871e+002
1.559648e+003,1.019549e+002
1.560130e+003,1.026314e+002
1.560612e+003,1.027273e+002
1.561094e+003,1.024056e+002
1.561576e+003,1.018852e+002
1.562058e+003,1.013357e+002
1.562541e+003,1.008585e+002
1.563023e+003,1.005005e+002
1.563505e+003,1.002728e+002
1.563987e+003,1.001618e+002
1.564469e+003,1.001361e+002
1.564951e+003,1.001510e+002
1.565433e+003,1.001590e+002
1.565915e+003,1.001229e+002
1.566397e+003,1.000262e+002
1.566880e+003,9.987474e+001
1.567362e+003,9.969312e+001
1.567844e+003,9.952270e+001
1.568326e+003,9.942059e+001
1.568808e+003,9.945089e+001
1.569290e+003,9.965784e+001
1.569772e+003,1.000297e+002
1.570254e+003,1.004879e+002
1.570736e+003,1.009239e+002
1.571219e+003,1.012533e+002
1.571701e+003,1.014449e+002
1.572183e+003,1.015136e+002
1.572665e+003,1.014962e+002
1.573147e+003,1.014310e+002
1.573629e+003,1.013494e+002
1.574111e+003,1.012782e+002
1.574593e+003,1.012490e+002
1.575076e+003,1.013035e+002
1.575558e+003,1.014808e+002
1.576040e+003,1.017811e+002
1.576522e+003,1.021372e+002
1.577004e+003,1.024411e+002
1.577486e+003,1.026105e+002
1.577968e+003,1.026321e+002
1.578450e+003,1.025514e+002
1.578932e+003,1.024348e+002
1.579415e+003,1.023368e+002
1.579897e+003,1.022851e+002
1.580379e+003,1.022792e+002
1.580861e+003,1.022982e+002
1.581343e+003,1.023116e+002
1.581825e+003,1.022918e+002
1.582307e+003,1.022235e+002
1.582789e+003,1.021058e+002
1.583271e+003,1.019510e+002
1.583754e+003,1.017787e+002
1.584236e+003,1.016112e+002
1.584718e+003,1.014693e+002
1.585200e+003,1.013708e+002
1.585682e+003,1.013271e+002
1.586164e+003,1.013418e+002
1.586646e+003,1.014076e+002
1.587128e+003,1.015059e+002
1.587611e+003,1.016079e+002
1.588093e+003,1.016795e+002
1.588575e+003,1.016893e+002
1.589057e+003,1.016171e+002
1.589539e+003,1.014599e+002
1.590021e+003,1.012320e+002
1.590503e+003,1.009591e+002
1.590985e+003,1.006702e+002
1.591468e+003,1.003895e+002
1.591950e+003,1.001324e+002
1.592432e+003,9.990609e+001
1.592914e+003,9.971094e+001
1.593396e+003,9.954462e+001
1.593878e+003,9.940434e+001
1.594360e+003,9.928824e+001
1.594842e+003,9.919531e+001
1.595324e+003,9.912504e+001
1.595807e+003,9.907675e+001
1.596289e+003,9.904993e+001
1.596771e+003,9.904418e+001
1.597253e+003,9.905869e+001
1.597735e+003,9.909074e+001
1.598217e+003,9.913383e+001
1.598699e+003,9.917625e+001
1.599181e+003,9.920193e+001
1.599663e+003,9.919402e+001
1.600146e+003,9.914066e+001
1.600628e+003,9.904050e+001
1.601110e+003,9.890525e+001
1.601592e+003,9.875752e+001
1.602074e+003,9.862430e+001
1.602556e+003,9.852887e+001
1.603038e+003,9.848441e+001
1.603520e+003,9.849138e+001
1.604003e+003,9.853909e+001
1.604485e+003,9.861050e+001
1.604967e+003,9.868768e+001
1.605449e+003,9.875549e+001
1.605931e+003,9.880275e+001
1.606413e+003,9.882187e+001
1.606895e+003,9.880798e+001
1.607377e+003,9.875990e+001
1.607859e+003,9.868145e+001
1.608342e+003,9.858239e+001
1.608824e+003,9.847744e+001
1.609306e+003,9.838215e+001
1.609788e+003,9.830784e+001
1.610270e+003,9.825671e+001
1.610752e+003,9.822018e+001
1.611234e+003,9.818153e+001
1.611716e+003,9.812258e+001
1.612198e+003,9.803127e+001
1.612681e+003,9.790648e+001
1.613163e+003,9.775733e+001
1.613645e+003,9.759716e+001
1.614127e+003,9.743698e+001
1.614609e+003,9.728339e+001
1.615091e+003,9.714361e+001
1.615573e+003,9.703465e+001
1.616055e+003,9.698318e+001
1.616538e+003,9.700616e+001
1.617020e+003,9.708417e+001
1.617502e+003,9.716175e+001
1.617984e+003,9.717973e+001
1.618466e+003,9.710683e+001
1.618948e+003,9.694337e+001
1.619430e+003,9.670544e+001
1.619912e+003,9.640823e+001
1.620395e+003,9.605894e+001
1.620877e+003,9.565955e+001
1.621359e+003,9.521533e+001
1.621841e+003,9.474347e+001
1.622323e+003,9.427385e+001
1.622805e+003,9.383738e+001
1.623287e+003,9.344640e+001
1.623769e+003,9.308293e+001
1.624251e+003,9.270700e+001
1.624734e+003,9.227825e+001
1.625216e+003,9.177360e+001
1.625698e+003,9.119315e+001
1.626180e+003,9.055793e+001
1.626662e+003,8.990624e+001
1.627144e+003,8.928950e+001
1.627626e+003,8.876312e+001
1.628108e+003,8.837124e+001
1.628590e+003,8.813174e+001
1.629073e+003,8.803278e+001
1.629555e+003,8.804446e+001
1.630037e+003,8.813633e+001
1.630519e+003,8.828935e+001
1.631001e+003,8.849879e+001
1.631483e+003,8.877148e+001
1.631965e+003,8.912251e+001
1.632447e+003,8.957362e+001
1.632930e+003,9.015428e+001
1.633412e+003,9.090450e+001
1.633894e+003,9.187570e+001
1.634376e+003,9.312158e+001
1.634858e+003,9.466203e+001
1.635340e+003,9.641837e+001
1.635822e+003,9.817178e+001
1.636304e+003,9.963348e+001
1.636786e+003,1.006081e+002
1.637269e+003,1.010924e+002
1.637751e+003,1.012310e+002
1.638233e+003,1.012097e+002
1.638715e+003,1.011776e+002
1.639197e+003,1.012183e+002
1.639679e+003,1.013521e+002
1.640161e+003,1.015525e+002
1.640643e+003,1.017702e+002
1.641126e+003,1.019570e+002
1.641608e+003,1.020828e+002
1.642090e+003,1.021405e+002
1.642572e+003,1.021382e+002
1.643054e+003,1.020860e+002
1.643536e+003,1.019851e+002
1.644018e+003,1.018252e+002
1.644500e+003,1.015918e+002
1.644983e+003,1.012832e+002
1.645465e+003,1.009316e+002
1.645947e+003,1.006112e+002
1.646429e+003,1.004130e+002
1.646911e+003,1.003870e+002
1.647393e+003,1.005001e+002
1.647875e+003,1.006616e+002
1.648357e+003,1.007940e+002
1.648839e+003,1.008802e+002
1.649322e+003,1.009578e+002
1.649804e+003,1.010836e+002
1.650286e+003,1.012970e+002
1.650768e+003,1.015969e+002
1.651250e+003,1.019373e+002
1.651732e+003,1.022528e+002
1.652214e+003,1.025214e+002
1.652696e+003,1.028058e+002
1.653178e+003,1.031572e+002
1.653661e+003,1.034680e+002
1.654143e+003,1.035619e+002
1.654625e+003,1.033998e+002
1.655107e+003,1.030941e+002
1.655589e+003,1.027945e+002
1.656071e+003,1.026067e+002
1.656553e+003,1.025703e+002
1.657035e+003,1.026663e+002
1.657518e+003,1.028334e+002
1.658000e+003,1.029890e+002
1.658482e+003,1.030512e+002
1.658964e+003,1.029608e+002
1.659446e+003,1.026953e+002
1.659928e+003,1.022730e+002
1.660410e+003,1.017479e+002
1.660892e+003,1.012000e+002
1.661375e+003,1.007223e+002
1.661857e+003,1.004038e+002
1.662339e+003,1.003044e+002
1.662821e+003,1.004295e+002
1.663303e+003,1.007227e+002
1.663785e+003,1.010887e+002
1.664267e+003,1.014343e+002
1.664749e+003,1.016998e+002
1.665231e+003,1.018641e+002
1.665714e+003,1.019302e+002
1.666196e+003,1.019056e+002
1.666678e+003,1.017908e+002
1.667160e+003,1.015800e+002
1.667642e+003,1.012728e+002
1.668124e+003,1.008922e+002
1.668606e+003,1.004962e+002
1.669088e+003,1.001692e+002
1.669570e+003,9.999081e+001
1.670053e+003,9.999969e+001
1.670535e+003,1.001790e+002
1.671017e+003,1.004741e+002
1.671499e+003,1.008237e+002
1.671981e+003,1.011835e+002
1.672463e+003,1.015311e+002
1.672945e+003,1.018571e+002
1.673427e+003,1.021546e+002
1.673910e+003,1.024109e+002
1.674392e+003,1.026047e+002
1.674874e+003,1.027043e+002
1.675356e+003,1.026703e+002
1.675838e+003,1.024726e+002
1.676320e+003,1.021152e+002
1.676802e+003,1.016478e+002
1.677284e+003,1.011491e+002
1.677766e+003,1.006971e+002
1.678249e+003,1.003456e+002
1.678731e+003,1.001140e+002
1.679213e+003,9.998724e+001
1.679695e+003,9.992646e+001
1.680177e+003,9.988529e+001
1.680659e+003,9.982888e+001
1.681141e+003,9.974527e+001
1.681623e+003,9.964541e+001
1.682105e+003,9.955714e+001
1.682588e+003,9.952499e+001
1.683070e+003,9.961617e+001
1.683552e+003,9.990637e+001
1.684034e+003,1.004112e+002
1.684516e+003,1.010114e+002
1.684998e+003,1.015018e+002
1.685480e+003,1.017475e+002
1.685962e+003,1.017609e+002
1.686445e+003,1.016487e+002
1.686927e+003,1.015239e+002
1.687409e+003,1.014554e+002
1.687891e+003,1.014576e+002
1.688373e+003,1.015032e+002
1.688855e+003,1.015458e+002
1.689337e+003,1.015444e+002
1.689819e+003,1.014790e+002
1.690302e+003,1.013530e+002
1.690784e+003,1.011842e+002
1.691266e+003,1.009935e+002
1.691748e+003,1.007988e+002
1.692230e+003,1.006125e+002
1.692712e+003,1.004424e+002
1.693194e+003,1.002915e+002
1.693676e+003,1.001610e+002
1.694158e+003,1.000567e+002
1.694641e+003,9.999787e+001
1.695123e+003,1.000128e+002
1.695605e+003,1.001095e+002
1.696087e+003,1.002446e+002
1.696569e+003,1.003378e+002
1.697051e+003,1.003317e+002
1.697533e+003,1.002313e+002
1.698015e+003,1.000940e+002
1.698497e+003,1.000030e+002
1.698980e+003,1.000539e+002
1.699462e+003,1.003422e+002
1.699944e+003,1.009040e+002
1.700426e+003,1.016198e+002
1.700908e+003,1.022225e+002
1.701390e+003,1.024805e+002
1.701872e+003,1.023509e+002
1.702354e+003,1.019507e+002
1.702837e+003,1.014432e+002
1.703319e+003,1.009610e+002
1.703801e+003,1.005857e+002
1.704283e+003,1.003588e+002
1.704765e+003,1.002926e+002
1.705247e+003,1.003737e+002
1.705729e+003,1.005593e+002
1.706211e+003,1.007855e+002
1.706693e+003,1.009869e+002
1.707176e+003,1.011164e+002
1.707658e+003,1.011502e+002
1.708140e+003,1.010835e+002
1.708622e+003,1.009260e+002
1.709104e+003,1.007009e+002
1.709586e+003,1.004432e+002
1.710068e+003,1.001950e+002
1.710550e+003,9.999481e+001
1.711032e+003,9.986707e+001
1.711515e+003,9.981494e+001
1.711997e+003,9.981916e+001
1.712479e+003,9.984355e+001
1.712961e+003,9.984657e+001
1.713443e+003,9.979540e+001
1.713925e+003,9.967909e+001
1.714407e+003,9.951553e+001
1.714889e+003,9.934963e+001
1.715372e+003,9.924476e+001
1.715854e+003,9.926981e+001
1.716336e+003,9.948199e+001
1.716818e+003,9.990211e+001
1.717300e+003,1.004847e+002
1.717782e+003,1.011080e+002
1.718264e+003,1.016139e+002
1.718746e+003,1.018861e+002
1.719229e+003,1.019041e+002
1.719711e+003,1.017354e+002
1.720193e+003,1.014870e+002
1.720675e+003,1.012594e+002
1.721157e+003,1.011204e+002
1.721639e+003,1.010961e+002
1.722121e+003,1.011730e+002
1.722603e+003,1.013071e+002
1.723085e+003,1.014389e+002
1.723568e+003,1.015127e+002
1.724050e+003,1.014946e+002
1.724532e+003,1.013812e+002
1.725014e+003,1.011942e+002
1.725496e+003,1.009672e+002
1.725978e+003,1.007314e+002
1.726460e+003,1.005072e+002
1.726942e+003,1.003027e+002
1.727424e+003,1.001189e+002
1.727907e+003,9.995583e+001
1.728389e+003,9.981790e+001
1.728871e+003,9.971381e+001
1.729353e+003,9.965253e+001
1.729835e+003,9.963721e+001
1.730317e+003,9.966171e+001
1.730799e+003,9.971222e+001
1.731281e+003,9.977328e+001
1.731764e+003,9.983615e+001
1.732246e+003,9.990987e+001
1.732728e+003,1.000329e+002
1.733210e+003,1.002712e+002
1.733692e+003,1.006759e+002
1.734174e+003,1.012066e+002
1.734656e+003,1.017072e+002
1.735138e+003,1.019986e+002
1.735620e+003,1.020016e+002
1.736103e+003,1.017635e+002
1.736585e+003,1.013994e+002
1.737067e+003,1.010272e+002
1.737549e+003,1.007313e+002
1.738031e+003,1.005540e+002
1.738513e+003,1.004954e+002
1.738995e+003,1.005161e+002
1.739477e+003,1.005464e+002
1.739959e+003,1.005088e+002
1.740442e+003,1.003528e+002
1.740924e+003,1.000783e+002
1.741406e+003,9.973199e+001
1.741888e+003,9.938443e+001
1.742370e+003,9.910326e+001
1.742852e+003,9.893391e+001
1.743334e+003,9.888942e+001
1.743816e+003,9.895087e+001
1.744299e+003,9.907675e+001
1.744781e+003,9.921773e+001
1.745263e+003,9.932955e+001
1.745745e+003,9.938029e+001
1.746227e+003,9.935246e+001
1.746709e+003,9.924348e+001
1.747191e+003,9.906663e+001
1.747673e+003,9.885181e+001
1.748156e+003,9.864374e+001
1.748638e+003,9.849615e+001
1.749120e+003,9.846264e+001
1.749602e+003,9.858424e+001
1.750084e+003,9.887455e+001
1.750566e+003,9.930524e+001
1.751048e+003,9.980119e+001
1.751530e+003,1.002575e+002
1.752012e+003,1.005775e+002
1.752495e+003,1.007101e+002
1.752977e+003,1.006638e+002
1.753459e+003,1.004906e+002
1.753941e+003,1.002578e+002
1.754423e+003,1.000248e+002
1.754905e+003,9.983000e+001
1.755387e+003,9.968893e+001
1.755869e+003,9.959676e+001
1.756351e+003,9.953402e+001
1.756834e+003,9.947484e+001
1.757316e+003,9.939824e+001
1.757798e+003,9.929778e+001
1.758280e+003,9.918427e+001
1.758762e+003,9.908029e+001
1.759244e+003,9.901105e+001
1.759726e+003,9.899673e+001
1.760208e+003,9.904943e+001
1.760691e+003,9.917224e+001
1.761173e+003,9.935757e+001
1.761655e+003,9.958324e+001
1.762137e+003,9.981114e+001
1.762619e+003,9.999437e+001
1.763101e+003,1.000930e+002
1.763583e+003,1.000888e+002
1.764065e+003,9.998884e+001
1.764547e+003,9.981949e+001
1.765030e+003,9.961633e+001
1.765512e+003,9.941566e+001
1.765994e+003,9.924944e+001
1.766476e+003,9.914050e+001
1.766958e+003,9.909675e+001
1.767440e+003,9.910554e+001
1.767922e+003,9.913404e+001
1.768404e+003,9.913968e+001
1.768886e+003,9.908731e+001
1.769369e+003,9.896348e+001
1.769851e+003,9.878219e+001
1.770333e+003,9.858327e+001
1.770815e+003,9.842662e+001
1.771297e+003,9.837919e+001
1.771779e+003,9.848898e+001
1.772261e+003,9.875262e+001
1.772743e+003,9.910402e+001
1.773226e+003,9.944437e+001
1.773708e+003,9.969411e+001
1.774190e+003,9.982407e+001
1.774672e+003,9.985017e+001
1.775154e+003,9.980797e+001
1.775636e+003,9.972936e+001
1.776118e+003,9.963129e+001
1.776600e+003,9.951690e+001
1.777083e+003,9.938377e+001
1.777565e+003,9.923398e+001
1.778047e+003,9.907999e+001
1.778529e+003,9.894408e+001
1.779011e+003,9.885181e+001
1.779493e+003,9.882230e+001
1.779975e+003,9.885925e+001
1.780457e+003,9.894791e+001
1.780939e+003,9.906019e+001
1.781422e+003,9.916784e+001
1.781904e+003,9.925503e+001
1.782386e+003,9.932340e+001
1.782868e+003,9.938652e+001
1.783350e+003,9.945849e+001
1.783832e+003,9.954267e+001
1.784314e+003,9.962665e+001
1.784796e+003,9.968525e+001
1.785278e+003,9.969181e+001
1.785761e+003,9.963171e+001
1.786243e+003,9.951058e+001
1.786725e+003,9.935212e+001
1.787207e+003,9.918747e+001
1.787689e+003,9.904302e+001
1.788171e+003,9.893249e+001
1.788653e+003,9.885542e+001
1.789135e+003,9.880215e+001
1.789618e+003,9.876192e+001
1.790100e+003,9.873181e+001
1.790582e+003,9.872179e+001
1.791064e+003,9.875254e+001
1.791546e+003,9.884296e+001
1.792028e+003,9.899181e+001
1.792510e+003,9.916666e+001
1.792992e+003,9.931461e+001
1.793474e+003,9.939062e+001
1.793957e+003,9.938171e+001
1.794439e+003,9.930988e+001
1.794921e+003,9.921640e+001
1.795403e+003,9.914091e+001
1.795885e+003,9.910596e+001
1.796367e+003,9.911084e+001
1.796849e+003,9.913533e+001
1.797331e+003,9.915075e+001
1.797813e+003,9.913384e+001
1.798296e+003,9.907761e+001
1.798778e+003,9.899457e+001
1.799260e+003,9.891158e+001
1.799742e+003,9.885913e+001
1.800224e+003,9.885928e+001
1.800706e+003,9.891726e+001
1.801188e+003,9.902119e+001
1.801670e+003,9.914950e+001
1.802153e+003,9.928130e+001
1.802635e+003,9.940325e+001
1.803117e+003,9.950907e+001
1.803599e+003,9.959509e+001
1.804081e+003,9.965540e+001
1.804563e+003,9.968123e+001
1.805045e+003,9.966414e+001
1.805527e+003,9.960145e+001
1.806010e+003,9.949972e+001
1.806492e+003,9.937402e+001
1.806974e+003,9.924345e+001
1.807456e+003,9.912500e+001
1.807938e+003,9.902912e+001
1.808420e+003,9.895879e+001
1.808902e+003,9.891245e+001
1.809384e+003,9.888942e+001
1.809866e+003,9.889365e+001
1.810349e+003,9.893349e+001
1.810831e+003,9.901656e+001
1.811313e+003,9.914190e+001
1.811795e+003,9.929449e+001
1.812277e+003,9.944626e+001
1.812759e+003,9.956444e+001
1.813241e+003,9.962350e+001
1.813723e+003,9.961421e+001
1.814205e+003,9.954622e+001
1.814688e+003,9.944381e+001
1.815170e+003,9.933781e+001
1.815652e+003,9.925610e+001
1.816134e+003,9.921625e+001
1.816616e+003,9.922174e+001
1.817098e+003,9.926383e+001
1.817580e+003,9.932825e+001
1.818062e+003,9.940224e+001
1.818545e+003,9.947836e+001
1.819027e+003,9.955318e+001
1.819509e+003,9.962276e+001
1.819991e+003,9.967857e+001
1.820473e+003,9.970686e+001
1.820955e+003,9.969281e+001
1.821437e+003,9.962659e+001
1.821919e+003,9.950867e+001
1.822401e+003,9.935146e+001
1.822884e+003,9.917767e+001
1.823366e+003,9.901621e+001
1.823848e+003,9.889559e+001
1.824330e+003,9.883456e+001
1.824812e+003,9.883428e+001
1.825294e+003,9.887663e+001
1.825776e+003,9.893246e+001
1.826258e+003,9.897486e+001
1.826740e+003,9.898875e+001
1.827223e+003,9.897276e+001
1.827705e+003,9.893642e+001
1.828187e+003,9.889686e+001
1.828669e+003,9.887576e+001
1.829151e+003,9.889429e+001
1.829633e+003,9.896422e+001
1.830115e+003,9.907948e+001
1.830597e+003,9.921624e+001
1.831080e+003,9.934422e+001
1.831562e+003,9.944117e+001
1.832044e+003,9.950027e+001
1.832526e+003,9.952817e+001
1.833008e+003,9.953751e+001
1.833490e+003,9.953953e+001
1.833972e+003,9.953935e+001
1.834454e+003,9.953499e+001
1.834937e+003,9.951915e+001
1.835419e+003,9.948355e+001
1.835901e+003,9.942346e+001
1.836383e+003,9.934155e+001
1.836865e+003,9.924799e+001
1.837347e+003,9.915732e+001
1.837829e+003,9.908349e+001
1.838311e+003,9.903459e+001
1.838793e+003,9.901081e+001
1.839276e+003,9.900601e+001
1.839758e+003,9.901225e+001
1.840240e+003,9.902451e+001
1.840722e+003,9.904266e+001
1.841204e+003,9.907006e+001
1.841686e+003,9.910998e+001
1.842168e+003,9.916291e+001
1.842650e+003,9.922562e+001
1.843132e+003,9.929194e+001
1.843615e+003,9.935312e+001
1.844097e+003,9.939825e+001
1.844579e+003,9.941710e+001
1.845061e+003,9.940650e+001
1.845543e+003,9.937530e+001
1.846025e+003,9.934228e+001
1.846507e+003,9.932786e+001
1.846989e+003,9.934496e+001
1.847472e+003,9.939386e+001
1.847954e+003,9.946307e+001
1.848436e+003,9.953405e+001
1.848918e+003,9.958841e+001
1.849400e+003,9.961366e+001
1.849882e+003,9.960579e+001
1.850364e+003,9.956818e+001
1.850846e+003,9.950845e+001
1.851328e+003,9.943506e+001
1.851811e+003,9.935538e+001
1.852293e+003,9.927612e+001
1.852775e+003,9.920417e+001
1.853257e+003,9.914766e+001
1.853739e+003,9.911532e+001
1.854221e+003,9.911460e+001
1.854703e+003,9.914906e+001
1.855185e+003,9.921603e+001
1.855667e+003,9.930589e+001
1.856150e+003,9.940340e+001
1.856632e+003,9.949089e+001
1.857114e+003,9.955269e+001
1.857596e+003,9.957951e+001
1.858078e+003,9.957153e+001
1.858560e+003,9.953857e+001
1.859042e+003,9.949728e+001
1.859524e+003,9.946614e+001
1.860007e+003,9.945951e+001
1.860489e+003,9.948294e+001
1.860971e+003,9.953107e+001
1.861453e+003,9.958895e+001
1.861935e+003,9.963662e+001
1.862417e+003,9.965524e+001
1.862899e+003,9.963247e+001
1.863381e+003,9.956529e+001
1.863864e+003,9.945914e+001
1.864346e+003,9.932462e+001
1.864828e+003,9.917323e+001
1.865310e+003,9.901461e+001
1.865792e+003,9.885597e+001
1.866274e+003,9.870435e+001
1.866756e+003,9.857010e+001
1.867238e+003,9.846961e+001
1.867720e+003,9.842424e+001
1.868203e+003,9.845344e+001
1.868685e+003,9.856389e+001
1.869167e+003,9.874133e+001
1.869649e+003,9.895238e+001
1.870131e+003,9.915723e+001
1.870613e+003,9.932492e+001
1.871095e+003,9.944222e+001
1.871577e+003,9.951227e+001
1.872059e+003,9.954690e+001
1.872542e+003,9.955808e+001
1.873024e+003,9.955240e+001
1.873506e+003,9.953045e+001
1.873988e+003,9.948996e+001
1.874470e+003,9.943069e+001
1.874952e+003,9.935859e+001
1.875434e+003,9.928590e+001
1.875916e+003,9.922794e+001
1.876399e+003,9.919733e+001
1.876881e+003,9.919890e+001
1.877363e+003,9.922770e+001
1.877845e+003,9.927146e+001
1.878327e+003,9.931614e+001
1.878809e+003,9.935217e+001
1.879291e+003,9.937783e+001
1.879773e+003,9.939807e+001
1.880255e+003,9.941925e+001
1.880738e+003,9.944334e+001
1.881220e+003,9.946451e+001
1.881702e+003,9.947091e+001
1.882184e+003,9.945052e+001
1.882666e+003,9.939838e+001
1.883148e+003,9.932097e+001
1.883630e+003,9.923476e+001
1.884112e+003,9.915976e+001
1.884595e+003,9.911092e+001
1.885077e+003,9.909131e+001
1.885559e+003,9.909100e+001
1.886041e+003,9.909167e+001
1.886523e+003,9.907585e+001
1.887005e+003,9.903503e+001
1.887487e+003,9.897419e+001
1.887969e+003,9.891065e+001
1.888452e+003,9.886784e+001
1.888934e+003,9.886542e+001
1.889416e+003,9.890973e+001
1.889898e+003,9.898978e+001
1.890380e+003,9.908263e+001
1.890862e+003,9.916413e+001
1.891344e+003,9.921864e+001
1.891826e+003,9.924187e+001
1.892308e+003,9.923736e+001
1.892791e+003,9.921119e+001
1.893273e+003,9.916819e+001
1.893755e+003,9.911133e+001
1.894237e+003,9.904369e+001
1.894719e+003,9.897062e+001
1.895201e+003,9.890089e+001
1.895683e+003,9.884486e+001
1.896165e+003,9.881155e+001
1.896647e+003,9.880491e+001
1.897130e+003,9.882263e+001
1.897612e+003,9.885727e+001
1.898094e+003,9.889969e+001
1.898576e+003,9.894276e+001
1.899058e+003,9.898312e+001
1.899540e+003,9.902032e+001
1.900022e+003,9.905382e+001
1.900504e+003,9.908012e+001
1.900987e+003,9.909235e+001
1.901469e+003,9.908224e+001
1.901951e+003,9.904542e+001
1.902433e+003,9.898544e+001
1.902915e+003,9.891512e+001
1.903397e+003,9.885359e+001
1.903879e+003,9.882000e+001
1.904361e+003,9.882680e+001
1.904844e+003,9.887489e+001
1.905326e+003,9.895347e+001
1.905808e+003,9.904425e+001
1.906290e+003,9.912807e+001
1.906772e+003,9.919101e+001
1.907254e+003,9.922721e+001
1.907736e+003,9.923846e+001
1.908218e+003,9.923113e+001
1.908700e+003,9.921277e+001
1.909182e+003,9.918967e+001
1.909665e+003,9.916714e+001
1.910147e+003,9.915034e+001
1.910629e+003,9.914548e+001
1.911111e+003,9.915853e+001
1.911593e+003,9.919242e+001
1.912075e+003,9.924355e+001
1.912557e+003,9.930038e+001
1.913039e+003,9.934514e+001
1.913522e+003,9.935951e+001
1.914004e+003,9.933125e+001
1.914486e+003,9.925909e+001
1.914968e+003,9.915354e+001
1.915450e+003,9.903429e+001
1.915932e+003,9.892512e+001
1.916414e+003,9.884790e+001
1.916896e+003,9.881670e+001
1.917379e+003,9.883337e+001
1.917861e+003,9.888602e+001
1.918343e+003,9.895304e+001
1.918825e+003,9.901114e+001
1.919307e+003,9.904356e+001
1.919789e+003,9.904451e+001
1.920271e+003,9.901848e+001
1.920753e+003,9.897667e+001
1.921235e+003,9.893322e+001
1.921718e+003,9.890228e+001
1.922200e+003,9.889539e+001
1.922682e+003,9.891863e+001
1.923164e+003,9.897081e+001
1.923646e+003,9.904315e+001
1.924128e+003,9.912303e+001
1.924610e+003,9.919858e+001
1.925092e+003,9.926324e+001
1.925574e+003,9.931631e+001
1.926057e+003,9.936165e+001
1.926539e+003,9.940356e+001
1.927021e+003,9.944421e+001
1.927503e+003,9.948185e+001
1.927985e+003,9.951163e+001
1.928467e+003,9.952808e+001
1.928949e+003,9.952851e+001
1.929431e+003,9.951495e+001
1.929914e+003,9.949397e+001
1.930396e+003,9.947416e+001
1.930878e+003,9.946326e+001
1.931360e+003,9.946566e+001
1.931842e+003,9.948217e+001
1.932324e+003,9.951052e+001
1.932806e+003,9.954768e+001
1.933288e+003,9.959039e+001
1.933771e+003,9.963451e+001
1.934253e+003,9.967317e+001
1.934735e+003,9.969591e+001
1.935217e+003,9.968999e+001
1.935699e+003,9.964543e+001
1.936181e+003,9.956059e+001
1.936663e+003,9.944684e+001
1.937145e+003,9.932776e+001
1.937627e+003,9.923315e+001
1.938109e+003,9.918935e+001
1.938592e+003,9.921045e+001
1.939074e+003,9.929282e+001
1.939556e+003,9.941606e+001
1.940038e+003,9.954966e+001
1.940520e+003,9.966375e+001
1.941002e+003,9.973834e+001
1.941484e+003,9.976881e+001
1.941966e+003,9.976405e+001
1.942449e+003,9.973991e+001
1.942931e+003,9.971030e+001
1.943413e+003,9.968233e+001
1.943895e+003,9.965692e+001
1.944377e+003,9.963426e+001
1.944859e+003,9.961890e+001
1.945341e+003,9.962074e+001
1.945823e+003,9.965085e+001
1.946306e+003,9.971656e+001
1.946788e+003,9.981647e+001
1.947270e+003,9.994043e+001
1.947752e+003,1.000734e+002
1.948234e+003,1.002034e+002
1.948716e+003,1.003265e+002
1.949198e+003,1.004466e+002
1.949680e+003,1.005702e+002
1.950162e+003,1.006976e+002
1.950645e+003,1.008179e+002
1.951127e+003,1.009094e+002
1.951609e+003,1.009482e+002
1.952091e+003,1.009198e+002
1.952573e+003,1.008282e+002
1.953055e+003,1.006968e+002
1.953537e+003,1.005610e+002
1.954019e+003,1.004566e+002
1.954501e+003,1.004067e+002
1.954984e+003,1.004151e+002
1.955466e+003,1.004657e+002
1.955948e+003,1.005316e+002
1.956430e+003,1.005867e+002
1.956912e+003,1.006162e+002
1.957394e+003,1.006186e+002
1.957876e+003,1.006043e+002
1.958358e+003,1.005876e+002
1.958841e+003,1.005817e+002
1.959323e+003,1.005936e+002
1.959805e+003,1.006256e+002
1.960287e+003,1.006771e+002
1.960769e+003,1.007466e+002
1.961251e+003,1.008301e+002
1.961733e+003,1.009187e+002
1.962215e+003,1.009968e+002
1.962698e+003,1.010452e+002
1.963180e+003,1.010480e+002
1.963662e+003,1.010008e+002
1.964144e+003,1.009142e+002
1.964626e+003,1.008110e+002
1.965108e+003,1.007168e+002
1.965590e+003,1.006507e+002
1.966072e+003,1.006172e+002
1.966554e+003,1.006051e+002
1.967036e+003,1.005938e+002
1.967519e+003,1.005661e+002
1.968001e+003,1.005173e+002
1.968483e+003,1.004592e+002
1.968965e+003,1.004110e+002
1.969447e+003,1.003902e+002
1.969929e+003,1.004018e+002
1.970411e+003,1.004369e+002
1.970893e+003,1.004772e+002
1.971376e+003,1.005074e+002
1.971858e+003,1.005233e+002
1.972340e+003,1.005344e+002
1.972822e+003,1.005558e+002
1.973304e+003,1.005972e+002
1.973786e+003,1.006525e+002
1.974268e+003,1.007001e+002
1.974750e+003,1.007111e+002
1.975233e+003,1.006671e+002
1.975715e+003,1.005724e+002
1.976197e+003,1.004569e+002
1.976679e+003,1.003645e+002
1.977161e+003,1.003347e+002
1.977643e+003,1.003837e+002
1.978125e+003,1.004967e+002
1.978607e+003,1.006339e+002
1.979089e+003,1.007505e+002
1.979572e+003,1.008149e+002
1.980054e+003,1.008177e+002
1.980536e+003,1.007677e+002
1.981018e+003,1.006821e+002
1.981500e+003,1.005768e+002
1.981982e+003,1.004611e+002
1.982464e+003,1.003396e+002
1.982946e+003,1.002176e+002
1.983428e+003,1.001054e+002
1.983911e+003,1.000202e+002
1.984393e+003,9.998010e+001
1.984875e+003,9.999762e+001
1.985357e+003,1.000722e+002
1.985839e+003,1.001885e+002
1.986321e+003,1.003208e+002
1.986803e+003,1.004432e+002
1.987285e+003,1.005386e+002
1.987768e+003,1.006037e+002
1.988250e+003,1.006453e+002
1.988732e+003,1.006733e+002
1.989214e+003,1.006935e+002
1.989696e+003,1.007051e+002
1.990178e+003,1.007028e+002
1.990660e+003,1.006854e+002
1.991142e+003,1.006609e+002
1.991625e+003,1.006482e+002
1.992107e+003,1.006696e+002
1.992589e+003,1.007425e+002
1.993071e+003,1.008685e+002
1.993553e+003,1.010325e+002
1.994035e+003,1.012076e+002
1.994517e+003,1.013667e+002
1.994999e+003,1.014932e+002
1.995481e+003,1.015848e+002
1.995964e+003,1.016502e+002
1.996446e+003,1.017024e+002
1.996928e+003,1.017511e+002
1.997410e+003,1.017988e+002
1.997892e+003,1.018418e+002
1.998374e+003,1.018760e+002
1.998856e+003,1.019021e+002
1.999338e+003,1.019263e+002
1.999820e+003,1.019568e+002
2.000303e+003,1.019969e+002
2.000785e+003,1.020407e+002
2.001267e+003,1.020729e+002
2.001749e+003,1.020761e+002
2.002231e+003,1.020415e+002
2.002713e+003,1.019752e+002
2.003195e+003,1.018994e+002
2.003677e+003,1.018434e+002
2.004160e+003,1.018310e+002
2.004642e+003,1.018678e+002
2.005124e+003,1.019359e+002
2.005606e+003,1.019971e+002
2.006088e+003,1.020104e+002
2.006570e+003,1.019496e+002
2.007052e+003,1.018155e+002
2.007534e+003,1.016330e+002
2.008016e+003,1.014396e+002
2.008499e+003,1.012676e+002
2.008981e+003,1.011324e+002
2.009463e+003,1.010288e+002
2.009945e+003,1.009402e+002
2.010427e+003,1.008504e+002
2.010909e+003,1.007549e+002
2.011391e+003,1.006623e+002
2.011873e+003,1.005881e+002
2.012355e+003,1.005434e+002
2.012838e+003,1.005266e+002
2.013320e+003,1.005209e+002
2.013802e+003,1.005033e+002
2.014284e+003,1.004557e+002
2.014766e+003,1.003763e+002
2.015248e+003,1.002825e+002
2.015730e+003,1.002065e+002
2.016212e+003,1.001838e+002
2.016695e+003,1.002407e+002
2.017177e+003,1.003836e+002
2.017659e+003,1.005986e+002
2.018141e+003,1.008592e+002
2.018623e+003,1.011365e+002
2.019105e+003,1.014055e+002
2.019587e+003,1.016458e+002
2.020069e+003,1.018393e+002
2.020552e+003,1.019685e+002
2.021034e+003,1.020177e+002
2.021516e+003,1.019790e+002
2.021998e+003,1.018565e+002
2.022480e+003,1.016675e+002
2.022962e+003,1.014403e+002
2.023444e+003,1.012071e+002
2.023926e+003,1.009972e+002
2.024408e+003,1.008307e+002
2.024891e+003,1.007128e+002
2.025373e+003,1.006377e+002
2.025855e+003,1.005916e+002
2.026337e+003,1.005601e+002
2.026819e+003,1.005309e+002
2.027301e+003,1.004948e+002
2.027783e+003,1.004446e+002
2.028265e+003,1.003746e+002
2.028747e+003,1.002818e+002
2.029230e+003,1.001701e+002
2.029712e+003,1.000519e+002
2.030194e+003,9.994833e+001
2.030676e+003,9.988505e+001
2.031158e+003,9.988590e+001
2.031640e+003,9.996490e+001
2.032122e+003,1.001198e+002
2.032604e+003,1.003302e+002
2.033087e+003,1.005633e+002
2.033569e+003,1.007823e+002
2.034051e+003,1.009567e+002
2.034533e+003,1.010666e+002
2.035015e+003,1.011049e+002
2.035497e+003,1.010756e+002
2.035979e+003,1.009920e+002
2.036461e+003,1.008730e+002
2.036943e+003,1.007397e+002
2.037426e+003,1.006110e+002
2.037908e+003,1.004992e+002
2.038390e+003,1.004069e+002
2.038872e+003,1.003272e+002
2.039354e+003,1.002451e+002
2.039836e+003,1.001444e+002
2.040318e+003,1.000133e+002
2.040800e+003,9.985177e+001
2.041282e+003,9.967218e+001
2.041765e+003,9.949625e+001
2.042247e+003,9.934775e+001
2.042729e+003,9.924586e+001
2.043211e+003,9.919950e+001
2.043693e+003,9.920670e+001
2.044175e+003,9.925655e+001
2.044657e+003,9.933566e+001
2.045139e+003,9.943372e+001
2.045622e+003,9.954611e+001
2.046104e+003,9.967178e+001
2.046586e+003,9.980915e+001
2.047068e+003,9.995068e+001
2.047550e+003,1.000815e+002
2.048032e+003,1.001819e+002
2.048514e+003,1.002344e+002
2.048996e+003,1.002296e+002
2.049479e+003,1.001702e+002
2.049960e+003,1.000682e+002
2.050443e+003,9.994156e+001
2.050925e+003,9.980843e+001
2.051407e+003,9.968373e+001
2.051889e+003,9.957676e+001
2.052371e+003,9.949129e+001
2.052853e+003,9.942629e+001
2.053335e+003,9.937744e+001
2.053817e+003,9.933793e+001
2.054300e+003,9.930096e+001
2.054782e+003,9.926099e+001
2.055264e+003,9.921627e+001
2.055746e+003,9.916956e+001
2.056228e+003,9.912839e+001
2.056710e+003,9.910275e+001
2.057192e+003,9.910168e+001
2.057674e+003,9.912975e+001
2.058157e+003,9.918446e+001
2.058639e+003,9.925593e+001
2.059121e+003,9.932902e+001
2.059603e+003,9.938746e+001
2.060085e+003,9.941876e+001
2.060567e+003,9.941654e+001
2.061049e+003,9.938107e+001
2.061531e+003,9.931719e+001
2.062014e+003,9.923226e+001
2.062496e+003,9.913451e+001
2.062978e+003,9.903358e+001
2.063460e+003,9.894114e+001
2.063942e+003,9.887080e+001
2.064424e+003,9.883632e+001
2.064906e+003,9.884811e+001
2.065388e+003,9.890879e+001
2.065871e+003,9.901059e+001
2.066353e+003,9.913547e+001
2.066835e+003,9.925872e+001
2.067317e+003,9.935605e+001
2.067799e+003,9.941078e+001
2.068281e+003,9.941836e+001
2.068763e+003,9.938696e+001
2.069245e+003,9.933397e+001
2.069728e+003,9.928081e+001
2.070209e+003,9.924754e+001
2.070692e+003,9.924906e+001
2.071174e+003,9.929308e+001
2.071656e+003,9.938020e+001
2.072138e+003,9.950420e+001
2.072620e+003,9.965317e+001
2.073102e+003,9.981017e+001
2.073584e+003,9.995518e+001
2.074066e+003,1.000680e+002
2.074549e+003,1.001338e+002
2.075031e+003,1.001466e+002
2.075513e+003,1.001126e+002
2.075995e+003,1.000470e+002
2.076477e+003,9.996901e+001
2.076959e+003,9.989428e+001
2.077441e+003,9.983012e+001
2.077923e+003,9.977438e+001
2.078406e+003,9.971903e+001
2.078888e+003,9.965650e+001
2.079370e+003,9.958599e+001
2.079852e+003,9.951583e+001
2.080334e+003,9.946127e+001
2.080816e+003,9.943766e+001
2.081298e+003,9.945345e+001
2.081780e+003,9.950441e+001
2.082262e+003,9.957370e+001
2.082745e+003,9.963633e+001
2.083227e+003,9.966798e+001
2.083709e+003,9.965328e+001
2.084191e+003,9.959073e+001
2.084673e+003,9.949220e+001
2.085155e+003,9.937842e+001
2.085637e+003,9.927222e+001
2.086119e+003,9.919271e+001
2.086602e+003,9.915083e+001
2.087083e+003,9.914910e+001
2.087566e+003,9.918263e+001
2.088048e+003,9.924184e+001
2.088530e+003,9.931474e+001
2.089012e+003,9.938920e+001
2.089494e+003,9.945446e+001
2.089976e+003,9.950300e+001
2.090458e+003,9.953225e+001
2.090940e+003,9.954558e+001
2.091423e+003,9.955093e+001
2.091905e+003,9.955840e+001
2.092387e+003,9.957581e+001
2.092869e+003,9.960549e+001
2.093351e+003,9.964282e+001
2.093833e+003,9.967770e+001
2.094315e+003,9.969860e+001
2.094797e+003,9.969833e+001
2.095280e+003,9.967726e+001
2.095762e+003,9.964413e+001
2.096244e+003,9.961210e+001
2.096726e+003,9.959399e+001
2.097208e+003,9.959711e+001
2.097690e+003,9.962119e+001
2.098172e+003,9.965915e+001
2.098654e+003,9.970141e+001
2.099136e+003,9.973862e+001
2.099619e+003,9.976498e+001
2.100101e+003,9.977864e+001
2.100583e+003,9.978051e+001
2.101065e+003,9.977197e+001
2.101547e+003,9.975388e+001
2.102029e+003,9.972623e+001
2.102511e+003,9.968961e+001
2.102993e+003,9.964623e+001
2.103476e+003,9.960025e+001
2.103958e+003,9.955691e+001
2.104440e+003,9.952084e+001
2.104922e+003,9.949484e+001
2.105404e+003,9.947970e+001
2.105886e+003,9.947488e+001
2.106368e+003,9.948005e+001
2.106850e+003,9.949585e+001
2.107333e+003,9.952355e+001
2.107814e+003,9.956324e+001
2.108297e+003,9.961226e+001
2.108779e+003,9.966446e+001
2.109261e+003,9.971169e+001
2.109743e+003,9.974699e+001
2.110225e+003,9.976791e+001
2.110707e+003,9.977818e+001
2.111189e+003,9.978677e+001
2.111671e+003,9.980394e+001
2.112154e+003,9.983680e+001
2.112636e+003,9.988577e+001
2.113118e+003,9.994423e+001
2.113600e+003,1.000011e+002
2.114082e+003,1.000461e+002
2.114564e+003,1.000735e+002
2.115046e+003,1.000849e+002
2.115528e+003,1.000870e+002
2.116011e+003,1.000886e+002
2.116493e+003,1.000961e+002
2.116975e+003,1.001114e+002
2.117457e+003,1.001321e+002
2.117939e+003,1.001541e+002
2.118421e+003,1.001750e+002
2.118903e+003,1.001961e+002
2.119385e+003,1.002218e+002
2.119868e+003,1.002573e+002
2.120350e+003,1.003044e+002
2.120832e+003,1.003597e+002
2.121314e+003,1.004144e+002
2.121796e+003,1.004571e+002
2.122278e+003,1.004779e+002
2.122760e+003,1.004713e+002
2.123242e+003,1.004377e+002
2.123725e+003,1.003827e+002
2.124207e+003,1.003141e+002
2.124689e+003,1.002394e+002
2.125171e+003,1.001648e+002
2.125653e+003,1.000950e+002
2.126135e+003,1.000346e+002
2.126617e+003,9.998905e+001
2.127099e+003,9.996474e+001
2.127582e+003,9.996778e+001
2.128063e+003,1.000018e+002
2.128546e+003,1.000659e+002
2.129028e+003,1.001545e+002
2.129510e+003,1.002583e+002
2.129992e+003,1.003667e+002
2.130474e+003,1.004710e+002
2.130956e+003,1.005649e+002
2.131438e+003,1.006457e+002
2.131920e+003,1.007134e+002
2.132403e+003,1.007695e+002
2.132885e+003,1.008172e+002
2.133367e+003,1.008609e+002
2.133849e+003,1.009059e+002
2.134331e+003,1.009577e+002
2.134813e+003,1.010201e+002
2.135295e+003,1.010938e+002
2.135777e+003,1.011754e+002
2.136260e+003,1.012586e+002
2.136742e+003,1.013355e+002
2.137224e+003,1.014000e+002
2.137706e+003,1.014484e+002
2.138188e+003,1.014797e+002
2.138670e+003,1.014934e+002
2.139152e+003,1.014882e+002
2.139634e+003,1.014619e+002
2.140116e+003,1.014135e+002
2.140599e+003,1.013471e+002
2.141081e+003,1.012737e+002
2.141563e+003,1.012099e+002
2.142045e+003,1.011746e+002
2.142527e+003,1.011803e+002
2.143009e+003,1.012293e+002
2.143491e+003,1.013100e+002
2.143973e+003,1.014009e+002
2.144456e+003,1.014781e+002
2.144938e+003,1.015259e+002
2.145420e+003,1.015438e+002
2.145902e+003,1.015462e+002
2.146384e+003,1.015565e+002
2.146866e+003,1.015967e+002
2.147348e+003,1.016782e+002
2.147830e+003,1.017976e+002
2.148313e+003,1.019386e+002
2.148794e+003,1.020803e+002
2.149277e+003,1.022044e+002
2.149759e+003,1.023002e+002
2.150241e+003,1.023633e+002
2.150723e+003,1.023921e+002
2.151205e+003,1.023845e+002
2.151687e+003,1.023398e+002
2.152169e+003,1.022632e+002
2.152651e+003,1.021733e+002
2.153134e+003,1.021024e+002
2.153616e+003,1.020920e+002
2.154098e+003,1.021804e+002
2.154580e+003,1.023884e+002
2.155062e+003,1.027083e+002
2.155544e+003,1.031018e+002
2.156026e+003,1.035075e+002
2.156508e+003,1.038621e+002
2.156991e+003,1.041195e+002
2.157473e+003,1.042645e+002
2.157955e+003,1.043097e+002
2.158437e+003,1.042803e+002
2.158919e+003,1.041959e+002
2.159401e+003,1.040611e+002
2.159883e+003,1.038711e+002
2.160365e+003,1.036274e+002
2.160848e+003,1.033497e+002
2.161330e+003,1.030764e+002
2.161812e+003,1.028520e+002
2.162294e+003,1.027108e+002
2.162776e+003,1.026616e+002
2.163258e+003,1.026817e+002
2.163740e+003,1.027235e+002
2.164222e+003,1.027340e+002
2.164705e+003,1.026753e+002
2.165187e+003,1.025397e+002
2.165669e+003,1.023503e+002
2.166151e+003,1.021496e+002
2.166633e+003,1.019821e+002
2.167115e+003,1.018769e+002
2.167597e+003,1.018389e+002
2.168079e+003,1.018489e+002
2.168562e+003,1.018716e+002
2.169043e+003,1.018678e+002
2.169526e+003,1.018025e+002
2.170008e+003,1.016520e+002
2.170490e+003,1.014058e+002
2.170972e+003,1.010687e+002
2.171454e+003,1.006623e+002
2.171936e+003,1.002241e+002
2.172418e+003,9.980476e+001
2.172900e+003,9.946169e+001
2.173383e+003,9.924805e+001
2.173865e+003,9.920152e+001
2.174347e+003,9.933203e+001
2.174829e+003,9.961524e+001
2.175311e+003,9.999527e+001
2.175793e+003,1.003990e+002
2.176275e+003,1.007564e+002
2.176757e+003,1.010197e+002
2.177240e+003,1.011710e+002
2.177722e+003,1.012201e+002
2.178204e+003,1.011920e+002
2.178686e+003,1.011143e+002
2.179168e+003,1.010052e+002
2.179650e+003,1.008719e+002
2.180132e+003,1.007137e+002
2.180614e+003,1.005300e+002
2.181096e+003,1.003283e+002
2.181579e+003,1.001274e+002
2.182061e+003,9.995451e+001
2.182543e+003,9.983822e+001
2.183025e+003,9.979849e+001
2.183507e+003,9.984076e+001
2.183989e+003,9.995342e+001
2.184471e+003,1.001112e+002
2.184953e+003,1.002797e+002
2.185436e+003,1.004232e+002
2.185917e+003,1.005103e+002
2.186400e+003,1.005215e+002
2.186882e+003,1.004541e+002
2.187364e+003,1.003237e+002
2.187846e+003,1.001610e+002
2.188328e+003,1.000037e+002
2.188810e+003,9.988550e+001
2.189292e+003,9.982698e+001
2.189774e+003,9.982948e+001
2.190257e+003,9.987526e+001
2.190739e+003,9.993446e+001
2.191221e+003,9.997736e+001
2.191703e+003,9.998544e+001
2.192185e+003,9.995935e+001
2.192667e+003,9.991666e+001
2.193149e+003,9.988402e+001
2.193631e+003,9.988448e+001
2.194114e+003,9.992699e+001
2.194596e+003,1.000012e+002
2.195078e+003,1.000815e+002
2.195560e+003,1.001369e+002
2.196042e+003,1.001435e+002
2.196524e+003,1.000926e+002
2.197006e+003,9.999377e+001
2.197488e+003,9.986948e+001
2.197970e+003,9.974667e+001
2.198453e+003,9.964641e+001
2.198935e+003,9.957821e+001
2.199417e+003,9.953867e+001
2.199899e+003,9.951704e+001
2.200381e+003,9.950126e+001
2.200863e+003,9.948446e+001
2.201345e+003,9.946714e+001
2.201827e+003,9.945614e+001
2.202310e+003,9.946049e+001
2.202792e+003,9.948689e+001
2.203274e+003,9.953680e+001
2.203756e+003,9.960652e+001
2.204238e+003,9.968792e+001
2.204720e+003,9.977184e+001
2.205202e+003,9.985001e+001
2.205684e+003,9.991689e+001
2.206167e+003,9.996964e+001
2.206648e+003,1.000083e+002
2.207131e+003,1.000344e+002
2.207613e+003,1.000509e+002
2.208095e+003,1.000603e+002
2.208577e+003,1.000650e+002
2.209059e+003,1.000662e+002
2.209541e+003,1.000637e+002
2.210023e+003,1.000553e+002
2.210505e+003,1.000377e+002
2.210988e+003,1.000072e+002
2.211470e+003,9.996109e+001
2.211952e+003,9.989893e+001
2.212434e+003,9.982395e+001
2.212916e+003,9.974287e+001
2.213398e+003,9.966530e+001
2.213880e+003,9.960183e+001
2.214362e+003,9.956174e+001
2.214845e+003,9.955118e+001
2.215327e+003,9.957184e+001
2.215809e+003,9.962110e+001
2.216291e+003,9.969309e+001
2.216773e+003,9.977985e+001
2.217255e+003,9.987281e+001
2.217737e+003,9.996381e+001
2.218219e+003,1.000456e+002
2.218702e+003,1.001115e+002
2.219184e+003,1.001555e+002
2.219666e+003,1.001718e+002
2.220148e+003,1.001562e+002
2.220630e+003,1.001072e+002
2.221112e+003,1.000279e+002
2.221594e+003,9.992670e+001
2.222076e+003,9.981625e+001
2.222559e+003,9.971111e+001
2.223041e+003,9.962491e+001
2.223523e+003,9.956754e+001
2.224005e+003,9.954423e+001
2.224487e+003,9.955573e+001
2.224969e+003,9.959978e+001
2.225451e+003,9.967253e+001
2.225933e+003,9.976960e+001
2.226416e+003,9.988562e+001
2.226897e+003,1.000133e+002
2.227380e+003,1.001422e+002
2.227862e+003,1.002591e+002
2.228344e+003,1.003504e+002
2.228826e+003,1.004057e+002
2.229308e+003,1.004218e+002
2.229790e+003,1.004050e+002
2.230272e+003,1.003687e+002
2.230754e+003,1.003304e+002
2.231237e+003,1.003051e+002
2.231719e+003,1.003003e+002
2.232201e+003,1.003140e+002
2.232683e+003,1.003363e+002
2.233165e+003,1.003541e+002
2.233647e+003,1.003569e+002
2.234129e+003,1.003409e+002
2.234611e+003,1.003104e+002
2.235094e+003,1.002747e+002
2.235576e+003,1.002446e+002
2.236058e+003,1.002283e+002
2.236540e+003,1.002293e+002
2.237022e+003,1.002466e+002
2.237504e+003,1.002770e+002
2.237986e+003,1.003167e+002
2.238468e+003,1.003626e+002
2.238950e+003,1.004119e+002
2.239433e+003,1.004603e+002
2.239915e+003,1.005011e+002
2.240397e+003,1.005254e+002
2.240879e+003,1.005240e+002
2.241361e+003,1.004910e+002
2.241843e+003,1.004259e+002
2.242325e+003,1.003349e+002
2.242807e+003,1.002292e+002
2.243290e+003,1.001227e+002
2.243771e+003,1.000279e+002
2.244254e+003,9.995348e+001
2.244736e+003,9.990313e+001
2.245218e+003,9.987611e+001
2.245700e+003,9.986845e+001
2.246182e+003,9.987500e+001
2.246664e+003,9.989017e+001
2.247146e+003,9.990887e+001
2.247628e+003,9.992635e+001
2.248111e+003,9.993879e+001
2.248593e+003,9.994381e+001
2.249075e+003,9.994138e+001
2.249557e+003,9.993394e+001
2.250039e+003,9.992630e+001
2.250521e+003,9.992386e+001
2.251003e+003,9.993151e+001
2.251485e+003,9.995152e+001
2.251968e+003,9.998337e+001
2.252450e+003,1.000236e+002
2.252932e+003,1.000673e+002
2.253414e+003,1.001094e+002
2.253896e+003,1.001455e+002
2.254378e+003,1.001722e+002
2.254860e+003,1.001872e+002
2.255342e+003,1.001886e+002
2.255824e+003,1.001757e+002
2.256307e+003,1.001490e+002
2.256789e+003,1.001110e+002
2.257271e+003,1.000660e+002
2.257753e+003,1.000196e+002
2.258235e+003,9.997688e+001
2.258717e+003,9.994115e+001
2.259199e+003,9.991281e+001
2.259681e+003,9.988944e+001
2.260164e+003,9.986658e+001
2.260646e+003,9.983987e+001
2.261128e+003,9.980647e+001
2.261610e+003,9.976665e+001
2.262092e+003,9.972353e+001
2.262574e+003,9.968241e+001
2.263056e+003,9.964903e+001
2.263538e+003,9.962775e+001
2.264021e+003,9.962008e+001
2.264502e+003,9.962394e+001
2.264985e+003,9.963375e+001
2.265467e+003,9.964182e+001
2.265949e+003,9.963998e+001
2.266431e+003,9.962226e+001
2.266913e+003,9.958678e+001
2.267395e+003,9.953722e+001
2.267877e+003,9.948231e+001
2.268359e+003,9.943384e+001
2.268842e+003,9.940325e+001
2.269324e+003,9.939780e+001
2.269806e+003,9.941816e+001
2.270288e+003,9.945786e+001
2.270770e+003,9.950530e+001
2.271252e+003,9.954774e+001
2.271734e+003,9.957531e+001
2.272216e+003,9.958443e+001
2.272699e+003,9.957801e+001
2.273181e+003,9.956325e+001
2.273663e+003,9.954808e+001
2.274145e+003,9.953763e+001
2.274627e+003,9.953218e+001
2.275109e+003,9.952803e+001
2.275591e+003,9.951988e+001
2.276073e+003,9.950417e+001
2.276556e+003,9.948122e+001
2.277038e+003,9.945522e+001
2.277520e+003,9.943237e+001
2.278002e+003,9.941811e+001
2.278484e+003,9.941465e+001
2.278966e+003,9.942052e+001
2.279448e+003,9.943153e+001
2.279930e+003,9.944360e+001
2.280413e+003,9.945465e+001
2.280895e+003,9.946582e+001
2.281377e+003,9.948048e+001
2.281859e+003,9.950216e+001
2.282341e+003,9.953218e+001
2.282823e+003,9.956846e+001
2.283305e+003,9.960558e+001
2.283787e+003,9.963702e+001
2.284270e+003,9.965718e+001
2.284751e+003,9.966353e+001
2.285234e+003,9.965717e+001
2.285716e+003,9.964208e+001
2.286198e+003,9.962328e+001
2.286680e+003,9.960512e+001
2.287162e+003,9.958990e+001
2.287644e+003,9.957748e+001
2.288126e+003,9.956598e+001
2.288608e+003,9.955255e+001
2.289091e+003,9.953426e+001
2.289573e+003,9.950915e+001
2.290055e+003,9.947633e+001
2.290537e+003,9.943661e+001
2.291019e+003,9.939247e+001
2.291501e+003,9.934811e+001
2.291983e+003,9.930890e+001
2.292465e+003,9.928046e+001
2.292948e+003,9.926717e+001
2.293430e+003,9.927096e+001
2.293912e+003,9.929031e+001
2.294394e+003,9.932032e+001
2.294876e+003,9.935397e+001
2.295358e+003,9.938377e+001
2.295840e+003,9.940372e+001
2.296322e+003,9.941056e+001
2.296804e+003,9.940385e+001
2.297287e+003,9.938528e+001
2.297769e+003,9.935729e+001
2.298251e+003,9.932222e+001
2.298733e+003,9.928188e+001
2.299215e+003,9.923795e+001
2.299697e+003,9.919282e+001
2.300179e+003,9.915028e+001
2.300661e+003,9.911523e+001
2.301144e+003,9.909295e+001
2.301625e+003,9.908739e+001
2.302108e+003,9.909978e+001
2.302590e+003,9.912781e+001
2.303072e+003,9.916612e+001
2.303554e+003,9.920765e+001
2.304036e+003,9.924549e+001
2.304518e+003,9.927448e+001
2.305000e+003,9.929212e+001
2.305482e+003,9.929875e+001
2.305965e+003,9.929668e+001
2.306447e+003,9.928950e+001
2.306929e+003,9.928107e+001
2.307411e+003,9.927501e+001
2.307893e+003,9.927443e+001
2.308375e+003,9.928168e+001
2.308857e+003,9.929816e+001
2.309339e+003,9.932409e+001
2.309822e+003,9.935790e+001
2.310304e+003,9.939664e+001
2.310786e+003,9.943575e+001
2.311268e+003,9.947040e+001
2.311750e+003,9.949637e+001
2.312232e+003,9.951111e+001
2.312714e+003,9.951462e+001
2.313196e+003,9.950932e+001
2.313678e+003,9.949947e+001
2.314161e+003,9.949001e+001
2.314643e+003,9.948558e+001
2.315125e+003,9.948947e+001
2.315607e+003,9.950356e+001
2.316089e+003,9.952803e+001
2.316571e+003,9.956197e+001
2.317053e+003,9.960345e+001
2.317535e+003,9.964999e+001
2.318018e+003,9.969851e+001
2.318500e+003,9.974560e+001
2.318982e+003,9.978768e+001
2.319464e+003,9.982138e+001
2.319946e+003,9.984407e+001
2.320428e+003,9.985441e+001
2.320910e+003,9.985244e+001
2.321392e+003,9.984000e+001
2.321875e+003,9.981988e+001
2.322356e+003,9.979564e+001
2.322839e+003,9.977046e+001
2.323321e+003,9.974695e+001
2.323803e+003,9.972669e+001
2.324285e+003,9.971068e+001
2.324767e+003,9.969945e+001
2.325249e+003,9.969347e+001
2.325731e+003,9.969315e+001
2.326213e+003,9.969897e+001
2.326696e+003,9.971122e+001
2.327178e+003,9.972985e+001
2.327660e+003,9.975394e+001
2.328142e+003,9.978152e+001
2.328624e+003,9.980966e+001
2.329106e+003,9.983475e+001
2.329588e+003,9.985359e+001
2.330070e+003,9.986456e+001
2.330553e+003,9.986824e+001
2.331035e+003,9.986777e+001
2.331517e+003,9.986790e+001
2.331999e+003,9.987385e+001
2.332481e+003,9.988953e+001
2.332963e+003,9.991582e+001
2.333445e+003,9.994939e+001
2.333927e+003,9.998285e+001
2.334410e+003,1.000061e+002
2.334892e+003,1.000088e+002
2.335374e+003,9.998292e+001
2.335856e+003,9.992594e+001
2.336338e+003,9.984251e+001
2.336820e+003,9.974425e+001
2.337302e+003,9.964763e+001
2.337784e+003,9.957008e+001
2.338267e+003,9.952541e+001
2.338749e+003,9.952020e+001
2.339231e+003,9.955231e+001
2.339713e+003,9.961202e+001
2.340195e+003,9.968513e+001
2.340677e+003,9.975761e+001
2.341159e+003,9.981966e+001
2.341641e+003,9.986777e+001
2.342124e+003,9.990211e+001
2.342605e+003,9.992184e+001
2.343088e+003,9.992213e+001
2.343570e+003,9.989760e+001
2.344052e+003,9.984872e+001
2.344534e+003,9.978526e+001
2.345016e+003,9.972326e+001
2.345498e+003,9.967658e+001
2.345980e+003,9.965005e+001
2.346462e+003,9.963877e+001
2.346945e+003,9.963318e+001
2.347427e+003,9.962485e+001
2.347909e+003,9.960972e+001
2.348391e+003,9.958852e+001
2.348873e+003,9.956455e+001
2.349355e+003,9.954140e+001
2.349837e+003,9.952062e+001
2.350319e+003,9.950026e+001
2.350802e+003,9.947462e+001
2.351284e+003,9.943610e+001
2.351766e+003,9.937939e+001
2.352248e+003,9.930734e+001
2.352730e+003,9.923283e+001
2.353212e+003,9.917377e+001
2.353694e+003,9.914306e+001
2.354176e+003,9.914230e+001
2.354658e+003,9.916317e+001
2.355141e+003,9.919386e+001
2.355623e+003,9.922533e+001
2.356105e+003,9.925389e+001
2.356587e+003,9.927864e+001
2.357069e+003,9.929784e+001
2.357551e+003,9.930847e+001
2.358033e+003,9.930939e+001
2.358515e+003,9.930465e+001
2.358998e+003,9.930070e+001
2.359479e+003,9.929775e+001
2.359962e+003,9.928559e+001
2.360444e+003,9.925436e+001
2.360926e+003,9.920740e+001
2.361408e+003,9.916054e+001
2.361890e+003,9.913202e+001
2.362372e+003,9.913672e+001
2.362854e+003,9.918158e+001
2.363336e+003,9.925969e+001
2.363819e+003,9.935176e+001
2.364301e+003,9.943266e+001
2.364783e+003,9.948099e+001
2.365265e+003,9.948560e+001
2.365747e+003,9.944942e+001
2.366229e+003,9.938726e+001
2.366711e+003,9.931985e+001
2.367193e+003,9.926623e+001
2.367676e+003,9.923839e+001
2.368158e+003,9.923986e+001
2.368640e+003,9.926719e+001
2.369122e+003,9.931280e+001
2.369604e+003,9.936765e+001
2.370086e+003,9.942284e+001
2.370568e+003,9.947055e+001
2.371050e+003,9.950459e+001
2.371532e+003,9.952107e+001
2.372015e+003,9.951926e+001
2.372497e+003,9.950195e+001
2.372979e+003,9.947475e+001
2.373461e+003,9.944471e+001
2.373943e+003,9.941773e+001
2.374425e+003,9.939733e+001
2.374907e+003,9.938346e+001
2.375390e+003,9.937337e+001
2.375872e+003,9.936318e+001
2.376354e+003,9.934990e+001
2.376836e+003,9.933229e+001
2.377318e+003,9.931143e+001
2.377800e+003,9.928970e+001
2.378282e+003,9.926970e+001
2.378764e+003,9.925321e+001
2.379247e+003,9.924097e+001
2.379729e+003,9.923298e+001
2.380211e+003,9.922923e+001
2.380693e+003,9.922995e+001
2.381175e+003,9.923576e+001
2.381657e+003,9.924705e+001
2.382139e+003,9.926357e+001
2.382621e+003,9.928401e+001
2.383104e+003,9.930651e+001
2.383585e+003,9.932938e+001
2.384068e+003,9.935168e+001
2.384550e+003,9.937375e+001
2.385032e+003,9.939682e+001
2.385514e+003,9.942216e+001
2.385996e+003,9.945036e+001
2.386478e+003,9.948069e+001
2.386960e+003,9.951144e+001
2.387442e+003,9.954083e+001
2.387925e+003,9.956783e+001
2.388407e+003,9.959276e+001
2.388889e+003,9.961715e+001
2.389371e+003,9.964274e+001
2.389853e+003,9.967052e+001
2.390335e+003,9.969995e+001
2.390817e+003,9.972897e+001
2.391299e+003,9.975474e+001
2.391781e+003,9.977479e+001
2.392264e+003,9.978792e+001
2.392746e+003,9.979438e+001
2.393228e+003,9.979544e+001
2.393710e+003,9.979250e+001
2.394192e+003,9.978645e+001
2.394674e+003,9.977762e+001
2.395156e+003,9.976614e+001
2.395638e+003,9.975288e+001
2.396121e+003,9.973974e+001
2.396603e+003,9.972956e+001
2.397085e+003,9.972531e+001
2.397567e+003,9.972907e+001
2.398049e+003,9.974113e+001
2.398531e+003,9.975999e+001
2.399013e+003,9.978311e+001
2.399495e+003,9.980777e+001
2.399978e+003,9.983231e+001
2.400459e+003,9.985672e+001
2.400942e+003,9.987973e+001
2.401424e+003,9.990083e+001
2.401906e+003,9.991841e+001
2.402388e+003,9.992957e+001
2.402870e+003,9.993082e+001
2.403352e+003,9.991955e+001
2.403834e+003,9.989519e+001
2.404316e+003,9.986003e+001
2.404799e+003,9.981851e+001
2.405281e+003,9.977637e+001
2.405763e+003,9.973891e+001
2.406245e+003,9.971004e+001
2.406727e+003,9.969173e+001
2.407209e+003,9.968422e+001
2.407691e+003,9.968674e+001
2.408173e+003,9.969812e+001
2.408656e+003,9.971673e+001
2.409138e+003,9.974078e+001
2.409620e+003,9.976791e+001
2.410102e+003,9.979544e+001
2.410584e+003,9.982069e+001
2.411066e+003,9.984178e+001
2.411548e+003,9.985765e+001
2.412030e+003,9.986841e+001
2.412512e+003,9.987453e+001
2.412995e+003,9.987645e+001
2.413477e+003,9.987416e+001
2.413959e+003,9.986740e+001
2.414441e+003,9.985611e+001
2.414923e+003,9.984126e+001
2.415405e+003,9.982489e+001
2.415887e+003,9.980973e+001
2.416369e+003,9.979805e+001
2.416852e+003,9.979069e+001
2.417333e+003,9.978631e+001
2.417816e+003,9.978195e+001
2.418298e+003,9.977428e+001
2.418780e+003,9.976129e+001
2.419262e+003,9.974327e+001
2.419744e+003,9.972299e+001
2.420226e+003,9.970440e+001
2.420708e+003,9.969094e+001
2.421190e+003,9.968410e+001
2.421673e+003,9.968266e+001
2.422155e+003,9.968344e+001
2.422637e+003,9.968279e+001
2.423119e+003,9.967813e+001
2.423601e+003,9.966904e+001
2.424083e+003,9.965675e+001
2.424565e+003,9.964338e+001
2.425047e+003,9.963052e+001
2.425530e+003,9.961839e+001
2.426012e+003,9.960580e+001
2.426494e+003,9.959103e+001
2.426976e+003,9.957260e+001
2.427458e+003,9.955016e+001
2.427940e+003,9.952433e+001
2.428422e+003,9.949625e+001
2.428904e+003,9.946707e+001
2.429387e+003,9.943762e+001
2.429869e+003,9.940868e+001
2.430351e+003,9.938158e+001
2.430833e+003,9.935852e+001
2.431315e+003,9.934216e+001
2.431797e+003,9.933483e+001
2.432279e+003,9.933716e+001
2.432761e+003,9.934734e+001
2.433244e+003,9.936141e+001
2.433726e+003,9.937448e+001
2.434208e+003,9.938279e+001
2.434690e+003,9.938519e+001
2.435172e+003,9.938360e+001
2.435654e+003,9.938196e+001
2.436136e+003,9.938421e+001
2.436618e+003,9.939208e+001
2.437101e+003,9.940410e+001
2.437583e+003,9.941585e+001
2.438065e+003,9.942197e+001
2.438547e+003,9.941827e+001
2.439029e+003,9.940358e+001
2.439511e+003,9.937992e+001
2.439993e+003,9.935138e+001
2.440475e+003,9.932215e+001
2.440958e+003,9.929491e+001
2.441439e+003,9.926994e+001
2.441922e+003,9.924590e+001
2.442404e+003,9.922124e+001
2.442886e+003,9.919551e+001
2.443368e+003,9.917008e+001
2.443850e+003,9.914752e+001
2.444332e+003,9.913023e+001
2.444814e+003,9.911905e+001
2.445296e+003,9.911248e+001
2.445779e+003,9.910715e+001
2.446261e+003,9.909895e+001
2.446743e+003,9.908482e+001
2.447225e+003,9.906369e+001
2.447707e+003,9.903697e+001
2.448189e+003,9.900787e+001
2.448671e+003,9.898040e+001
2.449153e+003,9.895825e+001
2.449635e+003,9.894424e+001
2.450118e+003,9.894009e+001
2.450600e+003,9.894656e+001
2.451082e+003,9.896327e+001
2.451564e+003,9.898875e+001
2.452046e+003,9.902006e+001
2.452528e+003,9.905299e+001
2.453010e+003,9.908249e+001
2.453492e+003,9.910389e+001
2.453975e+003,9.911426e+001
2.454457e+003,9.911335e+001
2.454939e+003,9.910390e+001
2.455421e+003,9.909103e+001
2.455903e+003,9.908093e+001
2.456385e+003,9.907938e+001
2.456867e+003,9.909042e+001
2.457349e+003,9.911584e+001
2.457832e+003,9.915514e+001
2.458313e+003,9.920598e+001
2.458796e+003,9.926460e+001
2.459278e+003,9.932629e+001
2.459760e+003,9.938573e+001
2.460242e+003,9.943732e+001
2.460724e+003,9.947593e+001
2.461206e+003,9.949792e+001
2.461688e+003,9.950200e+001
2.462170e+003,9.948981e+001
2.462653e+003,9.946586e+001
2.463135e+003,9.943654e+001
2.463617e+003,9.940863e+001
2.464099e+003,9.938780e+001
2.464581e+003,9.937733e+001
2.465063e+003,9.937762e+001
2.465545e+003,9.938647e+001
2.466027e+003,9.940017e+001
2.466510e+003,9.941446e+001
2.466992e+003,9.942595e+001
2.467474e+003,9.943266e+001
2.467956e+003,9.943450e+001
2.468438e+003,9.943304e+001
2.468920e+003,9.943111e+001
2.469402e+003,9.943182e+001
2.469884e+003,9.943788e+001
2.470367e+003,9.945048e+001
2.470849e+003,9.946893e+001
2.471331e+003,9.949062e+001
2.471813e+003,9.951152e+001
2.472295e+003,9.952734e+001
2.472777e+003,9.953481e+001
2.473259e+003,9.953258e+001
2.473741e+003,9.952179e+001
2.474224e+003,9.950540e+001
2.474706e+003,9.948734e+001
2.475188e+003,9.947108e+001
2.475670e+003,9.945873e+001
2.476152e+003,9.945045e+001
2.476634e+003,9.944473e+001
2.477116e+003,9.943906e+001
2.477598e+003,9.943094e+001
2.478081e+003,9.941848e+001
2.478563e+003,9.940097e+001
2.479044e+003,9.937871e+001
2.479527e+003,9.935297e+001
2.480009e+003,9.932568e+001
2.480491e+003,9.929906e+001
2.480973e+003,9.927547e+001
2.481455e+003,9.925734e+001
2.481938e+003,9.924664e+001
2.482419e+003,9.924487e+001
2.482901e+003,9.925258e+001
2.483384e+003,9.926926e+001
2.483866e+003,9.929322e+001
2.484348e+003,9.932155e+001
2.484830e+003,9.935043e+001
2.485312e+003,9.937552e+001
2.485794e+003,9.939240e+001
2.486276e+003,9.939754e+001
2.486758e+003,9.938918e+001
2.487241e+003,9.936809e+001
2.487723e+003,9.933794e+001
2.488205e+003,9.930481e+001
2.488687e+003,9.927582e+001
2.489169e+003,9.925722e+001
2.489651e+003,9.925240e+001
2.490133e+003,9.926075e+001
2.490615e+003,9.927770e+001
2.491098e+003,9.929622e+001
2.491580e+003,9.930910e+001
2.492062e+003,9.931152e+001
2.492544e+003,9.930244e+001
2.493026e+003,9.928466e+001
2.493508e+003,9.926338e+001
2.493990e+003,9.924393e+001
2.494472e+003,9.922980e+001
2.494955e+003,9.922157e+001
2.495437e+003,9.921733e+001
2.495918e+003,9.921419e+001
2.496401e+003,9.920995e+001
2.496883e+003,9.920443e+001
2.497365e+003,9.919942e+001
2.497847e+003,9.919785e+001
2.498329e+003,9.920221e+001
2.498812e+003,9.921326e+001
2.499293e+003,9.922935e+001
2.499775e+003,9.924707e+001
2.500258e+003,9.926233e+001
2.500740e+003,9.927171e+001
2.501222e+003,9.927339e+001
2.501704e+003,9.926744e+001
2.502186e+003,9.925542e+001
2.502668e+003,9.923981e+001
2.503150e+003,9.922332e+001
2.503632e+003,9.920845e+001
2.504115e+003,9.919724e+001
2.504597e+003,9.919110e+001
2.505079e+003,9.919053e+001
2.505561e+003,9.919505e+001
2.506043e+003,9.920302e+001
2.506525e+003,9.921209e+001
2.507007e+003,9.921958e+001
2.507489e+003,9.922353e+001
2.507972e+003,9.922312e+001
2.508454e+003,9.921906e+001
2.508936e+003,9.921296e+001
2.509418e+003,9.920664e+001
2.509900e+003,9.920129e+001
2.510382e+003,9.919724e+001
2.510864e+003,9.919370e+001
2.511346e+003,9.918967e+001
2.511829e+003,9.918455e+001
2.512311e+003,9.917852e+001
2.512793e+003,9.917239e+001
2.513275e+003,9.916702e+001
2.513757e+003,9.916270e+001
2.514239e+003,9.915877e+001
2.514721e+003,9.915372e+001
2.515203e+003,9.914605e+001
2.515686e+003,9.913509e+001
2.516167e+003,9.912154e+001
2.516650e+003,9.910767e+001
2.517132e+003,9.909641e+001
2.517614e+003,9.909052e+001
2.518096e+003,9.909167e+001
2.518578e+003,9.909988e+001
2.519060e+003,9.911382e+001
2.519542e+003,9.913122e+001
2.520024e+003,9.914957e+001
2.520507e+003,9.916659e+001
2.520989e+003,9.918040e+001
2.521471e+003,9.918945e+001
2.521953e+003,9.919267e+001
2.522435e+003,9.918951e+001
2.522917e+003,9.918038e+001
2.523399e+003,9.916686e+001
2.523881e+003,9.915187e+001
2.524364e+003,9.913890e+001
2.524846e+003,9.913148e+001
2.525328e+003,9.913185e+001
2.525810e+003,9.914059e+001
2.526292e+003,9.915620e+001
2.526774e+003,9.917572e+001
2.527256e+003,9.919567e+001
2.527738e+003,9.921303e+001
2.528221e+003,9.922564e+001
2.528703e+003,9.923277e+001
2.529185e+003,9.923458e+001
2.529667e+003,9.923204e+001
2.530149e+003,9.922643e+001
2.530631e+003,9.921917e+001
2.531113e+003,9.921184e+001
2.531595e+003,9.920599e+001
2.532078e+003,9.920288e+001
2.532560e+003,9.920322e+001
2.533042e+003,9.920680e+001
2.533524e+003,9.921264e+001
2.534006e+003,9.921928e+001
2.534488e+003,9.922536e+001
2.534970e+003,9.923033e+001
2.535452e+003,9.923484e+001
2.535935e+003,9.924037e+001
2.536417e+003,9.924870e+001
2.536898e+003,9.926105e+001
2.537381e+003,9.927740e+001
2.537863e+003,9.929630e+001
2.538345e+003,9.931526e+001
2.538827e+003,9.933163e+001
2.539309e+003,9.934364e+001
2.539792e+003,9.935075e+001
2.540273e+003,9.935418e+001
2.540755e+003,9.935619e+001
2.541238e+003,9.935944e+001
2.541720e+003,9.936613e+001
2.542202e+003,9.937718e+001
2.542684e+003,9.939211e+001
2.543166e+003,9.940892e+001
2.543648e+003,9.942459e+001
2.544130e+003,9.943590e+001
2.544612e+003,9.944011e+001
2.545095e+003,9.943565e+001
2.545577e+003,9.942262e+001
2.546059e+003,9.940275e+001
2.546541e+003,9.937893e+001
2.547023e+003,9.935448e+001
2.547505e+003,9.933194e+001
2.547987e+003,9.931266e+001
2.548469e+003,9.929633e+001
2.548952e+003,9.928153e+001
2.549434e+003,9.926650e+001
2.549916e+003,9.925002e+001
2.550398e+003,9.923215e+001
2.550880e+003,9.921433e+001
2.551362e+003,9.919884e+001
2.551844e+003,9.918787e+001
2.552326e+003,9.918277e+001
2.552809e+003,9.918336e+001
2.553291e+003,9.918808e+001
2.553772e+003,9.919447e+001
2.554255e+003,9.919978e+001
2.554737e+003,9.920177e+001
2.555219e+003,9.919902e+001
2.555701e+003,9.919108e+001
2.556183e+003,9.917844e+001
2.556666e+003,9.916228e+001
2.557147e+003,9.914446e+001
2.557629e+003,9.912740e+001
2.558112e+003,9.911365e+001
2.558594e+003,9.910566e+001
2.559076e+003,9.910489e+001
2.559558e+003,9.911153e+001
2.560040e+003,9.912411e+001
2.560522e+003,9.913999e+001
2.561004e+003,9.915596e+001
2.561486e+003,9.916917e+001
2.561969e+003,9.917805e+001
2.562451e+003,9.918263e+001
2.562933e+003,9.918416e+001
2.563415e+003,9.918451e+001
2.563897e+003,9.918534e+001
2.564379e+003,9.918753e+001
2.564861e+003,9.919095e+001
2.565343e+003,9.919476e+001
2.565826e+003,9.919798e+001
2.566308e+003,9.919983e+001
2.566790e+003,9.919998e+001
2.567272e+003,9.919849e+001
2.567754e+003,9.919546e+001
2.568236e+003,9.919094e+001
2.568718e+003,9.918487e+001
2.569200e+003,9.917703e+001
2.569683e+003,9.916746e+001
2.570165e+003,9.915662e+001
2.570647e+003,9.914536e+001
2.571129e+003,9.913495e+001
2.571611e+003,9.912685e+001
2.572093e+003,9.912273e+001
2.572575e+003,9.912389e+001
2.573057e+003,9.913130e+001
2.573540e+003,9.914520e+001
2.574021e+003,9.916501e+001
2.574504e+003,9.918896e+001
2.574986e+003,9.921452e+001
2.575468e+003,9.923872e+001
2.575950e+003,9.925901e+001
2.576432e+003,9.927388e+001
2.576914e+003,9.928339e+001
2.577396e+003,9.928915e+001
2.577878e+003,9.929350e+001
2.578361e+003,9.929855e+001
2.578843e+003,9.930525e+001
2.579325e+003,9.931325e+001
2.579807e+003,9.932099e+001
2.580289e+003,9.932669e+001
2.580771e+003,9.932952e+001
2.581253e+003,9.933002e+001
2.581735e+003,9.933010e+001
2.582218e+003,9.933214e+001
2.582700e+003,9.933791e+001
2.583182e+003,9.934750e+001
2.583664e+003,9.935915e+001
2.584146e+003,9.936967e+001
2.584628e+003,9.937576e+001
2.585110e+003,9.937506e+001
2.585592e+003,9.936709e+001
2.586075e+003,9.935315e+001
2.586557e+003,9.933582e+001
2.587039e+003,9.931796e+001
2.587521e+003,9.930193e+001
2.588003e+003,9.928882e+001
2.588485e+003,9.927882e+001
2.588967e+003,9.927141e+001
2.589449e+003,9.926582e+001
2.589932e+003,9.926126e+001
2.590414e+003,9.925699e+001
2.590896e+003,9.925244e+001
2.591378e+003,9.924718e+001
2.591860e+003,9.924106e+001
2.592342e+003,9.923459e+001
2.592824e+003,9.922886e+001
2.593306e+003,9.922544e+001
2.593789e+003,9.922579e+001
2.594271e+003,9.923066e+001
2.594752e+003,9.923938e+001
2.595235e+003,9.924998e+001
2.595717e+003,9.925951e+001
2.596199e+003,9.926482e+001
2.596681e+003,9.926353e+001
2.597163e+003,9.925472e+001
2.597646e+003,9.923890e+001
2.598127e+003,9.921785e+001
2.598609e+003,9.919396e+001
2.599092e+003,9.916977e+001
2.599574e+003,9.914748e+001
2.600056e+003,9.912901e+001
2.600538e+003,9.911594e+001
2.601020e+003,9.910958e+001
2.601502e+003,9.911064e+001
2.601984e+003,9.911904e+001
2.602466e+003,9.913353e+001
2.602949e+003,9.915176e+001
2.603431e+003,9.917051e+001
2.603913e+003,9.918657e+001
2.604395e+003,9.919724e+001
2.604877e+003,9.920121e+001
2.605359e+003,9.919852e+001
2.605841e+003,9.919054e+001
2.606323e+003,9.917947e+001
2.606806e+003,9.916759e+001
2.607288e+003,9.915691e+001
2.607770e+003,9.914883e+001
2.608252e+003,9.914379e+001
2.608734e+003,9.914154e+001
2.609216e+003,9.914120e+001
2.609698e+003,9.914147e+001
2.610180e+003,9.914093e+001
2.610663e+003,9.913860e+001
2.611145e+003,9.913395e+001
2.611626e+003,9.912738e+001
2.612109e+003,9.911991e+001
2.612591e+003,9.911285e+001
2.613073e+003,9.910731e+001
2.613555e+003,9.910365e+001
2.614037e+003,9.910146e+001
2.614520e+003,9.909972e+001
2.615001e+003,9.909727e+001
2.615483e+003,9.909348e+001
2.615966e+003,9.908847e+001
2.616448e+003,9.908302e+001
2.616930e+003,9.907819e+001
2.617412e+003,9.907472e+001
2.617894e+003,9.907263e+001
2.618376e+003,9.907135e+001
2.618858e+003,9.907014e+001
2.619340e+003,9.906870e+001
2.619823e+003,9.906741e+001
2.620305e+003,9.906763e+001
2.620787e+003,9.907079e+001
2.621269e+003,9.907787e+001
2.621751e+003,9.908868e+001
2.622233e+003,9.910174e+001
2.622715e+003,9.911469e+001
2.623198e+003,9.912521e+001
2.623680e+003,9.913187e+001
2.624162e+003,9.913468e+001
2.624644e+003,9.913488e+001
2.625126e+003,9.913435e+001
2.625608e+003,9.913470e+001
2.626090e+003,9.913670e+001
2.626572e+003,9.913988e+001
2.627055e+003,9.914324e+001
2.627537e+003,9.914557e+001
2.628019e+003,9.914629e+001
2.628501e+003,9.914555e+001
2.628983e+003,9.914418e+001
2.629465e+003,9.914310e+001
2.629947e+003,9.914296e+001
2.630429e+003,9.914378e+001
2.630912e+003,9.914528e+001
2.631394e+003,9.914716e+001
2.631875e+003,9.914950e+001
2.632358e+003,9.915293e+001
2.632840e+003,9.915846e+001
2.633322e+003,9.916692e+001
2.633804e+003,9.917846e+001
2.634286e+003,9.919231e+001
2.634769e+003,9.920686e+001
2.635250e+003,9.922005e+001
2.635732e+003,9.923017e+001
2.636215e+003,9.923629e+001
2.636697e+003,9.923862e+001
2.637179e+003,9.923840e+001
2.637661e+003,9.923752e+001
2.638143e+003,9.923794e+001
2.638625e+003,9.924121e+001
2.639107e+003,9.924817e+001
2.639589e+003,9.925890e+001
2.640072e+003,9.927277e+001
2.640554e+003,9.928877e+001
2.641036e+003,9.930577e+001
2.641518e+003,9.932274e+001
2.642000e+003,9.933893e+001
2.642482e+003,9.935384e+001
2.642964e+003,9.936729e+001
2.643446e+003,9.937927e+001
2.643929e+003,9.938972e+001
2.644411e+003,9.939864e+001
2.644893e+003,9.940604e+001
2.645375e+003,9.941225e+001
2.645857e+003,9.941770e+001
2.646339e+003,9.942310e+001
2.646821e+003,9.942929e+001
2.647303e+003,9.943686e+001
2.647786e+003,9.944569e+001
2.648268e+003,9.945521e+001
2.648750e+003,9.946410e+001
2.649232e+003,9.947092e+001
2.649714e+003,9.947470e+001
2.650196e+003,9.947530e+001
2.650678e+003,9.947382e+001
2.651160e+003,9.947222e+001
2.651643e+003,9.947280e+001
2.652125e+003,9.947753e+001
2.652606e+003,9.948734e+001
2.653089e+003,9.950191e+001
2.653571e+003,9.951978e+001
2.654053e+003,9.953884e+001
2.654535e+003,9.955696e+001
2.655017e+003,9.957255e+001
2.655500e+003,9.958456e+001
2.655981e+003,9.959277e+001
2.656463e+003,9.959756e+001
2.656946e+003,9.959975e+001
2.657428e+003,9.960046e+001
2.657910e+003,9.960105e+001
2.658392e+003,9.960296e+001
2.658874e+003,9.960750e+001
2.659356e+003,9.961539e+001
2.659838e+003,9.962663e+001
2.660320e+003,9.964026e+001
2.660803e+003,9.965470e+001
2.661285e+003,9.966815e+001
2.661767e+003,9.967925e+001
2.662249e+003,9.968764e+001
2.662731e+003,9.969408e+001
2.663213e+003,9.970007e+001
2.663695e+003,9.970736e+001
2.664177e+003,9.971702e+001
2.664660e+003,9.972925e+001
2.665142e+003,9.974306e+001
2.665624e+003,9.975688e+001
2.666106e+003,9.976901e+001
2.666588e+003,9.977854e+001
2.667070e+003,9.978539e+001
2.667552e+003,9.979048e+001
2.668034e+003,9.979519e+001
2.668517e+003,9.980092e+001
2.668999e+003,9.980860e+001
2.669481e+003,9.981867e+001
2.669963e+003,9.983092e+001
2.670445e+003,9.984493e+001
2.670927e+003,9.986015e+001
2.671409e+003,9.987601e+001
2.671891e+003,9.989195e+001
2.672374e+003,9.990727e+001
2.672855e+003,9.992110e+001
2.673338e+003,9.993256e+001
2.673820e+003,9.994104e+001
2.674302e+003,9.994633e+001
2.674784e+003,9.994872e+001
2.675266e+003,9.994890e+001
2.675748e+003,9.994767e+001
2.676230e+003,9.994572e+001
2.676712e+003,9.994328e+001
2.677195e+003,9.994020e+001
2.677677e+003,9.993623e+001
2.678159e+003,9.993130e+001
2.678641e+003,9.992592e+001
2.679123e+003,9.992120e+001
2.679605e+003,9.991892e+001
2.680087e+003,9.992102e+001
2.680569e+003,9.992900e+001
2.681052e+003,9.994347e+001
2.681534e+003,9.996385e+001
2.682016e+003,9.998819e+001
2.682498e+003,1.000135e+002
2.682980e+003,1.000366e+002
2.683462e+003,1.000547e+002
2.683944e+003,1.000661e+002
2.684426e+003,1.000707e+002
2.684909e+003,1.000700e+002
2.685391e+003,1.000662e+002
2.685873e+003,1.000620e+002
2.686355e+003,1.000592e+002
2.686837e+003,1.000584e+002
2.687319e+003,1.000590e+002
2.687801e+003,1.000597e+002
2.688283e+003,1.000588e+002
2.688766e+003,1.000556e+002
2.689248e+003,1.000505e+002
2.689729e+003,1.000449e+002
2.690212e+003,1.000405e+002
2.690694e+003,1.000389e+002
2.691176e+003,1.000404e+002
2.691658e+003,1.000440e+002
2.692140e+003,1.000478e+002
2.692623e+003,1.000497e+002
2.693104e+003,1.000481e+002
2.693586e+003,1.000429e+002
2.694069e+003,1.000349e+002
2.694551e+003,1.000260e+002
2.695033e+003,1.000181e+002
2.695515e+003,1.000128e+002
2.695997e+003,1.000105e+002
2.696479e+003,1.000105e+002
2.696961e+003,1.000118e+002
2.697443e+003,1.000131e+002
2.697926e+003,1.000135e+002
2.698408e+003,1.000126e+002
2.698890e+003,1.000105e+002
2.699372e+003,1.000075e+002
2.699854e+003,1.000036e+002
2.700336e+003,9.999887e+001
2.700818e+003,9.999312e+001
2.701300e+003,9.998598e+001
2.701783e+003,9.997710e+001
2.702265e+003,9.996617e+001
2.702747e+003,9.995322e+001
2.703229e+003,9.993860e+001
2.703711e+003,9.992312e+001
2.704193e+003,9.990803e+001
2.704675e+003,9.989481e+001
2.705157e+003,9.988478e+001
2.705640e+003,9.987862e+001
2.706122e+003,9.987613e+001
2.706604e+003,9.987592e+001
2.707086e+003,9.987595e+001
2.707568e+003,9.987418e+001
2.708050e+003,9.986938e+001
2.708532e+003,9.986168e+001
2.709014e+003,9.985275e+001
2.709497e+003,9.984519e+001
2.709979e+003,9.984160e+001
2.710460e+003,9.984337e+001
2.710943e+003,9.985014e+001
2.711425e+003,9.985977e+001
2.711907e+003,9.986917e+001
2.712389e+003,9.987550e+001
2.712871e+003,9.987746e+001
2.713354e+003,9.987571e+001
2.713835e+003,9.987263e+001
2.714317e+003,9.987153e+001
2.714800e+003,9.987513e+001
2.715282e+003,9.988462e+001
2.715764e+003,9.989925e+001
2.716246e+003,9.991653e+001
2.716728e+003,9.993324e+001
2.717210e+003,9.994651e+001
2.717692e+003,9.995462e+001
2.718174e+003,9.995745e+001
2.718657e+003,9.995606e+001
2.719139e+003,9.995219e+001
2.719621e+003,9.994752e+001
2.720103e+003,9.994314e+001
2.720585e+003,9.993952e+001
2.721067e+003,9.993652e+001
2.721549e+003,9.993379e+001
2.722031e+003,9.993110e+001
2.722514e+003,9.992841e+001
2.722996e+003,9.992579e+001
2.723478e+003,9.992353e+001
2.723960e+003,9.992175e+001
2.724442e+003,9.992067e+001
2.724924e+003,9.992042e+001
2.725406e+003,9.992120e+001
2.725888e+003,9.992323e+001
2.726371e+003,9.992683e+001
2.726853e+003,9.993221e+001
2.727335e+003,9.993948e+001
2.727817e+003,9.994862e+001
2.728299e+003,9.995943e+001
2.728781e+003,9.997157e+001
2.729263e+003,9.998457e+001
2.729745e+003,9.999778e+001
2.730228e+003,1.000106e+002
2.730709e+003,1.000221e+002
2.731192e+003,1.000318e+002
2.731674e+003,1.000392e+002
2.732156e+003,1.000445e+002
2.732638e+003,1.000480e+002
2.733120e+003,1.000507e+002
2.733602e+003,1.000535e+002
2.734084e+003,1.000571e+002
2.734566e+003,1.000617e+002
2.735049e+003,1.000669e+002
2.735531e+003,1.000717e+002
2.736013e+003,1.000750e+002
2.736495e+003,1.000760e+002
2.736977e+003,1.000746e+002
2.737459e+003,1.000715e+002
2.737941e+003,1.000685e+002
2.738423e+003,1.000672e+002
2.738906e+003,1.000692e+002
2.739388e+003,1.000755e+002
2.739870e+003,1.000858e+002
2.740352e+003,1.000988e+002
2.740834e+003,1.001126e+002
2.741316e+003,1.001251e+002
2.741798e+003,1.001348e+002
2.742280e+003,1.001412e+002
2.742763e+003,1.001446e+002
2.743245e+003,1.001461e+002
2.743727e+003,1.001470e+002
2.744209e+003,1.001484e+002
2.744691e+003,1.001508e+002
2.745173e+003,1.001539e+002
2.745655e+003,1.001575e+002
2.746137e+003,1.001611e+002
2.746620e+003,1.001647e+002
2.747102e+003,1.001688e+002
2.747583e+003,1.001742e+002
2.748066e+003,1.001816e+002
2.748548e+003,1.001912e+002
2.749030e+003,1.002023e+002
2.749512e+003,1.002139e+002
2.749994e+003,1.002245e+002
2.750477e+003,1.002331e+002
2.750958e+003,1.002391e+002
2.751440e+003,1.002431e+002
2.751923e+003,1.002459e+002
2.752405e+003,1.002486e+002
2.752887e+003,1.002518e+002
2.753369e+003,1.002555e+002
2.753851e+003,1.002591e+002
2.754333e+003,1.002615e+002
2.754815e+003,1.002618e+002
2.755297e+003,1.002598e+002
2.755780e+003,1.002559e+002
2.756262e+003,1.002513e+002
2.756744e+003,1.002472e+002
2.757226e+003,1.002450e+002
2.757708e+003,1.002451e+002
2.758190e+003,1.002477e+002
2.758672e+003,1.002521e+002
2.759154e+003,1.002573e+002
2.759637e+003,1.002621e+002
2.760119e+003,1.002657e+002
2.760601e+003,1.002671e+002
2.761083e+003,1.002660e+002
2.761565e+003,1.002625e+002
2.762047e+003,1.002569e+002
2.762529e+003,1.002503e+002
2.763011e+003,1.002441e+002
2.763494e+003,1.002397e+002
2.763976e+003,1.002382e+002
2.764458e+003,1.002399e+002
2.764940e+003,1.002446e+002
2.765422e+003,1.002507e+002
2.765904e+003,1.002565e+002
2.766386e+003,1.002601e+002
2.766868e+003,1.002604e+002
2.767351e+003,1.002571e+002
2.767833e+003,1.002509e+002
2.768314e+003,1.002429e+002
2.768797e+003,1.002349e+002
2.769279e+003,1.002279e+002
2.769761e+003,1.002226e+002
2.770243e+003,1.002191e+002
2.770725e+003,1.002170e+002
2.771208e+003,1.002159e+002
2.771689e+003,1.002157e+002
2.772171e+003,1.002164e+002
2.772654e+003,1.002186e+002
2.773136e+003,1.002225e+002
2.773618e+003,1.002286e+002
2.774100e+003,1.002366e+002
2.774582e+003,1.002461e+002
2.775064e+003,1.002564e+002
2.775546e+003,1.002667e+002
2.776028e+003,1.002764e+002
2.776511e+003,1.002852e+002
2.776993e+003,1.002930e+002
2.777475e+003,1.003000e+002
2.777957e+003,1.003064e+002
2.778439e+003,1.003120e+002
2.778921e+003,1.003169e+002
2.779403e+003,1.003209e+002
2.779885e+003,1.003239e+002
2.780368e+003,1.003260e+002
2.780850e+003,1.003280e+002
2.781332e+003,1.003306e+002
2.781814e+003,1.003349e+002
2.782296e+003,1.003419e+002
2.782778e+003,1.003523e+002
2.783260e+003,1.003660e+002
2.783742e+003,1.003821e+002
2.784225e+003,1.003990e+002
2.784707e+003,1.004146e+002
2.785189e+003,1.004265e+002
2.785671e+003,1.004331e+002
2.786153e+003,1.004333e+002
2.786635e+003,1.004274e+002
2.787117e+003,1.004167e+002
2.787599e+003,1.004033e+002
2.788082e+003,1.003900e+002
2.788563e+003,1.003793e+002
2.789046e+003,1.003734e+002
2.789528e+003,1.003730e+002
2.790010e+003,1.003784e+002
2.790492e+003,1.003884e+002
2.790974e+003,1.004015e+002
2.791456e+003,1.004157e+002
2.791938e+003,1.004293e+002
2.792420e+003,1.004409e+002
2.792903e+003,1.004497e+002
2.793385e+003,1.004552e+002
2.793867e+003,1.004572e+002
2.794349e+003,1.004560e+002
2.794831e+003,1.004520e+002
2.795313e+003,1.004459e+002
2.795795e+003,1.004387e+002
2.796277e+003,1.004317e+002
2.796760e+003,1.004265e+002
2.797242e+003,1.004242e+002
2.797724e+003,1.004257e+002
2.798206e+003,1.004312e+002
2.798688e+003,1.004398e+002
2.799170e+003,1.004504e+002
2.799652e+003,1.004613e+002
2.800134e+003,1.004711e+002
2.800617e+003,1.004788e+002
2.801099e+003,1.004840e+002
2.801581e+003,1.004870e+002
2.802063e+003,1.004883e+002
2.802545e+003,1.004888e+002
2.803027e+003,1.004889e+002
2.803509e+003,1.004891e+002
2.803991e+003,1.004895e+002
2.804474e+003,1.004898e+002
2.804956e+003,1.004899e+002
2.805438e+003,1.004893e+002
2.805920e+003,1.004878e+002
2.806402e+003,1.004854e+002
2.806884e+003,1.004825e+002
2.807366e+003,1.004799e+002
2.807848e+003,1.004787e+002
2.808331e+003,1.004804e+002
2.808813e+003,1.004857e+002
2.809294e+003,1.004951e+002
2.809777e+003,1.005077e+002
2.810259e+003,1.005218e+002
2.810741e+003,1.005352e+002
2.811223e+003,1.005458e+002
2.811705e+003,1.005524e+002
2.812188e+003,1.005551e+002
2.812669e+003,1.005552e+002
2.813151e+003,1.005548e+002
2.813634e+003,1.005562e+002
2.814116e+003,1.005609e+002
2.814598e+003,1.005695e+002
2.815080e+003,1.005813e+002
2.815562e+003,1.005952e+002
2.816044e+003,1.006099e+002
2.816526e+003,1.006241e+002
2.817008e+003,1.006372e+002
2.817491e+003,1.006486e+002
2.817973e+003,1.006576e+002
2.818455e+003,1.006635e+002
2.818937e+003,1.006656e+002
2.819419e+003,1.006633e+002
2.819901e+003,1.006569e+002
2.820383e+003,1.006476e+002
2.820865e+003,1.006378e+002
2.821348e+003,1.006298e+002
2.821830e+003,1.006260e+002
2.822312e+003,1.006274e+002
2.822794e+003,1.006337e+002
2.823276e+003,1.006431e+002
2.823758e+003,1.006529e+002
2.824240e+003,1.006606e+002
2.824722e+003,1.006642e+002
2.825205e+003,1.006633e+002
2.825687e+003,1.006586e+002
2.826168e+003,1.006519e+002
2.826651e+003,1.006455e+002
2.827133e+003,1.006417e+002
2.827615e+003,1.006424e+002
2.828097e+003,1.006484e+002
2.828579e+003,1.006597e+002
2.829062e+003,1.006750e+002
2.829543e+003,1.006924e+002
2.830025e+003,1.007093e+002
2.830508e+003,1.007232e+002
2.830990e+003,1.007319e+002
2.831472e+003,1.007346e+002
2.831954e+003,1.007316e+002
2.832436e+003,1.007248e+002
2.832918e+003,1.007166e+002
2.833400e+003,1.007100e+002
2.833882e+003,1.007071e+002
2.834365e+003,1.007090e+002
2.834847e+003,1.007153e+002
2.835329e+003,1.007244e+002
2.835811e+003,1.007341e+002
2.836293e+003,1.007422e+002
2.836775e+003,1.007472e+002
2.837257e+003,1.007487e+002
2.837739e+003,1.007473e+002
2.838222e+003,1.007446e+002
2.838704e+003,1.007426e+002
2.839186e+003,1.007432e+002
2.839668e+003,1.007472e+002
2.840150e+003,1.007550e+002
2.840632e+003,1.007653e+002
2.841114e+003,1.007764e+002
2.841596e+003,1.007861e+002
2.842079e+003,1.007926e+002
2.842561e+003,1.007945e+002
2.843043e+003,1.007919e+002
2.843525e+003,1.007856e+002
2.844007e+003,1.007772e+002
2.844489e+003,1.007689e+002
2.844971e+003,1.007624e+002
2.845453e+003,1.007594e+002
2.845936e+003,1.007607e+002
2.846417e+003,1.007666e+002
2.846900e+003,1.007769e+002
2.847382e+003,1.007909e+002
2.847864e+003,1.008071e+002
2.848346e+003,1.008239e+002
2.848828e+003,1.008389e+002
2.849310e+003,1.008501e+002
2.849792e+003,1.008557e+002
2.850274e+003,1.008549e+002
2.850757e+003,1.008484e+002
2.851239e+003,1.008383e+002
2.851721e+003,1.008272e+002
2.852203e+003,1.008179e+002
2.852685e+003,1.008121e+002
2.853167e+003,1.008105e+002
2.853649e+003,1.008118e+002
2.854131e+003,1.008140e+002
2.854614e+003,1.008147e+002
2.855096e+003,1.008121e+002
2.855578e+003,1.008053e+002
2.856060e+003,1.007945e+002
2.856542e+003,1.007809e+002
2.857024e+003,1.007660e+002
2.857506e+003,1.007511e+002
2.857988e+003,1.007374e+002
2.858471e+003,1.007257e+002
2.858953e+003,1.007165e+002
2.859435e+003,1.007102e+002
2.859917e+003,1.007071e+002
2.860399e+003,1.007073e+002
2.860881e+003,1.007105e+002
2.861363e+003,1.007162e+002
2.861845e+003,1.007238e+002
2.862328e+003,1.007326e+002
2.862810e+003,1.007419e+002
2.863292e+003,1.007514e+002
2.863774e+003,1.007607e+002
2.864256e+003,1.007693e+002
2.864738e+003,1.007763e+002
2.865220e+003,1.007809e+002
2.865702e+003,1.007822e+002
2.866185e+003,1.007795e+002
2.866667e+003,1.007733e+002
2.867148e+003,1.007642e+002
2.867631e+003,1.007537e+002
2.868113e+003,1.007429e+002
2.868595e+003,1.007328e+002
2.869077e+003,1.007234e+002
2.869559e+003,1.007140e+002
2.870042e+003,1.007040e+002
2.870523e+003,1.006930e+002
2.871005e+003,1.006813e+002
2.871488e+003,1.006703e+002
2.871970e+003,1.006619e+002
2.872452e+003,1.006577e+002
2.872934e+003,1.006590e+002
2.873416e+003,1.006661e+002
2.873898e+003,1.006781e+002
2.874380e+003,1.006933e+002
2.874862e+003,1.007098e+002
2.875345e+003,1.007261e+002
2.875827e+003,1.007410e+002
2.876309e+003,1.007543e+002
2.876791e+003,1.007666e+002
2.877273e+003,1.007790e+002
2.877755e+003,1.007924e+002
2.878237e+003,1.008077e+002
2.878719e+003,1.008253e+002
2.879202e+003,1.008444e+002
2.879684e+003,1.008640e+002
2.880166e+003,1.008823e+002
2.880648e+003,1.008974e+002
2.881130e+003,1.009076e+002
2.881612e+003,1.009121e+002
2.882094e+003,1.009110e+002
2.882576e+003,1.009057e+002
2.883059e+003,1.008978e+002
2.883541e+003,1.008893e+002
2.884023e+003,1.008822e+002
2.884505e+003,1.008775e+002
2.884987e+003,1.008758e+002
2.885469e+003,1.008773e+002
2.885951e+003,1.008814e+002
2.886433e+003,1.008877e+002
2.886916e+003,1.008951e+002
2.887397e+003,1.009027e+002
2.887880e+003,1.009090e+002
2.888362e+003,1.009125e+002
2.888844e+003,1.009122e+002
2.889326e+003,1.009076e+002
2.889808e+003,1.008992e+002
2.890290e+003,1.008885e+002
2.890772e+003,1.008779e+002
2.891254e+003,1.008697e+002
2.891737e+003,1.008656e+002
2.892219e+003,1.008665e+002
2.892701e+003,1.008718e+002
2.893183e+003,1.008803e+002
2.893665e+003,1.008900e+002
2.894147e+003,1.008997e+002
2.894629e+003,1.009085e+002
2.895111e+003,1.009164e+002
2.895594e+003,1.009239e+002
2.896076e+003,1.009318e+002
2.896558e+003,1.009404e+002
2.897040e+003,1.009498e+002
2.897522e+003,1.009598e+002
2.898004e+003,1.009696e+002
2.898486e+003,1.009786e+002
2.898968e+003,1.009864e+002
2.899451e+003,1.009925e+002
2.899933e+003,1.009970e+002
2.900415e+003,1.009997e+002
2.900897e+003,1.010009e+002
2.901379e+003,1.010008e+002
2.901861e+003,1.009995e+002
2.902343e+003,1.009973e+002
2.902825e+003,1.009946e+002
2.903308e+003,1.009913e+002
2.903790e+003,1.009876e+002
2.904271e+003,1.009835e+002
2.904754e+003,1.009791e+002
2.905236e+003,1.009746e+002
2.905718e+003,1.009705e+002
2.906200e+003,1.009673e+002
2.906682e+003,1.009656e+002
2.907165e+003,1.009658e+002
2.907646e+003,1.009680e+002
2.908128e+003,1.009716e+002
2.908611e+003,1.009760e+002
2.909093e+003,1.009801e+002
2.909575e+003,1.009829e+002
2.910057e+003,1.009838e+002
2.910539e+003,1.009825e+002
2.911021e+003,1.009794e+002
2.911503e+003,1.009754e+002
2.911985e+003,1.009716e+002
2.912468e+003,1.009696e+002
2.912950e+003,1.009707e+002
2.913432e+003,1.009757e+002
2.913914e+003,1.009844e+002
2.914396e+003,1.009958e+002
2.914878e+003,1.010080e+002
2.915360e+003,1.010187e+002
2.915842e+003,1.010258e+002
2.916325e+003,1.010279e+002
2.916807e+003,1.010252e+002
2.917289e+003,1.010188e+002
2.917771e+003,1.010109e+002
2.918253e+003,1.010042e+002
2.918735e+003,1.010009e+002
2.919217e+003,1.010023e+002
2.919699e+003,1.010086e+002
2.920182e+003,1.010193e+002
2.920664e+003,1.010331e+002
2.921146e+003,1.010483e+002
2.921628e+003,1.010637e+002
2.922110e+003,1.010778e+002
2.922592e+003,1.010895e+002
2.923074e+003,1.010981e+002
2.923556e+003,1.011029e+002
2.924039e+003,1.011038e+002
2.924521e+003,1.011012e+002
2.925002e+003,1.010960e+002
2.925485e+003,1.010897e+002
2.925967e+003,1.010838e+002
2.926449e+003,1.010792e+002
2.926931e+003,1.010765e+002
2.927413e+003,1.010752e+002
2.927896e+003,1.010743e+002
2.928377e+003,1.010727e+002
2.928859e+003,1.010695e+002
2.929342e+003,1.010641e+002
2.929824e+003,1.010569e+002
2.930306e+003,1.010484e+002
2.930788e+003,1.010397e+002
2.931270e+003,1.010313e+002
2.931752e+003,1.010240e+002
2.932234e+003,1.010180e+002
2.932716e+003,1.010135e+002
2.933199e+003,1.010109e+002
2.933681e+003,1.010108e+002
2.934163e+003,1.010129e+002
2.934645e+003,1.010174e+002
2.935127e+003,1.010243e+002
2.935609e+003,1.010331e+002
2.936091e+003,1.010428e+002
2.936573e+003,1.010518e+002
2.937056e+003,1.010586e+002
2.937538e+003,1.010615e+002
2.938020e+003,1.010595e+002
2.938502e+003,1.010522e+002
2.938984e+003,1.010403e+002
2.939466e+003,1.010251e+002
2.939948e+003,1.010088e+002
2.940430e+003,1.009936e+002
2.940913e+003,1.009812e+002
2.941395e+003,1.009722e+002
2.941877e+003,1.009663e+002
2.942359e+003,1.009620e+002
2.942841e+003,1.009571e+002
2.943323e+003,1.009498e+002
2.943805e+003,1.009387e+002
2.944287e+003,1.009236e+002
2.944770e+003,1.009054e+002
2.945251e+003,1.008858e+002
2.945734e+003,1.008670e+002
2.946216e+003,1.008509e+002
2.946698e+003,1.008390e+002
2.947180e+003,1.008322e+002
2.947662e+003,1.008304e+002
2.948144e+003,1.008335e+002
2.948626e+003,1.008406e+002
2.949108e+003,1.008510e+002
2.949591e+003,1.008640e+002
2.950073e+003,1.008790e+002
2.950555e+003,1.008951e+002
2.951037e+003,1.009118e+002
2.951519e+003,1.009281e+002
2.952001e+003,1.009429e+002
2.952483e+003,1.009551e+002
2.952965e+003,1.009632e+002
2.953448e+003,1.009666e+002
2.953930e+003,1.009648e+002
2.954412e+003,1.009587e+002
2.954894e+003,1.009497e+002
2.955376e+003,1.009401e+002
2.955858e+003,1.009321e+002
2.956340e+003,1.009274e+002
2.956822e+003,1.009265e+002
2.957305e+003,1.009284e+002
2.957787e+003,1.009313e+002
2.958269e+003,1.009325e+002
2.958751e+003,1.009301e+002
2.959233e+003,1.009232e+002
2.959715e+003,1.009122e+002
2.960197e+003,1.008992e+002
2.960679e+003,1.008869e+002
2.961162e+003,1.008780e+002
2.961644e+003,1.008745e+002
2.962125e+003,1.008768e+002
2.962608e+003,1.008843e+002
2.963090e+003,1.008951e+002
2.963572e+003,1.009071e+002
2.964054e+003,1.009181e+002
2.964536e+003,1.009266e+002
2.965019e+003,1.009316e+002
2.965500e+003,1.009327e+002
2.965982e+003,1.009298e+002
2.966465e+003,1.009233e+002
2.966947e+003,1.009131e+002
2.967429e+003,1.008997e+002
2.967911e+003,1.008835e+002
2.968393e+003,1.008651e+002
2.968875e+003,1.008456e+002
2.969357e+003,1.008264e+002
2.969839e+003,1.008088e+002
2.970322e+003,1.007942e+002
2.970804e+003,1.007834e+002
2.971286e+003,1.007766e+002
2.971768e+003,1.007730e+002
2.972250e+003,1.007714e+002
2.972732e+003,1.007700e+002
2.973214e+003,1.007674e+002
2.973696e+003,1.007629e+002
2.974179e+003,1.007567e+002
2.974661e+003,1.007502e+002
2.975143e+003,1.007452e+002
2.975625e+003,1.007435e+002
2.976107e+003,1.007464e+002
2.976589e+003,1.007539e+002
2.977071e+003,1.007649e+002
2.977553e+003,1.007771e+002
2.978036e+003,1.007881e+002
2.978518e+003,1.007958e+002
2.979000e+003,1.007989e+002
2.979482e+003,1.007974e+002
2.979964e+003,1.007922e+002
2.980446e+003,1.007850e+002
2.980928e+003,1.007776e+002
2.981410e+003,1.007719e+002
2.981893e+003,1.007689e+002
2.982375e+003,1.007692e+002
2.982856e+003,1.007732e+002
2.983339e+003,1.007805e+002
2.983821e+003,1.007906e+002
2.984303e+003,1.008028e+002
2.984785e+003,1.008161e+002
2.985267e+003,1.008294e+002
2.985750e+003,1.008413e+002
2.986231e+003,1.008507e+002
2.986713e+003,1.008565e+002
2.987196e+003,1.008585e+002
2.987678e+003,1.008571e+002
2.988160e+003,1.008533e+002
2.988642e+003,1.008490e+002
2.989124e+003,1.008458e+002
2.989606e+003,1.008451e+002
2.990088e+003,1.008476e+002
2.990570e+003,1.008525e+002
2.991053e+003,1.008585e+002
2.991535e+003,1.008635e+002
2.992017e+003,1.008654e+002
2.992499e+003,1.008635e+002
2.992981e+003,1.008580e+002
2.993463e+003,1.008506e+002
2.993945e+003,1.008441e+002
2.994427e+003,1.008411e+002
2.994910e+003,1.008436e+002
2.995392e+003,1.008524e+002
2.995874e+003,1.008664e+002
2.996356e+003,1.008839e+002
2.996838e+003,1.009022e+002
2.997320e+003,1.009192e+002
2.997802e+003,1.009334e+002
2.998284e+003,1.009443e+002
2.998767e+003,1.009520e+002
2.999249e+003,1.009567e+002
2.999731e+003,1.009590e+002
3.000213e+003,1.009590e+002
3.000695e+003,1.009569e+002
3.001177e+003,1.009535e+002
3.001659e+003,1.009497e+002
3.002141e+003,1.009468e+002
3.002624e+003,1.009459e+002
3.003105e+003,1.009480e+002
3.003588e+003,1.009528e+002
3.004070e+003,1.009591e+002
3.004552e+003,1.009649e+002
3.005034e+003,1.009680e+002
3.005516e+003,1.009663e+002
3.005998e+003,1.009591e+002
3.006480e+003,1.009465e+002
3.006962e+003,1.009305e+002
3.007445e+003,1.009136e+002
3.007927e+003,1.008994e+002
3.008409e+003,1.008910e+002
3.008891e+003,1.008913e+002
3.009373e+003,1.009016e+002
3.009855e+003,1.009221e+002
3.010337e+003,1.009510e+002
3.010819e+003,1.009853e+002
3.011302e+003,1.010208e+002
3.011784e+003,1.010535e+002
3.012266e+003,1.010799e+002
3.012748e+003,1.010980e+002
3.013230e+003,1.011074e+002
3.013712e+003,1.011093e+002
3.014194e+003,1.011056e+002
3.014676e+003,1.010983e+002
3.015159e+003,1.010893e+002
3.015641e+003,1.010795e+002
3.016123e+003,1.010697e+002
3.016605e+003,1.010600e+002
3.017087e+003,1.010509e+002
3.017569e+003,1.010431e+002
3.018051e+003,1.010372e+002
3.018533e+003,1.010334e+002
3.019016e+003,1.010314e+002
3.019498e+003,1.010302e+002
3.019979e+003,1.010283e+002
3.020462e+003,1.010243e+002
3.020944e+003,1.010172e+002
3.021426e+003,1.010069e+002
3.021908e+003,1.009939e+002
3.022390e+003,1.009794e+002
3.022873e+003,1.009648e+002
3.023354e+003,1.009511e+002
3.023836e+003,1.009389e+002
3.024319e+003,1.009286e+002
3.024801e+003,1.009202e+002
3.025283e+003,1.009132e+002
3.025765e+003,1.009072e+002
3.026247e+003,1.009017e+002
3.026729e+003,1.008959e+002
3.027211e+003,1.008890e+002
3.027693e+003,1.008806e+002
3.028176e+003,1.008706e+002
3.028658e+003,1.008601e+002
3.029140e+003,1.008502e+002
3.029622e+003,1.008424e+002
3.030104e+003,1.008377e+002
3.030586e+003,1.008362e+002
3.031068e+003,1.008367e+002
3.031550e+003,1.008372e+002
3.032033e+003,1.008353e+002
3.032515e+003,1.008294e+002
3.032997e+003,1.008191e+002
3.033479e+003,1.008052e+002
3.033961e+003,1.007898e+002
3.034443e+003,1.007750e+002
3.034925e+003,1.007623e+002
3.035407e+003,1.007524e+002
3.035890e+003,1.007448e+002
3.036372e+003,1.007380e+002
3.036854e+003,1.007303e+002
3.037336e+003,1.007203e+002
3.037818e+003,1.007070e+002
3.038300e+003,1.006903e+002
3.038782e+003,1.006706e+002
3.039264e+003,1.006492e+002
3.039747e+003,1.006278e+002
3.040229e+003,1.006084e+002
3.040710e+003,1.005936e+002
3.041193e+003,1.005855e+002
3.041675e+003,1.005859e+002
3.042157e+003,1.005952e+002
3.042639e+003,1.006126e+002
3.043121e+003,1.006358e+002
3.043604e+003,1.006621e+002
3.044085e+003,1.006886e+002
3.044567e+003,1.007135e+002
3.045050e+003,1.007364e+002
3.045532e+003,1.007580e+002
3.046014e+003,1.007793e+002
3.046496e+003,1.008011e+002
3.046978e+003,1.008228e+002
3.047460e+003,1.008427e+002
3.047942e+003,1.008585e+002
3.048424e+003,1.008678e+002
3.048907e+003,1.008700e+002
3.049389e+003,1.008662e+002
3.049871e+003,1.008595e+002
3.050353e+003,1.008539e+002
3.050835e+003,1.008532e+002
3.051317e+003,1.008597e+002
3.051799e+003,1.008738e+002
3.052281e+003,1.008935e+002
3.052764e+003,1.009155e+002
3.053246e+003,1.009362e+002
3.053728e+003,1.009530e+002
3.054210e+003,1.009649e+002
3.054692e+003,1.009723e+002
3.055174e+003,1.009773e+002
3.055656e+003,1.009823e+002
3.056138e+003,1.009899e+002
3.056621e+003,1.010016e+002
3.057103e+003,1.010184e+002
3.057585e+003,1.010399e+002
3.058067e+003,1.010651e+002
3.058549e+003,1.010926e+002
3.059031e+003,1.011202e+002
3.059513e+003,1.011461e+002
3.059995e+003,1.011684e+002
3.060478e+003,1.011861e+002
3.060959e+003,1.011989e+002
3.061442e+003,1.012072e+002
3.061924e+003,1.012129e+002
3.062406e+003,1.012179e+002
3.062888e+003,1.012247e+002
3.063370e+003,1.012348e+002
3.063852e+003,1.012492e+002
3.064334e+003,1.012673e+002
3.064816e+003,1.012876e+002
3.065299e+003,1.013077e+002
3.065781e+003,1.013251e+002
3.066263e+003,1.013380e+002
3.066745e+003,1.013453e+002
3.067227e+003,1.013474e+002
3.067709e+003,1.013459e+002
3.068191e+003,1.013429e+002
3.068673e+003,1.013409e+002
3.069156e+003,1.013416e+002
3.069638e+003,1.013455e+002
3.070120e+003,1.013520e+002
3.070602e+003,1.013592e+002
3.071084e+003,1.013649e+002
3.071566e+003,1.013673e+002
3.072048e+003,1.013654e+002
3.072530e+003,1.013599e+002
3.073013e+003,1.013525e+002
3.073495e+003,1.013454e+002
3.073977e+003,1.013406e+002
3.074459e+003,1.013386e+002
3.074941e+003,1.013388e+002
3.075423e+003,1.013396e+002
3.075905e+003,1.013391e+002
3.076387e+003,1.013361e+002
3.076870e+003,1.013307e+002
3.077352e+003,1.013244e+002
3.077833e+003,1.013197e+002
3.078316e+003,1.013186e+002
3.078798e+003,1.013225e+002
3.079280e+003,1.013313e+002
3.079762e+003,1.013437e+002
3.080244e+003,1.013577e+002
3.080727e+003,1.013721e+002
3.081208e+003,1.013864e+002
3.081690e+003,1.014011e+002
3.082173e+003,1.014175e+002
3.082655e+003,1.014362e+002
3.083137e+003,1.014572e+002
3.083619e+003,1.014790e+002
3.084101e+003,1.014996e+002
3.084583e+003,1.015168e+002
3.085065e+003,1.015295e+002
3.085547e+003,1.015380e+002
3.086030e+003,1.015440e+002
3.086512e+003,1.015497e+002
3.086994e+003,1.015574e+002
3.087476e+003,1.015680e+002
3.087958e+003,1.015812e+002
3.088440e+003,1.015956e+002
3.088922e+003,1.016097e+002
3.089404e+003,1.016218e+002
3.089887e+003,1.016315e+002
3.090369e+003,1.016389e+002
3.090851e+003,1.016447e+002
3.091333e+003,1.016497e+002
3.091815e+003,1.016545e+002
3.092297e+003,1.016593e+002
3.092779e+003,1.016644e+002
3.093261e+003,1.016695e+002
3.093744e+003,1.016750e+002
3.094226e+003,1.016807e+002
3.094708e+003,1.016862e+002
3.095190e+003,1.016909e+002
3.095672e+003,1.016936e+002
3.096154e+003,1.016934e+002
3.096636e+003,1.016900e+002
3.097118e+003,1.016843e+002
3.097601e+003,1.016782e+002
3.098083e+003,1.016742e+002
3.098564e+003,1.016746e+002
3.099047e+003,1.016802e+002
3.099529e+003,1.016903e+002
3.100011e+003,1.017024e+002
3.100493e+003,1.017130e+002
3.100975e+003,1.017185e+002
3.101458e+003,1.017167e+002
3.101939e+003,1.017075e+002
3.102421e+003,1.016925e+002
3.102904e+003,1.016753e+002
3.103386e+003,1.016596e+002
3.103868e+003,1.016488e+002
3.104350e+003,1.016447e+002
3.104832e+003,1.016474e+002
3.105314e+003,1.016554e+002
3.105796e+003,1.016660e+002
3.106278e+003,1.016763e+002
3.106761e+003,1.016835e+002
3.107243e+003,1.016860e+002
3.107725e+003,1.016831e+002
3.108207e+003,1.016753e+002
3.108689e+003,1.016637e+002
3.109171e+003,1.016494e+002
3.109653e+003,1.016334e+002
3.110135e+003,1.016163e+002
3.110618e+003,1.015985e+002
3.111100e+003,1.015803e+002
3.111582e+003,1.015621e+002
3.112064e+003,1.015451e+002
3.112546e+003,1.015308e+002
3.113028e+003,1.015205e+002
3.113510e+003,1.015152e+002
3.113992e+003,1.015148e+002
3.114475e+003,1.015178e+002
3.114957e+003,1.015224e+002
3.115439e+003,1.015264e+002
3.115921e+003,1.015284e+002
3.116403e+003,1.015281e+002
3.116885e+003,1.015264e+002
3.117367e+003,1.015247e+002
3.117850e+003,1.015242e+002
3.118332e+003,1.015255e+002
3.118813e+003,1.015281e+002
3.119296e+003,1.015307e+002
3.119778e+003,1.015323e+002
3.120260e+003,1.015321e+002
3.120742e+003,1.015304e+002
3.121224e+003,1.015283e+002
3.121707e+003,1.015268e+002
3.122188e+003,1.015266e+002
3.122670e+003,1.015275e+002
3.123153e+003,1.015286e+002
3.123635e+003,1.015291e+002
3.124117e+003,1.015284e+002
3.124599e+003,1.015274e+002
3.125081e+003,1.015275e+002
3.125563e+003,1.015308e+002
3.126045e+003,1.015385e+002
3.126527e+003,1.015504e+002
3.127010e+003,1.015646e+002
3.127492e+003,1.015782e+002
3.127974e+003,1.015881e+002
3.128456e+003,1.015921e+002
3.128938e+003,1.015900e+002
3.129420e+003,1.015835e+002
3.129902e+003,1.015759e+002
3.130384e+003,1.015708e+002
3.130867e+003,1.015716e+002
3.131349e+003,1.015804e+002
3.131831e+003,1.015976e+002
3.132313e+003,1.016221e+002
3.132795e+003,1.016514e+002
3.133277e+003,1.016824e+002
3.133759e+003,1.017117e+002
3.134241e+003,1.017365e+002
3.134724e+003,1.017550e+002
3.135206e+003,1.017665e+002
3.135688e+003,1.017721e+002
3.136170e+003,1.017739e+002
3.136652e+003,1.017746e+002
3.137134e+003,1.017770e+002
3.137616e+003,1.017824e+002
3.138098e+003,1.017909e+002
3.138581e+003,1.018009e+002
3.139063e+003,1.018099e+002
3.139544e+003,1.018153e+002
3.140027e+003,1.018156e+002
3.140509e+003,1.018111e+002
3.140991e+003,1.018035e+002
3.141473e+003,1.017961e+002
3.141955e+003,1.017925e+002
3.142438e+003,1.017958e+002
3.142919e+003,1.018080e+002
3.143401e+003,1.018298e+002
3.143884e+003,1.018604e+002
3.144366e+003,1.018978e+002
3.144848e+003,1.019390e+002
3.145330e+003,1.019802e+002
3.145812e+003,1.020172e+002
3.146294e+003,1.020462e+002
3.146776e+003,1.020643e+002
3.147258e+003,1.020703e+002
3.147741e+003,1.020651e+002
3.148223e+003,1.020517e+002
3.148705e+003,1.020349e+002
3.149187e+003,1.020197e+002
3.149669e+003,1.020107e+002
3.150151e+003,1.020106e+002
3.150633e+003,1.020200e+002
3.151115e+003,1.020374e+002
3.151598e+003,1.020602e+002
3.152080e+003,1.020850e+002
3.152562e+003,1.021090e+002
3.153044e+003,1.021302e+002
3.153526e+003,1.021478e+002
3.154008e+003,1.021620e+002
3.154490e+003,1.021734e+002
3.154972e+003,1.021830e+002
3.155455e+003,1.021917e+002
3.155937e+003,1.022000e+002
3.156419e+003,1.022083e+002
3.156901e+003,1.022166e+002
3.157383e+003,1.022248e+002
3.157865e+003,1.022330e+002
3.158347e+003,1.022412e+002
3.158829e+003,1.022497e+002
3.159312e+003,1.022588e+002
3.159793e+003,1.022686e+002
3.160276e+003,1.022787e+002
3.160758e+003,1.022881e+002
3.161240e+003,1.022954e+002
3.161722e+003,1.022988e+002
3.162204e+003,1.022973e+002
3.162686e+003,1.022907e+002
3.163168e+003,1.022802e+002
3.163650e+003,1.022682e+002
3.164133e+003,1.022576e+002
3.164615e+003,1.022509e+002
3.165097e+003,1.022495e+002
3.165579e+003,1.022535e+002
3.166061e+003,1.022616e+002
3.166543e+003,1.022716e+002
3.167025e+003,1.022816e+002
3.167507e+003,1.022901e+002
3.167990e+003,1.022967e+002
3.168472e+003,1.023020e+002
3.168954e+003,1.023070e+002
3.169436e+003,1.023129e+002
3.169918e+003,1.023210e+002
3.170400e+003,1.023317e+002
3.170882e+003,1.023450e+002
3.171364e+003,1.023603e+002
3.171847e+003,1.023759e+002
3.172329e+003,1.023897e+002
3.172811e+003,1.023992e+002
3.173293e+003,1.024021e+002
3.173775e+003,1.023974e+002
3.174257e+003,1.023856e+002
3.174739e+003,1.023694e+002
3.175221e+003,1.023531e+002
3.175704e+003,1.023414e+002
3.176186e+003,1.023381e+002
3.176667e+003,1.023446e+002
3.177150e+003,1.023598e+002
3.177632e+003,1.023801e+002
3.178114e+003,1.024011e+002
3.178596e+003,1.024186e+002
3.179078e+003,1.024305e+002
3.179561e+003,1.024372e+002
3.180042e+003,1.024412e+002
3.180524e+003,1.024459e+002
3.181007e+003,1.024545e+002
3.181489e+003,1.024689e+002
3.181971e+003,1.024894e+002
3.182453e+003,1.025154e+002
3.182935e+003,1.025453e+002
3.183417e+003,1.025777e+002
3.183899e+003,1.026111e+002
3.184381e+003,1.026443e+002
3.184864e+003,1.026756e+002
3.185346e+003,1.027036e+002
3.185828e+003,1.027268e+002
3.186310e+003,1.027446e+002
3.186792e+003,1.027573e+002
3.187274e+003,1.027666e+002
3.187756e+003,1.027745e+002
3.188238e+003,1.027833e+002
3.188721e+003,1.027940e+002
3.189203e+003,1.028064e+002
3.189685e+003,1.028194e+002
3.190167e+003,1.028307e+002
3.190649e+003,1.028389e+002
3.191131e+003,1.028430e+002
3.191613e+003,1.028436e+002
3.192095e+003,1.028415e+002
3.192578e+003,1.028380e+002
3.193060e+003,1.028337e+002
3.193542e+003,1.028291e+002
3.194024e+003,1.028243e+002
3.194506e+003,1.028195e+002
3.194988e+003,1.028158e+002
3.195470e+003,1.028144e+002
3.195952e+003,1.028168e+002
3.196435e+003,1.028234e+002
3.196917e+003,1.028338e+002
3.197398e+003,1.028463e+002
3.197881e+003,1.028590e+002
3.198363e+003,1.028705e+002
3.198845e+003,1.028806e+002
3.199327e+003,1.028906e+002
3.199809e+003,1.029025e+002
3.200292e+003,1.029180e+002
3.200773e+003,1.029374e+002
3.201255e+003,1.029594e+002
3.201738e+003,1.029809e+002
3.202220e+003,1.029987e+002
3.202702e+003,1.030102e+002
3.203184e+003,1.030142e+002
3.203666e+003,1.030117e+002
3.204148e+003,1.030049e+002
3.204630e+003,1.029964e+002
3.205112e+003,1.029884e+002
3.205595e+003,1.029824e+002
3.206077e+003,1.029791e+002
3.206559e+003,1.029790e+002
3.207041e+003,1.029824e+002
3.207523e+003,1.029903e+002
3.208005e+003,1.030031e+002
3.208487e+003,1.030204e+002
3.208969e+003,1.030409e+002
3.209452e+003,1.030619e+002
3.209934e+003,1.030805e+002
3.210416e+003,1.030944e+002
3.210898e+003,1.031027e+002
3.211380e+003,1.031066e+002
3.211862e+003,1.031087e+002
3.212344e+003,1.031124e+002
3.212826e+003,1.031202e+002
3.213309e+003,1.031332e+002
3.213791e+003,1.031505e+002
3.214273e+003,1.031697e+002
3.214755e+003,1.031879e+002
3.215237e+003,1.032023e+002
3.215719e+003,1.032116e+002
3.216201e+003,1.032153e+002
3.216683e+003,1.032144e+002
3.217166e+003,1.032104e+002
3.217647e+003,1.032049e+002
3.218130e+003,1.031995e+002
3.218612e+003,1.031956e+002
3.219094e+003,1.031940e+002
3.219576e+003,1.031948e+002
3.220058e+003,1.031979e+002
3.220540e+003,1.032021e+002
3.221022e+003,1.032062e+002
3.221504e+003,1.032091e+002
3.221987e+003,1.032107e+002
3.222469e+003,1.032118e+002
3.222951e+003,1.032141e+002
3.223433e+003,1.032200e+002
3.223915e+003,1.032314e+002
3.224397e+003,1.032487e+002
3.224879e+003,1.032711e+002
3.225361e+003,1.032960e+002
3.225844e+003,1.033201e+002
3.226326e+003,1.033402e+002
3.226808e+003,1.033541e+002
3.227290e+003,1.033609e+002
3.227772e+003,1.033609e+002
3.228254e+003,1.033550e+002
3.228736e+003,1.033446e+002
3.229218e+003,1.033314e+002
3.229701e+003,1.033168e+002
3.230183e+003,1.033027e+002
3.230665e+003,1.032911e+002
3.231147e+003,1.032837e+002
3.231629e+003,1.032818e+002
3.232111e+003,1.032858e+002
3.232593e+003,1.032947e+002
3.233075e+003,1.033069e+002
3.233558e+003,1.033205e+002
3.234040e+003,1.033342e+002
3.234521e+003,1.033479e+002
3.235004e+003,1.033623e+002
3.235486e+003,1.033784e+002
3.235968e+003,1.033965e+002
3.236450e+003,1.034159e+002
3.236932e+003,1.034342e+002
3.237415e+003,1.034489e+002
3.237896e+003,1.034576e+002
3.238378e+003,1.034595e+002
3.238861e+003,1.034555e+002
3.239343e+003,1.034476e+002
3.239825e+003,1.034384e+002
3.240307e+003,1.034294e+002
3.240789e+003,1.034213e+002
3.241271e+003,1.034137e+002
3.241753e+003,1.034060e+002
3.242235e+003,1.033986e+002
3.242718e+003,1.033930e+002
3.243200e+003,1.033918e+002
3.243682e+003,1.033979e+002
3.244164e+003,1.034128e+002
3.244646e+003,1.034361e+002
3.245128e+003,1.034653e+002
3.245610e+003,1.034970e+002
3.246092e+003,1.035275e+002
3.246575e+003,1.035545e+002
3.247057e+003,1.035773e+002
3.247539e+003,1.035960e+002
3.248021e+003,1.036113e+002
3.248503e+003,1.036229e+002
3.248985e+003,1.036299e+002
3.249467e+003,1.036309e+002
3.249949e+003,1.036253e+002
3.250432e+003,1.036140e+002
3.250914e+003,1.035999e+002
3.251396e+003,1.035873e+002
3.251878e+003,1.035803e+002
3.252360e+003,1.035817e+002
3.252842e+003,1.035920e+002
3.253324e+003,1.036093e+002
3.253806e+003,1.036301e+002
3.254289e+003,1.036503e+002
3.254771e+003,1.036667e+002
3.255252e+003,1.036773e+002
3.255735e+003,1.036811e+002
3.256217e+003,1.036780e+002
3.256699e+003,1.036684e+002
3.257181e+003,1.036531e+002
3.257663e+003,1.036338e+002
3.258146e+003,1.036133e+002
3.258627e+003,1.035959e+002
3.259109e+003,1.035863e+002
3.259592e+003,1.035884e+002
3.260074e+003,1.036041e+002
3.260556e+003,1.036322e+002
3.261038e+003,1.036685e+002
3.261520e+003,1.037069e+002
3.262002e+003,1.037410e+002
3.262484e+003,1.037660e+002
3.262966e+003,1.037792e+002
3.263449e+003,1.037809e+002
3.263931e+003,1.037731e+002
3.264413e+003,1.037585e+002
3.264895e+003,1.037398e+002
3.265377e+003,1.037191e+002
3.265859e+003,1.036979e+002
3.266341e+003,1.036775e+002
3.266823e+003,1.036598e+002
3.267306e+003,1.036461e+002
3.267788e+003,1.036376e+002
3.268270e+003,1.036345e+002
3.268752e+003,1.036356e+002
3.269234e+003,1.036388e+002
3.269716e+003,1.036416e+002
3.270198e+003,1.036422e+002
3.270680e+003,1.036398e+002
3.271163e+003,1.036350e+002
3.271645e+003,1.036295e+002
3.272127e+003,1.036250e+002
3.272609e+003,1.036228e+002
3.273091e+003,1.036232e+002
3.273573e+003,1.036255e+002
3.274055e+003,1.036287e+002
3.274537e+003,1.036316e+002
3.275020e+003,1.036337e+002
3.275501e+003,1.036351e+002
3.275984e+003,1.036364e+002
3.276466e+003,1.036382e+002
3.276948e+003,1.036412e+002
3.277430e+003,1.036454e+002
3.277912e+003,1.036501e+002
3.278394e+003,1.036543e+002
3.278876e+003,1.036567e+002
3.279358e+003,1.036557e+002
3.279841e+003,1.036507e+002
3.280323e+003,1.036417e+002
3.280805e+003,1.036300e+002
3.281287e+003,1.036181e+002
3.281769e+003,1.036091e+002
3.282251e+003,1.036058e+002
3.282733e+003,1.036098e+002
3.283215e+003,1.036209e+002
3.283698e+003,1.036370e+002
3.284180e+003,1.036546e+002
3.284662e+003,1.036703e+002
3.285144e+003,1.036817e+002
3.285626e+003,1.036885e+002
3.286108e+003,1.036921e+002
3.286590e+003,1.036951e+002
3.287072e+003,1.036999e+002
3.287555e+003,1.037076e+002
3.288037e+003,1.037176e+002
3.288519e+003,1.037282e+002
3.289001e+003,1.037369e+002
3.289483e+003,1.037418e+002
3.289965e+003,1.037423e+002
3.290447e+003,1.037391e+002
3.290929e+003,1.037333e+002
3.291412e+003,1.037263e+002
3.291894e+003,1.037187e+002
3.292375e+003,1.037105e+002
3.292858e+003,1.037016e+002
3.293340e+003,1.036920e+002
3.293822e+003,1.036826e+002
3.294304e+003,1.036745e+002
3.294786e+003,1.036694e+002
3.295269e+003,1.036678e+002
3.295750e+003,1.036696e+002
3.296232e+003,1.036735e+002
3.296715e+003,1.036777e+002
3.297197e+003,1.036810e+002
3.297679e+003,1.036825e+002
3.298161e+003,1.036829e+002
3.298643e+003,1.036828e+002
3.299125e+003,1.036834e+002
3.299607e+003,1.036847e+002
3.300089e+003,1.036863e+002
3.300572e+003,1.036874e+002
3.301054e+003,1.036869e+002
3.301536e+003,1.036846e+002
3.302018e+003,1.036808e+002
3.302500e+003,1.036765e+002
3.302982e+003,1.036726e+002
3.303464e+003,1.036694e+002
3.303946e+003,1.036670e+002
3.304429e+003,1.036651e+002
3.304911e+003,1.036636e+002
3.305393e+003,1.036634e+002
3.305875e+003,1.036657e+002
3.306357e+003,1.036723e+002
3.306839e+003,1.036841e+002
3.307321e+003,1.037008e+002
3.307803e+003,1.037209e+002
3.308286e+003,1.037412e+002
3.308768e+003,1.037588e+002
3.309250e+003,1.037710e+002
3.309732e+003,1.037770e+002
3.310214e+003,1.037777e+002
3.310696e+003,1.037752e+002
3.311178e+003,1.037718e+002
3.311660e+003,1.037697e+002
3.312143e+003,1.037694e+002
3.312625e+003,1.037701e+002
3.313106e+003,1.037703e+002
3.313589e+003,1.037682e+002
3.314071e+003,1.037628e+002
3.314553e+003,1.037544e+002
3.315035e+003,1.037446e+002
3.315517e+003,1.037362e+002
3.316000e+003,1.037321e+002
3.316481e+003,1.037349e+002
3.316963e+003,1.037457e+002
3.317446e+003,1.037634e+002
3.317928e+003,1.037855e+002
3.318410e+003,1.038080e+002
3.318892e+003,1.038265e+002
3.319374e+003,1.038376e+002
3.319856e+003,1.038391e+002
3.320338e+003,1.038312e+002
3.320820e+003,1.038161e+002
3.321303e+003,1.037971e+002
3.321785e+003,1.037783e+002
3.322267e+003,1.037628e+002
3.322749e+003,1.037530e+002
3.323231e+003,1.037499e+002
3.323713e+003,1.037533e+002
3.324195e+003,1.037622e+002
3.324677e+003,1.037753e+002
3.325160e+003,1.037907e+002
3.325642e+003,1.038069e+002
3.326124e+003,1.038222e+002
3.326606e+003,1.038352e+002
3.327088e+003,1.038454e+002
3.327570e+003,1.038525e+002
3.328052e+003,1.038572e+002
3.328534e+003,1.038609e+002
3.329017e+003,1.038648e+002
3.329499e+003,1.038696e+002
3.329981e+003,1.038755e+002
3.330463e+003,1.038816e+002
3.330945e+003,1.038867e+002
3.331427e+003,1.038895e+002
3.331909e+003,1.038890e+002
3.332391e+003,1.038850e+002
3.332874e+003,1.038774e+002
3.333355e+003,1.038670e+002
3.333838e+003,1.038545e+002
3.334320e+003,1.038411e+002
3.334802e+003,1.038285e+002
3.335284e+003,1.038190e+002
3.335766e+003,1.038155e+002
3.336248e+003,1.038206e+002
3.336730e+003,1.038358e+002
3.337212e+003,1.038608e+002
3.337695e+003,1.038930e+002
3.338177e+003,1.039280e+002
3.338659e+003,1.039605e+002
3.339141e+003,1.039860e+002
3.339623e+003,1.040019e+002
3.340105e+003,1.040081e+002
3.340587e+003,1.040069e+002
3.341069e+003,1.040016e+002
3.341552e+003,1.039956e+002
3.342034e+003,1.039908e+002
3.342516e+003,1.039875e+002
3.342998e+003,1.039848e+002
3.343480e+003,1.039817e+002
3.343962e+003,1.039778e+002
3.344444e+003,1.039742e+002
3.344926e+003,1.039724e+002
3.345409e+003,1.039747e+002
3.345891e+003,1.039821e+002
3.346373e+003,1.039940e+002
3.346855e+003,1.040082e+002
3.347337e+003,1.040216e+002
3.347819e+003,1.040311e+002
3.348301e+003,1.040349e+002
3.348783e+003,1.040331e+002
3.349266e+003,1.040280e+002
3.349748e+003,1.040232e+002
3.350229e+003,1.040223e+002
3.350712e+003,1.040275e+002
3.351194e+003,1.040394e+002
3.351676e+003,1.040561e+002
3.352158e+003,1.040740e+002
3.352640e+003,1.040890e+002
3.353123e+003,1.040978e+002
3.353604e+003,1.040992e+002
3.354086e+003,1.040947e+002
3.354569e+003,1.040875e+002
3.355051e+003,1.040819e+002
3.355533e+003,1.040814e+002
3.356015e+003,1.040871e+002
3.356497e+003,1.040974e+002
3.356979e+003,1.041085e+002
3.357461e+003,1.041156e+002
3.357943e+003,1.041149e+002
3.358426e+003,1.041049e+002
3.358908e+003,1.040871e+002
3.359390e+003,1.040655e+002
3.359872e+003,1.040451e+002
3.360354e+003,1.040302e+002
3.360836e+003,1.040230e+002
3.361318e+003,1.040235e+002
3.361800e+003,1.040294e+002
3.362283e+003,1.040379e+002
3.362765e+003,1.040465e+002
3.363247e+003,1.040540e+002
3.363729e+003,1.040605e+002
3.364211e+003,1.040670e+002
3.364693e+003,1.040747e+002
3.365175e+003,1.040846e+002
3.365657e+003,1.040969e+002
3.366140e+003,1.041115e+002
3.366622e+003,1.041277e+002
3.367104e+003,1.041446e+002
3.367586e+003,1.041610e+002
3.368068e+003,1.041751e+002
3.368550e+003,1.041846e+002
3.369032e+003,1.041873e+002
3.369514e+003,1.041819e+002
3.369997e+003,1.041684e+002
3.370479e+003,1.041488e+002
3.370961e+003,1.041267e+002
3.371443e+003,1.041063e+002
3.371925e+003,1.040917e+002
3.372407e+003,1.040851e+002
3.372889e+003,1.040869e+002
3.373371e+003,1.040955e+002
3.373854e+003,1.041080e+002
3.374335e+003,1.041212e+002
3.374818e+003,1.041321e+002
3.375300e+003,1.041386e+002
3.375782e+003,1.041398e+002
3.376264e+003,1.041356e+002
3.376746e+003,1.041271e+002
3.377228e+003,1.041162e+002
3.377710e+003,1.041054e+002
3.378192e+003,1.040972e+002
3.378675e+003,1.040931e+002
3.379157e+003,1.040932e+002
3.379639e+003,1.040956e+002
3.380121e+003,1.040969e+002
3.380603e+003,1.040937e+002
3.381085e+003,1.040838e+002
3.381567e+003,1.040676e+002
3.382049e+003,1.040485e+002
3.382532e+003,1.040317e+002
3.383014e+003,1.040226e+002
3.383496e+003,1.040244e+002
3.383978e+003,1.040368e+002
3.384460e+003,1.040563e+002
3.384942e+003,1.040770e+002
3.385424e+003,1.040933e+002
3.385906e+003,1.041017e+002
3.386389e+003,1.041014e+002
3.386871e+003,1.040943e+002
3.387353e+003,1.040831e+002
3.387835e+003,1.040702e+002
3.388317e+003,1.040563e+002
3.388799e+003,1.040410e+002
3.389281e+003,1.040241e+002
3.389763e+003,1.040060e+002
3.390246e+003,1.039892e+002
3.390728e+003,1.039772e+002
3.391209e+003,1.039733e+002
3.391692e+003,1.039791e+002
3.392174e+003,1.039932e+002
3.392656e+003,1.040119e+002
3.393138e+003,1.040304e+002
3.393620e+003,1.040446e+002
3.394103e+003,1.040525e+002
3.394584e+003,1.040548e+002
3.395066e+003,1.040536e+002
3.395549e+003,1.040511e+002
3.396031e+003,1.040483e+002
3.396513e+003,1.040448e+002
3.396995e+003,1.040389e+002
3.397477e+003,1.040293e+002
3.397959e+003,1.040157e+002
3.398441e+003,1.039992e+002
3.398923e+003,1.039818e+002
3.399406e+003,1.039656e+002
3.399888e+003,1.039518e+002
3.400370e+003,1.039405e+002
3.400852e+003,1.039314e+002
3.401334e+003,1.039244e+002
3.401816e+003,1.039208e+002
3.402298e+003,1.039225e+002
3.402780e+003,1.039314e+002
3.403263e+003,1.039474e+002
3.403745e+003,1.039681e+002
3.404227e+003,1.039887e+002
3.404709e+003,1.040033e+002
3.405191e+003,1.040071e+002
3.405673e+003,1.039989e+002
3.406155e+003,1.039808e+002
3.406637e+003,1.039586e+002
3.407120e+003,1.039388e+002
3.407602e+003,1.039266e+002
3.408083e+003,1.039238e+002
3.408566e+003,1.039288e+002
3.409048e+003,1.039376e+002
3.409530e+003,1.039454e+002
3.410012e+003,1.039490e+002
3.410494e+003,1.039489e+002
3.410977e+003,1.039444e+002
3.411458e+003,1.039387e+002
3.411940e+003,1.039349e+002
3.412423e+003,1.039348e+002
3.412905e+003,1.039375e+002
3.413387e+003,1.039399e+002
3.413869e+003,1.039383e+002
3.414351e+003,1.039294e+002
3.414833e+003,1.039122e+002
3.415315e+003,1.038873e+002
3.415797e+003,1.038567e+002
3.416280e+003,1.038225e+002
3.416762e+003,1.037864e+002
3.417244e+003,1.037490e+002
3.417726e+003,1.037110e+002
3.418208e+003,1.036739e+002
3.418690e+003,1.036403e+002
3.419172e+003,1.036144e+002
3.419654e+003,1.036002e+002
3.420137e+003,1.036006e+002
3.420619e+003,1.036154e+002
3.421101e+003,1.036415e+002
3.421583e+003,1.036731e+002
3.422065e+003,1.037044e+002
3.422547e+003,1.037303e+002
3.423029e+003,1.037487e+002
3.423511e+003,1.037593e+002
3.423994e+003,1.037636e+002
3.424476e+003,1.037629e+002
3.424958e+003,1.037578e+002
3.425440e+003,1.037474e+002
3.425922e+003,1.037310e+002
3.426404e+003,1.037084e+002
3.426886e+003,1.036811e+002
3.427368e+003,1.036530e+002
3.427851e+003,1.036284e+002
3.428333e+003,1.036108e+002
3.428815e+003,1.036017e+002
3.429297e+003,1.035993e+002
3.429779e+003,1.035992e+002
3.430261e+003,1.035964e+002
3.430743e+003,1.035873e+002
3.431225e+003,1.035714e+002
3.431708e+003,1.035520e+002
3.432189e+003,1.035349e+002
3.432672e+003,1.035265e+002
3.433154e+003,1.035313e+002
3.433636e+003,1.035502e+002
3.434118e+003,1.035802e+002
3.434600e+003,1.036149e+002
3.435082e+003,1.036469e+002
3.435564e+003,1.036695e+002
3.436046e+003,1.036786e+002
3.436529e+003,1.036728e+002
3.437011e+003,1.036531e+002
3.437493e+003,1.036221e+002
3.437975e+003,1.035827e+002
3.438457e+003,1.035374e+002
3.438939e+003,1.034885e+002
3.439421e+003,1.034382e+002
3.439903e+003,1.033895e+002
3.440386e+003,1.033457e+002
3.440868e+003,1.033102e+002
3.441350e+003,1.032857e+002
3.441832e+003,1.032726e+002
3.442314e+003,1.032687e+002
3.442796e+003,1.032692e+002
3.443278e+003,1.032679e+002
3.443760e+003,1.032588e+002
3.444243e+003,1.032381e+002
3.444725e+003,1.032057e+002
3.445207e+003,1.031653e+002
3.445689e+003,1.031243e+002
3.446171e+003,1.030916e+002
3.446653e+003,1.030746e+002
3.447135e+003,1.030774e+002
3.447617e+003,1.030986e+002
3.448100e+003,1.031326e+002
3.448582e+003,1.031712e+002
3.449063e+003,1.032064e+002
3.449546e+003,1.032327e+002
3.450028e+003,1.032480e+002
3.450510e+003,1.032533e+002
3.450992e+003,1.032524e+002
3.451474e+003,1.032495e+002
3.451957e+003,1.032476e+002
3.452438e+003,1.032477e+002
3.452920e+003,1.032482e+002
3.453403e+003,1.032459e+002
3.453885e+003,1.032372e+002
3.454367e+003,1.032196e+002
3.454849e+003,1.031933e+002
3.455331e+003,1.031608e+002
3.455813e+003,1.031264e+002
3.456295e+003,1.030947e+002
3.456777e+003,1.030690e+002
3.457260e+003,1.030503e+002
3.457742e+003,1.030369e+002
3.458224e+003,1.030248e+002
3.458706e+003,1.030093e+002
3.459188e+003,1.029866e+002
3.459670e+003,1.029555e+002
3.460152e+003,1.029178e+002
3.460634e+003,1.028785e+002
3.461117e+003,1.028441e+002
3.461599e+003,1.028210e+002
3.462081e+003,1.028134e+002
3.462563e+003,1.028216e+002
3.463045e+003,1.028420e+002
3.463527e+003,1.028676e+002
3.464009e+003,1.028899e+002
3.464491e+003,1.029014e+002
3.464974e+003,1.028976e+002
3.465456e+003,1.028779e+002
3.465938e+003,1.028461e+002
3.466420e+003,1.028091e+002
3.466902e+003,1.027749e+002
3.467384e+003,1.027505e+002
3.467866e+003,1.027400e+002
3.468348e+003,1.027436e+002
3.468831e+003,1.027577e+002
3.469313e+003,1.027761e+002
3.469794e+003,1.027915e+002
3.470277e+003,1.027975e+002
3.470759e+003,1.027896e+002
3.471241e+003,1.027670e+002
3.471723e+003,1.027321e+002
3.472205e+003,1.026903e+002
3.472688e+003,1.026487e+002
3.473169e+003,1.026143e+002
3.473651e+003,1.025929e+002
3.474134e+003,1.025872e+002
3.474616e+003,1.025966e+002
3.475098e+003,1.026176e+002
3.475580e+003,1.026443e+002
3.476062e+003,1.026701e+002
3.476544e+003,1.026891e+002
3.477026e+003,1.026964e+002
3.477508e+003,1.026894e+002
3.477991e+003,1.026667e+002
3.478473e+003,1.026288e+002
3.478955e+003,1.025771e+002
3.479437e+003,1.025148e+002
3.479919e+003,1.024465e+002
3.480401e+003,1.023784e+002
3.480883e+003,1.023179e+002
3.481365e+003,1.022724e+002
3.481848e+003,1.022475e+002
3.482330e+003,1.022455e+002
3.482812e+003,1.022650e+002
3.483294e+003,1.023007e+002
3.483776e+003,1.023448e+002
3.484258e+003,1.023887e+002
3.484740e+003,1.024242e+002
3.485222e+003,1.024451e+002
3.485705e+003,1.024471e+002
3.486187e+003,1.024290e+002
3.486669e+003,1.023920e+002
3.487151e+003,1.023400e+002
3.487633e+003,1.022796e+002
3.488115e+003,1.022198e+002
3.488597e+003,1.021706e+002
3.489079e+003,1.021419e+002
3.489562e+003,1.021413e+002
3.490043e+003,1.021717e+002
3.490526e+003,1.022297e+002
3.491008e+003,1.023054e+002
3.491490e+003,1.023842e+002
3.491972e+003,1.024495e+002
3.492454e+003,1.024866e+002
3.492936e+003,1.024869e+002
3.493418e+003,1.024498e+002
3.493900e+003,1.023826e+002
3.494383e+003,1.022983e+002
3.494865e+003,1.022117e+002
3.495347e+003,1.021361e+002
3.495829e+003,1.020799e+002
3.496311e+003,1.020461e+002
3.496793e+003,1.020321e+002
3.497275e+003,1.020320e+002
3.497757e+003,1.020377e+002
3.498240e+003,1.020409e+002
3.498722e+003,1.020342e+002
3.499204e+003,1.020114e+002
3.499686e+003,1.019691e+002
3.500168e+003,1.019070e+002
3.500650e+003,1.018288e+002
3.501132e+003,1.017428e+002
3.501614e+003,1.016607e+002
3.502097e+003,1.015956e+002
3.502579e+003,1.015590e+002
3.503061e+003,1.015570e+002
3.503543e+003,1.015890e+002
3.504025e+003,1.016472e+002
3.504507e+003,1.017190e+002
3.504989e+003,1.017896e+002
3.505471e+003,1.018460e+002
3.505954e+003,1.018786e+002
3.506436e+003,1.018830e+002
3.506917e+003,1.018601e+002
3.507400e+003,1.018158e+002
3.507882e+003,1.017594e+002
3.508364e+003,1.017022e+002
3.508846e+003,1.016549e+002
3.509328e+003,1.016249e+002
3.509811e+003,1.016155e+002
3.510292e+003,1.016252e+002
3.510774e+003,1.016497e+002
3.511257e+003,1.016833e+002
3.511739e+003,1.017202e+002
3.512221e+003,1.017560e+002
3.512703e+003,1.017875e+002
3.513185e+003,1.018117e+002
3.513667e+003,1.018260e+002
3.514149e+003,1.018273e+002
3.514631e+003,1.018128e+002
3.515114e+003,1.017815e+002
3.515596e+003,1.017350e+002
3.516078e+003,1.016783e+002
3.516560e+003,1.016196e+002
3.517042e+003,1.015677e+002
3.517524e+003,1.015298e+002
3.518006e+003,1.015088e+002
3.518488e+003,1.015014e+002
3.518971e+003,1.014994e+002
3.519453e+003,1.014915e+002
3.519935e+003,1.014671e+002
3.520417e+003,1.014201e+002
3.520899e+003,1.013504e+002
3.521381e+003,1.012645e+002
3.521863e+003,1.011734e+002
3.522345e+003,1.010893e+002
3.522828e+003,1.010220e+002
3.523310e+003,1.009766e+002
3.523792e+003,1.009528e+002
3.524274e+003,1.009463e+002
3.524756e+003,1.009514e+002
3.525238e+003,1.009632e+002
3.525720e+003,1.009787e+002
3.526202e+003,1.009970e+002
3.526685e+003,1.010182e+002
3.527167e+003,1.010424e+002
3.527648e+003,1.010688e+002
3.528131e+003,1.010955e+002
3.528613e+003,1.011205e+002
3.529095e+003,1.011421e+002
3.529577e+003,1.011599e+002
3.530059e+003,1.011743e+002
3.530542e+003,1.011863e+002
3.531023e+003,1.011968e+002
3.531505e+003,1.012063e+002
3.531988e+003,1.012150e+002
3.532470e+003,1.012230e+002
3.532952e+003,1.012302e+002
3.533434e+003,1.012355e+002
3.533916e+003,1.012367e+002
3.534398e+003,1.012302e+002
3.534880e+003,1.012119e+002
3.535362e+003,1.011783e+002
3.535845e+003,1.011289e+002
3.536327e+003,1.010675e+002
3.536809e+003,1.010029e+002
3.537291e+003,1.009474e+002
3.537773e+003,1.009135e+002
3.538255e+003,1.009104e+002
3.538737e+003,1.009406e+002
3.539219e+003,1.009983e+002
3.539702e+003,1.010698e+002
3.540184e+003,1.011364e+002
3.540666e+003,1.011783e+002
3.541148e+003,1.011798e+002
3.541630e+003,1.011322e+002
3.542112e+003,1.010354e+002
3.542594e+003,1.008976e+002
3.543076e+003,1.007326e+002
3.543559e+003,1.005571e+002
3.544041e+003,1.003876e+002
3.544523e+003,1.002392e+002
3.545005e+003,1.001241e+002
3.545487e+003,1.000517e+002
3.545969e+003,1.000287e+002
3.546451e+003,1.000574e+002
3.546933e+003,1.001351e+002
3.547416e+003,1.002527e+002
3.547897e+003,1.003949e+002
3.548380e+003,1.005418e+002
3.548862e+003,1.006717e+002
3.549344e+003,1.007645e+002
3.549826e+003,1.008051e+002
3.550308e+003,1.007870e+002
3.550790e+003,1.007152e+002
3.551272e+003,1.006060e+002
3.551754e+003,1.004843e+002
3.552237e+003,1.003773e+002
3.552719e+003,1.003076e+002
3.553201e+003,1.002886e+002
3.553683e+003,1.003226e+002
3.554165e+003,1.004023e+002
3.554647e+003,1.005134e+002
3.555129e+003,1.006374e+002
3.555611e+003,1.007551e+002
3.556094e+003,1.008486e+002
3.556576e+003,1.009043e+002
3.557058e+003,1.009142e+002
3.557540e+003,1.008773e+002
3.558022e+003,1.007988e+002
3.558504e+003,1.006887e+002
3.558986e+003,1.005594e+002
3.559468e+003,1.004231e+002
3.559951e+003,1.002899e+002
3.560433e+003,1.001664e+002
3.560915e+003,1.000552e+002
3.561397e+003,9.995538e+001
3.561879e+003,9.986283e+001
3.562361e+003,9.977133e+001
3.562843e+003,9.967304e+001
3.563325e+003,9.955972e+001
3.563808e+003,9.942467e+001
3.564290e+003,9.926622e+001
3.564771e+003,9.909219e+001
3.565254e+003,9.892411e+001
3.565736e+003,9.879717e+001
3.566218e+003,9.875253e+001
3.566700e+003,9.882236e+001
3.567182e+003,9.901440e+001
3.567665e+003,9.930659e+001
3.568146e+003,9.965536e+001
3.568628e+003,1.000119e+002
3.569111e+003,1.003356e+002
3.569593e+003,1.005986e+002
3.570075e+003,1.007842e+002
3.570557e+003,1.008834e+002
3.571039e+003,1.008933e+002
3.571521e+003,1.008184e+002
3.572003e+003,1.006721e+002
3.572485e+003,1.004780e+002
3.572968e+003,1.002670e+002
3.573450e+003,1.000720e+002
3.573932e+003,9.992183e+001
3.574414e+003,9.983514e+001
3.574896e+003,9.981721e+001
3.575378e+003,9.985995e+001
3.575860e+003,9.994501e+001
3.576342e+003,1.000491e+002
3.576825e+003,1.001494e+002
3.577307e+003,1.002285e+002
3.577789e+003,1.002761e+002
3.578271e+003,1.002883e+002
3.578753e+003,1.002658e+002
3.579235e+003,1.002116e+002
3.579717e+003,1.001301e+002
3.580199e+003,1.000281e+002
3.580682e+003,9.991595e+001
3.581164e+003,9.980775e+001
3.581646e+003,9.972000e+001
3.582128e+003,9.966764e+001
3.582610e+003,9.965951e+001
3.583092e+003,9.969434e+001
3.583574e+003,9.975915e+001
3.584056e+003,9.983120e+001
3.584539e+003,9.988352e+001
3.585021e+003,9.989356e+001
3.585502e+003,9.985303e+001
3.585985e+003,9.977413e+001
3.586467e+003,9.968851e+001
3.586949e+003,9.963522e+001
3.587431e+003,9.964323e+001
3.587913e+003,9.971921e+001
3.588396e+003,9.984818e+001
3.588877e+003,1.000050e+002
3.589359e+003,1.001670e+002
3.589842e+003,1.003187e+002
3.590324e+003,1.004500e+002
3.590806e+003,1.005504e+002
3.591288e+003,1.006061e+002
3.591770e+003,1.006015e+002
3.592252e+003,1.005253e+002
3.592734e+003,1.003781e+002
3.593216e+003,1.001770e+002
3.593699e+003,9.995335e+001
3.594181e+003,9.974367e+001
3.594663e+003,9.957827e+001
3.595145e+003,9.947195e+001
3.595627e+003,9.942185e+001
3.596109e+003,9.941209e+001
3.596591e+003,9.942271e+001
3.597073e+003,9.943867e+001
3.597556e+003,9.945580e+001
3.598038e+003,9.948129e+001
3.598520e+003,9.952923e+001
3.599002e+003,9.961275e+001
3.599484e+003,9.973603e+001
3.599966e+003,9.988974e+001
3.600448e+003,1.000523e+002
3.600930e+003,1.001967e+002
3.601413e+003,1.002999e+002
3.601895e+003,1.003491e+002
3.602377e+003,1.003431e+002
3.602859e+003,1.002893e+002
3.603341e+003,1.001987e+002
3.603823e+003,1.000823e+002
3.604305e+003,9.994966e+001
3.604787e+003,9.980990e+001
3.605270e+003,9.967284e+001
3.605751e+003,9.954947e+001
3.606234e+003,9.945061e+001
3.606716e+003,9.938383e+001
3.607198e+003,9.935025e+001
3.607680e+003,9.934286e+001
3.608162e+003,9.934787e+001
3.608644e+003,9.935010e+001
3.609126e+003,9.933899e+001
3.609608e+003,9.931212e+001
3.610091e+003,9.927290e+001
3.610573e+003,9.922430e+001
3.611055e+003,9.916222e+001
3.611537e+003,9.907309e+001
3.612019e+003,9.893816e+001
3.612501e+003,9.874388e+001
3.612983e+003,9.849348e+001
3.613465e+003,9.821269e+001
3.613948e+003,9.794506e+001
3.614430e+003,9.773927e+001
3.614912e+003,9.763481e+001
3.615394e+003,9.765213e+001
3.615876e+003,9.778865e+001
3.616358e+003,9.802076e+001
3.616840e+003,9.831058e+001
3.617322e+003,9.861640e+001
3.617805e+003,9.890388e+001
3.618287e+003,9.915378e+001
3.618769e+003,9.936140e+001
3.619251e+003,9.952919e+001
3.619733e+003,9.965797e+001
3.620215e+003,9.974454e+001
3.620697e+003,9.978561e+001
3.621179e+003,9.978251e+001
3.621662e+003,9.974281e+001
3.622144e+003,9.967801e+001
3.622625e+003,9.959966e+001
3.623108e+003,9.951642e+001
3.623590e+003,9.943291e+001
3.624072e+003,9.934995e+001
3.624554e+003,9.926536e+001
3.625036e+003,9.917424e+001
3.625519e+003,9.906900e+001
3.626000e+003,9.894100e+001
3.626482e+003,9.878613e+001
3.626965e+003,9.861613e+001
3.627447e+003,9.846970e+001
3.627929e+003,9.840985e+001
3.628411e+003,9.849419e+001
3.628893e+003,9.873132e+001
3.629375e+003,9.906329e+001
3.629857e+003,9.939669e+001
3.630339e+003,9.965510e+001
3.630822e+003,9.980753e+001
3.631304e+003,9.985999e+001
3.631786e+003,9.983141e+001
3.632268e+003,9.973571e+001
3.632750e+003,9.957706e+001
3.633232e+003,9.935519e+001
3.633714e+003,9.907440e+001
3.634196e+003,9.875056e+001
3.634679e+003,9.841263e+001
3.635161e+003,9.809795e+001
3.635643e+003,9.784486e+001
3.636125e+003,9.768453e+001
3.636607e+003,9.763470e+001
3.637089e+003,9.769512e+001
3.637571e+003,9.784559e+001
3.638053e+003,9.804764e+001
3.638536e+003,9.825100e+001
3.639018e+003,9.840386e+001
3.639500e+003,9.846490e+001
3.639982e+003,9.841216e+001
3.640464e+003,9.824631e+001
3.640946e+003,9.798730e+001
3.641428e+003,9.766682e+001
3.641910e+003,9.731990e+001
3.642393e+003,9.697874e+001
3.642875e+003,9.666997e+001
3.643357e+003,9.641436e+001
3.643839e+003,9.622723e+001
3.644321e+003,9.611813e+001
3.644803e+003,9.608948e+001
3.645285e+003,9.613444e+001
3.645767e+003,9.623527e+001
3.646250e+003,9.636360e+001
3.646731e+003,9.648447e+001
3.647214e+003,9.656669e+001
3.647696e+003,9.659769e+001
3.648178e+003,9.659663e+001
3.648660e+003,9.661436e+001
3.649142e+003,9.671324e+001
3.649624e+003,9.693371e+001
3.650106e+003,9.726778e+001
3.650588e+003,9.765813e+001
3.651071e+003,9.802432e+001
3.651553e+003,9.829749e+001
3.652035e+003,9.844158e+001
3.652517e+003,9.845321e+001
3.652999e+003,9.834779e+001
3.653481e+003,9.814555e+001
3.653963e+003,9.786600e+001
3.654445e+003,9.753204e+001
3.654928e+003,9.717775e+001
3.655410e+003,9.685050e+001
3.655892e+003,9.660198e+001
3.656374e+003,9.647225e+001
3.656856e+003,9.647712e+001
3.657338e+003,9.660571e+001
3.657820e+003,9.682635e+001
3.658302e+003,9.709463e+001
3.658785e+003,9.736108e+001
3.659267e+003,9.757926e+001
3.659749e+003,9.771573e+001
3.660231e+003,9.775896e+001
3.660713e+003,9.772230e+001
3.661195e+003,9.763733e+001
3.661677e+003,9.753984e+001
3.662159e+003,9.745567e+001
3.662642e+003,9.739301e+001
3.663124e+003,9.734411e+001
3.663605e+003,9.729401e+001
3.664088e+003,9.723114e+001
3.664570e+003,9.715466e+001
3.665052e+003,9.707505e+001
3.665534e+003,9.700871e+001
3.666016e+003,9.696844e+001
3.666499e+003,9.695486e+001
3.666980e+003,9.695215e+001
3.667462e+003,9.693142e+001
3.667945e+003,9.686217e+001
3.668427e+003,9.672843e+001
3.668909e+003,9.654033e+001
3.669391e+003,9.633061e+001
3.669873e+003,9.613682e+001
3.670355e+003,9.598390e+001
3.670837e+003,9.588072e+001
3.671319e+003,9.582876e+001
3.671802e+003,9.583061e+001
3.672284e+003,9.588995e+001
3.672766e+003,9.600558e+001
3.673248e+003,9.616833e+001
3.673730e+003,9.636487e+001
3.674212e+003,9.658365e+001
3.674694e+003,9.681019e+001
3.675176e+003,9.701270e+001
3.675659e+003,9.714494e+001
3.676141e+003,9.717830e+001
3.676623e+003,9.712986e+001
3.677105e+003,9.705817e+001
3.677587e+003,9.703334e+001
3.678069e+003,9.710411e+001
3.678551e+003,9.727726e+001
3.679033e+003,9.751475e+001
3.679516e+003,9.774732e+001
3.679998e+003,9.790081e+001
3.680479e+003,9.792471e+001
3.680962e+003,9.780863e+001
3.681444e+003,9.757885e+001
3.681926e+003,9.728076e+001
3.682408e+003,9.695982e+001
3.682890e+003,9.665103e+001
3.683373e+003,9.637844e+001
3.683854e+003,9.616090e+001
3.684336e+003,9.601710e+001
3.684819e+003,9.596603e+001
3.685301e+003,9.602164e+001
3.685783e+003,9.618456e+001
3.686265e+003,9.643418e+001
3.686747e+003,9.672453e+001
3.687229e+003,9.698816e+001
3.687711e+003,9.715262e+001
3.688193e+003,9.716854e+001
3.688676e+003,9.703873e+001
3.689158e+003,9.682683e+001
3.689640e+003,9.663561e+001
3.690122e+003,9.656583e+001
3.690604e+003,9.667796e+001
3.691086e+003,9.697194e+001
3.691568e+003,9.738922e+001
3.692050e+003,9.783473e+001
3.692533e+003,9.821005e+001
3.693015e+003,9.844416e+001
3.693497e+003,9.850944e+001
3.693979e+003,9.841945e+001
3.694461e+003,9.821429e+001
3.694943e+003,9.794250e+001
3.695425e+003,9.764725e+001
3.695907e+003,9.736028e+001
3.696390e+003,9.710285e+001
3.696872e+003,9.689082e+001
3.697354e+003,9.673900e+001
3.697836e+003,9.666199e+001
3.698318e+003,9.667125e+001
3.698800e+003,9.676975e+001
3.699282e+003,9.694720e+001
3.699764e+003,9.717735e+001
3.700247e+003,9.741985e+001
3.700729e+003,9.762752e+001
3.701211e+003,9.775914e+001
3.701693e+003,9.779334e+001
3.702175e+003,9.773601e+001
3.702657e+003,9.761662e+001
3.703139e+003,9.747549e+001
3.703621e+003,9.735001e+001
3.704104e+003,9.726550e+001
3.704585e+003,9.723221e+001
3.705068e+003,9.724735e+001
3.705550e+003,9.729926e+001
3.706032e+003,9.737225e+001
3.706514e+003,9.745062e+001
3.706996e+003,9.752114e+001
3.707478e+003,9.757353e+001
3.707960e+003,9.759970e+001
3.708442e+003,9.759260e+001
3.708925e+003,9.754633e+001
3.709407e+003,9.745823e+001
3.709889e+003,9.733289e+001
3.710371e+003,9.718555e+001
3.710853e+003,9.704141e+001
3.711335e+003,9.692897e+001
3.711817e+003,9.686990e+001
3.712299e+003,9.687135e+001
3.712782e+003,9.692598e+001
3.713264e+003,9.701729e+001
3.713746e+003,9.712619e+001
3.714228e+003,9.723484e+001
3.714710e+003,9.732783e+001
3.715192e+003,9.739288e+001
3.715674e+003,9.742222e+001
3.716156e+003,9.741446e+001
3.716639e+003,9.737556e+001
3.717121e+003,9.731722e+001
3.717603e+003,9.725258e+001
3.718085e+003,9.719086e+001
3.718567e+003,9.713422e+001
3.719049e+003,9.707867e+001
3.719531e+003,9.701949e+001
3.720013e+003,9.695797e+001
3.720496e+003,9.690668e+001
3.720978e+003,9.688905e+001
3.721459e+003,9.693259e+001
3.721942e+003,9.705720e+001
3.722424e+003,9.726492e+001
3.722906e+003,9.753706e+001
3.723388e+003,9.784055e+001
3.723870e+003,9.814046e+001
3.724353e+003,9.841129e+001
3.724834e+003,9.864100e+001
3.725316e+003,9.882629e+001
3.725799e+003,9.896139e+001
3.726281e+003,9.902958e+001
3.726763e+003,9.900481e+001
3.727245e+003,9.886459e+001
3.727727e+003,9.860564e+001
3.728209e+003,9.825200e+001
3.728691e+003,9.785136e+001
3.729173e+003,9.746332e+001
3.729656e+003,9.714494e+001
3.730138e+003,9.693764e+001
3.730620e+003,9.685719e+001
3.731102e+003,9.688885e+001
3.731584e+003,9.699033e+001
3.732066e+003,9.710451e+001
3.732548e+003,9.717888e+001
3.733030e+003,9.718494e+001
3.733513e+003,9.712877e+001
3.733995e+003,9.704744e+001
3.734477e+003,9.699026e+001
3.734959e+003,9.698954e+001
3.735441e+003,9.703638e+001
3.735923e+003,9.708327e+001
3.736405e+003,9.707760e+001
3.736887e+003,9.699989e+001
3.737370e+003,9.687553e+001
3.737852e+003,9.675660e+001
3.738333e+003,9.669319e+001
3.738816e+003,9.671270e+001
3.739298e+003,9.681466e+001
3.739780e+003,9.697907e+001
3.740262e+003,9.718024e+001
3.740744e+003,9.739857e+001
3.741227e+003,9.762289e+001
3.741708e+003,9.784414e+001
3.742190e+003,9.804386e+001
3.742673e+003,9.818542e+001
3.743155e+003,9.821255e+001
3.743637e+003,9.806190e+001
3.744119e+003,9.769630e+001
3.744601e+003,9.714662e+001
3.745083e+003,9.651804e+001
3.745565e+003,9.594714e+001
3.746047e+003,9.555305e+001
3.746530e+003,9.541100e+001
3.747012e+003,9.553916e+001
3.747494e+003,9.589173e+001
3.747976e+003,9.636020e+001
3.748458e+003,9.679292e+001
3.748940e+003,9.704182e+001
3.749422e+003,9.702862e+001
3.749904e+003,9.679101e+001
3.750387e+003,9.646473e+001
3.750869e+003,9.620470e+001
3.751351e+003,9.610375e+001
3.751833e+003,9.616022e+001
3.752315e+003,9.630166e+001
3.752797e+003,9.643681e+001
3.753279e+003,9.650234e+001
3.753761e+003,9.648361e+001
3.754244e+003,9.640657e+001
3.754726e+003,9.631352e+001
3.755208e+003,9.623692e+001
3.755690e+003,9.618176e+001
3.756172e+003,9.612215e+001
3.756654e+003,9.601405e+001
3.757136e+003,9.582007e+001
3.757618e+003,9.553561e+001
3.758101e+003,9.520161e+001
3.758583e+003,9.489528e+001
3.759065e+003,9.470309e+001
3.759547e+003,9.468824e+001
3.760029e+003,9.486626e+001
3.760511e+003,9.519894e+001
3.760993e+003,9.560886e+001
3.761475e+003,9.600659e+001
3.761958e+003,9.631645e+001
3.762439e+003,9.649082e+001
3.762922e+003,9.651254e+001
3.763404e+003,9.639152e+001
3.763886e+003,9.616062e+001
3.764368e+003,9.587009e+001
3.764850e+003,9.557813e+001
3.765332e+003,9.533846e+001
3.765814e+003,9.518958e+001
3.766296e+003,9.515024e+001
3.766779e+003,9.522115e+001
3.767261e+003,9.538897e+001
3.767743e+003,9.562993e+001
3.768225e+003,9.591258e+001
3.768707e+003,9.620089e+001
3.769189e+003,9.645873e+001
3.769671e+003,9.665635e+001
3.770153e+003,9.677788e+001
3.770636e+003,9.682602e+001
3.771118e+003,9.681986e+001
3.771600e+003,9.678621e+001
3.772082e+003,9.674944e+001
3.772564e+003,9.672406e+001
3.773046e+003,9.671267e+001
3.773528e+003,9.670807e+001
3.774010e+003,9.669819e+001
3.774493e+003,9.667177e+001
3.774975e+003,9.662245e+001
3.775457e+003,9.655075e+001
3.775939e+003,9.646324e+001
3.776421e+003,9.637000e+001
3.776903e+003,9.628166e+001
3.777385e+003,9.620736e+001
3.777867e+003,9.615298e+001
3.778350e+003,9.612082e+001
3.778832e+003,9.610970e+001
3.779313e+003,9.611637e+001
3.779796e+003,9.613802e+001
3.780278e+003,9.617509e+001
3.780760e+003,9.623199e+001
3.781242e+003,9.631497e+001
3.781724e+003,9.642706e+001
3.782207e+003,9.656218e+001
3.782688e+003,9.670193e+001
3.783170e+003,9.681719e+001
3.783653e+003,9.687595e+001
3.784135e+003,9.685513e+001
3.784617e+003,9.675157e+001
3.785099e+003,9.658640e+001
3.785581e+003,9.639972e+001
3.786063e+003,9.623936e+001
3.786545e+003,9.614802e+001
3.787027e+003,9.615389e+001
3.787510e+003,9.626579e+001
3.787992e+003,9.647269e+001
3.788474e+003,9.674641e+001
3.788956e+003,9.704668e+001
3.789438e+003,9.732738e+001
3.789920e+003,9.754378e+001
3.790402e+003,9.766006e+001
3.790884e+003,9.765659e+001
3.791367e+003,9.753474e+001
3.791849e+003,9.731718e+001
3.792331e+003,9.704264e+001
3.792813e+003,9.675623e+001
3.793295e+003,9.649883e+001
3.793777e+003,9.629966e+001
3.794259e+003,9.617343e+001
3.794741e+003,9.612159e+001
3.795224e+003,9.613611e+001
3.795706e+003,9.620331e+001
3.796188e+003,9.630657e+001
3.796670e+003,9.642813e+001
3.797152e+003,9.655021e+001
3.797634e+003,9.665501e+001
3.798116e+003,9.672282e+001
3.798598e+003,9.673024e+001
3.799081e+003,9.665278e+001
3.799563e+003,9.647662e+001
3.800044e+003,9.621669e+001
3.800527e+003,9.592702e+001
3.801009e+003,9.568743e+001
3.801491e+003,9.556942e+001
3.801973e+003,9.560660e+001
3.802455e+003,9.579094e+001
3.802938e+003,9.608987e+001
3.803419e+003,9.646342e+001
3.803901e+003,9.686926e+001
3.804384e+003,9.725911e+001
3.804866e+003,9.757882e+001
3.805348e+003,9.777946e+001
3.805830e+003,9.783592e+001
3.806312e+003,9.776045e+001
3.806794e+003,9.759801e+001
3.807276e+003,9.740559e+001
3.807758e+003,9.723065e+001
3.808241e+003,9.710092e+001
3.808723e+003,9.702477e+001
3.809205e+003,9.699596e+001
3.809687e+003,9.699848e+001
3.810169e+003,9.701278e+001
3.810651e+003,9.702346e+001
3.811133e+003,9.702569e+001
3.811615e+003,9.702599e+001
3.812098e+003,9.703629e+001
3.812580e+003,9.706286e+001
3.813062e+003,9.709678e+001
3.813544e+003,9.711015e+001
3.814026e+003,9.706242e+001
3.814508e+003,9.691636e+001
3.814990e+003,9.665900e+001
3.815472e+003,9.631665e+001
3.815955e+003,9.595232e+001
3.816437e+003,9.564379e+001
3.816919e+003,9.545631e+001
3.817401e+003,9.542630e+001
3.817883e+003,9.555821e+001
3.818365e+003,9.582563e+001
3.818847e+003,9.617358e+001
3.819329e+003,9.652540e+001
3.819812e+003,9.679815e+001
3.820293e+003,9.692500e+001
3.820776e+003,9.687695e+001
3.821258e+003,9.667281e+001
3.821740e+003,9.637121e+001
3.822222e+003,9.604883e+001
3.822704e+003,9.577892e+001
3.823186e+003,9.561864e+001
3.823668e+003,9.560298e+001
3.824150e+003,9.574205e+001
3.824633e+003,9.602137e+001
3.825115e+003,9.640373e+001
3.825597e+003,9.683289e+001
3.826079e+003,9.724067e+001
3.826561e+003,9.755879e+001
3.827043e+003,9.773389e+001
3.827525e+003,9.773911e+001
3.828007e+003,9.757713e+001
3.828490e+003,9.727520e+001
3.828972e+003,9.687730e+001
3.829454e+003,9.643792e+001
3.829936e+003,9.601692e+001
3.830418e+003,9.567270e+001
3.830900e+003,9.545116e+001
3.831382e+003,9.537330e+001
3.831864e+003,9.542776e+001
3.832347e+003,9.557455e+001
3.832829e+003,9.575987e+001
3.833311e+003,9.593531e+001
3.833793e+003,9.607217e+001
3.834275e+003,9.616599e+001
3.834757e+003,9.623022e+001
3.835239e+003,9.628369e+001
3.835721e+003,9.633640e+001
3.836204e+003,9.638107e+001
3.836686e+003,9.639384e+001
3.837167e+003,9.634633e+001
3.837650e+003,9.622392e+001
3.838132e+003,9.604041e+001
3.838614e+003,9.583926e+001
3.839096e+003,9.567996e+001
3.839578e+003,9.561782e+001
3.840061e+003,9.568769e+001
3.840542e+003,9.589694e+001
3.841024e+003,9.622636e+001
3.841507e+003,9.663583e+001
3.841989e+003,9.707182e+001
3.842471e+003,9.747569e+001
3.842953e+003,9.779199e+001
3.843435e+003,9.797689e+001
3.843917e+003,9.800519e+001
3.844399e+003,9.787437e+001
3.844881e+003,9.760416e+001
3.845364e+003,9.723121e+001
3.845846e+003,9.680112e+001
3.846328e+003,9.635973e+001
3.846810e+003,9.594529e+001
3.847292e+003,9.558395e+001
3.847774e+003,9.528899e+001
3.848256e+003,9.506420e+001
3.848738e+003,9.490998e+001
3.849221e+003,9.482965e+001
3.849703e+003,9.483335e+001
3.850185e+003,9.493865e+001
3.850667e+003,9.516808e+001
3.851149e+003,9.554511e+001
3.851631e+003,9.608743e+001
3.852113e+003,9.678994e+001
3.852595e+003,9.759296e+001
3.853078e+003,9.835789e+001
3.853560e+003,9.890480e+001
3.854042e+003,9.911569e+001
3.854524e+003,9.900978e+001
3.855006e+003,9.871885e+001
3.855488e+003,9.840294e+001
3.855970e+003,9.817760e+001
3.856452e+003,9.808350e+001
3.856935e+003,9.809131e+001
3.857417e+003,9.812716e+001
3.857899e+003,9.810664e+001
3.858381e+003,9.796605e+001
3.858863e+003,9.768125e+001
3.859345e+003,9.726984e+001
3.859827e+003,9.677943e+001
3.860309e+003,9.626999e+001
3.860792e+003,9.579758e+001
3.861273e+003,9.540409e+001
3.861756e+003,9.511430e+001
3.862238e+003,9.493839e+001
3.862720e+003,9.487683e+001
3.863202e+003,9.492313e+001
3.863684e+003,9.506210e+001
3.864166e+003,9.526562e+001
3.864648e+003,9.549205e+001
3.865130e+003,9.569546e+001
3.865613e+003,9.584177e+001
3.866095e+003,9.592206e+001
3.866577e+003,9.595342e+001
3.867059e+003,9.596861e+001
3.867541e+003,9.600149e+001
3.868023e+003,9.607548e+001
3.868505e+003,9.619585e+001
3.868987e+003,9.634439e+001
3.869470e+003,9.648092e+001
3.869952e+003,9.655934e+001
3.870434e+003,9.655537e+001
3.870916e+003,9.648578e+001
3.871398e+003,9.640402e+001
3.871880e+003,9.637693e+001
3.872362e+003,9.645647e+001
3.872844e+003,9.665794e+001
3.873327e+003,9.694919e+001
3.873809e+003,9.725623e+001
3.874291e+003,9.748792e+001
3.874773e+003,9.757301e+001
3.875255e+003,9.748814e+001
3.875737e+003,9.725954e+001
3.876219e+003,9.694156e+001
3.876701e+003,9.659016e+001
3.877184e+003,9.624598e+001
3.877666e+003,9.593138e+001
3.878147e+003,9.565816e+001
3.878630e+003,9.543913e+001
3.879112e+003,9.529546e+001
3.879594e+003,9.525374e+001
3.880076e+003,9.533234e+001
3.880558e+003,9.552505e+001
3.881041e+003,9.579452e+001
3.881522e+003,9.608193e+001
3.882004e+003,9.632698e+001
3.882487e+003,9.648701e+001
3.882969e+003,9.654749e+001
3.883451e+003,9.652447e+001
3.883933e+003,9.646056e+001
3.884415e+003,9.641283e+001
3.884897e+003,9.642992e+001
3.885379e+003,9.652642e+001
3.885861e+003,9.667365e+001
3.886344e+003,9.681785e+001
3.886826e+003,9.691225e+001
3.887308e+003,9.693886e+001
3.887790e+003,9.690951e+001
3.888272e+003,9.685339e+001
3.888754e+003,9.680323e+001
3.889236e+003,9.678659e+001
3.889718e+003,9.682063e+001
3.890201e+003,9.690702e+001
3.890683e+003,9.702732e+001
3.891165e+003,9.714445e+001
3.891647e+003,9.721523e+001
3.892129e+003,9.720820e+001
3.892611e+003,9.711567e+001
3.893093e+003,9.695321e+001
3.893575e+003,9.675044e+001
3.894058e+003,9.654026e+001
3.894540e+003,9.635114e+001
3.895021e+003,9.620327e+001
3.895504e+003,9.610741e+001
3.895986e+003,9.606448e+001
3.896468e+003,9.606531e+001
3.896950e+003,9.609099e+001
3.897432e+003,9.611472e+001
3.897915e+003,9.610708e+001
3.898396e+003,9.604459e+001
3.898878e+003,9.591985e+001
3.899361e+003,9.574872e+001
3.899843e+003,9.556984e+001
3.900325e+003,9.543597e+001
3.900807e+003,9.539960e+001
3.901289e+003,9.549778e+001
3.901771e+003,9.574051e+001
3.902253e+003,9.610400e+001
3.902735e+003,9.653199e+001
3.903218e+003,9.694737e+001
3.903700e+003,9.727440e+001
3.904182e+003,9.746474e+001
3.904664e+003,9.751398e+001
3.905146e+003,9.745851e+001
3.905628e+003,9.735589e+001
3.906110e+003,9.726023e+001
3.906592e+003,9.720459e+001
3.907075e+003,9.719455e+001
3.907557e+003,9.721203e+001
3.908039e+003,9.722598e+001
3.908521e+003,9.720555e+001
3.909003e+003,9.713126e+001
3.909485e+003,9.700108e+001
3.909967e+003,9.682897e+001
3.910449e+003,9.663807e+001
3.910932e+003,9.645191e+001
3.911414e+003,9.628775e+001
3.911896e+003,9.615451e+001
3.912378e+003,9.605460e+001
3.912860e+003,9.598769e+001
3.913342e+003,9.595390e+001
3.913824e+003,9.595435e+001
3.914306e+003,9.598955e+001
3.914789e+003,9.605629e+001
3.915271e+003,9.614483e+001
3.915753e+003,9.623870e+001
3.916235e+003,9.631818e+001
3.916717e+003,9.636735e+001
3.917199e+003,9.638186e+001
3.917681e+003,9.637279e+001
3.918163e+003,9.636360e+001
3.918646e+003,9.638121e+001
3.919127e+003,9.644482e+001
3.919610e+003,9.655762e+001
3.920092e+003,9.670448e+001
3.920574e+003,9.685635e+001
3.921056e+003,9.697980e+001
3.921538e+003,9.704775e+001
3.922020e+003,9.704744e+001
3.922502e+003,9.698275e+001
3.922984e+003,9.687109e+001
3.923467e+003,9.673576e+001
3.923949e+003,9.659710e+001
3.924431e+003,9.646635e+001
3.924913e+003,9.634454e+001
3.925395e+003,9.622726e+001
3.925877e+003,9.611153e+001
3.926359e+003,9.600075e+001
3.926841e+003,9.590517e+001
3.927324e+003,9.583818e+001
3.927806e+003,9.581077e+001
3.928288e+003,9.582651e+001
3.928770e+003,9.587931e+001
3.929252e+003,9.595477e+001
3.929734e+003,9.603513e+001
3.930216e+003,9.610630e+001
3.930698e+003,9.616334e+001
3.931181e+003,9.621199e+001
3.931663e+003,9.626555e+001
3.932145e+003,9.633780e+001
3.932627e+003,9.643654e+001
3.933109e+003,9.656017e+001
3.933591e+003,9.669902e+001
3.934073e+003,9.683961e+001
3.934555e+003,9.696924e+001
3.935038e+003,9.707845e+001
3.935520e+003,9.716117e+001
3.936001e+003,9.721341e+001
3.936484e+003,9.723159e+001
3.936966e+003,9.721230e+001
3.937448e+003,9.715343e+001
3.937930e+003,9.705598e+001
3.938412e+003,9.692588e+001
3.938895e+003,9.677442e+001
3.939376e+003,9.661710e+001
3.939858e+003,9.647104e+001
3.940341e+003,9.635216e+001
3.940823e+003,9.627242e+001
3.941305e+003,9.623775e+001
3.941787e+003,9.624683e+001
3.942269e+003,9.629131e+001
3.942751e+003,9.635774e+001
3.943233e+003,9.643050e+001
3.943715e+003,9.649504e+001
3.944198e+003,9.654057e+001
3.944680e+003,9.656080e+001
3.945162e+003,9.655412e+001
3.945644e+003,9.652289e+001
3.946126e+003,9.647344e+001
3.946608e+003,9.641583e+001
3.947090e+003,9.636295e+001
3.947572e+003,9.632804e+001
3.948055e+003,9.632155e+001
3.948537e+003,9.634779e+001
3.949019e+003,9.640366e+001
3.949501e+003,9.647978e+001
3.949983e+003,9.656387e+001
3.950465e+003,9.664436e+001
3.950947e+003,9.671357e+001
3.951429e+003,9.676866e+001
3.951912e+003,9.681087e+001
3.952394e+003,9.684336e+001
3.952875e+003,9.686869e+001
3.953358e+003,9.688701e+001
3.953840e+003,9.689554e+001
3.954322e+003,9.688969e+001
3.954804e+003,9.686527e+001
3.955286e+003,9.682083e+001
3.955769e+003,9.675929e+001
3.956250e+003,9.668820e+001
3.956732e+003,9.661829e+001
3.957215e+003,9.656104e+001
3.957697e+003,9.652587e+001
3.958179e+003,9.651785e+001
3.958661e+003,9.653650e+001
3.959143e+003,9.657606e+001
3.959625e+003,9.662706e+001
3.960107e+003,9.667867e+001
3.960589e+003,9.672158e+001
3.961072e+003,9.675037e+001
3.961554e+003,9.676432e+001
3.962036e+003,9.676713e+001
3.962518e+003,9.676508e+001
3.963000e+003,9.676450e+001
3.963482e+003,9.676978e+001
3.963964e+003,9.678224e+001
3.964446e+003,9.680030e+001
3.964929e+003,9.682054e+001
3.965411e+003,9.683918e+001
3.965893e+003,9.685328e+001
3.966375e+003,9.686147e+001
3.966857e+003,9.686375e+001
3.967339e+003,9.686076e+001
3.967821e+003,9.685310e+001
3.968303e+003,9.684109e+001
3.968786e+003,9.682474e+001
3.969268e+003,9.680463e+001
3.969750e+003,9.678231e+001
3.970232e+003,9.676058e+001
3.970714e+003,9.674294e+001
3.971196e+003,9.673259e+001
3.971678e+003,9.673150e+001
3.972160e+003,9.673956e+001
3.972643e+003,9.675469e+001
3.973125e+003,9.677336e+001
3.973607e+003,9.679173e+001
3.974089e+003,9.680677e+001
3.974571e+003,9.681681e+001
3.975053e+003,9.682182e+001
3.975535e+003,9.682314e+001
3.976017e+003,9.682279e+001
3.976500e+003,9.682294e+001
3.976981e+003,9.682552e+001
3.977464e+003,9.683187e+001
3.977946e+003,9.684268e+001
3.978428e+003,9.685784e+001
3.978910e+003,9.687636e+001
3.979392e+003,9.689643e+001
3.979874e+003,9.691594e+001
3.980356e+003,9.693269e+001
3.980838e+003,9.694527e+001
3.981321e+003,9.695332e+001
3.981803e+003,9.695773e+001
3.982285e+003,9.696044e+001
3.982767e+003,9.696370e+001
3.983249e+003,9.696934e+001
3.983731e+003,9.697817e+001
3.984213e+003,9.698956e+001
3.984695e+003,9.700137e+001
3.985178e+003,9.701041e+001
3.985660e+003,9.701301e+001
3.986142e+003,9.700595e+001
3.986624e+003,9.698732e+001
3.987106e+003,9.695724e+001
3.987588e+003,9.691843e+001
3.988070e+003,9.687580e+001
3.988552e+003,9.683590e+001
3.989035e+003,9.680530e+001
3.989517e+003,9.678889e+001
3.989999e+003,9.678840e+001
3.990481e+003,9.680166e+001
3.990963e+003,9.682312e+001
3.991445e+003,9.684561e+001
3.991927e+003,9.686258e+001
3.992409e+003,9.687016e+001
3.992892e+003,9.686835e+001
3.993374e+003,9.686092e+001
3.993855e+003,9.685372e+001
3.994338e+003,9.685258e+001
3.994820e+003,9.686134e+001
3.995302e+003,9.688057e+001
3.995784e+003,9.690778e+001
3.996266e+003,9.693854e+001
3.996749e+003,9.696806e+001
3.997230e+003,9.699265e+001
3.997712e+003,9.701038e+001
3.998195e+003,9.702109e+001
3.998677e+003,9.702567e+001
3.999159e+003,9.702555e+001
3.999641e+003,9.702210e+001
4.000123e+003,9.701656e+001
