3.996747e+002,0.000000e+000
4.001569e+002,1.039342e+002
4.006390e+002,1.033945e+002
4.011211e+002,1.028975e+002
4.016032e+002,1.025370e+002
4.020853e+002,1.023687e+002
4.025674e+002,1.024021e+002
4.030496e+002,1.026044e+002
4.035317e+002,1.029165e+002
4.040138e+002,1.032713e+002
4.044959e+002,1.036073e+002
4.049780e+002,1.038744e+002
4.054601e+002,1.040387e+002
4.059423e+002,1.040885e+002
4.064244e+002,1.040415e+002
4.069065e+002,1.039476e+002
4.073886e+002,1.038804e+002
4.078707e+002,1.039204e+002
4.083528e+002,1.041331e+002
4.088350e+002,1.045274e+002
4.093171e+002,1.050900e+002
4.097992e+002,1.057940e+002
4.102813e+002,1.066224e+002
4.107634e+002,1.073015e+002
4.112455e+002,1.078450e+002
4.117277e+002,1.081965e+002
4.122098e+002,1.084177e+002
4.126919e+002,1.085088e+002
4.131740e+002,1.084877e+002
4.136561e+002,1.083369e+002
4.141382e+002,1.081995e+002
4.146204e+002,1.079686e+002
4.151025e+002,1.076480e+002
4.155846e+002,1.072791e+002
4.160667e+002,1.068722e+002
4.165488e+002,1.064199e+002
4.170309e+002,1.059136e+002
4.175131e+002,1.054029e+002
4.179952e+002,1.048810e+002
4.184773e+002,1.044944e+002
4.189594e+002,1.042364e+002
4.194415e+002,1.042450e+002
4.199236e+002,1.044866e+002
4.204058e+002,1.048756e+002
4.208879e+002,1.052981e+002
4.213700e+002,1.056687e+002
4.218521e+002,1.059544e+002
4.223342e+002,1.059997e+002
4.228163e+002,1.059325e+002
4.232985e+002,1.058174e+002
4.237806e+002,1.058447e+002
4.242627e+002,1.059324e+002
4.247448e+002,1.061348e+002
4.252269e+002,1.064556e+002
4.257090e+002,1.068292e+002
4.261912e+002,1.071100e+002
4.266733e+002,1.072832e+002
4.271554e+002,1.073350e+002
4.276375e+002,1.072680e+002
4.281196e+002,1.071130e+002
4.286017e+002,1.069285e+002
4.290839e+002,1.067168e+002
4.295660e+002,1.065521e+002
4.300481e+002,1.063704e+002
4.305302e+002,1.062580e+002
4.310123e+002,1.062723e+002
4.314944e+002,1.064361e+002
4.319766e+002,1.067456e+002
4.324587e+002,1.071550e+002
4.329408e+002,1.075835e+002
4.334229e+002,1.079544e+002
4.339050e+002,1.081828e+002
4.343871e+002,1.082480e+002
4.348693e+002,1.081648e+002
4.353514e+002,1.079913e+002
4.358335e+002,1.078000e+002
4.363156e+002,1.076437e+002
4.367977e+002,1.075544e+002
4.372798e+002,1.075833e+002
4.377620e+002,1.076531e+002
4.382441e+002,1.077455e+002
4.387262e+002,1.078626e+002
4.392083e+002,1.079752e+002
4.396904e+002,1.080735e+002
4.401725e+002,1.081756e+002
4.406547e+002,1.082403e+002
4.411368e+002,1.082799e+002
4.416189e+002,1.082709e+002
4.421010e+002,1.082308e+002
4.425831e+002,1.082025e+002
4.430652e+002,1.082375e+002
4.435474e+002,1.083824e+002
4.440295e+002,1.086572e+002
4.445116e+002,1.088018e+002
4.449937e+002,1.091134e+002
4.454758e+002,1.093925e+002
4.459579e+002,1.095933e+002
4.464401e+002,1.097004e+002
4.469222e+002,1.097327e+002
4.474043e+002,1.097165e+002
4.478864e+002,1.096753e+002
4.483685e+002,1.096778e+002
4.488506e+002,1.095541e+002
4.493328e+002,1.094218e+002
4.498149e+002,1.094002e+002
4.502970e+002,1.093828e+002
4.507791e+002,1.094273e+002
4.512612e+002,1.095473e+002
4.517433e+002,1.097351e+002
4.522255e+002,1.099542e+002
4.527076e+002,1.101665e+002
4.531897e+002,1.103940e+002
4.536718e+002,1.105188e+002
4.541539e+002,1.105691e+002
4.546360e+002,1.105507e+002
4.551182e+002,1.104700e+002
4.556003e+002,1.103330e+002
4.560824e+002,1.101244e+002
4.565645e+002,1.098359e+002
4.570466e+002,1.095105e+002
4.575287e+002,1.091374e+002
4.580109e+002,1.087995e+002
4.584930e+002,1.085501e+002
4.589751e+002,1.084708e+002
4.594572e+002,1.085503e+002
4.599393e+002,1.087189e+002
4.604214e+002,1.089947e+002
4.609036e+002,1.093119e+002
4.613857e+002,1.096433e+002
4.618678e+002,1.099723e+002
4.623499e+002,1.103081e+002
4.628320e+002,1.106537e+002
4.633141e+002,1.109719e+002
4.637963e+002,1.112450e+002
4.642784e+002,1.114981e+002
4.647605e+002,1.116700e+002
4.652426e+002,1.118086e+002
4.657247e+002,1.118133e+002
4.662068e+002,1.117757e+002
4.666890e+002,1.117394e+002
4.671711e+002,1.117782e+002
4.676532e+002,1.118887e+002
4.681353e+002,1.120706e+002
4.686174e+002,1.123086e+002
4.690995e+002,1.126114e+002
4.695817e+002,1.128853e+002
4.700638e+002,1.131432e+002
4.705459e+002,1.133492e+002
4.710280e+002,1.134820e+002
4.715101e+002,1.135841e+002
4.719922e+002,1.136384e+002
4.724744e+002,1.136730e+002
4.729565e+002,1.137390e+002
4.734386e+002,1.137678e+002
4.739207e+002,1.138439e+002
4.744028e+002,1.139331e+002
4.748849e+002,1.139996e+002
4.753671e+002,1.140526e+002
4.758492e+002,1.140705e+002
4.763313e+002,1.139672e+002
4.768134e+002,1.137915e+002
4.772955e+002,1.135698e+002
4.777776e+002,1.133520e+002
4.782598e+002,1.131663e+002
4.787419e+002,1.130599e+002
4.792240e+002,1.130718e+002
4.797061e+002,1.130801e+002
4.801882e+002,1.130846e+002
4.806703e+002,1.131108e+002
4.811525e+002,1.131397e+002
4.816346e+002,1.131719e+002
4.821167e+002,1.132342e+002
4.825988e+002,1.132976e+002
4.830809e+002,1.133642e+002
4.835630e+002,1.134782e+002
4.840452e+002,1.136035e+002
4.845273e+002,1.137007e+002
4.850094e+002,1.138072e+002
4.854915e+002,1.139303e+002
4.859736e+002,1.141072e+002
4.864557e+002,1.142128e+002
4.869379e+002,1.143157e+002
4.874200e+002,1.144133e+002
4.879021e+002,1.144371e+002
4.883842e+002,1.144141e+002
4.888663e+002,1.143558e+002
4.893484e+002,1.142806e+002
4.898306e+002,1.142091e+002
4.903127e+002,1.141619e+002
4.907948e+002,1.141297e+002
4.912769e+002,1.141045e+002
4.917590e+002,1.140990e+002
4.922411e+002,1.140763e+002
4.927233e+002,1.140738e+002
4.932054e+002,1.140940e+002
4.936875e+002,1.141379e+002
4.941696e+002,1.141681e+002
4.946517e+002,1.142065e+002
4.951339e+002,1.142012e+002
4.956160e+002,1.141616e+002
4.960981e+002,1.140521e+002
4.965802e+002,1.139051e+002
4.970623e+002,1.137422e+002
4.975444e+002,1.136079e+002
4.980266e+002,1.135114e+002
4.985087e+002,1.134928e+002
4.989908e+002,1.134879e+002
4.994729e+002,1.134473e+002
4.999550e+002,1.134428e+002
5.004371e+002,1.134055e+002
5.009193e+002,1.133928e+002
5.014014e+002,1.133873e+002
5.018835e+002,1.134078e+002
5.023656e+002,1.135276e+002
5.028477e+002,1.136610e+002
5.033299e+002,1.137900e+002
5.038120e+002,1.139151e+002
5.042941e+002,1.139801e+002
5.047762e+002,1.140048e+002
5.052583e+002,1.140030e+002
5.057404e+002,1.139895e+002
5.062226e+002,1.139857e+002
5.067047e+002,1.139746e+002
5.071868e+002,1.139828e+002
5.076689e+002,1.140086e+002
5.081510e+002,1.140664e+002
5.086331e+002,1.141547e+002
5.091153e+002,1.142947e+002
5.095974e+002,1.144020e+002
5.100795e+002,1.144491e+002
5.105616e+002,1.144469e+002
5.110437e+002,1.143791e+002
5.115258e+002,1.143010e+002
5.120079e+002,1.142135e+002
5.124901e+002,1.141801e+002
5.129722e+002,1.142013e+002
5.134543e+002,1.141930e+002
5.139364e+002,1.142028e+002
5.144185e+002,1.142058e+002
5.149006e+002,1.141828e+002
5.153828e+002,1.141299e+002
5.158649e+002,1.140618e+002
5.163470e+002,1.140389e+002
5.168291e+002,1.140746e+002
5.173112e+002,1.141169e+002
5.177933e+002,1.142220e+002
5.182755e+002,1.142111e+002
5.187576e+002,1.143142e+002
5.192397e+002,1.144385e+002
5.197218e+002,1.145243e+002
5.202039e+002,1.145634e+002
5.206860e+002,1.145533e+002
5.211682e+002,1.144939e+002
5.216503e+002,1.143856e+002
5.221324e+002,1.142326e+002
5.226145e+002,1.140394e+002
5.230966e+002,1.138590e+002
5.235787e+002,1.136586e+002
5.240609e+002,1.134665e+002
5.245430e+002,1.133462e+002
5.250251e+002,1.132197e+002
5.255072e+002,1.131027e+002
5.259893e+002,1.129873e+002
5.264714e+002,1.128553e+002
5.269536e+002,1.127375e+002
5.274357e+002,1.125977e+002
5.279178e+002,1.124720e+002
5.283999e+002,1.123994e+002
5.288821e+002,1.123655e+002
5.293641e+002,1.123668e+002
5.298463e+002,1.123903e+002
5.303284e+002,1.124189e+002
5.308105e+002,1.124363e+002
5.312926e+002,1.124303e+002
5.317748e+002,1.123942e+002
5.322568e+002,1.123250e+002
5.327390e+002,1.122227e+002
5.332211e+002,1.120899e+002
5.337032e+002,1.119338e+002
5.341853e+002,1.117660e+002
5.346675e+002,1.116020e+002
5.351495e+002,1.114581e+002
5.356317e+002,1.113457e+002
5.361138e+002,1.112669e+002
5.365959e+002,1.112141e+002
5.370780e+002,1.111738e+002
5.375602e+002,1.111339e+002
5.380422e+002,1.110893e+002
5.385244e+002,1.110448e+002
5.390065e+002,1.110471e+002
5.394886e+002,1.110469e+002
5.399707e+002,1.110738e+002
5.404529e+002,1.111277e+002
5.409349e+002,1.111921e+002
5.414171e+002,1.112214e+002
5.418992e+002,1.112143e+002
5.423813e+002,1.111852e+002
5.428634e+002,1.111144e+002
5.433456e+002,1.110124e+002
5.438276e+002,1.109340e+002
5.443098e+002,1.108138e+002
5.447919e+002,1.106939e+002
5.452740e+002,1.105613e+002
5.457561e+002,1.104780e+002
5.462383e+002,1.104177e+002
5.467203e+002,1.103606e+002
5.472025e+002,1.103286e+002
5.476846e+002,1.103184e+002
5.481667e+002,1.103253e+002
5.486488e+002,1.103539e+002
5.491310e+002,1.103746e+002
5.496130e+002,1.103901e+002
5.500952e+002,1.104060e+002
5.505773e+002,1.104317e+002
5.510594e+002,1.104738e+002
5.515415e+002,1.105335e+002
5.520237e+002,1.105760e+002
5.525057e+002,1.105755e+002
5.529879e+002,1.105791e+002
5.534700e+002,1.105577e+002
5.539521e+002,1.104859e+002
5.544342e+002,1.103910e+002
5.549164e+002,1.103000e+002
5.553984e+002,1.102243e+002
5.558806e+002,1.101671e+002
5.563627e+002,1.101342e+002
5.568448e+002,1.100918e+002
5.573269e+002,1.100221e+002
5.578091e+002,1.099181e+002
5.582911e+002,1.097870e+002
5.587733e+002,1.096813e+002
5.592554e+002,1.095969e+002
5.597375e+002,1.094928e+002
5.602196e+002,1.094149e+002
5.607018e+002,1.093555e+002
5.611838e+002,1.092926e+002
5.616660e+002,1.091970e+002
5.621481e+002,1.091265e+002
5.626302e+002,1.090706e+002
5.631123e+002,1.090147e+002
5.635945e+002,1.089603e+002
5.640765e+002,1.089057e+002
5.645587e+002,1.088491e+002
5.650408e+002,1.087919e+002
5.655229e+002,1.087411e+002
5.660050e+002,1.087087e+002
5.664872e+002,1.087069e+002
5.669692e+002,1.087419e+002
5.674514e+002,1.088092e+002
5.679335e+002,1.088935e+002
5.684156e+002,1.090262e+002
5.688977e+002,1.090813e+002
5.693799e+002,1.091264e+002
5.698619e+002,1.091144e+002
5.703441e+002,1.090792e+002
5.708262e+002,1.090491e+002
5.713083e+002,1.090197e+002
5.717904e+002,1.089912e+002
5.722726e+002,1.089572e+002
5.727546e+002,1.089312e+002
5.732368e+002,1.088679e+002
5.737189e+002,1.087891e+002
5.742010e+002,1.087018e+002
5.746831e+002,1.086133e+002
5.751653e+002,1.085274e+002
5.756473e+002,1.084430e+002
5.761295e+002,1.083564e+002
5.766116e+002,1.082656e+002
5.770938e+002,1.081745e+002
5.775758e+002,1.080928e+002
5.780580e+002,1.080325e+002
5.785400e+002,1.080024e+002
5.790222e+002,1.080033e+002
5.795043e+002,1.080267e+002
5.799865e+002,1.080574e+002
5.804685e+002,1.080790e+002
5.809507e+002,1.080803e+002
5.814327e+002,1.080576e+002
5.819149e+002,1.080139e+002
5.823970e+002,1.079540e+002
5.828792e+002,1.078802e+002
5.833612e+002,1.077902e+002
5.838434e+002,1.076789e+002
5.843254e+002,1.075421e+002
5.848076e+002,1.073800e+002
5.852897e+002,1.071974e+002
5.857719e+002,1.070003e+002
5.862539e+002,1.067891e+002
5.867361e+002,1.065539e+002
5.872181e+002,1.062695e+002
5.877003e+002,1.059116e+002
5.881824e+002,1.054609e+002
5.886646e+002,1.049140e+002
5.891466e+002,1.042891e+002
5.896288e+002,1.036279e+002
5.901108e+002,1.029912e+002
5.905930e+002,1.024492e+002
5.910751e+002,1.020689e+002
5.915573e+002,1.018994e+002
5.920393e+002,1.019601e+002
5.925215e+002,1.022353e+002
5.930035e+002,1.026771e+002
5.934857e+002,1.032160e+002
5.939678e+002,1.037751e+002
5.944500e+002,1.042867e+002
5.949320e+002,1.047043e+002
5.954142e+002,1.050100e+002
5.958962e+002,1.052147e+002
5.963784e+002,1.053497e+002
5.968605e+002,1.054546e+002
5.973427e+002,1.055630e+002
5.978247e+002,1.056925e+002
5.983069e+002,1.058419e+002
5.987889e+002,1.059948e+002
5.992711e+002,1.061285e+002
5.997532e+002,1.062234e+002
6.002354e+002,1.062689e+002
6.007174e+002,1.062639e+002
6.011996e+002,1.062131e+002
6.016816e+002,1.061213e+002
6.021638e+002,1.059901e+002
6.026459e+002,1.058193e+002
6.031281e+002,1.056105e+002
6.036101e+002,1.053726e+002
6.040923e+002,1.051235e+002
6.045743e+002,1.048892e+002
6.050565e+002,1.046973e+002
6.055386e+002,1.045700e+002
6.060208e+002,1.045189e+002
6.065029e+002,1.045435e+002
6.069850e+002,1.046338e+002
6.074671e+002,1.047752e+002
6.079492e+002,1.049523e+002
6.084313e+002,1.051512e+002
6.089135e+002,1.053585e+002
6.093956e+002,1.055599e+002
6.098777e+002,1.057400e+002
6.103598e+002,1.058846e+002
6.108419e+002,1.059837e+002
6.113240e+002,1.060361e+002
6.118062e+002,1.060498e+002
6.122883e+002,1.060400e+002
6.127704e+002,1.060239e+002
6.132525e+002,1.060150e+002
6.137346e+002,1.060196e+002
6.142167e+002,1.060366e+002
6.146989e+002,1.060604e+002
6.151810e+002,1.060849e+002
6.156631e+002,1.061067e+002
6.161452e+002,1.061249e+002
6.166273e+002,1.061396e+002
6.171094e+002,1.061491e+002
6.175916e+002,1.061489e+002
6.180737e+002,1.061332e+002
6.185558e+002,1.060989e+002
6.190379e+002,1.060484e+002
6.195200e+002,1.059905e+002
6.200021e+002,1.059386e+002
6.204843e+002,1.059057e+002
6.209664e+002,1.059009e+002
6.214485e+002,1.059255e+002
6.219306e+002,1.059742e+002
6.224127e+002,1.060378e+002
6.228948e+002,1.061072e+002
6.233770e+002,1.061768e+002
6.238591e+002,1.062445e+002
6.243412e+002,1.063099e+002
6.248233e+002,1.063719e+002
6.253054e+002,1.064264e+002
6.257875e+002,1.064678e+002
6.262697e+002,1.064911e+002
6.267518e+002,1.064949e+002
6.272339e+002,1.064829e+002
6.277160e+002,1.064625e+002
6.281981e+002,1.064421e+002
6.286802e+002,1.064270e+002
6.291624e+002,1.064187e+002
6.296445e+002,1.064151e+002
6.301266e+002,1.064137e+002
6.306087e+002,1.064145e+002
6.310908e+002,1.064212e+002
6.315729e+002,1.064395e+002
6.320551e+002,1.064742e+002
6.325372e+002,1.065254e+002
6.330193e+002,1.065876e+002
6.335014e+002,1.066505e+002
6.339835e+002,1.067037e+002
6.344656e+002,1.067403e+002
6.349478e+002,1.067599e+002
6.354299e+002,1.067670e+002
6.359120e+002,1.067682e+002
6.363941e+002,1.067679e+002
6.368762e+002,1.067661e+002
6.373583e+002,1.067594e+002
6.378405e+002,1.067434e+002
6.383226e+002,1.067173e+002
6.388047e+002,1.066848e+002
6.392868e+002,1.066539e+002
6.397689e+002,1.066326e+002
6.402510e+002,1.066257e+002
6.407332e+002,1.066318e+002
6.412153e+002,1.066442e+002
6.416974e+002,1.066545e+002
6.421795e+002,1.066566e+002
6.426616e+002,1.066491e+002
6.431437e+002,1.066357e+002
6.436259e+002,1.066213e+002
6.441080e+002,1.066087e+002
6.445901e+002,1.065961e+002
6.450722e+002,1.065770e+002
6.455543e+002,1.065444e+002
6.460364e+002,1.064947e+002
6.465186e+002,1.064314e+002
6.470007e+002,1.063656e+002
6.474828e+002,1.063123e+002
6.479649e+002,1.062864e+002
6.484470e+002,1.062966e+002
6.489291e+002,1.063438e+002
6.494113e+002,1.064202e+002
6.498934e+002,1.065132e+002
6.503755e+002,1.066075e+002
6.508576e+002,1.066889e+002
6.513397e+002,1.067453e+002
6.518218e+002,1.067686e+002
6.523040e+002,1.067546e+002
6.527861e+002,1.067052e+002
6.532682e+002,1.066286e+002
6.537503e+002,1.065386e+002
6.542324e+002,1.064529e+002
6.547145e+002,1.063883e+002
6.551967e+002,1.063558e+002
6.556788e+002,1.063576e+002
6.561609e+002,1.063855e+002
6.566430e+002,1.064241e+002
6.571251e+002,1.064560e+002
6.576072e+002,1.064683e+002
6.580894e+002,1.064556e+002
6.585715e+002,1.064215e+002
6.590536e+002,1.063752e+002
6.595357e+002,1.063266e+002
6.600178e+002,1.062827e+002
6.604999e+002,1.062447e+002
6.609821e+002,1.062089e+002
6.614642e+002,1.061695e+002
6.619463e+002,1.061212e+002
6.624284e+002,1.060609e+002
6.629105e+002,1.059884e+002
6.633926e+002,1.059052e+002
6.638748e+002,1.058131e+002
6.643569e+002,1.057125e+002
6.648390e+002,1.055994e+002
6.653211e+002,1.054627e+002
6.658032e+002,1.052846e+002
6.662853e+002,1.050469e+002
6.667675e+002,1.047492e+002
6.672496e+002,1.044269e+002
6.677317e+002,1.041437e+002
6.682138e+002,1.039413e+002
6.686959e+002,1.037977e+002
6.691780e+002,1.036564e+002
6.696602e+002,1.034759e+002
6.701423e+002,1.032377e+002
6.706244e+002,1.029309e+002
6.711065e+002,1.025396e+002
6.715886e+002,1.020390e+002
6.720707e+002,1.014035e+002
6.725529e+002,1.006195e+002
6.730350e+002,9.970058e+001
6.735171e+002,9.869470e+001
6.739992e+002,9.768068e+001
6.744813e+002,9.675583e+001
6.749634e+002,9.601988e+001
6.754456e+002,9.555938e+001
6.759277e+002,9.543356e+001
6.764098e+002,9.566397e+001
6.768919e+002,9.623025e+001
6.773740e+002,9.707494e+001
6.778561e+002,9.811658e+001
6.783383e+002,9.926536e+001
6.788204e+002,1.004358e+002
6.793025e+002,1.015539e+002
6.797846e+002,1.025614e+002
6.802667e+002,1.034178e+002
6.807488e+002,1.041035e+002
6.812310e+002,1.046210e+002
6.817131e+002,1.049923e+002
6.821952e+002,1.052526e+002
6.826773e+002,1.054411e+002
6.831594e+002,1.055932e+002
6.836415e+002,1.057342e+002
6.841237e+002,1.058773e+002
6.846058e+002,1.060246e+002
6.850879e+002,1.061702e+002
6.855700e+002,1.063026e+002
6.860521e+002,1.064075e+002
6.865342e+002,1.064685e+002
6.870164e+002,1.064685e+002
6.874985e+002,1.063913e+002
6.879806e+002,1.062264e+002
6.884627e+002,1.059722e+002
6.889448e+002,1.056402e+002
6.894269e+002,1.052559e+002
6.899091e+002,1.048561e+002
6.903912e+002,1.044844e+002
6.908733e+002,1.041855e+002
6.913554e+002,1.039977e+002
6.918375e+002,1.039469e+002
6.923196e+002,1.040413e+002
6.928018e+002,1.042700e+002
6.932839e+002,1.046043e+002
6.937660e+002,1.050040e+002
6.942481e+002,1.054241e+002
6.947302e+002,1.058235e+002
6.952123e+002,1.061706e+002
6.956945e+002,1.064483e+002
6.961766e+002,1.066543e+002
6.966587e+002,1.067983e+002
6.971408e+002,1.068964e+002
6.976229e+002,1.069649e+002
6.981050e+002,1.070153e+002
6.985872e+002,1.070531e+002
6.990693e+002,1.070788e+002
6.995514e+002,1.070916e+002
7.000335e+002,1.070929e+002
7.005156e+002,1.070877e+002
7.009977e+002,1.070837e+002
7.014799e+002,1.070890e+002
7.019620e+002,1.071089e+002
7.024441e+002,1.071441e+002
7.029262e+002,1.071913e+002
7.034083e+002,1.072448e+002
7.038904e+002,1.072992e+002
7.043726e+002,1.073506e+002
7.048547e+002,1.073966e+002
7.053368e+002,1.074348e+002
7.058189e+002,1.074613e+002
7.063010e+002,1.074710e+002
7.067831e+002,1.074584e+002
7.072653e+002,1.074214e+002
7.077474e+002,1.073637e+002
7.082295e+002,1.072952e+002
7.087116e+002,1.072299e+002
7.091937e+002,1.071816e+002
7.096758e+002,1.071600e+002
7.101580e+002,1.071668e+002
7.106401e+002,1.071966e+002
7.111222e+002,1.072391e+002
7.116043e+002,1.072831e+002
7.120864e+002,1.073207e+002
7.125685e+002,1.073491e+002
7.130507e+002,1.073701e+002
7.135328e+002,1.073878e+002
7.140149e+002,1.074063e+002
7.144970e+002,1.074274e+002
7.149791e+002,1.074513e+002
7.154612e+002,1.074768e+002
7.159434e+002,1.075025e+002
7.164255e+002,1.075279e+002
7.169076e+002,1.075523e+002
7.173897e+002,1.075744e+002
7.178718e+002,1.075922e+002
7.183539e+002,1.076029e+002
7.188361e+002,1.076044e+002
7.193182e+002,1.075967e+002
7.198003e+002,1.075824e+002
7.202824e+002,1.075659e+002
7.207645e+002,1.075522e+002
7.212466e+002,1.075445e+002
7.217288e+002,1.075431e+002
7.222109e+002,1.075456e+002
7.226930e+002,1.075479e+002
7.231751e+002,1.075470e+002
7.236572e+002,1.075418e+002
7.241393e+002,1.075336e+002
7.246215e+002,1.075249e+002
7.251036e+002,1.075177e+002
7.255857e+002,1.075125e+002
7.260678e+002,1.075081e+002
7.265499e+002,1.075027e+002
7.270320e+002,1.074956e+002
7.275142e+002,1.074873e+002
7.279963e+002,1.074795e+002
7.284784e+002,1.074738e+002
7.289605e+002,1.074702e+002
7.294426e+002,1.074667e+002
7.299247e+002,1.074598e+002
7.304069e+002,1.074464e+002
7.308890e+002,1.074250e+002
7.313711e+002,1.073967e+002
7.318532e+002,1.073644e+002
7.323353e+002,1.073306e+002
7.328174e+002,1.072953e+002
7.332996e+002,1.072561e+002
7.337817e+002,1.072079e+002
7.342638e+002,1.071461e+002
7.347459e+002,1.070688e+002
7.352280e+002,1.069788e+002
7.357101e+002,1.068830e+002
7.361923e+002,1.067910e+002
7.366744e+002,1.067120e+002
7.371565e+002,1.066529e+002
7.376386e+002,1.066166e+002
7.381207e+002,1.066022e+002
7.386028e+002,1.066063e+002
7.390850e+002,1.066242e+002
7.395671e+002,1.066509e+002
7.400492e+002,1.066813e+002
7.405313e+002,1.067108e+002
7.410134e+002,1.067352e+002
7.414955e+002,1.067522e+002
7.419777e+002,1.067618e+002
7.424598e+002,1.067669e+002
7.429419e+002,1.067729e+002
7.434240e+002,1.067856e+002
7.439061e+002,1.068092e+002
7.443882e+002,1.068445e+002
7.448704e+002,1.068884e+002
7.453525e+002,1.069355e+002
7.458346e+002,1.069809e+002
7.463167e+002,1.070222e+002
7.467988e+002,1.070607e+002
7.472809e+002,1.071007e+002
7.477631e+002,1.071464e+002
7.482452e+002,1.071993e+002
7.487273e+002,1.072560e+002
7.492094e+002,1.073088e+002
7.496915e+002,1.073477e+002
7.501736e+002,1.073650e+002
7.506558e+002,1.073576e+002
7.511379e+002,1.073289e+002
7.516200e+002,1.072872e+002
7.521021e+002,1.072430e+002
7.525842e+002,1.072054e+002
7.530663e+002,1.071790e+002
7.535485e+002,1.071635e+002
7.540306e+002,1.071543e+002
7.545127e+002,1.071449e+002
7.549948e+002,1.071296e+002
7.554769e+002,1.071049e+002
7.559590e+002,1.070702e+002
7.564412e+002,1.070277e+002
7.569233e+002,1.069801e+002
7.574054e+002,1.069306e+002
7.578875e+002,1.068813e+002
7.583696e+002,1.068336e+002
7.588517e+002,1.067876e+002
7.593339e+002,1.067426e+002
7.598160e+002,1.066960e+002
7.602981e+002,1.066389e+002
7.607802e+002,1.065629e+002
7.612623e+002,1.064494e+002
7.617444e+002,1.062722e+002
7.622266e+002,1.060013e+002
7.627087e+002,1.056112e+002
7.631908e+002,1.050912e+002
7.636729e+002,1.044556e+002
7.641550e+002,1.037496e+002
7.646371e+002,1.030469e+002
7.651193e+002,1.024387e+002
7.656014e+002,1.020152e+002
7.660835e+002,1.018448e+002
7.665656e+002,1.019576e+002
7.670477e+002,1.023385e+002
7.675298e+002,1.029303e+002
7.680120e+002,1.036479e+002
7.684941e+002,1.043968e+002
7.689762e+002,1.050936e+002
7.694583e+002,1.056803e+002
7.699404e+002,1.061318e+002
7.704225e+002,1.064522e+002
7.709047e+002,1.066654e+002
7.713868e+002,1.068027e+002
7.718689e+002,1.068925e+002
7.723510e+002,1.069546e+002
7.728331e+002,1.070000e+002
7.733152e+002,1.070336e+002
7.737974e+002,1.070573e+002
7.742795e+002,1.070728e+002
7.747616e+002,1.070818e+002
7.752437e+002,1.070858e+002
7.757258e+002,1.070847e+002
7.762079e+002,1.070775e+002
7.766901e+002,1.070634e+002
7.771722e+002,1.070433e+002
7.776543e+002,1.070203e+002
7.781364e+002,1.069996e+002
7.786185e+002,1.069865e+002
7.791006e+002,1.069844e+002
7.795828e+002,1.069940e+002
7.800649e+002,1.070128e+002
7.805470e+002,1.070365e+002
7.810291e+002,1.070606e+002
7.815112e+002,1.070818e+002
7.819933e+002,1.070976e+002
7.824755e+002,1.071063e+002
7.829576e+002,1.071056e+002
7.834397e+002,1.070934e+002
7.839218e+002,1.070678e+002
7.844039e+002,1.070292e+002
7.848860e+002,1.069805e+002
7.853682e+002,1.069271e+002
7.858503e+002,1.068749e+002
7.863324e+002,1.068278e+002
7.868145e+002,1.067860e+002
7.872966e+002,1.067459e+002
7.877787e+002,1.067017e+002
7.882609e+002,1.066486e+002
7.887430e+002,1.065851e+002
7.892251e+002,1.065139e+002
7.897072e+002,1.064404e+002
7.901893e+002,1.063696e+002
7.906714e+002,1.063033e+002
7.911536e+002,1.062385e+002
7.916357e+002,1.061681e+002
7.921178e+002,1.060845e+002
7.925999e+002,1.059830e+002
7.930820e+002,1.058637e+002
7.935641e+002,1.057310e+002
7.940463e+002,1.055915e+002
7.945284e+002,1.054495e+002
7.950105e+002,1.053045e+002
7.954926e+002,1.051509e+002
7.959747e+002,1.049800e+002
7.964568e+002,1.047842e+002
7.969390e+002,1.045601e+002
7.974211e+002,1.043109e+002
7.979032e+002,1.040454e+002
7.983853e+002,1.037753e+002
7.988674e+002,1.035123e+002
7.993495e+002,1.032646e+002
7.998317e+002,1.030366e+002
8.003138e+002,1.028294e+002
8.007959e+002,1.026416e+002
8.012780e+002,1.024719e+002
8.017601e+002,1.023194e+002
8.022422e+002,1.021849e+002
8.027244e+002,1.020703e+002
8.032065e+002,1.019794e+002
8.036886e+002,1.019176e+002
8.041707e+002,1.018919e+002
8.046528e+002,1.019102e+002
8.051349e+002,1.019797e+002
8.056171e+002,1.021052e+002
8.060992e+002,1.022864e+002
8.065813e+002,1.025177e+002
8.070634e+002,1.027882e+002
8.075455e+002,1.030839e+002
8.080276e+002,1.033908e+002
8.085098e+002,1.036968e+002
8.089919e+002,1.039935e+002
8.094740e+002,1.042754e+002
8.099561e+002,1.045382e+002
8.104382e+002,1.047780e+002
8.109203e+002,1.049908e+002
8.114025e+002,1.051733e+002
8.118846e+002,1.053247e+002
8.123667e+002,1.054472e+002
8.128489e+002,1.055460e+002
8.133309e+002,1.056271e+002
8.138131e+002,1.056958e+002
8.142952e+002,1.057548e+002
8.147773e+002,1.058041e+002
8.152594e+002,1.058424e+002
8.157416e+002,1.058690e+002
8.162236e+002,1.058851e+002
8.167058e+002,1.058942e+002
8.171879e+002,1.059002e+002
8.176700e+002,1.059065e+002
8.181521e+002,1.059141e+002
8.186343e+002,1.059220e+002
8.191163e+002,1.059280e+002
8.195985e+002,1.059311e+002
8.200806e+002,1.059318e+002
8.205627e+002,1.059325e+002
8.210448e+002,1.059356e+002
8.215270e+002,1.059417e+002
8.220090e+002,1.059485e+002
8.224912e+002,1.059509e+002
8.229733e+002,1.059429e+002
8.234554e+002,1.059204e+002
8.239375e+002,1.058831e+002
8.244197e+002,1.058347e+002
8.249017e+002,1.057821e+002
8.253839e+002,1.057326e+002
8.258660e+002,1.056918e+002
8.263481e+002,1.056623e+002
8.268302e+002,1.056438e+002
8.273124e+002,1.056344e+002
8.277944e+002,1.056319e+002
8.282766e+002,1.056345e+002
8.287587e+002,1.056413e+002
8.292408e+002,1.056512e+002
8.297229e+002,1.056627e+002
8.302051e+002,1.056738e+002
8.306871e+002,1.056827e+002
8.311693e+002,1.056887e+002
8.316514e+002,1.056931e+002
8.321335e+002,1.056985e+002
8.326156e+002,1.057084e+002
8.330978e+002,1.057257e+002
8.335798e+002,1.057519e+002
8.340620e+002,1.057867e+002
8.345441e+002,1.058290e+002
8.350262e+002,1.058775e+002
8.355083e+002,1.059313e+002
8.359905e+002,1.059893e+002
8.364725e+002,1.060497e+002
8.369547e+002,1.061089e+002
8.374368e+002,1.061622e+002
8.379189e+002,1.062040e+002
8.384010e+002,1.062308e+002
8.388832e+002,1.062419e+002
8.393652e+002,1.062410e+002
8.398474e+002,1.062347e+002
8.403295e+002,1.062305e+002
8.408116e+002,1.062345e+002
8.412937e+002,1.062500e+002
8.417759e+002,1.062772e+002
8.422579e+002,1.063149e+002
8.427401e+002,1.063618e+002
8.432222e+002,1.064176e+002
8.437043e+002,1.064830e+002
8.441864e+002,1.065579e+002
8.446686e+002,1.066404e+002
8.451506e+002,1.067261e+002
8.456328e+002,1.068082e+002
8.461149e+002,1.068805e+002
8.465970e+002,1.069390e+002
8.470791e+002,1.069839e+002
8.475613e+002,1.070186e+002
8.480433e+002,1.070487e+002
8.485255e+002,1.070788e+002
8.490076e+002,1.071118e+002
8.494897e+002,1.071478e+002
8.499718e+002,1.071858e+002
8.504540e+002,1.072255e+002
8.509360e+002,1.072681e+002
8.514182e+002,1.073161e+002
8.519003e+002,1.073712e+002
8.523824e+002,1.074319e+002
8.528645e+002,1.074912e+002
8.533467e+002,1.075367e+002
8.538287e+002,1.075517e+002
8.543109e+002,1.075179e+002
8.547930e+002,1.074184e+002
8.552751e+002,1.072405e+002
8.557572e+002,1.069767e+002
8.562394e+002,1.066274e+002
8.567214e+002,1.062022e+002
8.572036e+002,1.057224e+002
8.576857e+002,1.052222e+002
8.581678e+002,1.047467e+002
8.586499e+002,1.043471e+002
8.591321e+002,1.040721e+002
8.596141e+002,1.039594e+002
8.600963e+002,1.040285e+002
8.605784e+002,1.042770e+002
8.610605e+002,1.046825e+002
8.615426e+002,1.052076e+002
8.620248e+002,1.058088e+002
8.625068e+002,1.064437e+002
8.629890e+002,1.070772e+002
8.634711e+002,1.076827e+002
8.639532e+002,1.082411e+002
8.644353e+002,1.087378e+002
8.649175e+002,1.091603e+002
8.653995e+002,1.094976e+002
8.658817e+002,1.097415e+002
8.663638e+002,1.098874e+002
8.668459e+002,1.099354e+002
8.673280e+002,1.098895e+002
8.678102e+002,1.097567e+002
8.682922e+002,1.095470e+002
8.687744e+002,1.092747e+002
8.692565e+002,1.089605e+002
8.697386e+002,1.086332e+002
8.702207e+002,1.083296e+002
8.707029e+002,1.080912e+002
8.711849e+002,1.079582e+002
8.716671e+002,1.079620e+002
8.721492e+002,1.081191e+002
8.726313e+002,1.084272e+002
8.731134e+002,1.088658e+002
8.735956e+002,1.094003e+002
8.740776e+002,1.099896e+002
8.745598e+002,1.105934e+002
8.750419e+002,1.111775e+002
8.755240e+002,1.117171e+002
8.760061e+002,1.121968e+002
8.764883e+002,1.126100e+002
8.769703e+002,1.129571e+002
8.774525e+002,1.132438e+002
8.779346e+002,1.134792e+002
8.784167e+002,1.136730e+002
8.788988e+002,1.138333e+002
8.793810e+002,1.139649e+002
8.798630e+002,1.140695e+002
8.803452e+002,1.141471e+002
8.808273e+002,1.141988e+002
8.813094e+002,1.142287e+002
8.817915e+002,1.142445e+002
8.822737e+002,1.142557e+002
8.827557e+002,1.142706e+002
8.832379e+002,1.142938e+002
8.837200e+002,1.143245e+002
8.842021e+002,1.143578e+002
8.846842e+002,1.143874e+002
8.851664e+002,1.144087e+002
8.856484e+002,1.144204e+002
8.861306e+002,1.144247e+002
8.866127e+002,1.144243e+002
8.870948e+002,1.144202e+002
8.875769e+002,1.144102e+002
8.880591e+002,1.143894e+002
8.885411e+002,1.143534e+002
8.890233e+002,1.143009e+002
8.895054e+002,1.142364e+002
8.899875e+002,1.141689e+002
8.904696e+002,1.141094e+002
8.909518e+002,1.140666e+002
8.914338e+002,1.140432e+002
8.919160e+002,1.140357e+002
8.923981e+002,1.140351e+002
8.928802e+002,1.140313e+002
8.933623e+002,1.140167e+002
8.938445e+002,1.139881e+002
8.943265e+002,1.139478e+002
8.948087e+002,1.139006e+002
8.952908e+002,1.138517e+002
8.957729e+002,1.138047e+002
8.962550e+002,1.137601e+002
8.967372e+002,1.137165e+002
8.972192e+002,1.136712e+002
8.977014e+002,1.136223e+002
8.981835e+002,1.135685e+002
8.986656e+002,1.135100e+002
8.991477e+002,1.134475e+002
8.996299e+002,1.133827e+002
9.001119e+002,1.133174e+002
9.005941e+002,1.132539e+002
9.010762e+002,1.131943e+002
9.015583e+002,1.131399e+002
9.020404e+002,1.130905e+002
9.025226e+002,1.130446e+002
9.030046e+002,1.129995e+002
9.034868e+002,1.129531e+002
9.039689e+002,1.129051e+002
9.044510e+002,1.128575e+002
9.049331e+002,1.128142e+002
9.054153e+002,1.127792e+002
9.058973e+002,1.127536e+002
9.063795e+002,1.127346e+002
9.068616e+002,1.127151e+002
9.073438e+002,1.126852e+002
9.078258e+002,1.126359e+002
9.083080e+002,1.125617e+002
9.087900e+002,1.124627e+002
9.092722e+002,1.123437e+002
9.097543e+002,1.122126e+002
9.102365e+002,1.120770e+002
9.107185e+002,1.119420e+002
9.112007e+002,1.118095e+002
9.116828e+002,1.116780e+002
9.121649e+002,1.115444e+002
9.126470e+002,1.114053e+002
9.131292e+002,1.112575e+002
9.136113e+002,1.110984e+002
9.140934e+002,1.109253e+002
9.145755e+002,1.107358e+002
9.150576e+002,1.105276e+002
9.155397e+002,1.102994e+002
9.160219e+002,1.100504e+002
9.165040e+002,1.097806e+002
9.169861e+002,1.094895e+002
9.174682e+002,1.091757e+002
9.179503e+002,1.088360e+002
9.184324e+002,1.084670e+002
9.189146e+002,1.080662e+002
9.193967e+002,1.076345e+002
9.198788e+002,1.071773e+002
9.203609e+002,1.067043e+002
9.208430e+002,1.062281e+002
9.213251e+002,1.057625e+002
9.218073e+002,1.053202e+002
9.222894e+002,1.049123e+002
9.227715e+002,1.045475e+002
9.232536e+002,1.042327e+002
9.237357e+002,1.039726e+002
9.242178e+002,1.037690e+002
9.247000e+002,1.036203e+002
9.251821e+002,1.035207e+002
9.256642e+002,1.034599e+002
9.261463e+002,1.034250e+002
9.266284e+002,1.034020e+002
9.271105e+002,1.033794e+002
9.275927e+002,1.033498e+002
9.280748e+002,1.033113e+002
9.285569e+002,1.032670e+002
9.290390e+002,1.032235e+002
9.295211e+002,1.031899e+002
9.300032e+002,1.031764e+002
9.304854e+002,1.031949e+002
9.309675e+002,1.032589e+002
9.314496e+002,1.033834e+002
9.319317e+002,1.035825e+002
9.324138e+002,1.038670e+002
9.328959e+002,1.042404e+002
9.333781e+002,1.046965e+002
9.338602e+002,1.052188e+002
9.343423e+002,1.057827e+002
9.348244e+002,1.063603e+002
9.353065e+002,1.069256e+002
9.357886e+002,1.074593e+002
9.362708e+002,1.079507e+002
9.367529e+002,1.083966e+002
9.372350e+002,1.087987e+002
9.377171e+002,1.091601e+002
9.381992e+002,1.094837e+002
9.386813e+002,1.097715e+002
9.391635e+002,1.100258e+002
9.396456e+002,1.102504e+002
9.401277e+002,1.104499e+002
9.406098e+002,1.106294e+002
9.410919e+002,1.107926e+002
9.415740e+002,1.109410e+002
9.420562e+002,1.110738e+002
9.425383e+002,1.111897e+002
9.430204e+002,1.112881e+002
9.435025e+002,1.113700e+002
9.439846e+002,1.114384e+002
9.444667e+002,1.114959e+002
9.449489e+002,1.115442e+002
9.454310e+002,1.115829e+002
9.459131e+002,1.116101e+002
9.463952e+002,1.116242e+002
9.468773e+002,1.116261e+002
9.473594e+002,1.116192e+002
9.478416e+002,1.116095e+002
9.483237e+002,1.116030e+002
9.488058e+002,1.116035e+002
9.492879e+002,1.116111e+002
9.497700e+002,1.116221e+002
9.502521e+002,1.116310e+002
9.507343e+002,1.116326e+002
9.512164e+002,1.116238e+002
9.516985e+002,1.116046e+002
9.521806e+002,1.115772e+002
9.526627e+002,1.115452e+002
9.531448e+002,1.115120e+002
9.536270e+002,1.114807e+002
9.541091e+002,1.114539e+002
9.545912e+002,1.114341e+002
9.550733e+002,1.114230e+002
9.555554e+002,1.114214e+002
9.560375e+002,1.114275e+002
9.565197e+002,1.114377e+002
9.570018e+002,1.114463e+002
9.574839e+002,1.114480e+002
9.579660e+002,1.114402e+002
9.584481e+002,1.114240e+002
9.589302e+002,1.114041e+002
9.594124e+002,1.113866e+002
9.598945e+002,1.113767e+002
9.603766e+002,1.113762e+002
9.608587e+002,1.113828e+002
9.613408e+002,1.113920e+002
9.618229e+002,1.113989e+002
9.623051e+002,1.114009e+002
9.627872e+002,1.113986e+002
9.632693e+002,1.113947e+002
9.637514e+002,1.113917e+002
9.642335e+002,1.113905e+002
9.647156e+002,1.113895e+002
9.651978e+002,1.113858e+002
9.656799e+002,1.113778e+002
9.661620e+002,1.113672e+002
9.666441e+002,1.113594e+002
9.671262e+002,1.113616e+002
9.676083e+002,1.113803e+002
9.680905e+002,1.114177e+002
9.685726e+002,1.114710e+002
9.690547e+002,1.115332e+002
9.695368e+002,1.115958e+002
9.700189e+002,1.116520e+002
9.705010e+002,1.116989e+002
9.709832e+002,1.117370e+002
9.714653e+002,1.117689e+002
9.719474e+002,1.117971e+002
9.724295e+002,1.118226e+002
9.729116e+002,1.118457e+002
9.733937e+002,1.118676e+002
9.738759e+002,1.118915e+002
9.743580e+002,1.119233e+002
9.748401e+002,1.119693e+002
9.753222e+002,1.120334e+002
9.758043e+002,1.121145e+002
9.762864e+002,1.122056e+002
9.767686e+002,1.122959e+002
9.772507e+002,1.123749e+002
9.777328e+002,1.124359e+002
9.782149e+002,1.124780e+002
9.786970e+002,1.125062e+002
9.791791e+002,1.125273e+002
9.796613e+002,1.125470e+002
9.801434e+002,1.125675e+002
9.806255e+002,1.125872e+002
9.811076e+002,1.126039e+002
9.815897e+002,1.126168e+002
9.820718e+002,1.126286e+002
9.825540e+002,1.126451e+002
9.830361e+002,1.126718e+002
9.835182e+002,1.127116e+002
9.840003e+002,1.127627e+002
9.844824e+002,1.128192e+002
9.849645e+002,1.128735e+002
9.854467e+002,1.129195e+002
9.859288e+002,1.129540e+002
9.864109e+002,1.129759e+002
9.868930e+002,1.129844e+002
9.873751e+002,1.129762e+002
9.878572e+002,1.129456e+002
9.883394e+002,1.128871e+002
9.888215e+002,1.127989e+002
9.893036e+002,1.126873e+002
9.897857e+002,1.125667e+002
9.902678e+002,1.124562e+002
9.907499e+002,1.123735e+002
9.912321e+002,1.123283e+002
9.917142e+002,1.123181e+002
9.921963e+002,1.123281e+002
9.926784e+002,1.123341e+002
9.931605e+002,1.123060e+002
9.936426e+002,1.122090e+002
9.941248e+002,1.120018e+002
9.946069e+002,1.116334e+002
9.950890e+002,1.110433e+002
9.955711e+002,1.101691e+002
9.960532e+002,1.089638e+002
9.965353e+002,1.074198e+002
9.970175e+002,1.055910e+002
9.974996e+002,1.036041e+002
9.979817e+002,1.016510e+002
9.984638e+002,9.996052e+001
9.989459e+002,9.875548e+001
9.994280e+002,9.820484e+001
9.999102e+002,9.838474e+001
1.000392e+003,9.925999e+001
1.000874e+003,1.006935e+002
1.001357e+003,1.024810e+002
1.001839e+003,1.043990e+002
1.002321e+003,1.062524e+002
1.002803e+003,1.079056e+002
1.003285e+003,1.092942e+002
1.003767e+003,1.104164e+002
1.004249e+003,1.113124e+002
1.004731e+003,1.120397e+002
1.005213e+003,1.126520e+002
1.005696e+003,1.131875e+002
1.006178e+003,1.136652e+002
1.006660e+003,1.140901e+002
1.007142e+003,1.144591e+002
1.007624e+003,1.147687e+002
1.008106e+003,1.150185e+002
1.008588e+003,1.152128e+002
1.009070e+003,1.153599e+002
1.009552e+003,1.154701e+002
1.010035e+003,1.155537e+002
1.010517e+003,1.156203e+002
1.010999e+003,1.156770e+002
1.011481e+003,1.157291e+002
1.011963e+003,1.157800e+002
1.012445e+003,1.158315e+002
1.012927e+003,1.158840e+002
1.013409e+003,1.159370e+002
1.013892e+003,1.159898e+002
1.014374e+003,1.160413e+002
1.014856e+003,1.160908e+002
1.015338e+003,1.161377e+002
1.015820e+003,1.161820e+002
1.016302e+003,1.162239e+002
1.016784e+003,1.162635e+002
1.017266e+003,1.163008e+002
1.017748e+003,1.163349e+002
1.018231e+003,1.163642e+002
1.018713e+003,1.163864e+002
1.019195e+003,1.163990e+002
1.019677e+003,1.164003e+002
1.020159e+003,1.163893e+002
1.020641e+003,1.163663e+002
1.021123e+003,1.163321e+002
1.021605e+003,1.162873e+002
1.022088e+003,1.162324e+002
1.022570e+003,1.161676e+002
1.023052e+003,1.160944e+002
1.023534e+003,1.160155e+002
1.024016e+003,1.159356e+002
1.024498e+003,1.158605e+002
1.024980e+003,1.157955e+002
1.025462e+003,1.157433e+002
1.025944e+003,1.157034e+002
1.026427e+003,1.156717e+002
1.026909e+003,1.156424e+002
1.027391e+003,1.156106e+002
1.027873e+003,1.155738e+002
1.028355e+003,1.155327e+002
1.028837e+003,1.154907e+002
1.029319e+003,1.154512e+002
1.029801e+003,1.154155e+002
1.030283e+003,1.153816e+002
1.030766e+003,1.153448e+002
1.031248e+003,1.152996e+002
1.031730e+003,1.152427e+002
1.032212e+003,1.151745e+002
1.032694e+003,1.150998e+002
1.033176e+003,1.150259e+002
1.033658e+003,1.149605e+002
1.034140e+003,1.149083e+002
1.034623e+003,1.148706e+002
1.035105e+003,1.148446e+002
1.035587e+003,1.148252e+002
1.036069e+003,1.148069e+002
1.036551e+003,1.147849e+002
1.037033e+003,1.147561e+002
1.037515e+003,1.147190e+002
1.037997e+003,1.146725e+002
1.038479e+003,1.146168e+002
1.038962e+003,1.145526e+002
1.039444e+003,1.144818e+002
1.039926e+003,1.144074e+002
1.040408e+003,1.143331e+002
1.040890e+003,1.142619e+002
1.041372e+003,1.141958e+002
1.041854e+003,1.141347e+002
1.042336e+003,1.140765e+002
1.042819e+003,1.140185e+002
1.043301e+003,1.139584e+002
1.043783e+003,1.138950e+002
1.044265e+003,1.138287e+002
1.044747e+003,1.137604e+002
1.045229e+003,1.136909e+002
1.045711e+003,1.136201e+002
1.046193e+003,1.135470e+002
1.046676e+003,1.134698e+002
1.047158e+003,1.133875e+002
1.047640e+003,1.132996e+002
1.048122e+003,1.132069e+002
1.048604e+003,1.131103e+002
1.049086e+003,1.130112e+002
1.049568e+003,1.129105e+002
1.050050e+003,1.128095e+002
1.050532e+003,1.127105e+002
1.051015e+003,1.126170e+002
1.051497e+003,1.125335e+002
1.051979e+003,1.124643e+002
1.052461e+003,1.124123e+002
1.052943e+003,1.123773e+002
1.053425e+003,1.123560e+002
1.053907e+003,1.123429e+002
1.054389e+003,1.123320e+002
1.054871e+003,1.123188e+002
1.055354e+003,1.123017e+002
1.055836e+003,1.122822e+002
1.056318e+003,1.122635e+002
1.056800e+003,1.122491e+002
1.057282e+003,1.122413e+002
1.057764e+003,1.122405e+002
1.058246e+003,1.122461e+002
1.058728e+003,1.122568e+002
1.059210e+003,1.122718e+002
1.059693e+003,1.122906e+002
1.060175e+003,1.123128e+002
1.060657e+003,1.123368e+002
1.061139e+003,1.123598e+002
1.061621e+003,1.123778e+002
1.062103e+003,1.123873e+002
1.062585e+003,1.123862e+002
1.063067e+003,1.123748e+002
1.063550e+003,1.123554e+002
1.064032e+003,1.123307e+002
1.064514e+003,1.123027e+002
1.064996e+003,1.122708e+002
1.065478e+003,1.122320e+002
1.065960e+003,1.121819e+002
1.066442e+003,1.121163e+002
1.066924e+003,1.120331e+002
1.067406e+003,1.119327e+002
1.067889e+003,1.118179e+002
1.068371e+003,1.116933e+002
1.068853e+003,1.115636e+002
1.069335e+003,1.114333e+002
1.069817e+003,1.113060e+002
1.070299e+003,1.111841e+002
1.070781e+003,1.110682e+002
1.071263e+003,1.109563e+002
1.071746e+003,1.108428e+002
1.072228e+003,1.107183e+002
1.072710e+003,1.105695e+002
1.073192e+003,1.103823e+002
1.073674e+003,1.101433e+002
1.074156e+003,1.098437e+002
1.074638e+003,1.094808e+002
1.075120e+003,1.090580e+002
1.075603e+003,1.085833e+002
1.076085e+003,1.080677e+002
1.076567e+003,1.075231e+002
1.077049e+003,1.069620e+002
1.077531e+003,1.063983e+002
1.078013e+003,1.058487e+002
1.078495e+003,1.053338e+002
1.078977e+003,1.048779e+002
1.079459e+003,1.045077e+002
1.079942e+003,1.042491e+002
1.080424e+003,1.041224e+002
1.080906e+003,1.041387e+002
1.081388e+003,1.042975e+002
1.081870e+003,1.045870e+002
1.082352e+003,1.049873e+002
1.082834e+003,1.054755e+002
1.083316e+003,1.060305e+002
1.083798e+003,1.066360e+002
1.084281e+003,1.072810e+002
1.084763e+003,1.079583e+002
1.085245e+003,1.086612e+002
1.085727e+003,1.093811e+002
1.086209e+003,1.101054e+002
1.086691e+003,1.108170e+002
1.087173e+003,1.114959e+002
1.087655e+003,1.121208e+002
1.088137e+003,1.126724e+002
1.088620e+003,1.131366e+002
1.089102e+003,1.135072e+002
1.089584e+003,1.137869e+002
1.090066e+003,1.139863e+002
1.090548e+003,1.141205e+002
1.091030e+003,1.142054e+002
1.091512e+003,1.142537e+002
1.091994e+003,1.142730e+002
1.092477e+003,1.142668e+002
1.092959e+003,1.142358e+002
1.093441e+003,1.141805e+002
1.093923e+003,1.141032e+002
1.094405e+003,1.140080e+002
1.094887e+003,1.139001e+002
1.095369e+003,1.137843e+002
1.095851e+003,1.136641e+002
1.096333e+003,1.135411e+002
1.096816e+003,1.134155e+002
1.097298e+003,1.132872e+002
1.097780e+003,1.131564e+002
1.098262e+003,1.130234e+002
1.098744e+003,1.128881e+002
1.099226e+003,1.127501e+002
1.099708e+003,1.126078e+002
1.100190e+003,1.124592e+002
1.100673e+003,1.123026e+002
1.101155e+003,1.121372e+002
1.101637e+003,1.119638e+002
1.102119e+003,1.117846e+002
1.102601e+003,1.116023e+002
1.103083e+003,1.114199e+002
1.103565e+003,1.112398e+002
1.104047e+003,1.110640e+002
1.104530e+003,1.108933e+002
1.105012e+003,1.107280e+002
1.105494e+003,1.105668e+002
1.105976e+003,1.104074e+002
1.106458e+003,1.102462e+002
1.106940e+003,1.100791e+002
1.107422e+003,1.099022e+002
1.107904e+003,1.097130e+002
1.108386e+003,1.095108e+002
1.108869e+003,1.092958e+002
1.109351e+003,1.090684e+002
1.109833e+003,1.088277e+002
1.110315e+003,1.085702e+002
1.110797e+003,1.082904e+002
1.111279e+003,1.079813e+002
1.111761e+003,1.076366e+002
1.112243e+003,1.072511e+002
1.112725e+003,1.068213e+002
1.113208e+003,1.063439e+002
1.113690e+003,1.058143e+002
1.114172e+003,1.052255e+002
1.114654e+003,1.045682e+002
1.115136e+003,1.038339e+002
1.115618e+003,1.030191e+002
1.116100e+003,1.021301e+002
1.116582e+003,1.011868e+002
1.117064e+003,1.002235e+002
1.117547e+003,9.928773e+001
1.118029e+003,9.843461e+001
1.118511e+003,9.772069e+001
1.118993e+003,9.719496e+001
1.119475e+003,9.689057e+001
1.119957e+003,9.681740e+001
1.120439e+003,9.695868e+001
1.120921e+003,9.727217e+001
1.121404e+003,9.769674e+001
1.121886e+003,9.816209e+001
1.122368e+003,9.859983e+001
1.122850e+003,9.895272e+001
1.123332e+003,9.918113e+001
1.123814e+003,9.926540e+001
1.124296e+003,9.920396e+001
1.124778e+003,9.900838e+001
1.125260e+003,9.869682e+001
1.125743e+003,9.828831e+001
1.126225e+003,9.779926e+001
1.126707e+003,9.724263e+001
1.127189e+003,9.662921e+001
1.127671e+003,9.596978e+001
1.128153e+003,9.527660e+001
1.128635e+003,9.456413e+001
1.129117e+003,9.384835e+001
1.129600e+003,9.314598e+001
1.130082e+003,9.247335e+001
1.130564e+003,9.184572e+001
1.131046e+003,9.127658e+001
1.131528e+003,9.077689e+001
1.132010e+003,9.035452e+001
1.132492e+003,9.001376e+001
1.132974e+003,8.975570e+001
1.133457e+003,8.957867e+001
1.133939e+003,8.947942e+001
1.134421e+003,8.945368e+001
1.134903e+003,8.949664e+001
1.135385e+003,8.960304e+001
1.135867e+003,8.976711e+001
1.136349e+003,8.998270e+001
1.136831e+003,9.024359e+001
1.137313e+003,9.054365e+001
1.137796e+003,9.087702e+001
1.138278e+003,9.123785e+001
1.138760e+003,9.162032e+001
1.139242e+003,9.201825e+001
1.139724e+003,9.242571e+001
1.140206e+003,9.283732e+001
1.140688e+003,9.324897e+001
1.141170e+003,9.365805e+001
1.141652e+003,9.406331e+001
1.142135e+003,9.446436e+001
1.142617e+003,9.486097e+001
1.143099e+003,9.525256e+001
1.143581e+003,9.563814e+001
1.144063e+003,9.601633e+001
1.144545e+003,9.638567e+001
1.145027e+003,9.674486e+001
1.145509e+003,9.709274e+001
1.145991e+003,9.742823e+001
1.146474e+003,9.775021e+001
1.146956e+003,9.805752e+001
1.147438e+003,9.834892e+001
1.147920e+003,9.862318e+001
1.148402e+003,9.887884e+001
1.148884e+003,9.911411e+001
1.149366e+003,9.932706e+001
1.149848e+003,9.951571e+001
1.150331e+003,9.967892e+001
1.150813e+003,9.981696e+001
1.151295e+003,9.993192e+001
1.151777e+003,1.000275e+002
1.152259e+003,1.001083e+002
1.152741e+003,1.001781e+002
1.153223e+003,1.002391e+002
1.153705e+003,1.002913e+002
1.154188e+003,1.003328e+002
1.154670e+003,1.003609e+002
1.155152e+003,1.003734e+002
1.155634e+003,1.003698e+002
1.156116e+003,1.003514e+002
1.156598e+003,1.003209e+002
1.157080e+003,1.002814e+002
1.157562e+003,1.002348e+002
1.158044e+003,1.001819e+002
1.158527e+003,1.001212e+002
1.159009e+003,1.000501e+002
1.159491e+003,9.996535e+001
1.159973e+003,9.986399e+001
1.160455e+003,9.974384e+001
1.160937e+003,9.960396e+001
1.161419e+003,9.944441e+001
1.161901e+003,9.926626e+001
1.162384e+003,9.907085e+001
1.162866e+003,9.885957e+001
1.163348e+003,9.863318e+001
1.163830e+003,9.839178e+001
1.164312e+003,9.813463e+001
1.164794e+003,9.786057e+001
1.165276e+003,9.756857e+001
1.165758e+003,9.725783e+001
1.166240e+003,9.692809e+001
1.166723e+003,9.657911e+001
1.167205e+003,9.621041e+001
1.167687e+003,9.582083e+001
1.168169e+003,9.540825e+001
1.168651e+003,9.497015e+001
1.169133e+003,9.450391e+001
1.169615e+003,9.400754e+001
1.170097e+003,9.347985e+001
1.170579e+003,9.292043e+001
1.171062e+003,9.232921e+001
1.171544e+003,9.170640e+001
1.172026e+003,9.105235e+001
1.172508e+003,9.036815e+001
1.172990e+003,8.965627e+001
1.173472e+003,8.892082e+001
1.173954e+003,8.816799e+001
1.174436e+003,8.740556e+001
1.174918e+003,8.664263e+001
1.175401e+003,8.588957e+001
1.175883e+003,8.515819e+001
1.176365e+003,8.446227e+001
1.176847e+003,8.381760e+001
1.177329e+003,8.324144e+001
1.177811e+003,8.275116e+001
1.178293e+003,8.236265e+001
1.178775e+003,8.208897e+001
1.179258e+003,8.193992e+001
1.179740e+003,8.192183e+001
1.180222e+003,8.203796e+001
1.180704e+003,8.228813e+001
1.181186e+003,8.266813e+001
1.181668e+003,8.316888e+001
1.182150e+003,8.377676e+001
1.182632e+003,8.447466e+001
1.183115e+003,8.524403e+001
1.183597e+003,8.606677e+001
1.184079e+003,8.692632e+001
1.184561e+003,8.780882e+001
1.185043e+003,8.869829e+001
1.185525e+003,8.958017e+001
1.186007e+003,9.044067e+001
1.186489e+003,9.126749e+001
1.186971e+003,9.205110e+001
1.187454e+003,9.278548e+001
1.187936e+003,9.346848e+001
1.188418e+003,9.410143e+001
1.188900e+003,9.468848e+001
1.189382e+003,9.523571e+001
1.189864e+003,9.575040e+001
1.190346e+003,9.623994e+001
1.190828e+003,9.671120e+001
1.191311e+003,9.716940e+001
1.191793e+003,9.761786e+001
1.192275e+003,9.805769e+001
1.192757e+003,9.848820e+001
1.193239e+003,9.890738e+001
1.193721e+003,9.931282e+001
1.194203e+003,9.970209e+001
1.194685e+003,1.000731e+002
1.195167e+003,1.004239e+002
1.195650e+003,1.007529e+002
1.196132e+003,1.010591e+002
1.196614e+003,1.013428e+002
1.197096e+003,1.016058e+002
1.197578e+003,1.018514e+002
1.198060e+003,1.020841e+002
1.198542e+003,1.023078e+002
1.199024e+003,1.025248e+002
1.199506e+003,1.027348e+002
1.199989e+003,1.029349e+002
1.200471e+003,1.031217e+002
1.200953e+003,1.032921e+002
1.201435e+003,1.034456e+002
1.201917e+003,1.035839e+002
1.202399e+003,1.037107e+002
1.202881e+003,1.038302e+002
1.203363e+003,1.039450e+002
1.203845e+003,1.040563e+002
1.204328e+003,1.041635e+002
1.204810e+003,1.042660e+002
1.205292e+003,1.043641e+002
1.205774e+003,1.044594e+002
1.206256e+003,1.045544e+002
1.206738e+003,1.046514e+002
1.207220e+003,1.047514e+002
1.207702e+003,1.048535e+002
1.208185e+003,1.049556e+002
1.208667e+003,1.050553e+002
1.209149e+003,1.051514e+002
1.209631e+003,1.052443e+002
1.210113e+003,1.053357e+002
1.210595e+003,1.054273e+002
1.211077e+003,1.055200e+002
1.211559e+003,1.056134e+002
1.212042e+003,1.057060e+002
1.212524e+003,1.057961e+002
1.213006e+003,1.058833e+002
1.213488e+003,1.059680e+002
1.213970e+003,1.060514e+002
1.214452e+003,1.061343e+002
1.214934e+003,1.062163e+002
1.215416e+003,1.062954e+002
1.215898e+003,1.063689e+002
1.216381e+003,1.064343e+002
1.216863e+003,1.064909e+002
1.217345e+003,1.065398e+002
1.217827e+003,1.065832e+002
1.218309e+003,1.066231e+002
1.218791e+003,1.066604e+002
1.219273e+003,1.066940e+002
1.219755e+003,1.067219e+002
1.220238e+003,1.067415e+002
1.220720e+003,1.067517e+002
1.221202e+003,1.067531e+002
1.221684e+003,1.067476e+002
1.222166e+003,1.067380e+002
1.222648e+003,1.067271e+002
1.223130e+003,1.067176e+002
1.223612e+003,1.067126e+002
1.224094e+003,1.067165e+002
1.224577e+003,1.067351e+002
1.225059e+003,1.067754e+002
1.225541e+003,1.068431e+002
1.226023e+003,1.069417e+002
1.226505e+003,1.070707e+002
1.226987e+003,1.072253e+002
1.227469e+003,1.073981e+002
1.227951e+003,1.075808e+002
1.228434e+003,1.077666e+002
1.228916e+003,1.079514e+002
1.229398e+003,1.081337e+002
1.229880e+003,1.083136e+002
1.230362e+003,1.084912e+002
1.230844e+003,1.086654e+002
1.231326e+003,1.088338e+002
1.231808e+003,1.089942e+002
1.232291e+003,1.091447e+002
1.232773e+003,1.092855e+002
1.233255e+003,1.094180e+002
1.233737e+003,1.095443e+002
1.234219e+003,1.096661e+002
1.234701e+003,1.097844e+002
1.235183e+003,1.098997e+002
1.235665e+003,1.100122e+002
1.236147e+003,1.101232e+002
1.236630e+003,1.102345e+002
1.237112e+003,1.103478e+002
1.237594e+003,1.104636e+002
1.238076e+003,1.105808e+002
1.238558e+003,1.106962e+002
1.239040e+003,1.108061e+002
1.239522e+003,1.109080e+002
1.240004e+003,1.110014e+002
1.240486e+003,1.110883e+002
1.240969e+003,1.111723e+002
1.241451e+003,1.112570e+002
1.241933e+003,1.113446e+002
1.242415e+003,1.114352e+002
1.242897e+003,1.115281e+002
1.243379e+003,1.116222e+002
1.243861e+003,1.117173e+002
1.244343e+003,1.118141e+002
1.244825e+003,1.119135e+002
1.245308e+003,1.120151e+002
1.245790e+003,1.121165e+002
1.246272e+003,1.122141e+002
1.246754e+003,1.123043e+002
1.247236e+003,1.123852e+002
1.247718e+003,1.124581e+002
1.248200e+003,1.125267e+002
1.248682e+003,1.125958e+002
1.249165e+003,1.126687e+002
1.249647e+003,1.127454e+002
1.250129e+003,1.128221e+002
1.250611e+003,1.128932e+002
1.251093e+003,1.129527e+002
1.251575e+003,1.129969e+002
1.252057e+003,1.130250e+002
1.252539e+003,1.130384e+002
1.253021e+003,1.130391e+002
1.253504e+003,1.130285e+002
1.253986e+003,1.130071e+002
1.254468e+003,1.129750e+002
1.254950e+003,1.129339e+002
1.255432e+003,1.128876e+002
1.255914e+003,1.128419e+002
1.256396e+003,1.128024e+002
1.256878e+003,1.127725e+002
1.257361e+003,1.127521e+002
1.257843e+003,1.127375e+002
1.258325e+003,1.127232e+002
1.258807e+003,1.127046e+002
1.259289e+003,1.126801e+002
1.259771e+003,1.126510e+002
1.260253e+003,1.126204e+002
1.260735e+003,1.125901e+002
1.261218e+003,1.125591e+002
1.261700e+003,1.125227e+002
1.262182e+003,1.124743e+002
1.262664e+003,1.124078e+002
1.263146e+003,1.123192e+002
1.263628e+003,1.122073e+002
1.264110e+003,1.120719e+002
1.264592e+003,1.119118e+002
1.265074e+003,1.117226e+002
1.265557e+003,1.114965e+002
1.266039e+003,1.112230e+002
1.266521e+003,1.108911e+002
1.267003e+003,1.104909e+002
1.267485e+003,1.100143e+002
1.267967e+003,1.094556e+002
1.268449e+003,1.088124e+002
1.268931e+003,1.080873e+002
1.269413e+003,1.072917e+002
1.269896e+003,1.064487e+002
1.270378e+003,1.055950e+002
1.270860e+003,1.047782e+002
1.271342e+003,1.040508e+002
1.271824e+003,1.034608e+002
1.272306e+003,1.030436e+002
1.272788e+003,1.028163e+002
1.273270e+003,1.027765e+002
1.273752e+003,1.029052e+002
1.274235e+003,1.031728e+002
1.274717e+003,1.035456e+002
1.275199e+003,1.039906e+002
1.275681e+003,1.044789e+002
1.276163e+003,1.049856e+002
1.276645e+003,1.054889e+002
1.277127e+003,1.059688e+002
1.277609e+003,1.064075e+002
1.278092e+003,1.067906e+002
1.278574e+003,1.071084e+002
1.279056e+003,1.073572e+002
1.279538e+003,1.075385e+002
1.280020e+003,1.076570e+002
1.280502e+003,1.077179e+002
1.280984e+003,1.077261e+002
1.281466e+003,1.076849e+002
1.281948e+003,1.075972e+002
1.282431e+003,1.074661e+002
1.282913e+003,1.072951e+002
1.283395e+003,1.070872e+002
1.283877e+003,1.068438e+002
1.284359e+003,1.065640e+002
1.284841e+003,1.062450e+002
1.285323e+003,1.058837e+002
1.285805e+003,1.054791e+002
1.286288e+003,1.050342e+002
1.286770e+003,1.045562e+002
1.287252e+003,1.040560e+002
1.287734e+003,1.035460e+002
1.288216e+003,1.030388e+002
1.288698e+003,1.025465e+002
1.289180e+003,1.020804e+002
1.289662e+003,1.016521e+002
1.290145e+003,1.012732e+002
1.290627e+003,1.009549e+002
1.291109e+003,1.007070e+002
1.291591e+003,1.005359e+002
1.292073e+003,1.004436e+002
1.292555e+003,1.004275e+002
1.293037e+003,1.004815e+002
1.293519e+003,1.005972e+002
1.294001e+003,1.007662e+002
1.294484e+003,1.009803e+002
1.294966e+003,1.012320e+002
1.295448e+003,1.015139e+002
1.295930e+003,1.018173e+002
1.296412e+003,1.021331e+002
1.296894e+003,1.024518e+002
1.297376e+003,1.027662e+002
1.297858e+003,1.030719e+002
1.298340e+003,1.033684e+002
1.298823e+003,1.036570e+002
1.299305e+003,1.039393e+002
1.299787e+003,1.042146e+002
1.300269e+003,1.044790e+002
1.300751e+003,1.047262e+002
1.301233e+003,1.049498e+002
1.301715e+003,1.051452e+002
1.302197e+003,1.053110e+002
1.302679e+003,1.054487e+002
1.303162e+003,1.055613e+002
1.303644e+003,1.056516e+002
1.304126e+003,1.057206e+002
1.304608e+003,1.057686e+002
1.305090e+003,1.057959e+002
1.305572e+003,1.058045e+002
1.306054e+003,1.057979e+002
1.306536e+003,1.057807e+002
1.307019e+003,1.057566e+002
1.307501e+003,1.057268e+002
1.307983e+003,1.056894e+002
1.308465e+003,1.056407e+002
1.308947e+003,1.055764e+002
1.309429e+003,1.054945e+002
1.309911e+003,1.053958e+002
1.310393e+003,1.052844e+002
1.310875e+003,1.051664e+002
1.311358e+003,1.050480e+002
1.311840e+003,1.049349e+002
1.312322e+003,1.048310e+002
1.312804e+003,1.047384e+002
1.313286e+003,1.046566e+002
1.313768e+003,1.045827e+002
1.314250e+003,1.045114e+002
1.314732e+003,1.044353e+002
1.315215e+003,1.043467e+002
1.315697e+003,1.042396e+002
1.316179e+003,1.041122e+002
1.316661e+003,1.039680e+002
1.317143e+003,1.038162e+002
1.317625e+003,1.036685e+002
1.318107e+003,1.035365e+002
1.318589e+003,1.034268e+002
1.319072e+003,1.033397e+002
1.319554e+003,1.032693e+002
1.320036e+003,1.032060e+002
1.320518e+003,1.031402e+002
1.321000e+003,1.030655e+002
1.321482e+003,1.029789e+002
1.321964e+003,1.028807e+002
1.322446e+003,1.027720e+002
1.322928e+003,1.026533e+002
1.323411e+003,1.025239e+002
1.323893e+003,1.023834e+002
1.324375e+003,1.022327e+002
1.324857e+003,1.020756e+002
1.325339e+003,1.019177e+002
1.325821e+003,1.017652e+002
1.326303e+003,1.016219e+002
1.326785e+003,1.014879e+002
1.327267e+003,1.013595e+002
1.327750e+003,1.012297e+002
1.328232e+003,1.010914e+002
1.328714e+003,1.009388e+002
1.329196e+003,1.007683e+002
1.329678e+003,1.005781e+002
1.330160e+003,1.003668e+002
1.330642e+003,1.001328e+002
1.331124e+003,9.987347e+001
1.331606e+003,9.958686e+001
1.332089e+003,9.927224e+001
1.332571e+003,9.893114e+001
1.333053e+003,9.856625e+001
1.333535e+003,9.817999e+001
1.334017e+003,9.777234e+001
1.334499e+003,9.733968e+001
1.334981e+003,9.687493e+001
1.335463e+003,9.636854e+001
1.335946e+003,9.581023e+001
1.336428e+003,9.519020e+001
1.336910e+003,9.449966e+001
1.337392e+003,9.373129e+001
1.337874e+003,9.288052e+001
1.338356e+003,9.194805e+001
1.338838e+003,9.094337e+001
1.339320e+003,8.988720e+001
1.339802e+003,8.881047e+001
1.340285e+003,8.774957e+001
1.340767e+003,8.673969e+001
1.341249e+003,8.581022e+001
1.341731e+003,8.498358e+001
1.342213e+003,8.427746e+001
1.342695e+003,8.370758e+001
1.343177e+003,8.328907e+001
1.343659e+003,8.303521e+001
1.344142e+003,8.295390e+001
1.344624e+003,8.304396e+001
1.345106e+003,8.329298e+001
1.345588e+003,8.367851e+001
1.346070e+003,8.417210e+001
1.346552e+003,8.474479e+001
1.347034e+003,8.537259e+001
1.347516e+003,8.604076e+001
1.347999e+003,8.674589e+001
1.348481e+003,8.749537e+001
1.348963e+003,8.830379e+001
1.349445e+003,8.918678e+001
1.349927e+003,9.015370e+001
1.350409e+003,9.120105e+001
1.350891e+003,9.230931e+001
1.351373e+003,9.344406e+001
1.351855e+003,9.456216e+001
1.352338e+003,9.562046e+001
1.352820e+003,9.658463e+001
1.353302e+003,9.743449e+001
1.353784e+003,9.816539e+001
1.354266e+003,9.878527e+001
1.354748e+003,9.930961e+001
1.355230e+003,9.975579e+001
1.355712e+003,1.001387e+002
1.356194e+003,1.004681e+002
1.356677e+003,1.007482e+002
1.357159e+003,1.009782e+002
1.357641e+003,1.011549e+002
1.358123e+003,1.012743e+002
1.358605e+003,1.013344e+002
1.359087e+003,1.013374e+002
1.359569e+003,1.012906e+002
1.360051e+003,1.012068e+002
1.360533e+003,1.011032e+002
1.361016e+003,1.009992e+002
1.361498e+003,1.009143e+002
1.361980e+003,1.008650e+002
1.362462e+003,1.008607e+002
1.362944e+003,1.009012e+002
1.363426e+003,1.009753e+002
1.363908e+003,1.010652e+002
1.364390e+003,1.011512e+002
1.364873e+003,1.012176e+002
1.365355e+003,1.012546e+002
1.365837e+003,1.012589e+002
1.366319e+003,1.012331e+002
1.366801e+003,1.011862e+002
1.367283e+003,1.011319e+002
1.367765e+003,1.010853e+002
1.368247e+003,1.010582e+002
1.368729e+003,1.010537e+002
1.369212e+003,1.010641e+002
1.369694e+003,1.010724e+002
1.370176e+003,1.010585e+002
1.370658e+003,1.010055e+002
1.371140e+003,1.009056e+002
1.371622e+003,1.007634e+002
1.372104e+003,1.005957e+002
1.372586e+003,1.004292e+002
1.373069e+003,1.002949e+002
1.373551e+003,1.002207e+002
1.374033e+003,1.002226e+002
1.374515e+003,1.002985e+002
1.374997e+003,1.004287e+002
1.375479e+003,1.005832e+002
1.375961e+003,1.007324e+002
1.376443e+003,1.008544e+002
1.376926e+003,1.009367e+002
1.377408e+003,1.009756e+002
1.377890e+003,1.009740e+002
1.378372e+003,1.009405e+002
1.378854e+003,1.008881e+002
1.379336e+003,1.008320e+002
1.379818e+003,1.007859e+002
1.380300e+003,1.007590e+002
1.380782e+003,1.007533e+002
1.381265e+003,1.007637e+002
1.381747e+003,1.007789e+002
1.382229e+003,1.007858e+002
1.382711e+003,1.007731e+002
1.383193e+003,1.007353e+002
1.383675e+003,1.006748e+002
1.384157e+003,1.006001e+002
1.384639e+003,1.005240e+002
1.385121e+003,1.004599e+002
1.385604e+003,1.004197e+002
1.386086e+003,1.004125e+002
1.386568e+003,1.004414e+002
1.387050e+003,1.005009e+002
1.387532e+003,1.005757e+002
1.388014e+003,1.006450e+002
1.388496e+003,1.006901e+002
1.388978e+003,1.007007e+002
1.389460e+003,1.006775e+002
1.389943e+003,1.006299e+002
1.390425e+003,1.005709e+002
1.390907e+003,1.005124e+002
1.391389e+003,1.004611e+002
1.391871e+003,1.004169e+002
1.392353e+003,1.003732e+002
1.392835e+003,1.003206e+002
1.393317e+003,1.002513e+002
1.393800e+003,1.001639e+002
1.394282e+003,1.000643e+002
1.394764e+003,9.996130e+001
1.395246e+003,9.986146e+001
1.395728e+003,9.976612e+001
1.396210e+003,9.967384e+001
1.396692e+003,9.958517e+001
1.397174e+003,9.950649e+001
1.397656e+003,9.945075e+001
1.398139e+003,9.943494e+001
1.398621e+003,9.947330e+001
1.399103e+003,9.956754e+001
1.399585e+003,9.970036e+001
1.400067e+003,9.983807e+001
1.400549e+003,9.994209e+001
1.401031e+003,9.998178e+001
1.401513e+003,9.994160e+001
1.401996e+003,9.982103e+001
1.402478e+003,9.963152e+001
1.402960e+003,9.939344e+001
1.403442e+003,9.913377e+001
1.403924e+003,9.888277e+001
1.404406e+003,9.866891e+001
1.404888e+003,9.851263e+001
1.405370e+003,9.842180e+001
1.405853e+003,9.839104e+001
1.406335e+003,9.840506e+001
1.406817e+003,9.844395e+001
1.407299e+003,9.848768e+001
1.407781e+003,9.851971e+001
1.408263e+003,9.852947e+001
1.408745e+003,9.851433e+001
1.409227e+003,9.847988e+001
1.409709e+003,9.843793e+001
1.410192e+003,9.840155e+001
1.410674e+003,9.837825e+001
1.411156e+003,9.836477e+001
1.411638e+003,9.834575e+001
1.412120e+003,9.829720e+001
1.412602e+003,9.819372e+001
1.413084e+003,9.801608e+001
1.413566e+003,9.775675e+001
1.414048e+003,9.742107e+001
1.414531e+003,9.702481e+001
1.415013e+003,9.658878e+001
1.415495e+003,9.613322e+001
1.415977e+003,9.567363e+001
1.416459e+003,9.521942e+001
1.416941e+003,9.477544e+001
1.417423e+003,9.434492e+001
1.417905e+003,9.393127e+001
1.418387e+003,9.353457e+001
1.418870e+003,9.314204e+001
1.419352e+003,9.271991e+001
1.419834e+003,9.221848e+001
1.420316e+003,9.159100e+001
1.420798e+003,9.081028e+001
1.421280e+003,8.987012e+001
1.421762e+003,8.877409e+001
1.422244e+003,8.752408e+001
1.422727e+003,8.611739e+001
1.423209e+003,8.455437e+001
1.423691e+003,8.285015e+001
1.424173e+003,8.104097e+001
1.424655e+003,7.917763e+001
1.425137e+003,7.731003e+001
1.425619e+003,7.547421e+001
1.426101e+003,7.369062e+001
1.426583e+003,7.197213e+001
1.427066e+003,7.033478e+001
1.427548e+003,6.880513e+001
1.428030e+003,6.741962e+001
1.428512e+003,6.621520e+001
1.428994e+003,6.521486e+001
1.429476e+003,6.441744e+001
1.429958e+003,6.379922e+001
1.430440e+003,6.332657e+001
1.430923e+003,6.297089e+001
1.431405e+003,6.271579e+001
1.431887e+003,6.255433e+001
1.432369e+003,6.248151e+001
1.432851e+003,6.248902e+001
1.433333e+003,6.256643e+001
1.433815e+003,6.270836e+001
1.434297e+003,6.292479e+001
1.434780e+003,6.325072e+001
1.435262e+003,6.374841e+001
1.435744e+003,6.449004e+001
1.436226e+003,6.551468e+001
1.436708e+003,6.678080e+001
1.437190e+003,6.816370e+001
1.437672e+003,6.951557e+001
1.438154e+003,7.073678e+001
1.438636e+003,7.180089e+001
1.439119e+003,7.273280e+001
1.439601e+003,7.357239e+001
1.440083e+003,7.434860e+001
1.440565e+003,7.507050e+001
1.441047e+003,7.573241e+001
1.441529e+003,7.632701e+001
1.442011e+003,7.685843e+001
1.442493e+003,7.734801e+001
1.442976e+003,7.783031e+001
1.443458e+003,7.834267e+001
1.443940e+003,7.891556e+001
1.444422e+003,7.956869e+001
1.444904e+003,8.031448e+001
1.445386e+003,8.116511e+001
1.445868e+003,8.213730e+001
1.446350e+003,8.324950e+001
1.446833e+003,8.450867e+001
1.447314e+003,8.589120e+001
1.447797e+003,8.732979e+001
1.448279e+003,8.872269e+001
1.448761e+003,8.996754e+001
1.449243e+003,9.100059e+001
1.449725e+003,9.181564e+001
1.450207e+003,9.245422e+001
1.450689e+003,9.297949e+001
1.451171e+003,9.345015e+001
1.451654e+003,9.390476e+001
1.452136e+003,9.435818e+001
1.452618e+003,9.480815e+001
1.453100e+003,9.524583e+001
1.453582e+003,9.566366e+001
1.454064e+003,9.605561e+001
1.454546e+003,9.641155e+001
1.455028e+003,9.671252e+001
1.455510e+003,9.693589e+001
1.455993e+003,9.707225e+001
1.456475e+003,9.714417e+001
1.456957e+003,9.720386e+001
1.457439e+003,9.730343e+001
1.457921e+003,9.746618e+001
1.458403e+003,9.768707e+001
1.458885e+003,9.794983e+001
1.459367e+003,9.823602e+001
1.459850e+003,9.852429e+001
1.460332e+003,9.879020e+001
1.460814e+003,9.901051e+001
1.461296e+003,9.916958e+001
1.461778e+003,9.926340e+001
1.462260e+003,9.929926e+001
1.462742e+003,9.929217e+001
1.463224e+003,9.926092e+001
1.463707e+003,9.922372e+001
1.464189e+003,9.919460e+001
1.464671e+003,9.917975e+001
1.465153e+003,9.917733e+001
1.465635e+003,9.918140e+001
1.466117e+003,9.918787e+001
1.466599e+003,9.919691e+001
1.467081e+003,9.921049e+001
1.467563e+003,9.922768e+001
1.468046e+003,9.924142e+001
1.468528e+003,9.923836e+001
1.469010e+003,9.920113e+001
1.469492e+003,9.911080e+001
1.469974e+003,9.894946e+001
1.470456e+003,9.870399e+001
1.470938e+003,9.837215e+001
1.471420e+003,9.797027e+001
1.471903e+003,9.753380e+001
1.472385e+003,9.710338e+001
1.472867e+003,9.669981e+001
1.473349e+003,9.630877e+001
1.473831e+003,9.588982e+001
1.474313e+003,9.539896e+001
1.474795e+003,9.480578e+001
1.475277e+003,9.409954e+001
1.475760e+003,9.328968e+001
1.476241e+003,9.240465e+001
1.476724e+003,9.148819e+001
1.477206e+003,9.059226e+001
1.477688e+003,8.976884e+001
1.478170e+003,8.906574e+001
1.478652e+003,8.852772e+001
1.479134e+003,8.819946e+001
1.479616e+003,8.812518e+001
1.480098e+003,8.834094e+001
1.480581e+003,8.885995e+001
1.481063e+003,8.965706e+001
1.481545e+003,9.066357e+001
1.482027e+003,9.177915e+001
1.482509e+003,9.289740e+001
1.482991e+003,9.393139e+001
1.483473e+003,9.482710e+001
1.483955e+003,9.556311e+001
1.484438e+003,9.614223e+001
1.484920e+003,9.658161e+001
1.485402e+003,9.690553e+001
1.485884e+003,9.714109e+001
1.486366e+003,9.731589e+001
1.486848e+003,9.745687e+001
1.487330e+003,9.758927e+001
1.487812e+003,9.773552e+001
1.488294e+003,9.791337e+001
1.488777e+003,9.813240e+001
1.489259e+003,9.838916e+001
1.489741e+003,9.866405e+001
1.490223e+003,9.892418e+001
1.490705e+003,9.913499e+001
1.491187e+003,9.927538e+001
1.491669e+003,9.934716e+001
1.492151e+003,9.937363e+001
1.492634e+003,9.938934e+001
1.493116e+003,9.942720e+001
1.493598e+003,9.950813e+001
1.494080e+003,9.963535e+001
1.494562e+003,9.979397e+001
1.495044e+003,9.995587e+001
1.495526e+003,1.000889e+002
1.496008e+003,1.001685e+002
1.496490e+003,1.001867e+002
1.496973e+003,1.001547e+002
1.497455e+003,1.000972e+002
1.497937e+003,1.000410e+002
1.498419e+003,1.000052e+002
1.498901e+003,9.999485e+001
1.499383e+003,1.000013e+002
1.499865e+003,1.000063e+002
1.500347e+003,9.999026e+001
1.500830e+003,9.994015e+001
1.501312e+003,9.985541e+001
1.501794e+003,9.974816e+001
1.502276e+003,9.963805e+001
1.502758e+003,9.954331e+001
1.503240e+003,9.947066e+001
1.503722e+003,9.940704e+001
1.504204e+003,9.931713e+001
1.504687e+003,9.915223e+001
1.505168e+003,9.887675e+001
1.505651e+003,9.851035e+001
1.506133e+003,9.815717e+001
1.506615e+003,9.796860e+001
1.507097e+003,9.803487e+001
1.507579e+003,9.831221e+001
1.508061e+003,9.867366e+001
1.508543e+003,9.900996e+001
1.509025e+003,9.927351e+001
1.509508e+003,9.946221e+001
1.509990e+003,9.958929e+001
1.510472e+003,9.966440e+001
1.510954e+003,9.968842e+001
1.511436e+003,9.965656e+001
1.511918e+003,9.956413e+001
1.512400e+003,9.941228e+001
1.512882e+003,9.921104e+001
1.513365e+003,9.897958e+001
1.513847e+003,9.874422e+001
1.514329e+003,9.853510e+001
1.514811e+003,9.838295e+001
1.515293e+003,9.831522e+001
1.515775e+003,9.834915e+001
1.516257e+003,9.848074e+001
1.516739e+003,9.867625e+001
1.517221e+003,9.887695e+001
1.517704e+003,9.902039e+001
1.518186e+003,9.906483e+001
1.518668e+003,9.899938e+001
1.519150e+003,9.883937e+001
1.519632e+003,9.861873e+001
1.520114e+003,9.838762e+001
1.520596e+003,9.821023e+001
1.521078e+003,9.814497e+001
1.521561e+003,9.820770e+001
1.522043e+003,9.835166e+001
1.522525e+003,9.849588e+001
1.523007e+003,9.857702e+001
1.523489e+003,9.857577e+001
1.523971e+003,9.850781e+001
1.524453e+003,9.840258e+001
1.524935e+003,9.828950e+001
1.525417e+003,9.819362e+001
1.525900e+003,9.813508e+001
1.526382e+003,9.812740e+001
1.526864e+003,9.817522e+001
1.527346e+003,9.827348e+001
1.527828e+003,9.840781e+001
1.528310e+003,9.855640e+001
1.528792e+003,9.869289e+001
1.529274e+003,9.879208e+001
1.529757e+003,9.883746e+001
1.530239e+003,9.882796e+001
1.530721e+003,9.878053e+001
1.531203e+003,9.872768e+001
1.531685e+003,9.871114e+001
1.532167e+003,9.877178e+001
1.532649e+003,9.893364e+001
1.533131e+003,9.918269e+001
1.533614e+003,9.945657e+001
1.534095e+003,9.966624e+001
1.534578e+003,9.974394e+001
1.535060e+003,9.967720e+001
1.535542e+003,9.950388e+001
1.536024e+003,9.928105e+001
1.536506e+003,9.905373e+001
1.536988e+003,9.883672e+001
1.537470e+003,9.861098e+001
1.537952e+003,9.833326e+001
1.538435e+003,9.795660e+001
1.538917e+003,9.745765e+001
1.539399e+003,9.685517e+001
1.539881e+003,9.620123e+001
1.540363e+003,9.554448e+001
1.540845e+003,9.489806e+001
1.541327e+003,9.424303e+001
1.541809e+003,9.355745e+001
1.542292e+003,9.284165e+001
1.542774e+003,9.212797e+001
1.543256e+003,9.147876e+001
1.543738e+003,9.097630e+001
1.544220e+003,9.070223e+001
1.544702e+003,9.070796e+001
1.545184e+003,9.098978e+001
1.545666e+003,9.148754e+001
1.546148e+003,9.211198e+001
1.546631e+003,9.278217e+001
1.547113e+003,9.345037e+001
1.547595e+003,9.410651e+001
1.548077e+003,9.476840e+001
1.548559e+003,9.546562e+001
1.549041e+003,9.622118e+001
1.549523e+003,9.703478e+001
1.550005e+003,9.787566e+001
1.550488e+003,9.869181e+001
1.550970e+003,9.942989e+001
1.551452e+003,1.000514e+002
1.551934e+003,1.005348e+002
1.552416e+003,1.008689e+002
1.552898e+003,1.010490e+002
1.553380e+003,1.010799e+002
1.553862e+003,1.009821e+002
1.554344e+003,1.007949e+002
1.554827e+003,1.005696e+002
1.555309e+003,1.003561e+002
1.555791e+003,1.001914e+002
1.556273e+003,1.000929e+002
1.556755e+003,1.000625e+002
1.557237e+003,1.001031e+002
1.557719e+003,1.002518e+002
1.558201e+003,1.005991e+002
1.558684e+003,1.012212e+002
1.559166e+003,1.020259e+002
1.559648e+003,1.027342e+002
1.560130e+003,1.030984e+002
1.560612e+003,1.030693e+002
1.561094e+003,1.027529e+002
1.561576e+003,1.022984e+002
1.562058e+003,1.018306e+002
1.562541e+003,1.014310e+002
1.563022e+003,1.011425e+002
1.563505e+003,1.009792e+002
1.563987e+003,1.009345e+002
1.564469e+003,1.009839e+002
1.564951e+003,1.010885e+002
1.565433e+003,1.012030e+002
1.565915e+003,1.012867e+002
1.566397e+003,1.013142e+002
1.566879e+003,1.012796e+002
1.567362e+003,1.011976e+002
1.567844e+003,1.011042e+002
1.568326e+003,1.010565e+002
1.568808e+003,1.011228e+002
1.569290e+003,1.013557e+002
1.569772e+003,1.017552e+002
1.570254e+003,1.022541e+002
1.570736e+003,1.027471e+002
1.571219e+003,1.031412e+002
1.571701e+003,1.033891e+002
1.572183e+003,1.034905e+002
1.572665e+003,1.034745e+002
1.573147e+003,1.033805e+002
1.573629e+003,1.032476e+002
1.574111e+003,1.031131e+002
1.574593e+003,1.030176e+002
1.575075e+003,1.030069e+002
1.575558e+003,1.031185e+002
1.576040e+003,1.033523e+002
1.576522e+003,1.036506e+002
1.577004e+003,1.039206e+002
1.577486e+003,1.040873e+002
1.577968e+003,1.041289e+002
1.578450e+003,1.040719e+002
1.578932e+003,1.039651e+002
1.579415e+003,1.038552e+002
1.579897e+003,1.037747e+002
1.580379e+003,1.037388e+002
1.580861e+003,1.037475e+002
1.581343e+003,1.037886e+002
1.581825e+003,1.038419e+002
1.582307e+003,1.038859e+002
1.582789e+003,1.039035e+002
1.583271e+003,1.038878e+002
1.583754e+003,1.038442e+002
1.584236e+003,1.037900e+002
1.584718e+003,1.037510e+002
1.585200e+003,1.037552e+002
1.585682e+003,1.038248e+002
1.586164e+003,1.039695e+002
1.586646e+003,1.041820e+002
1.587128e+003,1.044390e+002
1.587611e+003,1.047053e+002
1.588093e+003,1.049412e+002
1.588575e+003,1.051124e+002
1.589057e+003,1.051982e+002
1.589539e+003,1.051964e+002
1.590021e+003,1.051217e+002
1.590503e+003,1.049999e+002
1.590985e+003,1.048594e+002
1.591468e+003,1.047247e+002
1.591949e+003,1.046125e+002
1.592432e+003,1.045308e+002
1.592914e+003,1.044796e+002
1.593396e+003,1.044531e+002
1.593878e+003,1.044421e+002
1.594360e+003,1.044368e+002
1.594842e+003,1.044298e+002
1.595324e+003,1.044186e+002
1.595806e+003,1.044059e+002
1.596289e+003,1.043993e+002
1.596771e+003,1.044075e+002
1.597253e+003,1.044370e+002
1.597735e+003,1.044875e+002
1.598217e+003,1.045503e+002
1.598699e+003,1.046092e+002
1.599181e+003,1.046438e+002
1.599663e+003,1.046358e+002
1.600146e+003,1.045755e+002
1.600628e+003,1.044666e+002
1.601110e+003,1.043261e+002
1.601592e+003,1.041810e+002
1.602074e+003,1.040603e+002
1.602556e+003,1.039879e+002
1.603038e+003,1.039774e+002
1.603520e+003,1.040299e+002
1.604002e+003,1.041354e+002
1.604485e+003,1.042761e+002
1.604967e+003,1.044311e+002
1.605449e+003,1.045795e+002
1.605931e+003,1.047033e+002
1.606413e+003,1.047890e+002
1.606895e+003,1.048293e+002
1.607377e+003,1.048254e+002
1.607859e+003,1.047873e+002
1.608342e+003,1.047322e+002
1.608824e+003,1.046801e+002
1.609306e+003,1.046472e+002
1.609788e+003,1.046407e+002
1.610270e+003,1.046562e+002
1.610752e+003,1.046795e+002
1.611234e+003,1.046915e+002
1.611716e+003,1.046754e+002
1.612198e+003,1.046224e+002
1.612681e+003,1.045348e+002
1.613163e+003,1.044230e+002
1.613645e+003,1.042996e+002
1.614127e+003,1.041741e+002
1.614609e+003,1.040521e+002
1.615091e+003,1.039406e+002
1.615573e+003,1.038568e+002
1.616055e+003,1.038270e+002
1.616538e+003,1.038698e+002
1.617020e+003,1.039724e+002
1.617502e+003,1.040871e+002
1.617984e+003,1.041576e+002
1.618466e+003,1.041469e+002
1.618948e+003,1.040462e+002
1.619430e+003,1.038650e+002
1.619912e+003,1.036180e+002
1.620395e+003,1.033187e+002
1.620876e+003,1.029812e+002
1.621359e+003,1.026266e+002
1.621841e+003,1.022885e+002
1.622323e+003,1.020094e+002
1.622805e+003,1.018261e+002
1.623287e+003,1.017489e+002
1.623769e+003,1.017517e+002
1.624251e+003,1.017826e+002
1.624733e+003,1.017877e+002
1.625216e+003,1.017313e+002
1.625698e+003,1.016038e+002
1.626180e+003,1.014178e+002
1.626662e+003,1.012006e+002
1.627144e+003,1.009854e+002
1.627626e+003,1.008002e+002
1.628108e+003,1.006565e+002
1.628590e+003,1.005435e+002
1.629073e+003,1.004329e+002
1.629555e+003,1.002934e+002
1.630037e+003,1.001056e+002
1.630519e+003,9.987051e+001
1.631001e+003,9.960963e+001
1.631483e+003,9.935961e+001
1.631965e+003,9.916541e+001
1.632447e+003,9.907419e+001
1.632929e+003,9.913179e+001
1.633412e+003,9.938111e+001
1.633894e+003,9.986000e+001
1.634376e+003,1.005908e+002
1.634858e+003,1.015518e+002
1.635340e+003,1.026361e+002
1.635822e+003,1.036453e+002
1.636304e+003,1.043659e+002
1.636786e+003,1.046873e+002
1.637269e+003,1.046474e+002
1.637751e+003,1.043821e+002
1.638233e+003,1.040466e+002
1.638715e+003,1.037644e+002
1.639197e+003,1.036094e+002
1.639679e+003,1.036055e+002
1.640161e+003,1.037351e+002
1.640643e+003,1.039522e+002
1.641125e+003,1.042004e+002
1.641608e+003,1.044303e+002
1.642090e+003,1.046103e+002
1.642572e+003,1.047280e+002
1.643054e+003,1.047832e+002
1.643536e+003,1.047794e+002
1.644018e+003,1.047186e+002
1.644500e+003,1.046020e+002
1.644982e+003,1.044356e+002
1.645465e+003,1.042384e+002
1.645947e+003,1.040431e+002
1.646429e+003,1.038845e+002
1.646911e+003,1.037785e+002
1.647393e+003,1.037103e+002
1.647875e+003,1.036469e+002
1.648357e+003,1.035663e+002
1.648839e+003,1.034766e+002
1.649322e+003,1.034108e+002
1.649803e+003,1.034060e+002
1.650286e+003,1.034808e+002
1.650768e+003,1.036195e+002
1.651250e+003,1.037720e+002
1.651732e+003,1.038772e+002
1.652214e+003,1.039087e+002
1.652696e+003,1.039020e+002
1.653178e+003,1.039032e+002
1.653660e+003,1.038911e+002
1.654143e+003,1.038024e+002
1.654625e+003,1.036223e+002
1.655107e+003,1.034068e+002
1.655589e+003,1.032377e+002
1.656071e+003,1.031768e+002
1.656553e+003,1.032446e+002
1.657035e+003,1.034200e+002
1.657517e+003,1.036491e+002
1.658000e+003,1.038603e+002
1.658482e+003,1.039832e+002
1.658964e+003,1.039666e+002
1.659446e+003,1.037912e+002
1.659928e+003,1.034729e+002
1.660410e+003,1.030594e+002
1.660892e+003,1.026219e+002
1.661374e+003,1.022448e+002
1.661856e+003,1.020119e+002
1.662339e+003,1.019843e+002
1.662821e+003,1.021770e+002
1.663303e+003,1.025485e+002
1.663785e+003,1.030144e+002
1.664267e+003,1.034820e+002
1.664749e+003,1.038797e+002
1.665231e+003,1.041675e+002
1.665713e+003,1.043293e+002
1.666196e+003,1.043586e+002
1.666678e+003,1.042495e+002
1.667160e+003,1.039984e+002
1.667642e+003,1.036148e+002
1.668124e+003,1.031370e+002
1.668606e+003,1.026396e+002
1.669088e+003,1.022217e+002
1.669570e+003,1.019743e+002
1.670052e+003,1.019437e+002
1.670535e+003,1.021176e+002
1.671017e+003,1.024396e+002
1.671499e+003,1.028404e+002
1.671981e+003,1.032623e+002
1.672463e+003,1.036662e+002
1.672945e+003,1.040262e+002
1.673427e+003,1.043197e+002
1.673909e+003,1.045220e+002
1.674392e+003,1.046087e+002
1.674874e+003,1.045640e+002
1.675356e+003,1.043879e+002
1.675838e+003,1.040989e+002
1.676320e+003,1.037316e+002
1.676802e+003,1.033303e+002
1.677284e+003,1.029413e+002
1.677766e+003,1.026028e+002
1.678249e+003,1.023374e+002
1.678730e+003,1.021490e+002
1.679213e+003,1.020251e+002
1.679695e+003,1.019439e+002
1.680177e+003,1.018836e+002
1.680659e+003,1.018308e+002
1.681141e+003,1.017839e+002
1.681623e+003,1.017498e+002
1.682105e+003,1.017390e+002
1.682587e+003,1.017655e+002
1.683070e+003,1.018532e+002
1.683552e+003,1.020339e+002
1.684034e+003,1.023167e+002
1.684516e+003,1.026479e+002
1.684998e+003,1.029260e+002
1.685480e+003,1.030757e+002
1.685962e+003,1.030967e+002
1.686444e+003,1.030469e+002
1.686927e+003,1.029957e+002
1.687409e+003,1.029904e+002
1.687891e+003,1.030432e+002
1.688373e+003,1.031366e+002
1.688855e+003,1.032349e+002
1.689337e+003,1.033017e+002
1.689819e+003,1.033118e+002
1.690301e+003,1.032581e+002
1.690783e+003,1.031490e+002
1.691266e+003,1.030029e+002
1.691748e+003,1.028434e+002
1.692230e+003,1.026949e+002
1.692712e+003,1.025788e+002
1.693194e+003,1.025104e+002
1.693676e+003,1.024970e+002
1.694158e+003,1.025400e+002
1.694640e+003,1.026374e+002
1.695123e+003,1.027801e+002
1.695605e+003,1.029376e+002
1.696087e+003,1.030520e+002
1.696569e+003,1.030613e+002
1.697051e+003,1.029366e+002
1.697533e+003,1.026968e+002
1.698015e+003,1.023911e+002
1.698497e+003,1.020803e+002
1.698979e+003,1.018358e+002
1.699462e+003,1.017430e+002
1.699944e+003,1.018685e+002
1.700426e+003,1.021795e+002
1.700908e+003,1.025159e+002
1.701390e+003,1.026928e+002
1.701872e+003,1.026256e+002
1.702354e+003,1.023477e+002
1.702836e+003,1.019502e+002
1.703319e+003,1.015280e+002
1.703801e+003,1.011591e+002
1.704283e+003,1.009069e+002
1.704765e+003,1.008209e+002
1.705247e+003,1.009239e+002
1.705729e+003,1.011941e+002
1.706211e+003,1.015643e+002
1.706693e+003,1.019456e+002
1.707176e+003,1.022594e+002
1.707657e+003,1.024564e+002
1.708140e+003,1.025202e+002
1.708622e+003,1.024636e+002
1.709104e+003,1.023225e+002
1.709586e+003,1.021474e+002
1.710068e+003,1.019916e+002
1.710550e+003,1.018970e+002
1.711032e+003,1.018838e+002
1.711514e+003,1.019463e+002
1.711997e+003,1.020554e+002
1.712479e+003,1.021676e+002
1.712961e+003,1.022381e+002
1.713443e+003,1.022347e+002
1.713925e+003,1.021497e+002
1.714407e+003,1.020045e+002
1.714889e+003,1.018446e+002
1.715371e+003,1.017292e+002
1.715854e+003,1.017155e+002
1.716336e+003,1.018421e+002
1.716818e+003,1.021096e+002
1.717300e+003,1.024646e+002
1.717782e+003,1.028056e+002
1.718264e+003,1.030232e+002
1.718746e+003,1.030553e+002
1.719229e+003,1.029130e+002
1.719710e+003,1.026634e+002
1.720193e+003,1.023924e+002
1.720675e+003,1.021743e+002
1.721157e+003,1.020563e+002
1.721639e+003,1.020538e+002
1.722121e+003,1.021529e+002
1.722603e+003,1.023158e+002
1.723085e+003,1.024922e+002
1.723567e+003,1.026334e+002
1.724050e+003,1.027068e+002
1.724532e+003,1.027033e+002
1.725014e+003,1.026361e+002
1.725496e+003,1.025304e+002
1.725978e+003,1.024139e+002
1.726460e+003,1.023083e+002
1.726942e+003,1.022270e+002
1.727424e+003,1.021755e+002
1.727906e+003,1.021543e+002
1.728389e+003,1.021609e+002
1.728871e+003,1.021913e+002
1.729353e+003,1.022402e+002
1.729835e+003,1.023015e+002
1.730317e+003,1.023687e+002
1.730799e+003,1.024372e+002
1.731281e+003,1.025048e+002
1.731763e+003,1.025740e+002
1.732246e+003,1.026543e+002
1.732728e+003,1.027668e+002
1.733210e+003,1.029404e+002
1.733692e+003,1.031891e+002
1.734174e+003,1.034737e+002
1.734656e+003,1.036978e+002
1.735138e+003,1.037622e+002
1.735620e+003,1.036305e+002
1.736103e+003,1.033412e+002
1.736585e+003,1.029726e+002
1.737067e+003,1.026036e+002
1.737549e+003,1.022915e+002
1.738031e+003,1.020664e+002
1.738513e+003,1.019333e+002
1.738995e+003,1.018724e+002
1.739477e+003,1.018425e+002
1.739959e+003,1.017920e+002
1.740442e+003,1.016797e+002
1.740924e+003,1.014942e+002
1.741406e+003,1.012579e+002
1.741888e+003,1.010167e+002
1.742370e+003,1.008231e+002
1.742852e+003,1.007210e+002
1.743334e+003,1.007327e+002
1.743816e+003,1.008527e+002
1.744299e+003,1.010485e+002
1.744781e+003,1.012708e+002
1.745263e+003,1.014656e+002
1.745745e+003,1.015868e+002
1.746227e+003,1.016044e+002
1.746709e+003,1.015107e+002
1.747191e+003,1.013233e+002
1.747673e+003,1.010835e+002
1.748156e+003,1.008485e+002
1.748637e+003,1.006786e+002
1.749120e+003,1.006238e+002
1.749602e+003,1.007129e+002
1.750084e+003,1.009443e+002
1.750566e+003,1.012822e+002
1.751048e+003,1.016581e+002
1.751530e+003,1.019886e+002
1.752012e+003,1.022017e+002
1.752494e+003,1.022625e+002
1.752977e+003,1.021789e+002
1.753459e+003,1.019898e+002
1.753941e+003,1.017455e+002
1.754423e+003,1.014914e+002
1.754905e+003,1.012602e+002
1.755387e+003,1.010708e+002
1.755869e+003,1.009295e+002
1.756351e+003,1.008317e+002
1.756833e+003,1.007647e+002
1.757316e+003,1.007139e+002
1.757798e+003,1.006701e+002
1.758280e+003,1.006344e+002
1.758762e+003,1.006179e+002
1.759244e+003,1.006370e+002
1.759726e+003,1.007079e+002
1.760208e+003,1.008421e+002
1.760690e+003,1.010420e+002
1.761173e+003,1.012963e+002
1.761655e+003,1.015766e+002
1.762137e+003,1.018402e+002
1.762619e+003,1.020407e+002
1.763101e+003,1.021445e+002
1.763583e+003,1.021408e+002
1.764065e+003,1.020428e+002
1.764547e+003,1.018796e+002
1.765030e+003,1.016881e+002
1.765512e+003,1.015044e+002
1.765994e+003,1.013599e+002
1.766476e+003,1.012761e+002
1.766958e+003,1.012598e+002
1.767440e+003,1.012983e+002
1.767922e+003,1.013603e+002
1.768404e+003,1.014049e+002
1.768886e+003,1.013973e+002
1.769369e+003,1.013196e+002
1.769851e+003,1.011769e+002
1.770333e+003,1.009960e+002
1.770815e+003,1.008213e+002
1.771297e+003,1.007068e+002
1.771779e+003,1.006976e+002
1.772261e+003,1.008056e+002
1.772743e+003,1.009955e+002
1.773226e+003,1.011997e+002
1.773708e+003,1.013536e+002
1.774190e+003,1.014220e+002
1.774672e+003,1.014033e+002
1.775154e+003,1.013158e+002
1.775636e+003,1.011837e+002
1.776118e+003,1.010274e+002
1.776600e+003,1.008626e+002
1.777083e+003,1.007015e+002
1.777564e+003,1.005559e+002
1.778047e+003,1.004394e+002
1.778529e+003,1.003662e+002
1.779011e+003,1.003484e+002
1.779493e+003,1.003917e+002
1.779975e+003,1.004916e+002
1.780457e+003,1.006328e+002
1.780939e+003,1.007934e+002
1.781421e+003,1.009519e+002
1.781904e+003,1.010951e+002
1.782386e+003,1.012206e+002
1.782868e+003,1.013329e+002
1.783350e+003,1.014375e+002
1.783832e+003,1.015342e+002
1.784314e+003,1.016153e+002
1.784796e+003,1.016676e+002
1.785278e+003,1.016787e+002
1.785760e+003,1.016440e+002
1.786243e+003,1.015695e+002
1.786725e+003,1.014704e+002
1.787207e+003,1.013653e+002
1.787689e+003,1.012712e+002
1.788171e+003,1.011990e+002
1.788653e+003,1.011537e+002
1.789135e+003,1.011356e+002
1.789617e+003,1.011433e+002
1.790100e+003,1.011762e+002
1.790582e+003,1.012343e+002
1.791064e+003,1.013171e+002
1.791546e+003,1.014182e+002
1.792028e+003,1.015209e+002
1.792510e+003,1.015985e+002
1.792992e+003,1.016227e+002
1.793474e+003,1.015771e+002
1.793957e+003,1.014655e+002
1.794439e+003,1.013103e+002
1.794921e+003,1.011423e+002
1.795403e+003,1.009898e+002
1.795885e+003,1.008714e+002
1.796367e+003,1.007921e+002
1.796849e+003,1.007459e+002
1.797331e+003,1.007202e+002
1.797813e+003,1.007022e+002
1.798296e+003,1.006841e+002
1.798778e+003,1.006664e+002
1.799260e+003,1.006571e+002
1.799742e+003,1.006682e+002
1.800224e+003,1.007112e+002
1.800706e+003,1.007915e+002
1.801188e+003,1.009066e+002
1.801670e+003,1.010465e+002
1.802153e+003,1.011974e+002
1.802635e+003,1.013451e+002
1.803117e+003,1.014769e+002
1.803599e+003,1.015820e+002
1.804081e+003,1.016513e+002
1.804563e+003,1.016784e+002
1.805045e+003,1.016617e+002
1.805527e+003,1.016055e+002
1.806010e+003,1.015205e+002
1.806491e+003,1.014209e+002
1.806974e+003,1.013220e+002
1.807456e+003,1.012367e+002
1.807938e+003,1.011744e+002
1.808420e+003,1.011407e+002
1.808902e+003,1.011388e+002
1.809384e+003,1.011710e+002
1.809866e+003,1.012389e+002
1.810348e+003,1.013423e+002
1.810831e+003,1.014766e+002
1.811313e+003,1.016307e+002
1.811795e+003,1.017862e+002
1.812277e+003,1.019211e+002
1.812759e+003,1.020148e+002
1.813241e+003,1.020550e+002
1.813723e+003,1.020412e+002
1.814205e+003,1.019848e+002
1.814688e+003,1.019062e+002
1.815170e+003,1.018301e+002
1.815652e+003,1.017798e+002
1.816134e+003,1.017718e+002
1.816616e+003,1.018127e+002
1.817098e+003,1.018973e+002
1.817580e+003,1.020116e+002
1.818062e+003,1.021375e+002
1.818544e+003,1.022571e+002
1.819027e+003,1.023559e+002
1.819509e+003,1.024229e+002
1.819991e+003,1.024512e+002
1.820473e+003,1.024379e+002
1.820955e+003,1.023834e+002
1.821437e+003,1.022919e+002
1.821919e+003,1.021708e+002
1.822401e+003,1.020300e+002
1.822884e+003,1.018818e+002
1.823366e+003,1.017404e+002
1.823848e+003,1.016211e+002
1.824330e+003,1.015364e+002
1.824812e+003,1.014911e+002
1.825294e+003,1.014794e+002
1.825776e+003,1.014858e+002
1.826258e+003,1.014921e+002
1.826740e+003,1.014842e+002
1.827223e+003,1.014557e+002
1.827705e+003,1.014090e+002
1.828187e+003,1.013542e+002
1.828669e+003,1.013080e+002
1.829151e+003,1.012884e+002
1.829633e+003,1.013082e+002
1.830115e+003,1.013673e+002
1.830597e+003,1.014512e+002
1.831080e+003,1.015383e+002
1.831562e+003,1.016104e+002
1.832044e+003,1.016591e+002
1.832526e+003,1.016866e+002
1.833008e+003,1.017008e+002
1.833490e+003,1.017098e+002
1.833972e+003,1.017186e+002
1.834454e+003,1.017270e+002
1.834937e+003,1.017313e+002
1.835418e+003,1.017260e+002
1.835901e+003,1.017075e+002
1.836383e+003,1.016757e+002
1.836865e+003,1.016347e+002
1.837347e+003,1.015911e+002
1.837829e+003,1.015521e+002
1.838311e+003,1.015232e+002
1.838793e+003,1.015078e+002
1.839275e+003,1.015080e+002
1.839758e+003,1.015261e+002
1.840240e+003,1.015656e+002
1.840722e+003,1.016302e+002
1.841204e+003,1.017212e+002
1.841686e+003,1.018339e+002
1.842168e+003,1.019560e+002
1.842650e+003,1.020680e+002
1.843132e+003,1.021478e+002
1.843615e+003,1.021773e+002
1.844097e+003,1.021484e+002
1.844579e+003,1.020661e+002
1.845061e+003,1.019460e+002
1.845543e+003,1.018103e+002
1.846025e+003,1.016815e+002
1.846507e+003,1.015772e+002
1.846989e+003,1.015063e+002
1.847471e+003,1.014678e+002
1.847954e+003,1.014523e+002
1.848436e+003,1.014458e+002
1.848918e+003,1.014345e+002
1.849400e+003,1.014084e+002
1.849882e+003,1.013631e+002
1.850364e+003,1.012992e+002
1.850846e+003,1.012212e+002
1.851328e+003,1.011351e+002
1.851811e+003,1.010481e+002
1.852293e+003,1.009690e+002
1.852775e+003,1.009088e+002
1.853257e+003,1.008801e+002
1.853739e+003,1.008953e+002
1.854221e+003,1.009634e+002
1.854703e+003,1.010860e+002
1.855185e+003,1.012551e+002
1.855667e+003,1.014524e+002
1.856150e+003,1.016525e+002
1.856632e+003,1.018285e+002
1.857114e+003,1.019582e+002
1.857596e+003,1.020309e+002
1.858078e+003,1.020501e+002
1.858560e+003,1.020321e+002
1.859042e+003,1.020009e+002
1.859524e+003,1.019801e+002
1.860007e+003,1.019863e+002
1.860489e+003,1.020245e+002
1.860971e+003,1.020879e+002
1.861453e+003,1.021610e+002
1.861935e+003,1.022253e+002
1.862417e+003,1.022642e+002
1.862899e+003,1.022674e+002
1.863381e+003,1.022317e+002
1.863864e+003,1.021598e+002
1.864345e+003,1.020576e+002
1.864828e+003,1.019327e+002
1.865310e+003,1.017928e+002
1.865792e+003,1.016457e+002
1.866274e+003,1.015005e+002
1.866756e+003,1.013681e+002
1.867238e+003,1.012610e+002
1.867720e+003,1.011921e+002
1.868202e+003,1.011702e+002
1.868685e+003,1.011963e+002
1.869167e+003,1.012611e+002
1.869649e+003,1.013470e+002
1.870131e+003,1.014351e+002
1.870613e+003,1.015115e+002
1.871095e+003,1.015701e+002
1.871577e+003,1.016108e+002
1.872059e+003,1.016356e+002
1.872542e+003,1.016452e+002
1.873024e+003,1.016385e+002
1.873506e+003,1.016139e+002
1.873988e+003,1.015725e+002
1.874470e+003,1.015198e+002
1.874952e+003,1.014662e+002
1.875434e+003,1.014243e+002
1.875916e+003,1.014058e+002
1.876398e+003,1.014178e+002
1.876881e+003,1.014612e+002
1.877363e+003,1.015311e+002
1.877845e+003,1.016185e+002
1.878327e+003,1.017134e+002
1.878809e+003,1.018072e+002
1.879291e+003,1.018937e+002
1.879773e+003,1.019682e+002
1.880255e+003,1.020268e+002
1.880738e+003,1.020648e+002
1.881220e+003,1.020775e+002
1.881702e+003,1.020625e+002
1.882184e+003,1.020219e+002
1.882666e+003,1.019633e+002
1.883148e+003,1.018993e+002
1.883630e+003,1.018442e+002
1.884112e+003,1.018096e+002
1.884594e+003,1.018011e+002
1.885077e+003,1.018162e+002
1.885559e+003,1.018453e+002
1.886041e+003,1.018760e+002
1.886523e+003,1.018968e+002
1.887005e+003,1.019015e+002
1.887487e+003,1.018902e+002
1.887969e+003,1.018693e+002
1.888451e+003,1.018488e+002
1.888934e+003,1.018384e+002
1.889416e+003,1.018436e+002
1.889898e+003,1.018627e+002
1.890380e+003,1.018883e+002
1.890862e+003,1.019099e+002
1.891344e+003,1.019182e+002
1.891826e+003,1.019076e+002
1.892308e+003,1.018769e+002
1.892791e+003,1.018278e+002
1.893272e+003,1.017651e+002
1.893755e+003,1.016955e+002
1.894237e+003,1.016267e+002
1.894719e+003,1.015663e+002
1.895201e+003,1.015204e+002
1.895683e+003,1.014922e+002
1.896165e+003,1.014824e+002
1.896647e+003,1.014894e+002
1.897129e+003,1.015106e+002
1.897612e+003,1.015439e+002
1.898094e+003,1.015878e+002
1.898576e+003,1.016417e+002
1.899058e+003,1.017049e+002
1.899540e+003,1.017756e+002
1.900022e+003,1.018492e+002
1.900504e+003,1.019188e+002
1.900986e+003,1.019755e+002
1.901469e+003,1.020111e+002
1.901951e+003,1.020210e+002
1.902433e+003,1.020056e+002
1.902915e+003,1.019717e+002
1.903397e+003,1.019304e+002
1.903879e+003,1.018948e+002
1.904361e+003,1.018769e+002
1.904843e+003,1.018846e+002
1.905325e+003,1.019202e+002
1.905808e+003,1.019795e+002
1.906290e+003,1.020534e+002
1.906772e+003,1.021301e+002
1.907254e+003,1.021975e+002
1.907736e+003,1.022461e+002
1.908218e+003,1.022708e+002
1.908700e+003,1.022723e+002
1.909182e+003,1.022567e+002
1.909665e+003,1.022333e+002
1.910147e+003,1.022122e+002
1.910629e+003,1.022006e+002
1.911111e+003,1.022011e+002
1.911593e+003,1.022114e+002
1.912075e+003,1.022246e+002
1.912557e+003,1.022323e+002
1.913039e+003,1.022264e+002
1.913521e+003,1.022026e+002
1.914004e+003,1.021611e+002
1.914486e+003,1.021073e+002
1.914968e+003,1.020498e+002
1.915450e+003,1.019995e+002
1.915932e+003,1.019668e+002
1.916414e+003,1.019608e+002
1.916896e+003,1.019867e+002
1.917378e+003,1.020445e+002
1.917861e+003,1.021274e+002
1.918343e+003,1.022227e+002
1.918825e+003,1.023157e+002
1.919307e+003,1.023938e+002
1.919789e+003,1.024498e+002
1.920271e+003,1.024836e+002
1.920753e+003,1.024995e+002
1.921235e+003,1.025053e+002
1.921718e+003,1.025089e+002
1.922199e+003,1.025174e+002
1.922682e+003,1.025350e+002
1.923164e+003,1.025626e+002
1.923646e+003,1.025974e+002
1.924128e+003,1.026351e+002
1.924610e+003,1.026717e+002
1.925092e+003,1.027050e+002
1.925574e+003,1.027344e+002
1.926056e+003,1.027603e+002
1.926539e+003,1.027830e+002
1.927021e+003,1.028023e+002
1.927503e+003,1.028172e+002
1.927985e+003,1.028269e+002
1.928467e+003,1.028301e+002
1.928949e+003,1.028260e+002
1.929431e+003,1.028140e+002
1.929913e+003,1.027938e+002
1.930396e+003,1.027667e+002
1.930878e+003,1.027366e+002
1.931360e+003,1.027117e+002
1.931842e+003,1.027047e+002
1.932324e+003,1.027303e+002
1.932806e+003,1.028015e+002
1.933288e+003,1.029245e+002
1.933770e+003,1.030940e+002
1.934252e+003,1.032919e+002
1.934735e+003,1.034895e+002
1.935217e+003,1.036538e+002
1.935699e+003,1.037573e+002
1.936181e+003,1.037865e+002
1.936663e+003,1.037469e+002
1.937145e+003,1.036612e+002
1.937627e+003,1.035611e+002
1.938109e+003,1.034773e+002
1.938592e+003,1.034308e+002
1.939074e+003,1.034279e+002
1.939556e+003,1.034610e+002
1.940038e+003,1.035133e+002
1.940520e+003,1.035661e+002
1.941002e+003,1.036051e+002
1.941484e+003,1.036249e+002
1.941966e+003,1.036284e+002
1.942448e+003,1.036244e+002
1.942931e+003,1.036214e+002
1.943413e+003,1.036249e+002
1.943895e+003,1.036358e+002
1.944377e+003,1.036533e+002
1.944859e+003,1.036758e+002
1.945341e+003,1.037035e+002
1.945823e+003,1.037381e+002
1.946305e+003,1.037815e+002
1.946788e+003,1.038350e+002
1.947270e+003,1.038991e+002
1.947752e+003,1.039733e+002
1.948234e+003,1.040577e+002
1.948716e+003,1.041519e+002
1.949198e+003,1.042549e+002
1.949680e+003,1.043627e+002
1.950162e+003,1.044673e+002
1.950645e+003,1.045558e+002
1.951126e+003,1.046146e+002
1.951609e+003,1.046332e+002
1.952091e+003,1.046104e+002
1.952573e+003,1.045564e+002
1.953055e+003,1.044910e+002
1.953537e+003,1.044391e+002
1.954019e+003,1.044240e+002
1.954501e+003,1.044603e+002
1.954983e+003,1.045486e+002
1.955466e+003,1.046753e+002
1.955948e+003,1.048160e+002
1.956430e+003,1.049434e+002
1.956912e+003,1.050355e+002
1.957394e+003,1.050813e+002
1.957876e+003,1.050836e+002
1.958358e+003,1.050574e+002
1.958840e+003,1.050250e+002
1.959323e+003,1.050078e+002
1.959805e+003,1.050180e+002
1.960287e+003,1.050534e+002
1.960769e+003,1.050987e+002
1.961251e+003,1.051297e+002
1.961733e+003,1.051230e+002
1.962215e+003,1.050641e+002
1.962697e+003,1.049549e+002
1.963179e+003,1.048143e+002
1.963662e+003,1.046727e+002
1.964144e+003,1.045608e+002
1.964626e+003,1.044979e+002
1.965108e+003,1.044856e+002
1.965590e+003,1.045053e+002
1.966072e+003,1.045231e+002
1.966554e+003,1.045005e+002
1.967036e+003,1.044083e+002
1.967519e+003,1.042387e+002
1.968001e+003,1.040084e+002
1.968483e+003,1.037530e+002
1.968965e+003,1.035150e+002
1.969447e+003,1.033333e+002
1.969929e+003,1.032340e+002
1.970411e+003,1.032251e+002
1.970893e+003,1.032953e+002
1.971375e+003,1.034187e+002
1.971858e+003,1.035618e+002
1.972340e+003,1.036928e+002
1.972822e+003,1.037870e+002
1.973304e+003,1.038296e+002
1.973786e+003,1.038154e+002
1.974268e+003,1.037488e+002
1.974750e+003,1.036418e+002
1.975232e+003,1.035136e+002
1.975715e+003,1.033854e+002
1.976197e+003,1.032786e+002
1.976679e+003,1.032096e+002
1.977161e+003,1.031864e+002
1.977643e+003,1.032041e+002
1.978125e+003,1.032446e+002
1.978607e+003,1.032793e+002
1.979089e+003,1.032772e+002
1.979572e+003,1.032129e+002
1.980053e+003,1.030734e+002
1.980536e+003,1.028604e+002
1.981018e+003,1.025911e+002
1.981500e+003,1.022951e+002
1.981982e+003,1.020088e+002
1.982464e+003,1.017678e+002
1.982946e+003,1.015981e+002
1.983428e+003,1.015113e+002
1.983910e+003,1.015038e+002
1.984393e+003,1.015594e+002
1.984875e+003,1.016558e+002
1.985357e+003,1.017680e+002
1.985839e+003,1.018731e+002
1.986321e+003,1.019534e+002
1.986803e+003,1.019983e+002
1.987285e+003,1.020046e+002
1.987767e+003,1.019742e+002
1.988250e+003,1.019122e+002
1.988732e+003,1.018253e+002
1.989214e+003,1.017213e+002
1.989696e+003,1.016101e+002
1.990178e+003,1.015035e+002
1.990660e+003,1.014160e+002
1.991142e+003,1.013621e+002
1.991624e+003,1.013542e+002
1.992106e+003,1.013984e+002
1.992589e+003,1.014922e+002
1.993071e+003,1.016234e+002
1.993553e+003,1.017736e+002
1.994035e+003,1.019235e+002
1.994517e+003,1.020595e+002
1.994999e+003,1.021781e+002
1.995481e+003,1.022853e+002
1.995963e+003,1.023940e+002
1.996446e+003,1.025166e+002
1.996928e+003,1.026591e+002
1.997410e+003,1.028165e+002
1.997892e+003,1.029736e+002
1.998374e+003,1.031100e+002
1.998856e+003,1.032075e+002
1.999338e+003,1.032568e+002
1.999820e+003,1.032593e+002
2.000302e+003,1.032265e+002
2.000785e+003,1.031758e+002
2.001267e+003,1.031250e+002
2.001749e+003,1.030893e+002
2.002231e+003,1.030785e+002
2.002713e+003,1.030973e+002
2.003195e+003,1.031475e+002
2.003677e+003,1.032280e+002
2.004159e+003,1.033358e+002
2.004642e+003,1.034626e+002
2.005124e+003,1.035943e+002
2.005606e+003,1.037127e+002
2.006088e+003,1.038011e+002
2.006570e+003,1.038508e+002
2.007052e+003,1.038663e+002
2.007534e+003,1.038634e+002
2.008016e+003,1.038631e+002
2.008499e+003,1.038813e+002
2.008980e+003,1.039195e+002
2.009463e+003,1.039614e+002
2.009945e+003,1.039773e+002
2.010427e+003,1.039361e+002
2.010909e+003,1.038173e+002
2.011391e+003,1.036214e+002
2.011873e+003,1.033710e+002
2.012355e+003,1.031054e+002
2.012837e+003,1.028669e+002
2.013320e+003,1.026878e+002
2.013802e+003,1.025806e+002
2.014284e+003,1.025390e+002
2.014766e+003,1.025470e+002
2.015248e+003,1.025898e+002
2.015730e+003,1.026621e+002
2.016212e+003,1.027684e+002
2.016694e+003,1.029149e+002
2.017177e+003,1.030986e+002
2.017659e+003,1.033011e+002
2.018141e+003,1.034893e+002
2.018623e+003,1.036264e+002
2.019105e+003,1.036855e+002
2.019587e+003,1.036620e+002
2.020069e+003,1.035780e+002
2.020551e+003,1.034772e+002
2.021033e+003,1.034096e+002
2.021516e+003,1.034122e+002
2.021998e+003,1.034952e+002
2.022480e+003,1.036390e+002
2.022962e+003,1.038032e+002
2.023444e+003,1.039417e+002
2.023926e+003,1.040172e+002
2.024408e+003,1.040134e+002
2.024890e+003,1.039360e+002
2.025373e+003,1.038065e+002
2.025855e+003,1.036497e+002
2.026337e+003,1.034822e+002
2.026819e+003,1.033099e+002
2.027301e+003,1.031288e+002
2.027783e+003,1.029326e+002
2.028265e+003,1.027184e+002
2.028747e+003,1.024902e+002
2.029229e+003,1.022586e+002
2.029712e+003,1.020368e+002
2.030194e+003,1.018380e+002
2.030676e+003,1.016731e+002
2.031158e+003,1.015500e+002
2.031640e+003,1.014723e+002
2.032122e+003,1.014352e+002
2.032604e+003,1.014234e+002
2.033086e+003,1.014108e+002
2.033569e+003,1.013658e+002
2.034051e+003,1.012614e+002
2.034533e+003,1.010861e+002
2.035015e+003,1.008520e+002
2.035497e+003,1.005943e+002
2.035979e+003,1.003632e+002
2.036461e+003,1.002064e+002
2.036943e+003,1.001521e+002
2.037426e+003,1.001999e+002
2.037907e+003,1.003210e+002
2.038390e+003,1.004678e+002
2.038872e+003,1.005888e+002
2.039354e+003,1.006416e+002
2.039836e+003,1.006042e+002
2.040318e+003,1.004791e+002
2.040800e+003,1.002889e+002
2.041282e+003,1.000664e+002
2.041764e+003,9.984492e+001
2.042247e+003,9.965184e+001
2.042729e+003,9.950623e+001
2.043211e+003,9.941871e+001
2.043693e+003,9.939195e+001
2.044175e+003,9.941987e+001
2.044657e+003,9.948791e+001
2.045139e+003,9.957539e+001
2.045622e+003,9.965952e+001
2.046104e+003,9.972035e+001
2.046586e+003,9.974694e+001
2.047068e+003,9.973963e+001
2.047550e+003,9.971007e+001
2.048032e+003,9.967624e+001
2.048514e+003,9.965526e+001
2.048996e+003,9.965615e+001
2.049479e+003,9.967778e+001
2.049960e+003,9.971101e+001
2.050443e+003,9.974428e+001
2.050925e+003,9.976881e+001
2.051407e+003,9.978166e+001
2.051889e+003,9.978559e+001
2.052371e+003,9.978619e+001
2.052853e+003,9.978780e+001
2.053335e+003,9.979040e+001
2.053817e+003,9.978860e+001
2.054300e+003,9.977388e+001
2.054782e+003,9.973814e+001
2.055264e+003,9.967813e+001
2.055746e+003,9.959793e+001
2.056228e+003,9.950832e+001
2.056710e+003,9.942377e+001
2.057192e+003,9.935839e+001
2.057674e+003,9.932265e+001
2.058156e+003,9.932126e+001
2.058639e+003,9.935258e+001
2.059121e+003,9.940960e+001
2.059603e+003,9.948148e+001
2.060085e+003,9.955591e+001
2.060567e+003,9.962119e+001
2.061049e+003,9.966797e+001
2.061531e+003,9.969035e+001
2.062013e+003,9.968700e+001
2.062496e+003,9.966132e+001
2.062978e+003,9.962173e+001
2.063460e+003,9.958058e+001
2.063942e+003,9.955169e+001
2.064424e+003,9.954742e+001
2.064906e+003,9.957602e+001
2.065388e+003,9.963969e+001
2.065870e+003,9.973446e+001
2.066353e+003,9.985110e+001
2.066835e+003,9.997706e+001
2.067317e+003,1.000992e+002
2.067799e+003,1.002060e+002
2.068281e+003,1.002894e+002
2.068763e+003,1.003453e+002
2.069245e+003,1.003738e+002
2.069727e+003,1.003789e+002
2.070209e+003,1.003682e+002
2.070692e+003,1.003520e+002
2.071174e+003,1.003415e+002
2.071656e+003,1.003467e+002
2.072138e+003,1.003736e+002
2.072620e+003,1.004227e+002
2.073102e+003,1.004887e+002
2.073584e+003,1.005619e+002
2.074066e+003,1.006307e+002
2.074549e+003,1.006850e+002
2.075031e+003,1.007187e+002
2.075513e+003,1.007313e+002
2.075995e+003,1.007262e+002
2.076477e+003,1.007089e+002
2.076959e+003,1.006835e+002
2.077441e+003,1.006523e+002
2.077923e+003,1.006154e+002
2.078406e+003,1.005727e+002
2.078887e+003,1.005263e+002
2.079370e+003,1.004816e+002
2.079852e+003,1.004469e+002
2.080334e+003,1.004310e+002
2.080816e+003,1.004399e+002
2.081298e+003,1.004738e+002
2.081780e+003,1.005261e+002
2.082262e+003,1.005845e+002
2.082744e+003,1.006350e+002
2.083227e+003,1.006661e+002
2.083709e+003,1.006737e+002
2.084191e+003,1.006619e+002
2.084673e+003,1.006423e+002
2.085155e+003,1.006298e+002
2.085637e+003,1.006383e+002
2.086119e+003,1.006760e+002
2.086601e+003,1.007437e+002
2.087083e+003,1.008344e+002
2.087566e+003,1.009362e+002
2.088048e+003,1.010355e+002
2.088530e+003,1.011201e+002
2.089012e+003,1.011818e+002
2.089494e+003,1.012169e+002
2.089976e+003,1.012261e+002
2.090458e+003,1.012139e+002
2.090940e+003,1.011872e+002
2.091423e+003,1.011534e+002
2.091905e+003,1.011200e+002
2.092387e+003,1.010929e+002
2.092869e+003,1.010761e+002
2.093351e+003,1.010714e+002
2.093833e+003,1.010782e+002
2.094315e+003,1.010938e+002
2.094797e+003,1.011147e+002
2.095280e+003,1.011371e+002
2.095762e+003,1.011577e+002
2.096244e+003,1.011740e+002
2.096726e+003,1.011842e+002
2.097208e+003,1.011866e+002
2.097690e+003,1.011795e+002
2.098172e+003,1.011614e+002
2.098654e+003,1.011319e+002
2.099136e+003,1.010918e+002
2.099619e+003,1.010440e+002
2.100101e+003,1.009936e+002
2.100583e+003,1.009469e+002
2.101065e+003,1.009110e+002
2.101547e+003,1.008919e+002
2.102029e+003,1.008930e+002
2.102511e+003,1.009149e+002
2.102993e+003,1.009547e+002
2.103476e+003,1.010075e+002
2.103958e+003,1.010676e+002
2.104440e+003,1.011293e+002
2.104922e+003,1.011883e+002
2.105404e+003,1.012419e+002
2.105886e+003,1.012889e+002
2.106368e+003,1.013293e+002
2.106850e+003,1.013642e+002
2.107333e+003,1.013945e+002
2.107814e+003,1.014207e+002
2.108297e+003,1.014430e+002
2.108779e+003,1.014608e+002
2.109261e+003,1.014734e+002
2.109743e+003,1.014815e+002
2.110225e+003,1.014867e+002
2.110707e+003,1.014924e+002
2.111189e+003,1.015030e+002
2.111671e+003,1.015231e+002
2.112154e+003,1.015564e+002
2.112636e+003,1.016036e+002
2.113118e+003,1.016630e+002
2.113600e+003,1.017302e+002
2.114082e+003,1.017994e+002
2.114564e+003,1.018652e+002
2.115046e+003,1.019244e+002
2.115528e+003,1.019761e+002
2.116010e+003,1.020225e+002
2.116493e+003,1.020671e+002
2.116975e+003,1.021145e+002
2.117457e+003,1.021682e+002
2.117939e+003,1.022304e+002
2.118421e+003,1.023018e+002
2.118903e+003,1.023816e+002
2.119385e+003,1.024684e+002
2.119867e+003,1.025606e+002
2.120350e+003,1.026564e+002
2.120832e+003,1.027541e+002
2.121314e+003,1.028514e+002
2.121796e+003,1.029449e+002
2.122278e+003,1.030302e+002
2.122760e+003,1.031014e+002
2.123242e+003,1.031516e+002
2.123724e+003,1.031746e+002
2.124207e+003,1.031664e+002
2.124689e+003,1.031270e+002
2.125171e+003,1.030626e+002
2.125653e+003,1.029857e+002
2.126135e+003,1.029136e+002
2.126617e+003,1.028664e+002
2.127099e+003,1.028627e+002
2.127581e+003,1.029163e+002
2.128063e+003,1.030327e+002
2.128546e+003,1.032073e+002
2.129028e+003,1.034256e+002
2.129510e+003,1.036664e+002
2.129992e+003,1.039053e+002
2.130474e+003,1.041200e+002
2.130956e+003,1.042942e+002
2.131438e+003,1.044197e+002
2.131920e+003,1.044978e+002
2.132403e+003,1.045385e+002
2.132885e+003,1.045584e+002
2.133367e+003,1.045775e+002
2.133849e+003,1.046154e+002
2.134331e+003,1.046866e+002
2.134813e+003,1.047990e+002
2.135295e+003,1.049521e+002
2.135777e+003,1.051374e+002
2.136260e+003,1.053403e+002
2.136741e+003,1.055427e+002
2.137224e+003,1.057257e+002
2.137706e+003,1.058719e+002
2.138188e+003,1.059665e+002
2.138670e+003,1.059986e+002
2.139152e+003,1.059620e+002
2.139634e+003,1.058569e+002
2.140116e+003,1.056922e+002
2.140598e+003,1.054854e+002
2.141081e+003,1.052613e+002
2.141563e+003,1.050468e+002
2.142045e+003,1.048667e+002
2.142527e+003,1.047386e+002
2.143009e+003,1.046721e+002
2.143491e+003,1.046679e+002
2.143973e+003,1.047209e+002
2.144455e+003,1.048223e+002
2.144938e+003,1.049622e+002
2.145420e+003,1.051309e+002
2.145902e+003,1.053175e+002
2.146384e+003,1.055081e+002
2.146866e+003,1.056849e+002
2.147348e+003,1.058268e+002
2.147830e+003,1.059145e+002
2.148312e+003,1.059362e+002
2.148794e+003,1.058934e+002
2.149277e+003,1.058010e+002
2.149759e+003,1.056833e+002
2.150241e+003,1.055665e+002
2.150723e+003,1.054709e+002
2.151205e+003,1.054057e+002
2.151687e+003,1.053690e+002
2.152169e+003,1.053508e+002
2.152651e+003,1.053400e+002
2.153134e+003,1.053297e+002
2.153616e+003,1.053194e+002
2.154098e+003,1.053138e+002
2.154580e+003,1.053189e+002
2.155062e+003,1.053368e+002
2.155544e+003,1.053638e+002
2.156026e+003,1.053895e+002
2.156508e+003,1.054003e+002
2.156990e+003,1.053806e+002
2.157473e+003,1.053154e+002
2.157955e+003,1.051898e+002
2.158437e+003,1.049888e+002
2.158919e+003,1.047003e+002
2.159401e+003,1.043219e+002
2.159883e+003,1.038663e+002
2.160365e+003,1.033653e+002
2.160847e+003,1.028613e+002
2.161330e+003,1.024008e+002
2.161812e+003,1.020222e+002
2.162294e+003,1.017490e+002
2.162776e+003,1.015826e+002
2.163258e+003,1.015021e+002
2.163740e+003,1.014703e+002
2.164222e+003,1.014452e+002
2.164704e+003,1.013939e+002
2.165187e+003,1.013035e+002
2.165668e+003,1.011827e+002
2.166151e+003,1.010563e+002
2.166633e+003,1.009537e+002
2.167115e+003,1.008978e+002
2.167597e+003,1.008963e+002
2.168079e+003,1.009394e+002
2.168561e+003,1.010037e+002
2.169043e+003,1.010592e+002
2.169525e+003,1.010758e+002
2.170008e+003,1.010294e+002
2.170490e+003,1.009060e+002
2.170972e+003,1.007039e+002
2.171454e+003,1.004368e+002
2.171936e+003,1.001331e+002
2.172418e+003,9.983407e+001
2.172900e+003,9.958739e+001
2.173382e+003,9.943879e+001
2.173865e+003,9.942174e+001
2.174347e+003,9.954563e+001
2.174829e+003,9.978941e+001
2.175311e+003,1.001024e+002
2.175793e+003,1.004164e+002
2.176275e+003,1.006646e+002
2.176757e+003,1.008016e+002
2.177239e+003,1.008140e+002
2.177721e+003,1.007208e+002
2.178204e+003,1.005623e+002
2.178686e+003,1.003852e+002
2.179168e+003,1.002262e+002
2.179650e+003,1.001026e+002
2.180132e+003,1.000105e+002
2.180614e+003,9.993274e+001
2.181096e+003,9.984999e+001
2.181578e+003,9.975140e+001
2.182061e+003,9.963964e+001
2.182543e+003,9.952991e+001
2.183025e+003,9.944311e+001
2.183507e+003,9.939800e+001
2.183989e+003,9.940480e+001
2.184471e+003,9.946339e+001
2.184953e+003,9.956386e+001
2.185435e+003,9.969021e+001
2.185917e+003,9.982339e+001
2.186400e+003,9.994536e+001
2.186882e+003,1.000426e+002
2.187364e+003,1.001095e+002
2.187846e+003,1.001498e+002
2.188328e+003,1.001762e+002
2.188810e+003,1.002071e+002
2.189292e+003,1.002616e+002
2.189774e+003,1.003526e+002
2.190257e+003,1.004824e+002
2.190739e+003,1.006401e+002
2.191221e+003,1.008051e+002
2.191703e+003,1.009520e+002
2.192185e+003,1.010598e+002
2.192667e+003,1.011172e+002
2.193149e+003,1.011251e+002
2.193631e+003,1.010950e+002
2.194114e+003,1.010441e+002
2.194595e+003,1.009896e+002
2.195078e+003,1.009441e+002
2.195560e+003,1.009139e+002
2.196042e+003,1.008992e+002
2.196524e+003,1.008970e+002
2.197006e+003,1.009028e+002
2.197488e+003,1.009117e+002
2.197970e+003,1.009179e+002
2.198452e+003,1.009150e+002
2.198935e+003,1.008961e+002
2.199417e+003,1.008557e+002
2.199899e+003,1.007917e+002
2.200381e+003,1.007078e+002
2.200863e+003,1.006134e+002
2.201345e+003,1.005218e+002
2.201827e+003,1.004467e+002
2.202309e+003,1.003982e+002
2.202792e+003,1.003808e+002
2.203274e+003,1.003922e+002
2.203756e+003,1.004263e+002
2.204238e+003,1.004757e+002
2.204720e+003,1.005347e+002
2.205202e+003,1.006001e+002
2.205684e+003,1.006713e+002
2.206166e+003,1.007485e+002
2.206648e+003,1.008313e+002
2.207131e+003,1.009180e+002
2.207613e+003,1.010059e+002
2.208095e+003,1.010908e+002
2.208577e+003,1.011675e+002
2.209059e+003,1.012288e+002
2.209541e+003,1.012652e+002
2.210023e+003,1.012655e+002
2.210505e+003,1.012192e+002
2.210988e+003,1.011192e+002
2.211470e+003,1.009662e+002
2.211952e+003,1.007710e+002
2.212434e+003,1.005552e+002
2.212916e+003,1.003471e+002
2.213398e+003,1.001764e+002
2.213880e+003,1.000666e+002
2.214362e+003,1.000282e+002
2.214844e+003,1.000573e+002
2.215327e+003,1.001372e+002
2.215809e+003,1.002440e+002
2.216291e+003,1.003534e+002
2.216773e+003,1.004463e+002
2.217255e+003,1.005113e+002
2.217737e+003,1.005456e+002
2.218219e+003,1.005516e+002
2.218701e+003,1.005342e+002
2.219184e+003,1.004978e+002
2.219666e+003,1.004455e+002
2.220148e+003,1.003799e+002
2.220630e+003,1.003047e+002
2.221112e+003,1.002267e+002
2.221594e+003,1.001557e+002
2.222076e+003,1.001041e+002
2.222558e+003,1.000833e+002
2.223041e+003,1.001023e+002
2.223522e+003,1.001643e+002
2.224005e+003,1.002662e+002
2.224487e+003,1.003980e+002
2.224969e+003,1.005442e+002
2.225451e+003,1.006866e+002
2.225933e+003,1.008072e+002
2.226415e+003,1.008914e+002
2.226897e+003,1.009301e+002
2.227379e+003,1.009205e+002
2.227862e+003,1.008660e+002
2.228344e+003,1.007751e+002
2.228826e+003,1.006599e+002
2.229308e+003,1.005347e+002
2.229790e+003,1.004136e+002
2.230272e+003,1.003090e+002
2.230754e+003,1.002298e+002
2.231236e+003,1.001809e+002
2.231719e+003,1.001631e+002
2.232201e+003,1.001720e+002
2.232683e+003,1.001994e+002
2.233165e+003,1.002351e+002
2.233647e+003,1.002683e+002
2.234129e+003,1.002915e+002
2.234611e+003,1.003013e+002
2.235093e+003,1.002988e+002
2.235575e+003,1.002892e+002
2.236058e+003,1.002784e+002
2.236540e+003,1.002722e+002
2.237022e+003,1.002737e+002
2.237504e+003,1.002840e+002
2.237986e+003,1.003021e+002
2.238468e+003,1.003262e+002
2.238950e+003,1.003541e+002
2.239432e+003,1.003834e+002
2.239915e+003,1.004107e+002
2.240397e+003,1.004315e+002
2.240879e+003,1.004406e+002
2.241361e+003,1.004340e+002
2.241843e+003,1.004105e+002
2.242325e+003,1.003730e+002
2.242807e+003,1.003291e+002
2.243289e+003,1.002889e+002
2.243771e+003,1.002622e+002
2.244254e+003,1.002553e+002
2.244736e+003,1.002690e+002
2.245218e+003,1.002977e+002
2.245700e+003,1.003323e+002
2.246182e+003,1.003624e+002
2.246664e+003,1.003800e+002
2.247146e+003,1.003809e+002
2.247628e+003,1.003654e+002
2.248111e+003,1.003364e+002
2.248593e+003,1.002981e+002
2.249075e+003,1.002541e+002
2.249557e+003,1.002071e+002
2.250039e+003,1.001587e+002
2.250521e+003,1.001111e+002
2.251003e+003,1.000677e+002
2.251485e+003,1.000330e+002
2.251968e+003,1.000121e+002
2.252449e+003,1.000094e+002
2.252932e+003,1.000275e+002
2.253414e+003,1.000659e+002
2.253896e+003,1.001211e+002
2.254378e+003,1.001868e+002
2.254860e+003,1.002543e+002
2.255342e+003,1.003134e+002
2.255824e+003,1.003536e+002
2.256306e+003,1.003653e+002
2.256789e+003,1.003423e+002
2.257271e+003,1.002828e+002
2.257753e+003,1.001908e+002
2.258235e+003,1.000753e+002
2.258717e+003,9.994930e+001
2.259199e+003,9.982663e+001
2.259681e+003,9.971937e+001
2.260163e+003,9.963533e+001
2.260646e+003,9.957693e+001
2.261128e+003,9.954152e+001
2.261610e+003,9.952329e+001
2.262092e+003,9.951537e+001
2.262574e+003,9.951195e+001
2.263056e+003,9.950923e+001
2.263538e+003,9.950549e+001
2.264020e+003,9.950041e+001
2.264502e+003,9.949422e+001
2.264985e+003,9.948724e+001
2.265467e+003,9.947952e+001
2.265949e+003,9.947124e+001
2.266431e+003,9.946264e+001
2.266913e+003,9.945414e+001
2.267395e+003,9.944629e+001
2.267877e+003,9.943956e+001
2.268359e+003,9.943425e+001
2.268842e+003,9.943033e+001
2.269324e+003,9.942746e+001
2.269806e+003,9.942494e+001
2.270288e+003,9.942153e+001
2.270770e+003,9.941528e+001
2.271252e+003,9.940405e+001
2.271734e+003,9.938607e+001
2.272216e+003,9.936108e+001
2.272698e+003,9.933108e+001
2.273181e+003,9.930007e+001
2.273663e+003,9.927357e+001
2.274145e+003,9.925637e+001
2.274627e+003,9.925059e+001
2.275109e+003,9.925438e+001
2.275591e+003,9.926198e+001
2.276073e+003,9.926559e+001
2.276555e+003,9.925838e+001
2.277038e+003,9.923729e+001
2.277520e+003,9.920478e+001
2.278002e+003,9.916836e+001
2.278484e+003,9.913835e+001
2.278966e+003,9.912447e+001
2.279448e+003,9.913266e+001
2.279930e+003,9.916360e+001
2.280412e+003,9.921277e+001
2.280895e+003,9.927232e+001
2.281376e+003,9.933375e+001
2.281859e+003,9.938992e+001
2.282341e+003,9.943612e+001
2.282823e+003,9.947023e+001
2.283305e+003,9.949203e+001
2.283787e+003,9.950282e+001
2.284269e+003,9.950488e+001
2.284751e+003,9.950185e+001
2.285233e+003,9.949873e+001
2.285716e+003,9.950154e+001
2.286198e+003,9.951607e+001
2.286680e+003,9.954634e+001
2.287162e+003,9.959327e+001
2.287644e+003,9.965381e+001
2.288126e+003,9.972179e+001
2.288608e+003,9.978936e+001
2.289090e+003,9.984916e+001
2.289573e+003,9.989628e+001
2.290055e+003,9.992902e+001
2.290537e+003,9.994901e+001
2.291019e+003,9.996028e+001
2.291501e+003,9.996791e+001
2.291983e+003,9.997715e+001
2.292465e+003,9.999254e+001
2.292947e+003,1.000174e+002
2.293429e+003,1.000539e+002
2.293912e+003,1.001023e+002
2.294394e+003,1.001607e+002
2.294876e+003,1.002256e+002
2.295358e+003,1.002916e+002
2.295840e+003,1.003527e+002
2.296322e+003,1.004039e+002
2.296804e+003,1.004418e+002
2.297286e+003,1.004656e+002
2.297769e+003,1.004771e+002
2.298251e+003,1.004797e+002
2.298733e+003,1.004776e+002
2.299215e+003,1.004754e+002
2.299697e+003,1.004769e+002
2.300179e+003,1.004859e+002
2.300661e+003,1.005056e+002
2.301143e+003,1.005384e+002
2.301625e+003,1.005855e+002
2.302108e+003,1.006458e+002
2.302590e+003,1.007160e+002
2.303072e+003,1.007905e+002
2.303554e+003,1.008631e+002
2.304036e+003,1.009284e+002
2.304518e+003,1.009830e+002
2.305000e+003,1.010267e+002
2.305482e+003,1.010618e+002
2.305965e+003,1.010922e+002
2.306447e+003,1.011217e+002
2.306929e+003,1.011531e+002
2.307411e+003,1.011876e+002
2.307893e+003,1.012255e+002
2.308375e+003,1.012663e+002
2.308857e+003,1.013097e+002
2.309339e+003,1.013547e+002
2.309822e+003,1.013991e+002
2.310303e+003,1.014392e+002
2.310786e+003,1.014693e+002
2.311268e+003,1.014834e+002
2.311750e+003,1.014771e+002
2.312232e+003,1.014497e+002
2.312714e+003,1.014049e+002
2.313196e+003,1.013504e+002
2.313678e+003,1.012960e+002
2.314160e+003,1.012506e+002
2.314643e+003,1.012204e+002
2.315125e+003,1.012070e+002
2.315607e+003,1.012090e+002
2.316089e+003,1.012229e+002
2.316571e+003,1.012448e+002
2.317053e+003,1.012712e+002
2.317535e+003,1.012991e+002
2.318017e+003,1.013253e+002
2.318500e+003,1.013455e+002
2.318982e+003,1.013550e+002
2.319464e+003,1.013495e+002
2.319946e+003,1.013267e+002
2.320428e+003,1.012878e+002
2.320910e+003,1.012378e+002
2.321392e+003,1.011837e+002
2.321874e+003,1.011324e+002
2.322356e+003,1.010880e+002
2.322839e+003,1.010512e+002
2.323321e+003,1.010198e+002
2.323803e+003,1.009910e+002
2.324285e+003,1.009641e+002
2.324767e+003,1.009414e+002
2.325249e+003,1.009277e+002
2.325731e+003,1.009289e+002
2.326213e+003,1.009499e+002
2.326696e+003,1.009931e+002
2.327178e+003,1.010581e+002
2.327660e+003,1.011420e+002
2.328142e+003,1.012395e+002
2.328624e+003,1.013441e+002
2.329106e+003,1.014488e+002
2.329588e+003,1.015476e+002
2.330070e+003,1.016369e+002
2.330552e+003,1.017164e+002
2.331035e+003,1.017888e+002
2.331517e+003,1.018590e+002
2.331999e+003,1.019315e+002
2.332481e+003,1.020086e+002
2.332963e+003,1.020873e+002
2.333445e+003,1.021597e+002
2.333927e+003,1.022143e+002
2.334409e+003,1.022399e+002
2.334892e+003,1.022288e+002
2.335374e+003,1.021785e+002
2.335856e+003,1.020917e+002
2.336338e+003,1.019751e+002
2.336820e+003,1.018368e+002
2.337302e+003,1.016853e+002
2.337784e+003,1.015305e+002
2.338266e+003,1.013845e+002
2.338749e+003,1.012612e+002
2.339230e+003,1.011739e+002
2.339713e+003,1.011326e+002
2.340195e+003,1.011409e+002
2.340677e+003,1.011938e+002
2.341159e+003,1.012773e+002
2.341641e+003,1.013723e+002
2.342123e+003,1.014598e+002
2.342605e+003,1.015280e+002
2.343087e+003,1.015751e+002
2.343570e+003,1.016095e+002
2.344052e+003,1.016455e+002
2.344534e+003,1.016936e+002
2.345016e+003,1.017513e+002
2.345498e+003,1.018054e+002
2.345980e+003,1.018428e+002
2.346462e+003,1.018591e+002
2.346944e+003,1.018581e+002
2.347427e+003,1.018459e+002
2.347909e+003,1.018268e+002
2.348391e+003,1.018031e+002
2.348873e+003,1.017766e+002
2.349355e+003,1.017499e+002
2.349837e+003,1.017273e+002
2.350319e+003,1.017138e+002
2.350801e+003,1.017132e+002
2.351283e+003,1.017256e+002
2.351766e+003,1.017478e+002
2.352248e+003,1.017750e+002
2.352730e+003,1.018039e+002
2.353212e+003,1.018307e+002
2.353694e+003,1.018486e+002
2.354176e+003,1.018503e+002
2.354658e+003,1.018328e+002
2.355140e+003,1.018018e+002
2.355623e+003,1.017686e+002
2.356105e+003,1.017417e+002
2.356587e+003,1.017154e+002
2.357069e+003,1.016710e+002
2.357551e+003,1.015942e+002
2.358033e+003,1.014953e+002
2.358515e+003,1.014114e+002
2.358997e+003,1.013794e+002
2.359479e+003,1.013980e+002
2.359962e+003,1.014132e+002
2.360444e+003,1.013649e+002
2.360926e+003,1.012394e+002
2.361408e+003,1.010715e+002
2.361890e+003,1.009134e+002
2.362372e+003,1.008106e+002
2.362854e+003,1.007867e+002
2.363336e+003,1.008315e+002
2.363819e+003,1.009083e+002
2.364301e+003,1.009735e+002
2.364783e+003,1.009952e+002
2.365265e+003,1.009602e+002
2.365747e+003,1.008757e+002
2.366229e+003,1.007640e+002
2.366711e+003,1.006537e+002
2.367193e+003,1.005689e+002
2.367676e+003,1.005223e+002
2.368157e+003,1.005154e+002
2.368640e+003,1.005407e+002
2.369122e+003,1.005861e+002
2.369604e+003,1.006382e+002
2.370086e+003,1.006850e+002
2.370568e+003,1.007174e+002
2.371050e+003,1.007292e+002
2.371532e+003,1.007176e+002
2.372014e+003,1.006828e+002
2.372497e+003,1.006278e+002
2.372979e+003,1.005580e+002
2.373461e+003,1.004803e+002
2.373943e+003,1.004018e+002
2.374425e+003,1.003288e+002
2.374907e+003,1.002658e+002
2.375389e+003,1.002153e+002
2.375872e+003,1.001783e+002
2.376354e+003,1.001555e+002
2.376836e+003,1.001469e+002
2.377318e+003,1.001538e+002
2.377800e+003,1.001777e+002
2.378282e+003,1.002199e+002
2.378764e+003,1.002798e+002
2.379246e+003,1.003549e+002
2.379729e+003,1.004404e+002
2.380210e+003,1.005302e+002
2.380693e+003,1.006185e+002
2.381175e+003,1.007012e+002
2.381657e+003,1.007763e+002
2.382139e+003,1.008446e+002
2.382621e+003,1.009078e+002
2.383103e+003,1.009678e+002
2.383585e+003,1.010254e+002
2.384067e+003,1.010796e+002
2.384550e+003,1.011278e+002
2.385032e+003,1.011667e+002
2.385514e+003,1.011938e+002
2.385996e+003,1.012079e+002
2.386478e+003,1.012106e+002
2.386960e+003,1.012057e+002
2.387442e+003,1.011987e+002
2.387924e+003,1.011959e+002
2.388406e+003,1.012026e+002
2.388889e+003,1.012220e+002
2.389371e+003,1.012549e+002
2.389853e+003,1.012988e+002
2.390335e+003,1.013492e+002
2.390817e+003,1.014001e+002
2.391299e+003,1.014460e+002
2.391781e+003,1.014832e+002
2.392263e+003,1.015105e+002
2.392746e+003,1.015298e+002
2.393228e+003,1.015447e+002
2.393710e+003,1.015601e+002
2.394192e+003,1.015797e+002
2.394674e+003,1.016056e+002
2.395156e+003,1.016379e+002
2.395638e+003,1.016749e+002
2.396120e+003,1.017148e+002
2.396603e+003,1.017558e+002
2.397085e+003,1.017972e+002
2.397567e+003,1.018392e+002
2.398049e+003,1.018822e+002
2.398531e+003,1.019259e+002
2.399013e+003,1.019690e+002
2.399495e+003,1.020095e+002
2.399977e+003,1.020452e+002
2.400459e+003,1.020739e+002
2.400942e+003,1.020973e+002
2.401424e+003,1.021166e+002
2.401906e+003,1.021337e+002
2.402388e+003,1.021500e+002
2.402870e+003,1.021661e+002
2.403352e+003,1.021816e+002
2.403834e+003,1.021955e+002
2.404316e+003,1.022064e+002
2.404799e+003,1.022131e+002
2.405281e+003,1.022150e+002
2.405763e+003,1.022125e+002
2.406245e+003,1.022060e+002
2.406727e+003,1.021968e+002
2.407209e+003,1.021858e+002
2.407691e+003,1.021745e+002
2.408173e+003,1.021637e+002
2.408656e+003,1.021542e+002
2.409137e+003,1.021463e+002
2.409620e+003,1.021400e+002
2.410102e+003,1.021348e+002
2.410584e+003,1.021303e+002
2.411066e+003,1.021259e+002
2.411548e+003,1.021211e+002
2.412030e+003,1.021153e+002
2.412512e+003,1.021080e+002
2.412994e+003,1.020981e+002
2.413477e+003,1.020849e+002
2.413959e+003,1.020678e+002
2.414441e+003,1.020472e+002
2.414923e+003,1.020245e+002
2.415405e+003,1.020019e+002
2.415887e+003,1.019823e+002
2.416369e+003,1.019680e+002
2.416851e+003,1.019596e+002
2.417333e+003,1.019561e+002
2.417816e+003,1.019545e+002
2.418298e+003,1.019511e+002
2.418780e+003,1.019426e+002
2.419262e+003,1.019272e+002
2.419744e+003,1.019058e+002
2.420226e+003,1.018809e+002
2.420708e+003,1.018559e+002
2.421190e+003,1.018342e+002
2.421673e+003,1.018176e+002
2.422155e+003,1.018057e+002
2.422637e+003,1.017966e+002
2.423119e+003,1.017874e+002
2.423601e+003,1.017750e+002
2.424083e+003,1.017569e+002
2.424565e+003,1.017317e+002
2.425047e+003,1.016993e+002
2.425530e+003,1.016606e+002
2.426012e+003,1.016173e+002
2.426494e+003,1.015724e+002
2.426976e+003,1.015288e+002
2.427458e+003,1.014892e+002
2.427940e+003,1.014556e+002
2.428422e+003,1.014280e+002
2.428904e+003,1.014045e+002
2.429386e+003,1.013822e+002
2.429869e+003,1.013575e+002
2.430351e+003,1.013285e+002
2.430833e+003,1.012954e+002
2.431315e+003,1.012616e+002
2.431797e+003,1.012320e+002
2.432279e+003,1.012118e+002
2.432761e+003,1.012044e+002
2.433243e+003,1.012099e+002
2.433726e+003,1.012247e+002
2.434208e+003,1.012431e+002
2.434690e+003,1.012588e+002
2.435172e+003,1.012670e+002
2.435654e+003,1.012659e+002
2.436136e+003,1.012566e+002
2.436618e+003,1.012421e+002
2.437100e+003,1.012257e+002
2.437583e+003,1.012101e+002
2.438064e+003,1.011961e+002
2.438547e+003,1.011835e+002
2.439029e+003,1.011717e+002
2.439511e+003,1.011604e+002
2.439993e+003,1.011503e+002
2.440475e+003,1.011426e+002
2.440957e+003,1.011385e+002
2.441439e+003,1.011384e+002
2.441921e+003,1.011417e+002
2.442404e+003,1.011464e+002
2.442886e+003,1.011500e+002
2.443368e+003,1.011504e+002
2.443850e+003,1.011456e+002
2.444332e+003,1.011344e+002
2.444814e+003,1.011169e+002
2.445296e+003,1.010933e+002
2.445778e+003,1.010649e+002
2.446260e+003,1.010335e+002
2.446743e+003,1.010012e+002
2.447225e+003,1.009707e+002
2.447707e+003,1.009442e+002
2.448189e+003,1.009234e+002
2.448671e+003,1.009090e+002
2.449153e+003,1.009009e+002
2.449635e+003,1.008980e+002
2.450117e+003,1.008992e+002
2.450600e+003,1.009035e+002
2.451082e+003,1.009105e+002
2.451564e+003,1.009195e+002
2.452046e+003,1.009301e+002
2.452528e+003,1.009409e+002
2.453010e+003,1.009507e+002
2.453492e+003,1.009583e+002
2.453974e+003,1.009635e+002
2.454457e+003,1.009677e+002
2.454939e+003,1.009732e+002
2.455421e+003,1.009831e+002
2.455903e+003,1.009997e+002
2.456385e+003,1.010235e+002
2.456867e+003,1.010533e+002
2.457349e+003,1.010859e+002
2.457831e+003,1.011179e+002
2.458313e+003,1.011464e+002
2.458796e+003,1.011698e+002
2.459278e+003,1.011880e+002
2.459760e+003,1.012014e+002
2.460242e+003,1.012103e+002
2.460724e+003,1.012143e+002
2.461206e+003,1.012124e+002
2.461688e+003,1.012038e+002
2.462170e+003,1.011890e+002
2.462653e+003,1.011701e+002
2.463135e+003,1.011511e+002
2.463617e+003,1.011360e+002
2.464099e+003,1.011281e+002
2.464581e+003,1.011280e+002
2.465063e+003,1.011339e+002
2.465545e+003,1.011417e+002
2.466027e+003,1.011468e+002
2.466510e+003,1.011458e+002
2.466992e+003,1.011379e+002
2.467474e+003,1.011246e+002
2.467956e+003,1.011096e+002
2.468438e+003,1.010971e+002
2.468920e+003,1.010906e+002
2.469402e+003,1.010920e+002
2.469884e+003,1.011014e+002
2.470366e+003,1.011176e+002
2.470849e+003,1.011380e+002
2.471331e+003,1.011595e+002
2.471813e+003,1.011785e+002
2.472295e+003,1.011914e+002
2.472777e+003,1.011949e+002
2.473259e+003,1.011870e+002
2.473741e+003,1.011678e+002
2.474223e+003,1.011396e+002
2.474706e+003,1.011075e+002
2.475188e+003,1.010773e+002
2.475670e+003,1.010548e+002
2.476152e+003,1.010434e+002
2.476634e+003,1.010433e+002
2.477116e+003,1.010520e+002
2.477598e+003,1.010648e+002
2.478080e+003,1.010776e+002
2.478563e+003,1.010879e+002
2.479044e+003,1.010957e+002
2.479527e+003,1.011037e+002
2.480009e+003,1.011149e+002
2.480491e+003,1.011316e+002
2.480973e+003,1.011534e+002
2.481455e+003,1.011774e+002
2.481937e+003,1.011987e+002
2.482419e+003,1.012126e+002
2.482901e+003,1.012159e+002
2.483384e+003,1.012083e+002
2.483866e+003,1.011924e+002
2.484348e+003,1.011728e+002
2.484830e+003,1.011545e+002
2.485312e+003,1.011408e+002
2.485794e+003,1.011334e+002
2.486276e+003,1.011314e+002
2.486758e+003,1.011325e+002
2.487240e+003,1.011342e+002
2.487723e+003,1.011345e+002
2.488205e+003,1.011326e+002
2.488687e+003,1.011286e+002
2.489169e+003,1.011229e+002
2.489651e+003,1.011160e+002
2.490133e+003,1.011079e+002
2.490615e+003,1.010980e+002
2.491097e+003,1.010862e+002
2.491580e+003,1.010725e+002
2.492062e+003,1.010580e+002
2.492544e+003,1.010441e+002
2.493026e+003,1.010325e+002
2.493508e+003,1.010245e+002
2.493990e+003,1.010200e+002
2.494472e+003,1.010182e+002
2.494954e+003,1.010174e+002
2.495437e+003,1.010159e+002
2.495919e+003,1.010131e+002
2.496401e+003,1.010094e+002
2.496883e+003,1.010067e+002
2.497365e+003,1.010073e+002
2.497847e+003,1.010131e+002
2.498329e+003,1.010250e+002
2.498811e+003,1.010417e+002
2.499293e+003,1.010604e+002
2.499776e+003,1.010772e+002
2.500258e+003,1.010882e+002
2.500740e+003,1.010903e+002
2.501222e+003,1.010825e+002
2.501704e+003,1.010656e+002
2.502186e+003,1.010422e+002
2.502668e+003,1.010157e+002
2.503150e+003,1.009898e+002
2.503633e+003,1.009676e+002
2.504115e+003,1.009511e+002
2.504597e+003,1.009409e+002
2.505079e+003,1.009364e+002
2.505561e+003,1.009362e+002
2.506043e+003,1.009383e+002
2.506525e+003,1.009410e+002
2.507007e+003,1.009435e+002
2.507490e+003,1.009462e+002
2.507971e+003,1.009501e+002
2.508454e+003,1.009569e+002
2.508936e+003,1.009677e+002
2.509418e+003,1.009824e+002
2.509900e+003,1.009988e+002
2.510382e+003,1.010137e+002
2.510864e+003,1.010230e+002
2.511346e+003,1.010234e+002
2.511828e+003,1.010135e+002
2.512311e+003,1.009942e+002
2.512793e+003,1.009686e+002
2.513275e+003,1.009406e+002
2.513757e+003,1.009139e+002
2.514239e+003,1.008908e+002
2.514721e+003,1.008716e+002
2.515203e+003,1.008552e+002
2.515685e+003,1.008402e+002
2.516167e+003,1.008256e+002
2.516650e+003,1.008121e+002
2.517132e+003,1.008011e+002
2.517614e+003,1.007945e+002
2.518096e+003,1.007932e+002
2.518578e+003,1.007968e+002
2.519060e+003,1.008030e+002
2.519542e+003,1.008088e+002
2.520024e+003,1.008110e+002
2.520507e+003,1.008081e+002
2.520989e+003,1.008000e+002
2.521471e+003,1.007887e+002
2.521953e+003,1.007773e+002
2.522435e+003,1.007689e+002
2.522917e+003,1.007664e+002
2.523399e+003,1.007716e+002
2.523881e+003,1.007852e+002
2.524364e+003,1.008070e+002
2.524846e+003,1.008356e+002
2.525328e+003,1.008685e+002
2.525810e+003,1.009022e+002
2.526292e+003,1.009323e+002
2.526774e+003,1.009541e+002
2.527256e+003,1.009639e+002
2.527738e+003,1.009598e+002
2.528220e+003,1.009426e+002
2.528703e+003,1.009159e+002
2.529185e+003,1.008846e+002
2.529667e+003,1.008542e+002
2.530149e+003,1.008290e+002
2.530631e+003,1.008110e+002
2.531113e+003,1.007996e+002
2.531595e+003,1.007928e+002
2.532077e+003,1.007876e+002
2.532560e+003,1.007815e+002
2.533042e+003,1.007731e+002
2.533524e+003,1.007627e+002
2.534006e+003,1.007510e+002
2.534488e+003,1.007394e+002
2.534970e+003,1.007293e+002
2.535452e+003,1.007217e+002
2.535934e+003,1.007177e+002
2.536417e+003,1.007179e+002
2.536898e+003,1.007229e+002
2.537381e+003,1.007325e+002
2.537863e+003,1.007454e+002
2.538345e+003,1.007590e+002
2.538827e+003,1.007701e+002
2.539309e+003,1.007754e+002
2.539791e+003,1.007730e+002
2.540273e+003,1.007632e+002
2.540755e+003,1.007485e+002
2.541238e+003,1.007336e+002
2.541720e+003,1.007234e+002
2.542202e+003,1.007217e+002
2.542684e+003,1.007298e+002
2.543166e+003,1.007457e+002
2.543648e+003,1.007654e+002
2.544130e+003,1.007837e+002
2.544612e+003,1.007962e+002
2.545094e+003,1.008007e+002
2.545577e+003,1.007977e+002
2.546059e+003,1.007899e+002
2.546541e+003,1.007810e+002
2.547023e+003,1.007736e+002
2.547505e+003,1.007688e+002
2.547987e+003,1.007652e+002
2.548469e+003,1.007596e+002
2.548951e+003,1.007480e+002
2.549434e+003,1.007279e+002
2.549916e+003,1.006985e+002
2.550398e+003,1.006616e+002
2.550880e+003,1.006216e+002
2.551362e+003,1.005834e+002
2.551844e+003,1.005516e+002
2.552326e+003,1.005291e+002
2.552808e+003,1.005162e+002
2.553291e+003,1.005110e+002
2.553773e+003,1.005104e+002
2.554255e+003,1.005111e+002
2.554737e+003,1.005112e+002
2.555219e+003,1.005107e+002
2.555701e+003,1.005116e+002
2.556183e+003,1.005165e+002
2.556665e+003,1.005274e+002
2.557147e+003,1.005449e+002
2.557630e+003,1.005669e+002
2.558112e+003,1.005890e+002
2.558594e+003,1.006062e+002
2.559076e+003,1.006136e+002
2.559558e+003,1.006088e+002
2.560040e+003,1.005924e+002
2.560522e+003,1.005678e+002
2.561004e+003,1.005407e+002
2.561487e+003,1.005167e+002
2.561969e+003,1.005000e+002
2.562451e+003,1.004925e+002
2.562933e+003,1.004929e+002
2.563415e+003,1.004978e+002
2.563897e+003,1.005030e+002
2.564379e+003,1.005043e+002
2.564861e+003,1.004992e+002
2.565344e+003,1.004868e+002
2.565825e+003,1.004682e+002
2.566308e+003,1.004452e+002
2.566790e+003,1.004203e+002
2.567272e+003,1.003961e+002
2.567754e+003,1.003748e+002
2.568236e+003,1.003583e+002
2.568718e+003,1.003484e+002
2.569200e+003,1.003464e+002
2.569682e+003,1.003528e+002
2.570165e+003,1.003670e+002
2.570647e+003,1.003871e+002
2.571129e+003,1.004100e+002
2.571611e+003,1.004320e+002
2.572093e+003,1.004496e+002
2.572575e+003,1.004601e+002
2.573057e+003,1.004623e+002
2.573539e+003,1.004567e+002
2.574021e+003,1.004447e+002
2.574504e+003,1.004288e+002
2.574986e+003,1.004113e+002
2.575468e+003,1.003939e+002
2.575950e+003,1.003779e+002
2.576432e+003,1.003638e+002
2.576914e+003,1.003517e+002
2.577396e+003,1.003416e+002
2.577878e+003,1.003329e+002
2.578361e+003,1.003250e+002
2.578843e+003,1.003171e+002
2.579325e+003,1.003085e+002
2.579807e+003,1.002985e+002
2.580289e+003,1.002872e+002
2.580771e+003,1.002752e+002
2.581253e+003,1.002639e+002
2.581735e+003,1.002546e+002
2.582218e+003,1.002486e+002
2.582700e+003,1.002466e+002
2.583182e+003,1.002481e+002
2.583664e+003,1.002519e+002
2.584146e+003,1.002564e+002
2.584628e+003,1.002598e+002
2.585110e+003,1.002608e+002
2.585592e+003,1.002590e+002
2.586074e+003,1.002546e+002
2.586557e+003,1.002488e+002
2.587039e+003,1.002430e+002
2.587521e+003,1.002390e+002
2.588003e+003,1.002379e+002
2.588485e+003,1.002404e+002
2.588967e+003,1.002464e+002
2.589449e+003,1.002545e+002
2.589931e+003,1.002626e+002
2.590414e+003,1.002679e+002
2.590896e+003,1.002680e+002
2.591378e+003,1.002613e+002
2.591860e+003,1.002477e+002
2.592342e+003,1.002291e+002
2.592824e+003,1.002086e+002
2.593306e+003,1.001903e+002
2.593788e+003,1.001773e+002
2.594271e+003,1.001717e+002
2.594752e+003,1.001733e+002
2.595235e+003,1.001798e+002
2.595717e+003,1.001879e+002
2.596199e+003,1.001936e+002
2.596681e+003,1.001940e+002
2.597163e+003,1.001874e+002
2.597645e+003,1.001740e+002
2.598127e+003,1.001550e+002
2.598609e+003,1.001330e+002
2.599092e+003,1.001102e+002
2.599574e+003,1.000889e+002
2.600056e+003,1.000704e+002
2.600538e+003,1.000556e+002
2.601020e+003,1.000445e+002
2.601502e+003,1.000364e+002
2.601984e+003,1.000305e+002
2.602466e+003,1.000255e+002
2.602948e+003,1.000201e+002
2.603431e+003,1.000134e+002
2.603913e+003,1.000045e+002
2.604395e+003,9.999339e+001
2.604877e+003,9.998026e+001
2.605359e+003,9.996587e+001
2.605841e+003,9.995118e+001
2.606323e+003,9.993732e+001
2.606805e+003,9.992538e+001
2.607288e+003,9.991620e+001
2.607770e+003,9.991041e+001
2.608252e+003,9.990806e+001
2.608734e+003,9.990865e+001
2.609216e+003,9.991108e+001
2.609698e+003,9.991383e+001
2.610180e+003,9.991531e+001
2.610662e+003,9.991439e+001
2.611145e+003,9.991051e+001
2.611627e+003,9.990398e+001
2.612109e+003,9.989565e+001
2.612591e+003,9.988641e+001
2.613073e+003,9.987688e+001
2.613555e+003,9.986702e+001
2.614037e+003,9.985636e+001
2.614519e+003,9.984442e+001
2.615001e+003,9.983121e+001
2.615484e+003,9.981763e+001
2.615966e+003,9.980534e+001
2.616448e+003,9.979628e+001
2.616930e+003,9.979176e+001
2.617412e+003,9.979203e+001
2.617894e+003,9.979585e+001
2.618376e+003,9.980094e+001
2.618858e+003,9.980494e+001
2.619341e+003,9.980619e+001
2.619823e+003,9.980428e+001
2.620305e+003,9.980022e+001
2.620787e+003,9.979562e+001
2.621269e+003,9.979195e+001
2.621751e+003,9.978977e+001
2.622233e+003,9.978844e+001
2.622715e+003,9.978667e+001
2.623198e+003,9.978320e+001
2.623679e+003,9.977760e+001
2.624162e+003,9.977065e+001
2.624644e+003,9.976418e+001
2.625126e+003,9.976024e+001
2.625608e+003,9.976010e+001
2.626090e+003,9.976372e+001
2.626572e+003,9.976945e+001
2.627054e+003,9.977459e+001
2.627536e+003,9.977631e+001
2.628019e+003,9.977258e+001
2.628501e+003,9.976285e+001
2.628983e+003,9.974814e+001
2.629465e+003,9.973074e+001
2.629947e+003,9.971349e+001
2.630429e+003,9.969904e+001
2.630911e+003,9.968935e+001
2.631393e+003,9.968547e+001
2.631875e+003,9.968737e+001
2.632358e+003,9.969424e+001
2.632840e+003,9.970473e+001
2.633322e+003,9.971716e+001
2.633804e+003,9.972977e+001
2.634286e+003,9.974105e+001
2.634768e+003,9.974992e+001
2.635250e+003,9.975581e+001
2.635732e+003,9.975878e+001
2.636215e+003,9.975934e+001
2.636697e+003,9.975837e+001
2.637179e+003,9.975688e+001
2.637661e+003,9.975600e+001
2.638143e+003,9.975684e+001
2.638625e+003,9.976048e+001
2.639107e+003,9.976784e+001
2.639589e+003,9.977960e+001
2.640072e+003,9.979592e+001
2.640554e+003,9.981631e+001
2.641036e+003,9.983970e+001
2.641518e+003,9.986454e+001
2.642000e+003,9.988917e+001
2.642482e+003,9.991221e+001
2.642964e+003,9.993290e+001
2.643446e+003,9.995096e+001
2.643928e+003,9.996659e+001
2.644411e+003,9.998029e+001
2.644893e+003,9.999246e+001
2.645375e+003,1.000036e+002
2.645857e+003,1.000143e+002
2.646339e+003,1.000252e+002
2.646821e+003,1.000375e+002
2.647303e+003,1.000522e+002
2.647785e+003,1.000703e+002
2.648268e+003,1.000919e+002
2.648750e+003,1.001166e+002
2.649232e+003,1.001432e+002
2.649714e+003,1.001702e+002
2.650196e+003,1.001963e+002
2.650678e+003,1.002212e+002
2.651160e+003,1.002450e+002
2.651642e+003,1.002684e+002
2.652125e+003,1.002925e+002
2.652606e+003,1.003176e+002
2.653089e+003,1.003438e+002
2.653571e+003,1.003703e+002
2.654053e+003,1.003965e+002
2.654535e+003,1.004219e+002
2.655017e+003,1.004466e+002
2.655499e+003,1.004708e+002
2.655981e+003,1.004951e+002
2.656463e+003,1.005199e+002
2.656946e+003,1.005452e+002
2.657428e+003,1.005708e+002
2.657910e+003,1.005961e+002
2.658392e+003,1.006211e+002
2.658874e+003,1.006461e+002
2.659356e+003,1.006718e+002
2.659838e+003,1.006988e+002
2.660320e+003,1.007276e+002
2.660802e+003,1.007579e+002
2.661285e+003,1.007891e+002
2.661767e+003,1.008203e+002
2.662249e+003,1.008509e+002
2.662731e+003,1.008806e+002
2.663213e+003,1.009095e+002
2.663695e+003,1.009382e+002
2.664177e+003,1.009672e+002
2.664659e+003,1.009968e+002
2.665142e+003,1.010268e+002
2.665624e+003,1.010572e+002
2.666106e+003,1.010877e+002
2.666588e+003,1.011185e+002
2.667070e+003,1.011496e+002
2.667552e+003,1.011811e+002
2.668034e+003,1.012124e+002
2.668516e+003,1.012427e+002
2.668999e+003,1.012708e+002
2.669481e+003,1.012959e+002
2.669963e+003,1.013179e+002
2.670445e+003,1.013373e+002
2.670927e+003,1.013556e+002
2.671409e+003,1.013745e+002
2.671891e+003,1.013950e+002
2.672373e+003,1.014171e+002
2.672855e+003,1.014397e+002
2.673338e+003,1.014608e+002
2.673820e+003,1.014786e+002
2.674302e+003,1.014919e+002
2.674784e+003,1.015005e+002
2.675266e+003,1.015056e+002
2.675748e+003,1.015089e+002
2.676230e+003,1.015123e+002
2.676712e+003,1.015169e+002
2.677195e+003,1.015234e+002
2.677677e+003,1.015319e+002
2.678159e+003,1.015424e+002
2.678641e+003,1.015551e+002
2.679123e+003,1.015704e+002
2.679605e+003,1.015888e+002
2.680087e+003,1.016104e+002
2.680569e+003,1.016347e+002
2.681052e+003,1.016607e+002
2.681533e+003,1.016866e+002
2.682016e+003,1.017103e+002
2.682498e+003,1.017300e+002
2.682980e+003,1.017444e+002
2.683462e+003,1.017528e+002
2.683944e+003,1.017556e+002
2.684426e+003,1.017538e+002
2.684908e+003,1.017492e+002
2.685390e+003,1.017440e+002
2.685873e+003,1.017408e+002
2.686355e+003,1.017417e+002
2.686837e+003,1.017479e+002
2.687319e+003,1.017595e+002
2.687801e+003,1.017749e+002
2.688283e+003,1.017918e+002
2.688765e+003,1.018073e+002
2.689247e+003,1.018194e+002
2.689729e+003,1.018268e+002
2.690212e+003,1.018304e+002
2.690694e+003,1.018316e+002
2.691176e+003,1.018325e+002
2.691658e+003,1.018347e+002
2.692140e+003,1.018386e+002
2.692622e+003,1.018437e+002
2.693104e+003,1.018485e+002
2.693586e+003,1.018517e+002
2.694069e+003,1.018530e+002
2.694551e+003,1.018526e+002
2.695033e+003,1.018516e+002
2.695515e+003,1.018513e+002
2.695997e+003,1.018521e+002
2.696479e+003,1.018535e+002
2.696961e+003,1.018544e+002
2.697443e+003,1.018531e+002
2.697926e+003,1.018482e+002
2.698408e+003,1.018397e+002
2.698890e+003,1.018281e+002
2.699372e+003,1.018154e+002
2.699854e+003,1.018034e+002
2.700336e+003,1.017937e+002
2.700818e+003,1.017872e+002
2.701300e+003,1.017836e+002
2.701782e+003,1.017824e+002
2.702265e+003,1.017822e+002
2.702747e+003,1.017822e+002
2.703229e+003,1.017817e+002
2.703711e+003,1.017805e+002
2.704193e+003,1.017786e+002
2.704675e+003,1.017763e+002
2.705157e+003,1.017734e+002
2.705639e+003,1.017698e+002
2.706122e+003,1.017651e+002
2.706604e+003,1.017590e+002
2.707086e+003,1.017515e+002
2.707568e+003,1.017429e+002
2.708050e+003,1.017341e+002
2.708532e+003,1.017264e+002
2.709014e+003,1.017213e+002
2.709496e+003,1.017202e+002
2.709979e+003,1.017237e+002
2.710461e+003,1.017314e+002
2.710943e+003,1.017418e+002
2.711425e+003,1.017524e+002
2.711907e+003,1.017608e+002
2.712389e+003,1.017654e+002
2.712871e+003,1.017656e+002
2.713353e+003,1.017630e+002
2.713835e+003,1.017599e+002
2.714318e+003,1.017593e+002
2.714800e+003,1.017635e+002
2.715282e+003,1.017733e+002
2.715764e+003,1.017877e+002
2.716246e+003,1.018041e+002
2.716728e+003,1.018192e+002
2.717210e+003,1.018301e+002
2.717692e+003,1.018347e+002
2.718175e+003,1.018329e+002
2.718656e+003,1.018257e+002
2.719139e+003,1.018152e+002
2.719621e+003,1.018036e+002
2.720103e+003,1.017930e+002
2.720585e+003,1.017847e+002
2.721067e+003,1.017793e+002
2.721549e+003,1.017770e+002
2.722031e+003,1.017774e+002
2.722513e+003,1.017802e+002
2.722996e+003,1.017844e+002
2.723478e+003,1.017892e+002
2.723960e+003,1.017935e+002
2.724442e+003,1.017966e+002
2.724924e+003,1.017982e+002
2.725406e+003,1.017988e+002
2.725888e+003,1.017993e+002
2.726370e+003,1.018013e+002
2.726853e+003,1.018063e+002
2.727335e+003,1.018151e+002
2.727817e+003,1.018276e+002
2.728299e+003,1.018431e+002
2.728781e+003,1.018597e+002
2.729263e+003,1.018754e+002
2.729745e+003,1.018885e+002
2.730227e+003,1.018978e+002
2.730709e+003,1.019029e+002
2.731192e+003,1.019041e+002
2.731674e+003,1.019022e+002
2.732156e+003,1.018982e+002
2.732638e+003,1.018934e+002
2.733120e+003,1.018889e+002
2.733602e+003,1.018859e+002
2.734084e+003,1.018857e+002
2.734566e+003,1.018890e+002
2.735049e+003,1.018959e+002
2.735531e+003,1.019062e+002
2.736013e+003,1.019186e+002
2.736495e+003,1.019315e+002
2.736977e+003,1.019434e+002
2.737459e+003,1.019528e+002
2.737941e+003,1.019592e+002
2.738423e+003,1.019631e+002
2.738906e+003,1.019654e+002
2.739388e+003,1.019676e+002
2.739870e+003,1.019707e+002
2.740352e+003,1.019750e+002
2.740834e+003,1.019804e+002
2.741316e+003,1.019860e+002
2.741798e+003,1.019910e+002
2.742280e+003,1.019950e+002
2.742762e+003,1.019981e+002
2.743245e+003,1.020009e+002
2.743727e+003,1.020043e+002
2.744209e+003,1.020088e+002
2.744691e+003,1.020142e+002
2.745173e+003,1.020201e+002
2.745655e+003,1.020258e+002
2.746137e+003,1.020309e+002
2.746619e+003,1.020358e+002
2.747102e+003,1.020416e+002
2.747583e+003,1.020499e+002
2.748066e+003,1.020616e+002
2.748548e+003,1.020769e+002
2.749030e+003,1.020942e+002
2.749512e+003,1.021109e+002
2.749994e+003,1.021237e+002
2.750476e+003,1.021302e+002
2.750958e+003,1.021291e+002
2.751440e+003,1.021212e+002
2.751923e+003,1.021089e+002
2.752405e+003,1.020955e+002
2.752887e+003,1.020842e+002
2.753369e+003,1.020769e+002
2.753851e+003,1.020741e+002
2.754333e+003,1.020747e+002
2.754815e+003,1.020771e+002
2.755297e+003,1.020799e+002
2.755780e+003,1.020821e+002
2.756262e+003,1.020838e+002
2.756744e+003,1.020858e+002
2.757226e+003,1.020890e+002
2.757708e+003,1.020943e+002
2.758190e+003,1.021016e+002
2.758672e+003,1.021104e+002
2.759154e+003,1.021195e+002
2.759636e+003,1.021274e+002
2.760119e+003,1.021327e+002
2.760601e+003,1.021345e+002
2.761083e+003,1.021322e+002
2.761565e+003,1.021262e+002
2.762047e+003,1.021177e+002
2.762529e+003,1.021083e+002
2.763011e+003,1.021003e+002
2.763493e+003,1.020957e+002
2.763976e+003,1.020957e+002
2.764458e+003,1.021003e+002
2.764940e+003,1.021084e+002
2.765422e+003,1.021179e+002
2.765904e+003,1.021264e+002
2.766386e+003,1.021322e+002
2.766868e+003,1.021346e+002
2.767350e+003,1.021343e+002
2.767833e+003,1.021328e+002
2.768315e+003,1.021320e+002
2.768797e+003,1.021333e+002
2.769279e+003,1.021368e+002
2.769761e+003,1.021420e+002
2.770243e+003,1.021473e+002
2.770725e+003,1.021514e+002
2.771207e+003,1.021533e+002
2.771689e+003,1.021528e+002
2.772172e+003,1.021507e+002
2.772654e+003,1.021477e+002
2.773136e+003,1.021447e+002
2.773618e+003,1.021424e+002
2.774100e+003,1.021413e+002
2.774582e+003,1.021415e+002
2.775064e+003,1.021436e+002
2.775546e+003,1.021483e+002
2.776029e+003,1.021560e+002
2.776510e+003,1.021669e+002
2.776993e+003,1.021804e+002
2.777475e+003,1.021953e+002
2.777957e+003,1.022100e+002
2.778439e+003,1.022233e+002
2.778921e+003,1.022342e+002
2.779403e+003,1.022427e+002
2.779885e+003,1.022497e+002
2.780367e+003,1.022562e+002
2.780850e+003,1.022630e+002
2.781332e+003,1.022704e+002
2.781814e+003,1.022778e+002
2.782296e+003,1.022843e+002
2.782778e+003,1.022890e+002
2.783260e+003,1.022913e+002
2.783742e+003,1.022910e+002
2.784224e+003,1.022886e+002
2.784707e+003,1.022849e+002
2.785189e+003,1.022805e+002
2.785671e+003,1.022758e+002
2.786153e+003,1.022711e+002
2.786635e+003,1.022665e+002
2.787117e+003,1.022623e+002
2.787599e+003,1.022589e+002
2.788081e+003,1.022569e+002
2.788563e+003,1.022566e+002
2.789046e+003,1.022581e+002
2.789528e+003,1.022611e+002
2.790010e+003,1.022646e+002
2.790492e+003,1.022681e+002
2.790974e+003,1.022710e+002
2.791456e+003,1.022735e+002
2.791938e+003,1.022761e+002
2.792420e+003,1.022796e+002
2.792903e+003,1.022846e+002
2.793385e+003,1.022913e+002
2.793867e+003,1.022991e+002
2.794349e+003,1.023066e+002
2.794831e+003,1.023125e+002
2.795313e+003,1.023157e+002
2.795795e+003,1.023157e+002
2.796277e+003,1.023132e+002
2.796760e+003,1.023097e+002
2.797242e+003,1.023075e+002
2.797724e+003,1.023087e+002
2.798206e+003,1.023147e+002
2.798688e+003,1.023258e+002
2.799170e+003,1.023406e+002
2.799652e+003,1.023567e+002
2.800134e+003,1.023713e+002
2.800616e+003,1.023816e+002
2.801099e+003,1.023861e+002
2.801581e+003,1.023848e+002
2.802063e+003,1.023794e+002
2.802545e+003,1.023726e+002
2.803027e+003,1.023673e+002
2.803509e+003,1.023655e+002
2.803991e+003,1.023678e+002
2.804473e+003,1.023730e+002
2.804956e+003,1.023790e+002
2.805438e+003,1.023830e+002
2.805920e+003,1.023833e+002
2.806402e+003,1.023791e+002
2.806884e+003,1.023712e+002
2.807366e+003,1.023614e+002
2.807848e+003,1.023519e+002
2.808330e+003,1.023442e+002
2.808813e+003,1.023389e+002
2.809294e+003,1.023355e+002
2.809777e+003,1.023332e+002
2.810259e+003,1.023309e+002
2.810741e+003,1.023281e+002
2.811223e+003,1.023252e+002
2.811705e+003,1.023231e+002
2.812187e+003,1.023231e+002
2.812669e+003,1.023258e+002
2.813151e+003,1.023317e+002
2.813634e+003,1.023403e+002
2.814116e+003,1.023507e+002
2.814598e+003,1.023621e+002
2.815080e+003,1.023738e+002
2.815562e+003,1.023856e+002
2.816044e+003,1.023976e+002
2.816526e+003,1.024098e+002
2.817008e+003,1.024220e+002
2.817490e+003,1.024336e+002
2.817973e+003,1.024436e+002
2.818455e+003,1.024509e+002
2.818937e+003,1.024551e+002
2.819419e+003,1.024559e+002
2.819901e+003,1.024539e+002
2.820383e+003,1.024504e+002
2.820865e+003,1.024469e+002
2.821347e+003,1.024448e+002
2.821830e+003,1.024453e+002
2.822312e+003,1.024490e+002
2.822794e+003,1.024557e+002
2.823276e+003,1.024645e+002
2.823758e+003,1.024742e+002
2.824240e+003,1.024831e+002
2.824722e+003,1.024897e+002
2.825204e+003,1.024931e+002
2.825687e+003,1.024933e+002
2.826169e+003,1.024915e+002
2.826651e+003,1.024900e+002
2.827133e+003,1.024914e+002
2.827615e+003,1.024982e+002
2.828097e+003,1.025120e+002
2.828579e+003,1.025324e+002
2.829061e+003,1.025574e+002
2.829543e+003,1.025837e+002
2.830026e+003,1.026073e+002
2.830508e+003,1.026248e+002
2.830990e+003,1.026341e+002
2.831472e+003,1.026354e+002
2.831954e+003,1.026303e+002
2.832436e+003,1.026218e+002
2.832918e+003,1.026131e+002
2.833400e+003,1.026068e+002
2.833883e+003,1.026045e+002
2.834365e+003,1.026063e+002
2.834847e+003,1.026113e+002
2.835329e+003,1.026178e+002
2.835811e+003,1.026245e+002
2.836293e+003,1.026301e+002
2.836775e+003,1.026340e+002
2.837257e+003,1.026367e+002
2.837740e+003,1.026391e+002
2.838221e+003,1.026428e+002
2.838704e+003,1.026493e+002
2.839186e+003,1.026603e+002
2.839668e+003,1.026766e+002
2.840150e+003,1.026979e+002
2.840632e+003,1.027227e+002
2.841114e+003,1.027483e+002
2.841596e+003,1.027715e+002
2.842078e+003,1.027896e+002
2.842561e+003,1.028007e+002
2.843043e+003,1.028047e+002
2.843525e+003,1.028029e+002
2.844007e+003,1.027981e+002
2.844489e+003,1.027932e+002
2.844971e+003,1.027906e+002
2.845453e+003,1.027917e+002
2.845935e+003,1.027963e+002
2.846417e+003,1.028033e+002
2.846900e+003,1.028113e+002
2.847382e+003,1.028187e+002
2.847864e+003,1.028246e+002
2.848346e+003,1.028285e+002
2.848828e+003,1.028303e+002
2.849310e+003,1.028299e+002
2.849792e+003,1.028270e+002
2.850274e+003,1.028214e+002
2.850757e+003,1.028126e+002
2.851239e+003,1.028009e+002
2.851721e+003,1.027871e+002
2.852203e+003,1.027722e+002
2.852685e+003,1.027577e+002
2.853167e+003,1.027449e+002
2.853649e+003,1.027345e+002
2.854131e+003,1.027267e+002
2.854614e+003,1.027214e+002
2.855096e+003,1.027178e+002
2.855578e+003,1.027152e+002
2.856060e+003,1.027131e+002
2.856542e+003,1.027109e+002
2.857024e+003,1.027087e+002
2.857506e+003,1.027068e+002
2.857988e+003,1.027058e+002
2.858470e+003,1.027068e+002
2.858953e+003,1.027109e+002
2.859435e+003,1.027188e+002
2.859917e+003,1.027310e+002
2.860399e+003,1.027468e+002
2.860881e+003,1.027646e+002
2.861363e+003,1.027822e+002
2.861845e+003,1.027972e+002
2.862327e+003,1.028076e+002
2.862810e+003,1.028122e+002
2.863292e+003,1.028112e+002
2.863774e+003,1.028055e+002
2.864256e+003,1.027967e+002
2.864738e+003,1.027862e+002
2.865220e+003,1.027754e+002
2.865702e+003,1.027649e+002
2.866184e+003,1.027554e+002
2.866667e+003,1.027473e+002
2.867148e+003,1.027412e+002
2.867631e+003,1.027376e+002
2.868113e+003,1.027366e+002
2.868595e+003,1.027375e+002
2.869077e+003,1.027389e+002
2.869559e+003,1.027390e+002
2.870041e+003,1.027359e+002
2.870523e+003,1.027288e+002
2.871005e+003,1.027183e+002
2.871488e+003,1.027062e+002
2.871970e+003,1.026955e+002
2.872452e+003,1.026892e+002
2.872934e+003,1.026897e+002
2.873416e+003,1.026975e+002
2.873898e+003,1.027119e+002
2.874380e+003,1.027306e+002
2.874862e+003,1.027512e+002
2.875344e+003,1.027713e+002
2.875827e+003,1.027894e+002
2.876309e+003,1.028050e+002
2.876791e+003,1.028184e+002
2.877273e+003,1.028306e+002
2.877755e+003,1.028423e+002
2.878237e+003,1.028542e+002
2.878719e+003,1.028664e+002
2.879201e+003,1.028789e+002
2.879684e+003,1.028911e+002
2.880166e+003,1.029022e+002
2.880648e+003,1.029112e+002
2.881130e+003,1.029176e+002
2.881612e+003,1.029210e+002
2.882094e+003,1.029217e+002
2.882576e+003,1.029206e+002
2.883058e+003,1.029191e+002
2.883541e+003,1.029191e+002
2.884023e+003,1.029220e+002
2.884505e+003,1.029285e+002
2.884987e+003,1.029385e+002
2.885469e+003,1.029510e+002
2.885951e+003,1.029647e+002
2.886433e+003,1.029779e+002
2.886915e+003,1.029896e+002
2.887397e+003,1.029991e+002
2.887880e+003,1.030061e+002
2.888362e+003,1.030108e+002
2.888844e+003,1.030131e+002
2.889326e+003,1.030130e+002
2.889808e+003,1.030105e+002
2.890290e+003,1.030056e+002
2.890772e+003,1.029993e+002
2.891254e+003,1.029925e+002
2.891737e+003,1.029867e+002
2.892219e+003,1.029832e+002
2.892701e+003,1.029826e+002
2.893183e+003,1.029849e+002
2.893665e+003,1.029890e+002
2.894147e+003,1.029936e+002
2.894629e+003,1.029977e+002
2.895111e+003,1.030008e+002
2.895594e+003,1.030034e+002
2.896075e+003,1.030067e+002
2.896558e+003,1.030120e+002
2.897040e+003,1.030202e+002
2.897522e+003,1.030316e+002
2.898004e+003,1.030451e+002
2.898486e+003,1.030590e+002
2.898968e+003,1.030715e+002
2.899450e+003,1.030811e+002
2.899932e+003,1.030869e+002
2.900415e+003,1.030888e+002
2.900897e+003,1.030874e+002
2.901379e+003,1.030836e+002
2.901861e+003,1.030780e+002
2.902343e+003,1.030711e+002
2.902825e+003,1.030632e+002
2.903307e+003,1.030545e+002
2.903789e+003,1.030457e+002
2.904271e+003,1.030380e+002
2.904754e+003,1.030326e+002
2.905236e+003,1.030307e+002
2.905718e+003,1.030333e+002
2.906200e+003,1.030402e+002
2.906682e+003,1.030506e+002
2.907164e+003,1.030630e+002
2.907646e+003,1.030756e+002
2.908128e+003,1.030869e+002
2.908611e+003,1.030957e+002
2.909093e+003,1.031016e+002
2.909575e+003,1.031045e+002
2.910057e+003,1.031049e+002
2.910539e+003,1.031030e+002
2.911021e+003,1.030996e+002
2.911503e+003,1.030955e+002
2.911985e+003,1.030919e+002
2.912468e+003,1.030902e+002
2.912950e+003,1.030917e+002
2.913432e+003,1.030971e+002
2.913914e+003,1.031060e+002
2.914396e+003,1.031168e+002
2.914878e+003,1.031269e+002
2.915360e+003,1.031338e+002
2.915842e+003,1.031349e+002
2.916324e+003,1.031298e+002
2.916807e+003,1.031193e+002
2.917289e+003,1.031062e+002
2.917771e+003,1.030940e+002
2.918253e+003,1.030859e+002
2.918735e+003,1.030843e+002
2.919217e+003,1.030895e+002
2.919699e+003,1.031005e+002
2.920181e+003,1.031150e+002
2.920664e+003,1.031302e+002
2.921146e+003,1.031437e+002
2.921628e+003,1.031540e+002
2.922110e+003,1.031602e+002
2.922592e+003,1.031623e+002
2.923074e+003,1.031607e+002
2.923556e+003,1.031556e+002
2.924038e+003,1.031476e+002
2.924521e+003,1.031368e+002
2.925002e+003,1.031237e+002
2.925485e+003,1.031085e+002
2.925967e+003,1.030917e+002
2.926449e+003,1.030740e+002
2.926931e+003,1.030559e+002
2.927413e+003,1.030385e+002
2.927895e+003,1.030224e+002
2.928377e+003,1.030087e+002
2.928859e+003,1.029980e+002
2.929342e+003,1.029905e+002
2.929824e+003,1.029859e+002
2.930306e+003,1.029834e+002
2.930788e+003,1.029819e+002
2.931270e+003,1.029805e+002
2.931752e+003,1.029784e+002
2.932234e+003,1.029761e+002
2.932716e+003,1.029740e+002
2.933198e+003,1.029735e+002
2.933681e+003,1.029754e+002
2.934163e+003,1.029800e+002
2.934645e+003,1.029868e+002
2.935127e+003,1.029951e+002
2.935609e+003,1.030036e+002
2.936091e+003,1.030113e+002
2.936573e+003,1.030175e+002
2.937055e+003,1.030217e+002
2.937538e+003,1.030236e+002
2.938020e+003,1.030228e+002
2.938502e+003,1.030187e+002
2.938984e+003,1.030108e+002
2.939466e+003,1.029991e+002
2.939948e+003,1.029839e+002
2.940430e+003,1.029665e+002
2.940912e+003,1.029484e+002
2.941395e+003,1.029310e+002
2.941877e+003,1.029151e+002
2.942359e+003,1.029007e+002
2.942841e+003,1.028869e+002
2.943323e+003,1.028728e+002
2.943805e+003,1.028576e+002
2.944287e+003,1.028413e+002
2.944769e+003,1.028251e+002
2.945251e+003,1.028107e+002
2.945734e+003,1.028002e+002
2.946216e+003,1.027951e+002
2.946698e+003,1.027959e+002
2.947180e+003,1.028019e+002
2.947662e+003,1.028117e+002
2.948144e+003,1.028233e+002
2.948626e+003,1.028348e+002
2.949108e+003,1.028448e+002
2.949591e+003,1.028527e+002
2.950073e+003,1.028586e+002
2.950555e+003,1.028633e+002
2.951037e+003,1.028677e+002
2.951519e+003,1.028730e+002
2.952001e+003,1.028799e+002
2.952483e+003,1.028887e+002
2.952965e+003,1.028991e+002
2.953448e+003,1.029104e+002
2.953929e+003,1.029214e+002
2.954412e+003,1.029316e+002
2.954894e+003,1.029404e+002
2.955376e+003,1.029481e+002
2.955858e+003,1.029550e+002
2.956340e+003,1.029614e+002
2.956822e+003,1.029668e+002
2.957304e+003,1.029697e+002
2.957786e+003,1.029677e+002
2.958269e+003,1.029586e+002
2.958751e+003,1.029408e+002
2.959233e+003,1.029144e+002
2.959715e+003,1.028819e+002
2.960197e+003,1.028468e+002
2.960679e+003,1.028135e+002
2.961161e+003,1.027858e+002
2.961643e+003,1.027658e+002
2.962125e+003,1.027533e+002
2.962608e+003,1.027466e+002
2.963090e+003,1.027431e+002
2.963572e+003,1.027405e+002
2.964054e+003,1.027370e+002
2.964536e+003,1.027322e+002
2.965018e+003,1.027259e+002
2.965500e+003,1.027178e+002
2.965982e+003,1.027071e+002
2.966465e+003,1.026922e+002
2.966947e+003,1.026715e+002
2.967429e+003,1.026441e+002
2.967911e+003,1.026101e+002
2.968393e+003,1.025715e+002
2.968875e+003,1.025316e+002
2.969357e+003,1.024941e+002
2.969839e+003,1.024625e+002
2.970322e+003,1.024391e+002
2.970804e+003,1.024248e+002
2.971286e+003,1.024189e+002
2.971768e+003,1.024197e+002
2.972250e+003,1.024249e+002
2.972732e+003,1.024323e+002
2.973214e+003,1.024404e+002
2.973696e+003,1.024482e+002
2.974178e+003,1.024556e+002
2.974661e+003,1.024632e+002
2.975143e+003,1.024719e+002
2.975625e+003,1.024823e+002
2.976107e+003,1.024946e+002
2.976589e+003,1.025075e+002
2.977071e+003,1.025188e+002
2.977553e+003,1.025257e+002
2.978035e+003,1.025254e+002
2.978518e+003,1.025163e+002
2.979000e+003,1.024990e+002
2.979482e+003,1.024760e+002
2.979964e+003,1.024519e+002
2.980446e+003,1.024319e+002
2.980928e+003,1.024204e+002
2.981410e+003,1.024199e+002
2.981892e+003,1.024305e+002
2.982375e+003,1.024498e+002
2.982856e+003,1.024743e+002
2.983339e+003,1.025002e+002
2.983821e+003,1.025246e+002
2.984303e+003,1.025461e+002
2.984785e+003,1.025648e+002
2.985267e+003,1.025814e+002
2.985749e+003,1.025971e+002
2.986231e+003,1.026120e+002
2.986713e+003,1.026256e+002
2.987196e+003,1.026368e+002
2.987678e+003,1.026440e+002
2.988160e+003,1.026464e+002
2.988642e+003,1.026436e+002
2.989124e+003,1.026369e+002
2.989606e+003,1.026281e+002
2.990088e+003,1.026200e+002
2.990570e+003,1.026154e+002
2.991052e+003,1.026167e+002
2.991535e+003,1.026256e+002
2.992017e+003,1.026420e+002
2.992499e+003,1.026649e+002
2.992981e+003,1.026914e+002
2.993463e+003,1.027185e+002
2.993945e+003,1.027426e+002
2.994427e+003,1.027614e+002
2.994909e+003,1.027736e+002
2.995392e+003,1.027797e+002
2.995874e+003,1.027814e+002
2.996356e+003,1.027813e+002
2.996838e+003,1.027819e+002
2.997320e+003,1.027849e+002
2.997802e+003,1.027907e+002
2.998284e+003,1.027989e+002
2.998766e+003,1.028084e+002
2.999249e+003,1.028177e+002
2.999731e+003,1.028261e+002
3.000213e+003,1.028332e+002
3.000695e+003,1.028395e+002
3.001177e+003,1.028459e+002
3.001659e+003,1.028535e+002
3.002141e+003,1.028631e+002
3.002623e+003,1.028749e+002
3.003105e+003,1.028888e+002
3.003588e+003,1.029041e+002
3.004070e+003,1.029197e+002
3.004552e+003,1.029341e+002
3.005034e+003,1.029459e+002
3.005516e+003,1.029537e+002
3.005998e+003,1.029566e+002
3.006480e+003,1.029545e+002
3.006962e+003,1.029479e+002
3.007445e+003,1.029385e+002
3.007927e+003,1.029283e+002
3.008409e+003,1.029195e+002
3.008891e+003,1.029140e+002
3.009373e+003,1.029129e+002
3.009855e+003,1.029160e+002
3.010337e+003,1.029225e+002
3.010819e+003,1.029305e+002
3.011302e+003,1.029380e+002
3.011783e+003,1.029436e+002
3.012266e+003,1.029464e+002
3.012748e+003,1.029465e+002
3.013230e+003,1.029449e+002
3.013712e+003,1.029427e+002
3.014194e+003,1.029414e+002
3.014676e+003,1.029416e+002
3.015158e+003,1.029439e+002
3.015640e+003,1.029482e+002
3.016123e+003,1.029542e+002
3.016605e+003,1.029615e+002
3.017087e+003,1.029702e+002
3.017569e+003,1.029803e+002
3.018051e+003,1.029920e+002
3.018533e+003,1.030054e+002
3.019015e+003,1.030201e+002
3.019497e+003,1.030350e+002
3.019979e+003,1.030488e+002
3.020462e+003,1.030599e+002
3.020944e+003,1.030667e+002
3.021426e+003,1.030684e+002
3.021908e+003,1.030652e+002
3.022390e+003,1.030583e+002
3.022872e+003,1.030495e+002
3.023354e+003,1.030414e+002
3.023836e+003,1.030361e+002
3.024319e+003,1.030352e+002
3.024801e+003,1.030391e+002
3.025283e+003,1.030468e+002
3.025765e+003,1.030565e+002
3.026247e+003,1.030653e+002
3.026729e+003,1.030706e+002
3.027211e+003,1.030708e+002
3.027693e+003,1.030655e+002
3.028176e+003,1.030557e+002
3.028658e+003,1.030438e+002
3.029140e+003,1.030324e+002
3.029622e+003,1.030234e+002
3.030104e+003,1.030178e+002
3.030586e+003,1.030148e+002
3.031068e+003,1.030123e+002
3.031550e+003,1.030075e+002
3.032032e+003,1.029982e+002
3.032515e+003,1.029837e+002
3.032997e+003,1.029650e+002
3.033479e+003,1.029447e+002
3.033961e+003,1.029267e+002
3.034443e+003,1.029144e+002
3.034925e+003,1.029104e+002
3.035407e+003,1.029156e+002
3.035889e+003,1.029288e+002
3.036372e+003,1.029475e+002
3.036854e+003,1.029683e+002
3.037336e+003,1.029874e+002
3.037818e+003,1.030018e+002
3.038300e+003,1.030093e+002
3.038782e+003,1.030090e+002
3.039264e+003,1.030011e+002
3.039746e+003,1.029875e+002
3.040229e+003,1.029709e+002
3.040711e+003,1.029550e+002
3.041193e+003,1.029432e+002
3.041675e+003,1.029386e+002
3.042157e+003,1.029427e+002
3.042639e+003,1.029553e+002
3.043121e+003,1.029749e+002
3.043603e+003,1.029987e+002
3.044085e+003,1.030238e+002
3.044568e+003,1.030480e+002
3.045050e+003,1.030700e+002
3.045532e+003,1.030892e+002
3.046014e+003,1.031060e+002
3.046496e+003,1.031203e+002
3.046978e+003,1.031314e+002
3.047460e+003,1.031382e+002
3.047942e+003,1.031396e+002
3.048425e+003,1.031348e+002
3.048906e+003,1.031246e+002
3.049389e+003,1.031112e+002
3.049871e+003,1.030979e+002
3.050353e+003,1.030882e+002
3.050835e+003,1.030849e+002
3.051317e+003,1.030894e+002
3.051799e+003,1.031008e+002
3.052281e+003,1.031168e+002
3.052763e+003,1.031343e+002
3.053246e+003,1.031497e+002
3.053728e+003,1.031607e+002
3.054210e+003,1.031663e+002
3.054692e+003,1.031669e+002
3.055174e+003,1.031643e+002
3.055656e+003,1.031614e+002
3.056138e+003,1.031611e+002
3.056620e+003,1.031660e+002
3.057103e+003,1.031776e+002
3.057585e+003,1.031956e+002
3.058067e+003,1.032182e+002
3.058549e+003,1.032423e+002
3.059031e+003,1.032639e+002
3.059513e+003,1.032793e+002
3.059995e+003,1.032866e+002
3.060477e+003,1.032854e+002
3.060959e+003,1.032780e+002
3.061442e+003,1.032681e+002
3.061924e+003,1.032598e+002
3.062406e+003,1.032564e+002
3.062888e+003,1.032596e+002
3.063370e+003,1.032686e+002
3.063852e+003,1.032813e+002
3.064334e+003,1.032947e+002
3.064816e+003,1.033062e+002
3.065299e+003,1.033146e+002
3.065781e+003,1.033202e+002
3.066263e+003,1.033243e+002
3.066745e+003,1.033285e+002
3.067227e+003,1.033342e+002
3.067709e+003,1.033417e+002
3.068191e+003,1.033506e+002
3.068673e+003,1.033599e+002
3.069156e+003,1.033686e+002
3.069638e+003,1.033760e+002
3.070120e+003,1.033820e+002
3.070602e+003,1.033867e+002
3.071084e+003,1.033902e+002
3.071566e+003,1.033926e+002
3.072048e+003,1.033938e+002
3.072530e+003,1.033938e+002
3.073012e+003,1.033928e+002
3.073495e+003,1.033911e+002
3.073977e+003,1.033890e+002
3.074459e+003,1.033867e+002
3.074941e+003,1.033834e+002
3.075423e+003,1.033780e+002
3.075905e+003,1.033690e+002
3.076387e+003,1.033551e+002
3.076869e+003,1.033363e+002
3.077352e+003,1.033134e+002
3.077833e+003,1.032887e+002
3.078316e+003,1.032656e+002
3.078798e+003,1.032473e+002
3.079280e+003,1.032362e+002
3.079762e+003,1.032337e+002
3.080244e+003,1.032397e+002
3.080726e+003,1.032529e+002
3.081208e+003,1.032718e+002
3.081690e+003,1.032945e+002
3.082173e+003,1.033198e+002
3.082655e+003,1.033466e+002
3.083137e+003,1.033741e+002
3.083619e+003,1.034015e+002
3.084101e+003,1.034277e+002
3.084583e+003,1.034515e+002
3.085065e+003,1.034719e+002
3.085547e+003,1.034881e+002
3.086030e+003,1.034998e+002
3.086512e+003,1.035077e+002
3.086994e+003,1.035132e+002
3.087476e+003,1.035178e+002
3.087958e+003,1.035235e+002
3.088440e+003,1.035317e+002
3.088922e+003,1.035432e+002
3.089404e+003,1.035583e+002
3.089886e+003,1.035761e+002
3.090369e+003,1.035954e+002
3.090851e+003,1.036144e+002
3.091333e+003,1.036315e+002
3.091815e+003,1.036459e+002
3.092297e+003,1.036569e+002
3.092779e+003,1.036651e+002
3.093261e+003,1.036711e+002
3.093743e+003,1.036759e+002
3.094226e+003,1.036799e+002
3.094708e+003,1.036829e+002
3.095190e+003,1.036842e+002
3.095672e+003,1.036825e+002
3.096154e+003,1.036771e+002
3.096636e+003,1.036676e+002
3.097118e+003,1.036547e+002
3.097600e+003,1.036399e+002
3.098083e+003,1.036251e+002
3.098565e+003,1.036121e+002
3.099047e+003,1.036023e+002
3.099529e+003,1.035963e+002
3.100011e+003,1.035937e+002
3.100493e+003,1.035937e+002
3.100975e+003,1.035953e+002
3.101457e+003,1.035978e+002
3.101939e+003,1.036011e+002
3.102422e+003,1.036055e+002
3.102904e+003,1.036117e+002
3.103386e+003,1.036202e+002
3.103868e+003,1.036312e+002
3.104350e+003,1.036437e+002
3.104832e+003,1.036561e+002
3.105314e+003,1.036661e+002
3.105796e+003,1.036712e+002
3.106279e+003,1.036699e+002
3.106760e+003,1.036615e+002
3.107243e+003,1.036470e+002
3.107725e+003,1.036289e+002
3.108207e+003,1.036102e+002
3.108689e+003,1.035940e+002
3.109171e+003,1.035824e+002
3.109653e+003,1.035763e+002
3.110135e+003,1.035750e+002
3.110617e+003,1.035771e+002
3.111100e+003,1.035812e+002
3.111582e+003,1.035865e+002
3.112064e+003,1.035931e+002
3.112546e+003,1.036016e+002
3.113028e+003,1.036123e+002
3.113510e+003,1.036247e+002
3.113992e+003,1.036369e+002
3.114474e+003,1.036459e+002
3.114957e+003,1.036483e+002
3.115439e+003,1.036424e+002
3.115921e+003,1.036281e+002
3.116403e+003,1.036079e+002
3.116885e+003,1.035863e+002
3.117367e+003,1.035681e+002
3.117849e+003,1.035570e+002
3.118331e+003,1.035548e+002
3.118813e+003,1.035608e+002
3.119296e+003,1.035723e+002
3.119778e+003,1.035862e+002
3.120260e+003,1.036000e+002
3.120742e+003,1.036127e+002
3.121224e+003,1.036246e+002
3.121706e+003,1.036366e+002
3.122188e+003,1.036494e+002
3.122670e+003,1.036629e+002
3.123153e+003,1.036757e+002
3.123635e+003,1.036862e+002
3.124117e+003,1.036930e+002
3.124599e+003,1.036961e+002
3.125081e+003,1.036966e+002
3.125563e+003,1.036968e+002
3.126045e+003,1.036987e+002
3.126527e+003,1.037033e+002
3.127010e+003,1.037102e+002
3.127492e+003,1.037174e+002
3.127974e+003,1.037224e+002
3.128456e+003,1.037232e+002
3.128938e+003,1.037192e+002
3.129420e+003,1.037118e+002
3.129902e+003,1.037040e+002
3.130384e+003,1.036994e+002
3.130866e+003,1.037014e+002
3.131349e+003,1.037118e+002
3.131831e+003,1.037307e+002
3.132313e+003,1.037559e+002
3.132795e+003,1.037838e+002
3.133277e+003,1.038101e+002
3.133759e+003,1.038307e+002
3.134241e+003,1.038426e+002
3.134723e+003,1.038445e+002
3.135206e+003,1.038371e+002
3.135688e+003,1.038228e+002
3.136170e+003,1.038053e+002
3.136652e+003,1.037887e+002
3.137134e+003,1.037763e+002
3.137616e+003,1.037702e+002
3.138098e+003,1.037710e+002
3.138580e+003,1.037771e+002
3.139063e+003,1.037861e+002
3.139544e+003,1.037952e+002
3.140027e+003,1.038024e+002
3.140509e+003,1.038070e+002
3.140991e+003,1.038100e+002
3.141473e+003,1.038135e+002
3.141955e+003,1.038204e+002
3.142437e+003,1.038329e+002
3.142919e+003,1.038526e+002
3.143401e+003,1.038790e+002
3.143884e+003,1.039103e+002
3.144366e+003,1.039432e+002
3.144848e+003,1.039743e+002
3.145330e+003,1.040002e+002
3.145812e+003,1.040187e+002
3.146294e+003,1.040289e+002
3.146776e+003,1.040318e+002
3.147258e+003,1.040298e+002
3.147740e+003,1.040257e+002
3.148223e+003,1.040225e+002
3.148705e+003,1.040225e+002
3.149187e+003,1.040269e+002
3.149669e+003,1.040355e+002
3.150151e+003,1.040476e+002
3.150633e+003,1.040619e+002
3.151115e+003,1.040774e+002
3.151597e+003,1.040936e+002
3.152080e+003,1.041102e+002
3.152562e+003,1.041270e+002
3.153044e+003,1.041439e+002
3.153526e+003,1.041602e+002
3.154008e+003,1.041749e+002
3.154490e+003,1.041872e+002
3.154972e+003,1.041968e+002
3.155454e+003,1.042038e+002
3.155937e+003,1.042092e+002
3.156419e+003,1.042145e+002
3.156901e+003,1.042209e+002
3.157383e+003,1.042291e+002
3.157865e+003,1.042391e+002
3.158347e+003,1.042502e+002
3.158829e+003,1.042612e+002
3.159311e+003,1.042711e+002
3.159793e+003,1.042789e+002
3.160276e+003,1.042843e+002
3.160758e+003,1.042870e+002
3.161240e+003,1.042871e+002
3.161722e+003,1.042845e+002
3.162204e+003,1.042795e+002
3.162686e+003,1.042722e+002
3.163168e+003,1.042632e+002
3.163650e+003,1.042535e+002
3.164133e+003,1.042445e+002
3.164615e+003,1.042375e+002
3.165097e+003,1.042341e+002
3.165579e+003,1.042351e+002
3.166061e+003,1.042412e+002
3.166543e+003,1.042522e+002
3.167025e+003,1.042672e+002
3.167507e+003,1.042846e+002
3.167990e+003,1.043024e+002
3.168471e+003,1.043183e+002
3.168954e+003,1.043303e+002
3.169436e+003,1.043375e+002
3.169918e+003,1.043405e+002
3.170400e+003,1.043414e+002
3.170882e+003,1.043431e+002
3.171364e+003,1.043486e+002
3.171846e+003,1.043599e+002
3.172328e+003,1.043767e+002
3.172811e+003,1.043966e+002
3.173293e+003,1.044158e+002
3.173775e+003,1.044298e+002
3.174257e+003,1.044358e+002
3.174739e+003,1.044333e+002
3.175221e+003,1.044245e+002
3.175703e+003,1.044136e+002
3.176185e+003,1.044056e+002
3.176667e+003,1.044042e+002
3.177150e+003,1.044111e+002
3.177632e+003,1.044252e+002
3.178114e+003,1.044438e+002
3.178596e+003,1.044633e+002
3.179078e+003,1.044808e+002
3.179560e+003,1.044948e+002
3.180042e+003,1.045053e+002
3.180524e+003,1.045137e+002
3.181007e+003,1.045216e+002
3.181489e+003,1.045306e+002
3.181971e+003,1.045416e+002
3.182453e+003,1.045554e+002
3.182935e+003,1.045720e+002
3.183417e+003,1.045916e+002
3.183899e+003,1.046139e+002
3.184381e+003,1.046381e+002
3.184864e+003,1.046630e+002
3.185346e+003,1.046868e+002
3.185828e+003,1.047077e+002
3.186310e+003,1.047242e+002
3.186792e+003,1.047359e+002
3.187274e+003,1.047433e+002
3.187756e+003,1.047477e+002
3.188238e+003,1.047511e+002
3.188720e+003,1.047549e+002
3.189203e+003,1.047600e+002
3.189685e+003,1.047661e+002
3.190167e+003,1.047725e+002
3.190649e+003,1.047775e+002
3.191131e+003,1.047795e+002
3.191613e+003,1.047770e+002
3.192095e+003,1.047690e+002
3.192577e+003,1.047552e+002
3.193060e+003,1.047364e+002
3.193542e+003,1.047143e+002
3.194024e+003,1.046916e+002
3.194506e+003,1.046717e+002
3.194988e+003,1.046579e+002
3.195470e+003,1.046528e+002
3.195952e+003,1.046572e+002
3.196434e+003,1.046701e+002
3.196917e+003,1.046889e+002
3.197398e+003,1.047104e+002
3.197881e+003,1.047313e+002
3.198363e+003,1.047500e+002
3.198845e+003,1.047660e+002
3.199327e+003,1.047800e+002
3.199809e+003,1.047933e+002
3.200291e+003,1.048067e+002
3.200773e+003,1.048200e+002
3.201255e+003,1.048320e+002
3.201738e+003,1.048411e+002
3.202220e+003,1.048460e+002
3.202702e+003,1.048463e+002
3.203184e+003,1.048422e+002
3.203666e+003,1.048346e+002
3.204148e+003,1.048248e+002
3.204630e+003,1.048133e+002
3.205112e+003,1.048009e+002
3.205594e+003,1.047886e+002
3.206077e+003,1.047777e+002
3.206559e+003,1.047709e+002
3.207041e+003,1.047710e+002
3.207523e+003,1.047805e+002
3.208005e+003,1.048004e+002
3.208487e+003,1.048295e+002
3.208969e+003,1.048641e+002
3.209451e+003,1.048990e+002
3.209934e+003,1.049288e+002
3.210416e+003,1.049497e+002
3.210898e+003,1.049602e+002
3.211380e+003,1.049619e+002
3.211862e+003,1.049579e+002
3.212344e+003,1.049524e+002
3.212826e+003,1.049486e+002
3.213308e+003,1.049481e+002
3.213791e+003,1.049509e+002
3.214273e+003,1.049552e+002
3.214755e+003,1.049590e+002
3.215237e+003,1.049603e+002
3.215719e+003,1.049583e+002
3.216201e+003,1.049534e+002
3.216683e+003,1.049470e+002
3.217165e+003,1.049409e+002
3.217647e+003,1.049373e+002
3.218130e+003,1.049377e+002
3.218612e+003,1.049427e+002
3.219094e+003,1.049518e+002
3.219576e+003,1.049632e+002
3.220058e+003,1.049745e+002
3.220540e+003,1.049828e+002
3.221022e+003,1.049863e+002
3.221504e+003,1.049844e+002
3.221987e+003,1.049784e+002
3.222469e+003,1.049716e+002
3.222951e+003,1.049679e+002
3.223433e+003,1.049709e+002
3.223915e+003,1.049828e+002
3.224397e+003,1.050036e+002
3.224879e+003,1.050306e+002
3.225361e+003,1.050598e+002
3.225844e+003,1.050865e+002
3.226325e+003,1.051069e+002
3.226808e+003,1.051187e+002
3.227290e+003,1.051218e+002
3.227772e+003,1.051175e+002
3.228254e+003,1.051081e+002
3.228736e+003,1.050964e+002
3.229218e+003,1.050847e+002
3.229700e+003,1.050755e+002
3.230182e+003,1.050703e+002
3.230665e+003,1.050706e+002
3.231147e+003,1.050769e+002
3.231629e+003,1.050887e+002
3.232111e+003,1.051046e+002
3.232593e+003,1.051223e+002
3.233075e+003,1.051395e+002
3.233557e+003,1.051541e+002
3.234039e+003,1.051655e+002
3.234521e+003,1.051743e+002
3.235004e+003,1.051820e+002
3.235486e+003,1.051905e+002
3.235968e+003,1.052009e+002
3.236450e+003,1.052132e+002
3.236932e+003,1.052261e+002
3.237414e+003,1.052379e+002
3.237896e+003,1.052476e+002
3.238378e+003,1.052550e+002
3.238861e+003,1.052616e+002
3.239343e+003,1.052692e+002
3.239825e+003,1.052793e+002
3.240307e+003,1.052919e+002
3.240789e+003,1.053053e+002
3.241271e+003,1.053166e+002
3.241753e+003,1.053227e+002
3.242235e+003,1.053217e+002
3.242718e+003,1.053142e+002
3.243200e+003,1.053029e+002
3.243682e+003,1.052921e+002
3.244164e+003,1.052862e+002
3.244646e+003,1.052878e+002
3.245128e+003,1.052974e+002
3.245610e+003,1.053130e+002
3.246092e+003,1.053314e+002
3.246574e+003,1.053490e+002
3.247057e+003,1.053632e+002
3.247539e+003,1.053724e+002
3.248021e+003,1.053758e+002
3.248503e+003,1.053731e+002
3.248985e+003,1.053641e+002
3.249467e+003,1.053483e+002
3.249949e+003,1.053261e+002
3.250431e+003,1.052991e+002
3.250914e+003,1.052707e+002
3.251396e+003,1.052457e+002
3.251878e+003,1.052297e+002
3.252360e+003,1.052269e+002
3.252842e+003,1.052392e+002
3.253324e+003,1.052649e+002
3.253806e+003,1.052990e+002
3.254288e+003,1.053345e+002
3.254771e+003,1.053638e+002
3.255252e+003,1.053810e+002
3.255735e+003,1.053830e+002
3.256217e+003,1.053702e+002
3.256699e+003,1.053459e+002
3.257181e+003,1.053154e+002
3.257663e+003,1.052848e+002
3.258145e+003,1.052598e+002
3.258627e+003,1.052448e+002
3.259109e+003,1.052425e+002
3.259592e+003,1.052536e+002
3.260074e+003,1.052772e+002
3.260556e+003,1.053103e+002
3.261038e+003,1.053491e+002
3.261520e+003,1.053893e+002
3.262002e+003,1.054267e+002
3.262484e+003,1.054578e+002
3.262966e+003,1.054804e+002
3.263448e+003,1.054934e+002
3.263931e+003,1.054970e+002
3.264413e+003,1.054920e+002
3.264895e+003,1.054797e+002
3.265377e+003,1.054616e+002
3.265859e+003,1.054393e+002
3.266341e+003,1.054145e+002
3.266823e+003,1.053889e+002
3.267305e+003,1.053642e+002
3.267788e+003,1.053416e+002
3.268270e+003,1.053221e+002
3.268752e+003,1.053059e+002
3.269234e+003,1.052928e+002
3.269716e+003,1.052826e+002
3.270198e+003,1.052747e+002
3.270680e+003,1.052688e+002
3.271162e+003,1.052644e+002
3.271645e+003,1.052615e+002
3.272127e+003,1.052595e+002
3.272609e+003,1.052579e+002
3.273091e+003,1.052562e+002
3.273573e+003,1.052543e+002
3.274055e+003,1.052525e+002
3.274537e+003,1.052517e+002
3.275019e+003,1.052531e+002
3.275501e+003,1.052575e+002
3.275984e+003,1.052652e+002
3.276466e+003,1.052751e+002
3.276948e+003,1.052857e+002
3.277430e+003,1.052945e+002
3.277912e+003,1.052995e+002
3.278394e+003,1.052992e+002
3.278876e+003,1.052936e+002
3.279358e+003,1.052837e+002
3.279841e+003,1.052715e+002
3.280323e+003,1.052593e+002
3.280805e+003,1.052495e+002
3.281287e+003,1.052441e+002
3.281769e+003,1.052445e+002
3.282251e+003,1.052512e+002
3.282733e+003,1.052639e+002
3.283215e+003,1.052816e+002
3.283698e+003,1.053026e+002
3.284179e+003,1.053248e+002
3.284662e+003,1.053461e+002
3.285144e+003,1.053653e+002
3.285626e+003,1.053816e+002
3.286108e+003,1.053954e+002
3.286590e+003,1.054075e+002
3.287072e+003,1.054187e+002
3.287554e+003,1.054293e+002
3.288036e+003,1.054388e+002
3.288519e+003,1.054464e+002
3.289001e+003,1.054511e+002
3.289483e+003,1.054523e+002
3.289965e+003,1.054504e+002
3.290447e+003,1.054466e+002
3.290929e+003,1.054423e+002
3.291411e+003,1.054381e+002
3.291893e+003,1.054342e+002
3.292375e+003,1.054295e+002
3.292858e+003,1.054227e+002
3.293340e+003,1.054127e+002
3.293822e+003,1.053998e+002
3.294304e+003,1.053857e+002
3.294786e+003,1.053734e+002
3.295268e+003,1.053660e+002
3.295750e+003,1.053655e+002
3.296232e+003,1.053726e+002
3.296715e+003,1.053859e+002
3.297197e+003,1.054026e+002
3.297679e+003,1.054196e+002
3.298161e+003,1.054343e+002
3.298643e+003,1.054454e+002
3.299125e+003,1.054529e+002
3.299607e+003,1.054580e+002
3.300089e+003,1.054620e+002
3.300572e+003,1.054661e+002
3.301054e+003,1.054706e+002
3.301536e+003,1.054751e+002
3.302018e+003,1.054788e+002
3.302500e+003,1.054805e+002
3.302982e+003,1.054793e+002
3.303464e+003,1.054744e+002
3.303946e+003,1.054656e+002
3.304428e+003,1.054531e+002
3.304911e+003,1.054377e+002
3.305393e+003,1.054213e+002
3.305875e+003,1.054060e+002
3.306357e+003,1.053948e+002
3.306839e+003,1.053900e+002
3.307321e+003,1.053933e+002
3.307803e+003,1.054051e+002
3.308285e+003,1.054242e+002
3.308768e+003,1.054482e+002
3.309250e+003,1.054744e+002
3.309732e+003,1.055001e+002
3.310214e+003,1.055234e+002
3.310696e+003,1.055432e+002
3.311178e+003,1.055592e+002
3.311660e+003,1.055712e+002
3.312142e+003,1.055789e+002
3.312625e+003,1.055814e+002
3.313106e+003,1.055779e+002
3.313589e+003,1.055679e+002
3.314071e+003,1.055518e+002
3.314553e+003,1.055316e+002
3.315035e+003,1.055102e+002
3.315517e+003,1.054914e+002
3.315999e+003,1.054786e+002
3.316481e+003,1.054743e+002
3.316963e+003,1.054787e+002
3.317446e+003,1.054901e+002
3.317928e+003,1.055049e+002
3.318410e+003,1.055186e+002
3.318892e+003,1.055265e+002
3.319374e+003,1.055256e+002
3.319856e+003,1.055147e+002
3.320338e+003,1.054949e+002
3.320820e+003,1.054694e+002
3.321302e+003,1.054423e+002
3.321785e+003,1.054183e+002
3.322267e+003,1.054008e+002
3.322749e+003,1.053923e+002
3.323231e+003,1.053935e+002
3.323713e+003,1.054038e+002
3.324195e+003,1.054215e+002
3.324677e+003,1.054440e+002
3.325159e+003,1.054689e+002
3.325642e+003,1.054934e+002
3.326124e+003,1.055152e+002
3.326606e+003,1.055325e+002
3.327088e+003,1.055444e+002
3.327570e+003,1.055509e+002
3.328052e+003,1.055532e+002
3.328534e+003,1.055531e+002
3.329016e+003,1.055529e+002
3.329499e+003,1.055547e+002
3.329981e+003,1.055594e+002
3.330463e+003,1.055669e+002
3.330945e+003,1.055758e+002
3.331427e+003,1.055842e+002
3.331909e+003,1.055900e+002
3.332391e+003,1.055917e+002
3.332873e+003,1.055891e+002
3.333355e+003,1.055825e+002
3.333838e+003,1.055734e+002
3.334320e+003,1.055635e+002
3.334802e+003,1.055551e+002
3.335284e+003,1.055499e+002
3.335766e+003,1.055494e+002
3.336248e+003,1.055550e+002
3.336730e+003,1.055669e+002
3.337212e+003,1.055844e+002
3.337695e+003,1.056055e+002
3.338177e+003,1.056276e+002
3.338659e+003,1.056472e+002
3.339141e+003,1.056611e+002
3.339623e+003,1.056674e+002
3.340105e+003,1.056658e+002
3.340587e+003,1.056581e+002
3.341069e+003,1.056471e+002
3.341552e+003,1.056364e+002
3.342033e+003,1.056289e+002
3.342516e+003,1.056262e+002
3.342998e+003,1.056287e+002
3.343480e+003,1.056353e+002
3.343962e+003,1.056448e+002
3.344444e+003,1.056557e+002
3.344926e+003,1.056672e+002
3.345408e+003,1.056789e+002
3.345890e+003,1.056903e+002
3.346373e+003,1.057008e+002
3.346855e+003,1.057094e+002
3.347337e+003,1.057147e+002
3.347819e+003,1.057155e+002
3.348301e+003,1.057118e+002
3.348783e+003,1.057043e+002
3.349265e+003,1.056952e+002
3.349747e+003,1.056874e+002
3.350229e+003,1.056839e+002
3.350712e+003,1.056870e+002
3.351194e+003,1.056979e+002
3.351676e+003,1.057158e+002
3.352158e+003,1.057388e+002
3.352640e+003,1.057643e+002
3.353122e+003,1.057896e+002
3.353604e+003,1.058125e+002
3.354086e+003,1.058320e+002
3.354569e+003,1.058483e+002
3.355051e+003,1.058622e+002
3.355533e+003,1.058747e+002
3.356015e+003,1.058863e+002
3.356497e+003,1.058964e+002
3.356979e+003,1.059038e+002
3.357461e+003,1.059068e+002
3.357943e+003,1.059040e+002
3.358426e+003,1.058952e+002
3.358908e+003,1.058817e+002
3.359390e+003,1.058663e+002
3.359872e+003,1.058526e+002
3.360354e+003,1.058437e+002
3.360836e+003,1.058416e+002
3.361318e+003,1.058463e+002
3.361800e+003,1.058558e+002
3.362282e+003,1.058671e+002
3.362765e+003,1.058769e+002
3.363247e+003,1.058828e+002
3.363729e+003,1.058838e+002
3.364211e+003,1.058805e+002
3.364693e+003,1.058746e+002
3.365175e+003,1.058678e+002
3.365657e+003,1.058618e+002
3.366139e+003,1.058572e+002
3.366622e+003,1.058540e+002
3.367104e+003,1.058513e+002
3.367586e+003,1.058478e+002
3.368068e+003,1.058424e+002
3.368550e+003,1.058344e+002
3.369032e+003,1.058232e+002
3.369514e+003,1.058094e+002
3.369996e+003,1.057938e+002
3.370479e+003,1.057782e+002
3.370961e+003,1.057647e+002
3.371443e+003,1.057553e+002
3.371925e+003,1.057515e+002
3.372407e+003,1.057536e+002
3.372889e+003,1.057608e+002
3.373371e+003,1.057714e+002
3.373853e+003,1.057829e+002
3.374335e+003,1.057931e+002
3.374818e+003,1.058008e+002
3.375300e+003,1.058058e+002
3.375782e+003,1.058092e+002
3.376264e+003,1.058123e+002
3.376746e+003,1.058165e+002
3.377228e+003,1.058228e+002
3.377710e+003,1.058309e+002
3.378192e+003,1.058402e+002
3.378675e+003,1.058494e+002
3.379156e+003,1.058577e+002
3.379639e+003,1.058642e+002
3.380121e+003,1.058691e+002
3.380603e+003,1.058728e+002
3.381085e+003,1.058765e+002
3.381567e+003,1.058816e+002
3.382049e+003,1.058892e+002
3.382531e+003,1.058999e+002
3.383013e+003,1.059134e+002
3.383496e+003,1.059283e+002
3.383978e+003,1.059421e+002
3.384460e+003,1.059520e+002
3.384942e+003,1.059555e+002
3.385424e+003,1.059510e+002
3.385906e+003,1.059385e+002
3.386388e+003,1.059193e+002
3.386870e+003,1.058952e+002
3.387353e+003,1.058678e+002
3.387835e+003,1.058381e+002
3.388317e+003,1.058060e+002
3.388799e+003,1.057712e+002
3.389281e+003,1.057341e+002
3.389763e+003,1.056968e+002
3.390245e+003,1.056634e+002
3.390727e+003,1.056394e+002
3.391209e+003,1.056301e+002
3.391692e+003,1.056387e+002
3.392174e+003,1.056650e+002
3.392656e+003,1.057050e+002
3.393138e+003,1.057517e+002
3.393620e+003,1.057972e+002
3.394102e+003,1.058350e+002
3.394584e+003,1.058610e+002
3.395066e+003,1.058748e+002
3.395549e+003,1.058778e+002
3.396031e+003,1.058730e+002
3.396513e+003,1.058626e+002
3.396995e+003,1.058480e+002
3.397477e+003,1.058293e+002
3.397959e+003,1.058062e+002
3.398441e+003,1.057787e+002
3.398923e+003,1.057480e+002
3.399406e+003,1.057163e+002
3.399888e+003,1.056869e+002
3.400370e+003,1.056628e+002
3.400852e+003,1.056466e+002
3.401334e+003,1.056401e+002
3.401816e+003,1.056436e+002
3.402298e+003,1.056564e+002
3.402780e+003,1.056762e+002
3.403262e+003,1.056996e+002
3.403745e+003,1.057221e+002
3.404227e+003,1.057390e+002
3.404709e+003,1.057461e+002
3.405191e+003,1.057415e+002
3.405673e+003,1.057261e+002
3.406155e+003,1.057039e+002
3.406637e+003,1.056813e+002
3.407119e+003,1.056650e+002
3.407602e+003,1.056604e+002
3.408083e+003,1.056697e+002
3.408566e+003,1.056910e+002
3.409048e+003,1.057193e+002
3.409530e+003,1.057480e+002
3.410012e+003,1.057710e+002
3.410494e+003,1.057853e+002
3.410976e+003,1.057888e+002
3.411458e+003,1.057841e+002
3.411940e+003,1.057754e+002
3.412423e+003,1.057673e+002
3.412905e+003,1.057624e+002
3.413387e+003,1.057611e+002
3.413869e+003,1.057620e+002
3.414351e+003,1.057625e+002
3.414833e+003,1.057605e+002
3.415315e+003,1.057544e+002
3.415797e+003,1.057438e+002
3.416280e+003,1.057285e+002
3.416762e+003,1.057085e+002
3.417244e+003,1.056838e+002
3.417726e+003,1.056551e+002
3.418208e+003,1.056241e+002
3.418690e+003,1.055942e+002
3.419172e+003,1.055691e+002
3.419654e+003,1.055525e+002
3.420136e+003,1.055459e+002
3.420619e+003,1.055481e+002
3.421101e+003,1.055551e+002
3.421583e+003,1.055613e+002
3.422065e+003,1.055617e+002
3.422547e+003,1.055531e+002
3.423029e+003,1.055353e+002
3.423511e+003,1.055102e+002
3.423993e+003,1.054812e+002
3.424476e+003,1.054511e+002
3.424958e+003,1.054216e+002
3.425440e+003,1.053931e+002
3.425922e+003,1.053657e+002
3.426404e+003,1.053399e+002
3.426886e+003,1.053173e+002
3.427368e+003,1.053008e+002
3.427850e+003,1.052929e+002
3.428333e+003,1.052949e+002
3.428815e+003,1.053058e+002
3.429297e+003,1.053221e+002
3.429779e+003,1.053394e+002
3.430261e+003,1.053530e+002
3.430743e+003,1.053600e+002
3.431225e+003,1.053598e+002
3.431707e+003,1.053540e+002
3.432189e+003,1.053454e+002
3.432672e+003,1.053372e+002
3.433154e+003,1.053317e+002
3.433636e+003,1.053303e+002
3.434118e+003,1.053335e+002
3.434600e+003,1.053411e+002
3.435082e+003,1.053531e+002
3.435564e+003,1.053686e+002
3.436046e+003,1.053866e+002
3.436529e+003,1.054048e+002
3.437010e+003,1.054205e+002
3.437493e+003,1.054303e+002
3.437975e+003,1.054312e+002
3.438457e+003,1.054214e+002
3.438939e+003,1.054005e+002
3.439421e+003,1.053700e+002
3.439903e+003,1.053324e+002
3.440385e+003,1.052912e+002
3.440867e+003,1.052498e+002
3.441350e+003,1.052113e+002
3.441832e+003,1.051776e+002
3.442314e+003,1.051495e+002
3.442796e+003,1.051263e+002
3.443278e+003,1.051059e+002
3.443760e+003,1.050852e+002
3.444242e+003,1.050610e+002
3.444724e+003,1.050313e+002
3.445207e+003,1.049961e+002
3.445689e+003,1.049575e+002
3.446171e+003,1.049199e+002
3.446653e+003,1.048884e+002
3.447135e+003,1.048669e+002
3.447617e+003,1.048570e+002
3.448099e+003,1.048570e+002
3.448581e+003,1.048630e+002
3.449063e+003,1.048704e+002
3.449546e+003,1.048761e+002
3.450028e+003,1.048792e+002
3.450510e+003,1.048814e+002
3.450992e+003,1.048861e+002
3.451474e+003,1.048962e+002
3.451956e+003,1.049130e+002
3.452438e+003,1.049349e+002
3.452920e+003,1.049575e+002
3.453403e+003,1.049752e+002
3.453885e+003,1.049829e+002
3.454367e+003,1.049780e+002
3.454849e+003,1.049608e+002
3.455331e+003,1.049348e+002
3.455813e+003,1.049053e+002
3.456295e+003,1.048778e+002
3.456777e+003,1.048561e+002
3.457260e+003,1.048412e+002
3.457742e+003,1.048313e+002
3.458224e+003,1.048225e+002
3.458706e+003,1.048101e+002
3.459188e+003,1.047903e+002
3.459670e+003,1.047619e+002
3.460152e+003,1.047271e+002
3.460634e+003,1.046911e+002
3.461116e+003,1.046605e+002
3.461599e+003,1.046421e+002
3.462081e+003,1.046397e+002
3.462563e+003,1.046528e+002
3.463045e+003,1.046763e+002
3.463527e+003,1.047014e+002
3.464009e+003,1.047174e+002
3.464491e+003,1.047156e+002
3.464973e+003,1.046910e+002
3.465456e+003,1.046445e+002
3.465938e+003,1.045826e+002
3.466420e+003,1.045155e+002
3.466902e+003,1.044551e+002
3.467384e+003,1.044114e+002
3.467866e+003,1.043900e+002
3.468348e+003,1.043915e+002
3.468830e+003,1.044112e+002
3.469313e+003,1.044411e+002
3.469794e+003,1.044715e+002
3.470277e+003,1.044940e+002
3.470759e+003,1.045027e+002
3.471241e+003,1.044959e+002
3.471723e+003,1.044762e+002
3.472205e+003,1.044498e+002
3.472687e+003,1.044247e+002
3.473169e+003,1.044085e+002
3.473651e+003,1.044067e+002
3.474134e+003,1.044210e+002
3.474616e+003,1.044489e+002
3.475098e+003,1.044848e+002
3.475580e+003,1.045212e+002
3.476062e+003,1.045509e+002
3.476544e+003,1.045683e+002
3.477026e+003,1.045700e+002
3.477508e+003,1.045550e+002
3.477990e+003,1.045237e+002
3.478473e+003,1.044773e+002
3.478955e+003,1.044179e+002
3.479437e+003,1.043486e+002
3.479919e+003,1.042742e+002
3.480401e+003,1.042008e+002
3.480883e+003,1.041362e+002
3.481365e+003,1.040881e+002
3.481847e+003,1.040620e+002
3.482330e+003,1.040601e+002
3.482812e+003,1.040798e+002
3.483294e+003,1.041150e+002
3.483776e+003,1.041565e+002
3.484258e+003,1.041947e+002
3.484740e+003,1.042212e+002
3.485222e+003,1.042293e+002
3.485704e+003,1.042153e+002
3.486187e+003,1.041783e+002
3.486669e+003,1.041204e+002
3.487151e+003,1.040470e+002
3.487633e+003,1.039665e+002
3.488115e+003,1.038899e+002
3.488597e+003,1.038290e+002
3.489079e+003,1.037945e+002
3.489561e+003,1.037936e+002
3.490043e+003,1.038280e+002
3.490526e+003,1.038931e+002
3.491008e+003,1.039776e+002
3.491490e+003,1.040665e+002
3.491972e+003,1.041434e+002
3.492454e+003,1.041940e+002
3.492936e+003,1.042093e+002
3.493418e+003,1.041871e+002
3.493900e+003,1.041325e+002
3.494383e+003,1.040565e+002
3.494865e+003,1.039732e+002
3.495347e+003,1.038974e+002
3.495829e+003,1.038411e+002
3.496311e+003,1.038118e+002
3.496793e+003,1.038107e+002
3.497275e+003,1.038330e+002
3.497757e+003,1.038689e+002
3.498240e+003,1.039054e+002
3.498721e+003,1.039298e+002
3.499204e+003,1.039318e+002
3.499686e+003,1.039059e+002
3.500168e+003,1.038524e+002
3.500650e+003,1.037775e+002
3.501132e+003,1.036915e+002
3.501614e+003,1.036067e+002
3.502096e+003,1.035345e+002
3.502578e+003,1.034835e+002
3.503061e+003,1.034573e+002
3.503543e+003,1.034546e+002
3.504025e+003,1.034694e+002
3.504507e+003,1.034929e+002
3.504989e+003,1.035141e+002
3.505471e+003,1.035230e+002
3.505953e+003,1.035115e+002
3.506435e+003,1.034758e+002
3.506917e+003,1.034173e+002
3.507400e+003,1.033426e+002
3.507882e+003,1.032626e+002
3.508364e+003,1.031898e+002
3.508846e+003,1.031348e+002
3.509328e+003,1.031036e+002
3.509810e+003,1.030956e+002
3.510292e+003,1.031052e+002
3.510774e+003,1.031239e+002
3.511257e+003,1.031445e+002
3.511739e+003,1.031627e+002
3.512221e+003,1.031789e+002
3.512703e+003,1.031964e+002
3.513185e+003,1.032190e+002
3.513667e+003,1.032489e+002
3.514149e+003,1.032847e+002
3.514631e+003,1.033221e+002
3.515114e+003,1.033555e+002
3.515596e+003,1.033807e+002
3.516078e+003,1.033968e+002
3.516560e+003,1.034065e+002
3.517042e+003,1.034151e+002
3.517524e+003,1.034278e+002
3.518006e+003,1.034472e+002
3.518488e+003,1.034716e+002
3.518970e+003,1.034948e+002
3.519453e+003,1.035077e+002
3.519935e+003,1.035009e+002
3.520417e+003,1.034678e+002
3.520899e+003,1.034063e+002
3.521381e+003,1.033200e+002
3.521863e+003,1.032174e+002
3.522345e+003,1.031102e+002
3.522827e+003,1.030101e+002
3.523310e+003,1.029266e+002
3.523792e+003,1.028650e+002
3.524274e+003,1.028256e+002
3.524756e+003,1.028046e+002
3.525238e+003,1.027959e+002
3.525720e+003,1.027929e+002
3.526202e+003,1.027901e+002
3.526684e+003,1.027840e+002
3.527167e+003,1.027725e+002
3.527648e+003,1.027541e+002
3.528131e+003,1.027279e+002
3.528613e+003,1.026927e+002
3.529095e+003,1.026479e+002
3.529577e+003,1.025947e+002
3.530059e+003,1.025370e+002
3.530541e+003,1.024816e+002
3.531023e+003,1.024374e+002
3.531505e+003,1.024138e+002
3.531988e+003,1.024175e+002
3.532470e+003,1.024508e+002
3.532952e+003,1.025101e+002
3.533434e+003,1.025867e+002
3.533916e+003,1.026682e+002
3.534398e+003,1.027417e+002
3.534880e+003,1.027970e+002
3.535362e+003,1.028287e+002
3.535844e+003,1.028382e+002
3.536327e+003,1.028328e+002
3.536809e+003,1.028242e+002
3.537291e+003,1.028256e+002
3.537773e+003,1.028484e+002
3.538255e+003,1.028998e+002
3.538737e+003,1.029815e+002
3.539219e+003,1.030889e+002
3.539701e+003,1.032106e+002
3.540184e+003,1.033300e+002
3.540666e+003,1.034276e+002
3.541148e+003,1.034841e+002
3.541630e+003,1.034844e+002
3.542112e+003,1.034203e+002
3.542594e+003,1.032928e+002
3.543076e+003,1.031124e+002
3.543558e+003,1.028966e+002
3.544041e+003,1.026681e+002
3.544523e+003,1.024500e+002
3.545005e+003,1.022632e+002
3.545487e+003,1.021235e+002
3.545969e+003,1.020403e+002
3.546451e+003,1.020155e+002
3.546933e+003,1.020429e+002
3.547415e+003,1.021091e+002
3.547897e+003,1.021940e+002
3.548380e+003,1.022740e+002
3.548862e+003,1.023252e+002
3.549344e+003,1.023282e+002
3.549826e+003,1.022720e+002
3.550308e+003,1.021578e+002
3.550790e+003,1.020004e+002
3.551272e+003,1.018261e+002
3.551754e+003,1.016674e+002
3.552237e+003,1.015556e+002
3.552719e+003,1.015129e+002
3.553201e+003,1.015485e+002
3.553683e+003,1.016582e+002
3.554165e+003,1.018283e+002
3.554647e+003,1.020388e+002
3.555129e+003,1.022679e+002
3.555611e+003,1.024938e+002
3.556094e+003,1.026964e+002
3.556575e+003,1.028586e+002
3.557058e+003,1.029677e+002
3.557540e+003,1.030169e+002
3.558022e+003,1.030066e+002
3.558504e+003,1.029439e+002
3.558986e+003,1.028419e+002
3.559468e+003,1.027169e+002
3.559950e+003,1.025851e+002
3.560432e+003,1.024599e+002
3.560915e+003,1.023498e+002
3.561397e+003,1.022577e+002
3.561879e+003,1.021811e+002
3.562361e+003,1.021134e+002
3.562843e+003,1.020448e+002
3.563325e+003,1.019646e+002
3.563807e+003,1.018628e+002
3.564289e+003,1.017327e+002
3.564771e+003,1.015748e+002
3.565254e+003,1.013991e+002
3.565736e+003,1.012264e+002
3.566218e+003,1.010856e+002
3.566700e+003,1.010054e+002
3.567182e+003,1.010038e+002
3.567664e+003,1.010800e+002
3.568146e+003,1.012130e+002
3.568628e+003,1.013683e+002
3.569111e+003,1.015077e+002
3.569593e+003,1.015982e+002
3.570075e+003,1.016173e+002
3.570557e+003,1.015556e+002
3.571039e+003,1.014174e+002
3.571521e+003,1.012206e+002
3.572003e+003,1.009944e+002
3.572485e+003,1.007746e+002
3.572968e+003,1.005974e+002
3.573450e+003,1.004929e+002
3.573932e+003,1.004799e+002
3.574414e+003,1.005632e+002
3.574896e+003,1.007337e+002
3.575378e+003,1.009711e+002
3.575860e+003,1.012483e+002
3.576342e+003,1.015356e+002
3.576824e+003,1.018059e+002
3.577307e+003,1.020373e+002
3.577789e+003,1.022142e+002
3.578271e+003,1.023274e+002
3.578753e+003,1.023732e+002
3.579235e+003,1.023536e+002
3.579717e+003,1.022764e+002
3.580199e+003,1.021558e+002
3.580681e+003,1.020122e+002
3.581164e+003,1.018701e+002
3.581646e+003,1.017541e+002
3.582128e+003,1.016838e+002
3.582610e+003,1.016692e+002
3.583092e+003,1.017079e+002
3.583574e+003,1.017846e+002
3.584056e+003,1.018745e+002
3.584538e+003,1.019485e+002
3.585021e+003,1.019806e+002
3.585502e+003,1.019546e+002
3.585985e+003,1.018700e+002
3.586467e+003,1.017429e+002
3.586949e+003,1.016018e+002
3.587431e+003,1.014781e+002
3.587913e+003,1.013949e+002
3.588395e+003,1.013597e+002
3.588877e+003,1.013645e+002
3.589359e+003,1.013904e+002
3.589842e+003,1.014146e+002
3.590324e+003,1.014148e+002
3.590806e+003,1.013721e+002
3.591288e+003,1.012730e+002
3.591770e+003,1.011132e+002
3.592252e+003,1.008998e+002
3.592734e+003,1.006538e+002
3.593216e+003,1.004064e+002
3.593698e+003,1.001924e+002
3.594181e+003,1.000399e+002
3.594663e+003,9.996208e+001
3.595145e+003,9.995436e+001
3.595627e+003,9.999812e+001
3.596109e+003,1.000690e+002
3.596591e+003,1.001463e+002
3.597073e+003,1.002205e+002
3.597555e+003,1.002949e+002
3.598038e+003,1.003830e+002
3.598520e+003,1.005015e+002
3.599002e+003,1.006611e+002
3.599484e+003,1.008601e+002
3.599966e+003,1.010821e+002
3.600448e+003,1.013005e+002
3.600930e+003,1.014866e+002
3.601412e+003,1.016190e+002
3.601895e+003,1.016883e+002
3.602377e+003,1.016973e+002
3.602859e+003,1.016574e+002
3.603341e+003,1.015841e+002
3.603823e+003,1.014937e+002
3.604305e+003,1.014009e+002
3.604787e+003,1.013184e+002
3.605269e+003,1.012556e+002
3.605751e+003,1.012178e+002
3.606234e+003,1.012048e+002
3.606716e+003,1.012097e+002
3.607198e+003,1.012206e+002
3.607680e+003,1.012238e+002
3.608162e+003,1.012092e+002
3.608644e+003,1.011731e+002
3.609126e+003,1.011184e+002
3.609608e+003,1.010496e+002
3.610091e+003,1.009665e+002
3.610573e+003,1.008601e+002
3.611055e+003,1.007115e+002
3.611537e+003,1.004964e+002
3.612019e+003,1.001956e+002
3.612501e+003,9.980772e+001
3.612983e+003,9.935837e+001
3.613465e+003,9.889830e+001
3.613948e+003,9.848893e+001
3.614429e+003,9.818388e+001
3.614912e+003,9.801672e+001
3.615394e+003,9.799844e+001
3.615876e+003,9.812160e+001
3.616358e+003,9.836631e+001
3.616840e+003,9.870451e+001
3.617322e+003,9.910268e+001
3.617804e+003,9.952310e+001
3.618286e+003,9.992653e+001
3.618769e+003,1.002769e+002
3.619251e+003,1.005482e+002
3.619733e+003,1.007297e+002
3.620215e+003,1.008251e+002
3.620697e+003,1.008479e+002
3.621179e+003,1.008156e+002
3.621661e+003,1.007447e+002
3.622143e+003,1.006491e+002
3.622625e+003,1.005391e+002
3.623108e+003,1.004211e+002
3.623590e+003,1.002969e+002
3.624072e+003,1.001645e+002
3.624554e+003,1.000178e+002
3.625036e+003,9.984846e+001
3.625518e+003,9.964824e+001
3.626000e+003,9.941394e+001
3.626482e+003,9.915340e+001
3.626965e+003,9.889144e+001
3.627447e+003,9.867105e+001
3.627929e+003,9.854414e+001
3.628411e+003,9.855050e+001
3.628893e+003,9.869430e+001
3.629375e+003,9.893367e+001
3.629857e+003,9.919280e+001
3.630339e+003,9.939149e+001
3.630822e+003,9.947198e+001
3.631304e+003,9.940876e+001
3.631786e+003,9.920420e+001
3.632268e+003,9.888095e+001
3.632750e+003,9.847627e+001
3.633232e+003,9.803673e+001
3.633714e+003,9.761191e+001
3.634196e+003,9.724718e+001
3.634678e+003,9.697812e+001
3.635161e+003,9.682883e+001
3.635643e+003,9.681384e+001
3.636125e+003,9.694000e+001
3.636607e+003,9.720596e+001
3.637089e+003,9.759856e+001
3.637571e+003,9.808825e+001
3.638053e+003,9.862730e+001
3.638535e+003,9.915427e+001
3.639018e+003,9.960458e+001
3.639500e+003,9.992442e+001
3.639982e+003,1.000830e+002
3.640464e+003,1.000782e+002
3.640946e+003,9.993535e+001
3.641428e+003,9.969839e+001
3.641910e+003,9.941920e+001
3.642392e+003,9.914671e+001
3.642875e+003,9.892005e+001
3.643356e+003,9.876637e+001
3.643839e+003,9.870229e+001
3.644321e+003,9.873635e+001
3.644803e+003,9.886987e+001
3.645285e+003,9.909523e+001
3.645767e+003,9.939128e+001
3.646249e+003,9.971882e+001
3.646731e+003,1.000210e+002
3.647213e+003,1.002333e+002
3.647696e+003,1.003045e+002
3.648178e+003,1.002185e+002
3.648660e+003,1.000051e+002
3.649142e+003,9.972846e+001
3.649624e+003,9.945860e+001
3.650106e+003,9.924157e+001
3.650588e+003,9.908277e+001
3.651070e+003,9.895033e+001
3.651552e+003,9.879256e+001
3.652035e+003,9.855862e+001
3.652517e+003,9.821280e+001
3.652999e+003,9.774110e+001
3.653481e+003,9.715464e+001
3.653963e+003,9.649313e+001
3.654445e+003,9.582642e+001
3.654927e+003,9.524825e+001
3.655409e+003,9.485619e+001
3.655892e+003,9.472148e+001
3.656374e+003,9.486371e+001
3.656856e+003,9.524499e+001
3.657338e+003,9.578600e+001
3.657820e+003,9.639270e+001
3.658302e+003,9.698002e+001
3.658784e+003,9.748648e+001
3.659266e+003,9.788061e+001
3.659749e+003,9.816149e+001
3.660231e+003,9.835404e+001
3.660713e+003,9.849847e+001
3.661195e+003,9.863577e+001
3.661677e+003,9.879388e+001
3.662159e+003,9.898064e+001
3.662641e+003,9.918486e+001
3.663123e+003,9.938463e+001
3.663605e+003,9.955790e+001
3.664088e+003,9.969137e+001
3.664570e+003,9.978442e+001
3.665052e+003,9.984743e+001
3.665534e+003,9.989587e+001
3.666016e+003,9.994284e+001
3.666498e+003,9.999279e+001
3.666980e+003,1.000379e+002
3.667462e+003,1.000579e+002
3.667945e+003,1.000233e+002
3.668427e+003,9.990268e+001
3.668909e+003,9.967368e+001
3.669391e+003,9.933543e+001
3.669873e+003,9.891454e+001
3.670355e+003,9.845588e+001
3.670837e+003,9.800155e+001
3.671319e+003,9.757404e+001
3.671802e+003,9.717569e+001
3.672283e+003,9.679919e+001
3.672766e+003,9.643994e+001
3.673248e+003,9.610538e+001
3.673730e+003,9.581914e+001
3.674212e+003,9.561462e+001
3.674694e+003,9.551608e+001
3.675176e+003,9.552013e+001
3.675658e+003,9.559831e+001
3.676140e+003,9.571609e+001
3.676623e+003,9.584745e+001
3.677105e+003,9.598106e+001
3.677587e+003,9.612049e+001
3.678069e+003,9.627751e+001
3.678551e+003,9.646163e+001
3.679033e+003,9.667127e+001
3.679515e+003,9.689002e+001
3.679997e+003,9.709006e+001
3.680479e+003,9.724207e+001
3.680962e+003,9.732560e+001
3.681444e+003,9.733464e+001
3.681926e+003,9.727701e+001
3.682408e+003,9.716991e+001
3.682890e+003,9.703614e+001
3.683372e+003,9.690114e+001
3.683854e+003,9.679089e+001
3.684336e+003,9.672953e+001
3.684819e+003,9.673676e+001
3.685301e+003,9.682575e+001
3.685783e+003,9.700073e+001
3.686265e+003,9.725351e+001
3.686747e+003,9.755802e+001
3.687229e+003,9.786581e+001
3.687711e+003,9.811054e+001
3.688193e+003,9.822830e+001
3.688676e+003,9.818828e+001
3.689158e+003,9.801250e+001
3.689640e+003,9.776764e+001
3.690122e+003,9.753510e+001
3.690604e+003,9.737984e+001
3.691086e+003,9.733109e+001
3.691568e+003,9.737763e+001
3.692050e+003,9.747551e+001
3.692532e+003,9.756487e+001
3.693015e+003,9.758976e+001
3.693497e+003,9.751396e+001
3.693979e+003,9.732825e+001
3.694461e+003,9.704932e+001
3.694943e+003,9.671278e+001
3.695425e+003,9.636390e+001
3.695907e+003,9.604821e+001
3.696389e+003,9.580405e+001
3.696872e+003,9.565832e+001
3.697354e+003,9.562598e+001
3.697836e+003,9.571212e+001
3.698318e+003,9.591455e+001
3.698800e+003,9.622465e+001
3.699282e+003,9.662512e+001
3.699764e+003,9.708569e+001
3.700246e+003,9.755965e+001
3.700729e+003,9.798755e+001
3.701211e+003,9.831059e+001
3.701693e+003,9.849081e+001
3.702175e+003,9.852560e+001
3.702657e+003,9.844680e+001
3.703139e+003,9.830550e+001
3.703621e+003,9.815377e+001
3.704103e+003,9.803204e+001
3.704585e+003,9.796441e+001
3.705068e+003,9.795986e+001
3.705550e+003,9.801566e+001
3.706032e+003,9.812119e+001
3.706514e+003,9.826117e+001
3.706996e+003,9.841763e+001
3.707478e+003,9.857091e+001
3.707960e+003,9.870026e+001
3.708442e+003,9.878473e+001
3.708925e+003,9.880555e+001
3.709406e+003,9.875011e+001
3.709889e+003,9.861763e+001
3.710371e+003,9.842383e+001
3.710853e+003,9.820107e+001
3.711335e+003,9.799151e+001
3.711817e+003,9.783370e+001
3.712299e+003,9.774930e+001
3.712781e+003,9.773649e+001
3.713263e+003,9.777281e+001
3.713746e+003,9.782490e+001
3.714228e+003,9.785946e+001
3.714710e+003,9.785188e+001
3.715192e+003,9.779131e+001
3.715674e+003,9.768230e+001
3.716156e+003,9.754298e+001
3.716638e+003,9.740003e+001
3.717120e+003,9.728101e+001
3.717603e+003,9.720655e+001
3.718085e+003,9.718466e+001
3.718567e+003,9.721054e+001
3.719049e+003,9.727143e+001
3.719531e+003,9.735458e+001
3.720013e+003,9.745472e+001
3.720495e+003,9.757770e+001
3.720977e+003,9.773809e+001
3.721459e+003,9.795174e+001
3.721942e+003,9.822626e+001
3.722424e+003,9.855430e+001
3.722906e+003,9.891369e+001
3.723388e+003,9.927388e+001
3.723870e+003,9.960560e+001
3.724352e+003,9.988762e+001
3.724834e+003,1.001071e+002
3.725316e+003,1.002542e+002
3.725799e+003,1.003149e+002
3.726281e+003,1.002696e+002
3.726763e+003,1.000982e+002
3.727245e+003,9.979157e+001
3.727727e+003,9.936122e+001
3.728209e+003,9.884198e+001
3.728691e+003,9.828880e+001
3.729173e+003,9.776868e+001
3.729656e+003,9.734995e+001
3.730138e+003,9.708920e+001
3.730620e+003,9.701724e+001
3.731102e+003,9.712755e+001
3.731584e+003,9.737253e+001
3.732066e+003,9.767295e+001
3.732548e+003,9.793948e+001
3.733030e+003,9.809798e+001
3.733512e+003,9.810882e+001
3.733995e+003,9.797277e+001
3.734477e+003,9.772358e+001
3.734959e+003,9.741169e+001
3.735441e+003,9.708710e+001
3.735923e+003,9.678843e+001
3.736405e+003,9.654117e+001
3.736887e+003,9.636120e+001
3.737369e+003,9.625804e+001
3.737852e+003,9.623553e+001
3.738333e+003,9.629008e+001
3.738816e+003,9.640847e+001
3.739298e+003,9.656813e+001
3.739780e+003,9.674081e+001
3.740262e+003,9.689867e+001
3.740744e+003,9.702039e+001
3.741226e+003,9.709445e+001
3.741708e+003,9.711848e+001
3.742190e+003,9.709424e+001
3.742673e+003,9.701970e+001
3.743155e+003,9.688130e+001
3.743637e+003,9.665797e+001
3.744119e+003,9.634690e+001
3.744601e+003,9.599040e+001
3.745083e+003,9.565986e+001
3.745565e+003,9.540894e+001
3.746047e+003,9.525169e+001
3.746530e+003,9.517337e+001
3.747012e+003,9.514469e+001
3.747494e+003,9.512708e+001
3.747976e+003,9.507486e+001
3.748458e+003,9.494297e+001
3.748940e+003,9.470390e+001
3.749422e+003,9.436913e+001
3.749904e+003,9.399745e+001
3.750386e+003,9.367600e+001
3.750869e+003,9.348083e+001
3.751351e+003,9.344457e+001
3.751833e+003,9.354938e+001
3.752315e+003,9.374237e+001
3.752797e+003,9.396024e+001
3.753279e+003,9.415031e+001
3.753761e+003,9.428223e+001
3.754243e+003,9.434834e+001
3.754726e+003,9.435688e+001
3.755208e+003,9.432186e+001
3.755690e+003,9.425428e+001
3.756172e+003,9.415756e+001
3.756654e+003,9.402950e+001
3.757136e+003,9.387041e+001
3.757618e+003,9.369334e+001
3.758100e+003,9.353055e+001
3.758583e+003,9.343066e+001
3.759065e+003,9.344664e+001
3.759547e+003,9.361792e+001
3.760029e+003,9.395336e+001
3.760511e+003,9.442197e+001
3.760993e+003,9.495684e+001
3.761475e+003,9.547159e+001
3.761957e+003,9.588264e+001
3.762439e+003,9.612854e+001
3.762922e+003,9.618191e+001
3.763404e+003,9.605420e+001
3.763886e+003,9.579402e+001
3.764368e+003,9.547722e+001
3.764850e+003,9.518785e+001
3.765332e+003,9.499447e+001
3.765814e+003,9.493207e+001
3.766296e+003,9.499874e+001
3.766779e+003,9.516679e+001
3.767260e+003,9.539951e+001
3.767743e+003,9.566426e+001
3.768225e+003,9.593778e+001
3.768707e+003,9.620474e+001
3.769189e+003,9.645298e+001
3.769671e+003,9.667036e+001
3.770153e+003,9.684545e+001
3.770635e+003,9.697126e+001
3.771117e+003,9.704770e+001
3.771600e+003,9.708145e+001
3.772082e+003,9.708370e+001
3.772564e+003,9.706719e+001
3.773046e+003,9.704338e+001
3.773528e+003,9.702065e+001
3.774010e+003,9.700349e+001
3.774492e+003,9.699359e+001
3.774974e+003,9.699144e+001
3.775457e+003,9.699812e+001
3.775939e+003,9.701607e+001
3.776421e+003,9.704796e+001
3.776903e+003,9.709441e+001
3.777385e+003,9.715163e+001
3.777867e+003,9.721005e+001
3.778349e+003,9.725674e+001
3.778831e+003,9.728085e+001
3.779313e+003,9.728065e+001
3.779796e+003,9.726646e+001
3.780278e+003,9.725710e+001
3.780760e+003,9.727190e+001
3.781242e+003,9.732293e+001
3.781724e+003,9.741050e+001
3.782206e+003,9.752160e+001
3.782688e+003,9.763108e+001
3.783170e+003,9.770629e+001
3.783653e+003,9.771606e+001
3.784135e+003,9.764259e+001
3.784617e+003,9.749129e+001
3.785099e+003,9.729273e+001
3.785581e+003,9.709492e+001
3.786063e+003,9.695065e+001
3.786545e+003,9.690487e+001
3.787027e+003,9.698631e+001
3.787510e+003,9.720252e+001
3.787992e+003,9.753835e+001
3.788474e+003,9.795781e+001
3.788956e+003,9.840906e+001
3.789438e+003,9.883285e+001
3.789920e+003,9.917342e+001
3.790402e+003,9.938977e+001
3.790884e+003,9.946468e+001
3.791366e+003,9.940862e+001
3.791849e+003,9.925628e+001
3.792331e+003,9.905666e+001
3.792813e+003,9.886041e+001
3.793295e+003,9.870961e+001
3.793777e+003,9.863264e+001
3.794259e+003,9.864340e+001
3.794741e+003,9.874251e+001
3.795223e+003,9.891758e+001
3.795706e+003,9.914400e+001
3.796188e+003,9.938622e+001
3.796670e+003,9.960125e+001
3.797152e+003,9.974374e+001
3.797634e+003,9.977097e+001
3.798116e+003,9.964773e+001
3.798598e+003,9.935179e+001
3.799080e+003,9.888184e+001
3.799563e+003,9.826836e+001
3.800044e+003,9.758294e+001
3.800527e+003,9.693343e+001
3.801009e+003,9.643662e+001
3.801491e+003,9.617564e+001
3.801973e+003,9.616672e+001
3.802455e+003,9.635711e+001
3.802937e+003,9.665253e+001
3.803419e+003,9.695354e+001
3.803901e+003,9.718028e+001
3.804384e+003,9.728274e+001
3.804866e+003,9.724474e+001
3.805348e+003,9.708731e+001
3.805830e+003,9.686746e+001
3.806312e+003,9.666508e+001
3.806794e+003,9.655542e+001
3.807276e+003,9.658048e+001
3.807758e+003,9.673627e+001
3.808240e+003,9.698199e+001
3.808723e+003,9.726169e+001
3.809205e+003,9.752493e+001
3.809687e+003,9.773861e+001
3.810169e+003,9.789160e+001
3.810651e+003,9.799324e+001
3.811133e+003,9.806763e+001
3.811615e+003,9.814314e+001
3.812097e+003,9.824017e+001
3.812580e+003,9.836146e+001
3.813062e+003,9.848824e+001
3.813544e+003,9.858308e+001
3.814026e+003,9.859935e+001
3.814508e+003,9.849725e+001
3.814990e+003,9.826498e+001
3.815472e+003,9.793546e+001
3.815954e+003,9.758219e+001
3.816437e+003,9.728854e+001
3.816919e+003,9.711043e+001
3.817401e+003,9.706020e+001
3.817883e+003,9.711488e+001
3.818365e+003,9.723119e+001
3.818847e+003,9.735540e+001
3.819329e+003,9.742751e+001
3.819811e+003,9.738650e+001
3.820293e+003,9.718620e+001
3.820776e+003,9.682229e+001
3.821258e+003,9.634864e+001
3.821740e+003,9.585763e+001
3.822222e+003,9.543611e+001
3.822704e+003,9.513821e+001
3.823186e+003,9.498859e+001
3.823668e+003,9.499737e+001
3.824150e+003,9.516964e+001
3.824633e+003,9.550439e+001
3.825115e+003,9.598579e+001
3.825597e+003,9.657259e+001
3.826079e+003,9.719431e+001
3.826561e+003,9.776176e+001
3.827043e+003,9.819005e+001
3.827525e+003,9.842222e+001
3.828007e+003,9.844178e+001
3.828490e+003,9.827194e+001
3.828971e+003,9.796700e+001
3.829454e+003,9.760106e+001
3.829936e+003,9.725578e+001
3.830418e+003,9.700573e+001
3.830900e+003,9.690193e+001
3.831382e+003,9.695799e+001
3.831864e+003,9.714564e+001
3.832346e+003,9.740345e+001
3.832828e+003,9.765664e+001
3.833311e+003,9.783958e+001
3.833793e+003,9.791206e+001
3.834275e+003,9.786478e+001
3.834757e+003,9.771392e+001
3.835239e+003,9.748936e+001
3.835721e+003,9.722150e+001
3.836203e+003,9.693226e+001
3.836685e+003,9.663329e+001
3.837167e+003,9.633182e+001
3.837650e+003,9.604037e+001
3.838132e+003,9.578325e+001
3.838614e+003,9.559428e+001
3.839096e+003,9.550671e+001
3.839578e+003,9.554211e+001
3.840060e+003,9.570463e+001
3.840542e+003,9.598146e+001
3.841024e+003,9.634689e+001
3.841507e+003,9.676646e+001
3.841989e+003,9.719981e+001
3.842471e+003,9.760325e+001
3.842953e+003,9.793351e+001
3.843435e+003,9.815414e+001
3.843917e+003,9.824291e+001
3.844399e+003,9.819708e+001
3.844881e+003,9.803337e+001
3.845364e+003,9.778267e+001
3.845846e+003,9.748163e+001
3.846328e+003,9.716457e+001
3.846810e+003,9.685761e+001
3.847292e+003,9.657680e+001
3.847774e+003,9.632941e+001
3.848256e+003,9.611867e+001
3.848738e+003,9.594968e+001
3.849220e+003,9.583477e+001
3.849703e+003,9.579646e+001
3.850185e+003,9.586737e+001
3.850667e+003,9.608560e+001
3.851149e+003,9.648380e+001
3.851631e+003,9.706762e+001
3.852113e+003,9.778349e+001
3.852595e+003,9.849574e+001
3.853077e+003,9.901734e+001
3.853560e+003,9.921011e+001
3.854042e+003,9.907207e+001
3.854524e+003,9.872057e+001
3.855006e+003,9.830503e+001
3.855488e+003,9.793746e+001
3.855970e+003,9.766941e+001
3.856452e+003,9.749834e+001
3.856934e+003,9.738539e+001
3.857417e+003,9.727564e+001
3.857898e+003,9.711855e+001
3.858381e+003,9.688393e+001
3.858863e+003,9.657001e+001
3.859345e+003,9.620224e+001
3.859827e+003,9.582452e+001
3.860309e+003,9.548704e+001
3.860791e+003,9.523464e+001
3.861273e+003,9.509790e+001
3.861755e+003,9.508855e+001
3.862238e+003,9.519881e+001
3.862720e+003,9.540452e+001
3.863202e+003,9.566981e+001
3.863684e+003,9.595240e+001
3.864166e+003,9.621023e+001
3.864648e+003,9.640919e+001
3.865130e+003,9.653023e+001
3.865612e+003,9.657180e+001
3.866094e+003,9.654711e+001
3.866577e+003,9.647839e+001
3.867059e+003,9.639167e+001
3.867541e+003,9.631297e+001
3.868023e+003,9.626406e+001
3.868505e+003,9.625719e+001
3.868987e+003,9.628989e+001
3.869469e+003,9.634630e+001
3.869951e+003,9.640758e+001
3.870434e+003,9.646349e+001
3.870916e+003,9.651678e+001
3.871398e+003,9.658068e+001
3.871880e+003,9.667387e+001
3.872362e+003,9.681239e+001
3.872844e+003,9.699954e+001
3.873326e+003,9.721669e+001
3.873808e+003,9.742188e+001
3.874291e+003,9.756111e+001
3.874773e+003,9.758891e+001
3.875255e+003,9.748515e+001
3.875737e+003,9.725864e+001
3.876219e+003,9.693929e+001
3.876701e+003,9.656824e+001
3.877183e+003,9.619121e+001
3.877665e+003,9.585593e+001
3.878147e+003,9.561036e+001
3.878630e+003,9.549812e+001
3.879112e+003,9.554942e+001
3.879594e+003,9.576954e+001
3.880076e+003,9.613048e+001
3.880558e+003,9.657140e+001
3.881040e+003,9.701011e+001
3.881522e+003,9.736209e+001
3.882004e+003,9.756075e+001
3.882487e+003,9.757211e+001
3.882969e+003,9.740154e+001
3.883451e+003,9.709361e+001
3.883933e+003,9.672549e+001
3.884415e+003,9.639074e+001
3.884897e+003,9.617260e+001
3.885379e+003,9.611401e+001
3.885861e+003,9.620144e+001
3.886344e+003,9.637448e+001
3.886825e+003,9.655512e+001
3.887308e+003,9.667966e+001
3.887790e+003,9.671811e+001
3.888272e+003,9.667853e+001
3.888754e+003,9.660124e+001
3.889236e+003,9.654683e+001
3.889718e+003,9.657770e+001
3.890200e+003,9.673439e+001
3.890682e+003,9.701381e+001
3.891165e+003,9.736419e+001
3.891647e+003,9.770458e+001
3.892129e+003,9.795833e+001
3.892611e+003,9.808026e+001
3.893093e+003,9.806503e+001
3.893575e+003,9.793959e+001
3.894057e+003,9.774850e+001
3.894539e+003,9.753991e+001
3.895021e+003,9.735526e+001
3.895504e+003,9.722305e+001
3.895986e+003,9.715557e+001
3.896468e+003,9.714777e+001
3.896950e+003,9.717818e+001
3.897432e+003,9.721250e+001
3.897914e+003,9.721095e+001
3.898396e+003,9.713972e+001
3.898878e+003,9.698360e+001
3.899361e+003,9.675449e+001
3.899843e+003,9.649060e+001
3.900325e+003,9.624604e+001
3.900807e+003,9.607545e+001
3.901289e+003,9.601875e+001
3.901771e+003,9.609045e+001
3.902253e+003,9.627428e+001
3.902735e+003,9.652475e+001
3.903218e+003,9.677779e+001
3.903700e+003,9.697047e+001
3.904182e+003,9.706313e+001
3.904664e+003,9.705190e+001
3.905146e+003,9.696420e+001
3.905628e+003,9.684158e+001
3.906110e+003,9.672132e+001
3.906592e+003,9.662562e+001
3.907074e+003,9.655985e+001
3.907557e+003,9.651717e+001
3.908039e+003,9.648594e+001
3.908521e+003,9.645663e+001
3.909003e+003,9.642641e+001
3.909485e+003,9.640013e+001
3.909967e+003,9.638747e+001
3.910449e+003,9.639839e+001
3.910931e+003,9.643878e+001
3.911414e+003,9.650820e+001
3.911896e+003,9.660073e+001
3.912378e+003,9.670744e+001
3.912860e+003,9.681995e+001
3.913342e+003,9.693282e+001
3.913824e+003,9.704463e+001
3.914306e+003,9.715702e+001
3.914788e+003,9.727229e+001
3.915271e+003,9.739036e+001
3.915752e+003,9.750668e+001
3.916235e+003,9.761237e+001
3.916717e+003,9.769731e+001
3.917199e+003,9.775494e+001
3.917681e+003,9.778577e+001
3.918163e+003,9.779810e+001
3.918645e+003,9.780502e+001
3.919127e+003,9.781959e+001
3.919609e+003,9.784995e+001
3.920092e+003,9.789587e+001
3.920574e+003,9.794815e+001
3.921056e+003,9.799111e+001
3.921538e+003,9.800740e+001
3.922020e+003,9.798329e+001
3.922502e+003,9.791244e+001
3.922984e+003,9.779716e+001
3.923466e+003,9.764697e+001
3.923948e+003,9.747501e+001
3.924431e+003,9.729461e+001
3.924913e+003,9.711640e+001
3.925395e+003,9.694753e+001
3.925877e+003,9.679330e+001
3.926359e+003,9.665947e+001
3.926841e+003,9.655432e+001
3.927323e+003,9.648820e+001
3.927805e+003,9.647081e+001
3.928288e+003,9.650692e+001
3.928770e+003,9.659275e+001
3.929252e+003,9.671461e+001
3.929734e+003,9.685184e+001
3.930216e+003,9.698322e+001
3.930698e+003,9.709384e+001
3.931180e+003,9.718009e+001
3.931662e+003,9.724979e+001
3.932145e+003,9.731749e+001
3.932627e+003,9.739735e+001
3.933109e+003,9.749698e+001
3.933591e+003,9.761475e+001
3.934073e+003,9.774136e+001
3.934555e+003,9.786400e+001
3.935037e+003,9.797057e+001
3.935519e+003,9.805195e+001
3.936001e+003,9.810245e+001
3.936484e+003,9.811882e+001
3.936966e+003,9.809946e+001
3.937448e+003,9.804422e+001
3.937930e+003,9.795550e+001
3.938412e+003,9.783965e+001
3.938894e+003,9.770779e+001
3.939376e+003,9.757539e+001
3.939858e+003,9.746037e+001
3.940341e+003,9.738003e+001
3.940823e+003,9.734716e+001
3.941305e+003,9.736662e+001
3.941787e+003,9.743326e+001
3.942269e+003,9.753259e+001
3.942751e+003,9.764420e+001
3.943233e+003,9.774656e+001
3.943715e+003,9.782141e+001
3.944198e+003,9.785703e+001
3.944679e+003,9.784912e+001
3.945162e+003,9.780069e+001
3.945644e+003,9.772112e+001
3.946126e+003,9.762480e+001
3.946608e+003,9.752913e+001
3.947090e+003,9.745149e+001
3.947572e+003,9.740561e+001
3.948054e+003,9.739798e+001
3.948536e+003,9.742596e+001
3.949019e+003,9.747866e+001
3.949501e+003,9.754049e+001
3.949983e+003,9.759610e+001
3.950465e+003,9.763466e+001
3.950947e+003,9.765237e+001
3.951429e+003,9.765201e+001
3.951911e+003,9.764056e+001
3.952393e+003,9.762556e+001
3.952875e+003,9.761225e+001
3.953358e+003,9.760199e+001
3.953840e+003,9.759261e+001
3.954322e+003,9.758020e+001
3.954804e+003,9.756152e+001
3.955286e+003,9.753588e+001
3.955768e+003,9.750603e+001
3.956250e+003,9.747757e+001
3.956732e+003,9.745752e+001
3.957215e+003,9.745264e+001
3.957697e+003,9.746780e+001
3.958179e+003,9.750504e+001
3.958661e+003,9.756300e+001
3.959143e+003,9.763719e+001
3.959625e+003,9.772046e+001
3.960107e+003,9.780411e+001
3.960589e+003,9.787945e+001
3.961072e+003,9.793960e+001
3.961554e+003,9.798076e+001
3.962036e+003,9.800298e+001
3.962518e+003,9.800975e+001
3.963000e+003,9.800661e+001
3.963482e+003,9.799949e+001
3.963964e+003,9.799326e+001
3.964446e+003,9.799098e+001
3.964928e+003,9.799368e+001
3.965411e+003,9.800082e+001
3.965893e+003,9.801082e+001
3.966375e+003,9.802120e+001
3.966857e+003,9.802901e+001
3.967339e+003,9.803082e+001
3.967821e+003,9.802357e+001
3.968303e+003,9.800550e+001
3.968785e+003,9.797700e+001
3.969268e+003,9.794141e+001
3.969750e+003,9.790450e+001
3.970232e+003,9.787325e+001
3.970714e+003,9.785374e+001
3.971196e+003,9.784919e+001
3.971678e+003,9.785890e+001
3.972160e+003,9.787842e+001
3.972642e+003,9.790127e+001
3.973125e+003,9.792107e+001
3.973606e+003,9.793369e+001
3.974089e+003,9.793823e+001
3.974571e+003,9.793659e+001
3.975053e+003,9.793211e+001
3.975535e+003,9.792799e+001
3.976017e+003,9.792613e+001
3.976499e+003,9.792694e+001
3.976981e+003,9.793007e+001
3.977463e+003,9.793517e+001
3.977946e+003,9.794251e+001
3.978428e+003,9.795300e+001
3.978910e+003,9.796735e+001
3.979392e+003,9.798563e+001
3.979874e+003,9.800692e+001
3.980356e+003,9.802947e+001
3.980838e+003,9.805161e+001
3.981320e+003,9.807243e+001
3.981802e+003,9.809217e+001
3.982285e+003,9.811195e+001
3.982767e+003,9.813291e+001
3.983249e+003,9.815543e+001
3.983731e+003,9.817857e+001
3.984213e+003,9.820024e+001
3.984695e+003,9.821762e+001
3.985177e+003,9.822806e+001
3.985659e+003,9.822955e+001
3.986142e+003,9.822112e+001
3.986624e+003,9.820286e+001
3.987106e+003,9.817587e+001
3.987588e+003,9.814249e+001
3.988070e+003,9.810629e+001
3.988552e+003,9.807214e+001
3.989034e+003,9.804542e+001
3.989516e+003,9.803080e+001
3.989999e+003,9.803073e+001
3.990481e+003,9.804418e+001
3.990963e+003,9.806641e+001
3.991445e+003,9.809023e+001
3.991927e+003,9.810820e+001
3.992409e+003,9.811510e+001
3.992891e+003,9.810960e+001
3.993373e+003,9.809476e+001
3.993855e+003,9.807655e+001
3.994338e+003,9.806152e+001
3.994820e+003,9.805462e+001
3.995302e+003,9.805738e+001
3.995784e+003,9.806824e+001
3.996266e+003,9.808356e+001
3.996748e+003,9.809950e+001
3.997230e+003,9.811341e+001
3.997712e+003,9.812440e+001
3.998195e+003,9.813301e+001
3.998677e+003,9.814022e+001
3.999159e+003,9.814691e+001
3.999641e+003,9.815340e+001
4.000123e+003,9.815972e+001
