3.996747e+002,0.000000e+000
4.001569e+002,1.041400e+002
4.006390e+002,1.041594e+002
4.011211e+002,1.043692e+002
4.016032e+002,1.048092e+002
4.020853e+002,1.054624e+002
4.025674e+002,1.062593e+002
4.030496e+002,1.070964e+002
4.035317e+002,1.078658e+002
4.040138e+002,1.084788e+002
4.044959e+002,1.088803e+002
4.049780e+002,1.090504e+002
4.054601e+002,1.090016e+002
4.059423e+002,1.087734e+002
4.064244e+002,1.084252e+002
4.069065e+002,1.080242e+002
4.073886e+002,1.076316e+002
4.078707e+002,1.072920e+002
4.083528e+002,1.070282e+002
4.088350e+002,1.068158e+002
4.093171e+002,1.066522e+002
4.097992e+002,1.065457e+002
4.102813e+002,1.065951e+002
4.107634e+002,1.065814e+002
4.112455e+002,1.065943e+002
4.117277e+002,1.066316e+002
4.122098e+002,1.067370e+002
4.126919e+002,1.069026e+002
4.131740e+002,1.070887e+002
4.136561e+002,1.072738e+002
4.141382e+002,1.075941e+002
4.146204e+002,1.078731e+002
4.151025e+002,1.081219e+002
4.155846e+002,1.083544e+002
4.160667e+002,1.085623e+002
4.165488e+002,1.087187e+002
4.170309e+002,1.087709e+002
4.175131e+002,1.087001e+002
4.179952e+002,1.085038e+002
4.184773e+002,1.083184e+002
4.189594e+002,1.080746e+002
4.194415e+002,1.078954e+002
4.199236e+002,1.078783e+002
4.204058e+002,1.080306e+002
4.208879e+002,1.082716e+002
4.213700e+002,1.085174e+002
4.218521e+002,1.088139e+002
4.223342e+002,1.089636e+002
4.228163e+002,1.089827e+002
4.232985e+002,1.088991e+002
4.237806e+002,1.088114e+002
4.242627e+002,1.086954e+002
4.247448e+002,1.086078e+002
4.252269e+002,1.085712e+002
4.257090e+002,1.085785e+002
4.261912e+002,1.086165e+002
4.266733e+002,1.086708e+002
4.271554e+002,1.087163e+002
4.276375e+002,1.087272e+002
4.281196e+002,1.086864e+002
4.286017e+002,1.085971e+002
4.290839e+002,1.084388e+002
4.295660e+002,1.082378e+002
4.300481e+002,1.079532e+002
4.305302e+002,1.077241e+002
4.310123e+002,1.075950e+002
4.314944e+002,1.076132e+002
4.319766e+002,1.078057e+002
4.324587e+002,1.081483e+002
4.329408e+002,1.085588e+002
4.334229e+002,1.089899e+002
4.339050e+002,1.093154e+002
4.343871e+002,1.095341e+002
4.348693e+002,1.096023e+002
4.353514e+002,1.095395e+002
4.358335e+002,1.093971e+002
4.363156e+002,1.092070e+002
4.367977e+002,1.090104e+002
4.372798e+002,1.089877e+002
4.377620e+002,1.089561e+002
4.382441e+002,1.089976e+002
4.387262e+002,1.090913e+002
4.392083e+002,1.092007e+002
4.396904e+002,1.093054e+002
4.401725e+002,1.093917e+002
4.406547e+002,1.094084e+002
4.411368e+002,1.094026e+002
4.416189e+002,1.093461e+002
4.421010e+002,1.092029e+002
4.425831e+002,1.091126e+002
4.430652e+002,1.090867e+002
4.435474e+002,1.091486e+002
4.440295e+002,1.093168e+002
4.445116e+002,1.093514e+002
4.449937e+002,1.095751e+002
4.454758e+002,1.097848e+002
4.459579e+002,1.099730e+002
4.464401e+002,1.100919e+002
4.469222e+002,1.101356e+002
4.474043e+002,1.101138e+002
4.478864e+002,1.100256e+002
4.483685e+002,1.099733e+002
4.488506e+002,1.098461e+002
4.493328e+002,1.096515e+002
4.498149e+002,1.096262e+002
4.502970e+002,1.096675e+002
4.507791e+002,1.098156e+002
4.512612e+002,1.100059e+002
4.517433e+002,1.102299e+002
4.522255e+002,1.104232e+002
4.527076e+002,1.105400e+002
4.531897e+002,1.105881e+002
4.536718e+002,1.105243e+002
4.541539e+002,1.103892e+002
4.546360e+002,1.101729e+002
4.551182e+002,1.098723e+002
4.556003e+002,1.095282e+002
4.560824e+002,1.090984e+002
4.565645e+002,1.085623e+002
4.570466e+002,1.079550e+002
4.575287e+002,1.072719e+002
4.580109e+002,1.065773e+002
4.584930e+002,1.060544e+002
4.589751e+002,1.056125e+002
4.594572e+002,1.053323e+002
4.599393e+002,1.052467e+002
4.604214e+002,1.052747e+002
4.609036e+002,1.054092e+002
4.613857e+002,1.056426e+002
4.618678e+002,1.059177e+002
4.623499e+002,1.062640e+002
4.628320e+002,1.066834e+002
4.633141e+002,1.071137e+002
4.637963e+002,1.075885e+002
4.642784e+002,1.080790e+002
4.647605e+002,1.085454e+002
4.652426e+002,1.090066e+002
4.657247e+002,1.093902e+002
4.662068e+002,1.097550e+002
4.666890e+002,1.100931e+002
4.671711e+002,1.104880e+002
4.676532e+002,1.108958e+002
4.681353e+002,1.112916e+002
4.686174e+002,1.116466e+002
4.690995e+002,1.119600e+002
4.695817e+002,1.121723e+002
4.700638e+002,1.123094e+002
4.705459e+002,1.123881e+002
4.710280e+002,1.124550e+002
4.715101e+002,1.125588e+002
4.719922e+002,1.126669e+002
4.724744e+002,1.127846e+002
4.729565e+002,1.130340e+002
4.734386e+002,1.132990e+002
4.739207e+002,1.135506e+002
4.744028e+002,1.137408e+002
4.748849e+002,1.139513e+002
4.753671e+002,1.141285e+002
4.758492e+002,1.141515e+002
4.763313e+002,1.141532e+002
4.768134e+002,1.141039e+002
4.772955e+002,1.139893e+002
4.777776e+002,1.138892e+002
4.782598e+002,1.138118e+002
4.787419e+002,1.136992e+002
4.792240e+002,1.136712e+002
4.797061e+002,1.136503e+002
4.801882e+002,1.136499e+002
4.806703e+002,1.136604e+002
4.811525e+002,1.137022e+002
4.816346e+002,1.138144e+002
4.821167e+002,1.139396e+002
4.825988e+002,1.140382e+002
4.830809e+002,1.141426e+002
4.835630e+002,1.142579e+002
4.840452e+002,1.143389e+002
4.845273e+002,1.143926e+002
4.850094e+002,1.144023e+002
4.854915e+002,1.143627e+002
4.859736e+002,1.143496e+002
4.864557e+002,1.142514e+002
4.869379e+002,1.140895e+002
4.874200e+002,1.139123e+002
4.879021e+002,1.137444e+002
4.883842e+002,1.136093e+002
4.888663e+002,1.135154e+002
4.893484e+002,1.135437e+002
4.898306e+002,1.136337e+002
4.903127e+002,1.138312e+002
4.907948e+002,1.140606e+002
4.912769e+002,1.142750e+002
4.917590e+002,1.143968e+002
4.922411e+002,1.144893e+002
4.927233e+002,1.144991e+002
4.932054e+002,1.144516e+002
4.936875e+002,1.144147e+002
4.941696e+002,1.143492e+002
4.946517e+002,1.142950e+002
4.951339e+002,1.142462e+002
4.956160e+002,1.142156e+002
4.960981e+002,1.141471e+002
4.965802e+002,1.140680e+002
4.970623e+002,1.140233e+002
4.975444e+002,1.139210e+002
4.980266e+002,1.138538e+002
4.985087e+002,1.138733e+002
4.989908e+002,1.138074e+002
4.994729e+002,1.137195e+002
4.999550e+002,1.136365e+002
5.004371e+002,1.135796e+002
5.009193e+002,1.135533e+002
5.014014e+002,1.135224e+002
5.018835e+002,1.135598e+002
5.023656e+002,1.136617e+002
5.028477e+002,1.138018e+002
5.033299e+002,1.139422e+002
5.038120e+002,1.140519e+002
5.042941e+002,1.141126e+002
5.047762e+002,1.141254e+002
5.052583e+002,1.141367e+002
5.057404e+002,1.140040e+002
5.062226e+002,1.138719e+002
5.067047e+002,1.138002e+002
5.071868e+002,1.137701e+002
5.076689e+002,1.137513e+002
5.081510e+002,1.137826e+002
5.086331e+002,1.138571e+002
5.091153e+002,1.139684e+002
5.095974e+002,1.140780e+002
5.100795e+002,1.141474e+002
5.105616e+002,1.141762e+002
5.110437e+002,1.141535e+002
5.115258e+002,1.140537e+002
5.120079e+002,1.139151e+002
5.124901e+002,1.138003e+002
5.129722e+002,1.137041e+002
5.134543e+002,1.135279e+002
5.139364e+002,1.133599e+002
5.144185e+002,1.131976e+002
5.149006e+002,1.130392e+002
5.153828e+002,1.128881e+002
5.158649e+002,1.127538e+002
5.163470e+002,1.126582e+002
5.168291e+002,1.126247e+002
5.173112e+002,1.126129e+002
5.177933e+002,1.126496e+002
5.182755e+002,1.125849e+002
5.187576e+002,1.126570e+002
5.192397e+002,1.127437e+002
5.197218e+002,1.128206e+002
5.202039e+002,1.128816e+002
5.206860e+002,1.129220e+002
5.211682e+002,1.129366e+002
5.216503e+002,1.129185e+002
5.221324e+002,1.128610e+002
5.226145e+002,1.127568e+002
5.230966e+002,1.126148e+002
5.235787e+002,1.124288e+002
5.240609e+002,1.121995e+002
5.245430e+002,1.119627e+002
5.250251e+002,1.116875e+002
5.255072e+002,1.113978e+002
5.259893e+002,1.111082e+002
5.264714e+002,1.108242e+002
5.269536e+002,1.105669e+002
5.274357e+002,1.103171e+002
5.279178e+002,1.100803e+002
5.283999e+002,1.098466e+002
5.288821e+002,1.096004e+002
5.293641e+002,1.093323e+002
5.298463e+002,1.090396e+002
5.303284e+002,1.087281e+002
5.308105e+002,1.084107e+002
5.312926e+002,1.081035e+002
5.317748e+002,1.078209e+002
5.322568e+002,1.075712e+002
5.327390e+002,1.073560e+002
5.332211e+002,1.071727e+002
5.337032e+002,1.070193e+002
5.341853e+002,1.068982e+002
5.346675e+002,1.068178e+002
5.351495e+002,1.067904e+002
5.356317e+002,1.068268e+002
5.361138e+002,1.069300e+002
5.365959e+002,1.070920e+002
5.370780e+002,1.072939e+002
5.375602e+002,1.075116e+002
5.380422e+002,1.077219e+002
5.385244e+002,1.079100e+002
5.390065e+002,1.080791e+002
5.394886e+002,1.082244e+002
5.399707e+002,1.083556e+002
5.404529e+002,1.084862e+002
5.409349e+002,1.086201e+002
5.414171e+002,1.087469e+002
5.418992e+002,1.088692e+002
5.423813e+002,1.089770e+002
5.428634e+002,1.090568e+002
5.433456e+002,1.091025e+002
5.438276e+002,1.091336e+002
5.443098e+002,1.091129e+002
5.447919e+002,1.090661e+002
5.452740e+002,1.089959e+002
5.457561e+002,1.089476e+002
5.462383e+002,1.089118e+002
5.467203e+002,1.089009e+002
5.472025e+002,1.089228e+002
5.476846e+002,1.089732e+002
5.481667e+002,1.090418e+002
5.486488e+002,1.091172e+002
5.491310e+002,1.091792e+002
5.496130e+002,1.092227e+002
5.500952e+002,1.092467e+002
5.505773e+002,1.092549e+002
5.510594e+002,1.092526e+002
5.515415e+002,1.092448e+002
5.520237e+002,1.092198e+002
5.525057e+002,1.091722e+002
5.529879e+002,1.091349e+002
5.534700e+002,1.090932e+002
5.539521e+002,1.090488e+002
5.544342e+002,1.090126e+002
5.549164e+002,1.089926e+002
5.553984e+002,1.089883e+002
5.558806e+002,1.089919e+002
5.563627e+002,1.089925e+002
5.568448e+002,1.089725e+002
5.573269e+002,1.089228e+002
5.578091e+002,1.088436e+002
5.582911e+002,1.087444e+002
5.587733e+002,1.086484e+002
5.592554e+002,1.085806e+002
5.597375e+002,1.085081e+002
5.602196e+002,1.084561e+002
5.607018e+002,1.084195e+002
5.611838e+002,1.083848e+002
5.616660e+002,1.083387e+002
5.621481e+002,1.083111e+002
5.626302e+002,1.082859e+002
5.631123e+002,1.082598e+002
5.635945e+002,1.082313e+002
5.640765e+002,1.081967e+002
5.645587e+002,1.081530e+002
5.650408e+002,1.080995e+002
5.655229e+002,1.080406e+002
5.660050e+002,1.079851e+002
5.664872e+002,1.079430e+002
5.669692e+002,1.079217e+002
5.674514e+002,1.079231e+002
5.679335e+002,1.079422e+002
5.684156e+002,1.079973e+002
5.688977e+002,1.080228e+002
5.693799e+002,1.080470e+002
5.698619e+002,1.080604e+002
5.703441e+002,1.080711e+002
5.708262e+002,1.080871e+002
5.713083e+002,1.081088e+002
5.717904e+002,1.081353e+002
5.722726e+002,1.081622e+002
5.727546e+002,1.081880e+002
5.732368e+002,1.082014e+002
5.737189e+002,1.082048e+002
5.742010e+002,1.081986e+002
5.746831e+002,1.081833e+002
5.751653e+002,1.081571e+002
5.756473e+002,1.081163e+002
5.761295e+002,1.080566e+002
5.766116e+002,1.079749e+002
5.770938e+002,1.078715e+002
5.775758e+002,1.077491e+002
5.780580e+002,1.076118e+002
5.785400e+002,1.074627e+002
5.790222e+002,1.073040e+002
5.795043e+002,1.071373e+002
5.799865e+002,1.069661e+002
5.804685e+002,1.067971e+002
5.809507e+002,1.066397e+002
5.814327e+002,1.065025e+002
5.819149e+002,1.063888e+002
5.823970e+002,1.062919e+002
5.828792e+002,1.061949e+002
5.833612e+002,1.060733e+002
5.838434e+002,1.059010e+002
5.843254e+002,1.056569e+002
5.848076e+002,1.053275e+002
5.852897e+002,1.049044e+002
5.857719e+002,1.043771e+002
5.862539e+002,1.037249e+002
5.867361e+002,1.029121e+002
5.872181e+002,1.018932e+002
5.877003e+002,1.006258e+002
5.881824e+002,9.909184e+001
5.886646e+002,9.731786e+001
5.891466e+002,9.538871e+001
5.896288e+002,9.344817e+001
5.901108e+002,9.168359e+001
5.905930e+002,9.029569e+001
5.910751e+002,8.945819e+001
5.915573e+002,8.927773e+001
5.920393e+002,8.976643e+001
5.925215e+002,9.083839e+001
5.930035e+002,9.233116e+001
5.934857e+002,9.404517e+001
5.939678e+002,9.578600e+001
5.944500e+002,9.739839e+001
5.949320e+002,9.878429e+001
5.954142e+002,9.990541e+001
5.958962e+002,1.007725e+002
5.963784e+002,1.014274e+002
5.968605e+002,1.019228e+002
5.973427e+002,1.023065e+002
5.978247e+002,1.026115e+002
5.983069e+002,1.028549e+002
5.987889e+002,1.030405e+002
5.992711e+002,1.031657e+002
5.997532e+002,1.032248e+002
6.002354e+002,1.032114e+002
6.007174e+002,1.031169e+002
6.011996e+002,1.029289e+002
6.016816e+002,1.026325e+002
6.021638e+002,1.022144e+002
6.026459e+002,1.016711e+002
6.031281e+002,1.010184e+002
6.036101e+002,1.002968e+002
6.040923e+002,9.957090e+001
6.045743e+002,9.892121e+001
6.050565e+002,9.842909e+001
6.055386e+002,9.816007e+001
6.060208e+002,9.815029e+001
6.065029e+002,9.840074e+001
6.069850e+002,9.887974e+001
6.074671e+002,9.953263e+001
6.079492e+002,1.002944e+002
6.084313e+002,1.011012e+002
6.089135e+002,1.018985e+002
6.093956e+002,1.026442e+002
6.098777e+002,1.033092e+002
6.103598e+002,1.038759e+002
6.108419e+002,1.043371e+002
6.113240e+002,1.046955e+002
6.118062e+002,1.049626e+002
6.122883e+002,1.051567e+002
6.127704e+002,1.053000e+002
6.132525e+002,1.054137e+002
6.137346e+002,1.055142e+002
6.142167e+002,1.056105e+002
6.146989e+002,1.057046e+002
6.151810e+002,1.057935e+002
6.156631e+002,1.058728e+002
6.161452e+002,1.059398e+002
6.166273e+002,1.059953e+002
6.171094e+002,1.060427e+002
6.175916e+002,1.060869e+002
6.180737e+002,1.061313e+002
6.185558e+002,1.061770e+002
6.190379e+002,1.062227e+002
6.195200e+002,1.062657e+002
6.200021e+002,1.063030e+002
6.204843e+002,1.063330e+002
6.209664e+002,1.063553e+002
6.214485e+002,1.063709e+002
6.219306e+002,1.063815e+002
6.224127e+002,1.063885e+002
6.228948e+002,1.063928e+002
6.233770e+002,1.063946e+002
6.238591e+002,1.063928e+002
6.243412e+002,1.063862e+002
6.248233e+002,1.063733e+002
6.253054e+002,1.063536e+002
6.257875e+002,1.063282e+002
6.262697e+002,1.063006e+002
6.267518e+002,1.062757e+002
6.272339e+002,1.062590e+002
6.277160e+002,1.062540e+002
6.281981e+002,1.062611e+002
6.286802e+002,1.062767e+002
6.291624e+002,1.062944e+002
6.296445e+002,1.063074e+002
6.301266e+002,1.063114e+002
6.306087e+002,1.063063e+002
6.310908e+002,1.062964e+002
6.315729e+002,1.062889e+002
6.320551e+002,1.062903e+002
6.325372e+002,1.063031e+002
6.330193e+002,1.063254e+002
6.335014e+002,1.063505e+002
6.339835e+002,1.063701e+002
6.344656e+002,1.063775e+002
6.349478e+002,1.063697e+002
6.354299e+002,1.063487e+002
6.359120e+002,1.063197e+002
6.363941e+002,1.062892e+002
6.368762e+002,1.062626e+002
6.373583e+002,1.062428e+002
6.378405e+002,1.062305e+002
6.383226e+002,1.062245e+002
6.388047e+002,1.062231e+002
6.392868e+002,1.062237e+002
6.397689e+002,1.062234e+002
6.402510e+002,1.062190e+002
6.407332e+002,1.062069e+002
6.412153e+002,1.061848e+002
6.416974e+002,1.061531e+002
6.421795e+002,1.061147e+002
6.426616e+002,1.060750e+002
6.431437e+002,1.060393e+002
6.436259e+002,1.060110e+002
6.441080e+002,1.059894e+002
6.445901e+002,1.059702e+002
6.450722e+002,1.059475e+002
6.455543e+002,1.059167e+002
6.460364e+002,1.058779e+002
6.465186e+002,1.058359e+002
6.470007e+002,1.057994e+002
6.474828e+002,1.057773e+002
6.479649e+002,1.057757e+002
6.484470e+002,1.057951e+002
6.489291e+002,1.058313e+002
6.494113e+002,1.058766e+002
6.498934e+002,1.059230e+002
6.503755e+002,1.059640e+002
6.508576e+002,1.059953e+002
6.513397e+002,1.060138e+002
6.518218e+002,1.060169e+002
6.523040e+002,1.060027e+002
6.527861e+002,1.059712e+002
6.532682e+002,1.059265e+002
6.537503e+002,1.058775e+002
6.542324e+002,1.058369e+002
6.547145e+002,1.058176e+002
6.551967e+002,1.058285e+002
6.556788e+002,1.058702e+002
6.561609e+002,1.059342e+002
6.566430e+002,1.060047e+002
6.571251e+002,1.060641e+002
6.576072e+002,1.060984e+002
6.580894e+002,1.061008e+002
6.585715e+002,1.060722e+002
6.590536e+002,1.060190e+002
6.595357e+002,1.059490e+002
6.600178e+002,1.058679e+002
6.604999e+002,1.057787e+002
6.609821e+002,1.056823e+002
6.614642e+002,1.055800e+002
6.619463e+002,1.054744e+002
6.624284e+002,1.053681e+002
6.629105e+002,1.052618e+002
6.633926e+002,1.051505e+002
6.638748e+002,1.050229e+002
6.643569e+002,1.048621e+002
6.648390e+002,1.046495e+002
6.653211e+002,1.043671e+002
6.658032e+002,1.040022e+002
6.662853e+002,1.035512e+002
6.667675e+002,1.030277e+002
6.672496e+002,1.024683e+002
6.677317e+002,1.019278e+002
6.682138e+002,1.014533e+002
6.686959e+002,1.010498e+002
6.691780e+002,1.006668e+002
6.696602e+002,1.002168e+002
6.701423e+002,9.959921e+001
6.706244e+002,9.871301e+001
6.711065e+002,9.746127e+001
6.715886e+002,9.576093e+001
6.720707e+002,9.356442e+001
6.725529e+002,9.088902e+001
6.730350e+002,8.784036e+001
6.735171e+002,8.461488e+001
6.739992e+002,8.147527e+001
6.744813e+002,7.870911e+001
6.749634e+002,7.658492e+001
6.754456e+002,7.531417e+001
6.759277e+002,7.502002e+001
6.764098e+002,7.571594e+001
6.768919e+002,7.730226e+001
6.773740e+002,7.958791e+001
6.778561e+002,8.233292e+001
6.783383e+002,8.529563e+001
6.788204e+002,8.826752e+001
6.793025e+002,9.108851e+001
6.797846e+002,9.364717e+001
6.802667e+002,9.587512e+001
6.807488e+002,9.774217e+001
6.812310e+002,9.925309e+001
6.817131e+002,1.004425e+002
6.821952e+002,1.013661e+002
6.826773e+002,1.020876e+002
6.831594e+002,1.026656e+002
6.836415e+002,1.031427e+002
6.841237e+002,1.035414e+002
6.846058e+002,1.038651e+002
6.850879e+002,1.041041e+002
6.855700e+002,1.042421e+002
6.860521e+002,1.042593e+002
6.865342e+002,1.041333e+002
6.870164e+002,1.038380e+002
6.874985e+002,1.033454e+002
6.879806e+002,1.026333e+002
6.884627e+002,1.016978e+002
6.889448e+002,1.005681e+002
6.894269e+002,9.931476e+001
6.899091e+002,9.805002e+001
6.903912e+002,9.691490e+001
6.908733e+002,9.605654e+001
6.913554e+002,9.559872e+001
6.918375e+002,9.561340e+001
6.923196e+002,9.610215e+001
6.928018e+002,9.699463e+001
6.932839e+002,9.816631e+001
6.937660e+002,9.946870e+001
6.942481e+002,1.007611e+002
6.947302e+002,1.019352e+002
6.952123e+002,1.029262e+002
6.956945e+002,1.037127e+002
6.961766e+002,1.043070e+002
6.966587e+002,1.047416e+002
6.971408e+002,1.050568e+002
6.976229e+002,1.052905e+002
6.981050e+002,1.054739e+002
6.985872e+002,1.056294e+002
6.990693e+002,1.057717e+002
6.995514e+002,1.059080e+002
7.000335e+002,1.060404e+002
7.005156e+002,1.061668e+002
7.009977e+002,1.062826e+002
7.014799e+002,1.063831e+002
7.019620e+002,1.064647e+002
7.024441e+002,1.065265e+002
7.029262e+002,1.065698e+002
7.034083e+002,1.065985e+002
7.038904e+002,1.066174e+002
7.043726e+002,1.066316e+002
7.048547e+002,1.066447e+002
7.053368e+002,1.066585e+002
7.058189e+002,1.066723e+002
7.063010e+002,1.066832e+002
7.067831e+002,1.066867e+002
7.072653e+002,1.066787e+002
7.077474e+002,1.066565e+002
7.082295e+002,1.066211e+002
7.087116e+002,1.065772e+002
7.091937e+002,1.065332e+002
7.096758e+002,1.064988e+002
7.101580e+002,1.064824e+002
7.106401e+002,1.064884e+002
7.111222e+002,1.065159e+002
7.116043e+002,1.065590e+002
7.120864e+002,1.066091e+002
7.125685e+002,1.066574e+002
7.130507e+002,1.066983e+002
7.135328e+002,1.067298e+002
7.140149e+002,1.067538e+002
7.144970e+002,1.067738e+002
7.149791e+002,1.067930e+002
7.154612e+002,1.068125e+002
7.159434e+002,1.068316e+002
7.164255e+002,1.068480e+002
7.169076e+002,1.068598e+002
7.173897e+002,1.068657e+002
7.178718e+002,1.068660e+002
7.183539e+002,1.068617e+002
7.188361e+002,1.068543e+002
7.193182e+002,1.068451e+002
7.198003e+002,1.068348e+002
7.202824e+002,1.068245e+002
7.207645e+002,1.068153e+002
7.212466e+002,1.068086e+002
7.217288e+002,1.068055e+002
7.222109e+002,1.068058e+002
7.226930e+002,1.068085e+002
7.231751e+002,1.068114e+002
7.236572e+002,1.068127e+002
7.241393e+002,1.068120e+002
7.246215e+002,1.068105e+002
7.251036e+002,1.068112e+002
7.255857e+002,1.068169e+002
7.260678e+002,1.068285e+002
7.265499e+002,1.068441e+002
7.270320e+002,1.068589e+002
7.275142e+002,1.068666e+002
7.279963e+002,1.068618e+002
7.284784e+002,1.068422e+002
7.289605e+002,1.068092e+002
7.294426e+002,1.067672e+002
7.299247e+002,1.067222e+002
7.304069e+002,1.066791e+002
7.308890e+002,1.066399e+002
7.313711e+002,1.066036e+002
7.318532e+002,1.065660e+002
7.323353e+002,1.065213e+002
7.328174e+002,1.064626e+002
7.332996e+002,1.063830e+002
7.337817e+002,1.062757e+002
7.342638e+002,1.061350e+002
7.347459e+002,1.059582e+002
7.352280e+002,1.057473e+002
7.357101e+002,1.055117e+002
7.361923e+002,1.052681e+002
7.366744e+002,1.050391e+002
7.371565e+002,1.048490e+002
7.376386e+002,1.047180e+002
7.381207e+002,1.046568e+002
7.386028e+002,1.046633e+002
7.390850e+002,1.047234e+002
7.395671e+002,1.048146e+002
7.400492e+002,1.049129e+002
7.405313e+002,1.049988e+002
7.410134e+002,1.050614e+002
7.414955e+002,1.050998e+002
7.419777e+002,1.051207e+002
7.424598e+002,1.051355e+002
7.429419e+002,1.051563e+002
7.434240e+002,1.051931e+002
7.439061e+002,1.052520e+002
7.443882e+002,1.053354e+002
7.448704e+002,1.054415e+002
7.453525e+002,1.055651e+002
7.458346e+002,1.056978e+002
7.463167e+002,1.058296e+002
7.467988e+002,1.059506e+002
7.472809e+002,1.060535e+002
7.477631e+002,1.061353e+002
7.482452e+002,1.061975e+002
7.487273e+002,1.062449e+002
7.492094e+002,1.062830e+002
7.496915e+002,1.063153e+002
7.501736e+002,1.063421e+002
7.506558e+002,1.063599e+002
7.511379e+002,1.063640e+002
7.516200e+002,1.063506e+002
7.521021e+002,1.063188e+002
7.525842e+002,1.062706e+002
7.530663e+002,1.062094e+002
7.535485e+002,1.061382e+002
7.540306e+002,1.060581e+002
7.545127e+002,1.059682e+002
7.549948e+002,1.058676e+002
7.554769e+002,1.057573e+002
7.559590e+002,1.056413e+002
7.564412e+002,1.055253e+002
7.569233e+002,1.054142e+002
7.574054e+002,1.053091e+002
7.578875e+002,1.052062e+002
7.583696e+002,1.050972e+002
7.588517e+002,1.049725e+002
7.593339e+002,1.048225e+002
7.598160e+002,1.046358e+002
7.602981e+002,1.043927e+002
7.607802e+002,1.040565e+002
7.612623e+002,1.035674e+002
7.617444e+002,1.028456e+002
7.622266e+002,1.018071e+002
7.627087e+002,1.003913e+002
7.631908e+002,9.859483e+001
7.636729e+002,9.649837e+001
7.641550e+002,9.427602e+001
7.646371e+002,9.217760e+001
7.651193e+002,9.048389e+001
7.656014e+002,8.944527e+001
7.660835e+002,8.922255e+001
7.665656e+002,8.984927e+001
7.670477e+002,9.122643e+001
7.675298e+002,9.314973e+001
7.680120e+002,9.535829e+001
7.684941e+002,9.759109e+001
7.689762e+002,9.963569e+001
7.694583e+002,1.013582e+002
7.699404e+002,1.027089e+002
7.704225e+002,1.037067e+002
7.709047e+002,1.044111e+002
7.713868e+002,1.048942e+002
7.718689e+002,1.052209e+002
7.723510e+002,1.054401e+002
7.728331e+002,1.055859e+002
7.733152e+002,1.056819e+002
7.737974e+002,1.057457e+002
7.742795e+002,1.057900e+002
7.747616e+002,1.058225e+002
7.752437e+002,1.058447e+002
7.757258e+002,1.058532e+002
7.762079e+002,1.058428e+002
7.766901e+002,1.058111e+002
7.771722e+002,1.057612e+002
7.776543e+002,1.057022e+002
7.781364e+002,1.056460e+002
7.786185e+002,1.056031e+002
7.791006e+002,1.055790e+002
7.795828e+002,1.055734e+002
7.800649e+002,1.055808e+002
7.805470e+002,1.055943e+002
7.810291e+002,1.056078e+002
7.815112e+002,1.056175e+002
7.819933e+002,1.056209e+002
7.824755e+002,1.056155e+002
7.829576e+002,1.055973e+002
7.834397e+002,1.055612e+002
7.839218e+002,1.055033e+002
7.844039e+002,1.054224e+002
7.848860e+002,1.053221e+002
7.853682e+002,1.052096e+002
7.858503e+002,1.050929e+002
7.863324e+002,1.049774e+002
7.868145e+002,1.048642e+002
7.872966e+002,1.047497e+002
7.877787e+002,1.046275e+002
7.882609e+002,1.044922e+002
7.887430e+002,1.043411e+002
7.892251e+002,1.041750e+002
7.897072e+002,1.039961e+002
7.901893e+002,1.038058e+002
7.906714e+002,1.036022e+002
7.911536e+002,1.033798e+002
7.916357e+002,1.031305e+002
7.921178e+002,1.028465e+002
7.925999e+002,1.025219e+002
7.930820e+002,1.021525e+002
7.935641e+002,1.017351e+002
7.940463e+002,1.012654e+002
7.945284e+002,1.007370e+002
7.950105e+002,1.001432e+002
7.954926e+002,9.948003e+001
7.959747e+002,9.875037e+001
7.964568e+002,9.796654e+001
7.969390e+002,9.714980e+001
7.974211e+002,9.632726e+001
7.979032e+002,9.552633e+001
7.983853e+002,9.476923e+001
7.988674e+002,9.406944e+001
7.993495e+002,9.343052e+001
7.998317e+002,9.284790e+001
8.003138e+002,9.231271e+001
8.007959e+002,9.181635e+001
8.012780e+002,9.135466e+001
8.017601e+002,9.093073e+001
8.022422e+002,9.055558e+001
8.027244e+002,9.024735e+001
8.032065e+002,9.002831e+001
8.036886e+002,8.992187e+001
8.041707e+002,8.994859e+001
8.046528e+002,9.012336e+001
8.051349e+002,9.045311e+001
8.056171e+002,9.093598e+001
8.060992e+002,9.156102e+001
8.065813e+002,9.230898e+001
8.070634e+002,9.315367e+001
8.075455e+002,9.406440e+001
8.080276e+002,9.500928e+001
8.085098e+002,9.595831e+001
8.089919e+002,9.688592e+001
8.094740e+002,9.777215e+001
8.099561e+002,9.860222e+001
8.104382e+002,9.936597e+001
8.109203e+002,1.000573e+002
8.114025e+002,1.006740e+002
8.118846e+002,1.012179e+002
8.123667e+002,1.016936e+002
8.128489e+002,1.021081e+002
8.133309e+002,1.024679e+002
8.138131e+002,1.027780e+002
8.142952e+002,1.030411e+002
8.147773e+002,1.032590e+002
8.152594e+002,1.034338e+002
8.157416e+002,1.035708e+002
8.162236e+002,1.036781e+002
8.167058e+002,1.037667e+002
8.171879e+002,1.038474e+002
8.176700e+002,1.039285e+002
8.181521e+002,1.040139e+002
8.186343e+002,1.041029e+002
8.191163e+002,1.041910e+002
8.195985e+002,1.042730e+002
8.200806e+002,1.043445e+002
8.205627e+002,1.044037e+002
8.210448e+002,1.044510e+002
8.215270e+002,1.044882e+002
8.220090e+002,1.045168e+002
8.224912e+002,1.045376e+002
8.229733e+002,1.045498e+002
8.234554e+002,1.045525e+002
8.239375e+002,1.045451e+002
8.244197e+002,1.045284e+002
8.249017e+002,1.045051e+002
8.253839e+002,1.044793e+002
8.258660e+002,1.044564e+002
8.263481e+002,1.044415e+002
8.268302e+002,1.044386e+002
8.273124e+002,1.044492e+002
8.277944e+002,1.044718e+002
8.282766e+002,1.045018e+002
8.287587e+002,1.045321e+002
8.292408e+002,1.045547e+002
8.297229e+002,1.045631e+002
8.302051e+002,1.045544e+002
8.306871e+002,1.045301e+002
8.311693e+002,1.044966e+002
8.316514e+002,1.044631e+002
8.321335e+002,1.044395e+002
8.326156e+002,1.044333e+002
8.330978e+002,1.044485e+002
8.335798e+002,1.044849e+002
8.340620e+002,1.045386e+002
8.345441e+002,1.046040e+002
8.350262e+002,1.046751e+002
8.355083e+002,1.047465e+002
8.359905e+002,1.048134e+002
8.364725e+002,1.048717e+002
8.369547e+002,1.049176e+002
8.374368e+002,1.049486e+002
8.379189e+002,1.049634e+002
8.384010e+002,1.049630e+002
8.388832e+002,1.049506e+002
8.393652e+002,1.049309e+002
8.398474e+002,1.049082e+002
8.403295e+002,1.048857e+002
8.408116e+002,1.048645e+002
8.412937e+002,1.048448e+002
8.417759e+002,1.048264e+002
8.422579e+002,1.048108e+002
8.427401e+002,1.048010e+002
8.432222e+002,1.048012e+002
8.437043e+002,1.048150e+002
8.441864e+002,1.048431e+002
8.446686e+002,1.048828e+002
8.451506e+002,1.049277e+002
8.456328e+002,1.049696e+002
8.461149e+002,1.050007e+002
8.465970e+002,1.050158e+002
8.470791e+002,1.050126e+002
8.475613e+002,1.049919e+002
8.480433e+002,1.049557e+002
8.485255e+002,1.049063e+002
8.490076e+002,1.048451e+002
8.494897e+002,1.047724e+002
8.499718e+002,1.046880e+002
8.504540e+002,1.045905e+002
8.509360e+002,1.044775e+002
8.514182e+002,1.043436e+002
8.519003e+002,1.041790e+002
8.523824e+002,1.039678e+002
8.528645e+002,1.036880e+002
8.533467e+002,1.033116e+002
8.538287e+002,1.028064e+002
8.543109e+002,1.021396e+002
8.547930e+002,1.012824e+002
8.552751e+002,1.002163e+002
8.557572e+002,9.894097e+001
8.562394e+002,9.748283e+001
8.567214e+002,9.590105e+001
8.572036e+002,9.428870e+001
8.576857e+002,9.276471e+001
8.581678e+002,9.145732e+001
8.586499e+002,9.048164e+001
8.591321e+002,8.991851e+001
8.596141e+002,8.980090e+001
8.600963e+002,9.011172e+001
8.605784e+002,9.079160e+001
8.610605e+002,9.175418e+001
8.615426e+002,9.290330e+001
8.620248e+002,9.414828e+001
8.625068e+002,9.541376e+001
8.629890e+002,9.664240e+001
8.634711e+002,9.779178e+001
8.639532e+002,9.882816e+001
8.644353e+002,9.972097e+001
8.649175e+002,1.004405e+002
8.653995e+002,1.009590e+002
8.658817e+002,1.012550e+002
8.663638e+002,1.013159e+002
8.668459e+002,1.011403e+002
8.673280e+002,1.007379e+002
8.678102e+002,1.001299e+002
8.682922e+002,9.934970e+001
8.687744e+002,9.844567e+001
8.692565e+002,9.748354e+001
8.697386e+002,9.654595e+001
8.702207e+002,9.572752e+001
8.707029e+002,9.512488e+001
8.711849e+002,9.482361e+001
8.716671e+002,9.488458e+001
8.721492e+002,9.533299e+001
8.726313e+002,9.615283e+001
8.731134e+002,9.728920e+001
8.735956e+002,9.865797e+001
8.740776e+002,1.001611e+002
8.745598e+002,1.017027e+002
8.750419e+002,1.032018e+002
8.755240e+002,1.045987e+002
8.760061e+002,1.058563e+002
8.764883e+002,1.069576e+002
8.769703e+002,1.079013e+002
8.774525e+002,1.086970e+002
8.779346e+002,1.093612e+002
8.784167e+002,1.099125e+002
8.788988e+002,1.103691e+002
8.793810e+002,1.107462e+002
8.798630e+002,1.110561e+002
8.803452e+002,1.113088e+002
8.808273e+002,1.115146e+002
8.813094e+002,1.116844e+002
8.817915e+002,1.118296e+002
8.822737e+002,1.119602e+002
8.827557e+002,1.120825e+002
8.832379e+002,1.121975e+002
8.837200e+002,1.123014e+002
8.842021e+002,1.123886e+002
8.846842e+002,1.124547e+002
8.851664e+002,1.124999e+002
8.856484e+002,1.125289e+002
8.861306e+002,1.125496e+002
8.866127e+002,1.125686e+002
8.870948e+002,1.125880e+002
8.875769e+002,1.126045e+002
8.880591e+002,1.126103e+002
8.885411e+002,1.125978e+002
8.890233e+002,1.125631e+002
8.895054e+002,1.125087e+002
8.899875e+002,1.124433e+002
8.904696e+002,1.123781e+002
8.909518e+002,1.123233e+002
8.914338e+002,1.122841e+002
8.919160e+002,1.122597e+002
8.923981e+002,1.122448e+002
8.928802e+002,1.122319e+002
8.933623e+002,1.122151e+002
8.938445e+002,1.121913e+002
8.943265e+002,1.121606e+002
8.948087e+002,1.121251e+002
8.952908e+002,1.120874e+002
8.957729e+002,1.120499e+002
8.962550e+002,1.120140e+002
8.967372e+002,1.119810e+002
8.972192e+002,1.119517e+002
8.977014e+002,1.119258e+002
8.981835e+002,1.119018e+002
8.986656e+002,1.118760e+002
8.991477e+002,1.118432e+002
8.996299e+002,1.117981e+002
9.001119e+002,1.117369e+002
9.005941e+002,1.116591e+002
9.010762e+002,1.115675e+002
9.015583e+002,1.114671e+002
9.020404e+002,1.113635e+002
9.025226e+002,1.112605e+002
9.030046e+002,1.111595e+002
9.034868e+002,1.110604e+002
9.039689e+002,1.109620e+002
9.044510e+002,1.108642e+002
9.049331e+002,1.107673e+002
9.054153e+002,1.106716e+002
9.058973e+002,1.105756e+002
9.063795e+002,1.104751e+002
9.068616e+002,1.103631e+002
9.073438e+002,1.102314e+002
9.078258e+002,1.100733e+002
9.083080e+002,1.098857e+002
9.087900e+002,1.096702e+002
9.092722e+002,1.094310e+002
9.097543e+002,1.091735e+002
9.102365e+002,1.089007e+002
9.107185e+002,1.086118e+002
9.112007e+002,1.083020e+002
9.116828e+002,1.079640e+002
9.121649e+002,1.075895e+002
9.126470e+002,1.071715e+002
9.131292e+002,1.067044e+002
9.136113e+002,1.061837e+002
9.140934e+002,1.056052e+002
9.145755e+002,1.049634e+002
9.150576e+002,1.042522e+002
9.155397e+002,1.034641e+002
9.160219e+002,1.025914e+002
9.165040e+002,1.016270e+002
9.169861e+002,1.005658e+002
9.174682e+002,9.940576e+001
9.179503e+002,9.815051e+001
9.184324e+002,9.681073e+001
9.189146e+002,9.540533e+001
9.193967e+002,9.396085e+001
9.198788e+002,9.250936e+001
9.203609e+002,9.108516e+001
9.208430e+002,8.972175e+001
9.213251e+002,8.844982e+001
9.218073e+002,8.729685e+001
9.222894e+002,8.628689e+001
9.227715e+002,8.544020e+001
9.232536e+002,8.477192e+001
9.237357e+002,8.428988e+001
9.242178e+002,8.399232e+001
9.247000e+002,8.386700e+001
9.251821e+002,8.389145e+001
9.256642e+002,8.403498e+001
9.261463e+002,8.426176e+001
9.266284e+002,8.453465e+001
9.271105e+002,8.481945e+001
9.275927e+002,8.508875e+001
9.280748e+002,8.532554e+001
9.285569e+002,8.552539e+001
9.290390e+002,8.569759e+001
9.295211e+002,8.586449e+001
9.300032e+002,8.605962e+001
9.304854e+002,8.632391e+001
9.309675e+002,8.670048e+001
9.314496e+002,8.722827e+001
9.319317e+002,8.793567e+001
9.324138e+002,8.883530e+001
9.328959e+002,8.992117e+001
9.333781e+002,9.116851e+001
9.338602e+002,9.253675e+001
9.343423e+002,9.397520e+001
9.348244e+002,9.543061e+001
9.353065e+002,9.685490e+001
9.357886e+002,9.821112e+001
9.362708e+002,9.947606e+001
9.367529e+002,1.006389e+002
9.372350e+002,1.016978e+002
9.377171e+002,1.026559e+002
9.381992e+002,1.035184e+002
9.386813e+002,1.042917e+002
9.391635e+002,1.049834e+002
9.396456e+002,1.056023e+002
9.401277e+002,1.061580e+002
9.406098e+002,1.066589e+002
9.410919e+002,1.071107e+002
9.415740e+002,1.075161e+002
9.420562e+002,1.078754e+002
9.425383e+002,1.081889e+002
9.430204e+002,1.084589e+002
9.435025e+002,1.086906e+002
9.439846e+002,1.088912e+002
9.444667e+002,1.090678e+002
9.449489e+002,1.092251e+002
9.454310e+002,1.093639e+002
9.459131e+002,1.094823e+002
9.463952e+002,1.095778e+002
9.468773e+002,1.096496e+002
9.473594e+002,1.097001e+002
9.478416e+002,1.097346e+002
9.483237e+002,1.097597e+002
9.488058e+002,1.097806e+002
9.492879e+002,1.098003e+002
9.497700e+002,1.098191e+002
9.502521e+002,1.098356e+002
9.507343e+002,1.098483e+002
9.512164e+002,1.098566e+002
9.516985e+002,1.098604e+002
9.521806e+002,1.098599e+002
9.526627e+002,1.098553e+002
9.531448e+002,1.098462e+002
9.536270e+002,1.098336e+002
9.541091e+002,1.098200e+002
9.545912e+002,1.098100e+002
9.550733e+002,1.098088e+002
9.555554e+002,1.098202e+002
9.560375e+002,1.098437e+002
9.565197e+002,1.098741e+002
9.570018e+002,1.099029e+002
9.574839e+002,1.099209e+002
9.579660e+002,1.099226e+002
9.584481e+002,1.099085e+002
9.589302e+002,1.098852e+002
9.594124e+002,1.098627e+002
9.598945e+002,1.098506e+002
9.603766e+002,1.098538e+002
9.608587e+002,1.098721e+002
9.613408e+002,1.099007e+002
9.618229e+002,1.099337e+002
9.623051e+002,1.099667e+002
9.627872e+002,1.099985e+002
9.632693e+002,1.100299e+002
9.637514e+002,1.100618e+002
9.642335e+002,1.100928e+002
9.647156e+002,1.101186e+002
9.651978e+002,1.101342e+002
9.656799e+002,1.101361e+002
9.661620e+002,1.101256e+002
9.666441e+002,1.101091e+002
9.671262e+002,1.100963e+002
9.676083e+002,1.100966e+002
9.680905e+002,1.101152e+002
9.685726e+002,1.101518e+002
9.690547e+002,1.102011e+002
9.695368e+002,1.102556e+002
9.700189e+002,1.103090e+002
9.705010e+002,1.103579e+002
9.709832e+002,1.104017e+002
9.714653e+002,1.104412e+002
9.719474e+002,1.104762e+002
9.724295e+002,1.105055e+002
9.729116e+002,1.105278e+002
9.733937e+002,1.105435e+002
9.738759e+002,1.105569e+002
9.743580e+002,1.105755e+002
9.748401e+002,1.106075e+002
9.753222e+002,1.106580e+002
9.758043e+002,1.107263e+002
9.762864e+002,1.108053e+002
9.767686e+002,1.108835e+002
9.772507e+002,1.109500e+002
9.777328e+002,1.109980e+002
9.782149e+002,1.110266e+002
9.786970e+002,1.110398e+002
9.791791e+002,1.110428e+002
9.796613e+002,1.110384e+002
9.801434e+002,1.110261e+002
9.806255e+002,1.110030e+002
9.811076e+002,1.109672e+002
9.815897e+002,1.109212e+002
9.820718e+002,1.108720e+002
9.825540e+002,1.108296e+002
9.830361e+002,1.108018e+002
9.835182e+002,1.107903e+002
9.840003e+002,1.107888e+002
9.844824e+002,1.107840e+002
9.849645e+002,1.107595e+002
9.854467e+002,1.107004e+002
9.859288e+002,1.105953e+002
9.864109e+002,1.104370e+002
9.868930e+002,1.102202e+002
9.873751e+002,1.099410e+002
9.878572e+002,1.095976e+002
9.883394e+002,1.091935e+002
9.888215e+002,1.087418e+002
9.893036e+002,1.082664e+002
9.897857e+002,1.077989e+002
9.902678e+002,1.073713e+002
9.907499e+002,1.070061e+002
9.912321e+002,1.067081e+002
9.917142e+002,1.064593e+002
9.921963e+002,1.062194e+002
9.926784e+002,1.059279e+002
9.931605e+002,1.055065e+002
9.936426e+002,1.048595e+002
9.941248e+002,1.038733e+002
9.946069e+002,1.024209e+002
9.950890e+002,1.003766e+002
9.955711e+002,9.764583e+001
9.960532e+002,9.420712e+001
9.965353e+002,9.015402e+001
9.970175e+002,8.572118e+001
9.974996e+002,8.127852e+001
9.979817e+002,7.728712e+001
9.984638e+002,7.422274e+001
9.989459e+002,7.248353e+001
9.994280e+002,7.230450e+001
9.999102e+002,7.370281e+001
1.000392e+003,7.647141e+001
1.000874e+003,8.022670e+001
1.001357e+003,8.449724e+001
1.001839e+003,8.882574e+001
1.002321e+003,9.285365e+001
1.002803e+003,9.636643e+001
1.003285e+003,9.929495e+001
1.003767e+003,1.016820e+002
1.004249e+003,1.036317e+002
1.004731e+003,1.052606e+002
1.005213e+003,1.066629e+002
1.005696e+003,1.078965e+002
1.006178e+003,1.089863e+002
1.006660e+003,1.099368e+002
1.007142e+003,1.107460e+002
1.007624e+003,1.114148e+002
1.008106e+003,1.119508e+002
1.008588e+003,1.123678e+002
1.009070e+003,1.126835e+002
1.009552e+003,1.129177e+002
1.010035e+003,1.130909e+002
1.010517e+003,1.132243e+002
1.010999e+003,1.133382e+002
1.011481e+003,1.134500e+002
1.011963e+003,1.135716e+002
1.012445e+003,1.137077e+002
1.012927e+003,1.138558e+002
1.013409e+003,1.140077e+002
1.013892e+003,1.141535e+002
1.014374e+003,1.142840e+002
1.014856e+003,1.143932e+002
1.015338e+003,1.144795e+002
1.015820e+003,1.145445e+002
1.016302e+003,1.145926e+002
1.016784e+003,1.146289e+002
1.017266e+003,1.146583e+002
1.017748e+003,1.146850e+002
1.018231e+003,1.147109e+002
1.018713e+003,1.147361e+002
1.019195e+003,1.147580e+002
1.019677e+003,1.147728e+002
1.020159e+003,1.147757e+002
1.020641e+003,1.147634e+002
1.021123e+003,1.147340e+002
1.021605e+003,1.146885e+002
1.022088e+003,1.146297e+002
1.022570e+003,1.145613e+002
1.023052e+003,1.144873e+002
1.023534e+003,1.144108e+002
1.024016e+003,1.143343e+002
1.024498e+003,1.142600e+002
1.024980e+003,1.141902e+002
1.025462e+003,1.141268e+002
1.025944e+003,1.140716e+002
1.026427e+003,1.140254e+002
1.026909e+003,1.139875e+002
1.027391e+003,1.139567e+002
1.027873e+003,1.139313e+002
1.028355e+003,1.139105e+002
1.028837e+003,1.138949e+002
1.029319e+003,1.138860e+002
1.029801e+003,1.138851e+002
1.030283e+003,1.138923e+002
1.030766e+003,1.139058e+002
1.031248e+003,1.139214e+002
1.031730e+003,1.139348e+002
1.032212e+003,1.139417e+002
1.032694e+003,1.139401e+002
1.033176e+003,1.139300e+002
1.033658e+003,1.139126e+002
1.034140e+003,1.138894e+002
1.034623e+003,1.138611e+002
1.035105e+003,1.138272e+002
1.035587e+003,1.137864e+002
1.036069e+003,1.137378e+002
1.036551e+003,1.136809e+002
1.037033e+003,1.136167e+002
1.037515e+003,1.135465e+002
1.037997e+003,1.134718e+002
1.038479e+003,1.133934e+002
1.038962e+003,1.133116e+002
1.039444e+003,1.132265e+002
1.039926e+003,1.131381e+002
1.040408e+003,1.130470e+002
1.040890e+003,1.129537e+002
1.041372e+003,1.128586e+002
1.041854e+003,1.127614e+002
1.042336e+003,1.126615e+002
1.042819e+003,1.125588e+002
1.043301e+003,1.124544e+002
1.043783e+003,1.123512e+002
1.044265e+003,1.122532e+002
1.044747e+003,1.121647e+002
1.045229e+003,1.120882e+002
1.045711e+003,1.120230e+002
1.046193e+003,1.119653e+002
1.046676e+003,1.119088e+002
1.047158e+003,1.118471e+002
1.047640e+003,1.117754e+002
1.048122e+003,1.116921e+002
1.048604e+003,1.115984e+002
1.049086e+003,1.114971e+002
1.049568e+003,1.113915e+002
1.050050e+003,1.112838e+002
1.050532e+003,1.111749e+002
1.051015e+003,1.110650e+002
1.051497e+003,1.109547e+002
1.051979e+003,1.108452e+002
1.052461e+003,1.107384e+002
1.052943e+003,1.106357e+002
1.053425e+003,1.105375e+002
1.053907e+003,1.104429e+002
1.054389e+003,1.103501e+002
1.054871e+003,1.102578e+002
1.055354e+003,1.101668e+002
1.055836e+003,1.100796e+002
1.056318e+003,1.100003e+002
1.056800e+003,1.099324e+002
1.057282e+003,1.098768e+002
1.057764e+003,1.098308e+002
1.058246e+003,1.097883e+002
1.058728e+003,1.097414e+002
1.059210e+003,1.096833e+002
1.059693e+003,1.096100e+002
1.060175e+003,1.095213e+002
1.060657e+003,1.094194e+002
1.061139e+003,1.093074e+002
1.061621e+003,1.091870e+002
1.062103e+003,1.090569e+002
1.062585e+003,1.089131e+002
1.063067e+003,1.087498e+002
1.063550e+003,1.085606e+002
1.064032e+003,1.083393e+002
1.064514e+003,1.080802e+002
1.064996e+003,1.077775e+002
1.065478e+003,1.074253e+002
1.065960e+003,1.070175e+002
1.066442e+003,1.065494e+002
1.066924e+003,1.060184e+002
1.067406e+003,1.054261e+002
1.067889e+003,1.047782e+002
1.068371e+003,1.040844e+002
1.068853e+003,1.033564e+002
1.069335e+003,1.026062e+002
1.069817e+003,1.018432e+002
1.070299e+003,1.010734e+002
1.070781e+003,1.002977e+002
1.071263e+003,9.951274e+001
1.071746e+003,9.871098e+001
1.072228e+003,9.788177e+001
1.072710e+003,9.701190e+001
1.073192e+003,9.608621e+001
1.073674e+003,9.508887e+001
1.074156e+003,9.400548e+001
1.074638e+003,9.282595e+001
1.075120e+003,9.154796e+001
1.075603e+003,9.018005e+001
1.076085e+003,8.874366e+001
1.076567e+003,8.727348e+001
1.077049e+003,8.581590e+001
1.077531e+003,8.442610e+001
1.078013e+003,8.316418e+001
1.078495e+003,8.209148e+001
1.078977e+003,8.126688e+001
1.079459e+003,8.074287e+001
1.079942e+003,8.056007e+001
1.080424e+003,8.074059e+001
1.080906e+003,8.128168e+001
1.081388e+003,8.215285e+001
1.081870e+003,8.329951e+001
1.082352e+003,8.465377e+001
1.082834e+003,8.614883e+001
1.083316e+003,8.773219e+001
1.083798e+003,8.937265e+001
1.084281e+003,9.105875e+001
1.084763e+003,9.279037e+001
1.085245e+003,9.456705e+001
1.085727e+003,9.637804e+001
1.086209e+003,9.819724e+001
1.086691e+003,9.998476e+001
1.087173e+003,1.016927e+002
1.087655e+003,1.032732e+002
1.088137e+003,1.046862e+002
1.088620e+003,1.059050e+002
1.089102e+003,1.069186e+002
1.089584e+003,1.077320e+002
1.090066e+003,1.083626e+002
1.090548e+003,1.088354e+002
1.091030e+003,1.091775e+002
1.091512e+003,1.094134e+002
1.091994e+003,1.095629e+002
1.092477e+003,1.096401e+002
1.092959e+003,1.096549e+002
1.093441e+003,1.096146e+002
1.093923e+003,1.095256e+002
1.094405e+003,1.093946e+002
1.094887e+003,1.092283e+002
1.095369e+003,1.090334e+002
1.095851e+003,1.088163e+002
1.096333e+003,1.085816e+002
1.096816e+003,1.083327e+002
1.097298e+003,1.080714e+002
1.097780e+003,1.077978e+002
1.098262e+003,1.075113e+002
1.098744e+003,1.072114e+002
1.099226e+003,1.068980e+002
1.099708e+003,1.065721e+002
1.100190e+003,1.062361e+002
1.100673e+003,1.058929e+002
1.101155e+003,1.055460e+002
1.101637e+003,1.051982e+002
1.102119e+003,1.048513e+002
1.102601e+003,1.045063e+002
1.103083e+003,1.041627e+002
1.103565e+003,1.038194e+002
1.104047e+003,1.034742e+002
1.104530e+003,1.031233e+002
1.105012e+003,1.027618e+002
1.105494e+003,1.023834e+002
1.105976e+003,1.019812e+002
1.106458e+003,1.015489e+002
1.106940e+003,1.010819e+002
1.107422e+003,1.005777e+002
1.107904e+003,1.000362e+002
1.108386e+003,9.945808e+001
1.108869e+003,9.884338e+001
1.109351e+003,9.818985e+001
1.109833e+003,9.749208e+001
1.110315e+003,9.674148e+001
1.110797e+003,9.592731e+001
1.111279e+003,9.503779e+001
1.111761e+003,9.406121e+001
1.112243e+003,9.298621e+001
1.112725e+003,9.180157e+001
1.113208e+003,9.049615e+001
1.113690e+003,8.905962e+001
1.114172e+003,8.748433e+001
1.114654e+003,8.576902e+001
1.115136e+003,8.392294e+001
1.115618e+003,8.197014e+001
1.116100e+003,7.995224e+001
1.116582e+003,7.792924e+001
1.117064e+003,7.597784e+001
1.117547e+003,7.418692e+001
1.118029e+003,7.265039e+001
1.118511e+003,7.145645e+001
1.118993e+003,7.067377e+001
1.119475e+003,7.033646e+001
1.119957e+003,7.043183e+001
1.120439e+003,7.089625e+001
1.120921e+003,7.162162e+001
1.121404e+003,7.247250e+001
1.121886e+003,7.330823e+001
1.122368e+003,7.400465e+001
1.122850e+003,7.446934e+001
1.123332e+003,7.464849e+001
1.123814e+003,7.452547e+001
1.124296e+003,7.411304e+001
1.124778e+003,7.344322e+001
1.125260e+003,7.255795e+001
1.125743e+003,7.150297e+001
1.126225e+003,7.032500e+001
1.126707e+003,6.907103e+001
1.127189e+003,6.778743e+001
1.127671e+003,6.651801e+001
1.128153e+003,6.530125e+001
1.128635e+003,6.416821e+001
1.129117e+003,6.314247e+001
1.129600e+003,6.224210e+001
1.130082e+003,6.148244e+001
1.130564e+003,6.087760e+001
1.131046e+003,6.043964e+001
1.131528e+003,6.017593e+001
1.132010e+003,6.008626e+001
1.132492e+003,6.016196e+001
1.132974e+003,6.038792e+001
1.133457e+003,6.074630e+001
1.133939e+003,6.122056e+001
1.134421e+003,6.179726e+001
1.134903e+003,6.246534e+001
1.135385e+003,6.321355e+001
1.135867e+003,6.402810e+001
1.136349e+003,6.489195e+001
1.136831e+003,6.578657e+001
1.137313e+003,6.669498e+001
1.137796e+003,6.760465e+001
1.138278e+003,6.850858e+001
1.138760e+003,6.940454e+001
1.139242e+003,7.029282e+001
1.139724e+003,7.117384e+001
1.140206e+003,7.204669e+001
1.140688e+003,7.290929e+001
1.141170e+003,7.375913e+001
1.141652e+003,7.459435e+001
1.142135e+003,7.541392e+001
1.142617e+003,7.621712e+001
1.143099e+003,7.700237e+001
1.143581e+003,7.776684e+001
1.144063e+003,7.850655e+001
1.144545e+003,7.921751e+001
1.145027e+003,7.989698e+001
1.145509e+003,8.054421e+001
1.145991e+003,8.116016e+001
1.146474e+003,8.174638e+001
1.146956e+003,8.230372e+001
1.147438e+003,8.283134e+001
1.147920e+003,8.332684e+001
1.148402e+003,8.378706e+001
1.148884e+003,8.420953e+001
1.149366e+003,8.459331e+001
1.149848e+003,8.493927e+001
1.150331e+003,8.524944e+001
1.150813e+003,8.552614e+001
1.151295e+003,8.577099e+001
1.151777e+003,8.598467e+001
1.152259e+003,8.616735e+001
1.152741e+003,8.631937e+001
1.153223e+003,8.644203e+001
1.153705e+003,8.653757e+001
1.154188e+003,8.660876e+001
1.154670e+003,8.665818e+001
1.155152e+003,8.668732e+001
1.155634e+003,8.669634e+001
1.156116e+003,8.668436e+001
1.156598e+003,8.665012e+001
1.157080e+003,8.659259e+001
1.157562e+003,8.651115e+001
1.158044e+003,8.640529e+001
1.158527e+003,8.627382e+001
1.159009e+003,8.611462e+001
1.159491e+003,8.592455e+001
1.159973e+003,8.570007e+001
1.160455e+003,8.543852e+001
1.160937e+003,8.513873e+001
1.161419e+003,8.480133e+001
1.161901e+003,8.442801e+001
1.162384e+003,8.402031e+001
1.162866e+003,8.357854e+001
1.163348e+003,8.310116e+001
1.163830e+003,8.258546e+001
1.164312e+003,8.202867e+001
1.164794e+003,8.142954e+001
1.165276e+003,8.078880e+001
1.165758e+003,8.010885e+001
1.166240e+003,7.939214e+001
1.166723e+003,7.863977e+001
1.167205e+003,7.785062e+001
1.167687e+003,7.702200e+001
1.168169e+003,7.615141e+001
1.168651e+003,7.523879e+001
1.169133e+003,7.428766e+001
1.169615e+003,7.330487e+001
1.170097e+003,7.229877e+001
1.170579e+003,7.127665e+001
1.171062e+003,7.024311e+001
1.171544e+003,6.920006e+001
1.172026e+003,6.814851e+001
1.172508e+003,6.709118e+001
1.172990e+003,6.603447e+001
1.173472e+003,6.498869e+001
1.173954e+003,6.396665e+001
1.174436e+003,6.298156e+001
1.174918e+003,6.204546e+001
1.175401e+003,6.116936e+001
1.175883e+003,6.036489e+001
1.176365e+003,5.964629e+001
1.176847e+003,5.903104e+001
1.177329e+003,5.853874e+001
1.177811e+003,5.818813e+001
1.178293e+003,5.799420e+001
1.178775e+003,5.796625e+001
1.179258e+003,5.810852e+001
1.179740e+003,5.842172e+001
1.180222e+003,5.890485e+001
1.180704e+003,5.955520e+001
1.181186e+003,6.036681e+001
1.181668e+003,6.132828e+001
1.182150e+003,6.242191e+001
1.182632e+003,6.362499e+001
1.183115e+003,6.491305e+001
1.183597e+003,6.626335e+001
1.184079e+003,6.765680e+001
1.184561e+003,6.907864e+001
1.185043e+003,7.051284e+001
1.185525e+003,7.194293e+001
1.186007e+003,7.335043e+001
1.186489e+003,7.471631e+001
1.186971e+003,7.602398e+001
1.187454e+003,7.726236e+001
1.187936e+003,7.842803e+001
1.188418e+003,7.952495e+001
1.188900e+003,8.056261e+001
1.189382e+003,8.155309e+001
1.189864e+003,8.250828e+001
1.190346e+003,8.343777e+001
1.190828e+003,8.434843e+001
1.191311e+003,8.524437e+001
1.191793e+003,8.612754e+001
1.192275e+003,8.699818e+001
1.192757e+003,8.785494e+001
1.193239e+003,8.869485e+001
1.193721e+003,8.951354e+001
1.194203e+003,9.030564e+001
1.194685e+003,9.106554e+001
1.195167e+003,9.178822e+001
1.195650e+003,9.246980e+001
1.196132e+003,9.310816e+001
1.196614e+003,9.370323e+001
1.197096e+003,9.425710e+001
1.197578e+003,9.477366e+001
1.198060e+003,9.525797e+001
1.198542e+003,9.571526e+001
1.199024e+003,9.614983e+001
1.199506e+003,9.656445e+001
1.199989e+003,9.696002e+001
1.200471e+003,9.733622e+001
1.200953e+003,9.769226e+001
1.201435e+003,9.802773e+001
1.201917e+003,9.834308e+001
1.202399e+003,9.863929e+001
1.202881e+003,9.891743e+001
1.203363e+003,9.917816e+001
1.203845e+003,9.942142e+001
1.204328e+003,9.964715e+001
1.204810e+003,9.985593e+001
1.205292e+003,1.000498e+002
1.205774e+003,1.002325e+002
1.206256e+003,1.004083e+002
1.206738e+003,1.005817e+002
1.207220e+003,1.007557e+002
1.207702e+003,1.009310e+002
1.208185e+003,1.011070e+002
1.208667e+003,1.012815e+002
1.209149e+003,1.014527e+002
1.209631e+003,1.016192e+002
1.210113e+003,1.017810e+002
1.210595e+003,1.019385e+002
1.211077e+003,1.020925e+002
1.211559e+003,1.022435e+002
1.212042e+003,1.023922e+002
1.212524e+003,1.025394e+002
1.213006e+003,1.026861e+002
1.213488e+003,1.028336e+002
1.213970e+003,1.029825e+002
1.214452e+003,1.031323e+002
1.214934e+003,1.032803e+002
1.215416e+003,1.034226e+002
1.215898e+003,1.035543e+002
1.216381e+003,1.036713e+002
1.216863e+003,1.037710e+002
1.217345e+003,1.038526e+002
1.217827e+003,1.039163e+002
1.218309e+003,1.039616e+002
1.218791e+003,1.039868e+002
1.219273e+003,1.039881e+002
1.219755e+003,1.039606e+002
1.220238e+003,1.039001e+002
1.220720e+003,1.038050e+002
1.221202e+003,1.036770e+002
1.221684e+003,1.035224e+002
1.222166e+003,1.033511e+002
1.222648e+003,1.031757e+002
1.223130e+003,1.030109e+002
1.223612e+003,1.028723e+002
1.224094e+003,1.027754e+002
1.224577e+003,1.027340e+002
1.225059e+003,1.027584e+002
1.225541e+003,1.028537e+002
1.226023e+003,1.030188e+002
1.226505e+003,1.032460e+002
1.226987e+003,1.035226e+002
1.227469e+003,1.038332e+002
1.227951e+003,1.041623e+002
1.228434e+003,1.044971e+002
1.228916e+003,1.048285e+002
1.229398e+003,1.051519e+002
1.229880e+003,1.054650e+002
1.230362e+003,1.057667e+002
1.230844e+003,1.060559e+002
1.231326e+003,1.063304e+002
1.231808e+003,1.065882e+002
1.232291e+003,1.068283e+002
1.232773e+003,1.070512e+002
1.233255e+003,1.072590e+002
1.233737e+003,1.074543e+002
1.234219e+003,1.076393e+002
1.234701e+003,1.078150e+002
1.235183e+003,1.079815e+002
1.235665e+003,1.081383e+002
1.236147e+003,1.082855e+002
1.236630e+003,1.084236e+002
1.237112e+003,1.085539e+002
1.237594e+003,1.086770e+002
1.238076e+003,1.087931e+002
1.238558e+003,1.089009e+002
1.239040e+003,1.089996e+002
1.239522e+003,1.090890e+002
1.240004e+003,1.091709e+002
1.240486e+003,1.092488e+002
1.240969e+003,1.093272e+002
1.241451e+003,1.094100e+002
1.241933e+003,1.094990e+002
1.242415e+003,1.095941e+002
1.242897e+003,1.096932e+002
1.243379e+003,1.097941e+002
1.243861e+003,1.098948e+002
1.244343e+003,1.099945e+002
1.244825e+003,1.100927e+002
1.245308e+003,1.101885e+002
1.245790e+003,1.102800e+002
1.246272e+003,1.103641e+002
1.246754e+003,1.104381e+002
1.247236e+003,1.105005e+002
1.247718e+003,1.105518e+002
1.248200e+003,1.105950e+002
1.248682e+003,1.106336e+002
1.249165e+003,1.106699e+002
1.249647e+003,1.107043e+002
1.250129e+003,1.107343e+002
1.250611e+003,1.107560e+002
1.251093e+003,1.107653e+002
1.251575e+003,1.107591e+002
1.252057e+003,1.107359e+002
1.252539e+003,1.106948e+002
1.253021e+003,1.106347e+002
1.253504e+003,1.105543e+002
1.253986e+003,1.104520e+002
1.254468e+003,1.103285e+002
1.254950e+003,1.101880e+002
1.255432e+003,1.100385e+002
1.255914e+003,1.098909e+002
1.256396e+003,1.097553e+002
1.256878e+003,1.096385e+002
1.257361e+003,1.095410e+002
1.257843e+003,1.094574e+002
1.258325e+003,1.093782e+002
1.258807e+003,1.092932e+002
1.259289e+003,1.091946e+002
1.259771e+003,1.090785e+002
1.260253e+003,1.089447e+002
1.260735e+003,1.087941e+002
1.261218e+003,1.086264e+002
1.261700e+003,1.084387e+002
1.262182e+003,1.082250e+002
1.262664e+003,1.079781e+002
1.263146e+003,1.076897e+002
1.263628e+003,1.073516e+002
1.264110e+003,1.069546e+002
1.264592e+003,1.064869e+002
1.265074e+003,1.059330e+002
1.265557e+003,1.052728e+002
1.266039e+003,1.044831e+002
1.266521e+003,1.035391e+002
1.267003e+003,1.024177e+002
1.267485e+003,1.011003e+002
1.267967e+003,9.957729e+001
1.268449e+003,9.785356e+001
1.268931e+003,9.595448e+001
1.269413e+003,9.393142e+001
1.269896e+003,9.186380e+001
1.270378e+003,8.985505e+001
1.270860e+003,8.802166e+001
1.271342e+003,8.647681e+001
1.271824e+003,8.531357e+001
1.272306e+003,8.459152e+001
1.272788e+003,8.433063e+001
1.273270e+003,8.451198e+001
1.273752e+003,8.508475e+001
1.274235e+003,8.597629e+001
1.274717e+003,8.710371e+001
1.275199e+003,8.838410e+001
1.275681e+003,8.974210e+001
1.276163e+003,9.111343e+001
1.276645e+003,9.244556e+001
1.277127e+003,9.369642e+001
1.277609e+003,9.483314e+001
1.278092e+003,9.583147e+001
1.278574e+003,9.667612e+001
1.279056e+003,9.736076e+001
1.279538e+003,9.788685e+001
1.280020e+003,9.826157e+001
1.280502e+003,9.849489e+001
1.280984e+003,9.859702e+001
1.281466e+003,9.857715e+001
1.281948e+003,9.844310e+001
1.282431e+003,9.820151e+001
1.282913e+003,9.785821e+001
1.283395e+003,9.741832e+001
1.283877e+003,9.688614e+001
1.284359e+003,9.626543e+001
1.284841e+003,9.556013e+001
1.285323e+003,9.477564e+001
1.285805e+003,9.392001e+001
1.286288e+003,9.300478e+001
1.286770e+003,9.204508e+001
1.287252e+003,9.105956e+001
1.287734e+003,9.006985e+001
1.288216e+003,8.910054e+001
1.288698e+003,8.817876e+001
1.289180e+003,8.733345e+001
1.289662e+003,8.659341e+001
1.290145e+003,8.598486e+001
1.290627e+003,8.552866e+001
1.291109e+003,8.523825e+001
1.291591e+003,8.511855e+001
1.292073e+003,8.516613e+001
1.292555e+003,8.537057e+001
1.293037e+003,8.571616e+001
1.293519e+003,8.618433e+001
1.294001e+003,8.675594e+001
1.294484e+003,8.741293e+001
1.294966e+003,8.813919e+001
1.295448e+003,8.892039e+001
1.295930e+003,8.974303e+001
1.296412e+003,9.059391e+001
1.296894e+003,9.146001e+001
1.297376e+003,9.232943e+001
1.297858e+003,9.319263e+001
1.298340e+003,9.404290e+001
1.298823e+003,9.487604e+001
1.299305e+003,9.568875e+001
1.299787e+003,9.647681e+001
1.300269e+003,9.723394e+001
1.300751e+003,9.795231e+001
1.301233e+003,9.862395e+001
1.301715e+003,9.924299e+001
1.302197e+003,9.980659e+001
1.302679e+003,1.003149e+002
1.303162e+003,1.007694e+002
1.303644e+003,1.011713e+002
1.304126e+003,1.015209e+002
1.304608e+003,1.018179e+002
1.305090e+003,1.020635e+002
1.305572e+003,1.022616e+002
1.306054e+003,1.024191e+002
1.306536e+003,1.025445e+002
1.307019e+003,1.026458e+002
1.307501e+003,1.027273e+002
1.307983e+003,1.027898e+002
1.308465e+003,1.028304e+002
1.308947e+003,1.028456e+002
1.309429e+003,1.028334e+002
1.309911e+003,1.027952e+002
1.310393e+003,1.027356e+002
1.310875e+003,1.026614e+002
1.311358e+003,1.025794e+002
1.311840e+003,1.024955e+002
1.312322e+003,1.024139e+002
1.312804e+003,1.023371e+002
1.313286e+003,1.022663e+002
1.313768e+003,1.022010e+002
1.314250e+003,1.021389e+002
1.314732e+003,1.020760e+002
1.315215e+003,1.020067e+002
1.315697e+003,1.019258e+002
1.316179e+003,1.018296e+002
1.316661e+003,1.017181e+002
1.317143e+003,1.015950e+002
1.317625e+003,1.014665e+002
1.318107e+003,1.013387e+002
1.318589e+003,1.012151e+002
1.319072e+003,1.010950e+002
1.319554e+003,1.009740e+002
1.320036e+003,1.008462e+002
1.320518e+003,1.007064e+002
1.321000e+003,1.005521e+002
1.321482e+003,1.003833e+002
1.321964e+003,1.002006e+002
1.322446e+003,1.000028e+002
1.322928e+003,9.978680e+001
1.323411e+003,9.954728e+001
1.323893e+003,9.927950e+001
1.324375e+003,9.898183e+001
1.324857e+003,9.865714e+001
1.325339e+003,9.831192e+001
1.325821e+003,9.795371e+001
1.326303e+003,9.758751e+001
1.326785e+003,9.721307e+001
1.327267e+003,9.682423e+001
1.327750e+003,9.641006e+001
1.328232e+003,9.595745e+001
1.328714e+003,9.545374e+001
1.329196e+003,9.488821e+001
1.329678e+003,9.425275e+001
1.330160e+003,9.354147e+001
1.330642e+003,9.275046e+001
1.331124e+003,9.187823e+001
1.331606e+003,9.092609e+001
1.332089e+003,8.989793e+001
1.332571e+003,8.879905e+001
1.333053e+003,8.763362e+001
1.333535e+003,8.640277e+001
1.334017e+003,8.510335e+001
1.334499e+003,8.372880e+001
1.334981e+003,8.227085e+001
1.335463e+003,8.072127e+001
1.335946e+003,7.907230e+001
1.336428e+003,7.731602e+001
1.336910e+003,7.544372e+001
1.337392e+003,7.344778e+001
1.337874e+003,7.132752e+001
1.338356e+003,6.909865e+001
1.338838e+003,6.680247e+001
1.339320e+003,6.450918e+001
1.339802e+003,6.231020e+001
1.340285e+003,6.030127e+001
1.340767e+003,5.856386e+001
1.341249e+003,5.715432e+001
1.341731e+003,5.610437e+001
1.342213e+003,5.542886e+001
1.342695e+003,5.513359e+001
1.343177e+003,5.521797e+001
1.343659e+003,5.567220e+001
1.344142e+003,5.647182e+001
1.344624e+003,5.757483e+001
1.345106e+003,5.892401e+001
1.345588e+003,6.045469e+001
1.346070e+003,6.210437e+001
1.346552e+003,6.382090e+001
1.347034e+003,6.556739e+001
1.347516e+003,6.732414e+001
1.347999e+003,6.908867e+001
1.348481e+003,7.087402e+001
1.348963e+003,7.270438e+001
1.349445e+003,7.460774e+001
1.349927e+003,7.660559e+001
1.350409e+003,7.870227e+001
1.350891e+003,8.087769e+001
1.351373e+003,8.308667e+001
1.351855e+003,8.526608e+001
1.352338e+003,8.734772e+001
1.352820e+003,8.927229e+001
1.353302e+003,9.099919e+001
1.353784e+003,9.251002e+001
1.354266e+003,9.380581e+001
1.354748e+003,9.490106e+001
1.355230e+003,9.581744e+001
1.355712e+003,9.657892e+001
1.356194e+003,9.720909e+001
1.356677e+003,9.772956e+001
1.357159e+003,9.815886e+001
1.357641e+003,9.851128e+001
1.358123e+003,9.879607e+001
1.358605e+003,9.901811e+001
1.359087e+003,9.917977e+001
1.359569e+003,9.928424e+001
1.360051e+003,9.933865e+001
1.360533e+003,9.935606e+001
1.361016e+003,9.935523e+001
1.361498e+003,9.935805e+001
1.361980e+003,9.938432e+001
1.362462e+003,9.944602e+001
1.362944e+003,9.954309e+001
1.363426e+003,9.966396e+001
1.363908e+003,9.979102e+001
1.364390e+003,9.990765e+001
1.364873e+003,1.000027e+002
1.365355e+003,1.000711e+002
1.365837e+003,1.001120e+002
1.366319e+003,1.001263e+002
1.366801e+003,1.001172e+002
1.367283e+003,1.000900e+002
1.367765e+003,1.000528e+002
1.368247e+003,1.000147e+002
1.368729e+003,9.998316e+001
1.369212e+003,9.996021e+001
1.369694e+003,9.994103e+001
1.370176e+003,9.991516e+001
1.370658e+003,9.987047e+001
1.371140e+003,9.979822e+001
1.371622e+003,9.969756e+001
1.372104e+003,9.957787e+001
1.372586e+003,9.945811e+001
1.373069e+003,9.936293e+001
1.373551e+003,9.931512e+001
1.374033e+003,9.932742e+001
1.374515e+003,9.939661e+001
1.374997e+003,9.950503e+001
1.375479e+003,9.962879e+001
1.375961e+003,9.974731e+001
1.376443e+003,9.984879e+001
1.376926e+003,9.992914e+001
1.377408e+003,9.998817e+001
1.377890e+003,1.000253e+002
1.378372e+003,1.000381e+002
1.378854e+003,1.000239e+002
1.379336e+003,9.998199e+001
1.379818e+003,9.991711e+001
1.380300e+003,9.983871e+001
1.380782e+003,9.975908e+001
1.381265e+003,9.968904e+001
1.381747e+003,9.963451e+001
1.382229e+003,9.959473e+001
1.382711e+003,9.956367e+001
1.383193e+003,9.953352e+001
1.383675e+003,9.949909e+001
1.384157e+003,9.946049e+001
1.384639e+003,9.942318e+001
1.385121e+003,9.939546e+001
1.385604e+003,9.938490e+001
1.386086e+003,9.939476e+001
1.386568e+003,9.942108e+001
1.387050e+003,9.945214e+001
1.387532e+003,9.947153e+001
1.388014e+003,9.946438e+001
1.388496e+003,9.942342e+001
1.388978e+003,9.935100e+001
1.389460e+003,9.925634e+001
1.389943e+003,9.915060e+001
1.390425e+003,9.904217e+001
1.390907e+003,9.893414e+001
1.391389e+003,9.882430e+001
1.391871e+003,9.870658e+001
1.392353e+003,9.857365e+001
1.392835e+003,9.842015e+001
1.393317e+003,9.824531e+001
1.393800e+003,9.805404e+001
1.394282e+003,9.785480e+001
1.394764e+003,9.765494e+001
1.395246e+003,9.745680e+001
1.395728e+003,9.725817e+001
1.396210e+003,9.705643e+001
1.396692e+003,9.685275e+001
1.397174e+003,9.665349e+001
1.397656e+003,9.646863e+001
1.398139e+003,9.630801e+001
1.398621e+003,9.617591e+001
1.399103e+003,9.606612e+001
1.399585e+003,9.596036e+001
1.400067e+003,9.583297e+001
1.400549e+003,9.565900e+001
1.401031e+003,9.542029e+001
1.401513e+003,9.510593e+001
1.401996e+003,9.470885e+001
1.402478e+003,9.422217e+001
1.402960e+003,9.363903e+001
1.403442e+003,9.295654e+001
1.403924e+003,9.218195e+001
1.404406e+003,9.133793e+001
1.404888e+003,9.046243e+001
1.405370e+003,8.960206e+001
1.405853e+003,8.880140e+001
1.406335e+003,8.809377e+001
1.406817e+003,8.749654e+001
1.407299e+003,8.701160e+001
1.407781e+003,8.662881e+001
1.408263e+003,8.633035e+001
1.408745e+003,8.609435e+001
1.409227e+003,8.589680e+001
1.409709e+003,8.571228e+001
1.410192e+003,8.551366e+001
1.410674e+003,8.527222e+001
1.411156e+003,8.495908e+001
1.411638e+003,8.454788e+001
1.412120e+003,8.401855e+001
1.412602e+003,8.336031e+001
1.413084e+003,8.257333e+001
1.413566e+003,8.166868e+001
1.414048e+003,8.066550e+001
1.414531e+003,7.958698e+001
1.415013e+003,7.845485e+001
1.415495e+003,7.728357e+001
1.415977e+003,7.607508e+001
1.416459e+003,7.481462e+001
1.416941e+003,7.346947e+001
1.417423e+003,7.199300e+001
1.417905e+003,7.033774e+001
1.418387e+003,6.847734e+001
1.418870e+003,6.642768e+001
1.419352e+003,6.424857e+001
1.419834e+003,6.201647e+001
1.420316e+003,5.978548e+001
1.420798e+003,5.756436e+001
1.421280e+003,5.531961e+001
1.421762e+003,5.299413e+001
1.422244e+003,5.053205e+001
1.422727e+003,4.790568e+001
1.423209e+003,4.514153e+001
1.423691e+003,4.233313e+001
1.424173e+003,3.962514e+001
1.424655e+003,3.716697e+001
1.425137e+003,3.506067e+001
1.425619e+003,3.333731e+001
1.426101e+003,3.197199e+001
1.426583e+003,3.091869e+001
1.427066e+003,3.013990e+001
1.427548e+003,2.961812e+001
1.428030e+003,2.934926e+001
1.428512e+003,2.932570e+001
1.428994e+003,2.952111e+001
1.429476e+003,2.988848e+001
1.429958e+003,3.037400e+001
1.430440e+003,3.093688e+001
1.430923e+003,3.156073e+001
1.431405e+003,3.224881e+001
1.431887e+003,3.300836e+001
1.432369e+003,3.383599e+001
1.432851e+003,3.471415e+001
1.433333e+003,3.562025e+001
1.433815e+003,3.654282e+001
1.434297e+003,3.749730e+001
1.434780e+003,3.853422e+001
1.435262e+003,3.973252e+001
1.435744e+003,4.116844e+001
1.436226e+003,4.286241e+001
1.436708e+003,4.473788e+001
1.437190e+003,4.664171e+001
1.437672e+003,4.842518e+001
1.438154e+003,5.001602e+001
1.438636e+003,5.142870e+001
1.439119e+003,5.272731e+001
1.439601e+003,5.398099e+001
1.440083e+003,5.523443e+001
1.440565e+003,5.649776e+001
1.441047e+003,5.775306e+001
1.441529e+003,5.897250e+001
1.442011e+003,6.013911e+001
1.442493e+003,6.125910e+001
1.442976e+003,6.235954e+001
1.443458e+003,6.347515e+001
1.443940e+003,6.463371e+001
1.444422e+003,6.584972e+001
1.444904e+003,6.712874e+001
1.445386e+003,6.847823e+001
1.445868e+003,6.991645e+001
1.446350e+003,7.147060e+001
1.446833e+003,7.316070e+001
1.447314e+003,7.497349e+001
1.447797e+003,7.684283e+001
1.448279e+003,7.865734e+001
1.448761e+003,8.029996e+001
1.449243e+003,8.169689e+001
1.449725e+003,8.284273e+001
1.450207e+003,8.379003e+001
1.450689e+003,8.461703e+001
1.451171e+003,8.539387e+001
1.451654e+003,8.616062e+001
1.452136e+003,8.692242e+001
1.452618e+003,8.766011e+001
1.453100e+003,8.834949e+001
1.453582e+003,8.897763e+001
1.454064e+003,8.954868e+001
1.454546e+003,9.007865e+001
1.455028e+003,9.058559e+001
1.455510e+003,9.108134e+001
1.455993e+003,9.156798e+001
1.456475e+003,9.203783e+001
1.456957e+003,9.247686e+001
1.457439e+003,9.287408e+001
1.457921e+003,9.323257e+001
1.458403e+003,9.357043e+001
1.458885e+003,9.390791e+001
1.459367e+003,9.425224e+001
1.459850e+003,9.459164e+001
1.460332e+003,9.490046e+001
1.460814e+003,9.515077e+001
1.461296e+003,9.532347e+001
1.461778e+003,9.541385e+001
1.462260e+003,9.543027e+001
1.462742e+003,9.538828e+001
1.463224e+003,9.530397e+001
1.463707e+003,9.518925e+001
1.464189e+003,9.505141e+001
1.464671e+003,9.489590e+001
1.465153e+003,9.473074e+001
1.465635e+003,9.456904e+001
1.466117e+003,9.442735e+001
1.466599e+003,9.432014e+001
1.467081e+003,9.425346e+001
1.467563e+003,9.422124e+001
1.468046e+003,9.420547e+001
1.468528e+003,9.418001e+001
1.469010e+003,9.411576e+001
1.469492e+003,9.398479e+001
1.469974e+003,9.376271e+001
1.470456e+003,9.343026e+001
1.470938e+003,9.297718e+001
1.471420e+003,9.240866e+001
1.471903e+003,9.174931e+001
1.472385e+003,9.103575e+001
1.472867e+003,9.029561e+001
1.473349e+003,8.952760e+001
1.473831e+003,8.869819e+001
1.474313e+003,8.775517e+001
1.474795e+003,8.664547e+001
1.475277e+003,8.533160e+001
1.475760e+003,8.380750e+001
1.476241e+003,8.211156e+001
1.476724e+003,8.032931e+001
1.477206e+003,7.857942e+001
1.477688e+003,7.698923e+001
1.478170e+003,7.567311e+001
1.478652e+003,7.472424e+001
1.479134e+003,7.421684e+001
1.479616e+003,7.420776e+001
1.480098e+003,7.472871e+001
1.480581e+003,7.576830e+001
1.481063e+003,7.725458e+001
1.481545e+003,7.905494e+001
1.482027e+003,8.100117e+001
1.482509e+003,8.293102e+001
1.482991e+003,8.472375e+001
1.483473e+003,8.631461e+001
1.483955e+003,8.768829e+001
1.484438e+003,8.886187e+001
1.484920e+003,8.986723e+001
1.485402e+003,9.073831e+001
1.485884e+003,9.150417e+001
1.486366e+003,9.218668e+001
1.486848e+003,9.280182e+001
1.487330e+003,9.336209e+001
1.487812e+003,9.387923e+001
1.488294e+003,9.436453e+001
1.488777e+003,9.482696e+001
1.489259e+003,9.526821e+001
1.489741e+003,9.567895e+001
1.490223e+003,9.603995e+001
1.490705e+003,9.633076e+001
1.491187e+003,9.654196e+001
1.491669e+003,9.668277e+001
1.492151e+003,9.677932e+001
1.492634e+003,9.686588e+001
1.493116e+003,9.697411e+001
1.493598e+003,9.712448e+001
1.494080e+003,9.732127e+001
1.494562e+003,9.755135e+001
1.495044e+003,9.778738e+001
1.495526e+003,9.799565e+001
1.496008e+003,9.814738e+001
1.496490e+003,9.823024e+001
1.496973e+003,9.825329e+001
1.497455e+003,9.824210e+001
1.497937e+003,9.822690e+001
1.498419e+003,9.823074e+001
1.498901e+003,9.826270e+001
1.499383e+003,9.831763e+001
1.499865e+003,9.838039e+001
1.500347e+003,9.843285e+001
1.500830e+003,9.846100e+001
1.501312e+003,9.845948e+001
1.501794e+003,9.843247e+001
1.502276e+003,9.839056e+001
1.502758e+003,9.834465e+001
1.503240e+003,9.829946e+001
1.503722e+003,9.824822e+001
1.504204e+003,9.817163e+001
1.504687e+003,9.804518e+001
1.505168e+003,9.785943e+001
1.505651e+003,9.764961e+001
1.506133e+003,9.751114e+001
1.506615e+003,9.755856e+001
1.507097e+003,9.783514e+001
1.507579e+003,9.826983e+001
1.508061e+003,9.873919e+001
1.508543e+003,9.915318e+001
1.509025e+003,9.948042e+001
1.509508e+003,9.972565e+001
1.509990e+003,9.990170e+001
1.510472e+003,1.000145e+002
1.510954e+003,1.000608e+002
1.511436e+003,1.000322e+002
1.511918e+003,9.992216e+001
1.512400e+003,9.973135e+001
1.512882e+003,9.946971e+001
1.513365e+003,9.915614e+001
1.513847e+003,9.881656e+001
1.514329e+003,9.848209e+001
1.514811e+003,9.818776e+001
1.515293e+003,9.797057e+001
1.515775e+003,9.786240e+001
1.516257e+003,9.787618e+001
1.516739e+003,9.799122e+001
1.517221e+003,9.815250e+001
1.517704e+003,9.829100e+001
1.518186e+003,9.835312e+001
1.518668e+003,9.831806e+001
1.519150e+003,9.819807e+001
1.519632e+003,9.803122e+001
1.520114e+003,9.787452e+001
1.520596e+003,9.779403e+001
1.521078e+003,9.783942e+001
1.521561e+003,9.800991e+001
1.522043e+003,9.824463e+001
1.522525e+003,9.846033e+001
1.523007e+003,9.860156e+001
1.523489e+003,9.865866e+001
1.523971e+003,9.865163e+001
1.524453e+003,9.860571e+001
1.524935e+003,9.853692e+001
1.525417e+003,9.845029e+001
1.525900e+003,9.834631e+001
1.526382e+003,9.822890e+001
1.526864e+003,9.810957e+001
1.527346e+003,9.800448e+001
1.527828e+003,9.792632e+001
1.528310e+003,9.787623e+001
1.528792e+003,9.784043e+001
1.529274e+003,9.779401e+001
1.529757e+003,9.771044e+001
1.530239e+003,9.757227e+001
1.530721e+003,9.737825e+001
1.531203e+003,9.714515e+001
1.531685e+003,9.690425e+001
1.532167e+003,9.669452e+001
1.532649e+003,9.654964e+001
1.533131e+003,9.647837e+001
1.533614e+003,9.644944e+001
1.534095e+003,9.640154e+001
1.534578e+003,9.627972e+001
1.535060e+003,9.606651e+001
1.535542e+003,9.578285e+001
1.536024e+003,9.546505e+001
1.536506e+003,9.513921e+001
1.536988e+003,9.480383e+001
1.537470e+003,9.442298e+001
1.537952e+003,9.392970e+001
1.538435e+003,9.324382e+001
1.538917e+003,9.230769e+001
1.539399e+003,9.112943e+001
1.539881e+003,8.979947e+001
1.540363e+003,8.844866e+001
1.540845e+003,8.717471e+001
1.541327e+003,8.600536e+001
1.541809e+003,8.492073e+001
1.542292e+003,8.389794e+001
1.542774e+003,8.294404e+001
1.543256e+003,8.210869e+001
1.543738e+003,8.147816e+001
1.544220e+003,8.115019e+001
1.544702e+003,8.119415e+001
1.545184e+003,8.161568e+001
1.545666e+003,8.235184e+001
1.546148e+003,8.330302e+001
1.546631e+003,8.437926e+001
1.547113e+003,8.553146e+001
1.547595e+003,8.675509e+001
1.548077e+003,8.807234e+001
1.548559e+003,8.950253e+001
1.549041e+003,9.103124e+001
1.549523e+003,9.259291e+001
1.550005e+003,9.408209e+001
1.550488e+003,9.539284e+001
1.550970e+003,9.646001e+001
1.551452e+003,9.727541e+001
1.551934e+003,9.787312e+001
1.552416e+003,9.830331e+001
1.552898e+003,9.861125e+001
1.553380e+003,9.882863e+001
1.553862e+003,9.897497e+001
1.554344e+003,9.906481e+001
1.554827e+003,9.911510e+001
1.555309e+003,9.914806e+001
1.555791e+003,9.918849e+001
1.556273e+003,9.925770e+001
1.556755e+003,9.937174e+001
1.557237e+003,9.955087e+001
1.557719e+003,9.984237e+001
1.558201e+003,1.003325e+002
1.558684e+003,1.010828e+002
1.559166e+003,1.019935e+002
1.559648e+003,1.027960e+002
1.560130e+003,1.032661e+002
1.560612e+003,1.033687e+002
1.561094e+003,1.032030e+002
1.561576e+003,1.028975e+002
1.562058e+003,1.025548e+002
1.562541e+003,1.022404e+002
1.563022e+003,1.019890e+002
1.563505e+003,1.018130e+002
1.563987e+003,1.017091e+002
1.564469e+003,1.016604e+002
1.564951e+003,1.016393e+002
1.565433e+003,1.016145e+002
1.565915e+003,1.015600e+002
1.566397e+003,1.014626e+002
1.566879e+003,1.013245e+002
1.567362e+003,1.011626e+002
1.567844e+003,1.010077e+002
1.568326e+003,1.009039e+002
1.568808e+003,1.009013e+002
1.569290e+003,1.010372e+002
1.569772e+003,1.013104e+002
1.570254e+003,1.016716e+002
1.570736e+003,1.020440e+002
1.571219e+003,1.023604e+002
1.571701e+003,1.025847e+002
1.572183e+003,1.027124e+002
1.572665e+003,1.027580e+002
1.573147e+003,1.027423e+002
1.573629e+003,1.026872e+002
1.574111e+003,1.026160e+002
1.574593e+003,1.025590e+002
1.575075e+003,1.025550e+002
1.575558e+003,1.026399e+002
1.576040e+003,1.028212e+002
1.576522e+003,1.030594e+002
1.577004e+003,1.032848e+002
1.577486e+003,1.034398e+002
1.577968e+003,1.035087e+002
1.578450e+003,1.035139e+002
1.578932e+003,1.034926e+002
1.579415e+003,1.034768e+002
1.579897e+003,1.034816e+002
1.580379e+003,1.035043e+002
1.580861e+003,1.035281e+002
1.581343e+003,1.035310e+002
1.581825e+003,1.034938e+002
1.582307e+003,1.034069e+002
1.582789e+003,1.032731e+002
1.583271e+003,1.031054e+002
1.583754e+003,1.029232e+002
1.584236e+003,1.027494e+002
1.584718e+003,1.026065e+002
1.585200e+003,1.025137e+002
1.585682e+003,1.024834e+002
1.586164e+003,1.025184e+002
1.586646e+003,1.026091e+002
1.587128e+003,1.027338e+002
1.587611e+003,1.028613e+002
1.588093e+003,1.029564e+002
1.588575e+003,1.029877e+002
1.589057e+003,1.029366e+002
1.589539e+003,1.028017e+002
1.590021e+003,1.025989e+002
1.590503e+003,1.023546e+002
1.590985e+003,1.020976e+002
1.591468e+003,1.018523e+002
1.591949e+003,1.016338e+002
1.592432e+003,1.014482e+002
1.592914e+003,1.012945e+002
1.593396e+003,1.011674e+002
1.593878e+003,1.010610e+002
1.594360e+003,1.009699e+002
1.594842e+003,1.008914e+002
1.595324e+003,1.008258e+002
1.595806e+003,1.007758e+002
1.596289e+003,1.007460e+002
1.596771e+003,1.007412e+002
1.597253e+003,1.007644e+002
1.597735e+003,1.008139e+002
1.598217e+003,1.008816e+002
1.598699e+003,1.009530e+002
1.599181e+003,1.010081e+002
1.599663e+003,1.010268e+002
1.600146e+003,1.009945e+002
1.600628e+003,1.009078e+002
1.601110e+003,1.007771e+002
1.601592e+003,1.006241e+002
1.602074e+003,1.004766e+002
1.602556e+003,1.003604e+002
1.603038e+003,1.002937e+002
1.603520e+003,1.002839e+002
1.604002e+003,1.003277e+002
1.604485e+003,1.004142e+002
1.604967e+003,1.005277e+002
1.605449e+003,1.006514e+002
1.605931e+003,1.007676e+002
1.606413e+003,1.008591e+002
1.606895e+003,1.009099e+002
1.607377e+003,1.009081e+002
1.607859e+003,1.008497e+002
1.608342e+003,1.007415e+002
1.608824e+003,1.006001e+002
1.609306e+003,1.004481e+002
1.609788e+003,1.003066e+002
1.610270e+003,1.001896e+002
1.610752e+003,1.001001e+002
1.611234e+003,1.000313e+002
1.611716e+003,9.997079e+001
1.612198e+003,9.990562e+001
1.612681e+003,9.982745e+001
1.613163e+003,9.973341e+001
1.613645e+003,9.962389e+001
1.614127e+003,9.949968e+001
1.614609e+003,9.936163e+001
1.615091e+003,9.921513e+001
1.615573e+003,9.907703e+001
1.616055e+003,9.897615e+001
1.616538e+003,9.893845e+001
1.617020e+003,9.896481e+001
1.617502e+003,9.902381e+001
1.617984e+003,9.906950e+001
1.618466e+003,9.906505e+001
1.618948e+003,9.899226e+001
1.619430e+003,9.884628e+001
1.619912e+003,9.862654e+001
1.620395e+003,9.833202e+001
1.620876e+003,9.796240e+001
1.621359e+003,9.752335e+001
1.621841e+003,9.703269e+001
1.622323e+003,9.652131e+001
1.622805e+003,9.602548e+001
1.623287e+003,9.557112e+001
1.623769e+003,9.516079e+001
1.624251e+003,9.477374e+001
1.624733e+003,9.437810e+001
1.625216e+003,9.394518e+001
1.625698e+003,9.345849e+001
1.626180e+003,9.291698e+001
1.626662e+003,9.233631e+001
1.627144e+003,9.174879e+001
1.627626e+003,9.119899e+001
1.628108e+003,9.073330e+001
1.628590e+003,9.038589e+001
1.629073e+003,9.016969e+001
1.629555e+003,9.007845e+001
1.630037e+003,9.009645e+001
1.630519e+003,9.020867e+001
1.631001e+003,9.040640e+001
1.631483e+003,9.068874e+001
1.631965e+003,9.106265e+001
1.632447e+003,9.154366e+001
1.632929e+003,9.215801e+001
1.633412e+003,9.294514e+001
1.633894e+003,9.395577e+001
1.634376e+003,9.523676e+001
1.634858e+003,9.679025e+001
1.635340e+003,9.851539e+001
1.635822e+003,1.001895e+002
1.636304e+003,1.015535e+002
1.636786e+003,1.024552e+002
1.637269e+003,1.029124e+002
1.637751e+003,1.030576e+002
1.638233e+003,1.030478e+002
1.638715e+003,1.030065e+002
1.639197e+003,1.030058e+002
1.639679e+003,1.030690e+002
1.640161e+003,1.031837e+002
1.640643e+003,1.033181e+002
1.641125e+003,1.034377e+002
1.641608e+003,1.035179e+002
1.642090e+003,1.035490e+002
1.642572e+003,1.035328e+002
1.643054e+003,1.034753e+002
1.643536e+003,1.033793e+002
1.644018e+003,1.032422e+002
1.644500e+003,1.030593e+002
1.644982e+003,1.028327e+002
1.645465e+003,1.025816e+002
1.645947e+003,1.023462e+002
1.646429e+003,1.021760e+002
1.646911e+003,1.021016e+002
1.647393e+003,1.021138e+002
1.647875e+003,1.021724e+002
1.648357e+003,1.022397e+002
1.648839e+003,1.023050e+002
1.649322e+003,1.023853e+002
1.649803e+003,1.025084e+002
1.650286e+003,1.026939e+002
1.650768e+003,1.029395e+002
1.651250e+003,1.032182e+002
1.651732e+003,1.034890e+002
1.652214e+003,1.037233e+002
1.652696e+003,1.039194e+002
1.653178e+003,1.040736e+002
1.653660e+003,1.041463e+002
1.654143e+003,1.040991e+002
1.654625e+003,1.039517e+002
1.655107e+003,1.037748e+002
1.655589e+003,1.036456e+002
1.656071e+003,1.036152e+002
1.656553e+003,1.036969e+002
1.657035e+003,1.038677e+002
1.657517e+003,1.040760e+002
1.658000e+003,1.042542e+002
1.658482e+003,1.043341e+002
1.658964e+003,1.042643e+002
1.659446e+003,1.040230e+002
1.659928e+003,1.036232e+002
1.660410e+003,1.031103e+002
1.660892e+003,1.025547e+002
1.661374e+003,1.020428e+002
1.661856e+003,1.016624e+002
1.662339e+003,1.014812e+002
1.662821e+003,1.015230e+002
1.663303e+003,1.017564e+002
1.663785e+003,1.021075e+002
1.664267e+003,1.024911e+002
1.664749e+003,1.028393e+002
1.665231e+003,1.031121e+002
1.665713e+003,1.032905e+002
1.666196e+003,1.033642e+002
1.666678e+003,1.033229e+002
1.667160e+003,1.031562e+002
1.667642e+003,1.028641e+002
1.668124e+003,1.024726e+002
1.668606e+003,1.020432e+002
1.669088e+003,1.016665e+002
1.669570e+003,1.014319e+002
1.670052e+003,1.013921e+002
1.670535e+003,1.015440e+002
1.671017e+003,1.018399e+002
1.671499e+003,1.022154e+002
1.671981e+003,1.026145e+002
1.672463e+003,1.029995e+002
1.672945e+003,1.033477e+002
1.673427e+003,1.036426e+002
1.673909e+003,1.038653e+002
1.674392e+003,1.039917e+002
1.674874e+003,1.039957e+002
1.675356e+003,1.038596e+002
1.675838e+003,1.035870e+002
1.676320e+003,1.032084e+002
1.676802e+003,1.027766e+002
1.677284e+003,1.023520e+002
1.677766e+003,1.019877e+002
1.678249e+003,1.017188e+002
1.678730e+003,1.015564e+002
1.679213e+003,1.014863e+002
1.679695e+003,1.014742e+002
1.680177e+003,1.014768e+002
1.680659e+003,1.014581e+002
1.681141e+003,1.014009e+002
1.681623e+003,1.013102e+002
1.682105e+003,1.012103e+002
1.682587e+003,1.011427e+002
1.683070e+003,1.011658e+002
1.683552e+003,1.013389e+002
1.684034e+003,1.016755e+002
1.684516e+003,1.021004e+002
1.684998e+003,1.024842e+002
1.685480e+003,1.027378e+002
1.685962e+003,1.028598e+002
1.686444e+003,1.029071e+002
1.686927e+003,1.029419e+002
1.687409e+003,1.029983e+002
1.687891e+003,1.030735e+002
1.688373e+003,1.031360e+002
1.688855e+003,1.031453e+002
1.689337e+003,1.030726e+002
1.689819e+003,1.029155e+002
1.690301e+003,1.026954e+002
1.690783e+003,1.024455e+002
1.691266e+003,1.021944e+002
1.691748e+003,1.019583e+002
1.692230e+003,1.017416e+002
1.692712e+003,1.015419e+002
1.693194e+003,1.013562e+002
1.693676e+003,1.011875e+002
1.694158e+003,1.010521e+002
1.694640e+003,1.009833e+002
1.695123e+003,1.010184e+002
1.695605e+003,1.011655e+002
1.696087e+003,1.013754e+002
1.696569e+003,1.015587e+002
1.697051e+003,1.016423e+002
1.697533e+003,1.016082e+002
1.698015e+003,1.014908e+002
1.698497e+003,1.013586e+002
1.698979e+003,1.013029e+002
1.699462e+003,1.014234e+002
1.699944e+003,1.017774e+002
1.700426e+003,1.023002e+002
1.700908e+003,1.028041e+002
1.701390e+003,1.031052e+002
1.701872e+003,1.031406e+002
1.702354e+003,1.029644e+002
1.702836e+003,1.026781e+002
1.703319e+003,1.023764e+002
1.703801e+003,1.021270e+002
1.704283e+003,1.019720e+002
1.704765e+003,1.019302e+002
1.705247e+003,1.019952e+002
1.705729e+003,1.021342e+002
1.706211e+003,1.022965e+002
1.706693e+003,1.024316e+002
1.707176e+003,1.025035e+002
1.707657e+003,1.024952e+002
1.708140e+003,1.024047e+002
1.708622e+003,1.022420e+002
1.709104e+003,1.020271e+002
1.709586e+003,1.017892e+002
1.710068e+003,1.015618e+002
1.710550e+003,1.013761e+002
1.711032e+003,1.012525e+002
1.711514e+003,1.011952e+002
1.711997e+003,1.011909e+002
1.712479e+003,1.012122e+002
1.712961e+003,1.012257e+002
1.713443e+003,1.012022e+002
1.713925e+003,1.011287e+002
1.714407e+003,1.010156e+002
1.714889e+003,1.008977e+002
1.715371e+003,1.008282e+002
1.715854e+003,1.008661e+002
1.716336e+003,1.010581e+002
1.716818e+003,1.014139e+002
1.717300e+003,1.018845e+002
1.717782e+003,1.023628e+002
1.718264e+003,1.027265e+002
1.718746e+003,1.028993e+002
1.719229e+003,1.028826e+002
1.719710e+003,1.027394e+002
1.720193e+003,1.025552e+002
1.720675e+003,1.024041e+002
1.721157e+003,1.023327e+002
1.721639e+003,1.023540e+002
1.722121e+003,1.024497e+002
1.722603e+003,1.025778e+002
1.723085e+003,1.026854e+002
1.723567e+003,1.027263e+002
1.724050e+003,1.026759e+002
1.724532e+003,1.025369e+002
1.725014e+003,1.023335e+002
1.725496e+003,1.020987e+002
1.725978e+003,1.018621e+002
1.726460e+003,1.016437e+002
1.726942e+003,1.014540e+002
1.727424e+003,1.012978e+002
1.727906e+003,1.011786e+002
1.728389e+003,1.011010e+002
1.728871e+003,1.010695e+002
1.729353e+003,1.010837e+002
1.729835e+003,1.011347e+002
1.730317e+003,1.012053e+002
1.730799e+003,1.012739e+002
1.731281e+003,1.013226e+002
1.731763e+003,1.013447e+002
1.732246e+003,1.013535e+002
1.732728e+003,1.013886e+002
1.733210e+003,1.015099e+002
1.733692e+003,1.017637e+002
1.734174e+003,1.021283e+002
1.734656e+003,1.024983e+002
1.735138e+003,1.027469e+002
1.735620e+003,1.028085e+002
1.736103e+003,1.027010e+002
1.736585e+003,1.024928e+002
1.737067e+003,1.022606e+002
1.737549e+003,1.020641e+002
1.738031e+003,1.019363e+002
1.738513e+003,1.018802e+002
1.738995e+003,1.018691e+002
1.739477e+003,1.018535e+002
1.739959e+003,1.017799e+002
1.740442e+003,1.016168e+002
1.740924e+003,1.013690e+002
1.741406e+003,1.010747e+002
1.741888e+003,1.007880e+002
1.742370e+003,1.005610e+002
1.742852e+003,1.004292e+002
1.743334e+003,1.004033e+002
1.743816e+003,1.004692e+002
1.744299e+003,1.005937e+002
1.744781e+003,1.007363e+002
1.745263e+003,1.008587e+002
1.745745e+003,1.009320e+002
1.746227e+003,1.009379e+002
1.746709e+003,1.008700e+002
1.747191e+003,1.007348e+002
1.747673e+003,1.005530e+002
1.748156e+003,1.003598e+002
1.748637e+003,1.002005e+002
1.749120e+003,1.001232e+002
1.749602e+003,1.001674e+002
1.750084e+003,1.003513e+002
1.750566e+003,1.006584e+002
1.751048e+003,1.010330e+002
1.751530e+003,1.013933e+002
1.752012e+003,1.016606e+002
1.752494e+003,1.017887e+002
1.752977e+003,1.017763e+002
1.753459e+003,1.016563e+002
1.753941e+003,1.014761e+002
1.754423e+003,1.012797e+002
1.754905e+003,1.010981e+002
1.755387e+003,1.009459e+002
1.755869e+003,1.008233e+002
1.756351e+003,1.007204e+002
1.756833e+003,1.006240e+002
1.757316e+003,1.005251e+002
1.757798e+003,1.004239e+002
1.758280e+003,1.003307e+002
1.758762e+003,1.002610e+002
1.759244e+003,1.002303e+002
1.759726e+003,1.002494e+002
1.760208e+003,1.003227e+002
1.760690e+003,1.004475e+002
1.761173e+003,1.006132e+002
1.761655e+003,1.008000e+002
1.762137e+003,1.009793e+002
1.762619e+003,1.011191e+002
1.763101e+003,1.011925e+002
1.763583e+003,1.011857e+002
1.764065e+003,1.011010e+002
1.764547e+003,1.009537e+002
1.765030e+003,1.007679e+002
1.765512e+003,1.005725e+002
1.765994e+003,1.003974e+002
1.766476e+003,1.002687e+002
1.766958e+003,1.002013e+002
1.767440e+003,1.001915e+002
1.767922e+003,1.002150e+002
1.768404e+003,1.002346e+002
1.768886e+003,1.002159e+002
1.769369e+003,1.001412e+002
1.769851e+003,1.000172e+002
1.770333e+003,9.987498e+001
1.770815e+003,9.976457e+001
1.771297e+003,9.974216e+001
1.771779e+003,9.984768e+001
1.772261e+003,1.000798e+002
1.772743e+003,1.003879e+002
1.773226e+003,1.006949e+002
1.773708e+003,1.009356e+002
1.774190e+003,1.010805e+002
1.774672e+003,1.011340e+002
1.775154e+003,1.011178e+002
1.775636e+003,1.010542e+002
1.776118e+003,1.009580e+002
1.776600e+003,1.008364e+002
1.777083e+003,1.006941e+002
1.777564e+003,1.005391e+002
1.778047e+003,1.003865e+002
1.778529e+003,1.002568e+002
1.779011e+003,1.001717e+002
1.779493e+003,1.001459e+002
1.779975e+003,1.001818e+002
1.780457e+003,1.002664e+002
1.780939e+003,1.003766e+002
1.781421e+003,1.004885e+002
1.781904e+003,1.005870e+002
1.782386e+003,1.006696e+002
1.782868e+003,1.007424e+002
1.783350e+003,1.008118e+002
1.783832e+003,1.008765e+002
1.784314e+003,1.009250e+002
1.784796e+003,1.009389e+002
1.785278e+003,1.009025e+002
1.785760e+003,1.008118e+002
1.786243e+003,1.006794e+002
1.786725e+003,1.005296e+002
1.787207e+003,1.003899e+002
1.787689e+003,1.002819e+002
1.788171e+003,1.002152e+002
1.788653e+003,1.001877e+002
1.789135e+003,1.001893e+002
1.789617e+003,1.002075e+002
1.790100e+003,1.002342e+002
1.790582e+003,1.002696e+002
1.791064e+003,1.003207e+002
1.791546e+003,1.003951e+002
1.792028e+003,1.004910e+002
1.792510e+003,1.005915e+002
1.792992e+003,1.006710e+002
1.793474e+003,1.007091e+002
1.793957e+003,1.007030e+002
1.794439e+003,1.006677e+002
1.794921e+003,1.006270e+002
1.795403e+003,1.006017e+002
1.795885e+003,1.006001e+002
1.796367e+003,1.006156e+002
1.796849e+003,1.006298e+002
1.797331e+003,1.006215e+002
1.797813e+003,1.005765e+002
1.798296e+003,1.004952e+002
1.798778e+003,1.003935e+002
1.799260e+003,1.002974e+002
1.799742e+003,1.002344e+002
1.800224e+003,1.002231e+002
1.800706e+003,1.002670e+002
1.801188e+003,1.003542e+002
1.801670e+003,1.004641e+002
1.802153e+003,1.005757e+002
1.802635e+003,1.006744e+002
1.803117e+003,1.007522e+002
1.803599e+003,1.008056e+002
1.804081e+003,1.008316e+002
1.804563e+003,1.008271e+002
1.805045e+003,1.007898e+002
1.805527e+003,1.007214e+002
1.806010e+003,1.006294e+002
1.806491e+003,1.005268e+002
1.806974e+003,1.004286e+002
1.807456e+003,1.003477e+002
1.807938e+003,1.002919e+002
1.808420e+003,1.002624e+002
1.808902e+003,1.002562e+002
1.809384e+003,1.002697e+002
1.809866e+003,1.003019e+002
1.810348e+003,1.003554e+002
1.810831e+003,1.004337e+002
1.811313e+003,1.005360e+002
1.811795e+003,1.006532e+002
1.812277e+003,1.007679e+002
1.812759e+003,1.008585e+002
1.813241e+003,1.009072e+002
1.813723e+003,1.009057e+002
1.814205e+003,1.008585e+002
1.814688e+003,1.007809e+002
1.815170e+003,1.006941e+002
1.815652e+003,1.006194e+002
1.816134e+003,1.005723e+002
1.816616e+003,1.005592e+002
1.817098e+003,1.005771e+002
1.817580e+003,1.006178e+002
1.818062e+003,1.006727e+002
1.818544e+003,1.007353e+002
1.819027e+003,1.008022e+002
1.819509e+003,1.008693e+002
1.819991e+003,1.009295e+002
1.820473e+003,1.009716e+002
1.820955e+003,1.009819e+002
1.821437e+003,1.009490e+002
1.821919e+003,1.008675e+002
1.822401e+003,1.007411e+002
1.822884e+003,1.005829e+002
1.823366e+003,1.004146e+002
1.823848e+003,1.002627e+002
1.824330e+003,1.001516e+002
1.824812e+003,1.000960e+002
1.825294e+003,1.000948e+002
1.825776e+003,1.001335e+002
1.826258e+003,1.001911e+002
1.826740e+003,1.002494e+002
1.827223e+003,1.002965e+002
1.827705e+003,1.003287e+002
1.828187e+003,1.003491e+002
1.828669e+003,1.003663e+002
1.829151e+003,1.003911e+002
1.829633e+003,1.004324e+002
1.830115e+003,1.004916e+002
1.830597e+003,1.005619e+002
1.831080e+003,1.006321e+002
1.831562e+003,1.006932e+002
1.832044e+003,1.007423e+002
1.832526e+003,1.007823e+002
1.833008e+003,1.008182e+002
1.833490e+003,1.008527e+002
1.833972e+003,1.008838e+002
1.834454e+003,1.009043e+002
1.834937e+003,1.009032e+002
1.835418e+003,1.008704e+002
1.835901e+003,1.008005e+002
1.836383e+003,1.006965e+002
1.836865e+003,1.005702e+002
1.837347e+003,1.004392e+002
1.837829e+003,1.003232e+002
1.838311e+003,1.002381e+002
1.838793e+003,1.001932e+002
1.839275e+003,1.001895e+002
1.839758e+003,1.002221e+002
1.840240e+003,1.002825e+002
1.840722e+003,1.003618e+002
1.841204e+003,1.004506e+002
1.841686e+003,1.005389e+002
1.842168e+003,1.006156e+002
1.842650e+003,1.006700e+002
1.843132e+003,1.006946e+002
1.843615e+003,1.006891e+002
1.844097e+003,1.006605e+002
1.844579e+003,1.006211e+002
1.845061e+003,1.005849e+002
1.845543e+003,1.005649e+002
1.846025e+003,1.005711e+002
1.846507e+003,1.006077e+002
1.846989e+003,1.006718e+002
1.847471e+003,1.007523e+002
1.847954e+003,1.008327e+002
1.848436e+003,1.008950e+002
1.848918e+003,1.009250e+002
1.849400e+003,1.009155e+002
1.849882e+003,1.008678e+002
1.850364e+003,1.007890e+002
1.850846e+003,1.006891e+002
1.851328e+003,1.005782e+002
1.851811e+003,1.004651e+002
1.852293e+003,1.003579e+002
1.852775e+003,1.002650e+002
1.853257e+003,1.001956e+002
1.853739e+003,1.001590e+002
1.854221e+003,1.001626e+002
1.854703e+003,1.002087e+002
1.855185e+003,1.002926e+002
1.855667e+003,1.004021e+002
1.856150e+003,1.005192e+002
1.856632e+003,1.006240e+002
1.857114e+003,1.007002e+002
1.857596e+003,1.007394e+002
1.858078e+003,1.007440e+002
1.858560e+003,1.007262e+002
1.859042e+003,1.007037e+002
1.859524e+003,1.006929e+002
1.860007e+003,1.007040e+002
1.860489e+003,1.007367e+002
1.860971e+003,1.007810e+002
1.861453e+003,1.008205e+002
1.861935e+003,1.008389e+002
1.862417e+003,1.008248e+002
1.862899e+003,1.007757e+002
1.863381e+003,1.006978e+002
1.863864e+003,1.006023e+002
1.864345e+003,1.005018e+002
1.864828e+003,1.004060e+002
1.865310e+003,1.003202e+002
1.865792e+003,1.002464e+002
1.866274e+003,1.001855e+002
1.866756e+003,1.001407e+002
1.867238e+003,1.001188e+002
1.867720e+003,1.001291e+002
1.868202e+003,1.001794e+002
1.868685e+003,1.002701e+002
1.869167e+003,1.003912e+002
1.869649e+003,1.005244e+002
1.870131e+003,1.006507e+002
1.870613e+003,1.007574e+002
1.871095e+003,1.008410e+002
1.871577e+003,1.009040e+002
1.872059e+003,1.009498e+002
1.872542e+003,1.009774e+002
1.873024e+003,1.009803e+002
1.873506e+003,1.009486e+002
1.873988e+003,1.008755e+002
1.874470e+003,1.007623e+002
1.874952e+003,1.006217e+002
1.875434e+003,1.004756e+002
1.875916e+003,1.003498e+002
1.876398e+003,1.002659e+002
1.876881e+003,1.002355e+002
1.877363e+003,1.002578e+002
1.877845e+003,1.003208e+002
1.878327e+003,1.004064e+002
1.878809e+003,1.004965e+002
1.879291e+003,1.005776e+002
1.879773e+003,1.006421e+002
1.880255e+003,1.006863e+002
1.880738e+003,1.007083e+002
1.881220e+003,1.007059e+002
1.881702e+003,1.006771e+002
1.882184e+003,1.006228e+002
1.882666e+003,1.005489e+002
1.883148e+003,1.004673e+002
1.883630e+003,1.003932e+002
1.884112e+003,1.003400e+002
1.884594e+003,1.003149e+002
1.885077e+003,1.003153e+002
1.885559e+003,1.003307e+002
1.886041e+003,1.003464e+002
1.886523e+003,1.003500e+002
1.887005e+003,1.003364e+002
1.887487e+003,1.003091e+002
1.887969e+003,1.002787e+002
1.888451e+003,1.002579e+002
1.888934e+003,1.002557e+002
1.889416e+003,1.002731e+002
1.889898e+003,1.003025e+002
1.890380e+003,1.003317e+002
1.890862e+003,1.003501e+002
1.891344e+003,1.003529e+002
1.891826e+003,1.003423e+002
1.892308e+003,1.003235e+002
1.892791e+003,1.003023e+002
1.893272e+003,1.002815e+002
1.893755e+003,1.002609e+002
1.894237e+003,1.002384e+002
1.894719e+003,1.002122e+002
1.895201e+003,1.001822e+002
1.895683e+003,1.001513e+002
1.896165e+003,1.001237e+002
1.896647e+003,1.001041e+002
1.897129e+003,1.000962e+002
1.897612e+003,1.001025e+002
1.898094e+003,1.001245e+002
1.898576e+003,1.001623e+002
1.899058e+003,1.002141e+002
1.899540e+003,1.002749e+002
1.900022e+003,1.003354e+002
1.900504e+003,1.003824e+002
1.900986e+003,1.004019e+002
1.901469e+003,1.003834e+002
1.901951e+003,1.003252e+002
1.902433e+003,1.002365e+002
1.902915e+003,1.001370e+002
1.903397e+003,1.000511e+002
1.903879e+003,1.000016e+002
1.904361e+003,1.000027e+002
1.904843e+003,1.000561e+002
1.905325e+003,1.001513e+002
1.905808e+003,1.002687e+002
1.906290e+003,1.003868e+002
1.906772e+003,1.004875e+002
1.907254e+003,1.005600e+002
1.907736e+003,1.006016e+002
1.908218e+003,1.006159e+002
1.908700e+003,1.006107e+002
1.909182e+003,1.005945e+002
1.909665e+003,1.005754e+002
1.910147e+003,1.005598e+002
1.910629e+003,1.005517e+002
1.911111e+003,1.005528e+002
1.911593e+003,1.005617e+002
1.912075e+003,1.005739e+002
1.912557e+003,1.005819e+002
1.913039e+003,1.005775e+002
1.913521e+003,1.005538e+002
1.914004e+003,1.005088e+002
1.914486e+003,1.004455e+002
1.914968e+003,1.003724e+002
1.915450e+003,1.003007e+002
1.915932e+003,1.002422e+002
1.916414e+003,1.002062e+002
1.916896e+003,1.001976e+002
1.917378e+003,1.002156e+002
1.917861e+003,1.002536e+002
1.918343e+003,1.003017e+002
1.918825e+003,1.003506e+002
1.919307e+003,1.003947e+002
1.919789e+003,1.004334e+002
1.920271e+003,1.004701e+002
1.920753e+003,1.005097e+002
1.921235e+003,1.005558e+002
1.921718e+003,1.006094e+002
1.922199e+003,1.006681e+002
1.922682e+003,1.007265e+002
1.923164e+003,1.007787e+002
1.923646e+003,1.008192e+002
1.924128e+003,1.008458e+002
1.924610e+003,1.008599e+002
1.925092e+003,1.008653e+002
1.925574e+003,1.008660e+002
1.926056e+003,1.008646e+002
1.926539e+003,1.008608e+002
1.927021e+003,1.008527e+002
1.927503e+003,1.008384e+002
1.927985e+003,1.008183e+002
1.928467e+003,1.007967e+002
1.928949e+003,1.007805e+002
1.929431e+003,1.007771e+002
1.929913e+003,1.007905e+002
1.930396e+003,1.008197e+002
1.930878e+003,1.008586e+002
1.931360e+003,1.008990e+002
1.931842e+003,1.009346e+002
1.932324e+003,1.009645e+002
1.932806e+003,1.009941e+002
1.933288e+003,1.010313e+002
1.933770e+003,1.010812e+002
1.934252e+003,1.011407e+002
1.934735e+003,1.011972e+002
1.935217e+003,1.012318e+002
1.935699e+003,1.012276e+002
1.936181e+003,1.011781e+002
1.936663e+003,1.010936e+002
1.937145e+003,1.009990e+002
1.937627e+003,1.009260e+002
1.938109e+003,1.009016e+002
1.938592e+003,1.009390e+002
1.939074e+003,1.010323e+002
1.939556e+003,1.011597e+002
1.940038e+003,1.012907e+002
1.940520e+003,1.013969e+002
1.941002e+003,1.014602e+002
1.941484e+003,1.014770e+002
1.941966e+003,1.014557e+002
1.942448e+003,1.014108e+002
1.942931e+003,1.013557e+002
1.943413e+003,1.012994e+002
1.943895e+003,1.012474e+002
1.944377e+003,1.012040e+002
1.944859e+003,1.011762e+002
1.945341e+003,1.011723e+002
1.945823e+003,1.011995e+002
1.946305e+003,1.012595e+002
1.946788e+003,1.013465e+002
1.947270e+003,1.014481e+002
1.947752e+003,1.015501e+002
1.948234e+003,1.016421e+002
1.948716e+003,1.017198e+002
1.949198e+003,1.017842e+002
1.949680e+003,1.018355e+002
1.950162e+003,1.018684e+002
1.950645e+003,1.018705e+002
1.951126e+003,1.018265e+002
1.951609e+003,1.017268e+002
1.952091e+003,1.015768e+002
1.952573e+003,1.013998e+002
1.953055e+003,1.012336e+002
1.953537e+003,1.011198e+002
1.954019e+003,1.010918e+002
1.954501e+003,1.011636e+002
1.954983e+003,1.013250e+002
1.955466e+003,1.015454e+002
1.955948e+003,1.017847e+002
1.956430e+003,1.020063e+002
1.956912e+003,1.021863e+002
1.957394e+003,1.023151e+002
1.957876e+003,1.023933e+002
1.958358e+003,1.024261e+002
1.958840e+003,1.024189e+002
1.959323e+003,1.023764e+002
1.959805e+003,1.023040e+002
1.960287e+003,1.022102e+002
1.960769e+003,1.021055e+002
1.961251e+003,1.020005e+002
1.961733e+003,1.019025e+002
1.962215e+003,1.018133e+002
1.962697e+003,1.017311e+002
1.963179e+003,1.016534e+002
1.963662e+003,1.015820e+002
1.964144e+003,1.015241e+002
1.964626e+003,1.014899e+002
1.965108e+003,1.014862e+002
1.965590e+003,1.015099e+002
1.966072e+003,1.015434e+002
1.966554e+003,1.015584e+002
1.967036e+003,1.015260e+002
1.967519e+003,1.014302e+002
1.968001e+003,1.012764e+002
1.968483e+003,1.010896e+002
1.968965e+003,1.009039e+002
1.969447e+003,1.007498e+002
1.969929e+003,1.006448e+002
1.970411e+003,1.005887e+002
1.970893e+003,1.005683e+002
1.971375e+003,1.005669e+002
1.971858e+003,1.005737e+002
1.972340e+003,1.005885e+002
1.972822e+003,1.006182e+002
1.973304e+003,1.006675e+002
1.973786e+003,1.007313e+002
1.974268e+003,1.007916e+002
1.974750e+003,1.008233e+002
1.975232e+003,1.008081e+002
1.975715e+003,1.007458e+002
1.976197e+003,1.006588e+002
1.976679e+003,1.005856e+002
1.977161e+003,1.005656e+002
1.977643e+003,1.006223e+002
1.978125e+003,1.007526e+002
1.978607e+003,1.009287e+002
1.979089e+003,1.011117e+002
1.979572e+003,1.012678e+002
1.980053e+003,1.013796e+002
1.980536e+003,1.014454e+002
1.981018e+003,1.014723e+002
1.981500e+003,1.014676e+002
1.981982e+003,1.014335e+002
1.982464e+003,1.013667e+002
1.982946e+003,1.012631e+002
1.983428e+003,1.011235e+002
1.983910e+003,1.009583e+002
1.984393e+003,1.007857e+002
1.984875e+003,1.006286e+002
1.985357e+003,1.005076e+002
1.985839e+003,1.004346e+002
1.986321e+003,1.004092e+002
1.986803e+003,1.004200e+002
1.987285e+003,1.004485e+002
1.987767e+003,1.004769e+002
1.988250e+003,1.004921e+002
1.988732e+003,1.004898e+002
1.989214e+003,1.004743e+002
1.989696e+003,1.004579e+002
1.990178e+003,1.004576e+002
1.990660e+003,1.004921e+002
1.991142e+003,1.005769e+002
1.991624e+003,1.007193e+002
1.992106e+003,1.009149e+002
1.992589e+003,1.011462e+002
1.993071e+003,1.013861e+002
1.993553e+003,1.016048e+002
1.994035e+003,1.017785e+002
1.994517e+003,1.018958e+002
1.994999e+003,1.019588e+002
1.995481e+003,1.019783e+002
1.995963e+003,1.019666e+002
1.996446e+003,1.019315e+002
1.996928e+003,1.018748e+002
1.997410e+003,1.017948e+002
1.997892e+003,1.016929e+002
1.998374e+003,1.015794e+002
1.998856e+003,1.014736e+002
1.999338e+003,1.013982e+002
1.999820e+003,1.013694e+002
2.000302e+003,1.013876e+002
2.000785e+003,1.014339e+002
2.001267e+003,1.014739e+002
2.001749e+003,1.014724e+002
2.002231e+003,1.014096e+002
2.002713e+003,1.012919e+002
2.003195e+003,1.011526e+002
2.003677e+003,1.010402e+002
2.004159e+003,1.010002e+002
2.004642e+003,1.010559e+002
2.005124e+003,1.011970e+002
2.005606e+003,1.013811e+002
2.006088e+003,1.015511e+002
2.006570e+003,1.016601e+002
2.007052e+003,1.016905e+002
2.007534e+003,1.016583e+002
2.008016e+003,1.016011e+002
2.008499e+003,1.015570e+002
2.008980e+003,1.015472e+002
2.009463e+003,1.015662e+002
2.009945e+003,1.015885e+002
2.010427e+003,1.015832e+002
2.010909e+003,1.015299e+002
2.011391e+003,1.014267e+002
2.011873e+003,1.012879e+002
2.012355e+003,1.011340e+002
2.012837e+003,1.009803e+002
2.013320e+003,1.008296e+002
2.013802e+003,1.006745e+002
2.014284e+003,1.005068e+002
2.014766e+003,1.003293e+002
2.015248e+003,1.001630e+002
2.015730e+003,1.000451e+002
2.016212e+003,1.000169e+002
2.016694e+003,1.001060e+002
2.017177e+003,1.003109e+002
2.017659e+003,1.005981e+002
2.018141e+003,1.009131e+002
2.018623e+003,1.012004e+002
2.019105e+003,1.014208e+002
2.019587e+003,1.015606e+002
2.020069e+003,1.016306e+002
2.020551e+003,1.016572e+002
2.021033e+003,1.016690e+002
2.021516e+003,1.016845e+002
2.021998e+003,1.017063e+002
2.022480e+003,1.017228e+002
2.022962e+003,1.017164e+002
2.023444e+003,1.016720e+002
2.023926e+003,1.015839e+002
2.024408e+003,1.014591e+002
2.024890e+003,1.013139e+002
2.025373e+003,1.011675e+002
2.025855e+003,1.010353e+002
2.026337e+003,1.009248e+002
2.026819e+003,1.008358e+002
2.027301e+003,1.007635e+002
2.027783e+003,1.007018e+002
2.028265e+003,1.006464e+002
2.028747e+003,1.005968e+002
2.029229e+003,1.005566e+002
2.029712e+003,1.005306e+002
2.030194e+003,1.005233e+002
2.030676e+003,1.005354e+002
2.031158e+003,1.005613e+002
2.031640e+003,1.005883e+002
2.032122e+003,1.005976e+002
2.032604e+003,1.005689e+002
2.033086e+003,1.004875e+002
2.033569e+003,1.003498e+002
2.034051e+003,1.001670e+002
2.034533e+003,9.996331e+001
2.035015e+003,9.977023e+001
2.035497e+003,9.961882e+001
2.035979e+003,9.953059e+001
2.036461e+003,9.951061e+001
2.036943e+003,9.954761e+001
2.037426e+003,9.961874e+001
2.037907e+003,9.969710e+001
2.038390e+003,9.975897e+001
2.038872e+003,9.978721e+001
2.039354e+003,9.977217e+001
2.039836e+003,9.971053e+001
2.040318e+003,9.960291e+001
2.040800e+003,9.945253e+001
2.041282e+003,9.926508e+001
2.041764e+003,9.905092e+001
2.042247e+003,9.882750e+001
2.042729e+003,9.862075e+001
2.043211e+003,9.846284e+001
2.043693e+003,9.838658e+001
2.044175e+003,9.841588e+001
2.044657e+003,9.855814e+001
2.045139e+003,9.880106e+001
2.045622e+003,9.911428e+001
2.046104e+003,9.945599e+001
2.046586e+003,9.978172e+001
2.047068e+003,1.000522e+002
2.047550e+003,1.002410e+002
2.048032e+003,1.003386e+002
2.048514e+003,1.003527e+002
2.048996e+003,1.003020e+002
2.049479e+003,1.002105e+002
2.049960e+003,1.001008e+002
2.050443e+003,9.999117e+001
2.050925e+003,9.989614e+001
2.051407e+003,9.982627e+001
2.051889e+003,9.978858e+001
2.052371e+003,9.978593e+001
2.052853e+003,9.981593e+001
2.053335e+003,9.987032e+001
2.053817e+003,9.993598e+001
2.054300e+003,9.999774e+001
2.054782e+003,1.000426e+002
2.055264e+003,1.000636e+002
2.055746e+003,1.000618e+002
2.056228e+003,1.000449e+002
2.056710e+003,1.000232e+002
2.057192e+003,1.000042e+002
2.057674e+003,9.998980e+001
2.058156e+003,9.997475e+001
2.058639e+003,9.994949e+001
2.059121e+003,9.990417e+001
2.059603e+003,9.983324e+001
2.060085e+003,9.973833e+001
2.060567e+003,9.962726e+001
2.061049e+003,9.951149e+001
2.061531e+003,9.940228e+001
2.062013e+003,9.930763e+001
2.062496e+003,9.923151e+001
2.062978e+003,9.917439e+001
2.063460e+003,9.913531e+001
2.063942e+003,9.911314e+001
2.064424e+003,9.910722e+001
2.064906e+003,9.911718e+001
2.065388e+003,9.914171e+001
2.065870e+003,9.917849e+001
2.066353e+003,9.922476e+001
2.066835e+003,9.927813e+001
2.067317e+003,9.933807e+001
2.067799e+003,9.940573e+001
2.068281e+003,9.948231e+001
2.068763e+003,9.956693e+001
2.069245e+003,9.965506e+001
2.069727e+003,9.973836e+001
2.070209e+003,9.980757e+001
2.070692e+003,9.985664e+001
2.071174e+003,9.988658e+001
2.071656e+003,9.990664e+001
2.072138e+003,9.993161e+001
2.072620e+003,9.997631e+001
2.073102e+003,1.000498e+002
2.073584e+003,1.001513e+002
2.074066e+003,1.002697e+002
2.074549e+003,1.003886e+002
2.075031e+003,1.004915e+002
2.075513e+003,1.005685e+002
2.075995e+003,1.006181e+002
2.076477e+003,1.006452e+002
2.076959e+003,1.006560e+002
2.077441e+003,1.006538e+002
2.077923e+003,1.006367e+002
2.078406e+003,1.005999e+002
2.078887e+003,1.005404e+002
2.079370e+003,1.004616e+002
2.079852e+003,1.003748e+002
2.080334e+003,1.002968e+002
2.080816e+003,1.002436e+002
2.081298e+003,1.002240e+002
2.081780e+003,1.002348e+002
2.082262e+003,1.002614e+002
2.082744e+003,1.002825e+002
2.083227e+003,1.002787e+002
2.083709e+003,1.002403e+002
2.084191e+003,1.001709e+002
2.084673e+003,1.000865e+002
2.085155e+003,1.000096e+002
2.085637e+003,9.996084e+001
2.086119e+003,9.995312e+001
2.086601e+003,9.998772e+001
2.087083e+003,1.000558e+002
2.087566e+003,1.001422e+002
2.088048e+003,1.002309e+002
2.088530e+003,1.003097e+002
2.089012e+003,1.003713e+002
2.089494e+003,1.004139e+002
2.089976e+003,1.004398e+002
2.090458e+003,1.004540e+002
2.090940e+003,1.004629e+002
2.091423e+003,1.004734e+002
2.091905e+003,1.004917e+002
2.092387e+003,1.005221e+002
2.092869e+003,1.005653e+002
2.093351e+003,1.006175e+002
2.093833e+003,1.006705e+002
2.094315e+003,1.007134e+002
2.094797e+003,1.007364e+002
2.095280e+003,1.007334e+002
2.095762e+003,1.007048e+002
2.096244e+003,1.006568e+002
2.096726e+003,1.005993e+002
2.097208e+003,1.005425e+002
2.097690e+003,1.004947e+002
2.098172e+003,1.004595e+002
2.098654e+003,1.004372e+002
2.099136e+003,1.004247e+002
2.099619e+003,1.004182e+002
2.100101e+003,1.004142e+002
2.100583e+003,1.004101e+002
2.101065e+003,1.004049e+002
2.101547e+003,1.003984e+002
2.102029e+003,1.003915e+002
2.102511e+003,1.003862e+002
2.102993e+003,1.003855e+002
2.103476e+003,1.003929e+002
2.103958e+003,1.004109e+002
2.104440e+003,1.004403e+002
2.104922e+003,1.004788e+002
2.105404e+003,1.005214e+002
2.105886e+003,1.005621e+002
2.106368e+003,1.005957e+002
2.106850e+003,1.006203e+002
2.107333e+003,1.006371e+002
2.107814e+003,1.006504e+002
2.108297e+003,1.006644e+002
2.108779e+003,1.006815e+002
2.109261e+003,1.007006e+002
2.109743e+003,1.007175e+002
2.110225e+003,1.007274e+002
2.110707e+003,1.007276e+002
2.111189e+003,1.007189e+002
2.111671e+003,1.007070e+002
2.112154e+003,1.006999e+002
2.112636e+003,1.007053e+002
2.113118e+003,1.007281e+002
2.113600e+003,1.007682e+002
2.114082e+003,1.008214e+002
2.114564e+003,1.008811e+002
2.115046e+003,1.009410e+002
2.115528e+003,1.009972e+002
2.116010e+003,1.010492e+002
2.116493e+003,1.010988e+002
2.116975e+003,1.011490e+002
2.117457e+003,1.012018e+002
2.117939e+003,1.012577e+002
2.118421e+003,1.013156e+002
2.118903e+003,1.013733e+002
2.119385e+003,1.014282e+002
2.119867e+003,1.014788e+002
2.120350e+003,1.015237e+002
2.120832e+003,1.015623e+002
2.121314e+003,1.015935e+002
2.121796e+003,1.016158e+002
2.122278e+003,1.016267e+002
2.122760e+003,1.016234e+002
2.123242e+003,1.016032e+002
2.123724e+003,1.015641e+002
2.124207e+003,1.015058e+002
2.124689e+003,1.014302e+002
2.125171e+003,1.013422e+002
2.125653e+003,1.012495e+002
2.126135e+003,1.011617e+002
2.126617e+003,1.010894e+002
2.127099e+003,1.010427e+002
2.127581e+003,1.010290e+002
2.128063e+003,1.010514e+002
2.128546e+003,1.011080e+002
2.129028e+003,1.011916e+002
2.129510e+003,1.012911e+002
2.129992e+003,1.013942e+002
2.130474e+003,1.014902e+002
2.130956e+003,1.015719e+002
2.131438e+003,1.016364e+002
2.131920e+003,1.016855e+002
2.132403e+003,1.017237e+002
2.132885e+003,1.017571e+002
2.133367e+003,1.017916e+002
2.133849e+003,1.018311e+002
2.134331e+003,1.018781e+002
2.134813e+003,1.019339e+002
2.135295e+003,1.019992e+002
2.135777e+003,1.020752e+002
2.136260e+003,1.021629e+002
2.136741e+003,1.022626e+002
2.137224e+003,1.023717e+002
2.137706e+003,1.024837e+002
2.138188e+003,1.025878e+002
2.138670e+003,1.026709e+002
2.139152e+003,1.027208e+002
2.139634e+003,1.027309e+002
2.140116e+003,1.027044e+002
2.140598e+003,1.026558e+002
2.141081e+003,1.026087e+002
2.141563e+003,1.025887e+002
2.142045e+003,1.026158e+002
2.142527e+003,1.026970e+002
2.143009e+003,1.028244e+002
2.143491e+003,1.029755e+002
2.143973e+003,1.031208e+002
2.144455e+003,1.032324e+002
2.144938e+003,1.032937e+002
2.145420e+003,1.033042e+002
2.145902e+003,1.032786e+002
2.146384e+003,1.032414e+002
2.146866e+003,1.032187e+002
2.147348e+003,1.032309e+002
2.147830e+003,1.032886e+002
2.148312e+003,1.033910e+002
2.148794e+003,1.035279e+002
2.149277e+003,1.036823e+002
2.149759e+003,1.038323e+002
2.150241e+003,1.039541e+002
2.150723e+003,1.040230e+002
2.151205e+003,1.040165e+002
2.151687e+003,1.039207e+002
2.152169e+003,1.037349e+002
2.152651e+003,1.034760e+002
2.153134e+003,1.031760e+002
2.153616e+003,1.028753e+002
2.154098e+003,1.026140e+002
2.154580e+003,1.024244e+002
2.155062e+003,1.023268e+002
2.155544e+003,1.023284e+002
2.156026e+003,1.024263e+002
2.156508e+003,1.026111e+002
2.156990e+003,1.028691e+002
2.157473e+003,1.031809e+002
2.157955e+003,1.035173e+002
2.158437e+003,1.038362e+002
2.158919e+003,1.040869e+002
2.159401e+003,1.042243e+002
2.159883e+003,1.042273e+002
2.160365e+003,1.041095e+002
2.160847e+003,1.039151e+002
2.161330e+003,1.037019e+002
2.161812e+003,1.035216e+002
2.162294e+003,1.034046e+002
2.162776e+003,1.033530e+002
2.163258e+003,1.033432e+002
2.163740e+003,1.033373e+002
2.164222e+003,1.032981e+002
2.164704e+003,1.032045e+002
2.165187e+003,1.030565e+002
2.165668e+003,1.028734e+002
2.166151e+003,1.026826e+002
2.166633e+003,1.025096e+002
2.167115e+003,1.023689e+002
2.167597e+003,1.022612e+002
2.168079e+003,1.021768e+002
2.168561e+003,1.021007e+002
2.169043e+003,1.020185e+002
2.169525e+003,1.019184e+002
2.170008e+003,1.017911e+002
2.170490e+003,1.016289e+002
2.170972e+003,1.014256e+002
2.171454e+003,1.011793e+002
2.171936e+003,1.008969e+002
2.172418e+003,1.005973e+002
2.172900e+003,1.003117e+002
2.173382e+003,1.000787e+002
2.173865e+003,9.993604e+001
2.174347e+003,9.990882e+001
2.174829e+003,1.000002e+002
2.175311e+003,1.001874e+002
2.175793e+003,1.004277e+002
2.176275e+003,1.006711e+002
2.176757e+003,1.008763e+002
2.177239e+003,1.010213e+002
2.177721e+003,1.011056e+002
2.178204e+003,1.011433e+002
2.178686e+003,1.011533e+002
2.179168e+003,1.011481e+002
2.179650e+003,1.011282e+002
2.180132e+003,1.010828e+002
2.180614e+003,1.009971e+002
2.181096e+003,1.008616e+002
2.181578e+003,1.006803e+002
2.182061e+003,1.004732e+002
2.182543e+003,1.002723e+002
2.183025e+003,1.001125e+002
2.183507e+003,1.000209e+002
2.183989e+003,1.000088e+002
2.184471e+003,1.000694e+002
2.184953e+003,1.001801e+002
2.185435e+003,1.003096e+002
2.185917e+003,1.004252e+002
2.186400e+003,1.005005e+002
2.186882e+003,1.005216e+002
2.187364e+003,1.004894e+002
2.187846e+003,1.004178e+002
2.188328e+003,1.003281e+002
2.188810e+003,1.002416e+002
2.189292e+003,1.001739e+002
2.189774e+003,1.001299e+002
2.190257e+003,1.001044e+002
2.190739e+003,1.000852e+002
2.191221e+003,1.000593e+002
2.191703e+003,1.000193e+002
2.192185e+003,9.996782e+001
2.192667e+003,9.991687e+001
2.193149e+003,9.988389e+001
2.193631e+003,9.988467e+001
2.194114e+003,9.992679e+001
2.194595e+003,1.000066e+002
2.195078e+003,1.001104e+002
2.195560e+003,1.002198e+002
2.196042e+003,1.003188e+002
2.196524e+003,1.003993e+002
2.197006e+003,1.004616e+002
2.197488e+003,1.005121e+002
2.197970e+003,1.005565e+002
2.198452e+003,1.005960e+002
2.198935e+003,1.006239e+002
2.199417e+003,1.006289e+002
2.199899e+003,1.005997e+002
2.200381e+003,1.005323e+002
2.200863e+003,1.004338e+002
2.201345e+003,1.003217e+002
2.201827e+003,1.002202e+002
2.202309e+003,1.001520e+002
2.202792e+003,1.001314e+002
2.203274e+003,1.001599e+002
2.203756e+003,1.002275e+002
2.204238e+003,1.003165e+002
2.204720e+003,1.004081e+002
2.205202e+003,1.004870e+002
2.205684e+003,1.005450e+002
2.206166e+003,1.005804e+002
2.206648e+003,1.005956e+002
2.207131e+003,1.005941e+002
2.207613e+003,1.005784e+002
2.208095e+003,1.005491e+002
2.208577e+003,1.005059e+002
2.209059e+003,1.004484e+002
2.209541e+003,1.003775e+002
2.210023e+003,1.002953e+002
2.210505e+003,1.002049e+002
2.210988e+003,1.001099e+002
2.211470e+003,1.000146e+002
2.211952e+003,9.992490e+001
2.212434e+003,9.984880e+001
2.212916e+003,9.979532e+001
2.213398e+003,9.977287e+001
2.213880e+003,9.978653e+001
2.214362e+003,9.983604e+001
2.214844e+003,9.991525e+001
2.215327e+003,1.000141e+002
2.215809e+003,1.001216e+002
2.216291e+003,1.002292e+002
2.216773e+003,1.003314e+002
2.217255e+003,1.004257e+002
2.217737e+003,1.005092e+002
2.218219e+003,1.005761e+002
2.218701e+003,1.006166e+002
2.219184e+003,1.006188e+002
2.219666e+003,1.005732e+002
2.220148e+003,1.004778e+002
2.220630e+003,1.003426e+002
2.221112e+003,1.001892e+002
2.221594e+003,1.000458e+002
2.222076e+003,9.993954e+001
2.222558e+003,9.988729e+001
2.223041e+003,9.989135e+001
2.223522e+003,9.994007e+001
2.224005e+003,1.000130e+002
2.224487e+003,1.000892e+002
2.224969e+003,1.001551e+002
2.225451e+003,1.002073e+002
2.225933e+003,1.002520e+002
2.226415e+003,1.002991e+002
2.226897e+003,1.003558e+002
2.227379e+003,1.004214e+002
2.227862e+003,1.004874e+002
2.228344e+003,1.005407e+002
2.228826e+003,1.005699e+002
2.229308e+003,1.005706e+002
2.229790e+003,1.005477e+002
2.230272e+003,1.005124e+002
2.230754e+003,1.004797e+002
2.231236e+003,1.004610e+002
2.231719e+003,1.004618e+002
2.232201e+003,1.004803e+002
2.232683e+003,1.005107e+002
2.233165e+003,1.005467e+002
2.233647e+003,1.005850e+002
2.234129e+003,1.006260e+002
2.234611e+003,1.006724e+002
2.235093e+003,1.007259e+002
2.235575e+003,1.007846e+002
2.236058e+003,1.008426e+002
2.236540e+003,1.008917e+002
2.237022e+003,1.009243e+002
2.237504e+003,1.009367e+002
2.237986e+003,1.009305e+002
2.238468e+003,1.009114e+002
2.238950e+003,1.008863e+002
2.239432e+003,1.008604e+002
2.239915e+003,1.008349e+002
2.240397e+003,1.008073e+002
2.240879e+003,1.007725e+002
2.241361e+003,1.007266e+002
2.241843e+003,1.006684e+002
2.242325e+003,1.006008e+002
2.242807e+003,1.005304e+002
2.243289e+003,1.004658e+002
2.243771e+003,1.004157e+002
2.244254e+003,1.003868e+002
2.244736e+003,1.003827e+002
2.245218e+003,1.004026e+002
2.245700e+003,1.004414e+002
2.246182e+003,1.004901e+002
2.246664e+003,1.005366e+002
2.247146e+003,1.005678e+002
2.247628e+003,1.005727e+002
2.248111e+003,1.005448e+002
2.248593e+003,1.004845e+002
2.249075e+003,1.004002e+002
2.249557e+003,1.003063e+002
2.250039e+003,1.002195e+002
2.250521e+003,1.001552e+002
2.251003e+003,1.001238e+002
2.251485e+003,1.001289e+002
2.251968e+003,1.001673e+002
2.252449e+003,1.002310e+002
2.252932e+003,1.003097e+002
2.253414e+003,1.003928e+002
2.253896e+003,1.004708e+002
2.254378e+003,1.005352e+002
2.254860e+003,1.005787e+002
2.255342e+003,1.005947e+002
2.255824e+003,1.005786e+002
2.256306e+003,1.005292e+002
2.256789e+003,1.004497e+002
2.257271e+003,1.003482e+002
2.257753e+003,1.002363e+002
2.258235e+003,1.001267e+002
2.258717e+003,1.000309e+002
2.259199e+003,9.995686e+001
2.259681e+003,9.990778e+001
2.260163e+003,9.988243e+001
2.260646e+003,9.987641e+001
2.261128e+003,9.988361e+001
2.261610e+003,9.989797e+001
2.262092e+003,9.991451e+001
2.262574e+003,9.992989e+001
2.263056e+003,9.994281e+001
2.263538e+003,9.995368e+001
2.264020e+003,9.996434e+001
2.264502e+003,9.997726e+001
2.264985e+003,9.999438e+001
2.265467e+003,1.000159e+002
2.265949e+003,1.000397e+002
2.266431e+003,1.000612e+002
2.266913e+003,1.000748e+002
2.267395e+003,1.000758e+002
2.267877e+003,1.000629e+002
2.268359e+003,1.000385e+002
2.268842e+003,1.000091e+002
2.269324e+003,9.998219e+001
2.269806e+003,9.996439e+001
2.270288e+003,9.995851e+001
2.270770e+003,9.996295e+001
2.271252e+003,9.997293e+001
2.271734e+003,9.998301e+001
2.272216e+003,9.999004e+001
2.272698e+003,9.999477e+001
2.273181e+003,1.000012e+002
2.273663e+003,1.000147e+002
2.274145e+003,1.000385e+002
2.274627e+003,1.000711e+002
2.275109e+003,1.001063e+002
2.275591e+003,1.001342e+002
2.276073e+003,1.001454e+002
2.276555e+003,1.001342e+002
2.277038e+003,1.001013e+002
2.277520e+003,1.000536e+002
2.278002e+003,1.000015e+002
2.278484e+003,9.995623e+001
2.278966e+003,9.992605e+001
2.279448e+003,9.991422e+001
2.279930e+003,9.991947e+001
2.280412e+003,9.993725e+001
2.280895e+003,9.996204e+001
2.281376e+003,9.998951e+001
2.281859e+003,1.000170e+002
2.282341e+003,1.000434e+002
2.282823e+003,1.000681e+002
2.283305e+003,1.000899e+002
2.283787e+003,1.001073e+002
2.284269e+003,1.001179e+002
2.284751e+003,1.001197e+002
2.285233e+003,1.001121e+002
2.285716e+003,1.000959e+002
2.286198e+003,1.000730e+002
2.286680e+003,1.000463e+002
2.287162e+003,1.000183e+002
2.287644e+003,9.999110e+001
2.288126e+003,9.996606e+001
2.288608e+003,9.994391e+001
2.289090e+003,9.992498e+001
2.289573e+003,9.990944e+001
2.290055e+003,9.989725e+001
2.290537e+003,9.988823e+001
2.291019e+003,9.988190e+001
2.291501e+003,9.987768e+001
2.291983e+003,9.987518e+001
2.292465e+003,9.987431e+001
2.292947e+003,9.987550e+001
2.293429e+003,9.987955e+001
2.293912e+003,9.988741e+001
2.294394e+003,9.989970e+001
2.294876e+003,9.991650e+001
2.295358e+003,9.993716e+001
2.295840e+003,9.996015e+001
2.296322e+003,9.998314e+001
2.296804e+003,1.000031e+002
2.297286e+003,1.000162e+002
2.297769e+003,1.000189e+002
2.298251e+003,1.000079e+002
2.298733e+003,9.998192e+001
2.299215e+003,9.994213e+001
2.299697e+003,9.989296e+001
2.300179e+003,9.984192e+001
2.300661e+003,9.979817e+001
2.301143e+003,9.977063e+001
2.301625e+003,9.976566e+001
2.302108e+003,9.978519e+001
2.302590e+003,9.982620e+001
2.303072e+003,9.988148e+001
2.303554e+003,9.994167e+001
2.304036e+003,9.999769e+001
2.304518e+003,1.000430e+002
2.305000e+003,1.000746e+002
2.305482e+003,1.000935e+002
2.305965e+003,1.001029e+002
2.306447e+003,1.001078e+002
2.306929e+003,1.001128e+002
2.307411e+003,1.001218e+002
2.307893e+003,1.001373e+002
2.308375e+003,1.001606e+002
2.308857e+003,1.001920e+002
2.309339e+003,1.002304e+002
2.309822e+003,1.002734e+002
2.310303e+003,1.003175e+002
2.310786e+003,1.003581e+002
2.311268e+003,1.003908e+002
2.311750e+003,1.004121e+002
2.312232e+003,1.004209e+002
2.312714e+003,1.004187e+002
2.313196e+003,1.004089e+002
2.313678e+003,1.003966e+002
2.314160e+003,1.003863e+002
2.314643e+003,1.003819e+002
2.315125e+003,1.003856e+002
2.315607e+003,1.003983e+002
2.316089e+003,1.004203e+002
2.316571e+003,1.004521e+002
2.317053e+003,1.004938e+002
2.317535e+003,1.005449e+002
2.318017e+003,1.006036e+002
2.318500e+003,1.006661e+002
2.318982e+003,1.007273e+002
2.319464e+003,1.007815e+002
2.319946e+003,1.008240e+002
2.320428e+003,1.008525e+002
2.320910e+003,1.008680e+002
2.321392e+003,1.008738e+002
2.321874e+003,1.008740e+002
2.322356e+003,1.008720e+002
2.322839e+003,1.008685e+002
2.323321e+003,1.008617e+002
2.323803e+003,1.008484e+002
2.324285e+003,1.008258e+002
2.324767e+003,1.007933e+002
2.325249e+003,1.007533e+002
2.325731e+003,1.007106e+002
2.326213e+003,1.006717e+002
2.326696e+003,1.006425e+002
2.327178e+003,1.006268e+002
2.327660e+003,1.006252e+002
2.328142e+003,1.006348e+002
2.328624e+003,1.006500e+002
2.329106e+003,1.006644e+002
2.329588e+003,1.006727e+002
2.330070e+003,1.006729e+002
2.330552e+003,1.006669e+002
2.331035e+003,1.006606e+002
2.331517e+003,1.006617e+002
2.331999e+003,1.006775e+002
2.332481e+003,1.007128e+002
2.332963e+003,1.007676e+002
2.333445e+003,1.008364e+002
2.333927e+003,1.009082e+002
2.334409e+003,1.009687e+002
2.334892e+003,1.010038e+002
2.335374e+003,1.010024e+002
2.335856e+003,1.009602e+002
2.336338e+003,1.008814e+002
2.336820e+003,1.007779e+002
2.337302e+003,1.006668e+002
2.337784e+003,1.005663e+002
2.338266e+003,1.004911e+002
2.338749e+003,1.004497e+002
2.339230e+003,1.004430e+002
2.339713e+003,1.004655e+002
2.340195e+003,1.005079e+002
2.340677e+003,1.005608e+002
2.341159e+003,1.006167e+002
2.341641e+003,1.006709e+002
2.342123e+003,1.007184e+002
2.342605e+003,1.007517e+002
2.343087e+003,1.007607e+002
2.343570e+003,1.007382e+002
2.344052e+003,1.006865e+002
2.344534e+003,1.006190e+002
2.345016e+003,1.005543e+002
2.345498e+003,1.005065e+002
2.345980e+003,1.004785e+002
2.346462e+003,1.004630e+002
2.346944e+003,1.004499e+002
2.347427e+003,1.004323e+002
2.347909e+003,1.004091e+002
2.348391e+003,1.003839e+002
2.348873e+003,1.003613e+002
2.349355e+003,1.003439e+002
2.349837e+003,1.003302e+002
2.350319e+003,1.003147e+002
2.350801e+003,1.002888e+002
2.351283e+003,1.002442e+002
2.351766e+003,1.001768e+002
2.352248e+003,1.000919e+002
2.352730e+003,1.000046e+002
2.353212e+003,9.993481e+001
2.353694e+003,9.989673e+001
2.354176e+003,9.989385e+001
2.354658e+003,9.992044e+001
2.355140e+003,9.996730e+001
2.355623e+003,1.000261e+002
2.356105e+003,1.000903e+002
2.356587e+003,1.001514e+002
2.357069e+003,1.001970e+002
2.357551e+003,1.002152e+002
2.358033e+003,1.002035e+002
2.358515e+003,1.001739e+002
2.358997e+003,1.001470e+002
2.359479e+003,1.001340e+002
2.359962e+003,1.001253e+002
2.360444e+003,1.001015e+002
2.360926e+003,1.000548e+002
2.361408e+003,9.999551e+001
2.361890e+003,9.994321e+001
2.362372e+003,9.991862e+001
2.362854e+003,9.993594e+001
2.363336e+003,9.999423e+001
2.363819e+003,1.000771e+002
2.364301e+003,1.001600e+002
2.364783e+003,1.002208e+002
2.365265e+003,1.002466e+002
2.365747e+003,1.002365e+002
2.366229e+003,1.002005e+002
2.366711e+003,1.001545e+002
2.367193e+003,1.001137e+002
2.367676e+003,1.000884e+002
2.368157e+003,1.000831e+002
2.368640e+003,1.000974e+002
2.369122e+003,1.001277e+002
2.369604e+003,1.001690e+002
2.370086e+003,1.002155e+002
2.370568e+003,1.002617e+002
2.371050e+003,1.003023e+002
2.371532e+003,1.003338e+002
2.372014e+003,1.003549e+002
2.372497e+003,1.003664e+002
2.372979e+003,1.003710e+002
2.373461e+003,1.003712e+002
2.373943e+003,1.003685e+002
2.374425e+003,1.003623e+002
2.374907e+003,1.003504e+002
2.375389e+003,1.003301e+002
2.375872e+003,1.002997e+002
2.376354e+003,1.002599e+002
2.376836e+003,1.002135e+002
2.377318e+003,1.001652e+002
2.377800e+003,1.001202e+002
2.378282e+003,1.000830e+002
2.378764e+003,1.000562e+002
2.379246e+003,1.000411e+002
2.379729e+003,1.000374e+002
2.380210e+003,1.000446e+002
2.380693e+003,1.000619e+002
2.381175e+003,1.000886e+002
2.381657e+003,1.001240e+002
2.382139e+003,1.001672e+002
2.382621e+003,1.002163e+002
2.383103e+003,1.002689e+002
2.383585e+003,1.003225e+002
2.384067e+003,1.003745e+002
2.384550e+003,1.004224e+002
2.385032e+003,1.004640e+002
2.385514e+003,1.004978e+002
2.385996e+003,1.005226e+002
2.386478e+003,1.005383e+002
2.386960e+003,1.005467e+002
2.387442e+003,1.005507e+002
2.387924e+003,1.005552e+002
2.388406e+003,1.005652e+002
2.388889e+003,1.005846e+002
2.389371e+003,1.006147e+002
2.389853e+003,1.006535e+002
2.390335e+003,1.006960e+002
2.390817e+003,1.007355e+002
2.391299e+003,1.007657e+002
2.391781e+003,1.007829e+002
2.392263e+003,1.007868e+002
2.392746e+003,1.007807e+002
2.393228e+003,1.007698e+002
2.393710e+003,1.007596e+002
2.394192e+003,1.007541e+002
2.394674e+003,1.007546e+002
2.395156e+003,1.007609e+002
2.395638e+003,1.007712e+002
2.396120e+003,1.007845e+002
2.396603e+003,1.008003e+002
2.397085e+003,1.008193e+002
2.397567e+003,1.008428e+002
2.398049e+003,1.008709e+002
2.398531e+003,1.009030e+002
2.399013e+003,1.009367e+002
2.399495e+003,1.009692e+002
2.399977e+003,1.009979e+002
2.400459e+003,1.010222e+002
2.400942e+003,1.010405e+002
2.401424e+003,1.010535e+002
2.401906e+003,1.010622e+002
2.402388e+003,1.010672e+002
2.402870e+003,1.010686e+002
2.403352e+003,1.010655e+002
2.403834e+003,1.010570e+002
2.404316e+003,1.010428e+002
2.404799e+003,1.010232e+002
2.405281e+003,1.009999e+002
2.405763e+003,1.009748e+002
2.406245e+003,1.009505e+002
2.406727e+003,1.009290e+002
2.407209e+003,1.009118e+002
2.407691e+003,1.008999e+002
2.408173e+003,1.008938e+002
2.408656e+003,1.008934e+002
2.409137e+003,1.008984e+002
2.409620e+003,1.009078e+002
2.410102e+003,1.009205e+002
2.410584e+003,1.009348e+002
2.411066e+003,1.009486e+002
2.411548e+003,1.009601e+002
2.412030e+003,1.009676e+002
2.412512e+003,1.009698e+002
2.412994e+003,1.009664e+002
2.413477e+003,1.009578e+002
2.413959e+003,1.009454e+002
2.414441e+003,1.009312e+002
2.414923e+003,1.009176e+002
2.415405e+003,1.009066e+002
2.415887e+003,1.008996e+002
2.416369e+003,1.008964e+002
2.416851e+003,1.008956e+002
2.417333e+003,1.008947e+002
2.417816e+003,1.008914e+002
2.418298e+003,1.008839e+002
2.418780e+003,1.008724e+002
2.419262e+003,1.008592e+002
2.419744e+003,1.008477e+002
2.420226e+003,1.008417e+002
2.420708e+003,1.008434e+002
2.421190e+003,1.008532e+002
2.421673e+003,1.008684e+002
2.422155e+003,1.008849e+002
2.422637e+003,1.008981e+002
2.423119e+003,1.009044e+002
2.423601e+003,1.009026e+002
2.424083e+003,1.008937e+002
2.424565e+003,1.008810e+002
2.425047e+003,1.008678e+002
2.425530e+003,1.008572e+002
2.426012e+003,1.008500e+002
2.426494e+003,1.008453e+002
2.426976e+003,1.008401e+002
2.427458e+003,1.008307e+002
2.427940e+003,1.008137e+002
2.428422e+003,1.007871e+002
2.428904e+003,1.007505e+002
2.429386e+003,1.007058e+002
2.429869e+003,1.006566e+002
2.430351e+003,1.006076e+002
2.430833e+003,1.005638e+002
2.431315e+003,1.005289e+002
2.431797e+003,1.005052e+002
2.432279e+003,1.004928e+002
2.432761e+003,1.004895e+002
2.433243e+003,1.004920e+002
2.433726e+003,1.004969e+002
2.434208e+003,1.005016e+002
2.434690e+003,1.005052e+002
2.435172e+003,1.005087e+002
2.435654e+003,1.005136e+002
2.436136e+003,1.005212e+002
2.436618e+003,1.005315e+002
2.437100e+003,1.005422e+002
2.437583e+003,1.005497e+002
2.438064e+003,1.005501e+002
2.438547e+003,1.005404e+002
2.439029e+003,1.005203e+002
2.439511e+003,1.004919e+002
2.439993e+003,1.004596e+002
2.440475e+003,1.004283e+002
2.440957e+003,1.004022e+002
2.441439e+003,1.003830e+002
2.441921e+003,1.003702e+002
2.442404e+003,1.003612e+002
2.442886e+003,1.003529e+002
2.443368e+003,1.003428e+002
2.443850e+003,1.003298e+002
2.444332e+003,1.003145e+002
2.444814e+003,1.002985e+002
2.445296e+003,1.002834e+002
2.445778e+003,1.002700e+002
2.446260e+003,1.002579e+002
2.446743e+003,1.002457e+002
2.447225e+003,1.002318e+002
2.447707e+003,1.002155e+002
2.448189e+003,1.001970e+002
2.448671e+003,1.001779e+002
2.449153e+003,1.001604e+002
2.449635e+003,1.001466e+002
2.450117e+003,1.001378e+002
2.450600e+003,1.001339e+002
2.451082e+003,1.001335e+002
2.451564e+003,1.001350e+002
2.452046e+003,1.001369e+002
2.452528e+003,1.001388e+002
2.453010e+003,1.001414e+002
2.453492e+003,1.001467e+002
2.453974e+003,1.001565e+002
2.454457e+003,1.001727e+002
2.454939e+003,1.001959e+002
2.455421e+003,1.002255e+002
2.455903e+003,1.002600e+002
2.456385e+003,1.002975e+002
2.456867e+003,1.003363e+002
2.457349e+003,1.003750e+002
2.457831e+003,1.004128e+002
2.458313e+003,1.004491e+002
2.458796e+003,1.004826e+002
2.459278e+003,1.005119e+002
2.459760e+003,1.005353e+002
2.460242e+003,1.005510e+002
2.460724e+003,1.005584e+002
2.461206e+003,1.005583e+002
2.461688e+003,1.005529e+002
2.462170e+003,1.005457e+002
2.462653e+003,1.005400e+002
2.463135e+003,1.005387e+002
2.463617e+003,1.005425e+002
2.464099e+003,1.005507e+002
2.464581e+003,1.005606e+002
2.465063e+003,1.005694e+002
2.465545e+003,1.005744e+002
2.466027e+003,1.005743e+002
2.466510e+003,1.005692e+002
2.466992e+003,1.005608e+002
2.467474e+003,1.005513e+002
2.467956e+003,1.005433e+002
2.468438e+003,1.005385e+002
2.468920e+003,1.005381e+002
2.469402e+003,1.005423e+002
2.469884e+003,1.005509e+002
2.470366e+003,1.005634e+002
2.470849e+003,1.005790e+002
2.471331e+003,1.005969e+002
2.471813e+003,1.006161e+002
2.472295e+003,1.006357e+002
2.472777e+003,1.006540e+002
2.473259e+003,1.006696e+002
2.473741e+003,1.006811e+002
2.474223e+003,1.006871e+002
2.474706e+003,1.006871e+002
2.475188e+003,1.006809e+002
2.475670e+003,1.006694e+002
2.476152e+003,1.006542e+002
2.476634e+003,1.006371e+002
2.477116e+003,1.006207e+002
2.477598e+003,1.006069e+002
2.478080e+003,1.005975e+002
2.478563e+003,1.005934e+002
2.479044e+003,1.005943e+002
2.479527e+003,1.005993e+002
2.480009e+003,1.006064e+002
2.480491e+003,1.006132e+002
2.480973e+003,1.006172e+002
2.481455e+003,1.006165e+002
2.481937e+003,1.006103e+002
2.482419e+003,1.005986e+002
2.482901e+003,1.005825e+002
2.483384e+003,1.005639e+002
2.483866e+003,1.005451e+002
2.484348e+003,1.005281e+002
2.484830e+003,1.005141e+002
2.485312e+003,1.005036e+002
2.485794e+003,1.004959e+002
2.486276e+003,1.004901e+002
2.486758e+003,1.004851e+002
2.487240e+003,1.004804e+002
2.487723e+003,1.004762e+002
2.488205e+003,1.004739e+002
2.488687e+003,1.004748e+002
2.489169e+003,1.004802e+002
2.489651e+003,1.004902e+002
2.490133e+003,1.005037e+002
2.490615e+003,1.005180e+002
2.491097e+003,1.005298e+002
2.491580e+003,1.005359e+002
2.492062e+003,1.005344e+002
2.492544e+003,1.005251e+002
2.493026e+003,1.005099e+002
2.493508e+003,1.004919e+002
2.493990e+003,1.004745e+002
2.494472e+003,1.004607e+002
2.494954e+003,1.004516e+002
2.495437e+003,1.004468e+002
2.495919e+003,1.004450e+002
2.496401e+003,1.004443e+002
2.496883e+003,1.004434e+002
2.497365e+003,1.004422e+002
2.497847e+003,1.004414e+002
2.498329e+003,1.004423e+002
2.498811e+003,1.004454e+002
2.499293e+003,1.004502e+002
2.499776e+003,1.004549e+002
2.500258e+003,1.004570e+002
2.500740e+003,1.004540e+002
2.501222e+003,1.004452e+002
2.501704e+003,1.004318e+002
2.502186e+003,1.004174e+002
2.502668e+003,1.004065e+002
2.503150e+003,1.004032e+002
2.503633e+003,1.004093e+002
2.504115e+003,1.004242e+002
2.504597e+003,1.004440e+002
2.505079e+003,1.004635e+002
2.505561e+003,1.004778e+002
2.506043e+003,1.004839e+002
2.506525e+003,1.004819e+002
2.507007e+003,1.004749e+002
2.507490e+003,1.004676e+002
2.507971e+003,1.004648e+002
2.508454e+003,1.004691e+002
2.508936e+003,1.004806e+002
2.509418e+003,1.004960e+002
2.509900e+003,1.005104e+002
2.510382e+003,1.005188e+002
2.510864e+003,1.005173e+002
2.511346e+003,1.005044e+002
2.511828e+003,1.004813e+002
2.512311e+003,1.004513e+002
2.512793e+003,1.004188e+002
2.513275e+003,1.003882e+002
2.513757e+003,1.003631e+002
2.514239e+003,1.003456e+002
2.514721e+003,1.003360e+002
2.515203e+003,1.003331e+002
2.515685e+003,1.003343e+002
2.516167e+003,1.003361e+002
2.516650e+003,1.003350e+002
2.517132e+003,1.003286e+002
2.517614e+003,1.003157e+002
2.518096e+003,1.002973e+002
2.518578e+003,1.002765e+002
2.519060e+003,1.002573e+002
2.519542e+003,1.002439e+002
2.520024e+003,1.002388e+002
2.520507e+003,1.002424e+002
2.520989e+003,1.002528e+002
2.521471e+003,1.002662e+002
2.521953e+003,1.002780e+002
2.522435e+003,1.002850e+002
2.522917e+003,1.002854e+002
2.523399e+003,1.002798e+002
2.523881e+003,1.002708e+002
2.524364e+003,1.002620e+002
2.524846e+003,1.002571e+002
2.525328e+003,1.002587e+002
2.525810e+003,1.002682e+002
2.526292e+003,1.002854e+002
2.526774e+003,1.003091e+002
2.527256e+003,1.003370e+002
2.527738e+003,1.003667e+002
2.528220e+003,1.003952e+002
2.528703e+003,1.004199e+002
2.529185e+003,1.004387e+002
2.529667e+003,1.004502e+002
2.530149e+003,1.004539e+002
2.530631e+003,1.004509e+002
2.531113e+003,1.004428e+002
2.531595e+003,1.004322e+002
2.532077e+003,1.004213e+002
2.532560e+003,1.004121e+002
2.533042e+003,1.004056e+002
2.533524e+003,1.004018e+002
2.534006e+003,1.004002e+002
2.534488e+003,1.003998e+002
2.534970e+003,1.003995e+002
2.535452e+003,1.003986e+002
2.535934e+003,1.003968e+002
2.536417e+003,1.003944e+002
2.536898e+003,1.003922e+002
2.537381e+003,1.003914e+002
2.537863e+003,1.003934e+002
2.538345e+003,1.003996e+002
2.538827e+003,1.004106e+002
2.539309e+003,1.004265e+002
2.539791e+003,1.004462e+002
2.540273e+003,1.004684e+002
2.540755e+003,1.004908e+002
2.541238e+003,1.005118e+002
2.541720e+003,1.005301e+002
2.542202e+003,1.005450e+002
2.542684e+003,1.005567e+002
2.543166e+003,1.005658e+002
2.543648e+003,1.005730e+002
2.544130e+003,1.005786e+002
2.544612e+003,1.005827e+002
2.545094e+003,1.005848e+002
2.545577e+003,1.005846e+002
2.546059e+003,1.005815e+002
2.546541e+003,1.005755e+002
2.547023e+003,1.005663e+002
2.547505e+003,1.005541e+002
2.547987e+003,1.005388e+002
2.548469e+003,1.005203e+002
2.548951e+003,1.004985e+002
2.549434e+003,1.004736e+002
2.549916e+003,1.004460e+002
2.550398e+003,1.004168e+002
2.550880e+003,1.003873e+002
2.551362e+003,1.003594e+002
2.551844e+003,1.003349e+002
2.552326e+003,1.003154e+002
2.552808e+003,1.003023e+002
2.553291e+003,1.002961e+002
2.553773e+003,1.002967e+002
2.554255e+003,1.003034e+002
2.554737e+003,1.003146e+002
2.555219e+003,1.003287e+002
2.555701e+003,1.003439e+002
2.556183e+003,1.003586e+002
2.556665e+003,1.003715e+002
2.557147e+003,1.003814e+002
2.557630e+003,1.003874e+002
2.558112e+003,1.003885e+002
2.558594e+003,1.003839e+002
2.559076e+003,1.003734e+002
2.559558e+003,1.003576e+002
2.560040e+003,1.003384e+002
2.560522e+003,1.003186e+002
2.561004e+003,1.003014e+002
2.561487e+003,1.002899e+002
2.561969e+003,1.002854e+002
2.562451e+003,1.002875e+002
2.562933e+003,1.002939e+002
2.563415e+003,1.003009e+002
2.563897e+003,1.003046e+002
2.564379e+003,1.003021e+002
2.564861e+003,1.002918e+002
2.565344e+003,1.002744e+002
2.565825e+003,1.002513e+002
2.566308e+003,1.002250e+002
2.566790e+003,1.001977e+002
2.567272e+003,1.001716e+002
2.567754e+003,1.001484e+002
2.568236e+003,1.001301e+002
2.568718e+003,1.001184e+002
2.569200e+003,1.001150e+002
2.569682e+003,1.001206e+002
2.570165e+003,1.001350e+002
2.570647e+003,1.001560e+002
2.571129e+003,1.001802e+002
2.571611e+003,1.002038e+002
2.572093e+003,1.002234e+002
2.572575e+003,1.002369e+002
2.573057e+003,1.002440e+002
2.573539e+003,1.002460e+002
2.574021e+003,1.002447e+002
2.574504e+003,1.002422e+002
2.574986e+003,1.002397e+002
2.575468e+003,1.002376e+002
2.575950e+003,1.002357e+002
2.576432e+003,1.002338e+002
2.576914e+003,1.002317e+002
2.577396e+003,1.002295e+002
2.577878e+003,1.002271e+002
2.578361e+003,1.002246e+002
2.578843e+003,1.002216e+002
2.579325e+003,1.002178e+002
2.579807e+003,1.002135e+002
2.580289e+003,1.002094e+002
2.580771e+003,1.002072e+002
2.581253e+003,1.002084e+002
2.581735e+003,1.002143e+002
2.582218e+003,1.002248e+002
2.582700e+003,1.002389e+002
2.583182e+003,1.002545e+002
2.583664e+003,1.002694e+002
2.584146e+003,1.002822e+002
2.584628e+003,1.002924e+002
2.585110e+003,1.003007e+002
2.585592e+003,1.003082e+002
2.586074e+003,1.003157e+002
2.586557e+003,1.003231e+002
2.587039e+003,1.003294e+002
2.587521e+003,1.003335e+002
2.588003e+003,1.003339e+002
2.588485e+003,1.003299e+002
2.588967e+003,1.003218e+002
2.589449e+003,1.003101e+002
2.589931e+003,1.002956e+002
2.590414e+003,1.002786e+002
2.590896e+003,1.002595e+002
2.591378e+003,1.002387e+002
2.591860e+003,1.002171e+002
2.592342e+003,1.001966e+002
2.592824e+003,1.001797e+002
2.593306e+003,1.001686e+002
2.593788e+003,1.001649e+002
2.594271e+003,1.001685e+002
2.594752e+003,1.001774e+002
2.595235e+003,1.001884e+002
2.595717e+003,1.001975e+002
2.596199e+003,1.002012e+002
2.596681e+003,1.001973e+002
2.597163e+003,1.001851e+002
2.597645e+003,1.001655e+002
2.598127e+003,1.001406e+002
2.598609e+003,1.001133e+002
2.599092e+003,1.000864e+002
2.599574e+003,1.000629e+002
2.600056e+003,1.000449e+002
2.600538e+003,1.000336e+002
2.601020e+003,1.000288e+002
2.601502e+003,1.000288e+002
2.601984e+003,1.000310e+002
2.602466e+003,1.000325e+002
2.602948e+003,1.000313e+002
2.603431e+003,1.000267e+002
2.603913e+003,1.000201e+002
2.604395e+003,1.000138e+002
2.604877e+003,1.000107e+002
2.605359e+003,1.000125e+002
2.605841e+003,1.000190e+002
2.606323e+003,1.000281e+002
2.606805e+003,1.000365e+002
2.607288e+003,1.000407e+002
2.607770e+003,1.000384e+002
2.608252e+003,1.000291e+002
2.608734e+003,1.000146e+002
2.609216e+003,9.999750e+001
2.609698e+003,9.998089e+001
2.610180e+003,9.996716e+001
2.610662e+003,9.995766e+001
2.611145e+003,9.995258e+001
2.611627e+003,9.995136e+001
2.612109e+003,9.995296e+001
2.612591e+003,9.995596e+001
2.613073e+003,9.995871e+001
2.613555e+003,9.995920e+001
2.614037e+003,9.995544e+001
2.614519e+003,9.994604e+001
2.615001e+003,9.993066e+001
2.615484e+003,9.991058e+001
2.615966e+003,9.988858e+001
2.616448e+003,9.986818e+001
2.616930e+003,9.985262e+001
2.617412e+003,9.984382e+001
2.617894e+003,9.984171e+001
2.618376e+003,9.984448e+001
2.618858e+003,9.984947e+001
2.619341e+003,9.985429e+001
2.619823e+003,9.985767e+001
2.620305e+003,9.985993e+001
2.620787e+003,9.986224e+001
2.621269e+003,9.986588e+001
2.621751e+003,9.987125e+001
2.622233e+003,9.987755e+001
2.622715e+003,9.988313e+001
2.623198e+003,9.988642e+001
2.623679e+003,9.988678e+001
2.624162e+003,9.988519e+001
2.624644e+003,9.988389e+001
2.625126e+003,9.988562e+001
2.625608e+003,9.989217e+001
2.626090e+003,9.990374e+001
2.626572e+003,9.991847e+001
2.627054e+003,9.993317e+001
2.627536e+003,9.994444e+001
2.628019e+003,9.994996e+001
2.628501e+003,9.994928e+001
2.628983e+003,9.994386e+001
2.629465e+003,9.993649e+001
2.629947e+003,9.993011e+001
2.630429e+003,9.992693e+001
2.630911e+003,9.992778e+001
2.631393e+003,9.993228e+001
2.631875e+003,9.993932e+001
2.632358e+003,9.994779e+001
2.632840e+003,9.995718e+001
2.633322e+003,9.996770e+001
2.633804e+003,9.997997e+001
2.634286e+003,9.999447e+001
2.634768e+003,1.000112e+002
2.635250e+003,1.000292e+002
2.635732e+003,1.000470e+002
2.636215e+003,1.000628e+002
2.636697e+003,1.000752e+002
2.637179e+003,1.000836e+002
2.637661e+003,1.000885e+002
2.638143e+003,1.000915e+002
2.638625e+003,1.000945e+002
2.639107e+003,1.000995e+002
2.639589e+003,1.001078e+002
2.640072e+003,1.001194e+002
2.640554e+003,1.001336e+002
2.641036e+003,1.001486e+002
2.641518e+003,1.001623e+002
2.642000e+003,1.001728e+002
2.642482e+003,1.001789e+002
2.642964e+003,1.001804e+002
2.643446e+003,1.001780e+002
2.643928e+003,1.001735e+002
2.644411e+003,1.001689e+002
2.644893e+003,1.001663e+002
2.645375e+003,1.001674e+002
2.645857e+003,1.001728e+002
2.646339e+003,1.001824e+002
2.646821e+003,1.001952e+002
2.647303e+003,1.002097e+002
2.647785e+003,1.002241e+002
2.648268e+003,1.002373e+002
2.648750e+003,1.002487e+002
2.649232e+003,1.002587e+002
2.649714e+003,1.002682e+002
2.650196e+003,1.002787e+002
2.650678e+003,1.002917e+002
2.651160e+003,1.003081e+002
2.651642e+003,1.003280e+002
2.652125e+003,1.003507e+002
2.652606e+003,1.003749e+002
2.653089e+003,1.003991e+002
2.653571e+003,1.004218e+002
2.654053e+003,1.004419e+002
2.654535e+003,1.004588e+002
2.655017e+003,1.004722e+002
2.655499e+003,1.004824e+002
2.655981e+003,1.004894e+002
2.656463e+003,1.004939e+002
2.656946e+003,1.004967e+002
2.657428e+003,1.004988e+002
2.657910e+003,1.005017e+002
2.658392e+003,1.005066e+002
2.658874e+003,1.005143e+002
2.659356e+003,1.005250e+002
2.659838e+003,1.005380e+002
2.660320e+003,1.005521e+002
2.660802e+003,1.005660e+002
2.661285e+003,1.005787e+002
2.661767e+003,1.005900e+002
2.662249e+003,1.006003e+002
2.662731e+003,1.006106e+002
2.663213e+003,1.006216e+002
2.663695e+003,1.006337e+002
2.664177e+003,1.006463e+002
2.664659e+003,1.006588e+002
2.665142e+003,1.006703e+002
2.665624e+003,1.006805e+002
2.666106e+003,1.006899e+002
2.666588e+003,1.006999e+002
2.667070e+003,1.007118e+002
2.667552e+003,1.007267e+002
2.668034e+003,1.007448e+002
2.668516e+003,1.007654e+002
2.668999e+003,1.007873e+002
2.669481e+003,1.008092e+002
2.669963e+003,1.008301e+002
2.670445e+003,1.008503e+002
2.670927e+003,1.008700e+002
2.671409e+003,1.008901e+002
2.671891e+003,1.009107e+002
2.672373e+003,1.009311e+002
2.672855e+003,1.009495e+002
2.673338e+003,1.009642e+002
2.673820e+003,1.009737e+002
2.674302e+003,1.009774e+002
2.674784e+003,1.009760e+002
2.675266e+003,1.009716e+002
2.675748e+003,1.009665e+002
2.676230e+003,1.009628e+002
2.676712e+003,1.009621e+002
2.677195e+003,1.009646e+002
2.677677e+003,1.009698e+002
2.678159e+003,1.009768e+002
2.678641e+003,1.009849e+002
2.679123e+003,1.009937e+002
2.679605e+003,1.010034e+002
2.680087e+003,1.010146e+002
2.680569e+003,1.010277e+002
2.681052e+003,1.010429e+002
2.681533e+003,1.010594e+002
2.682016e+003,1.010760e+002
2.682498e+003,1.010910e+002
2.682980e+003,1.011028e+002
2.683462e+003,1.011104e+002
2.683944e+003,1.011134e+002
2.684426e+003,1.011127e+002
2.684908e+003,1.011099e+002
2.685390e+003,1.011073e+002
2.685873e+003,1.011071e+002
2.686355e+003,1.011113e+002
2.686837e+003,1.011206e+002
2.687319e+003,1.011349e+002
2.687801e+003,1.011528e+002
2.688283e+003,1.011723e+002
2.688765e+003,1.011916e+002
2.689247e+003,1.012086e+002
2.689729e+003,1.012222e+002
2.690212e+003,1.012319e+002
2.690694e+003,1.012378e+002
2.691176e+003,1.012399e+002
2.691658e+003,1.012385e+002
2.692140e+003,1.012338e+002
2.692622e+003,1.012259e+002
2.693104e+003,1.012152e+002
2.693586e+003,1.012024e+002
2.694069e+003,1.011887e+002
2.694551e+003,1.011754e+002
2.695033e+003,1.011639e+002
2.695515e+003,1.011549e+002
2.695997e+003,1.011486e+002
2.696479e+003,1.011444e+002
2.696961e+003,1.011411e+002
2.697443e+003,1.011376e+002
2.697926e+003,1.011328e+002
2.698408e+003,1.011266e+002
2.698890e+003,1.011193e+002
2.699372e+003,1.011118e+002
2.699854e+003,1.011050e+002
2.700336e+003,1.010997e+002
2.700818e+003,1.010961e+002
2.701300e+003,1.010935e+002
2.701782e+003,1.010912e+002
2.702265e+003,1.010879e+002
2.702747e+003,1.010827e+002
2.703229e+003,1.010752e+002
2.703711e+003,1.010657e+002
2.704193e+003,1.010548e+002
2.704675e+003,1.010437e+002
2.705157e+003,1.010334e+002
2.705639e+003,1.010244e+002
2.706122e+003,1.010168e+002
2.706604e+003,1.010102e+002
2.707086e+003,1.010041e+002
2.707568e+003,1.009980e+002
2.708050e+003,1.009920e+002
2.708532e+003,1.009867e+002
2.709014e+003,1.009830e+002
2.709496e+003,1.009819e+002
2.709979e+003,1.009841e+002
2.710461e+003,1.009897e+002
2.710943e+003,1.009979e+002
2.711425e+003,1.010073e+002
2.711907e+003,1.010161e+002
2.712389e+003,1.010233e+002
2.712871e+003,1.010282e+002
2.713353e+003,1.010314e+002
2.713835e+003,1.010342e+002
2.714318e+003,1.010381e+002
2.714800e+003,1.010446e+002
2.715282e+003,1.010539e+002
2.715764e+003,1.010655e+002
2.716246e+003,1.010776e+002
2.716728e+003,1.010879e+002
2.717210e+003,1.010942e+002
2.717692e+003,1.010949e+002
2.718175e+003,1.010894e+002
2.718656e+003,1.010787e+002
2.719139e+003,1.010643e+002
2.719621e+003,1.010486e+002
2.720103e+003,1.010338e+002
2.720585e+003,1.010219e+002
2.721067e+003,1.010138e+002
2.721549e+003,1.010100e+002
2.722031e+003,1.010102e+002
2.722513e+003,1.010138e+002
2.722996e+003,1.010199e+002
2.723478e+003,1.010278e+002
2.723960e+003,1.010368e+002
2.724442e+003,1.010466e+002
2.724924e+003,1.010566e+002
2.725406e+003,1.010667e+002
2.725888e+003,1.010768e+002
2.726370e+003,1.010868e+002
2.726853e+003,1.010969e+002
2.727335e+003,1.011072e+002
2.727817e+003,1.011179e+002
2.728299e+003,1.011290e+002
2.728781e+003,1.011402e+002
2.729263e+003,1.011513e+002
2.729745e+003,1.011617e+002
2.730227e+003,1.011708e+002
2.730709e+003,1.011778e+002
2.731192e+003,1.011823e+002
2.731674e+003,1.011839e+002
2.732156e+003,1.011830e+002
2.732638e+003,1.011803e+002
2.733120e+003,1.011766e+002
2.733602e+003,1.011734e+002
2.734084e+003,1.011721e+002
2.734566e+003,1.011735e+002
2.735049e+003,1.011779e+002
2.735531e+003,1.011849e+002
2.736013e+003,1.011933e+002
2.736495e+003,1.012017e+002
2.736977e+003,1.012089e+002
2.737459e+003,1.012141e+002
2.737941e+003,1.012177e+002
2.738423e+003,1.012207e+002
2.738906e+003,1.012247e+002
2.739388e+003,1.012309e+002
2.739870e+003,1.012400e+002
2.740352e+003,1.012514e+002
2.740834e+003,1.012634e+002
2.741316e+003,1.012741e+002
2.741798e+003,1.012815e+002
2.742280e+003,1.012845e+002
2.742762e+003,1.012833e+002
2.743245e+003,1.012792e+002
2.743727e+003,1.012744e+002
2.744209e+003,1.012713e+002
2.744691e+003,1.012717e+002
2.745173e+003,1.012765e+002
2.745655e+003,1.012859e+002
2.746137e+003,1.012993e+002
2.746619e+003,1.013158e+002
2.747102e+003,1.013343e+002
2.747583e+003,1.013538e+002
2.748066e+003,1.013734e+002
2.748548e+003,1.013917e+002
2.749030e+003,1.014073e+002
2.749512e+003,1.014185e+002
2.749994e+003,1.014240e+002
2.750476e+003,1.014229e+002
2.750958e+003,1.014157e+002
2.751440e+003,1.014038e+002
2.751923e+003,1.013893e+002
2.752405e+003,1.013751e+002
2.752887e+003,1.013636e+002
2.753369e+003,1.013564e+002
2.753851e+003,1.013540e+002
2.754333e+003,1.013555e+002
2.754815e+003,1.013599e+002
2.755297e+003,1.013655e+002
2.755780e+003,1.013714e+002
2.756262e+003,1.013774e+002
2.756744e+003,1.013837e+002
2.757226e+003,1.013911e+002
2.757708e+003,1.013999e+002
2.758190e+003,1.014101e+002
2.758672e+003,1.014207e+002
2.759154e+003,1.014302e+002
2.759636e+003,1.014369e+002
2.760119e+003,1.014396e+002
2.760601e+003,1.014377e+002
2.761083e+003,1.014321e+002
2.761565e+003,1.014243e+002
2.762047e+003,1.014163e+002
2.762529e+003,1.014100e+002
2.763011e+003,1.014066e+002
2.763493e+003,1.014062e+002
2.763976e+003,1.014081e+002
2.764458e+003,1.014107e+002
2.764940e+003,1.014126e+002
2.765422e+003,1.014126e+002
2.765904e+003,1.014101e+002
2.766386e+003,1.014054e+002
2.766868e+003,1.013993e+002
2.767350e+003,1.013931e+002
2.767833e+003,1.013880e+002
2.768315e+003,1.013851e+002
2.768797e+003,1.013849e+002
2.769279e+003,1.013878e+002
2.769761e+003,1.013932e+002
2.770243e+003,1.014002e+002
2.770725e+003,1.014076e+002
2.771207e+003,1.014142e+002
2.771689e+003,1.014187e+002
2.772172e+003,1.014205e+002
2.772654e+003,1.014199e+002
2.773136e+003,1.014174e+002
2.773618e+003,1.014142e+002
2.774100e+003,1.014113e+002
2.774582e+003,1.014094e+002
2.775064e+003,1.014090e+002
2.775546e+003,1.014097e+002
2.776029e+003,1.014115e+002
2.776510e+003,1.014140e+002
2.776993e+003,1.014174e+002
2.777475e+003,1.014223e+002
2.777957e+003,1.014295e+002
2.778439e+003,1.014395e+002
2.778921e+003,1.014523e+002
2.779403e+003,1.014671e+002
2.779885e+003,1.014830e+002
2.780367e+003,1.014985e+002
2.780850e+003,1.015124e+002
2.781332e+003,1.015242e+002
2.781814e+003,1.015335e+002
2.782296e+003,1.015407e+002
2.782778e+003,1.015463e+002
2.783260e+003,1.015508e+002
2.783742e+003,1.015544e+002
2.784224e+003,1.015574e+002
2.784707e+003,1.015599e+002
2.785189e+003,1.015622e+002
2.785671e+003,1.015646e+002
2.786153e+003,1.015670e+002
2.786635e+003,1.015698e+002
2.787117e+003,1.015727e+002
2.787599e+003,1.015759e+002
2.788081e+003,1.015793e+002
2.788563e+003,1.015834e+002
2.789046e+003,1.015886e+002
2.789528e+003,1.015955e+002
2.790010e+003,1.016042e+002
2.790492e+003,1.016144e+002
2.790974e+003,1.016252e+002
2.791456e+003,1.016353e+002
2.791938e+003,1.016435e+002
2.792420e+003,1.016487e+002
2.792903e+003,1.016507e+002
2.793385e+003,1.016498e+002
2.793867e+003,1.016468e+002
2.794349e+003,1.016423e+002
2.794831e+003,1.016368e+002
2.795313e+003,1.016307e+002
2.795795e+003,1.016240e+002
2.796277e+003,1.016171e+002
2.796760e+003,1.016109e+002
2.797242e+003,1.016065e+002
2.797724e+003,1.016053e+002
2.798206e+003,1.016084e+002
2.798688e+003,1.016160e+002
2.799170e+003,1.016273e+002
2.799652e+003,1.016408e+002
2.800134e+003,1.016544e+002
2.800616e+003,1.016661e+002
2.801099e+003,1.016747e+002
2.801581e+003,1.016796e+002
2.802063e+003,1.016812e+002
2.802545e+003,1.016805e+002
2.803027e+003,1.016783e+002
2.803509e+003,1.016755e+002
2.803991e+003,1.016723e+002
2.804473e+003,1.016686e+002
2.804956e+003,1.016643e+002
2.805438e+003,1.016590e+002
2.805920e+003,1.016529e+002
2.806402e+003,1.016461e+002
2.806884e+003,1.016395e+002
2.807366e+003,1.016343e+002
2.807848e+003,1.016316e+002
2.808330e+003,1.016327e+002
2.808813e+003,1.016383e+002
2.809294e+003,1.016487e+002
2.809777e+003,1.016631e+002
2.810259e+003,1.016805e+002
2.810741e+003,1.016990e+002
2.811223e+003,1.017168e+002
2.811705e+003,1.017326e+002
2.812187e+003,1.017455e+002
2.812669e+003,1.017552e+002
2.813151e+003,1.017618e+002
2.813634e+003,1.017659e+002
2.814116e+003,1.017678e+002
2.814598e+003,1.017680e+002
2.815080e+003,1.017671e+002
2.815562e+003,1.017658e+002
2.816044e+003,1.017650e+002
2.816526e+003,1.017659e+002
2.817008e+003,1.017691e+002
2.817490e+003,1.017747e+002
2.817973e+003,1.017819e+002
2.818455e+003,1.017894e+002
2.818937e+003,1.017955e+002
2.819419e+003,1.017988e+002
2.819901e+003,1.017989e+002
2.820383e+003,1.017961e+002
2.820865e+003,1.017919e+002
2.821347e+003,1.017880e+002
2.821830e+003,1.017857e+002
2.822312e+003,1.017856e+002
2.822794e+003,1.017875e+002
2.823276e+003,1.017907e+002
2.823758e+003,1.017942e+002
2.824240e+003,1.017973e+002
2.824722e+003,1.017999e+002
2.825204e+003,1.018021e+002
2.825687e+003,1.018046e+002
2.826169e+003,1.018078e+002
2.826651e+003,1.018123e+002
2.827133e+003,1.018186e+002
2.827615e+003,1.018271e+002
2.828097e+003,1.018386e+002
2.828579e+003,1.018532e+002
2.829061e+003,1.018712e+002
2.829543e+003,1.018914e+002
2.830026e+003,1.019121e+002
2.830508e+003,1.019304e+002
2.830990e+003,1.019435e+002
2.831472e+003,1.019491e+002
2.831954e+003,1.019464e+002
2.832436e+003,1.019361e+002
2.832918e+003,1.019209e+002
2.833400e+003,1.019040e+002
2.833883e+003,1.018887e+002
2.834365e+003,1.018774e+002
2.834847e+003,1.018711e+002
2.835329e+003,1.018694e+002
2.835811e+003,1.018710e+002
2.836293e+003,1.018742e+002
2.836775e+003,1.018777e+002
2.837257e+003,1.018808e+002
2.837740e+003,1.018838e+002
2.838221e+003,1.018871e+002
2.838704e+003,1.018914e+002
2.839186e+003,1.018971e+002
2.839668e+003,1.019042e+002
2.840150e+003,1.019119e+002
2.840632e+003,1.019192e+002
2.841114e+003,1.019247e+002
2.841596e+003,1.019277e+002
2.842078e+003,1.019278e+002
2.842561e+003,1.019254e+002
2.843043e+003,1.019216e+002
2.843525e+003,1.019180e+002
2.844007e+003,1.019161e+002
2.844489e+003,1.019173e+002
2.844971e+003,1.019219e+002
2.845453e+003,1.019297e+002
2.845935e+003,1.019397e+002
2.846417e+003,1.019506e+002
2.846900e+003,1.019616e+002
2.847382e+003,1.019720e+002
2.847864e+003,1.019819e+002
2.848346e+003,1.019915e+002
2.848828e+003,1.020011e+002
2.849310e+003,1.020103e+002
2.849792e+003,1.020186e+002
2.850274e+003,1.020250e+002
2.850757e+003,1.020288e+002
2.851239e+003,1.020298e+002
2.851721e+003,1.020289e+002
2.852203e+003,1.020275e+002
2.852685e+003,1.020275e+002
2.853167e+003,1.020302e+002
2.853649e+003,1.020361e+002
2.854131e+003,1.020444e+002
2.854614e+003,1.020534e+002
2.855096e+003,1.020604e+002
2.855578e+003,1.020632e+002
2.856060e+003,1.020600e+002
2.856542e+003,1.020503e+002
2.857024e+003,1.020347e+002
2.857506e+003,1.020150e+002
2.857988e+003,1.019935e+002
2.858470e+003,1.019728e+002
2.858953e+003,1.019550e+002
2.859435e+003,1.019415e+002
2.859917e+003,1.019331e+002
2.860399e+003,1.019296e+002
2.860881e+003,1.019299e+002
2.861363e+003,1.019329e+002
2.861845e+003,1.019371e+002
2.862327e+003,1.019416e+002
2.862810e+003,1.019457e+002
2.863292e+003,1.019495e+002
2.863774e+003,1.019533e+002
2.864256e+003,1.019574e+002
2.864738e+003,1.019619e+002
2.865220e+003,1.019663e+002
2.865702e+003,1.019703e+002
2.866184e+003,1.019733e+002
2.866667e+003,1.019748e+002
2.867148e+003,1.019753e+002
2.867631e+003,1.019750e+002
2.868113e+003,1.019746e+002
2.868595e+003,1.019742e+002
2.869077e+003,1.019734e+002
2.869559e+003,1.019712e+002
2.870041e+003,1.019663e+002
2.870523e+003,1.019581e+002
2.871005e+003,1.019466e+002
2.871488e+003,1.019333e+002
2.871970e+003,1.019206e+002
2.872452e+003,1.019114e+002
2.872934e+003,1.019081e+002
2.873416e+003,1.019120e+002
2.873898e+003,1.019229e+002
2.874380e+003,1.019393e+002
2.874862e+003,1.019589e+002
2.875344e+003,1.019795e+002
2.875827e+003,1.019997e+002
2.876309e+003,1.020190e+002
2.876791e+003,1.020381e+002
2.877273e+003,1.020579e+002
2.877755e+003,1.020792e+002
2.878237e+003,1.021020e+002
2.878719e+003,1.021254e+002
2.879201e+003,1.021476e+002
2.879684e+003,1.021666e+002
2.880166e+003,1.021805e+002
2.880648e+003,1.021882e+002
2.881130e+003,1.021895e+002
2.881612e+003,1.021851e+002
2.882094e+003,1.021765e+002
2.882576e+003,1.021658e+002
2.883058e+003,1.021550e+002
2.883541e+003,1.021461e+002
2.884023e+003,1.021405e+002
2.884505e+003,1.021389e+002
2.884987e+003,1.021415e+002
2.885469e+003,1.021473e+002
2.885951e+003,1.021550e+002
2.886433e+003,1.021627e+002
2.886915e+003,1.021689e+002
2.887397e+003,1.021723e+002
2.887880e+003,1.021726e+002
2.888362e+003,1.021703e+002
2.888844e+003,1.021665e+002
2.889326e+003,1.021625e+002
2.889808e+003,1.021594e+002
2.890290e+003,1.021579e+002
2.890772e+003,1.021578e+002
2.891254e+003,1.021585e+002
2.891737e+003,1.021590e+002
2.892219e+003,1.021585e+002
2.892701e+003,1.021565e+002
2.893183e+003,1.021530e+002
2.893665e+003,1.021483e+002
2.894147e+003,1.021432e+002
2.894629e+003,1.021385e+002
2.895111e+003,1.021350e+002
2.895594e+003,1.021332e+002
2.896075e+003,1.021335e+002
2.896558e+003,1.021360e+002
2.897040e+003,1.021406e+002
2.897522e+003,1.021467e+002
2.898004e+003,1.021536e+002
2.898486e+003,1.021606e+002
2.898968e+003,1.021669e+002
2.899450e+003,1.021725e+002
2.899932e+003,1.021773e+002
2.900415e+003,1.021819e+002
2.900897e+003,1.021872e+002
2.901379e+003,1.021937e+002
2.901861e+003,1.022015e+002
2.902343e+003,1.022101e+002
2.902825e+003,1.022186e+002
2.903307e+003,1.022256e+002
2.903789e+003,1.022301e+002
2.904271e+003,1.022316e+002
2.904754e+003,1.022301e+002
2.905236e+003,1.022264e+002
2.905718e+003,1.022213e+002
2.906200e+003,1.022160e+002
2.906682e+003,1.022112e+002
2.907164e+003,1.022076e+002
2.907646e+003,1.022056e+002
2.908128e+003,1.022056e+002
2.908611e+003,1.022077e+002
2.909093e+003,1.022118e+002
2.909575e+003,1.022177e+002
2.910057e+003,1.022245e+002
2.910539e+003,1.022311e+002
2.911021e+003,1.022363e+002
2.911503e+003,1.022391e+002
2.911985e+003,1.022391e+002
2.912468e+003,1.022365e+002
2.912950e+003,1.022321e+002
2.913432e+003,1.022273e+002
2.913914e+003,1.022228e+002
2.914396e+003,1.022193e+002
2.914878e+003,1.022167e+002
2.915360e+003,1.022147e+002
2.915842e+003,1.022126e+002
2.916324e+003,1.022102e+002
2.916807e+003,1.022076e+002
2.917289e+003,1.022057e+002
2.917771e+003,1.022053e+002
2.918253e+003,1.022071e+002
2.918735e+003,1.022117e+002
2.919217e+003,1.022190e+002
2.919699e+003,1.022284e+002
2.920181e+003,1.022391e+002
2.920664e+003,1.022502e+002
2.921146e+003,1.022609e+002
2.921628e+003,1.022706e+002
2.922110e+003,1.022788e+002
2.922592e+003,1.022852e+002
2.923074e+003,1.022897e+002
2.923556e+003,1.022924e+002
2.924038e+003,1.022934e+002
2.924521e+003,1.022932e+002
2.925002e+003,1.022924e+002
2.925485e+003,1.022916e+002
2.925967e+003,1.022914e+002
2.926449e+003,1.022924e+002
2.926931e+003,1.022946e+002
2.927413e+003,1.022980e+002
2.927895e+003,1.023021e+002
2.928377e+003,1.023064e+002
2.928859e+003,1.023103e+002
2.929342e+003,1.023129e+002
2.929824e+003,1.023137e+002
2.930306e+003,1.023125e+002
2.930788e+003,1.023093e+002
2.931270e+003,1.023046e+002
2.931752e+003,1.022995e+002
2.932234e+003,1.022949e+002
2.932716e+003,1.022917e+002
2.933198e+003,1.022901e+002
2.933681e+003,1.022904e+002
2.934163e+003,1.022910e+002
2.934645e+003,1.022910e+002
2.935127e+003,1.022896e+002
2.935609e+003,1.022863e+002
2.936091e+003,1.022816e+002
2.936573e+003,1.022762e+002
2.937055e+003,1.022712e+002
2.937538e+003,1.022677e+002
2.938020e+003,1.022658e+002
2.938502e+003,1.022656e+002
2.938984e+003,1.022659e+002
2.939466e+003,1.022656e+002
2.939948e+003,1.022635e+002
2.940430e+003,1.022585e+002
2.940912e+003,1.022503e+002
2.941395e+003,1.022390e+002
2.941877e+003,1.022251e+002
2.942359e+003,1.022095e+002
2.942841e+003,1.021930e+002
2.943323e+003,1.021762e+002
2.943805e+003,1.021594e+002
2.944287e+003,1.021425e+002
2.944769e+003,1.021255e+002
2.945251e+003,1.021082e+002
2.945734e+003,1.020911e+002
2.946216e+003,1.020749e+002
2.946698e+003,1.020608e+002
2.947180e+003,1.020504e+002
2.947662e+003,1.020446e+002
2.948144e+003,1.020439e+002
2.948626e+003,1.020481e+002
2.949108e+003,1.020561e+002
2.949591e+003,1.020666e+002
2.950073e+003,1.020782e+002
2.950555e+003,1.020899e+002
2.951037e+003,1.021017e+002
2.951519e+003,1.021136e+002
2.952001e+003,1.021257e+002
2.952483e+003,1.021377e+002
2.952965e+003,1.021488e+002
2.953448e+003,1.021574e+002
2.953929e+003,1.021623e+002
2.954412e+003,1.021623e+002
2.954894e+003,1.021578e+002
2.955376e+003,1.021498e+002
2.955858e+003,1.021406e+002
2.956340e+003,1.021323e+002
2.956822e+003,1.021267e+002
2.957304e+003,1.021243e+002
2.957786e+003,1.021243e+002
2.958269e+003,1.021248e+002
2.958751e+003,1.021238e+002
2.959233e+003,1.021198e+002
2.959715e+003,1.021121e+002
2.960197e+003,1.021017e+002
2.960679e+003,1.020903e+002
2.961161e+003,1.020802e+002
2.961643e+003,1.020735e+002
2.962125e+003,1.020711e+002
2.962608e+003,1.020728e+002
2.963090e+003,1.020771e+002
2.963572e+003,1.020818e+002
2.964054e+003,1.020845e+002
2.964536e+003,1.020833e+002
2.965018e+003,1.020774e+002
2.965500e+003,1.020671e+002
2.965982e+003,1.020536e+002
2.966465e+003,1.020386e+002
2.966947e+003,1.020234e+002
2.967429e+003,1.020092e+002
2.967911e+003,1.019961e+002
2.968393e+003,1.019838e+002
2.968875e+003,1.019722e+002
2.969357e+003,1.019611e+002
2.969839e+003,1.019513e+002
2.970322e+003,1.019438e+002
2.970804e+003,1.019396e+002
2.971286e+003,1.019395e+002
2.971768e+003,1.019426e+002
2.972250e+003,1.019475e+002
2.972732e+003,1.019521e+002
2.973214e+003,1.019540e+002
2.973696e+003,1.019522e+002
2.974178e+003,1.019470e+002
2.974661e+003,1.019403e+002
2.975143e+003,1.019349e+002
2.975625e+003,1.019338e+002
2.976107e+003,1.019386e+002
2.976589e+003,1.019494e+002
2.977071e+003,1.019645e+002
2.977553e+003,1.019807e+002
2.978035e+003,1.019943e+002
2.978518e+003,1.020025e+002
2.979000e+003,1.020035e+002
2.979482e+003,1.019973e+002
2.979964e+003,1.019856e+002
2.980446e+003,1.019710e+002
2.980928e+003,1.019566e+002
2.981410e+003,1.019453e+002
2.981892e+003,1.019392e+002
2.982375e+003,1.019394e+002
2.982856e+003,1.019459e+002
2.983339e+003,1.019578e+002
2.983821e+003,1.019733e+002
2.984303e+003,1.019904e+002
2.984785e+003,1.020070e+002
2.985267e+003,1.020216e+002
2.985749e+003,1.020331e+002
2.986231e+003,1.020416e+002
2.986713e+003,1.020473e+002
2.987196e+003,1.020510e+002
2.987678e+003,1.020532e+002
2.988160e+003,1.020542e+002
2.988642e+003,1.020543e+002
2.989124e+003,1.020534e+002
2.989606e+003,1.020519e+002
2.990088e+003,1.020506e+002
2.990570e+003,1.020504e+002
2.991052e+003,1.020522e+002
2.991535e+003,1.020564e+002
2.992017e+003,1.020627e+002
2.992499e+003,1.020701e+002
2.992981e+003,1.020767e+002
2.993463e+003,1.020811e+002
2.993945e+003,1.020822e+002
2.994427e+003,1.020804e+002
2.994909e+003,1.020772e+002
2.995392e+003,1.020751e+002
2.995874e+003,1.020764e+002
2.996356e+003,1.020830e+002
2.996838e+003,1.020949e+002
2.997320e+003,1.021110e+002
2.997802e+003,1.021285e+002
2.998284e+003,1.021442e+002
2.998766e+003,1.021550e+002
2.999249e+003,1.021592e+002
2.999731e+003,1.021563e+002
3.000213e+003,1.021479e+002
3.000695e+003,1.021367e+002
3.001177e+003,1.021257e+002
3.001659e+003,1.021180e+002
3.002141e+003,1.021154e+002
3.002623e+003,1.021182e+002
3.003105e+003,1.021256e+002
3.003588e+003,1.021354e+002
3.004070e+003,1.021449e+002
3.004552e+003,1.021518e+002
3.005034e+003,1.021542e+002
3.005516e+003,1.021515e+002
3.005998e+003,1.021441e+002
3.006480e+003,1.021335e+002
3.006962e+003,1.021217e+002
3.007445e+003,1.021113e+002
3.007927e+003,1.021045e+002
3.008409e+003,1.021034e+002
3.008891e+003,1.021092e+002
3.009373e+003,1.021224e+002
3.009855e+003,1.021424e+002
3.010337e+003,1.021674e+002
3.010819e+003,1.021950e+002
3.011302e+003,1.022220e+002
3.011783e+003,1.022452e+002
3.012266e+003,1.022620e+002
3.012748e+003,1.022710e+002
3.013230e+003,1.022723e+002
3.013712e+003,1.022672e+002
3.014194e+003,1.022583e+002
3.014676e+003,1.022485e+002
3.015158e+003,1.022403e+002
3.015640e+003,1.022354e+002
3.016123e+003,1.022337e+002
3.016605e+003,1.022341e+002
3.017087e+003,1.022346e+002
3.017569e+003,1.022332e+002
3.018051e+003,1.022281e+002
3.018533e+003,1.022191e+002
3.019015e+003,1.022069e+002
3.019497e+003,1.021931e+002
3.019979e+003,1.021798e+002
3.020462e+003,1.021682e+002
3.020944e+003,1.021588e+002
3.021426e+003,1.021509e+002
3.021908e+003,1.021425e+002
3.022390e+003,1.021320e+002
3.022872e+003,1.021180e+002
3.023354e+003,1.021005e+002
3.023836e+003,1.020811e+002
3.024319e+003,1.020621e+002
3.024801e+003,1.020462e+002
3.025283e+003,1.020352e+002
3.025765e+003,1.020294e+002
3.026247e+003,1.020276e+002
3.026729e+003,1.020273e+002
3.027211e+003,1.020260e+002
3.027693e+003,1.020220e+002
3.028176e+003,1.020149e+002
3.028658e+003,1.020063e+002
3.029140e+003,1.019984e+002
3.029622e+003,1.019936e+002
3.030104e+003,1.019932e+002
3.030586e+003,1.019970e+002
3.031068e+003,1.020033e+002
3.031550e+003,1.020093e+002
3.032032e+003,1.020126e+002
3.032515e+003,1.020118e+002
3.032997e+003,1.020067e+002
3.033479e+003,1.019988e+002
3.033961e+003,1.019898e+002
3.034443e+003,1.019813e+002
3.034925e+003,1.019741e+002
3.035407e+003,1.019681e+002
3.035889e+003,1.019623e+002
3.036372e+003,1.019557e+002
3.036854e+003,1.019477e+002
3.037336e+003,1.019384e+002
3.037818e+003,1.019282e+002
3.038300e+003,1.019179e+002
3.038782e+003,1.019080e+002
3.039264e+003,1.018985e+002
3.039746e+003,1.018890e+002
3.040229e+003,1.018794e+002
3.040711e+003,1.018699e+002
3.041193e+003,1.018616e+002
3.041675e+003,1.018559e+002
3.042157e+003,1.018547e+002
3.042639e+003,1.018594e+002
3.043121e+003,1.018708e+002
3.043603e+003,1.018889e+002
3.044085e+003,1.019129e+002
3.044568e+003,1.019418e+002
3.045050e+003,1.019743e+002
3.045532e+003,1.020087e+002
3.046014e+003,1.020432e+002
3.046496e+003,1.020754e+002
3.046978e+003,1.021024e+002
3.047460e+003,1.021214e+002
3.047942e+003,1.021303e+002
3.048425e+003,1.021290e+002
3.048906e+003,1.021194e+002
3.049389e+003,1.021056e+002
3.049871e+003,1.020929e+002
3.050353e+003,1.020866e+002
3.050835e+003,1.020902e+002
3.051317e+003,1.021044e+002
3.051799e+003,1.021273e+002
3.052281e+003,1.021548e+002
3.052763e+003,1.021816e+002
3.053246e+003,1.022035e+002
3.053728e+003,1.022177e+002
3.054210e+003,1.022236e+002
3.054692e+003,1.022230e+002
3.055174e+003,1.022185e+002
3.055656e+003,1.022136e+002
3.056138e+003,1.022111e+002
3.056620e+003,1.022131e+002
3.057103e+003,1.022207e+002
3.057585e+003,1.022340e+002
3.058067e+003,1.022522e+002
3.058549e+003,1.022735e+002
3.059031e+003,1.022954e+002
3.059513e+003,1.023153e+002
3.059995e+003,1.023306e+002
3.060477e+003,1.023397e+002
3.060959e+003,1.023426e+002
3.061442e+003,1.023407e+002
3.061924e+003,1.023368e+002
3.062406e+003,1.023341e+002
3.062888e+003,1.023351e+002
3.063370e+003,1.023413e+002
3.063852e+003,1.023525e+002
3.064334e+003,1.023676e+002
3.064816e+003,1.023847e+002
3.065299e+003,1.024019e+002
3.065781e+003,1.024183e+002
3.066263e+003,1.024336e+002
3.066745e+003,1.024481e+002
3.067227e+003,1.024619e+002
3.067709e+003,1.024751e+002
3.068191e+003,1.024875e+002
3.068673e+003,1.024986e+002
3.069156e+003,1.025082e+002
3.069638e+003,1.025162e+002
3.070120e+003,1.025228e+002
3.070602e+003,1.025278e+002
3.071084e+003,1.025308e+002
3.071566e+003,1.025312e+002
3.072048e+003,1.025281e+002
3.072530e+003,1.025213e+002
3.073012e+003,1.025111e+002
3.073495e+003,1.024992e+002
3.073977e+003,1.024874e+002
3.074459e+003,1.024778e+002
3.074941e+003,1.024718e+002
3.075423e+003,1.024695e+002
3.075905e+003,1.024705e+002
3.076387e+003,1.024739e+002
3.076869e+003,1.024787e+002
3.077352e+003,1.024850e+002
3.077833e+003,1.024929e+002
3.078316e+003,1.025029e+002
3.078798e+003,1.025146e+002
3.079280e+003,1.025269e+002
3.079762e+003,1.025378e+002
3.080244e+003,1.025456e+002
3.080726e+003,1.025493e+002
3.081208e+003,1.025499e+002
3.081690e+003,1.025502e+002
3.082173e+003,1.025539e+002
3.082655e+003,1.025645e+002
3.083137e+003,1.025839e+002
3.083619e+003,1.026116e+002
3.084101e+003,1.026446e+002
3.084583e+003,1.026789e+002
3.085065e+003,1.027102e+002
3.085547e+003,1.027354e+002
3.086030e+003,1.027536e+002
3.086512e+003,1.027656e+002
3.086994e+003,1.027730e+002
3.087476e+003,1.027778e+002
3.087958e+003,1.027808e+002
3.088440e+003,1.027824e+002
3.088922e+003,1.027824e+002
3.089404e+003,1.027804e+002
3.089886e+003,1.027771e+002
3.090369e+003,1.027734e+002
3.090851e+003,1.027709e+002
3.091333e+003,1.027709e+002
3.091815e+003,1.027741e+002
3.092297e+003,1.027801e+002
3.092779e+003,1.027882e+002
3.093261e+003,1.027969e+002
3.093743e+003,1.028049e+002
3.094226e+003,1.028112e+002
3.094708e+003,1.028152e+002
3.095190e+003,1.028167e+002
3.095672e+003,1.028157e+002
3.096154e+003,1.028128e+002
3.096636e+003,1.028087e+002
3.097118e+003,1.028046e+002
3.097600e+003,1.028017e+002
3.098083e+003,1.028013e+002
3.098565e+003,1.028043e+002
3.099047e+003,1.028107e+002
3.099529e+003,1.028194e+002
3.100011e+003,1.028290e+002
3.100493e+003,1.028372e+002
3.100975e+003,1.028425e+002
3.101457e+003,1.028438e+002
3.101939e+003,1.028415e+002
3.102422e+003,1.028368e+002
3.102904e+003,1.028317e+002
3.103386e+003,1.028283e+002
3.103868e+003,1.028284e+002
3.104350e+003,1.028325e+002
3.104832e+003,1.028404e+002
3.105314e+003,1.028505e+002
3.105796e+003,1.028606e+002
3.106279e+003,1.028682e+002
3.106760e+003,1.028712e+002
3.107243e+003,1.028683e+002
3.107725e+003,1.028598e+002
3.108207e+003,1.028469e+002
3.108689e+003,1.028315e+002
3.109171e+003,1.028158e+002
3.109653e+003,1.028012e+002
3.110135e+003,1.027885e+002
3.110617e+003,1.027774e+002
3.111100e+003,1.027671e+002
3.111582e+003,1.027572e+002
3.112064e+003,1.027481e+002
3.112546e+003,1.027408e+002
3.113028e+003,1.027372e+002
3.113510e+003,1.027388e+002
3.113992e+003,1.027461e+002
3.114474e+003,1.027581e+002
3.114957e+003,1.027726e+002
3.115439e+003,1.027865e+002
3.115921e+003,1.027973e+002
3.116403e+003,1.028032e+002
3.116885e+003,1.028043e+002
3.117367e+003,1.028018e+002
3.117849e+003,1.027974e+002
3.118331e+003,1.027926e+002
3.118813e+003,1.027881e+002
3.119296e+003,1.027833e+002
3.119778e+003,1.027774e+002
3.120260e+003,1.027696e+002
3.120742e+003,1.027596e+002
3.121224e+003,1.027484e+002
3.121706e+003,1.027376e+002
3.122188e+003,1.027294e+002
3.122670e+003,1.027254e+002
3.123153e+003,1.027267e+002
3.123635e+003,1.027331e+002
3.124117e+003,1.027439e+002
3.124599e+003,1.027573e+002
3.125081e+003,1.027716e+002
3.125563e+003,1.027851e+002
3.126045e+003,1.027963e+002
3.126527e+003,1.028042e+002
3.127010e+003,1.028083e+002
3.127492e+003,1.028087e+002
3.127974e+003,1.028061e+002
3.128456e+003,1.028018e+002
3.128938e+003,1.027974e+002
3.129420e+003,1.027945e+002
3.129902e+003,1.027945e+002
3.130384e+003,1.027982e+002
3.130866e+003,1.028061e+002
3.131349e+003,1.028181e+002
3.131831e+003,1.028339e+002
3.132313e+003,1.028528e+002
3.132795e+003,1.028737e+002
3.133277e+003,1.028955e+002
3.133759e+003,1.029169e+002
3.134241e+003,1.029366e+002
3.134723e+003,1.029538e+002
3.135206e+003,1.029683e+002
3.135688e+003,1.029802e+002
3.136170e+003,1.029903e+002
3.136652e+003,1.029994e+002
3.137134e+003,1.030078e+002
3.137616e+003,1.030156e+002
3.138098e+003,1.030222e+002
3.138580e+003,1.030270e+002
3.139063e+003,1.030294e+002
3.139544e+003,1.030295e+002
3.140027e+003,1.030282e+002
3.140509e+003,1.030264e+002
3.140991e+003,1.030256e+002
3.141473e+003,1.030269e+002
3.141955e+003,1.030310e+002
3.142437e+003,1.030380e+002
3.142919e+003,1.030483e+002
3.143401e+003,1.030617e+002
3.143884e+003,1.030782e+002
3.144366e+003,1.030973e+002
3.144848e+003,1.031183e+002
3.145330e+003,1.031395e+002
3.145812e+003,1.031590e+002
3.146294e+003,1.031748e+002
3.146776e+003,1.031857e+002
3.147258e+003,1.031915e+002
3.147740e+003,1.031935e+002
3.148223e+003,1.031938e+002
3.148705e+003,1.031948e+002
3.149187e+003,1.031987e+002
3.149669e+003,1.032066e+002
3.150151e+003,1.032188e+002
3.150633e+003,1.032345e+002
3.151115e+003,1.032526e+002
3.151597e+003,1.032718e+002
3.152080e+003,1.032908e+002
3.152562e+003,1.033082e+002
3.153044e+003,1.033225e+002
3.153526e+003,1.033325e+002
3.154008e+003,1.033371e+002
3.154490e+003,1.033364e+002
3.154972e+003,1.033316e+002
3.155454e+003,1.033250e+002
3.155937e+003,1.033197e+002
3.156419e+003,1.033188e+002
3.156901e+003,1.033242e+002
3.157383e+003,1.033361e+002
3.157865e+003,1.033533e+002
3.158347e+003,1.033734e+002
3.158829e+003,1.033937e+002
3.159311e+003,1.034121e+002
3.159793e+003,1.034277e+002
3.160276e+003,1.034404e+002
3.160758e+003,1.034508e+002
3.161240e+003,1.034596e+002
3.161722e+003,1.034669e+002
3.162204e+003,1.034727e+002
3.162686e+003,1.034763e+002
3.163168e+003,1.034775e+002
3.163650e+003,1.034764e+002
3.164133e+003,1.034736e+002
3.164615e+003,1.034701e+002
3.165097e+003,1.034673e+002
3.165579e+003,1.034665e+002
3.166061e+003,1.034688e+002
3.166543e+003,1.034746e+002
3.167025e+003,1.034837e+002
3.167507e+003,1.034952e+002
3.167990e+003,1.035070e+002
3.168471e+003,1.035170e+002
3.168954e+003,1.035226e+002
3.169436e+003,1.035223e+002
3.169918e+003,1.035160e+002
3.170400e+003,1.035055e+002
3.170882e+003,1.034942e+002
3.171364e+003,1.034859e+002
3.171846e+003,1.034839e+002
3.172328e+003,1.034895e+002
3.172811e+003,1.035018e+002
3.173293e+003,1.035174e+002
3.173775e+003,1.035322e+002
3.174257e+003,1.035429e+002
3.174739e+003,1.035480e+002
3.175221e+003,1.035487e+002
3.175703e+003,1.035483e+002
3.176185e+003,1.035504e+002
3.176667e+003,1.035581e+002
3.177150e+003,1.035720e+002
3.177632e+003,1.035908e+002
3.178114e+003,1.036110e+002
3.178596e+003,1.036294e+002
3.179078e+003,1.036436e+002
3.179560e+003,1.036533e+002
3.180042e+003,1.036602e+002
3.180524e+003,1.036672e+002
3.181007e+003,1.036775e+002
3.181489e+003,1.036931e+002
3.181971e+003,1.037143e+002
3.182453e+003,1.037402e+002
3.182935e+003,1.037687e+002
3.183417e+003,1.037971e+002
3.183899e+003,1.038233e+002
3.184381e+003,1.038455e+002
3.184864e+003,1.038629e+002
3.185346e+003,1.038755e+002
3.185828e+003,1.038841e+002
3.186310e+003,1.038901e+002
3.186792e+003,1.038952e+002
3.187274e+003,1.039013e+002
3.187756e+003,1.039095e+002
3.188238e+003,1.039203e+002
3.188720e+003,1.039333e+002
3.189203e+003,1.039473e+002
3.189685e+003,1.039606e+002
3.190167e+003,1.039722e+002
3.190649e+003,1.039816e+002
3.191131e+003,1.039889e+002
3.191613e+003,1.039947e+002
3.192095e+003,1.039994e+002
3.192577e+003,1.040029e+002
3.193060e+003,1.040045e+002
3.193542e+003,1.040033e+002
3.194024e+003,1.039990e+002
3.194506e+003,1.039923e+002
3.194988e+003,1.039850e+002
3.195470e+003,1.039796e+002
3.195952e+003,1.039787e+002
3.196434e+003,1.039837e+002
3.196917e+003,1.039944e+002
3.197398e+003,1.040087e+002
3.197881e+003,1.040238e+002
3.198363e+003,1.040372e+002
3.198845e+003,1.040474e+002
3.199327e+003,1.040546e+002
3.199809e+003,1.040604e+002
3.200291e+003,1.040671e+002
3.200773e+003,1.040764e+002
3.201255e+003,1.040892e+002
3.201738e+003,1.041050e+002
3.202220e+003,1.041224e+002
3.202702e+003,1.041397e+002
3.203184e+003,1.041556e+002
3.203666e+003,1.041691e+002
3.204148e+003,1.041797e+002
3.204630e+003,1.041869e+002
3.205112e+003,1.041904e+002
3.205594e+003,1.041895e+002
3.206077e+003,1.041845e+002
3.206559e+003,1.041765e+002
3.207041e+003,1.041676e+002
3.207523e+003,1.041608e+002
3.208005e+003,1.041591e+002
3.208487e+003,1.041643e+002
3.208969e+003,1.041763e+002
3.209451e+003,1.041928e+002
3.209934e+003,1.042105e+002
3.210416e+003,1.042258e+002
3.210898e+003,1.042370e+002
3.211380e+003,1.042444e+002
3.211862e+003,1.042505e+002
3.212344e+003,1.042589e+002
3.212826e+003,1.042725e+002
3.213308e+003,1.042923e+002
3.213791e+003,1.043166e+002
3.214273e+003,1.043415e+002
3.214755e+003,1.043622e+002
3.215237e+003,1.043748e+002
3.215719e+003,1.043778e+002
3.216201e+003,1.043722e+002
3.216683e+003,1.043615e+002
3.217165e+003,1.043503e+002
3.217647e+003,1.043426e+002
3.218130e+003,1.043403e+002
3.218612e+003,1.043435e+002
3.219094e+003,1.043503e+002
3.219576e+003,1.043574e+002
3.220058e+003,1.043620e+002
3.220540e+003,1.043622e+002
3.221022e+003,1.043574e+002
3.221504e+003,1.043487e+002
3.221987e+003,1.043381e+002
3.222469e+003,1.043281e+002
3.222951e+003,1.043213e+002
3.223433e+003,1.043198e+002
3.223915e+003,1.043250e+002
3.224397e+003,1.043373e+002
3.224879e+003,1.043563e+002
3.225361e+003,1.043805e+002
3.225844e+003,1.044074e+002
3.226325e+003,1.044339e+002
3.226808e+003,1.044568e+002
3.227290e+003,1.044731e+002
3.227772e+003,1.044808e+002
3.228254e+003,1.044794e+002
3.228736e+003,1.044697e+002
3.229218e+003,1.044544e+002
3.229700e+003,1.044370e+002
3.230182e+003,1.044217e+002
3.230665e+003,1.044124e+002
3.231147e+003,1.044114e+002
3.231629e+003,1.044193e+002
3.232111e+003,1.044346e+002
3.232593e+003,1.044542e+002
3.233075e+003,1.044744e+002
3.233557e+003,1.044918e+002
3.234039e+003,1.045048e+002
3.234521e+003,1.045133e+002
3.235004e+003,1.045192e+002
3.235486e+003,1.045252e+002
3.235968e+003,1.045340e+002
3.236450e+003,1.045469e+002
3.236932e+003,1.045640e+002
3.237414e+003,1.045843e+002
3.237896e+003,1.046061e+002
3.238378e+003,1.046280e+002
3.238861e+003,1.046490e+002
3.239343e+003,1.046686e+002
3.239825e+003,1.046863e+002
3.240307e+003,1.047008e+002
3.240789e+003,1.047104e+002
3.241271e+003,1.047130e+002
3.241753e+003,1.047075e+002
3.242235e+003,1.046941e+002
3.242718e+003,1.046749e+002
3.243200e+003,1.046537e+002
3.243682e+003,1.046346e+002
3.244164e+003,1.046211e+002
3.244646e+003,1.046147e+002
3.245128e+003,1.046151e+002
3.245610e+003,1.046203e+002
3.246092e+003,1.046283e+002
3.246574e+003,1.046381e+002
3.247057e+003,1.046494e+002
3.247539e+003,1.046627e+002
3.248021e+003,1.046781e+002
3.248503e+003,1.046945e+002
3.248985e+003,1.047093e+002
3.249467e+003,1.047195e+002
3.249949e+003,1.047223e+002
3.250431e+003,1.047175e+002
3.250914e+003,1.047072e+002
3.251396e+003,1.046959e+002
3.251878e+003,1.046886e+002
3.252360e+003,1.046894e+002
3.252842e+003,1.046996e+002
3.253324e+003,1.047173e+002
3.253806e+003,1.047384e+002
3.254288e+003,1.047580e+002
3.254771e+003,1.047724e+002
3.255252e+003,1.047802e+002
3.255735e+003,1.047819e+002
3.256217e+003,1.047798e+002
3.256699e+003,1.047763e+002
3.257181e+003,1.047728e+002
3.257663e+003,1.047701e+002
3.258145e+003,1.047678e+002
3.258627e+003,1.047662e+002
3.259109e+003,1.047655e+002
3.259592e+003,1.047671e+002
3.260074e+003,1.047720e+002
3.260556e+003,1.047810e+002
3.261038e+003,1.047935e+002
3.261520e+003,1.048078e+002
3.262002e+003,1.048218e+002
3.262484e+003,1.048339e+002
3.262966e+003,1.048428e+002
3.263448e+003,1.048488e+002
3.263931e+003,1.048524e+002
3.264413e+003,1.048543e+002
3.264895e+003,1.048544e+002
3.265377e+003,1.048520e+002
3.265859e+003,1.048463e+002
3.266341e+003,1.048366e+002
3.266823e+003,1.048236e+002
3.267305e+003,1.048087e+002
3.267788e+003,1.047935e+002
3.268270e+003,1.047797e+002
3.268752e+003,1.047678e+002
3.269234e+003,1.047570e+002
3.269716e+003,1.047461e+002
3.270198e+003,1.047336e+002
3.270680e+003,1.047191e+002
3.271162e+003,1.047034e+002
3.271645e+003,1.046885e+002
3.272127e+003,1.046768e+002
3.272609e+003,1.046701e+002
3.273091e+003,1.046689e+002
3.273573e+003,1.046724e+002
3.274055e+003,1.046790e+002
3.274537e+003,1.046864e+002
3.275019e+003,1.046933e+002
3.275501e+003,1.046992e+002
3.275984e+003,1.047048e+002
3.276466e+003,1.047112e+002
3.276948e+003,1.047194e+002
3.277430e+003,1.047298e+002
3.277912e+003,1.047420e+002
3.278394e+003,1.047544e+002
3.278876e+003,1.047653e+002
3.279358e+003,1.047727e+002
3.279841e+003,1.047756e+002
3.280323e+003,1.047741e+002
3.280805e+003,1.047695e+002
3.281287e+003,1.047640e+002
3.281769e+003,1.047605e+002
3.282251e+003,1.047613e+002
3.282733e+003,1.047678e+002
3.283215e+003,1.047799e+002
3.283698e+003,1.047960e+002
3.284179e+003,1.048137e+002
3.284662e+003,1.048301e+002
3.285144e+003,1.048434e+002
3.285626e+003,1.048526e+002
3.286108e+003,1.048580e+002
3.286590e+003,1.048609e+002
3.287072e+003,1.048630e+002
3.287554e+003,1.048656e+002
3.288036e+003,1.048695e+002
3.288519e+003,1.048748e+002
3.289001e+003,1.048816e+002
3.289483e+003,1.048895e+002
3.289965e+003,1.048981e+002
3.290447e+003,1.049068e+002
3.290929e+003,1.049147e+002
3.291411e+003,1.049203e+002
3.291893e+003,1.049221e+002
3.292375e+003,1.049190e+002
3.292858e+003,1.049111e+002
3.293340e+003,1.048996e+002
3.293822e+003,1.048871e+002
3.294304e+003,1.048764e+002
3.294786e+003,1.048703e+002
3.295268e+003,1.048699e+002
3.295750e+003,1.048747e+002
3.296232e+003,1.048828e+002
3.296715e+003,1.048915e+002
3.297197e+003,1.048981e+002
3.297679e+003,1.049011e+002
3.298161e+003,1.048999e+002
3.298643e+003,1.048950e+002
3.299125e+003,1.048880e+002
3.299607e+003,1.048802e+002
3.300089e+003,1.048733e+002
3.300572e+003,1.048685e+002
3.301054e+003,1.048669e+002
3.301536e+003,1.048688e+002
3.302018e+003,1.048740e+002
3.302500e+003,1.048812e+002
3.302982e+003,1.048885e+002
3.303464e+003,1.048938e+002
3.303946e+003,1.048954e+002
3.304428e+003,1.048932e+002
3.304911e+003,1.048884e+002
3.305393e+003,1.048836e+002
3.305875e+003,1.048818e+002
3.306357e+003,1.048849e+002
3.306839e+003,1.048931e+002
3.307321e+003,1.049045e+002
3.307803e+003,1.049156e+002
3.308285e+003,1.049230e+002
3.308768e+003,1.049247e+002
3.309250e+003,1.049208e+002
3.309732e+003,1.049137e+002
3.310214e+003,1.049073e+002
3.310696e+003,1.049047e+002
3.311178e+003,1.049079e+002
3.311660e+003,1.049162e+002
3.312142e+003,1.049269e+002
3.312625e+003,1.049363e+002
3.313106e+003,1.049408e+002
3.313589e+003,1.049383e+002
3.314071e+003,1.049285e+002
3.314553e+003,1.049131e+002
3.315035e+003,1.048950e+002
3.315517e+003,1.048779e+002
3.315999e+003,1.048653e+002
3.316481e+003,1.048602e+002
3.316963e+003,1.048642e+002
3.317446e+003,1.048773e+002
3.317928e+003,1.048975e+002
3.318410e+003,1.049210e+002
3.318892e+003,1.049427e+002
3.319374e+003,1.049576e+002
3.319856e+003,1.049616e+002
3.320338e+003,1.049536e+002
3.320820e+003,1.049351e+002
3.321302e+003,1.049109e+002
3.321785e+003,1.048870e+002
3.322267e+003,1.048693e+002
3.322749e+003,1.048619e+002
3.323231e+003,1.048664e+002
3.323713e+003,1.048815e+002
3.324195e+003,1.049035e+002
3.324677e+003,1.049280e+002
3.325159e+003,1.049506e+002
3.325642e+003,1.049680e+002
3.326124e+003,1.049785e+002
3.326606e+003,1.049819e+002
3.327088e+003,1.049794e+002
3.327570e+003,1.049729e+002
3.328052e+003,1.049651e+002
3.328534e+003,1.049585e+002
3.329016e+003,1.049553e+002
3.329499e+003,1.049571e+002
3.329981e+003,1.049642e+002
3.330463e+003,1.049759e+002
3.330945e+003,1.049905e+002
3.331427e+003,1.050061e+002
3.331909e+003,1.050205e+002
3.332391e+003,1.050319e+002
3.332873e+003,1.050391e+002
3.333355e+003,1.050412e+002
3.333838e+003,1.050383e+002
3.334320e+003,1.050310e+002
3.334802e+003,1.050210e+002
3.335284e+003,1.050109e+002
3.335766e+003,1.050041e+002
3.336248e+003,1.050039e+002
3.336730e+003,1.050128e+002
3.337212e+003,1.050313e+002
3.337695e+003,1.050575e+002
3.338177e+003,1.050876e+002
3.338659e+003,1.051167e+002
3.339141e+003,1.051404e+002
3.339623e+003,1.051563e+002
3.340105e+003,1.051639e+002
3.340587e+003,1.051650e+002
3.341069e+003,1.051622e+002
3.341552e+003,1.051577e+002
3.342033e+003,1.051525e+002
3.342516e+003,1.051460e+002
3.342998e+003,1.051371e+002
3.343480e+003,1.051253e+002
3.343962e+003,1.051112e+002
3.344444e+003,1.050974e+002
3.344926e+003,1.050868e+002
3.345408e+003,1.050823e+002
3.345890e+003,1.050846e+002
3.346373e+003,1.050922e+002
3.346855e+003,1.051018e+002
3.347337e+003,1.051091e+002
3.347819e+003,1.051111e+002
3.348301e+003,1.051070e+002
3.348783e+003,1.050984e+002
3.349265e+003,1.050894e+002
3.349747e+003,1.050842e+002
3.350229e+003,1.050864e+002
3.350712e+003,1.050975e+002
3.351194e+003,1.051164e+002
3.351676e+003,1.051401e+002
3.352158e+003,1.051643e+002
3.352640e+003,1.051853e+002
3.353122e+003,1.052006e+002
3.353604e+003,1.052099e+002
3.354086e+003,1.052147e+002
3.354569e+003,1.052180e+002
3.355051e+003,1.052231e+002
3.355533e+003,1.052327e+002
3.356015e+003,1.052475e+002
3.356497e+003,1.052662e+002
3.356979e+003,1.052854e+002
3.357461e+003,1.053009e+002
3.357943e+003,1.053089e+002
3.358426e+003,1.053072e+002
3.358908e+003,1.052960e+002
3.359390e+003,1.052778e+002
3.359872e+003,1.052566e+002
3.360354e+003,1.052366e+002
3.360836e+003,1.052212e+002
3.361318e+003,1.052116e+002
3.361800e+003,1.052074e+002
3.362282e+003,1.052071e+002
3.362765e+003,1.052088e+002
3.363247e+003,1.052115e+002
3.363729e+003,1.052149e+002
3.364211e+003,1.052196e+002
3.364693e+003,1.052265e+002
3.365175e+003,1.052361e+002
3.365657e+003,1.052483e+002
3.366139e+003,1.052622e+002
3.366622e+003,1.052767e+002
3.367104e+003,1.052909e+002
3.367586e+003,1.053035e+002
3.368068e+003,1.053137e+002
3.368550e+003,1.053202e+002
3.369032e+003,1.053216e+002
3.369514e+003,1.053167e+002
3.369996e+003,1.053047e+002
3.370479e+003,1.052863e+002
3.370961e+003,1.052632e+002
3.371443e+003,1.052388e+002
3.371925e+003,1.052168e+002
3.372407e+003,1.052007e+002
3.372889e+003,1.051929e+002
3.373371e+003,1.051940e+002
3.373853e+003,1.052027e+002
3.374335e+003,1.052164e+002
3.374818e+003,1.052318e+002
3.375300e+003,1.052455e+002
3.375782e+003,1.052549e+002
3.376264e+003,1.052581e+002
3.376746e+003,1.052551e+002
3.377228e+003,1.052467e+002
3.377710e+003,1.052350e+002
3.378192e+003,1.052224e+002
3.378675e+003,1.052107e+002
3.379156e+003,1.052012e+002
3.379639e+003,1.051934e+002
3.380121e+003,1.051861e+002
3.380603e+003,1.051779e+002
3.381085e+003,1.051683e+002
3.381567e+003,1.051584e+002
3.382049e+003,1.051509e+002
3.382531e+003,1.051495e+002
3.383013e+003,1.051572e+002
3.383496e+003,1.051750e+002
3.383978e+003,1.052008e+002
3.384460e+003,1.052302e+002
3.384942e+003,1.052575e+002
3.385424e+003,1.052782e+002
3.385906e+003,1.052898e+002
3.386388e+003,1.052928e+002
3.386870e+003,1.052896e+002
3.387353e+003,1.052832e+002
3.387835e+003,1.052754e+002
3.388317e+003,1.052661e+002
3.388799e+003,1.052538e+002
3.389281e+003,1.052370e+002
3.389763e+003,1.052156e+002
3.390245e+003,1.051920e+002
3.390727e+003,1.051703e+002
3.391209e+003,1.051555e+002
3.391692e+003,1.051512e+002
3.392174e+003,1.051584e+002
3.392656e+003,1.051753e+002
3.393138e+003,1.051980e+002
3.393620e+003,1.052224e+002
3.394102e+003,1.052455e+002
3.394584e+003,1.052658e+002
3.395066e+003,1.052830e+002
3.395549e+003,1.052966e+002
3.396031e+003,1.053051e+002
3.396513e+003,1.053062e+002
3.396995e+003,1.052974e+002
3.397477e+003,1.052776e+002
3.397959e+003,1.052483e+002
3.398441e+003,1.052136e+002
3.398923e+003,1.051796e+002
3.399406e+003,1.051521e+002
3.399888e+003,1.051350e+002
3.400370e+003,1.051295e+002
3.400852e+003,1.051337e+002
3.401334e+003,1.051443e+002
3.401816e+003,1.051580e+002
3.402298e+003,1.051722e+002
3.402780e+003,1.051857e+002
3.403262e+003,1.051981e+002
3.403745e+003,1.052082e+002
3.404227e+003,1.052148e+002
3.404709e+003,1.052158e+002
3.405191e+003,1.052097e+002
3.405673e+003,1.051969e+002
3.406155e+003,1.051801e+002
3.406637e+003,1.051637e+002
3.407119e+003,1.051529e+002
3.407602e+003,1.051510e+002
3.408083e+003,1.051587e+002
3.408566e+003,1.051735e+002
3.409048e+003,1.051906e+002
3.409530e+003,1.052043e+002
3.410012e+003,1.052108e+002
3.410494e+003,1.052096e+002
3.410976e+003,1.051998e+002
3.411458e+003,1.051843e+002
3.411940e+003,1.051671e+002
3.412423e+003,1.051511e+002
3.412905e+003,1.051381e+002
3.413387e+003,1.051278e+002
3.413869e+003,1.051191e+002
3.414351e+003,1.051107e+002
3.414833e+003,1.051024e+002
3.415315e+003,1.050943e+002
3.415797e+003,1.050873e+002
3.416280e+003,1.050812e+002
3.416762e+003,1.050750e+002
3.417244e+003,1.050663e+002
3.417726e+003,1.050527e+002
3.418208e+003,1.050329e+002
3.418690e+003,1.050075e+002
3.419172e+003,1.049797e+002
3.419654e+003,1.049541e+002
3.420136e+003,1.049355e+002
3.420619e+003,1.049270e+002
3.421101e+003,1.049290e+002
3.421583e+003,1.049392e+002
3.422065e+003,1.049533e+002
3.422547e+003,1.049669e+002
3.423029e+003,1.049768e+002
3.423511e+003,1.049812e+002
3.423993e+003,1.049799e+002
3.424476e+003,1.049732e+002
3.424958e+003,1.049615e+002
3.425440e+003,1.049447e+002
3.425922e+003,1.049221e+002
3.426404e+003,1.048938e+002
3.426886e+003,1.048613e+002
3.427368e+003,1.048274e+002
3.427850e+003,1.047960e+002
3.428333e+003,1.047706e+002
3.428815e+003,1.047534e+002
3.429297e+003,1.047445e+002
3.429779e+003,1.047415e+002
3.430261e+003,1.047410e+002
3.430743e+003,1.047401e+002
3.431225e+003,1.047376e+002
3.431707e+003,1.047346e+002
3.432189e+003,1.047341e+002
3.432672e+003,1.047393e+002
3.433154e+003,1.047518e+002
3.433636e+003,1.047713e+002
3.434118e+003,1.047942e+002
3.434600e+003,1.048156e+002
3.435082e+003,1.048307e+002
3.435564e+003,1.048362e+002
3.436046e+003,1.048312e+002
3.436529e+003,1.048173e+002
3.437010e+003,1.047976e+002
3.437493e+003,1.047748e+002
3.437975e+003,1.047504e+002
3.438457e+003,1.047242e+002
3.438939e+003,1.046950e+002
3.439421e+003,1.046618e+002
3.439903e+003,1.046248e+002
3.440385e+003,1.045862e+002
3.440867e+003,1.045500e+002
3.441350e+003,1.045209e+002
3.441832e+003,1.045029e+002
3.442314e+003,1.044978e+002
3.442796e+003,1.045048e+002
3.443278e+003,1.045204e+002
3.443760e+003,1.045394e+002
3.444242e+003,1.045566e+002
3.444724e+003,1.045674e+002
3.445207e+003,1.045692e+002
3.445689e+003,1.045615e+002
3.446171e+003,1.045457e+002
3.446653e+003,1.045248e+002
3.447135e+003,1.045024e+002
3.447617e+003,1.044821e+002
3.448099e+003,1.044665e+002
3.448581e+003,1.044571e+002
3.449063e+003,1.044546e+002
3.449546e+003,1.044587e+002
3.450028e+003,1.044682e+002
3.450510e+003,1.044812e+002
3.450992e+003,1.044958e+002
3.451474e+003,1.045093e+002
3.451956e+003,1.045194e+002
3.452438e+003,1.045235e+002
3.452920e+003,1.045194e+002
3.453403e+003,1.045058e+002
3.453885e+003,1.044820e+002
3.454367e+003,1.044490e+002
3.454849e+003,1.044098e+002
3.455331e+003,1.043686e+002
3.455813e+003,1.043309e+002
3.456295e+003,1.043014e+002
3.456777e+003,1.042835e+002
3.457260e+003,1.042778e+002
3.457742e+003,1.042816e+002
3.458224e+003,1.042897e+002
3.458706e+003,1.042954e+002
3.459188e+003,1.042927e+002
3.459670e+003,1.042778e+002
3.460152e+003,1.042505e+002
3.460634e+003,1.042142e+002
3.461116e+003,1.041752e+002
3.461599e+003,1.041407e+002
3.462081e+003,1.041171e+002
3.462563e+003,1.041078e+002
3.463045e+003,1.041128e+002
3.463527e+003,1.041281e+002
3.464009e+003,1.041471e+002
3.464491e+003,1.041623e+002
3.464973e+003,1.041672e+002
3.465456e+003,1.041580e+002
3.465938e+003,1.041347e+002
3.466420e+003,1.041014e+002
3.466902e+003,1.040649e+002
3.467384e+003,1.040335e+002
3.467866e+003,1.040140e+002
3.468348e+003,1.040105e+002
3.468830e+003,1.040227e+002
3.469313e+003,1.040461e+002
3.469794e+003,1.040728e+002
3.470277e+003,1.040940e+002
3.470759e+003,1.041021e+002
3.471241e+003,1.040922e+002
3.471723e+003,1.040642e+002
3.472205e+003,1.040219e+002
3.472687e+003,1.039723e+002
3.473169e+003,1.039235e+002
3.473651e+003,1.038825e+002
3.474134e+003,1.038545e+002
3.474616e+003,1.038415e+002
3.475098e+003,1.038428e+002
3.475580e+003,1.038554e+002
3.476062e+003,1.038751e+002
3.476544e+003,1.038972e+002
3.477026e+003,1.039172e+002
3.477508e+003,1.039307e+002
3.477990e+003,1.039337e+002
3.478473e+003,1.039232e+002
3.478955e+003,1.038978e+002
3.479437e+003,1.038577e+002
3.479919e+003,1.038062e+002
3.480401e+003,1.037488e+002
3.480883e+003,1.036928e+002
3.481365e+003,1.036465e+002
3.481847e+003,1.036169e+002
3.482330e+003,1.036088e+002
3.482812e+003,1.036236e+002
3.483294e+003,1.036597e+002
3.483776e+003,1.037118e+002
3.484258e+003,1.037725e+002
3.484740e+003,1.038331e+002
3.485222e+003,1.038835e+002
3.485704e+003,1.039145e+002
3.486187e+003,1.039186e+002
3.486669e+003,1.038923e+002
3.487151e+003,1.038369e+002
3.487633e+003,1.037599e+002
3.488115e+003,1.036739e+002
3.488597e+003,1.035940e+002
3.489079e+003,1.035353e+002
3.489561e+003,1.035087e+002
3.490043e+003,1.035186e+002
3.490526e+003,1.035614e+002
3.491008e+003,1.036259e+002
3.491490e+003,1.036960e+002
3.491972e+003,1.037542e+002
3.492454e+003,1.037855e+002
3.492936e+003,1.037813e+002
3.493418e+003,1.037405e+002
3.493900e+003,1.036697e+002
3.494383e+003,1.035807e+002
3.494865e+003,1.034879e+002
3.495347e+003,1.034043e+002
3.495829e+003,1.033397e+002
3.496311e+003,1.032989e+002
3.496793e+003,1.032821e+002
3.497275e+003,1.032857e+002
3.497757e+003,1.033035e+002
3.498240e+003,1.033278e+002
3.498721e+003,1.033506e+002
3.499204e+003,1.033646e+002
3.499686e+003,1.033640e+002
3.500168e+003,1.033454e+002
3.500650e+003,1.033087e+002
3.501132e+003,1.032573e+002
3.501614e+003,1.031978e+002
3.502096e+003,1.031391e+002
3.502578e+003,1.030904e+002
3.503061e+003,1.030596e+002
3.503543e+003,1.030512e+002
3.504025e+003,1.030659e+002
3.504507e+003,1.031002e+002
3.504989e+003,1.031479e+002
3.505471e+003,1.032008e+002
3.505953e+003,1.032498e+002
3.506435e+003,1.032865e+002
3.506917e+003,1.033036e+002
3.507400e+003,1.032969e+002
3.507882e+003,1.032657e+002
3.508364e+003,1.032139e+002
3.508846e+003,1.031490e+002
3.509328e+003,1.030811e+002
3.509810e+003,1.030202e+002
3.510292e+003,1.029740e+002
3.510774e+003,1.029472e+002
3.511257e+003,1.029408e+002
3.511739e+003,1.029526e+002
3.512221e+003,1.029788e+002
3.512703e+003,1.030137e+002
3.513185e+003,1.030514e+002
3.513667e+003,1.030850e+002
3.514149e+003,1.031082e+002
3.514631e+003,1.031155e+002
3.515114e+003,1.031036e+002
3.515596e+003,1.030727e+002
3.516078e+003,1.030270e+002
3.516560e+003,1.029743e+002
3.517042e+003,1.029243e+002
3.517524e+003,1.028858e+002
3.518006e+003,1.028637e+002
3.518488e+003,1.028576e+002
3.518970e+003,1.028609e+002
3.519453e+003,1.028635e+002
3.519935e+003,1.028542e+002
3.520417e+003,1.028251e+002
3.520899e+003,1.027738e+002
3.521381e+003,1.027043e+002
3.521863e+003,1.026262e+002
3.522345e+003,1.025519e+002
3.522827e+003,1.024927e+002
3.523310e+003,1.024568e+002
3.523792e+003,1.024468e+002
3.524274e+003,1.024611e+002
3.524756e+003,1.024949e+002
3.525238e+003,1.025421e+002
3.525720e+003,1.025967e+002
3.526202e+003,1.026528e+002
3.526684e+003,1.027047e+002
3.527167e+003,1.027465e+002
3.527648e+003,1.027731e+002
3.528131e+003,1.027805e+002
3.528613e+003,1.027676e+002
3.529095e+003,1.027363e+002
3.529577e+003,1.026919e+002
3.530059e+003,1.026411e+002
3.530541e+003,1.025913e+002
3.531023e+003,1.025489e+002
3.531505e+003,1.025189e+002
3.531988e+003,1.025041e+002
3.532470e+003,1.025055e+002
3.532952e+003,1.025221e+002
3.533434e+003,1.025502e+002
3.533916e+003,1.025834e+002
3.534398e+003,1.026127e+002
3.534880e+003,1.026274e+002
3.535362e+003,1.026183e+002
3.535844e+003,1.025807e+002
3.536327e+003,1.025168e+002
3.536809e+003,1.024374e+002
3.537291e+003,1.023588e+002
3.537773e+003,1.022990e+002
3.538255e+003,1.022727e+002
3.538737e+003,1.022866e+002
3.539219e+003,1.023373e+002
3.539701e+003,1.024125e+002
3.540184e+003,1.024932e+002
3.540666e+003,1.025595e+002
3.541148e+003,1.025946e+002
3.541630e+003,1.025887e+002
3.542112e+003,1.025398e+002
3.542594e+003,1.024529e+002
3.543076e+003,1.023377e+002
3.543558e+003,1.022061e+002
3.544041e+003,1.020704e+002
3.544523e+003,1.019428e+002
3.545005e+003,1.018353e+002
3.545487e+003,1.017603e+002
3.545969e+003,1.017286e+002
3.546451e+003,1.017481e+002
3.546933e+003,1.018204e+002
3.547415e+003,1.019391e+002
3.547897e+003,1.020897e+002
3.548380e+003,1.022513e+002
3.548862e+003,1.024002e+002
3.549344e+003,1.025135e+002
3.549826e+003,1.025726e+002
3.550308e+003,1.025674e+002
3.550790e+003,1.024982e+002
3.551272e+003,1.023771e+002
3.551754e+003,1.022263e+002
3.552237e+003,1.020734e+002
3.552719e+003,1.019456e+002
3.553201e+003,1.018640e+002
3.553683e+003,1.018408e+002
3.554165e+003,1.018774e+002
3.554647e+003,1.019666e+002
3.555129e+003,1.020929e+002
3.555611e+003,1.022357e+002
3.556094e+003,1.023713e+002
3.556575e+003,1.024767e+002
3.557058e+003,1.025327e+002
3.557540e+003,1.025275e+002
3.558022e+003,1.024579e+002
3.558504e+003,1.023304e+002
3.558986e+003,1.021593e+002
3.559468e+003,1.019642e+002
3.559950e+003,1.017667e+002
3.560432e+003,1.015871e+002
3.560915e+003,1.014412e+002
3.561397e+003,1.013390e+002
3.561879e+003,1.012837e+002
3.562361e+003,1.012712e+002
3.562843e+003,1.012916e+002
3.563325e+003,1.013301e+002
3.563807e+003,1.013699e+002
3.564289e+003,1.013955e+002
3.564771e+003,1.013978e+002
3.565254e+003,1.013777e+002
3.565736e+003,1.013491e+002
3.566218e+003,1.013363e+002
3.566700e+003,1.013658e+002
3.567182e+003,1.014556e+002
3.567664e+003,1.016075e+002
3.568146e+003,1.018065e+002
3.568628e+003,1.020279e+002
3.569111e+003,1.022440e+002
3.569593e+003,1.024295e+002
3.570075e+003,1.025629e+002
3.570557e+003,1.026265e+002
3.571039e+003,1.026086e+002
3.571521e+003,1.025065e+002
3.572003e+003,1.023294e+002
3.572485e+003,1.020994e+002
3.572968e+003,1.018485e+002
3.573450e+003,1.016131e+002
3.573932e+003,1.014265e+002
3.574414e+003,1.013120e+002
3.574896e+003,1.012793e+002
3.575378e+003,1.013234e+002
3.575860e+003,1.014274e+002
3.576342e+003,1.015663e+002
3.576824e+003,1.017127e+002
3.577307e+003,1.018411e+002
3.577789e+003,1.019311e+002
3.578271e+003,1.019691e+002
3.578753e+003,1.019487e+002
3.579235e+003,1.018711e+002
3.579717e+003,1.017452e+002
3.580199e+003,1.015876e+002
3.580681e+003,1.014212e+002
3.581164e+003,1.012722e+002
3.581646e+003,1.011656e+002
3.582128e+003,1.011205e+002
3.582610e+003,1.011450e+002
3.583092e+003,1.012339e+002
3.583574e+003,1.013682e+002
3.584056e+003,1.015192e+002
3.584538e+003,1.016539e+002
3.585021e+003,1.017431e+002
3.585502e+003,1.017705e+002
3.585985e+003,1.017383e+002
3.586467e+003,1.016683e+002
3.586949e+003,1.015949e+002
3.587431e+003,1.015515e+002
3.587913e+003,1.015595e+002
3.588395e+003,1.016225e+002
3.588877e+003,1.017311e+002
3.589359e+003,1.018698e+002
3.589842e+003,1.020217e+002
3.590324e+003,1.021694e+002
3.590806e+003,1.022925e+002
3.591288e+003,1.023682e+002
3.591770e+003,1.023737e+002
3.592252e+003,1.022932e+002
3.592734e+003,1.021257e+002
3.593216e+003,1.018895e+002
3.593698e+003,1.016202e+002
3.594181e+003,1.013615e+002
3.594663e+003,1.011521e+002
3.595145e+003,1.010158e+002
3.595627e+003,1.009573e+002
3.596109e+003,1.009651e+002
3.596591e+003,1.010196e+002
3.597073e+003,1.011015e+002
3.597555e+003,1.011977e+002
3.598038e+003,1.013036e+002
3.598520e+003,1.014195e+002
3.599002e+003,1.015462e+002
3.599484e+003,1.016789e+002
3.599966e+003,1.018052e+002
3.600448e+003,1.019076e+002
3.600930e+003,1.019692e+002
3.601412e+003,1.019806e+002
3.601895e+003,1.019424e+002
3.602377e+003,1.018647e+002
3.602859e+003,1.017617e+002
3.603341e+003,1.016467e+002
3.603823e+003,1.015291e+002
3.604305e+003,1.014132e+002
3.604787e+003,1.013004e+002
3.605269e+003,1.011916e+002
3.605751e+003,1.010896e+002
3.606234e+003,1.010003e+002
3.606716e+003,1.009314e+002
3.607198e+003,1.008906e+002
3.607680e+003,1.008825e+002
3.608162e+003,1.009071e+002
3.608644e+003,1.009602e+002
3.609126e+003,1.010358e+002
3.609608e+003,1.011269e+002
3.610091e+003,1.012252e+002
3.610573e+003,1.013177e+002
3.611055e+003,1.013829e+002
3.611537e+003,1.013915e+002
3.612019e+003,1.013125e+002
3.612501e+003,1.011268e+002
3.612983e+003,1.008408e+002
3.613465e+003,1.004919e+002
3.613948e+003,1.001409e+002
3.614429e+003,9.985358e+001
3.614912e+003,9.968369e+001
3.615394e+003,9.966194e+001
3.615876e+003,9.979272e+001
3.616358e+003,1.000554e+002
3.616840e+003,1.004087e+002
3.617322e+003,1.007979e+002
3.617804e+003,1.011642e+002
3.618286e+003,1.014581e+002
3.618769e+003,1.016497e+002
3.619251e+003,1.017334e+002
3.619733e+003,1.017237e+002
3.620215e+003,1.016451e+002
3.620697e+003,1.015222e+002
3.621179e+003,1.013755e+002
3.621661e+003,1.012204e+002
3.622143e+003,1.010680e+002
3.622625e+003,1.009264e+002
3.623108e+003,1.008001e+002
3.623590e+003,1.006903e+002
3.624072e+003,1.005938e+002
3.624554e+003,1.005033e+002
3.625036e+003,1.004074e+002
3.625518e+003,1.002929e+002
3.626000e+003,1.001489e+002
3.626482e+003,9.997421e+001
3.626965e+003,9.978754e+001
3.627447e+003,9.963566e+001
3.627929e+003,9.958694e+001
3.628411e+003,9.970266e+001
3.628893e+003,9.999747e+001
3.629375e+003,1.004215e+002
3.629857e+003,1.008834e+002
3.630339e+003,1.012955e+002
3.630822e+003,1.016042e+002
3.631304e+003,1.017895e+002
3.631786e+003,1.018488e+002
3.632268e+003,1.017839e+002
3.632750e+003,1.015977e+002
3.633232e+003,1.012988e+002
3.633714e+003,1.009089e+002
3.634196e+003,1.004649e+002
3.634678e+003,1.000148e+002
3.635161e+003,9.960931e+001
3.635643e+003,9.929313e+001
3.636125e+003,9.909901e+001
3.636607e+003,9.904356e+001
3.637089e+003,9.912423e+001
3.637571e+003,9.931734e+001
3.638053e+003,9.957925e+001
3.638535e+003,9.985210e+001
3.639018e+003,1.000743e+002
3.639500e+003,1.001933e+002
3.639982e+003,1.001765e+002
3.640464e+003,1.000166e+002
3.640946e+003,9.973141e+001
3.641428e+003,9.935783e+001
3.641910e+003,9.894277e+001
3.642392e+003,9.853432e+001
3.642875e+003,9.817490e+001
3.643356e+003,9.789770e+001
3.643839e+003,9.772567e+001
3.644321e+003,9.767142e+001
3.644803e+003,9.773665e+001
3.645285e+003,9.791052e+001
3.645767e+003,9.816734e+001
3.646249e+003,9.846604e+001
3.646731e+003,9.875495e+001
3.647213e+003,9.898444e+001
3.647696e+003,9.912583e+001
3.648178e+003,9.918768e+001
3.648660e+003,9.921651e+001
3.649142e+003,9.927673e+001
3.649624e+003,9.941791e+001
3.650106e+003,9.964880e+001
3.650588e+003,9.993372e+001
3.651070e+003,1.002115e+002
3.651552e+003,1.004228e+002
3.652035e+003,1.005283e+002
3.652517e+003,1.005123e+002
3.652999e+003,1.003746e+002
3.653481e+003,1.001222e+002
3.653963e+003,9.976775e+001
3.654445e+003,9.933457e+001
3.654927e+003,9.886504e+001
3.655409e+003,9.842155e+001
3.655892e+003,9.807475e+001
3.656374e+003,9.788190e+001
3.656856e+003,9.786793e+001
3.657338e+003,9.801981e+001
3.657820e+003,9.829421e+001
3.658302e+003,9.863060e+001
3.658784e+003,9.896379e+001
3.659266e+003,9.923494e+001
3.659749e+003,9.940247e+001
3.660231e+003,9.945071e+001
3.660713e+003,9.939239e+001
3.661195e+003,9.926137e+001
3.661677e+003,9.909843e+001
3.662159e+003,9.893683e+001
3.662641e+003,9.879440e+001
3.663123e+003,9.867430e+001
3.663605e+003,9.857229e+001
3.664088e+003,9.848536e+001
3.664570e+003,9.841712e+001
3.665052e+003,9.837739e+001
3.665534e+003,9.837670e+001
3.666016e+003,9.841834e+001
3.666498e+003,9.849158e+001
3.666980e+003,9.856927e+001
3.667462e+003,9.861272e+001
3.667945e+003,9.858416e+001
3.668427e+003,9.846424e+001
3.668909e+003,9.826645e+001
3.669391e+003,9.803676e+001
3.669873e+003,9.783469e+001
3.670355e+003,9.770708e+001
3.670837e+003,9.767250e+001
3.671319e+003,9.772446e+001
3.671802e+003,9.784431e+001
3.672283e+003,9.801181e+001
3.672766e+003,9.820778e+001
3.673248e+003,9.841380e+001
3.673730e+003,9.861320e+001
3.674212e+003,9.879246e+001
3.674694e+003,9.893901e+001
3.675176e+003,9.903835e+001
3.675658e+003,9.908042e+001
3.676140e+003,9.907223e+001
3.676623e+003,9.904157e+001
3.677105e+003,9.902940e+001
3.677587e+003,9.907504e+001
3.678069e+003,9.919955e+001
3.678551e+003,9.939342e+001
3.679033e+003,9.961402e+001
3.679515e+003,9.979559e+001
3.679997e+003,9.987085e+001
3.680479e+003,9.979557e+001
3.680962e+003,9.956345e+001
3.681444e+003,9.920413e+001
3.681926e+003,9.876878e+001
3.682408e+003,9.831277e+001
3.682890e+003,9.788424e+001
3.683372e+003,9.751945e+001
3.683854e+003,9.724335e+001
3.684336e+003,9.707173e+001
3.684819e+003,9.701286e+001
3.685301e+003,9.706701e+001
3.685783e+003,9.722451e+001
3.686265e+003,9.746278e+001
3.686747e+003,9.774416e+001
3.687229e+003,9.801751e+001
3.687711e+003,9.822838e+001
3.688193e+003,9.833864e+001
3.688676e+003,9.834828e+001
3.689158e+003,9.830321e+001
3.689640e+003,9.827923e+001
3.690122e+003,9.835017e+001
3.690604e+003,9.855839e+001
3.691086e+003,9.889854e+001
3.691568e+003,9.931895e+001
3.692050e+003,9.973865e+001
3.692532e+003,1.000733e+002
3.693015e+003,1.002607e+002
3.693497e+003,1.002745e+002
3.693979e+003,1.001240e+002
3.694461e+003,9.984467e+001
3.694943e+003,9.948391e+001
3.695425e+003,9.908987e+001
3.695907e+003,9.870463e+001
3.696389e+003,9.836176e+001
3.696872e+003,9.808716e+001
3.697354e+003,9.790051e+001
3.697836e+003,9.781590e+001
3.698318e+003,9.784052e+001
3.698800e+003,9.797180e+001
3.699282e+003,9.819341e+001
3.699764e+003,9.847234e+001
3.700246e+003,9.875989e+001
3.700729e+003,9.899941e+001
3.701211e+003,9.914192e+001
3.701693e+003,9.916367e+001
3.702175e+003,9.907516e+001
3.702657e+003,9.891518e+001
3.703139e+003,9.873397e+001
3.703621e+003,9.857594e+001
3.704103e+003,9.846956e+001
3.704585e+003,9.842540e+001
3.705068e+003,9.843974e+001
3.705550e+003,9.850025e+001
3.706032e+003,9.859165e+001
3.706514e+003,9.869988e+001
3.706996e+003,9.881384e+001
3.707478e+003,9.892499e+001
3.707960e+003,9.902566e+001
3.708442e+003,9.910713e+001
3.708925e+003,9.915971e+001
3.709406e+003,9.917517e+001
3.709889e+003,9.915167e+001
3.710371e+003,9.909824e+001
3.710853e+003,9.903552e+001
3.711335e+003,9.899034e+001
3.711817e+003,9.898556e+001
3.712299e+003,9.903112e+001
3.712781e+003,9.912136e+001
3.713263e+003,9.923860e+001
3.713746e+003,9.935994e+001
3.714228e+003,9.946281e+001
3.714710e+003,9.952811e+001
3.715192e+003,9.954233e+001
3.715674e+003,9.949896e+001
3.716156e+003,9.939993e+001
3.716638e+003,9.925597e+001
3.717120e+003,9.908492e+001
3.717603e+003,9.890743e+001
3.718085e+003,9.874174e+001
3.718567e+003,9.859984e+001
3.719049e+003,9.848694e+001
3.719531e+003,9.840476e+001
3.720013e+003,9.835667e+001
3.720495e+003,9.835158e+001
3.720977e+003,9.840407e+001
3.721459e+003,9.852955e+001
3.721942e+003,9.873618e+001
3.722424e+003,9.901773e+001
3.722906e+003,9.935175e+001
3.723388e+003,9.970451e+001
3.723870e+003,1.000403e+002
3.724352e+003,1.003301e+002
3.724834e+003,1.005559e+002
3.725316e+003,1.007084e+002
3.725799e+003,1.007812e+002
3.726281e+003,1.007653e+002
3.726763e+003,1.006497e+002
3.727245e+003,1.004279e+002
3.727727e+003,1.001061e+002
3.728209e+003,9.970827e+001
3.728691e+003,9.927517e+001
3.729173e+003,9.885856e+001
3.729656e+003,9.851299e+001
3.730138e+003,9.828636e+001
3.730620e+003,9.821013e+001
3.731102e+003,9.829024e+001
3.731584e+003,9.850249e+001
3.732066e+003,9.879671e+001
3.732548e+003,9.911032e+001
3.733030e+003,9.938689e+001
3.733512e+003,9.959157e+001
3.733995e+003,9.971567e+001
3.734477e+003,9.976871e+001
3.734959e+003,9.976308e+001
3.735441e+003,9.970155e+001
3.735923e+003,9.957814e+001
3.736405e+003,9.939294e+001
3.736887e+003,9.916611e+001
3.737369e+003,9.893804e+001
3.737852e+003,9.875625e+001
3.738333e+003,9.865864e+001
3.738816e+003,9.866151e+001
3.739298e+003,9.875624e+001
3.739780e+003,9.891415e+001
3.740262e+003,9.909659e+001
3.740744e+003,9.926534e+001
3.741226e+003,9.938854e+001
3.741708e+003,9.944132e+001
3.742190e+003,9.940312e+001
3.742673e+003,9.925675e+001
3.743155e+003,9.899182e+001
3.743637e+003,9.861285e+001
3.744119e+003,9.815051e+001
3.744601e+003,9.766828e+001
3.745083e+003,9.724817e+001
3.745565e+003,9.696223e+001
3.746047e+003,9.685777e+001
3.746530e+003,9.695681e+001
3.747012e+003,9.725322e+001
3.747494e+003,9.770362e+001
3.747976e+003,9.822015e+001
3.748458e+003,9.867712e+001
3.748940e+003,9.894310e+001
3.749422e+003,9.893777e+001
3.749904e+003,9.868178e+001
3.750386e+003,9.829405e+001
3.750869e+003,9.792915e+001
3.751351e+003,9.770098e+001
3.751833e+003,9.764327e+001
3.752315e+003,9.771849e+001
3.752797e+003,9.785545e+001
3.753279e+003,9.798884e+001
3.753761e+003,9.808240e+001
3.754243e+003,9.813040e+001
3.754726e+003,9.814412e+001
3.755208e+003,9.813342e+001
3.755690e+003,9.809305e+001
3.756172e+003,9.799938e+001
3.756654e+003,9.782051e+001
3.757136e+003,9.753624e+001
3.757618e+003,9.715839e+001
3.758100e+003,9.673915e+001
3.758583e+003,9.636114e+001
3.759065e+003,9.611258e+001
3.759547e+003,9.605776e+001
3.760029e+003,9.621410e+001
3.760511e+003,9.654492e+001
3.760993e+003,9.697124e+001
3.761475e+003,9.739723e+001
3.761957e+003,9.773697e+001
3.762439e+003,9.793206e+001
3.762922e+003,9.795789e+001
3.763404e+003,9.782281e+001
3.763886e+003,9.756394e+001
3.764368e+003,9.723982e+001
3.764850e+003,9.691831e+001
3.765332e+003,9.666080e+001
3.765814e+003,9.650922e+001
3.766296e+003,9.648112e+001
3.766779e+003,9.657317e+001
3.767260e+003,9.676781e+001
3.767743e+003,9.703807e+001
3.768225e+003,9.734947e+001
3.768707e+003,9.766145e+001
3.769189e+003,9.793188e+001
3.769671e+003,9.812623e+001
3.770153e+003,9.822836e+001
3.770635e+003,9.824545e+001
3.771117e+003,9.820288e+001
3.771600e+003,9.813235e+001
3.772082e+003,9.806055e+001
3.772564e+003,9.800245e+001
3.773046e+003,9.796047e+001
3.773528e+003,9.792773e+001
3.774010e+003,9.789325e+001
3.774492e+003,9.784771e+001
3.774974e+003,9.778674e+001
3.775457e+003,9.771188e+001
3.775939e+003,9.762923e+001
3.776421e+003,9.754630e+001
3.776903e+003,9.746969e+001
3.777385e+003,9.740411e+001
3.777867e+003,9.735265e+001
3.778349e+003,9.731842e+001
3.778831e+003,9.730569e+001
3.779313e+003,9.732034e+001
3.779796e+003,9.736864e+001
3.780278e+003,9.745558e+001
3.780760e+003,9.758290e+001
3.781242e+003,9.774772e+001
3.781724e+003,9.794105e+001
3.782206e+003,9.814597e+001
3.782688e+003,9.833714e+001
3.783170e+003,9.848339e+001
3.783653e+003,9.855481e+001
3.784135e+003,9.853280e+001
3.784617e+003,9.841891e+001
3.785099e+003,9.823726e+001
3.785581e+003,9.802882e+001
3.786063e+003,9.784092e+001
3.786545e+003,9.771607e+001
3.787027e+003,9.768417e+001
3.787510e+003,9.775798e+001
3.787992e+003,9.793175e+001
3.788474e+003,9.818222e+001
3.788956e+003,9.847195e+001
3.789438e+003,9.875475e+001
3.789920e+003,9.898309e+001
3.790402e+003,9.911663e+001
3.790884e+003,9.913067e+001
3.791366e+003,9.902213e+001
3.791849e+003,9.881062e+001
3.792331e+003,9.853346e+001
3.792813e+003,9.823631e+001
3.793295e+003,9.796329e+001
3.793777e+003,9.775002e+001
3.794259e+003,9.762051e+001
3.794741e+003,9.758698e+001
3.795223e+003,9.764986e+001
3.795706e+003,9.779801e+001
3.796188e+003,9.800876e+001
3.796670e+003,9.825063e+001
3.797152e+003,9.848808e+001
3.797634e+003,9.868626e+001
3.798116e+003,9.881343e+001
3.798598e+003,9.884168e+001
3.799080e+003,9.874969e+001
3.799563e+003,9.853235e+001
3.800044e+003,9.821495e+001
3.800527e+003,9.786128e+001
3.801009e+003,9.756178e+001
3.801491e+003,9.740096e+001
3.801973e+003,9.742400e+001
3.802455e+003,9.762552e+001
3.802937e+003,9.796368e+001
3.803419e+003,9.838231e+001
3.803901e+003,9.882362e+001
3.804384e+003,9.923031e+001
3.804866e+003,9.954632e+001
3.805348e+003,9.972406e+001
3.805830e+003,9.973892e+001
3.806312e+003,9.960293e+001
3.806794e+003,9.936481e+001
3.807276e+003,9.909148e+001
3.807758e+003,9.884179e+001
3.808240e+003,9.864989e+001
3.808723e+003,9.852475e+001
3.809205e+003,9.845860e+001
3.809687e+003,9.843588e+001
3.810169e+003,9.844003e+001
3.810651e+003,9.845780e+001
3.811133e+003,9.848144e+001
3.811615e+003,9.850719e+001
3.812097e+003,9.853089e+001
3.812580e+003,9.854263e+001
3.813062e+003,9.852364e+001
3.813544e+003,9.844844e+001
3.814026e+003,9.829382e+001
3.814508e+003,9.805270e+001
3.814990e+003,9.774763e+001
3.815472e+003,9.743354e+001
3.815954e+003,9.718349e+001
3.816437e+003,9.706245e+001
3.816919e+003,9.710580e+001
3.817401e+003,9.731464e+001
3.817883e+003,9.766321e+001
3.818365e+003,9.810510e+001
3.818847e+003,9.857527e+001
3.819329e+003,9.899191e+001
3.819811e+003,9.926736e+001
3.820293e+003,9.933336e+001
3.820776e+003,9.917354e+001
3.821258e+003,9.883914e+001
3.821740e+003,9.842810e+001
3.822222e+003,9.804134e+001
3.822704e+003,9.775291e+001
3.823186e+003,9.760474e+001
3.823668e+003,9.761314e+001
3.824150e+003,9.777411e+001
3.824633e+003,9.806508e+001
3.825115e+003,9.844463e+001
3.825597e+003,9.885342e+001
3.826079e+003,9.922060e+001
3.826561e+003,9.947748e+001
3.827043e+003,9.957423e+001
3.827525e+003,9.949157e+001
3.828007e+003,9.924218e+001
3.828490e+003,9.886362e+001
3.828971e+003,9.840915e+001
3.829454e+003,9.793990e+001
3.829936e+003,9.751823e+001
3.830418e+003,9.719949e+001
3.830900e+003,9.702147e+001
3.831382e+003,9.699456e+001
3.831864e+003,9.709785e+001
3.832346e+003,9.728571e+001
3.832828e+003,9.750315e+001
3.833311e+003,9.770348e+001
3.833793e+003,9.786044e+001
3.834275e+003,9.797110e+001
3.834757e+003,9.804939e+001
3.835239e+003,9.811435e+001
3.835721e+003,9.817773e+001
3.836203e+003,9.823624e+001
3.836685e+003,9.827216e+001
3.837167e+003,9.826321e+001
3.837650e+003,9.819809e+001
3.838132e+003,9.808881e+001
3.838614e+003,9.797157e+001
3.839096e+003,9.789490e+001
3.839578e+003,9.790266e+001
3.840060e+003,9.802054e+001
3.840542e+003,9.825069e+001
3.841024e+003,9.857259e+001
3.841507e+003,9.894793e+001
3.841989e+003,9.932679e+001
3.842471e+003,9.965501e+001
3.842953e+003,9.988235e+001
3.843435e+003,9.997115e+001
3.843917e+003,9.990302e+001
3.844399e+003,9.968193e+001
3.844881e+003,9.933191e+001
3.845364e+003,9.889098e+001
3.845846e+003,9.840337e+001
3.846328e+003,9.791215e+001
3.846810e+003,9.745365e+001
3.847292e+003,9.705401e+001
3.847774e+003,9.672855e+001
3.848256e+003,9.648363e+001
3.848738e+003,9.632037e+001
3.849220e+003,9.623923e+001
3.849703e+003,9.624360e+001
3.850185e+003,9.634200e+001
3.850667e+003,9.654858e+001
3.851149e+003,9.688191e+001
3.851631e+003,9.735956e+001
3.852113e+003,9.798239e+001
3.852595e+003,9.870670e+001
3.853077e+003,9.942546e+001
3.853560e+003,9.999972e+001
3.854042e+003,1.003366e+002
3.854524e+003,1.004410e+002
3.855006e+003,1.003960e+002
3.855488e+003,1.003037e+002
3.855970e+003,1.002352e+002
3.856452e+003,1.002107e+002
3.856934e+003,1.002042e+002
3.857417e+003,1.001625e+002
3.857898e+003,1.000309e+002
3.858381e+003,9.977521e+001
3.858863e+003,9.939407e+001
3.859345e+003,9.891784e+001
3.859827e+003,9.839779e+001
3.860309e+003,9.789079e+001
3.860791e+003,9.744626e+001
3.861273e+003,9.709785e+001
3.861755e+003,9.686144e+001
3.862238e+003,9.673812e+001
3.862720e+003,9.671935e+001
3.863202e+003,9.679085e+001
3.863684e+003,9.693269e+001
3.864166e+003,9.711758e+001
3.864648e+003,9.731112e+001
3.865130e+003,9.747852e+001
3.865612e+003,9.759528e+001
3.866094e+003,9.765598e+001
3.866577e+003,9.767512e+001
3.867059e+003,9.768064e+001
3.867541e+003,9.770382e+001
3.868023e+003,9.776933e+001
3.868505e+003,9.788593e+001
3.868987e+003,9.803900e+001
3.869469e+003,9.819185e+001
3.869951e+003,9.830230e+001
3.870434e+003,9.834765e+001
3.870916e+003,9.833937e+001
3.871398e+003,9.831813e+001
3.871880e+003,9.833509e+001
3.872362e+003,9.842972e+001
3.872844e+003,9.861176e+001
3.873326e+003,9.885155e+001
3.873808e+003,9.908465e+001
3.874291e+003,9.923386e+001
3.874773e+003,9.924110e+001
3.875255e+003,9.909032e+001
3.875737e+003,9.880735e+001
3.876219e+003,9.844157e+001
3.876701e+003,9.804449e+001
3.877183e+003,9.765694e+001
3.877665e+003,9.730705e+001
3.878147e+003,9.701569e+001
3.878630e+003,9.680379e+001
3.879112e+003,9.669572e+001
3.879594e+003,9.671469e+001
3.880076e+003,9.687066e+001
3.880558e+003,9.714783e+001
3.881040e+003,9.750082e+001
3.881522e+003,9.786472e+001
3.882004e+003,9.817401e+001
3.882487e+003,9.838082e+001
3.882969e+003,9.846548e+001
3.883451e+003,9.843936e+001
3.883933e+003,9.834144e+001
3.884415e+003,9.822765e+001
3.884897e+003,9.815140e+001
3.885379e+003,9.814141e+001
3.885861e+003,9.819020e+001
3.886344e+003,9.826321e+001
3.886825e+003,9.832160e+001
3.887308e+003,9.834248e+001
3.887790e+003,9.832604e+001
3.888272e+003,9.829046e+001
3.888754e+003,9.826235e+001
3.889236e+003,9.826752e+001
3.889718e+003,9.832218e+001
3.890200e+003,9.842503e+001
3.890682e+003,9.855270e+001
3.891165e+003,9.866489e+001
3.891647e+003,9.871996e+001
3.892129e+003,9.869244e+001
3.892611e+003,9.858187e+001
3.893093e+003,9.840928e+001
3.893575e+003,9.820645e+001
3.894057e+003,9.800537e+001
3.894539e+003,9.783110e+001
3.895021e+003,9.769878e+001
3.895504e+003,9.761328e+001
3.895986e+003,9.757000e+001
3.896468e+003,9.755602e+001
3.896950e+003,9.755199e+001
3.897432e+003,9.753506e+001
3.897914e+003,9.748434e+001
3.898396e+003,9.738799e+001
3.898878e+003,9.725050e+001
3.899361e+003,9.709624e+001
3.899843e+003,9.696607e+001
3.900325e+003,9.690782e+001
3.900807e+003,9.696346e+001
3.901289e+003,9.715657e+001
3.901771e+003,9.748363e+001
3.902253e+003,9.790955e+001
3.902735e+003,9.837064e+001
3.903218e+003,9.878748e+001
3.903700e+003,9.908765e+001
3.904182e+003,9.923045e+001
3.904664e+003,9.922039e+001
3.905146e+003,9.910075e+001
3.905628e+003,9.893221e+001
3.906110e+003,9.876905e+001
3.906592e+003,9.864386e+001
3.907074e+003,9.856316e+001
3.907557e+003,9.851184e+001
3.908039e+003,9.846288e+001
3.908521e+003,9.838887e+001
3.909003e+003,9.827193e+001
3.909485e+003,9.810934e+001
3.909967e+003,9.791311e+001
3.910449e+003,9.770481e+001
3.910931e+003,9.750809e+001
3.911414e+003,9.734232e+001
3.911896e+003,9.721946e+001
3.912378e+003,9.714404e+001
3.912860e+003,9.711545e+001
3.913342e+003,9.713059e+001
3.913824e+003,9.718495e+001
3.914306e+003,9.727227e+001
3.914788e+003,9.738291e+001
3.915271e+003,9.750237e+001
3.915752e+003,9.761212e+001
3.916235e+003,9.769376e+001
3.916717e+003,9.773557e+001
3.917199e+003,9.773901e+001
3.917681e+003,9.772054e+001
3.918163e+003,9.770732e+001
3.918645e+003,9.772810e+001
3.919127e+003,9.780305e+001
3.919609e+003,9.793607e+001
3.920092e+003,9.811279e+001
3.920574e+003,9.830414e+001
3.921056e+003,9.847482e+001
3.921538e+003,9.859320e+001
3.922020e+003,9.863918e+001
3.922502e+003,9.860760e+001
3.922984e+003,9.850710e+001
3.923466e+003,9.835539e+001
3.923948e+003,9.817329e+001
3.924431e+003,9.797986e+001
3.924913e+003,9.778994e+001
3.925395e+003,9.761476e+001
3.925877e+003,9.746412e+001
3.926359e+003,9.734806e+001
3.926841e+003,9.727670e+001
3.927323e+003,9.725765e+001
3.927805e+003,9.729273e+001
3.928288e+003,9.737511e+001
3.928770e+003,9.748907e+001
3.929252e+003,9.761313e+001
3.929734e+003,9.772583e+001
3.930216e+003,9.781256e+001
3.930698e+003,9.786999e+001
3.931180e+003,9.790617e+001
3.931662e+003,9.793626e+001
3.932145e+003,9.797548e+001
3.932627e+003,9.803307e+001
3.933109e+003,9.810945e+001
3.933591e+003,9.819771e+001
3.934073e+003,9.828741e+001
3.934555e+003,9.836848e+001
3.935037e+003,9.843319e+001
3.935519e+003,9.847612e+001
3.936001e+003,9.849307e+001
3.936484e+003,9.848006e+001
3.936966e+003,9.843381e+001
3.937448e+003,9.835342e+001
3.937930e+003,9.824224e+001
3.938412e+003,9.810912e+001
3.938894e+003,9.796754e+001
3.939376e+003,9.783338e+001
3.939858e+003,9.772185e+001
3.940341e+003,9.764454e+001
3.940823e+003,9.760734e+001
3.941305e+003,9.760983e+001
3.941787e+003,9.764591e+001
3.942269e+003,9.770569e+001
3.942751e+003,9.777786e+001
3.943233e+003,9.785181e+001
3.943715e+003,9.791897e+001
3.944198e+003,9.797327e+001
3.944679e+003,9.801089e+001
3.945162e+003,9.803014e+001
3.945644e+003,9.803135e+001
3.946126e+003,9.801730e+001
3.946608e+003,9.799348e+001
3.947090e+003,9.796741e+001
3.947572e+003,9.794730e+001
3.948054e+003,9.793967e+001
3.948536e+003,9.794738e+001
3.949019e+003,9.796889e+001
3.949501e+003,9.799950e+001
3.949983e+003,9.803359e+001
3.950465e+003,9.806680e+001
3.950947e+003,9.809742e+001
3.951429e+003,9.812606e+001
3.951911e+003,9.815424e+001
3.952393e+003,9.818238e+001
3.952875e+003,9.820843e+001
3.953358e+003,9.822760e+001
3.953840e+003,9.823338e+001
3.954322e+003,9.821956e+001
3.954804e+003,9.818280e+001
3.955286e+003,9.812424e+001
3.955768e+003,9.805033e+001
3.956250e+003,9.797150e+001
3.956732e+003,9.790025e+001
3.957215e+003,9.784824e+001
3.957697e+003,9.782372e+001
3.958179e+003,9.782973e+001
3.958661e+003,9.786343e+001
3.959143e+003,9.791697e+001
3.959625e+003,9.797912e+001
3.960107e+003,9.803781e+001
3.960589e+003,9.808310e+001
3.961072e+003,9.810941e+001
3.961554e+003,9.811657e+001
3.962036e+003,9.810944e+001
3.962518e+003,9.809591e+001
3.963000e+003,9.808434e+001
3.963482e+003,9.808118e+001
3.963964e+003,9.808937e+001
3.964446e+003,9.810812e+001
3.964928e+003,9.813354e+001
3.965411e+003,9.816032e+001
3.965893e+003,9.818283e+001
3.966375e+003,9.819642e+001
3.966857e+003,9.819821e+001
3.967339e+003,9.818712e+001
3.967821e+003,9.816392e+001
3.968303e+003,9.813105e+001
3.968785e+003,9.809241e+001
3.969268e+003,9.805292e+001
3.969750e+003,9.801791e+001
3.970232e+003,9.799217e+001
3.970714e+003,9.797881e+001
3.971196e+003,9.797854e+001
3.971678e+003,9.798923e+001
3.972160e+003,9.800661e+001
3.972642e+003,9.802534e+001
3.973125e+003,9.804048e+001
3.973606e+003,9.804904e+001
3.974089e+003,9.805065e+001
3.974571e+003,9.804726e+001
3.975053e+003,9.804240e+001
3.975535e+003,9.803991e+001
3.976017e+003,9.804277e+001
3.976499e+003,9.805239e+001
3.976981e+003,9.806853e+001
3.977463e+003,9.808957e+001
3.977946e+003,9.811304e+001
3.978428e+003,9.813622e+001
3.978910e+003,9.815653e+001
3.979392e+003,9.817193e+001
3.979874e+003,9.818121e+001
3.980356e+003,9.818421e+001
3.980838e+003,9.818193e+001
3.981320e+003,9.817633e+001
3.981802e+003,9.817015e+001
3.982285e+003,9.816622e+001
3.982767e+003,9.816697e+001
3.983249e+003,9.817378e+001
3.983731e+003,9.818676e+001
3.984213e+003,9.820455e+001
3.984695e+003,9.822455e+001
3.985177e+003,9.824315e+001
3.985659e+003,9.825615e+001
3.986142e+003,9.825964e+001
3.986624e+003,9.825062e+001
3.987106e+003,9.822791e+001
3.987588e+003,9.819275e+001
3.988070e+003,9.814892e+001
3.988552e+003,9.810253e+001
3.989034e+003,9.806073e+001
3.989516e+003,9.803013e+001
3.989999e+003,9.801537e+001
3.990481e+003,9.801775e+001
3.990963e+003,9.803515e+001
3.991445e+003,9.806263e+001
3.991927e+003,9.809404e+001
3.992409e+003,9.812355e+001
3.992891e+003,9.814691e+001
3.993373e+003,9.816234e+001
3.993855e+003,9.817018e+001
3.994338e+003,9.817244e+001
3.994820e+003,9.817201e+001
3.995302e+003,9.817175e+001
3.995784e+003,9.817413e+001
3.996266e+003,9.818079e+001
3.996748e+003,9.819243e+001
3.997230e+003,9.820853e+001
3.997712e+003,9.822737e+001
3.998195e+003,9.824619e+001
3.998677e+003,9.826160e+001
3.999159e+003,9.827059e+001
3.999641e+003,9.827140e+001
4.000123e+003,9.826422e+001
