3.996747e+002,0.000000e+000
4.001569e+002,7.956106e+001
4.006390e+002,7.972901e+001
4.011211e+002,7.972978e+001
4.016032e+002,7.961064e+001
4.020853e+002,7.943491e+001
4.025674e+002,7.925565e+001
4.030496e+002,7.910502e+001
4.035317e+002,7.900051e+001
4.040138e+002,7.895770e+001
4.044959e+002,7.899979e+001
4.049780e+002,7.915307e+001
4.054601e+002,7.943307e+001
4.059423e+002,7.982600e+001
4.064244e+002,8.028110e+001
4.069065e+002,8.072281e+001
4.073886e+002,8.107797e+001
4.078707e+002,8.130410e+001
4.083528e+002,8.140355e+001
4.088350e+002,8.141781e+001
4.093171e+002,8.140939e+001
4.097992e+002,8.143545e+001
4.102813e+002,8.152768e+001
4.107634e+002,8.168484e+001
4.112455e+002,8.188121e+001
4.117277e+002,8.208342e+001
4.122098e+002,8.226548e+001
4.126919e+002,8.241364e+001
4.131740e+002,8.252505e+001
4.136561e+002,8.260085e+001
4.141382e+002,8.264340e+001
4.146204e+002,8.265665e+001
4.151025e+002,8.265058e+001
4.155846e+002,8.264283e+001
4.160667e+002,8.265760e+001
4.165488e+002,8.271661e+001
4.170309e+002,8.282729e+001
4.175131e+002,8.296616e+001
4.179952e+002,8.307104e+001
4.184773e+002,8.305696e+001
4.189594e+002,8.286401e+001
4.194415e+002,8.250396e+001
4.199236e+002,8.206028e+001
4.204058e+002,8.163651e+001
4.208879e+002,8.130630e+001
4.213700e+002,8.109235e+001
4.218521e+002,8.097511e+001
4.223342e+002,8.091290e+001
4.228163e+002,8.086527e+001
4.232985e+002,8.081181e+001
4.237806e+002,8.076236e+001
4.242627e+002,8.075138e+001
4.247448e+002,8.082031e+001
4.252269e+002,8.099331e+001
4.257090e+002,8.126185e+001
4.261912e+002,8.158472e+001
4.266733e+002,8.190312e+001
4.271554e+002,8.216135e+001
4.276375e+002,8.232466e+001
4.281196e+002,8.238598e+001
4.286017e+002,8.236371e+001
4.290839e+002,8.228982e+001
4.295660e+002,8.219763e+001
4.300481e+002,8.211183e+001
4.305302e+002,8.204620e+001
4.310123e+002,8.200606e+001
4.314944e+002,8.199270e+001
4.319766e+002,8.200459e+001
4.324587e+002,8.203622e+001
4.329408e+002,8.207497e+001
4.334229e+002,8.210107e+001
4.339050e+002,8.209111e+001
4.343871e+002,8.202659e+001
4.348693e+002,8.190196e+001
4.353514e+002,8.173026e+001
4.358335e+002,8.154110e+001
4.363156e+002,8.137299e+001
4.367977e+002,8.125981e+001
4.372798e+002,8.122007e+001
4.377620e+002,8.125197e+001
4.382441e+002,8.133816e+001
4.387262e+002,8.145410e+001
4.392083e+002,8.157627e+001
4.396904e+002,8.168505e+001
4.401725e+002,8.176478e+001
4.406547e+002,8.180175e+001
4.411368e+002,8.178427e+001
4.416189e+002,8.170461e+001
4.421010e+002,8.156308e+001
4.425831e+002,8.136990e+001
4.430652e+002,8.114400e+001
4.435474e+002,8.090692e+001
4.440295e+002,8.067628e+001
4.445116e+002,8.046069e+001
4.449937e+002,8.025948e+001
4.454758e+002,8.006643e+001
4.459579e+002,7.987531e+001
4.464401e+002,7.968343e+001
4.469222e+002,7.949139e+001
4.474043e+002,7.929847e+001
4.478864e+002,7.909756e+001
4.483685e+002,7.887247e+001
4.488506e+002,7.860181e+001
4.493328e+002,7.826693e+001
4.498149e+002,7.786140e+001
4.502970e+002,7.739594e+001
4.507791e+002,7.689752e+001
4.512612e+002,7.640112e+001
4.517433e+002,7.593788e+001
4.522255e+002,7.552260e+001
4.527076e+002,7.514764e+001
4.531897e+002,7.478602e+001
4.536718e+002,7.440302e+001
4.541539e+002,7.396748e+001
4.546360e+002,7.345623e+001
4.551182e+002,7.284824e+001
4.556003e+002,7.211375e+001
4.560824e+002,7.120354e+001
4.565645e+002,7.004779e+001
4.570466e+002,6.856978e+001
4.575287e+002,6.671333e+001
4.580109e+002,6.446945e+001
4.584930e+002,6.188382e+001
4.589751e+002,5.903812e+001
4.594572e+002,5.602216e+001
4.599393e+002,5.291685e+001
4.604214e+002,4.979975e+001
4.609036e+002,4.676667e+001
4.613857e+002,4.395677e+001
4.618678e+002,4.156422e+001
4.623499e+002,3.982462e+001
4.628320e+002,3.897180e+001
4.633141e+002,3.917810e+001
4.637963e+002,4.050218e+001
4.642784e+002,4.286896e+001
4.647605e+002,4.608787e+001
4.652426e+002,4.989688e+001
4.657247e+002,5.401117e+001
4.662068e+002,5.816214e+001
4.666890e+002,6.212286e+001
4.671711e+002,6.572477e+001
4.676532e+002,6.886620e+001
4.681353e+002,7.151337e+001
4.686174e+002,7.369016e+001
4.690995e+002,7.545951e+001
4.695817e+002,7.690170e+001
4.700638e+002,7.809631e+001
4.705459e+002,7.910888e+001
4.710280e+002,7.998392e+001
4.715101e+002,8.074153e+001
4.719922e+002,8.138023e+001
4.724744e+002,8.188573e+001
4.729565e+002,8.224479e+001
4.734386e+002,8.245770e+001
4.739207e+002,8.254433e+001
4.744028e+002,8.254080e+001
4.748849e+002,8.249176e+001
4.753671e+002,8.243986e+001
4.758492e+002,8.241837e+001
4.763313e+002,8.244614e+001
4.768134e+002,8.252714e+001
4.772955e+002,8.265256e+001
4.777776e+002,8.280618e+001
4.782598e+002,8.296955e+001
4.787419e+002,8.312720e+001
4.792240e+002,8.326923e+001
4.797061e+002,8.339270e+001
4.801882e+002,8.350085e+001
4.806703e+002,8.360165e+001
4.811525e+002,8.370495e+001
4.816346e+002,8.381930e+001
4.821167e+002,8.394781e+001
4.825988e+002,8.408536e+001
4.830809e+002,8.421780e+001
4.835630e+002,8.432499e+001
4.840452e+002,8.438700e+001
4.845273e+002,8.439162e+001
4.850094e+002,8.433921e+001
4.854915e+002,8.424299e+001
4.859736e+002,8.412394e+001
4.864557e+002,8.400385e+001
4.869379e+002,8.389850e+001
4.874200e+002,8.381508e+001
4.879021e+002,8.375353e+001
4.883842e+002,8.371119e+001
4.888663e+002,8.368733e+001
4.893484e+002,8.368600e+001
4.898306e+002,8.371392e+001
4.903127e+002,8.377642e+001
4.907948e+002,8.387164e+001
4.912769e+002,8.398772e+001
4.917590e+002,8.410394e+001
4.922411e+002,8.419662e+001
4.927233e+002,8.424653e+001
4.932054e+002,8.424515e+001
4.936875e+002,8.419618e+001
4.941696e+002,8.411351e+001
4.946517e+002,8.401537e+001
4.951339e+002,8.391956e+001
4.956160e+002,8.383991e+001
4.960981e+002,8.378580e+001
4.965802e+002,8.376328e+001
4.970623e+002,8.377646e+001
4.975444e+002,8.382690e+001
4.980266e+002,8.391257e+001
4.985087e+002,8.402580e+001
4.989908e+002,8.415305e+001
4.994729e+002,8.427649e+001
4.999550e+002,8.437750e+001
5.004371e+002,8.444074e+001
5.009193e+002,8.445805e+001
5.014014e+002,8.443027e+001
5.018835e+002,8.436723e+001
5.023656e+002,8.428471e+001
5.028477e+002,8.420021e+001
5.033299e+002,8.412855e+001
5.038120e+002,8.407940e+001
5.042941e+002,8.405672e+001
5.047762e+002,8.405943e+001
5.052583e+002,8.408199e+001
5.057404e+002,8.411514e+001
5.062226e+002,8.414733e+001
5.067047e+002,8.416744e+001
5.071868e+002,8.416842e+001
5.076689e+002,8.415060e+001
5.081510e+002,8.412218e+001
5.086331e+002,8.409736e+001
5.091153e+002,8.409119e+001
5.095974e+002,8.411504e+001
5.100795e+002,8.417278e+001
5.105616e+002,8.426041e+001
5.110437e+002,8.436813e+001
5.115258e+002,8.448480e+001
5.120079e+002,8.460178e+001
5.124901e+002,8.471496e+001
5.129722e+002,8.482378e+001
5.134543e+002,8.492884e+001
5.139364e+002,8.502866e+001
5.144185e+002,8.511885e+001
5.149006e+002,8.519267e+001
5.153828e+002,8.524380e+001
5.158649e+002,8.526846e+001
5.163470e+002,8.526670e+001
5.168291e+002,8.524112e+001
5.173112e+002,8.519518e+001
5.177933e+002,8.513125e+001
5.182755e+002,8.505109e+001
5.187576e+002,8.495783e+001
5.192397e+002,8.485908e+001
5.197218e+002,8.476810e+001
5.202039e+002,8.470271e+001
5.206860e+002,8.468069e+001
5.211682e+002,8.471479e+001
5.216503e+002,8.480829e+001
5.221324e+002,8.495470e+001
5.226145e+002,8.514040e+001
5.230966e+002,8.535021e+001
5.235787e+002,8.557197e+001
5.240609e+002,8.579889e+001
5.245430e+002,8.602812e+001
5.250251e+002,8.625729e+001
5.255072e+002,8.648016e+001
5.259893e+002,8.668554e+001
5.264714e+002,8.685932e+001
5.269536e+002,8.698987e+001
5.274357e+002,8.707268e+001
5.279178e+002,8.711259e+001
5.283999e+002,8.712180e+001
5.288821e+002,8.711588e+001
5.293641e+002,8.710882e+001
5.298463e+002,8.711010e+001
5.303284e+002,8.712353e+001
5.308105e+002,8.714890e+001
5.312926e+002,8.718439e+001
5.317748e+002,8.722857e+001
5.322568e+002,8.728072e+001
5.327390e+002,8.733984e+001
5.332211e+002,8.740269e+001
5.337032e+002,8.746320e+001
5.341853e+002,8.751315e+001
5.346675e+002,8.754469e+001
5.351495e+002,8.755307e+001
5.356317e+002,8.753838e+001
5.361138e+002,8.750507e+001
5.365959e+002,8.746039e+001
5.370780e+002,8.741152e+001
5.375602e+002,8.736423e+001
5.380422e+002,8.732244e+001
5.385244e+002,8.728985e+001
5.390065e+002,8.727062e+001
5.394886e+002,8.726982e+001
5.399707e+002,8.729124e+001
5.404529e+002,8.733473e+001
5.409349e+002,8.739332e+001
5.414171e+002,8.745331e+001
5.418992e+002,8.749691e+001
5.423813e+002,8.750773e+001
5.428634e+002,8.747639e+001
5.433456e+002,8.740460e+001
5.438276e+002,8.730491e+001
5.443098e+002,8.719769e+001
5.447919e+002,8.710475e+001
5.452740e+002,8.704327e+001
5.457561e+002,8.702119e+001
5.462383e+002,8.703632e+001
5.467203e+002,8.707855e+001
5.472025e+002,8.713404e+001
5.476846e+002,8.718901e+001
5.481667e+002,8.723264e+001
5.486488e+002,8.725777e+001
5.491310e+002,8.726102e+001
5.496130e+002,8.724247e+001
5.500952e+002,8.720589e+001
5.505773e+002,8.715868e+001
5.510594e+002,8.711176e+001
5.515415e+002,8.707781e+001
5.520237e+002,8.706895e+001
5.525057e+002,8.709332e+001
5.529879e+002,8.715327e+001
5.534700e+002,8.724448e+001
5.539521e+002,8.735791e+001
5.544342e+002,8.748268e+001
5.549164e+002,8.761004e+001
5.553984e+002,8.773525e+001
5.558806e+002,8.785835e+001
5.563627e+002,8.798222e+001
5.568448e+002,8.810978e+001
5.573269e+002,8.824106e+001
5.578091e+002,8.837179e+001
5.582911e+002,8.849364e+001
5.587733e+002,8.859657e+001
5.592554e+002,8.867172e+001
5.597375e+002,8.871469e+001
5.602196e+002,8.872681e+001
5.607018e+002,8.871517e+001
5.611838e+002,8.869039e+001
5.616660e+002,8.866344e+001
5.621481e+002,8.864256e+001
5.626302e+002,8.863128e+001
5.631123e+002,8.862822e+001
5.635945e+002,8.862861e+001
5.640765e+002,8.862692e+001
5.645587e+002,8.861968e+001
5.650408e+002,8.860702e+001
5.655229e+002,8.859269e+001
5.660050e+002,8.858212e+001
5.664872e+002,8.858023e+001
5.669692e+002,8.858892e+001
5.674514e+002,8.860653e+001
5.679335e+002,8.862854e+001
5.684156e+002,8.865017e+001
5.688977e+002,8.866841e+001
5.693799e+002,8.868357e+001
5.698619e+002,8.869843e+001
5.703441e+002,8.871649e+001
5.708262e+002,8.873947e+001
5.713083e+002,8.876605e+001
5.717904e+002,8.879236e+001
5.722726e+002,8.881402e+001
5.727546e+002,8.882851e+001
5.732368e+002,8.883669e+001
5.737189e+002,8.884225e+001
5.742010e+002,8.884987e+001
5.746831e+002,8.886231e+001
5.751653e+002,8.887939e+001
5.756473e+002,8.889825e+001
5.761295e+002,8.891660e+001
5.766116e+002,8.893585e+001
5.770938e+002,8.896320e+001
5.775758e+002,8.901012e+001
5.780580e+002,8.908769e+001
5.785400e+002,8.920073e+001
5.790222e+002,8.934299e+001
5.795043e+002,8.949578e+001
5.799865e+002,8.963167e+001
5.804685e+002,8.972226e+001
5.809507e+002,8.974760e+001
5.814327e+002,8.970305e+001
5.819149e+002,8.960091e+001
5.823970e+002,8.946603e+001
5.828792e+002,8.932790e+001
5.833612e+002,8.921172e+001
5.838434e+002,8.913307e+001
5.843254e+002,8.909570e+001
5.848076e+002,8.909405e+001
5.852897e+002,8.911713e+001
5.857719e+002,8.915336e+001
5.862539e+002,8.919312e+001
5.867361e+002,8.923002e+001
5.872181e+002,8.926456e+001
5.877003e+002,8.928954e+001
5.881824e+002,8.930494e+001
5.886646e+002,8.931306e+001
5.891466e+002,8.931767e+001
5.896288e+002,8.932246e+001
5.901108e+002,8.932916e+001
5.905930e+002,8.933664e+001
5.910751e+002,8.934050e+001
5.915573e+002,8.933479e+001
5.920393e+002,8.931414e+001
5.925215e+002,8.927594e+001
5.930035e+002,8.922146e+001
5.934857e+002,8.915551e+001
5.939678e+002,8.908498e+001
5.944500e+002,8.901702e+001
5.949320e+002,8.895753e+001
5.954142e+002,8.891062e+001
5.958962e+002,8.887872e+001
5.963784e+002,8.886298e+001
5.968605e+002,8.886338e+001
5.973427e+002,8.887876e+001
5.978247e+002,8.890590e+001
5.983069e+002,8.893941e+001
5.987889e+002,8.897148e+001
5.992711e+002,8.899326e+001
5.997532e+002,8.899645e+001
6.002354e+002,8.897549e+001
6.007174e+002,8.892891e+001
6.011996e+002,8.885987e+001
6.016816e+002,8.877499e+001
6.021638e+002,8.868282e+001
6.026459e+002,8.859187e+001
6.031281e+002,8.850928e+001
6.036101e+002,8.843980e+001
6.040923e+002,8.838589e+001
6.045743e+002,8.834746e+001
6.050565e+002,8.832247e+001
6.055386e+002,8.830707e+001
6.060208e+002,8.829663e+001
6.065029e+002,8.828656e+001
6.069850e+002,8.827377e+001
6.074671e+002,8.825737e+001
6.079492e+002,8.823904e+001
6.084313e+002,8.822231e+001
6.089135e+002,8.821099e+001
6.093956e+002,8.820724e+001
6.098777e+002,8.821047e+001
6.103598e+002,8.821663e+001
6.108419e+002,8.821935e+001
6.113240e+002,8.821146e+001
6.118062e+002,8.818711e+001
6.122883e+002,8.814353e+001
6.127704e+002,8.808198e+001
6.132525e+002,8.800745e+001
6.137346e+002,8.792803e+001
6.142167e+002,8.785286e+001
6.146989e+002,8.779018e+001
6.151810e+002,8.774491e+001
6.156631e+002,8.771671e+001
6.161452e+002,8.769859e+001
6.166273e+002,8.767716e+001
6.171094e+002,8.763522e+001
6.175916e+002,8.755699e+001
6.180737e+002,8.743429e+001
6.185558e+002,8.727039e+001
6.190379e+002,8.707927e+001
6.195200e+002,8.688145e+001
6.200021e+002,8.669822e+001
6.204843e+002,8.654688e+001
6.209664e+002,8.643721e+001
6.214485e+002,8.637074e+001
6.219306e+002,8.634190e+001
6.224127e+002,8.634173e+001
6.228948e+002,8.636214e+001
6.233770e+002,8.639887e+001
6.238591e+002,8.645231e+001
6.243412e+002,8.652566e+001
6.248233e+002,8.662160e+001
6.253054e+002,8.673914e+001
6.257875e+002,8.687207e+001
6.262697e+002,8.701018e+001
6.267518e+002,8.714211e+001
6.272339e+002,8.725878e+001
6.277160e+002,8.735555e+001
6.281981e+002,8.743240e+001
6.286802e+002,8.749194e+001
6.291624e+002,8.753691e+001
6.296445e+002,8.756812e+001
6.301266e+002,8.758438e+001
6.306087e+002,8.758425e+001
6.310908e+002,8.756866e+001
6.315729e+002,8.754327e+001
6.320551e+002,8.751859e+001
6.325372e+002,8.750783e+001
6.330193e+002,8.752311e+001
6.335014e+002,8.757114e+001
6.339835e+002,8.765067e+001
6.344656e+002,8.775236e+001
6.349478e+002,8.786151e+001
6.354299e+002,8.796249e+001
6.359120e+002,8.804332e+001
6.363941e+002,8.809877e+001
6.368762e+002,8.813100e+001
6.373583e+002,8.814784e+001
6.378405e+002,8.815932e+001
6.383226e+002,8.817421e+001
6.388047e+002,8.819762e+001
6.392868e+002,8.823027e+001
6.397689e+002,8.826922e+001
6.402510e+002,8.830980e+001
6.407332e+002,8.834782e+001
6.412153e+002,8.838087e+001
6.416974e+002,8.840882e+001
6.421795e+002,8.843328e+001
6.426616e+002,8.845625e+001
6.431437e+002,8.847920e+001
6.436259e+002,8.850268e+001
6.441080e+002,8.852643e+001
6.445901e+002,8.855032e+001
6.450722e+002,8.857487e+001
6.455543e+002,8.860115e+001
6.460364e+002,8.863000e+001
6.465186e+002,8.866078e+001
6.470007e+002,8.869048e+001
6.474828e+002,8.871356e+001
6.479649e+002,8.872367e+001
6.484470e+002,8.871623e+001
6.489291e+002,8.869136e+001
6.494113e+002,8.865519e+001
6.498934e+002,8.861818e+001
6.503755e+002,8.859155e+001
6.508576e+002,8.858224e+001
6.513397e+002,8.859024e+001
6.518218e+002,8.860801e+001
6.523040e+002,8.862372e+001
6.527861e+002,8.862568e+001
6.532682e+002,8.860638e+001
6.537503e+002,8.856456e+001
6.542324e+002,8.850411e+001
6.547145e+002,8.843099e+001
6.551967e+002,8.835033e+001
6.556788e+002,8.826494e+001
6.561609e+002,8.817647e+001
6.566430e+002,8.808807e+001
6.571251e+002,8.800671e+001
6.576072e+002,8.794252e+001
6.580894e+002,8.790524e+001
6.585715e+002,8.789805e+001
6.590536e+002,8.791273e+001
6.595357e+002,8.792804e+001
6.600178e+002,8.791447e+001
6.604999e+002,8.784351e+001
6.609821e+002,8.769802e+001
6.614642e+002,8.747955e+001
6.619463e+002,8.720847e+001
6.624284e+002,8.691689e+001
6.629105e+002,8.663692e+001
6.633926e+002,8.638839e+001
6.638748e+002,8.617258e+001
6.643569e+002,8.597348e+001
6.648390e+002,8.576601e+001
6.653211e+002,8.552677e+001
6.658032e+002,8.524526e+001
6.662853e+002,8.493501e+001
6.667675e+002,8.464355e+001
6.672496e+002,8.444647e+001
6.677317e+002,8.440067e+001
6.682138e+002,8.446139e+001
6.686959e+002,8.448140e+001
6.691780e+002,8.435623e+001
6.696602e+002,8.410284e+001
6.701423e+002,8.377834e+001
6.706244e+002,8.341285e+001
6.711065e+002,8.300919e+001
6.715886e+002,8.255910e+001
6.720707e+002,8.205368e+001
6.725529e+002,8.148984e+001
6.730350e+002,8.087434e+001
6.735171e+002,8.022546e+001
6.739992e+002,7.957137e+001
6.744813e+002,7.894528e+001
6.749634e+002,7.837899e+001
6.754456e+002,7.789651e+001
6.759277e+002,7.750867e+001
6.764098e+002,7.721033e+001
6.768919e+002,7.698163e+001
6.773740e+002,7.679350e+001
6.778561e+002,7.661578e+001
6.783383e+002,7.642455e+001
6.788204e+002,7.620524e+001
6.793025e+002,7.595139e+001
6.797846e+002,7.566000e+001
6.802667e+002,7.532659e+001
6.807488e+002,7.494225e+001
6.812310e+002,7.449393e+001
6.817131e+002,7.396655e+001
6.821952e+002,7.334605e+001
6.826773e+002,7.262046e+001
6.831594e+002,7.177951e+001
6.836415e+002,7.081243e+001
6.841237e+002,6.970547e+001
6.846058e+002,6.844053e+001
6.850879e+002,6.699545e+001
6.855700e+002,6.534633e+001
6.860521e+002,6.347123e+001
6.865342e+002,6.135472e+001
6.870164e+002,5.899229e+001
6.874985e+002,5.639359e+001
6.879806e+002,5.358391e+001
6.884627e+002,5.060387e+001
6.889448e+002,4.750832e+001
6.894269e+002,4.436632e+001
6.899091e+002,4.126362e+001
6.903912e+002,3.830603e+001
6.908733e+002,3.562123e+001
6.913554e+002,3.335484e+001
6.918375e+002,3.165920e+001
6.923196e+002,3.067636e+001
6.928018e+002,3.051966e+001
6.932839e+002,3.125879e+001
6.937660e+002,3.290954e+001
6.942481e+002,3.542746e+001
6.947302e+002,3.870445e+001
6.952123e+002,4.257011e+001
6.956945e+002,4.680309e+001
6.961766e+002,5.115519e+001
6.966587e+002,5.538558e+001
6.971408e+002,5.929554e+001
6.976229e+002,6.275291e+001
6.981050e+002,6.569948e+001
6.985872e+002,6.814240e+001
6.990693e+002,7.013485e+001
6.995514e+002,7.175401e+001
7.000335e+002,7.308200e+001
7.005156e+002,7.419337e+001
7.009977e+002,7.514936e+001
7.014799e+002,7.599671e+001
7.019620e+002,7.676862e+001
7.024441e+002,7.748573e+001
7.029262e+002,7.815659e+001
7.034083e+002,7.877908e+001
7.038904e+002,7.934301e+001
7.043726e+002,7.983472e+001
7.048547e+002,8.024193e+001
7.053368e+002,8.055722e+001
7.058189e+002,8.077887e+001
7.063010e+002,8.090920e+001
7.067831e+002,8.095147e+001
7.072653e+002,8.090735e+001
7.077474e+002,8.077585e+001
7.082295e+002,8.055421e+001
7.087116e+002,8.023969e+001
7.091937e+002,7.983130e+001
7.096758e+002,7.933027e+001
7.101580e+002,7.873944e+001
7.106401e+002,7.806177e+001
7.111222e+002,7.729909e+001
7.116043e+002,7.645142e+001
7.120864e+002,7.551733e+001
7.125685e+002,7.449432e+001
7.130507e+002,7.337934e+001
7.135328e+002,7.216832e+001
7.140149e+002,7.085555e+001
7.144970e+002,6.943279e+001
7.149791e+002,6.788933e+001
7.154612e+002,6.621282e+001
7.159434e+002,6.439118e+001
7.164255e+002,6.241456e+001
7.169076e+002,6.027681e+001
7.173897e+002,5.797601e+001
7.178718e+002,5.551421e+001
7.183539e+002,5.289700e+001
7.188361e+002,5.013393e+001
7.193182e+002,4.724060e+001
7.198003e+002,4.424237e+001
7.202824e+002,4.117848e+001
7.207645e+002,3.810436e+001
7.212466e+002,3.508964e+001
7.217288e+002,3.221173e+001
7.222109e+002,2.954666e+001
7.226930e+002,2.716023e+001
7.231751e+002,2.510271e+001
7.236572e+002,2.340896e+001
7.241393e+002,2.210315e+001
7.246215e+002,2.120557e+001
7.251036e+002,2.073741e+001
7.255857e+002,2.072032e+001
7.260678e+002,2.117069e+001
7.265499e+002,2.209146e+001
7.270320e+002,2.346603e+001
7.275142e+002,2.525795e+001
7.279963e+002,2.741627e+001
7.284784e+002,2.988402e+001
7.289605e+002,3.260490e+001
7.294426e+002,3.552605e+001
7.299247e+002,3.859657e+001
7.304069e+002,4.176488e+001
7.308890e+002,4.497784e+001
7.313711e+002,4.818315e+001
7.318532e+002,5.133406e+001
7.323353e+002,5.439362e+001
7.328174e+002,5.733594e+001
7.332996e+002,6.014432e+001
7.337817e+002,6.280693e+001
7.342638e+002,6.531317e+001
7.347459e+002,6.765231e+001
7.352280e+002,6.981491e+001
7.357101e+002,7.179585e+001
7.361923e+002,7.359692e+001
7.366744e+002,7.522713e+001
7.371565e+002,7.670090e+001
7.376386e+002,7.803457e+001
7.381207e+002,7.924327e+001
7.386028e+002,8.033918e+001
7.390850e+002,8.133163e+001
7.395671e+002,8.222852e+001
7.400492e+002,8.303761e+001
7.405313e+002,8.376726e+001
7.410134e+002,8.442595e+001
7.414955e+002,8.502102e+001
7.419777e+002,8.555803e+001
7.424598e+002,8.604067e+001
7.429419e+002,8.647193e+001
7.434240e+002,8.685536e+001
7.439061e+002,8.719618e+001
7.443882e+002,8.750105e+001
7.448704e+002,8.777718e+001
7.453525e+002,8.803082e+001
7.458346e+002,8.826652e+001
7.463167e+002,8.848707e+001
7.467988e+002,8.869469e+001
7.472809e+002,8.889246e+001
7.477631e+002,8.908518e+001
7.482452e+002,8.927906e+001
7.487273e+002,8.948029e+001
7.492094e+002,8.969305e+001
7.496915e+002,8.991812e+001
7.501736e+002,9.015237e+001
7.506558e+002,9.038988e+001
7.511379e+002,9.062363e+001
7.516200e+002,9.084747e+001
7.521021e+002,9.105716e+001
7.525842e+002,9.125053e+001
7.530663e+002,9.142704e+001
7.535485e+002,9.158736e+001
7.540306e+002,9.173274e+001
7.545127e+002,9.186527e+001
7.549948e+002,9.198748e+001
7.554769e+002,9.210223e+001
7.559590e+002,9.221154e+001
7.564412e+002,9.231581e+001
7.569233e+002,9.241312e+001
7.574054e+002,9.249965e+001
7.578875e+002,9.257090e+001
7.583696e+002,9.262373e+001
7.588517e+002,9.265771e+001
7.593339e+002,9.267612e+001
7.598160e+002,9.268471e+001
7.602981e+002,9.269091e+001
7.607802e+002,9.269978e+001
7.612623e+002,9.271396e+001
7.617444e+002,9.273296e+001
7.622266e+002,9.275400e+001
7.627087e+002,9.277354e+001
7.631908e+002,9.278894e+001
7.636729e+002,9.279910e+001
7.641550e+002,9.280476e+001
7.646371e+002,9.280800e+001
7.651193e+002,9.281141e+001
7.656014e+002,9.281770e+001
7.660835e+002,9.282902e+001
7.665656e+002,9.284678e+001
7.670477e+002,9.287141e+001
7.675298e+002,9.290183e+001
7.680120e+002,9.293559e+001
7.684941e+002,9.296906e+001
7.689762e+002,9.299828e+001
7.694583e+002,9.302007e+001
7.699404e+002,9.303312e+001
7.704225e+002,9.303806e+001
7.709047e+002,9.303719e+001
7.713868e+002,9.303320e+001
7.718689e+002,9.302822e+001
7.723510e+002,9.302290e+001
7.728331e+002,9.301691e+001
7.733152e+002,9.300955e+001
7.737974e+002,9.300085e+001
7.742795e+002,9.299170e+001
7.747616e+002,9.298354e+001
7.752437e+002,9.297697e+001
7.757258e+002,9.297083e+001
7.762079e+002,9.296162e+001
7.766901e+002,9.294454e+001
7.771722e+002,9.291522e+001
7.776543e+002,9.287171e+001
7.781364e+002,9.281562e+001
7.786185e+002,9.275152e+001
7.791006e+002,9.268507e+001
7.795828e+002,9.262067e+001
7.800649e+002,9.255912e+001
7.805470e+002,9.249718e+001
7.810291e+002,9.242864e+001
7.815112e+002,9.234687e+001
7.819933e+002,9.224773e+001
7.824755e+002,9.213190e+001
7.829576e+002,9.200562e+001
7.834397e+002,9.188039e+001
7.839218e+002,9.177109e+001
7.844039e+002,9.169392e+001
7.848860e+002,9.166381e+001
7.853682e+002,9.169246e+001
7.858503e+002,9.178602e+001
7.863324e+002,9.194389e+001
7.868145e+002,9.215766e+001
7.872966e+002,9.241144e+001
7.877787e+002,9.268362e+001
7.882609e+002,9.295035e+001
7.887430e+002,9.318990e+001
7.892251e+002,9.338686e+001
7.897072e+002,9.353455e+001
7.901893e+002,9.363493e+001
7.906714e+002,9.369601e+001
7.911536e+002,9.372856e+001
7.916357e+002,9.374252e+001
7.921178e+002,9.374503e+001
7.925999e+002,9.373996e+001
7.930820e+002,9.372890e+001
7.935641e+002,9.371201e+001
7.940463e+002,9.368921e+001
7.945284e+002,9.365998e+001
7.950105e+002,9.362358e+001
7.954926e+002,9.357906e+001
7.959747e+002,9.352617e+001
7.964568e+002,9.346645e+001
7.969390e+002,9.340411e+001
7.974211e+002,9.334542e+001
7.979032e+002,9.329717e+001
7.983853e+002,9.326379e+001
7.988674e+002,9.324528e+001
7.993495e+002,9.323626e+001
7.998317e+002,9.322779e+001
8.003138e+002,9.321068e+001
8.007959e+002,9.317938e+001
8.012780e+002,9.313451e+001
8.017601e+002,9.308269e+001
8.022422e+002,9.303351e+001
8.027244e+002,9.299562e+001
8.032065e+002,9.297271e+001
8.036886e+002,9.296235e+001
8.041707e+002,9.295708e+001
8.046528e+002,9.294800e+001
8.051349e+002,9.292822e+001
8.056171e+002,9.289555e+001
8.060992e+002,9.285232e+001
8.065813e+002,9.280354e+001
8.070634e+002,9.275406e+001
8.075455e+002,9.270686e+001
8.080276e+002,9.266222e+001
8.085098e+002,9.261919e+001
8.089919e+002,9.257710e+001
8.094740e+002,9.253693e+001
8.099561e+002,9.250130e+001
8.104382e+002,9.247321e+001
8.109203e+002,9.245449e+001
8.114025e+002,9.244480e+001
8.118846e+002,9.244149e+001
8.123667e+002,9.244099e+001
8.128489e+002,9.244018e+001
8.133309e+002,9.243767e+001
8.138131e+002,9.243364e+001
8.142952e+002,9.242915e+001
8.147773e+002,9.242485e+001
8.152594e+002,9.242033e+001
8.157416e+002,9.241417e+001
8.162236e+002,9.240475e+001
8.167058e+002,9.239120e+001
8.171879e+002,9.237383e+001
8.176700e+002,9.235357e+001
8.181521e+002,9.233130e+001
8.186343e+002,9.230682e+001
8.191163e+002,9.227892e+001
8.195985e+002,9.224593e+001
8.200806e+002,9.220708e+001
8.205627e+002,9.216343e+001
8.210448e+002,9.211808e+001
8.215270e+002,9.207513e+001
8.220090e+002,9.203852e+001
8.224912e+002,9.201054e+001
8.229733e+002,9.199184e+001
8.234554e+002,9.198174e+001
8.239375e+002,9.197965e+001
8.244197e+002,9.198607e+001
8.249017e+002,9.200255e+001
8.253839e+002,9.203073e+001
8.258660e+002,9.207101e+001
8.263481e+002,9.212146e+001
8.268302e+002,9.217795e+001
8.273124e+002,9.223555e+001
8.277944e+002,9.229053e+001
8.282766e+002,9.234180e+001
8.287587e+002,9.239135e+001
8.292408e+002,9.244279e+001
8.297229e+002,9.249952e+001
8.302051e+002,9.256241e+001
8.306871e+002,9.262945e+001
8.311693e+002,9.269619e+001
8.316514e+002,9.275776e+001
8.321335e+002,9.281059e+001
8.326156e+002,9.285364e+001
8.330978e+002,9.288773e+001
8.335798e+002,9.291453e+001
8.340620e+002,9.293475e+001
8.345441e+002,9.294774e+001
8.350262e+002,9.295177e+001
8.355083e+002,9.294521e+001
8.359905e+002,9.292775e+001
8.364725e+002,9.290106e+001
8.369547e+002,9.286800e+001
8.374368e+002,9.283170e+001
8.379189e+002,9.279452e+001
8.384010e+002,9.275780e+001
8.388832e+002,9.272236e+001
8.393652e+002,9.268985e+001
8.398474e+002,9.266331e+001
8.403295e+002,9.264706e+001
8.408116e+002,9.264511e+001
8.412937e+002,9.265965e+001
8.417759e+002,9.268939e+001
8.422579e+002,9.272977e+001
8.427401e+002,9.277432e+001
8.432222e+002,9.281718e+001
8.437043e+002,9.285515e+001
8.441864e+002,9.288853e+001
8.446686e+002,9.292023e+001
8.451506e+002,9.295383e+001
8.456328e+002,9.299136e+001
8.461149e+002,9.303252e+001
8.465970e+002,9.307510e+001
8.470791e+002,9.311673e+001
8.475613e+002,9.315652e+001
8.480433e+002,9.319607e+001
8.485255e+002,9.323853e+001
8.490076e+002,9.328716e+001
8.494897e+002,9.334334e+001
8.499718e+002,9.340578e+001
8.504540e+002,9.347092e+001
8.509360e+002,9.353438e+001
8.514182e+002,9.359259e+001
8.519003e+002,9.364366e+001
8.523824e+002,9.368676e+001
8.528645e+002,9.372115e+001
8.533467e+002,9.374489e+001
8.538287e+002,9.375508e+001
8.543109e+002,9.374892e+001
8.547930e+002,9.372574e+001
8.552751e+002,9.368865e+001
8.557572e+002,9.364472e+001
8.562394e+002,9.360333e+001
8.567214e+002,9.357336e+001
8.572036e+002,9.356017e+001
8.576857e+002,9.356390e+001
8.581678e+002,9.357967e+001
8.586499e+002,9.359990e+001
8.591321e+002,9.361728e+001
8.596141e+002,9.362732e+001
8.600963e+002,9.362904e+001
8.605784e+002,9.362417e+001
8.610605e+002,9.361527e+001
8.615426e+002,9.360386e+001
8.620248e+002,9.358979e+001
8.625068e+002,9.357149e+001
8.629890e+002,9.354719e+001
8.634711e+002,9.351593e+001
8.639532e+002,9.347784e+001
8.644353e+002,9.343402e+001
8.649175e+002,9.338597e+001
8.653995e+002,9.333538e+001
8.658817e+002,9.328424e+001
8.663638e+002,9.323538e+001
8.668459e+002,9.319266e+001
8.673280e+002,9.316042e+001
8.678102e+002,9.314201e+001
8.682922e+002,9.313814e+001
8.687744e+002,9.314576e+001
8.692565e+002,9.315825e+001
8.697386e+002,9.316737e+001
8.702207e+002,9.316605e+001
8.707029e+002,9.315101e+001
8.711849e+002,9.312402e+001
8.716671e+002,9.309114e+001
8.721492e+002,9.306024e+001
8.726313e+002,9.303811e+001
8.731134e+002,9.302816e+001
8.735956e+002,9.302956e+001
8.740776e+002,9.303847e+001
8.745598e+002,9.304971e+001
8.750419e+002,9.305901e+001
8.755240e+002,9.306375e+001
8.760061e+002,9.306326e+001
8.764883e+002,9.305768e+001
8.769703e+002,9.304770e+001
8.774525e+002,9.303381e+001
8.779346e+002,9.301688e+001
8.784167e+002,9.299828e+001
8.788988e+002,9.298013e+001
8.793810e+002,9.296435e+001
8.798630e+002,9.295193e+001
8.803452e+002,9.294183e+001
8.808273e+002,9.293111e+001
8.813094e+002,9.291563e+001
8.817915e+002,9.289200e+001
8.822737e+002,9.285899e+001
8.827557e+002,9.281828e+001
8.832379e+002,9.277374e+001
8.837200e+002,9.273007e+001
8.842021e+002,9.269059e+001
8.846842e+002,9.265607e+001
8.851664e+002,9.262439e+001
8.856484e+002,9.259159e+001
8.861306e+002,9.255307e+001
8.866127e+002,9.250498e+001
8.870948e+002,9.244443e+001
8.875769e+002,9.236932e+001
8.880591e+002,9.227757e+001
8.885411e+002,9.216668e+001
8.890233e+002,9.203405e+001
8.895054e+002,9.187762e+001
8.899875e+002,9.169700e+001
8.904696e+002,9.149409e+001
8.909518e+002,9.127314e+001
8.914338e+002,9.104053e+001
8.919160e+002,9.080408e+001
8.923981e+002,9.057281e+001
8.928802e+002,9.035669e+001
8.933623e+002,9.016669e+001
8.938445e+002,9.001434e+001
8.943265e+002,8.991071e+001
8.948087e+002,8.986472e+001
8.952908e+002,8.988109e+001
8.957729e+002,8.995881e+001
8.962550e+002,9.009102e+001
8.967372e+002,9.026620e+001
8.972192e+002,9.047074e+001
8.977014e+002,9.069150e+001
8.981835e+002,9.091763e+001
8.986656e+002,9.114080e+001
8.991477e+002,9.135463e+001
8.996299e+002,9.155370e+001
9.001119e+002,9.173334e+001
9.005941e+002,9.188999e+001
9.010762e+002,9.202268e+001
9.015583e+002,9.213351e+001
9.020404e+002,9.222736e+001
9.025226e+002,9.231016e+001
9.030046e+002,9.238647e+001
9.034868e+002,9.245782e+001
9.039689e+002,9.252192e+001
9.044510e+002,9.257427e+001
9.049331e+002,9.261070e+001
9.054153e+002,9.263007e+001
9.058973e+002,9.263552e+001
9.063795e+002,9.263393e+001
9.068616e+002,9.263356e+001
9.073438e+002,9.264120e+001
9.078258e+002,9.265986e+001
9.083080e+002,9.268840e+001
9.087900e+002,9.272257e+001
9.092722e+002,9.275719e+001
9.097543e+002,9.278838e+001
9.102365e+002,9.281415e+001
9.107185e+002,9.283415e+001
9.112007e+002,9.284869e+001
9.116828e+002,9.285756e+001
9.121649e+002,9.286002e+001
9.126470e+002,9.285577e+001
9.131292e+002,9.284591e+001
9.136113e+002,9.283396e+001
9.140934e+002,9.282518e+001
9.145755e+002,9.282511e+001
9.150576e+002,9.283732e+001
9.155397e+002,9.286183e+001
9.160219e+002,9.289469e+001
9.165040e+002,9.292921e+001
9.169861e+002,9.295830e+001
9.174682e+002,9.297683e+001
9.179503e+002,9.298302e+001
9.184324e+002,9.297847e+001
9.189146e+002,9.296698e+001
9.193967e+002,9.295277e+001
9.198788e+002,9.293909e+001
9.203609e+002,9.292760e+001
9.208430e+002,9.291856e+001
9.213251e+002,9.291163e+001
9.218073e+002,9.290620e+001
9.222894e+002,9.290166e+001
9.227715e+002,9.289699e+001
9.232536e+002,9.289041e+001
9.237357e+002,9.287937e+001
9.242178e+002,9.286095e+001
9.247000e+002,9.283273e+001
9.251821e+002,9.279375e+001
9.256642e+002,9.274487e+001
9.261463e+002,9.268903e+001
9.266284e+002,9.263021e+001
9.271105e+002,9.257293e+001
9.275927e+002,9.252151e+001
9.280748e+002,9.247939e+001
9.285569e+002,9.244907e+001
9.290390e+002,9.243200e+001
9.295211e+002,9.242830e+001
9.300032e+002,9.243673e+001
9.304854e+002,9.245460e+001
9.309675e+002,9.247803e+001
9.314496e+002,9.250270e+001
9.319317e+002,9.252491e+001
9.324138e+002,9.254247e+001
9.328959e+002,9.255501e+001
9.333781e+002,9.256372e+001
9.338602e+002,9.257075e+001
9.343423e+002,9.257801e+001
9.348244e+002,9.258660e+001
9.353065e+002,9.259660e+001
9.357886e+002,9.260744e+001
9.362708e+002,9.261835e+001
9.367529e+002,9.262877e+001
9.372350e+002,9.263827e+001
9.377171e+002,9.264634e+001
9.381992e+002,9.265198e+001
9.386813e+002,9.265353e+001
9.391635e+002,9.264925e+001
9.396456e+002,9.263764e+001
9.401277e+002,9.261839e+001
9.406098e+002,9.259238e+001
9.410919e+002,9.256167e+001
9.415740e+002,9.252870e+001
9.420562e+002,9.249569e+001
9.425383e+002,9.246403e+001
9.430204e+002,9.243452e+001
9.435025e+002,9.240736e+001
9.439846e+002,9.238302e+001
9.444667e+002,9.236217e+001
9.449489e+002,9.234560e+001
9.454310e+002,9.233406e+001
9.459131e+002,9.232758e+001
9.463952e+002,9.232549e+001
9.468773e+002,9.232667e+001
9.473594e+002,9.232983e+001
9.478416e+002,9.233395e+001
9.483237e+002,9.233823e+001
9.488058e+002,9.234163e+001
9.492879e+002,9.234280e+001
9.497700e+002,9.233965e+001
9.502521e+002,9.232999e+001
9.507343e+002,9.231246e+001
9.512164e+002,9.228738e+001
9.516985e+002,9.225738e+001
9.521806e+002,9.222691e+001
9.526627e+002,9.220110e+001
9.531448e+002,9.218408e+001
9.536270e+002,9.217749e+001
9.541091e+002,9.217983e+001
9.545912e+002,9.218719e+001
9.550733e+002,9.219448e+001
9.555554e+002,9.219711e+001
9.560375e+002,9.219244e+001
9.565197e+002,9.217994e+001
9.570018e+002,9.216086e+001
9.574839e+002,9.213697e+001
9.579660e+002,9.211001e+001
9.584481e+002,9.208073e+001
9.589302e+002,9.204944e+001
9.594124e+002,9.201613e+001
9.598945e+002,9.198116e+001
9.603766e+002,9.194542e+001
9.608587e+002,9.191035e+001
9.613408e+002,9.187747e+001
9.618229e+002,9.184830e+001
9.623051e+002,9.182397e+001
9.627872e+002,9.180550e+001
9.632693e+002,9.179359e+001
9.637514e+002,9.178893e+001
9.642335e+002,9.179172e+001
9.647156e+002,9.180161e+001
9.651978e+002,9.181756e+001
9.656799e+002,9.183804e+001
9.661620e+002,9.186117e+001
9.666441e+002,9.188528e+001
9.671262e+002,9.190889e+001
9.676083e+002,9.193057e+001
9.680905e+002,9.194844e+001
9.685726e+002,9.196014e+001
9.690547e+002,9.196301e+001
9.695368e+002,9.195499e+001
9.700189e+002,9.193559e+001
9.705010e+002,9.190678e+001
9.709832e+002,9.187289e+001
9.714653e+002,9.183953e+001
9.719474e+002,9.181169e+001
9.724295e+002,9.179212e+001
9.729116e+002,9.178003e+001
9.733937e+002,9.177161e+001
9.738759e+002,9.176147e+001
9.743580e+002,9.174485e+001
9.748401e+002,9.171959e+001
9.753222e+002,9.168711e+001
9.758043e+002,9.165177e+001
9.762864e+002,9.161929e+001
9.767686e+002,9.159476e+001
9.772507e+002,9.158116e+001
9.777328e+002,9.157871e+001
9.782149e+002,9.158530e+001
9.786970e+002,9.159774e+001
9.791791e+002,9.161274e+001
9.796613e+002,9.162762e+001
9.801434e+002,9.164074e+001
9.806255e+002,9.165114e+001
9.811076e+002,9.165855e+001
9.815897e+002,9.166335e+001
9.820718e+002,9.166666e+001
9.825540e+002,9.167032e+001
9.830361e+002,9.167669e+001
9.835182e+002,9.168795e+001
9.840003e+002,9.170549e+001
9.844824e+002,9.172949e+001
9.849645e+002,9.175897e+001
9.854467e+002,9.179224e+001
9.859288e+002,9.182767e+001
9.864109e+002,9.186417e+001
9.868930e+002,9.190120e+001
9.873751e+002,9.193830e+001
9.878572e+002,9.197455e+001
9.883394e+002,9.200809e+001
9.888215e+002,9.203663e+001
9.893036e+002,9.205807e+001
9.897857e+002,9.207153e+001
9.902678e+002,9.207787e+001
9.907499e+002,9.207951e+001
9.912321e+002,9.207939e+001
9.917142e+002,9.207991e+001
9.921963e+002,9.208199e+001
9.926784e+002,9.208504e+001
9.931605e+002,9.208752e+001
9.936426e+002,9.208817e+001
9.941248e+002,9.208664e+001
9.946069e+002,9.208389e+001
9.950890e+002,9.208108e+001
9.955711e+002,9.207882e+001
9.960532e+002,9.207594e+001
9.965353e+002,9.206961e+001
9.970175e+002,9.205579e+001
9.974996e+002,9.203106e+001
9.979817e+002,9.199380e+001
9.984638e+002,9.194520e+001
9.989459e+002,9.188914e+001
9.994280e+002,9.183135e+001
9.999102e+002,9.177814e+001
1.000392e+003,9.173520e+001
1.000874e+003,9.170702e+001
1.001357e+003,9.169645e+001
1.001839e+003,9.170480e+001
1.002321e+003,9.173165e+001
1.002803e+003,9.177456e+001
1.003285e+003,9.182897e+001
1.003767e+003,9.188830e+001
1.004249e+003,9.194489e+001
1.004731e+003,9.199130e+001
1.005213e+003,9.202213e+001
1.005696e+003,9.203517e+001
1.006178e+003,9.203203e+001
1.006660e+003,9.201726e+001
1.007142e+003,9.199717e+001
1.007624e+003,9.197806e+001
1.008106e+003,9.196486e+001
1.008588e+003,9.196027e+001
1.009070e+003,9.196473e+001
1.009552e+003,9.197655e+001
1.010035e+003,9.199272e+001
1.010517e+003,9.200913e+001
1.010999e+003,9.202150e+001
1.011481e+003,9.202586e+001
1.011963e+003,9.201939e+001
1.012445e+003,9.200090e+001
1.012927e+003,9.197108e+001
1.013409e+003,9.193185e+001
1.013892e+003,9.188566e+001
1.014374e+003,9.183414e+001
1.014856e+003,9.177759e+001
1.015338e+003,9.171490e+001
1.015820e+003,9.164428e+001
1.016302e+003,9.156433e+001
1.016784e+003,9.147495e+001
1.017266e+003,9.137740e+001
1.017748e+003,9.127376e+001
1.018231e+003,9.116561e+001
1.018713e+003,9.105318e+001
1.019195e+003,9.093475e+001
1.019677e+003,9.080721e+001
1.020159e+003,9.066689e+001
1.020641e+003,9.051060e+001
1.021123e+003,9.033574e+001
1.021605e+003,9.014024e+001
1.022088e+003,8.992130e+001
1.022570e+003,8.967439e+001
1.023052e+003,8.939216e+001
1.023534e+003,8.906373e+001
1.024016e+003,8.867416e+001
1.024498e+003,8.820455e+001
1.024980e+003,8.763288e+001
1.025462e+003,8.693709e+001
1.025944e+003,8.610042e+001
1.026427e+003,8.511983e+001
1.026909e+003,8.401517e+001
1.027391e+003,8.283644e+001
1.027873e+003,8.166537e+001
1.028355e+003,8.060822e+001
1.028837e+003,7.978036e+001
1.029319e+003,7.928484e+001
1.029801e+003,7.919054e+001
1.030283e+003,7.951516e+001
1.030766e+003,8.021839e+001
1.031248e+003,8.120833e+001
1.031730e+003,8.235998e+001
1.032212e+003,8.354128e+001
1.032694e+003,8.463869e+001
1.033176e+003,8.557452e+001
1.033658e+003,8.631245e+001
1.034140e+003,8.685223e+001
1.034623e+003,8.721699e+001
1.035105e+003,8.744007e+001
1.035587e+003,8.755454e+001
1.036069e+003,8.758833e+001
1.036551e+003,8.756395e+001
1.037033e+003,8.750062e+001
1.037515e+003,8.741608e+001
1.037997e+003,8.732655e+001
1.038479e+003,8.724497e+001
1.038962e+003,8.717908e+001
1.039444e+003,8.713064e+001
1.039926e+003,8.709697e+001
1.040408e+003,8.707397e+001
1.040890e+003,8.705976e+001
1.041372e+003,8.705638e+001
1.041854e+003,8.706976e+001
1.042336e+003,8.710733e+001
1.042819e+003,8.717521e+001
1.043301e+003,8.727583e+001
1.043783e+003,8.740756e+001
1.044265e+003,8.756569e+001
1.044747e+003,8.774432e+001
1.045229e+003,8.793781e+001
1.045711e+003,8.814143e+001
1.046193e+003,8.835102e+001
1.046676e+003,8.856257e+001
1.047158e+003,8.877208e+001
1.047640e+003,8.897613e+001
1.048122e+003,8.917253e+001
1.048604e+003,8.936091e+001
1.049086e+003,8.954210e+001
1.049568e+003,8.971725e+001
1.050050e+003,8.988651e+001
1.050532e+003,9.004864e+001
1.051015e+003,9.020138e+001
1.051497e+003,9.034280e+001
1.051979e+003,9.047252e+001
1.052461e+003,9.059235e+001
1.052943e+003,9.070541e+001
1.053425e+003,9.081468e+001
1.053907e+003,9.092137e+001
1.054389e+003,9.102413e+001
1.054871e+003,9.111964e+001
1.055354e+003,9.120436e+001
1.055836e+003,9.127634e+001
1.056318e+003,9.133622e+001
1.056800e+003,9.138687e+001
1.057282e+003,9.143190e+001
1.057764e+003,9.147392e+001
1.058246e+003,9.151332e+001
1.058728e+003,9.154858e+001
1.059210e+003,9.157779e+001
1.059693e+003,9.160004e+001
1.060175e+003,9.161671e+001
1.060657e+003,9.163095e+001
1.061139e+003,9.164621e+001
1.061621e+003,9.166435e+001
1.062103e+003,9.168453e+001
1.062585e+003,9.170325e+001
1.063067e+003,9.171589e+001
1.063550e+003,9.171855e+001
1.064032e+003,9.170961e+001
1.064514e+003,9.168967e+001
1.064996e+003,9.166055e+001
1.065478e+003,9.162342e+001
1.065960e+003,9.157773e+001
1.066442e+003,9.152084e+001
1.066924e+003,9.144928e+001
1.067406e+003,9.136026e+001
1.067889e+003,9.125327e+001
1.068371e+003,9.113005e+001
1.068853e+003,9.099393e+001
1.069335e+003,9.084801e+001
1.069817e+003,9.069380e+001
1.070299e+003,9.053041e+001
1.070781e+003,9.035487e+001
1.071263e+003,9.016332e+001
1.071746e+003,8.995207e+001
1.072228e+003,8.971823e+001
1.072710e+003,8.945950e+001
1.073192e+003,8.917355e+001
1.073674e+003,8.885760e+001
1.074156e+003,8.850797e+001
1.074638e+003,8.812078e+001
1.075120e+003,8.769247e+001
1.075603e+003,8.722085e+001
1.076085e+003,8.670535e+001
1.076567e+003,8.614775e+001
1.077049e+003,8.555274e+001
1.077531e+003,8.492924e+001
1.078013e+003,8.429219e+001
1.078495e+003,8.366417e+001
1.078977e+003,8.307612e+001
1.079459e+003,8.256605e+001
1.079942e+003,8.217519e+001
1.080424e+003,8.194209e+001
1.080906e+003,8.189532e+001
1.081388e+003,8.204787e+001
1.081870e+003,8.239394e+001
1.082352e+003,8.291066e+001
1.082834e+003,8.356297e+001
1.083316e+003,8.430994e+001
1.083798e+003,8.511051e+001
1.084281e+003,8.592716e+001
1.084763e+003,8.672743e+001
1.085245e+003,8.748459e+001
1.085727e+003,8.817837e+001
1.086209e+003,8.879568e+001
1.086691e+003,8.933130e+001
1.087173e+003,8.978735e+001
1.087655e+003,9.017147e+001
1.088137e+003,9.049425e+001
1.088620e+003,9.076614e+001
1.089102e+003,9.099564e+001
1.089584e+003,9.118862e+001
1.090066e+003,9.134924e+001
1.090548e+003,9.148135e+001
1.091030e+003,9.158970e+001
1.091512e+003,9.168005e+001
1.091994e+003,9.175816e+001
1.092477e+003,9.182855e+001
1.092959e+003,9.189331e+001
1.093441e+003,9.195203e+001
1.093923e+003,9.200278e+001
1.094405e+003,9.204348e+001
1.094887e+003,9.207343e+001
1.095369e+003,9.209323e+001
1.095851e+003,9.210467e+001
1.096333e+003,9.210915e+001
1.096816e+003,9.210702e+001
1.097298e+003,9.209691e+001
1.097780e+003,9.207642e+001
1.098262e+003,9.204302e+001
1.098744e+003,9.199500e+001
1.099226e+003,9.193176e+001
1.099708e+003,9.185384e+001
1.100190e+003,9.176235e+001
1.100673e+003,9.165874e+001
1.101155e+003,9.154473e+001
1.101637e+003,9.142262e+001
1.102119e+003,9.129561e+001
1.102601e+003,9.116780e+001
1.103083e+003,9.104363e+001
1.103565e+003,9.092732e+001
1.104047e+003,9.082214e+001
1.104530e+003,9.073055e+001
1.105012e+003,9.065468e+001
1.105494e+003,9.059724e+001
1.105976e+003,9.056214e+001
1.106458e+003,9.055406e+001
1.106940e+003,9.057726e+001
1.107422e+003,9.063380e+001
1.107904e+003,9.072195e+001
1.108386e+003,9.083605e+001
1.108869e+003,9.096751e+001
1.109351e+003,9.110712e+001
1.109833e+003,9.124748e+001
1.110315e+003,9.138438e+001
1.110797e+003,9.151651e+001
1.111279e+003,9.164436e+001
1.111761e+003,9.176805e+001
1.112243e+003,9.188623e+001
1.112725e+003,9.199595e+001
1.113208e+003,9.209357e+001
1.113690e+003,9.217621e+001
1.114172e+003,9.224287e+001
1.114654e+003,9.229438e+001
1.115136e+003,9.233282e+001
1.115618e+003,9.236024e+001
1.116100e+003,9.237833e+001
1.116582e+003,9.238803e+001
1.117064e+003,9.239042e+001
1.117547e+003,9.238737e+001
1.118029e+003,9.238184e+001
1.118511e+003,9.237738e+001
1.118993e+003,9.237708e+001
1.119475e+003,9.238241e+001
1.119957e+003,9.239269e+001
1.120439e+003,9.240534e+001
1.120921e+003,9.241714e+001
1.121404e+003,9.242533e+001
1.121886e+003,9.242862e+001
1.122368e+003,9.242715e+001
1.122850e+003,9.242208e+001
1.123332e+003,9.241463e+001
1.123814e+003,9.240555e+001
1.124296e+003,9.239519e+001
1.124778e+003,9.238378e+001
1.125260e+003,9.237188e+001
1.125743e+003,9.236032e+001
1.126225e+003,9.234971e+001
1.126707e+003,9.233999e+001
1.127189e+003,9.232980e+001
1.127671e+003,9.231727e+001
1.128153e+003,9.230064e+001
1.128635e+003,9.227972e+001
1.129117e+003,9.225639e+001
1.129600e+003,9.223418e+001
1.130082e+003,9.221689e+001
1.130564e+003,9.220675e+001
1.131046e+003,9.220332e+001
1.131528e+003,9.220332e+001
1.132010e+003,9.220206e+001
1.132492e+003,9.219538e+001
1.132974e+003,9.218150e+001
1.133457e+003,9.216171e+001
1.133939e+003,9.213931e+001
1.134421e+003,9.211790e+001
1.134903e+003,9.209938e+001
1.135385e+003,9.208308e+001
1.135867e+003,9.206626e+001
1.136349e+003,9.204575e+001
1.136831e+003,9.201981e+001
1.137313e+003,9.198918e+001
1.137796e+003,9.195689e+001
1.138278e+003,9.192672e+001
1.138760e+003,9.190163e+001
1.139242e+003,9.188259e+001
1.139724e+003,9.186855e+001
1.140206e+003,9.185765e+001
1.140688e+003,9.184855e+001
1.141170e+003,9.184126e+001
1.141652e+003,9.183689e+001
1.142135e+003,9.183653e+001
1.142617e+003,9.183960e+001
1.143099e+003,9.184315e+001
1.143581e+003,9.184242e+001
1.144063e+003,9.183239e+001
1.144545e+003,9.180980e+001
1.145027e+003,9.177459e+001
1.145509e+003,9.172974e+001
1.145991e+003,9.168023e+001
1.146474e+003,9.163088e+001
1.146956e+003,9.158501e+001
1.147438e+003,9.154349e+001
1.147920e+003,9.150549e+001
1.148402e+003,9.146956e+001
1.148884e+003,9.143482e+001
1.149366e+003,9.140131e+001
1.149848e+003,9.136944e+001
1.150331e+003,9.133922e+001
1.150813e+003,9.130970e+001
1.151295e+003,9.127921e+001
1.151777e+003,9.124652e+001
1.152259e+003,9.121212e+001
1.152741e+003,9.117880e+001
1.153223e+003,9.115139e+001
1.153705e+003,9.113506e+001
1.154188e+003,9.113345e+001
1.154670e+003,9.114713e+001
1.155152e+003,9.117352e+001
1.155634e+003,9.120780e+001
1.156116e+003,9.124509e+001
1.156598e+003,9.128222e+001
1.157080e+003,9.131837e+001
1.157562e+003,9.135501e+001
1.158044e+003,9.139446e+001
1.158527e+003,9.143855e+001
1.159009e+003,9.148771e+001
1.159491e+003,9.154127e+001
1.159973e+003,9.159804e+001
1.160455e+003,9.165727e+001
1.160937e+003,9.171887e+001
1.161419e+003,9.178310e+001
1.161901e+003,9.184978e+001
1.162384e+003,9.191763e+001
1.162866e+003,9.198404e+001
1.163348e+003,9.204586e+001
1.163830e+003,9.210027e+001
1.164312e+003,9.214555e+001
1.164794e+003,9.218137e+001
1.165276e+003,9.220833e+001
1.165758e+003,9.222730e+001
1.166240e+003,9.223885e+001
1.166723e+003,9.224332e+001
1.167205e+003,9.224127e+001
1.167687e+003,9.223387e+001
1.168169e+003,9.222322e+001
1.168651e+003,9.221155e+001
1.169133e+003,9.220022e+001
1.169615e+003,9.218852e+001
1.170097e+003,9.217330e+001
1.170579e+003,9.214939e+001
1.171062e+003,9.211105e+001
1.171544e+003,9.205353e+001
1.172026e+003,9.197411e+001
1.172508e+003,9.187196e+001
1.172990e+003,9.174705e+001
1.173472e+003,9.159875e+001
1.173954e+003,9.142507e+001
1.174436e+003,9.122320e+001
1.174918e+003,9.099149e+001
1.175401e+003,9.073222e+001
1.175883e+003,9.045424e+001
1.176365e+003,9.017371e+001
1.176847e+003,8.991313e+001
1.177329e+003,8.969801e+001
1.177811e+003,8.955217e+001
1.178293e+003,8.949306e+001
1.178775e+003,8.952831e+001
1.179258e+003,8.965424e+001
1.179740e+003,8.985703e+001
1.180222e+003,9.011531e+001
1.180704e+003,9.040411e+001
1.181186e+003,9.069864e+001
1.181668e+003,9.097784e+001
1.182150e+003,9.122683e+001
1.182632e+003,9.143790e+001
1.183115e+003,9.161019e+001
1.183597e+003,9.174796e+001
1.184079e+003,9.185811e+001
1.184561e+003,9.194714e+001
1.185043e+003,9.202139e+001
1.185525e+003,9.208512e+001
1.186007e+003,9.214087e+001
1.186489e+003,9.218988e+001
1.186971e+003,9.223309e+001
1.187454e+003,9.227169e+001
1.187936e+003,9.230724e+001
1.188418e+003,9.234114e+001
1.188900e+003,9.237425e+001
1.189382e+003,9.240648e+001
1.189864e+003,9.243691e+001
1.190346e+003,9.246442e+001
1.190828e+003,9.248836e+001
1.191311e+003,9.250867e+001
1.191793e+003,9.252571e+001
1.192275e+003,9.253958e+001
1.192757e+003,9.254959e+001
1.193239e+003,9.255428e+001
1.193721e+003,9.255198e+001
1.194203e+003,9.254205e+001
1.194685e+003,9.252574e+001
1.195167e+003,9.250670e+001
1.195650e+003,9.249016e+001
1.196132e+003,9.248147e+001
1.196614e+003,9.248432e+001
1.197096e+003,9.249961e+001
1.197578e+003,9.252507e+001
1.198060e+003,9.255634e+001
1.198542e+003,9.258839e+001
1.199024e+003,9.261724e+001
1.199506e+003,9.264062e+001
1.199989e+003,9.265801e+001
1.200471e+003,9.266980e+001
1.200953e+003,9.267647e+001
1.201435e+003,9.267795e+001
1.201917e+003,9.267362e+001
1.202399e+003,9.266277e+001
1.202881e+003,9.264511e+001
1.203363e+003,9.262078e+001
1.203845e+003,9.259023e+001
1.204328e+003,9.255350e+001
1.204810e+003,9.250978e+001
1.205292e+003,9.245743e+001
1.205774e+003,9.239455e+001
1.206256e+003,9.232002e+001
1.206738e+003,9.223460e+001
1.207220e+003,9.214160e+001
1.207702e+003,9.204708e+001
1.208185e+003,9.195903e+001
1.208667e+003,9.188651e+001
1.209149e+003,9.183826e+001
1.209631e+003,9.182146e+001
1.210113e+003,9.184078e+001
1.210595e+003,9.189769e+001
1.211077e+003,9.198988e+001
1.211559e+003,9.211152e+001
1.212042e+003,9.225364e+001
1.212524e+003,9.240547e+001
1.213006e+003,9.255623e+001
1.213488e+003,9.269690e+001
1.213970e+003,9.282172e+001
1.214452e+003,9.292844e+001
1.214934e+003,9.301771e+001
1.215416e+003,9.309183e+001
1.215898e+003,9.315351e+001
1.216381e+003,9.320512e+001
1.216863e+003,9.324858e+001
1.217345e+003,9.328582e+001
1.217827e+003,9.331920e+001
1.218309e+003,9.335164e+001
1.218791e+003,9.338603e+001
1.219273e+003,9.342439e+001
1.219755e+003,9.346706e+001
1.220238e+003,9.351244e+001
1.220720e+003,9.355762e+001
1.221202e+003,9.359928e+001
1.221684e+003,9.363497e+001
1.222166e+003,9.366386e+001
1.222648e+003,9.368666e+001
1.223130e+003,9.370521e+001
1.223612e+003,9.372158e+001
1.224094e+003,9.373766e+001
1.224577e+003,9.375492e+001
1.225059e+003,9.377457e+001
1.225541e+003,9.379784e+001
1.226023e+003,9.382584e+001
1.226505e+003,9.385906e+001
1.226987e+003,9.389699e+001
1.227469e+003,9.393755e+001
1.227951e+003,9.397768e+001
1.228434e+003,9.401372e+001
1.228916e+003,9.404293e+001
1.229398e+003,9.406409e+001
1.229880e+003,9.407777e+001
1.230362e+003,9.408576e+001
1.230844e+003,9.409026e+001
1.231326e+003,9.409285e+001
1.231808e+003,9.409441e+001
1.232291e+003,9.409535e+001
1.232773e+003,9.409642e+001
1.233255e+003,9.409915e+001
1.233737e+003,9.410590e+001
1.234219e+003,9.411900e+001
1.234701e+003,9.413977e+001
1.235183e+003,9.416753e+001
1.235665e+003,9.419968e+001
1.236147e+003,9.423230e+001
1.236630e+003,9.426168e+001
1.237112e+003,9.428561e+001
1.237594e+003,9.430383e+001
1.238076e+003,9.431767e+001
1.238558e+003,9.432912e+001
1.239040e+003,9.433967e+001
1.239522e+003,9.434975e+001
1.240004e+003,9.435876e+001
1.240486e+003,9.436602e+001
1.240969e+003,9.437154e+001
1.241451e+003,9.437637e+001
1.241933e+003,9.438230e+001
1.242415e+003,9.439111e+001
1.242897e+003,9.440363e+001
1.243379e+003,9.441967e+001
1.243861e+003,9.443828e+001
1.244343e+003,9.445878e+001
1.244825e+003,9.448156e+001
1.245308e+003,9.450846e+001
1.245790e+003,9.454200e+001
1.246272e+003,9.458434e+001
1.246754e+003,9.463618e+001
1.247236e+003,9.469630e+001
1.247718e+003,9.476193e+001
1.248200e+003,9.482997e+001
1.248682e+003,9.489825e+001
1.249165e+003,9.496625e+001
1.249647e+003,9.503471e+001
1.250129e+003,9.510475e+001
1.250611e+003,9.517666e+001
1.251093e+003,9.524916e+001
1.251575e+003,9.531963e+001
1.252057e+003,9.538494e+001
1.252539e+003,9.544264e+001
1.253021e+003,9.549155e+001
1.253504e+003,9.553185e+001
1.253986e+003,9.556424e+001
1.254468e+003,9.558907e+001
1.254950e+003,9.560589e+001
1.255432e+003,9.561353e+001
1.255914e+003,9.561093e+001
1.256396e+003,9.559798e+001
1.256878e+003,9.557597e+001
1.257361e+003,9.554727e+001
1.257843e+003,9.551443e+001
1.258325e+003,9.547906e+001
1.258807e+003,9.544130e+001
1.259289e+003,9.539990e+001
1.259771e+003,9.535328e+001
1.260253e+003,9.530052e+001
1.260735e+003,9.524231e+001
1.261218e+003,9.518072e+001
1.261700e+003,9.511845e+001
1.262182e+003,9.505765e+001
1.262664e+003,9.499916e+001
1.263146e+003,9.494260e+001
1.263628e+003,9.488691e+001
1.264110e+003,9.483159e+001
1.264592e+003,9.477724e+001
1.265074e+003,9.472565e+001
1.265557e+003,9.467928e+001
1.266039e+003,9.464011e+001
1.266521e+003,9.460918e+001
1.267003e+003,9.458631e+001
1.267485e+003,9.457057e+001
1.267967e+003,9.456108e+001
1.268449e+003,9.455745e+001
1.268931e+003,9.455997e+001
1.269413e+003,9.456929e+001
1.269896e+003,9.458578e+001
1.270378e+003,9.460922e+001
1.270860e+003,9.463857e+001
1.271342e+003,9.467227e+001
1.271824e+003,9.470890e+001
1.272306e+003,9.474744e+001
1.272788e+003,9.478725e+001
1.273270e+003,9.482810e+001
1.273752e+003,9.486960e+001
1.274235e+003,9.491125e+001
1.274717e+003,9.495244e+001
1.275199e+003,9.499261e+001
1.275681e+003,9.503148e+001
1.276163e+003,9.506895e+001
1.276645e+003,9.510486e+001
1.277127e+003,9.513857e+001
1.277609e+003,9.516910e+001
1.278092e+003,9.519528e+001
1.278574e+003,9.521644e+001
1.279056e+003,9.523296e+001
1.279538e+003,9.524650e+001
1.280020e+003,9.525964e+001
1.280502e+003,9.527496e+001
1.280984e+003,9.529410e+001
1.281466e+003,9.531699e+001
1.281948e+003,9.534178e+001
1.282431e+003,9.536555e+001
1.282913e+003,9.538527e+001
1.283395e+003,9.539853e+001
1.283877e+003,9.540430e+001
1.284359e+003,9.540268e+001
1.284841e+003,9.539469e+001
1.285323e+003,9.538184e+001
1.285805e+003,9.536604e+001
1.286288e+003,9.534957e+001
1.286770e+003,9.533507e+001
1.287252e+003,9.532516e+001
1.287734e+003,9.532187e+001
1.288216e+003,9.532581e+001
1.288698e+003,9.533578e+001
1.289180e+003,9.534881e+001
1.289662e+003,9.536108e+001
1.290145e+003,9.536925e+001
1.290627e+003,9.537169e+001
1.291109e+003,9.536894e+001
1.291591e+003,9.536333e+001
1.292073e+003,9.535772e+001
1.292555e+003,9.535423e+001
1.293037e+003,9.535348e+001
1.293519e+003,9.535452e+001
1.294001e+003,9.535567e+001
1.294484e+003,9.535559e+001
1.294966e+003,9.535397e+001
1.295448e+003,9.535159e+001
1.295930e+003,9.534975e+001
1.296412e+003,9.534934e+001
1.296894e+003,9.535036e+001
1.297376e+003,9.535210e+001
1.297858e+003,9.535375e+001
1.298340e+003,9.535524e+001
1.298823e+003,9.535745e+001
1.299305e+003,9.536197e+001
1.299787e+003,9.536998e+001
1.300269e+003,9.538149e+001
1.300751e+003,9.539503e+001
1.301233e+003,9.540817e+001
1.301715e+003,9.541894e+001
1.302197e+003,9.542693e+001
1.302679e+003,9.543376e+001
1.303162e+003,9.544233e+001
1.303644e+003,9.545517e+001
1.304126e+003,9.547268e+001
1.304608e+003,9.549232e+001
1.305090e+003,9.550916e+001
1.305572e+003,9.551764e+001
1.306054e+003,9.551392e+001
1.306536e+003,9.549743e+001
1.307019e+003,9.547103e+001
1.307501e+003,9.543967e+001
1.307983e+003,9.540823e+001
1.308465e+003,9.537933e+001
1.308947e+003,9.535246e+001
1.309429e+003,9.532453e+001
1.309911e+003,9.529152e+001
1.310393e+003,9.525042e+001
1.310875e+003,9.520050e+001
1.311358e+003,9.514372e+001
1.311840e+003,9.508411e+001
1.312322e+003,9.502661e+001
1.312804e+003,9.497604e+001
1.313286e+003,9.493616e+001
1.313768e+003,9.490943e+001
1.314250e+003,9.489666e+001
1.314732e+003,9.489694e+001
1.315215e+003,9.490740e+001
1.315697e+003,9.492329e+001
1.316179e+003,9.493848e+001
1.316661e+003,9.494688e+001
1.317143e+003,9.494409e+001
1.317625e+003,9.492908e+001
1.318107e+003,9.490469e+001
1.318589e+003,9.487695e+001
1.319072e+003,9.485287e+001
1.319554e+003,9.483816e+001
1.320036e+003,9.483527e+001
1.320518e+003,9.484313e+001
1.321000e+003,9.485818e+001
1.321482e+003,9.487608e+001
1.321964e+003,9.489330e+001
1.322446e+003,9.490778e+001
1.322928e+003,9.491839e+001
1.323411e+003,9.492453e+001
1.323893e+003,9.492539e+001
1.324375e+003,9.492059e+001
1.324857e+003,9.491093e+001
1.325339e+003,9.489938e+001
1.325821e+003,9.489104e+001
1.326303e+003,9.489214e+001
1.326785e+003,9.490789e+001
1.327267e+003,9.494068e+001
1.327750e+003,9.498865e+001
1.328232e+003,9.504637e+001
1.328714e+003,9.510663e+001
1.329196e+003,9.516289e+001
1.329678e+003,9.521101e+001
1.330160e+003,9.524952e+001
1.330642e+003,9.527821e+001
1.331124e+003,9.529646e+001
1.331606e+003,9.530189e+001
1.332089e+003,9.529105e+001
1.332571e+003,9.526112e+001
1.333053e+003,9.521236e+001
1.333535e+003,9.514965e+001
1.334017e+003,9.508183e+001
1.334499e+003,9.501936e+001
1.334981e+003,9.497099e+001
1.335463e+003,9.494081e+001
1.335946e+003,9.492703e+001
1.336428e+003,9.492301e+001
1.336910e+003,9.492019e+001
1.337392e+003,9.491153e+001
1.337874e+003,9.489404e+001
1.338356e+003,9.486959e+001
1.338838e+003,9.484320e+001
1.339320e+003,9.482034e+001
1.339802e+003,9.480421e+001
1.340285e+003,9.479443e+001
1.340767e+003,9.478778e+001
1.341249e+003,9.478066e+001
1.341731e+003,9.477084e+001
1.342213e+003,9.475800e+001
1.342695e+003,9.474315e+001
1.343177e+003,9.472719e+001
1.343659e+003,9.471021e+001
1.344142e+003,9.469162e+001
1.344624e+003,9.467104e+001
1.345106e+003,9.464966e+001
1.345588e+003,9.463060e+001
1.346070e+003,9.461865e+001
1.346552e+003,9.461883e+001
1.347034e+003,9.463472e+001
1.347516e+003,9.466733e+001
1.347999e+003,9.471488e+001
1.348481e+003,9.477357e+001
1.348963e+003,9.483903e+001
1.349445e+003,9.490763e+001
1.349927e+003,9.497707e+001
1.350409e+003,9.504639e+001
1.350891e+003,9.511537e+001
1.351373e+003,9.518395e+001
1.351855e+003,9.525183e+001
1.352338e+003,9.531823e+001
1.352820e+003,9.538145e+001
1.353302e+003,9.543819e+001
1.353784e+003,9.548314e+001
1.354266e+003,9.550920e+001
1.354748e+003,9.550885e+001
1.355230e+003,9.547694e+001
1.355712e+003,9.541327e+001
1.356194e+003,9.532431e+001
1.356677e+003,9.522259e+001
1.357159e+003,9.512324e+001
1.357641e+003,9.503976e+001
1.358123e+003,9.497961e+001
1.358605e+003,9.494180e+001
1.359087e+003,9.491729e+001
1.359569e+003,9.489201e+001
1.360051e+003,9.485163e+001
1.360533e+003,9.478631e+001
1.361016e+003,9.469405e+001
1.361498e+003,9.458200e+001
1.361980e+003,9.446468e+001
1.362462e+003,9.435999e+001
1.362944e+003,9.428365e+001
1.363426e+003,9.424436e+001
1.363908e+003,9.424152e+001
1.364390e+003,9.426614e+001
1.364873e+003,9.430296e+001
1.365355e+003,9.433260e+001
1.365837e+003,9.433320e+001
1.366319e+003,9.428336e+001
1.366801e+003,9.416697e+001
1.367283e+003,9.397969e+001
1.367765e+003,9.373389e+001
1.368247e+003,9.345851e+001
1.368729e+003,9.319198e+001
1.369212e+003,9.297045e+001
1.369694e+003,9.281599e+001
1.370176e+003,9.272974e+001
1.370658e+003,9.269263e+001
1.371140e+003,9.267191e+001
1.371622e+003,9.263098e+001
1.372104e+003,9.253918e+001
1.372586e+003,9.237907e+001
1.373069e+003,9.214964e+001
1.373551e+003,9.186499e+001
1.374033e+003,9.154807e+001
1.374515e+003,9.122272e+001
1.374997e+003,9.090672e+001
1.375479e+003,9.061064e+001
1.375961e+003,9.034087e+001
1.376443e+003,9.010441e+001
1.376926e+003,8.991066e+001
1.377408e+003,8.976987e+001
1.377890e+003,8.968881e+001
1.378372e+003,8.966679e+001
1.378854e+003,8.969430e+001
1.379336e+003,8.975655e+001
1.379818e+003,8.984006e+001
1.380300e+003,8.993916e+001
1.380782e+003,9.005845e+001
1.381265e+003,9.020962e+001
1.381747e+003,9.040435e+001
1.382229e+003,9.064716e+001
1.382711e+003,9.093150e+001
1.383193e+003,9.124198e+001
1.383675e+003,9.156108e+001
1.384157e+003,9.187616e+001
1.384639e+003,9.218265e+001
1.385121e+003,9.248179e+001
1.385604e+003,9.277438e+001
1.386086e+003,9.305407e+001
1.386568e+003,9.330415e+001
1.387050e+003,9.350172e+001
1.387532e+003,9.362827e+001
1.388014e+003,9.368159e+001
1.388496e+003,9.367977e+001
1.388978e+003,9.365514e+001
1.389460e+003,9.364083e+001
1.389943e+003,9.365782e+001
1.390425e+003,9.370707e+001
1.390907e+003,9.376913e+001
1.391389e+003,9.381072e+001
1.391871e+003,9.379607e+001
1.392353e+003,9.370007e+001
1.392835e+003,9.352026e+001
1.393317e+003,9.328320e+001
1.393800e+003,9.304123e+001
1.394282e+003,9.285639e+001
1.394764e+003,9.277623e+001
1.395246e+003,9.281356e+001
1.395728e+003,9.294275e+001
1.396210e+003,9.311333e+001
1.396692e+003,9.327032e+001
1.397174e+003,9.337009e+001
1.397656e+003,9.338833e+001
1.398139e+003,9.332217e+001
1.398621e+003,9.318836e+001
1.399103e+003,9.301736e+001
1.399585e+003,9.284356e+001
1.400067e+003,9.269527e+001
1.400549e+003,9.258861e+001
1.401031e+003,9.252760e+001
1.401513e+003,9.250765e+001
1.401996e+003,9.251868e+001
1.402478e+003,9.254724e+001
1.402960e+003,9.257814e+001
1.403442e+003,9.259719e+001
1.403924e+003,9.259597e+001
1.404406e+003,9.257675e+001
1.404888e+003,9.255449e+001
1.405370e+003,9.255339e+001
1.405853e+003,9.259869e+001
1.406335e+003,9.270748e+001
1.406817e+003,9.288285e+001
1.407299e+003,9.311300e+001
1.407781e+003,9.337477e+001
1.408263e+003,9.363986e+001
1.408745e+003,9.388171e+001
1.409227e+003,9.408139e+001
1.409709e+003,9.423047e+001
1.410192e+003,9.432990e+001
1.410674e+003,9.438563e+001
1.411156e+003,9.440307e+001
1.411638e+003,9.438412e+001
1.412120e+003,9.432816e+001
1.412602e+003,9.423631e+001
1.413084e+003,9.411631e+001
1.413566e+003,9.398474e+001
1.414048e+003,9.386427e+001
1.414531e+003,9.377718e+001
1.415013e+003,9.373737e+001
1.415495e+003,9.374416e+001
1.415977e+003,9.378082e+001
1.416459e+003,9.381781e+001
1.416941e+003,9.382125e+001
1.417423e+003,9.376508e+001
1.417905e+003,9.364413e+001
1.418387e+003,9.348144e+001
1.418870e+003,9.332083e+001
1.419352e+003,9.320329e+001
1.419834e+003,9.314247e+001
1.420316e+003,9.311953e+001
1.420798e+003,9.309944e+001
1.421280e+003,9.305106e+001
1.421762e+003,9.295615e+001
1.422244e+003,9.280760e+001
1.422727e+003,9.260394e+001
1.423209e+003,9.234705e+001
1.423691e+003,9.204417e+001
1.424173e+003,9.171234e+001
1.424655e+003,9.138060e+001
1.425137e+003,9.108730e+001
1.425619e+003,9.087341e+001
1.426101e+003,9.077425e+001
1.426583e+003,9.081117e+001
1.427066e+003,9.098302e+001
1.427548e+003,9.125880e+001
1.428030e+003,9.157560e+001
1.428512e+003,9.184747e+001
1.428994e+003,9.198961e+001
1.429476e+003,9.195033e+001
1.429958e+003,9.173492e+001
1.430440e+003,9.140456e+001
1.430923e+003,9.105002e+001
1.431405e+003,9.075568e+001
1.431887e+003,9.057130e+001
1.432369e+003,9.050242e+001
1.432851e+003,9.051785e+001
1.433333e+003,9.056701e+001
1.433815e+003,9.059743e+001
1.434297e+003,9.056721e+001
1.434780e+003,9.045273e+001
1.435262e+003,9.025458e+001
1.435744e+003,9.000069e+001
1.436226e+003,8.974070e+001
1.436708e+003,8.952616e+001
1.437190e+003,8.938671e+001
1.437672e+003,8.932049e+001
1.438154e+003,8.930547e+001
1.438636e+003,8.931541e+001
1.439119e+003,8.932590e+001
1.439601e+003,8.931109e+001
1.440083e+003,8.924065e+001
1.440565e+003,8.908316e+001
1.441047e+003,8.881680e+001
1.441529e+003,8.844181e+001
1.442011e+003,8.798734e+001
1.442493e+003,8.750650e+001
1.442976e+003,8.706172e+001
1.443458e+003,8.670670e+001
1.443940e+003,8.647315e+001
1.444422e+003,8.636650e+001
1.444904e+003,8.637081e+001
1.445386e+003,8.645942e+001
1.445868e+003,8.660575e+001
1.446350e+003,8.679007e+001
1.446833e+003,8.699864e+001
1.447314e+003,8.721632e+001
1.447797e+003,8.741741e+001
1.448279e+003,8.756258e+001
1.448761e+003,8.760630e+001
1.449243e+003,8.751147e+001
1.449725e+003,8.726251e+001
1.450207e+003,8.686958e+001
1.450689e+003,8.636495e+001
1.451171e+003,8.579514e+001
1.451654e+003,8.521197e+001
1.452136e+003,8.466395e+001
1.452618e+003,8.418884e+001
1.453100e+003,8.381019e+001
1.453582e+003,8.353797e+001
1.454064e+003,8.337199e+001
1.454546e+003,8.330447e+001
1.455028e+003,8.332047e+001
1.455510e+003,8.339497e+001
1.455993e+003,8.348711e+001
1.456475e+003,8.353759e+001
1.456957e+003,8.348341e+001
1.457439e+003,8.329459e+001
1.457921e+003,8.300063e+001
1.458403e+003,8.267419e+001
1.458885e+003,8.239023e+001
1.459367e+003,8.219630e+001
1.459850e+003,8.210383e+001
1.460332e+003,8.209380e+001
1.460814e+003,8.212990e+001
1.461296e+003,8.217398e+001
1.461778e+003,8.219997e+001
1.462260e+003,8.220244e+001
1.462742e+003,8.219847e+001
1.463224e+003,8.222210e+001
1.463707e+003,8.231145e+001
1.464189e+003,8.249110e+001
1.464671e+003,8.275731e+001
1.465153e+003,8.307813e+001
1.465635e+003,8.341098e+001
1.466117e+003,8.372569e+001
1.466599e+003,8.401521e+001
1.467081e+003,8.428946e+001
1.467563e+003,8.456005e+001
1.468046e+003,8.482732e+001
1.468528e+003,8.507544e+001
1.469010e+003,8.527639e+001
1.469492e+003,8.539991e+001
1.469974e+003,8.542662e+001
1.470456e+003,8.536104e+001
1.470938e+003,8.524107e+001
1.471420e+003,8.513772e+001
1.471903e+003,8.513634e+001
1.472385e+003,8.529934e+001
1.472867e+003,8.562974e+001
1.473349e+003,8.606734e+001
1.473831e+003,8.652338e+001
1.474313e+003,8.692485e+001
1.474795e+003,8.723762e+001
1.475277e+003,8.746307e+001
1.475760e+003,8.762215e+001
1.476241e+003,8.773905e+001
1.476724e+003,8.783096e+001
1.477206e+003,8.790536e+001
1.477688e+003,8.796350e+001
1.478170e+003,8.800650e+001
1.478652e+003,8.804012e+001
1.479134e+003,8.807538e+001
1.479616e+003,8.812555e+001
1.480098e+003,8.820088e+001
1.480581e+003,8.830303e+001
1.481063e+003,8.842152e+001
1.481545e+003,8.853458e+001
1.482027e+003,8.861496e+001
1.482509e+003,8.863863e+001
1.482991e+003,8.859211e+001
1.483473e+003,8.847530e+001
1.483955e+003,8.829959e+001
1.484438e+003,8.808317e+001
1.484920e+003,8.784567e+001
1.485402e+003,8.760310e+001
1.485884e+003,8.736353e+001
1.486366e+003,8.712386e+001
1.486848e+003,8.686828e+001
1.487330e+003,8.656804e+001
1.487812e+003,8.618170e+001
1.488294e+003,8.565556e+001
1.488777e+003,8.492649e+001
1.489259e+003,8.393031e+001
1.489741e+003,8.261884e+001
1.490223e+003,8.097981e+001
1.490705e+003,7.904710e+001
1.491187e+003,7.689296e+001
1.491669e+003,7.460835e+001
1.492151e+003,7.228643e+001
1.492634e+003,7.001830e+001
1.493116e+003,6.790017e+001
1.493598e+003,6.604675e+001
1.494080e+003,6.460318e+001
1.494562e+003,6.374635e+001
1.495044e+003,6.366356e+001
1.495526e+003,6.450071e+001
1.496008e+003,6.629192e+001
1.496490e+003,6.890965e+001
1.496973e+003,7.207908e+001
1.497455e+003,7.545766e+001
1.497937e+003,7.873026e+001
1.498419e+003,8.166675e+001
1.498901e+003,8.413094e+001
1.499383e+003,8.606438e+001
1.499865e+003,8.746881e+001
1.500347e+003,8.839555e+001
1.500830e+003,8.893622e+001
1.501312e+003,8.920777e+001
1.501794e+003,8.933238e+001
1.502276e+003,8.941713e+001
1.502758e+003,8.953913e+001
1.503240e+003,8.973864e+001
1.503722e+003,9.001880e+001
1.504204e+003,9.035193e+001
1.504687e+003,9.069313e+001
1.505168e+003,9.100283e+001
1.505651e+003,9.127454e+001
1.506133e+003,9.155140e+001
1.506615e+003,9.190798e+001
1.507097e+003,9.239428e+001
1.507579e+003,9.298616e+001
1.508061e+003,9.359455e+001
1.508543e+003,9.412077e+001
1.509025e+003,9.449767e+001
1.509508e+003,9.469646e+001
1.509990e+003,9.471767e+001
1.510472e+003,9.458355e+001
1.510954e+003,9.433478e+001
1.511436e+003,9.402563e+001
1.511918e+003,9.371339e+001
1.512400e+003,9.344397e+001
1.512882e+003,9.324108e+001
1.513365e+003,9.310440e+001
1.513847e+003,9.301702e+001
1.514329e+003,9.295772e+001
1.514811e+003,9.291252e+001
1.515293e+003,9.288231e+001
1.515775e+003,9.288359e+001
1.516257e+003,9.293973e+001
1.516739e+003,9.306444e+001
1.517221e+003,9.324781e+001
1.517704e+003,9.345582e+001
1.518186e+003,9.364317e+001
1.518668e+003,9.376749e+001
1.519150e+003,9.379575e+001
1.519632e+003,9.370488e+001
1.520114e+003,9.348459e+001
1.520596e+003,9.314577e+001
1.521078e+003,9.272930e+001
1.521561e+003,9.230209e+001
1.522043e+003,9.193658e+001
1.522525e+003,9.168886e+001
1.523007e+003,9.159267e+001
1.523489e+003,9.166490e+001
1.523971e+003,9.190620e+001
1.524453e+003,9.229114e+001
1.524935e+003,9.275591e+001
1.525417e+003,9.319808e+001
1.525900e+003,9.350108e+001
1.526382e+003,9.358263e+001
1.526864e+003,9.344154e+001
1.527346e+003,9.316751e+001
1.527828e+003,9.290560e+001
1.528310e+003,9.279901e+001
1.528792e+003,9.294129e+001
1.529274e+003,9.335315e+001
1.529757e+003,9.398499e+001
1.530239e+003,9.473775e+001
1.530721e+003,9.549255e+001
1.531203e+003,9.613864e+001
1.531685e+003,9.659385e+001
1.532167e+003,9.681786e+001
1.532649e+003,9.682050e+001
1.533131e+003,9.666113e+001
1.533614e+003,9.642944e+001
1.534095e+003,9.620933e+001
1.534578e+003,9.605048e+001
1.535060e+003,9.596845e+001
1.535542e+003,9.596217e+001
1.536024e+003,9.602473e+001
1.536506e+003,9.613911e+001
1.536988e+003,9.626570e+001
1.537470e+003,9.633323e+001
1.537952e+003,9.624297e+001
1.538435e+003,9.589954e+001
1.538917e+003,9.527267e+001
1.539399e+003,9.446456e+001
1.539881e+003,9.371102e+001
1.540363e+003,9.326790e+001
1.540845e+003,9.325729e+001
1.541327e+003,9.361071e+001
1.541809e+003,9.413586e+001
1.542292e+003,9.462286e+001
1.542774e+003,9.491916e+001
1.543256e+003,9.496042e+001
1.543738e+003,9.476957e+001
1.544220e+003,9.443420e+001
1.544702e+003,9.406811e+001
1.545184e+003,9.376815e+001
1.545666e+003,9.358376e+001
1.546148e+003,9.351408e+001
1.546631e+003,9.352888e+001
1.547113e+003,9.359648e+001
1.547595e+003,9.370337e+001
1.548077e+003,9.385979e+001
1.548559e+003,9.409267e+001
1.549041e+003,9.442826e+001
1.549523e+003,9.487082e+001
1.550005e+003,9.538850e+001
1.550488e+003,9.591747e+001
1.550970e+003,9.638223e+001
1.551452e+003,9.671857e+001
1.551934e+003,9.688605e+001
1.552416e+003,9.687011e+001
1.552898e+003,9.668158e+001
1.553380e+003,9.635732e+001
1.553862e+003,9.595808e+001
1.554344e+003,9.555780e+001
1.554827e+003,9.522516e+001
1.555309e+003,9.500734e+001
1.555791e+003,9.492307e+001
1.556273e+003,9.496330e+001
1.556755e+003,9.509408e+001
1.557237e+003,9.525880e+001
1.557719e+003,9.538350e+001
1.558201e+003,9.539426e+001
1.558684e+003,9.526402e+001
1.559166e+003,9.506377e+001
1.559648e+003,9.491502e+001
1.560130e+003,9.486587e+001
1.560612e+003,9.487260e+001
1.561094e+003,9.487070e+001
1.561576e+003,9.481395e+001
1.562058e+003,9.467018e+001
1.562541e+003,9.441022e+001
1.563022e+003,9.401037e+001
1.563505e+003,9.346784e+001
1.563987e+003,9.281924e+001
1.564469e+003,9.214674e+001
1.564951e+003,9.156092e+001
1.565433e+003,9.116569e+001
1.565915e+003,9.102615e+001
1.566397e+003,9.115642e+001
1.566879e+003,9.152504e+001
1.567362e+003,9.206583e+001
1.567844e+003,9.268476e+001
1.568326e+003,9.326648e+001
1.568808e+003,9.369238e+001
1.569290e+003,9.387950e+001
1.569772e+003,9.382333e+001
1.570254e+003,9.360479e+001
1.570736e+003,9.334570e+001
1.571219e+003,9.314995e+001
1.571701e+003,9.307296e+001
1.572183e+003,9.312213e+001
1.572665e+003,9.326876e+001
1.573147e+003,9.345885e+001
1.573629e+003,9.362255e+001
1.574111e+003,9.368801e+001
1.574593e+003,9.360433e+001
1.575075e+003,9.337106e+001
1.575558e+003,9.305727e+001
1.576040e+003,9.278271e+001
1.576522e+003,9.265645e+001
1.577004e+003,9.271658e+001
1.577486e+003,9.292328e+001
1.577968e+003,9.319971e+001
1.578450e+003,9.347457e+001
1.578932e+003,9.369924e+001
1.579415e+003,9.384511e+001
1.579897e+003,9.389637e+001
1.580379e+003,9.384707e+001
1.580861e+003,9.370238e+001
1.581343e+003,9.348122e+001
1.581825e+003,9.321603e+001
1.582307e+003,9.294808e+001
1.582789e+003,9.272005e+001
1.583271e+003,9.256797e+001
1.583754e+003,9.251501e+001
1.584236e+003,9.256745e+001
1.584718e+003,9.271408e+001
1.585200e+003,9.292960e+001
1.585682e+003,9.318178e+001
1.586164e+003,9.343987e+001
1.586646e+003,9.368112e+001
1.587128e+003,9.389268e+001
1.587611e+003,9.406900e+001
1.588093e+003,9.420761e+001
1.588575e+003,9.430581e+001
1.589057e+003,9.436049e+001
1.589539e+003,9.437069e+001
1.590021e+003,9.434102e+001
1.590503e+003,9.428334e+001
1.590985e+003,9.421492e+001
1.591468e+003,9.415376e+001
1.591949e+003,9.411254e+001
1.592432e+003,9.409375e+001
1.592914e+003,9.408775e+001
1.593396e+003,9.407502e+001
1.593878e+003,9.403165e+001
1.594360e+003,9.393624e+001
1.594842e+003,9.377573e+001
1.595324e+003,9.354829e+001
1.595806e+003,9.326266e+001
1.596289e+003,9.293428e+001
1.596771e+003,9.257991e+001
1.597253e+003,9.221212e+001
1.597735e+003,9.183523e+001
1.598217e+003,9.144293e+001
1.598699e+003,9.101855e+001
1.599181e+003,9.053710e+001
1.599663e+003,8.997065e+001
1.600146e+003,8.929610e+001
1.600628e+003,8.850468e+001
1.601110e+003,8.761053e+001
1.601592e+003,8.665533e+001
1.602074e+003,8.570698e+001
1.602556e+003,8.485185e+001
1.603038e+003,8.418198e+001
1.603520e+003,8.377898e+001
1.604002e+003,8.369951e+001
1.604485e+003,8.396554e+001
1.604967e+003,8.456381e+001
1.605449e+003,8.545254e+001
1.605931e+003,8.657128e+001
1.606413e+003,8.784838e+001
1.606895e+003,8.920420e+001
1.607377e+003,9.055247e+001
1.607859e+003,9.180488e+001
1.608342e+003,9.288155e+001
1.608824e+003,9.372566e+001
1.609306e+003,9.431590e+001
1.609788e+003,9.467024e+001
1.610270e+003,9.483936e+001
1.610752e+003,9.489240e+001
1.611234e+003,9.490050e+001
1.611716e+003,9.492254e+001
1.612198e+003,9.499710e+001
1.612681e+003,9.514134e+001
1.613163e+003,9.535449e+001
1.613645e+003,9.562180e+001
1.614127e+003,9.591660e+001
1.614609e+003,9.620052e+001
1.615091e+003,9.642575e+001
1.615573e+003,9.654462e+001
1.616055e+003,9.652847e+001
1.616538e+003,9.638749e+001
1.617020e+003,9.617369e+001
1.617502e+003,9.595702e+001
1.617984e+003,9.579267e+001
1.618466e+003,9.570435e+001
1.618948e+003,9.568548e+001
1.619430e+003,9.570663e+001
1.619912e+003,9.572213e+001
1.620395e+003,9.567734e+001
1.620876e+003,9.552063e+001
1.621359e+003,9.522137e+001
1.621841e+003,9.479015e+001
1.622323e+003,9.429118e+001
1.622805e+003,9.383363e+001
1.623287e+003,9.353596e+001
1.623769e+003,9.347983e+001
1.624251e+003,9.368277e+001
1.624733e+003,9.410483e+001
1.625216e+003,9.467564e+001
1.625698e+003,9.531915e+001
1.626180e+003,9.596379e+001
1.626662e+003,9.654181e+001
1.627144e+003,9.698759e+001
1.627626e+003,9.724409e+001
1.628108e+003,9.727862e+001
1.628590e+003,9.709859e+001
1.629073e+003,9.675478e+001
1.629555e+003,9.632681e+001
1.630037e+003,9.589973e+001
1.630519e+003,9.554307e+001
1.631001e+003,9.529894e+001
1.631483e+003,9.517925e+001
1.631965e+003,9.516934e+001
1.632447e+003,9.523600e+001
1.632929e+003,9.533888e+001
1.633412e+003,9.544452e+001
1.633894e+003,9.554170e+001
1.634376e+003,9.565394e+001
1.634858e+003,9.583773e+001
1.635340e+003,9.615431e+001
1.635822e+003,9.662169e+001
1.636304e+003,9.718719e+001
1.636786e+003,9.775365e+001
1.637269e+003,9.823411e+001
1.637751e+003,9.858392e+001
1.638233e+003,9.879403e+001
1.638715e+003,9.886775e+001
1.639197e+003,9.880386e+001
1.639679e+003,9.859599e+001
1.640161e+003,9.824548e+001
1.640643e+003,9.777850e+001
1.641125e+003,9.725607e+001
1.641608e+003,9.676940e+001
1.642090e+003,9.642231e+001
1.642572e+003,9.630875e+001
1.643054e+003,9.649310e+001
1.643536e+003,9.699485e+001
1.644018e+003,9.777684e+001
1.644500e+003,9.873522e+001
1.644982e+003,9.969568e+001
1.645465e+003,1.004295e+002
1.645947e+003,1.007118e+002
1.646429e+003,1.004249e+002
1.646911e+003,9.964818e+001
1.647393e+003,9.863416e+001
1.647875e+003,9.766647e+001
1.648357e+003,9.692713e+001
1.648839e+003,9.646825e+001
1.649322e+003,9.625513e+001
1.649803e+003,9.621199e+001
1.650286e+003,9.624223e+001
1.650768e+003,9.623161e+001
1.651250e+003,9.605624e+001
1.651732e+003,9.561977e+001
1.652214e+003,9.493224e+001
1.652696e+003,9.418205e+001
1.653178e+003,9.367408e+001
1.653660e+003,9.360007e+001
1.654143e+003,9.389187e+001
1.654625e+003,9.433770e+001
1.655107e+003,9.476163e+001
1.655589e+003,9.507822e+001
1.656071e+003,9.526162e+001
1.656553e+003,9.530991e+001
1.657035e+003,9.523065e+001
1.657517e+003,9.504208e+001
1.658000e+003,9.477765e+001
1.658482e+003,9.448604e+001
1.658964e+003,9.422368e+001
1.659446e+003,9.404320e+001
1.659928e+003,9.398293e+001
1.660410e+003,9.406145e+001
1.660892e+003,9.427605e+001
1.661374e+003,9.460407e+001
1.661856e+003,9.500520e+001
1.662339e+003,9.542792e+001
1.662821e+003,9.582229e+001
1.663303e+003,9.615692e+001
1.663785e+003,9.642995e+001
1.664267e+003,9.666629e+001
1.664749e+003,9.690437e+001
1.665231e+003,9.717961e+001
1.665713e+003,9.750951e+001
1.666196e+003,9.788242e+001
1.666678e+003,9.825050e+001
1.667160e+003,9.853157e+001
1.667642e+003,9.862728e+001
1.668124e+003,9.846179e+001
1.668606e+003,9.803285e+001
1.669088e+003,9.744326e+001
1.669570e+003,9.687746e+001
1.670052e+003,9.652215e+001
1.670535e+003,9.648122e+001
1.671017e+003,9.674168e+001
1.671499e+003,9.720049e+001
1.671981e+003,9.772022e+001
1.672463e+003,9.817747e+001
1.672945e+003,9.848998e+001
1.673427e+003,9.862630e+001
1.673909e+003,9.860545e+001
1.674392e+003,9.848725e+001
1.674874e+003,9.834629e+001
1.675356e+003,9.823256e+001
1.675838e+003,9.814269e+001
1.676320e+003,9.802920e+001
1.676802e+003,9.784006e+001
1.677284e+003,9.755340e+001
1.677766e+003,9.718588e+001
1.678249e+003,9.678104e+001
1.678730e+003,9.639172e+001
1.679213e+003,9.606357e+001
1.679695e+003,9.582207e+001
1.680177e+003,9.566725e+001
1.680659e+003,9.557843e+001
1.681141e+003,9.552796e+001
1.681623e+003,9.549557e+001
1.682105e+003,9.547833e+001
1.682587e+003,9.549619e+001
1.683070e+003,9.559103e+001
1.683552e+003,9.580936e+001
1.684034e+003,9.616497e+001
1.684516e+003,9.661217e+001
1.684998e+003,9.707075e+001
1.685480e+003,9.748289e+001
1.685962e+003,9.784185e+001
1.686444e+003,9.817278e+001
1.686927e+003,9.849411e+001
1.687409e+003,9.878739e+001
1.687891e+003,9.899043e+001
1.688373e+003,9.901727e+001
1.688855e+003,9.880269e+001
1.689337e+003,9.835080e+001
1.689819e+003,9.775673e+001
1.690301e+003,9.717905e+001
1.690783e+003,9.677733e+001
1.691266e+003,9.665337e+001
1.691748e+003,9.682407e+001
1.692230e+003,9.722717e+001
1.692712e+003,9.774419e+001
1.693194e+003,9.822839e+001
1.693676e+003,9.853513e+001
1.694158e+003,9.856038e+001
1.694640e+003,9.828832e+001
1.695123e+003,9.782411e+001
1.695605e+003,9.736572e+001
1.696087e+003,9.710207e+001
1.696569e+003,9.711062e+001
1.697051e+003,9.734142e+001
1.697533e+003,9.767553e+001
1.698015e+003,9.798303e+001
1.698497e+003,9.814648e+001
1.698979e+003,9.807198e+001
1.699462e+003,9.771746e+001
1.699944e+003,9.713371e+001
1.700426e+003,9.646384e+001
1.700908e+003,9.586147e+001
1.701390e+003,9.540169e+001
1.701872e+003,9.508154e+001
1.702354e+003,9.487650e+001
1.702836e+003,9.477281e+001
1.703319e+003,9.476411e+001
1.703801e+003,9.483675e+001
1.704283e+003,9.496025e+001
1.704765e+003,9.508914e+001
1.705247e+003,9.517774e+001
1.705729e+003,9.520358e+001
1.706211e+003,9.518425e+001
1.706693e+003,9.517262e+001
1.707176e+003,9.523306e+001
1.707657e+003,9.541344e+001
1.708140e+003,9.572483e+001
1.708622e+003,9.613288e+001
1.709104e+003,9.656254e+001
1.709586e+003,9.691722e+001
1.710068e+003,9.710905e+001
1.710550e+003,9.708861e+001
1.711032e+003,9.686144e+001
1.711514e+003,9.648469e+001
1.711997e+003,9.604814e+001
1.712479e+003,9.564938e+001
1.712961e+003,9.537022e+001
1.713443e+003,9.525842e+001
1.713925e+003,9.531805e+001
1.714407e+003,9.551138e+001
1.714889e+003,9.577325e+001
1.715371e+003,9.603377e+001
1.715854e+003,9.624107e+001
1.716336e+003,9.637571e+001
1.716818e+003,9.644984e+001
1.717300e+003,9.649072e+001
1.717782e+003,9.651708e+001
1.718264e+003,9.652573e+001
1.718746e+003,9.649925e+001
1.719229e+003,9.642540e+001
1.719710e+003,9.630914e+001
1.720193e+003,9.617044e+001
1.720675e+003,9.603317e+001
1.721157e+003,9.591512e+001
1.721639e+003,9.582232e+001
1.722121e+003,9.575005e+001
1.722603e+003,9.568960e+001
1.723085e+003,9.563772e+001
1.723567e+003,9.560506e+001
1.724050e+003,9.561694e+001
1.724532e+003,9.570422e+001
1.725014e+003,9.588776e+001
1.725496e+003,9.616409e+001
1.725978e+003,9.649862e+001
1.726460e+003,9.682978e+001
1.726942e+003,9.708364e+001
1.727424e+003,9.719742e+001
1.727906e+003,9.714487e+001
1.728389e+003,9.695320e+001
1.728871e+003,9.670100e+001
1.729353e+003,9.649426e+001
1.729835e+003,9.642946e+001
1.730317e+003,9.656065e+001
1.730799e+003,9.688386e+001
1.731281e+003,9.734020e+001
1.731763e+003,9.783186e+001
1.732246e+003,9.824397e+001
1.732728e+003,9.847284e+001
1.733210e+003,9.846195e+001
1.733692e+003,9.823436e+001
1.734174e+003,9.788876e+001
1.734656e+003,9.754070e+001
1.735138e+003,9.725468e+001
1.735620e+003,9.703249e+001
1.736103e+003,9.684898e+001
1.736585e+003,9.668295e+001
1.737067e+003,9.652251e+001
1.737549e+003,9.635821e+001
1.738031e+003,9.617764e+001
1.738513e+003,9.596732e+001
1.738995e+003,9.572039e+001
1.739477e+003,9.544527e+001
1.739959e+003,9.516969e+001
1.740442e+003,9.493653e+001
1.740924e+003,9.479336e+001
1.741406e+003,9.477960e+001
1.741888e+003,9.491407e+001
1.742370e+003,9.518360e+001
1.742852e+003,9.553727e+001
1.743334e+003,9.589209e+001
1.743816e+003,9.615512e+001
1.744299e+003,9.625594e+001
1.744781e+003,9.617436e+001
1.745263e+003,9.594871e+001
1.745745e+003,9.566201e+001
1.746227e+003,9.541412e+001
1.746709e+003,9.529044e+001
1.747191e+003,9.533535e+001
1.747673e+003,9.553737e+001
1.748156e+003,9.583255e+001
1.748637e+003,9.612862e+001
1.749120e+003,9.634161e+001
1.749602e+003,9.643027e+001
1.750084e+003,9.641155e+001
1.750566e+003,9.634897e+001
1.751048e+003,9.631821e+001
1.751530e+003,9.636719e+001
1.752012e+003,9.649466e+001
1.752494e+003,9.665762e+001
1.752977e+003,9.679771e+001
1.753459e+003,9.686583e+001
1.753941e+003,9.683369e+001
1.754423e+003,9.669479e+001
1.754905e+003,9.646168e+001
1.755387e+003,9.616405e+001
1.755869e+003,9.584688e+001
1.756351e+003,9.556390e+001
1.756833e+003,9.536613e+001
1.757316e+003,9.528916e+001
1.757798e+003,9.534696e+001
1.758280e+003,9.553357e+001
1.758762e+003,9.582841e+001
1.759244e+003,9.619972e+001
1.759726e+003,9.660605e+001
1.760208e+003,9.699818e+001
1.760690e+003,9.732718e+001
1.761173e+003,9.755901e+001
1.761655e+003,9.769011e+001
1.762137e+003,9.775179e+001
1.762619e+003,9.779523e+001
1.763101e+003,9.786505e+001
1.763583e+003,9.797877e+001
1.764065e+003,9.812181e+001
1.764547e+003,9.825552e+001
1.765030e+003,9.833069e+001
1.765512e+003,9.830272e+001
1.765994e+003,9.814661e+001
1.766476e+003,9.786970e+001
1.766958e+003,9.751534e+001
1.767440e+003,9.715248e+001
1.767922e+003,9.685191e+001
1.768404e+003,9.666186e+001
1.768886e+003,9.659612e+001
1.769369e+003,9.663846e+001
1.769851e+003,9.675547e+001
1.770333e+003,9.690847e+001
1.770815e+003,9.706027e+001
1.771297e+003,9.717815e+001
1.771779e+003,9.723569e+001
1.772261e+003,9.721602e+001
1.772743e+003,9.711553e+001
1.773226e+003,9.694623e+001
1.773708e+003,9.673428e+001
1.774190e+003,9.651422e+001
1.774672e+003,9.631966e+001
1.775154e+003,9.617265e+001
1.775636e+003,9.607548e+001
1.776118e+003,9.600850e+001
1.776600e+003,9.593646e+001
1.777083e+003,9.582268e+001
1.777564e+003,9.564635e+001
1.778047e+003,9.541531e+001
1.778529e+003,9.516882e+001
1.779011e+003,9.496801e+001
1.779493e+003,9.487744e+001
1.779975e+003,9.494276e+001
1.780457e+003,9.517332e+001
1.780939e+003,9.553811e+001
1.781421e+003,9.597934e+001
1.781904e+003,9.643613e+001
1.782386e+003,9.686455e+001
1.782868e+003,9.724321e+001
1.783350e+003,9.756520e+001
1.783832e+003,9.782407e+001
1.784314e+003,9.800375e+001
1.784796e+003,9.807932e+001
1.785278e+003,9.802965e+001
1.785760e+003,9.785463e+001
1.786243e+003,9.758510e+001
1.786725e+003,9.727805e+001
1.787207e+003,9.700008e+001
1.787689e+003,9.680769e+001
1.788171e+003,9.673253e+001
1.788653e+003,9.677489e+001
1.789135e+003,9.690575e+001
1.789617e+003,9.707643e+001
1.790100e+003,9.723388e+001
1.790582e+003,9.733704e+001
1.791064e+003,9.736973e+001
1.791546e+003,9.734344e+001
1.792028e+003,9.728690e+001
1.792510e+003,9.722635e+001
1.792992e+003,9.716967e+001
1.793474e+003,9.710482e+001
1.793957e+003,9.701201e+001
1.794439e+003,9.687727e+001
1.794921e+003,9.669817e+001
1.795403e+003,9.648130e+001
1.795885e+003,9.623615e+001
1.796367e+003,9.597026e+001
1.796849e+003,9.568806e+001
1.797331e+003,9.539364e+001
1.797813e+003,9.509577e+001
1.798296e+003,9.481244e+001
1.798778e+003,9.457169e+001
1.799260e+003,9.440701e+001
1.799742e+003,9.434766e+001
1.800224e+003,9.440690e+001
1.800706e+003,9.457359e+001
1.801188e+003,9.481276e+001
1.801670e+003,9.507671e+001
1.802153e+003,9.532098e+001
1.802635e+003,9.551688e+001
1.803117e+003,9.565491e+001
1.803599e+003,9.574016e+001
1.804081e+003,9.578417e+001
1.804563e+003,9.579856e+001
1.805045e+003,9.579219e+001
1.805527e+003,9.577295e+001
1.806010e+003,9.575101e+001
1.806491e+003,9.574123e+001
1.806974e+003,9.576203e+001
1.807456e+003,9.583123e+001
1.807938e+003,9.595995e+001
1.808420e+003,9.614760e+001
1.808902e+003,9.638066e+001
1.809384e+003,9.663624e+001
1.809866e+003,9.688936e+001
1.810348e+003,9.712087e+001
1.810831e+003,9.732188e+001
1.811313e+003,9.749332e+001
1.811795e+003,9.764144e+001
1.812277e+003,9.777228e+001
1.812759e+003,9.788849e+001
1.813241e+003,9.798986e+001
1.813723e+003,9.807590e+001
1.814205e+003,9.814841e+001
1.814688e+003,9.821184e+001
1.815170e+003,9.827108e+001
1.815652e+003,9.832826e+001
1.816134e+003,9.838029e+001
1.816616e+003,9.841913e+001
1.817098e+003,9.843633e+001
1.817580e+003,9.842947e+001
1.818062e+003,9.840746e+001
1.818544e+003,9.839087e+001
1.819027e+003,9.840637e+001
1.819509e+003,9.847670e+001
1.819991e+003,9.861015e+001
1.820473e+003,9.879370e+001
1.820955e+003,9.899387e+001
1.821437e+003,9.916452e+001
1.821919e+003,9.925909e+001
1.822401e+003,9.924226e+001
1.822884e+003,9.909955e+001
1.823366e+003,9.884267e+001
1.823848e+003,9.851022e+001
1.824330e+003,9.816050e+001
1.824812e+003,9.785558e+001
1.825294e+003,9.764202e+001
1.825776e+003,9.753779e+001
1.826258e+003,9.753198e+001
1.826740e+003,9.759470e+001
1.827223e+003,9.768899e+001
1.827705e+003,9.777937e+001
1.828187e+003,9.783652e+001
1.828669e+003,9.784024e+001
1.829151e+003,9.778269e+001
1.829633e+003,9.767082e+001
1.830115e+003,9.752493e+001
1.830597e+003,9.737297e+001
1.831080e+003,9.724297e+001
1.831562e+003,9.715760e+001
1.832044e+003,9.713203e+001
1.832526e+003,9.717383e+001
1.833008e+003,9.728196e+001
1.833490e+003,9.744564e+001
1.833972e+003,9.764349e+001
1.834454e+003,9.784548e+001
1.834937e+003,9.801806e+001
1.835418e+003,9.813280e+001
1.835901e+003,9.817490e+001
1.836383e+003,9.814764e+001
1.836865e+003,9.807087e+001
1.837347e+003,9.797398e+001
1.837829e+003,9.788667e+001
1.838311e+003,9.783034e+001
1.838793e+003,9.781364e+001
1.839275e+003,9.783273e+001
1.839758e+003,9.787576e+001
1.840240e+003,9.792902e+001
1.840722e+003,9.798139e+001
1.841204e+003,9.802583e+001
1.841686e+003,9.805752e+001
1.842168e+003,9.807183e+001
1.842650e+003,9.806340e+001
1.843132e+003,9.802724e+001
1.843615e+003,9.796175e+001
1.844097e+003,9.787145e+001
1.844579e+003,9.776667e+001
1.845061e+003,9.766038e+001
1.845543e+003,9.756347e+001
1.846025e+003,9.748103e+001
1.846507e+003,9.741034e+001
1.846989e+003,9.733989e+001
1.847471e+003,9.725093e+001
1.847954e+003,9.712199e+001
1.848436e+003,9.693622e+001
1.848918e+003,9.668884e+001
1.849400e+003,9.639200e+001
1.849882e+003,9.607409e+001
1.850364e+003,9.577320e+001
1.850846e+003,9.552791e+001
1.851328e+003,9.536734e+001
1.851811e+003,9.530392e+001
1.852293e+003,9.533055e+001
1.852775e+003,9.542258e+001
1.853257e+003,9.554532e+001
1.853739e+003,9.566464e+001
1.854221e+003,9.575740e+001
1.854703e+003,9.581812e+001
1.855185e+003,9.585880e+001
1.855667e+003,9.590258e+001
1.856150e+003,9.597369e+001
1.856632e+003,9.608826e+001
1.857114e+003,9.624874e+001
1.857596e+003,9.644421e+001
1.858078e+003,9.665581e+001
1.858560e+003,9.686446e+001
1.859042e+003,9.705733e+001
1.859524e+003,9.722964e+001
1.860007e+003,9.738152e+001
1.860489e+003,9.751231e+001
1.860971e+003,9.761561e+001
1.861453e+003,9.767918e+001
1.861935e+003,9.768956e+001
1.862417e+003,9.763999e+001
1.862899e+003,9.753684e+001
1.863381e+003,9.740095e+001
1.863864e+003,9.726216e+001
1.864345e+003,9.715013e+001
1.864828e+003,9.708417e+001
1.865310e+003,9.706704e+001
1.865792e+003,9.708441e+001
1.866274e+003,9.711047e+001
1.866756e+003,9.711758e+001
1.867238e+003,9.708739e+001
1.867720e+003,9.701829e+001
1.868202e+003,9.692614e+001
1.868685e+003,9.683629e+001
1.869167e+003,9.677129e+001
1.869649e+003,9.674071e+001
1.870131e+003,9.673928e+001
1.870613e+003,9.675267e+001
1.871095e+003,9.676543e+001
1.871577e+003,9.676599e+001
1.872059e+003,9.674746e+001
1.872542e+003,9.670583e+001
1.873024e+003,9.663889e+001
1.873506e+003,9.654687e+001
1.873988e+003,9.643520e+001
1.874470e+003,9.631725e+001
1.874952e+003,9.621473e+001
1.875434e+003,9.615414e+001
1.875916e+003,9.615987e+001
1.876398e+003,9.624635e+001
1.876881e+003,9.641250e+001
1.877363e+003,9.664096e+001
1.877845e+003,9.690308e+001
1.878327e+003,9.716824e+001
1.878809e+003,9.741414e+001
1.879291e+003,9.763199e+001
1.879773e+003,9.782551e+001
1.880255e+003,9.800337e+001
1.880738e+003,9.817051e+001
1.881220e+003,9.832242e+001
1.881702e+003,9.844582e+001
1.882184e+003,9.852532e+001
1.882666e+003,9.855265e+001
1.883148e+003,9.853305e+001
1.883630e+003,9.848590e+001
1.884112e+003,9.843864e+001
1.884594e+003,9.841690e+001
1.885077e+003,9.843546e+001
1.885559e+003,9.849378e+001
1.886041e+003,9.857784e+001
1.886523e+003,9.866672e+001
1.887005e+003,9.874001e+001
1.887487e+003,9.878348e+001
1.887969e+003,9.879063e+001
1.888451e+003,9.876220e+001
1.888934e+003,9.870416e+001
1.889416e+003,9.862611e+001
1.889898e+003,9.854010e+001
1.890380e+003,9.845950e+001
1.890862e+003,9.839665e+001
1.891344e+003,9.836050e+001
1.891826e+003,9.835291e+001
1.892308e+003,9.836703e+001
1.892791e+003,9.838680e+001
1.893272e+003,9.839030e+001
1.893755e+003,9.835655e+001
1.894237e+003,9.827446e+001
1.894719e+003,9.814943e+001
1.895201e+003,9.800415e+001
1.895683e+003,9.787171e+001
1.896165e+003,9.778493e+001
1.896647e+003,9.776576e+001
1.897129e+003,9.781938e+001
1.897612e+003,9.793430e+001
1.898094e+003,9.808778e+001
1.898576e+003,9.825375e+001
1.899058e+003,9.841042e+001
1.899540e+003,9.854413e+001
1.900022e+003,9.864983e+001
1.900504e+003,9.872851e+001
1.900986e+003,9.878395e+001
1.901469e+003,9.882018e+001
1.901951e+003,9.884081e+001
1.902433e+003,9.884890e+001
1.902915e+003,9.884782e+001
1.903397e+003,9.884106e+001
1.903879e+003,9.883204e+001
1.904361e+003,9.882397e+001
1.904843e+003,9.881979e+001
1.905325e+003,9.882315e+001
1.905808e+003,9.883890e+001
1.906290e+003,9.887296e+001
1.906772e+003,9.893089e+001
1.907254e+003,9.901480e+001
1.907736e+003,9.912070e+001
1.908218e+003,9.923699e+001
1.908700e+003,9.934574e+001
1.909182e+003,9.942719e+001
1.909665e+003,9.946616e+001
1.910147e+003,9.945711e+001
1.910629e+003,9.940639e+001
1.911111e+003,9.932982e+001
1.911593e+003,9.924859e+001
1.912075e+003,9.918369e+001
1.912557e+003,9.915152e+001
1.913039e+003,9.916064e+001
1.913521e+003,9.921060e+001
1.914004e+003,9.929220e+001
1.914486e+003,9.939007e+001
1.914968e+003,9.948500e+001
1.915450e+003,9.955727e+001
1.915932e+003,9.959023e+001
1.916414e+003,9.957450e+001
1.916896e+003,9.951132e+001
1.917378e+003,9.941425e+001
1.917861e+003,9.930524e+001
1.918343e+003,9.920738e+001
1.918825e+003,9.913646e+001
1.919307e+003,9.909698e+001
1.919789e+003,9.908356e+001
1.920271e+003,9.908544e+001
1.920753e+003,9.909122e+001
1.921235e+003,9.909181e+001
1.921718e+003,9.908176e+001
1.922199e+003,9.905902e+001
1.922682e+003,9.902424e+001
1.923164e+003,9.898054e+001
1.923646e+003,9.893426e+001
1.924128e+003,9.889600e+001
1.924610e+003,9.887994e+001
1.925092e+003,9.890077e+001
1.925574e+003,9.896785e+001
1.926056e+003,9.907990e+001
1.926539e+003,9.922133e+001
1.927021e+003,9.936406e+001
1.927503e+003,9.947528e+001
1.927985e+003,9.952925e+001
1.928467e+003,9.951844e+001
1.928949e+003,9.945818e+001
1.929431e+003,9.938076e+001
1.929913e+003,9.932294e+001
1.930396e+003,9.931098e+001
1.930878e+003,9.935141e+001
1.931360e+003,9.942970e+001
1.931842e+003,9.951859e+001
1.932324e+003,9.959138e+001
1.932806e+003,9.963413e+001
1.933288e+003,9.964988e+001
1.933770e+003,9.965353e+001
1.934252e+003,9.965944e+001
1.934735e+003,9.967081e+001
1.935217e+003,9.967464e+001
1.935699e+003,9.964716e+001
1.936181e+003,9.956577e+001
1.936663e+003,9.942294e+001
1.937145e+003,9.923328e+001
1.937627e+003,9.903053e+001
1.938109e+003,9.885594e+001
1.938592e+003,9.874427e+001
1.939074e+003,9.871274e+001
1.939556e+003,9.875778e+001
1.940038e+003,9.885882e+001
1.940520e+003,9.898772e+001
1.941002e+003,9.911826e+001
1.941484e+003,9.923312e+001
1.941966e+003,9.932424e+001
1.942448e+003,9.939072e+001
1.942931e+003,9.943495e+001
1.943413e+003,9.946160e+001
1.943895e+003,9.947810e+001
1.944377e+003,9.949538e+001
1.944859e+003,9.952457e+001
1.945341e+003,9.957315e+001
1.945823e+003,9.963947e+001
1.946305e+003,9.971088e+001
1.946788e+003,9.976723e+001
1.947270e+003,9.979019e+001
1.947752e+003,9.977464e+001
1.948234e+003,9.973609e+001
1.948716e+003,9.970827e+001
1.949198e+003,9.973166e+001
1.949680e+003,9.983677e+001
1.950162e+003,1.000308e+002
1.950645e+003,1.002922e+002
1.951126e+003,1.005775e+002
1.951609e+003,1.008378e+002
1.952091e+003,1.010402e+002
1.952573e+003,1.011783e+002
1.953055e+003,1.012714e+002
1.953537e+003,1.013492e+002
1.954019e+003,1.014345e+002
1.954501e+003,1.015302e+002
1.954983e+003,1.016183e+002
1.955466e+003,1.016688e+002
1.955948e+003,1.016577e+002
1.956430e+003,1.015790e+002
1.956912e+003,1.014492e+002
1.957394e+003,1.012996e+002
1.957876e+003,1.011648e+002
1.958358e+003,1.010702e+002
1.958840e+003,1.010264e+002
1.959323e+003,1.010302e+002
1.959805e+003,1.010728e+002
1.960287e+003,1.011464e+002
1.960769e+003,1.012480e+002
1.961251e+003,1.013738e+002
1.961733e+003,1.015151e+002
1.962215e+003,1.016531e+002
1.962697e+003,1.017640e+002
1.963179e+003,1.018276e+002
1.963662e+003,1.018382e+002
1.964144e+003,1.018067e+002
1.964626e+003,1.017562e+002
1.965108e+003,1.017079e+002
1.965590e+003,1.016707e+002
1.966072e+003,1.016358e+002
1.966554e+003,1.015825e+002
1.967036e+003,1.014897e+002
1.967519e+003,1.013509e+002
1.968001e+003,1.011760e+002
1.968483e+003,1.009844e+002
1.968965e+003,1.007889e+002
1.969447e+003,1.005860e+002
1.969929e+003,1.003541e+002
1.970411e+003,1.000645e+002
1.970893e+003,9.969920e+001
1.971375e+003,9.926641e+001
1.971858e+003,9.880219e+001
1.972340e+003,9.836014e+001
1.972822e+003,9.798996e+001
1.973304e+003,9.772000e+001
1.973786e+003,9.754637e+001
1.974268e+003,9.743668e+001
1.974750e+003,9.734544e+001
1.975232e+003,9.723640e+001
1.975715e+003,9.709708e+001
1.976197e+003,9.694141e+001
1.976679e+003,9.679559e+001
1.977161e+003,9.667925e+001
1.977643e+003,9.659161e+001
1.978125e+003,9.651087e+001
1.978607e+003,9.640782e+001
1.979089e+003,9.626583e+001
1.979572e+003,9.609119e+001
1.980053e+003,9.591195e+001
1.980536e+003,9.576359e+001
1.981018e+003,9.567408e+001
1.981500e+003,9.565156e+001
1.981982e+003,9.568127e+001
1.982464e+003,9.573225e+001
1.982946e+003,9.577142e+001
1.983428e+003,9.577669e+001
1.983910e+003,9.574425e+001
1.984393e+003,9.568492e+001
1.984875e+003,9.561726e+001
1.985357e+003,9.555878e+001
1.985839e+003,9.552194e+001
1.986321e+003,9.551404e+001
1.986803e+003,9.554142e+001
1.987285e+003,9.561213e+001
1.987767e+003,9.573645e+001
1.988250e+003,9.592142e+001
1.988732e+003,9.616516e+001
1.989214e+003,9.645256e+001
1.989696e+003,9.675662e+001
1.990178e+003,9.704572e+001
1.990660e+003,9.729559e+001
1.991142e+003,9.749699e+001
1.991624e+003,9.765823e+001
1.992106e+003,9.779727e+001
1.992589e+003,9.793238e+001
1.993071e+003,9.807375e+001
1.993553e+003,9.822217e+001
1.994035e+003,9.837376e+001
1.994517e+003,9.852693e+001
1.994999e+003,9.868542e+001
1.995481e+003,9.885806e+001
1.995963e+003,9.905157e+001
1.996446e+003,9.926569e+001
1.996928e+003,9.949080e+001
1.997410e+003,9.971173e+001
1.997892e+003,9.991647e+001
1.998374e+003,1.001052e+002
1.998856e+003,1.002911e+002
1.999338e+003,1.004940e+002
1.999820e+003,1.007268e+002
2.000302e+003,1.009836e+002
2.000785e+003,1.012356e+002
2.001267e+003,1.014390e+002
2.001749e+003,1.015515e+002
2.002231e+003,1.015528e+002
2.002713e+003,1.014541e+002
2.003195e+003,1.012946e+002
2.003677e+003,1.011250e+002
2.004159e+003,1.009899e+002
2.004642e+003,1.009118e+002
2.005124e+003,1.008875e+002
2.005606e+003,1.008943e+002
2.006088e+003,1.009051e+002
2.006570e+003,1.009019e+002
2.007052e+003,1.008844e+002
2.007534e+003,1.008636e+002
2.008016e+003,1.008529e+002
2.008499e+003,1.008572e+002
2.008980e+003,1.008697e+002
2.009463e+003,1.008754e+002
2.009945e+003,1.008595e+002
2.010427e+003,1.008120e+002
2.010909e+003,1.007298e+002
2.011391e+003,1.006117e+002
2.011873e+003,1.004549e+002
2.012355e+003,1.002557e+002
2.012837e+003,1.000145e+002
2.013320e+003,9.974320e+001
2.013802e+003,9.946933e+001
2.014284e+003,9.923161e+001
2.014766e+003,9.907072e+001
2.015248e+003,9.901477e+001
2.015730e+003,9.906960e+001
2.016212e+003,9.921459e+001
2.016694e+003,9.940965e+001
2.017177e+003,9.961060e+001
2.017659e+003,9.978790e+001
2.018141e+003,9.993517e+001
2.018623e+003,1.000664e+002
2.019105e+003,1.001996e+002
2.019587e+003,1.003438e+002
2.020069e+003,1.004891e+002
2.020551e+003,1.006110e+002
2.021033e+003,1.006809e+002
2.021516e+003,1.006820e+002
2.021998e+003,1.006154e+002
2.022480e+003,1.004983e+002
2.022962e+003,1.003517e+002
2.023444e+003,1.001905e+002
2.023926e+003,1.000187e+002
2.024408e+003,9.983455e+001
2.024890e+003,9.963945e+001
2.025373e+003,9.944633e+001
2.025855e+003,9.927737e+001
2.026337e+003,9.915532e+001
2.026819e+003,9.908756e+001
2.027301e+003,9.905634e+001
2.027783e+003,9.901846e+001
2.028265e+003,9.891817e+001
2.028747e+003,9.871017e+001
2.029229e+003,9.838199e+001
2.029712e+003,9.796129e+001
2.030194e+003,9.750737e+001
2.030676e+003,9.708923e+001
2.031158e+003,9.676514e+001
2.031640e+003,9.656635e+001
2.032122e+003,9.649204e+001
2.032604e+003,9.651434e+001
2.033086e+003,9.659289e+001
2.033569e+003,9.668826e+001
2.034051e+003,9.677119e+001
2.034533e+003,9.682006e+001
2.035015e+003,9.681791e+001
2.035497e+003,9.674849e+001
2.035979e+003,9.660136e+001
2.036461e+003,9.637849e+001
2.036943e+003,9.610027e+001
2.037426e+003,9.580078e+001
2.037907e+003,9.551836e+001
2.038390e+003,9.528080e+001
2.038872e+003,9.509472e+001
2.039354e+003,9.494279e+001
2.039836e+003,9.479046e+001
2.040318e+003,9.460168e+001
2.040800e+003,9.435737e+001
2.041282e+003,9.406588e+001
2.041764e+003,9.376290e+001
2.042247e+003,9.349728e+001
2.042729e+003,9.331448e+001
2.043211e+003,9.323924e+001
2.043693e+003,9.326649e+001
2.044175e+003,9.336351e+001
2.044657e+003,9.348228e+001
2.045139e+003,9.357655e+001
2.045622e+003,9.361650e+001
2.046104e+003,9.359442e+001
2.046586e+003,9.352335e+001
2.047068e+003,9.343018e+001
2.047550e+003,9.334677e+001
2.048032e+003,9.330089e+001
2.048514e+003,9.331059e+001
2.048996e+003,9.338016e+001
2.049479e+003,9.350170e+001
2.049960e+003,9.365678e+001
2.050443e+003,9.382115e+001
2.050925e+003,9.396904e+001
2.051407e+003,9.407919e+001
2.051889e+003,9.413897e+001
2.052371e+003,9.414844e+001
2.052853e+003,9.411950e+001
2.053335e+003,9.407362e+001
2.053817e+003,9.403542e+001
2.054300e+003,9.402732e+001
2.054782e+003,9.406472e+001
2.055264e+003,9.415410e+001
2.055746e+003,9.429331e+001
2.056228e+003,9.447427e+001
2.056710e+003,9.468423e+001
2.057192e+003,9.490776e+001
2.057674e+003,9.512621e+001
2.058156e+003,9.531904e+001
2.058639e+003,9.546716e+001
2.059121e+003,9.555788e+001
2.059603e+003,9.558992e+001
2.060085e+003,9.557536e+001
2.060567e+003,9.553529e+001
2.061049e+003,9.549272e+001
2.061531e+003,9.546363e+001
2.062013e+003,9.545248e+001
2.062496e+003,9.545263e+001
2.062978e+003,9.545246e+001
2.063460e+003,9.544312e+001
2.063942e+003,9.542538e+001
2.064424e+003,9.541020e+001
2.064906e+003,9.541368e+001
2.065388e+003,9.544735e+001
2.065870e+003,9.551081e+001
2.066353e+003,9.558924e+001
2.066835e+003,9.565801e+001
2.067317e+003,9.569272e+001
2.067799e+003,9.567977e+001
2.068281e+003,9.562188e+001
2.068763e+003,9.553677e+001
2.069245e+003,9.544931e+001
2.069727e+003,9.538206e+001
2.070209e+003,9.534742e+001
2.070692e+003,9.534502e+001
2.071174e+003,9.536440e+001
2.071656e+003,9.539127e+001
2.072138e+003,9.541376e+001
2.072620e+003,9.542609e+001
2.073102e+003,9.542762e+001
2.073584e+003,9.542042e+001
2.074066e+003,9.540611e+001
2.074549e+003,9.538480e+001
2.075031e+003,9.535618e+001
2.075513e+003,9.532152e+001
2.075995e+003,9.528477e+001
2.076477e+003,9.525220e+001
2.076959e+003,9.522997e+001
2.077441e+003,9.522217e+001
2.077923e+003,9.523009e+001
2.078406e+003,9.525341e+001
2.078887e+003,9.529288e+001
2.079370e+003,9.535246e+001
2.079852e+003,9.543886e+001
2.080334e+003,9.555912e+001
2.080816e+003,9.571570e+001
2.081298e+003,9.590343e+001
2.081780e+003,9.610834e+001
2.082262e+003,9.631154e+001
2.082744e+003,9.649514e+001
2.083227e+003,9.664886e+001
2.083709e+003,9.677270e+001
2.084191e+003,9.687543e+001
2.084673e+003,9.696865e+001
2.085155e+003,9.706038e+001
2.085637e+003,9.715118e+001
2.086119e+003,9.723454e+001
2.086601e+003,9.730109e+001
2.087083e+003,9.734498e+001
2.087566e+003,9.736765e+001
2.088048e+003,9.737862e+001
2.088530e+003,9.739137e+001
2.089012e+003,9.741812e+001
2.089494e+003,9.746510e+001
2.089976e+003,9.753093e+001
2.090458e+003,9.760823e+001
2.090940e+003,9.768755e+001
2.091423e+003,9.776099e+001
2.091905e+003,9.782391e+001
2.092387e+003,9.787399e+001
2.092869e+003,9.790956e+001
2.093351e+003,9.792866e+001
2.093833e+003,9.792936e+001
2.094315e+003,9.791219e+001
2.094797e+003,9.788242e+001
2.095280e+003,9.784962e+001
2.095762e+003,9.782513e+001
2.096244e+003,9.781676e+001
2.096726e+003,9.782510e+001
2.097208e+003,9.784191e+001
2.097690e+003,9.785324e+001
2.098172e+003,9.784476e+001
2.098654e+003,9.780831e+001
2.099136e+003,9.774547e+001
2.099619e+003,9.766586e+001
2.100101e+003,9.758205e+001
2.100583e+003,9.750418e+001
2.101065e+003,9.743531e+001
2.101547e+003,9.737146e+001
2.102029e+003,9.730447e+001
2.102511e+003,9.722746e+001
2.102993e+003,9.713873e+001
2.103476e+003,9.704365e+001
2.103958e+003,9.695210e+001
2.104440e+003,9.687481e+001
2.104922e+003,9.681951e+001
2.105404e+003,9.678873e+001
2.105886e+003,9.678029e+001
2.106368e+003,9.678967e+001
2.106850e+003,9.681252e+001
2.107333e+003,9.684668e+001
2.107814e+003,9.689166e+001
2.108297e+003,9.694788e+001
2.108779e+003,9.701506e+001
2.109261e+003,9.709189e+001
2.109743e+003,9.717596e+001
2.110225e+003,9.726482e+001
2.110707e+003,9.735607e+001
2.111189e+003,9.744745e+001
2.111671e+003,9.753587e+001
2.112154e+003,9.761776e+001
2.112636e+003,9.768999e+001
2.113118e+003,9.775224e+001
2.113600e+003,9.780862e+001
2.114082e+003,9.786842e+001
2.114564e+003,9.794335e+001
2.115046e+003,9.804373e+001
2.115528e+003,9.817344e+001
2.116010e+003,9.832774e+001
2.116493e+003,9.849375e+001
2.116975e+003,9.865512e+001
2.117457e+003,9.879833e+001
2.117939e+003,9.891849e+001
2.118421e+003,9.902100e+001
2.118903e+003,9.911961e+001
2.119385e+003,9.922999e+001
2.119867e+003,9.936383e+001
2.120350e+003,9.952492e+001
2.120832e+003,9.970911e+001
2.121314e+003,9.990790e+001
2.121796e+003,1.001133e+002
2.122278e+003,1.003213e+002
2.122760e+003,1.005322e+002
2.123242e+003,1.007483e+002
2.123724e+003,1.009701e+002
2.124207e+003,1.011946e+002
2.124689e+003,1.014155e+002
2.125171e+003,1.016268e+002
2.125653e+003,1.018257e+002
2.126135e+003,1.020140e+002
2.126617e+003,1.021970e+002
2.127099e+003,1.023783e+002
2.127581e+003,1.025574e+002
2.128063e+003,1.027278e+002
2.128546e+003,1.028807e+002
2.129028e+003,1.030100e+002
2.129510e+003,1.031178e+002
2.129992e+003,1.032154e+002
2.130474e+003,1.033196e+002
2.130956e+003,1.034454e+002
2.131438e+003,1.035988e+002
2.131920e+003,1.037739e+002
2.132403e+003,1.039552e+002
2.132885e+003,1.041255e+002
2.133367e+003,1.042751e+002
2.133849e+003,1.044072e+002
2.134331e+003,1.045364e+002
2.134813e+003,1.046798e+002
2.135295e+003,1.048469e+002
2.135777e+003,1.050322e+002
2.136260e+003,1.052158e+002
2.136741e+003,1.053710e+002
2.137224e+003,1.054754e+002
2.137706e+003,1.055185e+002
2.138188e+003,1.055046e+002
2.138670e+003,1.054466e+002
2.139152e+003,1.053594e+002
2.139634e+003,1.052548e+002
2.140116e+003,1.051405e+002
2.140598e+003,1.050235e+002
2.141081e+003,1.049144e+002
2.141563e+003,1.048282e+002
2.142045e+003,1.047812e+002
2.142527e+003,1.047832e+002
2.143009e+003,1.048328e+002
2.143491e+003,1.049150e+002
2.143973e+003,1.050074e+002
2.144455e+003,1.050897e+002
2.144938e+003,1.051540e+002
2.145420e+003,1.052080e+002
2.145902e+003,1.052716e+002
2.146384e+003,1.053652e+002
2.146866e+003,1.055001e+002
2.147348e+003,1.056720e+002
2.147830e+003,1.058649e+002
2.148312e+003,1.060603e+002
2.148794e+003,1.062495e+002
2.149277e+003,1.064370e+002
2.149759e+003,1.066375e+002
2.150241e+003,1.068616e+002
2.150723e+003,1.071043e+002
2.151205e+003,1.073391e+002
2.151687e+003,1.075220e+002
2.152169e+003,1.076068e+002
2.152651e+003,1.075626e+002
2.153134e+003,1.073829e+002
2.153616e+003,1.070844e+002
2.154098e+003,1.066921e+002
2.154580e+003,1.062257e+002
2.155062e+003,1.056928e+002
2.155544e+003,1.050923e+002
2.156026e+003,1.044276e+002
2.156508e+003,1.037203e+002
2.156990e+003,1.030155e+002
2.157473e+003,1.023749e+002
2.157955e+003,1.018551e+002
2.158437e+003,1.014861e+002
2.158919e+003,1.012559e+002
2.159401e+003,1.011113e+002
2.159883e+003,1.009782e+002
2.160365e+003,1.007888e+002
2.160847e+003,1.005005e+002
2.161330e+003,1.001014e+002
2.161812e+003,9.960112e+001
2.162294e+003,9.902285e+001
2.162776e+003,9.839887e+001
2.163258e+003,9.777103e+001
2.163740e+003,9.718867e+001
2.164222e+003,9.670444e+001
2.164704e+003,9.636269e+001
2.165187e+003,9.618905e+001
2.165668e+003,9.618012e+001
2.166151e+003,9.630270e+001
2.166633e+003,9.649945e+001
2.167115e+003,9.670310e+001
2.167597e+003,9.685522e+001
2.168079e+003,9.692294e+001
2.168561e+003,9.690586e+001
2.169043e+003,9.683128e+001
2.169525e+003,9.673966e+001
2.170008e+003,9.667049e+001
2.170490e+003,9.665074e+001
2.170972e+003,9.669144e+001
2.171454e+003,9.678981e+001
2.171936e+003,9.693543e+001
2.172418e+003,9.711450e+001
2.172900e+003,9.731312e+001
2.173382e+003,9.751480e+001
2.173865e+003,9.769877e+001
2.174347e+003,9.784106e+001
2.174829e+003,9.791982e+001
2.175311e+003,9.792281e+001
2.175793e+003,9.785403e+001
2.176275e+003,9.773266e+001
2.176757e+003,9.758660e+001
2.177239e+003,9.744196e+001
2.177721e+003,9.731591e+001
2.178204e+003,9.721387e+001
2.178686e+003,9.713329e+001
2.179168e+003,9.706904e+001
2.179650e+003,9.701907e+001
2.180132e+003,9.698454e+001
2.180614e+003,9.696763e+001
2.181096e+003,9.696539e+001
2.181578e+003,9.696772e+001
2.182061e+003,9.695965e+001
2.182543e+003,9.692763e+001
2.183025e+003,9.686668e+001
2.183507e+003,9.678369e+001
2.183989e+003,9.669278e+001
2.184471e+003,9.660699e+001
2.184953e+003,9.652897e+001
2.185435e+003,9.644881e+001
2.185917e+003,9.634892e+001
2.186400e+003,9.621497e+001
2.186882e+003,9.604771e+001
2.187364e+003,9.586747e+001
2.187846e+003,9.570886e+001
2.188328e+003,9.560828e+001
2.188810e+003,9.558810e+001
2.189292e+003,9.564815e+001
2.189774e+003,9.576525e+001
2.190257e+003,9.590327e+001
2.190739e+003,9.602720e+001
2.191221e+003,9.611697e+001
2.191703e+003,9.617046e+001
2.192185e+003,9.619872e+001
2.192667e+003,9.621365e+001
2.193149e+003,9.621822e+001
2.193631e+003,9.620340e+001
2.194114e+003,9.615491e+001
2.194595e+003,9.606460e+001
2.195078e+003,9.594085e+001
2.195560e+003,9.581013e+001
2.196042e+003,9.570939e+001
2.196524e+003,9.567150e+001
2.197006e+003,9.571259e+001
2.197488e+003,9.582590e+001
2.197970e+003,9.598557e+001
2.198452e+003,9.615844e+001
2.198935e+003,9.631855e+001
2.199417e+003,9.645558e+001
2.199899e+003,9.657499e+001
2.200381e+003,9.668798e+001
2.200863e+003,9.680092e+001
2.201345e+003,9.690790e+001
2.201827e+003,9.699194e+001
2.202309e+003,9.703326e+001
2.202792e+003,9.702117e+001
2.203274e+003,9.696068e+001
2.203756e+003,9.687254e+001
2.204238e+003,9.678386e+001
2.204720e+003,9.671786e+001
2.205202e+003,9.668501e+001
2.205684e+003,9.668221e+001
2.206166e+003,9.669737e+001
2.206648e+003,9.671856e+001
2.207131e+003,9.674006e+001
2.207613e+003,9.676455e+001
2.208095e+003,9.679758e+001
2.208577e+003,9.684148e+001
2.209059e+003,9.688984e+001
2.209541e+003,9.692782e+001
2.210023e+003,9.693718e+001
2.210505e+003,9.690479e+001
2.210988e+003,9.682773e+001
2.211470e+003,9.671486e+001
2.211952e+003,9.658134e+001
2.212434e+003,9.644283e+001
2.212916e+003,9.631028e+001
2.213398e+003,9.618901e+001
2.213880e+003,9.608131e+001
2.214362e+003,9.599110e+001
2.214844e+003,9.592558e+001
2.215327e+003,9.589413e+001
2.215809e+003,9.590308e+001
2.216291e+003,9.595052e+001
2.216773e+003,9.602409e+001
2.217255e+003,9.610352e+001
2.217737e+003,9.616756e+001
2.218219e+003,9.620296e+001
2.218701e+003,9.620940e+001
2.219184e+003,9.619987e+001
2.219666e+003,9.619389e+001
2.220148e+003,9.620933e+001
2.220630e+003,9.625515e+001
2.221112e+003,9.632889e+001
2.221594e+003,9.641874e+001
2.222076e+003,9.650989e+001
2.222558e+003,9.658936e+001
2.223041e+003,9.664970e+001
2.223522e+003,9.668806e+001
2.224005e+003,9.670339e+001
2.224487e+003,9.669426e+001
2.224969e+003,9.665868e+001
2.225451e+003,9.659611e+001
2.225933e+003,9.651056e+001
2.226415e+003,9.641071e+001
2.226897e+003,9.630843e+001
2.227379e+003,9.621392e+001
2.227862e+003,9.613197e+001
2.228344e+003,9.606014e+001
2.228826e+003,9.599043e+001
2.229308e+003,9.591422e+001
2.229790e+003,9.582744e+001
2.230272e+003,9.573259e+001
2.230754e+003,9.563916e+001
2.231236e+003,9.555955e+001
2.231719e+003,9.550406e+001
2.232201e+003,9.547670e+001
2.232683e+003,9.547372e+001
2.233165e+003,9.548567e+001
2.233647e+003,9.550147e+001
2.234129e+003,9.551265e+001
2.234611e+003,9.551537e+001
2.235093e+003,9.550922e+001
2.235575e+003,9.549552e+001
2.236058e+003,9.547517e+001
2.236540e+003,9.544857e+001
2.237022e+003,9.541701e+001
2.237504e+003,9.538442e+001
2.237986e+003,9.535740e+001
2.238468e+003,9.534296e+001
2.238950e+003,9.534508e+001
2.239432e+003,9.536159e+001
2.239915e+003,9.538327e+001
2.240397e+003,9.539728e+001
2.240879e+003,9.539231e+001
2.241361e+003,9.536502e+001
2.241843e+003,9.532183e+001
2.242325e+003,9.527738e+001
2.242807e+003,9.524802e+001
2.243289e+003,9.524476e+001
2.243771e+003,9.526883e+001
2.244254e+003,9.531084e+001
2.244736e+003,9.535590e+001
2.245218e+003,9.539042e+001
2.245700e+003,9.540802e+001
2.246182e+003,9.541170e+001
2.246664e+003,9.541083e+001
2.247146e+003,9.541548e+001
2.247628e+003,9.543123e+001
2.248111e+003,9.545684e+001
2.248593e+003,9.548570e+001
2.249075e+003,9.551067e+001
2.249557e+003,9.552864e+001
2.250039e+003,9.554215e+001
2.250521e+003,9.555762e+001
2.251003e+003,9.558037e+001
2.251485e+003,9.561026e+001
2.251968e+003,9.563964e+001
2.252449e+003,9.565582e+001
2.252932e+003,9.564645e+001
2.253414e+003,9.560538e+001
2.253896e+003,9.553618e+001
2.254378e+003,9.545111e+001
2.254860e+003,9.536620e+001
2.255342e+003,9.529532e+001
2.255824e+003,9.524474e+001
2.256306e+003,9.521246e+001
2.256789e+003,9.519034e+001
2.257271e+003,9.516853e+001
2.257753e+003,9.514017e+001
2.258235e+003,9.510271e+001
2.258717e+003,9.505759e+001
2.259199e+003,9.500768e+001
2.259681e+003,9.495453e+001
2.260163e+003,9.489759e+001
2.260646e+003,9.483461e+001
2.261128e+003,9.476429e+001
2.261610e+003,9.468767e+001
2.262092e+003,9.460914e+001
2.262574e+003,9.453546e+001
2.263056e+003,9.447368e+001
2.263538e+003,9.442914e+001
2.264020e+003,9.440405e+001
2.264502e+003,9.439773e+001
2.264985e+003,9.440752e+001
2.265467e+003,9.442970e+001
2.265949e+003,9.446004e+001
2.266431e+003,9.449351e+001
2.266913e+003,9.452425e+001
2.267395e+003,9.454572e+001
2.267877e+003,9.455198e+001
2.268359e+003,9.453937e+001
2.268842e+003,9.450764e+001
2.269324e+003,9.446031e+001
2.269806e+003,9.440313e+001
2.270288e+003,9.434203e+001
2.270770e+003,9.428094e+001
2.271252e+003,9.422066e+001
2.271734e+003,9.415945e+001
2.272216e+003,9.409454e+001
2.272698e+003,9.402426e+001
2.273181e+003,9.394900e+001
2.273663e+003,9.387122e+001
2.274145e+003,9.379391e+001
2.274627e+003,9.371942e+001
2.275109e+003,9.364818e+001
2.275591e+003,9.357909e+001
2.276073e+003,9.351094e+001
2.276555e+003,9.344380e+001
2.277038e+003,9.338000e+001
2.277520e+003,9.332406e+001
2.278002e+003,9.328070e+001
2.278484e+003,9.325376e+001
2.278966e+003,9.324397e+001
2.279448e+003,9.324928e+001
2.279930e+003,9.326551e+001
2.280412e+003,9.328778e+001
2.280895e+003,9.331242e+001
2.281376e+003,9.333704e+001
2.281859e+003,9.336034e+001
2.282341e+003,9.338171e+001
2.282823e+003,9.340034e+001
2.283305e+003,9.341573e+001
2.283787e+003,9.342849e+001
2.284269e+003,9.344089e+001
2.284751e+003,9.345774e+001
2.285233e+003,9.348541e+001
2.285716e+003,9.352988e+001
2.286198e+003,9.359478e+001
2.286680e+003,9.367942e+001
2.287162e+003,9.377868e+001
2.287644e+003,9.388441e+001
2.288126e+003,9.398801e+001
2.288608e+003,9.408333e+001
2.289090e+003,9.416858e+001
2.289573e+003,9.424661e+001
2.290055e+003,9.432358e+001
2.290537e+003,9.440666e+001
2.291019e+003,9.450206e+001
2.291501e+003,9.461342e+001
2.291983e+003,9.474184e+001
2.292465e+003,9.488624e+001
2.292947e+003,9.504408e+001
2.293429e+003,9.521188e+001
2.293912e+003,9.538513e+001
2.294394e+003,9.555798e+001
2.294876e+003,9.572375e+001
2.295358e+003,9.587582e+001
2.295840e+003,9.600924e+001
2.296322e+003,9.612226e+001
2.296804e+003,9.621725e+001
2.297286e+003,9.630000e+001
2.297769e+003,9.637817e+001
2.298251e+003,9.645885e+001
2.298733e+003,9.654623e+001
2.299215e+003,9.664105e+001
2.299697e+003,9.673988e+001
2.300179e+003,9.683711e+001
2.300661e+003,9.692699e+001
2.301143e+003,9.700488e+001
2.301625e+003,9.706924e+001
2.302108e+003,9.712117e+001
2.302590e+003,9.716448e+001
2.303072e+003,9.720474e+001
2.303554e+003,9.724831e+001
2.304036e+003,9.730159e+001
2.304518e+003,9.736941e+001
2.305000e+003,9.745443e+001
2.305482e+003,9.755602e+001
2.305965e+003,9.766994e+001
2.306447e+003,9.778974e+001
2.306929e+003,9.790813e+001
2.307411e+003,9.801942e+001
2.307893e+003,9.812136e+001
2.308375e+003,9.821503e+001
2.308857e+003,9.830318e+001
2.309339e+003,9.838793e+001
2.309822e+003,9.846815e+001
2.310303e+003,9.853871e+001
2.310786e+003,9.859232e+001
2.311268e+003,9.862234e+001
2.311750e+003,9.862663e+001
2.312232e+003,9.860905e+001
2.312714e+003,9.857881e+001
2.313196e+003,9.854738e+001
2.313678e+003,9.852368e+001
2.314160e+003,9.851052e+001
2.314643e+003,9.850426e+001
2.315125e+003,9.849526e+001
2.315607e+003,9.847301e+001
2.316089e+003,9.843042e+001
2.316571e+003,9.836596e+001
2.317053e+003,9.828459e+001
2.317535e+003,9.819593e+001
2.318017e+003,9.811124e+001
2.318500e+003,9.804154e+001
2.318982e+003,9.799620e+001
2.319464e+003,9.798338e+001
2.319946e+003,9.800904e+001
2.320428e+003,9.807693e+001
2.320910e+003,9.818718e+001
2.321392e+003,9.833369e+001
2.321874e+003,9.850340e+001
2.322356e+003,9.867626e+001
2.322839e+003,9.883071e+001
2.323321e+003,9.894876e+001
2.323803e+003,9.902206e+001
2.324285e+003,9.905376e+001
2.324767e+003,9.905614e+001
2.325249e+003,9.904461e+001
2.325731e+003,9.903136e+001
2.326213e+003,9.902177e+001
2.326696e+003,9.901544e+001
2.327178e+003,9.900826e+001
2.327660e+003,9.899693e+001
2.328142e+003,9.897939e+001
2.328624e+003,9.895633e+001
2.329106e+003,9.892953e+001
2.329588e+003,9.890237e+001
2.330070e+003,9.887955e+001
2.330552e+003,9.886613e+001
2.331035e+003,9.886633e+001
2.331517e+003,9.888074e+001
2.331999e+003,9.890390e+001
2.332481e+003,9.892334e+001
2.332963e+003,9.891862e+001
2.333445e+003,9.886737e+001
2.333927e+003,9.875538e+001
2.334409e+003,9.858449e+001
2.334892e+003,9.837419e+001
2.335374e+003,9.815033e+001
2.335856e+003,9.793056e+001
2.336338e+003,9.771174e+001
2.336820e+003,9.746489e+001
2.337302e+003,9.714839e+001
2.337784e+003,9.673065e+001
2.338266e+003,9.621341e+001
2.338749e+003,9.563905e+001
2.339230e+003,9.508442e+001
2.339713e+003,9.463952e+001
2.340195e+003,9.438132e+001
2.340677e+003,9.434447e+001
2.341159e+003,9.450574e+001
2.341641e+003,9.479706e+001
2.342123e+003,9.514468e+001
2.342605e+003,9.550193e+001
2.343087e+003,9.585592e+001
2.343570e+003,9.621469e+001
2.344052e+003,9.659851e+001
2.344534e+003,9.701559e+001
2.345016e+003,9.744340e+001
2.345498e+003,9.783157e+001
2.345980e+003,9.813685e+001
2.346462e+003,9.834713e+001
2.346944e+003,9.848226e+001
2.347427e+003,9.857164e+001
2.347909e+003,9.863727e+001
2.348391e+003,9.868901e+001
2.348873e+003,9.872858e+001
2.349355e+003,9.875600e+001
2.349837e+003,9.877715e+001
2.350319e+003,9.880798e+001
2.350801e+003,9.887317e+001
2.351283e+003,9.899879e+001
2.351766e+003,9.920180e+001
2.352248e+003,9.947983e+001
2.352730e+003,9.980656e+001
2.353212e+003,1.001332e+002
2.353694e+003,1.004054e+002
2.354176e+003,1.005904e+002
2.354658e+003,1.006900e+002
2.355140e+003,1.007320e+002
2.355623e+003,1.007403e+002
2.356105e+003,1.007008e+002
2.356587e+003,1.005458e+002
2.357069e+003,1.002014e+002
2.357551e+003,9.968121e+001
2.358033e+003,9.913461e+001
2.358515e+003,9.878814e+001
2.358997e+003,9.878689e+001
2.359479e+003,9.905122e+001
2.359962e+003,9.928195e+001
2.360444e+003,9.921703e+001
2.360926e+003,9.883784e+001
2.361408e+003,9.831037e+001
2.361890e+003,9.781302e+001
2.362372e+003,9.745368e+001
2.362854e+003,9.725507e+001
2.363336e+003,9.715493e+001
2.363819e+003,9.706744e+001
2.364301e+003,9.694427e+001
2.364783e+003,9.679274e+001
2.365265e+003,9.663941e+001
2.365747e+003,9.651183e+001
2.366229e+003,9.642542e+001
2.366711e+003,9.637965e+001
2.367193e+003,9.635799e+001
2.367676e+003,9.633430e+001
2.368157e+003,9.628948e+001
2.368640e+003,9.621567e+001
2.369122e+003,9.611843e+001
2.369604e+003,9.600903e+001
2.370086e+003,9.589960e+001
2.370568e+003,9.579638e+001
2.371050e+003,9.569743e+001
2.371532e+003,9.559215e+001
2.372014e+003,9.546642e+001
2.372497e+003,9.530967e+001
2.372979e+003,9.511971e+001
2.373461e+003,9.490442e+001
2.373943e+003,9.468059e+001
2.374425e+003,9.446830e+001
2.374907e+003,9.428622e+001
2.375389e+003,9.414672e+001
2.375872e+003,9.405583e+001
2.376354e+003,9.401508e+001
2.376836e+003,9.402295e+001
2.377318e+003,9.407944e+001
2.377800e+003,9.418663e+001
2.378282e+003,9.434634e+001
2.378764e+003,9.455818e+001
2.379246e+003,9.481650e+001
2.379729e+003,9.510960e+001
2.380210e+003,9.542124e+001
2.380693e+003,9.573381e+001
2.381175e+003,9.603149e+001
2.381657e+003,9.630264e+001
2.382139e+003,9.654067e+001
2.382621e+003,9.674332e+001
2.383103e+003,9.691136e+001
2.383585e+003,9.704736e+001
2.384067e+003,9.715501e+001
2.384550e+003,9.723947e+001
2.385032e+003,9.730710e+001
2.385514e+003,9.736526e+001
2.385996e+003,9.742086e+001
2.386478e+003,9.747913e+001
2.386960e+003,9.754166e+001
2.387442e+003,9.760644e+001
2.387924e+003,9.766882e+001
2.388406e+003,9.772381e+001
2.388889e+003,9.776830e+001
2.389371e+003,9.780286e+001
2.389853e+003,9.783115e+001
2.390335e+003,9.785867e+001
2.390817e+003,9.789030e+001
2.391299e+003,9.792860e+001
2.391781e+003,9.797286e+001
2.392263e+003,9.802017e+001
2.392746e+003,9.806699e+001
2.393228e+003,9.811090e+001
2.393710e+003,9.815132e+001
2.394192e+003,9.818929e+001
2.394674e+003,9.822604e+001
2.395156e+003,9.826188e+001
2.395638e+003,9.829540e+001
2.396120e+003,9.832401e+001
2.396603e+003,9.834498e+001
2.397085e+003,9.835634e+001
2.397567e+003,9.835765e+001
2.398049e+003,9.835017e+001
2.398531e+003,9.833561e+001
2.399013e+003,9.831573e+001
2.399495e+003,9.829181e+001
2.399977e+003,9.826487e+001
2.400459e+003,9.823430e+001
2.400942e+003,9.820610e+001
2.401424e+003,9.818233e+001
2.401906e+003,9.816356e+001
2.402388e+003,9.814874e+001
2.402870e+003,9.813597e+001
2.403352e+003,9.812315e+001
2.403834e+003,9.810873e+001
2.404316e+003,9.809222e+001
2.404799e+003,9.807395e+001
2.405281e+003,9.805500e+001
2.405763e+003,9.803689e+001
2.406245e+003,9.802130e+001
2.406727e+003,9.801022e+001
2.407209e+003,9.800533e+001
2.407691e+003,9.800751e+001
2.408173e+003,9.801629e+001
2.408656e+003,9.802922e+001
2.409137e+003,9.804205e+001
2.409620e+003,9.804974e+001
2.410102e+003,9.804787e+001
2.410584e+003,9.803419e+001
2.411066e+003,9.800951e+001
2.411548e+003,9.797723e+001
2.412030e+003,9.794196e+001
2.412512e+003,9.790787e+001
2.412994e+003,9.787708e+001
2.413477e+003,9.784972e+001
2.413959e+003,9.782449e+001
2.414441e+003,9.780038e+001
2.414923e+003,9.777788e+001
2.415405e+003,9.775948e+001
2.415887e+003,9.774861e+001
2.416369e+003,9.774812e+001
2.416851e+003,9.775854e+001
2.417333e+003,9.777751e+001
2.417816e+003,9.780043e+001
2.418298e+003,9.782182e+001
2.418780e+003,9.783717e+001
2.419262e+003,9.784402e+001
2.419744e+003,9.784185e+001
2.420226e+003,9.783133e+001
2.420708e+003,9.781310e+001
2.421190e+003,9.778749e+001
2.421673e+003,9.775462e+001
2.422155e+003,9.771558e+001
2.422637e+003,9.767326e+001
2.423119e+003,9.763222e+001
2.423601e+003,9.759779e+001
2.424083e+003,9.757425e+001
2.424565e+003,9.756329e+001
2.425047e+003,9.756335e+001
2.425530e+003,9.757038e+001
2.426012e+003,9.757956e+001
2.426494e+003,9.758704e+001
2.426976e+003,9.759109e+001
2.427458e+003,9.759180e+001
2.427940e+003,9.758977e+001
2.428422e+003,9.758471e+001
2.428904e+003,9.757479e+001
2.429386e+003,9.755738e+001
2.429869e+003,9.753048e+001
2.430351e+003,9.749471e+001
2.430833e+003,9.745402e+001
2.431315e+003,9.741512e+001
2.431797e+003,9.738539e+001
2.432279e+003,9.737040e+001
2.432761e+003,9.737209e+001
2.433243e+003,9.738831e+001
2.433726e+003,9.741389e+001
2.434208e+003,9.744242e+001
2.434690e+003,9.746812e+001
2.435172e+003,9.748698e+001
2.435654e+003,9.749660e+001
2.436136e+003,9.749564e+001
2.436618e+003,9.748339e+001
2.437100e+003,9.745986e+001
2.437583e+003,9.742629e+001
2.438064e+003,9.738567e+001
2.438547e+003,9.734269e+001
2.439029e+003,9.730270e+001
2.439511e+003,9.726982e+001
2.439993e+003,9.724551e+001
2.440475e+003,9.722787e+001
2.440957e+003,9.721246e+001
2.441439e+003,9.719429e+001
2.441921e+003,9.717006e+001
2.442404e+003,9.713973e+001
2.442886e+003,9.710650e+001
2.443368e+003,9.707538e+001
2.443850e+003,9.705089e+001
2.444332e+003,9.703542e+001
2.444814e+003,9.702833e+001
2.445296e+003,9.702654e+001
2.445778e+003,9.702597e+001
2.446260e+003,9.702303e+001
2.446743e+003,9.701527e+001
2.447225e+003,9.700130e+001
2.447707e+003,9.698022e+001
2.448189e+003,9.695105e+001
2.448671e+003,9.691310e+001
2.449153e+003,9.686648e+001
2.449635e+003,9.681319e+001
2.450117e+003,9.675722e+001
2.450600e+003,9.670404e+001
2.451082e+003,9.665900e+001
2.451564e+003,9.662572e+001
2.452046e+003,9.660513e+001
2.452528e+003,9.659559e+001
2.453010e+003,9.659410e+001
2.453492e+003,9.659804e+001
2.453974e+003,9.660629e+001
2.454457e+003,9.661963e+001
2.454939e+003,9.663956e+001
2.455421e+003,9.666717e+001
2.455903e+003,9.670199e+001
2.456385e+003,9.674166e+001
2.456867e+003,9.678306e+001
2.457349e+003,9.682346e+001
2.457831e+003,9.686166e+001
2.458313e+003,9.689806e+001
2.458796e+003,9.693366e+001
2.459278e+003,9.696877e+001
2.459760e+003,9.700204e+001
2.460242e+003,9.703030e+001
2.460724e+003,9.704967e+001
2.461206e+003,9.705742e+001
2.461688e+003,9.705316e+001
2.462170e+003,9.703957e+001
2.462653e+003,9.702131e+001
2.463135e+003,9.700372e+001
2.463617e+003,9.699107e+001
2.464099e+003,9.698573e+001
2.464581e+003,9.698804e+001
2.465063e+003,9.699716e+001
2.465545e+003,9.701192e+001
2.466027e+003,9.703114e+001
2.466510e+003,9.705349e+001
2.466992e+003,9.707697e+001
2.467474e+003,9.709847e+001
2.467956e+003,9.711420e+001
2.468438e+003,9.712077e+001
2.468920e+003,9.711656e+001
2.469402e+003,9.710278e+001
2.469884e+003,9.708371e+001
2.470366e+003,9.706543e+001
2.470849e+003,9.705418e+001
2.471331e+003,9.705434e+001
2.471813e+003,9.706730e+001
2.472295e+003,9.709106e+001
2.472777e+003,9.712109e+001
2.473259e+003,9.715150e+001
2.473741e+003,9.717661e+001
2.474223e+003,9.719176e+001
2.474706e+003,9.719400e+001
2.475188e+003,9.718253e+001
2.475670e+003,9.715871e+001
2.476152e+003,9.712596e+001
2.476634e+003,9.708942e+001
2.477116e+003,9.705495e+001
2.477598e+003,9.702785e+001
2.478080e+003,9.701156e+001
2.478563e+003,9.700685e+001
2.479044e+003,9.701170e+001
2.479527e+003,9.702235e+001
2.480009e+003,9.703480e+001
2.480491e+003,9.704632e+001
2.480973e+003,9.705615e+001
2.481455e+003,9.706541e+001
2.481937e+003,9.707584e+001
2.482419e+003,9.708851e+001
2.482901e+003,9.710309e+001
2.483384e+003,9.711771e+001
2.483866e+003,9.712976e+001
2.484348e+003,9.713708e+001
2.484830e+003,9.713861e+001
2.485312e+003,9.713451e+001
2.485794e+003,9.712558e+001
2.486276e+003,9.711242e+001
2.486758e+003,9.709512e+001
2.487240e+003,9.707337e+001
2.487723e+003,9.704728e+001
2.488205e+003,9.701824e+001
2.488687e+003,9.698904e+001
2.489169e+003,9.696349e+001
2.489651e+003,9.694498e+001
2.490133e+003,9.693549e+001
2.490615e+003,9.693477e+001
2.491097e+003,9.694070e+001
2.491580e+003,9.695036e+001
2.492062e+003,9.696157e+001
2.492544e+003,9.697359e+001
2.493026e+003,9.698730e+001
2.493508e+003,9.700418e+001
2.493990e+003,9.702491e+001
2.494472e+003,9.704853e+001
2.494954e+003,9.707217e+001
2.495437e+003,9.709195e+001
2.495919e+003,9.710424e+001
2.496401e+003,9.710696e+001
2.496883e+003,9.710021e+001
2.497365e+003,9.708602e+001
2.497847e+003,9.706754e+001
2.498329e+003,9.704829e+001
2.498811e+003,9.703152e+001
2.499293e+003,9.701981e+001
2.499776e+003,9.701514e+001
2.500258e+003,9.701862e+001
2.500740e+003,9.703021e+001
2.501222e+003,9.704842e+001
2.501704e+003,9.707008e+001
2.502186e+003,9.709084e+001
2.502668e+003,9.710602e+001
2.503150e+003,9.711194e+001
2.503633e+003,9.710683e+001
2.504115e+003,9.709114e+001
2.504597e+003,9.706719e+001
2.505079e+003,9.703821e+001
2.505561e+003,9.700730e+001
2.506043e+003,9.697725e+001
2.506525e+003,9.695046e+001
2.507007e+003,9.692948e+001
2.507490e+003,9.691708e+001
2.507971e+003,9.691578e+001
2.508454e+003,9.692679e+001
2.508936e+003,9.694889e+001
2.509418e+003,9.697793e+001
2.509900e+003,9.700746e+001
2.510382e+003,9.703055e+001
2.510864e+003,9.704189e+001
2.511346e+003,9.703980e+001
2.511828e+003,9.702650e+001
2.512311e+003,9.700703e+001
2.512793e+003,9.698690e+001
2.513275e+003,9.697004e+001
2.513757e+003,9.695743e+001
2.514239e+003,9.694746e+001
2.514721e+003,9.693739e+001
2.515203e+003,9.692521e+001
2.515685e+003,9.691090e+001
2.516167e+003,9.689644e+001
2.516650e+003,9.688469e+001
2.517132e+003,9.687766e+001
2.517614e+003,9.687560e+001
2.518096e+003,9.687679e+001
2.518578e+003,9.687840e+001
2.519060e+003,9.687791e+001
2.519542e+003,9.687411e+001
2.520024e+003,9.686736e+001
2.520507e+003,9.685872e+001
2.520989e+003,9.684904e+001
2.521471e+003,9.683845e+001
2.521953e+003,9.682623e+001
2.522435e+003,9.681190e+001
2.522917e+003,9.679604e+001
2.523399e+003,9.678075e+001
2.523881e+003,9.676918e+001
2.524364e+003,9.676421e+001
2.524846e+003,9.676699e+001
2.525328e+003,9.677647e+001
2.525810e+003,9.678946e+001
2.526292e+003,9.680199e+001
2.526774e+003,9.681093e+001
2.527256e+003,9.681512e+001
2.527738e+003,9.681537e+001
2.528220e+003,9.681359e+001
2.528703e+003,9.681139e+001
2.529185e+003,9.680927e+001
2.529667e+003,9.680637e+001
2.530149e+003,9.680128e+001
2.530631e+003,9.679305e+001
2.531113e+003,9.678199e+001
2.531595e+003,9.676949e+001
2.532077e+003,9.675723e+001
2.532560e+003,9.674608e+001
2.533042e+003,9.673546e+001
2.533524e+003,9.672343e+001
2.534006e+003,9.670773e+001
2.534488e+003,9.668695e+001
2.534970e+003,9.666135e+001
2.535452e+003,9.663278e+001
2.535934e+003,9.660381e+001
2.536417e+003,9.657668e+001
2.536898e+003,9.655263e+001
2.537381e+003,9.653193e+001
2.537863e+003,9.651455e+001
2.538345e+003,9.650114e+001
2.538827e+003,9.649318e+001
2.539309e+003,9.649286e+001
2.539791e+003,9.650168e+001
2.540273e+003,9.651935e+001
2.540755e+003,9.654330e+001
2.541238e+003,9.656910e+001
2.541720e+003,9.659181e+001
2.542202e+003,9.660757e+001
2.542684e+003,9.661470e+001
2.543166e+003,9.661381e+001
2.543648e+003,9.660686e+001
2.544130e+003,9.659592e+001
2.544612e+003,9.658240e+001
2.545094e+003,9.656684e+001
2.545577e+003,9.654966e+001
2.546059e+003,9.653198e+001
2.546541e+003,9.651601e+001
2.547023e+003,9.650463e+001
2.547505e+003,9.650019e+001
2.547987e+003,9.650328e+001
2.548469e+003,9.651221e+001
2.548951e+003,9.652338e+001
2.549434e+003,9.653284e+001
2.549916e+003,9.653777e+001
2.550398e+003,9.653759e+001
2.550880e+003,9.653390e+001
2.551362e+003,9.652937e+001
2.551844e+003,9.652611e+001
2.552326e+003,9.652461e+001
2.552808e+003,9.652357e+001
2.553291e+003,9.652055e+001
2.553773e+003,9.651346e+001
2.554255e+003,9.650147e+001
2.554737e+003,9.648504e+001
2.555219e+003,9.646524e+001
2.555701e+003,9.644270e+001
2.556183e+003,9.641702e+001
2.556665e+003,9.638692e+001
2.557147e+003,9.635144e+001
2.557630e+003,9.631118e+001
2.558112e+003,9.626916e+001
2.558594e+003,9.623040e+001
2.559076e+003,9.620036e+001
2.559558e+003,9.618304e+001
2.560040e+003,9.617942e+001
2.560522e+003,9.618717e+001
2.561004e+003,9.620145e+001
2.561487e+003,9.621671e+001
2.561969e+003,9.622850e+001
2.562451e+003,9.623439e+001
2.562933e+003,9.623386e+001
2.563415e+003,9.622744e+001
2.563897e+003,9.621584e+001
2.564379e+003,9.619921e+001
2.564861e+003,9.617779e+001
2.565344e+003,9.615226e+001
2.565825e+003,9.612464e+001
2.566308e+003,9.609818e+001
2.566790e+003,9.607637e+001
2.567272e+003,9.606168e+001
2.567754e+003,9.605450e+001
2.568236e+003,9.605273e+001
2.568718e+003,9.605251e+001
2.569200e+003,9.604968e+001
2.569682e+003,9.604115e+001
2.570165e+003,9.602583e+001
2.570647e+003,9.600442e+001
2.571129e+003,9.597878e+001
2.571611e+003,9.595077e+001
2.572093e+003,9.592151e+001
2.572575e+003,9.589132e+001
2.573057e+003,9.586042e+001
2.573539e+003,9.582938e+001
2.574021e+003,9.579966e+001
2.574504e+003,9.577330e+001
2.574986e+003,9.575240e+001
2.575468e+003,9.573814e+001
2.575950e+003,9.573058e+001
2.576432e+003,9.572849e+001
2.576914e+003,9.572990e+001
2.577396e+003,9.573271e+001
2.577878e+003,9.573505e+001
2.578361e+003,9.573542e+001
2.578843e+003,9.573238e+001
2.579325e+003,9.572435e+001
2.579807e+003,9.570975e+001
2.580289e+003,9.568716e+001
2.580771e+003,9.565600e+001
2.581253e+003,9.561682e+001
2.581735e+003,9.557142e+001
2.582218e+003,9.552249e+001
2.582700e+003,9.547291e+001
2.583182e+003,9.542549e+001
2.583664e+003,9.538251e+001
2.584146e+003,9.534601e+001
2.584628e+003,9.531753e+001
2.585110e+003,9.529837e+001
2.585592e+003,9.528907e+001
2.586074e+003,9.528886e+001
2.586557e+003,9.529543e+001
2.587039e+003,9.530497e+001
2.587521e+003,9.531309e+001
2.588003e+003,9.531596e+001
2.588485e+003,9.531165e+001
2.588967e+003,9.530090e+001
2.589449e+003,9.528679e+001
2.589931e+003,9.527370e+001
2.590414e+003,9.526563e+001
2.590896e+003,9.526497e+001
2.591378e+003,9.527163e+001
2.591860e+003,9.528334e+001
2.592342e+003,9.529657e+001
2.592824e+003,9.530769e+001
2.593306e+003,9.531396e+001
2.593788e+003,9.531398e+001
2.594271e+003,9.530750e+001
2.594752e+003,9.529506e+001
2.595235e+003,9.527748e+001
2.595717e+003,9.525570e+001
2.596199e+003,9.523062e+001
2.596681e+003,9.520319e+001
2.597163e+003,9.517455e+001
2.597645e+003,9.514562e+001
2.598127e+003,9.511710e+001
2.598609e+003,9.508932e+001
2.599092e+003,9.506226e+001
2.599574e+003,9.503571e+001
2.600056e+003,9.500957e+001
2.600538e+003,9.498387e+001
2.601020e+003,9.495881e+001
2.601502e+003,9.493448e+001
2.601984e+003,9.491070e+001
2.602466e+003,9.488725e+001
2.602948e+003,9.486389e+001
2.603431e+003,9.484099e+001
2.603913e+003,9.481950e+001
2.604395e+003,9.480109e+001
2.604877e+003,9.478744e+001
2.605359e+003,9.477962e+001
2.605841e+003,9.477750e+001
2.606323e+003,9.477965e+001
2.606805e+003,9.478352e+001
2.607288e+003,9.478644e+001
2.607770e+003,9.478616e+001
2.608252e+003,9.478159e+001
2.608734e+003,9.477277e+001
2.609216e+003,9.476076e+001
2.609698e+003,9.474683e+001
2.610180e+003,9.473241e+001
2.610662e+003,9.471870e+001
2.611145e+003,9.470673e+001
2.611627e+003,9.469741e+001
2.612109e+003,9.469135e+001
2.612591e+003,9.468864e+001
2.613073e+003,9.468834e+001
2.613555e+003,9.468851e+001
2.614037e+003,9.468652e+001
2.614519e+003,9.467975e+001
2.615001e+003,9.466664e+001
2.615484e+003,9.464742e+001
2.615966e+003,9.462422e+001
2.616448e+003,9.460045e+001
2.616930e+003,9.457969e+001
2.617412e+003,9.456441e+001
2.617894e+003,9.455524e+001
2.618376e+003,9.455091e+001
2.618858e+003,9.454873e+001
2.619341e+003,9.454588e+001
2.619823e+003,9.454018e+001
2.620305e+003,9.453088e+001
2.620787e+003,9.451836e+001
2.621269e+003,9.450382e+001
2.621751e+003,9.448860e+001
2.622233e+003,9.447370e+001
2.622715e+003,9.445950e+001
2.623198e+003,9.444587e+001
2.623679e+003,9.443243e+001
2.624162e+003,9.441854e+001
2.624644e+003,9.440366e+001
2.625126e+003,9.438717e+001
2.625608e+003,9.436862e+001
2.626090e+003,9.434785e+001
2.626572e+003,9.432518e+001
2.627054e+003,9.430153e+001
2.627536e+003,9.427828e+001
2.628019e+003,9.425708e+001
2.628501e+003,9.423932e+001
2.628983e+003,9.422578e+001
2.629465e+003,9.421651e+001
2.629947e+003,9.421095e+001
2.630429e+003,9.420820e+001
2.630911e+003,9.420729e+001
2.631393e+003,9.420745e+001
2.631875e+003,9.420818e+001
2.632358e+003,9.420899e+001
2.632840e+003,9.420951e+001
2.633322e+003,9.420942e+001
2.633804e+003,9.420862e+001
2.634286e+003,9.420731e+001
2.634768e+003,9.420602e+001
2.635250e+003,9.420544e+001
2.635732e+003,9.420589e+001
2.636215e+003,9.420712e+001
2.636697e+003,9.420820e+001
2.637179e+003,9.420784e+001
2.637661e+003,9.420508e+001
2.638143e+003,9.419977e+001
2.638625e+003,9.419290e+001
2.639107e+003,9.418646e+001
2.639589e+003,9.418264e+001
2.640072e+003,9.418296e+001
2.640554e+003,9.418768e+001
2.641036e+003,9.419550e+001
2.641518e+003,9.420411e+001
2.642000e+003,9.421106e+001
2.642482e+003,9.421470e+001
2.642964e+003,9.421467e+001
2.643446e+003,9.421200e+001
2.643928e+003,9.420856e+001
2.644411e+003,9.420628e+001
2.644893e+003,9.420672e+001
2.645375e+003,9.421061e+001
2.645857e+003,9.421799e+001
2.646339e+003,9.422861e+001
2.646821e+003,9.424226e+001
2.647303e+003,9.425884e+001
2.647785e+003,9.427837e+001
2.648268e+003,9.430090e+001
2.648750e+003,9.432630e+001
2.649232e+003,9.435435e+001
2.649714e+003,9.438459e+001
2.650196e+003,9.441676e+001
2.650678e+003,9.445051e+001
2.651160e+003,9.448553e+001
2.651642e+003,9.452143e+001
2.652125e+003,9.455770e+001
2.652606e+003,9.459394e+001
2.653089e+003,9.463013e+001
2.653571e+003,9.466690e+001
2.654053e+003,9.470552e+001
2.654535e+003,9.474760e+001
2.655017e+003,9.479453e+001
2.655499e+003,9.484689e+001
2.655981e+003,9.490421e+001
2.656463e+003,9.496510e+001
2.656946e+003,9.502789e+001
2.657428e+003,9.509131e+001
2.657910e+003,9.515512e+001
2.658392e+003,9.522024e+001
2.658874e+003,9.528820e+001
2.659356e+003,9.536038e+001
2.659838e+003,9.543716e+001
2.660320e+003,9.551747e+001
2.660802e+003,9.559895e+001
2.661285e+003,9.567855e+001
2.661767e+003,9.575343e+001
2.662249e+003,9.582179e+001
2.662731e+003,9.588305e+001
2.663213e+003,9.593795e+001
2.663695e+003,9.598794e+001
2.664177e+003,9.603480e+001
2.664659e+003,9.608017e+001
2.665142e+003,9.612546e+001
2.665624e+003,9.617175e+001
2.666106e+003,9.621962e+001
2.666588e+003,9.626925e+001
2.667070e+003,9.632003e+001
2.667552e+003,9.637058e+001
2.668034e+003,9.641888e+001
2.668516e+003,9.646272e+001
2.668999e+003,9.650021e+001
2.669481e+003,9.653041e+001
2.669963e+003,9.655362e+001
2.670445e+003,9.657128e+001
2.670927e+003,9.658562e+001
2.671409e+003,9.659899e+001
2.671891e+003,9.661346e+001
2.672373e+003,9.663045e+001
2.672855e+003,9.665060e+001
2.673338e+003,9.667384e+001
2.673820e+003,9.669949e+001
2.674302e+003,9.672630e+001
2.674784e+003,9.675248e+001
2.675266e+003,9.677591e+001
2.675748e+003,9.679455e+001
2.676230e+003,9.680690e+001
2.676712e+003,9.681242e+001
2.677195e+003,9.681176e+001
2.677677e+003,9.680665e+001
2.678159e+003,9.679942e+001
2.678641e+003,9.679221e+001
2.679123e+003,9.678663e+001
2.679605e+003,9.678337e+001
2.680087e+003,9.678233e+001
2.680569e+003,9.678308e+001
2.681052e+003,9.678520e+001
2.681533e+003,9.678850e+001
2.682016e+003,9.679311e+001
2.682498e+003,9.679913e+001
2.682980e+003,9.680650e+001
2.683462e+003,9.681497e+001
2.683944e+003,9.682412e+001
2.684426e+003,9.683358e+001
2.684908e+003,9.684315e+001
2.685390e+003,9.685265e+001
2.685873e+003,9.686182e+001
2.686355e+003,9.686992e+001
2.686837e+003,9.687593e+001
2.687319e+003,9.687885e+001
2.687801e+003,9.687821e+001
2.688283e+003,9.687460e+001
2.688765e+003,9.686967e+001
2.689247e+003,9.686578e+001
2.689729e+003,9.686511e+001
2.690212e+003,9.686874e+001
2.690694e+003,9.687601e+001
2.691176e+003,9.688491e+001
2.691658e+003,9.689272e+001
2.692140e+003,9.689722e+001
2.692622e+003,9.689771e+001
2.693104e+003,9.689523e+001
2.693586e+003,9.689199e+001
2.694069e+003,9.689043e+001
2.694551e+003,9.689185e+001
2.695033e+003,9.689604e+001
2.695515e+003,9.690125e+001
2.695997e+003,9.690501e+001
2.696479e+003,9.690539e+001
2.696961e+003,9.690166e+001
2.697443e+003,9.689460e+001
2.697926e+003,9.688597e+001
2.698408e+003,9.687775e+001
2.698890e+003,9.687130e+001
2.699372e+003,9.686700e+001
2.699854e+003,9.686450e+001
2.700336e+003,9.686315e+001
2.700818e+003,9.686253e+001
2.701300e+003,9.686266e+001
2.701782e+003,9.686387e+001
2.702265e+003,9.686621e+001
2.702747e+003,9.686934e+001
2.703229e+003,9.687234e+001
2.703711e+003,9.687399e+001
2.704193e+003,9.687338e+001
2.704675e+003,9.687027e+001
2.705157e+003,9.686523e+001
2.705639e+003,9.685933e+001
2.706122e+003,9.685359e+001
2.706604e+003,9.684861e+001
2.707086e+003,9.684433e+001
2.707568e+003,9.684019e+001
2.708050e+003,9.683564e+001
2.708532e+003,9.683038e+001
2.709014e+003,9.682466e+001
2.709496e+003,9.681903e+001
2.709979e+003,9.681393e+001
2.710461e+003,9.680942e+001
2.710943e+003,9.680505e+001
2.711425e+003,9.680000e+001
2.711907e+003,9.679357e+001
2.712389e+003,9.678551e+001
2.712871e+003,9.677628e+001
2.713353e+003,9.676698e+001
2.713835e+003,9.675879e+001
2.714318e+003,9.675273e+001
2.714800e+003,9.674918e+001
2.715282e+003,9.674791e+001
2.715764e+003,9.674806e+001
2.716246e+003,9.674870e+001
2.716728e+003,9.674883e+001
2.717210e+003,9.674785e+001
2.717692e+003,9.674543e+001
2.718175e+003,9.674155e+001
2.718656e+003,9.673651e+001
2.719139e+003,9.673068e+001
2.719621e+003,9.672433e+001
2.720103e+003,9.671764e+001
2.720585e+003,9.671036e+001
2.721067e+003,9.670182e+001
2.721549e+003,9.669112e+001
2.722031e+003,9.667738e+001
2.722513e+003,9.666006e+001
2.722996e+003,9.663937e+001
2.723478e+003,9.661626e+001
2.723960e+003,9.659219e+001
2.724442e+003,9.656859e+001
2.724924e+003,9.654623e+001
2.725406e+003,9.652485e+001
2.725888e+003,9.650319e+001
2.726370e+003,9.647945e+001
2.726853e+003,9.645195e+001
2.727335e+003,9.641965e+001
2.727817e+003,9.638258e+001
2.728299e+003,9.634171e+001
2.728781e+003,9.629861e+001
2.729263e+003,9.625496e+001
2.729745e+003,9.621218e+001
2.730227e+003,9.617142e+001
2.730709e+003,9.613353e+001
2.731192e+003,9.609945e+001
2.731674e+003,9.607011e+001
2.732156e+003,9.604639e+001
2.732638e+003,9.602890e+001
2.733120e+003,9.601775e+001
2.733602e+003,9.601263e+001
2.734084e+003,9.601301e+001
2.734566e+003,9.601849e+001
2.735049e+003,9.602911e+001
2.735531e+003,9.604530e+001
2.736013e+003,9.606773e+001
2.736495e+003,9.609680e+001
2.736977e+003,9.613222e+001
2.737459e+003,9.617287e+001
2.737941e+003,9.621699e+001
2.738423e+003,9.626249e+001
2.738906e+003,9.630746e+001
2.739388e+003,9.635056e+001
2.739870e+003,9.639095e+001
2.740352e+003,9.642826e+001
2.740834e+003,9.646231e+001
2.741316e+003,9.649303e+001
2.741798e+003,9.652035e+001
2.742280e+003,9.654430e+001
2.742762e+003,9.656509e+001
2.743245e+003,9.658298e+001
2.743727e+003,9.659808e+001
2.744209e+003,9.661036e+001
2.744691e+003,9.661962e+001
2.745173e+003,9.662576e+001
2.745655e+003,9.662913e+001
2.746137e+003,9.663083e+001
2.746619e+003,9.663261e+001
2.747102e+003,9.663645e+001
2.747583e+003,9.664383e+001
2.748066e+003,9.665517e+001
2.748548e+003,9.666943e+001
2.749030e+003,9.668478e+001
2.749512e+003,9.669909e+001
2.749994e+003,9.671115e+001
2.750476e+003,9.672112e+001
2.750958e+003,9.673051e+001
2.751440e+003,9.674158e+001
2.751923e+003,9.675605e+001
2.752405e+003,9.677425e+001
2.752887e+003,9.679482e+001
2.753369e+003,9.681499e+001
2.753851e+003,9.683160e+001
2.754333e+003,9.684224e+001
2.754815e+003,9.684590e+001
2.755297e+003,9.684311e+001
2.755780e+003,9.683545e+001
2.756262e+003,9.682481e+001
2.756744e+003,9.681274e+001
2.757226e+003,9.680016e+001
2.757708e+003,9.678760e+001
2.758190e+003,9.677545e+001
2.758672e+003,9.676434e+001
2.759154e+003,9.675517e+001
2.759636e+003,9.674866e+001
2.760119e+003,9.674516e+001
2.760601e+003,9.674432e+001
2.761083e+003,9.674531e+001
2.761565e+003,9.674701e+001
2.762047e+003,9.674853e+001
2.762529e+003,9.674929e+001
2.763011e+003,9.674917e+001
2.763493e+003,9.674807e+001
2.763976e+003,9.674574e+001
2.764458e+003,9.674171e+001
2.764940e+003,9.673562e+001
2.765422e+003,9.672755e+001
2.765904e+003,9.671848e+001
2.766386e+003,9.671011e+001
2.766868e+003,9.670455e+001
2.767350e+003,9.670350e+001
2.767833e+003,9.670748e+001
2.768315e+003,9.671564e+001
2.768797e+003,9.672594e+001
2.769279e+003,9.673579e+001
2.769761e+003,9.674301e+001
2.770243e+003,9.674641e+001
2.770725e+003,9.674603e+001
2.771207e+003,9.674277e+001
2.771689e+003,9.673799e+001
2.772172e+003,9.673280e+001
2.772654e+003,9.672801e+001
2.773136e+003,9.672407e+001
2.773618e+003,9.672142e+001
2.774100e+003,9.672067e+001
2.774582e+003,9.672234e+001
2.775064e+003,9.672691e+001
2.775546e+003,9.673409e+001
2.776029e+003,9.674294e+001
2.776510e+003,9.675183e+001
2.776993e+003,9.675889e+001
2.777475e+003,9.676251e+001
2.777957e+003,9.676177e+001
2.778439e+003,9.675662e+001
2.778921e+003,9.674766e+001
2.779403e+003,9.673599e+001
2.779885e+003,9.672287e+001
2.780367e+003,9.670948e+001
2.780850e+003,9.669716e+001
2.781332e+003,9.668709e+001
2.781814e+003,9.668024e+001
2.782296e+003,9.667712e+001
2.782778e+003,9.667747e+001
2.783260e+003,9.668010e+001
2.783742e+003,9.668316e+001
2.784224e+003,9.668474e+001
2.784707e+003,9.668352e+001
2.785189e+003,9.667928e+001
2.785671e+003,9.667296e+001
2.786153e+003,9.666620e+001
2.786635e+003,9.666055e+001
2.787117e+003,9.665686e+001
2.787599e+003,9.665477e+001
2.788081e+003,9.665311e+001
2.788563e+003,9.665038e+001
2.789046e+003,9.664561e+001
2.789528e+003,9.663900e+001
2.790010e+003,9.663174e+001
2.790492e+003,9.662579e+001
2.790974e+003,9.662283e+001
2.791456e+003,9.662376e+001
2.791938e+003,9.662831e+001
2.792420e+003,9.663513e+001
2.792903e+003,9.664231e+001
2.793385e+003,9.664781e+001
2.793867e+003,9.665010e+001
2.794349e+003,9.664828e+001
2.794831e+003,9.664223e+001
2.795313e+003,9.663255e+001
2.795795e+003,9.662041e+001
2.796277e+003,9.660742e+001
2.796760e+003,9.659538e+001
2.797242e+003,9.658588e+001
2.797724e+003,9.657992e+001
2.798206e+003,9.657744e+001
2.798688e+003,9.657733e+001
2.799170e+003,9.657777e+001
2.799652e+003,9.657673e+001
2.800134e+003,9.657281e+001
2.800616e+003,9.656583e+001
2.801099e+003,9.655682e+001
2.801581e+003,9.654763e+001
2.802063e+003,9.654016e+001
2.802545e+003,9.653556e+001
2.803027e+003,9.653375e+001
2.803509e+003,9.653350e+001
2.803991e+003,9.653295e+001
2.804473e+003,9.653027e+001
2.804956e+003,9.652422e+001
2.805438e+003,9.651461e+001
2.805920e+003,9.650198e+001
2.806402e+003,9.648730e+001
2.806884e+003,9.647175e+001
2.807366e+003,9.645624e+001
2.807848e+003,9.644153e+001
2.808330e+003,9.642799e+001
2.808813e+003,9.641592e+001
2.809294e+003,9.640536e+001
2.809777e+003,9.639623e+001
2.810259e+003,9.638824e+001
2.810741e+003,9.638112e+001
2.811223e+003,9.637484e+001
2.811705e+003,9.636962e+001
2.812187e+003,9.636597e+001
2.812669e+003,9.636445e+001
2.813151e+003,9.636521e+001
2.813634e+003,9.636774e+001
2.814116e+003,9.637090e+001
2.814598e+003,9.637321e+001
2.815080e+003,9.637352e+001
2.815562e+003,9.637155e+001
2.816044e+003,9.636796e+001
2.816526e+003,9.636427e+001
2.817008e+003,9.636200e+001
2.817490e+003,9.636196e+001
2.817973e+003,9.636378e+001
2.818455e+003,9.636592e+001
2.818937e+003,9.636646e+001
2.819419e+003,9.636377e+001
2.819901e+003,9.635732e+001
2.820383e+003,9.634786e+001
2.820865e+003,9.633704e+001
2.821347e+003,9.632663e+001
2.821830e+003,9.631778e+001
2.822312e+003,9.631073e+001
2.822794e+003,9.630482e+001
2.823276e+003,9.629901e+001
2.823758e+003,9.629253e+001
2.824240e+003,9.628514e+001
2.824722e+003,9.627702e+001
2.825204e+003,9.626862e+001
2.825687e+003,9.626019e+001
2.826169e+003,9.625169e+001
2.826651e+003,9.624294e+001
2.827133e+003,9.623373e+001
2.827615e+003,9.622440e+001
2.828097e+003,9.621543e+001
2.828579e+003,9.620728e+001
2.829061e+003,9.620004e+001
2.829543e+003,9.619319e+001
2.830026e+003,9.618575e+001
2.830508e+003,9.617682e+001
2.830990e+003,9.616621e+001
2.831472e+003,9.615463e+001
2.831954e+003,9.614356e+001
2.832436e+003,9.613452e+001
2.832918e+003,9.612823e+001
2.833400e+003,9.612409e+001
2.833883e+003,9.612028e+001
2.834365e+003,9.611448e+001
2.834847e+003,9.610497e+001
2.835329e+003,9.609133e+001
2.835811e+003,9.607484e+001
2.836293e+003,9.605774e+001
2.836775e+003,9.604231e+001
2.837257e+003,9.602974e+001
2.837740e+003,9.601968e+001
2.838221e+003,9.601047e+001
2.838704e+003,9.599995e+001
2.839186e+003,9.598627e+001
2.839668e+003,9.596854e+001
2.840150e+003,9.594708e+001
2.840632e+003,9.592260e+001
2.841114e+003,9.589578e+001
2.841596e+003,9.586689e+001
2.842078e+003,9.583570e+001
2.842561e+003,9.580208e+001
2.843043e+003,9.576637e+001
2.843525e+003,9.572954e+001
2.844007e+003,9.569295e+001
2.844489e+003,9.565743e+001
2.844971e+003,9.562280e+001
2.845453e+003,9.558748e+001
2.845935e+003,9.554886e+001
2.846417e+003,9.550417e+001
2.846900e+003,9.545133e+001
2.847382e+003,9.538960e+001
2.847864e+003,9.531947e+001
2.848346e+003,9.524222e+001
2.848828e+003,9.515887e+001
2.849310e+003,9.506982e+001
2.849792e+003,9.497469e+001
2.850274e+003,9.487274e+001
2.850757e+003,9.476353e+001
2.851239e+003,9.464742e+001
2.851721e+003,9.452563e+001
2.852203e+003,9.439987e+001
2.852685e+003,9.427184e+001
2.853167e+003,9.414289e+001
2.853649e+003,9.401389e+001
2.854131e+003,9.388572e+001
2.854614e+003,9.375951e+001
2.855096e+003,9.363706e+001
2.855578e+003,9.352045e+001
2.856060e+003,9.341167e+001
2.856542e+003,9.331200e+001
2.857024e+003,9.322177e+001
2.857506e+003,9.314027e+001
2.857988e+003,9.306641e+001
2.858470e+003,9.299900e+001
2.858953e+003,9.293736e+001
2.859435e+003,9.288110e+001
2.859917e+003,9.282994e+001
2.860399e+003,9.278332e+001
2.860881e+003,9.274044e+001
2.861363e+003,9.270042e+001
2.861845e+003,9.266282e+001
2.862327e+003,9.262813e+001
2.862810e+003,9.259765e+001
2.863292e+003,9.257307e+001
2.863774e+003,9.255572e+001
2.864256e+003,9.254565e+001
2.864738e+003,9.254152e+001
2.865220e+003,9.254088e+001
2.865702e+003,9.254109e+001
2.866184e+003,9.254040e+001
2.866667e+003,9.253841e+001
2.867148e+003,9.253613e+001
2.867631e+003,9.253514e+001
2.868113e+003,9.253660e+001
2.868595e+003,9.254041e+001
2.869077e+003,9.254520e+001
2.869559e+003,9.254866e+001
2.870041e+003,9.254870e+001
2.870523e+003,9.254424e+001
2.871005e+003,9.253580e+001
2.871488e+003,9.252528e+001
2.871970e+003,9.251544e+001
2.872452e+003,9.250906e+001
2.872934e+003,9.250837e+001
2.873416e+003,9.251482e+001
2.873898e+003,9.252904e+001
2.874380e+003,9.255103e+001
2.874862e+003,9.258022e+001
2.875344e+003,9.261546e+001
2.875827e+003,9.265485e+001
2.876309e+003,9.269606e+001
2.876791e+003,9.273666e+001
2.877273e+003,9.277490e+001
2.877755e+003,9.281020e+001
2.878237e+003,9.284356e+001
2.878719e+003,9.287734e+001
2.879201e+003,9.291454e+001
2.879684e+003,9.295781e+001
2.880166e+003,9.300884e+001
2.880648e+003,9.306774e+001
2.881130e+003,9.313321e+001
2.881612e+003,9.320301e+001
2.882094e+003,9.327451e+001
2.882576e+003,9.334508e+001
2.883058e+003,9.341252e+001
2.883541e+003,9.347522e+001
2.884023e+003,9.353227e+001
2.884505e+003,9.358366e+001
2.884987e+003,9.363043e+001
2.885469e+003,9.367451e+001
2.885951e+003,9.371829e+001
2.886433e+003,9.376398e+001
2.886915e+003,9.381291e+001
2.887397e+003,9.386494e+001
2.887880e+003,9.391863e+001
2.888362e+003,9.397179e+001
2.888844e+003,9.402216e+001
2.889326e+003,9.406837e+001
2.889808e+003,9.410999e+001
2.890290e+003,9.414729e+001
2.890772e+003,9.418073e+001
2.891254e+003,9.421021e+001
2.891737e+003,9.423504e+001
2.892219e+003,9.425426e+001
2.892701e+003,9.426743e+001
2.893183e+003,9.427518e+001
2.893665e+003,9.427946e+001
2.894147e+003,9.428311e+001
2.894629e+003,9.428873e+001
2.895111e+003,9.429772e+001
2.895594e+003,9.430974e+001
2.896075e+003,9.432283e+001
2.896558e+003,9.433422e+001
2.897040e+003,9.434125e+001
2.897522e+003,9.434204e+001
2.898004e+003,9.433572e+001
2.898486e+003,9.432194e+001
2.898968e+003,9.430023e+001
2.899450e+003,9.426985e+001
2.899932e+003,9.422987e+001
2.900415e+003,9.417980e+001
2.900897e+003,9.412034e+001
2.901379e+003,9.405353e+001
2.901861e+003,9.398251e+001
2.902343e+003,9.391028e+001
2.902825e+003,9.383865e+001
2.903307e+003,9.376743e+001
2.903789e+003,9.369432e+001
2.904271e+003,9.361591e+001
2.904754e+003,9.352891e+001
2.905236e+003,9.343126e+001
2.905718e+003,9.332274e+001
2.906200e+003,9.320461e+001
2.906682e+003,9.307868e+001
2.907164e+003,9.294637e+001
2.907646e+003,9.280801e+001
2.908128e+003,9.266302e+001
2.908611e+003,9.251028e+001
2.909093e+003,9.234917e+001
2.909575e+003,9.217991e+001
2.910057e+003,9.200363e+001
2.910539e+003,9.182208e+001
2.911021e+003,9.163693e+001
2.911503e+003,9.144933e+001
2.911985e+003,9.125994e+001
2.912468e+003,9.106907e+001
2.912950e+003,9.087712e+001
2.913432e+003,9.068512e+001
2.913914e+003,9.049462e+001
2.914396e+003,9.030771e+001
2.914878e+003,9.012672e+001
2.915360e+003,8.995407e+001
2.915842e+003,8.979217e+001
2.916324e+003,8.964339e+001
2.916807e+003,8.951022e+001
2.917289e+003,8.939506e+001
2.917771e+003,8.929996e+001
2.918253e+003,8.922632e+001
2.918735e+003,8.917455e+001
2.919217e+003,8.914401e+001
2.919699e+003,8.913329e+001
2.920181e+003,8.914041e+001
2.920664e+003,8.916333e+001
2.921146e+003,8.920006e+001
2.921628e+003,8.924873e+001
2.922110e+003,8.930769e+001
2.922592e+003,8.937521e+001
2.923074e+003,8.944975e+001
2.923556e+003,8.952984e+001
2.924038e+003,8.961421e+001
2.924521e+003,8.970184e+001
2.925002e+003,8.979175e+001
2.925485e+003,8.988290e+001
2.925967e+003,8.997428e+001
2.926449e+003,9.006501e+001
2.926931e+003,9.015480e+001
2.927413e+003,9.024420e+001
2.927895e+003,9.033456e+001
2.928377e+003,9.042750e+001
2.928859e+003,9.052429e+001
2.929342e+003,9.062496e+001
2.929824e+003,9.072788e+001
2.930306e+003,9.083007e+001
2.930788e+003,9.092780e+001
2.931270e+003,9.101785e+001
2.931752e+003,9.109820e+001
2.932234e+003,9.116840e+001
2.932716e+003,9.122922e+001
2.933198e+003,9.128177e+001
2.933681e+003,9.132571e+001
2.934163e+003,9.136303e+001
2.934645e+003,9.139392e+001
2.935127e+003,9.141899e+001
2.935609e+003,9.143986e+001
2.936091e+003,9.145935e+001
2.936573e+003,9.148090e+001
2.937055e+003,9.150746e+001
2.937538e+003,9.154012e+001
2.938020e+003,9.157762e+001
2.938502e+003,9.161678e+001
2.938984e+003,9.165362e+001
2.939466e+003,9.168468e+001
2.939948e+003,9.170845e+001
2.940430e+003,9.172549e+001
2.940912e+003,9.173782e+001
2.941395e+003,9.174781e+001
2.941877e+003,9.175723e+001
2.942359e+003,9.176670e+001
2.942841e+003,9.177608e+001
2.943323e+003,9.178525e+001
2.943805e+003,9.179475e+001
2.944287e+003,9.180608e+001
2.944769e+003,9.182125e+001
2.945251e+003,9.184191e+001
2.945734e+003,9.186871e+001
2.946216e+003,9.190110e+001
2.946698e+003,9.193761e+001
2.947180e+003,9.197668e+001
2.947662e+003,9.201736e+001
2.948144e+003,9.205965e+001
2.948626e+003,9.210416e+001
2.949108e+003,9.215127e+001
2.949591e+003,9.220055e+001
2.950073e+003,9.225056e+001
2.950555e+003,9.229915e+001
2.951037e+003,9.234428e+001
2.951519e+003,9.238479e+001
2.952001e+003,9.242081e+001
2.952483e+003,9.245333e+001
2.952965e+003,9.248361e+001
2.953448e+003,9.251225e+001
2.953929e+003,9.253875e+001
2.954412e+003,9.256152e+001
2.954894e+003,9.257858e+001
2.955376e+003,9.258811e+001
2.955858e+003,9.258926e+001
2.956340e+003,9.258202e+001
2.956822e+003,9.256725e+001
2.957304e+003,9.254635e+001
2.957786e+003,9.252092e+001
2.958269e+003,9.249284e+001
2.958751e+003,9.246431e+001
2.959233e+003,9.243790e+001
2.959715e+003,9.241618e+001
2.960197e+003,9.240114e+001
2.960679e+003,9.239367e+001
2.961161e+003,9.239322e+001
2.961643e+003,9.239791e+001
2.962125e+003,9.240524e+001
2.962608e+003,9.241267e+001
2.963090e+003,9.241834e+001
2.963572e+003,9.242116e+001
2.964054e+003,9.242049e+001
2.964536e+003,9.241578e+001
2.965018e+003,9.240632e+001
2.965500e+003,9.239136e+001
2.965982e+003,9.237061e+001
2.966465e+003,9.234486e+001
2.966947e+003,9.231602e+001
2.967429e+003,9.228671e+001
2.967911e+003,9.225951e+001
2.968393e+003,9.223575e+001
2.968875e+003,9.221527e+001
2.969357e+003,9.219646e+001
2.969839e+003,9.217723e+001
2.970322e+003,9.215623e+001
2.970804e+003,9.213383e+001
2.971286e+003,9.211224e+001
2.971768e+003,9.209487e+001
2.972250e+003,9.208509e+001
2.972732e+003,9.208501e+001
2.973214e+003,9.209495e+001
2.973696e+003,9.211343e+001
2.974178e+003,9.213796e+001
2.974661e+003,9.216594e+001
2.975143e+003,9.219534e+001
2.975625e+003,9.222466e+001
2.976107e+003,9.225291e+001
2.976589e+003,9.227895e+001
2.977071e+003,9.230149e+001
2.977553e+003,9.231949e+001
2.978035e+003,9.233266e+001
2.978518e+003,9.234201e+001
2.979000e+003,9.234999e+001
2.979482e+003,9.236007e+001
2.979964e+003,9.237579e+001
2.980446e+003,9.239996e+001
2.980928e+003,9.243384e+001
2.981410e+003,9.247717e+001
2.981892e+003,9.252863e+001
2.982375e+003,9.258624e+001
2.982856e+003,9.264792e+001
2.983339e+003,9.271170e+001
2.983821e+003,9.277554e+001
2.984303e+003,9.283731e+001
2.984785e+003,9.289489e+001
2.985267e+003,9.294635e+001
2.985749e+003,9.299055e+001
2.986231e+003,9.302736e+001
2.986713e+003,9.305762e+001
2.987196e+003,9.308273e+001
2.987678e+003,9.310399e+001
2.988160e+003,9.312222e+001
2.988642e+003,9.313754e+001
2.989124e+003,9.314976e+001
2.989606e+003,9.315874e+001
2.990088e+003,9.316479e+001
2.990570e+003,9.316856e+001
2.991052e+003,9.317051e+001
2.991535e+003,9.317037e+001
2.992017e+003,9.316682e+001
2.992499e+003,9.315763e+001
2.992981e+003,9.314054e+001
2.993463e+003,9.311430e+001
2.993945e+003,9.307928e+001
2.994427e+003,9.303786e+001
2.994909e+003,9.299354e+001
2.995392e+003,9.294971e+001
2.995874e+003,9.290874e+001
2.996356e+003,9.287109e+001
2.996838e+003,9.283564e+001
2.997320e+003,9.280056e+001
2.997802e+003,9.276424e+001
2.998284e+003,9.272617e+001
2.998766e+003,9.268697e+001
2.999249e+003,9.264789e+001
2.999731e+003,9.261008e+001
3.000213e+003,9.257386e+001
3.000695e+003,9.253864e+001
3.001177e+003,9.250322e+001
3.001659e+003,9.246656e+001
3.002141e+003,9.242844e+001
3.002623e+003,9.238955e+001
3.003105e+003,9.235133e+001
3.003588e+003,9.231527e+001
3.004070e+003,9.228237e+001
3.004552e+003,9.225266e+001
3.005034e+003,9.222517e+001
3.005516e+003,9.219838e+001
3.005998e+003,9.217043e+001
3.006480e+003,9.213956e+001
3.006962e+003,9.210423e+001
3.007445e+003,9.206293e+001
3.007927e+003,9.201438e+001
3.008409e+003,9.195737e+001
3.008891e+003,9.189104e+001
3.009373e+003,9.181493e+001
3.009855e+003,9.172915e+001
3.010337e+003,9.163411e+001
3.010819e+003,9.153045e+001
3.011302e+003,9.141850e+001
3.011783e+003,9.129823e+001
3.012266e+003,9.116880e+001
3.012748e+003,9.102886e+001
3.013230e+003,9.087629e+001
3.013712e+003,9.070847e+001
3.014194e+003,9.052247e+001
3.014676e+003,9.031516e+001
3.015158e+003,9.008385e+001
3.015640e+003,8.982657e+001
3.016123e+003,8.954260e+001
3.016605e+003,8.923270e+001
3.017087e+003,8.889867e+001
3.017569e+003,8.854311e+001
3.018051e+003,8.816868e+001
3.018533e+003,8.777769e+001
3.019015e+003,8.737230e+001
3.019497e+003,8.695486e+001
3.019979e+003,8.652878e+001
3.020462e+003,8.609912e+001
3.020944e+003,8.567268e+001
3.021426e+003,8.525765e+001
3.021908e+003,8.486247e+001
3.022390e+003,8.449492e+001
3.022872e+003,8.416131e+001
3.023354e+003,8.386616e+001
3.023836e+003,8.361267e+001
3.024319e+003,8.340314e+001
3.024801e+003,8.323965e+001
3.025283e+003,8.312394e+001
3.025765e+003,8.305720e+001
3.026247e+003,8.303930e+001
3.026729e+003,8.306848e+001
3.027211e+003,8.314128e+001
3.027693e+003,8.325308e+001
3.028176e+003,8.339903e+001
3.028658e+003,8.357480e+001
3.029140e+003,8.377727e+001
3.029622e+003,8.400426e+001
3.030104e+003,8.425428e+001
3.030586e+003,8.452591e+001
3.031068e+003,8.481752e+001
3.031550e+003,8.512727e+001
3.032032e+003,8.545342e+001
3.032515e+003,8.579461e+001
3.032997e+003,8.614958e+001
3.033479e+003,8.651665e+001
3.033961e+003,8.689284e+001
3.034443e+003,8.727340e+001
3.034925e+003,8.765178e+001
3.035407e+003,8.802036e+001
3.035889e+003,8.837190e+001
3.036372e+003,8.870100e+001
3.036854e+003,8.900511e+001
3.037336e+003,8.928462e+001
3.037818e+003,8.954210e+001
3.038300e+003,8.978098e+001
3.038782e+003,9.000433e+001
3.039264e+003,9.021389e+001
3.039746e+003,9.040989e+001
3.040229e+003,9.059134e+001
3.040711e+003,9.075687e+001
3.041193e+003,9.090531e+001
3.041675e+003,9.103629e+001
3.042157e+003,9.115049e+001
3.042639e+003,9.124969e+001
3.043121e+003,9.133653e+001
3.043603e+003,9.141415e+001
3.044085e+003,9.148561e+001
3.044568e+003,9.155337e+001
3.045050e+003,9.161864e+001
3.045532e+003,9.168107e+001
3.046014e+003,9.173891e+001
3.046496e+003,9.178945e+001
3.046978e+003,9.182984e+001
3.047460e+003,9.185792e+001
3.047942e+003,9.187279e+001
3.048425e+003,9.187498e+001
3.048906e+003,9.186617e+001
3.049389e+003,9.184862e+001
3.049871e+003,9.182452e+001
3.050353e+003,9.179581e+001
3.050835e+003,9.176389e+001
3.051317e+003,9.172965e+001
3.051799e+003,9.169360e+001
3.052281e+003,9.165586e+001
3.052763e+003,9.161603e+001
3.053246e+003,9.157335e+001
3.053728e+003,9.152709e+001
3.054210e+003,9.147678e+001
3.054692e+003,9.142276e+001
3.055174e+003,9.136622e+001
3.055656e+003,9.130887e+001
3.056138e+003,9.125240e+001
3.056620e+003,9.119746e+001
3.057103e+003,9.114342e+001
3.057585e+003,9.108864e+001
3.058067e+003,9.103117e+001
3.058549e+003,9.097008e+001
3.059031e+003,9.090643e+001
3.059513e+003,9.084341e+001
3.059995e+003,9.078594e+001
3.060477e+003,9.073912e+001
3.060959e+003,9.070702e+001
3.061442e+003,9.069176e+001
3.061924e+003,9.069343e+001
3.062406e+003,9.071101e+001
3.062888e+003,9.074348e+001
3.063370e+003,9.079076e+001
3.063852e+003,9.085406e+001
3.064334e+003,9.093512e+001
3.064816e+003,9.103521e+001
3.065299e+003,9.115407e+001
3.065781e+003,9.128945e+001
3.066263e+003,9.143752e+001
3.066745e+003,9.159383e+001
3.067227e+003,9.175438e+001
3.067709e+003,9.191657e+001
3.068191e+003,9.207905e+001
3.068673e+003,9.224122e+001
3.069156e+003,9.240240e+001
3.069638e+003,9.256128e+001
3.070120e+003,9.271560e+001
3.070602e+003,9.286247e+001
3.071084e+003,9.299920e+001
3.071566e+003,9.312357e+001
3.072048e+003,9.323455e+001
3.072530e+003,9.333194e+001
3.073012e+003,9.341616e+001
3.073495e+003,9.348785e+001
3.073977e+003,9.354756e+001
3.074459e+003,9.359569e+001
3.074941e+003,9.363236e+001
3.075423e+003,9.365764e+001
3.075905e+003,9.367136e+001
3.076387e+003,9.367315e+001
3.076869e+003,9.366230e+001
3.077352e+003,9.363783e+001
3.077833e+003,9.359869e+001
3.078316e+003,9.354385e+001
3.078798e+003,9.347272e+001
3.079280e+003,9.338533e+001
3.079762e+003,9.328235e+001
3.080244e+003,9.316525e+001
3.080726e+003,9.303632e+001
3.081208e+003,9.289861e+001
3.081690e+003,9.275579e+001
3.082173e+003,9.261194e+001
3.082655e+003,9.247129e+001
3.083137e+003,9.233797e+001
3.083619e+003,9.221602e+001
3.084101e+003,9.210950e+001
3.084583e+003,9.202296e+001
3.085065e+003,9.196178e+001
3.085547e+003,9.193198e+001
3.086030e+003,9.193967e+001
3.086512e+003,9.198986e+001
3.086994e+003,9.208495e+001
3.087476e+003,9.222370e+001
3.087958e+003,9.240084e+001
3.088440e+003,9.260802e+001
3.088922e+003,9.283543e+001
3.089404e+003,9.307382e+001
3.089886e+003,9.331609e+001
3.090369e+003,9.355789e+001
3.090851e+003,9.379707e+001
3.091333e+003,9.403233e+001
3.091815e+003,9.426180e+001
3.092297e+003,9.448219e+001
3.092779e+003,9.468887e+001
3.093261e+003,9.487666e+001
3.093743e+003,9.504117e+001
3.094226e+003,9.517973e+001
3.094708e+003,9.529199e+001
3.095190e+003,9.537971e+001
3.095672e+003,9.544603e+001
3.096154e+003,9.549477e+001
3.096636e+003,9.553008e+001
3.097118e+003,9.555562e+001
3.097600e+003,9.557479e+001
3.098083e+003,9.559000e+001
3.098565e+003,9.560254e+001
3.099047e+003,9.561220e+001
3.099529e+003,9.561764e+001
3.100011e+003,9.561693e+001
3.100493e+003,9.560900e+001
3.100975e+003,9.559433e+001
3.101457e+003,9.557581e+001
3.101939e+003,9.555801e+001
3.102422e+003,9.554594e+001
3.102904e+003,9.554330e+001
3.103386e+003,9.555122e+001
3.103868e+003,9.556828e+001
3.104350e+003,9.559124e+001
3.104832e+003,9.561693e+001
3.105314e+003,9.564389e+001
3.105796e+003,9.567309e+001
3.106279e+003,9.570760e+001
3.106760e+003,9.575089e+001
3.107243e+003,9.580509e+001
3.107725e+003,9.586968e+001
3.108207e+003,9.594120e+001
3.108689e+003,9.601439e+001
3.109171e+003,9.608360e+001
3.109653e+003,9.614481e+001
3.110135e+003,9.619640e+001
3.110617e+003,9.623940e+001
3.111100e+003,9.627668e+001
3.111582e+003,9.631194e+001
3.112064e+003,9.634873e+001
3.112546e+003,9.638970e+001
3.113028e+003,9.643613e+001
3.113510e+003,9.648763e+001
3.113992e+003,9.654200e+001
3.114474e+003,9.659522e+001
3.114957e+003,9.664209e+001
3.115439e+003,9.667736e+001
3.115921e+003,9.669746e+001
3.116403e+003,9.670188e+001
3.116885e+003,9.669398e+001
3.117367e+003,9.668025e+001
3.117849e+003,9.666856e+001
3.118331e+003,9.666548e+001
3.118813e+003,9.667430e+001
3.119296e+003,9.669403e+001
3.119778e+003,9.672035e+001
3.120260e+003,9.674760e+001
3.120742e+003,9.677132e+001
3.121224e+003,9.679003e+001
3.121706e+003,9.680561e+001
3.122188e+003,9.682196e+001
3.122670e+003,9.684286e+001
3.123153e+003,9.687017e+001
3.123635e+003,9.690269e+001
3.124117e+003,9.693678e+001
3.124599e+003,9.696771e+001
3.125081e+003,9.699152e+001
3.125563e+003,9.700627e+001
3.126045e+003,9.701217e+001
3.126527e+003,9.701104e+001
3.127010e+003,9.700533e+001
3.127492e+003,9.699732e+001
3.127974e+003,9.698874e+001
3.128456e+003,9.698103e+001
3.128938e+003,9.697549e+001
3.129420e+003,9.697337e+001
3.129902e+003,9.697550e+001
3.130384e+003,9.698190e+001
3.130866e+003,9.699147e+001
3.131349e+003,9.700240e+001
3.131831e+003,9.701266e+001
3.132313e+003,9.702112e+001
3.132795e+003,9.702784e+001
3.133277e+003,9.703414e+001
3.133759e+003,9.704172e+001
3.134241e+003,9.705168e+001
3.134723e+003,9.706392e+001
3.135206e+003,9.707706e+001
3.135688e+003,9.708924e+001
3.136170e+003,9.709918e+001
3.136652e+003,9.710669e+001
3.137134e+003,9.711288e+001
3.137616e+003,9.711938e+001
3.138098e+003,9.712730e+001
3.138580e+003,9.713662e+001
3.139063e+003,9.714609e+001
3.139544e+003,9.715395e+001
3.140027e+003,9.715910e+001
3.140509e+003,9.716177e+001
3.140991e+003,9.716357e+001
3.141473e+003,9.716671e+001
3.141955e+003,9.717290e+001
3.142437e+003,9.718228e+001
3.142919e+003,9.719337e+001
3.143401e+003,9.720380e+001
3.143884e+003,9.721134e+001
3.144366e+003,9.721509e+001
3.144848e+003,9.721561e+001
3.145330e+003,9.721440e+001
3.145812e+003,9.721270e+001
3.146294e+003,9.721069e+001
3.146776e+003,9.720725e+001
3.147258e+003,9.720087e+001
3.147740e+003,9.719057e+001
3.148223e+003,9.717722e+001
3.148705e+003,9.716364e+001
3.149187e+003,9.715370e+001
3.149669e+003,9.715090e+001
3.150151e+003,9.715681e+001
3.150633e+003,9.717042e+001
3.151115e+003,9.718857e+001
3.151597e+003,9.720733e+001
3.152080e+003,9.722357e+001
3.152562e+003,9.723592e+001
3.153044e+003,9.724487e+001
3.153526e+003,9.725193e+001
3.154008e+003,9.725833e+001
3.154490e+003,9.726421e+001
3.154972e+003,9.726859e+001
3.155454e+003,9.726989e+001
3.155937e+003,9.726706e+001
3.156419e+003,9.726039e+001
3.156901e+003,9.725153e+001
3.157383e+003,9.724276e+001
3.157865e+003,9.723618e+001
3.158347e+003,9.723283e+001
3.158829e+003,9.723240e+001
3.159311e+003,9.723367e+001
3.159793e+003,9.723528e+001
3.160276e+003,9.723646e+001
3.160758e+003,9.723710e+001
3.161240e+003,9.723762e+001
3.161722e+003,9.723857e+001
3.162204e+003,9.724006e+001
3.162686e+003,9.724194e+001
3.163168e+003,9.724387e+001
3.163650e+003,9.724564e+001
3.164133e+003,9.724751e+001
3.164615e+003,9.724973e+001
3.165097e+003,9.725241e+001
3.165579e+003,9.725517e+001
3.166061e+003,9.725726e+001
3.166543e+003,9.725819e+001
3.167025e+003,9.725833e+001
3.167507e+003,9.725933e+001
3.167990e+003,9.726382e+001
3.168471e+003,9.727428e+001
3.168954e+003,9.729188e+001
3.169436e+003,9.731527e+001
3.169918e+003,9.734069e+001
3.170400e+003,9.736283e+001
3.170882e+003,9.737682e+001
3.171364e+003,9.738005e+001
3.171846e+003,9.737338e+001
3.172328e+003,9.736080e+001
3.172811e+003,9.734801e+001
3.173293e+003,9.734027e+001
3.173775e+003,9.734052e+001
3.174257e+003,9.734841e+001
3.174739e+003,9.736076e+001
3.175221e+003,9.737283e+001
3.175703e+003,9.738020e+001
3.176185e+003,9.738002e+001
3.176667e+003,9.737173e+001
3.177150e+003,9.735670e+001
3.177632e+003,9.733752e+001
3.178114e+003,9.731676e+001
3.178596e+003,9.729651e+001
3.179078e+003,9.727797e+001
3.179560e+003,9.726152e+001
3.180042e+003,9.724700e+001
3.180524e+003,9.723387e+001
3.181007e+003,9.722141e+001
3.181489e+003,9.720894e+001
3.181971e+003,9.719588e+001
3.182453e+003,9.718221e+001
3.182935e+003,9.716861e+001
3.183417e+003,9.715658e+001
3.183899e+003,9.714806e+001
3.184381e+003,9.714493e+001
3.184864e+003,9.714856e+001
3.185346e+003,9.715926e+001
3.185828e+003,9.717619e+001
3.186310e+003,9.719775e+001
3.186792e+003,9.722181e+001
3.187274e+003,9.724629e+001
3.187756e+003,9.726926e+001
3.188238e+003,9.728886e+001
3.188720e+003,9.730343e+001
3.189203e+003,9.731139e+001
3.189685e+003,9.731161e+001
3.190167e+003,9.730386e+001
3.190649e+003,9.728915e+001
3.191131e+003,9.727004e+001
3.191613e+003,9.725014e+001
3.192095e+003,9.723352e+001
3.192577e+003,9.722379e+001
3.193060e+003,9.722341e+001
3.193542e+003,9.723311e+001
3.194024e+003,9.725179e+001
3.194506e+003,9.727698e+001
3.194988e+003,9.730534e+001
3.195470e+003,9.733327e+001
3.195952e+003,9.735744e+001
3.196434e+003,9.737542e+001
3.196917e+003,9.738591e+001
3.197398e+003,9.738907e+001
3.197881e+003,9.738638e+001
3.198363e+003,9.738027e+001
3.198845e+003,9.737347e+001
3.199327e+003,9.736799e+001
3.199809e+003,9.736454e+001
3.200291e+003,9.736223e+001
3.200773e+003,9.735881e+001
3.201255e+003,9.735155e+001
3.201738e+003,9.733829e+001
3.202220e+003,9.731867e+001
3.202702e+003,9.729436e+001
3.203184e+003,9.726888e+001
3.203666e+003,9.724681e+001
3.204148e+003,9.723236e+001
3.204630e+003,9.722818e+001
3.205112e+003,9.723453e+001
3.205594e+003,9.724930e+001
3.206077e+003,9.726847e+001
3.206559e+003,9.728744e+001
3.207041e+003,9.730208e+001
3.207523e+003,9.730994e+001
3.208005e+003,9.731095e+001
3.208487e+003,9.730710e+001
3.208969e+003,9.730194e+001
3.209451e+003,9.729945e+001
3.209934e+003,9.730237e+001
3.210416e+003,9.731173e+001
3.210898e+003,9.732599e+001
3.211380e+003,9.734161e+001
3.211862e+003,9.735399e+001
3.212344e+003,9.735891e+001
3.212826e+003,9.735349e+001
3.213308e+003,9.733717e+001
3.213791e+003,9.731152e+001
3.214273e+003,9.727972e+001
3.214755e+003,9.724542e+001
3.215237e+003,9.721200e+001
3.215719e+003,9.718193e+001
3.216201e+003,9.715683e+001
3.216683e+003,9.713756e+001
3.217165e+003,9.712454e+001
3.217647e+003,9.711774e+001
3.218130e+003,9.711662e+001
3.218612e+003,9.711997e+001
3.219094e+003,9.712592e+001
3.219576e+003,9.713233e+001
3.220058e+003,9.713744e+001
3.220540e+003,9.714037e+001
3.221022e+003,9.714134e+001
3.221504e+003,9.714127e+001
3.221987e+003,9.714109e+001
3.222469e+003,9.714096e+001
3.222951e+003,9.713989e+001
3.223433e+003,9.713622e+001
3.223915e+003,9.712834e+001
3.224397e+003,9.711595e+001
3.224879e+003,9.710066e+001
3.225361e+003,9.708589e+001
3.225844e+003,9.707590e+001
3.226325e+003,9.707428e+001
3.226808e+003,9.708261e+001
3.227290e+003,9.709994e+001
3.227772e+003,9.712305e+001
3.228254e+003,9.714767e+001
3.228736e+003,9.716994e+001
3.229218e+003,9.718736e+001
3.229700e+003,9.719910e+001
3.230182e+003,9.720541e+001
3.230665e+003,9.720685e+001
3.231147e+003,9.720357e+001
3.231629e+003,9.719525e+001
3.232111e+003,9.718149e+001
3.232593e+003,9.716265e+001
3.233075e+003,9.714045e+001
3.233557e+003,9.711787e+001
3.234039e+003,9.709869e+001
3.234521e+003,9.708606e+001
3.235004e+003,9.708170e+001
3.235486e+003,9.708514e+001
3.235968e+003,9.709385e+001
3.236450e+003,9.710390e+001
3.236932e+003,9.711112e+001
3.237414e+003,9.711226e+001
3.237896e+003,9.710578e+001
3.238378e+003,9.709233e+001
3.238861e+003,9.707447e+001
3.239343e+003,9.705613e+001
3.239825e+003,9.704149e+001
3.240307e+003,9.703414e+001
3.240789e+003,9.703577e+001
3.241271e+003,9.704599e+001
3.241753e+003,9.706220e+001
3.242235e+003,9.708046e+001
3.242718e+003,9.709681e+001
3.243200e+003,9.710846e+001
3.243682e+003,9.711473e+001
3.244164e+003,9.711710e+001
3.244646e+003,9.711817e+001
3.245128e+003,9.712046e+001
3.245610e+003,9.712492e+001
3.246092e+003,9.713037e+001
3.246574e+003,9.713409e+001
3.247057e+003,9.713300e+001
3.247539e+003,9.712512e+001
3.248021e+003,9.711067e+001
3.248503e+003,9.709204e+001
3.248985e+003,9.707298e+001
3.249467e+003,9.705702e+001
3.249949e+003,9.704636e+001
3.250431e+003,9.704125e+001
3.250914e+003,9.704041e+001
3.251396e+003,9.704182e+001
3.251878e+003,9.704382e+001
3.252360e+003,9.704549e+001
3.252842e+003,9.704668e+001
3.253324e+003,9.704736e+001
3.253806e+003,9.704726e+001
3.254288e+003,9.704607e+001
3.254771e+003,9.704385e+001
3.255252e+003,9.704153e+001
3.255735e+003,9.704117e+001
3.256217e+003,9.704526e+001
3.256699e+003,9.705544e+001
3.257181e+003,9.707120e+001
3.257663e+003,9.708916e+001
3.258145e+003,9.710365e+001
3.258627e+003,9.710868e+001
3.259109e+003,9.710002e+001
3.259592e+003,9.707737e+001
3.260074e+003,9.704475e+001
3.260556e+003,9.700932e+001
3.261038e+003,9.697894e+001
3.261520e+003,9.695958e+001
3.262002e+003,9.695365e+001
3.262484e+003,9.695963e+001
3.262966e+003,9.697341e+001
3.263448e+003,9.699033e+001
3.263931e+003,9.700680e+001
3.264413e+003,9.702127e+001
3.264895e+003,9.703374e+001
3.265377e+003,9.704477e+001
3.265859e+003,9.705444e+001
3.266341e+003,9.706202e+001
3.266823e+003,9.706628e+001
3.267305e+003,9.706641e+001
3.267788e+003,9.706270e+001
3.268270e+003,9.705682e+001
3.268752e+003,9.705103e+001
3.269234e+003,9.704753e+001
3.269716e+003,9.704739e+001
3.270198e+003,9.705054e+001
3.270680e+003,9.705613e+001
3.271162e+003,9.706319e+001
3.271645e+003,9.707116e+001
3.272127e+003,9.708003e+001
3.272609e+003,9.708986e+001
3.273091e+003,9.710002e+001
3.273573e+003,9.710896e+001
3.274055e+003,9.711455e+001
3.274537e+003,9.711474e+001
3.275019e+003,9.710858e+001
3.275501e+003,9.709674e+001
3.275984e+003,9.708122e+001
3.276466e+003,9.706438e+001
3.276948e+003,9.704790e+001
3.277430e+003,9.703214e+001
3.277912e+003,9.701613e+001
3.278394e+003,9.699839e+001
3.278876e+003,9.697807e+001
3.279358e+003,9.695560e+001
3.279841e+003,9.693291e+001
3.280323e+003,9.691248e+001
3.280805e+003,9.689654e+001
3.281287e+003,9.688626e+001
3.281769e+003,9.688163e+001
3.282251e+003,9.688201e+001
3.282733e+003,9.688708e+001
3.283215e+003,9.689705e+001
3.283698e+003,9.691288e+001
3.284179e+003,9.693513e+001
3.284662e+003,9.696303e+001
3.285144e+003,9.699395e+001
3.285626e+003,9.702373e+001
3.286108e+003,9.704768e+001
3.286590e+003,9.706218e+001
3.287072e+003,9.706585e+001
3.287554e+003,9.705991e+001
3.288036e+003,9.704739e+001
3.288519e+003,9.703185e+001
3.289001e+003,9.701614e+001
3.289483e+003,9.700158e+001
3.289965e+003,9.698818e+001
3.290447e+003,9.697543e+001
3.290929e+003,9.696311e+001
3.291411e+003,9.695190e+001
3.291893e+003,9.694318e+001
3.292375e+003,9.693833e+001
3.292858e+003,9.693820e+001
3.293340e+003,9.694276e+001
3.293822e+003,9.695114e+001
3.294304e+003,9.696232e+001
3.294786e+003,9.697534e+001
3.295268e+003,9.698979e+001
3.295750e+003,9.700539e+001
3.296232e+003,9.702168e+001
3.296715e+003,9.703790e+001
3.297197e+003,9.705313e+001
3.297679e+003,9.706670e+001
3.298161e+003,9.707858e+001
3.298643e+003,9.708951e+001
3.299125e+003,9.710037e+001
3.299607e+003,9.711134e+001
3.300089e+003,9.712134e+001
3.300572e+003,9.712786e+001
3.301054e+003,9.712801e+001
3.301536e+003,9.711971e+001
3.302018e+003,9.710321e+001
3.302500e+003,9.708144e+001
3.302982e+003,9.705947e+001
3.303464e+003,9.704266e+001
3.303946e+003,9.703471e+001
3.304428e+003,9.703627e+001
3.304911e+003,9.704485e+001
3.305393e+003,9.705592e+001
3.305875e+003,9.706504e+001
3.306357e+003,9.706953e+001
3.306839e+003,9.706948e+001
3.307321e+003,9.706708e+001
3.307803e+003,9.706549e+001
3.308285e+003,9.706703e+001
3.308768e+003,9.707229e+001
3.309250e+003,9.707994e+001
3.309732e+003,9.708777e+001
3.310214e+003,9.709367e+001
3.310696e+003,9.709657e+001
3.311178e+003,9.709640e+001
3.311660e+003,9.709345e+001
3.312142e+003,9.708774e+001
3.312625e+003,9.707869e+001
3.313106e+003,9.706539e+001
3.313589e+003,9.704758e+001
3.314071e+003,9.702644e+001
3.314553e+003,9.700488e+001
3.315035e+003,9.698684e+001
3.315517e+003,9.697600e+001
3.315999e+003,9.697446e+001
3.316481e+003,9.698190e+001
3.316963e+003,9.699580e+001
3.317446e+003,9.701230e+001
3.317928e+003,9.702773e+001
3.318410e+003,9.703976e+001
3.318892e+003,9.704765e+001
3.319374e+003,9.705192e+001
3.319856e+003,9.705338e+001
3.320338e+003,9.705254e+001
3.320820e+003,9.704905e+001
3.321302e+003,9.704253e+001
3.321785e+003,9.703299e+001
3.322267e+003,9.702171e+001
3.322749e+003,9.701114e+001
3.323231e+003,9.700440e+001
3.323713e+003,9.700431e+001
3.324195e+003,9.701226e+001
3.324677e+003,9.702782e+001
3.325159e+003,9.704861e+001
3.325642e+003,9.707110e+001
3.326124e+003,9.709139e+001
3.326606e+003,9.710604e+001
3.327088e+003,9.711267e+001
3.327570e+003,9.711028e+001
3.328052e+003,9.709939e+001
3.328534e+003,9.708173e+001
3.329016e+003,9.706024e+001
3.329499e+003,9.703842e+001
3.329981e+003,9.701981e+001
3.330463e+003,9.700684e+001
3.330945e+003,9.700051e+001
3.331427e+003,9.699975e+001
3.331909e+003,9.700195e+001
3.332391e+003,9.700359e+001
3.332873e+003,9.700165e+001
3.333355e+003,9.699464e+001
3.333838e+003,9.698315e+001
3.334320e+003,9.696978e+001
3.334802e+003,9.695821e+001
3.335284e+003,9.695226e+001
3.335766e+003,9.695467e+001
3.336248e+003,9.696655e+001
3.336730e+003,9.698717e+001
3.337212e+003,9.701425e+001
3.337695e+003,9.704444e+001
3.338177e+003,9.707395e+001
3.338659e+003,9.709895e+001
3.339141e+003,9.711620e+001
3.339623e+003,9.712384e+001
3.340105e+003,9.712157e+001
3.340587e+003,9.711119e+001
3.341069e+003,9.709622e+001
3.341552e+003,9.708128e+001
3.342033e+003,9.707092e+001
3.342516e+003,9.706847e+001
3.342998e+003,9.707522e+001
3.343480e+003,9.709022e+001
3.343962e+003,9.711067e+001
3.344444e+003,9.713289e+001
3.344926e+003,9.715324e+001
3.345408e+003,9.716895e+001
3.345890e+003,9.717835e+001
3.346373e+003,9.718090e+001
3.346855e+003,9.717702e+001
3.347337e+003,9.716785e+001
3.347819e+003,9.715518e+001
3.348301e+003,9.714141e+001
3.348783e+003,9.712926e+001
3.349265e+003,9.712144e+001
3.349747e+003,9.711991e+001
3.350229e+003,9.712535e+001
3.350712e+003,9.713684e+001
3.351194e+003,9.715210e+001
3.351676e+003,9.716814e+001
3.352158e+003,9.718227e+001
3.352640e+003,9.719280e+001
3.353122e+003,9.719960e+001
3.353604e+003,9.720364e+001
3.354086e+003,9.720669e+001
3.354569e+003,9.721041e+001
3.355051e+003,9.721590e+001
3.355533e+003,9.722342e+001
3.356015e+003,9.723250e+001
3.356497e+003,9.724223e+001
3.356979e+003,9.725156e+001
3.357461e+003,9.725918e+001
3.357943e+003,9.726370e+001
3.358426e+003,9.726360e+001
3.358908e+003,9.725736e+001
3.359390e+003,9.724385e+001
3.359872e+003,9.722269e+001
3.360354e+003,9.719450e+001
3.360836e+003,9.716108e+001
3.361318e+003,9.712495e+001
3.361800e+003,9.708903e+001
3.362282e+003,9.705616e+001
3.362765e+003,9.702853e+001
3.363247e+003,9.700758e+001
3.363729e+003,9.699392e+001
3.364211e+003,9.698730e+001
3.364693e+003,9.698679e+001
3.365175e+003,9.699092e+001
3.365657e+003,9.699802e+001
3.366139e+003,9.700654e+001
3.366622e+003,9.701547e+001
3.367104e+003,9.702454e+001
3.367586e+003,9.703410e+001
3.368068e+003,9.704478e+001
3.368550e+003,9.705714e+001
3.369032e+003,9.707105e+001
3.369514e+003,9.708569e+001
3.369996e+003,9.709993e+001
3.370479e+003,9.711278e+001
3.370961e+003,9.712393e+001
3.371443e+003,9.713403e+001
3.371925e+003,9.714433e+001
3.372407e+003,9.715607e+001
3.372889e+003,9.716975e+001
3.373371e+003,9.718474e+001
3.373853e+003,9.719949e+001
3.374335e+003,9.721210e+001
3.374818e+003,9.722107e+001
3.375300e+003,9.722586e+001
3.375782e+003,9.722678e+001
3.376264e+003,9.722460e+001
3.376746e+003,9.721983e+001
3.377228e+003,9.721248e+001
3.377710e+003,9.720211e+001
3.378192e+003,9.718860e+001
3.378675e+003,9.717276e+001
3.379156e+003,9.715670e+001
3.379639e+003,9.714352e+001
3.380121e+003,9.713632e+001
3.380603e+003,9.713723e+001
3.381085e+003,9.714648e+001
3.381567e+003,9.716235e+001
3.382049e+003,9.718207e+001
3.382531e+003,9.720272e+001
3.383013e+003,9.722218e+001
3.383496e+003,9.723946e+001
3.383978e+003,9.725450e+001
3.384460e+003,9.726727e+001
3.384942e+003,9.727758e+001
3.385424e+003,9.728501e+001
3.385906e+003,9.728948e+001
3.386388e+003,9.729207e+001
3.386870e+003,9.729497e+001
3.387353e+003,9.730079e+001
3.387835e+003,9.731133e+001
3.388317e+003,9.732584e+001
3.388799e+003,9.734062e+001
3.389281e+003,9.734968e+001
3.389763e+003,9.734684e+001
3.390245e+003,9.732848e+001
3.390727e+003,9.729545e+001
3.391209e+003,9.725381e+001
3.391692e+003,9.721310e+001
3.392174e+003,9.718315e+001
3.392656e+003,9.717068e+001
3.393138e+003,9.717680e+001
3.393620e+003,9.719675e+001
3.394102e+003,9.722172e+001
3.394584e+003,9.724202e+001
3.395066e+003,9.725019e+001
3.395549e+003,9.724302e+001
3.396031e+003,9.722166e+001
3.396513e+003,9.719065e+001
3.396995e+003,9.715580e+001
3.397477e+003,9.712254e+001
3.397959e+003,9.709485e+001
3.398441e+003,9.707507e+001
3.398923e+003,9.706422e+001
3.399406e+003,9.706236e+001
3.399888e+003,9.706875e+001
3.400370e+003,9.708176e+001
3.400852e+003,9.709888e+001
3.401334e+003,9.711696e+001
3.401816e+003,9.713304e+001
3.402298e+003,9.714513e+001
3.402780e+003,9.715281e+001
3.403262e+003,9.715760e+001
3.403745e+003,9.716181e+001
3.404227e+003,9.716792e+001
3.404709e+003,9.717741e+001
3.405191e+003,9.719041e+001
3.405673e+003,9.720576e+001
3.406155e+003,9.722163e+001
3.406637e+003,9.723646e+001
3.407119e+003,9.724951e+001
3.407602e+003,9.726099e+001
3.408083e+003,9.727205e+001
3.408566e+003,9.728448e+001
3.409048e+003,9.730036e+001
3.409530e+003,9.732174e+001
3.410012e+003,9.735028e+001
3.410494e+003,9.738598e+001
3.410976e+003,9.742885e+001
3.411458e+003,9.747516e+001
3.411940e+003,9.751882e+001
3.412423e+003,9.755229e+001
3.412905e+003,9.756886e+001
3.413387e+003,9.756453e+001
3.413869e+003,9.753951e+001
3.414351e+003,9.749825e+001
3.414833e+003,9.744830e+001
3.415315e+003,9.739821e+001
3.415797e+003,9.735539e+001
3.416280e+003,9.732480e+001
3.416762e+003,9.730844e+001
3.417244e+003,9.730578e+001
3.417726e+003,9.731461e+001
3.418208e+003,9.733159e+001
3.418690e+003,9.735278e+001
3.419172e+003,9.737378e+001
3.419654e+003,9.739015e+001
3.420136e+003,9.739815e+001
3.420619e+003,9.739580e+001
3.421101e+003,9.738343e+001
3.421583e+003,9.736382e+001
3.422065e+003,9.734099e+001
3.422547e+003,9.731873e+001
3.423029e+003,9.729866e+001
3.423511e+003,9.727974e+001
3.423993e+003,9.725867e+001
3.424476e+003,9.723167e+001
3.424958e+003,9.719659e+001
3.425440e+003,9.715470e+001
3.425922e+003,9.711085e+001
3.426404e+003,9.707253e+001
3.426886e+003,9.704741e+001
3.427368e+003,9.704102e+001
3.427850e+003,9.705534e+001
3.428333e+003,9.708839e+001
3.428815e+003,9.713542e+001
3.429297e+003,9.719070e+001
3.429779e+003,9.724898e+001
3.430261e+003,9.730662e+001
3.430743e+003,9.736171e+001
3.431225e+003,9.741351e+001
3.431707e+003,9.746181e+001
3.432189e+003,9.750648e+001
3.432672e+003,9.754692e+001
3.433154e+003,9.758212e+001
3.433636e+003,9.761070e+001
3.434118e+003,9.763132e+001
3.434600e+003,9.764317e+001
3.435082e+003,9.764680e+001
3.435564e+003,9.764477e+001
3.436046e+003,9.764170e+001
3.436529e+003,9.764346e+001
3.437010e+003,9.765516e+001
3.437493e+003,9.767871e+001
3.437975e+003,9.771083e+001
3.438457e+003,9.774262e+001
3.438939e+003,9.776153e+001
3.439421e+003,9.775510e+001
3.439903e+003,9.771573e+001
3.440385e+003,9.764403e+001
3.440867e+003,9.754983e+001
3.441350e+003,9.744958e+001
3.441832e+003,9.736150e+001
3.442314e+003,9.729950e+001
3.442796e+003,9.726953e+001
3.443278e+003,9.726852e+001
3.443760e+003,9.728687e+001
3.444242e+003,9.731269e+001
3.444724e+003,9.733595e+001
3.445207e+003,9.735078e+001
3.445689e+003,9.735573e+001
3.446171e+003,9.735172e+001
3.446653e+003,9.734005e+001
3.447135e+003,9.732113e+001
3.447617e+003,9.729469e+001
3.448099e+003,9.726126e+001
3.448581e+003,9.722348e+001
3.449063e+003,9.718605e+001
3.449546e+003,9.715426e+001
3.450028e+003,9.713158e+001
3.450510e+003,9.711779e+001
3.450992e+003,9.710864e+001
3.451474e+003,9.709749e+001
3.451956e+003,9.707864e+001
3.452438e+003,9.705035e+001
3.452920e+003,9.701657e+001
3.453403e+003,9.698580e+001
3.453885e+003,9.696785e+001
3.454367e+003,9.697023e+001
3.454849e+003,9.699515e+001
3.455331e+003,9.703889e+001
3.455813e+003,9.709374e+001
3.456295e+003,9.715096e+001
3.456777e+003,9.720381e+001
3.457260e+003,9.724916e+001
3.457742e+003,9.728685e+001
3.458224e+003,9.731807e+001
3.458706e+003,9.734348e+001
3.459188e+003,9.736231e+001
3.459670e+003,9.737294e+001
3.460152e+003,9.737430e+001
3.460634e+003,9.736736e+001
3.461116e+003,9.735569e+001
3.461599e+003,9.734443e+001
3.462081e+003,9.733882e+001
3.462563e+003,9.734221e+001
3.463045e+003,9.735505e+001
3.463527e+003,9.737494e+001
3.464009e+003,9.739780e+001
3.464491e+003,9.741885e+001
3.464973e+003,9.743379e+001
3.465456e+003,9.743893e+001
3.465938e+003,9.743147e+001
3.466420e+003,9.740978e+001
3.466902e+003,9.737408e+001
3.467384e+003,9.732722e+001
3.467866e+003,9.727502e+001
3.468348e+003,9.722562e+001
3.468830e+003,9.718790e+001
3.469313e+003,9.716899e+001
3.469794e+003,9.717242e+001
3.470277e+003,9.719707e+001
3.470759e+003,9.723782e+001
3.471241e+003,9.728756e+001
3.471723e+003,9.733937e+001
3.472205e+003,9.738827e+001
3.472687e+003,9.743153e+001
3.473169e+003,9.746760e+001
3.473651e+003,9.749472e+001
3.474134e+003,9.751013e+001
3.474616e+003,9.751057e+001
3.475098e+003,9.749409e+001
3.475580e+003,9.746217e+001
3.476062e+003,9.742056e+001
3.476544e+003,9.737896e+001
3.477026e+003,9.734801e+001
3.477508e+003,9.733607e+001
3.477990e+003,9.734628e+001
3.478473e+003,9.737509e+001
3.478955e+003,9.741320e+001
3.479437e+003,9.744830e+001
3.479919e+003,9.746867e+001
3.480401e+003,9.746670e+001
3.480883e+003,9.744051e+001
3.481365e+003,9.739420e+001
3.481847e+003,9.733609e+001
3.482330e+003,9.727629e+001
3.482812e+003,9.722391e+001
3.483294e+003,9.718533e+001
3.483776e+003,9.716327e+001
3.484258e+003,9.715686e+001
3.484740e+003,9.716204e+001
3.485222e+003,9.717268e+001
3.485704e+003,9.718200e+001
3.486187e+003,9.718411e+001
3.486669e+003,9.717582e+001
3.487151e+003,9.715748e+001
3.487633e+003,9.713321e+001
3.488115e+003,9.710970e+001
3.488597e+003,9.709418e+001
3.489079e+003,9.709260e+001
3.489561e+003,9.710815e+001
3.490043e+003,9.714116e+001
3.490526e+003,9.718976e+001
3.491008e+003,9.725109e+001
3.491490e+003,9.732240e+001
3.491972e+003,9.740128e+001
3.492454e+003,9.748544e+001
3.492936e+003,9.757188e+001
3.493418e+003,9.765623e+001
3.493900e+003,9.773284e+001
3.494383e+003,9.779530e+001
3.494865e+003,9.783761e+001
3.495347e+003,9.785561e+001
3.495829e+003,9.784795e+001
3.496311e+003,9.781688e+001
3.496793e+003,9.776809e+001
3.497275e+003,9.771018e+001
3.497757e+003,9.765330e+001
3.498240e+003,9.760757e+001
3.498721e+003,9.758098e+001
3.499204e+003,9.757737e+001
3.499686e+003,9.759512e+001
3.500168e+003,9.762670e+001
3.500650e+003,9.765984e+001
3.501132e+003,9.768061e+001
3.501614e+003,9.767731e+001
3.502096e+003,9.764434e+001
3.502578e+003,9.758436e+001
3.503061e+003,9.750713e+001
3.503543e+003,9.742616e+001
3.504025e+003,9.735339e+001
3.504507e+003,9.729510e+001
3.504989e+003,9.725046e+001
3.505471e+003,9.721267e+001
3.505953e+003,9.717260e+001
3.506435e+003,9.712256e+001
3.506917e+003,9.705943e+001
3.507400e+003,9.698587e+001
3.507882e+003,9.690965e+001
3.508364e+003,9.684154e+001
3.508846e+003,9.679232e+001
3.509328e+003,9.677043e+001
3.509810e+003,9.678046e+001
3.510292e+003,9.682299e+001
3.510774e+003,9.689518e+001
3.511257e+003,9.699190e+001
3.511739e+003,9.710640e+001
3.512221e+003,9.723106e+001
3.512703e+003,9.735799e+001
3.513185e+003,9.747946e+001
3.513667e+003,9.758888e+001
3.514149e+003,9.768119e+001
3.514631e+003,9.775336e+001
3.515114e+003,9.780456e+001
3.515596e+003,9.783598e+001
3.516078e+003,9.785107e+001
3.516560e+003,9.785535e+001
3.517042e+003,9.785616e+001
3.517524e+003,9.786143e+001
3.518006e+003,9.787785e+001
3.518488e+003,9.790862e+001
3.518970e+003,9.795203e+001
3.519453e+003,9.800085e+001
3.519935e+003,9.804403e+001
3.520417e+003,9.806973e+001
3.520899e+003,9.806866e+001
3.521381e+003,9.803697e+001
3.521863e+003,9.797684e+001
3.522345e+003,9.789523e+001
3.522827e+003,9.780107e+001
3.523310e+003,9.770229e+001
3.523792e+003,9.760469e+001
3.524274e+003,9.751240e+001
3.524756e+003,9.742948e+001
3.525238e+003,9.736149e+001
3.525720e+003,9.731468e+001
3.526202e+003,9.729329e+001
3.526684e+003,9.729597e+001
3.527167e+003,9.731314e+001
3.527648e+003,9.732779e+001
3.528131e+003,9.732027e+001
3.528613e+003,9.727595e+001
3.529095e+003,9.719161e+001
3.529577e+003,9.707792e+001
3.530059e+003,9.695610e+001
3.530541e+003,9.685060e+001
3.531023e+003,9.678037e+001
3.531505e+003,9.675343e+001
3.531988e+003,9.676611e+001
3.532470e+003,9.680752e+001
3.532952e+003,9.686662e+001
3.533434e+003,9.693896e+001
3.533916e+003,9.702905e+001
3.534398e+003,9.714800e+001
3.534880e+003,9.730660e+001
3.535362e+003,9.750776e+001
3.535844e+003,9.774165e+001
3.536327e+003,9.798615e+001
3.536809e+003,9.821286e+001
3.537291e+003,9.839559e+001
3.537773e+003,9.851724e+001
3.538255e+003,9.857269e+001
3.538737e+003,9.856678e+001
3.539219e+003,9.851032e+001
3.539701e+003,9.841624e+001
3.540184e+003,9.829803e+001
3.540666e+003,9.817021e+001
3.541148e+003,9.804948e+001
3.541630e+003,9.795430e+001
3.542112e+003,9.790189e+001
3.542594e+003,9.790265e+001
3.543076e+003,9.795463e+001
3.543558e+003,9.804030e+001
3.544041e+003,9.812898e+001
3.544523e+003,9.818491e+001
3.545005e+003,9.817890e+001
3.545487e+003,9.809921e+001
3.545969e+003,9.795615e+001
3.546451e+003,9.777793e+001
3.546933e+003,9.759997e+001
3.547415e+003,9.745240e+001
3.547897e+003,9.735152e+001
3.548380e+003,9.729811e+001
3.548862e+003,9.728128e+001
3.549344e+003,9.728545e+001
3.549826e+003,9.729678e+001
3.550308e+003,9.730665e+001
3.550790e+003,9.731294e+001
3.551272e+003,9.731869e+001
3.551754e+003,9.733028e+001
3.552237e+003,9.735582e+001
3.552719e+003,9.740451e+001
3.553201e+003,9.748615e+001
3.553683e+003,9.761073e+001
3.554165e+003,9.778640e+001
3.554647e+003,9.801719e+001
3.555129e+003,9.830068e+001
3.555611e+003,9.862688e+001
3.556094e+003,9.897867e+001
3.556575e+003,9.933414e+001
3.557058e+003,9.966955e+001
3.557540e+003,9.996175e+001
3.558022e+003,1.001893e+002
3.558504e+003,1.003332e+002
3.558986e+003,1.003782e+002
3.559468e+003,1.003151e+002
3.559950e+003,1.001449e+002
3.560432e+003,9.988232e+001
3.560915e+003,9.955669e+001
3.561397e+003,9.920814e+001
3.561879e+003,9.888008e+001
3.562361e+003,9.860977e+001
3.562843e+003,9.842018e+001
3.563325e+003,9.831548e+001
3.563807e+003,9.828125e+001
3.564289e+003,9.828885e+001
3.564771e+003,9.830295e+001
3.565254e+003,9.829087e+001
3.565736e+003,9.823134e+001
3.566218e+003,9.812054e+001
3.566700e+003,9.797226e+001
3.567182e+003,9.781078e+001
3.567664e+003,9.765984e+001
3.568146e+003,9.753300e+001
3.568628e+003,9.743008e+001
3.569111e+003,9.733961e+001
3.569593e+003,9.724381e+001
3.570075e+003,9.712370e+001
3.570557e+003,9.696313e+001
3.571039e+003,9.675233e+001
3.571521e+003,9.649126e+001
3.572003e+003,9.619231e+001
3.572485e+003,9.588169e+001
3.572968e+003,9.559763e+001
3.573450e+003,9.538551e+001
3.573932e+003,9.529044e+001
3.574414e+003,9.534895e+001
3.574896e+003,9.558164e+001
3.575378e+003,9.598888e+001
3.575860e+003,9.655019e+001
3.576342e+003,9.722733e+001
3.576824e+003,9.796989e+001
3.577307e+003,9.872157e+001
3.577789e+003,9.942590e+001
3.578271e+003,1.000309e+002
3.578753e+003,1.004927e+002
3.579235e+003,1.007798e+002
3.579717e+003,1.008770e+002
3.580199e+003,1.007895e+002
3.580681e+003,1.005453e+002
3.581164e+003,1.001936e+002
3.581646e+003,9.979826e+001
3.582128e+003,9.942766e+001
3.582610e+003,9.914244e+001
3.583092e+003,9.898502e+001
3.583574e+003,9.897282e+001
3.584056e+003,9.909594e+001
3.584538e+003,9.931937e+001
3.585021e+003,9.958880e+001
3.585502e+003,9.984020e+001
3.585985e+003,1.000132e+002
3.586467e+003,1.000665e+002
3.586949e+003,9.998933e+001
3.587431e+003,9.980370e+001
3.587913e+003,9.955186e+001
3.588395e+003,9.927713e+001
3.588877e+003,9.900765e+001
3.589359e+003,9.875145e+001
3.589842e+003,9.850084e+001
3.590324e+003,9.824059e+001
3.590806e+003,9.795518e+001
3.591288e+003,9.763354e+001
3.591770e+003,9.727174e+001
3.592252e+003,9.687505e+001
3.592734e+003,9.645971e+001
3.593216e+003,9.605425e+001
3.593698e+003,9.569881e+001
3.594181e+003,9.544043e+001
3.594663e+003,9.532455e+001
3.595145e+003,9.538421e+001
3.595627e+003,9.563033e+001
3.596109e+003,9.604676e+001
3.596591e+003,9.659170e+001
3.597073e+003,9.720539e+001
3.597555e+003,9.782226e+001
3.598038e+003,9.838362e+001
3.598520e+003,9.884741e+001
3.599002e+003,9.919228e+001
3.599484e+003,9.941528e+001
3.599966e+003,9.952611e+001
3.600448e+003,9.954077e+001
3.600930e+003,9.947868e+001
3.601412e+003,9.936349e+001
3.601895e+003,9.922544e+001
3.602377e+003,9.910107e+001
3.602859e+003,9.902833e+001
3.603341e+003,9.903710e+001
3.603823e+003,9.913873e+001
3.604305e+003,9.931812e+001
3.604787e+003,9.953288e+001
3.605269e+003,9.972184e+001
3.605751e+003,9.982300e+001
3.606234e+003,9.979726e+001
3.606716e+003,9.964956e+001
3.607198e+003,9.943591e+001
3.607680e+003,9.924871e+001
3.608162e+003,9.918239e+001
3.608644e+003,9.929524e+001
3.609126e+003,9.958596e+001
3.609608e+003,9.999485e+001
3.610091e+003,1.004243e+002
3.610573e+003,1.007669e+002
3.611055e+003,1.009289e+002
3.611537e+003,1.008488e+002
3.612019e+003,1.005076e+002
3.612501e+003,9.993425e+001
3.612983e+003,9.920100e+001
3.613465e+003,9.840773e+001
3.613948e+003,9.765907e+001
3.614429e+003,9.704376e+001
3.614912e+003,9.662370e+001
3.615394e+003,9.643275e+001
3.615876e+003,9.647998e+001
3.616358e+003,9.675243e+001
3.616840e+003,9.721654e+001
3.617322e+003,9.782014e+001
3.617804e+003,9.849864e+001
3.618286e+003,9.918641e+001
3.618769e+003,9.982895e+001
3.619251e+003,1.003877e+002
3.619733e+003,1.008331e+002
3.620215e+003,1.011326e+002
3.620697e+003,1.012446e+002
3.621179e+003,1.011254e+002
3.621661e+003,1.007468e+002
3.622143e+003,1.001141e+002
3.622625e+003,9.927630e+001
3.623108e+003,9.832204e+001
3.623590e+003,9.735996e+001
3.624072e+003,9.649191e+001
3.624554e+003,9.578773e+001
3.625036e+003,9.527132e+001
3.625518e+003,9.492160e+001
3.626000e+003,9.468729e+001
3.626482e+003,9.451079e+001
3.626965e+003,9.435487e+001
3.627447e+003,9.422386e+001
3.627929e+003,9.416708e+001
3.628411e+003,9.425230e+001
3.628893e+003,9.451761e+001
3.629375e+003,9.493631e+001
3.629857e+003,9.542553e+001
3.630339e+003,9.588612e+001
3.630822e+003,9.623894e+001
3.631304e+003,9.643804e+001
3.631786e+003,9.646698e+001
3.632268e+003,9.633006e+001
3.632750e+003,9.604656e+001
3.633232e+003,9.564887e+001
3.633714e+003,9.518320e+001
3.634196e+003,9.470979e+001
3.634678e+003,9.430038e+001
3.635161e+003,9.403256e+001
3.635643e+003,9.398163e+001
3.636125e+003,9.421010e+001
3.636607e+003,9.475483e+001
3.637089e+003,9.561349e+001
3.637571e+003,9.673496e+001
3.638053e+003,9.802007e+001
3.638535e+003,9.933762e+001
3.639018e+003,1.005532e+002
3.639500e+003,1.015608e+002
3.639982e+003,1.023052e+002
3.640464e+003,1.027838e+002
3.640946e+003,1.030322e+002
3.641428e+003,1.030988e+002
3.641910e+003,1.030231e+002
3.642392e+003,1.028247e+002
3.642875e+003,1.025079e+002
3.643356e+003,1.020776e+002
3.643839e+003,1.015568e+002
3.644321e+003,1.009984e+002
3.644803e+003,1.004854e+002
3.645285e+003,1.001177e+002
3.645767e+003,9.998631e+001
3.646249e+003,1.001385e+002
3.646731e+003,1.005407e+002
3.647213e+003,1.010570e+002
3.647696e+003,1.014657e+002
3.648178e+003,1.015313e+002
3.648660e+003,1.011115e+002
3.649142e+003,1.002371e+002
3.649624e+003,9.909871e+001
3.650106e+003,9.794482e+001
3.650588e+003,9.696232e+001
3.651070e+003,9.621457e+001
3.651552e+003,9.565350e+001
3.652035e+003,9.517313e+001
3.652517e+003,9.466576e+001
3.652999e+003,9.405961e+001
3.653481e+003,9.333604e+001
3.653963e+003,9.253257e+001
3.654445e+003,9.173474e+001
3.654927e+003,9.105790e+001
3.655409e+003,9.061713e+001
3.655892e+003,9.049269e+001
3.656374e+003,9.070745e+001
3.656856e+003,9.123093e+001
3.657338e+003,9.200567e+001
3.657820e+003,9.297529e+001
3.658302e+003,9.409535e+001
3.658784e+003,9.532540e+001
3.659266e+003,9.661221e+001
3.659749e+003,9.787776e+001
3.660231e+003,9.902200e+001
3.660713e+003,9.994284e+001
3.661195e+003,1.005664e+002
3.661677e+003,1.008731e+002
3.662159e+003,1.009061e+002
3.662641e+003,1.007602e+002
3.663123e+003,1.005556e+002
3.663605e+003,1.004104e+002
3.664088e+003,1.004184e+002
3.664570e+003,1.006376e+002
3.665052e+003,1.010880e+002
3.665534e+003,1.017541e+002
3.666016e+003,1.025876e+002
3.666498e+003,1.035064e+002
3.666980e+003,1.043923e+002
3.667462e+003,1.050928e+002
3.667945e+003,1.054386e+002
3.668427e+003,1.052916e+002
3.668909e+003,1.046138e+002
3.669391e+003,1.035200e+002
3.669873e+003,1.022525e+002
3.670355e+003,1.010740e+002
3.670837e+003,1.001525e+002
3.671319e+003,9.951664e+001
3.671802e+003,9.908502e+001
3.672283e+003,9.872430e+001
3.672766e+003,9.829824e+001
3.673248e+003,9.770226e+001
3.673730e+003,9.689157e+001
3.674212e+003,9.590810e+001
3.674694e+003,9.488960e+001
3.675176e+003,9.403205e+001
3.675658e+003,9.350416e+001
3.676140e+003,9.337354e+001
3.676623e+003,9.360559e+001
3.677105e+003,9.411813e+001
3.677587e+003,9.482885e+001
3.678069e+003,9.566560e+001
3.678551e+003,9.655016e+001
3.679033e+003,9.738038e+001
3.679515e+003,9.803104e+001
3.679997e+003,9.838182e+001
3.680479e+003,9.836169e+001
3.680962e+003,9.798367e+001
3.681444e+003,9.734757e+001
3.681926e+003,9.660965e+001
3.682408e+003,9.593484e+001
3.682890e+003,9.545063e+001
3.683372e+003,9.521538e+001
3.683854e+003,9.520921e+001
3.684336e+003,9.534994e+001
3.684819e+003,9.552960e+001
3.685301e+003,9.565807e+001
3.685783e+003,9.569762e+001
3.686265e+003,9.567603e+001
3.686747e+003,9.567381e+001
3.687229e+003,9.578686e+001
3.687711e+003,9.607489e+001
3.688193e+003,9.651745e+001
3.688676e+003,9.700877e+001
3.689158e+003,9.740758e+001
3.689640e+003,9.761465e+001
3.690122e+003,9.762236e+001
3.690604e+003,9.750514e+001
3.691086e+003,9.736613e+001
3.691568e+003,9.727948e+001
3.692050e+003,9.725693e+001
3.692532e+003,9.724722e+001
3.693015e+003,9.716249e+001
3.693497e+003,9.691791e+001
3.693979e+003,9.646941e+001
3.694461e+003,9.583595e+001
3.694943e+003,9.509942e+001
3.695425e+003,9.438271e+001
3.695907e+003,9.381337e+001
3.696389e+003,9.348727e+001
3.696872e+003,9.344574e+001
3.697354e+003,9.367456e+001
3.697836e+003,9.412179e+001
3.698318e+003,9.472385e+001
3.698800e+003,9.542774e+001
3.699282e+003,9.620117e+001
3.699764e+003,9.702839e+001
3.700246e+003,9.789542e+001
3.700729e+003,9.877283e+001
3.701211e+003,9.960697e+001
3.701693e+003,1.003276e+002
3.702175e+003,1.008692e+002
3.702657e+003,1.011928e+002
3.703139e+003,1.012948e+002
3.703621e+003,1.011992e+002
3.704103e+003,1.009410e+002
3.704585e+003,1.005525e+002
3.705068e+003,1.000572e+002
3.705550e+003,9.947369e+001
3.706032e+003,9.882465e+001
3.706514e+003,9.814582e+001
3.706996e+003,9.749036e+001
3.707478e+003,9.692447e+001
3.707960e+003,9.651553e+001
3.708442e+003,9.631571e+001
3.708925e+003,9.634596e+001
3.709406e+003,9.658550e+001
3.709889e+003,9.697104e+001
3.710371e+003,9.740955e+001
3.710853e+003,9.780492e+001
3.711335e+003,9.808899e+001
3.711817e+003,9.824040e+001
3.712299e+003,9.827909e+001
3.712781e+003,9.824216e+001
3.713263e+003,9.815879e+001
3.713746e+003,9.803804e+001
3.714228e+003,9.787155e+001
3.714710e+003,9.764403e+001
3.715192e+003,9.734555e+001
3.715674e+003,9.698029e+001
3.716156e+003,9.657066e+001
3.716638e+003,9.615558e+001
3.717120e+003,9.578347e+001
3.717603e+003,9.550254e+001
3.718085e+003,9.535107e+001
3.718567e+003,9.535148e+001
3.719049e+003,9.550960e+001
3.719531e+003,9.581818e+001
3.720013e+003,9.626191e+001
3.720495e+003,9.682186e+001
3.720977e+003,9.747757e+001
3.721459e+003,9.820676e+001
3.721942e+003,9.898364e+001
3.722424e+003,9.977674e+001
3.722906e+003,1.005476e+002
3.723388e+003,1.012518e+002
3.723870e+003,1.018427e+002
3.724352e+003,1.022793e+002
3.724834e+003,1.025365e+002
3.725316e+003,1.026141e+002
3.725799e+003,1.025399e+002
3.726281e+003,1.023606e+002
3.726763e+003,1.021233e+002
3.727245e+003,1.018568e+002
3.727727e+003,1.015621e+002
3.728209e+003,1.012165e+002
3.728691e+003,1.007907e+002
3.729173e+003,1.002669e+002
3.729656e+003,9.965623e+001
3.730138e+003,9.900630e+001
3.730620e+003,9.839798e+001
3.731102e+003,9.792895e+001
3.731584e+003,9.768776e+001
3.732066e+003,9.772991e+001
3.732548e+003,9.806874e+001
3.733030e+003,9.868580e+001
3.733512e+003,9.955035e+001
3.733995e+003,1.006285e+002
3.734477e+003,1.018673e+002
3.734959e+003,1.031593e+002
3.735441e+003,1.043178e+002
3.735923e+003,1.051006e+002
3.736405e+003,1.052935e+002
3.736887e+003,1.048105e+002
3.737369e+003,1.037393e+002
3.737852e+003,1.023085e+002
3.738333e+003,1.008067e+002
3.738816e+003,9.950124e+001
3.739298e+003,9.858064e+001
3.739780e+003,9.812514e+001
3.740262e+003,9.810144e+001
3.740744e+003,9.838005e+001
3.741226e+003,9.877285e+001
3.741708e+003,9.908404e+001
3.742190e+003,9.916519e+001
3.742673e+003,9.896294e+001
3.743155e+003,9.854254e+001
3.743637e+003,9.806223e+001
3.744119e+003,9.768637e+001
3.744601e+003,9.748106e+001
3.745083e+003,9.738113e+001
3.745565e+003,9.725594e+001
3.746047e+003,9.700177e+001
3.746530e+003,9.658733e+001
3.747012e+003,9.604599e+001
3.747494e+003,9.544409e+001
3.747976e+003,9.484547e+001
3.748458e+003,9.428094e+001
3.748940e+003,9.373237e+001
3.749422e+003,9.314703e+001
3.749904e+003,9.248695e+001
3.750386e+003,9.178547e+001
3.750869e+003,9.116085e+001
3.751351e+003,9.076649e+001
3.751833e+003,9.071048e+001
3.752315e+003,9.099650e+001
3.752797e+003,9.151714e+001
3.753279e+003,9.209744e+001
3.753761e+003,9.256260e+001
3.754243e+003,9.279726e+001
3.754726e+003,9.277409e+001
3.755208e+003,9.254776e+001
3.755690e+003,9.222427e+001
3.756172e+003,9.191959e+001
3.756654e+003,9.172100e+001
3.757136e+003,9.166354e+001
3.757618e+003,9.173054e+001
3.758100e+003,9.187953e+001
3.758583e+003,9.208054e+001
3.759065e+003,9.234258e+001
3.759547e+003,9.270956e+001
3.760029e+003,9.322660e+001
3.760511e+003,9.389889e+001
3.760993e+003,9.466902e+001
3.761475e+003,9.542458e+001
3.761957e+003,9.602984e+001
3.762439e+003,9.636639e+001
3.762922e+003,9.636948e+001
3.763404e+003,9.605088e+001
3.763886e+003,9.550195e+001
3.764368e+003,9.487124e+001
3.764850e+003,9.431940e+001
3.765332e+003,9.396780e+001
3.765814e+003,9.386658e+001
3.766296e+003,9.399611e+001
3.766779e+003,9.429552e+001
3.767260e+003,9.469652e+001
3.767743e+003,9.514616e+001
3.768225e+003,9.561260e+001
3.768707e+003,9.607738e+001
3.769189e+003,9.652220e+001
3.769671e+003,9.691959e+001
3.770153e+003,9.723330e+001
3.770635e+003,9.742809e+001
3.771117e+003,9.748139e+001
3.771600e+003,9.739001e+001
3.772082e+003,9.716994e+001
3.772564e+003,9.685164e+001
3.773046e+003,9.647343e+001
3.773528e+003,9.607527e+001
3.774010e+003,9.569338e+001
3.774492e+003,9.535657e+001
3.774974e+003,9.508411e+001
3.775457e+003,9.488608e+001
3.775939e+003,9.476508e+001
3.776421e+003,9.471935e+001
3.776903e+003,9.474483e+001
3.777385e+003,9.483617e+001
3.777867e+003,9.498470e+001
3.778349e+003,9.517572e+001
3.778831e+003,9.538686e+001
3.779313e+003,9.559072e+001
3.779796e+003,9.576232e+001
3.780278e+003,9.588779e+001
3.780760e+003,9.596864e+001
3.781242e+003,9.602003e+001
3.781724e+003,9.606359e+001
3.782206e+003,9.611853e+001
3.782688e+003,9.619362e+001
3.783170e+003,9.628281e+001
3.783653e+003,9.636732e+001
3.784135e+003,9.642599e+001
3.784617e+003,9.645073e+001
3.785099e+003,9.645905e+001
3.785581e+003,9.649437e+001
3.786063e+003,9.661251e+001
3.786545e+003,9.686002e+001
3.787027e+003,9.725323e+001
3.787510e+003,9.776614e+001
3.787992e+003,9.833291e+001
3.788474e+003,9.886617e+001
3.788956e+003,9.928780e+001
3.789438e+003,9.956039e+001
3.789920e+003,9.970497e+001
3.790402e+003,9.979490e+001
3.790884e+003,9.992689e+001
3.791366e+003,1.001809e+002
3.791849e+003,1.005862e+002
3.792331e+003,1.011049e+002
3.792813e+003,1.016395e+002
3.793295e+003,1.020600e+002
3.793777e+003,1.022444e+002
3.794259e+003,1.021218e+002
3.794741e+003,1.017065e+002
3.795223e+003,1.011067e+002
3.795706e+003,1.004966e+002
3.796188e+003,1.000550e+002
3.796670e+003,9.989964e+001
3.797152e+003,1.000490e+002
3.797634e+003,1.004249e+002
3.798116e+003,1.008814e+002
3.798598e+003,1.012414e+002
3.799080e+003,1.013308e+002
3.799563e+003,1.010168e+002
3.800044e+003,1.002560e+002
3.800527e+003,9.913766e+001
3.801009e+003,9.788010e+001
3.801491e+003,9.675127e+001
3.801973e+003,9.595295e+001
3.802455e+003,9.555241e+001
3.802937e+003,9.549786e+001
3.803419e+003,9.567950e+001
3.803901e+003,9.598403e+001
3.804384e+003,9.632325e+001
3.804866e+003,9.664153e+001
3.805348e+003,9.691235e+001
3.805830e+003,9.713031e+001
3.806312e+003,9.730143e+001
3.806794e+003,9.743447e+001
3.807276e+003,9.753630e+001
3.807758e+003,9.761266e+001
3.808240e+003,9.767277e+001
3.808723e+003,9.773360e+001
3.809205e+003,9.781995e+001
3.809687e+003,9.795869e+001
3.810169e+003,9.816898e+001
3.810651e+003,9.845185e+001
3.811133e+003,9.878386e+001
3.811615e+003,9.911884e+001
3.812097e+003,9.939707e+001
3.812580e+003,9.955879e+001
3.813062e+003,9.955796e+001
3.813544e+003,9.937399e+001
3.814026e+003,9.902184e+001
3.814508e+003,9.855880e+001
3.814990e+003,9.808079e+001
3.815472e+003,9.769907e+001
3.815954e+003,9.750106e+001
3.816437e+003,9.751858e+001
3.816919e+003,9.772466e+001
3.817401e+003,9.805494e+001
3.817883e+003,9.843136e+001
3.818365e+003,9.877348e+001
3.818847e+003,9.899934e+001
3.819329e+003,9.902782e+001
3.819811e+003,9.879653e+001
3.820293e+003,9.829814e+001
3.820776e+003,9.761404e+001
3.821258e+003,9.690311e+001
3.821740e+003,9.633626e+001
3.822222e+003,9.602586e+001
3.822704e+003,9.600089e+001
3.823186e+003,9.622376e+001
3.823668e+003,9.661692e+001
3.824150e+003,9.708134e+001
3.824633e+003,9.750944e+001
3.825115e+003,9.780192e+001
3.825597e+003,9.789402e+001
3.826079e+003,9.778291e+001
3.826561e+003,9.753810e+001
3.827043e+003,9.728156e+001
3.827525e+003,9.714506e+001
3.828007e+003,9.722749e+001
3.828490e+003,9.756782e+001
3.828971e+003,9.813536e+001
3.829454e+003,9.883324e+001
3.829936e+003,9.951529e+001
3.830418e+003,1.000219e+002
3.830900e+003,1.002319e+002
3.831382e+003,1.001108e+002
3.831864e+003,9.972626e+001
3.832346e+003,9.921800e+001
3.832828e+003,9.874048e+001
3.833311e+003,9.840870e+001
3.833793e+003,9.826799e+001
3.834275e+003,9.829033e+001
3.834757e+003,9.839081e+001
3.835239e+003,9.845794e+001
3.835721e+003,9.839162e+001
3.836203e+003,9.813987e+001
3.836685e+003,9.772149e+001
3.837167e+003,9.722185e+001
3.837650e+003,9.676054e+001
3.838132e+003,9.644453e+001
3.838614e+003,9.633097e+001
3.839096e+003,9.641612e+001
3.839578e+003,9.665049e+001
3.840060e+003,9.696637e+001
3.840542e+003,9.730331e+001
3.841024e+003,9.762398e+001
3.841507e+003,9.791911e+001
3.841989e+003,9.820343e+001
3.842471e+003,9.850459e+001
3.842953e+003,9.884783e+001
3.843435e+003,9.923989e+001
3.843917e+003,9.965792e+001
3.844399e+003,1.000479e+002
3.844881e+003,1.003351e+002
3.845364e+003,1.004433e+002
3.845846e+003,1.003186e+002
3.846328e+003,9.994827e+001
3.846810e+003,9.936743e+001
3.847292e+003,9.865291e+001
3.847774e+003,9.790420e+001
3.848256e+003,9.721912e+001
3.848738e+003,9.667171e+001
3.849220e+003,9.629919e+001
3.849703e+003,9.610213e+001
3.850185e+003,9.605736e+001
3.850667e+003,9.613955e+001
3.851149e+003,9.634412e+001
3.851631e+003,9.670011e+001
3.852113e+003,9.725817e+001
3.852595e+003,9.804314e+001
3.853077e+003,9.899346e+001
3.853560e+003,9.994865e+001
3.854042e+003,1.007202e+002
3.854524e+003,1.011844e+002
3.855006e+003,1.013136e+002
3.855488e+003,1.011453e+002
3.855970e+003,1.007343e+002
3.856452e+003,1.001237e+002
3.856934e+003,9.933872e+001
3.857417e+003,9.839722e+001
3.857898e+003,9.732897e+001
3.858381e+003,9.619391e+001
3.858863e+003,9.508984e+001
3.859345e+003,9.414437e+001
3.859827e+003,9.349113e+001
3.860309e+003,9.323663e+001
3.860791e+003,9.342603e+001
3.861273e+003,9.401748e+001
3.861755e+003,9.487696e+001
3.862238e+003,9.580457e+001
3.862720e+003,9.659389e+001
3.863202e+003,9.710725e+001
3.863684e+003,9.732857e+001
3.864166e+003,9.735910e+001
3.864648e+003,9.735271e+001
3.865130e+003,9.742986e+001
3.865612e+003,9.762045e+001
3.866094e+003,9.785963e+001
3.866577e+003,9.802669e+001
3.867059e+003,9.800062e+001
3.867541e+003,9.771252e+001
3.868023e+003,9.718335e+001
3.868505e+003,9.653577e+001
3.868987e+003,9.596464e+001
3.869469e+003,9.566194e+001
3.869951e+003,9.572837e+001
3.870434e+003,9.613066e+001
3.870916e+003,9.673380e+001
3.871398e+003,9.737373e+001
3.871880e+003,9.791665e+001
3.872362e+003,9.828182e+001
3.872844e+003,9.843760e+001
3.873326e+003,9.838868e+001
3.873808e+003,9.816528e+001
3.874291e+003,9.781585e+001
3.874773e+003,9.740036e+001
3.875255e+003,9.698150e+001
3.875737e+003,9.661534e+001
3.876219e+003,9.634270e+001
3.876701e+003,9.618265e+001
3.877183e+003,9.612672e+001
3.877665e+003,9.613592e+001
3.878147e+003,9.614528e+001
3.878630e+003,9.608318e+001
3.879112e+003,9.590628e+001
3.879594e+003,9.563619e+001
3.880076e+003,9.536992e+001
3.880558e+003,9.524612e+001
3.881040e+003,9.538319e+001
3.881522e+003,9.582742e+001
3.882004e+003,9.653461e+001
3.882487e+003,9.738193e+001
3.882969e+003,9.819544e+001
3.883451e+003,9.878661e+001
3.883933e+003,9.899996e+001
3.884415e+003,9.876980e+001
3.884897e+003,9.816239e+001
3.885379e+003,9.736640e+001
3.885861e+003,9.661781e+001
3.886344e+003,9.610299e+001
3.886825e+003,9.590343e+001
3.887308e+003,9.600254e+001
3.887790e+003,9.632622e+001
3.888272e+003,9.678228e+001
3.888754e+003,9.728419e+001
3.889236e+003,9.776130e+001
3.889718e+003,9.816235e+001
3.890200e+003,9.845851e+001
3.890682e+003,9.864651e+001
3.891165e+003,9.874837e+001
3.891647e+003,9.880431e+001
3.892129e+003,9.885926e+001
3.892611e+003,9.894826e+001
3.893093e+003,9.908639e+001
3.893575e+003,9.926500e+001
3.894057e+003,9.945304e+001
3.894539e+003,9.960266e+001
3.895021e+003,9.965818e+001
3.895504e+003,9.956783e+001
3.895986e+003,9.929659e+001
3.896468e+003,9.883806e+001
3.896950e+003,9.822163e+001
3.897432e+003,9.751218e+001
3.897914e+003,9.680026e+001
3.898396e+003,9.618312e+001
3.898878e+003,9.574097e+001
3.899361e+003,9.551579e+001
3.899843e+003,9.550179e+001
3.900325e+003,9.565134e+001
3.900807e+003,9.589301e+001
3.901289e+003,9.615324e+001
3.901771e+003,9.637216e+001
3.902253e+003,9.651011e+001
3.902735e+003,9.654587e+001
3.903218e+003,9.647203e+001
3.903700e+003,9.629177e+001
3.904182e+003,9.601942e+001
3.904664e+003,9.568245e+001
3.905146e+003,9.532104e+001
3.905628e+003,9.498339e+001
3.906110e+003,9.471656e+001
3.906592e+003,9.455608e+001
3.907074e+003,9.451661e+001
3.907557e+003,9.458641e+001
3.908039e+003,9.472771e+001
3.908521e+003,9.488488e+001
3.909003e+003,9.500076e+001
3.909485e+003,9.503682e+001
3.909967e+003,9.498908e+001
3.910449e+003,9.489243e+001
3.910931e+003,9.480957e+001
3.911414e+003,9.480910e+001
3.911896e+003,9.494170e+001
3.912378e+003,9.522354e+001
3.912860e+003,9.563303e+001
3.913342e+003,9.612076e+001
3.913824e+003,9.662752e+001
3.914306e+003,9.710284e+001
3.914788e+003,9.751724e+001
3.915271e+003,9.786385e+001
3.915752e+003,9.815017e+001
3.916235e+003,9.838535e+001
3.916717e+003,9.856965e+001
3.917199e+003,9.869299e+001
3.917681e+003,9.874321e+001
3.918163e+003,9.871776e+001
3.918645e+003,9.863111e+001
3.919127e+003,9.851295e+001
3.919609e+003,9.839721e+001
3.920092e+003,9.830795e+001
3.920574e+003,9.824946e+001
3.921056e+003,9.820498e+001
3.921538e+003,9.814479e+001
3.922020e+003,9.803997e+001
3.922502e+003,9.787547e+001
3.922984e+003,9.765708e+001
3.923466e+003,9.740927e+001
3.923948e+003,9.716501e+001
3.924431e+003,9.695166e+001
3.924913e+003,9.678048e+001
3.925395e+003,9.664510e+001
3.925877e+003,9.652911e+001
3.926359e+003,9.641801e+001
3.926841e+003,9.630800e+001
3.927323e+003,9.620760e+001
3.927805e+003,9.613223e+001
3.928288e+003,9.609488e+001
3.928770e+003,9.609846e+001
3.929252e+003,9.613337e+001
3.929734e+003,9.618251e+001
3.930216e+003,9.623170e+001
3.930698e+003,9.628019e+001
3.931180e+003,9.634503e+001
3.931662e+003,9.645534e+001
3.932145e+003,9.663760e+001
3.932627e+003,9.689957e+001
3.933109e+003,9.722046e+001
3.933591e+003,9.755319e+001
3.934073e+003,9.783761e+001
3.934555e+003,9.801907e+001
3.935037e+003,9.806505e+001
3.935519e+003,9.797453e+001
3.936001e+003,9.777708e+001
3.936484e+003,9.752357e+001
3.936966e+003,9.727132e+001
3.937448e+003,9.706915e+001
3.937930e+003,9.694685e+001
3.938412e+003,9.691180e+001
3.938894e+003,9.695271e+001
3.939376e+003,9.704722e+001
3.939858e+003,9.717007e+001
3.940341e+003,9.729883e+001
3.940823e+003,9.741652e+001
3.941305e+003,9.751186e+001
3.941787e+003,9.757836e+001
3.942269e+003,9.761356e+001
3.942751e+003,9.761888e+001
3.943233e+003,9.759963e+001
3.943715e+003,9.756390e+001
3.944198e+003,9.752081e+001
3.944679e+003,9.747816e+001
3.945162e+003,9.743974e+001
3.945644e+003,9.740404e+001
3.946126e+003,9.736437e+001
3.946608e+003,9.731111e+001
3.947090e+003,9.723559e+001
3.947572e+003,9.713486e+001
3.948054e+003,9.701526e+001
3.948536e+003,9.689259e+001
3.949019e+003,9.678886e+001
3.949501e+003,9.672559e+001
3.949983e+003,9.671681e+001
3.950465e+003,9.676398e+001
3.950947e+003,9.685432e+001
3.951429e+003,9.696336e+001
3.951911e+003,9.706114e+001
3.952393e+003,9.712017e+001
3.952875e+003,9.712273e+001
3.953358e+003,9.706519e+001
3.953840e+003,9.695824e+001
3.954322e+003,9.682304e+001
3.954804e+003,9.668478e+001
3.955286e+003,9.656633e+001
3.955768e+003,9.648338e+001
3.956250e+003,9.644267e+001
3.956732e+003,9.644326e+001
3.957215e+003,9.647939e+001
3.957697e+003,9.654394e+001
3.958179e+003,9.663058e+001
3.958661e+003,9.673438e+001
3.959143e+003,9.685069e+001
3.959625e+003,9.697370e+001
3.960107e+003,9.709564e+001
3.960589e+003,9.720711e+001
3.961072e+003,9.729890e+001
3.961554e+003,9.736454e+001
3.962036e+003,9.740253e+001
3.962518e+003,9.741702e+001
3.963000e+003,9.741667e+001
3.963482e+003,9.741209e+001
3.963964e+003,9.741245e+001
3.964446e+003,9.742273e+001
3.964928e+003,9.744223e+001
3.965411e+003,9.746470e+001
3.965893e+003,9.748043e+001
3.966375e+003,9.747950e+001
3.966857e+003,9.745515e+001
3.967339e+003,9.740669e+001
3.967821e+003,9.734045e+001
3.968303e+003,9.726855e+001
3.968785e+003,9.720565e+001
3.969268e+003,9.716463e+001
3.969750e+003,9.715300e+001
3.970232e+003,9.717061e+001
3.970714e+003,9.721011e+001
3.971196e+003,9.725945e+001
3.971678e+003,9.730593e+001
3.972160e+003,9.734010e+001
3.972642e+003,9.735812e+001
3.973125e+003,9.736198e+001
3.973606e+003,9.735764e+001
3.974089e+003,9.735220e+001
3.974571e+003,9.735089e+001
3.975053e+003,9.735583e+001
3.975535e+003,9.736591e+001
3.976017e+003,9.737829e+001
3.976499e+003,9.738998e+001
3.976981e+003,9.739891e+001
3.977463e+003,9.740426e+001
3.977946e+003,9.740600e+001
3.978428e+003,9.740434e+001
3.978910e+003,9.739944e+001
3.979392e+003,9.739172e+001
3.979874e+003,9.738241e+001
3.980356e+003,9.737389e+001
3.980838e+003,9.736909e+001
3.981320e+003,9.737051e+001
3.981802e+003,9.737897e+001
3.982285e+003,9.739272e+001
3.982767e+003,9.740782e+001
3.983249e+003,9.741954e+001
3.983731e+003,9.742433e+001
3.984213e+003,9.742126e+001
3.984695e+003,9.741232e+001
3.985177e+003,9.740132e+001
3.985659e+003,9.739210e+001
3.986142e+003,9.738658e+001
3.986624e+003,9.738406e+001
3.987106e+003,9.738188e+001
3.987588e+003,9.737736e+001
3.988070e+003,9.736936e+001
3.988552e+003,9.735964e+001
3.989034e+003,9.735227e+001
3.989516e+003,9.735197e+001
3.989999e+003,9.736185e+001
3.990481e+003,9.738177e+001
3.990963e+003,9.740825e+001
3.991445e+003,9.743570e+001
3.991927e+003,9.745875e+001
3.992409e+003,9.747400e+001
3.992891e+003,9.748109e+001
3.993373e+003,9.748201e+001
3.993855e+003,9.747958e+001
3.994338e+003,9.747580e+001
3.994820e+003,9.747099e+001
3.995302e+003,9.746409e+001
3.995784e+003,9.745381e+001
3.996266e+003,9.744002e+001
3.996748e+003,9.742465e+001
3.997230e+003,9.741135e+001
3.997712e+003,9.740412e+001
3.998195e+003,9.740565e+001
3.998677e+003,9.741589e+001
3.999159e+003,9.743177e+001
3.999641e+003,9.744783e+001
4.000123e+003,9.745797e+001
