3.996747e+002,0.000000e+000
4.001569e+002,1.002924e+002
4.006390e+002,9.996182e+001
4.011211e+002,9.954748e+001
4.016032e+002,9.913389e+001
4.020853e+002,9.880598e+001
4.025674e+002,9.863250e+001
4.030496e+002,9.865508e+001
4.035317e+002,9.888138e+001
4.040138e+002,9.928712e+001
4.044959e+002,9.982156e+001
4.049780e+002,1.004167e+002
4.054601e+002,1.009978e+002
4.059423e+002,1.014954e+002
4.064244e+002,1.018565e+002
4.069065e+002,1.020545e+002
4.073886e+002,1.020909e+002
4.078707e+002,1.019921e+002
4.083528e+002,1.017989e+002
4.088350e+002,1.015549e+002
4.093171e+002,1.013029e+002
4.097992e+002,1.010656e+002
4.102813e+002,1.008614e+002
4.107634e+002,1.006487e+002
4.112455e+002,1.004358e+002
4.117277e+002,1.002631e+002
4.122098e+002,1.001674e+002
4.126919e+002,1.001707e+002
4.131740e+002,1.003251e+002
4.136561e+002,1.005960e+002
4.141382e+002,1.009421e+002
4.146204e+002,1.013073e+002
4.151025e+002,1.016339e+002
4.155846e+002,1.018443e+002
4.160667e+002,1.019116e+002
4.165488e+002,1.018553e+002
4.170309e+002,1.017406e+002
4.175131e+002,1.016956e+002
4.179952e+002,1.017308e+002
4.184773e+002,1.019375e+002
4.189594e+002,1.022708e+002
4.194415e+002,1.026392e+002
4.199236e+002,1.029151e+002
4.204058e+002,1.029974e+002
4.208879e+002,1.028836e+002
4.213700e+002,1.026191e+002
4.218521e+002,1.022217e+002
4.223342e+002,1.018067e+002
4.228163e+002,1.014311e+002
4.232985e+002,1.011527e+002
4.237806e+002,1.010660e+002
4.242627e+002,1.010475e+002
4.247448e+002,1.010937e+002
4.252269e+002,1.011988e+002
4.257090e+002,1.013331e+002
4.261912e+002,1.014062e+002
4.266733e+002,1.014176e+002
4.271554e+002,1.013652e+002
4.276375e+002,1.012434e+002
4.281196e+002,1.010654e+002
4.286017e+002,1.008700e+002
4.290839e+002,1.006545e+002
4.295660e+002,1.004667e+002
4.300481e+002,1.002873e+002
4.305302e+002,1.001414e+002
4.310123e+002,1.000354e+002
4.314944e+002,9.998790e+001
4.319766e+002,1.000100e+002
4.324587e+002,1.001116e+002
4.329408e+002,1.002978e+002
4.334229e+002,1.005563e+002
4.339050e+002,1.008589e+002
4.343871e+002,1.011601e+002
4.348693e+002,1.014137e+002
4.353514e+002,1.015784e+002
4.358335e+002,1.016372e+002
4.363156e+002,1.016086e+002
4.367977e+002,1.015210e+002
4.372798e+002,1.013969e+002
4.377620e+002,1.013219e+002
4.382441e+002,1.013035e+002
4.387262e+002,1.013198e+002
4.392083e+002,1.013362e+002
4.396904e+002,1.013059e+002
4.401725e+002,1.012137e+002
4.406547e+002,1.010241e+002
4.411368e+002,1.007400e+002
4.416189e+002,1.003947e+002
4.421010e+002,1.000519e+002
4.425831e+002,9.973177e+001
4.430652e+002,9.950311e+001
4.435474e+002,9.939990e+001
4.440295e+002,9.941399e+001
4.445116e+002,9.950768e+001
4.449937e+002,9.972737e+001
4.454758e+002,9.997934e+001
4.459579e+002,1.002092e+002
4.464401e+002,1.004001e+002
4.469222e+002,1.005184e+002
4.474043e+002,1.005507e+002
4.478864e+002,1.005028e+002
4.483685e+002,1.003779e+002
4.488506e+002,1.002033e+002
4.493328e+002,1.000266e+002
4.498149e+002,9.991226e+001
4.502970e+002,9.981410e+001
4.507791e+002,9.977478e+001
4.512612e+002,9.978509e+001
4.517433e+002,9.984062e+001
4.522255e+002,9.992340e+001
4.527076e+002,1.000196e+002
4.531897e+002,1.001571e+002
4.536718e+002,1.002533e+002
4.541539e+002,1.003248e+002
4.546360e+002,1.003735e+002
4.551182e+002,1.004017e+002
4.556003e+002,1.004061e+002
4.560824e+002,1.003853e+002
4.565645e+002,1.003308e+002
4.570466e+002,1.002094e+002
4.575287e+002,1.000351e+002
4.580109e+002,9.979506e+001
4.584930e+002,9.947989e+001
4.589751e+002,9.913349e+001
4.594572e+002,9.876360e+001
4.599393e+002,9.843727e+001
4.604214e+002,9.818166e+001
4.609036e+002,9.802894e+001
4.613857e+002,9.798154e+001
4.618678e+002,9.803441e+001
4.623499e+002,9.815138e+001
4.628320e+002,9.827310e+001
4.633141e+002,9.834338e+001
4.637963e+002,9.831699e+001
4.642784e+002,9.822356e+001
4.647605e+002,9.804710e+001
4.652426e+002,9.785979e+001
4.657247e+002,9.763345e+001
4.662068e+002,9.746272e+001
4.666890e+002,9.738564e+001
4.671711e+002,9.740436e+001
4.676532e+002,9.752646e+001
4.681353e+002,9.772890e+001
4.686174e+002,9.797710e+001
4.690995e+002,9.821468e+001
4.695817e+002,9.844949e+001
4.700638e+002,9.865246e+001
4.705459e+002,9.880976e+001
4.710280e+002,9.891746e+001
4.715101e+002,9.909721e+001
4.719922e+002,9.924546e+001
4.724744e+002,9.936176e+001
4.729565e+002,9.958619e+001
4.734386e+002,9.973904e+001
4.739207e+002,9.989144e+001
4.744028e+002,1.000253e+002
4.748849e+002,1.001085e+002
4.753671e+002,1.002522e+002
4.758492e+002,1.002924e+002
4.763313e+002,1.003884e+002
4.768134e+002,1.004357e+002
4.772955e+002,1.004649e+002
4.777776e+002,1.004511e+002
4.782598e+002,1.004575e+002
4.787419e+002,1.004022e+002
4.792240e+002,1.003584e+002
4.797061e+002,1.002914e+002
4.801882e+002,1.002303e+002
4.806703e+002,1.001752e+002
4.811525e+002,1.001335e+002
4.816346e+002,1.001074e+002
4.821167e+002,1.001078e+002
4.825988e+002,1.001238e+002
4.830809e+002,1.001485e+002
4.835630e+002,1.002192e+002
4.840452e+002,1.002580e+002
4.845273e+002,1.003531e+002
4.850094e+002,1.004142e+002
4.854915e+002,1.004580e+002
4.859736e+002,1.005078e+002
4.864557e+002,1.005288e+002
4.869379e+002,1.004952e+002
4.874200e+002,1.004673e+002
4.879021e+002,1.004133e+002
4.883842e+002,1.003489e+002
4.888663e+002,1.002857e+002
4.893484e+002,1.002273e+002
4.898306e+002,1.001837e+002
4.903127e+002,1.001596e+002
4.907948e+002,1.001642e+002
4.912769e+002,1.001859e+002
4.917590e+002,1.001779e+002
4.922411e+002,1.002218e+002
4.927233e+002,1.002060e+002
4.932054e+002,1.001906e+002
4.936875e+002,1.001052e+002
4.941696e+002,1.000519e+002
4.946517e+002,9.996296e+001
4.951339e+002,9.989603e+001
4.956160e+002,9.988849e+001
4.960981e+002,9.992215e+001
4.965802e+002,9.999057e+001
4.970623e+002,1.000830e+002
4.975444e+002,1.001759e+002
4.980266e+002,1.002461e+002
4.985087e+002,1.002848e+002
4.989908e+002,1.003303e+002
4.994729e+002,1.003075e+002
4.999550e+002,1.002067e+002
5.004371e+002,1.001363e+002
5.009193e+002,1.000349e+002
5.014014e+002,9.991902e+001
5.018835e+002,9.979613e+001
5.023656e+002,9.973228e+001
5.028477e+002,9.972118e+001
5.033299e+002,9.973615e+001
5.038120e+002,9.978560e+001
5.042941e+002,9.984513e+001
5.047762e+002,9.991334e+001
5.052583e+002,9.998671e+001
5.057404e+002,1.000913e+002
5.062226e+002,1.001922e+002
5.067047e+002,1.002837e+002
5.071868e+002,1.003389e+002
5.076689e+002,1.003681e+002
5.081510e+002,1.003409e+002
5.086331e+002,1.002565e+002
5.091153e+002,1.001343e+002
5.095974e+002,9.996922e+001
5.100795e+002,9.982898e+001
5.105616e+002,9.969023e+001
5.110437e+002,9.965210e+001
5.115258e+002,9.968332e+001
5.120079e+002,9.977760e+001
5.124901e+002,9.991432e+001
5.129722e+002,1.000577e+002
5.134543e+002,1.001620e+002
5.139364e+002,1.002246e+002
5.144185e+002,1.002429e+002
5.149006e+002,1.002271e+002
5.153828e+002,1.001939e+002
5.158649e+002,1.001604e+002
5.163470e+002,1.001499e+002
5.168291e+002,1.001619e+002
5.173112e+002,1.001755e+002
5.177933e+002,1.001751e+002
5.182755e+002,1.001233e+002
5.187576e+002,1.000736e+002
5.192397e+002,1.000210e+002
5.197218e+002,9.993797e+001
5.202039e+002,9.983149e+001
5.206860e+002,9.971487e+001
5.211682e+002,9.960372e+001
5.216503e+002,9.951124e+001
5.221324e+002,9.944330e+001
5.226145e+002,9.940131e+001
5.230966e+002,9.937999e+001
5.235787e+002,9.933289e+001
5.240609e+002,9.928013e+001
5.245430e+002,9.923108e+001
5.250251e+002,9.913228e+001
5.255072e+002,9.902438e+001
5.259893e+002,9.889803e+001
5.264714e+002,9.877871e+001
5.269536e+002,9.870550e+001
5.274357e+002,9.865738e+001
5.279178e+002,9.860310e+001
5.283999e+002,9.855665e+001
5.288821e+002,9.848992e+001
5.293641e+002,9.839125e+001
5.298463e+002,9.825711e+001
5.303284e+002,9.809415e+001
5.308105e+002,9.791879e+001
5.312926e+002,9.775390e+001
5.317748e+002,9.762386e+001
5.322568e+002,9.754866e+001
5.327390e+002,9.753867e+001
5.332211e+002,9.759158e+001
5.337032e+002,9.769215e+001
5.341853e+002,9.781683e+001
5.346675e+002,9.793930e+001
5.351495e+002,9.803700e+001
5.356317e+002,9.809666e+001
5.361138e+002,9.811650e+001
5.365959e+002,9.810503e+001
5.370780e+002,9.807683e+001
5.375602e+002,9.804787e+001
5.380422e+002,9.803265e+001
5.385244e+002,9.804273e+001
5.390065e+002,9.810011e+001
5.394886e+002,9.817446e+001
5.399707e+002,9.830242e+001
5.404529e+002,9.847529e+001
5.409349e+002,9.868689e+001
5.414171e+002,9.892448e+001
5.418992e+002,9.914284e+001
5.423813e+002,9.934560e+001
5.428634e+002,9.949657e+001
5.433456e+002,9.958207e+001
5.438276e+002,9.963236e+001
5.443098e+002,9.960732e+001
5.447919e+002,9.955583e+001
5.452740e+002,9.948980e+001
5.457561e+002,9.946837e+001
5.462383e+002,9.947133e+001
5.467203e+002,9.948177e+001
5.472025e+002,9.949919e+001
5.476846e+002,9.951284e+001
5.481667e+002,9.952072e+001
5.486488e+002,9.953419e+001
5.491310e+002,9.956168e+001
5.496130e+002,9.961075e+001
5.500952e+002,9.968817e+001
5.505773e+002,9.979070e+001
5.510594e+002,9.990507e+001
5.515415e+002,1.000141e+002
5.520237e+002,1.000832e+002
5.525057e+002,1.000953e+002
5.529879e+002,1.000935e+002
5.534700e+002,1.000690e+002
5.539521e+002,1.000208e+002
5.544342e+002,9.997304e+001
5.549164e+002,9.994446e+001
5.553984e+002,9.994080e+001
5.558806e+002,9.996069e+001
5.563627e+002,1.000033e+002
5.568448e+002,1.000444e+002
5.573269e+002,1.000676e+002
5.578091e+002,1.000624e+002
5.582911e+002,1.000282e+002
5.587733e+002,9.998770e+001
5.592554e+002,9.994849e+001
5.597375e+002,9.989849e+001
5.602196e+002,9.986914e+001
5.607018e+002,9.986269e+001
5.611838e+002,9.986436e+001
5.616660e+002,9.986541e+001
5.621481e+002,9.986188e+001
5.626302e+002,9.984923e+001
5.631123e+002,9.981437e+001
5.635945e+002,9.976205e+001
5.640765e+002,9.970198e+001
5.645587e+002,9.964521e+001
5.650408e+002,9.960051e+001
5.655229e+002,9.957288e+001
5.660050e+002,9.956353e+001
5.664872e+002,9.957124e+001
5.669692e+002,9.959379e+001
5.674514e+002,9.962843e+001
5.679335e+002,9.967172e+001
5.684156e+002,9.975697e+001
5.688977e+002,9.979999e+001
5.693799e+002,9.984801e+001
5.698619e+002,9.986813e+001
5.703441e+002,9.987225e+001
5.708262e+002,9.987161e+001
5.713083e+002,9.986394e+001
5.717904e+002,9.985469e+001
5.722726e+002,9.984829e+001
5.727546e+002,9.986004e+001
5.732368e+002,9.986839e+001
5.737189e+002,9.988796e+001
5.742010e+002,9.992333e+001
5.746831e+002,9.997909e+001
5.751653e+002,1.000569e+002
5.756473e+002,1.001527e+002
5.761295e+002,1.002545e+002
5.766116e+002,1.003444e+002
5.770938e+002,1.004030e+002
5.775758e+002,1.004157e+002
5.780580e+002,1.003781e+002
5.785400e+002,1.002975e+002
5.790222e+002,1.001904e+002
5.795043e+002,1.000767e+002
5.799865e+002,9.997211e+001
5.804685e+002,9.988393e+001
5.809507e+002,9.980946e+001
5.814327e+002,9.973880e+001
5.819149e+002,9.966039e+001
5.823970e+002,9.956580e+001
5.828792e+002,9.945251e+001
5.833612e+002,9.932292e+001
5.838434e+002,9.918073e+001
5.843254e+002,9.902682e+001
5.848076e+002,9.885568e+001
5.852897e+002,9.865436e+001
5.857719e+002,9.840281e+001
5.862539e+002,9.807599e+001
5.867361e+002,9.764645e+001
5.872181e+002,9.708948e+001
5.877003e+002,9.638556e+001
5.881824e+002,9.552779e+001
5.886646e+002,9.453179e+001
5.891466e+002,9.344398e+001
5.896288e+002,9.234413e+001
5.901108e+002,9.133875e+001
5.905930e+002,9.054475e+001
5.910751e+002,9.006643e+001
5.915573e+002,8.997179e+001
5.920393e+002,9.027569e+001
5.925215e+002,9.093526e+001
5.930035e+002,9.185907e+001
5.934857e+002,9.292789e+001
5.939678e+002,9.402001e+001
5.944500e+002,9.503412e+001
5.949320e+002,9.590281e+001
5.954142e+002,9.659542e+001
5.958962e+002,9.711166e+001
5.963784e+002,9.747060e+001
5.968605e+002,9.770013e+001
5.973427e+002,9.782990e+001
5.978247e+002,9.788771e+001
5.983069e+002,9.789867e+001
5.987889e+002,9.788441e+001
5.992711e+002,9.786163e+001
5.997532e+002,9.783933e+001
6.002354e+002,9.781654e+001
6.007174e+002,9.778162e+001
6.011996e+002,9.771465e+001
6.016816e+002,9.759271e+001
6.021638e+002,9.739677e+001
6.026459e+002,9.711856e+001
6.031281e+002,9.676540e+001
6.036101e+002,9.636200e+001
6.040923e+002,9.594804e+001
6.045743e+002,9.557271e+001
6.050565e+002,9.528616e+001
6.055386e+002,9.513025e+001
6.060208e+002,9.513042e+001
6.065029e+002,9.529085e+001
6.069850e+002,9.559434e+001
6.074671e+002,9.600684e+001
6.079492e+002,9.648534e+001
6.084313e+002,9.698638e+001
6.089135e+002,9.747405e+001
6.093956e+002,9.792429e+001
6.098777e+002,9.832531e+001
6.103598e+002,9.867458e+001
6.108419e+002,9.897392e+001
6.113240e+002,9.922525e+001
6.118062e+002,9.942838e+001
6.122883e+002,9.958187e+001
6.127704e+002,9.968511e+001
6.132525e+002,9.974064e+001
6.137346e+002,9.975511e+001
6.142167e+002,9.973802e+001
6.146989e+002,9.969979e+001
6.151810e+002,9.964972e+001
6.156631e+002,9.959557e+001
6.161452e+002,9.954462e+001
6.166273e+002,9.950505e+001
6.171094e+002,9.948651e+001
6.175916e+002,9.949857e+001
6.180737e+002,9.954742e+001
6.185558e+002,9.963261e+001
6.190379e+002,9.974609e+001
6.195200e+002,9.987358e+001
6.200021e+002,9.999841e+001
6.204843e+002,1.001058e+002
6.209664e+002,1.001867e+002
6.214485e+002,1.002389e+002
6.219306e+002,1.002668e+002
6.224127e+002,1.002778e+002
6.228948e+002,1.002795e+002
6.233770e+002,1.002765e+002
6.238591e+002,1.002706e+002
6.243412e+002,1.002615e+002
6.248233e+002,1.002489e+002
6.253054e+002,1.002337e+002
6.257875e+002,1.002179e+002
6.262697e+002,1.002037e+002
6.267518e+002,1.001921e+002
6.272339e+002,1.001819e+002
6.277160e+002,1.001706e+002
6.281981e+002,1.001553e+002
6.286802e+002,1.001340e+002
6.291624e+002,1.001068e+002
6.296445e+002,1.000744e+002
6.301266e+002,1.000380e+002
6.306087e+002,9.999731e+001
6.310908e+002,9.995121e+001
6.315729e+002,9.989825e+001
6.320551e+002,9.983883e+001
6.325372e+002,9.977639e+001
6.330193e+002,9.971773e+001
6.335014e+002,9.967142e+001
6.339835e+002,9.964534e+001
6.344656e+002,9.964421e+001
6.349478e+002,9.966838e+001
6.354299e+002,9.971398e+001
6.359120e+002,9.977450e+001
6.363941e+002,9.984296e+001
6.368762e+002,9.991283e+001
6.373583e+002,9.997868e+001
6.378405e+002,1.000351e+002
6.383226e+002,1.000763e+002
6.388047e+002,1.000959e+002
6.392868e+002,1.000886e+002
6.397689e+002,1.000522e+002
6.402510e+002,9.998958e+001
6.407332e+002,9.990963e+001
6.412153e+002,9.982525e+001
6.416974e+002,9.975026e+001
6.421795e+002,9.969572e+001
6.426616e+002,9.966707e+001
6.431437e+002,9.966358e+001
6.436259e+002,9.967934e+001
6.441080e+002,9.970601e+001
6.445901e+002,9.973545e+001
6.450722e+002,9.976143e+001
6.455543e+002,9.977998e+001
6.460364e+002,9.978828e+001
6.465186e+002,9.978367e+001
6.470007e+002,9.976309e+001
6.474828e+002,9.972390e+001
6.479649e+002,9.966553e+001
6.484470e+002,9.959105e+001
6.489291e+002,9.950738e+001
6.494113e+002,9.942383e+001
6.498934e+002,9.934980e+001
6.503755e+002,9.929198e+001
6.508576e+002,9.925269e+001
6.513397e+002,9.922963e+001
6.518218e+002,9.921719e+001
6.523040e+002,9.920904e+001
6.527861e+002,9.920042e+001
6.532682e+002,9.919031e+001
6.537503e+002,9.918103e+001
6.542324e+002,9.917691e+001
6.547145e+002,9.918138e+001
6.551967e+002,9.919479e+001
6.556788e+002,9.921343e+001
6.561609e+002,9.923067e+001
6.566430e+002,9.923994e+001
6.571251e+002,9.923808e+001
6.576072e+002,9.922807e+001
6.580894e+002,9.921901e+001
6.585715e+002,9.922357e+001
6.590536e+002,9.925317e+001
6.595357e+002,9.931301e+001
6.600178e+002,9.939872e+001
6.604999e+002,9.949644e+001
6.609821e+002,9.958617e+001
6.614642e+002,9.964725e+001
6.619463e+002,9.966409e+001
6.624284e+002,9.963018e+001
6.629105e+002,9.954819e+001
6.633926e+002,9.942738e+001
6.638748e+002,9.927760e+001
6.643569e+002,9.910487e+001
6.648390e+002,9.890971e+001
6.653211e+002,9.868903e+001
6.658032e+002,9.843966e+001
6.662853e+002,9.816020e+001
6.667675e+002,9.785089e+001
6.672496e+002,9.751504e+001
6.677317e+002,9.717060e+001
6.682138e+002,9.686493e+001
6.686959e+002,9.665206e+001
6.691780e+002,9.652825e+001
6.696602e+002,9.641510e+001
6.701423e+002,9.620861e+001
6.706244e+002,9.581758e+001
6.711065e+002,9.517062e+001
6.715886e+002,9.421739e+001
6.720707e+002,9.293549e+001
6.725529e+002,9.134246e+001
6.730350e+002,8.950550e+001
6.735171e+002,8.754115e+001
6.739992e+002,8.560259e+001
6.744813e+002,8.385918e+001
6.749634e+002,8.247447e+001
6.754456e+002,8.158542e+001
6.759277e+002,8.128220e+001
6.764098e+002,8.159110e+001
6.768919e+002,8.246671e+001
6.773740e+002,8.380033e+001
6.778561e+002,8.544413e+001
6.783383e+002,8.724186e+001
6.788204e+002,8.905418e+001
6.793025e+002,9.077248e+001
6.797846e+002,9.232192e+001
6.802667e+002,9.365871e+001
6.807488e+002,9.476608e+001
6.812310e+002,9.565048e+001
6.817131e+002,9.633708e+001
6.821952e+002,9.686324e+001
6.826773e+002,9.727055e+001
6.831594e+002,9.759627e+001
6.836415e+002,9.786654e+001
6.841237e+002,9.809334e+001
6.846058e+002,9.827565e+001
6.850879e+002,9.840462e+001
6.855700e+002,9.846932e+001
6.860521e+002,9.846125e+001
6.865342e+002,9.837478e+001
6.870164e+002,9.820506e+001
6.874985e+002,9.794536e+001
6.879806e+002,9.758727e+001
6.884627e+002,9.712508e+001
6.889448e+002,9.656399e+001
6.894269e+002,9.592881e+001
6.899091e+002,9.526863e+001
6.903912e+002,9.465428e+001
6.908733e+002,9.416754e+001
6.913554e+002,9.388378e+001
6.918375e+002,9.385294e+001
6.923196e+002,9.408533e+001
6.928018e+002,9.454771e+001
6.932839e+002,9.517175e+001
6.937660e+002,9.587170e+001
6.942481e+002,9.656490e+001
6.947302e+002,9.718787e+001
6.952123e+002,9.770435e+001
6.956945e+002,9.810495e+001
6.961766e+002,9.840030e+001
6.966587e+002,9.861216e+001
6.971408e+002,9.876509e+001
6.976229e+002,9.888123e+001
6.981050e+002,9.897791e+001
6.985872e+002,9.906726e+001
6.990693e+002,9.915648e+001
6.995514e+002,9.924800e+001
7.000335e+002,9.934006e+001
7.005156e+002,9.942773e+001
7.009977e+002,9.950484e+001
7.014799e+002,9.956639e+001
7.019620e+002,9.961005e+001
7.024441e+002,9.963715e+001
7.029262e+002,9.965171e+001
7.034083e+002,9.965893e+001
7.038904e+002,9.966348e+001
7.043726e+002,9.966873e+001
7.048547e+002,9.967680e+001
7.053368e+002,9.968918e+001
7.058189e+002,9.970694e+001
7.063010e+002,9.973072e+001
7.067831e+002,9.975949e+001
7.072653e+002,9.978966e+001
7.077474e+002,9.981554e+001
7.082295e+002,9.983079e+001
7.087116e+002,9.983127e+001
7.091937e+002,9.981743e+001
7.096758e+002,9.979515e+001
7.101580e+002,9.977436e+001
7.106401e+002,9.976550e+001
7.111222e+002,9.977532e+001
7.116043e+002,9.980442e+001
7.120864e+002,9.984668e+001
7.125685e+002,9.989190e+001
7.130507e+002,9.992985e+001
7.135328e+002,9.995399e+001
7.140149e+002,9.996317e+001
7.144970e+002,9.996086e+001
7.149791e+002,9.995230e+001
7.154612e+002,9.994150e+001
7.159434e+002,9.992932e+001
7.164255e+002,9.991370e+001
7.169076e+002,9.989145e+001
7.173897e+002,9.986090e+001
7.178718e+002,9.982357e+001
7.183539e+002,9.978436e+001
7.188361e+002,9.975039e+001
7.193182e+002,9.972871e+001
7.198003e+002,9.972432e+001
7.202824e+002,9.973868e+001
7.207645e+002,9.976940e+001
7.212466e+002,9.981111e+001
7.217288e+002,9.985674e+001
7.222109e+002,9.989865e+001
7.226930e+002,9.992980e+001
7.231751e+002,9.994440e+001
7.236572e+002,9.993914e+001
7.241393e+002,9.991447e+001
7.246215e+002,9.987522e+001
7.251036e+002,9.983040e+001
7.255857e+002,9.979079e+001
7.260678e+002,9.976601e+001
7.265499e+002,9.976093e+001
7.270320e+002,9.977432e+001
7.275142e+002,9.979935e+001
7.279963e+002,9.982633e+001
7.284784e+002,9.984657e+001
7.289605e+002,9.985540e+001
7.294426e+002,9.985315e+001
7.299247e+002,9.984388e+001
7.304069e+002,9.983266e+001
7.308890e+002,9.982271e+001
7.313711e+002,9.981407e+001
7.318532e+002,9.980386e+001
7.323353e+002,9.978791e+001
7.328174e+002,9.976287e+001
7.332996e+002,9.972707e+001
7.337817e+002,9.968044e+001
7.342638e+002,9.962343e+001
7.347459e+002,9.955627e+001
7.352280e+002,9.947896e+001
7.357101e+002,9.939258e+001
7.361923e+002,9.930068e+001
7.366744e+002,9.921015e+001
7.371565e+002,9.913014e+001
7.376386e+002,9.906956e+001
7.381207e+002,9.903394e+001
7.386028e+002,9.902304e+001
7.390850e+002,9.903067e+001
7.395671e+002,9.904706e+001
7.400492e+002,9.906232e+001
7.405313e+002,9.907021e+001
7.410134e+002,9.906981e+001
7.414955e+002,9.906512e+001
7.419777e+002,9.906274e+001
7.424598e+002,9.906899e+001
7.429419e+002,9.908790e+001
7.434240e+002,9.912048e+001
7.439061e+002,9.916563e+001
7.443882e+002,9.922110e+001
7.448704e+002,9.928406e+001
7.453525e+002,9.935077e+001
7.458346e+002,9.941618e+001
7.463167e+002,9.947380e+001
7.467988e+002,9.951698e+001
7.472809e+002,9.954129e+001
7.477631e+002,9.954666e+001
7.482452e+002,9.953857e+001
7.487273e+002,9.952664e+001
7.492094e+002,9.952155e+001
7.496915e+002,9.953064e+001
7.501736e+002,9.955517e+001
7.506558e+002,9.958945e+001
7.511379e+002,9.962327e+001
7.516200e+002,9.964606e+001
7.521021e+002,9.965070e+001
7.525842e+002,9.963596e+001
7.530663e+002,9.960560e+001
7.535485e+002,9.956601e+001
7.540306e+002,9.952298e+001
7.545127e+002,9.947946e+001
7.549948e+002,9.943582e+001
7.554769e+002,9.939095e+001
7.559590e+002,9.934424e+001
7.564412e+002,9.929620e+001
7.569233e+002,9.924790e+001
7.574054e+002,9.919942e+001
7.578875e+002,9.914850e+001
7.583696e+002,9.909084e+001
7.588517e+002,9.902145e+001
7.593339e+002,9.893591e+001
7.598160e+002,9.883002e+001
7.602981e+002,9.869735e+001
7.607802e+002,9.851996e+001
7.612623e+002,9.826793e+001
7.617444e+002,9.789896e+001
7.622266e+002,9.736591e+001
7.627087e+002,9.663171e+001
7.631908e+002,9.568810e+001
7.636729e+002,9.457178e+001
7.641550e+002,9.337119e+001
7.646371e+002,9.221871e+001
7.651193e+002,9.126778e+001
7.656014e+002,9.066021e+001
7.660835e+002,9.049282e+001
7.665656e+002,9.079420e+001
7.670477e+002,9.151843e+001
7.675298e+002,9.255710e+001
7.680120e+002,9.376546e+001
7.684941e+002,9.499409e+001
7.689762e+002,9.611823e+001
7.694583e+002,9.705682e+001
7.699404e+002,9.777838e+001
7.704225e+002,9.829388e+001
7.709047e+002,9.864182e+001
7.713868e+002,9.887064e+001
7.718689e+002,9.902486e+001
7.723510e+002,9.913687e+001
7.728331e+002,9.922510e+001
7.733152e+002,9.929666e+001
7.737974e+002,9.935216e+001
7.742795e+002,9.939001e+001
7.747616e+002,9.940985e+001
7.752437e+002,9.941370e+001
7.757258e+002,9.940585e+001
7.762079e+002,9.939144e+001
7.766901e+002,9.937501e+001
7.771722e+002,9.935885e+001
7.776543e+002,9.934256e+001
7.781364e+002,9.932312e+001
7.786185e+002,9.929652e+001
7.791006e+002,9.925955e+001
7.795828e+002,9.921181e+001
7.800649e+002,9.915657e+001
7.805470e+002,9.910037e+001
7.810291e+002,9.905121e+001
7.815112e+002,9.901600e+001
7.819933e+002,9.899830e+001
7.824755e+002,9.899716e+001
7.829576e+002,9.900758e+001
7.834397e+002,9.902220e+001
7.839218e+002,9.903362e+001
7.844039e+002,9.903635e+001
7.848860e+002,9.902785e+001
7.853682e+002,9.900841e+001
7.858503e+002,9.897998e+001
7.863324e+002,9.894501e+001
7.868145e+002,9.890543e+001
7.872966e+002,9.886224e+001
7.877787e+002,9.881544e+001
7.882609e+002,9.876440e+001
7.887430e+002,9.870797e+001
7.892251e+002,9.864473e+001
7.897072e+002,9.857302e+001
7.901893e+002,9.849117e+001
7.906714e+002,9.839770e+001
7.911536e+002,9.829169e+001
7.916357e+002,9.817264e+001
7.921178e+002,9.803997e+001
7.925999e+002,9.789227e+001
7.930820e+002,9.772633e+001
7.935641e+002,9.753692e+001
7.940463e+002,9.731730e+001
7.945284e+002,9.706068e+001
7.950105e+002,9.676229e+001
7.954926e+002,9.642123e+001
7.959747e+002,9.604153e+001
7.964568e+002,9.563214e+001
7.969390e+002,9.520551e+001
7.974211e+002,9.477582e+001
7.979032e+002,9.435695e+001
7.983853e+002,9.396078e+001
7.988674e+002,9.359639e+001
7.993495e+002,9.326924e+001
7.998317e+002,9.298114e+001
8.003138e+002,9.273056e+001
8.007959e+002,9.251340e+001
8.012780e+002,9.232450e+001
8.017601e+002,9.215954e+001
8.022422e+002,9.201681e+001
8.027244e+002,9.189854e+001
8.032065e+002,9.181097e+001
8.036886e+002,9.176343e+001
8.041707e+002,9.176643e+001
8.046528e+002,9.182954e+001
8.051349e+002,9.195959e+001
8.056171e+002,9.215956e+001
8.060992e+002,9.242836e+001
8.065813e+002,9.276076e+001
8.070634e+002,9.314794e+001
8.075455e+002,9.357793e+001
8.080276e+002,9.403674e+001
8.085098e+002,9.450934e+001
8.089919e+002,9.498133e+001
8.094740e+002,9.544030e+001
8.099561e+002,9.587694e+001
8.104382e+002,9.628529e+001
8.109203e+002,9.666252e+001
8.114025e+002,9.700773e+001
8.118846e+002,9.732111e+001
8.123667e+002,9.760278e+001
8.128489e+002,9.785247e+001
8.133309e+002,9.806959e+001
8.138131e+002,9.825394e+001
8.142952e+002,9.840624e+001
8.147773e+002,9.852850e+001
8.152594e+002,9.862414e+001
8.157416e+002,9.869751e+001
8.162236e+002,9.875337e+001
8.167058e+002,9.879645e+001
8.171879e+002,9.883121e+001
8.176700e+002,9.886187e+001
8.181521e+002,9.889234e+001
8.186343e+002,9.892600e+001
8.191163e+002,9.896530e+001
8.195985e+002,9.901097e+001
8.200806e+002,9.906165e+001
8.205627e+002,9.911364e+001
8.210448e+002,9.916167e+001
8.215270e+002,9.919981e+001
8.220090e+002,9.922306e+001
8.224912e+002,9.922844e+001
8.229733e+002,9.921585e+001
8.234554e+002,9.918829e+001
8.239375e+002,9.915157e+001
8.244197e+002,9.911315e+001
8.249017e+002,9.908109e+001
8.253839e+002,9.906261e+001
8.258660e+002,9.906276e+001
8.263481e+002,9.908330e+001
8.268302e+002,9.912215e+001
8.273124e+002,9.917365e+001
8.277944e+002,9.922980e+001
8.282766e+002,9.928216e+001
8.287587e+002,9.932403e+001
8.292408e+002,9.935217e+001
8.297229e+002,9.936726e+001
8.302051e+002,9.937329e+001
8.306871e+002,9.937556e+001
8.311693e+002,9.937862e+001
8.316514e+002,9.938435e+001
8.321335e+002,9.939168e+001
8.326156e+002,9.939721e+001
8.330978e+002,9.939721e+001
8.335798e+002,9.938942e+001
8.340620e+002,9.937423e+001
8.345441e+002,9.935464e+001
8.350262e+002,9.933511e+001
8.355083e+002,9.931967e+001
8.359905e+002,9.931053e+001
8.364725e+002,9.930754e+001
8.369547e+002,9.930862e+001
8.374368e+002,9.931115e+001
8.379189e+002,9.931305e+001
8.384010e+002,9.931380e+001
8.388832e+002,9.931424e+001
8.393652e+002,9.931589e+001
8.398474e+002,9.932000e+001
8.403295e+002,9.932684e+001
8.408116e+002,9.933570e+001
8.412937e+002,9.934498e+001
8.417759e+002,9.935294e+001
8.422579e+002,9.935786e+001
8.427401e+002,9.935818e+001
8.432222e+002,9.935223e+001
8.437043e+002,9.933799e+001
8.441864e+002,9.931339e+001
8.446686e+002,9.927683e+001
8.451506e+002,9.922804e+001
8.456328e+002,9.916869e+001
8.461149e+002,9.910235e+001
8.465970e+002,9.903386e+001
8.470791e+002,9.896790e+001
8.475613e+002,9.890746e+001
8.480433e+002,9.885294e+001
8.485255e+002,9.880181e+001
8.490076e+002,9.874925e+001
8.494897e+002,9.868925e+001
8.499718e+002,9.861588e+001
8.504540e+002,9.852435e+001
8.509360e+002,9.841147e+001
8.514182e+002,9.827550e+001
8.519003e+002,9.811555e+001
8.523824e+002,9.793055e+001
8.528645e+002,9.771801e+001
8.533467e+002,9.747262e+001
8.538287e+002,9.718522e+001
8.543109e+002,9.684254e+001
8.547930e+002,9.642816e+001
8.552751e+002,9.592545e+001
8.557572e+002,9.532205e+001
8.562394e+002,9.461578e+001
8.567214e+002,9.381990e+001
8.572036e+002,9.296650e+001
8.576857e+002,9.210567e+001
8.581678e+002,9.130016e+001
8.586499e+002,9.061565e+001
8.591321e+002,9.010969e+001
8.596141e+002,8.982163e+001
8.600963e+002,8.976683e+001
8.605784e+002,8.993523e+001
8.610605e+002,9.029485e+001
8.615426e+002,9.079807e+001
8.620248e+002,9.138966e+001
8.625068e+002,9.201433e+001
8.629890e+002,9.262283e+001
8.634711e+002,9.317572e+001
8.639532e+002,9.364487e+001
8.644353e+002,9.401295e+001
8.649175e+002,9.427187e+001
8.653995e+002,9.442028e+001
8.658817e+002,9.446113e+001
8.663638e+002,9.439942e+001
8.668459e+002,9.424040e+001
8.673280e+002,9.398919e+001
8.678102e+002,9.365174e+001
8.682922e+002,9.323720e+001
8.687744e+002,9.276115e+001
8.692565e+002,9.224857e+001
8.697386e+002,9.173492e+001
8.702207e+002,9.126482e+001
8.707029e+002,9.088747e+001
8.711849e+002,9.065011e+001
8.716671e+002,9.058990e+001
8.721492e+002,9.072701e+001
8.726313e+002,9.105971e+001
8.731134e+002,9.156414e+001
8.735956e+002,9.219810e+001
8.740776e+002,9.290903e+001
8.745598e+002,9.364350e+001
8.750419e+002,9.435593e+001
8.755240e+002,9.501413e+001
8.760061e+002,9.560121e+001
8.764883e+002,9.611346e+001
8.769703e+002,9.655605e+001
8.774525e+002,9.693817e+001
8.779346e+002,9.726877e+001
8.784167e+002,9.755415e+001
8.788988e+002,9.779765e+001
8.793810e+002,9.800087e+001
8.798630e+002,9.816537e+001
8.803452e+002,9.829441e+001
8.808273e+002,9.839345e+001
8.813094e+002,9.846974e+001
8.817915e+002,9.853105e+001
8.822737e+002,9.858414e+001
8.827557e+002,9.863377e+001
8.832379e+002,9.868243e+001
8.837200e+002,9.873115e+001
8.842021e+002,9.878021e+001
8.846842e+002,9.883016e+001
8.851664e+002,9.888200e+001
8.856484e+002,9.893674e+001
8.861306e+002,9.899441e+001
8.866127e+002,9.905325e+001
8.870948e+002,9.910962e+001
8.875769e+002,9.915871e+001
8.880591e+002,9.919609e+001
8.885411e+002,9.921935e+001
8.890233e+002,9.922934e+001
8.895054e+002,9.923003e+001
8.899875e+002,9.922733e+001
8.904696e+002,9.922691e+001
8.909518e+002,9.923222e+001
8.914338e+002,9.924323e+001
8.919160e+002,9.925651e+001
8.923981e+002,9.926669e+001
8.928802e+002,9.926855e+001
8.933623e+002,9.925893e+001
8.938445e+002,9.923784e+001
8.943265e+002,9.920838e+001
8.948087e+002,9.917560e+001
8.952908e+002,9.914489e+001
8.957729e+002,9.912064e+001
8.962550e+002,9.910530e+001
8.967372e+002,9.909940e+001
8.972192e+002,9.910171e+001
8.977014e+002,9.910983e+001
8.981835e+002,9.912061e+001
8.986656e+002,9.913058e+001
8.991477e+002,9.913620e+001
8.996299e+002,9.913433e+001
9.001119e+002,9.912291e+001
9.005941e+002,9.910162e+001
9.010762e+002,9.907201e+001
9.015583e+002,9.903726e+001
9.020404e+002,9.900134e+001
9.025226e+002,9.896791e+001
9.030046e+002,9.893931e+001
9.034868e+002,9.891606e+001
9.039689e+002,9.889713e+001
9.044510e+002,9.888052e+001
9.049331e+002,9.886389e+001
9.054153e+002,9.884515e+001
9.058973e+002,9.882248e+001
9.063795e+002,9.879405e+001
9.068616e+002,9.875802e+001
9.073438e+002,9.871253e+001
9.078258e+002,9.865651e+001
9.083080e+002,9.859007e+001
9.087900e+002,9.851482e+001
9.092722e+002,9.843343e+001
9.097543e+002,9.834822e+001
9.102365e+002,9.825964e+001
9.107185e+002,9.816484e+001
9.112007e+002,9.805793e+001
9.116828e+002,9.793070e+001
9.121649e+002,9.777539e+001
9.126470e+002,9.758659e+001
9.131292e+002,9.736310e+001
9.136113e+002,9.710756e+001
9.140934e+002,9.682481e+001
9.145755e+002,9.651907e+001
9.150576e+002,9.619135e+001
9.155397e+002,9.583807e+001
9.160219e+002,9.545151e+001
9.165040e+002,9.502193e+001
9.169861e+002,9.454070e+001
9.174682e+002,9.400303e+001
9.179503e+002,9.340978e+001
9.184324e+002,9.276768e+001
9.189146e+002,9.208794e+001
9.193967e+002,9.138438e+001
9.198788e+002,9.067157e+001
9.203609e+002,8.996370e+001
9.208430e+002,8.927436e+001
9.213251e+002,8.861697e+001
9.218073e+002,8.800540e+001
9.222894e+002,8.745361e+001
9.227715e+002,8.697492e+001
9.232536e+002,8.658006e+001
9.237357e+002,8.627535e+001
9.242178e+002,8.606146e+001
9.247000e+002,8.593288e+001
9.251821e+002,8.587877e+001
9.256642e+002,8.588425e+001
9.261463e+002,8.593218e+001
9.266284e+002,8.600504e+001
9.271105e+002,8.608659e+001
9.275927e+002,8.616384e+001
9.280748e+002,8.622881e+001
9.285569e+002,8.627979e+001
9.290390e+002,8.632222e+001
9.295211e+002,8.636837e+001
9.300032e+002,8.643600e+001
9.304854e+002,8.654592e+001
9.309675e+002,8.671915e+001
9.314496e+002,8.697389e+001
9.319317e+002,8.732308e+001
9.324138e+002,8.777264e+001
9.328959e+002,8.832070e+001
9.333781e+002,8.895751e+001
9.338602e+002,8.966611e+001
9.343423e+002,9.042389e+001
9.348244e+002,9.120490e+001
9.353065e+002,9.198275e+001
9.357886e+002,9.273371e+001
9.362708e+002,9.343937e+001
9.367529e+002,9.408800e+001
9.372350e+002,9.467468e+001
9.377171e+002,9.520013e+001
9.381992e+002,9.566887e+001
9.386813e+002,9.608725e+001
9.391635e+002,9.646181e+001
9.396456e+002,9.679860e+001
9.401277e+002,9.710230e+001
9.406098e+002,9.737630e+001
9.410919e+002,9.762268e+001
9.415740e+002,9.784241e+001
9.420562e+002,9.803548e+001
9.425383e+002,9.820164e+001
9.430204e+002,9.834087e+001
9.435025e+002,9.845422e+001
9.439846e+002,9.854419e+001
9.444667e+002,9.861487e+001
9.449489e+002,9.867155e+001
9.454310e+002,9.872002e+001
9.459131e+002,9.876557e+001
9.463952e+002,9.881236e+001
9.468773e+002,9.886272e+001
9.473594e+002,9.891708e+001
9.478416e+002,9.897405e+001
9.483237e+002,9.903095e+001
9.488058e+002,9.908439e+001
9.492879e+002,9.913115e+001
9.497700e+002,9.916885e+001
9.502521e+002,9.919640e+001
9.507343e+002,9.921443e+001
9.512164e+002,9.922469e+001
9.516985e+002,9.922978e+001
9.521806e+002,9.923201e+001
9.526627e+002,9.923292e+001
9.531448e+002,9.923309e+001
9.536270e+002,9.923221e+001
9.541091e+002,9.922980e+001
9.545912e+002,9.922575e+001
9.550733e+002,9.922070e+001
9.555554e+002,9.921587e+001
9.560375e+002,9.921266e+001
9.565197e+002,9.921207e+001
9.570018e+002,9.921429e+001
9.574839e+002,9.921890e+001
9.579660e+002,9.922520e+001
9.584481e+002,9.923281e+001
9.589302e+002,9.924176e+001
9.594124e+002,9.925228e+001
9.598945e+002,9.926440e+001
9.603766e+002,9.927724e+001
9.608587e+002,9.928920e+001
9.613408e+002,9.929842e+001
9.618229e+002,9.930376e+001
9.623051e+002,9.930579e+001
9.627872e+002,9.930680e+001
9.632693e+002,9.931037e+001
9.637514e+002,9.931980e+001
9.642335e+002,9.933650e+001
9.647156e+002,9.935918e+001
9.651978e+002,9.938390e+001
9.656799e+002,9.940525e+001
9.661620e+002,9.941831e+001
9.666441e+002,9.942017e+001
9.671262e+002,9.941080e+001
9.676083e+002,9.939262e+001
9.680905e+002,9.936941e+001
9.685726e+002,9.934506e+001
9.690547e+002,9.932274e+001
9.695368e+002,9.930470e+001
9.700189e+002,9.929272e+001
9.705010e+002,9.928797e+001
9.709832e+002,9.929123e+001
9.714653e+002,9.930190e+001
9.719474e+002,9.931760e+001
9.724295e+002,9.933393e+001
9.729116e+002,9.934535e+001
9.733937e+002,9.934682e+001
9.738759e+002,9.933578e+001
9.743580e+002,9.931316e+001
9.748401e+002,9.928316e+001
9.753222e+002,9.925161e+001
9.758043e+002,9.922361e+001
9.762864e+002,9.920161e+001
9.767686e+002,9.918456e+001
9.772507e+002,9.916874e+001
9.777328e+002,9.914977e+001
9.782149e+002,9.912451e+001
9.786970e+002,9.909235e+001
9.791791e+002,9.905495e+001
9.796613e+002,9.901516e+001
9.801434e+002,9.897566e+001
9.806255e+002,9.893806e+001
9.811076e+002,9.890305e+001
9.815897e+002,9.887095e+001
9.820718e+002,9.884261e+001
9.825540e+002,9.881931e+001
9.830361e+002,9.880175e+001
9.835182e+002,9.878898e+001
9.840003e+002,9.877731e+001
9.844824e+002,9.876069e+001
9.849645e+002,9.873199e+001
9.854467e+002,9.868515e+001
9.859288e+002,9.861660e+001
9.864109e+002,9.852574e+001
9.868930e+002,9.841396e+001
9.873751e+002,9.828291e+001
9.878572e+002,9.813318e+001
9.883394e+002,9.796440e+001
9.888215e+002,9.777645e+001
9.893036e+002,9.757124e+001
9.897857e+002,9.735356e+001
9.902678e+002,9.713062e+001
9.907499e+002,9.690945e+001
9.912321e+002,9.669402e+001
9.917142e+002,9.648218e+001
9.921963e+002,9.626415e+001
9.926784e+002,9.602201e+001
9.931605e+002,9.572885e+001
9.936426e+002,9.534747e+001
9.941248e+002,9.482838e+001
9.946069e+002,9.410961e+001
9.950890e+002,9.312136e+001
9.955711e+002,9.179904e+001
9.960532e+002,9.010421e+001
9.965353e+002,8.805004e+001
9.970175e+002,8.572300e+001
9.974996e+002,8.329072e+001
9.979817e+002,8.098906e+001
9.984638e+002,7.908677e+001
9.989459e+002,7.783431e+001
9.994280e+002,7.740916e+001
9.999102e+002,7.787334e+001
1.000392e+003,7.915692e+001
1.000874e+003,8.107359e+001
1.001357e+003,8.336445e+001
1.001839e+003,8.575647e+001
1.002321e+003,8.801788e+001
1.002803e+003,8.999499e+001
1.003285e+003,9.162295e+001
1.003767e+003,9.291227e+001
1.004249e+003,9.392040e+001
1.004731e+003,9.472009e+001
1.005213e+003,9.537508e+001
1.005696e+003,9.592845e+001
1.006178e+003,9.640309e+001
1.006660e+003,9.680913e+001
1.007142e+003,9.715273e+001
1.007624e+003,9.744119e+001
1.008106e+003,9.768393e+001
1.008588e+003,9.789029e+001
1.009070e+003,9.806736e+001
1.009552e+003,9.821947e+001
1.010035e+003,9.834971e+001
1.010517e+003,9.846214e+001
1.010999e+003,9.856280e+001
1.011481e+003,9.865856e+001
1.011963e+003,9.875462e+001
1.012445e+003,9.885162e+001
1.012927e+003,9.894489e+001
1.013409e+003,9.902608e+001
1.013892e+003,9.908683e+001
1.014374e+003,9.912266e+001
1.014856e+003,9.913500e+001
1.015338e+003,9.913066e+001
1.015820e+003,9.911890e+001
1.016302e+003,9.910797e+001
1.016784e+003,9.910244e+001
1.017266e+003,9.910268e+001
1.017748e+003,9.910623e+001
1.018231e+003,9.911013e+001
1.018713e+003,9.911253e+001
1.019195e+003,9.911312e+001
1.019677e+003,9.911244e+001
1.020159e+003,9.911057e+001
1.020641e+003,9.910647e+001
1.021123e+003,9.909867e+001
1.021605e+003,9.908624e+001
1.022088e+003,9.906991e+001
1.022570e+003,9.905217e+001
1.023052e+003,9.903610e+001
1.023534e+003,9.902386e+001
1.024016e+003,9.901517e+001
1.024498e+003,9.900745e+001
1.024980e+003,9.899705e+001
1.025462e+003,9.898129e+001
1.025944e+003,9.896009e+001
1.026427e+003,9.893631e+001
1.026909e+003,9.891438e+001
1.027391e+003,9.889826e+001
1.027873e+003,9.888966e+001
1.028355e+003,9.888739e+001
1.028837e+003,9.888849e+001
1.029319e+003,9.889021e+001
1.029801e+003,9.889184e+001
1.030283e+003,9.889532e+001
1.030766e+003,9.890419e+001
1.031248e+003,9.892163e+001
1.031730e+003,9.894859e+001
1.032212e+003,9.898293e+001
1.032694e+003,9.902007e+001
1.033176e+003,9.905506e+001
1.033658e+003,9.908410e+001
1.034140e+003,9.910598e+001
1.034623e+003,9.912164e+001
1.035105e+003,9.913298e+001
1.035587e+003,9.914163e+001
1.036069e+003,9.914810e+001
1.036551e+003,9.915186e+001
1.037033e+003,9.915234e+001
1.037515e+003,9.914964e+001
1.037997e+003,9.914487e+001
1.038479e+003,9.913951e+001
1.038962e+003,9.913428e+001
1.039444e+003,9.912854e+001
1.039926e+003,9.912025e+001
1.040408e+003,9.910712e+001
1.040890e+003,9.908781e+001
1.041372e+003,9.906316e+001
1.041854e+003,9.903615e+001
1.042336e+003,9.901087e+001
1.042819e+003,9.899101e+001
1.043301e+003,9.897849e+001
1.043783e+003,9.897305e+001
1.044265e+003,9.897298e+001
1.044747e+003,9.897620e+001
1.045229e+003,9.898151e+001
1.045711e+003,9.898867e+001
1.046193e+003,9.899789e+001
1.046676e+003,9.900858e+001
1.047158e+003,9.901871e+001
1.047640e+003,9.902489e+001
1.048122e+003,9.902342e+001
1.048604e+003,9.901183e+001
1.049086e+003,9.898984e+001
1.049568e+003,9.895963e+001
1.050050e+003,9.892472e+001
1.050532e+003,9.888837e+001
1.051015e+003,9.885229e+001
1.051497e+003,9.881638e+001
1.051979e+003,9.877934e+001
1.052461e+003,9.874016e+001
1.052943e+003,9.869918e+001
1.053425e+003,9.865849e+001
1.053907e+003,9.862114e+001
1.054389e+003,9.858984e+001
1.054871e+003,9.856569e+001
1.055354e+003,9.854762e+001
1.055836e+003,9.853309e+001
1.056318e+003,9.851913e+001
1.056800e+003,9.850357e+001
1.057282e+003,9.848542e+001
1.057764e+003,9.846468e+001
1.058246e+003,9.844128e+001
1.058728e+003,9.841438e+001
1.059210e+003,9.838204e+001
1.059693e+003,9.834154e+001
1.060175e+003,9.829027e+001
1.060657e+003,9.822639e+001
1.061139e+003,9.814906e+001
1.061621e+003,9.805806e+001
1.062103e+003,9.795322e+001
1.062585e+003,9.783401e+001
1.063067e+003,9.769975e+001
1.063550e+003,9.754989e+001
1.064032e+003,9.738459e+001
1.064514e+003,9.720441e+001
1.064996e+003,9.700970e+001
1.065478e+003,9.679945e+001
1.065960e+003,9.657055e+001
1.066442e+003,9.631804e+001
1.066924e+003,9.603630e+001
1.067406e+003,9.572147e+001
1.067889e+003,9.537317e+001
1.068371e+003,9.499560e+001
1.068853e+003,9.459665e+001
1.069335e+003,9.418581e+001
1.069817e+003,9.377148e+001
1.070299e+003,9.335886e+001
1.070781e+003,9.294923e+001
1.071263e+003,9.254051e+001
1.071746e+003,9.212892e+001
1.072228e+003,9.171016e+001
1.072710e+003,9.127982e+001
1.073192e+003,9.083286e+001
1.073674e+003,9.036255e+001
1.074156e+003,8.986033e+001
1.074638e+003,8.931672e+001
1.075120e+003,8.872401e+001
1.075603e+003,8.807920e+001
1.076085e+003,8.738681e+001
1.076567e+003,8.665999e+001
1.077049e+003,8.592013e+001
1.077531e+003,8.519478e+001
1.078013e+003,8.451535e+001
1.078495e+003,8.391473e+001
1.078977e+003,8.342525e+001
1.079459e+003,8.307677e+001
1.079942e+003,8.289401e+001
1.080424e+003,8.289295e+001
1.080906e+003,8.307730e+001
1.081388e+003,8.343638e+001
1.081870e+003,8.394609e+001
1.082352e+003,8.457362e+001
1.082834e+003,8.528465e+001
1.083316e+003,8.605055e+001
1.083798e+003,8.685301e+001
1.084281e+003,8.768410e+001
1.084763e+003,8.854233e+001
1.085245e+003,8.942616e+001
1.085727e+003,9.032838e+001
1.086209e+003,9.123318e+001
1.086691e+003,9.211734e+001
1.087173e+003,9.295470e+001
1.087655e+003,9.372161e+001
1.088137e+003,9.440172e+001
1.088620e+003,9.498775e+001
1.089102e+003,9.548098e+001
1.089584e+003,9.588850e+001
1.090066e+003,9.622012e+001
1.090548e+003,9.648576e+001
1.091030e+003,9.669434e+001
1.091512e+003,9.685371e+001
1.091994e+003,9.697105e+001
1.092477e+003,9.705299e+001
1.092959e+003,9.710549e+001
1.093441e+003,9.713339e+001
1.093923e+003,9.714018e+001
1.094405e+003,9.712843e+001
1.094887e+003,9.710054e+001
1.095369e+003,9.705956e+001
1.095851e+003,9.700949e+001
1.096333e+003,9.695469e+001
1.096816e+003,9.689869e+001
1.097298e+003,9.684319e+001
1.097780e+003,9.678735e+001
1.098262e+003,9.672830e+001
1.098744e+003,9.666227e+001
1.099226e+003,9.658604e+001
1.099708e+003,9.649796e+001
1.100190e+003,9.639808e+001
1.100673e+003,9.628757e+001
1.101155e+003,9.616796e+001
1.101637e+003,9.604033e+001
1.102119e+003,9.590551e+001
1.102601e+003,9.576439e+001
1.103083e+003,9.561863e+001
1.103565e+003,9.547083e+001
1.104047e+003,9.532404e+001
1.104530e+003,9.518081e+001
1.105012e+003,9.504227e+001
1.105494e+003,9.490746e+001
1.105976e+003,9.477318e+001
1.106458e+003,9.463489e+001
1.106940e+003,9.448718e+001
1.107422e+003,9.432470e+001
1.107904e+003,9.414229e+001
1.108386e+003,9.393532e+001
1.108869e+003,9.369981e+001
1.109351e+003,9.343269e+001
1.109833e+003,9.313209e+001
1.110315e+003,9.279748e+001
1.110797e+003,9.242904e+001
1.111279e+003,9.202680e+001
1.111761e+003,9.158923e+001
1.112243e+003,9.111220e+001
1.112725e+003,9.058877e+001
1.113208e+003,9.000981e+001
1.113690e+003,8.936552e+001
1.114172e+003,8.864734e+001
1.114654e+003,8.784993e+001
1.115136e+003,8.697270e+001
1.115618e+003,8.602155e+001
1.116100e+003,8.501062e+001
1.116582e+003,8.396450e+001
1.117064e+003,8.291968e+001
1.117547e+003,8.192483e+001
1.118029e+003,8.103784e+001
1.118511e+003,8.031947e+001
1.118993e+003,7.982339e+001
1.119475e+003,7.958483e+001
1.119957e+003,7.961085e+001
1.120439e+003,7.987574e+001
1.120921e+003,8.032344e+001
1.121404e+003,8.087690e+001
1.121886e+003,8.145181e+001
1.122368e+003,8.197019e+001
1.122850e+003,8.237093e+001
1.123332e+003,8.261440e+001
1.123814e+003,8.268205e+001
1.124296e+003,8.257214e+001
1.124778e+003,8.229428e+001
1.125260e+003,8.186497e+001
1.125743e+003,8.130506e+001
1.126225e+003,8.063885e+001
1.126707e+003,7.989369e+001
1.127189e+003,7.909914e+001
1.127671e+003,7.828490e+001
1.128153e+003,7.747836e+001
1.128635e+003,7.670246e+001
1.129117e+003,7.597494e+001
1.129600e+003,7.530901e+001
1.130082e+003,7.471503e+001
1.130564e+003,7.420179e+001
1.131046e+003,7.377659e+001
1.131528e+003,7.344476e+001
1.132010e+003,7.320860e+001
1.132492e+003,7.306693e+001
1.132974e+003,7.301599e+001
1.133457e+003,7.305101e+001
1.133939e+003,7.316773e+001
1.134421e+003,7.336294e+001
1.134903e+003,7.363337e+001
1.135385e+003,7.397409e+001
1.135867e+003,7.437664e+001
1.136349e+003,7.482885e+001
1.136831e+003,7.531612e+001
1.137313e+003,7.582412e+001
1.137796e+003,7.634140e+001
1.138278e+003,7.686111e+001
1.138760e+003,7.738084e+001
1.139242e+003,7.790122e+001
1.139724e+003,7.842369e+001
1.140206e+003,7.894870e+001
1.140688e+003,7.947513e+001
1.141170e+003,8.000052e+001
1.141652e+003,8.052198e+001
1.142135e+003,8.103705e+001
1.142617e+003,8.154368e+001
1.143099e+003,8.204012e+001
1.143581e+003,8.252449e+001
1.144063e+003,8.299463e+001
1.144545e+003,8.344848e+001
1.145027e+003,8.388483e+001
1.145509e+003,8.430357e+001
1.145991e+003,8.470558e+001
1.146474e+003,8.509176e+001
1.146956e+003,8.546188e+001
1.147438e+003,8.581396e+001
1.147920e+003,8.614426e+001
1.148402e+003,8.644841e+001
1.148884e+003,8.672289e+001
1.149366e+003,8.696639e+001
1.149848e+003,8.718026e+001
1.150331e+003,8.736791e+001
1.150813e+003,8.753355e+001
1.151295e+003,8.768079e+001
1.151777e+003,8.781189e+001
1.152259e+003,8.792774e+001
1.152741e+003,8.802865e+001
1.153223e+003,8.811514e+001
1.153705e+003,8.818835e+001
1.154188e+003,8.824992e+001
1.154670e+003,8.830110e+001
1.155152e+003,8.834228e+001
1.155634e+003,8.837251e+001
1.156116e+003,8.839017e+001
1.156598e+003,8.839375e+001
1.157080e+003,8.838271e+001
1.157562e+003,8.835763e+001
1.158044e+003,8.831988e+001
1.158527e+003,8.827055e+001
1.159009e+003,8.820960e+001
1.159491e+003,8.813551e+001
1.159973e+003,8.804574e+001
1.160455e+003,8.793761e+001
1.160937e+003,8.780933e+001
1.161419e+003,8.766033e+001
1.161901e+003,8.749083e+001
1.162384e+003,8.730082e+001
1.162866e+003,8.708909e+001
1.163348e+003,8.685285e+001
1.163830e+003,8.658808e+001
1.164312e+003,8.629078e+001
1.164794e+003,8.595821e+001
1.165276e+003,8.558976e+001
1.165758e+003,8.518686e+001
1.166240e+003,8.475220e+001
1.166723e+003,8.428866e+001
1.167205e+003,8.379847e+001
1.167687e+003,8.328297e+001
1.168169e+003,8.274314e+001
1.168651e+003,8.218012e+001
1.169133e+003,8.159544e+001
1.169615e+003,8.099084e+001
1.170097e+003,8.036757e+001
1.170579e+003,7.972577e+001
1.171062e+003,7.906433e+001
1.171544e+003,7.838178e+001
1.172026e+003,7.767752e+001
1.172508e+003,7.695319e+001
1.172990e+003,7.621335e+001
1.173472e+003,7.546507e+001
1.173954e+003,7.471695e+001
1.174436e+003,7.397792e+001
1.174918e+003,7.325674e+001
1.175401e+003,7.256230e+001
1.175883e+003,7.190488e+001
1.176365e+003,7.129704e+001
1.176847e+003,7.075394e+001
1.177329e+003,7.029232e+001
1.177811e+003,6.992851e+001
1.178293e+003,6.967648e+001
1.178775e+003,6.954636e+001
1.179258e+003,6.954439e+001
1.179740e+003,6.967372e+001
1.180222e+003,6.993526e+001
1.180704e+003,7.032784e+001
1.181186e+003,7.084740e+001
1.181668e+003,7.148567e+001
1.182150e+003,7.222942e+001
1.182632e+003,7.306081e+001
1.183115e+003,7.395920e+001
1.183597e+003,7.490365e+001
1.184079e+003,7.587502e+001
1.184561e+003,7.685842e+001
1.185043e+003,7.783905e+001
1.185525e+003,7.880553e+001
1.186007e+003,7.974817e+001
1.186489e+003,8.065888e+001
1.186971e+003,8.153131e+001
1.187454e+003,8.236148e+001
1.187936e+003,8.314816e+001
1.188418e+003,8.389275e+001
1.188900e+003,8.459896e+001
1.189382e+003,8.527157e+001
1.189864e+003,8.591566e+001
1.190346e+003,8.653586e+001
1.190828e+003,8.713573e+001
1.191311e+003,8.771795e+001
1.191793e+003,8.828430e+001
1.192275e+003,8.883575e+001
1.192757e+003,8.937268e+001
1.193239e+003,8.989466e+001
1.193721e+003,9.040082e+001
1.194203e+003,9.088976e+001
1.194685e+003,9.135967e+001
1.195167e+003,9.180872e+001
1.195650e+003,9.223484e+001
1.196132e+003,9.263598e+001
1.196614e+003,9.301021e+001
1.197096e+003,9.335608e+001
1.197578e+003,9.367320e+001
1.198060e+003,9.396244e+001
1.198542e+003,9.422627e+001
1.199024e+003,9.446827e+001
1.199506e+003,9.469256e+001
1.199989e+003,9.490300e+001
1.200471e+003,9.510233e+001
1.200953e+003,9.529191e+001
1.201435e+003,9.547195e+001
1.201917e+003,9.564197e+001
1.202399e+003,9.580140e+001
1.202881e+003,9.595007e+001
1.203363e+003,9.608829e+001
1.203845e+003,9.621651e+001
1.204328e+003,9.633526e+001
1.204810e+003,9.644471e+001
1.205292e+003,9.654512e+001
1.205774e+003,9.663706e+001
1.206256e+003,9.672195e+001
1.206738e+003,9.680191e+001
1.207220e+003,9.687964e+001
1.207702e+003,9.695762e+001
1.208185e+003,9.703730e+001
1.208667e+003,9.711874e+001
1.209149e+003,9.720060e+001
1.209631e+003,9.728068e+001
1.210113e+003,9.735693e+001
1.210595e+003,9.742817e+001
1.211077e+003,9.749430e+001
1.211559e+003,9.755625e+001
1.212042e+003,9.761535e+001
1.212524e+003,9.767273e+001
1.213006e+003,9.772902e+001
1.213488e+003,9.778439e+001
1.213970e+003,9.783881e+001
1.214452e+003,9.789247e+001
1.214934e+003,9.794553e+001
1.215416e+003,9.799792e+001
1.215898e+003,9.804885e+001
1.216381e+003,9.809626e+001
1.216863e+003,9.813703e+001
1.217345e+003,9.816752e+001
1.217827e+003,9.818439e+001
1.218309e+003,9.818552e+001
1.218791e+003,9.817023e+001
1.219273e+003,9.813898e+001
1.219755e+003,9.809293e+001
1.220238e+003,9.803294e+001
1.220720e+003,9.795940e+001
1.221202e+003,9.787265e+001
1.221684e+003,9.777370e+001
1.222166e+003,9.766547e+001
1.222648e+003,9.755331e+001
1.223130e+003,9.744501e+001
1.223612e+003,9.734958e+001
1.224094e+003,9.727554e+001
1.224577e+003,9.722942e+001
1.225059e+003,9.721452e+001
1.225541e+003,9.723071e+001
1.226023e+003,9.727529e+001
1.226505e+003,9.734409e+001
1.226987e+003,9.743254e+001
1.227469e+003,9.753626e+001
1.227951e+003,9.765115e+001
1.228434e+003,9.777306e+001
1.228916e+003,9.789771e+001
1.229398e+003,9.802062e+001
1.229880e+003,9.813771e+001
1.230362e+003,9.824569e+001
1.230844e+003,9.834273e+001
1.231326e+003,9.842837e+001
1.231808e+003,9.850330e+001
1.232291e+003,9.856878e+001
1.232773e+003,9.862596e+001
1.233255e+003,9.867548e+001
1.233737e+003,9.871751e+001
1.234219e+003,9.875208e+001
1.234701e+003,9.877954e+001
1.235183e+003,9.880098e+001
1.235665e+003,9.881819e+001
1.236147e+003,9.883341e+001
1.236630e+003,9.884871e+001
1.237112e+003,9.886544e+001
1.237594e+003,9.888364e+001
1.238076e+003,9.890225e+001
1.238558e+003,9.891907e+001
1.239040e+003,9.893154e+001
1.239522e+003,9.893736e+001
1.240004e+003,9.893523e+001
1.240486e+003,9.892520e+001
1.240969e+003,9.890886e+001
1.241451e+003,9.888893e+001
1.241933e+003,9.886875e+001
1.242415e+003,9.885139e+001
1.242897e+003,9.883912e+001
1.243379e+003,9.883282e+001
1.243861e+003,9.883208e+001
1.244343e+003,9.883543e+001
1.244825e+003,9.884105e+001
1.245308e+003,9.884727e+001
1.245790e+003,9.885303e+001
1.246272e+003,9.885779e+001
1.246754e+003,9.886143e+001
1.247236e+003,9.886362e+001
1.247718e+003,9.886374e+001
1.248200e+003,9.886082e+001
1.248682e+003,9.885381e+001
1.249165e+003,9.884216e+001
1.249647e+003,9.882618e+001
1.250129e+003,9.880697e+001
1.250611e+003,9.878623e+001
1.251093e+003,9.876540e+001
1.251575e+003,9.874513e+001
1.252057e+003,9.872476e+001
1.252539e+003,9.870245e+001
1.253021e+003,9.867558e+001
1.253504e+003,9.864165e+001
1.253986e+003,9.859898e+001
1.254468e+003,9.854706e+001
1.254950e+003,9.848666e+001
1.255432e+003,9.841942e+001
1.255914e+003,9.834738e+001
1.256396e+003,9.827248e+001
1.256878e+003,9.819641e+001
1.257361e+003,9.812054e+001
1.257843e+003,9.804598e+001
1.258325e+003,9.797346e+001
1.258807e+003,9.790327e+001
1.259289e+003,9.783483e+001
1.259771e+003,9.776672e+001
1.260253e+003,9.769669e+001
1.260735e+003,9.762190e+001
1.261218e+003,9.753925e+001
1.261700e+003,9.744545e+001
1.262182e+003,9.733673e+001
1.262664e+003,9.720851e+001
1.263146e+003,9.705515e+001
1.263628e+003,9.687003e+001
1.264110e+003,9.664619e+001
1.264592e+003,9.637701e+001
1.265074e+003,9.605678e+001
1.265557e+003,9.568052e+001
1.266039e+003,9.524328e+001
1.266521e+003,9.473911e+001
1.267003e+003,9.416039e+001
1.267485e+003,9.349854e+001
1.267967e+003,9.274635e+001
1.268449e+003,9.190183e+001
1.268931e+003,9.097299e+001
1.269413e+003,8.998167e+001
1.269896e+003,8.896498e+001
1.270378e+003,8.797334e+001
1.270860e+003,8.706485e+001
1.271342e+003,8.629710e+001
1.271824e+003,8.571870e+001
1.272306e+003,8.536240e+001
1.272788e+003,8.524153e+001
1.273270e+003,8.534978e+001
1.273752e+003,8.566392e+001
1.274235e+003,8.614865e+001
1.274717e+003,8.676180e+001
1.275199e+003,8.745972e+001
1.275681e+003,8.820118e+001
1.276163e+003,8.895004e+001
1.276645e+003,8.967625e+001
1.277127e+003,9.035587e+001
1.277609e+003,9.097056e+001
1.278092e+003,9.150721e+001
1.278574e+003,9.195763e+001
1.279056e+003,9.231850e+001
1.279538e+003,9.259089e+001
1.280020e+003,9.277954e+001
1.280502e+003,9.289170e+001
1.280984e+003,9.293577e+001
1.281466e+003,9.291996e+001
1.281948e+003,9.285135e+001
1.282431e+003,9.273524e+001
1.282913e+003,9.257506e+001
1.283395e+003,9.237263e+001
1.283877e+003,9.212879e+001
1.284359e+003,9.184389e+001
1.284841e+003,9.151863e+001
1.285323e+003,9.115429e+001
1.285805e+003,9.075330e+001
1.286288e+003,9.031932e+001
1.286770e+003,8.985751e+001
1.287252e+003,8.937492e+001
1.287734e+003,8.888094e+001
1.288216e+003,8.838754e+001
1.288698e+003,8.790949e+001
1.289180e+003,8.746359e+001
1.289662e+003,8.706760e+001
1.290145e+003,8.673849e+001
1.290627e+003,8.649076e+001
1.291109e+003,8.633508e+001
1.291591e+003,8.627743e+001
1.292073e+003,8.631895e+001
1.292555e+003,8.645618e+001
1.293037e+003,8.668153e+001
1.293519e+003,8.698415e+001
1.294001e+003,8.735114e+001
1.294484e+003,8.776887e+001
1.294966e+003,8.822445e+001
1.295448e+003,8.870688e+001
1.295930e+003,8.920761e+001
1.296412e+003,8.972045e+001
1.296894e+003,9.024107e+001
1.297376e+003,9.076614e+001
1.297858e+003,9.129269e+001
1.298340e+003,9.181770e+001
1.298823e+003,9.233776e+001
1.299305e+003,9.284919e+001
1.299787e+003,9.334803e+001
1.300269e+003,9.383020e+001
1.300751e+003,9.429153e+001
1.301233e+003,9.472810e+001
1.301715e+003,9.513676e+001
1.302197e+003,9.551529e+001
1.302679e+003,9.586271e+001
1.303162e+003,9.617934e+001
1.303644e+003,9.646646e+001
1.304126e+003,9.672600e+001
1.304608e+003,9.696011e+001
1.305090e+003,9.717092e+001
1.305572e+003,9.736039e+001
1.306054e+003,9.753024e+001
1.306536e+003,9.768189e+001
1.307019e+003,9.781664e+001
1.307501e+003,9.793561e+001
1.307983e+003,9.803995e+001
1.308465e+003,9.813080e+001
1.308947e+003,9.820942e+001
1.309429e+003,9.827692e+001
1.309911e+003,9.833421e+001
1.310393e+003,9.838177e+001
1.310875e+003,9.841965e+001
1.311358e+003,9.844776e+001
1.311840e+003,9.846613e+001
1.312322e+003,9.847539e+001
1.312804e+003,9.847681e+001
1.313286e+003,9.847222e+001
1.313768e+003,9.846344e+001
1.314250e+003,9.845145e+001
1.314732e+003,9.843623e+001
1.315215e+003,9.841666e+001
1.315697e+003,9.839121e+001
1.316179e+003,9.835874e+001
1.316661e+003,9.831937e+001
1.317143e+003,9.827477e+001
1.317625e+003,9.822807e+001
1.318107e+003,9.818276e+001
1.318589e+003,9.814165e+001
1.319072e+003,9.810585e+001
1.319554e+003,9.807441e+001
1.320036e+003,9.804472e+001
1.320518e+003,9.801321e+001
1.321000e+003,9.797643e+001
1.321482e+003,9.793181e+001
1.321964e+003,9.787790e+001
1.322446e+003,9.781421e+001
1.322928e+003,9.774089e+001
1.323411e+003,9.765825e+001
1.323893e+003,9.756675e+001
1.324375e+003,9.746689e+001
1.324857e+003,9.735914e+001
1.325339e+003,9.724362e+001
1.325821e+003,9.711987e+001
1.326303e+003,9.698639e+001
1.326785e+003,9.684058e+001
1.327267e+003,9.667908e+001
1.327750e+003,9.649805e+001
1.328232e+003,9.629410e+001
1.328714e+003,9.606422e+001
1.329196e+003,9.580603e+001
1.329678e+003,9.551726e+001
1.330160e+003,9.519534e+001
1.330642e+003,9.483723e+001
1.331124e+003,9.443968e+001
1.331606e+003,9.399955e+001
1.332089e+003,9.351449e+001
1.332571e+003,9.298295e+001
1.333053e+003,9.240384e+001
1.333535e+003,9.177591e+001
1.334017e+003,9.109706e+001
1.334499e+003,9.036409e+001
1.334981e+003,8.957275e+001
1.335463e+003,8.871838e+001
1.335946e+003,8.779625e+001
1.336428e+003,8.680222e+001
1.336910e+003,8.573293e+001
1.337392e+003,8.458691e+001
1.337874e+003,8.336641e+001
1.338356e+003,8.207984e+001
1.338838e+003,8.074438e+001
1.339320e+003,7.938679e+001
1.339802e+003,7.804236e+001
1.340285e+003,7.675119e+001
1.340767e+003,7.555380e+001
1.341249e+003,7.448756e+001
1.341731e+003,7.358463e+001
1.342213e+003,7.287169e+001
1.342695e+003,7.237003e+001
1.343177e+003,7.209519e+001
1.343659e+003,7.205569e+001
1.344142e+003,7.225117e+001
1.344624e+003,7.267078e+001
1.345106e+003,7.329295e+001
1.345588e+003,7.408683e+001
1.346070e+003,7.501543e+001
1.346552e+003,7.603979e+001
1.347034e+003,7.712367e+001
1.347516e+003,7.823838e+001
1.347999e+003,7.936681e+001
1.348481e+003,8.050546e+001
1.348963e+003,8.166341e+001
1.349445e+003,8.285751e+001
1.349927e+003,8.410476e+001
1.350409e+003,8.541377e+001
1.350891e+003,8.677824e+001
1.351373e+003,8.817490e+001
1.351855e+003,8.956638e+001
1.352338e+003,9.090885e+001
1.352820e+003,9.216103e+001
1.353302e+003,9.329170e+001
1.353784e+003,9.428364e+001
1.354266e+003,9.513313e+001
1.354748e+003,9.584668e+001
1.355230e+003,9.643662e+001
1.355712e+003,9.691749e+001
1.356194e+003,9.730384e+001
1.356677e+003,9.760972e+001
1.357159e+003,9.784874e+001
1.357641e+003,9.803400e+001
1.358123e+003,9.817770e+001
1.358605e+003,9.829002e+001
1.359087e+003,9.837846e+001
1.359569e+003,9.844771e+001
1.360051e+003,9.850034e+001
1.360533e+003,9.853822e+001
1.361016e+003,9.856424e+001
1.361498e+003,9.858329e+001
1.361980e+003,9.860255e+001
1.362462e+003,9.862975e+001
1.362944e+003,9.867057e+001
1.363426e+003,9.872623e+001
1.363908e+003,9.879294e+001
1.364390e+003,9.886345e+001
1.364873e+003,9.892953e+001
1.365355e+003,9.898361e+001
1.365837e+003,9.901960e+001
1.366319e+003,9.903331e+001
1.366801e+003,9.902296e+001
1.367283e+003,9.899023e+001
1.367765e+003,9.894059e+001
1.368247e+003,9.888251e+001
1.368729e+003,9.882534e+001
1.369212e+003,9.877666e+001
1.369694e+003,9.873994e+001
1.370176e+003,9.871368e+001
1.370658e+003,9.869225e+001
1.371140e+003,9.866829e+001
1.371622e+003,9.863545e+001
1.372104e+003,9.859135e+001
1.372586e+003,9.853897e+001
1.373069e+003,9.848669e+001
1.373551e+003,9.844623e+001
1.374033e+003,9.842850e+001
1.374515e+003,9.843940e+001
1.374997e+003,9.847687e+001
1.375479e+003,9.853182e+001
1.375961e+003,9.859198e+001
1.376443e+003,9.864622e+001
1.376926e+003,9.868738e+001
1.377408e+003,9.871261e+001
1.377890e+003,9.872240e+001
1.378372e+003,9.871910e+001
1.378854e+003,9.870558e+001
1.379336e+003,9.868452e+001
1.379818e+003,9.865799e+001
1.380300e+003,9.862784e+001
1.380782e+003,9.859569e+001
1.381265e+003,9.856319e+001
1.381747e+003,9.853165e+001
1.382229e+003,9.850172e+001
1.382711e+003,9.847346e+001
1.383193e+003,9.844656e+001
1.383675e+003,9.842101e+001
1.384157e+003,9.839743e+001
1.384639e+003,9.837711e+001
1.385121e+003,9.836174e+001
1.385604e+003,9.835283e+001
1.386086e+003,9.835144e+001
1.386568e+003,9.835783e+001
1.387050e+003,9.837038e+001
1.387532e+003,9.838447e+001
1.388014e+003,9.839285e+001
1.388496e+003,9.838747e+001
1.388978e+003,9.836247e+001
1.389460e+003,9.831613e+001
1.389943e+003,9.825070e+001
1.390425e+003,9.817068e+001
1.390907e+003,9.808062e+001
1.391389e+003,9.798341e+001
1.391871e+003,9.787950e+001
1.392353e+003,9.776756e+001
1.392835e+003,9.764632e+001
1.393317e+003,9.751726e+001
1.393800e+003,9.738618e+001
1.394282e+003,9.726289e+001
1.394764e+003,9.715758e+001
1.395246e+003,9.707572e+001
1.395728e+003,9.701506e+001
1.396210e+003,9.696602e+001
1.396692e+003,9.691525e+001
1.397174e+003,9.684950e+001
1.397656e+003,9.675932e+001
1.398139e+003,9.664133e+001
1.398621e+003,9.649950e+001
1.399103e+003,9.634332e+001
1.399585e+003,9.618385e+001
1.400067e+003,9.602891e+001
1.400549e+003,9.588036e+001
1.401031e+003,9.573409e+001
1.401513e+003,9.558113e+001
1.401996e+003,9.540965e+001
1.402478e+003,9.520694e+001
1.402960e+003,9.496224e+001
1.403442e+003,9.467014e+001
1.403924e+003,9.433323e+001
1.404406e+003,9.396281e+001
1.404888e+003,9.357662e+001
1.405370e+003,9.319482e+001
1.405853e+003,9.283559e+001
1.406335e+003,9.251246e+001
1.406817e+003,9.223328e+001
1.407299e+003,9.200091e+001
1.407781e+003,9.181447e+001
1.408263e+003,9.167073e+001
1.408745e+003,9.156521e+001
1.409227e+003,9.149242e+001
1.409709e+003,9.144527e+001
1.410192e+003,9.141383e+001
1.410674e+003,9.138416e+001
1.411156e+003,9.133798e+001
1.411638e+003,9.125404e+001
1.412120e+003,9.111095e+001
1.412602e+003,9.089122e+001
1.413084e+003,9.058524e+001
1.413566e+003,9.019382e+001
1.414048e+003,8.972807e+001
1.414531e+003,8.920654e+001
1.415013e+003,8.864974e+001
1.415495e+003,8.807425e+001
1.415977e+003,8.748770e+001
1.416459e+003,8.688632e+001
1.416941e+003,8.625581e+001
1.417423e+003,8.557584e+001
1.417905e+003,8.482706e+001
1.418387e+003,8.399785e+001
1.418870e+003,8.308653e+001
1.419352e+003,8.209656e+001
1.419834e+003,8.102782e+001
1.420316e+003,7.987122e+001
1.420798e+003,7.860865e+001
1.421280e+003,7.721657e+001
1.421762e+003,7.566985e+001
1.422244e+003,7.394741e+001
1.422727e+003,7.204066e+001
1.423209e+003,6.996318e+001
1.423691e+003,6.775719e+001
1.424173e+003,6.549115e+001
1.424655e+003,6.324718e+001
1.425137e+003,6.110379e+001
1.425619e+003,5.912284e+001
1.426101e+003,5.734587e+001
1.426583e+003,5.579800e+001
1.427066e+003,5.449385e+001
1.427548e+003,5.344040e+001
1.428030e+003,5.263509e+001
1.428512e+003,5.206175e+001
1.428994e+003,5.168892e+001
1.429476e+003,5.147427e+001
1.429958e+003,5.137504e+001
1.430440e+003,5.135955e+001
1.430923e+003,5.141405e+001
1.431405e+003,5.154094e+001
1.431887e+003,5.175001e+001
1.432369e+003,5.204785e+001
1.432851e+003,5.243157e+001
1.433333e+003,5.288986e+001
1.433815e+003,5.341014e+001
1.434297e+003,5.398772e+001
1.434780e+003,5.463227e+001
1.435262e+003,5.536819e+001
1.435744e+003,5.622620e+001
1.436226e+003,5.722721e+001
1.436708e+003,5.836479e+001
1.437190e+003,5.959892e+001
1.437672e+003,6.086841e+001
1.438154e+003,6.211493e+001
1.438636e+003,6.330155e+001
1.439119e+003,6.441540e+001
1.439601e+003,6.545820e+001
1.440083e+003,6.643498e+001
1.440565e+003,6.734814e+001
1.441047e+003,6.819888e+001
1.441529e+003,6.899310e+001
1.442011e+003,6.974718e+001
1.442493e+003,7.048853e+001
1.442976e+003,7.125032e+001
1.443458e+003,7.206171e+001
1.443940e+003,7.293946e+001
1.444422e+003,7.388465e+001
1.444904e+003,7.488631e+001
1.445386e+003,7.593029e+001
1.445868e+003,7.700851e+001
1.446350e+003,7.812334e+001
1.446833e+003,7.928446e+001
1.447314e+003,8.049887e+001
1.447797e+003,8.175951e+001
1.448279e+003,8.303867e+001
1.448761e+003,8.429159e+001
1.449243e+003,8.546890e+001
1.449725e+003,8.653130e+001
1.450207e+003,8.745876e+001
1.450689e+003,8.825064e+001
1.451171e+003,8.891965e+001
1.451654e+003,8.948441e+001
1.452136e+003,8.996457e+001
1.452618e+003,9.037926e+001
1.453100e+003,9.074797e+001
1.453582e+003,9.109069e+001
1.454064e+003,9.142606e+001
1.454546e+003,9.176716e+001
1.455028e+003,9.211770e+001
1.455510e+003,9.247163e+001
1.455993e+003,9.281798e+001
1.456475e+003,9.314939e+001
1.456957e+003,9.346597e+001
1.457439e+003,9.376917e+001
1.457921e+003,9.405251e+001
1.458403e+003,9.430328e+001
1.458885e+003,9.451154e+001
1.459367e+003,9.467371e+001
1.459850e+003,9.478900e+001
1.460332e+003,9.485611e+001
1.460814e+003,9.487479e+001
1.461296e+003,9.485001e+001
1.461778e+003,9.479517e+001
1.462260e+003,9.473154e+001
1.462742e+003,9.468361e+001
1.463224e+003,9.467331e+001
1.463707e+003,9.471438e+001
1.464189e+003,9.480882e+001
1.464671e+003,9.494595e+001
1.465153e+003,9.510445e+001
1.465635e+003,9.525803e+001
1.466117e+003,9.538328e+001
1.466599e+003,9.546557e+001
1.467081e+003,9.549975e+001
1.467563e+003,9.548668e+001
1.468046e+003,9.542918e+001
1.468528e+003,9.532954e+001
1.469010e+003,9.518933e+001
1.469492e+003,9.500991e+001
1.469974e+003,9.479280e+001
1.470456e+003,9.454015e+001
1.470938e+003,9.425548e+001
1.471420e+003,9.394573e+001
1.471903e+003,9.362138e+001
1.472385e+003,9.329198e+001
1.472867e+003,9.295658e+001
1.473349e+003,9.259604e+001
1.473831e+003,9.217483e+001
1.474313e+003,9.165131e+001
1.474795e+003,9.098862e+001
1.475277e+003,9.016296e+001
1.475760e+003,8.917001e+001
1.476241e+003,8.803112e+001
1.476724e+003,8.679664e+001
1.477206e+003,8.554346e+001
1.477688e+003,8.436578e+001
1.478170e+003,8.336229e+001
1.478652e+003,8.262299e+001
1.479134e+003,8.221875e+001
1.479616e+003,8.219353e+001
1.480098e+003,8.255843e+001
1.480581e+003,8.328780e+001
1.481063e+003,8.431984e+001
1.481545e+003,8.556364e+001
1.482027e+003,8.691308e+001
1.482509e+003,8.826397e+001
1.482991e+003,8.952921e+001
1.483473e+003,9.064779e+001
1.483955e+003,9.158672e+001
1.484438e+003,9.233852e+001
1.484920e+003,9.291647e+001
1.485402e+003,9.334968e+001
1.485884e+003,9.367705e+001
1.486366e+003,9.394086e+001
1.486848e+003,9.417973e+001
1.487330e+003,9.442279e+001
1.487812e+003,9.468640e+001
1.488294e+003,9.497434e+001
1.488777e+003,9.528044e+001
1.489259e+003,9.559280e+001
1.489741e+003,9.589714e+001
1.490223e+003,9.617838e+001
1.490705e+003,9.642233e+001
1.491187e+003,9.661826e+001
1.491669e+003,9.676293e+001
1.492151e+003,9.686249e+001
1.492634e+003,9.693030e+001
1.493116e+003,9.698183e+001
1.493598e+003,9.702929e+001
1.494080e+003,9.707911e+001
1.494562e+003,9.713300e+001
1.495044e+003,9.719189e+001
1.495526e+003,9.726050e+001
1.496008e+003,9.734914e+001
1.496490e+003,9.747073e+001
1.496973e+003,9.763371e+001
1.497455e+003,9.783566e+001
1.497937e+003,9.806080e+001
1.498419e+003,9.828294e+001
1.498901e+003,9.847093e+001
1.499383e+003,9.859561e+001
1.499865e+003,9.863661e+001
1.500347e+003,9.858808e+001
1.500830e+003,9.846128e+001
1.501312e+003,9.828304e+001
1.501794e+003,9.808966e+001
1.502276e+003,9.791841e+001
1.502758e+003,9.779909e+001
1.503240e+003,9.774711e+001
1.503722e+003,9.775991e+001
1.504204e+003,9.781683e+001
1.504687e+003,9.788460e+001
1.505168e+003,9.792915e+001
1.505651e+003,9.793432e+001
1.506133e+003,9.791945e+001
1.506615e+003,9.793814e+001
1.507097e+003,9.804312e+001
1.507579e+003,9.824155e+001
1.508061e+003,9.849019e+001
1.508543e+003,9.873035e+001
1.509025e+003,9.891859e+001
1.509508e+003,9.903272e+001
1.509990e+003,9.906599e+001
1.510472e+003,9.902277e+001
1.510954e+003,9.891811e+001
1.511436e+003,9.877740e+001
1.511918e+003,9.863232e+001
1.512400e+003,9.851229e+001
1.512882e+003,9.843547e+001
1.513365e+003,9.840285e+001
1.513847e+003,9.839880e+001
1.514329e+003,9.839698e+001
1.514811e+003,9.837062e+001
1.515293e+003,9.830347e+001
1.515775e+003,9.819862e+001
1.516257e+003,9.807963e+001
1.516739e+003,9.798068e+001
1.517221e+003,9.792973e+001
1.517704e+003,9.793461e+001
1.518186e+003,9.798064e+001
1.518668e+003,9.803799e+001
1.519150e+003,9.807276e+001
1.519632e+003,9.805769e+001
1.520114e+003,9.798294e+001
1.520596e+003,9.786439e+001
1.521078e+003,9.774243e+001
1.521561e+003,9.766405e+001
1.522043e+003,9.765614e+001
1.522525e+003,9.771231e+001
1.523007e+003,9.780365e+001
1.523489e+003,9.789824e+001
1.523971e+003,9.797254e+001
1.524453e+003,9.801234e+001
1.524935e+003,9.801084e+001
1.525417e+003,9.796795e+001
1.525900e+003,9.789031e+001
1.526382e+003,9.779021e+001
1.526864e+003,9.768253e+001
1.527346e+003,9.758133e+001
1.527828e+003,9.749730e+001
1.528310e+003,9.743629e+001
1.528792e+003,9.739890e+001
1.529274e+003,9.738117e+001
1.529757e+003,9.737646e+001
1.530239e+003,9.737774e+001
1.530721e+003,9.737933e+001
1.531203e+003,9.737702e+001
1.531685e+003,9.736736e+001
1.532167e+003,9.734792e+001
1.532649e+003,9.731844e+001
1.533131e+003,9.728135e+001
1.533614e+003,9.723774e+001
1.534095e+003,9.718161e+001
1.534578e+003,9.710123e+001
1.535060e+003,9.698822e+001
1.535542e+003,9.684438e+001
1.536024e+003,9.667651e+001
1.536506e+003,9.648446e+001
1.536988e+003,9.625082e+001
1.537470e+003,9.593954e+001
1.537952e+003,9.550652e+001
1.538435e+003,9.492039e+001
1.538917e+003,9.418652e+001
1.539399e+003,9.335823e+001
1.539881e+003,9.252099e+001
1.540363e+003,9.175185e+001
1.540845e+003,9.108242e+001
1.541327e+003,9.049407e+001
1.541809e+003,8.994259e+001
1.542292e+003,8.938894e+001
1.542774e+003,8.881999e+001
1.543256e+003,8.825674e+001
1.543738e+003,8.775185e+001
1.544220e+003,8.737762e+001
1.544702e+003,8.720612e+001
1.545184e+003,8.728722e+001
1.545666e+003,8.763313e+001
1.546148e+003,8.821712e+001
1.546631e+003,8.898584e+001
1.547113e+003,8.987704e+001
1.547595e+003,9.083419e+001
1.548077e+003,9.181346e+001
1.548559e+003,9.278468e+001
1.549041e+003,9.372871e+001
1.549523e+003,9.463323e+001
1.550005e+003,9.548812e+001
1.550488e+003,9.628156e+001
1.550970e+003,9.699872e+001
1.551452e+003,9.762234e+001
1.551934e+003,9.813432e+001
1.552416e+003,9.851778e+001
1.552898e+003,9.876198e+001
1.553380e+003,9.887007e+001
1.553862e+003,9.886536e+001
1.554344e+003,9.879073e+001
1.554827e+003,9.869882e+001
1.555309e+003,9.863766e+001
1.555791e+003,9.863801e+001
1.556273e+003,9.870592e+001
1.556755e+003,9.882156e+001
1.557237e+003,9.894656e+001
1.557719e+003,9.904475e+001
1.558201e+003,9.911581e+001
1.558684e+003,9.921861e+001
1.559166e+003,9.943303e+001
1.559648e+003,9.976642e+001
1.560130e+003,1.001268e+002
1.560612e+003,1.004044e+002
1.561094e+003,1.005421e+002
1.561576e+003,1.005369e+002
1.562058e+003,1.004119e+002
1.562541e+003,1.001961e+002
1.563022e+003,9.991736e+001
1.563505e+003,9.960563e+001
1.563987e+003,9.929543e+001
1.564469e+003,9.902441e+001
1.564951e+003,9.882648e+001
1.565433e+003,9.872309e+001
1.565915e+003,9.871820e+001
1.566397e+003,9.879955e+001
1.566879e+003,9.894376e+001
1.567362e+003,9.912202e+001
1.567844e+003,9.930571e+001
1.568326e+003,9.947163e+001
1.568808e+003,9.960704e+001
1.569290e+003,9.971115e+001
1.569772e+003,9.978999e+001
1.570254e+003,9.984802e+001
1.570736e+003,9.988409e+001
1.571219e+003,9.989582e+001
1.571701e+003,9.988581e+001
1.572183e+003,9.986337e+001
1.572665e+003,9.984067e+001
1.573147e+003,9.982750e+001
1.573629e+003,9.982813e+001
1.574111e+003,9.984157e+001
1.574593e+003,9.986530e+001
1.575075e+003,9.990044e+001
1.575558e+003,9.995407e+001
1.576040e+003,1.000340e+002
1.576522e+003,1.001378e+002
1.577004e+003,1.002456e+002
1.577486e+003,1.003274e+002
1.577968e+003,1.003582e+002
1.578450e+003,1.003281e+002
1.578932e+003,1.002404e+002
1.579415e+003,1.001064e+002
1.579897e+003,9.994004e+001
1.580379e+003,9.975701e+001
1.580861e+003,9.957457e+001
1.581343e+003,9.941077e+001
1.581825e+003,9.928152e+001
1.582307e+003,9.919672e+001
1.582789e+003,9.915756e+001
1.583271e+003,9.915648e+001
1.583754e+003,9.917962e+001
1.584236e+003,9.921109e+001
1.584718e+003,9.923790e+001
1.585200e+003,9.925307e+001
1.585682e+003,9.925626e+001
1.586164e+003,9.925137e+001
1.586646e+003,9.924249e+001
1.587128e+003,9.923013e+001
1.587611e+003,9.920955e+001
1.588093e+003,9.917229e+001
1.588575e+003,9.910991e+001
1.589057e+003,9.901855e+001
1.589539e+003,9.890174e+001
1.590021e+003,9.877026e+001
1.590503e+003,9.863888e+001
1.590985e+003,9.852142e+001
1.591468e+003,9.842647e+001
1.591949e+003,9.835501e+001
1.592432e+003,9.830099e+001
1.592914e+003,9.825397e+001
1.593396e+003,9.820313e+001
1.593878e+003,9.814045e+001
1.594360e+003,9.806255e+001
1.594842e+003,9.797050e+001
1.595324e+003,9.786867e+001
1.595806e+003,9.776299e+001
1.596289e+003,9.766003e+001
1.596771e+003,9.756631e+001
1.597253e+003,9.748798e+001
1.597735e+003,9.743053e+001
1.598217e+003,9.739732e+001
1.598699e+003,9.738847e+001
1.599181e+003,9.739986e+001
1.599663e+003,9.742316e+001
1.600146e+003,9.744759e+001
1.600628e+003,9.746284e+001
1.601110e+003,9.746216e+001
1.601592e+003,9.744448e+001
1.602074e+003,9.741430e+001
1.602556e+003,9.737986e+001
1.603038e+003,9.734990e+001
1.603520e+003,9.733067e+001
1.604002e+003,9.732403e+001
1.604485e+003,9.732755e+001
1.604967e+003,9.733620e+001
1.605449e+003,9.734481e+001
1.605931e+003,9.735025e+001
1.606413e+003,9.735235e+001
1.606895e+003,9.735366e+001
1.607377e+003,9.735797e+001
1.607859e+003,9.736833e+001
1.608342e+003,9.738523e+001
1.608824e+003,9.740536e+001
1.609306e+003,9.742165e+001
1.609788e+003,9.742477e+001
1.610270e+003,9.740553e+001
1.610752e+003,9.735769e+001
1.611234e+003,9.728056e+001
1.611716e+003,9.718038e+001
1.612198e+003,9.706974e+001
1.612681e+003,9.696502e+001
1.613163e+003,9.688204e+001
1.613645e+003,9.683124e+001
1.614127e+003,9.681396e+001
1.614609e+003,9.682145e+001
1.615091e+003,9.683820e+001
1.615573e+003,9.684935e+001
1.616055e+003,9.684839e+001
1.616538e+003,9.683891e+001
1.617020e+003,9.682779e+001
1.617502e+003,9.681577e+001
1.617984e+003,9.679546e+001
1.618466e+003,9.675668e+001
1.618948e+003,9.669141e+001
1.619430e+003,9.659368e+001
1.619912e+003,9.645787e+001
1.620395e+003,9.627856e+001
1.620876e+003,9.605360e+001
1.621359e+003,9.578848e+001
1.621841e+003,9.549935e+001
1.622323e+003,9.521133e+001
1.622805e+003,9.495092e+001
1.623287e+003,9.473460e+001
1.623769e+003,9.455936e+001
1.624251e+003,9.440244e+001
1.624733e+003,9.423112e+001
1.625216e+003,9.401688e+001
1.625698e+003,9.374597e+001
1.626180e+003,9.342312e+001
1.626662e+003,9.306971e+001
1.627144e+003,9.271814e+001
1.627626e+003,9.240411e+001
1.628108e+003,9.215816e+001
1.628590e+003,9.199860e+001
1.629073e+003,9.192896e+001
1.629555e+003,9.194131e+001
1.630037e+003,9.202305e+001
1.630519e+003,9.216330e+001
1.631001e+003,9.235612e+001
1.631483e+003,9.260016e+001
1.631965e+003,9.289653e+001
1.632447e+003,9.324603e+001
1.632929e+003,9.364739e+001
1.633412e+003,9.409670e+001
1.633894e+003,9.458833e+001
1.634376e+003,9.511737e+001
1.634858e+003,9.568212e+001
1.635340e+003,9.628273e+001
1.635822e+003,9.691270e+001
1.636304e+003,9.754722e+001
1.636786e+003,9.814391e+001
1.637269e+003,9.866145e+001
1.637751e+003,9.907830e+001
1.638233e+003,9.939571e+001
1.638715e+003,9.962688e+001
1.639197e+003,9.978571e+001
1.639679e+003,9.988104e+001
1.640161e+003,9.991821e+001
1.640643e+003,9.990379e+001
1.641125e+003,9.985047e+001
1.641608e+003,9.977879e+001
1.642090e+003,9.971523e+001
1.642572e+003,9.968719e+001
1.643054e+003,9.971667e+001
1.643536e+003,9.981443e+001
1.644018e+003,9.997549e+001
1.644500e+003,1.001777e+002
1.644982e+003,1.003842e+002
1.645465e+003,1.005517e+002
1.645947e+003,1.006429e+002
1.646429e+003,1.006399e+002
1.646911e+003,1.005485e+002
1.647393e+003,1.003905e+002
1.647875e+003,1.001921e+002
1.648357e+003,9.998022e+001
1.648839e+003,9.978435e+001
1.649322e+003,9.963544e+001
1.649803e+003,9.955769e+001
1.650286e+003,9.955920e+001
1.650768e+003,9.962616e+001
1.651250e+003,9.972541e+001
1.651732e+003,9.981920e+001
1.652214e+003,9.989148e+001
1.652696e+003,9.997176e+001
1.653178e+003,1.001212e+002
1.653660e+003,1.003640e+002
1.654143e+003,1.006411e+002
1.654625e+003,1.008573e+002
1.655107e+003,1.009535e+002
1.655589e+003,1.009221e+002
1.656071e+003,1.007829e+002
1.656553e+003,1.005636e+002
1.657035e+003,1.002919e+002
1.657517e+003,9.999744e+001
1.658000e+003,9.971291e+001
1.658482e+003,9.947131e+001
1.658964e+003,9.929979e+001
1.659446e+003,9.921317e+001
1.659928e+003,9.921065e+001
1.660410e+003,9.927695e+001
1.660892e+003,9.938795e+001
1.661374e+003,9.951833e+001
1.661856e+003,9.964895e+001
1.662339e+003,9.977023e+001
1.662821e+003,9.987971e+001
1.663303e+003,9.997539e+001
1.663785e+003,1.000508e+002
1.664267e+003,1.000964e+002
1.664749e+003,1.001062e+002
1.665231e+003,1.000818e+002
1.665713e+003,1.000331e+002
1.666196e+003,9.997420e+001
1.666678e+003,9.991815e+001
1.667160e+003,9.987309e+001
1.667642e+003,9.984109e+001
1.668124e+003,9.981991e+001
1.668606e+003,9.980684e+001
1.669088e+003,9.980270e+001
1.669570e+003,9.981251e+001
1.670052e+003,9.984248e+001
1.670535e+003,9.989494e+001
1.671017e+003,9.996531e+001
1.671499e+003,1.000425e+002
1.671981e+003,1.001116e+002
1.672463e+003,1.001572e+002
1.672945e+003,1.001657e+002
1.673427e+003,1.001301e+002
1.673909e+003,1.000555e+002
1.674392e+003,9.996333e+001
1.674874e+003,9.988837e+001
1.675356e+003,9.986401e+001
1.675838e+003,9.990305e+001
1.676320e+003,9.998890e+001
1.676802e+003,1.000843e+002
1.677284e+003,1.001485e+002
1.677766e+003,1.001496e+002
1.678249e+003,1.000692e+002
1.678730e+003,9.990408e+001
1.679213e+003,9.966728e+001
1.679695e+003,9.938776e+001
1.680177e+003,9.910509e+001
1.680659e+003,9.886052e+001
1.681141e+003,9.868782e+001
1.681623e+003,9.860643e+001
1.682105e+003,9.861909e+001
1.682587e+003,9.871428e+001
1.683070e+003,9.887518e+001
1.683552e+003,9.909148e+001
1.684034e+003,9.936250e+001
1.684516e+003,9.967910e+001
1.684998e+003,1.000040e+002
1.685480e+003,1.002861e+002
1.685962e+003,1.004947e+002
1.686444e+003,1.006315e+002
1.686927e+003,1.007131e+002
1.687409e+003,1.007504e+002
1.687891e+003,1.007398e+002
1.688373e+003,1.006682e+002
1.688855e+003,1.005276e+002
1.689337e+003,1.003269e+002
1.689819e+003,1.000967e+002
1.690301e+003,9.988277e+001
1.690783e+003,9.973055e+001
1.691266e+003,9.967052e+001
1.691748e+003,9.970881e+001
1.692230e+003,9.982637e+001
1.692712e+003,9.998431e+001
1.693194e+003,1.001325e+002
1.693676e+003,1.002210e+002
1.694158e+003,1.002134e+002
1.694640e+003,1.001032e+002
1.695123e+003,9.992223e+001
1.695605e+003,9.973225e+001
1.696087e+003,9.959509e+001
1.696569e+003,9.954241e+001
1.697051e+003,9.956864e+001
1.697533e+003,9.964536e+001
1.698015e+003,9.973724e+001
1.698497e+003,9.981051e+001
1.698979e+003,9.984090e+001
1.699462e+003,9.982685e+001
1.699944e+003,9.979828e+001
1.700426e+003,9.980015e+001
1.700908e+003,9.985373e+001
1.701390e+003,9.993709e+001
1.701872e+003,1.000089e+002
1.702354e+003,1.000393e+002
1.702836e+003,1.000170e+002
1.703319e+003,9.994004e+001
1.703801e+003,9.980982e+001
1.704283e+003,9.963581e+001
1.704765e+003,9.944287e+001
1.705247e+003,9.927179e+001
1.705729e+003,9.916725e+001
1.706211e+003,9.915952e+001
1.706693e+003,9.925195e+001
1.707176e+003,9.942132e+001
1.707657e+003,9.962734e+001
1.708140e+003,9.982548e+001
1.708622e+003,9.997938e+001
1.709104e+003,1.000698e+002
1.709586e+003,1.000976e+002
1.710068e+003,1.000787e+002
1.710550e+003,1.000348e+002
1.711032e+003,9.998155e+001
1.711514e+003,9.992346e+001
1.711997e+003,9.985359e+001
1.712479e+003,9.976061e+001
1.712961e+003,9.963820e+001
1.713443e+003,9.949264e+001
1.713925e+003,9.934451e+001
1.714407e+003,9.922338e+001
1.714889e+003,9.915823e+001
1.715371e+003,9.916767e+001
1.715854e+003,9.925430e+001
1.716336e+003,9.940487e+001
1.716818e+003,9.959538e+001
1.717300e+003,9.979820e+001
1.717782e+003,9.998707e+001
1.718264e+003,1.001383e+002
1.718746e+003,1.002330e+002
1.719229e+003,1.002619e+002
1.719710e+003,1.002283e+002
1.720193e+003,1.001463e+002
1.720675e+003,1.000341e+002
1.721157e+003,9.990913e+001
1.721639e+003,9.978481e+001
1.722121e+003,9.967130e+001
1.722603e+003,9.957735e+001
1.723085e+003,9.951156e+001
1.723567e+003,9.948215e+001
1.724050e+003,9.949497e+001
1.724532e+003,9.955096e+001
1.725014e+003,9.964421e+001
1.725496e+003,9.976132e+001
1.725978e+003,9.988201e+001
1.726460e+003,9.998171e+001
1.726942e+003,1.000358e+002
1.727424e+003,1.000261e+002
1.727906e+003,9.994642e+001
1.728389e+003,9.980757e+001
1.728871e+003,9.963608e+001
1.729353e+003,9.946856e+001
1.729835e+003,9.934151e+001
1.730317e+003,9.928146e+001
1.730799e+003,9.929836e+001
1.731281e+003,9.938423e+001
1.731763e+003,9.951678e+001
1.732246e+003,9.966702e+001
1.732728e+003,9.980993e+001
1.733210e+003,9.993586e+001
1.733692e+003,1.000547e+002
1.734174e+003,1.001836e+002
1.734656e+003,1.003229e+002
1.735138e+003,1.004445e+002
1.735620e+003,1.005098e+002
1.736103e+003,1.004946e+002
1.736585e+003,1.003981e+002
1.737067e+003,1.002354e+002
1.737549e+003,1.000281e+002
1.738031e+003,9.979993e+001
1.738513e+003,9.957748e+001
1.738995e+003,9.938990e+001
1.739477e+003,9.926311e+001
1.739959e+003,9.921033e+001
1.740442e+003,9.922615e+001
1.740924e+003,9.928953e+001
1.741406e+003,9.937289e+001
1.741888e+003,9.945128e+001
1.742370e+003,9.950769e+001
1.742852e+003,9.953484e+001
1.743334e+003,9.953405e+001
1.743816e+003,9.951214e+001
1.744299e+003,9.947728e+001
1.744781e+003,9.943536e+001
1.745263e+003,9.938844e+001
1.745745e+003,9.933577e+001
1.746227e+003,9.927645e+001
1.746709e+003,9.921299e+001
1.747191e+003,9.915373e+001
1.747673e+003,9.911263e+001
1.748156e+003,9.910586e+001
1.748637e+003,9.914636e+001
1.749120e+003,9.923877e+001
1.749602e+003,9.937687e+001
1.750084e+003,9.954427e+001
1.750566e+003,9.971820e+001
1.751048e+003,9.987457e+001
1.751530e+003,9.999339e+001
1.752012e+003,1.000628e+002
1.752494e+003,1.000808e+002
1.752977e+003,1.000548e+002
1.753459e+003,9.999665e+001
1.753941e+003,9.991773e+001
1.754423e+003,9.982468e+001
1.754905e+003,9.971973e+001
1.755387e+003,9.960442e+001
1.755869e+003,9.948487e+001
1.756351e+003,9.937389e+001
1.756833e+003,9.928851e+001
1.757316e+003,9.924346e+001
1.757798e+003,9.924541e+001
1.758280e+003,9.929108e+001
1.758762e+003,9.936876e+001
1.759244e+003,9.946133e+001
1.759726e+003,9.955031e+001
1.760208e+003,9.962057e+001
1.760690e+003,9.966537e+001
1.761173e+003,9.968939e+001
1.761655e+003,9.970710e+001
1.762137e+003,9.973615e+001
1.762619e+003,9.978832e+001
1.763101e+003,9.986363e+001
1.763583e+003,9.995038e+001
1.764065e+003,1.000296e+002
1.764547e+003,1.000810e+002
1.765030e+003,1.000881e+002
1.765512e+003,1.000420e+002
1.765994e+003,9.994557e+001
1.766476e+003,9.981415e+001
1.766958e+003,9.967339e+001
1.767440e+003,9.955203e+001
1.767922e+003,9.947196e+001
1.768404e+003,9.944039e+001
1.768886e+003,9.944824e+001
1.769369e+003,9.947498e+001
1.769851e+003,9.949758e+001
1.770333e+003,9.949877e+001
1.770815e+003,9.947423e+001
1.771297e+003,9.943532e+001
1.771779e+003,9.940581e+001
1.772261e+003,9.941019e+001
1.772743e+003,9.945895e+001
1.773226e+003,9.954151e+001
1.773708e+003,9.963228e+001
1.774190e+003,9.970450e+001
1.774672e+003,9.974107e+001
1.775154e+003,9.973745e+001
1.775636e+003,9.969872e+001
1.776118e+003,9.963522e+001
1.776600e+003,9.955865e+001
1.777083e+003,9.947958e+001
1.777564e+003,9.940660e+001
1.778047e+003,9.934644e+001
1.778529e+003,9.930415e+001
1.779011e+003,9.928357e+001
1.779493e+003,9.928688e+001
1.779975e+003,9.931400e+001
1.780457e+003,9.936181e+001
1.780939e+003,9.942434e+001
1.781421e+003,9.949422e+001
1.781904e+003,9.956542e+001
1.782386e+003,9.963535e+001
1.782868e+003,9.970460e+001
1.783350e+003,9.977454e+001
1.783832e+003,9.984424e+001
1.784314e+003,9.990848e+001
1.784796e+003,9.995846e+001
1.785278e+003,9.998455e+001
1.785760e+003,9.998032e+001
1.786243e+003,9.994577e+001
1.786725e+003,9.988793e+001
1.787207e+003,9.981860e+001
1.787689e+003,9.974973e+001
1.788171e+003,9.968932e+001
1.788653e+003,9.963898e+001
1.789135e+003,9.959492e+001
1.789617e+003,9.955111e+001
1.790100e+003,9.950394e+001
1.790582e+003,9.945568e+001
1.791064e+003,9.941563e+001
1.791546e+003,9.939748e+001
1.792028e+003,9.941270e+001
1.792510e+003,9.946311e+001
1.792992e+003,9.953729e+001
1.793474e+003,9.961441e+001
1.793957e+003,9.967343e+001
1.794439e+003,9.970100e+001
1.794921e+003,9.969387e+001
1.795403e+003,9.965608e+001
1.795885e+003,9.959423e+001
1.796367e+003,9.951434e+001
1.796849e+003,9.942109e+001
1.797331e+003,9.931929e+001
1.797813e+003,9.921564e+001
1.798296e+003,9.911983e+001
1.798778e+003,9.904362e+001
1.799260e+003,9.899826e+001
1.799742e+003,9.899117e+001
1.800224e+003,9.902291e+001
1.800706e+003,9.908651e+001
1.801188e+003,9.916892e+001
1.801670e+003,9.925498e+001
1.802153e+003,9.933206e+001
1.802635e+003,9.939294e+001
1.803117e+003,9.943620e+001
1.803599e+003,9.946384e+001
1.804081e+003,9.947830e+001
1.804563e+003,9.948089e+001
1.805045e+003,9.947198e+001
1.805527e+003,9.945267e+001
1.806010e+003,9.942651e+001
1.806491e+003,9.939955e+001
1.806974e+003,9.937907e+001
1.807456e+003,9.937066e+001
1.807938e+003,9.937585e+001
1.808420e+003,9.939137e+001
1.808902e+003,9.941048e+001
1.809384e+003,9.942632e+001
1.809866e+003,9.943518e+001
1.810348e+003,9.943831e+001
1.810831e+003,9.944125e+001
1.811313e+003,9.945075e+001
1.811795e+003,9.947079e+001
1.812277e+003,9.949991e+001
1.812759e+003,9.953130e+001
1.813241e+003,9.955540e+001
1.813723e+003,9.956394e+001
1.814205e+003,9.955323e+001
1.814688e+003,9.952538e+001
1.815170e+003,9.948751e+001
1.815652e+003,9.944909e+001
1.816134e+003,9.941898e+001
1.816616e+003,9.940266e+001
1.817098e+003,9.940111e+001
1.817580e+003,9.941113e+001
1.818062e+003,9.942743e+001
1.818544e+003,9.944481e+001
1.819027e+003,9.945991e+001
1.819509e+003,9.947128e+001
1.819991e+003,9.947884e+001
1.820473e+003,9.948241e+001
1.820955e+003,9.948080e+001
1.821437e+003,9.947097e+001
1.821919e+003,9.944823e+001
1.822401e+003,9.940723e+001
1.822884e+003,9.934356e+001
1.823366e+003,9.925636e+001
1.823848e+003,9.915125e+001
1.824330e+003,9.904105e+001
1.824812e+003,9.894366e+001
1.825294e+003,9.887615e+001
1.825776e+003,9.884843e+001
1.826258e+003,9.885992e+001
1.826740e+003,9.889948e+001
1.827223e+003,9.894900e+001
1.827705e+003,9.898851e+001
1.828187e+003,9.900296e+001
1.828669e+003,9.898854e+001
1.829151e+003,9.895614e+001
1.829633e+003,9.892836e+001
1.830115e+003,9.892981e+001
1.830597e+003,9.897522e+001
1.831080e+003,9.906239e+001
1.831562e+003,9.917359e+001
1.832044e+003,9.928345e+001
1.832526e+003,9.936884e+001
1.833008e+003,9.941615e+001
1.833490e+003,9.942496e+001
1.833972e+003,9.940690e+001
1.834454e+003,9.938078e+001
1.834937e+003,9.936546e+001
1.835418e+003,9.937318e+001
1.835901e+003,9.940542e+001
1.836383e+003,9.945353e+001
1.836865e+003,9.950288e+001
1.837347e+003,9.953887e+001
1.837829e+003,9.955209e+001
1.838311e+003,9.954076e+001
1.838793e+003,9.951000e+001
1.839275e+003,9.946887e+001
1.839758e+003,9.942654e+001
1.840240e+003,9.938958e+001
1.840722e+003,9.936045e+001
1.841204e+003,9.933755e+001
1.841686e+003,9.931662e+001
1.842168e+003,9.929333e+001
1.842650e+003,9.926618e+001
1.843132e+003,9.923927e+001
1.843615e+003,9.922222e+001
1.844097e+003,9.922630e+001
1.844579e+003,9.925787e+001
1.845061e+003,9.931417e+001
1.845543e+003,9.938393e+001
1.846025e+003,9.945147e+001
1.846507e+003,9.950134e+001
1.846989e+003,9.952171e+001
1.847471e+003,9.950655e+001
1.847954e+003,9.945715e+001
1.848436e+003,9.938229e+001
1.848918e+003,9.929655e+001
1.849400e+003,9.921651e+001
1.849882e+003,9.915617e+001
1.850364e+003,9.912324e+001
1.850846e+003,9.911826e+001
1.851328e+003,9.913585e+001
1.851811e+003,9.916817e+001
1.852293e+003,9.920837e+001
1.852775e+003,9.925261e+001
1.853257e+003,9.930000e+001
1.853739e+003,9.935078e+001
1.854221e+003,9.940367e+001
1.854703e+003,9.945476e+001
1.855185e+003,9.949784e+001
1.855667e+003,9.952686e+001
1.856150e+003,9.953874e+001
1.856632e+003,9.953539e+001
1.857114e+003,9.952343e+001
1.857596e+003,9.951238e+001
1.858078e+003,9.951106e+001
1.858560e+003,9.952477e+001
1.859042e+003,9.955366e+001
1.859524e+003,9.959323e+001
1.860007e+003,9.963617e+001
1.860489e+003,9.967464e+001
1.860971e+003,9.970222e+001
1.861453e+003,9.971452e+001
1.861935e+003,9.970928e+001
1.862417e+003,9.968593e+001
1.862899e+003,9.964516e+001
1.863381e+003,9.958879e+001
1.863864e+003,9.951957e+001
1.864345e+003,9.944100e+001
1.864828e+003,9.935664e+001
1.865310e+003,9.926962e+001
1.865792e+003,9.918242e+001
1.866274e+003,9.909751e+001
1.866756e+003,9.901846e+001
1.867238e+003,9.895113e+001
1.867720e+003,9.890405e+001
1.868202e+003,9.888651e+001
1.868685e+003,9.890506e+001
1.869167e+003,9.895925e+001
1.869649e+003,9.903942e+001
1.870131e+003,9.912924e+001
1.870613e+003,9.921091e+001
1.871095e+003,9.927133e+001
1.871577e+003,9.930525e+001
1.872059e+003,9.931496e+001
1.872542e+003,9.930745e+001
1.873024e+003,9.929102e+001
1.873506e+003,9.927228e+001
1.873988e+003,9.925517e+001
1.874470e+003,9.924122e+001
1.874952e+003,9.923139e+001
1.875434e+003,9.922715e+001
1.875916e+003,9.923080e+001
1.876398e+003,9.924457e+001
1.876881e+003,9.926868e+001
1.877363e+003,9.930022e+001
1.877845e+003,9.933337e+001
1.878327e+003,9.936119e+001
1.878809e+003,9.937860e+001
1.879291e+003,9.938427e+001
1.879773e+003,9.938084e+001
1.880255e+003,9.937322e+001
1.880738e+003,9.936546e+001
1.881220e+003,9.935828e+001
1.881702e+003,9.934871e+001
1.882184e+003,9.933167e+001
1.882666e+003,9.930324e+001
1.883148e+003,9.926354e+001
1.883630e+003,9.921761e+001
1.884112e+003,9.917362e+001
1.884594e+003,9.913960e+001
1.885077e+003,9.911979e+001
1.885559e+003,9.911301e+001
1.886041e+003,9.911367e+001
1.886523e+003,9.911488e+001
1.887005e+003,9.911183e+001
1.887487e+003,9.910405e+001
1.887969e+003,9.909505e+001
1.888451e+003,9.909024e+001
1.888934e+003,9.909356e+001
1.889416e+003,9.910513e+001
1.889898e+003,9.912065e+001
1.890380e+003,9.913357e+001
1.890862e+003,9.913854e+001
1.891344e+003,9.913432e+001
1.891826e+003,9.912416e+001
1.892308e+003,9.911336e+001
1.892791e+003,9.910538e+001
1.893272e+003,9.909929e+001
1.893755e+003,9.908914e+001
1.894237e+003,9.906684e+001
1.894719e+003,9.902578e+001
1.895201e+003,9.896419e+001
1.895683e+003,9.888644e+001
1.896165e+003,9.880177e+001
1.896647e+003,9.872152e+001
1.897129e+003,9.865583e+001
1.897612e+003,9.861186e+001
1.898094e+003,9.859309e+001
1.898576e+003,9.859995e+001
1.899058e+003,9.863103e+001
1.899540e+003,9.868349e+001
1.900022e+003,9.875244e+001
1.900504e+003,9.883052e+001
1.900986e+003,9.890794e+001
1.901469e+003,9.897388e+001
1.901951e+003,9.901979e+001
1.902433e+003,9.904179e+001
1.902915e+003,9.904244e+001
1.903397e+003,9.902963e+001
1.903879e+003,9.901331e+001
1.904361e+003,9.900130e+001
1.904843e+003,9.899622e+001
1.905325e+003,9.899429e+001
1.905808e+003,9.898781e+001
1.906290e+003,9.896855e+001
1.906772e+003,9.893209e+001
1.907254e+003,9.888000e+001
1.907736e+003,9.881992e+001
1.908218e+003,9.876310e+001
1.908700e+003,9.872079e+001
1.909182e+003,9.870056e+001
1.909665e+003,9.870448e+001
1.910147e+003,9.872860e+001
1.910629e+003,9.876505e+001
1.911111e+003,9.880441e+001
1.911593e+003,9.883803e+001
1.912075e+003,9.885962e+001
1.912557e+003,9.886626e+001
1.913039e+003,9.885814e+001
1.913521e+003,9.883793e+001
1.914004e+003,9.880968e+001
1.914486e+003,9.877712e+001
1.914968e+003,9.874229e+001
1.915450e+003,9.870512e+001
1.915932e+003,9.866397e+001
1.916414e+003,9.861787e+001
1.916896e+003,9.856860e+001
1.917378e+003,9.852223e+001
1.917861e+003,9.848753e+001
1.918343e+003,9.847237e+001
1.918825e+003,9.847948e+001
1.919307e+003,9.850391e+001
1.919789e+003,9.853402e+001
1.920271e+003,9.855495e+001
1.920753e+003,9.855373e+001
1.921235e+003,9.852427e+001
1.921718e+003,9.847003e+001
1.922199e+003,9.840370e+001
1.922682e+003,9.834266e+001
1.923164e+003,9.830201e+001
1.923646e+003,9.828820e+001
1.924128e+003,9.829663e+001
1.924610e+003,9.831419e+001
1.925092e+003,9.832580e+001
1.925574e+003,9.832119e+001
1.926056e+003,9.829908e+001
1.926539e+003,9.826714e+001
1.927021e+003,9.823830e+001
1.927503e+003,9.822456e+001
1.927985e+003,9.823218e+001
1.928467e+003,9.825928e+001
1.928949e+003,9.829740e+001
1.929431e+003,9.833506e+001
1.929913e+003,9.836225e+001
1.930396e+003,9.837314e+001
1.930878e+003,9.836673e+001
1.931360e+003,9.834564e+001
1.931842e+003,9.831468e+001
1.932324e+003,9.827959e+001
1.932806e+003,9.824686e+001
1.933288e+003,9.822333e+001
1.933770e+003,9.821509e+001
1.934252e+003,9.822576e+001
1.934735e+003,9.825420e+001
1.935217e+003,9.829316e+001
1.935699e+003,9.833074e+001
1.936181e+003,9.835365e+001
1.936663e+003,9.835262e+001
1.937145e+003,9.832646e+001
1.937627e+003,9.828280e+001
1.938109e+003,9.823502e+001
1.938592e+003,9.819702e+001
1.939074e+003,9.817728e+001
1.939556e+003,9.817664e+001
1.940038e+003,9.818872e+001
1.940520e+003,9.820535e+001
1.941002e+003,9.822152e+001
1.941484e+003,9.823917e+001
1.941966e+003,9.826599e+001
1.942448e+003,9.831026e+001
1.942931e+003,9.837388e+001
1.943413e+003,9.844817e+001
1.943895e+003,9.851494e+001
1.944377e+003,9.855314e+001
1.944859e+003,9.854819e+001
1.945341e+003,9.849799e+001
1.945823e+003,9.841498e+001
1.946305e+003,9.832169e+001
1.946788e+003,9.824320e+001
1.947270e+003,9.819843e+001
1.947752e+003,9.819383e+001
1.948234e+003,9.822228e+001
1.948716e+003,9.826615e+001
1.949198e+003,9.830370e+001
1.949680e+003,9.831500e+001
1.950162e+003,9.828685e+001
1.950645e+003,9.821431e+001
1.951126e+003,9.810140e+001
1.951609e+003,9.795956e+001
1.952091e+003,9.780643e+001
1.952573e+003,9.766293e+001
1.953055e+003,9.754964e+001
1.953537e+003,9.748270e+001
1.954019e+003,9.747021e+001
1.954501e+003,9.750949e+001
1.954983e+003,9.758781e+001
1.955466e+003,9.768539e+001
1.955948e+003,9.778241e+001
1.956430e+003,9.786443e+001
1.956912e+003,9.792651e+001
1.957394e+003,9.797253e+001
1.957876e+003,9.801135e+001
1.958358e+003,9.805096e+001
1.958840e+003,9.809414e+001
1.959323e+003,9.813768e+001
1.959805e+003,9.817471e+001
1.960287e+003,9.819878e+001
1.960769e+003,9.820653e+001
1.961251e+003,9.819784e+001
1.961733e+003,9.817350e+001
1.962215e+003,9.813235e+001
1.962697e+003,9.807198e+001
1.963179e+003,9.799092e+001
1.963662e+003,9.789413e+001
1.964144e+003,9.779598e+001
1.964626e+003,9.771986e+001
1.965108e+003,9.769294e+001
1.965590e+003,9.773785e+001
1.966072e+003,9.786333e+001
1.966554e+003,9.805890e+001
1.967036e+003,9.829488e+001
1.967519e+003,9.853028e+001
1.968001e+003,9.872307e+001
1.968483e+003,9.883926e+001
1.968965e+003,9.885667e+001
1.969447e+003,9.876421e+001
1.969929e+003,9.855965e+001
1.970411e+003,9.825050e+001
1.970893e+003,9.785563e+001
1.971375e+003,9.740906e+001
1.971858e+003,9.695850e+001
1.972340e+003,9.655959e+001
1.972822e+003,9.626593e+001
1.973304e+003,9.611747e+001
1.973786e+003,9.612987e+001
1.974268e+003,9.628953e+001
1.974750e+003,9.655600e+001
1.975232e+003,9.687347e+001
1.975715e+003,9.718577e+001
1.976197e+003,9.745110e+001
1.976679e+003,9.764909e+001
1.977161e+003,9.777894e+001
1.977643e+003,9.785284e+001
1.978125e+003,9.788910e+001
1.978607e+003,9.790623e+001
1.979089e+003,9.792171e+001
1.979572e+003,9.794988e+001
1.980053e+003,9.800134e+001
1.980536e+003,9.807982e+001
1.981018e+003,9.818006e+001
1.981500e+003,9.828723e+001
1.981982e+003,9.838112e+001
1.982464e+003,9.844307e+001
1.982946e+003,9.846478e+001
1.983428e+003,9.845297e+001
1.983910e+003,9.842744e+001
1.984393e+003,9.841373e+001
1.984875e+003,9.843262e+001
1.985357e+003,9.849231e+001
1.985839e+003,9.858587e+001
1.986321e+003,9.869495e+001
1.986803e+003,9.879863e+001
1.987285e+003,9.888184e+001
1.987767e+003,9.893896e+001
1.988250e+003,9.897205e+001
1.988732e+003,9.898448e+001
1.989214e+003,9.897543e+001
1.989696e+003,9.893846e+001
1.990178e+003,9.886594e+001
1.990660e+003,9.875714e+001
1.991142e+003,9.862407e+001
1.991624e+003,9.849190e+001
1.992106e+003,9.839272e+001
1.992589e+003,9.835476e+001
1.993071e+003,9.839213e+001
1.993553e+003,9.849987e+001
1.994035e+003,9.865650e+001
1.994517e+003,9.883366e+001
1.994999e+003,9.900672e+001
1.995481e+003,9.916325e+001
1.995963e+003,9.930360e+001
1.996446e+003,9.943641e+001
1.996928e+003,9.956967e+001
1.997410e+003,9.970515e+001
1.997892e+003,9.983583e+001
1.998374e+003,9.995007e+001
1.998856e+003,1.000362e+002
1.999338e+003,1.000869e+002
1.999820e+003,1.000994e+002
2.000302e+003,1.000731e+002
2.000785e+003,1.000056e+002
2.001267e+003,9.989323e+001
2.001749e+003,9.973302e+001
2.002231e+003,9.952852e+001
2.002713e+003,9.929326e+001
2.003195e+003,9.905062e+001
2.003677e+003,9.882907e+001
2.004159e+003,9.865446e+001
2.004642e+003,9.854325e+001
2.005124e+003,9.849879e+001
2.005606e+003,9.851375e+001
2.006088e+003,9.857658e+001
2.006570e+003,9.867844e+001
2.007052e+003,9.881639e+001
2.007534e+003,9.898979e+001
2.008016e+003,9.919238e+001
2.008499e+003,9.940582e+001
2.008980e+003,9.960010e+001
2.009463e+003,9.974285e+001
2.009945e+003,9.981452e+001
2.010427e+003,9.981851e+001
2.010909e+003,9.978259e+001
2.011391e+003,9.974725e+001
2.011873e+003,9.974958e+001
2.012355e+003,9.980558e+001
2.012837e+003,9.990400e+001
2.013320e+003,1.000108e+002
2.013802e+003,1.000864e+002
2.014284e+003,1.001045e+002
2.014766e+003,1.000636e+002
2.015248e+003,9.998651e+001
2.015730e+003,9.990781e+001
2.016212e+003,9.985579e+001
2.016694e+003,9.983978e+001
2.017177e+003,9.984655e+001
2.017659e+003,9.985117e+001
2.018141e+003,9.983234e+001
2.018623e+003,9.978628e+001
2.019105e+003,9.972965e+001
2.019587e+003,9.969083e+001
2.020069e+003,9.969463e+001
2.020551e+003,9.974843e+001
2.021033e+003,9.983805e+001
2.021516e+003,9.993437e+001
2.021998e+003,1.000073e+002
2.022480e+003,1.000402e+002
2.022962e+003,1.000356e+002
2.023444e+003,1.000109e+002
2.023926e+003,9.998560e+001
2.024408e+003,9.997003e+001
2.024890e+003,9.995824e+001
2.025373e+003,9.993257e+001
2.025855e+003,9.987442e+001
2.026337e+003,9.977655e+001
2.026819e+003,9.964967e+001
2.027301e+003,9.952044e+001
2.027783e+003,9.942173e+001
2.028265e+003,9.938169e+001
2.028747e+003,9.941381e+001
2.029229e+003,9.951555e+001
2.029712e+003,9.967107e+001
2.030194e+003,9.985802e+001
2.030676e+003,1.000531e+002
2.031158e+003,1.002331e+002
2.031640e+003,1.003740e+002
2.032122e+003,1.004528e+002
2.032604e+003,1.004523e+002
2.033086e+003,1.003705e+002
2.033569e+003,1.002272e+002
2.034051e+003,1.000648e+002
2.034533e+003,9.993862e+001
2.035015e+003,9.990193e+001
2.035497e+003,9.998920e+001
2.035979e+003,1.002036e+002
2.036461e+003,1.005153e+002
2.036943e+003,1.008709e+002
2.037426e+003,1.012086e+002
2.037907e+003,1.014767e+002
2.038390e+003,1.016440e+002
2.038872e+003,1.017029e+002
2.039354e+003,1.016647e+002
2.039836e+003,1.015522e+002
2.040318e+003,1.013929e+002
2.040800e+003,1.012147e+002
2.041282e+003,1.010432e+002
2.041764e+003,1.009004e+002
2.042247e+003,1.008026e+002
2.042729e+003,1.007566e+002
2.043211e+003,1.007560e+002
2.043693e+003,1.007818e+002
2.044175e+003,1.008048e+002
2.044657e+003,1.007971e+002
2.045139e+003,1.007415e+002
2.045622e+003,1.006403e+002
2.046104e+003,1.005167e+002
2.046586e+003,1.004075e+002
2.047068e+003,1.003515e+002
2.047550e+003,1.003766e+002
2.048032e+003,1.004887e+002
2.048514e+003,1.006695e+002
2.048996e+003,1.008823e+002
2.049479e+003,1.010838e+002
2.049960e+003,1.012356e+002
2.050443e+003,1.013126e+002
2.050925e+003,1.013052e+002
2.051407e+003,1.012181e+002
2.051889e+003,1.010673e+002
2.052371e+003,1.008775e+002
2.052853e+003,1.006787e+002
2.053335e+003,1.005018e+002
2.053817e+003,1.003747e+002
2.054300e+003,1.003164e+002
2.054782e+003,1.003326e+002
2.055264e+003,1.004139e+002
2.055746e+003,1.005382e+002
2.056228e+003,1.006765e+002
2.056710e+003,1.008017e+002
2.057192e+003,1.008957e+002
2.057674e+003,1.009533e+002
2.058156e+003,1.009823e+002
2.058639e+003,1.009979e+002
2.059121e+003,1.010166e+002
2.059603e+003,1.010488e+002
2.060085e+003,1.010957e+002
2.060567e+003,1.011485e+002
2.061049e+003,1.011919e+002
2.061531e+003,1.012095e+002
2.062013e+003,1.011891e+002
2.062496e+003,1.011274e+002
2.062978e+003,1.010310e+002
2.063460e+003,1.009156e+002
2.063942e+003,1.008017e+002
2.064424e+003,1.007091e+002
2.064906e+003,1.006518e+002
2.065388e+003,1.006345e+002
2.065870e+003,1.006519e+002
2.066353e+003,1.006915e+002
2.066835e+003,1.007379e+002
2.067317e+003,1.007777e+002
2.067799e+003,1.008037e+002
2.068281e+003,1.008157e+002
2.068763e+003,1.008177e+002
2.069245e+003,1.008145e+002
2.069727e+003,1.008072e+002
2.070209e+003,1.007928e+002
2.070692e+003,1.007652e+002
2.071174e+003,1.007200e+002
2.071656e+003,1.006586e+002
2.072138e+003,1.005905e+002
2.072620e+003,1.005317e+002
2.073102e+003,1.004989e+002
2.073584e+003,1.005036e+002
2.074066e+003,1.005464e+002
2.074549e+003,1.006165e+002
2.075031e+003,1.006941e+002
2.075513e+003,1.007583e+002
2.075995e+003,1.007938e+002
2.076477e+003,1.007956e+002
2.076959e+003,1.007695e+002
2.077441e+003,1.007277e+002
2.077923e+003,1.006835e+002
2.078406e+003,1.006457e+002
2.078887e+003,1.006165e+002
2.079370e+003,1.005924e+002
2.079852e+003,1.005674e+002
2.080334e+003,1.005372e+002
2.080816e+003,1.005011e+002
2.081298e+003,1.004622e+002
2.081780e+003,1.004253e+002
2.082262e+003,1.003946e+002
2.082744e+003,1.003721e+002
2.083227e+003,1.003578e+002
2.083709e+003,1.003505e+002
2.084191e+003,1.003492e+002
2.084673e+003,1.003540e+002
2.085155e+003,1.003659e+002
2.085637e+003,1.003856e+002
2.086119e+003,1.004122e+002
2.086601e+003,1.004434e+002
2.087083e+003,1.004760e+002
2.087566e+003,1.005068e+002
2.088048e+003,1.005337e+002
2.088530e+003,1.005560e+002
2.089012e+003,1.005729e+002
2.089494e+003,1.005831e+002
2.089976e+003,1.005839e+002
2.090458e+003,1.005722e+002
2.090940e+003,1.005465e+002
2.091423e+003,1.005087e+002
2.091905e+003,1.004652e+002
2.092387e+003,1.004259e+002
2.092869e+003,1.004013e+002
2.093351e+003,1.003988e+002
2.093833e+003,1.004198e+002
2.094315e+003,1.004580e+002
2.094797e+003,1.005010e+002
2.095280e+003,1.005343e+002
2.095762e+003,1.005458e+002
2.096244e+003,1.005293e+002
2.096726e+003,1.004857e+002
2.097208e+003,1.004219e+002
2.097690e+003,1.003475e+002
2.098172e+003,1.002721e+002
2.098654e+003,1.002031e+002
2.099136e+003,1.001443e+002
2.099619e+003,1.000962e+002
2.100101e+003,1.000574e+002
2.100583e+003,1.000257e+002
2.101065e+003,9.999818e+001
2.101547e+003,9.997236e+001
2.102029e+003,9.994552e+001
2.102511e+003,9.991547e+001
2.102993e+003,9.988073e+001
2.103476e+003,9.984097e+001
2.103958e+003,9.979696e+001
2.104440e+003,9.975045e+001
2.104922e+003,9.970351e+001
2.105404e+003,9.965818e+001
2.105886e+003,9.961607e+001
2.106368e+003,9.957886e+001
2.106850e+003,9.954857e+001
2.107333e+003,9.952740e+001
2.107814e+003,9.951761e+001
2.108297e+003,9.952061e+001
2.108779e+003,9.953606e+001
2.109261e+003,9.956156e+001
2.109743e+003,9.959299e+001
2.110225e+003,9.962565e+001
2.110707e+003,9.965549e+001
2.111189e+003,9.968015e+001
2.111671e+003,9.969894e+001
2.112154e+003,9.971201e+001
2.112636e+003,9.971917e+001
2.113118e+003,9.971940e+001
2.113600e+003,9.971052e+001
2.114082e+003,9.969059e+001
2.114564e+003,9.965893e+001
2.115046e+003,9.961685e+001
2.115528e+003,9.956802e+001
2.116010e+003,9.951722e+001
2.116493e+003,9.946889e+001
2.116975e+003,9.942641e+001
2.117457e+003,9.939137e+001
2.117939e+003,9.936476e+001
2.118421e+003,9.934798e+001
2.118903e+003,9.934396e+001
2.119385e+003,9.935705e+001
2.119867e+003,9.939157e+001
2.120350e+003,9.944940e+001
2.120832e+003,9.952794e+001
2.121314e+003,9.961868e+001
2.121796e+003,9.970886e+001
2.122278e+003,9.978389e+001
2.122760e+003,9.983150e+001
2.123242e+003,9.984479e+001
2.123724e+003,9.982391e+001
2.124207e+003,9.977527e+001
2.124689e+003,9.970902e+001
2.125171e+003,9.963538e+001
2.125653e+003,9.956198e+001
2.126135e+003,9.949217e+001
2.126617e+003,9.942546e+001
2.127099e+003,9.935964e+001
2.127581e+003,9.929330e+001
2.128063e+003,9.922774e+001
2.128546e+003,9.916767e+001
2.129028e+003,9.912040e+001
2.129510e+003,9.909332e+001
2.129992e+003,9.909139e+001
2.130474e+003,9.911530e+001
2.130956e+003,9.916068e+001
2.131438e+003,9.921933e+001
2.131920e+003,9.928145e+001
2.132403e+003,9.933862e+001
2.132885e+003,9.938621e+001
2.133367e+003,9.942430e+001
2.133849e+003,9.945625e+001
2.134331e+003,9.948558e+001
2.134813e+003,9.951164e+001
2.135295e+003,9.952776e+001
2.135777e+003,9.952072e+001
2.136260e+003,9.947506e+001
2.136741e+003,9.937811e+001
2.137224e+003,9.922672e+001
2.137706e+003,9.903013e+001
2.138188e+003,9.880895e+001
2.138670e+003,9.859018e+001
2.139152e+003,9.840026e+001
2.139634e+003,9.825800e+001
2.140116e+003,9.817068e+001
2.140598e+003,9.813329e+001
2.141081e+003,9.813206e+001
2.141563e+003,9.814985e+001
2.142045e+003,9.817142e+001
2.142527e+003,9.818719e+001
2.143009e+003,9.819415e+001
2.143491e+003,9.819460e+001
2.143973e+003,9.819440e+001
2.144455e+003,9.820155e+001
2.144938e+003,9.822584e+001
2.145420e+003,9.827852e+001
2.145902e+003,9.837110e+001
2.146384e+003,9.851269e+001
2.146866e+003,9.870574e+001
2.147348e+003,9.894220e+001
2.147830e+003,9.920195e+001
2.148312e+003,9.945538e+001
2.148794e+003,9.967050e+001
2.149277e+003,9.982178e+001
2.149759e+003,9.989714e+001
2.150241e+003,9.990029e+001
2.150723e+003,9.984846e+001
2.151205e+003,9.976508e+001
2.151687e+003,9.967290e+001
2.152169e+003,9.958661e+001
2.152651e+003,9.951179e+001
2.153134e+003,9.944532e+001
2.153616e+003,9.937938e+001
2.154098e+003,9.930544e+001
2.154580e+003,9.921690e+001
2.155062e+003,9.910945e+001
2.155544e+003,9.898271e+001
2.156026e+003,9.884071e+001
2.156508e+003,9.869585e+001
2.156990e+003,9.857211e+001
2.157473e+003,9.850486e+001
2.157955e+003,9.853525e+001
2.158437e+003,9.869656e+001
2.158919e+003,9.899767e+001
2.159401e+003,9.941167e+001
2.159883e+003,9.987842e+001
2.160365e+003,1.003230e+002
2.160847e+003,1.006814e+002
2.161330e+003,1.009174e+002
2.161812e+003,1.010283e+002
2.162294e+003,1.010376e+002
2.162776e+003,1.009793e+002
2.163258e+003,1.008835e+002
2.163740e+003,1.007645e+002
2.164222e+003,1.006186e+002
2.164704e+003,1.004315e+002
2.165187e+003,1.001912e+002
2.165668e+003,9.990148e+001
2.166151e+003,9.958887e+001
2.166633e+003,9.929993e+001
2.167115e+003,9.908934e+001
2.167597e+003,9.900174e+001
2.168079e+003,9.905709e+001
2.168561e+003,9.924171e+001
2.169043e+003,9.951174e+001
2.169525e+003,9.980451e+001
2.170008e+003,1.000554e+002
2.170490e+003,1.002136e+002
2.170972e+003,1.002540e+002
2.171454e+003,1.001812e+002
2.171936e+003,1.000249e+002
2.172418e+003,9.982959e+001
2.172900e+003,9.964135e+001
2.173382e+003,9.949785e+001
2.173865e+003,9.942297e+001
2.174347e+003,9.942603e+001
2.174829e+003,9.950401e+001
2.175311e+003,9.964514e+001
2.175793e+003,9.983179e+001
2.176275e+003,1.000423e+002
2.176757e+003,1.002526e+002
2.177239e+003,1.004385e+002
2.177721e+003,1.005782e+002
2.178204e+003,1.006557e+002
2.178686e+003,1.006656e+002
2.179168e+003,1.006151e+002
2.179650e+003,1.005240e+002
2.180132e+003,1.004203e+002
2.180614e+003,1.003326e+002
2.181096e+003,1.002830e+002
2.181578e+003,1.002813e+002
2.182061e+003,1.003238e+002
2.182543e+003,1.003961e+002
2.183025e+003,1.004784e+002
2.183507e+003,1.005528e+002
2.183989e+003,1.006081e+002
2.184471e+003,1.006416e+002
2.184953e+003,1.006575e+002
2.185435e+003,1.006642e+002
2.185917e+003,1.006697e+002
2.186400e+003,1.006803e+002
2.186882e+003,1.006982e+002
2.187364e+003,1.007237e+002
2.187846e+003,1.007550e+002
2.188328e+003,1.007897e+002
2.188810e+003,1.008243e+002
2.189292e+003,1.008545e+002
2.189774e+003,1.008741e+002
2.190257e+003,1.008753e+002
2.190739e+003,1.008504e+002
2.191221e+003,1.007931e+002
2.191703e+003,1.007018e+002
2.192185e+003,1.005804e+002
2.192667e+003,1.004394e+002
2.193149e+003,1.002943e+002
2.193631e+003,1.001642e+002
2.194114e+003,1.000680e+002
2.194595e+003,1.000204e+002
2.195078e+003,1.000292e+002
2.195560e+003,1.000930e+002
2.196042e+003,1.002010e+002
2.196524e+003,1.003354e+002
2.197006e+003,1.004756e+002
2.197488e+003,1.006020e+002
2.197970e+003,1.007006e+002
2.198452e+003,1.007653e+002
2.198935e+003,1.007988e+002
2.199417e+003,1.008103e+002
2.199899e+003,1.008113e+002
2.200381e+003,1.008128e+002
2.200863e+003,1.008217e+002
2.201345e+003,1.008397e+002
2.201827e+003,1.008635e+002
2.202309e+003,1.008857e+002
2.202792e+003,1.008978e+002
2.203274e+003,1.008916e+002
2.203756e+003,1.008617e+002
2.204238e+003,1.008075e+002
2.204720e+003,1.007348e+002
2.205202e+003,1.006554e+002
2.205684e+003,1.005857e+002
2.206166e+003,1.005428e+002
2.206648e+003,1.005395e+002
2.207131e+003,1.005792e+002
2.207613e+003,1.006527e+002
2.208095e+003,1.007395e+002
2.208577e+003,1.008120e+002
2.209059e+003,1.008433e+002
2.209541e+003,1.008155e+002
2.210023e+003,1.007252e+002
2.210505e+003,1.005845e+002
2.210988e+003,1.004170e+002
2.211470e+003,1.002494e+002
2.211952e+003,1.001041e+002
2.212434e+003,9.999435e+001
2.212916e+003,9.992333e+001
2.213398e+003,9.988780e+001
2.213880e+003,9.988213e+001
2.214362e+003,9.990324e+001
2.214844e+003,9.995083e+001
2.215327e+003,1.000262e+002
2.215809e+003,1.001283e+002
2.216291e+003,1.002513e+002
2.216773e+003,1.003834e+002
2.217255e+003,1.005102e+002
2.217737e+003,1.006177e+002
2.218219e+003,1.006976e+002
2.218701e+003,1.007487e+002
2.219184e+003,1.007755e+002
2.219666e+003,1.007850e+002
2.220148e+003,1.007827e+002
2.220630e+003,1.007706e+002
2.221112e+003,1.007488e+002
2.221594e+003,1.007185e+002
2.222076e+003,1.006844e+002
2.222558e+003,1.006567e+002
2.223041e+003,1.006476e+002
2.223522e+003,1.006676e+002
2.224005e+003,1.007199e+002
2.224487e+003,1.007975e+002
2.224969e+003,1.008848e+002
2.225451e+003,1.009623e+002
2.225933e+003,1.010135e+002
2.226415e+003,1.010308e+002
2.226897e+003,1.010188e+002
2.227379e+003,1.009917e+002
2.227862e+003,1.009677e+002
2.228344e+003,1.009626e+002
2.228826e+003,1.009843e+002
2.229308e+003,1.010305e+002
2.229790e+003,1.010908e+002
2.230272e+003,1.011519e+002
2.230754e+003,1.011988e+002
2.231236e+003,1.012234e+002
2.231719e+003,1.012244e+002
2.232201e+003,1.012075e+002
2.232683e+003,1.011822e+002
2.233165e+003,1.011593e+002
2.233647e+003,1.011480e+002
2.234129e+003,1.011543e+002
2.234611e+003,1.011800e+002
2.235093e+003,1.012225e+002
2.235575e+003,1.012750e+002
2.236058e+003,1.013278e+002
2.236540e+003,1.013695e+002
2.237022e+003,1.013910e+002
2.237504e+003,1.013874e+002
2.237986e+003,1.013608e+002
2.238468e+003,1.013197e+002
2.238950e+003,1.012773e+002
2.239432e+003,1.012473e+002
2.239915e+003,1.012401e+002
2.240397e+003,1.012593e+002
2.240879e+003,1.013007e+002
2.241361e+003,1.013542e+002
2.241843e+003,1.014071e+002
2.242325e+003,1.014472e+002
2.242807e+003,1.014667e+002
2.243289e+003,1.014631e+002
2.243771e+003,1.014392e+002
2.244254e+003,1.014018e+002
2.244736e+003,1.013597e+002
2.245218e+003,1.013223e+002
2.245700e+003,1.012980e+002
2.246182e+003,1.012935e+002
2.246664e+003,1.013128e+002
2.247146e+003,1.013564e+002
2.247628e+003,1.014215e+002
2.248111e+003,1.015022e+002
2.248593e+003,1.015899e+002
2.249075e+003,1.016761e+002
2.249557e+003,1.017531e+002
2.250039e+003,1.018155e+002
2.250521e+003,1.018607e+002
2.251003e+003,1.018886e+002
2.251485e+003,1.019013e+002
2.251968e+003,1.019016e+002
2.252449e+003,1.018936e+002
2.252932e+003,1.018821e+002
2.253414e+003,1.018724e+002
2.253896e+003,1.018694e+002
2.254378e+003,1.018761e+002
2.254860e+003,1.018926e+002
2.255342e+003,1.019156e+002
2.255824e+003,1.019385e+002
2.256306e+003,1.019542e+002
2.256789e+003,1.019572e+002
2.257271e+003,1.019455e+002
2.257753e+003,1.019215e+002
2.258235e+003,1.018905e+002
2.258717e+003,1.018589e+002
2.259199e+003,1.018312e+002
2.259681e+003,1.018090e+002
2.260163e+003,1.017912e+002
2.260646e+003,1.017748e+002
2.261128e+003,1.017583e+002
2.261610e+003,1.017420e+002
2.262092e+003,1.017290e+002
2.262574e+003,1.017236e+002
2.263056e+003,1.017292e+002
2.263538e+003,1.017467e+002
2.264020e+003,1.017733e+002
2.264502e+003,1.018042e+002
2.264985e+003,1.018341e+002
2.265467e+003,1.018592e+002
2.265949e+003,1.018782e+002
2.266431e+003,1.018925e+002
2.266913e+003,1.019041e+002
2.267395e+003,1.019152e+002
2.267877e+003,1.019269e+002
2.268359e+003,1.019400e+002
2.268842e+003,1.019555e+002
2.269324e+003,1.019757e+002
2.269806e+003,1.020039e+002
2.270288e+003,1.020435e+002
2.270770e+003,1.020956e+002
2.271252e+003,1.021577e+002
2.271734e+003,1.022226e+002
2.272216e+003,1.022803e+002
2.272698e+003,1.023201e+002
2.273181e+003,1.023335e+002
2.273663e+003,1.023172e+002
2.274145e+003,1.022727e+002
2.274627e+003,1.022062e+002
2.275109e+003,1.021263e+002
2.275591e+003,1.020412e+002
2.276073e+003,1.019574e+002
2.276555e+003,1.018790e+002
2.277038e+003,1.018074e+002
2.277520e+003,1.017426e+002
2.278002e+003,1.016840e+002
2.278484e+003,1.016308e+002
2.278966e+003,1.015829e+002
2.279448e+003,1.015408e+002
2.279930e+003,1.015059e+002
2.280412e+003,1.014808e+002
2.280895e+003,1.014688e+002
2.281376e+003,1.014729e+002
2.281859e+003,1.014953e+002
2.282341e+003,1.015361e+002
2.282823e+003,1.015925e+002
2.283305e+003,1.016600e+002
2.283787e+003,1.017327e+002
2.284269e+003,1.018055e+002
2.284751e+003,1.018749e+002
2.285233e+003,1.019397e+002
2.285716e+003,1.019995e+002
2.286198e+003,1.020538e+002
2.286680e+003,1.021006e+002
2.287162e+003,1.021358e+002
2.287644e+003,1.021550e+002
2.288126e+003,1.021546e+002
2.288608e+003,1.021346e+002
2.289090e+003,1.020987e+002
2.289573e+003,1.020542e+002
2.290055e+003,1.020096e+002
2.290537e+003,1.019722e+002
2.291019e+003,1.019459e+002
2.291501e+003,1.019309e+002
2.291983e+003,1.019245e+002
2.292465e+003,1.019229e+002
2.292947e+003,1.019233e+002
2.293429e+003,1.019243e+002
2.293912e+003,1.019259e+002
2.294394e+003,1.019281e+002
2.294876e+003,1.019298e+002
2.295358e+003,1.019284e+002
2.295840e+003,1.019211e+002
2.296322e+003,1.019058e+002
2.296804e+003,1.018831e+002
2.297286e+003,1.018561e+002
2.297769e+003,1.018292e+002
2.298251e+003,1.018063e+002
2.298733e+003,1.017890e+002
2.299215e+003,1.017756e+002
2.299697e+003,1.017621e+002
2.300179e+003,1.017440e+002
2.300661e+003,1.017191e+002
2.301143e+003,1.016885e+002
2.301625e+003,1.016569e+002
2.302108e+003,1.016304e+002
2.302590e+003,1.016150e+002
2.303072e+003,1.016143e+002
2.303554e+003,1.016290e+002
2.304036e+003,1.016577e+002
2.304518e+003,1.016981e+002
2.305000e+003,1.017480e+002
2.305482e+003,1.018059e+002
2.305965e+003,1.018704e+002
2.306447e+003,1.019390e+002
2.306929e+003,1.020083e+002
2.307411e+003,1.020741e+002
2.307893e+003,1.021323e+002
2.308375e+003,1.021800e+002
2.308857e+003,1.022160e+002
2.309339e+003,1.022404e+002
2.309822e+003,1.022534e+002
2.310303e+003,1.022539e+002
2.310786e+003,1.022405e+002
2.311268e+003,1.022113e+002
2.311750e+003,1.021668e+002
2.312232e+003,1.021103e+002
2.312714e+003,1.020483e+002
2.313196e+003,1.019886e+002
2.313678e+003,1.019369e+002
2.314160e+003,1.018947e+002
2.314643e+003,1.018577e+002
2.315125e+003,1.018171e+002
2.315607e+003,1.017626e+002
2.316089e+003,1.016867e+002
2.316571e+003,1.015875e+002
2.317053e+003,1.014697e+002
2.317535e+003,1.013433e+002
2.318017e+003,1.012208e+002
2.318500e+003,1.011143e+002
2.318982e+003,1.010327e+002
2.319464e+003,1.009821e+002
2.319946e+003,1.009647e+002
2.320428e+003,1.009809e+002
2.320910e+003,1.010284e+002
2.321392e+003,1.011020e+002
2.321874e+003,1.011928e+002
2.322356e+003,1.012879e+002
2.322839e+003,1.013720e+002
2.323321e+003,1.014306e+002
2.323803e+003,1.014538e+002
2.324285e+003,1.014389e+002
2.324767e+003,1.013903e+002
2.325249e+003,1.013179e+002
2.325731e+003,1.012340e+002
2.326213e+003,1.011503e+002
2.326696e+003,1.010769e+002
2.327178e+003,1.010210e+002
2.327660e+003,1.009872e+002
2.328142e+003,1.009766e+002
2.328624e+003,1.009870e+002
2.329106e+003,1.010124e+002
2.329588e+003,1.010448e+002
2.330070e+003,1.010758e+002
2.330552e+003,1.010990e+002
2.331035e+003,1.011111e+002
2.331517e+003,1.011121e+002
2.331999e+003,1.011040e+002
2.332481e+003,1.010891e+002
2.332963e+003,1.010678e+002
2.333445e+003,1.010375e+002
2.333927e+003,1.009946e+002
2.334409e+003,1.009367e+002
2.334892e+003,1.008646e+002
2.335374e+003,1.007809e+002
2.335856e+003,1.006883e+002
2.336338e+003,1.005868e+002
2.336820e+003,1.004726e+002
2.337302e+003,1.003406e+002
2.337784e+003,1.001881e+002
2.338266e+003,1.000191e+002
2.338749e+003,9.984415e+001
2.339230e+003,9.967869e+001
2.339713e+003,9.953942e+001
2.340195e+003,9.944019e+001
2.340677e+003,9.938789e+001
2.341159e+003,9.938036e+001
2.341641e+003,9.941071e+001
2.342123e+003,9.947388e+001
2.342605e+003,9.956743e+001
2.343087e+003,9.968546e+001
2.343570e+003,9.981368e+001
2.344052e+003,9.993442e+001
2.344534e+003,1.000318e+002
2.345016e+003,1.000978e+002
2.345498e+003,1.001366e+002
2.345980e+003,1.001661e+002
2.346462e+003,1.002101e+002
2.346944e+003,1.002855e+002
2.347427e+003,1.003926e+002
2.347909e+003,1.005163e+002
2.348391e+003,1.006327e+002
2.348873e+003,1.007196e+002
2.349355e+003,1.007632e+002
2.349837e+003,1.007641e+002
2.350319e+003,1.007372e+002
2.350801e+003,1.007072e+002
2.351283e+003,1.007007e+002
2.351766e+003,1.007377e+002
2.352248e+003,1.008276e+002
2.352730e+003,1.009691e+002
2.353212e+003,1.011499e+002
2.353694e+003,1.013476e+002
2.354176e+003,1.015359e+002
2.354658e+003,1.016940e+002
2.355140e+003,1.018123e+002
2.355623e+003,1.018901e+002
2.356105e+003,1.019258e+002
2.356587e+003,1.019053e+002
2.357069e+003,1.018091e+002
2.357551e+003,1.016405e+002
2.358033e+003,1.014470e+002
2.358515e+003,1.013105e+002
2.358997e+003,1.012947e+002
2.359479e+003,1.013858e+002
2.359962e+003,1.014831e+002
2.360444e+003,1.014873e+002
2.360926e+003,1.013830e+002
2.361408e+003,1.012253e+002
2.361890e+003,1.010768e+002
2.362372e+003,1.009756e+002
2.362854e+003,1.009291e+002
2.363336e+003,1.009122e+002
2.363819e+003,1.008897e+002
2.364301e+003,1.008420e+002
2.364783e+003,1.007754e+002
2.365265e+003,1.007085e+002
2.365747e+003,1.006623e+002
2.366229e+003,1.006524e+002
2.366711e+003,1.006846e+002
2.367193e+003,1.007544e+002
2.367676e+003,1.008490e+002
2.368157e+003,1.009547e+002
2.368640e+003,1.010602e+002
2.369122e+003,1.011582e+002
2.369604e+003,1.012438e+002
2.370086e+003,1.013129e+002
2.370568e+003,1.013612e+002
2.371050e+003,1.013845e+002
2.371532e+003,1.013793e+002
2.372014e+003,1.013445e+002
2.372497e+003,1.012828e+002
2.372979e+003,1.012005e+002
2.373461e+003,1.011062e+002
2.373943e+003,1.010091e+002
2.374425e+003,1.009173e+002
2.374907e+003,1.008363e+002
2.375389e+003,1.007686e+002
2.375872e+003,1.007148e+002
2.376354e+003,1.006748e+002
2.376836e+003,1.006486e+002
2.377318e+003,1.006375e+002
2.377800e+003,1.006436e+002
2.378282e+003,1.006687e+002
2.378764e+003,1.007124e+002
2.379246e+003,1.007717e+002
2.379729e+003,1.008397e+002
2.380210e+003,1.009077e+002
2.380693e+003,1.009670e+002
2.381175e+003,1.010104e+002
2.381657e+003,1.010339e+002
2.382139e+003,1.010374e+002
2.382621e+003,1.010237e+002
2.383103e+003,1.009971e+002
2.383585e+003,1.009624e+002
2.384067e+003,1.009229e+002
2.384550e+003,1.008810e+002
2.385032e+003,1.008381e+002
2.385514e+003,1.007951e+002
2.385996e+003,1.007530e+002
2.386478e+003,1.007134e+002
2.386960e+003,1.006774e+002
2.387442e+003,1.006457e+002
2.387924e+003,1.006181e+002
2.388406e+003,1.005935e+002
2.388889e+003,1.005702e+002
2.389371e+003,1.005469e+002
2.389853e+003,1.005224e+002
2.390335e+003,1.004969e+002
2.390817e+003,1.004706e+002
2.391299e+003,1.004441e+002
2.391781e+003,1.004178e+002
2.392263e+003,1.003913e+002
2.392746e+003,1.003640e+002
2.393228e+003,1.003347e+002
2.393710e+003,1.003022e+002
2.394192e+003,1.002654e+002
2.394674e+003,1.002239e+002
2.395156e+003,1.001780e+002
2.395638e+003,1.001290e+002
2.396120e+003,1.000795e+002
2.396603e+003,1.000332e+002
2.397085e+003,9.999392e+001
2.397567e+003,9.996480e+001
2.398049e+003,9.994750e+001
2.398531e+003,9.994140e+001
2.399013e+003,9.994377e+001
2.399495e+003,9.995058e+001
2.399977e+003,9.995788e+001
2.400459e+003,9.996220e+001
2.400942e+003,9.996451e+001
2.401424e+003,9.996563e+001
2.401906e+003,9.996629e+001
2.402388e+003,9.996655e+001
2.402870e+003,9.996594e+001
2.403352e+003,9.996426e+001
2.403834e+003,9.996203e+001
2.404316e+003,9.996086e+001
2.404799e+003,9.996304e+001
2.405281e+003,9.997039e+001
2.405763e+003,9.998314e+001
2.406245e+003,9.999917e+001
2.406727e+003,1.000143e+002
2.407209e+003,1.000235e+002
2.407691e+003,1.000225e+002
2.408173e+003,1.000092e+002
2.408656e+003,9.998495e+001
2.409137e+003,9.995396e+001
2.409620e+003,9.992191e+001
2.410102e+003,9.989439e+001
2.410584e+003,9.987511e+001
2.411066e+003,9.986514e+001
2.411548e+003,9.986290e+001
2.412030e+003,9.986511e+001
2.412512e+003,9.986814e+001
2.412994e+003,9.986937e+001
2.413477e+003,9.986771e+001
2.413959e+003,9.986380e+001
2.414441e+003,9.985909e+001
2.414923e+003,9.985509e+001
2.415405e+003,9.985252e+001
2.415887e+003,9.985096e+001
2.416369e+003,9.984914e+001
2.416851e+003,9.984582e+001
2.417333e+003,9.984051e+001
2.417816e+003,9.983424e+001
2.418298e+003,9.982936e+001
2.418780e+003,9.982899e+001
2.419262e+003,9.983591e+001
2.419744e+003,9.985126e+001
2.420226e+003,9.987392e+001
2.420708e+003,9.990047e+001
2.421190e+003,9.992587e+001
2.421673e+003,9.994497e+001
2.422155e+003,9.995382e+001
2.422637e+003,9.995101e+001
2.423119e+003,9.993773e+001
2.423601e+003,9.991743e+001
2.424083e+003,9.989468e+001
2.424565e+003,9.987392e+001
2.425047e+003,9.985834e+001
2.425530e+003,9.984923e+001
2.426012e+003,9.984604e+001
2.426494e+003,9.984679e+001
2.426976e+003,9.984882e+001
2.427458e+003,9.984953e+001
2.427940e+003,9.984702e+001
2.428422e+003,9.984066e+001
2.428904e+003,9.983102e+001
2.429386e+003,9.981993e+001
2.429869e+003,9.980985e+001
2.430351e+003,9.980328e+001
2.430833e+003,9.980180e+001
2.431315e+003,9.980563e+001
2.431797e+003,9.981345e+001
2.432279e+003,9.982281e+001
2.432761e+003,9.983100e+001
2.433243e+003,9.983620e+001
2.433726e+003,9.983816e+001
2.434208e+003,9.983854e+001
2.434690e+003,9.984036e+001
2.435172e+003,9.984672e+001
2.435654e+003,9.985955e+001
2.436136e+003,9.987876e+001
2.436618e+003,9.990205e+001
2.437100e+003,9.992549e+001
2.437583e+003,9.994497e+001
2.438064e+003,9.995732e+001
2.438547e+003,9.996141e+001
2.439029e+003,9.995800e+001
2.439511e+003,9.994949e+001
2.439993e+003,9.993884e+001
2.440475e+003,9.992857e+001
2.440957e+003,9.992012e+001
2.441439e+003,9.991367e+001
2.441921e+003,9.990827e+001
2.442404e+003,9.990232e+001
2.442886e+003,9.989407e+001
2.443368e+003,9.988203e+001
2.443850e+003,9.986552e+001
2.444332e+003,9.984489e+001
2.444814e+003,9.982192e+001
2.445296e+003,9.979953e+001
2.445778e+003,9.978156e+001
2.446260e+003,9.977186e+001
2.446743e+003,9.977336e+001
2.447225e+003,9.978722e+001
2.447707e+003,9.981229e+001
2.448189e+003,9.984541e+001
2.448671e+003,9.988210e+001
2.449153e+003,9.991779e+001
2.449635e+003,9.994894e+001
2.450117e+003,9.997342e+001
2.450600e+003,9.999088e+001
2.451082e+003,1.000020e+002
2.451564e+003,1.000080e+002
2.452046e+003,1.000102e+002
2.452528e+003,1.000096e+002
2.453010e+003,1.000071e+002
2.453492e+003,1.000038e+002
2.453974e+003,1.000009e+002
2.454457e+003,9.999934e+001
2.454939e+003,9.999982e+001
2.455421e+003,1.000021e+002
2.455903e+003,1.000053e+002
2.456385e+003,1.000083e+002
2.456867e+003,1.000098e+002
2.457349e+003,1.000097e+002
2.457831e+003,1.000084e+002
2.458313e+003,1.000068e+002
2.458796e+003,1.000059e+002
2.459278e+003,1.000061e+002
2.459760e+003,1.000071e+002
2.460242e+003,1.000084e+002
2.460724e+003,1.000095e+002
2.461206e+003,1.000109e+002
2.461688e+003,1.000139e+002
2.462170e+003,1.000200e+002
2.462653e+003,1.000303e+002
2.463135e+003,1.000449e+002
2.463617e+003,1.000620e+002
2.464099e+003,1.000790e+002
2.464581e+003,1.000934e+002
2.465063e+003,1.001037e+002
2.465545e+003,1.001103e+002
2.466027e+003,1.001152e+002
2.466510e+003,1.001209e+002
2.466992e+003,1.001290e+002
2.467474e+003,1.001393e+002
2.467956e+003,1.001497e+002
2.468438e+003,1.001569e+002
2.468920e+003,1.001583e+002
2.469402e+003,1.001529e+002
2.469884e+003,1.001425e+002
2.470366e+003,1.001311e+002
2.470849e+003,1.001234e+002
2.471331e+003,1.001233e+002
2.471813e+003,1.001325e+002
2.472295e+003,1.001497e+002
2.472777e+003,1.001713e+002
2.473259e+003,1.001932e+002
2.473741e+003,1.002115e+002
2.474223e+003,1.002240e+002
2.474706e+003,1.002303e+002
2.475188e+003,1.002317e+002
2.475670e+003,1.002298e+002
2.476152e+003,1.002268e+002
2.476634e+003,1.002244e+002
2.477116e+003,1.002243e+002
2.477598e+003,1.002277e+002
2.478080e+003,1.002354e+002
2.478563e+003,1.002474e+002
2.479044e+003,1.002624e+002
2.479527e+003,1.002776e+002
2.480009e+003,1.002891e+002
2.480491e+003,1.002931e+002
2.480973e+003,1.002867e+002
2.481455e+003,1.002694e+002
2.481937e+003,1.002429e+002
2.482419e+003,1.002114e+002
2.482901e+003,1.001798e+002
2.483384e+003,1.001526e+002
2.483866e+003,1.001324e+002
2.484348e+003,1.001202e+002
2.484830e+003,1.001151e+002
2.485312e+003,1.001153e+002
2.485794e+003,1.001192e+002
2.486276e+003,1.001257e+002
2.486758e+003,1.001343e+002
2.487240e+003,1.001444e+002
2.487723e+003,1.001551e+002
2.488205e+003,1.001644e+002
2.488687e+003,1.001704e+002
2.489169e+003,1.001712e+002
2.489651e+003,1.001663e+002
2.490133e+003,1.001572e+002
2.490615e+003,1.001468e+002
2.491097e+003,1.001391e+002
2.491580e+003,1.001377e+002
2.492062e+003,1.001446e+002
2.492544e+003,1.001596e+002
2.493026e+003,1.001801e+002
2.493508e+003,1.002023e+002
2.493990e+003,1.002221e+002
2.494472e+003,1.002365e+002
2.494954e+003,1.002443e+002
2.495437e+003,1.002463e+002
2.495919e+003,1.002445e+002
2.496401e+003,1.002411e+002
2.496883e+003,1.002379e+002
2.497365e+003,1.002349e+002
2.497847e+003,1.002312e+002
2.498329e+003,1.002247e+002
2.498811e+003,1.002139e+002
2.499293e+003,1.001984e+002
2.499776e+003,1.001798e+002
2.500258e+003,1.001615e+002
2.500740e+003,1.001475e+002
2.501222e+003,1.001416e+002
2.501704e+003,1.001457e+002
2.502186e+003,1.001590e+002
2.502668e+003,1.001780e+002
2.503150e+003,1.001973e+002
2.503633e+003,1.002115e+002
2.504115e+003,1.002167e+002
2.504597e+003,1.002117e+002
2.505079e+003,1.001990e+002
2.505561e+003,1.001831e+002
2.506043e+003,1.001697e+002
2.506525e+003,1.001635e+002
2.507007e+003,1.001671e+002
2.507490e+003,1.001802e+002
2.507971e+003,1.002004e+002
2.508454e+003,1.002245e+002
2.508936e+003,1.002496e+002
2.509418e+003,1.002742e+002
2.509900e+003,1.002982e+002
2.510382e+003,1.003226e+002
2.510864e+003,1.003476e+002
2.511346e+003,1.003723e+002
2.511828e+003,1.003940e+002
2.512311e+003,1.004085e+002
2.512793e+003,1.004113e+002
2.513275e+003,1.003991e+002
2.513757e+003,1.003709e+002
2.514239e+003,1.003290e+002
2.514721e+003,1.002782e+002
2.515203e+003,1.002255e+002
2.515685e+003,1.001781e+002
2.516167e+003,1.001421e+002
2.516650e+003,1.001219e+002
2.517132e+003,1.001188e+002
2.517614e+003,1.001316e+002
2.518096e+003,1.001569e+002
2.518578e+003,1.001895e+002
2.519060e+003,1.002240e+002
2.519542e+003,1.002557e+002
2.520024e+003,1.002809e+002
2.520507e+003,1.002981e+002
2.520989e+003,1.003076e+002
2.521471e+003,1.003109e+002
2.521953e+003,1.003102e+002
2.522435e+003,1.003076e+002
2.522917e+003,1.003041e+002
2.523399e+003,1.003000e+002
2.523881e+003,1.002945e+002
2.524364e+003,1.002866e+002
2.524846e+003,1.002759e+002
2.525328e+003,1.002628e+002
2.525810e+003,1.002486e+002
2.526292e+003,1.002353e+002
2.526774e+003,1.002255e+002
2.527256e+003,1.002212e+002
2.527738e+003,1.002239e+002
2.528220e+003,1.002342e+002
2.528703e+003,1.002516e+002
2.529185e+003,1.002746e+002
2.529667e+003,1.003008e+002
2.530149e+003,1.003271e+002
2.530631e+003,1.003504e+002
2.531113e+003,1.003680e+002
2.531595e+003,1.003781e+002
2.532077e+003,1.003809e+002
2.532560e+003,1.003783e+002
2.533042e+003,1.003735e+002
2.533524e+003,1.003704e+002
2.534006e+003,1.003726e+002
2.534488e+003,1.003823e+002
2.534970e+003,1.004002e+002
2.535452e+003,1.004253e+002
2.535934e+003,1.004561e+002
2.536417e+003,1.004908e+002
2.536898e+003,1.005281e+002
2.537381e+003,1.005669e+002
2.537863e+003,1.006062e+002
2.538345e+003,1.006445e+002
2.538827e+003,1.006796e+002
2.539309e+003,1.007090e+002
2.539791e+003,1.007305e+002
2.540273e+003,1.007431e+002
2.540755e+003,1.007472e+002
2.541238e+003,1.007450e+002
2.541720e+003,1.007389e+002
2.542202e+003,1.007314e+002
2.542684e+003,1.007238e+002
2.543166e+003,1.007166e+002
2.543648e+003,1.007095e+002
2.544130e+003,1.007029e+002
2.544612e+003,1.006982e+002
2.545094e+003,1.006980e+002
2.545577e+003,1.007050e+002
2.546059e+003,1.007209e+002
2.546541e+003,1.007449e+002
2.547023e+003,1.007737e+002
2.547505e+003,1.008015e+002
2.547987e+003,1.008222e+002
2.548469e+003,1.008310e+002
2.548951e+003,1.008261e+002
2.549434e+003,1.008092e+002
2.549916e+003,1.007845e+002
2.550398e+003,1.007579e+002
2.550880e+003,1.007343e+002
2.551362e+003,1.007172e+002
2.551844e+003,1.007083e+002
2.552326e+003,1.007075e+002
2.552808e+003,1.007140e+002
2.553291e+003,1.007267e+002
2.553773e+003,1.007443e+002
2.554255e+003,1.007651e+002
2.554737e+003,1.007868e+002
2.555219e+003,1.008069e+002
2.555701e+003,1.008227e+002
2.556183e+003,1.008326e+002
2.556665e+003,1.008369e+002
2.557147e+003,1.008378e+002
2.557630e+003,1.008386e+002
2.558112e+003,1.008423e+002
2.558594e+003,1.008504e+002
2.559076e+003,1.008617e+002
2.559558e+003,1.008725e+002
2.560040e+003,1.008779e+002
2.560522e+003,1.008735e+002
2.561004e+003,1.008574e+002
2.561487e+003,1.008307e+002
2.561969e+003,1.007977e+002
2.562451e+003,1.007642e+002
2.562933e+003,1.007364e+002
2.563415e+003,1.007187e+002
2.563897e+003,1.007132e+002
2.564379e+003,1.007195e+002
2.564861e+003,1.007356e+002
2.565344e+003,1.007587e+002
2.565825e+003,1.007858e+002
2.566308e+003,1.008147e+002
2.566790e+003,1.008437e+002
2.567272e+003,1.008714e+002
2.567754e+003,1.008965e+002
2.568236e+003,1.009177e+002
2.568718e+003,1.009338e+002
2.569200e+003,1.009440e+002
2.569682e+003,1.009487e+002
2.570165e+003,1.009491e+002
2.570647e+003,1.009473e+002
2.571129e+003,1.009459e+002
2.571611e+003,1.009475e+002
2.572093e+003,1.009536e+002
2.572575e+003,1.009643e+002
2.573057e+003,1.009785e+002
2.573539e+003,1.009938e+002
2.574021e+003,1.010073e+002
2.574504e+003,1.010167e+002
2.574986e+003,1.010208e+002
2.575468e+003,1.010204e+002
2.575950e+003,1.010177e+002
2.576432e+003,1.010152e+002
2.576914e+003,1.010155e+002
2.577396e+003,1.010199e+002
2.577878e+003,1.010278e+002
2.578361e+003,1.010376e+002
2.578843e+003,1.010469e+002
2.579325e+003,1.010540e+002
2.579807e+003,1.010586e+002
2.580289e+003,1.010619e+002
2.580771e+003,1.010661e+002
2.581253e+003,1.010738e+002
2.581735e+003,1.010866e+002
2.582218e+003,1.011048e+002
2.582700e+003,1.011266e+002
2.583182e+003,1.011495e+002
2.583664e+003,1.011701e+002
2.584146e+003,1.011855e+002
2.584628e+003,1.011938e+002
2.585110e+003,1.011944e+002
2.585592e+003,1.011878e+002
2.586074e+003,1.011759e+002
2.586557e+003,1.011616e+002
2.587039e+003,1.011479e+002
2.587521e+003,1.011380e+002
2.588003e+003,1.011339e+002
2.588485e+003,1.011363e+002
2.588967e+003,1.011436e+002
2.589449e+003,1.011529e+002
2.589931e+003,1.011605e+002
2.590414e+003,1.011633e+002
2.590896e+003,1.011601e+002
2.591378e+003,1.011524e+002
2.591860e+003,1.011443e+002
2.592342e+003,1.011404e+002
2.592824e+003,1.011450e+002
2.593306e+003,1.011593e+002
2.593788e+003,1.011814e+002
2.594271e+003,1.012061e+002
2.594752e+003,1.012267e+002
2.595235e+003,1.012372e+002
2.595717e+003,1.012341e+002
2.596199e+003,1.012175e+002
2.596681e+003,1.011913e+002
2.597163e+003,1.011614e+002
2.597645e+003,1.011342e+002
2.598127e+003,1.011148e+002
2.598609e+003,1.011057e+002
2.599092e+003,1.011068e+002
2.599574e+003,1.011155e+002
2.600056e+003,1.011284e+002
2.600538e+003,1.011414e+002
2.601020e+003,1.011516e+002
2.601502e+003,1.011570e+002
2.601984e+003,1.011574e+002
2.602466e+003,1.011538e+002
2.602948e+003,1.011484e+002
2.603431e+003,1.011437e+002
2.603913e+003,1.011422e+002
2.604395e+003,1.011454e+002
2.604877e+003,1.011535e+002
2.605359e+003,1.011658e+002
2.605841e+003,1.011802e+002
2.606323e+003,1.011945e+002
2.606805e+003,1.012064e+002
2.607288e+003,1.012144e+002
2.607770e+003,1.012176e+002
2.608252e+003,1.012161e+002
2.608734e+003,1.012101e+002
2.609216e+003,1.012005e+002
2.609698e+003,1.011881e+002
2.610180e+003,1.011744e+002
2.610662e+003,1.011611e+002
2.611145e+003,1.011500e+002
2.611627e+003,1.011429e+002
2.612109e+003,1.011407e+002
2.612591e+003,1.011435e+002
2.613073e+003,1.011499e+002
2.613555e+003,1.011578e+002
2.614037e+003,1.011649e+002
2.614519e+003,1.011695e+002
2.615001e+003,1.011712e+002
2.615484e+003,1.011707e+002
2.615966e+003,1.011702e+002
2.616448e+003,1.011716e+002
2.616930e+003,1.011770e+002
2.617412e+003,1.011871e+002
2.617894e+003,1.012016e+002
2.618376e+003,1.012192e+002
2.618858e+003,1.012379e+002
2.619341e+003,1.012556e+002
2.619823e+003,1.012705e+002
2.620305e+003,1.012813e+002
2.620787e+003,1.012872e+002
2.621269e+003,1.012882e+002
2.621751e+003,1.012851e+002
2.622233e+003,1.012791e+002
2.622715e+003,1.012719e+002
2.623198e+003,1.012651e+002
2.623679e+003,1.012598e+002
2.624162e+003,1.012563e+002
2.624644e+003,1.012545e+002
2.625126e+003,1.012536e+002
2.625608e+003,1.012530e+002
2.626090e+003,1.012525e+002
2.626572e+003,1.012524e+002
2.627054e+003,1.012532e+002
2.627536e+003,1.012554e+002
2.628019e+003,1.012590e+002
2.628501e+003,1.012634e+002
2.628983e+003,1.012674e+002
2.629465e+003,1.012698e+002
2.629947e+003,1.012699e+002
2.630429e+003,1.012675e+002
2.630911e+003,1.012633e+002
2.631393e+003,1.012583e+002
2.631875e+003,1.012536e+002
2.632358e+003,1.012495e+002
2.632840e+003,1.012462e+002
2.633322e+003,1.012432e+002
2.633804e+003,1.012401e+002
2.634286e+003,1.012367e+002
2.634768e+003,1.012329e+002
2.635250e+003,1.012286e+002
2.635732e+003,1.012236e+002
2.636215e+003,1.012174e+002
2.636697e+003,1.012094e+002
2.637179e+003,1.011992e+002
2.637661e+003,1.011872e+002
2.638143e+003,1.011745e+002
2.638625e+003,1.011628e+002
2.639107e+003,1.011539e+002
2.639589e+003,1.011487e+002
2.640072e+003,1.011469e+002
2.640554e+003,1.011466e+002
2.641036e+003,1.011454e+002
2.641518e+003,1.011409e+002
2.642000e+003,1.011313e+002
2.642482e+003,1.011164e+002
2.642964e+003,1.010973e+002
2.643446e+003,1.010761e+002
2.643928e+003,1.010550e+002
2.644411e+003,1.010359e+002
2.644893e+003,1.010198e+002
2.645375e+003,1.010069e+002
2.645857e+003,1.009967e+002
2.646339e+003,1.009885e+002
2.646821e+003,1.009815e+002
2.647303e+003,1.009749e+002
2.647785e+003,1.009681e+002
2.648268e+003,1.009604e+002
2.648750e+003,1.009514e+002
2.649232e+003,1.009410e+002
2.649714e+003,1.009295e+002
2.650196e+003,1.009178e+002
2.650678e+003,1.009068e+002
2.651160e+003,1.008976e+002
2.651642e+003,1.008902e+002
2.652125e+003,1.008846e+002
2.652606e+003,1.008799e+002
2.653089e+003,1.008750e+002
2.653571e+003,1.008692e+002
2.654053e+003,1.008619e+002
2.654535e+003,1.008534e+002
2.655017e+003,1.008443e+002
2.655499e+003,1.008349e+002
2.655981e+003,1.008257e+002
2.656463e+003,1.008165e+002
2.656946e+003,1.008069e+002
2.657428e+003,1.007967e+002
2.657910e+003,1.007856e+002
2.658392e+003,1.007737e+002
2.658874e+003,1.007617e+002
2.659356e+003,1.007500e+002
2.659838e+003,1.007392e+002
2.660320e+003,1.007296e+002
2.660802e+003,1.007216e+002
2.661285e+003,1.007154e+002
2.661767e+003,1.007113e+002
2.662249e+003,1.007096e+002
2.662731e+003,1.007103e+002
2.663213e+003,1.007132e+002
2.663695e+003,1.007173e+002
2.664177e+003,1.007215e+002
2.664659e+003,1.007245e+002
2.665142e+003,1.007252e+002
2.665624e+003,1.007231e+002
2.666106e+003,1.007184e+002
2.666588e+003,1.007122e+002
2.667070e+003,1.007055e+002
2.667552e+003,1.006994e+002
2.668034e+003,1.006945e+002
2.668516e+003,1.006909e+002
2.668999e+003,1.006879e+002
2.669481e+003,1.006849e+002
2.669963e+003,1.006811e+002
2.670445e+003,1.006760e+002
2.670927e+003,1.006695e+002
2.671409e+003,1.006615e+002
2.671891e+003,1.006523e+002
2.672373e+003,1.006421e+002
2.672855e+003,1.006313e+002
2.673338e+003,1.006199e+002
2.673820e+003,1.006084e+002
2.674302e+003,1.005968e+002
2.674784e+003,1.005856e+002
2.675266e+003,1.005753e+002
2.675748e+003,1.005665e+002
2.676230e+003,1.005599e+002
2.676712e+003,1.005560e+002
2.677195e+003,1.005551e+002
2.677677e+003,1.005572e+002
2.678159e+003,1.005614e+002
2.678641e+003,1.005668e+002
2.679123e+003,1.005718e+002
2.679605e+003,1.005751e+002
2.680087e+003,1.005758e+002
2.680569e+003,1.005733e+002
2.681052e+003,1.005680e+002
2.681533e+003,1.005607e+002
2.682016e+003,1.005525e+002
2.682498e+003,1.005444e+002
2.682980e+003,1.005373e+002
2.683462e+003,1.005316e+002
2.683944e+003,1.005278e+002
2.684426e+003,1.005259e+002
2.684908e+003,1.005262e+002
2.685390e+003,1.005285e+002
2.685873e+003,1.005327e+002
2.686355e+003,1.005381e+002
2.686837e+003,1.005439e+002
2.687319e+003,1.005487e+002
2.687801e+003,1.005513e+002
2.688283e+003,1.005510e+002
2.688765e+003,1.005474e+002
2.689247e+003,1.005409e+002
2.689729e+003,1.005327e+002
2.690212e+003,1.005238e+002
2.690694e+003,1.005153e+002
2.691176e+003,1.005076e+002
2.691658e+003,1.005009e+002
2.692140e+003,1.004946e+002
2.692622e+003,1.004880e+002
2.693104e+003,1.004801e+002
2.693586e+003,1.004706e+002
2.694069e+003,1.004591e+002
2.694551e+003,1.004457e+002
2.695033e+003,1.004309e+002
2.695515e+003,1.004151e+002
2.695997e+003,1.003989e+002
2.696479e+003,1.003829e+002
2.696961e+003,1.003679e+002
2.697443e+003,1.003548e+002
2.697926e+003,1.003444e+002
2.698408e+003,1.003376e+002
2.698890e+003,1.003348e+002
2.699372e+003,1.003362e+002
2.699854e+003,1.003410e+002
2.700336e+003,1.003477e+002
2.700818e+003,1.003543e+002
2.701300e+003,1.003586e+002
2.701782e+003,1.003584e+002
2.702265e+003,1.003529e+002
2.702747e+003,1.003420e+002
2.703229e+003,1.003269e+002
2.703711e+003,1.003093e+002
2.704193e+003,1.002916e+002
2.704675e+003,1.002753e+002
2.705157e+003,1.002613e+002
2.705639e+003,1.002499e+002
2.706122e+003,1.002407e+002
2.706604e+003,1.002332e+002
2.707086e+003,1.002273e+002
2.707568e+003,1.002233e+002
2.708050e+003,1.002219e+002
2.708532e+003,1.002234e+002
2.709014e+003,1.002279e+002
2.709496e+003,1.002347e+002
2.709979e+003,1.002424e+002
2.710461e+003,1.002496e+002
2.710943e+003,1.002549e+002
2.711425e+003,1.002579e+002
2.711907e+003,1.002590e+002
2.712389e+003,1.002593e+002
2.712871e+003,1.002598e+002
2.713353e+003,1.002612e+002
2.713835e+003,1.002635e+002
2.714318e+003,1.002655e+002
2.714800e+003,1.002658e+002
2.715282e+003,1.002629e+002
2.715764e+003,1.002558e+002
2.716246e+003,1.002442e+002
2.716728e+003,1.002290e+002
2.717210e+003,1.002119e+002
2.717692e+003,1.001949e+002
2.718175e+003,1.001800e+002
2.718656e+003,1.001687e+002
2.719139e+003,1.001618e+002
2.719621e+003,1.001592e+002
2.720103e+003,1.001602e+002
2.720585e+003,1.001638e+002
2.721067e+003,1.001689e+002
2.721549e+003,1.001749e+002
2.722031e+003,1.001817e+002
2.722513e+003,1.001896e+002
2.722996e+003,1.001991e+002
2.723478e+003,1.002101e+002
2.723960e+003,1.002220e+002
2.724442e+003,1.002332e+002
2.724924e+003,1.002415e+002
2.725406e+003,1.002449e+002
2.725888e+003,1.002423e+002
2.726370e+003,1.002339e+002
2.726853e+003,1.002217e+002
2.727335e+003,1.002085e+002
2.727817e+003,1.001977e+002
2.728299e+003,1.001916e+002
2.728781e+003,1.001913e+002
2.729263e+003,1.001962e+002
2.729745e+003,1.002046e+002
2.730227e+003,1.002144e+002
2.730709e+003,1.002239e+002
2.731192e+003,1.002322e+002
2.731674e+003,1.002388e+002
2.732156e+003,1.002438e+002
2.732638e+003,1.002470e+002
2.733120e+003,1.002476e+002
2.733602e+003,1.002445e+002
2.734084e+003,1.002366e+002
2.734566e+003,1.002238e+002
2.735049e+003,1.002073e+002
2.735531e+003,1.001893e+002
2.736013e+003,1.001731e+002
2.736495e+003,1.001617e+002
2.736977e+003,1.001567e+002
2.737459e+003,1.001585e+002
2.737941e+003,1.001656e+002
2.738423e+003,1.001754e+002
2.738906e+003,1.001850e+002
2.739388e+003,1.001921e+002
2.739870e+003,1.001954e+002
2.740352e+003,1.001953e+002
2.740834e+003,1.001931e+002
2.741316e+003,1.001905e+002
2.741798e+003,1.001895e+002
2.742280e+003,1.001913e+002
2.742762e+003,1.001964e+002
2.743245e+003,1.002043e+002
2.743727e+003,1.002136e+002
2.744209e+003,1.002228e+002
2.744691e+003,1.002301e+002
2.745173e+003,1.002343e+002
2.745655e+003,1.002346e+002
2.746137e+003,1.002310e+002
2.746619e+003,1.002242e+002
2.747102e+003,1.002152e+002
2.747583e+003,1.002051e+002
2.748066e+003,1.001948e+002
2.748548e+003,1.001850e+002
2.749030e+003,1.001761e+002
2.749512e+003,1.001683e+002
2.749994e+003,1.001619e+002
2.750476e+003,1.001570e+002
2.750958e+003,1.001534e+002
2.751440e+003,1.001510e+002
2.751923e+003,1.001493e+002
2.752405e+003,1.001475e+002
2.752887e+003,1.001452e+002
2.753369e+003,1.001420e+002
2.753851e+003,1.001384e+002
2.754333e+003,1.001351e+002
2.754815e+003,1.001333e+002
2.755297e+003,1.001338e+002
2.755780e+003,1.001372e+002
2.756262e+003,1.001430e+002
2.756744e+003,1.001504e+002
2.757226e+003,1.001579e+002
2.757708e+003,1.001642e+002
2.758190e+003,1.001687e+002
2.758672e+003,1.001712e+002
2.759154e+003,1.001724e+002
2.759636e+003,1.001731e+002
2.760119e+003,1.001746e+002
2.760601e+003,1.001776e+002
2.761083e+003,1.001821e+002
2.761565e+003,1.001882e+002
2.762047e+003,1.001949e+002
2.762529e+003,1.002014e+002
2.763011e+003,1.002066e+002
2.763493e+003,1.002096e+002
2.763976e+003,1.002097e+002
2.764458e+003,1.002070e+002
2.764940e+003,1.002018e+002
2.765422e+003,1.001953e+002
2.765904e+003,1.001888e+002
2.766386e+003,1.001837e+002
2.766868e+003,1.001811e+002
2.767350e+003,1.001812e+002
2.767833e+003,1.001836e+002
2.768315e+003,1.001870e+002
2.768797e+003,1.001902e+002
2.769279e+003,1.001918e+002
2.769761e+003,1.001911e+002
2.770243e+003,1.001879e+002
2.770725e+003,1.001827e+002
2.771207e+003,1.001762e+002
2.771689e+003,1.001692e+002
2.772172e+003,1.001625e+002
2.772654e+003,1.001570e+002
2.773136e+003,1.001530e+002
2.773618e+003,1.001512e+002
2.774100e+003,1.001520e+002
2.774582e+003,1.001557e+002
2.775064e+003,1.001624e+002
2.775546e+003,1.001714e+002
2.776029e+003,1.001821e+002
2.776510e+003,1.001933e+002
2.776993e+003,1.002037e+002
2.777475e+003,1.002121e+002
2.777957e+003,1.002175e+002
2.778439e+003,1.002194e+002
2.778921e+003,1.002175e+002
2.779403e+003,1.002122e+002
2.779885e+003,1.002043e+002
2.780367e+003,1.001951e+002
2.780850e+003,1.001862e+002
2.781332e+003,1.001791e+002
2.781814e+003,1.001753e+002
2.782296e+003,1.001756e+002
2.782778e+003,1.001800e+002
2.783260e+003,1.001878e+002
2.783742e+003,1.001980e+002
2.784224e+003,1.002091e+002
2.784707e+003,1.002201e+002
2.785189e+003,1.002300e+002
2.785671e+003,1.002383e+002
2.786153e+003,1.002449e+002
2.786635e+003,1.002493e+002
2.787117e+003,1.002513e+002
2.787599e+003,1.002504e+002
2.788081e+003,1.002466e+002
2.788563e+003,1.002401e+002
2.789046e+003,1.002315e+002
2.789528e+003,1.002220e+002
2.790010e+003,1.002130e+002
2.790492e+003,1.002057e+002
2.790974e+003,1.002005e+002
2.791456e+003,1.001972e+002
2.791938e+003,1.001951e+002
2.792420e+003,1.001929e+002
2.792903e+003,1.001898e+002
2.793385e+003,1.001856e+002
2.793867e+003,1.001805e+002
2.794349e+003,1.001757e+002
2.794831e+003,1.001725e+002
2.795313e+003,1.001723e+002
2.795795e+003,1.001757e+002
2.796277e+003,1.001827e+002
2.796760e+003,1.001923e+002
2.797242e+003,1.002029e+002
2.797724e+003,1.002123e+002
2.798206e+003,1.002187e+002
2.798688e+003,1.002210e+002
2.799170e+003,1.002191e+002
2.799652e+003,1.002140e+002
2.800134e+003,1.002077e+002
2.800616e+003,1.002028e+002
2.801099e+003,1.002015e+002
2.801581e+003,1.002056e+002
2.802063e+003,1.002151e+002
2.802545e+003,1.002290e+002
2.803027e+003,1.002447e+002
2.803509e+003,1.002595e+002
2.803991e+003,1.002705e+002
2.804473e+003,1.002761e+002
2.804956e+003,1.002757e+002
2.805438e+003,1.002699e+002
2.805920e+003,1.002605e+002
2.806402e+003,1.002495e+002
2.806884e+003,1.002388e+002
2.807366e+003,1.002298e+002
2.807848e+003,1.002229e+002
2.808330e+003,1.002181e+002
2.808813e+003,1.002152e+002
2.809294e+003,1.002141e+002
2.809777e+003,1.002147e+002
2.810259e+003,1.002173e+002
2.810741e+003,1.002223e+002
2.811223e+003,1.002297e+002
2.811705e+003,1.002385e+002
2.812187e+003,1.002476e+002
2.812669e+003,1.002549e+002
2.813151e+003,1.002586e+002
2.813634e+003,1.002573e+002
2.814116e+003,1.002509e+002
2.814598e+003,1.002406e+002
2.815080e+003,1.002288e+002
2.815562e+003,1.002183e+002
2.816044e+003,1.002117e+002
2.816526e+003,1.002104e+002
2.817008e+003,1.002145e+002
2.817490e+003,1.002224e+002
2.817973e+003,1.002319e+002
2.818455e+003,1.002406e+002
2.818937e+003,1.002466e+002
2.819419e+003,1.002487e+002
2.819901e+003,1.002469e+002
2.820383e+003,1.002418e+002
2.820865e+003,1.002341e+002
2.821347e+003,1.002246e+002
2.821830e+003,1.002140e+002
2.822312e+003,1.002033e+002
2.822794e+003,1.001935e+002
2.823276e+003,1.001858e+002
2.823758e+003,1.001816e+002
2.824240e+003,1.001816e+002
2.824722e+003,1.001858e+002
2.825204e+003,1.001933e+002
2.825687e+003,1.002022e+002
2.826169e+003,1.002108e+002
2.826651e+003,1.002171e+002
2.827133e+003,1.002205e+002
2.827615e+003,1.002211e+002
2.828097e+003,1.002197e+002
2.828579e+003,1.002177e+002
2.829061e+003,1.002161e+002
2.829543e+003,1.002156e+002
2.830026e+003,1.002161e+002
2.830508e+003,1.002177e+002
2.830990e+003,1.002201e+002
2.831472e+003,1.002233e+002
2.831954e+003,1.002275e+002
2.832436e+003,1.002330e+002
2.832918e+003,1.002395e+002
2.833400e+003,1.002466e+002
2.833883e+003,1.002536e+002
2.834365e+003,1.002599e+002
2.834847e+003,1.002649e+002
2.835329e+003,1.002689e+002
2.835811e+003,1.002725e+002
2.836293e+003,1.002766e+002
2.836775e+003,1.002819e+002
2.837257e+003,1.002890e+002
2.837740e+003,1.002976e+002
2.838221e+003,1.003071e+002
2.838704e+003,1.003167e+002
2.839186e+003,1.003256e+002
2.839668e+003,1.003337e+002
2.840150e+003,1.003410e+002
2.840632e+003,1.003484e+002
2.841114e+003,1.003569e+002
2.841596e+003,1.003675e+002
2.842078e+003,1.003809e+002
2.842561e+003,1.003976e+002
2.843043e+003,1.004172e+002
2.843525e+003,1.004391e+002
2.844007e+003,1.004623e+002
2.844489e+003,1.004861e+002
2.844971e+003,1.005098e+002
2.845453e+003,1.005336e+002
2.845935e+003,1.005579e+002
2.846417e+003,1.005832e+002
2.846900e+003,1.006094e+002
2.847382e+003,1.006357e+002
2.847864e+003,1.006602e+002
2.848346e+003,1.006804e+002
2.848828e+003,1.006939e+002
2.849310e+003,1.006992e+002
2.849792e+003,1.006963e+002
2.850274e+003,1.006868e+002
2.850757e+003,1.006736e+002
2.851239e+003,1.006598e+002
2.851721e+003,1.006476e+002
2.852203e+003,1.006378e+002
2.852685e+003,1.006294e+002
2.853167e+003,1.006204e+002
2.853649e+003,1.006083e+002
2.854131e+003,1.005916e+002
2.854614e+003,1.005697e+002
2.855096e+003,1.005437e+002
2.855578e+003,1.005150e+002
2.856060e+003,1.004857e+002
2.856542e+003,1.004574e+002
2.857024e+003,1.004312e+002
2.857506e+003,1.004079e+002
2.857988e+003,1.003881e+002
2.858470e+003,1.003726e+002
2.858953e+003,1.003623e+002
2.859435e+003,1.003576e+002
2.859917e+003,1.003587e+002
2.860399e+003,1.003646e+002
2.860881e+003,1.003737e+002
2.861363e+003,1.003837e+002
2.861845e+003,1.003925e+002
2.862327e+003,1.003984e+002
2.862810e+003,1.004007e+002
2.863292e+003,1.003993e+002
2.863774e+003,1.003950e+002
2.864256e+003,1.003886e+002
2.864738e+003,1.003813e+002
2.865220e+003,1.003742e+002
2.865702e+003,1.003679e+002
2.866184e+003,1.003633e+002
2.866667e+003,1.003606e+002
2.867148e+003,1.003598e+002
2.867631e+003,1.003602e+002
2.868113e+003,1.003609e+002
2.868595e+003,1.003606e+002
2.869077e+003,1.003582e+002
2.869559e+003,1.003531e+002
2.870041e+003,1.003452e+002
2.870523e+003,1.003351e+002
2.871005e+003,1.003237e+002
2.871488e+003,1.003117e+002
2.871970e+003,1.003000e+002
2.872452e+003,1.002890e+002
2.872934e+003,1.002792e+002
2.873416e+003,1.002710e+002
2.873898e+003,1.002655e+002
2.874380e+003,1.002637e+002
2.874862e+003,1.002662e+002
2.875344e+003,1.002732e+002
2.875827e+003,1.002840e+002
2.876309e+003,1.002967e+002
2.876791e+003,1.003088e+002
2.877273e+003,1.003179e+002
2.877755e+003,1.003218e+002
2.878237e+003,1.003198e+002
2.878719e+003,1.003123e+002
2.879201e+003,1.003010e+002
2.879684e+003,1.002885e+002
2.880166e+003,1.002775e+002
2.880648e+003,1.002706e+002
2.881130e+003,1.002694e+002
2.881612e+003,1.002745e+002
2.882094e+003,1.002850e+002
2.882576e+003,1.002992e+002
2.883058e+003,1.003146e+002
2.883541e+003,1.003283e+002
2.884023e+003,1.003384e+002
2.884505e+003,1.003436e+002
2.884987e+003,1.003440e+002
2.885469e+003,1.003407e+002
2.885951e+003,1.003358e+002
2.886433e+003,1.003311e+002
2.886915e+003,1.003279e+002
2.887397e+003,1.003266e+002
2.887880e+003,1.003264e+002
2.888362e+003,1.003265e+002
2.888844e+003,1.003255e+002
2.889326e+003,1.003229e+002
2.889808e+003,1.003191e+002
2.890290e+003,1.003151e+002
2.890772e+003,1.003125e+002
2.891254e+003,1.003130e+002
2.891737e+003,1.003176e+002
2.892219e+003,1.003268e+002
2.892701e+003,1.003397e+002
2.893183e+003,1.003549e+002
2.893665e+003,1.003702e+002
2.894147e+003,1.003831e+002
2.894629e+003,1.003916e+002
2.895111e+003,1.003941e+002
2.895594e+003,1.003902e+002
2.896075e+003,1.003806e+002
2.896558e+003,1.003671e+002
2.897040e+003,1.003520e+002
2.897522e+003,1.003377e+002
2.898004e+003,1.003263e+002
2.898486e+003,1.003188e+002
2.898968e+003,1.003152e+002
2.899450e+003,1.003148e+002
2.899932e+003,1.003163e+002
2.900415e+003,1.003184e+002
2.900897e+003,1.003197e+002
2.901379e+003,1.003195e+002
2.901861e+003,1.003173e+002
2.902343e+003,1.003130e+002
2.902825e+003,1.003070e+002
2.903307e+003,1.003005e+002
2.903789e+003,1.002952e+002
2.904271e+003,1.002933e+002
2.904754e+003,1.002971e+002
2.905236e+003,1.003083e+002
2.905718e+003,1.003277e+002
2.906200e+003,1.003543e+002
2.906682e+003,1.003860e+002
2.907164e+003,1.004196e+002
2.907646e+003,1.004519e+002
2.908128e+003,1.004804e+002
2.908611e+003,1.005039e+002
2.909093e+003,1.005225e+002
2.909575e+003,1.005374e+002
2.910057e+003,1.005501e+002
2.910539e+003,1.005615e+002
2.911021e+003,1.005724e+002
2.911503e+003,1.005825e+002
2.911985e+003,1.005917e+002
2.912468e+003,1.005997e+002
2.912950e+003,1.006070e+002
2.913432e+003,1.006142e+002
2.913914e+003,1.006226e+002
2.914396e+003,1.006332e+002
2.914878e+003,1.006468e+002
2.915360e+003,1.006636e+002
2.915842e+003,1.006832e+002
2.916324e+003,1.007047e+002
2.916807e+003,1.007270e+002
2.917289e+003,1.007486e+002
2.917771e+003,1.007680e+002
2.918253e+003,1.007836e+002
2.918735e+003,1.007940e+002
2.919217e+003,1.007977e+002
2.919699e+003,1.007942e+002
2.920181e+003,1.007834e+002
2.920664e+003,1.007661e+002
2.921146e+003,1.007437e+002
2.921628e+003,1.007185e+002
2.922110e+003,1.006931e+002
2.922592e+003,1.006699e+002
2.923074e+003,1.006509e+002
2.923556e+003,1.006374e+002
2.924038e+003,1.006292e+002
2.924521e+003,1.006252e+002
2.925002e+003,1.006235e+002
2.925485e+003,1.006218e+002
2.925967e+003,1.006180e+002
2.926449e+003,1.006111e+002
2.926931e+003,1.006012e+002
2.927413e+003,1.005892e+002
2.927895e+003,1.005767e+002
2.928377e+003,1.005648e+002
2.928859e+003,1.005537e+002
2.929342e+003,1.005427e+002
2.929824e+003,1.005305e+002
2.930306e+003,1.005158e+002
2.930788e+003,1.004986e+002
2.931270e+003,1.004797e+002
2.931752e+003,1.004616e+002
2.932234e+003,1.004471e+002
2.932716e+003,1.004382e+002
2.933198e+003,1.004355e+002
2.933681e+003,1.004374e+002
2.934163e+003,1.004418e+002
2.934645e+003,1.004454e+002
2.935127e+003,1.004452e+002
2.935609e+003,1.004392e+002
2.936091e+003,1.004273e+002
2.936573e+003,1.004108e+002
2.937055e+003,1.003922e+002
2.937538e+003,1.003741e+002
2.938020e+003,1.003591e+002
2.938502e+003,1.003489e+002
2.938984e+003,1.003444e+002
2.939466e+003,1.003459e+002
2.939948e+003,1.003528e+002
2.940430e+003,1.003641e+002
2.940912e+003,1.003776e+002
2.941395e+003,1.003909e+002
2.941877e+003,1.004013e+002
2.942359e+003,1.004064e+002
2.942841e+003,1.004047e+002
2.943323e+003,1.003963e+002
2.943805e+003,1.003825e+002
2.944287e+003,1.003659e+002
2.944769e+003,1.003493e+002
2.945251e+003,1.003355e+002
2.945734e+003,1.003264e+002
2.946216e+003,1.003234e+002
2.946698e+003,1.003266e+002
2.947180e+003,1.003355e+002
2.947662e+003,1.003493e+002
2.948144e+003,1.003666e+002
2.948626e+003,1.003858e+002
2.949108e+003,1.004053e+002
2.949591e+003,1.004237e+002
2.950073e+003,1.004398e+002
2.950555e+003,1.004536e+002
2.951037e+003,1.004656e+002
2.951519e+003,1.004770e+002
2.952001e+003,1.004890e+002
2.952483e+003,1.005023e+002
2.952965e+003,1.005170e+002
2.953448e+003,1.005319e+002
2.953929e+003,1.005457e+002
2.954412e+003,1.005570e+002
2.954894e+003,1.005649e+002
2.955376e+003,1.005696e+002
2.955858e+003,1.005720e+002
2.956340e+003,1.005730e+002
2.956822e+003,1.005739e+002
2.957304e+003,1.005747e+002
2.957786e+003,1.005752e+002
2.958269e+003,1.005746e+002
2.958751e+003,1.005721e+002
2.959233e+003,1.005669e+002
2.959715e+003,1.005591e+002
2.960197e+003,1.005491e+002
2.960679e+003,1.005379e+002
2.961161e+003,1.005263e+002
2.961643e+003,1.005155e+002
2.962125e+003,1.005059e+002
2.962608e+003,1.004978e+002
2.963090e+003,1.004906e+002
2.963572e+003,1.004833e+002
2.964054e+003,1.004742e+002
2.964536e+003,1.004614e+002
2.965018e+003,1.004438e+002
2.965500e+003,1.004208e+002
2.965982e+003,1.003935e+002
2.966465e+003,1.003642e+002
2.966947e+003,1.003361e+002
2.967429e+003,1.003123e+002
2.967911e+003,1.002952e+002
2.968393e+003,1.002853e+002
2.968875e+003,1.002816e+002
2.969357e+003,1.002820e+002
2.969839e+003,1.002840e+002
2.970322e+003,1.002858e+002
2.970804e+003,1.002869e+002
2.971286e+003,1.002880e+002
2.971768e+003,1.002907e+002
2.972250e+003,1.002964e+002
2.972732e+003,1.003059e+002
2.973214e+003,1.003188e+002
2.973696e+003,1.003339e+002
2.974178e+003,1.003495e+002
2.974661e+003,1.003642e+002
2.975143e+003,1.003775e+002
2.975625e+003,1.003893e+002
2.976107e+003,1.004002e+002
2.976589e+003,1.004111e+002
2.977071e+003,1.004220e+002
2.977553e+003,1.004324e+002
2.978035e+003,1.004409e+002
2.978518e+003,1.004460e+002
2.979000e+003,1.004462e+002
2.979482e+003,1.004408e+002
2.979964e+003,1.004302e+002
2.980446e+003,1.004160e+002
2.980928e+003,1.004001e+002
2.981410e+003,1.003850e+002
2.981892e+003,1.003725e+002
2.982375e+003,1.003634e+002
2.982856e+003,1.003575e+002
2.983339e+003,1.003533e+002
2.983821e+003,1.003494e+002
2.984303e+003,1.003444e+002
2.984785e+003,1.003377e+002
2.985267e+003,1.003300e+002
2.985749e+003,1.003229e+002
2.986231e+003,1.003181e+002
2.986713e+003,1.003167e+002
2.987196e+003,1.003188e+002
2.987678e+003,1.003232e+002
2.988160e+003,1.003282e+002
2.988642e+003,1.003319e+002
2.989124e+003,1.003335e+002
2.989606e+003,1.003338e+002
2.990088e+003,1.003345e+002
2.990570e+003,1.003382e+002
2.991052e+003,1.003466e+002
2.991535e+003,1.003604e+002
2.992017e+003,1.003781e+002
2.992499e+003,1.003972e+002
2.992981e+003,1.004146e+002
2.993463e+003,1.004277e+002
2.993945e+003,1.004357e+002
2.994427e+003,1.004393e+002
2.994909e+003,1.004408e+002
2.995392e+003,1.004426e+002
2.995874e+003,1.004465e+002
2.996356e+003,1.004528e+002
2.996838e+003,1.004604e+002
2.997320e+003,1.004673e+002
2.997802e+003,1.004709e+002
2.998284e+003,1.004699e+002
2.998766e+003,1.004636e+002
2.999249e+003,1.004530e+002
2.999731e+003,1.004396e+002
3.000213e+003,1.004254e+002
3.000695e+003,1.004116e+002
3.001177e+003,1.003989e+002
3.001659e+003,1.003871e+002
3.002141e+003,1.003759e+002
3.002623e+003,1.003649e+002
3.003105e+003,1.003544e+002
3.003588e+003,1.003452e+002
3.004070e+003,1.003384e+002
3.004552e+003,1.003351e+002
3.005034e+003,1.003353e+002
3.005516e+003,1.003381e+002
3.005998e+003,1.003420e+002
3.006480e+003,1.003446e+002
3.006962e+003,1.003440e+002
3.007445e+003,1.003395e+002
3.007927e+003,1.003315e+002
3.008409e+003,1.003218e+002
3.008891e+003,1.003131e+002
3.009373e+003,1.003078e+002
3.009855e+003,1.003074e+002
3.010337e+003,1.003118e+002
3.010819e+003,1.003199e+002
3.011302e+003,1.003291e+002
3.011783e+003,1.003372e+002
3.012266e+003,1.003422e+002
3.012748e+003,1.003433e+002
3.013230e+003,1.003408e+002
3.013712e+003,1.003358e+002
3.014194e+003,1.003297e+002
3.014676e+003,1.003239e+002
3.015158e+003,1.003191e+002
3.015640e+003,1.003157e+002
3.016123e+003,1.003139e+002
3.016605e+003,1.003133e+002
3.017087e+003,1.003132e+002
3.017569e+003,1.003127e+002
3.018051e+003,1.003105e+002
3.018533e+003,1.003056e+002
3.019015e+003,1.002970e+002
3.019497e+003,1.002849e+002
3.019979e+003,1.002704e+002
3.020462e+003,1.002558e+002
3.020944e+003,1.002443e+002
3.021426e+003,1.002387e+002
3.021908e+003,1.002408e+002
3.022390e+003,1.002506e+002
3.022872e+003,1.002665e+002
3.023354e+003,1.002850e+002
3.023836e+003,1.003020e+002
3.024319e+003,1.003137e+002
3.024801e+003,1.003176e+002
3.025283e+003,1.003129e+002
3.025765e+003,1.003007e+002
3.026247e+003,1.002835e+002
3.026729e+003,1.002647e+002
3.027211e+003,1.002478e+002
3.027693e+003,1.002351e+002
3.028176e+003,1.002282e+002
3.028658e+003,1.002268e+002
3.029140e+003,1.002297e+002
3.029622e+003,1.002348e+002
3.030104e+003,1.002397e+002
3.030586e+003,1.002425e+002
3.031068e+003,1.002420e+002
3.031550e+003,1.002378e+002
3.032032e+003,1.002303e+002
3.032515e+003,1.002200e+002
3.032997e+003,1.002075e+002
3.033479e+003,1.001928e+002
3.033961e+003,1.001760e+002
3.034443e+003,1.001572e+002
3.034925e+003,1.001367e+002
3.035407e+003,1.001156e+002
3.035889e+003,1.000950e+002
3.036372e+003,1.000764e+002
3.036854e+003,1.000604e+002
3.037336e+003,1.000474e+002
3.037818e+003,1.000367e+002
3.038300e+003,1.000270e+002
3.038782e+003,1.000178e+002
3.039264e+003,1.000087e+002
3.039746e+003,1.000005e+002
3.040229e+003,9.999482e+001
3.040711e+003,9.999327e+001
3.041193e+003,9.999714e+001
3.041675e+003,1.000067e+002
3.042157e+003,1.000211e+002
3.042639e+003,1.000388e+002
3.043121e+003,1.000576e+002
3.043603e+003,1.000756e+002
3.044085e+003,1.000913e+002
3.044568e+003,1.001041e+002
3.045050e+003,1.001137e+002
3.045532e+003,1.001207e+002
3.046014e+003,1.001258e+002
3.046496e+003,1.001302e+002
3.046978e+003,1.001350e+002
3.047460e+003,1.001416e+002
3.047942e+003,1.001506e+002
3.048425e+003,1.001621e+002
3.048906e+003,1.001753e+002
3.049389e+003,1.001884e+002
3.049871e+003,1.001993e+002
3.050353e+003,1.002062e+002
3.050835e+003,1.002080e+002
3.051317e+003,1.002051e+002
3.051799e+003,1.001991e+002
3.052281e+003,1.001923e+002
3.052763e+003,1.001869e+002
3.053246e+003,1.001848e+002
3.053728e+003,1.001864e+002
3.054210e+003,1.001916e+002
3.054692e+003,1.001994e+002
3.055174e+003,1.002082e+002
3.055656e+003,1.002170e+002
3.056138e+003,1.002247e+002
3.056620e+003,1.002308e+002
3.057103e+003,1.002346e+002
3.057585e+003,1.002360e+002
3.058067e+003,1.002348e+002
3.058549e+003,1.002312e+002
3.059031e+003,1.002259e+002
3.059513e+003,1.002199e+002
3.059995e+003,1.002144e+002
3.060477e+003,1.002105e+002
3.060959e+003,1.002094e+002
3.061442e+003,1.002115e+002
3.061924e+003,1.002170e+002
3.062406e+003,1.002256e+002
3.062888e+003,1.002365e+002
3.063370e+003,1.002489e+002
3.063852e+003,1.002612e+002
3.064334e+003,1.002722e+002
3.064816e+003,1.002803e+002
3.065299e+003,1.002846e+002
3.065781e+003,1.002853e+002
3.066263e+003,1.002832e+002
3.066745e+003,1.002803e+002
3.067227e+003,1.002791e+002
3.067709e+003,1.002815e+002
3.068191e+003,1.002886e+002
3.068673e+003,1.002999e+002
3.069156e+003,1.003137e+002
3.069638e+003,1.003275e+002
3.070120e+003,1.003388e+002
3.070602e+003,1.003457e+002
3.071084e+003,1.003475e+002
3.071566e+003,1.003445e+002
3.072048e+003,1.003379e+002
3.072530e+003,1.003291e+002
3.073012e+003,1.003195e+002
3.073495e+003,1.003104e+002
3.073977e+003,1.003029e+002
3.074459e+003,1.002981e+002
3.074941e+003,1.002969e+002
3.075423e+003,1.002997e+002
3.075905e+003,1.003064e+002
3.076387e+003,1.003157e+002
3.076869e+003,1.003254e+002
3.077352e+003,1.003333e+002
3.077833e+003,1.003373e+002
3.078316e+003,1.003367e+002
3.078798e+003,1.003322e+002
3.079280e+003,1.003262e+002
3.079762e+003,1.003219e+002
3.080244e+003,1.003225e+002
3.080726e+003,1.003305e+002
3.081208e+003,1.003463e+002
3.081690e+003,1.003690e+002
3.082173e+003,1.003959e+002
3.082655e+003,1.004234e+002
3.083137e+003,1.004477e+002
3.083619e+003,1.004658e+002
3.084101e+003,1.004755e+002
3.084583e+003,1.004761e+002
3.085065e+003,1.004689e+002
3.085547e+003,1.004563e+002
3.086030e+003,1.004424e+002
3.086512e+003,1.004314e+002
3.086994e+003,1.004272e+002
3.087476e+003,1.004323e+002
3.087958e+003,1.004468e+002
3.088440e+003,1.004683e+002
3.088922e+003,1.004924e+002
3.089404e+003,1.005135e+002
3.089886e+003,1.005264e+002
3.090369e+003,1.005276e+002
3.090851e+003,1.005165e+002
3.091333e+003,1.004956e+002
3.091815e+003,1.004695e+002
3.092297e+003,1.004439e+002
3.092779e+003,1.004239e+002
3.093261e+003,1.004124e+002
3.093743e+003,1.004099e+002
3.094226e+003,1.004140e+002
3.094708e+003,1.004210e+002
3.095190e+003,1.004267e+002
3.095672e+003,1.004282e+002
3.096154e+003,1.004246e+002
3.096636e+003,1.004169e+002
3.097118e+003,1.004077e+002
3.097600e+003,1.003996e+002
3.098083e+003,1.003945e+002
3.098565e+003,1.003930e+002
3.099047e+003,1.003939e+002
3.099529e+003,1.003952e+002
3.100011e+003,1.003950e+002
3.100493e+003,1.003923e+002
3.100975e+003,1.003874e+002
3.101457e+003,1.003818e+002
3.101939e+003,1.003776e+002
3.102422e+003,1.003766e+002
3.102904e+003,1.003796e+002
3.103386e+003,1.003865e+002
3.103868e+003,1.003959e+002
3.104350e+003,1.004061e+002
3.104832e+003,1.004150e+002
3.105314e+003,1.004212e+002
3.105796e+003,1.004237e+002
3.106279e+003,1.004221e+002
3.106760e+003,1.004165e+002
3.107243e+003,1.004078e+002
3.107725e+003,1.003970e+002
3.108207e+003,1.003862e+002
3.108689e+003,1.003770e+002
3.109171e+003,1.003712e+002
3.109653e+003,1.003695e+002
3.110135e+003,1.003713e+002
3.110617e+003,1.003752e+002
3.111100e+003,1.003792e+002
3.111582e+003,1.003815e+002
3.112064e+003,1.003817e+002
3.112546e+003,1.003804e+002
3.113028e+003,1.003792e+002
3.113510e+003,1.003800e+002
3.113992e+003,1.003838e+002
3.114474e+003,1.003899e+002
3.114957e+003,1.003963e+002
3.115439e+003,1.004005e+002
3.115921e+003,1.004002e+002
3.116403e+003,1.003949e+002
3.116885e+003,1.003858e+002
3.117367e+003,1.003756e+002
3.117849e+003,1.003670e+002
3.118331e+003,1.003619e+002
3.118813e+003,1.003603e+002
3.119296e+003,1.003601e+002
3.119778e+003,1.003587e+002
3.120260e+003,1.003532e+002
3.120742e+003,1.003427e+002
3.121224e+003,1.003277e+002
3.121706e+003,1.003106e+002
3.122188e+003,1.002943e+002
3.122670e+003,1.002813e+002
3.123153e+003,1.002727e+002
3.123635e+003,1.002683e+002
3.124117e+003,1.002669e+002
3.124599e+003,1.002672e+002
3.125081e+003,1.002683e+002
3.125563e+003,1.002700e+002
3.126045e+003,1.002729e+002
3.126527e+003,1.002777e+002
3.127010e+003,1.002849e+002
3.127492e+003,1.002945e+002
3.127974e+003,1.003059e+002
3.128456e+003,1.003183e+002
3.128938e+003,1.003306e+002
3.129420e+003,1.003420e+002
3.129902e+003,1.003517e+002
3.130384e+003,1.003591e+002
3.130866e+003,1.003638e+002
3.131349e+003,1.003653e+002
3.131831e+003,1.003637e+002
3.132313e+003,1.003594e+002
3.132795e+003,1.003530e+002
3.133277e+003,1.003455e+002
3.133759e+003,1.003381e+002
3.134241e+003,1.003316e+002
3.134723e+003,1.003270e+002
3.135206e+003,1.003250e+002
3.135688e+003,1.003265e+002
3.136170e+003,1.003317e+002
3.136652e+003,1.003403e+002
3.137134e+003,1.003512e+002
3.137616e+003,1.003622e+002
3.138098e+003,1.003707e+002
3.138580e+003,1.003742e+002
3.139063e+003,1.003710e+002
3.139544e+003,1.003618e+002
3.140027e+003,1.003490e+002
3.140509e+003,1.003365e+002
3.140991e+003,1.003283e+002
3.141473e+003,1.003276e+002
3.141955e+003,1.003353e+002
3.142437e+003,1.003494e+002
3.142919e+003,1.003665e+002
3.143401e+003,1.003821e+002
3.143884e+003,1.003927e+002
3.144366e+003,1.003964e+002
3.144848e+003,1.003936e+002
3.145330e+003,1.003862e+002
3.145812e+003,1.003773e+002
3.146294e+003,1.003697e+002
3.146776e+003,1.003657e+002
3.147258e+003,1.003666e+002
3.147740e+003,1.003727e+002
3.148223e+003,1.003835e+002
3.148705e+003,1.003981e+002
3.149187e+003,1.004147e+002
3.149669e+003,1.004310e+002
3.150151e+003,1.004444e+002
3.150633e+003,1.004522e+002
3.151115e+003,1.004531e+002
3.151597e+003,1.004470e+002
3.152080e+003,1.004359e+002
3.152562e+003,1.004230e+002
3.153044e+003,1.004125e+002
3.153526e+003,1.004078e+002
3.154008e+003,1.004108e+002
3.154490e+003,1.004216e+002
3.154972e+003,1.004378e+002
3.155454e+003,1.004559e+002
3.155937e+003,1.004721e+002
3.156419e+003,1.004831e+002
3.156901e+003,1.004871e+002
3.157383e+003,1.004835e+002
3.157865e+003,1.004733e+002
3.158347e+003,1.004586e+002
3.158829e+003,1.004418e+002
3.159311e+003,1.004252e+002
3.159793e+003,1.004110e+002
3.160276e+003,1.004006e+002
3.160758e+003,1.003944e+002
3.161240e+003,1.003921e+002
3.161722e+003,1.003929e+002
3.162204e+003,1.003954e+002
3.162686e+003,1.003988e+002
3.163168e+003,1.004027e+002
3.163650e+003,1.004069e+002
3.164133e+003,1.004122e+002
3.164615e+003,1.004188e+002
3.165097e+003,1.004269e+002
3.165579e+003,1.004357e+002
3.166061e+003,1.004440e+002
3.166543e+003,1.004505e+002
3.167025e+003,1.004541e+002
3.167507e+003,1.004549e+002
3.167990e+003,1.004541e+002
3.168471e+003,1.004534e+002
3.168954e+003,1.004554e+002
3.169436e+003,1.004619e+002
3.169918e+003,1.004740e+002
3.170400e+003,1.004912e+002
3.170882e+003,1.005117e+002
3.171364e+003,1.005329e+002
3.171846e+003,1.005515e+002
3.172328e+003,1.005644e+002
3.172811e+003,1.005690e+002
3.173293e+003,1.005640e+002
3.173775e+003,1.005497e+002
3.174257e+003,1.005276e+002
3.174739e+003,1.005004e+002
3.175221e+003,1.004718e+002
3.175703e+003,1.004454e+002
3.176185e+003,1.004245e+002
3.176667e+003,1.004113e+002
3.177150e+003,1.004066e+002
3.177632e+003,1.004099e+002
3.178114e+003,1.004198e+002
3.178596e+003,1.004342e+002
3.179078e+003,1.004507e+002
3.179560e+003,1.004671e+002
3.180042e+003,1.004815e+002
3.180524e+003,1.004927e+002
3.181007e+003,1.005004e+002
3.181489e+003,1.005050e+002
3.181971e+003,1.005079e+002
3.182453e+003,1.005113e+002
3.182935e+003,1.005171e+002
3.183417e+003,1.005267e+002
3.183899e+003,1.005403e+002
3.184381e+003,1.005562e+002
3.184864e+003,1.005718e+002
3.185346e+003,1.005836e+002
3.185828e+003,1.005891e+002
3.186310e+003,1.005870e+002
3.186792e+003,1.005784e+002
3.187274e+003,1.005658e+002
3.187756e+003,1.005530e+002
3.188238e+003,1.005431e+002
3.188720e+003,1.005384e+002
3.189203e+003,1.005393e+002
3.189685e+003,1.005451e+002
3.190167e+003,1.005542e+002
3.190649e+003,1.005654e+002
3.191131e+003,1.005779e+002
3.191613e+003,1.005917e+002
3.192095e+003,1.006072e+002
3.192577e+003,1.006241e+002
3.193060e+003,1.006414e+002
3.193542e+003,1.006572e+002
3.194024e+003,1.006689e+002
3.194506e+003,1.006748e+002
3.194988e+003,1.006740e+002
3.195470e+003,1.006672e+002
3.195952e+003,1.006564e+002
3.196434e+003,1.006441e+002
3.196917e+003,1.006327e+002
3.197398e+003,1.006235e+002
3.197881e+003,1.006171e+002
3.198363e+003,1.006127e+002
3.198845e+003,1.006094e+002
3.199327e+003,1.006065e+002
3.199809e+003,1.006035e+002
3.200291e+003,1.006008e+002
3.200773e+003,1.005989e+002
3.201255e+003,1.005979e+002
3.201738e+003,1.005980e+002
3.202220e+003,1.005990e+002
3.202702e+003,1.006005e+002
3.203184e+003,1.006028e+002
3.203666e+003,1.006063e+002
3.204148e+003,1.006119e+002
3.204630e+003,1.006206e+002
3.205112e+003,1.006328e+002
3.205594e+003,1.006479e+002
3.206077e+003,1.006644e+002
3.206559e+003,1.006803e+002
3.207041e+003,1.006935e+002
3.207523e+003,1.007028e+002
3.208005e+003,1.007079e+002
3.208487e+003,1.007098e+002
3.208969e+003,1.007100e+002
3.209451e+003,1.007102e+002
3.209934e+003,1.007110e+002
3.210416e+003,1.007123e+002
3.210898e+003,1.007127e+002
3.211380e+003,1.007105e+002
3.211862e+003,1.007044e+002
3.212344e+003,1.006938e+002
3.212826e+003,1.006797e+002
3.213308e+003,1.006638e+002
3.213791e+003,1.006485e+002
3.214273e+003,1.006364e+002
3.214755e+003,1.006293e+002
3.215237e+003,1.006285e+002
3.215719e+003,1.006341e+002
3.216201e+003,1.006459e+002
3.216683e+003,1.006629e+002
3.217165e+003,1.006839e+002
3.217647e+003,1.007069e+002
3.218130e+003,1.007301e+002
3.218612e+003,1.007509e+002
3.219094e+003,1.007672e+002
3.219576e+003,1.007773e+002
3.220058e+003,1.007807e+002
3.220540e+003,1.007776e+002
3.221022e+003,1.007694e+002
3.221504e+003,1.007576e+002
3.221987e+003,1.007439e+002
3.222469e+003,1.007294e+002
3.222951e+003,1.007146e+002
3.223433e+003,1.006997e+002
3.223915e+003,1.006852e+002
3.224397e+003,1.006716e+002
3.224879e+003,1.006601e+002
3.225361e+003,1.006519e+002
3.225844e+003,1.006482e+002
3.226325e+003,1.006493e+002
3.226808e+003,1.006546e+002
3.227290e+003,1.006626e+002
3.227772e+003,1.006716e+002
3.228254e+003,1.006799e+002
3.228736e+003,1.006862e+002
3.229218e+003,1.006905e+002
3.229700e+003,1.006931e+002
3.230182e+003,1.006950e+002
3.230665e+003,1.006968e+002
3.231147e+003,1.006989e+002
3.231629e+003,1.007009e+002
3.232111e+003,1.007020e+002
3.232593e+003,1.007011e+002
3.233075e+003,1.006972e+002
3.233557e+003,1.006898e+002
3.234039e+003,1.006793e+002
3.234521e+003,1.006670e+002
3.235004e+003,1.006548e+002
3.235486e+003,1.006455e+002
3.235968e+003,1.006412e+002
3.236450e+003,1.006438e+002
3.236932e+003,1.006534e+002
3.237414e+003,1.006689e+002
3.237896e+003,1.006876e+002
3.238378e+003,1.007064e+002
3.238861e+003,1.007223e+002
3.239343e+003,1.007332e+002
3.239825e+003,1.007388e+002
3.240307e+003,1.007398e+002
3.240789e+003,1.007379e+002
3.241271e+003,1.007347e+002
3.241753e+003,1.007310e+002
3.242235e+003,1.007270e+002
3.242718e+003,1.007225e+002
3.243200e+003,1.007173e+002
3.243682e+003,1.007126e+002
3.244164e+003,1.007104e+002
3.244646e+003,1.007132e+002
3.245128e+003,1.007232e+002
3.245610e+003,1.007412e+002
3.246092e+003,1.007656e+002
3.246574e+003,1.007926e+002
3.247057e+003,1.008174e+002
3.247539e+003,1.008352e+002
3.248021e+003,1.008427e+002
3.248503e+003,1.008391e+002
3.248985e+003,1.008264e+002
3.249467e+003,1.008079e+002
3.249949e+003,1.007878e+002
3.250431e+003,1.007696e+002
3.250914e+003,1.007554e+002
3.251396e+003,1.007455e+002
3.251878e+003,1.007393e+002
3.252360e+003,1.007356e+002
3.252842e+003,1.007333e+002
3.253324e+003,1.007318e+002
3.253806e+003,1.007312e+002
3.254288e+003,1.007316e+002
3.254771e+003,1.007333e+002
3.255252e+003,1.007363e+002
3.255735e+003,1.007404e+002
3.256217e+003,1.007451e+002
3.256699e+003,1.007500e+002
3.257181e+003,1.007549e+002
3.257663e+003,1.007597e+002
3.258145e+003,1.007644e+002
3.258627e+003,1.007690e+002
3.259109e+003,1.007734e+002
3.259592e+003,1.007774e+002
3.260074e+003,1.007809e+002
3.260556e+003,1.007839e+002
3.261038e+003,1.007865e+002
3.261520e+003,1.007890e+002
3.262002e+003,1.007918e+002
3.262484e+003,1.007950e+002
3.262966e+003,1.007985e+002
3.263448e+003,1.008021e+002
3.263931e+003,1.008049e+002
3.264413e+003,1.008063e+002
3.264895e+003,1.008053e+002
3.265377e+003,1.008015e+002
3.265859e+003,1.007949e+002
3.266341e+003,1.007862e+002
3.266823e+003,1.007766e+002
3.267305e+003,1.007674e+002
3.267788e+003,1.007599e+002
3.268270e+003,1.007545e+002
3.268752e+003,1.007511e+002
3.269234e+003,1.007489e+002
3.269716e+003,1.007471e+002
3.270198e+003,1.007449e+002
3.270680e+003,1.007426e+002
3.271162e+003,1.007414e+002
3.271645e+003,1.007433e+002
3.272127e+003,1.007503e+002
3.272609e+003,1.007639e+002
3.273091e+003,1.007843e+002
3.273573e+003,1.008100e+002
3.274055e+003,1.008381e+002
3.274537e+003,1.008645e+002
3.275019e+003,1.008853e+002
3.275501e+003,1.008977e+002
3.275984e+003,1.009001e+002
3.276466e+003,1.008926e+002
3.276948e+003,1.008771e+002
3.277430e+003,1.008562e+002
3.277912e+003,1.008330e+002
3.278394e+003,1.008101e+002
3.278876e+003,1.007895e+002
3.279358e+003,1.007723e+002
3.279841e+003,1.007589e+002
3.280323e+003,1.007492e+002
3.280805e+003,1.007428e+002
3.281287e+003,1.007393e+002
3.281769e+003,1.007384e+002
3.282251e+003,1.007398e+002
3.282733e+003,1.007433e+002
3.283215e+003,1.007482e+002
3.283698e+003,1.007536e+002
3.284179e+003,1.007583e+002
3.284662e+003,1.007609e+002
3.285144e+003,1.007605e+002
3.285626e+003,1.007564e+002
3.286108e+003,1.007491e+002
3.286590e+003,1.007394e+002
3.287072e+003,1.007291e+002
3.287554e+003,1.007198e+002
3.288036e+003,1.007128e+002
3.288519e+003,1.007089e+002
3.289001e+003,1.007085e+002
3.289483e+003,1.007112e+002
3.289965e+003,1.007166e+002
3.290447e+003,1.007246e+002
3.290929e+003,1.007349e+002
3.291411e+003,1.007477e+002
3.291893e+003,1.007628e+002
3.292375e+003,1.007796e+002
3.292858e+003,1.007967e+002
3.293340e+003,1.008122e+002
3.293822e+003,1.008242e+002
3.294304e+003,1.008304e+002
3.294786e+003,1.008298e+002
3.295268e+003,1.008224e+002
3.295750e+003,1.008094e+002
3.296232e+003,1.007933e+002
3.296715e+003,1.007773e+002
3.297197e+003,1.007644e+002
3.297679e+003,1.007572e+002
3.298161e+003,1.007567e+002
3.298643e+003,1.007625e+002
3.299125e+003,1.007724e+002
3.299607e+003,1.007835e+002
3.300089e+003,1.007924e+002
3.300572e+003,1.007968e+002
3.301054e+003,1.007954e+002
3.301536e+003,1.007888e+002
3.302018e+003,1.007793e+002
3.302500e+003,1.007697e+002
3.302982e+003,1.007628e+002
3.303464e+003,1.007605e+002
3.303946e+003,1.007632e+002
3.304428e+003,1.007694e+002
3.304911e+003,1.007770e+002
3.305393e+003,1.007831e+002
3.305875e+003,1.007853e+002
3.306357e+003,1.007827e+002
3.306839e+003,1.007751e+002
3.307321e+003,1.007640e+002
3.307803e+003,1.007512e+002
3.308285e+003,1.007388e+002
3.308768e+003,1.007287e+002
3.309250e+003,1.007219e+002
3.309732e+003,1.007189e+002
3.310214e+003,1.007193e+002
3.310696e+003,1.007225e+002
3.311178e+003,1.007277e+002
3.311660e+003,1.007337e+002
3.312142e+003,1.007394e+002
3.312625e+003,1.007439e+002
3.313106e+003,1.007464e+002
3.313589e+003,1.007465e+002
3.314071e+003,1.007445e+002
3.314553e+003,1.007410e+002
3.315035e+003,1.007372e+002
3.315517e+003,1.007345e+002
3.315999e+003,1.007344e+002
3.316481e+003,1.007380e+002
3.316963e+003,1.007459e+002
3.317446e+003,1.007579e+002
3.317928e+003,1.007731e+002
3.318410e+003,1.007900e+002
3.318892e+003,1.008065e+002
3.319374e+003,1.008209e+002
3.319856e+003,1.008317e+002
3.320338e+003,1.008383e+002
3.320820e+003,1.008411e+002
3.321302e+003,1.008414e+002
3.321785e+003,1.008410e+002
3.322267e+003,1.008419e+002
3.322749e+003,1.008453e+002
3.323231e+003,1.008515e+002
3.323713e+003,1.008597e+002
3.324195e+003,1.008679e+002
3.324677e+003,1.008736e+002
3.325159e+003,1.008747e+002
3.325642e+003,1.008699e+002
3.326124e+003,1.008595e+002
3.326606e+003,1.008450e+002
3.327088e+003,1.008289e+002
3.327570e+003,1.008141e+002
3.328052e+003,1.008030e+002
3.328534e+003,1.007968e+002
3.329016e+003,1.007959e+002
3.329499e+003,1.007995e+002
3.329981e+003,1.008060e+002
3.330463e+003,1.008139e+002
3.330945e+003,1.008219e+002
3.331427e+003,1.008290e+002
3.331909e+003,1.008342e+002
3.332391e+003,1.008370e+002
3.332873e+003,1.008367e+002
3.333355e+003,1.008327e+002
3.333838e+003,1.008249e+002
3.334320e+003,1.008138e+002
3.334802e+003,1.008009e+002
3.335284e+003,1.007884e+002
3.335766e+003,1.007789e+002
3.336248e+003,1.007745e+002
3.336730e+003,1.007765e+002
3.337212e+003,1.007849e+002
3.337695e+003,1.007980e+002
3.338177e+003,1.008135e+002
3.338659e+003,1.008283e+002
3.339141e+003,1.008401e+002
3.339623e+003,1.008473e+002
3.340105e+003,1.008497e+002
3.340587e+003,1.008481e+002
3.341069e+003,1.008439e+002
3.341552e+003,1.008389e+002
3.342033e+003,1.008344e+002
3.342516e+003,1.008312e+002
3.342998e+003,1.008295e+002
3.343480e+003,1.008288e+002
3.343962e+003,1.008286e+002
3.344444e+003,1.008286e+002
3.344926e+003,1.008290e+002
3.345408e+003,1.008302e+002
3.345890e+003,1.008333e+002
3.346373e+003,1.008391e+002
3.346855e+003,1.008477e+002
3.347337e+003,1.008585e+002
3.347819e+003,1.008698e+002
3.348301e+003,1.008791e+002
3.348783e+003,1.008840e+002
3.349265e+003,1.008825e+002
3.349747e+003,1.008744e+002
3.350229e+003,1.008605e+002
3.350712e+003,1.008434e+002
3.351194e+003,1.008260e+002
3.351676e+003,1.008109e+002
3.352158e+003,1.007996e+002
3.352640e+003,1.007924e+002
3.353122e+003,1.007884e+002
3.353604e+003,1.007866e+002
3.354086e+003,1.007861e+002
3.354569e+003,1.007868e+002
3.355051e+003,1.007894e+002
3.355533e+003,1.007944e+002
3.356015e+003,1.008022e+002
3.356497e+003,1.008119e+002
3.356979e+003,1.008220e+002
3.357461e+003,1.008307e+002
3.357943e+003,1.008367e+002
3.358426e+003,1.008399e+002
3.358908e+003,1.008415e+002
3.359390e+003,1.008433e+002
3.359872e+003,1.008474e+002
3.360354e+003,1.008550e+002
3.360836e+003,1.008660e+002
3.361318e+003,1.008790e+002
3.361800e+003,1.008919e+002
3.362282e+003,1.009026e+002
3.362765e+003,1.009098e+002
3.363247e+003,1.009127e+002
3.363729e+003,1.009116e+002
3.364211e+003,1.009072e+002
3.364693e+003,1.009003e+002
3.365175e+003,1.008915e+002
3.365657e+003,1.008819e+002
3.366139e+003,1.008723e+002
3.366622e+003,1.008642e+002
3.367104e+003,1.008589e+002
3.367586e+003,1.008576e+002
3.368068e+003,1.008606e+002
3.368550e+003,1.008673e+002
3.369032e+003,1.008765e+002
3.369514e+003,1.008867e+002
3.369996e+003,1.008964e+002
3.370479e+003,1.009048e+002
3.370961e+003,1.009116e+002
3.371443e+003,1.009167e+002
3.371925e+003,1.009201e+002
3.372407e+003,1.009213e+002
3.372889e+003,1.009198e+002
3.373371e+003,1.009154e+002
3.373853e+003,1.009082e+002
3.374335e+003,1.008994e+002
3.374818e+003,1.008904e+002
3.375300e+003,1.008827e+002
3.375782e+003,1.008771e+002
3.376264e+003,1.008732e+002
3.376746e+003,1.008698e+002
3.377228e+003,1.008654e+002
3.377710e+003,1.008586e+002
3.378192e+003,1.008495e+002
3.378675e+003,1.008392e+002
3.379156e+003,1.008298e+002
3.379639e+003,1.008236e+002
3.380121e+003,1.008222e+002
3.380603e+003,1.008264e+002
3.381085e+003,1.008356e+002
3.381567e+003,1.008488e+002
3.382049e+003,1.008649e+002
3.382531e+003,1.008828e+002
3.383013e+003,1.009017e+002
3.383496e+003,1.009208e+002
3.383978e+003,1.009388e+002
3.384460e+003,1.009539e+002
3.384942e+003,1.009644e+002
3.385424e+003,1.009685e+002
3.385906e+003,1.009658e+002
3.386388e+003,1.009565e+002
3.386870e+003,1.009425e+002
3.387353e+003,1.009261e+002
3.387835e+003,1.009098e+002
3.388317e+003,1.008957e+002
3.388799e+003,1.008850e+002
3.389281e+003,1.008782e+002
3.389763e+003,1.008751e+002
3.390245e+003,1.008750e+002
3.390727e+003,1.008771e+002
3.391209e+003,1.008805e+002
3.391692e+003,1.008847e+002
3.392174e+003,1.008896e+002
3.392656e+003,1.008955e+002
3.393138e+003,1.009033e+002
3.393620e+003,1.009137e+002
3.394102e+003,1.009268e+002
3.394584e+003,1.009417e+002
3.395066e+003,1.009560e+002
3.395549e+003,1.009663e+002
3.396031e+003,1.009695e+002
3.396513e+003,1.009638e+002
3.396995e+003,1.009497e+002
3.397477e+003,1.009306e+002
3.397959e+003,1.009119e+002
3.398441e+003,1.008991e+002
3.398923e+003,1.008960e+002
3.399406e+003,1.009032e+002
3.399888e+003,1.009181e+002
3.400370e+003,1.009352e+002
3.400852e+003,1.009485e+002
3.401334e+003,1.009531e+002
3.401816e+003,1.009468e+002
3.402298e+003,1.009307e+002
3.402780e+003,1.009078e+002
3.403262e+003,1.008817e+002
3.403745e+003,1.008556e+002
3.404227e+003,1.008311e+002
3.404709e+003,1.008088e+002
3.405191e+003,1.007884e+002
3.405673e+003,1.007704e+002
3.406155e+003,1.007557e+002
3.406637e+003,1.007458e+002
3.407119e+003,1.007423e+002
3.407602e+003,1.007455e+002
3.408083e+003,1.007545e+002
3.408566e+003,1.007673e+002
3.409048e+003,1.007811e+002
3.409530e+003,1.007936e+002
3.410012e+003,1.008032e+002
3.410494e+003,1.008098e+002
3.410976e+003,1.008131e+002
3.411458e+003,1.008136e+002
3.411940e+003,1.008115e+002
3.412423e+003,1.008064e+002
3.412905e+003,1.007981e+002
3.413387e+003,1.007865e+002
3.413869e+003,1.007723e+002
3.414351e+003,1.007573e+002
3.414833e+003,1.007438e+002
3.415315e+003,1.007339e+002
3.415797e+003,1.007293e+002
3.416280e+003,1.007303e+002
3.416762e+003,1.007363e+002
3.417244e+003,1.007457e+002
3.417726e+003,1.007562e+002
3.418208e+003,1.007660e+002
3.418690e+003,1.007737e+002
3.419172e+003,1.007783e+002
3.419654e+003,1.007798e+002
3.420136e+003,1.007789e+002
3.420619e+003,1.007766e+002
3.421101e+003,1.007739e+002
3.421583e+003,1.007718e+002
3.422065e+003,1.007705e+002
3.422547e+003,1.007699e+002
3.423029e+003,1.007690e+002
3.423511e+003,1.007665e+002
3.423993e+003,1.007618e+002
3.424476e+003,1.007546e+002
3.424958e+003,1.007458e+002
3.425440e+003,1.007369e+002
3.425922e+003,1.007297e+002
3.426404e+003,1.007256e+002
3.426886e+003,1.007251e+002
3.427368e+003,1.007278e+002
3.427850e+003,1.007323e+002
3.428333e+003,1.007372e+002
3.428815e+003,1.007414e+002
3.429297e+003,1.007446e+002
3.429779e+003,1.007472e+002
3.430261e+003,1.007500e+002
3.430743e+003,1.007540e+002
3.431225e+003,1.007596e+002
3.431707e+003,1.007667e+002
3.432189e+003,1.007748e+002
3.432672e+003,1.007834e+002
3.433154e+003,1.007916e+002
3.433636e+003,1.007991e+002
3.434118e+003,1.008053e+002
3.434600e+003,1.008096e+002
3.435082e+003,1.008119e+002
3.435564e+003,1.008121e+002
3.436046e+003,1.008112e+002
3.436529e+003,1.008107e+002
3.437010e+003,1.008125e+002
3.437493e+003,1.008183e+002
3.437975e+003,1.008286e+002
3.438457e+003,1.008420e+002
3.438939e+003,1.008556e+002
3.439421e+003,1.008649e+002
3.439903e+003,1.008663e+002
3.440385e+003,1.008575e+002
3.440867e+003,1.008389e+002
3.441350e+003,1.008139e+002
3.441832e+003,1.007876e+002
3.442314e+003,1.007655e+002
3.442796e+003,1.007518e+002
3.443278e+003,1.007475e+002
3.443760e+003,1.007507e+002
3.444242e+003,1.007574e+002
3.444724e+003,1.007623e+002
3.445207e+003,1.007616e+002
3.445689e+003,1.007533e+002
3.446171e+003,1.007383e+002
3.446653e+003,1.007200e+002
3.447135e+003,1.007028e+002
3.447617e+003,1.006908e+002
3.448099e+003,1.006860e+002
3.448581e+003,1.006880e+002
3.449063e+003,1.006943e+002
3.449546e+003,1.007016e+002
3.450028e+003,1.007067e+002
3.450510e+003,1.007077e+002
3.450992e+003,1.007049e+002
3.451474e+003,1.006999e+002
3.451956e+003,1.006953e+002
3.452438e+003,1.006933e+002
3.452920e+003,1.006948e+002
3.453403e+003,1.006988e+002
3.453885e+003,1.007029e+002
3.454367e+003,1.007041e+002
3.454849e+003,1.007004e+002
3.455331e+003,1.006918e+002
3.455813e+003,1.006809e+002
3.456295e+003,1.006719e+002
3.456777e+003,1.006698e+002
3.457260e+003,1.006782e+002
3.457742e+003,1.006981e+002
3.458224e+003,1.007271e+002
3.458706e+003,1.007601e+002
3.459188e+003,1.007908e+002
3.459670e+003,1.008133e+002
3.460152e+003,1.008240e+002
3.460634e+003,1.008226e+002
3.461116e+003,1.008117e+002
3.461599e+003,1.007960e+002
3.462081e+003,1.007806e+002
3.462563e+003,1.007695e+002
3.463045e+003,1.007645e+002
3.463527e+003,1.007654e+002
3.464009e+003,1.007700e+002
3.464491e+003,1.007755e+002
3.464973e+003,1.007797e+002
3.465456e+003,1.007811e+002
3.465938e+003,1.007796e+002
3.466420e+003,1.007762e+002
3.466902e+003,1.007720e+002
3.467384e+003,1.007678e+002
3.467866e+003,1.007636e+002
3.468348e+003,1.007587e+002
3.468830e+003,1.007518e+002
3.469313e+003,1.007424e+002
3.469794e+003,1.007306e+002
3.470277e+003,1.007178e+002
3.470759e+003,1.007064e+002
3.471241e+003,1.006988e+002
3.471723e+003,1.006964e+002
3.472205e+003,1.006992e+002
3.472687e+003,1.007054e+002
3.473169e+003,1.007121e+002
3.473651e+003,1.007163e+002
3.474134e+003,1.007162e+002
3.474616e+003,1.007117e+002
3.475098e+003,1.007050e+002
3.475580e+003,1.006996e+002
3.476062e+003,1.006987e+002
3.476544e+003,1.007047e+002
3.477026e+003,1.007175e+002
3.477508e+003,1.007353e+002
3.477990e+003,1.007548e+002
3.478473e+003,1.007720e+002
3.478955e+003,1.007838e+002
3.479437e+003,1.007878e+002
3.479919e+003,1.007832e+002
3.480401e+003,1.007705e+002
3.480883e+003,1.007513e+002
3.481365e+003,1.007283e+002
3.481847e+003,1.007052e+002
3.482330e+003,1.006862e+002
3.482812e+003,1.006750e+002
3.483294e+003,1.006745e+002
3.483776e+003,1.006855e+002
3.484258e+003,1.007064e+002
3.484740e+003,1.007331e+002
3.485222e+003,1.007604e+002
3.485704e+003,1.007828e+002
3.486187e+003,1.007967e+002
3.486669e+003,1.008010e+002
3.487151e+003,1.007970e+002
3.487633e+003,1.007881e+002
3.488115e+003,1.007777e+002
3.488597e+003,1.007683e+002
3.489079e+003,1.007605e+002
3.489561e+003,1.007532e+002
3.490043e+003,1.007452e+002
3.490526e+003,1.007353e+002
3.491008e+003,1.007237e+002
3.491490e+003,1.007118e+002
3.491972e+003,1.007015e+002
3.492454e+003,1.006942e+002
3.492936e+003,1.006910e+002
3.493418e+003,1.006916e+002
3.493900e+003,1.006956e+002
3.494383e+003,1.007027e+002
3.494865e+003,1.007128e+002
3.495347e+003,1.007261e+002
3.495829e+003,1.007426e+002
3.496311e+003,1.007610e+002
3.496793e+003,1.007792e+002
3.497275e+003,1.007942e+002
3.497757e+003,1.008035e+002
3.498240e+003,1.008058e+002
3.498721e+003,1.008018e+002
3.499204e+003,1.007942e+002
3.499686e+003,1.007856e+002
3.500168e+003,1.007783e+002
3.500650e+003,1.007726e+002
3.501132e+003,1.007672e+002
3.501614e+003,1.007599e+002
3.502096e+003,1.007491e+002
3.502578e+003,1.007354e+002
3.503061e+003,1.007216e+002
3.503543e+003,1.007121e+002
3.504025e+003,1.007107e+002
3.504507e+003,1.007187e+002
3.504989e+003,1.007341e+002
3.505471e+003,1.007514e+002
3.505953e+003,1.007637e+002
3.506435e+003,1.007645e+002
3.506917e+003,1.007505e+002
3.507400e+003,1.007222e+002
3.507882e+003,1.006845e+002
3.508364e+003,1.006455e+002
3.508846e+003,1.006138e+002
3.509328e+003,1.005966e+002
3.509810e+003,1.005975e+002
3.510292e+003,1.006156e+002
3.510774e+003,1.006466e+002
3.511257e+003,1.006839e+002
3.511739e+003,1.007215e+002
3.512221e+003,1.007547e+002
3.512703e+003,1.007818e+002
3.513185e+003,1.008034e+002
3.513667e+003,1.008212e+002
3.514149e+003,1.008374e+002
3.514631e+003,1.008528e+002
3.515114e+003,1.008666e+002
3.515596e+003,1.008767e+002
3.516078e+003,1.008809e+002
3.516560e+003,1.008776e+002
3.517042e+003,1.008676e+002
3.517524e+003,1.008539e+002
3.518006e+003,1.008407e+002
3.518488e+003,1.008324e+002
3.518970e+003,1.008318e+002
3.519453e+003,1.008385e+002
3.519935e+003,1.008498e+002
3.520417e+003,1.008607e+002
3.520899e+003,1.008667e+002
3.521381e+003,1.008647e+002
3.521863e+003,1.008547e+002
3.522345e+003,1.008396e+002
3.522827e+003,1.008237e+002
3.523310e+003,1.008114e+002
3.523792e+003,1.008049e+002
3.524274e+003,1.008038e+002
3.524756e+003,1.008051e+002
3.525238e+003,1.008050e+002
3.525720e+003,1.008003e+002
3.526202e+003,1.007901e+002
3.526684e+003,1.007760e+002
3.527167e+003,1.007610e+002
3.527648e+003,1.007486e+002
3.528131e+003,1.007407e+002
3.528613e+003,1.007373e+002
3.529095e+003,1.007365e+002
3.529577e+003,1.007351e+002
3.530059e+003,1.007304e+002
3.530541e+003,1.007215e+002
3.531023e+003,1.007097e+002
3.531505e+003,1.006979e+002
3.531988e+003,1.006901e+002
3.532470e+003,1.006897e+002
3.532952e+003,1.006984e+002
3.533434e+003,1.007165e+002
3.533916e+003,1.007419e+002
3.534398e+003,1.007718e+002
3.534880e+003,1.008033e+002
3.535362e+003,1.008343e+002
3.535844e+003,1.008642e+002
3.536327e+003,1.008934e+002
3.536809e+003,1.009229e+002
3.537291e+003,1.009522e+002
3.537773e+003,1.009794e+002
3.538255e+003,1.010002e+002
3.538737e+003,1.010092e+002
3.539219e+003,1.010011e+002
3.539701e+003,1.009731e+002
3.540184e+003,1.009259e+002
3.540666e+003,1.008653e+002
3.541148e+003,1.008004e+002
3.541630e+003,1.007419e+002
3.542112e+003,1.006992e+002
3.542594e+003,1.006773e+002
3.543076e+003,1.006755e+002
3.543558e+003,1.006872e+002
3.544041e+003,1.007022e+002
3.544523e+003,1.007098e+002
3.545005e+003,1.007019e+002
3.545487e+003,1.006759e+002
3.545969e+003,1.006349e+002
3.546451e+003,1.005871e+002
3.546933e+003,1.005423e+002
3.547415e+003,1.005093e+002
3.547897e+003,1.004931e+002
3.548380e+003,1.004946e+002
3.548862e+003,1.005105e+002
3.549344e+003,1.005350e+002
3.549826e+003,1.005617e+002
3.550308e+003,1.005847e+002
3.550790e+003,1.006001e+002
3.551272e+003,1.006069e+002
3.551754e+003,1.006068e+002
3.552237e+003,1.006043e+002
3.552719e+003,1.006045e+002
3.553201e+003,1.006118e+002
3.553683e+003,1.006286e+002
3.554165e+003,1.006555e+002
3.554647e+003,1.006912e+002
3.555129e+003,1.007339e+002
3.555611e+003,1.007822e+002
3.556094e+003,1.008354e+002
3.556575e+003,1.008939e+002
3.557058e+003,1.009580e+002
3.557540e+003,1.010269e+002
3.558022e+003,1.010969e+002
3.558504e+003,1.011611e+002
3.558986e+003,1.012103e+002
3.559468e+003,1.012347e+002
3.559950e+003,1.012275e+002
3.560432e+003,1.011875e+002
3.560915e+003,1.011202e+002
3.561397e+003,1.010374e+002
3.561879e+003,1.009544e+002
3.562361e+003,1.008858e+002
3.562843e+003,1.008416e+002
3.563325e+003,1.008248e+002
3.563807e+003,1.008305e+002
3.564289e+003,1.008479e+002
3.564771e+003,1.008633e+002
3.565254e+003,1.008642e+002
3.565736e+003,1.008440e+002
3.566218e+003,1.008048e+002
3.566700e+003,1.007573e+002
3.567182e+003,1.007166e+002
3.567664e+003,1.006954e+002
3.568146e+003,1.006981e+002
3.568628e+003,1.007197e+002
3.569111e+003,1.007495e+002
3.569593e+003,1.007754e+002
3.570075e+003,1.007880e+002
3.570557e+003,1.007817e+002
3.571039e+003,1.007551e+002
3.571521e+003,1.007109e+002
3.572003e+003,1.006548e+002
3.572485e+003,1.005947e+002
3.572968e+003,1.005388e+002
3.573450e+003,1.004954e+002
3.573932e+003,1.004712e+002
3.574414e+003,1.004703e+002
3.574896e+003,1.004948e+002
3.575378e+003,1.005440e+002
3.575860e+003,1.006159e+002
3.576342e+003,1.007070e+002
3.576824e+003,1.008132e+002
3.577307e+003,1.009299e+002
3.577789e+003,1.010516e+002
3.578271e+003,1.011719e+002
3.578753e+003,1.012826e+002
3.579235e+003,1.013748e+002
3.579717e+003,1.014396e+002
3.580199e+003,1.014708e+002
3.580681e+003,1.014663e+002
3.581164e+003,1.014300e+002
3.581646e+003,1.013723e+002
3.582128e+003,1.013081e+002
3.582610e+003,1.012533e+002
3.583092e+003,1.012218e+002
3.583574e+003,1.012209e+002
3.584056e+003,1.012501e+002
3.584538e+003,1.013008e+002
3.585021e+003,1.013586e+002
3.585502e+003,1.014072e+002
3.585985e+003,1.014338e+002
3.586467e+003,1.014338e+002
3.586949e+003,1.014132e+002
3.587431e+003,1.013862e+002
3.587913e+003,1.013683e+002
3.588395e+003,1.013684e+002
3.588877e+003,1.013844e+002
3.589359e+003,1.014054e+002
3.589842e+003,1.014169e+002
3.590324e+003,1.014058e+002
3.590806e+003,1.013643e+002
3.591288e+003,1.012911e+002
3.591770e+003,1.011910e+002
3.592252e+003,1.010739e+002
3.592734e+003,1.009535e+002
3.593216e+003,1.008456e+002
3.593698e+003,1.007653e+002
3.594181e+003,1.007252e+002
3.594663e+003,1.007322e+002
3.595145e+003,1.007863e+002
3.595627e+003,1.008801e+002
3.596109e+003,1.010004e+002
3.596591e+003,1.011308e+002
3.597073e+003,1.012555e+002
3.597555e+003,1.013627e+002
3.598038e+003,1.014468e+002
3.598520e+003,1.015089e+002
3.599002e+003,1.015553e+002
3.599484e+003,1.015940e+002
3.599966e+003,1.016317e+002
3.600448e+003,1.016709e+002
3.600930e+003,1.017091e+002
3.601412e+003,1.017403e+002
3.601895e+003,1.017581e+002
3.602377e+003,1.017591e+002
3.602859e+003,1.017449e+002
3.603341e+003,1.017220e+002
3.603823e+003,1.016992e+002
3.604305e+003,1.016833e+002
3.604787e+003,1.016753e+002
3.605269e+003,1.016689e+002
3.605751e+003,1.016515e+002
3.606234e+003,1.016081e+002
3.606716e+003,1.015273e+002
3.607198e+003,1.014070e+002
3.607680e+003,1.012579e+002
3.608162e+003,1.011021e+002
3.608644e+003,1.009672e+002
3.609126e+003,1.008768e+002
3.609608e+003,1.008430e+002
3.610091e+003,1.008629e+002
3.610573e+003,1.009196e+002
3.611055e+003,1.009874e+002
3.611537e+003,1.010375e+002
3.612019e+003,1.010461e+002
3.612501e+003,1.010017e+002
3.612983e+003,1.009092e+002
3.613465e+003,1.007890e+002
3.613948e+003,1.006705e+002
3.614429e+003,1.005822e+002
3.614912e+003,1.005446e+002
3.615394e+003,1.005660e+002
3.615876e+003,1.006421e+002
3.616358e+003,1.007585e+002
3.616840e+003,1.008962e+002
3.617322e+003,1.010387e+002
3.617804e+003,1.011791e+002
3.618286e+003,1.013237e+002
3.618769e+003,1.014886e+002
3.619251e+003,1.016907e+002
3.619733e+003,1.019346e+002
3.620215e+003,1.022043e+002
3.620697e+003,1.024629e+002
3.621179e+003,1.026620e+002
3.621661e+003,1.027570e+002
3.622143e+003,1.027222e+002
3.622625e+003,1.025600e+002
3.623108e+003,1.023018e+002
3.623590e+003,1.020004e+002
3.624072e+003,1.017164e+002
3.624554e+003,1.015015e+002
3.625036e+003,1.013862e+002
3.625518e+003,1.013731e+002
3.626000e+003,1.014382e+002
3.626482e+003,1.015384e+002
3.626965e+003,1.016239e+002
3.627447e+003,1.016531e+002
3.627929e+003,1.016103e+002
3.628411e+003,1.015174e+002
3.628893e+003,1.014293e+002
3.629375e+003,1.014022e+002
3.629857e+003,1.014572e+002
3.630339e+003,1.015699e+002
3.630822e+003,1.016900e+002
3.631304e+003,1.017663e+002
3.631786e+003,1.017633e+002
3.632268e+003,1.016676e+002
3.632750e+003,1.014887e+002
3.633232e+003,1.012564e+002
3.633714e+003,1.010116e+002
3.634196e+003,1.007952e+002
3.634678e+003,1.006357e+002
3.635161e+003,1.005431e+002
3.635643e+003,1.005110e+002
3.636125e+003,1.005241e+002
3.636607e+003,1.005676e+002
3.637089e+003,1.006341e+002
3.637571e+003,1.007259e+002
3.638053e+003,1.008510e+002
3.638535e+003,1.010165e+002
3.639018e+003,1.012209e+002
3.639500e+003,1.014503e+002
3.639982e+003,1.016794e+002
3.640464e+003,1.018776e+002
3.640946e+003,1.020182e+002
3.641428e+003,1.020863e+002
3.641910e+003,1.020828e+002
3.642392e+003,1.020224e+002
3.642875e+003,1.019271e+002
3.643356e+003,1.018191e+002
3.643839e+003,1.017148e+002
3.644321e+003,1.016232e+002
3.644803e+003,1.015484e+002
3.645285e+003,1.014918e+002
3.645767e+003,1.014554e+002
3.646249e+003,1.014424e+002
3.646731e+003,1.014554e+002
3.647213e+003,1.014921e+002
3.647696e+003,1.015410e+002
3.648178e+003,1.015792e+002
3.648660e+003,1.015774e+002
3.649142e+003,1.015117e+002
3.649624e+003,1.013764e+002
3.650106e+003,1.011896e+002
3.650588e+003,1.009865e+002
3.651070e+003,1.008036e+002
3.651552e+003,1.006643e+002
3.652035e+003,1.005722e+002
3.652517e+003,1.005133e+002
3.652999e+003,1.004621e+002
3.653481e+003,1.003895e+002
3.653963e+003,1.002719e+002
3.654445e+003,1.000999e+002
3.654927e+003,9.988682e+001
3.655409e+003,9.967023e+001
3.655892e+003,9.950532e+001
3.656374e+003,9.944645e+001
3.656856e+003,9.952529e+001
3.657338e+003,9.973747e+001
3.657820e+003,1.000446e+002
3.658302e+003,1.003888e+002
3.658784e+003,1.007113e+002
3.659266e+003,1.009681e+002
3.659749e+003,1.011405e+002
3.660231e+003,1.012373e+002
3.660713e+003,1.012880e+002
3.661195e+003,1.013301e+002
3.661677e+003,1.013933e+002
3.662159e+003,1.014886e+002
3.662641e+003,1.016049e+002
3.663123e+003,1.017159e+002
3.663605e+003,1.017932e+002
3.664088e+003,1.018215e+002
3.664570e+003,1.018074e+002
3.665052e+003,1.017792e+002
3.665534e+003,1.017750e+002
3.666016e+003,1.018274e+002
3.666498e+003,1.019468e+002
3.666980e+003,1.021130e+002
3.667462e+003,1.022757e+002
3.667945e+003,1.023678e+002
3.668427e+003,1.023281e+002
3.668909e+003,1.021292e+002
3.669391e+003,1.017970e+002
3.669873e+003,1.014085e+002
3.670355e+003,1.010613e+002
3.670837e+003,1.008307e+002
3.671319e+003,1.007415e+002
3.671802e+003,1.007681e+002
3.672283e+003,1.008539e+002
3.672766e+003,1.009336e+002
3.673248e+003,1.009514e+002
3.673730e+003,1.008739e+002
3.674212e+003,1.007014e+002
3.674694e+003,1.004754e+002
3.675176e+003,1.002756e+002
3.675658e+003,1.001894e+002
3.676140e+003,1.002635e+002
3.676623e+003,1.004767e+002
3.677105e+003,1.007601e+002
3.677587e+003,1.010389e+002
3.678069e+003,1.012605e+002
3.678551e+003,1.014021e+002
3.679033e+003,1.014667e+002
3.679515e+003,1.014739e+002
3.679997e+003,1.014494e+002
3.680479e+003,1.014146e+002
3.680962e+003,1.013807e+002
3.681444e+003,1.013484e+002
3.681926e+003,1.013126e+002
3.682408e+003,1.012693e+002
3.682890e+003,1.012208e+002
3.683372e+003,1.011771e+002
3.683854e+003,1.011539e+002
3.684336e+003,1.011669e+002
3.684819e+003,1.012270e+002
3.685301e+003,1.013363e+002
3.685783e+003,1.014876e+002
3.686265e+003,1.016662e+002
3.686747e+003,1.018529e+002
3.687229e+003,1.020288e+002
3.687711e+003,1.021802e+002
3.688193e+003,1.023030e+002
3.688676e+003,1.024010e+002
3.689158e+003,1.024801e+002
3.689640e+003,1.025411e+002
3.690122e+003,1.025776e+002
3.690604e+003,1.025799e+002
3.691086e+003,1.025407e+002
3.691568e+003,1.024592e+002
3.692050e+003,1.023419e+002
3.692532e+003,1.022005e+002
3.693015e+003,1.020486e+002
3.693497e+003,1.018979e+002
3.693979e+003,1.017558e+002
3.694461e+003,1.016245e+002
3.694943e+003,1.015026e+002
3.695425e+003,1.013882e+002
3.695907e+003,1.012826e+002
3.696389e+003,1.011932e+002
3.696872e+003,1.011326e+002
3.697354e+003,1.011161e+002
3.697836e+003,1.011563e+002
3.698318e+003,1.012589e+002
3.698800e+003,1.014192e+002
3.699282e+003,1.016211e+002
3.699764e+003,1.018397e+002
3.700246e+003,1.020477e+002
3.700729e+003,1.022238e+002
3.701211e+003,1.023603e+002
3.701693e+003,1.024645e+002
3.702175e+003,1.025535e+002
3.702657e+003,1.026436e+002
3.703139e+003,1.027412e+002
3.703621e+003,1.028383e+002
3.704103e+003,1.029139e+002
3.704585e+003,1.029414e+002
3.705068e+003,1.028980e+002
3.705550e+003,1.027744e+002
3.706032e+003,1.025796e+002
3.706514e+003,1.023409e+002
3.706996e+003,1.020972e+002
3.707478e+003,1.018881e+002
3.707960e+003,1.017425e+002
3.708442e+003,1.016705e+002
3.708925e+003,1.016615e+002
3.709406e+003,1.016884e+002
3.709889e+003,1.017177e+002
3.710371e+003,1.017216e+002
3.710853e+003,1.016881e+002
3.711335e+003,1.016242e+002
3.711817e+003,1.015514e+002
3.712299e+003,1.014941e+002
3.712781e+003,1.014675e+002
3.713263e+003,1.014716e+002
3.713746e+003,1.014918e+002
3.714228e+003,1.015055e+002
3.714710e+003,1.014902e+002
3.715192e+003,1.014311e+002
3.715674e+003,1.013262e+002
3.716156e+003,1.011882e+002
3.716638e+003,1.010430e+002
3.717120e+003,1.009246e+002
3.717603e+003,1.008669e+002
3.718085e+003,1.008951e+002
3.718567e+003,1.010182e+002
3.719049e+003,1.012258e+002
3.719531e+003,1.014910e+002
3.720013e+003,1.017774e+002
3.720495e+003,1.020495e+002
3.720977e+003,1.022830e+002
3.721459e+003,1.024699e+002
3.721942e+003,1.026178e+002
3.722424e+003,1.027414e+002
3.722906e+003,1.028527e+002
3.723388e+003,1.029529e+002
3.723870e+003,1.030316e+002
3.724352e+003,1.030742e+002
3.724834e+003,1.030713e+002
3.725316e+003,1.030287e+002
3.725799e+003,1.029690e+002
3.726281e+003,1.029248e+002
3.726763e+003,1.029242e+002
3.727245e+003,1.029753e+002
3.727727e+003,1.030587e+002
3.728209e+003,1.031314e+002
3.728691e+003,1.031418e+002
3.729173e+003,1.030479e+002
3.729656e+003,1.028337e+002
3.730138e+003,1.025166e+002
3.730620e+003,1.021450e+002
3.731102e+003,1.017856e+002
3.731584e+003,1.015039e+002
3.732066e+003,1.013460e+002
3.732548e+003,1.013267e+002
3.733030e+003,1.014303e+002
3.733512e+003,1.016222e+002
3.733995e+003,1.018654e+002
3.734477e+003,1.021321e+002
3.734959e+003,1.024073e+002
3.735441e+003,1.026830e+002
3.735923e+003,1.029458e+002
3.736405e+003,1.031659e+002
3.736887e+003,1.032981e+002
3.737369e+003,1.032972e+002
3.737852e+003,1.031405e+002
3.738333e+003,1.028419e+002
3.738816e+003,1.024520e+002
3.739298e+003,1.020445e+002
3.739780e+003,1.016964e+002
3.740262e+003,1.014684e+002
3.740744e+003,1.013927e+002
3.741226e+003,1.014685e+002
3.741708e+003,1.016664e+002
3.742190e+003,1.019362e+002
3.742673e+003,1.022168e+002
3.743155e+003,1.024477e+002
3.743637e+003,1.025882e+002
3.744119e+003,1.026396e+002
3.744601e+003,1.026466e+002
3.745083e+003,1.026595e+002
3.745565e+003,1.026921e+002
3.746047e+003,1.027210e+002
3.746530e+003,1.027120e+002
3.747012e+003,1.026393e+002
3.747494e+003,1.024915e+002
3.747976e+003,1.022721e+002
3.748458e+003,1.020013e+002
3.748940e+003,1.017164e+002
3.749422e+003,1.014675e+002
3.749904e+003,1.013035e+002
3.750386e+003,1.012551e+002
3.750869e+003,1.013225e+002
3.751351e+003,1.014745e+002
3.751833e+003,1.016592e+002
3.752315e+003,1.018203e+002
3.752797e+003,1.019129e+002
3.753279e+003,1.019141e+002
3.753761e+003,1.018264e+002
3.754243e+003,1.016732e+002
3.754726e+003,1.014884e+002
3.755208e+003,1.013055e+002
3.755690e+003,1.011491e+002
3.756172e+003,1.010310e+002
3.756654e+003,1.009518e+002
3.757136e+003,1.009051e+002
3.757618e+003,1.008844e+002
3.758100e+003,1.008878e+002
3.758583e+003,1.009202e+002
3.759065e+003,1.009919e+002
3.759547e+003,1.011134e+002
3.760029e+003,1.012894e+002
3.760511e+003,1.015123e+002
3.760993e+003,1.017599e+002
3.761475e+003,1.019989e+002
3.761957e+003,1.021925e+002
3.762439e+003,1.023095e+002
3.762922e+003,1.023314e+002
3.763404e+003,1.022558e+002
3.763886e+003,1.020979e+002
3.764368e+003,1.018899e+002
3.764850e+003,1.016761e+002
3.765332e+003,1.015028e+002
3.765814e+003,1.014043e+002
3.766296e+003,1.013926e+002
3.766779e+003,1.014553e+002
3.767260e+003,1.015625e+002
3.767743e+003,1.016771e+002
3.768225e+003,1.017667e+002
3.768707e+003,1.018130e+002
3.769189e+003,1.018186e+002
3.769671e+003,1.018044e+002
3.770153e+003,1.017994e+002
3.770635e+003,1.018236e+002
3.771117e+003,1.018782e+002
3.771600e+003,1.019432e+002
3.772082e+003,1.019864e+002
3.772564e+003,1.019757e+002
3.773046e+003,1.018917e+002
3.773528e+003,1.017353e+002
3.774010e+003,1.015291e+002
3.774492e+003,1.013103e+002
3.774974e+003,1.011202e+002
3.775457e+003,1.009917e+002
3.775939e+003,1.009405e+002
3.776421e+003,1.009626e+002
3.776903e+003,1.010370e+002
3.777385e+003,1.011337e+002
3.777867e+003,1.012230e+002
3.778349e+003,1.012836e+002
3.778831e+003,1.013074e+002
3.779313e+003,1.012997e+002
3.779796e+003,1.012729e+002
3.780278e+003,1.012390e+002
3.780760e+003,1.012051e+002
3.781242e+003,1.011731e+002
3.781724e+003,1.011436e+002
3.782206e+003,1.011188e+002
3.782688e+003,1.011031e+002
3.783170e+003,1.011018e+002
3.783653e+003,1.011189e+002
3.784135e+003,1.011556e+002
3.784617e+003,1.012087e+002
3.785099e+003,1.012714e+002
3.785581e+003,1.013340e+002
3.786063e+003,1.013879e+002
3.786545e+003,1.014276e+002
3.787027e+003,1.014533e+002
3.787510e+003,1.014688e+002
3.787992e+003,1.014794e+002
3.788474e+003,1.014889e+002
3.788956e+003,1.014983e+002
3.789438e+003,1.015061e+002
3.789920e+003,1.015118e+002
3.790402e+003,1.015183e+002
3.790884e+003,1.015336e+002
3.791366e+003,1.015702e+002
3.791849e+003,1.016398e+002
3.792331e+003,1.017471e+002
3.792813e+003,1.018832e+002
3.793295e+003,1.020232e+002
3.793777e+003,1.021287e+002
3.794259e+003,1.021572e+002
3.794741e+003,1.020759e+002
3.795223e+003,1.018778e+002
3.795706e+003,1.015919e+002
3.796188e+003,1.012798e+002
3.796670e+003,1.010179e+002
3.797152e+003,1.008701e+002
3.797634e+003,1.008667e+002
3.798116e+003,1.009956e+002
3.798598e+003,1.012061e+002
3.799080e+003,1.014216e+002
3.799563e+003,1.015588e+002
3.800044e+003,1.015538e+002
3.800527e+003,1.013903e+002
3.801009e+003,1.011156e+002
3.801491e+003,1.008290e+002
3.801973e+003,1.006364e+002
3.802455e+003,1.005999e+002
3.802937e+003,1.007162e+002
3.803419e+003,1.009299e+002
3.803901e+003,1.011631e+002
3.804384e+003,1.013418e+002
3.804866e+003,1.014170e+002
3.805348e+003,1.013774e+002
3.805830e+003,1.012558e+002
3.806312e+003,1.011205e+002
3.806794e+003,1.010526e+002
3.807276e+003,1.011105e+002
3.807758e+003,1.013001e+002
3.808240e+003,1.015692e+002
3.808723e+003,1.018303e+002
3.809205e+003,1.019963e+002
3.809687e+003,1.020124e+002
3.810169e+003,1.018730e+002
3.810651e+003,1.016219e+002
3.811133e+003,1.013363e+002
3.811615e+003,1.011004e+002
3.812097e+003,1.009789e+002
3.812580e+003,1.009980e+002
3.813062e+003,1.011394e+002
3.813544e+003,1.013477e+002
3.814026e+003,1.015470e+002
3.814508e+003,1.016662e+002
3.814990e+003,1.016665e+002
3.815472e+003,1.015621e+002
3.815954e+003,1.014151e+002
3.816437e+003,1.013031e+002
3.816919e+003,1.012791e+002
3.817401e+003,1.013503e+002
3.817883e+003,1.014837e+002
3.818365e+003,1.016227e+002
3.818847e+003,1.017062e+002
3.819329e+003,1.016856e+002
3.819811e+003,1.015427e+002
3.820293e+003,1.013030e+002
3.820776e+003,1.010364e+002
3.821258e+003,1.008345e+002
3.821740e+003,1.007679e+002
3.822222e+003,1.008522e+002
3.822704e+003,1.010475e+002
3.823186e+003,1.012839e+002
3.823668e+003,1.014902e+002
3.824150e+003,1.016125e+002
3.824633e+003,1.016240e+002
3.825115e+003,1.015280e+002
3.825597e+003,1.013553e+002
3.826079e+003,1.011566e+002
3.826561e+003,1.009882e+002
3.827043e+003,1.008955e+002
3.827525e+003,1.009006e+002
3.828007e+003,1.009996e+002
3.828490e+003,1.011672e+002
3.828971e+003,1.013663e+002
3.829454e+003,1.015571e+002
3.829936e+003,1.017051e+002
3.830418e+003,1.017867e+002
3.830900e+003,1.017934e+002
3.831382e+003,1.017309e+002
3.831864e+003,1.016159e+002
3.832346e+003,1.014698e+002
3.832828e+003,1.013140e+002
3.833311e+003,1.011669e+002
3.833793e+003,1.010438e+002
3.834275e+003,1.009566e+002
3.834757e+003,1.009133e+002
3.835239e+003,1.009177e+002
3.835721e+003,1.009669e+002
3.836203e+003,1.010513e+002
3.836685e+003,1.011551e+002
3.837167e+003,1.012599e+002
3.837650e+003,1.013499e+002
3.838132e+003,1.014171e+002
3.838614e+003,1.014615e+002
3.839096e+003,1.014883e+002
3.839578e+003,1.015017e+002
3.840060e+003,1.015023e+002
3.840542e+003,1.014858e+002
3.841024e+003,1.014461e+002
3.841507e+003,1.013805e+002
3.841989e+003,1.012942e+002
3.842471e+003,1.012032e+002
3.842953e+003,1.011329e+002
3.843435e+003,1.011114e+002
3.843917e+003,1.011593e+002
3.844399e+003,1.012804e+002
3.844881e+003,1.014562e+002
3.845364e+003,1.016477e+002
3.845846e+003,1.018054e+002
3.846328e+003,1.018826e+002
3.846810e+003,1.018499e+002
3.847292e+003,1.017038e+002
3.847774e+003,1.014680e+002
3.848256e+003,1.011865e+002
3.848738e+003,1.009119e+002
3.849220e+003,1.006932e+002
3.849703e+003,1.005666e+002
3.850185e+003,1.005510e+002
3.850667e+003,1.006488e+002
3.851149e+003,1.008480e+002
3.851631e+003,1.011257e+002
3.852113e+003,1.014520e+002
3.852595e+003,1.017978e+002
3.853077e+003,1.021465e+002
3.853560e+003,1.024940e+002
3.854042e+003,1.028279e+002
3.854524e+003,1.031104e+002
3.855006e+003,1.032919e+002
3.855488e+003,1.033367e+002
3.855970e+003,1.032337e+002
3.856452e+003,1.029915e+002
3.856934e+003,1.026303e+002
3.857417e+003,1.021775e+002
3.857898e+003,1.016675e+002
3.858381e+003,1.011426e+002
3.858863e+003,1.006515e+002
3.859345e+003,1.002442e+002
3.859827e+003,9.996391e+001
3.860309e+003,9.983839e+001
3.860791e+003,9.987254e+001
3.861273e+003,1.000451e+002
3.861755e+003,1.003108e+002
3.862238e+003,1.006088e+002
3.862720e+003,1.008770e+002
3.863202e+003,1.010682e+002
3.863684e+003,1.011641e+002
3.864166e+003,1.011799e+002
3.864648e+003,1.011571e+002
3.865130e+003,1.011455e+002
3.865612e+003,1.011827e+002
3.866094e+003,1.012806e+002
3.866577e+003,1.014254e+002
3.867059e+003,1.015869e+002
3.867541e+003,1.017298e+002
3.868023e+003,1.018248e+002
3.868505e+003,1.018575e+002
3.868987e+003,1.018372e+002
3.869469e+003,1.017999e+002
3.869951e+003,1.017950e+002
3.870434e+003,1.018580e+002
3.870916e+003,1.019875e+002
3.871398e+003,1.021465e+002
3.871880e+003,1.022806e+002
3.872362e+003,1.023370e+002
3.872844e+003,1.022789e+002
3.873326e+003,1.020963e+002
3.873808e+003,1.018130e+002
3.874291e+003,1.014827e+002
3.874773e+003,1.011734e+002
3.875255e+003,1.009448e+002
3.875737e+003,1.008309e+002
3.876219e+003,1.008348e+002
3.876701e+003,1.009316e+002
3.877183e+003,1.010765e+002
3.877665e+003,1.012159e+002
3.878147e+003,1.012997e+002
3.878630e+003,1.012963e+002
3.879112e+003,1.012038e+002
3.879594e+003,1.010532e+002
3.880076e+003,1.009007e+002
3.880558e+003,1.008068e+002
3.881040e+003,1.008134e+002
3.881522e+003,1.009276e+002
3.882004e+003,1.011214e+002
3.882487e+003,1.013438e+002
3.882969e+003,1.015374e+002
3.883451e+003,1.016548e+002
3.883933e+003,1.016697e+002
3.884415e+003,1.015852e+002
3.884897e+003,1.014356e+002
3.885379e+003,1.012792e+002
3.885861e+003,1.011779e+002
3.886344e+003,1.011715e+002
3.886825e+003,1.012620e+002
3.887308e+003,1.014177e+002
3.887790e+003,1.015907e+002
3.888272e+003,1.017347e+002
3.888754e+003,1.018160e+002
3.889236e+003,1.018198e+002
3.889718e+003,1.017525e+002
3.890200e+003,1.016399e+002
3.890682e+003,1.015211e+002
3.891165e+003,1.014362e+002
3.891647e+003,1.014121e+002
3.892129e+003,1.014523e+002
3.892611e+003,1.015369e+002
3.893093e+003,1.016327e+002
3.893575e+003,1.017066e+002
3.894057e+003,1.017366e+002
3.894539e+003,1.017168e+002
3.895021e+003,1.016559e+002
3.895504e+003,1.015715e+002
3.895986e+003,1.014822e+002
3.896468e+003,1.014019e+002
3.896950e+003,1.013367e+002
3.897432e+003,1.012853e+002
3.897914e+003,1.012432e+002
3.898396e+003,1.012073e+002
3.898878e+003,1.011803e+002
3.899361e+003,1.011711e+002
3.899843e+003,1.011917e+002
3.900325e+003,1.012512e+002
3.900807e+003,1.013507e+002
3.901289e+003,1.014804e+002
3.901771e+003,1.016210e+002
3.902253e+003,1.017476e+002
3.902735e+003,1.018367e+002
3.903218e+003,1.018719e+002
3.903700e+003,1.018494e+002
3.904182e+003,1.017782e+002
3.904664e+003,1.016761e+002
3.905146e+003,1.015635e+002
3.905628e+003,1.014575e+002
3.906110e+003,1.013697e+002
3.906592e+003,1.013052e+002
3.907074e+003,1.012639e+002
3.907557e+003,1.012409e+002
3.908039e+003,1.012285e+002
3.908521e+003,1.012177e+002
3.909003e+003,1.012007e+002
3.909485e+003,1.011728e+002
3.909967e+003,1.011333e+002
3.910449e+003,1.010865e+002
3.910931e+003,1.010401e+002
3.911414e+003,1.010036e+002
3.911896e+003,1.009859e+002
3.912378e+003,1.009929e+002
3.912860e+003,1.010270e+002
3.913342e+003,1.010859e+002
3.913824e+003,1.011646e+002
3.914306e+003,1.012562e+002
3.914788e+003,1.013532e+002
3.915271e+003,1.014486e+002
3.915752e+003,1.015370e+002
3.916235e+003,1.016151e+002
3.916717e+003,1.016808e+002
3.917199e+003,1.017332e+002
3.917681e+003,1.017706e+002
3.918163e+003,1.017915e+002
3.918645e+003,1.017948e+002
3.919127e+003,1.017809e+002
3.919609e+003,1.017516e+002
3.920092e+003,1.017098e+002
3.920574e+003,1.016587e+002
3.921056e+003,1.016008e+002
3.921538e+003,1.015377e+002
3.922020e+003,1.014703e+002
3.922502e+003,1.013997e+002
3.922984e+003,1.013274e+002
3.923466e+003,1.012562e+002
3.923948e+003,1.011898e+002
3.924431e+003,1.011327e+002
3.924913e+003,1.010884e+002
3.925395e+003,1.010576e+002
3.925877e+003,1.010379e+002
3.926359e+003,1.010246e+002
3.926841e+003,1.010131e+002
3.927323e+003,1.010010e+002
3.927805e+003,1.009884e+002
3.928288e+003,1.009781e+002
3.928770e+003,1.009740e+002
3.929252e+003,1.009798e+002
3.929734e+003,1.009979e+002
3.930216e+003,1.010285e+002
3.930698e+003,1.010696e+002
3.931180e+003,1.011184e+002
3.931662e+003,1.011721e+002
3.932145e+003,1.012295e+002
3.932627e+003,1.012904e+002
3.933109e+003,1.013546e+002
3.933591e+003,1.014204e+002
3.934073e+003,1.014833e+002
3.934555e+003,1.015365e+002
3.935037e+003,1.015721e+002
3.935519e+003,1.015833e+002
3.936001e+003,1.015668e+002
3.936484e+003,1.015245e+002
3.936966e+003,1.014642e+002
3.937448e+003,1.013982e+002
3.937930e+003,1.013397e+002
3.938412e+003,1.012996e+002
3.938894e+003,1.012829e+002
3.939376e+003,1.012876e+002
3.939858e+003,1.013054e+002
3.940341e+003,1.013250e+002
3.940823e+003,1.013358e+002
3.941305e+003,1.013322e+002
3.941787e+003,1.013148e+002
3.942269e+003,1.012910e+002
3.942751e+003,1.012712e+002
3.943233e+003,1.012648e+002
3.943715e+003,1.012755e+002
3.944198e+003,1.013004e+002
3.944679e+003,1.013310e+002
3.945162e+003,1.013569e+002
3.945644e+003,1.013690e+002
3.946126e+003,1.013623e+002
3.946608e+003,1.013375e+002
3.947090e+003,1.013003e+002
3.947572e+003,1.012598e+002
3.948054e+003,1.012256e+002
3.948536e+003,1.012049e+002
3.949019e+003,1.012003e+002
3.949501e+003,1.012100e+002
3.949983e+003,1.012283e+002
3.950465e+003,1.012485e+002
3.950947e+003,1.012648e+002
3.951429e+003,1.012741e+002
3.951911e+003,1.012765e+002
3.952393e+003,1.012743e+002
3.952875e+003,1.012709e+002
3.953358e+003,1.012693e+002
3.953840e+003,1.012706e+002
3.954322e+003,1.012741e+002
3.954804e+003,1.012775e+002
3.955286e+003,1.012783e+002
3.955768e+003,1.012754e+002
3.956250e+003,1.012698e+002
3.956732e+003,1.012647e+002
3.957215e+003,1.012647e+002
3.957697e+003,1.012737e+002
3.958179e+003,1.012936e+002
3.958661e+003,1.013228e+002
3.959143e+003,1.013563e+002
3.959625e+003,1.013871e+002
3.960107e+003,1.014086e+002
3.960589e+003,1.014162e+002
3.961072e+003,1.014097e+002
3.961554e+003,1.013928e+002
3.962036e+003,1.013719e+002
3.962518e+003,1.013540e+002
3.963000e+003,1.013442e+002
3.963482e+003,1.013446e+002
3.963964e+003,1.013533e+002
3.964446e+003,1.013663e+002
3.964928e+003,1.013788e+002
3.965411e+003,1.013867e+002
3.965893e+003,1.013882e+002
3.966375e+003,1.013831e+002
3.966857e+003,1.013727e+002
3.967339e+003,1.013589e+002
3.967821e+003,1.013432e+002
3.968303e+003,1.013268e+002
3.968785e+003,1.013106e+002
3.969268e+003,1.012958e+002
3.969750e+003,1.012836e+002
3.970232e+003,1.012756e+002
3.970714e+003,1.012729e+002
3.971196e+003,1.012755e+002
3.971678e+003,1.012824e+002
3.972160e+003,1.012914e+002
3.972642e+003,1.013003e+002
3.973125e+003,1.013074e+002
3.973606e+003,1.013125e+002
3.974089e+003,1.013165e+002
3.974571e+003,1.013211e+002
3.975053e+003,1.013277e+002
3.975535e+003,1.013364e+002
3.976017e+003,1.013461e+002
3.976499e+003,1.013549e+002
3.976981e+003,1.013601e+002
3.977463e+003,1.013603e+002
3.977946e+003,1.013554e+002
3.978428e+003,1.013464e+002
3.978910e+003,1.013351e+002
3.979392e+003,1.013235e+002
3.979874e+003,1.013127e+002
3.980356e+003,1.013031e+002
3.980838e+003,1.012948e+002
3.981320e+003,1.012876e+002
3.981802e+003,1.012821e+002
3.982285e+003,1.012795e+002
3.982767e+003,1.012809e+002
3.983249e+003,1.012869e+002
3.983731e+003,1.012969e+002
3.984213e+003,1.013091e+002
3.984695e+003,1.013206e+002
3.985177e+003,1.013284e+002
3.985659e+003,1.013307e+002
3.986142e+003,1.013271e+002
3.986624e+003,1.013190e+002
3.987106e+003,1.013085e+002
3.987588e+003,1.012982e+002
3.988070e+003,1.012896e+002
3.988552e+003,1.012834e+002
3.989034e+003,1.012791e+002
3.989516e+003,1.012758e+002
3.989999e+003,1.012731e+002
3.990481e+003,1.012712e+002
3.990963e+003,1.012708e+002
3.991445e+003,1.012729e+002
3.991927e+003,1.012778e+002
3.992409e+003,1.012849e+002
3.992891e+003,1.012929e+002
3.993373e+003,1.013002e+002
3.993855e+003,1.013057e+002
3.994338e+003,1.013095e+002
3.994820e+003,1.013127e+002
3.995302e+003,1.013170e+002
3.995784e+003,1.013241e+002
3.996266e+003,1.013342e+002
3.996748e+003,1.013464e+002
3.997230e+003,1.013587e+002
3.997712e+003,1.013684e+002
3.998195e+003,1.013737e+002
3.998677e+003,1.013739e+002
3.999159e+003,1.013700e+002
3.999641e+003,1.013638e+002
4.000123e+003,1.013571e+002
