3.996747e+002,0.000000e+000
4.001569e+002,1.032628e+002
4.006390e+002,1.026702e+002
4.011211e+002,1.020427e+002
4.016032e+002,1.014803e+002
4.020853e+002,1.010622e+002
4.025674e+002,1.008383e+002
4.030496e+002,1.008284e+002
4.035317e+002,1.010282e+002
4.040138e+002,1.014181e+002
4.044959e+002,1.019674e+002
4.049780e+002,1.026340e+002
4.054601e+002,1.033600e+002
4.059423e+002,1.040696e+002
4.064244e+002,1.046753e+002
4.069065e+002,1.050935e+002
4.073886e+002,1.052608e+002
4.078707e+002,1.051479e+002
4.083528e+002,1.047638e+002
4.088350e+002,1.041515e+002
4.093171e+002,1.033766e+002
4.097992e+002,1.025139e+002
4.102813e+002,1.016340e+002
4.107634e+002,1.007961e+002
4.112455e+002,1.000455e+002
4.117277e+002,9.941628e+001
4.122098e+002,9.893217e+001
4.126919e+002,9.860342e+001
4.131740e+002,9.841872e+001
4.136561e+002,9.833883e+001
4.141382e+002,9.829858e+001
4.146204e+002,9.822160e+001
4.151025e+002,9.804442e+001
4.155846e+002,9.773988e+001
4.160667e+002,9.732905e+001
4.165488e+002,9.687799e+001
4.170309e+002,9.647884e+001
4.175131e+002,9.622244e+001
4.179952e+002,9.616743e+001
4.184773e+002,9.631752e+001
4.189594e+002,9.661779e+001
4.194415e+002,9.697692e+001
4.199236e+002,9.730579e+001
4.204058e+002,9.755201e+001
4.208879e+002,9.771165e+001
4.213700e+002,9.781785e+001
4.218521e+002,9.791776e+001
4.223342e+002,9.805196e+001
4.228163e+002,9.824320e+001
4.232985e+002,9.849514e+001
4.237806e+002,9.879732e+001
4.242627e+002,9.913192e+001
4.247448e+002,9.947876e+001
4.252269e+002,9.981699e+001
4.257090e+002,1.001250e+002
4.261912e+002,1.003811e+002
4.266733e+002,1.005662e+002
4.271554e+002,1.006690e+002
4.276375e+002,1.006907e+002
4.281196e+002,1.006458e+002
4.286017e+002,1.005583e+002
4.290839e+002,1.004528e+002
4.295660e+002,1.003459e+002
4.300481e+002,1.002412e+002
4.305302e+002,1.001320e+002
4.310123e+002,1.000107e+002
4.314944e+002,9.987843e+001
4.319766e+002,9.975230e+001
4.324587e+002,9.966206e+001
4.329408e+002,9.963979e+001
4.334229e+002,9.970557e+001
4.339050e+002,9.985631e+001
4.343871e+002,1.000628e+002
4.348693e+002,1.002767e+002
4.353514e+002,1.004461e+002
4.358335e+002,1.005335e+002
4.363156e+002,1.005280e+002
4.367977e+002,1.004488e+002
4.372798e+002,1.003344e+002
4.377620e+002,1.002264e+002
4.382441e+002,1.001537e+002
4.387262e+002,1.001237e+002
4.392083e+002,1.001228e+002
4.396904e+002,1.001230e+002
4.401725e+002,1.000933e+002
4.406547e+002,1.000101e+002
4.411368e+002,9.986530e+001
4.416189e+002,9.966989e+001
4.421010e+002,9.945109e+001
4.425831e+002,9.924651e+001
4.430652e+002,9.909473e+001
4.435474e+002,9.902702e+001
4.440295e+002,9.905937e+001
4.445116e+002,9.918847e+001
4.449937e+002,9.939094e+001
4.454758e+002,9.962827e+001
4.459579e+002,9.985567e+001
4.464401e+002,1.000330e+002
4.469222e+002,1.001345e+002
4.474043e+002,1.001535e+002
4.478864e+002,1.001015e+002
4.483685e+002,1.000008e+002
4.488506e+002,9.987550e+001
4.493328e+002,9.974345e+001
4.498149e+002,9.961296e+001
4.502970e+002,9.948535e+001
4.507791e+002,9.936011e+001
4.512612e+002,9.924114e+001
4.517433e+002,9.913929e+001
4.522255e+002,9.907092e+001
4.527076e+002,9.905265e+001
4.531897e+002,9.909607e+001
4.536718e+002,9.920432e+001
4.541539e+002,9.937267e+001
4.546360e+002,9.959209e+001
4.551182e+002,9.985281e+001
4.556003e+002,1.001455e+002
4.560824e+002,1.004598e+002
4.565645e+002,1.007800e+002
4.570466e+002,1.010827e+002
4.575287e+002,1.013376e+002
4.580109e+002,1.015145e+002
4.584930e+002,1.015921e+002
4.589751e+002,1.015684e+002
4.594572e+002,1.014626e+002
4.599393e+002,1.013112e+002
4.604214e+002,1.011581e+002
4.609036e+002,1.010416e+002
4.613857e+002,1.009838e+002
4.618678e+002,1.009837e+002
4.623499e+002,1.010175e+002
4.628320e+002,1.010454e+002
4.633141e+002,1.010241e+002
4.637963e+002,1.009203e+002
4.642784e+002,1.007211e+002
4.647605e+002,1.004382e+002
4.652426e+002,1.001044e+002
4.657247e+002,9.976418e+001
4.662068e+002,9.946215e+001
4.666890e+002,9.923227e+001
4.671711e+002,9.908990e+001
4.676532e+002,9.903023e+001
4.681353e+002,9.903233e+001
4.686174e+002,9.906796e+001
4.690995e+002,9.911145e+001
4.695817e+002,9.914715e+001
4.700638e+002,9.917229e+001
4.705459e+002,9.919465e+001
4.710280e+002,9.922622e+001
4.715101e+002,9.927604e+001
4.719922e+002,9.934521e+001
4.724744e+002,9.942623e+001
4.729565e+002,9.950707e+001
4.734386e+002,9.957754e+001
4.739207e+002,9.963440e+001
4.744028e+002,9.968276e+001
4.748849e+002,9.973301e+001
4.753671e+002,9.979504e+001
4.758492e+002,9.987287e+001
4.763313e+002,9.996229e+001
4.768134e+002,1.000522e+002
4.772955e+002,1.001294e+002
4.777776e+002,1.001841e+002
4.782598e+002,1.002138e+002
4.787419e+002,1.002228e+002
4.792240e+002,1.002198e+002
4.797061e+002,1.002129e+002
4.801882e+002,1.002066e+002
4.806703e+002,1.002006e+002
4.811525e+002,1.001926e+002
4.816346e+002,1.001807e+002
4.821167e+002,1.001666e+002
4.825988e+002,1.001545e+002
4.830809e+002,1.001486e+002
4.835630e+002,1.001495e+002
4.840452e+002,1.001514e+002
4.845273e+002,1.001430e+002
4.850094e+002,1.001111e+002
4.854915e+002,1.000465e+002
4.859736e+002,9.994871e+001
4.864557e+002,9.982751e+001
4.869379e+002,9.970108e+001
4.874200e+002,9.959110e+001
4.879021e+002,9.951704e+001
4.883842e+002,9.949209e+001
4.888663e+002,9.952092e+001
4.893484e+002,9.959972e+001
4.898306e+002,9.971797e+001
4.903127e+002,9.985986e+001
4.907948e+002,1.000061e+002
4.912769e+002,1.001357e+002
4.917590e+002,1.002281e+002
4.922411e+002,1.002665e+002
4.927233e+002,1.002421e+002
4.932054e+002,1.001573e+002
4.936875e+002,1.000269e+002
4.941696e+002,9.987576e+001
4.946517e+002,9.973323e+001
4.951339e+002,9.962584e+001
4.956160e+002,9.957076e+001
4.960981e+002,9.957196e+001
4.965802e+002,9.962041e+001
4.970623e+002,9.969767e+001
4.975444e+002,9.978165e+001
4.980266e+002,9.985256e+001
4.985087e+002,9.989725e+001
4.989908e+002,9.991061e+001
4.994729e+002,9.989457e+001
4.999550e+002,9.985509e+001
5.004371e+002,9.979917e+001
5.009193e+002,9.973232e+001
5.014014e+002,9.965782e+001
5.018835e+002,9.957737e+001
5.023656e+002,9.949266e+001
5.028477e+002,9.940766e+001
5.033299e+002,9.932990e+001
5.038120e+002,9.927072e+001
5.042941e+002,9.924375e+001
5.047762e+002,9.926128e+001
5.052583e+002,9.933013e+001
5.057404e+002,9.944730e+001
5.062226e+002,9.959791e+001
5.067047e+002,9.975645e+001
5.071868e+002,9.989243e+001
5.076689e+002,9.997836e+001
5.081510e+002,9.999821e+001
5.086331e+002,9.995233e+001
5.091153e+002,9.985739e+001
5.095974e+002,9.974119e+001
5.100795e+002,9.963390e+001
5.105616e+002,9.955982e+001
5.110437e+002,9.953092e+001
5.115258e+002,9.954559e+001
5.120079e+002,9.959127e+001
5.124901e+002,9.965000e+001
5.129722e+002,9.970506e+001
5.134543e+002,9.974541e+001
5.139364e+002,9.976796e+001
5.144185e+002,9.977669e+001
5.149006e+002,9.977998e+001
5.153828e+002,9.978718e+001
5.158649e+002,9.980534e+001
5.163470e+002,9.983713e+001
5.168291e+002,9.987959e+001
5.173112e+002,9.992416e+001
5.177933e+002,9.995795e+001
5.182755e+002,9.996637e+001
5.187576e+002,9.993613e+001
5.192397e+002,9.985789e+001
5.197218e+002,9.972713e+001
5.202039e+002,9.954220e+001
5.206860e+002,9.930099e+001
5.211682e+002,9.899686e+001
5.216503e+002,9.861682e+001
5.221324e+002,9.814420e+001
5.226145e+002,9.756591e+001
5.230966e+002,9.688291e+001
5.235787e+002,9.612051e+001
5.240609e+002,9.533346e+001
5.245430e+002,9.460222e+001
5.250251e+002,9.401877e+001
5.255072e+002,9.366470e+001
5.259893e+002,9.358916e+001
5.264714e+002,9.379451e+001
5.269536e+002,9.423527e+001
5.274357e+002,9.483092e+001
5.279178e+002,9.548687e+001
5.283999e+002,9.611596e+001
5.288821e+002,9.665458e+001
5.293641e+002,9.706969e+001
5.298463e+002,9.735709e+001
5.303284e+002,9.753326e+001
5.308105e+002,9.762476e+001
5.312926e+002,9.765877e+001
5.317748e+002,9.765722e+001
5.322568e+002,9.763447e+001
5.327390e+002,9.759716e+001
5.332211e+002,9.754524e+001
5.337032e+002,9.747249e+001
5.341853e+002,9.736739e+001
5.346675e+002,9.721458e+001
5.351495e+002,9.699816e+001
5.356317e+002,9.670622e+001
5.361138e+002,9.633625e+001
5.365959e+002,9.589922e+001
5.370780e+002,9.542081e+001
5.375602e+002,9.493970e+001
5.380422e+002,9.450241e+001
5.385244e+002,9.415642e+001
5.390065e+002,9.394248e+001
5.394886e+002,9.388710e+001
5.399707e+002,9.399617e+001
5.404529e+002,9.425041e+001
5.409349e+002,9.460470e+001
5.414171e+002,9.499218e+001
5.418992e+002,9.533421e+001
5.423813e+002,9.555582e+001
5.428634e+002,9.560358e+001
5.433456e+002,9.546148e+001
5.438276e+002,9.515929e+001
5.443098e+002,9.476957e+001
5.447919e+002,9.439222e+001
5.452740e+002,9.413054e+001
5.457561e+002,9.406586e+001
5.462383e+002,9.423816e+001
5.467203e+002,9.463879e+001
5.472025e+002,9.521629e+001
5.476846e+002,9.589342e+001
5.481667e+002,9.658862e+001
5.486488e+002,9.723537e+001
5.491310e+002,9.779369e+001
5.496130e+002,9.825119e+001
5.500952e+002,9.861550e+001
5.505773e+002,9.890343e+001
5.510594e+002,9.913098e+001
5.515415e+002,9.930904e+001
5.520237e+002,9.944348e+001
5.525057e+002,9.953920e+001
5.529879e+002,9.960359e+001
5.534700e+002,9.964794e+001
5.539521e+002,9.968529e+001
5.544342e+002,9.972680e+001
5.549164e+002,9.977804e+001
5.553984e+002,9.983775e+001
5.558806e+002,9.989903e+001
5.563627e+002,9.995270e+001
5.568448e+002,9.999066e+001
5.573269e+002,1.000081e+002
5.578091e+002,1.000037e+002
5.582911e+002,9.997869e+001
5.587733e+002,9.993584e+001
5.592554e+002,9.987938e+001
5.597375e+002,9.981531e+001
5.602196e+002,9.975230e+001
5.607018e+002,9.970049e+001
5.611838e+002,9.966949e+001
5.616660e+002,9.966437e+001
5.621481e+002,9.968311e+001
5.626302e+002,9.971549e+001
5.631123e+002,9.974617e+001
5.635945e+002,9.975997e+001
5.640765e+002,9.974800e+001
5.645587e+002,9.971181e+001
5.650408e+002,9.966307e+001
5.655229e+002,9.961912e+001
5.660050e+002,9.959623e+001
5.664872e+002,9.960308e+001
5.669692e+002,9.963786e+001
5.674514e+002,9.968943e+001
5.679335e+002,9.974215e+001
5.684156e+002,9.978184e+001
5.688977e+002,9.980003e+001
5.693799e+002,9.979492e+001
5.698619e+002,9.976910e+001
5.703441e+002,9.972618e+001
5.708262e+002,9.966837e+001
5.713083e+002,9.959651e+001
5.717904e+002,9.951205e+001
5.722726e+002,9.941938e+001
5.727546e+002,9.932657e+001
5.732368e+002,9.924272e+001
5.737189e+002,9.917388e+001
5.742010e+002,9.911822e+001
5.746831e+002,9.906400e+001
5.751653e+002,9.899065e+001
5.756473e+002,9.887273e+001
5.761295e+002,9.868336e+001
5.766116e+002,9.839510e+001
5.770938e+002,9.797656e+001
5.775758e+002,9.738702e+001
5.780580e+002,9.657386e+001
5.785400e+002,9.547792e+001
5.790222e+002,9.404892e+001
5.795043e+002,9.226882e+001
5.799865e+002,9.017614e+001
5.804685e+002,8.788109e+001
5.809507e+002,8.556278e+001
5.814327e+002,8.344508e+001
5.819149e+002,8.175524e+001
5.823970e+002,8.067664e+001
5.828792e+002,8.031024e+001
5.833612e+002,8.065725e+001
5.838434e+002,8.162750e+001
5.843254e+002,8.306895e+001
5.848076e+002,8.480634e+001
5.852897e+002,8.667602e+001
5.857719e+002,8.854751e+001
5.862539e+002,9.032923e+001
5.867361e+002,9.196255e+001
5.872181e+002,9.341029e+001
5.877003e+002,9.465365e+001
5.881824e+002,9.568352e+001
5.886646e+002,9.650571e+001
5.891466e+002,9.714508e+001
5.896288e+002,9.764419e+001
5.901108e+002,9.805499e+001
5.905930e+002,9.842522e+001
5.910751e+002,9.878509e+001
5.915573e+002,9.913984e+001
5.920393e+002,9.947232e+001
5.925215e+002,9.975393e+001
5.930035e+002,9.995940e+001
5.934857e+002,1.000783e+002
5.939678e+002,1.001191e+002
5.944500e+002,1.001040e+002
5.949320e+002,1.000591e+002
5.954142e+002,1.000045e+002
5.958962e+002,9.994943e+001
5.963784e+002,9.989342e+001
5.968605e+002,9.983304e+001
5.973427e+002,9.976784e+001
5.978247e+002,9.970360e+001
5.983069e+002,9.965076e+001
5.987889e+002,9.961908e+001
5.992711e+002,9.961292e+001
5.997532e+002,9.962927e+001
6.002354e+002,9.966010e+001
6.007174e+002,9.969725e+001
6.011996e+002,9.973688e+001
6.016816e+002,9.978092e+001
6.021638e+002,9.983421e+001
6.026459e+002,9.989955e+001
6.031281e+002,9.997316e+001
6.036101e+002,1.000440e+002
6.040923e+002,1.000972e+002
6.045743e+002,1.001205e+002
6.050565e+002,1.001098e+002
6.055386e+002,1.000722e+002
6.060208e+002,1.000223e+002
6.065029e+002,9.997691e+001
6.069850e+002,9.994756e+001
6.074671e+002,9.993709e+001
6.079492e+002,9.994018e+001
6.084313e+002,9.994778e+001
6.089135e+002,9.995273e+001
6.093956e+002,9.995350e+001
6.098777e+002,9.995404e+001
6.103598e+002,9.996038e+001
6.108419e+002,9.997612e+001
6.113240e+002,9.999907e+001
6.118062e+002,1.000215e+002
6.122883e+002,1.000333e+002
6.127704e+002,1.000263e+002
6.132525e+002,9.999767e+001
6.137346e+002,9.995012e+001
6.142167e+002,9.988982e+001
6.146989e+002,9.982306e+001
6.151810e+002,9.975394e+001
6.156631e+002,9.968432e+001
6.161452e+002,9.961613e+001
6.166273e+002,9.955397e+001
6.171094e+002,9.950616e+001
6.175916e+002,9.948264e+001
6.180737e+002,9.949079e+001
6.185558e+002,9.953192e+001
6.190379e+002,9.960057e+001
6.195200e+002,9.968684e+001
6.200021e+002,9.978033e+001
6.204843e+002,9.987301e+001
6.209664e+002,9.996059e+001
6.214485e+002,1.000417e+002
6.219306e+002,1.001156e+002
6.224127e+002,1.001803e+002
6.228948e+002,1.002308e+002
6.233770e+002,1.002611e+002
6.238591e+002,1.002665e+002
6.243412e+002,1.002462e+002
6.248233e+002,1.002045e+002
6.253054e+002,1.001494e+002
6.257875e+002,1.000894e+002
6.262697e+002,1.000300e+002
6.267518e+002,9.997233e+001
6.272339e+002,9.991357e+001
6.277160e+002,9.985043e+001
6.281981e+002,9.978220e+001
6.286802e+002,9.971274e+001
6.291624e+002,9.964948e+001
6.296445e+002,9.960060e+001
6.301266e+002,9.957095e+001
6.306087e+002,9.955967e+001
6.310908e+002,9.956008e+001
6.315729e+002,9.956226e+001
6.320551e+002,9.955693e+001
6.325372e+002,9.953883e+001
6.330193e+002,9.950784e+001
6.335014e+002,9.946792e+001
6.339835e+002,9.942448e+001
6.344656e+002,9.938171e+001
6.349478e+002,9.934151e+001
6.354299e+002,9.930413e+001
6.359120e+002,9.926952e+001
6.363941e+002,9.923875e+001
6.368762e+002,9.921336e+001
6.373583e+002,9.919392e+001
6.378405e+002,9.917743e+001
6.383226e+002,9.915621e+001
6.388047e+002,9.911884e+001
6.392868e+002,9.905317e+001
6.397689e+002,9.895075e+001
6.402510e+002,9.881042e+001
6.407332e+002,9.863943e+001
6.412153e+002,9.845165e+001
6.416974e+002,9.826334e+001
6.421795e+002,9.808883e+001
6.426616e+002,9.793736e+001
6.431437e+002,9.781245e+001
6.436259e+002,9.771313e+001
6.441080e+002,9.763633e+001
6.445901e+002,9.757865e+001
6.450722e+002,9.753735e+001
6.455543e+002,9.751005e+001
6.460364e+002,9.749378e+001
6.465186e+002,9.748490e+001
6.470007e+002,9.747972e+001
6.474828e+002,9.747607e+001
6.479649e+002,9.747530e+001
6.484470e+002,9.748258e+001
6.489291e+002,9.750580e+001
6.494113e+002,9.755241e+001
6.498934e+002,9.762648e+001
6.503755e+002,9.772662e+001
6.508576e+002,9.784588e+001
6.513397e+002,9.797343e+001
6.518218e+002,9.809783e+001
6.523040e+002,9.821013e+001
6.527861e+002,9.830649e+001
6.532682e+002,9.838860e+001
6.537503e+002,9.846220e+001
6.542324e+002,9.853389e+001
6.547145e+002,9.860831e+001
6.551967e+002,9.868556e+001
6.556788e+002,9.876143e+001
6.561609e+002,9.882868e+001
6.566430e+002,9.888057e+001
6.571251e+002,9.891389e+001
6.576072e+002,9.893133e+001
6.580894e+002,9.894165e+001
6.585715e+002,9.895758e+001
6.590536e+002,9.899160e+001
6.595357e+002,9.905157e+001
6.600178e+002,9.913692e+001
6.604999e+002,9.923756e+001
6.609821e+002,9.933584e+001
6.614642e+002,9.941109e+001
6.619463e+002,9.944547e+001
6.624284e+002,9.942988e+001
6.629105e+002,9.936701e+001
6.633926e+002,9.927115e+001
6.638748e+002,9.916359e+001
6.643569e+002,9.906695e+001
6.648390e+002,9.900040e+001
6.653211e+002,9.897767e+001
6.658032e+002,9.900525e+001
6.662853e+002,9.907744e+001
6.667675e+002,9.916727e+001
6.672496e+002,9.922434e+001
6.677317e+002,9.920367e+001
6.682138e+002,9.912513e+001
6.686959e+002,9.907571e+001
6.691780e+002,9.910881e+001
6.696602e+002,9.919386e+001
6.701423e+002,9.927647e+001
6.706244e+002,9.932506e+001
6.711065e+002,9.932884e+001
6.715886e+002,9.928688e+001
6.720707e+002,9.920275e+001
6.725529e+002,9.908435e+001
6.730350e+002,9.894463e+001
6.735171e+002,9.880104e+001
6.739992e+002,9.867220e+001
6.744813e+002,9.857367e+001
6.749634e+002,9.851430e+001
6.754456e+002,9.849481e+001
6.759277e+002,9.850890e+001
6.764098e+002,9.854678e+001
6.768919e+002,9.859903e+001
6.773740e+002,9.865985e+001
6.778561e+002,9.872781e+001
6.783383e+002,9.880389e+001
6.788204e+002,9.888780e+001
6.793025e+002,9.897462e+001
6.797846e+002,9.905392e+001
6.802667e+002,9.911190e+001
6.807488e+002,9.913661e+001
6.812310e+002,9.912336e+001
6.817131e+002,9.907779e+001
6.821952e+002,9.901489e+001
6.826773e+002,9.895420e+001
6.831594e+002,9.891297e+001
6.836415e+002,9.890062e+001
6.841237e+002,9.891585e+001
6.846058e+002,9.894830e+001
6.850879e+002,9.898337e+001
6.855700e+002,9.900830e+001
6.860521e+002,9.901647e+001
6.865342e+002,9.900850e+001
6.870164e+002,9.899001e+001
6.874985e+002,9.896773e+001
6.879806e+002,9.894630e+001
6.884627e+002,9.892656e+001
6.889448e+002,9.890689e+001
6.894269e+002,9.888573e+001
6.899091e+002,9.886366e+001
6.903912e+002,9.884444e+001
6.908733e+002,9.883392e+001
6.913554e+002,9.883746e+001
6.918375e+002,9.885760e+001
6.923196e+002,9.889301e+001
6.928018e+002,9.893901e+001
6.932839e+002,9.898933e+001
6.937660e+002,9.903819e+001
6.942481e+002,9.908162e+001
6.947302e+002,9.911747e+001
6.952123e+002,9.914462e+001
6.956945e+002,9.916256e+001
6.961766e+002,9.917136e+001
6.966587e+002,9.917233e+001
6.971408e+002,9.916885e+001
6.976229e+002,9.916627e+001
6.981050e+002,9.917086e+001
6.985872e+002,9.918758e+001
6.990693e+002,9.921805e+001
6.995514e+002,9.925950e+001
7.000335e+002,9.930544e+001
7.005156e+002,9.934772e+001
7.009977e+002,9.937930e+001
7.014799e+002,9.939648e+001
7.019620e+002,9.939920e+001
7.024441e+002,9.939034e+001
7.029262e+002,9.937389e+001
7.034083e+002,9.935367e+001
7.038904e+002,9.933273e+001
7.043726e+002,9.931399e+001
7.048547e+002,9.930084e+001
7.053368e+002,9.929736e+001
7.058189e+002,9.930717e+001
7.063010e+002,9.933170e+001
7.067831e+002,9.936852e+001
7.072653e+002,9.941092e+001
7.077474e+002,9.944982e+001
7.082295e+002,9.947680e+001
7.087116e+002,9.948777e+001
7.091937e+002,9.948492e+001
7.096758e+002,9.947619e+001
7.101580e+002,9.947209e+001
7.106401e+002,9.948125e+001
7.111222e+002,9.950653e+001
7.116043e+002,9.954359e+001
7.120864e+002,9.958226e+001
7.125685e+002,9.961037e+001
7.130507e+002,9.961830e+001
7.135328e+002,9.960229e+001
7.140149e+002,9.956514e+001
7.144970e+002,9.951456e+001
7.149791e+002,9.945954e+001
7.154612e+002,9.940683e+001
7.159434e+002,9.935849e+001
7.164255e+002,9.931162e+001
7.169076e+002,9.925983e+001
7.173897e+002,9.919585e+001
7.178718e+002,9.911427e+001
7.183539e+002,9.901347e+001
7.188361e+002,9.889653e+001
7.193182e+002,9.877004e+001
7.198003e+002,9.864111e+001
7.202824e+002,9.851247e+001
7.207645e+002,9.837754e+001
7.212466e+002,9.821733e+001
7.217288e+002,9.800051e+001
7.222109e+002,9.768740e+001
7.226930e+002,9.723705e+001
7.231751e+002,9.661668e+001
7.236572e+002,9.581139e+001
7.241393e+002,9.483259e+001
7.246215e+002,9.372247e+001
7.251036e+002,9.255310e+001
7.255857e+002,9.141934e+001
7.260678e+002,9.042641e+001
7.265499e+002,8.967431e+001
7.270320e+002,8.924188e+001
7.275142e+002,8.917363e+001
7.279963e+002,8.947211e+001
7.284784e+002,9.009676e+001
7.289605e+002,9.096967e+001
7.294426e+002,9.198695e+001
7.299247e+002,9.303477e+001
7.304069e+002,9.400742e+001
7.308890e+002,9.482436e+001
7.313711e+002,9.544238e+001
7.318532e+002,9.585983e+001
7.323353e+002,9.611132e+001
7.328174e+002,9.625534e+001
7.332996e+002,9.635719e+001
7.337817e+002,9.647305e+001
7.342638e+002,9.663853e+001
7.347459e+002,9.686479e+001
7.352280e+002,9.714187e+001
7.357101e+002,9.744705e+001
7.361923e+002,9.775455e+001
7.366744e+002,9.804288e+001
7.371565e+002,9.829832e+001
7.376386e+002,9.851476e+001
7.381207e+002,9.869116e+001
7.386028e+002,9.882915e+001
7.390850e+002,9.893151e+001
7.395671e+002,9.900234e+001
7.400492e+002,9.904757e+001
7.405313e+002,9.907549e+001
7.410134e+002,9.909555e+001
7.414955e+002,9.911689e+001
7.419777e+002,9.914597e+001
7.424598e+002,9.918519e+001
7.429419e+002,9.923277e+001
7.434240e+002,9.928377e+001
7.439061e+002,9.933195e+001
7.443882e+002,9.937126e+001
7.448704e+002,9.939678e+001
7.453525e+002,9.940508e+001
7.458346e+002,9.939450e+001
7.463167e+002,9.936547e+001
7.467988e+002,9.932092e+001
7.472809e+002,9.926658e+001
7.477631e+002,9.921044e+001
7.482452e+002,9.916127e+001
7.487273e+002,9.912621e+001
7.492094e+002,9.910886e+001
7.496915e+002,9.910782e+001
7.501736e+002,9.911738e+001
7.506558e+002,9.912941e+001
7.511379e+002,9.913633e+001
7.516200e+002,9.913319e+001
7.521021e+002,9.911878e+001
7.525842e+002,9.909488e+001
7.530663e+002,9.906441e+001
7.535485e+002,9.902955e+001
7.540306e+002,9.899097e+001
7.545127e+002,9.894773e+001
7.549948e+002,9.889864e+001
7.554769e+002,9.884307e+001
7.559590e+002,9.878160e+001
7.564412e+002,9.871528e+001
7.569233e+002,9.864455e+001
7.574054e+002,9.856823e+001
7.578875e+002,9.848334e+001
7.583696e+002,9.838555e+001
7.588517e+002,9.827057e+001
7.593339e+002,9.813490e+001
7.598160e+002,9.797629e+001
7.602981e+002,9.779350e+001
7.607802e+002,9.758408e+001
7.612623e+002,9.734566e+001
7.617444e+002,9.707586e+001
7.622266e+002,9.677288e+001
7.627087e+002,9.643571e+001
7.631908e+002,9.606360e+001
7.636729e+002,9.565449e+001
7.641550e+002,9.520305e+001
7.646371e+002,9.469917e+001
7.651193e+002,9.412781e+001
7.656014e+002,9.347092e+001
7.660835e+002,9.271089e+001
7.665656e+002,9.183482e+001
7.670477e+002,9.083802e+001
7.675298e+002,8.972661e+001
7.680120e+002,8.851850e+001
7.684941e+002,8.724329e+001
7.689762e+002,8.594190e+001
7.694583e+002,8.466554e+001
7.699404e+002,8.347430e+001
7.704225e+002,8.243417e+001
7.709047e+002,8.161211e+001
7.713868e+002,8.106835e+001
7.718689e+002,8.084724e+001
7.723510e+002,8.096825e+001
7.728331e+002,8.142023e+001
7.733152e+002,8.216140e+001
7.737974e+002,8.312562e+001
7.742795e+002,8.423395e+001
7.747616e+002,8.540768e+001
7.752437e+002,8.657926e+001
7.757258e+002,8.769873e+001
7.762079e+002,8.873466e+001
7.766901e+002,8.967171e+001
7.771722e+002,9.050579e+001
7.776543e+002,9.123983e+001
7.781364e+002,9.188019e+001
7.786185e+002,9.243456e+001
7.791006e+002,9.291048e+001
7.795828e+002,9.331432e+001
7.800649e+002,9.365089e+001
7.805470e+002,9.392393e+001
7.810291e+002,9.413786e+001
7.815112e+002,9.430022e+001
7.819933e+002,9.442428e+001
7.824755e+002,9.452982e+001
7.829576e+002,9.464185e+001
7.834397e+002,9.478633e+001
7.839218e+002,9.498475e+001
7.844039e+002,9.524863e+001
7.848860e+002,9.557671e+001
7.853682e+002,9.595557e+001
7.858503e+002,9.636330e+001
7.863324e+002,9.677537e+001
7.868145e+002,9.716991e+001
7.872966e+002,9.753102e+001
7.877787e+002,9.784981e+001
7.882609e+002,9.812320e+001
7.887430e+002,9.835204e+001
7.892251e+002,9.853931e+001
7.897072e+002,9.868918e+001
7.901893e+002,9.880650e+001
7.906714e+002,9.889674e+001
7.911536e+002,9.896528e+001
7.916357e+002,9.901669e+001
7.921178e+002,9.905381e+001
7.925999e+002,9.907774e+001
7.930820e+002,9.908846e+001
7.935641e+002,9.908642e+001
7.940463e+002,9.907388e+001
7.945284e+002,9.905555e+001
7.950105e+002,9.903802e+001
7.954926e+002,9.902795e+001
7.959747e+002,9.903010e+001
7.964568e+002,9.904597e+001
7.969390e+002,9.907362e+001
7.974211e+002,9.910896e+001
7.979032e+002,9.914740e+001
7.983853e+002,9.918553e+001
7.988674e+002,9.922161e+001
7.993495e+002,9.925531e+001
7.998317e+002,9.928683e+001
8.003138e+002,9.931618e+001
8.007959e+002,9.934301e+001
8.012780e+002,9.936694e+001
8.017601e+002,9.938792e+001
8.022422e+002,9.940642e+001
8.027244e+002,9.942268e+001
8.032065e+002,9.943603e+001
8.036886e+002,9.944424e+001
8.041707e+002,9.944375e+001
8.046528e+002,9.943104e+001
8.051349e+002,9.940406e+001
8.056171e+002,9.936357e+001
8.060992e+002,9.931342e+001
8.065813e+002,9.925939e+001
8.070634e+002,9.920754e+001
8.075455e+002,9.916233e+001
8.080276e+002,9.912589e+001
8.085098e+002,9.909837e+001
8.089919e+002,9.907903e+001
8.094740e+002,9.906757e+001
8.099561e+002,9.906454e+001
8.104382e+002,9.907064e+001
8.109203e+002,9.908574e+001
8.114025e+002,9.910753e+001
8.118846e+002,9.913171e+001
8.123667e+002,9.915285e+001
8.128489e+002,9.916658e+001
8.133309e+002,9.917105e+001
8.138131e+002,9.916769e+001
8.142952e+002,9.916041e+001
8.147773e+002,9.915378e+001
8.152594e+002,9.915095e+001
8.157416e+002,9.915260e+001
8.162236e+002,9.915697e+001
8.167058e+002,9.916127e+001
8.171879e+002,9.916313e+001
8.176700e+002,9.916195e+001
8.181521e+002,9.915864e+001
8.186343e+002,9.915501e+001
8.191163e+002,9.915236e+001
8.195985e+002,9.915081e+001
8.200806e+002,9.914933e+001
8.205627e+002,9.914643e+001
8.210448e+002,9.914108e+001
8.215270e+002,9.913323e+001
8.220090e+002,9.912348e+001
8.224912e+002,9.911244e+001
8.229733e+002,9.909993e+001
8.234554e+002,9.908515e+001
8.239375e+002,9.906732e+001
8.244197e+002,9.904660e+001
8.249017e+002,9.902492e+001
8.253839e+002,9.900547e+001
8.258660e+002,9.899155e+001
8.263481e+002,9.898470e+001
8.268302e+002,9.898359e+001
8.273124e+002,9.898402e+001
8.277944e+002,9.898036e+001
8.282766e+002,9.896774e+001
8.287587e+002,9.894399e+001
8.292408e+002,9.891046e+001
8.297229e+002,9.887097e+001
8.302051e+002,9.882974e+001
8.306871e+002,9.878912e+001
8.311693e+002,9.874825e+001
8.316514e+002,9.870299e+001
8.321335e+002,9.864781e+001
8.326156e+002,9.857790e+001
8.330978e+002,9.849096e+001
8.335798e+002,9.838796e+001
8.340620e+002,9.827258e+001
8.345441e+002,9.814980e+001
8.350262e+002,9.802465e+001
8.355083e+002,9.790141e+001
8.359905e+002,9.778342e+001
8.364725e+002,9.767349e+001
8.369547e+002,9.757393e+001
8.374368e+002,9.748605e+001
8.379189e+002,9.740938e+001
8.384010e+002,9.734083e+001
8.388832e+002,9.727469e+001
8.393652e+002,9.720346e+001
8.398474e+002,9.711996e+001
8.403295e+002,9.701923e+001
8.408116e+002,9.690034e+001
8.412937e+002,9.676662e+001
8.417759e+002,9.662531e+001
8.422579e+002,9.648578e+001
8.427401e+002,9.635784e+001
8.432222e+002,9.624997e+001
8.437043e+002,9.616827e+001
8.441864e+002,9.611581e+001
8.446686e+002,9.609273e+001
8.451506e+002,9.609657e+001
8.456328e+002,9.612338e+001
8.461149e+002,9.616905e+001
8.465970e+002,9.623087e+001
8.470791e+002,9.630878e+001
8.475613e+002,9.640537e+001
8.480433e+002,9.652460e+001
8.485255e+002,9.666950e+001
8.490076e+002,9.683933e+001
8.494897e+002,9.702785e+001
8.499718e+002,9.722356e+001
8.504540e+002,9.741196e+001
8.509360e+002,9.757922e+001
8.514182e+002,9.771583e+001
8.519003e+002,9.781840e+001
8.523824e+002,9.788925e+001
8.528645e+002,9.793385e+001
8.533467e+002,9.795769e+001
8.538287e+002,9.796400e+001
8.543109e+002,9.795322e+001
8.547930e+002,9.792408e+001
8.552751e+002,9.787570e+001
8.557572e+002,9.780861e+001
8.562394e+002,9.772481e+001
8.567214e+002,9.762563e+001
8.572036e+002,9.750948e+001
8.576857e+002,9.736948e+001
8.581678e+002,9.719286e+001
8.586499e+002,9.696125e+001
8.591321e+002,9.665212e+001
8.596141e+002,9.623969e+001
8.600963e+002,9.569637e+001
8.605784e+002,9.499472e+001
8.610605e+002,9.411246e+001
8.615426e+002,9.304048e+001
8.620248e+002,9.179379e+001
8.625068e+002,9.042154e+001
8.629890e+002,8.901228e+001
8.634711e+002,8.768977e+001
8.639532e+002,8.659777e+001
8.644353e+002,8.587520e+001
8.649175e+002,8.562752e+001
8.653995e+002,8.590208e+001
8.658817e+002,8.667556e+001
8.663638e+002,8.785789e+001
8.668459e+002,8.931186e+001
8.673280e+002,9.088214e+001
8.678102e+002,9.242504e+001
8.682922e+002,9.383106e+001
8.687744e+002,9.503587e+001
8.692565e+002,9.601875e+001
8.697386e+002,9.679240e+001
8.702207e+002,9.738853e+001
8.707029e+002,9.784461e+001
8.711849e+002,9.819488e+001
8.716671e+002,9.846638e+001
8.721492e+002,9.867890e+001
8.726313e+002,9.884653e+001
8.731134e+002,9.897942e+001
8.735956e+002,9.908475e+001
8.740776e+002,9.916737e+001
8.745598e+002,9.923032e+001
8.750419e+002,9.927568e+001
8.755240e+002,9.930579e+001
8.760061e+002,9.932397e+001
8.764883e+002,9.933456e+001
8.769703e+002,9.934232e+001
8.774525e+002,9.935135e+001
8.779346e+002,9.936423e+001
8.784167e+002,9.938198e+001
8.788988e+002,9.940440e+001
8.793810e+002,9.943082e+001
8.798630e+002,9.946059e+001
8.803452e+002,9.949296e+001
8.808273e+002,9.952635e+001
8.813094e+002,9.955802e+001
8.817915e+002,9.958399e+001
8.822737e+002,9.960001e+001
8.827557e+002,9.960277e+001
8.832379e+002,9.959142e+001
8.837200e+002,9.956818e+001
8.842021e+002,9.953793e+001
8.846842e+002,9.950693e+001
8.851664e+002,9.948118e+001
8.856484e+002,9.946495e+001
8.861306e+002,9.946021e+001
8.866127e+002,9.946670e+001
8.870948e+002,9.948274e+001
8.875769e+002,9.950614e+001
8.880591e+002,9.953474e+001
8.885411e+002,9.956653e+001
8.890233e+002,9.959971e+001
8.895054e+002,9.963242e+001
8.899875e+002,9.966282e+001
8.904696e+002,9.968904e+001
8.909518e+002,9.970934e+001
8.914338e+002,9.972196e+001
8.919160e+002,9.972543e+001
8.923981e+002,9.971857e+001
8.928802e+002,9.970096e+001
8.933623e+002,9.967338e+001
8.938445e+002,9.963834e+001
8.943265e+002,9.960006e+001
8.948087e+002,9.956397e+001
8.952908e+002,9.953564e+001
8.957729e+002,9.951951e+001
8.962550e+002,9.951773e+001
8.967372e+002,9.952963e+001
8.972192e+002,9.955205e+001
8.977014e+002,9.958009e+001
8.981835e+002,9.960820e+001
8.986656e+002,9.963121e+001
8.991477e+002,9.964481e+001
8.996299e+002,9.964619e+001
9.001119e+002,9.963419e+001
9.005941e+002,9.961010e+001
9.010762e+002,9.957753e+001
9.015583e+002,9.954258e+001
9.020404e+002,9.951269e+001
9.025226e+002,9.949504e+001
9.030046e+002,9.949442e+001
9.034868e+002,9.951160e+001
9.039689e+002,9.954282e+001
9.044510e+002,9.958077e+001
9.049331e+002,9.961678e+001
9.054153e+002,9.964366e+001
9.058973e+002,9.965762e+001
9.063795e+002,9.965898e+001
9.068616e+002,9.965128e+001
9.073438e+002,9.963928e+001
9.078258e+002,9.962715e+001
9.083080e+002,9.961723e+001
9.087900e+002,9.960998e+001
9.092722e+002,9.960502e+001
9.097543e+002,9.960207e+001
9.102365e+002,9.960146e+001
9.107185e+002,9.960369e+001
9.112007e+002,9.960879e+001
9.116828e+002,9.961544e+001
9.121649e+002,9.962121e+001
9.126470e+002,9.962334e+001
9.131292e+002,9.962035e+001
9.136113e+002,9.961282e+001
9.140934e+002,9.960373e+001
9.145755e+002,9.959691e+001
9.150576e+002,9.959543e+001
9.155397e+002,9.959988e+001
9.160219e+002,9.960795e+001
9.165040e+002,9.961518e+001
9.169861e+002,9.961726e+001
9.174682e+002,9.961179e+001
9.179503e+002,9.959953e+001
9.184324e+002,9.958408e+001
9.189146e+002,9.957014e+001
9.193967e+002,9.956155e+001
9.198788e+002,9.955997e+001
9.203609e+002,9.956438e+001
9.208430e+002,9.957235e+001
9.213251e+002,9.958126e+001
9.218073e+002,9.958978e+001
9.222894e+002,9.959784e+001
9.227715e+002,9.960636e+001
9.232536e+002,9.961584e+001
9.237357e+002,9.962572e+001
9.242178e+002,9.963423e+001
9.247000e+002,9.963921e+001
9.251821e+002,9.963907e+001
9.256642e+002,9.963355e+001
9.261463e+002,9.962371e+001
9.266284e+002,9.961133e+001
9.271105e+002,9.959784e+001
9.275927e+002,9.958389e+001
9.280748e+002,9.956934e+001
9.285569e+002,9.955399e+001
9.290390e+002,9.953833e+001
9.295211e+002,9.952386e+001
9.300032e+002,9.951274e+001
9.304854e+002,9.950694e+001
9.309675e+002,9.950720e+001
9.314496e+002,9.951279e+001
9.319317e+002,9.952184e+001
9.324138e+002,9.953249e+001
9.328959e+002,9.954379e+001
9.333781e+002,9.955608e+001
9.338602e+002,9.957044e+001
9.343423e+002,9.958757e+001
9.348244e+002,9.960667e+001
9.353065e+002,9.962505e+001
9.357886e+002,9.963902e+001
9.362708e+002,9.964536e+001
9.367529e+002,9.964277e+001
9.372350e+002,9.963274e+001
9.377171e+002,9.961894e+001
9.381992e+002,9.960579e+001
9.386813e+002,9.959635e+001
9.391635e+002,9.959131e+001
9.396456e+002,9.958889e+001
9.401277e+002,9.958587e+001
9.406098e+002,9.957927e+001
9.410919e+002,9.956776e+001
9.415740e+002,9.955193e+001
9.420562e+002,9.953368e+001
9.425383e+002,9.951496e+001
9.430204e+002,9.949675e+001
9.435025e+002,9.947865e+001
9.439846e+002,9.945969e+001
9.444667e+002,9.943906e+001
9.449489e+002,9.941724e+001
9.454310e+002,9.939600e+001
9.459131e+002,9.937771e+001
9.463952e+002,9.936432e+001
9.468773e+002,9.935661e+001
9.473594e+002,9.935389e+001
9.478416e+002,9.935464e+001
9.483237e+002,9.935765e+001
9.488058e+002,9.936259e+001
9.492879e+002,9.937012e+001
9.497700e+002,9.938143e+001
9.502521e+002,9.939688e+001
9.507343e+002,9.941555e+001
9.512164e+002,9.943495e+001
9.516985e+002,9.945202e+001
9.521806e+002,9.946400e+001
9.526627e+002,9.946970e+001
9.531448e+002,9.946974e+001
9.536270e+002,9.946625e+001
9.541091e+002,9.946193e+001
9.545912e+002,9.945934e+001
9.550733e+002,9.946024e+001
9.555554e+002,9.946579e+001
9.560375e+002,9.947672e+001
9.565197e+002,9.949358e+001
9.570018e+002,9.951658e+001
9.574839e+002,9.954507e+001
9.579660e+002,9.957713e+001
9.584481e+002,9.960958e+001
9.589302e+002,9.963839e+001
9.594124e+002,9.965991e+001
9.598945e+002,9.967200e+001
9.603766e+002,9.967445e+001
9.608587e+002,9.966894e+001
9.613408e+002,9.965829e+001
9.618229e+002,9.964525e+001
9.623051e+002,9.963181e+001
9.627872e+002,9.961900e+001
9.632693e+002,9.960735e+001
9.637514e+002,9.959750e+001
9.642335e+002,9.959038e+001
9.647156e+002,9.958678e+001
9.651978e+002,9.958686e+001
9.656799e+002,9.958912e+001
9.661620e+002,9.959041e+001
9.666441e+002,9.958664e+001
9.671262e+002,9.957436e+001
9.676083e+002,9.955215e+001
9.680905e+002,9.952179e+001
9.685726e+002,9.948781e+001
9.690547e+002,9.945617e+001
9.695368e+002,9.943243e+001
9.700189e+002,9.941988e+001
9.705010e+002,9.941856e+001
9.709832e+002,9.942582e+001
9.714653e+002,9.943712e+001
9.719474e+002,9.944777e+001
9.724295e+002,9.945391e+001
9.729116e+002,9.945313e+001
9.733937e+002,9.944429e+001
9.738759e+002,9.942747e+001
9.743580e+002,9.940356e+001
9.748401e+002,9.937435e+001
9.753222e+002,9.934247e+001
9.758043e+002,9.931113e+001
9.762864e+002,9.928358e+001
9.767686e+002,9.926209e+001
9.772507e+002,9.924692e+001
9.777328e+002,9.923589e+001
9.782149e+002,9.922482e+001
9.786970e+002,9.920848e+001
9.791791e+002,9.918228e+001
9.796613e+002,9.914349e+001
9.801434e+002,9.909184e+001
9.806255e+002,9.902942e+001
9.811076e+002,9.895956e+001
9.815897e+002,9.888557e+001
9.820718e+002,9.880975e+001
9.825540e+002,9.873272e+001
9.830361e+002,9.865342e+001
9.835182e+002,9.856950e+001
9.840003e+002,9.847766e+001
9.844824e+002,9.837429e+001
9.849645e+002,9.825580e+001
9.854467e+002,9.811918e+001
9.859288e+002,9.796245e+001
9.864109e+002,9.778505e+001
9.868930e+002,9.758793e+001
9.873751e+002,9.737305e+001
9.878572e+002,9.714253e+001
9.883394e+002,9.689765e+001
9.888215e+002,9.663805e+001
9.893036e+002,9.636167e+001
9.897857e+002,9.606514e+001
9.902678e+002,9.574512e+001
9.907499e+002,9.539928e+001
9.912321e+002,9.502709e+001
9.917142e+002,9.462955e+001
9.921963e+002,9.420879e+001
9.926784e+002,9.376709e+001
9.931605e+002,9.330650e+001
9.936426e+002,9.282918e+001
9.941248e+002,9.233837e+001
9.946069e+002,9.183932e+001
9.950890e+002,9.133992e+001
9.955711e+002,9.085001e+001
9.960532e+002,9.037980e+001
9.965353e+002,8.993766e+001
9.970175e+002,8.952839e+001
9.974996e+002,8.915255e+001
9.979817e+002,8.880774e+001
9.984638e+002,8.849077e+001
9.989459e+002,8.820088e+001
9.994280e+002,8.794202e+001
9.999102e+002,8.772408e+001
1.000392e+003,8.756239e+001
1.000874e+003,8.747594e+001
1.001357e+003,8.748472e+001
1.001839e+003,8.760654e+001
1.002321e+003,8.785429e+001
1.002803e+003,8.823344e+001
1.003285e+003,8.874034e+001
1.003767e+003,8.936140e+001
1.004249e+003,9.007401e+001
1.004731e+003,9.084882e+001
1.005213e+003,9.165369e+001
1.005696e+003,9.245784e+001
1.006178e+003,9.323563e+001
1.006660e+003,9.396854e+001
1.007142e+003,9.464555e+001
1.007624e+003,9.526194e+001
1.008106e+003,9.581721e+001
1.008588e+003,9.631337e+001
1.009070e+003,9.675352e+001
1.009552e+003,9.714129e+001
1.010035e+003,9.748066e+001
1.010517e+003,9.777599e+001
1.010999e+003,9.803164e+001
1.011481e+003,9.825171e+001
1.011963e+003,9.843973e+001
1.012445e+003,9.859857e+001
1.012927e+003,9.873072e+001
1.013409e+003,9.883884e+001
1.013892e+003,9.892599e+001
1.014374e+003,9.899592e+001
1.014856e+003,9.905274e+001
1.015338e+003,9.910033e+001
1.015820e+003,9.914205e+001
1.016302e+003,9.918023e+001
1.016784e+003,9.921637e+001
1.017266e+003,9.925140e+001
1.017748e+003,9.928571e+001
1.018231e+003,9.931920e+001
1.018713e+003,9.935119e+001
1.019195e+003,9.938034e+001
1.019677e+003,9.940501e+001
1.020159e+003,9.942400e+001
1.020641e+003,9.943726e+001
1.021123e+003,9.944647e+001
1.021605e+003,9.945486e+001
1.022088e+003,9.946598e+001
1.022570e+003,9.948233e+001
1.023052e+003,9.950409e+001
1.023534e+003,9.952876e+001
1.024016e+003,9.955193e+001
1.024498e+003,9.956923e+001
1.024980e+003,9.957814e+001
1.025462e+003,9.957931e+001
1.025944e+003,9.957610e+001
1.026427e+003,9.957314e+001
1.026909e+003,9.957413e+001
1.027391e+003,9.958018e+001
1.027873e+003,9.958939e+001
1.028355e+003,9.959777e+001
1.028837e+003,9.960135e+001
1.029319e+003,9.959787e+001
1.029801e+003,9.958794e+001
1.030283e+003,9.957423e+001
1.030766e+003,9.956010e+001
1.031248e+003,9.954787e+001
1.031730e+003,9.953794e+001
1.032212e+003,9.952882e+001
1.032694e+003,9.951838e+001
1.033176e+003,9.950523e+001
1.033658e+003,9.948936e+001
1.034140e+003,9.947195e+001
1.034623e+003,9.945403e+001
1.035105e+003,9.943527e+001
1.035587e+003,9.941350e+001
1.036069e+003,9.938520e+001
1.036551e+003,9.934729e+001
1.037033e+003,9.929884e+001
1.037515e+003,9.924214e+001
1.037997e+003,9.918233e+001
1.038479e+003,9.912574e+001
1.038962e+003,9.907755e+001
1.039444e+003,9.903993e+001
1.039926e+003,9.901160e+001
1.040408e+003,9.898881e+001
1.040890e+003,9.896735e+001
1.041372e+003,9.894493e+001
1.041854e+003,9.892242e+001
1.042336e+003,9.890378e+001
1.042819e+003,9.889488e+001
1.043301e+003,9.890150e+001
1.043783e+003,9.892767e+001
1.044265e+003,9.897451e+001
1.044747e+003,9.904021e+001
1.045229e+003,9.912045e+001
1.045711e+003,9.920924e+001
1.046193e+003,9.929974e+001
1.046676e+003,9.938491e+001
1.047158e+003,9.945836e+001
1.047640e+003,9.951513e+001
1.048122e+003,9.955247e+001
1.048604e+003,9.957036e+001
1.049086e+003,9.957143e+001
1.049568e+003,9.956034e+001
1.050050e+003,9.954269e+001
1.050532e+003,9.952348e+001
1.051015e+003,9.950639e+001
1.051497e+003,9.949314e+001
1.051979e+003,9.948400e+001
1.052461e+003,9.947836e+001
1.052943e+003,9.947545e+001
1.053425e+003,9.947469e+001
1.053907e+003,9.947581e+001
1.054389e+003,9.947847e+001
1.054871e+003,9.948203e+001
1.055354e+003,9.948544e+001
1.055836e+003,9.948753e+001
1.056318e+003,9.948724e+001
1.056800e+003,9.948405e+001
1.057282e+003,9.947791e+001
1.057764e+003,9.946941e+001
1.058246e+003,9.945960e+001
1.058728e+003,9.944991e+001
1.059210e+003,9.944216e+001
1.059693e+003,9.943846e+001
1.060175e+003,9.944077e+001
1.060657e+003,9.945037e+001
1.061139e+003,9.946712e+001
1.061621e+003,9.948914e+001
1.062103e+003,9.951300e+001
1.062585e+003,9.953464e+001
1.063067e+003,9.955059e+001
1.063550e+003,9.955931e+001
1.064032e+003,9.956153e+001
1.064514e+003,9.955967e+001
1.064996e+003,9.955659e+001
1.065478e+003,9.955396e+001
1.065960e+003,9.955141e+001
1.066442e+003,9.954665e+001
1.066924e+003,9.953680e+001
1.067406e+003,9.952023e+001
1.067889e+003,9.949792e+001
1.068371e+003,9.947382e+001
1.068853e+003,9.945351e+001
1.069335e+003,9.944245e+001
1.069817e+003,9.944375e+001
1.070299e+003,9.945707e+001
1.070781e+003,9.947898e+001
1.071263e+003,9.950432e+001
1.071746e+003,9.952837e+001
1.072228e+003,9.954836e+001
1.072710e+003,9.956394e+001
1.073192e+003,9.957672e+001
1.073674e+003,9.958865e+001
1.074156e+003,9.960097e+001
1.074638e+003,9.961332e+001
1.075120e+003,9.962433e+001
1.075603e+003,9.963223e+001
1.076085e+003,9.963589e+001
1.076567e+003,9.963548e+001
1.077049e+003,9.963219e+001
1.077531e+003,9.962774e+001
1.078013e+003,9.962373e+001
1.078495e+003,9.962117e+001
1.078977e+003,9.962041e+001
1.079459e+003,9.962146e+001
1.079942e+003,9.962394e+001
1.080424e+003,9.962727e+001
1.080906e+003,9.963036e+001
1.081388e+003,9.963157e+001
1.081870e+003,9.962885e+001
1.082352e+003,9.962045e+001
1.082834e+003,9.960564e+001
1.083316e+003,9.958527e+001
1.083798e+003,9.956192e+001
1.084281e+003,9.953910e+001
1.084763e+003,9.952034e+001
1.085245e+003,9.950791e+001
1.085727e+003,9.950227e+001
1.086209e+003,9.950214e+001
1.086691e+003,9.950520e+001
1.087173e+003,9.950893e+001
1.087655e+003,9.951138e+001
1.088137e+003,9.951134e+001
1.088620e+003,9.950825e+001
1.089102e+003,9.950165e+001
1.089584e+003,9.949130e+001
1.090066e+003,9.947714e+001
1.090548e+003,9.945966e+001
1.091030e+003,9.944008e+001
1.091512e+003,9.942007e+001
1.091994e+003,9.940097e+001
1.092477e+003,9.938310e+001
1.092959e+003,9.936527e+001
1.093441e+003,9.934507e+001
1.093923e+003,9.931980e+001
1.094405e+003,9.928778e+001
1.094887e+003,9.924919e+001
1.095369e+003,9.920607e+001
1.095851e+003,9.916106e+001
1.096333e+003,9.911584e+001
1.096816e+003,9.906944e+001
1.097298e+003,9.901794e+001
1.097780e+003,9.895522e+001
1.098262e+003,9.887511e+001
1.098744e+003,9.877394e+001
1.099226e+003,9.865236e+001
1.099708e+003,9.851601e+001
1.100190e+003,9.837487e+001
1.100673e+003,9.824111e+001
1.101155e+003,9.812685e+001
1.101637e+003,9.804222e+001
1.102119e+003,9.799413e+001
1.102601e+003,9.798576e+001
1.103083e+003,9.801682e+001
1.103565e+003,9.808366e+001
1.104047e+003,9.817988e+001
1.104530e+003,9.829686e+001
1.105012e+003,9.842493e+001
1.105494e+003,9.855474e+001
1.105976e+003,9.867870e+001
1.106458e+003,9.879206e+001
1.106940e+003,9.889288e+001
1.107422e+003,9.898146e+001
1.107904e+003,9.905915e+001
1.108386e+003,9.912706e+001
1.108869e+003,9.918587e+001
1.109351e+003,9.923597e+001
1.109833e+003,9.927838e+001
1.110315e+003,9.931535e+001
1.110797e+003,9.935040e+001
1.111279e+003,9.938728e+001
1.111761e+003,9.942859e+001
1.112243e+003,9.947446e+001
1.112725e+003,9.952220e+001
1.113208e+003,9.956702e+001
1.113690e+003,9.960385e+001
1.114172e+003,9.962920e+001
1.114654e+003,9.964246e+001
1.115136e+003,9.964573e+001
1.115618e+003,9.964273e+001
1.116100e+003,9.963691e+001
1.116582e+003,9.963020e+001
1.117064e+003,9.962250e+001
1.117547e+003,9.961264e+001
1.118029e+003,9.959953e+001
1.118511e+003,9.958356e+001
1.118993e+003,9.956696e+001
1.119475e+003,9.955296e+001
1.119957e+003,9.954448e+001
1.120439e+003,9.954284e+001
1.120921e+003,9.954703e+001
1.121404e+003,9.955430e+001
1.121886e+003,9.956154e+001
1.122368e+003,9.956642e+001
1.122850e+003,9.956844e+001
1.123332e+003,9.956850e+001
1.123814e+003,9.956799e+001
1.124296e+003,9.956762e+001
1.124778e+003,9.956663e+001
1.125260e+003,9.956306e+001
1.125743e+003,9.955498e+001
1.126225e+003,9.954150e+001
1.126707e+003,9.952376e+001
1.127189e+003,9.950468e+001
1.127671e+003,9.948775e+001
1.128153e+003,9.947559e+001
1.128635e+003,9.946867e+001
1.129117e+003,9.946515e+001
1.129600e+003,9.946175e+001
1.130082e+003,9.945532e+001
1.130564e+003,9.944406e+001
1.131046e+003,9.942822e+001
1.131528e+003,9.940970e+001
1.132010e+003,9.939085e+001
1.132492e+003,9.937317e+001
1.132974e+003,9.935678e+001
1.133457e+003,9.934054e+001
1.133939e+003,9.932291e+001
1.134421e+003,9.930307e+001
1.134903e+003,9.928111e+001
1.135385e+003,9.925766e+001
1.135867e+003,9.923224e+001
1.136349e+003,9.920189e+001
1.136831e+003,9.916003e+001
1.137313e+003,9.909696e+001
1.137796e+003,9.900166e+001
1.138278e+003,9.886467e+001
1.138760e+003,9.868121e+001
1.139242e+003,9.845375e+001
1.139724e+003,9.819289e+001
1.140206e+003,9.791656e+001
1.140688e+003,9.764774e+001
1.141170e+003,9.741063e+001
1.141652e+003,9.722655e+001
1.142135e+003,9.711015e+001
1.142617e+003,9.706621e+001
1.143099e+003,9.708842e+001
1.143581e+003,9.716027e+001
1.144063e+003,9.725822e+001
1.144545e+003,9.735643e+001
1.145027e+003,9.743166e+001
1.145509e+003,9.746625e+001
1.145991e+003,9.744784e+001
1.146474e+003,9.736614e+001
1.146956e+003,9.720689e+001
1.147438e+003,9.694687e+001
1.147920e+003,9.655234e+001
1.148402e+003,9.598396e+001
1.148884e+003,9.520794e+001
1.149366e+003,9.421155e+001
1.149848e+003,9.301741e+001
1.150331e+003,9.169119e+001
1.150813e+003,9.033791e+001
1.151295e+003,8.908567e+001
1.151777e+003,8.806080e+001
1.152259e+003,8.736146e+001
1.152741e+003,8.703808e+001
1.153223e+003,8.708675e+001
1.153705e+003,8.745668e+001
1.154188e+003,8.806881e+001
1.154670e+003,8.883849e+001
1.155152e+003,8.969530e+001
1.155634e+003,9.059361e+001
1.156116e+003,9.151218e+001
1.156598e+003,9.244451e+001
1.157080e+003,9.338573e+001
1.157562e+003,9.432203e+001
1.158044e+003,9.522720e+001
1.158527e+003,9.606676e+001
1.159009e+003,9.680744e+001
1.159491e+003,9.742724e+001
1.159973e+003,9.792115e+001
1.160455e+003,9.830073e+001
1.160937e+003,9.858796e+001
1.161419e+003,9.880712e+001
1.161901e+003,9.897768e+001
1.162384e+003,9.911130e+001
1.162866e+003,9.921288e+001
1.163348e+003,9.928436e+001
1.163830e+003,9.932848e+001
1.164312e+003,9.935051e+001
1.164794e+003,9.935770e+001
1.165276e+003,9.935691e+001
1.165758e+003,9.935258e+001
1.166240e+003,9.934618e+001
1.166723e+003,9.933745e+001
1.167205e+003,9.932668e+001
1.167687e+003,9.931622e+001
1.168169e+003,9.931059e+001
1.168651e+003,9.931487e+001
1.169133e+003,9.933191e+001
1.169615e+003,9.936079e+001
1.170097e+003,9.939646e+001
1.170579e+003,9.943171e+001
1.171062e+003,9.945969e+001
1.171544e+003,9.947649e+001
1.172026e+003,9.948181e+001
1.172508e+003,9.947800e+001
1.172990e+003,9.946792e+001
1.173472e+003,9.945324e+001
1.173954e+003,9.943383e+001
1.174436e+003,9.940869e+001
1.174918e+003,9.937791e+001
1.175401e+003,9.934380e+001
1.175883e+003,9.931104e+001
1.176365e+003,9.928487e+001
1.176847e+003,9.926890e+001
1.177329e+003,9.926304e+001
1.177811e+003,9.926326e+001
1.178293e+003,9.926313e+001
1.178775e+003,9.925652e+001
1.179258e+003,9.924024e+001
1.179740e+003,9.921523e+001
1.180222e+003,9.918577e+001
1.180704e+003,9.915713e+001
1.181186e+003,9.913318e+001
1.181668e+003,9.911481e+001
1.182150e+003,9.910025e+001
1.182632e+003,9.908656e+001
1.183115e+003,9.907182e+001
1.183597e+003,9.905592e+001
1.184079e+003,9.904072e+001
1.184561e+003,9.902872e+001
1.185043e+003,9.902072e+001
1.185525e+003,9.901601e+001
1.186007e+003,9.901272e+001
1.186489e+003,9.900916e+001
1.186971e+003,9.900538e+001
1.187454e+003,9.900378e+001
1.187936e+003,9.900833e+001
1.188418e+003,9.902280e+001
1.188900e+003,9.904893e+001
1.189382e+003,9.908520e+001
1.189864e+003,9.912740e+001
1.190346e+003,9.917004e+001
1.190828e+003,9.920838e+001
1.191311e+003,9.924001e+001
1.191793e+003,9.926506e+001
1.192275e+003,9.928535e+001
1.192757e+003,9.930322e+001
1.193239e+003,9.932023e+001
1.193721e+003,9.933703e+001
1.194203e+003,9.935367e+001
1.194685e+003,9.937030e+001
1.195167e+003,9.938754e+001
1.195650e+003,9.940619e+001
1.196132e+003,9.942634e+001
1.196614e+003,9.944689e+001
1.197096e+003,9.946540e+001
1.197578e+003,9.947906e+001
1.198060e+003,9.948584e+001
1.198542e+003,9.948590e+001
1.199024e+003,9.948168e+001
1.199506e+003,9.947714e+001
1.199989e+003,9.947623e+001
1.200471e+003,9.948120e+001
1.200953e+003,9.949190e+001
1.201435e+003,9.950591e+001
1.201917e+003,9.951982e+001
1.202399e+003,9.953071e+001
1.202881e+003,9.953691e+001
1.203363e+003,9.953821e+001
1.203845e+003,9.953516e+001
1.204328e+003,9.952838e+001
1.204810e+003,9.951794e+001
1.205292e+003,9.950391e+001
1.205774e+003,9.948692e+001
1.206256e+003,9.946895e+001
1.206738e+003,9.945296e+001
1.207220e+003,9.944238e+001
1.207702e+003,9.943966e+001
1.208185e+003,9.944518e+001
1.208667e+003,9.945710e+001
1.209149e+003,9.947202e+001
1.209631e+003,9.948645e+001
1.210113e+003,9.949801e+001
1.210595e+003,9.950600e+001
1.211077e+003,9.951089e+001
1.211559e+003,9.951327e+001
1.212042e+003,9.951306e+001
1.212524e+003,9.950900e+001
1.213006e+003,9.949974e+001
1.213488e+003,9.948492e+001
1.213970e+003,9.946606e+001
1.214452e+003,9.944671e+001
1.214934e+003,9.943109e+001
1.215416e+003,9.942234e+001
1.215898e+003,9.942112e+001
1.216381e+003,9.942504e+001
1.216863e+003,9.942969e+001
1.217345e+003,9.943060e+001
1.217827e+003,9.942528e+001
1.218309e+003,9.941409e+001
1.218791e+003,9.939993e+001
1.219273e+003,9.938673e+001
1.219755e+003,9.937772e+001
1.220238e+003,9.937408e+001
1.220720e+003,9.937511e+001
1.221202e+003,9.937904e+001
1.221684e+003,9.938437e+001
1.222166e+003,9.939059e+001
1.222648e+003,9.939809e+001
1.223130e+003,9.940717e+001
1.223612e+003,9.941712e+001
1.224094e+003,9.942577e+001
1.224577e+003,9.943008e+001
1.225059e+003,9.942750e+001
1.225541e+003,9.941715e+001
1.226023e+003,9.940034e+001
1.226505e+003,9.938012e+001
1.226987e+003,9.935970e+001
1.227469e+003,9.934104e+001
1.227951e+003,9.932397e+001
1.228434e+003,9.930653e+001
1.228916e+003,9.928613e+001
1.229398e+003,9.926104e+001
1.229880e+003,9.923109e+001
1.230362e+003,9.919749e+001
1.230844e+003,9.916161e+001
1.231326e+003,9.912347e+001
1.231808e+003,9.908051e+001
1.232291e+003,9.902729e+001
1.232773e+003,9.895609e+001
1.233255e+003,9.885803e+001
1.233737e+003,9.872452e+001
1.234219e+003,9.854880e+001
1.234701e+003,9.832775e+001
1.235183e+003,9.806402e+001
1.235665e+003,9.776822e+001
1.236147e+003,9.746024e+001
1.236630e+003,9.716888e+001
1.237112e+003,9.692854e+001
1.237594e+003,9.677331e+001
1.238076e+003,9.672955e+001
1.238558e+003,9.680869e+001
1.239040e+003,9.700342e+001
1.239522e+003,9.728809e+001
1.240004e+003,9.762453e+001
1.240486e+003,9.797094e+001
1.240969e+003,9.829138e+001
1.241451e+003,9.856261e+001
1.241933e+003,9.877615e+001
1.242415e+003,9.893578e+001
1.242897e+003,9.905229e+001
1.243379e+003,9.913783e+001
1.243861e+003,9.920200e+001
1.244343e+003,9.925091e+001
1.244825e+003,9.928817e+001
1.245308e+003,9.931679e+001
1.245790e+003,9.934030e+001
1.246272e+003,9.936233e+001
1.246754e+003,9.938546e+001
1.247236e+003,9.940970e+001
1.247718e+003,9.943251e+001
1.248200e+003,9.944979e+001
1.248682e+003,9.945820e+001
1.249165e+003,9.945702e+001
1.249647e+003,9.944871e+001
1.250129e+003,9.943786e+001
1.250611e+003,9.942910e+001
1.251093e+003,9.942492e+001
1.251575e+003,9.942477e+001
1.252057e+003,9.942567e+001
1.252539e+003,9.942396e+001
1.253021e+003,9.941717e+001
1.253504e+003,9.940497e+001
1.253986e+003,9.938887e+001
1.254468e+003,9.937061e+001
1.254950e+003,9.935091e+001
1.255432e+003,9.932861e+001
1.255914e+003,9.930161e+001
1.256396e+003,9.926822e+001
1.256878e+003,9.922876e+001
1.257361e+003,9.918601e+001
1.257843e+003,9.914434e+001
1.258325e+003,9.910783e+001
1.258807e+003,9.907846e+001
1.259289e+003,9.905542e+001
1.259771e+003,9.903581e+001
1.260253e+003,9.901669e+001
1.260735e+003,9.899687e+001
1.261218e+003,9.897758e+001
1.261700e+003,9.896179e+001
1.262182e+003,9.895219e+001
1.262664e+003,9.894922e+001
1.263146e+003,9.895051e+001
1.263628e+003,9.895164e+001
1.264110e+003,9.894812e+001
1.264592e+003,9.893736e+001
1.265074e+003,9.891947e+001
1.265557e+003,9.889648e+001
1.266039e+003,9.887083e+001
1.266521e+003,9.884378e+001
1.267003e+003,9.881472e+001
1.267485e+003,9.878201e+001
1.267967e+003,9.874442e+001
1.268449e+003,9.870228e+001
1.268931e+003,9.865784e+001
1.269413e+003,9.861406e+001
1.269896e+003,9.857274e+001
1.270378e+003,9.853302e+001
1.270860e+003,9.849118e+001
1.271342e+003,9.844160e+001
1.271824e+003,9.837874e+001
1.272306e+003,9.829823e+001
1.272788e+003,9.819685e+001
1.273270e+003,9.807024e+001
1.273752e+003,9.791015e+001
1.274235e+003,9.770261e+001
1.274717e+003,9.742849e+001
1.275199e+003,9.706766e+001
1.275681e+003,9.660558e+001
1.276163e+003,9.604039e+001
1.276645e+003,9.538774e+001
1.277127e+003,9.468134e+001
1.277609e+003,9.396857e+001
1.278092e+003,9.330223e+001
1.278574e+003,9.273092e+001
1.279056e+003,9.229108e+001
1.279538e+003,9.200261e+001
1.280020e+003,9.186923e+001
1.280502e+003,9.188197e+001
1.280984e+003,9.202401e+001
1.281466e+003,9.227512e+001
1.281948e+003,9.261413e+001
1.282431e+003,9.301998e+001
1.282913e+003,9.347176e+001
1.283395e+003,9.394889e+001
1.283877e+003,9.443185e+001
1.284359e+003,9.490342e+001
1.284841e+003,9.535028e+001
1.285323e+003,9.576392e+001
1.285805e+003,9.614115e+001
1.286288e+003,9.648322e+001
1.286770e+003,9.679446e+001
1.287252e+003,9.708038e+001
1.287734e+003,9.734601e+001
1.288216e+003,9.759457e+001
1.288698e+003,9.782706e+001
1.289180e+003,9.804249e+001
1.289662e+003,9.823858e+001
1.290145e+003,9.841307e+001
1.290627e+003,9.856457e+001
1.291109e+003,9.869322e+001
1.291591e+003,9.880067e+001
1.292073e+003,9.888943e+001
1.292555e+003,9.896228e+001
1.293037e+003,9.902154e+001
1.293519e+003,9.906887e+001
1.294001e+003,9.910555e+001
1.294484e+003,9.913284e+001
1.294966e+003,9.915260e+001
1.295448e+003,9.916709e+001
1.295930e+003,9.917871e+001
1.296412e+003,9.918912e+001
1.296894e+003,9.919872e+001
1.297376e+003,9.920658e+001
1.297858e+003,9.921086e+001
1.298340e+003,9.921004e+001
1.298823e+003,9.920372e+001
1.299305e+003,9.919313e+001
1.299787e+003,9.918079e+001
1.300269e+003,9.916951e+001
1.300751e+003,9.916130e+001
1.301233e+003,9.915655e+001
1.301715e+003,9.915421e+001
1.302197e+003,9.915236e+001
1.302679e+003,9.914941e+001
1.303162e+003,9.914482e+001
1.303644e+003,9.913930e+001
1.304126e+003,9.913412e+001
1.304608e+003,9.913033e+001
1.305090e+003,9.912798e+001
1.305572e+003,9.912611e+001
1.306054e+003,9.912332e+001
1.306536e+003,9.911863e+001
1.307019e+003,9.911209e+001
1.307501e+003,9.910488e+001
1.307983e+003,9.909848e+001
1.308465e+003,9.909383e+001
1.308947e+003,9.909066e+001
1.309429e+003,9.908720e+001
1.309911e+003,9.908113e+001
1.310393e+003,9.907035e+001
1.310875e+003,9.905402e+001
1.311358e+003,9.903282e+001
1.311840e+003,9.900840e+001
1.312322e+003,9.898280e+001
1.312804e+003,9.895741e+001
1.313286e+003,9.893274e+001
1.313768e+003,9.890863e+001
1.314250e+003,9.888460e+001
1.314732e+003,9.886016e+001
1.315215e+003,9.883490e+001
1.315697e+003,9.880819e+001
1.316179e+003,9.877858e+001
1.316661e+003,9.874394e+001
1.317143e+003,9.870174e+001
1.317625e+003,9.864980e+001
1.318107e+003,9.858694e+001
1.318589e+003,9.851303e+001
1.319072e+003,9.842844e+001
1.319554e+003,9.833321e+001
1.320036e+003,9.822636e+001
1.320518e+003,9.810612e+001
1.321000e+003,9.797093e+001
1.321482e+003,9.782088e+001
1.321964e+003,9.765883e+001
1.322446e+003,9.749039e+001
1.322928e+003,9.732262e+001
1.323411e+003,9.716191e+001
1.323893e+003,9.701210e+001
1.324375e+003,9.687341e+001
1.324857e+003,9.674329e+001
1.325339e+003,9.661796e+001
1.325821e+003,9.649442e+001
1.326303e+003,9.637085e+001
1.326785e+003,9.624573e+001
1.327267e+003,9.611529e+001
1.327750e+003,9.597123e+001
1.328232e+003,9.579995e+001
1.328714e+003,9.558391e+001
1.329196e+003,9.530485e+001
1.329678e+003,9.494689e+001
1.330160e+003,9.449747e+001
1.330642e+003,9.394476e+001
1.331124e+003,9.327222e+001
1.331606e+003,9.245265e+001
1.332089e+003,9.144531e+001
1.332571e+003,9.019931e+001
1.333053e+003,8.866400e+001
1.333535e+003,8.680484e+001
1.334017e+003,8.461981e+001
1.334499e+003,8.215141e+001
1.334981e+003,7.948962e+001
1.335463e+003,7.676398e+001
1.335946e+003,7.412574e+001
1.336428e+003,7.172526e+001
1.336910e+003,6.969108e+001
1.337392e+003,6.811658e+001
1.337874e+003,6.705661e+001
1.338356e+003,6.653148e+001
1.338838e+003,6.653400e+001
1.339320e+003,6.703452e+001
1.339802e+003,6.798323e+001
1.340285e+003,6.931110e+001
1.340767e+003,7.093301e+001
1.341249e+003,7.275514e+001
1.341731e+003,7.468540e+001
1.342213e+003,7.664444e+001
1.342695e+003,7.857365e+001
1.343177e+003,8.043816e+001
1.343659e+003,8.222478e+001
1.344142e+003,8.393501e+001
1.344624e+003,8.557616e+001
1.345106e+003,8.715270e+001
1.345588e+003,8.866022e+001
1.346070e+003,9.008414e+001
1.346552e+003,9.140269e+001
1.347034e+003,9.259291e+001
1.347516e+003,9.363783e+001
1.347999e+003,9.453170e+001
1.348481e+003,9.528195e+001
1.348963e+003,9.590657e+001
1.349445e+003,9.642878e+001
1.349927e+003,9.687069e+001
1.350409e+003,9.724863e+001
1.350891e+003,9.757158e+001
1.351373e+003,9.784295e+001
1.351855e+003,9.806404e+001
1.352338e+003,9.823752e+001
1.352820e+003,9.836939e+001
1.353302e+003,9.846837e+001
1.353784e+003,9.854400e+001
1.354266e+003,9.860389e+001
1.354748e+003,9.865225e+001
1.355230e+003,9.869011e+001
1.355712e+003,9.871673e+001
1.356194e+003,9.873163e+001
1.356677e+003,9.873598e+001
1.357159e+003,9.873263e+001
1.357641e+003,9.872491e+001
1.358123e+003,9.871523e+001
1.358605e+003,9.870394e+001
1.359087e+003,9.868964e+001
1.359569e+003,9.867027e+001
1.360051e+003,9.864455e+001
1.360533e+003,9.861320e+001
1.361016e+003,9.857878e+001
1.361498e+003,9.854465e+001
1.361980e+003,9.851382e+001
1.362462e+003,9.848768e+001
1.362944e+003,9.846599e+001
1.363426e+003,9.844749e+001
1.363908e+003,9.843098e+001
1.364390e+003,9.841593e+001
1.364873e+003,9.840208e+001
1.365355e+003,9.838822e+001
1.365837e+003,9.837137e+001
1.366319e+003,9.834657e+001
1.366801e+003,9.830851e+001
1.367283e+003,9.825407e+001
1.367765e+003,9.818462e+001
1.368247e+003,9.810676e+001
1.368729e+003,9.803059e+001
1.369212e+003,9.796642e+001
1.369694e+003,9.792100e+001
1.370176e+003,9.789533e+001
1.370658e+003,9.788500e+001
1.371140e+003,9.788284e+001
1.371622e+003,9.788245e+001
1.372104e+003,9.788152e+001
1.372586e+003,9.788261e+001
1.373069e+003,9.789191e+001
1.373551e+003,9.791596e+001
1.374033e+003,9.795816e+001
1.374515e+003,9.801685e+001
1.374997e+003,9.808582e+001
1.375479e+003,9.815717e+001
1.375961e+003,9.822471e+001
1.376443e+003,9.828593e+001
1.376926e+003,9.834174e+001
1.377408e+003,9.839448e+001
1.377890e+003,9.844538e+001
1.378372e+003,9.849335e+001
1.378854e+003,9.853521e+001
1.379336e+003,9.856776e+001
1.379818e+003,9.858966e+001
1.380300e+003,9.860253e+001
1.380782e+003,9.861023e+001
1.381265e+003,9.861689e+001
1.381747e+003,9.862486e+001
1.382229e+003,9.863363e+001
1.382711e+003,9.864088e+001
1.383193e+003,9.864450e+001
1.383675e+003,9.864515e+001
1.384157e+003,9.864703e+001
1.384639e+003,9.865687e+001
1.385121e+003,9.868102e+001
1.385604e+003,9.872234e+001
1.386086e+003,9.877799e+001
1.386568e+003,9.883987e+001
1.387050e+003,9.889700e+001
1.387532e+003,9.893955e+001
1.388014e+003,9.896207e+001
1.388496e+003,9.896451e+001
1.388978e+003,9.895092e+001
1.389460e+003,9.892631e+001
1.389943e+003,9.889417e+001
1.390425e+003,9.885514e+001
1.390907e+003,9.880784e+001
1.391389e+003,9.875073e+001
1.391871e+003,9.868420e+001
1.392353e+003,9.861152e+001
1.392835e+003,9.853866e+001
1.393317e+003,9.847293e+001
1.393800e+003,9.842094e+001
1.394282e+003,9.838682e+001
1.394764e+003,9.837116e+001
1.395246e+003,9.837099e+001
1.395728e+003,9.838055e+001
1.396210e+003,9.839249e+001
1.396692e+003,9.839861e+001
1.397174e+003,9.839054e+001
1.397656e+003,9.836065e+001
1.398139e+003,9.830376e+001
1.398621e+003,9.821941e+001
1.399103e+003,9.811318e+001
1.399585e+003,9.799612e+001
1.400067e+003,9.788152e+001
1.400549e+003,9.778049e+001
1.401031e+003,9.769841e+001
1.401513e+003,9.763329e+001
1.401996e+003,9.757694e+001
1.402478e+003,9.751799e+001
1.402960e+003,9.744618e+001
1.403442e+003,9.735598e+001
1.403924e+003,9.724847e+001
1.404406e+003,9.713042e+001
1.404888e+003,9.701080e+001
1.405370e+003,9.689666e+001
1.405853e+003,9.678964e+001
1.406335e+003,9.668535e+001
1.406817e+003,9.657472e+001
1.407299e+003,9.644693e+001
1.407781e+003,9.629205e+001
1.408263e+003,9.610266e+001
1.408745e+003,9.587441e+001
1.409227e+003,9.560506e+001
1.409709e+003,9.529319e+001
1.410192e+003,9.493649e+001
1.410674e+003,9.453019e+001
1.411156e+003,9.406590e+001
1.411638e+003,9.353167e+001
1.412120e+003,9.291311e+001
1.412602e+003,9.219648e+001
1.413084e+003,9.137279e+001
1.413566e+003,9.044164e+001
1.414048e+003,8.941308e+001
1.414531e+003,8.830576e+001
1.415013e+003,8.714056e+001
1.415495e+003,8.593201e+001
1.415977e+003,8.467945e+001
1.416459e+003,8.336191e+001
1.416941e+003,8.193884e+001
1.417423e+003,8.035890e+001
1.417905e+003,7.857649e+001
1.418387e+003,7.657230e+001
1.418870e+003,7.436971e+001
1.419352e+003,7.203716e+001
1.419834e+003,6.967178e+001
1.420316e+003,6.737247e+001
1.420798e+003,6.521705e+001
1.421280e+003,6.325505e+001
1.421762e+003,6.151563e+001
1.422244e+003,6.002231e+001
1.422727e+003,5.880459e+001
1.423209e+003,5.789952e+001
1.423691e+003,5.734234e+001
1.424173e+003,5.715077e+001
1.424655e+003,5.731258e+001
1.425137e+003,5.778494e+001
1.425619e+003,5.850692e+001
1.426101e+003,5.941805e+001
1.426583e+003,6.047250e+001
1.427066e+003,6.164282e+001
1.427548e+003,6.291368e+001
1.428030e+003,6.427080e+001
1.428512e+003,6.569223e+001
1.428994e+003,6.714754e+001
1.429476e+003,6.860562e+001
1.429958e+003,7.004663e+001
1.430440e+003,7.147073e+001
1.430923e+003,7.289819e+001
1.431405e+003,7.436024e+001
1.431887e+003,7.588581e+001
1.432369e+003,7.749031e+001
1.432851e+003,7.917217e+001
1.433333e+003,8.091685e+001
1.433815e+003,8.270395e+001
1.434297e+003,8.451211e+001
1.434780e+003,8.631805e+001
1.435262e+003,8.809081e+001
1.435744e+003,8.978628e+001
1.436226e+003,9.134857e+001
1.436708e+003,9.272196e+001
1.437190e+003,9.386903e+001
1.437672e+003,9.478385e+001
1.438154e+003,9.549121e+001
1.438636e+003,9.603376e+001
1.439119e+003,9.645489e+001
1.439601e+003,9.678660e+001
1.440083e+003,9.704559e+001
1.440565e+003,9.723689e+001
1.441047e+003,9.736189e+001
1.441529e+003,9.742622e+001
1.442011e+003,9.744356e+001
1.442493e+003,9.743395e+001
1.442976e+003,9.741783e+001
1.443458e+003,9.740932e+001
1.443940e+003,9.741272e+001
1.444422e+003,9.742391e+001
1.444904e+003,9.743551e+001
1.445386e+003,9.744363e+001
1.445868e+003,9.745210e+001
1.446350e+003,9.747218e+001
1.446833e+003,9.751725e+001
1.447314e+003,9.759525e+001
1.447797e+003,9.770136e+001
1.448279e+003,9.781557e+001
1.448761e+003,9.790632e+001
1.449243e+003,9.793859e+001
1.449725e+003,9.788262e+001
1.450207e+003,9.771969e+001
1.450689e+003,9.744381e+001
1.451171e+003,9.706032e+001
1.451654e+003,9.658311e+001
1.452136e+003,9.603112e+001
1.452618e+003,9.542357e+001
1.453100e+003,9.477551e+001
1.453582e+003,9.409296e+001
1.454064e+003,9.337013e+001
1.454546e+003,9.258855e+001
1.455028e+003,9.171907e+001
1.455510e+003,9.072761e+001
1.455993e+003,8.958373e+001
1.456475e+003,8.826914e+001
1.456957e+003,8.677950e+001
1.457439e+003,8.511633e+001
1.457921e+003,8.327483e+001
1.458403e+003,8.123913e+001
1.458885e+003,7.898994e+001
1.459367e+003,7.651910e+001
1.459850e+003,7.384370e+001
1.460332e+003,7.101412e+001
1.460814e+003,6.811338e+001
1.461296e+003,6.524834e+001
1.461778e+003,6.253747e+001
1.462260e+003,6.009969e+001
1.462742e+003,5.804796e+001
1.463224e+003,5.648527e+001
1.463707e+003,5.549843e+001
1.464189e+003,5.514618e+001
1.464671e+003,5.544427e+001
1.465153e+003,5.635620e+001
1.465635e+003,5.779777e+001
1.466117e+003,5.965522e+001
1.466599e+003,6.180780e+001
1.467081e+003,6.414382e+001
1.467563e+003,6.656760e+001
1.468046e+003,6.899977e+001
1.468528e+003,7.137762e+001
1.469010e+003,7.365687e+001
1.469492e+003,7.581441e+001
1.469974e+003,7.784776e+001
1.470456e+003,7.976915e+001
1.470938e+003,8.159407e+001
1.471420e+003,8.332825e+001
1.471903e+003,8.495866e+001
1.472385e+003,8.645449e+001
1.472867e+003,8.777893e+001
1.473349e+003,8.890580e+001
1.473831e+003,8.983172e+001
1.474313e+003,9.057709e+001
1.474795e+003,9.117684e+001
1.475277e+003,9.166847e+001
1.475760e+003,9.208286e+001
1.476241e+003,9.244181e+001
1.476724e+003,9.276035e+001
1.477206e+003,9.305134e+001
1.477688e+003,9.332830e+001
1.478170e+003,9.360564e+001
1.478652e+003,9.389568e+001
1.479134e+003,9.420522e+001
1.479616e+003,9.453359e+001
1.480098e+003,9.487369e+001
1.480581e+003,9.521528e+001
1.481063e+003,9.554932e+001
1.481545e+003,9.587058e+001
1.482027e+003,9.617743e+001
1.482509e+003,9.646880e+001
1.482991e+003,9.674064e+001
1.483473e+003,9.698433e+001
1.483955e+003,9.718831e+001
1.484438e+003,9.734280e+001
1.484920e+003,9.744531e+001
1.485402e+003,9.750446e+001
1.485884e+003,9.753998e+001
1.486366e+003,9.757772e+001
1.486848e+003,9.764247e+001
1.487330e+003,9.775032e+001
1.487812e+003,9.790437e+001
1.488294e+003,9.809460e+001
1.488777e+003,9.830126e+001
1.489259e+003,9.850041e+001
1.489741e+003,9.866962e+001
1.490223e+003,9.879199e+001
1.490705e+003,9.885847e+001
1.491187e+003,9.886792e+001
1.491669e+003,9.882601e+001
1.492151e+003,9.874313e+001
1.492634e+003,9.863190e+001
1.493116e+003,9.850493e+001
1.493598e+003,9.837354e+001
1.494080e+003,9.824718e+001
1.494562e+003,9.813454e+001
1.495044e+003,9.804468e+001
1.495526e+003,9.798810e+001
1.496008e+003,9.797623e+001
1.496490e+003,9.801847e+001
1.496973e+003,9.811742e+001
1.497455e+003,9.826478e+001
1.497937e+003,9.843959e+001
1.498419e+003,9.861070e+001
1.498901e+003,9.874233e+001
1.499383e+003,9.880231e+001
1.499865e+003,9.877046e+001
1.500347e+003,9.864464e+001
1.500830e+003,9.844201e+001
1.501312e+003,9.819462e+001
1.501794e+003,9.794075e+001
1.502276e+003,9.771569e+001
1.502758e+003,9.754547e+001
1.503240e+003,9.744433e+001
1.503722e+003,9.741610e+001
1.504204e+003,9.745737e+001
1.504687e+003,9.756098e+001
1.505168e+003,9.771918e+001
1.505651e+003,9.792522e+001
1.506133e+003,9.817356e+001
1.506615e+003,9.845782e+001
1.507097e+003,9.876595e+001
1.507579e+003,9.907657e+001
1.508061e+003,9.936189e+001
1.508543e+003,9.959505e+001
1.509025e+003,9.975558e+001
1.509508e+003,9.983092e+001
1.509990e+003,9.981737e+001
1.510472e+003,9.972228e+001
1.510954e+003,9.956598e+001
1.511436e+003,9.938051e+001
1.511918e+003,9.920349e+001
1.512400e+003,9.906785e+001
1.512882e+003,9.899186e+001
1.513365e+003,9.897419e+001
1.513847e+003,9.899619e+001
1.514329e+003,9.902983e+001
1.514811e+003,9.904879e+001
1.515293e+003,9.903811e+001
1.515775e+003,9.899972e+001
1.516257e+003,9.895026e+001
1.516739e+003,9.891212e+001
1.517221e+003,9.890111e+001
1.517704e+003,9.891838e+001
1.518186e+003,9.895016e+001
1.518668e+003,9.897491e+001
1.519150e+003,9.897341e+001
1.519632e+003,9.893726e+001
1.520114e+003,9.887415e+001
1.520596e+003,9.880692e+001
1.521078e+003,9.876584e+001
1.521561e+003,9.877551e+001
1.522043e+003,9.884333e+001
1.522525e+003,9.895734e+001
1.523007e+003,9.909446e+001
1.523489e+003,9.923101e+001
1.523971e+003,9.934879e+001
1.524453e+003,9.943574e+001
1.524935e+003,9.948427e+001
1.525417e+003,9.949045e+001
1.525900e+003,9.945448e+001
1.526382e+003,9.938238e+001
1.526864e+003,9.928671e+001
1.527346e+003,9.918488e+001
1.527828e+003,9.909544e+001
1.528310e+003,9.903326e+001
1.528792e+003,9.900587e+001
1.529274e+003,9.901208e+001
1.529757e+003,9.904378e+001
1.530239e+003,9.909011e+001
1.530721e+003,9.914140e+001
1.531203e+003,9.919140e+001
1.531685e+003,9.923640e+001
1.532167e+003,9.927208e+001
1.532649e+003,9.929035e+001
1.533131e+003,9.927876e+001
1.533614e+003,9.922315e+001
1.534095e+003,9.911343e+001
1.534578e+003,9.894817e+001
1.535060e+003,9.873528e+001
1.535542e+003,9.848700e+001
1.536024e+003,9.821136e+001
1.536506e+003,9.790513e+001
1.536988e+003,9.755098e+001
1.537470e+003,9.712022e+001
1.537952e+003,9.658192e+001
1.538435e+003,9.591553e+001
1.538917e+003,9.512135e+001
1.539399e+003,9.422122e+001
1.539881e+003,9.324557e+001
1.540363e+003,9.221517e+001
1.540845e+003,9.113297e+001
1.541327e+003,8.999630e+001
1.541809e+003,8.882281e+001
1.542292e+003,8.767373e+001
1.542774e+003,8.666148e+001
1.543256e+003,8.593630e+001
1.543738e+003,8.565347e+001
1.544220e+003,8.592845e+001
1.544702e+003,8.679387e+001
1.545184e+003,8.817654e+001
1.545666e+003,8.990849e+001
1.546148e+003,9.177097e+001
1.546631e+003,9.355280e+001
1.547113e+003,9.509847e+001
1.547595e+003,9.633070e+001
1.548077e+003,9.724660e+001
1.548559e+003,9.789672e+001
1.549041e+003,9.835686e+001
1.549523e+003,9.870139e+001
1.550005e+003,9.898437e+001
1.550488e+003,9.923237e+001
1.550970e+003,9.944850e+001
1.551452e+003,9.962212e+001
1.551934e+003,9.973837e+001
1.552416e+003,9.978470e+001
1.552898e+003,9.975452e+001
1.553380e+003,9.965045e+001
1.553862e+003,9.948656e+001
1.554344e+003,9.928841e+001
1.554827e+003,9.908901e+001
1.555309e+003,9.892233e+001
1.555791e+003,9.881594e+001
1.556273e+003,9.878605e+001
1.556755e+003,9.883485e+001
1.557237e+003,9.895089e+001
1.557719e+003,9.911300e+001
1.558201e+003,9.929906e+001
1.558684e+003,9.949606e+001
1.559166e+003,9.970116e+001
1.559648e+003,9.990914e+001
1.560130e+003,1.001031e+002
1.560612e+003,1.002595e+002
1.561094e+003,1.003565e+002
1.561576e+003,1.003759e+002
1.562058e+003,1.003058e+002
1.562541e+003,1.001432e+002
1.563022e+003,9.989828e+001
1.563505e+003,9.959647e+001
1.563987e+003,9.927615e+001
1.564469e+003,9.898131e+001
1.564951e+003,9.875105e+001
1.565433e+003,9.861035e+001
1.565915e+003,9.856651e+001
1.566397e+003,9.861136e+001
1.566879e+003,9.872700e+001
1.567362e+003,9.889038e+001
1.567844e+003,9.907643e+001
1.568326e+003,9.925908e+001
1.568808e+003,9.941349e+001
1.569290e+003,9.951970e+001
1.569772e+003,9.956715e+001
1.570254e+003,9.955739e+001
1.570736e+003,9.950268e+001
1.571219e+003,9.942116e+001
1.571701e+003,9.933016e+001
1.572183e+003,9.924124e+001
1.572665e+003,9.915822e+001
1.573147e+003,9.907911e+001
1.573629e+003,9.900072e+001
1.574111e+003,9.892382e+001
1.574593e+003,9.885679e+001
1.575075e+003,9.881511e+001
1.575558e+003,9.881514e+001
1.576040e+003,9.886333e+001
1.576522e+003,9.894756e+001
1.577004e+003,9.903757e+001
1.577486e+003,9.909586e+001
1.577968e+003,9.909167e+001
1.578450e+003,9.900982e+001
1.578932e+003,9.885116e+001
1.579415e+003,9.862856e+001
1.579897e+003,9.836167e+001
1.580379e+003,9.807247e+001
1.580861e+003,9.778207e+001
1.581343e+003,9.750859e+001
1.581825e+003,9.726618e+001
1.582307e+003,9.706396e+001
1.582789e+003,9.690567e+001
1.583271e+003,9.678937e+001
1.583754e+003,9.670722e+001
1.584236e+003,9.664669e+001
1.584718e+003,9.659308e+001
1.585200e+003,9.653327e+001
1.585682e+003,9.645943e+001
1.586164e+003,9.637036e+001
1.586646e+003,9.627039e+001
1.587128e+003,9.616550e+001
1.587611e+003,9.605930e+001
1.588093e+003,9.595039e+001
1.588575e+003,9.583314e+001
1.589057e+003,9.570110e+001
1.589539e+003,9.555171e+001
1.590021e+003,9.538962e+001
1.590503e+003,9.522622e+001
1.590985e+003,9.507573e+001
1.591468e+003,9.494923e+001
1.591949e+003,9.484921e+001
1.592432e+003,9.476740e+001
1.592914e+003,9.468622e+001
1.593396e+003,9.458386e+001
1.593878e+003,9.444032e+001
1.594360e+003,9.424187e+001
1.594842e+003,9.398228e+001
1.595324e+003,9.366093e+001
1.595806e+003,9.327914e+001
1.596289e+003,9.283717e+001
1.596771e+003,9.233282e+001
1.597253e+003,9.176226e+001
1.597735e+003,9.112194e+001
1.598217e+003,9.041048e+001
1.598699e+003,8.962966e+001
1.599181e+003,8.878446e+001
1.599663e+003,8.788265e+001
1.600146e+003,8.693459e+001
1.600628e+003,8.595375e+001
1.601110e+003,8.495756e+001
1.601592e+003,8.396839e+001
1.602074e+003,8.301341e+001
1.602556e+003,8.212360e+001
1.603038e+003,8.133143e+001
1.603520e+003,8.066871e+001
1.604002e+003,8.016529e+001
1.604485e+003,7.984946e+001
1.604967e+003,7.974984e+001
1.605449e+003,7.989675e+001
1.605931e+003,8.032082e+001
1.606413e+003,8.104686e+001
1.606895e+003,8.208375e+001
1.607377e+003,8.341328e+001
1.607859e+003,8.498356e+001
1.608342e+003,8.671108e+001
1.608824e+003,8.849271e+001
1.609306e+003,9.022343e+001
1.609788e+003,9.181377e+001
1.610270e+003,9.320145e+001
1.610752e+003,9.435538e+001
1.611234e+003,9.527346e+001
1.611716e+003,9.597617e+001
1.612198e+003,9.649850e+001
1.612681e+003,9.688201e+001
1.613163e+003,9.716823e+001
1.613645e+003,9.739378e+001
1.614127e+003,9.758792e+001
1.614609e+003,9.777107e+001
1.615091e+003,9.795504e+001
1.615573e+003,9.814375e+001
1.616055e+003,9.833523e+001
1.616538e+003,9.852399e+001
1.617020e+003,9.870338e+001
1.617502e+003,9.886705e+001
1.617984e+003,9.900962e+001
1.618466e+003,9.912620e+001
1.618948e+003,9.921152e+001
1.619430e+003,9.925964e+001
1.619912e+003,9.926516e+001
1.620395e+003,9.922655e+001
1.620876e+003,9.915024e+001
1.621359e+003,9.905295e+001
1.621841e+003,9.896095e+001
1.622323e+003,9.890377e+001
1.622805e+003,9.890499e+001
1.623287e+003,9.897285e+001
1.623769e+003,9.909656e+001
1.624251e+003,9.925030e+001
1.624733e+003,9.940359e+001
1.625216e+003,9.953241e+001
1.625698e+003,9.962609e+001
1.626180e+003,9.968742e+001
1.626662e+003,9.972802e+001
1.627144e+003,9.976096e+001
1.627626e+003,9.979410e+001
1.628108e+003,9.982623e+001
1.628590e+003,9.984778e+001
1.629073e+003,9.984534e+001
1.629555e+003,9.980779e+001
1.630037e+003,9.973113e+001
1.630519e+003,9.961987e+001
1.631001e+003,9.948486e+001
1.631483e+003,9.933960e+001
1.631965e+003,9.919701e+001
1.632447e+003,9.906789e+001
1.632929e+003,9.896140e+001
1.633412e+003,9.888704e+001
1.633894e+003,9.885602e+001
1.634376e+003,9.888119e+001
1.634858e+003,9.897350e+001
1.635340e+003,9.913560e+001
1.635822e+003,9.935558e+001
1.636304e+003,9.960549e+001
1.636786e+003,9.984834e+001
1.637269e+003,1.000501e+002
1.637751e+003,1.001891e+002
1.638233e+003,1.002573e+002
1.638715e+003,1.002562e+002
1.639197e+003,1.001924e+002
1.639679e+003,1.000740e+002
1.640161e+003,9.991079e+001
1.640643e+003,9.971457e+001
1.641125e+003,9.950110e+001
1.641608e+003,9.929045e+001
1.642090e+003,9.910603e+001
1.642572e+003,9.897205e+001
1.643054e+003,9.890981e+001
1.643536e+003,9.893340e+001
1.644018e+003,9.904464e+001
1.644500e+003,9.922968e+001
1.644982e+003,9.945771e+001
1.645465e+003,9.968433e+001
1.645947e+003,9.986094e+001
1.646429e+003,9.994765e+001
1.646911e+003,9.992525e+001
1.647393e+003,9.979909e+001
1.647875e+003,9.959402e+001
1.648357e+003,9.934379e+001
1.648839e+003,9.908112e+001
1.649322e+003,9.883192e+001
1.649803e+003,9.861414e+001
1.650286e+003,9.844016e+001
1.650768e+003,9.832103e+001
1.651250e+003,9.827065e+001
1.651732e+003,9.830782e+001
1.652214e+003,9.845183e+001
1.652696e+003,9.871090e+001
1.653178e+003,9.906662e+001
1.653660e+003,9.946715e+001
1.654143e+003,9.984081e+001
1.654625e+003,1.001249e+002
1.655107e+003,1.002844e+002
1.655589e+003,1.003108e+002
1.656071e+003,1.002126e+002
1.656553e+003,1.000083e+002
1.657035e+003,9.972549e+001
1.657517e+003,9.940028e+001
1.658000e+003,9.907510e+001
1.658482e+003,9.879256e+001
1.658964e+003,9.858771e+001
1.659446e+003,9.848142e+001
1.659928e+003,9.847752e+001
1.660410e+003,9.856400e+001
1.660892e+003,9.871749e+001
1.661374e+003,9.890927e+001
1.661856e+003,9.911095e+001
1.662339e+003,9.929901e+001
1.662821e+003,9.945675e+001
1.663303e+003,9.957426e+001
1.663785e+003,9.964716e+001
1.664267e+003,9.967592e+001
1.664749e+003,9.966561e+001
1.665231e+003,9.962616e+001
1.665713e+003,9.957109e+001
1.666196e+003,9.951545e+001
1.666678e+003,9.947296e+001
1.667160e+003,9.945278e+001
1.667642e+003,9.945758e+001
1.668124e+003,9.948361e+001
1.668606e+003,9.952314e+001
1.669088e+003,9.956888e+001
1.669570e+003,9.961729e+001
1.670052e+003,9.966931e+001
1.670535e+003,9.972704e+001
1.671017e+003,9.978960e+001
1.671499e+003,9.984994e+001
1.671981e+003,9.989571e+001
1.672463e+003,9.991289e+001
1.672945e+003,9.989149e+001
1.673427e+003,9.983156e+001
1.673909e+003,9.974668e+001
1.674392e+003,9.966339e+001
1.674874e+003,9.961307e+001
1.675356e+003,9.961876e+001
1.675838e+003,9.968293e+001
1.676320e+003,9.978451e+001
1.676802e+003,9.988694e+001
1.677284e+003,9.995152e+001
1.677766e+003,9.994847e+001
1.678249e+003,9.986287e+001
1.678730e+003,9.969615e+001
1.679213e+003,9.946486e+001
1.679695e+003,9.919676e+001
1.680177e+003,9.892492e+001
1.680659e+003,9.868153e+001
1.681141e+003,9.849401e+001
1.681623e+003,9.838321e+001
1.682105e+003,9.836358e+001
1.682587e+003,9.844234e+001
1.683070e+003,9.861688e+001
1.683552e+003,9.887163e+001
1.684034e+003,9.917735e+001
1.684516e+003,9.949611e+001
1.684998e+003,9.979242e+001
1.685480e+003,1.000459e+002
1.685962e+003,1.002552e+002
1.686444e+003,1.004289e+002
1.686927e+003,1.005714e+002
1.687409e+003,1.006734e+002
1.687891e+003,1.007128e+002
1.688373e+003,1.006640e+002
1.688855e+003,1.005141e+002
1.689337e+003,1.002752e+002
1.689819e+003,9.998867e+001
1.690301e+003,9.971454e+001
1.690783e+003,9.951141e+001
1.691266e+003,9.941570e+001
1.691748e+003,9.942983e+001
1.692230e+003,9.952358e+001
1.692712e+003,9.964558e+001
1.693194e+003,9.974020e+001
1.693676e+003,9.976470e+001
1.694158e+003,9.970281e+001
1.694640e+003,9.957184e+001
1.695123e+003,9.941801e+001
1.695605e+003,9.929756e+001
1.696087e+003,9.925072e+001
1.696569e+003,9.928471e+001
1.697051e+003,9.937664e+001
1.697533e+003,9.949027e+001
1.698015e+003,9.959285e+001
1.698497e+003,9.966424e+001
1.698979e+003,9.970010e+001
1.699462e+003,9.971175e+001
1.699944e+003,9.972140e+001
1.700426e+003,9.975081e+001
1.700908e+003,9.980797e+001
1.701390e+003,9.988234e+001
1.701872e+003,9.995337e+001
1.702354e+003,1.000011e+002
1.702836e+003,1.000111e+002
1.703319e+003,9.997461e+001
1.703801e+003,9.988938e+001
1.704283e+003,9.976276e+001
1.704765e+003,9.961453e+001
1.705247e+003,9.947554e+001
1.705729e+003,9.938035e+001
1.706211e+003,9.935555e+001
1.706693e+003,9.941058e+001
1.707176e+003,9.953455e+001
1.707657e+003,9.969984e+001
1.708140e+003,9.986993e+001
1.708622e+003,1.000099e+002
1.709104e+003,1.000961e+002
1.709586e+003,1.001212e+002
1.710068e+003,1.000939e+002
1.710550e+003,1.000316e+002
1.711032e+003,9.995187e+001
1.711514e+003,9.986501e+001
1.711997e+003,9.977209e+001
1.712479e+003,9.966801e+001
1.712961e+003,9.954812e+001
1.713443e+003,9.941485e+001
1.713925e+003,9.928136e+001
1.714407e+003,9.917018e+001
1.714889e+003,9.910764e+001
1.715371e+003,9.911650e+001
1.715854e+003,9.920850e+001
1.716336e+003,9.937931e+001
1.716818e+003,9.960696e+001
1.717300e+003,9.985586e+001
1.717782e+003,1.000852e+002
1.718264e+003,1.002598e+002
1.718746e+003,1.003582e+002
1.719229e+003,1.003764e+002
1.719710e+003,1.003244e+002
1.720193e+003,1.002205e+002
1.720675e+003,1.000854e+002
1.721157e+003,9.993794e+001
1.721639e+003,9.979359e+001
1.722121e+003,9.966383e+001
1.722603e+003,9.955715e+001
1.723085e+003,9.948008e+001
1.723567e+003,9.943803e+001
1.724050e+003,9.943495e+001
1.724532e+003,9.947226e+001
1.725014e+003,9.954652e+001
1.725496e+003,9.964728e+001
1.725978e+003,9.975628e+001
1.726460e+003,9.984930e+001
1.726942e+003,9.990118e+001
1.727424e+003,9.989304e+001
1.727906e+003,9.981960e+001
1.728389e+003,9.969292e+001
1.728871e+003,9.954041e+001
1.729353e+003,9.939697e+001
1.729835e+003,9.929384e+001
1.730317e+003,9.924956e+001
1.730799e+003,9.926622e+001
1.731281e+003,9.933216e+001
1.731763e+003,9.942908e+001
1.732246e+003,9.954056e+001
1.732728e+003,9.965865e+001
1.733210e+003,9.978593e+001
1.733692e+003,9.993034e+001
1.734174e+003,1.000945e+002
1.734656e+003,1.002656e+002
1.735138e+003,1.004156e+002
1.735620e+003,1.005123e+002
1.736103e+003,1.005331e+002
1.736585e+003,1.004710e+002
1.737067e+003,1.003346e+002
1.737549e+003,1.001442e+002
1.738031e+003,9.992818e+001
1.738513e+003,9.971893e+001
1.738995e+003,9.954747e+001
1.739477e+003,9.943665e+001
1.739959e+003,9.939603e+001
1.740442e+003,9.942063e+001
1.740924e+003,9.949468e+001
1.741406e+003,9.959715e+001
1.741888e+003,9.970650e+001
1.742370e+003,9.980360e+001
1.742852e+003,9.987343e+001
1.743334e+003,9.990669e+001
1.743816e+003,9.990091e+001
1.744299e+003,9.986058e+001
1.744781e+003,9.979544e+001
1.745263e+003,9.971790e+001
1.745745e+003,9.963988e+001
1.746227e+003,9.957078e+001
1.746709e+003,9.951679e+001
1.747191e+003,9.948209e+001
1.747673e+003,9.947029e+001
1.748156e+003,9.948563e+001
1.748637e+003,9.953258e+001
1.749120e+003,9.961376e+001
1.749602e+003,9.972684e+001
1.750084e+003,9.986212e+001
1.750566e+003,1.000024e+002
1.751048e+003,1.001259e+002
1.751530e+003,1.002128e+002
1.752012e+003,1.002509e+002
1.752494e+003,1.002393e+002
1.752977e+003,1.001871e+002
1.753459e+003,1.001083e+002
1.753941e+003,1.000165e+002
1.754423e+003,9.992119e+001
1.754905e+003,9.982732e+001
1.755387e+003,9.973693e+001
1.755869e+003,9.965257e+001
1.756351e+003,9.957928e+001
1.756833e+003,9.952516e+001
1.757316e+003,9.949857e+001
1.757798e+003,9.950482e+001
1.758280e+003,9.954330e+001
1.758762e+003,9.960674e+001
1.759244e+003,9.968255e+001
1.759726e+003,9.975603e+001
1.760208e+003,9.981453e+001
1.760690e+003,9.985191e+001
1.761173e+003,9.987105e+001
1.761655e+003,9.988339e+001
1.762137e+003,9.990405e+001
1.762619e+003,9.994519e+001
1.763101e+003,1.000097e+002
1.763583e+003,1.000893e+002
1.764065e+003,1.001660e+002
1.764547e+003,1.002177e+002
1.765030e+003,1.002245e+002
1.765512e+003,1.001753e+002
1.765994e+003,1.000721e+002
1.766476e+003,9.993143e+001
1.766958e+003,9.978143e+001
1.767440e+003,9.965340e+001
1.767922e+003,9.957167e+001
1.768404e+003,9.954581e+001
1.768886e+003,9.956868e+001
1.769369e+003,9.962089e+001
1.769851e+003,9.967928e+001
1.770333e+003,9.972530e+001
1.770815e+003,9.975127e+001
1.771297e+003,9.976208e+001
1.771779e+003,9.977183e+001
1.772261e+003,9.979593e+001
1.772743e+003,9.984213e+001
1.773226e+003,9.990588e+001
1.773708e+003,9.997231e+001
1.774190e+003,1.000231e+002
1.774672e+003,1.000435e+002
1.775154e+003,1.000263e+002
1.775636e+003,9.997230e+001
1.776118e+003,9.988865e+001
1.776600e+003,9.978659e+001
1.777083e+003,9.967889e+001
1.777564e+003,9.957813e+001
1.778047e+003,9.949551e+001
1.778529e+003,9.943987e+001
1.779011e+003,9.941672e+001
1.779493e+003,9.942691e+001
1.779975e+003,9.946586e+001
1.780457e+003,9.952399e+001
1.780939e+003,9.958922e+001
1.781421e+003,9.965081e+001
1.781904e+003,9.970327e+001
1.782386e+003,9.974782e+001
1.782868e+003,9.979081e+001
1.783350e+003,9.983917e+001
1.783832e+003,9.989539e+001
1.784314e+003,9.995403e+001
1.784796e+003,1.000026e+002
1.785278e+003,1.000257e+002
1.785760e+003,1.000123e+002
1.786243e+003,9.996074e+001
1.786725e+003,9.988064e+001
1.787207e+003,9.978886e+001
1.787689e+003,9.970308e+001
1.788171e+003,9.963567e+001
1.788653e+003,9.959032e+001
1.789135e+003,9.956271e+001
1.789617e+003,9.954494e+001
1.790100e+003,9.953108e+001
1.790582e+003,9.952144e+001
1.791064e+003,9.952319e+001
1.791546e+003,9.954673e+001
1.792028e+003,9.959898e+001
1.792510e+003,9.967784e+001
1.792992e+003,9.977051e+001
1.793474e+003,9.985773e+001
1.793957e+003,9.992126e+001
1.794439e+003,9.995007e+001
1.794921e+003,9.994209e+001
1.795403e+003,9.990228e+001
1.795885e+003,9.983846e+001
1.796367e+003,9.975807e+001
1.796849e+003,9.966713e+001
1.797331e+003,9.957111e+001
1.797813e+003,9.947701e+001
1.798296e+003,9.939490e+001
1.798778e+003,9.933685e+001
1.799260e+003,9.931407e+001
1.799742e+003,9.933237e+001
1.800224e+003,9.938893e+001
1.800706e+003,9.947176e+001
1.801188e+003,9.956284e+001
1.801670e+003,9.964400e+001
1.802153e+003,9.970263e+001
1.802635e+003,9.973438e+001
1.803117e+003,9.974223e+001
1.803599e+003,9.973279e+001
1.804081e+003,9.971221e+001
1.804563e+003,9.968400e+001
1.805045e+003,9.964948e+001
1.805527e+003,9.961014e+001
1.806010e+003,9.956985e+001
1.806491e+003,9.953586e+001
1.806974e+003,9.951679e+001
1.807456e+003,9.951924e+001
1.807938e+003,9.954451e+001
1.808420e+003,9.958717e+001
1.808902e+003,9.963670e+001
1.809384e+003,9.968163e+001
1.809866e+003,9.971407e+001
1.810348e+003,9.973235e+001
1.810831e+003,9.974068e+001
1.811313e+003,9.974560e+001
1.811795e+003,9.975188e+001
1.812277e+003,9.975957e+001
1.812759e+003,9.976410e+001
1.813241e+003,9.975905e+001
1.813723e+003,9.974026e+001
1.814205e+003,9.970837e+001
1.814688e+003,9.966936e+001
1.815170e+003,9.963224e+001
1.815652e+003,9.960545e+001
1.816134e+003,9.959370e+001
1.816616e+003,9.959637e+001
1.817098e+003,9.960870e+001
1.817580e+003,9.962433e+001
1.818062e+003,9.963837e+001
1.818544e+003,9.964889e+001
1.819027e+003,9.965657e+001
1.819509e+003,9.966276e+001
1.819991e+003,9.966766e+001
1.820473e+003,9.966927e+001
1.820955e+003,9.966410e+001
1.821437e+003,9.964869e+001
1.821919e+003,9.962078e+001
1.822401e+003,9.958027e+001
1.822884e+003,9.952888e+001
1.823366e+003,9.947018e+001
1.823848e+003,9.940922e+001
1.824330e+003,9.935284e+001
1.824812e+003,9.930924e+001
1.825294e+003,9.928664e+001
1.825776e+003,9.929092e+001
1.826258e+003,9.932338e+001
1.826740e+003,9.937910e+001
1.827223e+003,9.944754e+001
1.827705e+003,9.951460e+001
1.828187e+003,9.956723e+001
1.828669e+003,9.959829e+001
1.829151e+003,9.961009e+001
1.829633e+003,9.961380e+001
1.830115e+003,9.962461e+001
1.830597e+003,9.965401e+001
1.831080e+003,9.970387e+001
1.831562e+003,9.976504e+001
1.832044e+003,9.982151e+001
1.832526e+003,9.985741e+001
1.833008e+003,9.986397e+001
1.833490e+003,9.984331e+001
1.833972e+003,9.980788e+001
1.834454e+003,9.977534e+001
1.834937e+003,9.976160e+001
1.835418e+003,9.977410e+001
1.835901e+003,9.980904e+001
1.836383e+003,9.985296e+001
1.836865e+003,9.988834e+001
1.837347e+003,9.990012e+001
1.837829e+003,9.988084e+001
1.838311e+003,9.983204e+001
1.838793e+003,9.976236e+001
1.839275e+003,9.968356e+001
1.839758e+003,9.960631e+001
1.840240e+003,9.953791e+001
1.840722e+003,9.948181e+001
1.841204e+003,9.943892e+001
1.841686e+003,9.940960e+001
1.842168e+003,9.939459e+001
1.842650e+003,9.939551e+001
1.843132e+003,9.941402e+001
1.843615e+003,9.945073e+001
1.844097e+003,9.950375e+001
1.844579e+003,9.956792e+001
1.845061e+003,9.963516e+001
1.845543e+003,9.969577e+001
1.846025e+003,9.974001e+001
1.846507e+003,9.975955e+001
1.846989e+003,9.974876e+001
1.847471e+003,9.970616e+001
1.847954e+003,9.963558e+001
1.848436e+003,9.954646e+001
1.848918e+003,9.945209e+001
1.849400e+003,9.936694e+001
1.849882e+003,9.930276e+001
1.850364e+003,9.926591e+001
1.850846e+003,9.925650e+001
1.851328e+003,9.926971e+001
1.851811e+003,9.929852e+001
1.852293e+003,9.933652e+001
1.852775e+003,9.937923e+001
1.853257e+003,9.942412e+001
1.853739e+003,9.946914e+001
1.854221e+003,9.951125e+001
1.854703e+003,9.954614e+001
1.855185e+003,9.956921e+001
1.855667e+003,9.957776e+001
1.856150e+003,9.957313e+001
1.856632e+003,9.956123e+001
1.857114e+003,9.955097e+001
1.857596e+003,9.955157e+001
1.858078e+003,9.956944e+001
1.858560e+003,9.960599e+001
1.859042e+003,9.965752e+001
1.859524e+003,9.971662e+001
1.860007e+003,9.977460e+001
1.860489e+003,9.982347e+001
1.860971e+003,9.985709e+001
1.861453e+003,9.987135e+001
1.861935e+003,9.986423e+001
1.862417e+003,9.983578e+001
1.862899e+003,9.978861e+001
1.863381e+003,9.972821e+001
1.863864e+003,9.966248e+001
1.864345e+003,9.959998e+001
1.864828e+003,9.954782e+001
1.865310e+003,9.950925e+001
1.865792e+003,9.948318e+001
1.866274e+003,9.946496e+001
1.866756e+003,9.944927e+001
1.867238e+003,9.943334e+001
1.867720e+003,9.941898e+001
1.868202e+003,9.941213e+001
1.868685e+003,9.942012e+001
1.869167e+003,9.944706e+001
1.869649e+003,9.949117e+001
1.870131e+003,9.954433e+001
1.870613e+003,9.959518e+001
1.871095e+003,9.963326e+001
1.871577e+003,9.965253e+001
1.872059e+003,9.965224e+001
1.872542e+003,9.963585e+001
1.873024e+003,9.960832e+001
1.873506e+003,9.957420e+001
1.873988e+003,9.953663e+001
1.874470e+003,9.949817e+001
1.874952e+003,9.946225e+001
1.875434e+003,9.943399e+001
1.875916e+003,9.941935e+001
1.876398e+003,9.942297e+001
1.876881e+003,9.944522e+001
1.877363e+003,9.948100e+001
1.877845e+003,9.952048e+001
1.878327e+003,9.955260e+001
1.878809e+003,9.956956e+001
1.879291e+003,9.956989e+001
1.879773e+003,9.955880e+001
1.880255e+003,9.954533e+001
1.880738e+003,9.953757e+001
1.881220e+003,9.953891e+001
1.881702e+003,9.954635e+001
1.882184e+003,9.955263e+001
1.882666e+003,9.955001e+001
1.883148e+003,9.953448e+001
1.883630e+003,9.950766e+001
1.884112e+003,9.947552e+001
1.884594e+003,9.944514e+001
1.885077e+003,9.942123e+001
1.885559e+003,9.940394e+001
1.886041e+003,9.938992e+001
1.886523e+003,9.937502e+001
1.887005e+003,9.935737e+001
1.887487e+003,9.933890e+001
1.887969e+003,9.932454e+001
1.888451e+003,9.931935e+001
1.888934e+003,9.932544e+001
1.889416e+003,9.934032e+001
1.889898e+003,9.935778e+001
1.890380e+003,9.937073e+001
1.890862e+003,9.937452e+001
1.891344e+003,9.936842e+001
1.891826e+003,9.935481e+001
1.892308e+003,9.933653e+001
1.892791e+003,9.931413e+001
1.893272e+003,9.928489e+001
1.893755e+003,9.924426e+001
1.894237e+003,9.918882e+001
1.894719e+003,9.911937e+001
1.895201e+003,9.904173e+001
1.895683e+003,9.896533e+001
1.896165e+003,9.889964e+001
1.896647e+003,9.885098e+001
1.897129e+003,9.882075e+001
1.897612e+003,9.880659e+001
1.898094e+003,9.880542e+001
1.898576e+003,9.881619e+001
1.899058e+003,9.884128e+001
1.899540e+003,9.888512e+001
1.900022e+003,9.895078e+001
1.900504e+003,9.903680e+001
1.900986e+003,9.913546e+001
1.901469e+003,9.923454e+001
1.901951e+003,9.932123e+001
1.902433e+003,9.938669e+001
1.902915e+003,9.942865e+001
1.903397e+003,9.945126e+001
1.903879e+003,9.946153e+001
1.904361e+003,9.946567e+001
1.904843e+003,9.946590e+001
1.905325e+003,9.946029e+001
1.905808e+003,9.944488e+001
1.906290e+003,9.941717e+001
1.906772e+003,9.937836e+001
1.907254e+003,9.933398e+001
1.907736e+003,9.929190e+001
1.908218e+003,9.925980e+001
1.908700e+003,9.924212e+001
1.909182e+003,9.923923e+001
1.909665e+003,9.924792e+001
1.910147e+003,9.926299e+001
1.910629e+003,9.927920e+001
1.911111e+003,9.929224e+001
1.911593e+003,9.929874e+001
1.912075e+003,9.929659e+001
1.912557e+003,9.928482e+001
1.913039e+003,9.926456e+001
1.913521e+003,9.923923e+001
1.914004e+003,9.921463e+001
1.914486e+003,9.919699e+001
1.914968e+003,9.919099e+001
1.915450e+003,9.919772e+001
1.915932e+003,9.921455e+001
1.916414e+003,9.923647e+001
1.916896e+003,9.925930e+001
1.917378e+003,9.928204e+001
1.917861e+003,9.930774e+001
1.918343e+003,9.934066e+001
1.918825e+003,9.938241e+001
1.919307e+003,9.942800e+001
1.919789e+003,9.946585e+001
1.920271e+003,9.948079e+001
1.920753e+003,9.946046e+001
1.921235e+003,9.940143e+001
1.921718e+003,9.931268e+001
1.922199e+003,9.921392e+001
1.922682e+003,9.912898e+001
1.923164e+003,9.907672e+001
1.923646e+003,9.906393e+001
1.924128e+003,9.908273e+001
1.924610e+003,9.911488e+001
1.925092e+003,9.914005e+001
1.925574e+003,9.914468e+001
1.926056e+003,9.912718e+001
1.926539e+003,9.909767e+001
1.927021e+003,9.907285e+001
1.927503e+003,9.906903e+001
1.927985e+003,9.909576e+001
1.928467e+003,9.915329e+001
1.928949e+003,9.923354e+001
1.929431e+003,9.932339e+001
1.929913e+003,9.940833e+001
1.930396e+003,9.947488e+001
1.930878e+003,9.951148e+001
1.931360e+003,9.950971e+001
1.931842e+003,9.946566e+001
1.932324e+003,9.938270e+001
1.932806e+003,9.927292e+001
1.933288e+003,9.915653e+001
1.933770e+003,9.905722e+001
1.934252e+003,9.899566e+001
1.934735e+003,9.898241e+001
1.935217e+003,9.901420e+001
1.935699e+003,9.907446e+001
1.936181e+003,9.913970e+001
1.936663e+003,9.918787e+001
1.937145e+003,9.920665e+001
1.937627e+003,9.919614e+001
1.938109e+003,9.916684e+001
1.938592e+003,9.913351e+001
1.939074e+003,9.910929e+001
1.939556e+003,9.910173e+001
1.940038e+003,9.911342e+001
1.940520e+003,9.914455e+001
1.941002e+003,9.919569e+001
1.941484e+003,9.926797e+001
1.941966e+003,9.936018e+001
1.942448e+003,9.946422e+001
1.942931e+003,9.956326e+001
1.943413e+003,9.963375e+001
1.943895e+003,9.965321e+001
1.944377e+003,9.960882e+001
1.944859e+003,9.950410e+001
1.945341e+003,9.935857e+001
1.945823e+003,9.920176e+001
1.946305e+003,9.906313e+001
1.946788e+003,9.896346e+001
1.947270e+003,9.890940e+001
1.947752e+003,9.889496e+001
1.948234e+003,9.890638e+001
1.948716e+003,9.892906e+001
1.949198e+003,9.895191e+001
1.949680e+003,9.896792e+001
1.950162e+003,9.897155e+001
1.950645e+003,9.895694e+001
1.951126e+003,9.891753e+001
1.951609e+003,9.884978e+001
1.952091e+003,9.875683e+001
1.952573e+003,9.865111e+001
1.953055e+003,9.855141e+001
1.953537e+003,9.847705e+001
1.954019e+003,9.844053e+001
1.954501e+003,9.844340e+001
1.954983e+003,9.847639e+001
1.955466e+003,9.852542e+001
1.955948e+003,9.857891e+001
1.956430e+003,9.863305e+001
1.956912e+003,9.869141e+001
1.957394e+003,9.875899e+001
1.957876e+003,9.883368e+001
1.958358e+003,9.890230e+001
1.958840e+003,9.894245e+001
1.959323e+003,9.893298e+001
1.959805e+003,9.886678e+001
1.960287e+003,9.875754e+001
1.960769e+003,9.863674e+001
1.961251e+003,9.854138e+001
1.961733e+003,9.849770e+001
1.962215e+003,9.851054e+001
1.962697e+003,9.856158e+001
1.963179e+003,9.861883e+001
1.963662e+003,9.865217e+001
1.964144e+003,9.864724e+001
1.964626e+003,9.860973e+001
1.965108e+003,9.855966e+001
1.965590e+003,9.851849e+001
1.966072e+003,9.849890e+001
1.966554e+003,9.849947e+001
1.967036e+003,9.850986e+001
1.967519e+003,9.851945e+001
1.968001e+003,9.852569e+001
1.968483e+003,9.853372e+001
1.968965e+003,9.854896e+001
1.969447e+003,9.856574e+001
1.969929e+003,9.856258e+001
1.970411e+003,9.850591e+001
1.970893e+003,9.836545e+001
1.971375e+003,9.813177e+001
1.971858e+003,9.782703e+001
1.972340e+003,9.750108e+001
1.972822e+003,9.721539e+001
1.973304e+003,9.702088e+001
1.973786e+003,9.694259e+001
1.974268e+003,9.697376e+001
1.974750e+003,9.708522e+001
1.975232e+003,9.724265e+001
1.975715e+003,9.742292e+001
1.976197e+003,9.762068e+001
1.976679e+003,9.784088e+001
1.977161e+003,9.808233e+001
1.977643e+003,9.832663e+001
1.978125e+003,9.853816e+001
1.978607e+003,9.868008e+001
1.979089e+003,9.873340e+001
1.979572e+003,9.870729e+001
1.980053e+003,9.863358e+001
1.980536e+003,9.854993e+001
1.981018e+003,9.848100e+001
1.981500e+003,9.842964e+001
1.981982e+003,9.837811e+001
1.982464e+003,9.830235e+001
1.982946e+003,9.818877e+001
1.983428e+003,9.804680e+001
1.983910e+003,9.790707e+001
1.984393e+003,9.780956e+001
1.984875e+003,9.778477e+001
1.985357e+003,9.784055e+001
1.985839e+003,9.795779e+001
1.986321e+003,9.810065e+001
1.986803e+003,9.823291e+001
1.987285e+003,9.833434e+001
1.987767e+003,9.840549e+001
1.988250e+003,9.846117e+001
1.988732e+003,9.851535e+001
1.989214e+003,9.856934e+001
1.989696e+003,9.860776e+001
1.990178e+003,9.860823e+001
1.990660e+003,9.855716e+001
1.991142e+003,9.846312e+001
1.991624e+003,9.835925e+001
1.992106e+003,9.829245e+001
1.992589e+003,9.830322e+001
1.993071e+003,9.840878e+001
1.993553e+003,9.859426e+001
1.994035e+003,9.882025e+001
1.994517e+003,9.903991e+001
1.994999e+003,9.921960e+001
1.995481e+003,9.935094e+001
1.995963e+003,9.944944e+001
1.996446e+003,9.954174e+001
1.996928e+003,9.964913e+001
1.997410e+003,9.977541e+001
1.997892e+003,9.990594e+001
1.998374e+003,1.000159e+002
1.998856e+003,1.000835e+002
1.999338e+003,1.000984e+002
1.999820e+003,1.000636e+002
2.000302e+003,9.998782e+001
2.000785e+003,9.987878e+001
2.001267e+003,9.973726e+001
2.001749e+003,9.956071e+001
2.002231e+003,9.935034e+001
2.002713e+003,9.911915e+001
2.003195e+003,9.889323e+001
2.003677e+003,9.870612e+001
2.004159e+003,9.858705e+001
2.004642e+003,9.855119e+001
2.005124e+003,9.859413e+001
2.005606e+003,9.869805e+001
2.006088e+003,9.884347e+001
2.006570e+003,9.902133e+001
2.007052e+003,9.923626e+001
2.007534e+003,9.949751e+001
2.008016e+003,9.980151e+001
2.008499e+003,1.001193e+002
2.008980e+003,1.003955e+002
2.009463e+003,1.005652e+002
2.009945e+003,1.005810e+002
2.010427e+003,1.004347e+002
2.010909e+003,1.001632e+002
2.011391e+003,9.983458e+001
2.011873e+003,9.952227e+001
2.012355e+003,9.927975e+001
2.012837e+003,9.912495e+001
2.013320e+003,9.904279e+001
2.013802e+003,9.900048e+001
2.014284e+003,9.897057e+001
2.014766e+003,9.894457e+001
2.015248e+003,9.893427e+001
2.015730e+003,9.895856e+001
2.016212e+003,9.902712e+001
2.016694e+003,9.912917e+001
2.017177e+003,9.923674e+001
2.017659e+003,9.931926e+001
2.018141e+003,9.936218e+001
2.018623e+003,9.937593e+001
2.019105e+003,9.939019e+001
2.019587e+003,9.943523e+001
2.020069e+003,9.952299e+001
2.020551e+003,9.963569e+001
2.021033e+003,9.973306e+001
2.021516e+003,9.977252e+001
2.021998e+003,9.973238e+001
2.022480e+003,9.962569e+001
2.022962e+003,9.949554e+001
2.023444e+003,9.939331e+001
2.023926e+003,9.935410e+001
2.024408e+003,9.937762e+001
2.024890e+003,9.942820e+001
2.025373e+003,9.945315e+001
2.025855e+003,9.941058e+001
2.026337e+003,9.929161e+001
2.026819e+003,9.912573e+001
2.027301e+003,9.896688e+001
2.027783e+003,9.887025e+001
2.028265e+003,9.886771e+001
2.028747e+003,9.895677e+001
2.029229e+003,9.910452e+001
2.029712e+003,9.926487e+001
2.030194e+003,9.939763e+001
2.030676e+003,9.948132e+001
2.031158e+003,9.951206e+001
2.031640e+003,9.949609e+001
2.032122e+003,9.943958e+001
2.032604e+003,9.934613e+001
2.033086e+003,9.922012e+001
2.033569e+003,9.907518e+001
2.034051e+003,9.893784e+001
2.034533e+003,9.884351e+001
2.035015e+003,9.882430e+001
2.035497e+003,9.889571e+001
2.035979e+003,9.904692e+001
2.036461e+003,9.924346e+001
2.036943e+003,9.943835e+001
2.037426e+003,9.958977e+001
2.037907e+003,9.967484e+001
2.038390e+003,9.969450e+001
2.038872e+003,9.966720e+001
2.039354e+003,9.961867e+001
2.039836e+003,9.956939e+001
2.040318e+003,9.953004e+001
2.040800e+003,9.950262e+001
2.041282e+003,9.948602e+001
2.041764e+003,9.948122e+001
2.042247e+003,9.949236e+001
2.042729e+003,9.952305e+001
2.043211e+003,9.957175e+001
2.043693e+003,9.962887e+001
2.044175e+003,9.967944e+001
2.044657e+003,9.970973e+001
2.045139e+003,9.971514e+001
2.045622e+003,9.970328e+001
2.046104e+003,9.969210e+001
2.046586e+003,9.970056e+001
2.047068e+003,9.974113e+001
2.047550e+003,9.981274e+001
2.048032e+003,9.990170e+001
2.048514e+003,9.998736e+001
2.048996e+003,1.000503e+002
2.049479e+003,1.000776e+002
2.049960e+003,1.000631e+002
2.050443e+003,1.000037e+002
2.050925e+003,9.989621e+001
2.051407e+003,9.973739e+001
2.051889e+003,9.952837e+001
2.052371e+003,9.928121e+001
2.052853e+003,9.902288e+001
2.053335e+003,9.879379e+001
2.053817e+003,9.863972e+001
2.054300e+003,9.859803e+001
2.054782e+003,9.868510e+001
2.055264e+003,9.888827e+001
2.055746e+003,9.916872e+001
2.056228e+003,9.947263e+001
2.056710e+003,9.974804e+001
2.057192e+003,9.995902e+001
2.057674e+003,1.000928e+002
2.058156e+003,1.001574e+002
2.058639e+003,1.001733e+002
2.059121e+003,1.001624e+002
2.059603e+003,1.001405e+002
2.060085e+003,1.001136e+002
2.060567e+003,1.000812e+002
2.061049e+003,1.000406e+002
2.061531e+003,9.999136e+001
2.062013e+003,9.993695e+001
2.062496e+003,9.988416e+001
2.062978e+003,9.983975e+001
2.063460e+003,9.980897e+001
2.063942e+003,9.979375e+001
2.064424e+003,9.979321e+001
2.064906e+003,9.980423e+001
2.065388e+003,9.982220e+001
2.065870e+003,9.984062e+001
2.066353e+003,9.985229e+001
2.066835e+003,9.985043e+001
2.067317e+003,9.983156e+001
2.067799e+003,9.979805e+001
2.068281e+003,9.975848e+001
2.068763e+003,9.972565e+001
2.069245e+003,9.971198e+001
2.069727e+003,9.972353e+001
2.070209e+003,9.975674e+001
2.070692e+003,9.979840e+001
2.071174e+003,9.983054e+001
2.071656e+003,9.983757e+001
2.072138e+003,9.981297e+001
2.072620e+003,9.976205e+001
2.073102e+003,9.969971e+001
2.073584e+003,9.964397e+001
2.074066e+003,9.960955e+001
2.074549e+003,9.960285e+001
2.075031e+003,9.962200e+001
2.075513e+003,9.965996e+001
2.075995e+003,9.970985e+001
2.076477e+003,9.976777e+001
2.076959e+003,9.983322e+001
2.077441e+003,9.990517e+001
2.077923e+003,9.997867e+001
2.078406e+003,1.000423e+002
2.078887e+003,1.000809e+002
2.079370e+003,1.000809e+002
2.079852e+003,1.000371e+002
2.080334e+003,9.995684e+001
2.080816e+003,9.985908e+001
2.081298e+003,9.976865e+001
2.081780e+003,9.970846e+001
2.082262e+003,9.969125e+001
2.082744e+003,9.971670e+001
2.083227e+003,9.977260e+001
2.083709e+003,9.984084e+001
2.084191e+003,9.990470e+001
2.084673e+003,9.995482e+001
2.085155e+003,9.999075e+001
2.085637e+003,1.000194e+002
2.086119e+003,1.000501e+002
2.086601e+003,1.000899e+002
2.087083e+003,1.001407e+002
2.087566e+003,1.001981e+002
2.088048e+003,1.002533e+002
2.088530e+003,1.002952e+002
2.089012e+003,1.003132e+002
2.089494e+003,1.002995e+002
2.089976e+003,1.002508e+002
2.090458e+003,1.001693e+002
2.090940e+003,1.000630e+002
2.091423e+003,9.994526e+001
2.091905e+003,9.983159e+001
2.092387e+003,9.973702e+001
2.092869e+003,9.967176e+001
2.093351e+003,9.963902e+001
2.093833e+003,9.963391e+001
2.094315e+003,9.964564e+001
2.094797e+003,9.966152e+001
2.095280e+003,9.967166e+001
2.095762e+003,9.967175e+001
2.096244e+003,9.966350e+001
2.096726e+003,9.965160e+001
2.097208e+003,9.964031e+001
2.097690e+003,9.963039e+001
2.098172e+003,9.961881e+001
2.098654e+003,9.960089e+001
2.099136e+003,9.957360e+001
2.099619e+003,9.953797e+001
2.100101e+003,9.949964e+001
2.100583e+003,9.946639e+001
2.101065e+003,9.944492e+001
2.101547e+003,9.943713e+001
2.102029e+003,9.943961e+001
2.102511e+003,9.944475e+001
2.102993e+003,9.944460e+001
2.103476e+003,9.943443e+001
2.103958e+003,9.941489e+001
2.104440e+003,9.939156e+001
2.104922e+003,9.937270e+001
2.105404e+003,9.936568e+001
2.105886e+003,9.937480e+001
2.106368e+003,9.940044e+001
2.106850e+003,9.944031e+001
2.107333e+003,9.949091e+001
2.107814e+003,9.954933e+001
2.108297e+003,9.961302e+001
2.108779e+003,9.967926e+001
2.109261e+003,9.974317e+001
2.109743e+003,9.979755e+001
2.110225e+003,9.983350e+001
2.110707e+003,9.984245e+001
2.111189e+003,9.981900e+001
2.111671e+003,9.976311e+001
2.112154e+003,9.968062e+001
2.112636e+003,9.958291e+001
2.113118e+003,9.948432e+001
2.113600e+003,9.939948e+001
2.114082e+003,9.934060e+001
2.114564e+003,9.931525e+001
2.115046e+003,9.932515e+001
2.115528e+003,9.936642e+001
2.116010e+003,9.943002e+001
2.116493e+003,9.950381e+001
2.116975e+003,9.957465e+001
2.117457e+003,9.963145e+001
2.117939e+003,9.966738e+001
2.118421e+003,9.968149e+001
2.118903e+003,9.967857e+001
2.119385e+003,9.966769e+001
2.119867e+003,9.965891e+001
2.120350e+003,9.966093e+001
2.120832e+003,9.967824e+001
2.121314e+003,9.971053e+001
2.121796e+003,9.975307e+001
2.122278e+003,9.979832e+001
2.122760e+003,9.983794e+001
2.123242e+003,9.986478e+001
2.123724e+003,9.987399e+001
2.124207e+003,9.986420e+001
2.124689e+003,9.983720e+001
2.125171e+003,9.979808e+001
2.125653e+003,9.975389e+001
2.126135e+003,9.971217e+001
2.126617e+003,9.967876e+001
2.127099e+003,9.965612e+001
2.127581e+003,9.964233e+001
2.128063e+003,9.963223e+001
2.128546e+003,9.961940e+001
2.129028e+003,9.959985e+001
2.129510e+003,9.957429e+001
2.129992e+003,9.954868e+001
2.130474e+003,9.953256e+001
2.130956e+003,9.953462e+001
2.131438e+003,9.955840e+001
2.131920e+003,9.959961e+001
2.132403e+003,9.964591e+001
2.132885e+003,9.968126e+001
2.133367e+003,9.969179e+001
2.133849e+003,9.967170e+001
2.134331e+003,9.962591e+001
2.134813e+003,9.956827e+001
2.135295e+003,9.951556e+001
2.135777e+003,9.948096e+001
2.136260e+003,9.946882e+001
2.136741e+003,9.947427e+001
2.137224e+003,9.948627e+001
2.137706e+003,9.949334e+001
2.138188e+003,9.948870e+001
2.138670e+003,9.947258e+001
2.139152e+003,9.945107e+001
2.139634e+003,9.943285e+001
2.140116e+003,9.942504e+001
2.140598e+003,9.943089e+001
2.141081e+003,9.944913e+001
2.141563e+003,9.947504e+001
2.142045e+003,9.950227e+001
2.142527e+003,9.952474e+001
2.143009e+003,9.953703e+001
2.143491e+003,9.953593e+001
2.143973e+003,9.952081e+001
2.144455e+003,9.949542e+001
2.144938e+003,9.946918e+001
2.145420e+003,9.945634e+001
2.145902e+003,9.947348e+001
2.146384e+003,9.953507e+001
2.146866e+003,9.964724e+001
2.147348e+003,9.980524e+001
2.147830e+003,9.999173e+001
2.148312e+003,1.001817e+002
2.148794e+003,1.003481e+002
2.149277e+003,1.004698e+002
2.149759e+003,1.005346e+002
2.150241e+003,1.005399e+002
2.150723e+003,1.004888e+002
2.151205e+003,1.003868e+002
2.151687e+003,1.002385e+002
2.152169e+003,1.000479e+002
2.152651e+003,9.982031e+001
2.153134e+003,9.956422e+001
2.153616e+003,9.929086e+001
2.154098e+003,9.901330e+001
2.154580e+003,9.874330e+001
2.155062e+003,9.849204e+001
2.155544e+003,9.827108e+001
2.156026e+003,9.809787e+001
2.156508e+003,9.799927e+001
2.156990e+003,9.801248e+001
2.157473e+003,9.817631e+001
2.157955e+003,9.851649e+001
2.158437e+003,9.902531e+001
2.158919e+003,9.965221e+001
2.159401e+003,1.003078e+002
2.159883e+003,1.008904e+002
2.160365e+003,1.013192e+002
2.160847e+003,1.015589e+002
2.161330e+003,1.016220e+002
2.161812e+003,1.015550e+002
2.162294e+003,1.014143e+002
2.162776e+003,1.012473e+002
2.163258e+003,1.010793e+002
2.163740e+003,1.009122e+002
2.164222e+003,1.007318e+002
2.164704e+003,1.005196e+002
2.165187e+003,1.002648e+002
2.165668e+003,9.997002e+001
2.166151e+003,9.965067e+001
2.166633e+003,9.933106e+001
2.167115e+003,9.903606e+001
2.167597e+003,9.878616e+001
2.168079e+003,9.859336e+001
2.168561e+003,9.846130e+001
2.169043e+003,9.838671e+001
2.169525e+003,9.836230e+001
2.170008e+003,9.837808e+001
2.170490e+003,9.842377e+001
2.170972e+003,9.848985e+001
2.171454e+003,9.856956e+001
2.171936e+003,9.866030e+001
2.172418e+003,9.876421e+001
2.172900e+003,9.888608e+001
2.173382e+003,9.903101e+001
2.173865e+003,9.919985e+001
2.174347e+003,9.938724e+001
2.174829e+003,9.958045e+001
2.175311e+003,9.976252e+001
2.175793e+003,9.991618e+001
2.176275e+003,1.000277e+002
2.176757e+003,1.000887e+002
2.177239e+003,1.000964e+002
2.177721e+003,1.000513e+002
2.178204e+003,9.995728e+001
2.178686e+003,9.982159e+001
2.179168e+003,9.965770e+001
2.179650e+003,9.948572e+001
2.180132e+003,9.933157e+001
2.180614e+003,9.922200e+001
2.181096e+003,9.917818e+001
2.181578e+003,9.920919e+001
2.182061e+003,9.930898e+001
2.182543e+003,9.945728e+001
2.183025e+003,9.962579e+001
2.183507e+003,9.978617e+001
2.183989e+003,9.991733e+001
2.184471e+003,1.000085e+002
2.184953e+003,1.000577e+002
2.185435e+003,1.000680e+002
2.185917e+003,1.000436e+002
2.186400e+003,9.998860e+001
2.186882e+003,9.990824e+001
2.187364e+003,9.981131e+001
2.187846e+003,9.971178e+001
2.188328e+003,9.962767e+001
2.188810e+003,9.957677e+001
2.189292e+003,9.957060e+001
2.189774e+003,9.961032e+001
2.190257e+003,9.968422e+001
2.190739e+003,9.977070e+001
2.191221e+003,9.984347e+001
2.191703e+003,9.987881e+001
2.192185e+003,9.986140e+001
2.192667e+003,9.978751e+001
2.193149e+003,9.966438e+001
2.193631e+003,9.950873e+001
2.194114e+003,9.934261e+001
2.194595e+003,9.919048e+001
2.195078e+003,9.907475e+001
2.195560e+003,9.901203e+001
2.196042e+003,9.900956e+001
2.196524e+003,9.906327e+001
2.197006e+003,9.915764e+001
2.197488e+003,9.926971e+001
2.197970e+003,9.937463e+001
2.198452e+003,9.945370e+001
2.198935e+003,9.950023e+001
2.199417e+003,9.952146e+001
2.199899e+003,9.953547e+001
2.200381e+003,9.956435e+001
2.200863e+003,9.962524e+001
2.201345e+003,9.972493e+001
2.201827e+003,9.985694e+001
2.202309e+003,1.000043e+002
2.202792e+003,1.001449e+002
2.203274e+003,1.002586e+002
2.203756e+003,1.003319e+002
2.204238e+003,1.003605e+002
2.204720e+003,1.003482e+002
2.205202e+003,1.003048e+002
2.205684e+003,1.002431e+002
2.206166e+003,1.001763e+002
2.206648e+003,1.001158e+002
2.207131e+003,1.000687e+002
2.207613e+003,1.000355e+002
2.208095e+003,1.000105e+002
2.208577e+003,9.998121e+001
2.209059e+003,9.993315e+001
2.209541e+003,9.985444e+001
2.210023e+003,9.974139e+001
2.210505e+003,9.960093e+001
2.210988e+003,9.944994e+001
2.211470e+003,9.930953e+001
2.211952e+003,9.919885e+001
2.212434e+003,9.912868e+001
2.212916e+003,9.910052e+001
2.213398e+003,9.910787e+001
2.213880e+003,9.914205e+001
2.214362e+003,9.919683e+001
2.214844e+003,9.927111e+001
2.215327e+003,9.936662e+001
2.215809e+003,9.948337e+001
2.216291e+003,9.961399e+001
2.216773e+003,9.974224e+001
2.217255e+003,9.984614e+001
2.217737e+003,9.990537e+001
2.218219e+003,9.991005e+001
2.218701e+003,9.986557e+001
2.219184e+003,9.979124e+001
2.219666e+003,9.971302e+001
2.220148e+003,9.965273e+001
2.220630e+003,9.962067e+001
2.221112e+003,9.961244e+001
2.221594e+003,9.961368e+001
2.222076e+003,9.960857e+001
2.222558e+003,9.958909e+001
2.223041e+003,9.955916e+001
2.223522e+003,9.953284e+001
2.224005e+003,9.952667e+001
2.224487e+003,9.955125e+001
2.224969e+003,9.960500e+001
2.225451e+003,9.967442e+001
2.225933e+003,9.973971e+001
2.226415e+003,9.978403e+001
2.226897e+003,9.980088e+001
2.227379e+003,9.979699e+001
2.227862e+003,9.978858e+001
2.228344e+003,9.979392e+001
2.228826e+003,9.982459e+001
2.229308e+003,9.988067e+001
2.229790e+003,9.994983e+001
2.230272e+003,1.000132e+002
2.230754e+003,1.000497e+002
2.231236e+003,1.000463e+002
2.231719e+003,1.000010e+002
2.232201e+003,9.992312e+001
2.232683e+003,9.982942e+001
2.233165e+003,9.973966e+001
2.233647e+003,9.967160e+001
2.234129e+003,9.963847e+001
2.234611e+003,9.964671e+001
2.235093e+003,9.969558e+001
2.235575e+003,9.977687e+001
2.236058e+003,9.987590e+001
2.236540e+003,9.997311e+001
2.237022e+003,1.000484e+002
2.237504e+003,1.000859e+002
2.237986e+003,1.000785e+002
2.238468e+003,1.000304e+002
2.238950e+003,9.995634e+001
2.239432e+003,9.987697e+001
2.239915e+003,9.981319e+001
2.240397e+003,9.977979e+001
2.240879e+003,9.978233e+001
2.241361e+003,9.981638e+001
2.241843e+003,9.987070e+001
2.242325e+003,9.993135e+001
2.242807e+003,9.998628e+001
2.243289e+003,1.000276e+002
2.243771e+003,1.000521e+002
2.244254e+003,1.000605e+002
2.244736e+003,1.000552e+002
2.245218e+003,1.000400e+002
2.245700e+003,1.000189e+002
2.246182e+003,9.999666e+001
2.246664e+003,9.997841e+001
2.247146e+003,9.996857e+001
2.247628e+003,9.997018e+001
2.248111e+003,9.998344e+001
2.248593e+003,1.000057e+002
2.249075e+003,1.000322e+002
2.249557e+003,1.000578e+002
2.250039e+003,1.000788e+002
2.250521e+003,1.000946e+002
2.251003e+003,1.001067e+002
2.251485e+003,1.001188e+002
2.251968e+003,1.001343e+002
2.252449e+003,1.001553e+002
2.252932e+003,1.001819e+002
2.253414e+003,1.002122e+002
2.253896e+003,1.002437e+002
2.254378e+003,1.002733e+002
2.254860e+003,1.002984e+002
2.255342e+003,1.003171e+002
2.255824e+003,1.003276e+002
2.256306e+003,1.003285e+002
2.256789e+003,1.003193e+002
2.257271e+003,1.003004e+002
2.257753e+003,1.002732e+002
2.258235e+003,1.002398e+002
2.258717e+003,1.002028e+002
2.259199e+003,1.001643e+002
2.259681e+003,1.001256e+002
2.260163e+003,1.000878e+002
2.260646e+003,1.000516e+002
2.261128e+003,1.000190e+002
2.261610e+003,9.999255e+001
2.262092e+003,9.997563e+001
2.262574e+003,9.997099e+001
2.263056e+003,9.997980e+001
2.263538e+003,1.000004e+002
2.264020e+003,1.000282e+002
2.264502e+003,1.000566e+002
2.264985e+003,1.000786e+002
2.265467e+003,1.000880e+002
2.265949e+003,1.000811e+002
2.266431e+003,1.000573e+002
2.266913e+003,1.000191e+002
2.267395e+003,9.997184e+001
2.267877e+003,9.992332e+001
2.268359e+003,9.988290e+001
2.268842e+003,9.985999e+001
2.269324e+003,9.986263e+001
2.269806e+003,9.989545e+001
2.270288e+003,9.995764e+001
2.270770e+003,1.000428e+002
2.271252e+003,1.001391e+002
2.271734e+003,1.002319e+002
2.272216e+003,1.003072e+002
2.272698e+003,1.003544e+002
2.273181e+003,1.003690e+002
2.273663e+003,1.003529e+002
2.274145e+003,1.003124e+002
2.274627e+003,1.002565e+002
2.275109e+003,1.001933e+002
2.275591e+003,1.001290e+002
2.276073e+003,1.000676e+002
2.276555e+003,1.000109e+002
2.277038e+003,9.996035e+001
2.277520e+003,9.991788e+001
2.278002e+003,9.988593e+001
2.278484e+003,9.986726e+001
2.278966e+003,9.986394e+001
2.279448e+003,9.987689e+001
2.279930e+003,9.990520e+001
2.280412e+003,9.994656e+001
2.280895e+003,9.999767e+001
2.281376e+003,1.000548e+002
2.281859e+003,1.001139e+002
2.282341e+003,1.001717e+002
2.282823e+003,1.002250e+002
2.283305e+003,1.002720e+002
2.283787e+003,1.003121e+002
2.284269e+003,1.003461e+002
2.284751e+003,1.003758e+002
2.285233e+003,1.004037e+002
2.285716e+003,1.004316e+002
2.286198e+003,1.004598e+002
2.286680e+003,1.004871e+002
2.287162e+003,1.005112e+002
2.287644e+003,1.005301e+002
2.288126e+003,1.005434e+002
2.288608e+003,1.005532e+002
2.289090e+003,1.005632e+002
2.289573e+003,1.005776e+002
2.290055e+003,1.005995e+002
2.290537e+003,1.006287e+002
2.291019e+003,1.006623e+002
2.291501e+003,1.006948e+002
2.291983e+003,1.007213e+002
2.292465e+003,1.007385e+002
2.292947e+003,1.007464e+002
2.293429e+003,1.007481e+002
2.293912e+003,1.007481e+002
2.294394e+003,1.007502e+002
2.294876e+003,1.007562e+002
2.295358e+003,1.007651e+002
2.295840e+003,1.007744e+002
2.296322e+003,1.007809e+002
2.296804e+003,1.007829e+002
2.297286e+003,1.007806e+002
2.297769e+003,1.007755e+002
2.298251e+003,1.007697e+002
2.298733e+003,1.007647e+002
2.299215e+003,1.007609e+002
2.299697e+003,1.007579e+002
2.300179e+003,1.007556e+002
2.300661e+003,1.007551e+002
2.301143e+003,1.007583e+002
2.301625e+003,1.007680e+002
2.302108e+003,1.007863e+002
2.302590e+003,1.008139e+002
2.303072e+003,1.008494e+002
2.303554e+003,1.008906e+002
2.304036e+003,1.009353e+002
2.304518e+003,1.009821e+002
2.305000e+003,1.010312e+002
2.305482e+003,1.010833e+002
2.305965e+003,1.011387e+002
2.306447e+003,1.011959e+002
2.306929e+003,1.012522e+002
2.307411e+003,1.013037e+002
2.307893e+003,1.013472e+002
2.308375e+003,1.013811e+002
2.308857e+003,1.014053e+002
2.309339e+003,1.014213e+002
2.309822e+003,1.014300e+002
2.310303e+003,1.014309e+002
2.310786e+003,1.014225e+002
2.311268e+003,1.014028e+002
2.311750e+003,1.013714e+002
2.312232e+003,1.013302e+002
2.312714e+003,1.012836e+002
2.313196e+003,1.012369e+002
2.313678e+003,1.011942e+002
2.314160e+003,1.011562e+002
2.314643e+003,1.011199e+002
2.315125e+003,1.010788e+002
2.315607e+003,1.010258e+002
2.316089e+003,1.009562e+002
2.316571e+003,1.008686e+002
2.317053e+003,1.007663e+002
2.317535e+003,1.006557e+002
2.318017e+003,1.005446e+002
2.318500e+003,1.004410e+002
2.318982e+003,1.003520e+002
2.319464e+003,1.002834e+002
2.319946e+003,1.002403e+002
2.320428e+003,1.002264e+002
2.320910e+003,1.002437e+002
2.321392e+003,1.002902e+002
2.321874e+003,1.003595e+002
2.322356e+003,1.004400e+002
2.322839e+003,1.005175e+002
2.323321e+003,1.005776e+002
2.323803e+003,1.006095e+002
2.324285e+003,1.006082e+002
2.324767e+003,1.005755e+002
2.325249e+003,1.005176e+002
2.325731e+003,1.004438e+002
2.326213e+003,1.003642e+002
2.326696e+003,1.002889e+002
2.327178e+003,1.002275e+002
2.327660e+003,1.001879e+002
2.328142e+003,1.001748e+002
2.328624e+003,1.001884e+002
2.329106e+003,1.002234e+002
2.329588e+003,1.002706e+002
2.330070e+003,1.003196e+002
2.330552e+003,1.003623e+002
2.331035e+003,1.003942e+002
2.331517e+003,1.004161e+002
2.331999e+003,1.004309e+002
2.332481e+003,1.004427e+002
2.332963e+003,1.004523e+002
2.333445e+003,1.004566e+002
2.333927e+003,1.004504e+002
2.334409e+003,1.004290e+002
2.334892e+003,1.003909e+002
2.335374e+003,1.003374e+002
2.335856e+003,1.002707e+002
2.336338e+003,1.001918e+002
2.336820e+003,1.000985e+002
2.337302e+003,9.998748e+001
2.337784e+003,9.985688e+001
2.338266e+003,9.971025e+001
2.338749e+003,9.955618e+001
2.339230e+003,9.940755e+001
2.339713e+003,9.927848e+001
2.340195e+003,9.918195e+001
2.340677e+003,9.912615e+001
2.341159e+003,9.911251e+001
2.341641e+003,9.913873e+001
2.342123e+003,9.920383e+001
2.342605e+003,9.930640e+001
2.343087e+003,9.943767e+001
2.343570e+003,9.957669e+001
2.344052e+003,9.969825e+001
2.344534e+003,9.978197e+001
2.345016e+003,9.982080e+001
2.345498e+003,9.982413e+001
2.345980e+003,9.981667e+001
2.346462e+003,9.982684e+001
2.346944e+003,9.987431e+001
2.347427e+003,9.996098e+001
2.347909e+003,1.000718e+002
2.348391e+003,1.001821e+002
2.348873e+003,1.002666e+002
2.349355e+003,1.003076e+002
2.349837e+003,1.003006e+002
2.350319e+003,1.002562e+002
2.350801e+003,1.001978e+002
2.351283e+003,1.001534e+002
2.351766e+003,1.001487e+002
2.352248e+003,1.002005e+002
2.352730e+003,1.003143e+002
2.353212e+003,1.004816e+002
2.353694e+003,1.006791e+002
2.354176e+003,1.008765e+002
2.354658e+003,1.010474e+002
2.355140e+003,1.011769e+002
2.355623e+003,1.012606e+002
2.356105e+003,1.012952e+002
2.356587e+003,1.012659e+002
2.357069e+003,1.011539e+002
2.357551e+003,1.009648e+002
2.358033e+003,1.007513e+002
2.358515e+003,1.006015e+002
2.358997e+003,1.005834e+002
2.359479e+003,1.006816e+002
2.359962e+003,1.007873e+002
2.360444e+003,1.007920e+002
2.360926e+003,1.006771e+002
2.361408e+003,1.005024e+002
2.361890e+003,1.003392e+002
2.362372e+003,1.002334e+002
2.362854e+003,1.001953e+002
2.363336e+003,1.001974e+002
2.363819e+003,1.001987e+002
2.364301e+003,1.001731e+002
2.364783e+003,1.001221e+002
2.365265e+003,1.000608e+002
2.365747e+003,1.000075e+002
2.366229e+003,9.997676e+001
2.366711e+003,9.997581e+001
2.367193e+003,1.000042e+002
2.367676e+003,1.000556e+002
2.368157e+003,1.001242e+002
2.368640e+003,1.002055e+002
2.369122e+003,1.002967e+002
2.369604e+003,1.003934e+002
2.370086e+003,1.004886e+002
2.370568e+003,1.005723e+002
2.371050e+003,1.006335e+002
2.371532e+003,1.006629e+002
2.372014e+003,1.006555e+002
2.372497e+003,1.006124e+002
2.372979e+003,1.005402e+002
2.373461e+003,1.004487e+002
2.373943e+003,1.003484e+002
2.374425e+003,1.002477e+002
2.374907e+003,1.001526e+002
2.375389e+003,1.000661e+002
2.375872e+003,9.999009e+001
2.376354e+003,9.992705e+001
2.376836e+003,9.987991e+001
2.377318e+003,9.985287e+001
2.377800e+003,9.985026e+001
2.378282e+003,9.987410e+001
2.378764e+003,9.992310e+001
2.379246e+003,9.999171e+001
2.379729e+003,1.000710e+002
2.380210e+003,1.001501e+002
2.380693e+003,1.002196e+002
2.381175e+003,1.002723e+002
2.381657e+003,1.003053e+002
2.382139e+003,1.003193e+002
2.382621e+003,1.003178e+002
2.383103e+003,1.003058e+002
2.383585e+003,1.002877e+002
2.384067e+003,1.002669e+002
2.384550e+003,1.002456e+002
2.385032e+003,1.002248e+002
2.385514e+003,1.002044e+002
2.385996e+003,1.001842e+002
2.386478e+003,1.001634e+002
2.386960e+003,1.001413e+002
2.387442e+003,1.001167e+002
2.387924e+003,1.000891e+002
2.388406e+003,1.000581e+002
2.388889e+003,1.000244e+002
2.389371e+003,9.998965e+001
2.389853e+003,9.995609e+001
2.390335e+003,9.992625e+001
2.390817e+003,9.990225e+001
2.391299e+003,9.988547e+001
2.391781e+003,9.987631e+001
2.392263e+003,9.987416e+001
2.392746e+003,9.987753e+001
2.393228e+003,9.988429e+001
2.393710e+003,9.989162e+001
2.394192e+003,9.989652e+001
2.394674e+003,9.989617e+001
2.395156e+003,9.988869e+001
2.395638e+003,9.987375e+001
2.396120e+003,9.985312e+001
2.396603e+003,9.983019e+001
2.397085e+003,9.980908e+001
2.397567e+003,9.979308e+001
2.398049e+003,9.978363e+001
2.398531e+003,9.977954e+001
2.399013e+003,9.977754e+001
2.399495e+003,9.977365e+001
2.399977e+003,9.976502e+001
2.400459e+003,9.975115e+001
2.400942e+003,9.973511e+001
2.401424e+003,9.972105e+001
2.401906e+003,9.971280e+001
2.402388e+003,9.971257e+001
2.402870e+003,9.972107e+001
2.403352e+003,9.973812e+001
2.403834e+003,9.976346e+001
2.404316e+003,9.979726e+001
2.404799e+003,9.983980e+001
2.405281e+003,9.989039e+001
2.405763e+003,9.994667e+001
2.406245e+003,1.000039e+002
2.406727e+003,1.000560e+002
2.407209e+003,1.000969e+002
2.407691e+003,1.001225e+002
2.408173e+003,1.001317e+002
2.408656e+003,1.001266e+002
2.409137e+003,1.001117e+002
2.409620e+003,1.000919e+002
2.410102e+003,1.000709e+002
2.410584e+003,1.000500e+002
2.411066e+003,1.000287e+002
2.411548e+003,1.000054e+002
2.412030e+003,9.997865e+001
2.412512e+003,9.994864e+001
2.412994e+003,9.991718e+001
2.413477e+003,9.988738e+001
2.413959e+003,9.986250e+001
2.414441e+003,9.984472e+001
2.414923e+003,9.983426e+001
2.415405e+003,9.982924e+001
2.415887e+003,9.982616e+001
2.416369e+003,9.982102e+001
2.416851e+003,9.981062e+001
2.417333e+003,9.979356e+001
2.417816e+003,9.977083e+001
2.418298e+003,9.974559e+001
2.418780e+003,9.972234e+001
2.419262e+003,9.970552e+001
2.419744e+003,9.969810e+001
2.420226e+003,9.970055e+001
2.420708e+003,9.971043e+001
2.421190e+003,9.972307e+001
2.421673e+003,9.973271e+001
2.422155e+003,9.973418e+001
2.422637e+003,9.972453e+001
2.423119e+003,9.970366e+001
2.423601e+003,9.967437e+001
2.424083e+003,9.964157e+001
2.424565e+003,9.961077e+001
2.425047e+003,9.958688e+001
2.425530e+003,9.957301e+001
2.426012e+003,9.957010e+001
2.426494e+003,9.957683e+001
2.426976e+003,9.959013e+001
2.427458e+003,9.960569e+001
2.427940e+003,9.961885e+001
2.428422e+003,9.962547e+001
2.428904e+003,9.962260e+001
2.429386e+003,9.960939e+001
2.429869e+003,9.958734e+001
2.430351e+003,9.956030e+001
2.430833e+003,9.953342e+001
2.431315e+003,9.951208e+001
2.431797e+003,9.950058e+001
2.432279e+003,9.950095e+001
2.432761e+003,9.951285e+001
2.433243e+003,9.953378e+001
2.433726e+003,9.956007e+001
2.434208e+003,9.958813e+001
2.434690e+003,9.961508e+001
2.435172e+003,9.963918e+001
2.435654e+003,9.965961e+001
2.436136e+003,9.967611e+001
2.436618e+003,9.968864e+001
2.437100e+003,9.969732e+001
2.437583e+003,9.970278e+001
2.438064e+003,9.970631e+001
2.438547e+003,9.970981e+001
2.439029e+003,9.971535e+001
2.439511e+003,9.972470e+001
2.439993e+003,9.973848e+001
2.440475e+003,9.975587e+001
2.440957e+003,9.977457e+001
2.441439e+003,9.979150e+001
2.441921e+003,9.980354e+001
2.442404e+003,9.980824e+001
2.442886e+003,9.980438e+001
2.443368e+003,9.979211e+001
2.443850e+003,9.977296e+001
2.444332e+003,9.974958e+001
2.444814e+003,9.972562e+001
2.445296e+003,9.970511e+001
2.445778e+003,9.969193e+001
2.446260e+003,9.968904e+001
2.446743e+003,9.969753e+001
2.447225e+003,9.971630e+001
2.447707e+003,9.974200e+001
2.448189e+003,9.976997e+001
2.448671e+003,9.979537e+001
2.449153e+003,9.981477e+001
2.449635e+003,9.982694e+001
2.450117e+003,9.983292e+001
2.450600e+003,9.983535e+001
2.451082e+003,9.983735e+001
2.451564e+003,9.984100e+001
2.452046e+003,9.984702e+001
2.452528e+003,9.985465e+001
2.453010e+003,9.986217e+001
2.453492e+003,9.986781e+001
2.453974e+003,9.987013e+001
2.454457e+003,9.986815e+001
2.454939e+003,9.986123e+001
2.455421e+003,9.984898e+001
2.455903e+003,9.983138e+001
2.456385e+003,9.980906e+001
2.456867e+003,9.978378e+001
2.457349e+003,9.975832e+001
2.457831e+003,9.973590e+001
2.458313e+003,9.971913e+001
2.458796e+003,9.970887e+001
2.459278e+003,9.970352e+001
2.459760e+003,9.969973e+001
2.460242e+003,9.969370e+001
2.460724e+003,9.968289e+001
2.461206e+003,9.966743e+001
2.461688e+003,9.965038e+001
2.462170e+003,9.963646e+001
2.462653e+003,9.963013e+001
2.463135e+003,9.963336e+001
2.463617e+003,9.964465e+001
2.464099e+003,9.965922e+001
2.464581e+003,9.967082e+001
2.465063e+003,9.967401e+001
2.465545e+003,9.966605e+001
2.466027e+003,9.964754e+001
2.466510e+003,9.962166e+001
2.466992e+003,9.959235e+001
2.467474e+003,9.956244e+001
2.467956e+003,9.953273e+001
2.468438e+003,9.950214e+001
2.468920e+003,9.946889e+001
2.469402e+003,9.943226e+001
2.469884e+003,9.939355e+001
2.470366e+003,9.935648e+001
2.470849e+003,9.932614e+001
2.471331e+003,9.930763e+001
2.471813e+003,9.930456e+001
2.472295e+003,9.931811e+001
2.472777e+003,9.934695e+001
2.473259e+003,9.938797e+001
2.473741e+003,9.943696e+001
2.474223e+003,9.948962e+001
2.474706e+003,9.954205e+001
2.475188e+003,9.959122e+001
2.475670e+003,9.963515e+001
2.476152e+003,9.967313e+001
2.476634e+003,9.970580e+001
2.477116e+003,9.973510e+001
2.477598e+003,9.976347e+001
2.478080e+003,9.979329e+001
2.478563e+003,9.982571e+001
2.479044e+003,9.986021e+001
2.479527e+003,9.989436e+001
2.480009e+003,9.992451e+001
2.480491e+003,9.994686e+001
2.480973e+003,9.995868e+001
2.481455e+003,9.995896e+001
2.481937e+003,9.994870e+001
2.482419e+003,9.993032e+001
2.482901e+003,9.990716e+001
2.483384e+003,9.988249e+001
2.483866e+003,9.985921e+001
2.484348e+003,9.983973e+001
2.484830e+003,9.982594e+001
2.485312e+003,9.981925e+001
2.485794e+003,9.982059e+001
2.486276e+003,9.982993e+001
2.486758e+003,9.984607e+001
2.487240e+003,9.986669e+001
2.487723e+003,9.988854e+001
2.488205e+003,9.990807e+001
2.488687e+003,9.992233e+001
2.489169e+003,9.992950e+001
2.489651e+003,9.992926e+001
2.490133e+003,9.992275e+001
2.490615e+003,9.991222e+001
2.491097e+003,9.990025e+001
2.491580e+003,9.988937e+001
2.492062e+003,9.988141e+001
2.492544e+003,9.987723e+001
2.493026e+003,9.987663e+001
2.493508e+003,9.987866e+001
2.493990e+003,9.988187e+001
2.494472e+003,9.988511e+001
2.494954e+003,9.988776e+001
2.495437e+003,9.989006e+001
2.495919e+003,9.989298e+001
2.496401e+003,9.989744e+001
2.496883e+003,9.990353e+001
2.497365e+003,9.991020e+001
2.497847e+003,9.991497e+001
2.498329e+003,9.991486e+001
2.498811e+003,9.990761e+001
2.499293e+003,9.989311e+001
2.499776e+003,9.987397e+001
2.500258e+003,9.985517e+001
2.500740e+003,9.984265e+001
2.501222e+003,9.984116e+001
2.501704e+003,9.985233e+001
2.502186e+003,9.987384e+001
2.502668e+003,9.989996e+001
2.503150e+003,9.992340e+001
2.503633e+003,9.993797e+001
2.504115e+003,9.994070e+001
2.504597e+003,9.993277e+001
2.505079e+003,9.991904e+001
2.505561e+003,9.990588e+001
2.506043e+003,9.989889e+001
2.506525e+003,9.990081e+001
2.507007e+003,9.991081e+001
2.507490e+003,9.992519e+001
2.507971e+003,9.993903e+001
2.508454e+003,9.994820e+001
2.508936e+003,9.995113e+001
2.509418e+003,9.994904e+001
2.509900e+003,9.994563e+001
2.510382e+003,9.994536e+001
2.510864e+003,9.995190e+001
2.511346e+003,9.996667e+001
2.511828e+003,9.998836e+001
2.512311e+003,1.000131e+002
2.512793e+003,1.000355e+002
2.513275e+003,1.000504e+002
2.513757e+003,1.000538e+002
2.514239e+003,1.000442e+002
2.514721e+003,1.000229e+002
2.515203e+003,9.999355e+001
2.515685e+003,9.996154e+001
2.516167e+003,9.993252e+001
2.516650e+003,9.991148e+001
2.517132e+003,9.990180e+001
2.517614e+003,9.990482e+001
2.518096e+003,9.991982e+001
2.518578e+003,9.994440e+001
2.519060e+003,9.997484e+001
2.519542e+003,1.000069e+002
2.520024e+003,1.000360e+002
2.520507e+003,1.000582e+002
2.520989e+003,1.000702e+002
2.521471e+003,1.000706e+002
2.521953e+003,1.000596e+002
2.522435e+003,1.000394e+002
2.522917e+003,1.000143e+002
2.523399e+003,9.998924e+001
2.523881e+003,9.996881e+001
2.524364e+003,9.995641e+001
2.524846e+003,9.995306e+001
2.525328e+003,9.995767e+001
2.525810e+003,9.996727e+001
2.526292e+003,9.997827e+001
2.526774e+003,9.998753e+001
2.527256e+003,9.999331e+001
2.527738e+003,9.999551e+001
2.528220e+003,9.999552e+001
2.528703e+003,9.999544e+001
2.529185e+003,9.999745e+001
2.529667e+003,1.000031e+002
2.530149e+003,1.000128e+002
2.530631e+003,1.000261e+002
2.531113e+003,1.000416e+002
2.531595e+003,1.000571e+002
2.532077e+003,1.000700e+002
2.532560e+003,1.000782e+002
2.533042e+003,1.000796e+002
2.533524e+003,1.000736e+002
2.534006e+003,1.000606e+002
2.534488e+003,1.000424e+002
2.534970e+003,1.000221e+002
2.535452e+003,1.000026e+002
2.535934e+003,9.998717e+001
2.536417e+003,9.997784e+001
2.536898e+003,9.997586e+001
2.537381e+003,9.998139e+001
2.537863e+003,9.999388e+001
2.538345e+003,1.000121e+002
2.538827e+003,1.000343e+002
2.539309e+003,1.000584e+002
2.539791e+003,1.000815e+002
2.540273e+003,1.001007e+002
2.540755e+003,1.001133e+002
2.541238e+003,1.001173e+002
2.541720e+003,1.001126e+002
2.542202e+003,1.001009e+002
2.542684e+003,1.000853e+002
2.543166e+003,1.000699e+002
2.543648e+003,1.000586e+002
2.544130e+003,1.000543e+002
2.544612e+003,1.000581e+002
2.545094e+003,1.000698e+002
2.545577e+003,1.000874e+002
2.546059e+003,1.001085e+002
2.546541e+003,1.001300e+002
2.547023e+003,1.001489e+002
2.547505e+003,1.001624e+002
2.547987e+003,1.001680e+002
2.548469e+003,1.001647e+002
2.548951e+003,1.001527e+002
2.549434e+003,1.001342e+002
2.549916e+003,1.001130e+002
2.550398e+003,1.000942e+002
2.550880e+003,1.000824e+002
2.551362e+003,1.000813e+002
2.551844e+003,1.000920e+002
2.552326e+003,1.001139e+002
2.552808e+003,1.001443e+002
2.553291e+003,1.001799e+002
2.553773e+003,1.002174e+002
2.554255e+003,1.002543e+002
2.554737e+003,1.002890e+002
2.555219e+003,1.003201e+002
2.555701e+003,1.003462e+002
2.556183e+003,1.003660e+002
2.556665e+003,1.003785e+002
2.557147e+003,1.003832e+002
2.557630e+003,1.003810e+002
2.558112e+003,1.003738e+002
2.558594e+003,1.003640e+002
2.559076e+003,1.003537e+002
2.559558e+003,1.003438e+002
2.560040e+003,1.003340e+002
2.560522e+003,1.003228e+002
2.561004e+003,1.003087e+002
2.561487e+003,1.002910e+002
2.561969e+003,1.002704e+002
2.562451e+003,1.002487e+002
2.562933e+003,1.002285e+002
2.563415e+003,1.002120e+002
2.563897e+003,1.002004e+002
2.564379e+003,1.001937e+002
2.564861e+003,1.001909e+002
2.565344e+003,1.001913e+002
2.565825e+003,1.001941e+002
2.566308e+003,1.001997e+002
2.566790e+003,1.002084e+002
2.567272e+003,1.002204e+002
2.567754e+003,1.002353e+002
2.568236e+003,1.002513e+002
2.568718e+003,1.002662e+002
2.569200e+003,1.002775e+002
2.569682e+003,1.002834e+002
2.570165e+003,1.002834e+002
2.570647e+003,1.002779e+002
2.571129e+003,1.002682e+002
2.571611e+003,1.002563e+002
2.572093e+003,1.002437e+002
2.572575e+003,1.002314e+002
2.573057e+003,1.002204e+002
2.573539e+003,1.002107e+002
2.574021e+003,1.002021e+002
2.574504e+003,1.001941e+002
2.574986e+003,1.001860e+002
2.575468e+003,1.001768e+002
2.575950e+003,1.001654e+002
2.576432e+003,1.001511e+002
2.576914e+003,1.001338e+002
2.577396e+003,1.001142e+002
2.577878e+003,1.000936e+002
2.578361e+003,1.000741e+002
2.578843e+003,1.000580e+002
2.579325e+003,1.000477e+002
2.579807e+003,1.000448e+002
2.580289e+003,1.000503e+002
2.580771e+003,1.000638e+002
2.581253e+003,1.000838e+002
2.581735e+003,1.001076e+002
2.582218e+003,1.001317e+002
2.582700e+003,1.001525e+002
2.583182e+003,1.001674e+002
2.583664e+003,1.001747e+002
2.584146e+003,1.001753e+002
2.584628e+003,1.001714e+002
2.585110e+003,1.001669e+002
2.585592e+003,1.001656e+002
2.586074e+003,1.001705e+002
2.586557e+003,1.001832e+002
2.587039e+003,1.002033e+002
2.587521e+003,1.002291e+002
2.588003e+003,1.002581e+002
2.588485e+003,1.002877e+002
2.588967e+003,1.003155e+002
2.589449e+003,1.003397e+002
2.589931e+003,1.003589e+002
2.590414e+003,1.003721e+002
2.590896e+003,1.003787e+002
2.591378e+003,1.003793e+002
2.591860e+003,1.003755e+002
2.592342e+003,1.003698e+002
2.592824e+003,1.003651e+002
2.593306e+003,1.003637e+002
2.593788e+003,1.003664e+002
2.594271e+003,1.003716e+002
2.594752e+003,1.003765e+002
2.595235e+003,1.003772e+002
2.595717e+003,1.003704e+002
2.596199e+003,1.003553e+002
2.596681e+003,1.003334e+002
2.597163e+003,1.003087e+002
2.597645e+003,1.002861e+002
2.598127e+003,1.002698e+002
2.598609e+003,1.002620e+002
2.599092e+003,1.002627e+002
2.599574e+003,1.002695e+002
2.600056e+003,1.002791e+002
2.600538e+003,1.002879e+002
2.601020e+003,1.002938e+002
2.601502e+003,1.002957e+002
2.601984e+003,1.002939e+002
2.602466e+003,1.002893e+002
2.602948e+003,1.002829e+002
2.603431e+003,1.002758e+002
2.603913e+003,1.002689e+002
2.604395e+003,1.002631e+002
2.604877e+003,1.002598e+002
2.605359e+003,1.002602e+002
2.605841e+003,1.002655e+002
2.606323e+003,1.002761e+002
2.606805e+003,1.002916e+002
2.607288e+003,1.003104e+002
2.607770e+003,1.003302e+002
2.608252e+003,1.003484e+002
2.608734e+003,1.003626e+002
2.609216e+003,1.003713e+002
2.609698e+003,1.003738e+002
2.610180e+003,1.003710e+002
2.610662e+003,1.003645e+002
2.611145e+003,1.003564e+002
2.611627e+003,1.003489e+002
2.612109e+003,1.003436e+002
2.612591e+003,1.003410e+002
2.613073e+003,1.003407e+002
2.613555e+003,1.003409e+002
2.614037e+003,1.003398e+002
2.614519e+003,1.003357e+002
2.615001e+003,1.003280e+002
2.615484e+003,1.003174e+002
2.615966e+003,1.003061e+002
2.616448e+003,1.002967e+002
2.616930e+003,1.002916e+002
2.617412e+003,1.002925e+002
2.617894e+003,1.002990e+002
2.618376e+003,1.003096e+002
2.618858e+003,1.003219e+002
2.619341e+003,1.003332e+002
2.619823e+003,1.003414e+002
2.620305e+003,1.003458e+002
2.620787e+003,1.003466e+002
2.621269e+003,1.003448e+002
2.621751e+003,1.003417e+002
2.622233e+003,1.003384e+002
2.622715e+003,1.003354e+002
2.623198e+003,1.003329e+002
2.623679e+003,1.003308e+002
2.624162e+003,1.003288e+002
2.624644e+003,1.003272e+002
2.625126e+003,1.003260e+002
2.625608e+003,1.003255e+002
2.626090e+003,1.003256e+002
2.626572e+003,1.003261e+002
2.627054e+003,1.003266e+002
2.627536e+003,1.003263e+002
2.628019e+003,1.003248e+002
2.628501e+003,1.003216e+002
2.628983e+003,1.003170e+002
2.629465e+003,1.003115e+002
2.629947e+003,1.003061e+002
2.630429e+003,1.003018e+002
2.630911e+003,1.002992e+002
2.631393e+003,1.002986e+002
2.631875e+003,1.002993e+002
2.632358e+003,1.003003e+002
2.632840e+003,1.002999e+002
2.633322e+003,1.002967e+002
2.633804e+003,1.002900e+002
2.634286e+003,1.002796e+002
2.634768e+003,1.002664e+002
2.635250e+003,1.002520e+002
2.635732e+003,1.002380e+002
2.636215e+003,1.002263e+002
2.636697e+003,1.002176e+002
2.637179e+003,1.002125e+002
2.637661e+003,1.002107e+002
2.638143e+003,1.002113e+002
2.638625e+003,1.002134e+002
2.639107e+003,1.002161e+002
2.639589e+003,1.002186e+002
2.640072e+003,1.002203e+002
2.640554e+003,1.002211e+002
2.641036e+003,1.002210e+002
2.641518e+003,1.002203e+002
2.642000e+003,1.002194e+002
2.642482e+003,1.002185e+002
2.642964e+003,1.002178e+002
2.643446e+003,1.002167e+002
2.643928e+003,1.002145e+002
2.644411e+003,1.002102e+002
2.644893e+003,1.002033e+002
2.645375e+003,1.001937e+002
2.645857e+003,1.001824e+002
2.646339e+003,1.001709e+002
2.646821e+003,1.001613e+002
2.647303e+003,1.001551e+002
2.647785e+003,1.001528e+002
2.648268e+003,1.001542e+002
2.648750e+003,1.001579e+002
2.649232e+003,1.001622e+002
2.649714e+003,1.001658e+002
2.650196e+003,1.001677e+002
2.650678e+003,1.001680e+002
2.651160e+003,1.001673e+002
2.651642e+003,1.001661e+002
2.652125e+003,1.001651e+002
2.652606e+003,1.001641e+002
2.653089e+003,1.001626e+002
2.653571e+003,1.001600e+002
2.654053e+003,1.001558e+002
2.654535e+003,1.001502e+002
2.655017e+003,1.001440e+002
2.655499e+003,1.001383e+002
2.655981e+003,1.001344e+002
2.656463e+003,1.001332e+002
2.656946e+003,1.001351e+002
2.657428e+003,1.001399e+002
2.657910e+003,1.001468e+002
2.658392e+003,1.001547e+002
2.658874e+003,1.001624e+002
2.659356e+003,1.001688e+002
2.659838e+003,1.001728e+002
2.660320e+003,1.001742e+002
2.660802e+003,1.001731e+002
2.661285e+003,1.001701e+002
2.661767e+003,1.001660e+002
2.662249e+003,1.001619e+002
2.662731e+003,1.001584e+002
2.663213e+003,1.001558e+002
2.663695e+003,1.001542e+002
2.664177e+003,1.001530e+002
2.664659e+003,1.001520e+002
2.665142e+003,1.001511e+002
2.665624e+003,1.001503e+002
2.666106e+003,1.001502e+002
2.666588e+003,1.001513e+002
2.667070e+003,1.001540e+002
2.667552e+003,1.001582e+002
2.668034e+003,1.001635e+002
2.668516e+003,1.001692e+002
2.668999e+003,1.001747e+002
2.669481e+003,1.001792e+002
2.669963e+003,1.001826e+002
2.670445e+003,1.001844e+002
2.670927e+003,1.001844e+002
2.671409e+003,1.001824e+002
2.671891e+003,1.001778e+002
2.672373e+003,1.001704e+002
2.672855e+003,1.001602e+002
2.673338e+003,1.001476e+002
2.673820e+003,1.001333e+002
2.674302e+003,1.001183e+002
2.674784e+003,1.001033e+002
2.675266e+003,1.000890e+002
2.675748e+003,1.000760e+002
2.676230e+003,1.000646e+002
2.676712e+003,1.000556e+002
2.677195e+003,1.000498e+002
2.677677e+003,1.000482e+002
2.678159e+003,1.000514e+002
2.678641e+003,1.000592e+002
2.679123e+003,1.000707e+002
2.679605e+003,1.000840e+002
2.680087e+003,1.000967e+002
2.680569e+003,1.001065e+002
2.681052e+003,1.001121e+002
2.681533e+003,1.001131e+002
2.682016e+003,1.001102e+002
2.682498e+003,1.001047e+002
2.682980e+003,1.000984e+002
2.683462e+003,1.000930e+002
2.683944e+003,1.000894e+002
2.684426e+003,1.000885e+002
2.684908e+003,1.000907e+002
2.685390e+003,1.000959e+002
2.685873e+003,1.001040e+002
2.686355e+003,1.001143e+002
2.686837e+003,1.001258e+002
2.687319e+003,1.001369e+002
2.687801e+003,1.001460e+002
2.688283e+003,1.001517e+002
2.688765e+003,1.001531e+002
2.689247e+003,1.001502e+002
2.689729e+003,1.001438e+002
2.690212e+003,1.001353e+002
2.690694e+003,1.001259e+002
2.691176e+003,1.001162e+002
2.691658e+003,1.001067e+002
2.692140e+003,1.000970e+002
2.692622e+003,1.000867e+002
2.693104e+003,1.000756e+002
2.693586e+003,1.000639e+002
2.694069e+003,1.000525e+002
2.694551e+003,1.000422e+002
2.695033e+003,1.000338e+002
2.695515e+003,1.000278e+002
2.695997e+003,1.000243e+002
2.696479e+003,1.000227e+002
2.696961e+003,1.000223e+002
2.697443e+003,1.000224e+002
2.697926e+003,1.000226e+002
2.698408e+003,1.000225e+002
2.698890e+003,1.000218e+002
2.699372e+003,1.000206e+002
2.699854e+003,1.000188e+002
2.700336e+003,1.000162e+002
2.700818e+003,1.000129e+002
2.701300e+003,1.000090e+002
2.701782e+003,1.000046e+002
2.702265e+003,1.000000e+002
2.702747e+003,9.999573e+001
2.703229e+003,9.999220e+001
2.703711e+003,9.998985e+001
2.704193e+003,9.998901e+001
2.704675e+003,9.998978e+001
2.705157e+003,9.999208e+001
2.705639e+003,9.999557e+001
2.706122e+003,9.999982e+001
2.706604e+003,1.000043e+002
2.707086e+003,1.000086e+002
2.707568e+003,1.000122e+002
2.708050e+003,1.000150e+002
2.708532e+003,1.000170e+002
2.709014e+003,1.000180e+002
2.709496e+003,1.000181e+002
2.709979e+003,1.000174e+002
2.710461e+003,1.000160e+002
2.710943e+003,1.000144e+002
2.711425e+003,1.000132e+002
2.711907e+003,1.000131e+002
2.712389e+003,1.000147e+002
2.712871e+003,1.000181e+002
2.713353e+003,1.000228e+002
2.713835e+003,1.000279e+002
2.714318e+003,1.000315e+002
2.714800e+003,1.000320e+002
2.715282e+003,1.000283e+002
2.715764e+003,1.000200e+002
2.716246e+003,1.000082e+002
2.716728e+003,9.999471e+001
2.717210e+003,9.998183e+001
2.717692e+003,9.997176e+001
2.718175e+003,9.996591e+001
2.718656e+003,9.996465e+001
2.719139e+003,9.996730e+001
2.719621e+003,9.997238e+001
2.720103e+003,9.997836e+001
2.720585e+003,9.998401e+001
2.721067e+003,9.998872e+001
2.721549e+003,9.999271e+001
2.722031e+003,9.999677e+001
2.722513e+003,1.000017e+002
2.722996e+003,1.000079e+002
2.723478e+003,1.000154e+002
2.723960e+003,1.000232e+002
2.724442e+003,1.000298e+002
2.724924e+003,1.000340e+002
2.725406e+003,1.000348e+002
2.725888e+003,1.000323e+002
2.726370e+003,1.000274e+002
2.726853e+003,1.000219e+002
2.727335e+003,1.000178e+002
2.727817e+003,1.000166e+002
2.728299e+003,1.000188e+002
2.728781e+003,1.000239e+002
2.729263e+003,1.000302e+002
2.729745e+003,1.000361e+002
2.730227e+003,1.000401e+002
2.730709e+003,1.000414e+002
2.731192e+003,1.000405e+002
2.731674e+003,1.000385e+002
2.732156e+003,1.000365e+002
2.732638e+003,1.000354e+002
2.733120e+003,1.000352e+002
2.733602e+003,1.000353e+002
2.734084e+003,1.000345e+002
2.734566e+003,1.000319e+002
2.735049e+003,1.000270e+002
2.735531e+003,1.000205e+002
2.736013e+003,1.000136e+002
2.736495e+003,1.000076e+002
2.736977e+003,1.000040e+002
2.737459e+003,1.000031e+002
2.737941e+003,1.000047e+002
2.738423e+003,1.000077e+002
2.738906e+003,1.000106e+002
2.739388e+003,1.000118e+002
2.739870e+003,1.000104e+002
2.740352e+003,1.000060e+002
2.740834e+003,9.999896e+001
2.741316e+003,9.999031e+001
2.741798e+003,9.998160e+001
2.742280e+003,9.997451e+001
2.742762e+003,9.997050e+001
2.743245e+003,9.997062e+001
2.743727e+003,9.997514e+001
2.744209e+003,9.998361e+001
2.744691e+003,9.999480e+001
2.745173e+003,1.000070e+002
2.745655e+003,1.000182e+002
2.746137e+003,1.000268e+002
2.746619e+003,1.000312e+002
2.747102e+003,1.000308e+002
2.747583e+003,1.000254e+002
2.748066e+003,1.000153e+002
2.748548e+003,1.000015e+002
2.749030e+003,9.998499e+001
2.749512e+003,9.996736e+001
2.749994e+003,9.995006e+001
2.750476e+003,9.993443e+001
2.750958e+003,9.992165e+001
2.751440e+003,9.991223e+001
2.751923e+003,9.990633e+001
2.752405e+003,9.990353e+001
2.752887e+003,9.990313e+001
2.753369e+003,9.990435e+001
2.753851e+003,9.990648e+001
2.754333e+003,9.990895e+001
2.754815e+003,9.991135e+001
2.755297e+003,9.991334e+001
2.755780e+003,9.991446e+001
2.756262e+003,9.991428e+001
2.756744e+003,9.991242e+001
2.757226e+003,9.990874e+001
2.757708e+003,9.990342e+001
2.758190e+003,9.989698e+001
2.758672e+003,9.989018e+001
2.759154e+003,9.988391e+001
2.759636e+003,9.987885e+001
2.760119e+003,9.987543e+001
2.760601e+003,9.987392e+001
2.761083e+003,9.987429e+001
2.761565e+003,9.987637e+001
2.762047e+003,9.987969e+001
2.762529e+003,9.988360e+001
2.763011e+003,9.988713e+001
2.763493e+003,9.988918e+001
2.763976e+003,9.988877e+001
2.764458e+003,9.988525e+001
2.764940e+003,9.987885e+001
2.765422e+003,9.987060e+001
2.765904e+003,9.986220e+001
2.766386e+003,9.985564e+001
2.766868e+003,9.985255e+001
2.767350e+003,9.985375e+001
2.767833e+003,9.985906e+001
2.768315e+003,9.986741e+001
2.768797e+003,9.987725e+001
2.769279e+003,9.988699e+001
2.769761e+003,9.989539e+001
2.770243e+003,9.990179e+001
2.770725e+003,9.990590e+001
2.771207e+003,9.990772e+001
2.771689e+003,9.990739e+001
2.772172e+003,9.990514e+001
2.772654e+003,9.990133e+001
2.773136e+003,9.989666e+001
2.773618e+003,9.989209e+001
2.774100e+003,9.988866e+001
2.774582e+003,9.988725e+001
2.775064e+003,9.988821e+001
2.775546e+003,9.989124e+001
2.776029e+003,9.989555e+001
2.776510e+003,9.990000e+001
2.776993e+003,9.990357e+001
2.777475e+003,9.990565e+001
2.777957e+003,9.990630e+001
2.778439e+003,9.990594e+001
2.778921e+003,9.990543e+001
2.779403e+003,9.990554e+001
2.779885e+003,9.990701e+001
2.780367e+003,9.991023e+001
2.780850e+003,9.991552e+001
2.781332e+003,9.992284e+001
2.781814e+003,9.993192e+001
2.782296e+003,9.994225e+001
2.782778e+003,9.995306e+001
2.783260e+003,9.996335e+001
2.783742e+003,9.997232e+001
2.784224e+003,9.997940e+001
2.784707e+003,9.998444e+001
2.785189e+003,9.998762e+001
2.785671e+003,9.998933e+001
2.786153e+003,9.998966e+001
2.786635e+003,9.998845e+001
2.787117e+003,9.998520e+001
2.787599e+003,9.997933e+001
2.788081e+003,9.997063e+001
2.788563e+003,9.995957e+001
2.789046e+003,9.994730e+001
2.789528e+003,9.993537e+001
2.790010e+003,9.992525e+001
2.790492e+003,9.991786e+001
2.790974e+003,9.991319e+001
2.791456e+003,9.991053e+001
2.791938e+003,9.990898e+001
2.792420e+003,9.990783e+001
2.792903e+003,9.990707e+001
2.793385e+003,9.990739e+001
2.793867e+003,9.990966e+001
2.794349e+003,9.991460e+001
2.794831e+003,9.992209e+001
2.795313e+003,9.993105e+001
2.795795e+003,9.993958e+001
2.796277e+003,9.994557e+001
2.796760e+003,9.994729e+001
2.797242e+003,9.994389e+001
2.797724e+003,9.993549e+001
2.798206e+003,9.992326e+001
2.798688e+003,9.990895e+001
2.799170e+003,9.989457e+001
2.799652e+003,9.988197e+001
2.800134e+003,9.987263e+001
2.800616e+003,9.986748e+001
2.801099e+003,9.986676e+001
2.801581e+003,9.986984e+001
2.802063e+003,9.987546e+001
2.802545e+003,9.988186e+001
2.803027e+003,9.988734e+001
2.803509e+003,9.989066e+001
2.803991e+003,9.989162e+001
2.804473e+003,9.989111e+001
2.804956e+003,9.989081e+001
2.805438e+003,9.989256e+001
2.805920e+003,9.989772e+001
2.806402e+003,9.990634e+001
2.806884e+003,9.991723e+001
2.807366e+003,9.992817e+001
2.807848e+003,9.993661e+001
2.808330e+003,9.994052e+001
2.808813e+003,9.993902e+001
2.809294e+003,9.993250e+001
2.809777e+003,9.992253e+001
2.810259e+003,9.991113e+001
2.810741e+003,9.990027e+001
2.811223e+003,9.989137e+001
2.811705e+003,9.988496e+001
2.812187e+003,9.988100e+001
2.812669e+003,9.987885e+001
2.813151e+003,9.987775e+001
2.813634e+003,9.987726e+001
2.814116e+003,9.987718e+001
2.814598e+003,9.987794e+001
2.815080e+003,9.988029e+001
2.815562e+003,9.988519e+001
2.816044e+003,9.989348e+001
2.816526e+003,9.990553e+001
2.817008e+003,9.992084e+001
2.817490e+003,9.993808e+001
2.817973e+003,9.995522e+001
2.818455e+003,9.996996e+001
2.818937e+003,9.998042e+001
2.819419e+003,9.998557e+001
2.819901e+003,9.998547e+001
2.820383e+003,9.998118e+001
2.820865e+003,9.997427e+001
2.821347e+003,9.996644e+001
2.821830e+003,9.995891e+001
2.822312e+003,9.995243e+001
2.822794e+003,9.994737e+001
2.823276e+003,9.994408e+001
2.823758e+003,9.994316e+001
2.824240e+003,9.994553e+001
2.824722e+003,9.995218e+001
2.825204e+003,9.996368e+001
2.825687e+003,9.997969e+001
2.826169e+003,9.999883e+001
2.826651e+003,1.000187e+002
2.827133e+003,1.000363e+002
2.827615e+003,1.000491e+002
2.828097e+003,1.000553e+002
2.828579e+003,1.000543e+002
2.829061e+003,1.000472e+002
2.829543e+003,1.000363e+002
2.830026e+003,1.000246e+002
2.830508e+003,1.000152e+002
2.830990e+003,1.000108e+002
2.831472e+003,1.000127e+002
2.831954e+003,1.000213e+002
2.832436e+003,1.000349e+002
2.832918e+003,1.000512e+002
2.833400e+003,1.000669e+002
2.833883e+003,1.000791e+002
2.834365e+003,1.000858e+002
2.834847e+003,1.000868e+002
2.835329e+003,1.000833e+002
2.835811e+003,1.000777e+002
2.836293e+003,1.000731e+002
2.836775e+003,1.000721e+002
2.837257e+003,1.000762e+002
2.837740e+003,1.000855e+002
2.838221e+003,1.000991e+002
2.838704e+003,1.001153e+002
2.839186e+003,1.001325e+002
2.839668e+003,1.001495e+002
2.840150e+003,1.001658e+002
2.840632e+003,1.001815e+002
2.841114e+003,1.001968e+002
2.841596e+003,1.002117e+002
2.842078e+003,1.002260e+002
2.842561e+003,1.002393e+002
2.843043e+003,1.002510e+002
2.843525e+003,1.002606e+002
2.844007e+003,1.002681e+002
2.844489e+003,1.002740e+002
2.844971e+003,1.002791e+002
2.845453e+003,1.002844e+002
2.845935e+003,1.002906e+002
2.846417e+003,1.002984e+002
2.846900e+003,1.003075e+002
2.847382e+003,1.003171e+002
2.847864e+003,1.003257e+002
2.848346e+003,1.003317e+002
2.848828e+003,1.003335e+002
2.849310e+003,1.003306e+002
2.849792e+003,1.003231e+002
2.850274e+003,1.003127e+002
2.850757e+003,1.003013e+002
2.851239e+003,1.002913e+002
2.851721e+003,1.002839e+002
2.852203e+003,1.002793e+002
2.852685e+003,1.002765e+002
2.853167e+003,1.002734e+002
2.853649e+003,1.002682e+002
2.854131e+003,1.002595e+002
2.854614e+003,1.002470e+002
2.855096e+003,1.002314e+002
2.855578e+003,1.002141e+002
2.856060e+003,1.001962e+002
2.856542e+003,1.001790e+002
2.857024e+003,1.001628e+002
2.857506e+003,1.001480e+002
2.857988e+003,1.001351e+002
2.858470e+003,1.001248e+002
2.858953e+003,1.001183e+002
2.859435e+003,1.001163e+002
2.859917e+003,1.001194e+002
2.860399e+003,1.001269e+002
2.860881e+003,1.001375e+002
2.861363e+003,1.001494e+002
2.861845e+003,1.001609e+002
2.862327e+003,1.001709e+002
2.862810e+003,1.001788e+002
2.863292e+003,1.001843e+002
2.863774e+003,1.001874e+002
2.864256e+003,1.001876e+002
2.864738e+003,1.001841e+002
2.865220e+003,1.001764e+002
2.865702e+003,1.001645e+002
2.866184e+003,1.001495e+002
2.866667e+003,1.001334e+002
2.867148e+003,1.001187e+002
2.867631e+003,1.001076e+002
2.868113e+003,1.001013e+002
2.868595e+003,1.000993e+002
2.869077e+003,1.000998e+002
2.869559e+003,1.001003e+002
2.870041e+003,1.000984e+002
2.870523e+003,1.000928e+002
2.871005e+003,1.000830e+002
2.871488e+003,1.000698e+002
2.871970e+003,1.000546e+002
2.872452e+003,1.000388e+002
2.872934e+003,1.000236e+002
2.873416e+003,1.000098e+002
2.873898e+003,9.999809e+001
2.874380e+003,9.998917e+001
2.874862e+003,9.998358e+001
2.875344e+003,9.998162e+001
2.875827e+003,9.998315e+001
2.876309e+003,9.998743e+001
2.876791e+003,9.999300e+001
2.877273e+003,9.999830e+001
2.877755e+003,1.000018e+002
2.878237e+003,1.000026e+002
2.878719e+003,1.000007e+002
2.879201e+003,9.999682e+001
2.879684e+003,9.999202e+001
2.880166e+003,9.998773e+001
2.880648e+003,9.998521e+001
2.881130e+003,9.998537e+001
2.881612e+003,9.998865e+001
2.882094e+003,9.999503e+001
2.882576e+003,1.000040e+002
2.883058e+003,1.000147e+002
2.883541e+003,1.000258e+002
2.884023e+003,1.000359e+002
2.884505e+003,1.000438e+002
2.884987e+003,1.000490e+002
2.885469e+003,1.000517e+002
2.885951e+003,1.000527e+002
2.886433e+003,1.000530e+002
2.886915e+003,1.000537e+002
2.887397e+003,1.000554e+002
2.887880e+003,1.000577e+002
2.888362e+003,1.000601e+002
2.888844e+003,1.000619e+002
2.889326e+003,1.000627e+002
2.889808e+003,1.000631e+002
2.890290e+003,1.000639e+002
2.890772e+003,1.000664e+002
2.891254e+003,1.000713e+002
2.891737e+003,1.000788e+002
2.892219e+003,1.000883e+002
2.892701e+003,1.000987e+002
2.893183e+003,1.001087e+002
2.893665e+003,1.001174e+002
2.894147e+003,1.001244e+002
2.894629e+003,1.001294e+002
2.895111e+003,1.001325e+002
2.895594e+003,1.001334e+002
2.896075e+003,1.001316e+002
2.896558e+003,1.001265e+002
2.897040e+003,1.001178e+002
2.897522e+003,1.001057e+002
2.898004e+003,1.000916e+002
2.898486e+003,1.000772e+002
2.898968e+003,1.000643e+002
2.899450e+003,1.000546e+002
2.899932e+003,1.000488e+002
2.900415e+003,1.000468e+002
2.900897e+003,1.000475e+002
2.901379e+003,1.000500e+002
2.901861e+003,1.000531e+002
2.902343e+003,1.000563e+002
2.902825e+003,1.000597e+002
2.903307e+003,1.000640e+002
2.903789e+003,1.000700e+002
2.904271e+003,1.000786e+002
2.904754e+003,1.000904e+002
2.905236e+003,1.001054e+002
2.905718e+003,1.001234e+002
2.906200e+003,1.001435e+002
2.906682e+003,1.001645e+002
2.907164e+003,1.001848e+002
2.907646e+003,1.002031e+002
2.908128e+003,1.002181e+002
2.908611e+003,1.002291e+002
2.909093e+003,1.002359e+002
2.909575e+003,1.002389e+002
2.910057e+003,1.002389e+002
2.910539e+003,1.002366e+002
2.911021e+003,1.002330e+002
2.911503e+003,1.002284e+002
2.911985e+003,1.002233e+002
2.912468e+003,1.002178e+002
2.912950e+003,1.002121e+002
2.913432e+003,1.002068e+002
2.913914e+003,1.002025e+002
2.914396e+003,1.002002e+002
2.914878e+003,1.002009e+002
2.915360e+003,1.002056e+002
2.915842e+003,1.002151e+002
2.916324e+003,1.002300e+002
2.916807e+003,1.002502e+002
2.917289e+003,1.002754e+002
2.917771e+003,1.003042e+002
2.918253e+003,1.003348e+002
2.918735e+003,1.003644e+002
2.919217e+003,1.003903e+002
2.919699e+003,1.004098e+002
2.920181e+003,1.004211e+002
2.920664e+003,1.004236e+002
2.921146e+003,1.004183e+002
2.921628e+003,1.004075e+002
2.922110e+003,1.003943e+002
2.922592e+003,1.003821e+002
2.923074e+003,1.003734e+002
2.923556e+003,1.003696e+002
2.924038e+003,1.003706e+002
2.924521e+003,1.003750e+002
2.925002e+003,1.003810e+002
2.925485e+003,1.003869e+002
2.925967e+003,1.003917e+002
2.926449e+003,1.003954e+002
2.926931e+003,1.003988e+002
2.927413e+003,1.004029e+002
2.927895e+003,1.004084e+002
2.928377e+003,1.004151e+002
2.928859e+003,1.004216e+002
2.929342e+003,1.004264e+002
2.929824e+003,1.004277e+002
2.930306e+003,1.004246e+002
2.930788e+003,1.004174e+002
2.931270e+003,1.004079e+002
2.931752e+003,1.003983e+002
2.932234e+003,1.003909e+002
2.932716e+003,1.003867e+002
2.933198e+003,1.003857e+002
2.933681e+003,1.003859e+002
2.934163e+003,1.003853e+002
2.934645e+003,1.003816e+002
2.935127e+003,1.003735e+002
2.935609e+003,1.003606e+002
2.936091e+003,1.003441e+002
2.936573e+003,1.003260e+002
2.937055e+003,1.003083e+002
2.937538e+003,1.002927e+002
2.938020e+003,1.002805e+002
2.938502e+003,1.002718e+002
2.938984e+003,1.002662e+002
2.939466e+003,1.002632e+002
2.939948e+003,1.002617e+002
2.940430e+003,1.002608e+002
2.940912e+003,1.002594e+002
2.941395e+003,1.002564e+002
2.941877e+003,1.002513e+002
2.942359e+003,1.002435e+002
2.942841e+003,1.002332e+002
2.943323e+003,1.002211e+002
2.943805e+003,1.002081e+002
2.944287e+003,1.001953e+002
2.944769e+003,1.001835e+002
2.945251e+003,1.001734e+002
2.945734e+003,1.001650e+002
2.946216e+003,1.001581e+002
2.946698e+003,1.001525e+002
2.947180e+003,1.001480e+002
2.947662e+003,1.001446e+002
2.948144e+003,1.001423e+002
2.948626e+003,1.001412e+002
2.949108e+003,1.001413e+002
2.949591e+003,1.001428e+002
2.950073e+003,1.001455e+002
2.950555e+003,1.001495e+002
2.951037e+003,1.001549e+002
2.951519e+003,1.001614e+002
2.952001e+003,1.001688e+002
2.952483e+003,1.001764e+002
2.952965e+003,1.001837e+002
2.953448e+003,1.001897e+002
2.953929e+003,1.001942e+002
2.954412e+003,1.001968e+002
2.954894e+003,1.001975e+002
2.955376e+003,1.001963e+002
2.955858e+003,1.001933e+002
2.956340e+003,1.001880e+002
2.956822e+003,1.001799e+002
2.957304e+003,1.001686e+002
2.957786e+003,1.001544e+002
2.958269e+003,1.001380e+002
2.958751e+003,1.001210e+002
2.959233e+003,1.001052e+002
2.959715e+003,1.000927e+002
2.960197e+003,1.000849e+002
2.960679e+003,1.000825e+002
2.961161e+003,1.000855e+002
2.961643e+003,1.000930e+002
2.962125e+003,1.001036e+002
2.962608e+003,1.001154e+002
2.963090e+003,1.001263e+002
2.963572e+003,1.001341e+002
2.964054e+003,1.001369e+002
2.964536e+003,1.001334e+002
2.965018e+003,1.001233e+002
2.965500e+003,1.001078e+002
2.965982e+003,1.000891e+002
2.966465e+003,1.000702e+002
2.966947e+003,1.000540e+002
2.967429e+003,1.000424e+002
2.967911e+003,1.000363e+002
2.968393e+003,1.000349e+002
2.968875e+003,1.000368e+002
2.969357e+003,1.000406e+002
2.969839e+003,1.000451e+002
2.970322e+003,1.000502e+002
2.970804e+003,1.000564e+002
2.971286e+003,1.000642e+002
2.971768e+003,1.000738e+002
2.972250e+003,1.000848e+002
2.972732e+003,1.000961e+002
2.973214e+003,1.001064e+002
2.973696e+003,1.001150e+002
2.974178e+003,1.001214e+002
2.974661e+003,1.001259e+002
2.975143e+003,1.001291e+002
2.975625e+003,1.001316e+002
2.976107e+003,1.001335e+002
2.976589e+003,1.001349e+002
2.977071e+003,1.001357e+002
2.977553e+003,1.001357e+002
2.978035e+003,1.001351e+002
2.978518e+003,1.001340e+002
2.979000e+003,1.001322e+002
2.979482e+003,1.001291e+002
2.979964e+003,1.001237e+002
2.980446e+003,1.001155e+002
2.980928e+003,1.001044e+002
2.981410e+003,1.000915e+002
2.981892e+003,1.000790e+002
2.982375e+003,1.000694e+002
2.982856e+003,1.000649e+002
2.983339e+003,1.000662e+002
2.983821e+003,1.000726e+002
2.984303e+003,1.000816e+002
2.984785e+003,1.000902e+002
2.985267e+003,1.000958e+002
2.985749e+003,1.000969e+002
2.986231e+003,1.000933e+002
2.986713e+003,1.000862e+002
2.987196e+003,1.000774e+002
2.987678e+003,1.000687e+002
2.988160e+003,1.000614e+002
2.988642e+003,1.000564e+002
2.989124e+003,1.000543e+002
2.989606e+003,1.000555e+002
2.990088e+003,1.000602e+002
2.990570e+003,1.000683e+002
2.991052e+003,1.000789e+002
2.991535e+003,1.000905e+002
2.992017e+003,1.001006e+002
2.992499e+003,1.001075e+002
2.992981e+003,1.001099e+002
2.993463e+003,1.001078e+002
2.993945e+003,1.001029e+002
2.994427e+003,1.000970e+002
2.994909e+003,1.000921e+002
2.995392e+003,1.000893e+002
2.995874e+003,1.000885e+002
2.996356e+003,1.000884e+002
2.996838e+003,1.000880e+002
2.997320e+003,1.000862e+002
2.997802e+003,1.000832e+002
2.998284e+003,1.000796e+002
2.998766e+003,1.000762e+002
2.999249e+003,1.000733e+002
2.999731e+003,1.000704e+002
3.000213e+003,1.000659e+002
3.000695e+003,1.000583e+002
3.001177e+003,1.000464e+002
3.001659e+003,1.000301e+002
3.002141e+003,1.000108e+002
3.002623e+003,9.999092e+001
3.003105e+003,9.997297e+001
3.003588e+003,9.995914e+001
3.004070e+003,9.995044e+001
3.004552e+003,9.994661e+001
3.005034e+003,9.994614e+001
3.005516e+003,9.994678e+001
3.005998e+003,9.994595e+001
3.006480e+003,9.994132e+001
3.006962e+003,9.993119e+001
3.007445e+003,9.991491e+001
3.007927e+003,9.989293e+001
3.008409e+003,9.986696e+001
3.008891e+003,9.983955e+001
3.009373e+003,9.981355e+001
3.009855e+003,9.979137e+001
3.010337e+003,9.977434e+001
3.010819e+003,9.976227e+001
3.011302e+003,9.975364e+001
3.011783e+003,9.974613e+001
3.012266e+003,9.973746e+001
3.012748e+003,9.972613e+001
3.013230e+003,9.971179e+001
3.013712e+003,9.969532e+001
3.014194e+003,9.967833e+001
3.014676e+003,9.966262e+001
3.015158e+003,9.964974e+001
3.015640e+003,9.964066e+001
3.016123e+003,9.963595e+001
3.016605e+003,9.963575e+001
3.017087e+003,9.964002e+001
3.017569e+003,9.964841e+001
3.018051e+003,9.966016e+001
3.018533e+003,9.967419e+001
3.019015e+003,9.968914e+001
3.019497e+003,9.970385e+001
3.019979e+003,9.971782e+001
3.020462e+003,9.973151e+001
3.020944e+003,9.974625e+001
3.021426e+003,9.976374e+001
3.021908e+003,9.978517e+001
3.022390e+003,9.981055e+001
3.022872e+003,9.983842e+001
3.023354e+003,9.986594e+001
3.023836e+003,9.988983e+001
3.024319e+003,9.990742e+001
3.024801e+003,9.991754e+001
3.025283e+003,9.992081e+001
3.025765e+003,9.991953e+001
3.026247e+003,9.991666e+001
3.026729e+003,9.991519e+001
3.027211e+003,9.991690e+001
3.027693e+003,9.992221e+001
3.028176e+003,9.993007e+001
3.028658e+003,9.993843e+001
3.029140e+003,9.994494e+001
3.029622e+003,9.994731e+001
3.030104e+003,9.994395e+001
3.030586e+003,9.993413e+001
3.031068e+003,9.991816e+001
3.031550e+003,9.989731e+001
3.032032e+003,9.987360e+001
3.032515e+003,9.984953e+001
3.032997e+003,9.982747e+001
3.033479e+003,9.980918e+001
3.033961e+003,9.979538e+001
3.034443e+003,9.978573e+001
3.034925e+003,9.977888e+001
3.035407e+003,9.977320e+001
3.035889e+003,9.976701e+001
3.036372e+003,9.975936e+001
3.036854e+003,9.975009e+001
3.037336e+003,9.973965e+001
3.037818e+003,9.972868e+001
3.038300e+003,9.971767e+001
3.038782e+003,9.970669e+001
3.039264e+003,9.969535e+001
3.039746e+003,9.968320e+001
3.040229e+003,9.967020e+001
3.040711e+003,9.965697e+001
3.041193e+003,9.964494e+001
3.041675e+003,9.963601e+001
3.042157e+003,9.963202e+001
3.042639e+003,9.963422e+001
3.043121e+003,9.964275e+001
3.043603e+003,9.965652e+001
3.044085e+003,9.967341e+001
3.044568e+003,9.969077e+001
3.045050e+003,9.970614e+001
3.045532e+003,9.971777e+001
3.046014e+003,9.972507e+001
3.046496e+003,9.972849e+001
3.046978e+003,9.972928e+001
3.047460e+003,9.972893e+001
3.047942e+003,9.972864e+001
3.048425e+003,9.972889e+001
3.048906e+003,9.972950e+001
3.049389e+003,9.972977e+001
3.049871e+003,9.972914e+001
3.050353e+003,9.972748e+001
3.050835e+003,9.972556e+001
3.051317e+003,9.972485e+001
3.051799e+003,9.972729e+001
3.052281e+003,9.973468e+001
3.052763e+003,9.974812e+001
3.053246e+003,9.976770e+001
3.053728e+003,9.979253e+001
3.054210e+003,9.982092e+001
3.054692e+003,9.985077e+001
3.055174e+003,9.988007e+001
3.055656e+003,9.990709e+001
3.056138e+003,9.993061e+001
3.056620e+003,9.994991e+001
3.057103e+003,9.996468e+001
3.057585e+003,9.997517e+001
3.058067e+003,9.998197e+001
3.058549e+003,9.998604e+001
3.059031e+003,9.998848e+001
3.059513e+003,9.999040e+001
3.059995e+003,9.999261e+001
3.060477e+003,9.999554e+001
3.060959e+003,9.999924e+001
3.061442e+003,1.000034e+002
3.061924e+003,1.000075e+002
3.062406e+003,1.000110e+002
3.062888e+003,1.000134e+002
3.063370e+003,1.000139e+002
3.063852e+003,1.000118e+002
3.064334e+003,1.000063e+002
3.064816e+003,9.999686e+001
3.065299e+003,9.998354e+001
3.065781e+003,9.996717e+001
3.066263e+003,9.994951e+001
3.066745e+003,9.993285e+001
3.067227e+003,9.991962e+001
3.067709e+003,9.991155e+001
3.068191e+003,9.990944e+001
3.068673e+003,9.991280e+001
3.069156e+003,9.992026e+001
3.069638e+003,9.993002e+001
3.070120e+003,9.994033e+001
3.070602e+003,9.994981e+001
3.071084e+003,9.995756e+001
3.071566e+003,9.996271e+001
3.072048e+003,9.996451e+001
3.072530e+003,9.996210e+001
3.073012e+003,9.995497e+001
3.073495e+003,9.994331e+001
3.073977e+003,9.992844e+001
3.074459e+003,9.991285e+001
3.074941e+003,9.989983e+001
3.075423e+003,9.989275e+001
3.075905e+003,9.989399e+001
3.076387e+003,9.990440e+001
3.076869e+003,9.992289e+001
3.077352e+003,9.994677e+001
3.077833e+003,9.997252e+001
3.078316e+003,9.999672e+001
3.078798e+003,1.000167e+002
3.079280e+003,1.000311e+002
3.079762e+003,1.000399e+002
3.080244e+003,1.000442e+002
3.080726e+003,1.000458e+002
3.081208e+003,1.000465e+002
3.081690e+003,1.000480e+002
3.082173e+003,1.000509e+002
3.082655e+003,1.000552e+002
3.083137e+003,1.000600e+002
3.083619e+003,1.000640e+002
3.084101e+003,1.000660e+002
3.084583e+003,1.000658e+002
3.085065e+003,1.000645e+002
3.085547e+003,1.000641e+002
3.086030e+003,1.000678e+002
3.086512e+003,1.000783e+002
3.086994e+003,1.000971e+002
3.087476e+003,1.001236e+002
3.087958e+003,1.001549e+002
3.088440e+003,1.001862e+002
3.088922e+003,1.002122e+002
3.089404e+003,1.002283e+002
3.089886e+003,1.002316e+002
3.090369e+003,1.002221e+002
3.090851e+003,1.002019e+002
3.091333e+003,1.001753e+002
3.091815e+003,1.001469e+002
3.092297e+003,1.001211e+002
3.092779e+003,1.001013e+002
3.093261e+003,1.000888e+002
3.093743e+003,1.000832e+002
3.094226e+003,1.000828e+002
3.094708e+003,1.000848e+002
3.095190e+003,1.000864e+002
3.095672e+003,1.000855e+002
3.096154e+003,1.000813e+002
3.096636e+003,1.000744e+002
3.097118e+003,1.000667e+002
3.097600e+003,1.000609e+002
3.098083e+003,1.000591e+002
3.098565e+003,1.000628e+002
3.099047e+003,1.000719e+002
3.099529e+003,1.000853e+002
3.100011e+003,1.001014e+002
3.100493e+003,1.001184e+002
3.100975e+003,1.001354e+002
3.101457e+003,1.001521e+002
3.101939e+003,1.001686e+002
3.102422e+003,1.001849e+002
3.102904e+003,1.002003e+002
3.103386e+003,1.002135e+002
3.103868e+003,1.002229e+002
3.104350e+003,1.002274e+002
3.104832e+003,1.002267e+002
3.105314e+003,1.002216e+002
3.105796e+003,1.002138e+002
3.106279e+003,1.002054e+002
3.106760e+003,1.001982e+002
3.107243e+003,1.001933e+002
3.107725e+003,1.001912e+002
3.108207e+003,1.001920e+002
3.108689e+003,1.001956e+002
3.109171e+003,1.002016e+002
3.109653e+003,1.002091e+002
3.110135e+003,1.002169e+002
3.110617e+003,1.002229e+002
3.111100e+003,1.002251e+002
3.111582e+003,1.002219e+002
3.112064e+003,1.002133e+002
3.112546e+003,1.002005e+002
3.113028e+003,1.001865e+002
3.113510e+003,1.001741e+002
3.113992e+003,1.001655e+002
3.114474e+003,1.001609e+002
3.114957e+003,1.001585e+002
3.115439e+003,1.001558e+002
3.115921e+003,1.001504e+002
3.116403e+003,1.001418e+002
3.116885e+003,1.001317e+002
3.117367e+003,1.001238e+002
3.117849e+003,1.001220e+002
3.118331e+003,1.001289e+002
3.118813e+003,1.001447e+002
3.119296e+003,1.001666e+002
3.119778e+003,1.001903e+002
3.120260e+003,1.002109e+002
3.120742e+003,1.002250e+002
3.121224e+003,1.002309e+002
3.121706e+003,1.002291e+002
3.122188e+003,1.002216e+002
3.122670e+003,1.002102e+002
3.123153e+003,1.001968e+002
3.123635e+003,1.001829e+002
3.124117e+003,1.001695e+002
3.124599e+003,1.001584e+002
3.125081e+003,1.001512e+002
3.125563e+003,1.001496e+002
3.126045e+003,1.001543e+002
3.126527e+003,1.001644e+002
3.127010e+003,1.001772e+002
3.127492e+003,1.001893e+002
3.127974e+003,1.001972e+002
3.128456e+003,1.001984e+002
3.128938e+003,1.001929e+002
3.129420e+003,1.001822e+002
3.129902e+003,1.001693e+002
3.130384e+003,1.001574e+002
3.130866e+003,1.001489e+002
3.131349e+003,1.001449e+002
3.131831e+003,1.001451e+002
3.132313e+003,1.001485e+002
3.132795e+003,1.001534e+002
3.133277e+003,1.001582e+002
3.133759e+003,1.001615e+002
3.134241e+003,1.001622e+002
3.134723e+003,1.001597e+002
3.135206e+003,1.001542e+002
3.135688e+003,1.001465e+002
3.136170e+003,1.001381e+002
3.136652e+003,1.001307e+002
3.137134e+003,1.001252e+002
3.137616e+003,1.001220e+002
3.138098e+003,1.001199e+002
3.138580e+003,1.001170e+002
3.139063e+003,1.001117e+002
3.139544e+003,1.001035e+002
3.140027e+003,1.000934e+002
3.140509e+003,1.000839e+002
3.140991e+003,1.000781e+002
3.141473e+003,1.000784e+002
3.141955e+003,1.000853e+002
3.142437e+003,1.000970e+002
3.142919e+003,1.001102e+002
3.143401e+003,1.001213e+002
3.143884e+003,1.001273e+002
3.144366e+003,1.001275e+002
3.144848e+003,1.001226e+002
3.145330e+003,1.001147e+002
3.145812e+003,1.001061e+002
3.146294e+003,1.000987e+002
3.146776e+003,1.000932e+002
3.147258e+003,1.000900e+002
3.147740e+003,1.000896e+002
3.148223e+003,1.000925e+002
3.148705e+003,1.000999e+002
3.149187e+003,1.001123e+002
3.149669e+003,1.001295e+002
3.150151e+003,1.001497e+002
3.150633e+003,1.001699e+002
3.151115e+003,1.001869e+002
3.151597e+003,1.001981e+002
3.152080e+003,1.002029e+002
3.152562e+003,1.002026e+002
3.153044e+003,1.002000e+002
3.153526e+003,1.001982e+002
3.154008e+003,1.001995e+002
3.154490e+003,1.002045e+002
3.154972e+003,1.002118e+002
3.155454e+003,1.002187e+002
3.155937e+003,1.002224e+002
3.156419e+003,1.002208e+002
3.156901e+003,1.002131e+002
3.157383e+003,1.002002e+002
3.157865e+003,1.001845e+002
3.158347e+003,1.001688e+002
3.158829e+003,1.001562e+002
3.159311e+003,1.001488e+002
3.159793e+003,1.001479e+002
3.160276e+003,1.001533e+002
3.160758e+003,1.001636e+002
3.161240e+003,1.001763e+002
3.161722e+003,1.001887e+002
3.162204e+003,1.001986e+002
3.162686e+003,1.002046e+002
3.163168e+003,1.002070e+002
3.163650e+003,1.002073e+002
3.164133e+003,1.002079e+002
3.164615e+003,1.002107e+002
3.165097e+003,1.002170e+002
3.165579e+003,1.002265e+002
3.166061e+003,1.002378e+002
3.166543e+003,1.002489e+002
3.167025e+003,1.002579e+002
3.167507e+003,1.002640e+002
3.167990e+003,1.002672e+002
3.168471e+003,1.002685e+002
3.168954e+003,1.002692e+002
3.169436e+003,1.002708e+002
3.169918e+003,1.002738e+002
3.170400e+003,1.002786e+002
3.170882e+003,1.002850e+002
3.171364e+003,1.002921e+002
3.171846e+003,1.002990e+002
3.172328e+003,1.003044e+002
3.172811e+003,1.003068e+002
3.173293e+003,1.003048e+002
3.173775e+003,1.002980e+002
3.174257e+003,1.002869e+002
3.174739e+003,1.002735e+002
3.175221e+003,1.002610e+002
3.175703e+003,1.002527e+002
3.176185e+003,1.002513e+002
3.176667e+003,1.002578e+002
3.177150e+003,1.002707e+002
3.177632e+003,1.002871e+002
3.178114e+003,1.003031e+002
3.178596e+003,1.003152e+002
3.179078e+003,1.003216e+002
3.179560e+003,1.003223e+002
3.180042e+003,1.003193e+002
3.180524e+003,1.003154e+002
3.181007e+003,1.003132e+002
3.181489e+003,1.003146e+002
3.181971e+003,1.003202e+002
3.182453e+003,1.003293e+002
3.182935e+003,1.003406e+002
3.183417e+003,1.003522e+002
3.183899e+003,1.003625e+002
3.184381e+003,1.003701e+002
3.184864e+003,1.003738e+002
3.185346e+003,1.003733e+002
3.185828e+003,1.003687e+002
3.186310e+003,1.003610e+002
3.186792e+003,1.003517e+002
3.187274e+003,1.003427e+002
3.187756e+003,1.003357e+002
3.188238e+003,1.003318e+002
3.188720e+003,1.003313e+002
3.189203e+003,1.003340e+002
3.189685e+003,1.003389e+002
3.190167e+003,1.003455e+002
3.190649e+003,1.003530e+002
3.191131e+003,1.003614e+002
3.191613e+003,1.003703e+002
3.192095e+003,1.003792e+002
3.192577e+003,1.003874e+002
3.193060e+003,1.003941e+002
3.193542e+003,1.003984e+002
3.194024e+003,1.004006e+002
3.194506e+003,1.004016e+002
3.194988e+003,1.004029e+002
3.195470e+003,1.004061e+002
3.195952e+003,1.004122e+002
3.196434e+003,1.004209e+002
3.196917e+003,1.004311e+002
3.197398e+003,1.004408e+002
3.197881e+003,1.004483e+002
3.198363e+003,1.004530e+002
3.198845e+003,1.004554e+002
3.199327e+003,1.004568e+002
3.199809e+003,1.004589e+002
3.200291e+003,1.004628e+002
3.200773e+003,1.004682e+002
3.201255e+003,1.004740e+002
3.201738e+003,1.004783e+002
3.202220e+003,1.004795e+002
3.202702e+003,1.004770e+002
3.203184e+003,1.004716e+002
3.203666e+003,1.004653e+002
3.204148e+003,1.004603e+002
3.204630e+003,1.004586e+002
3.205112e+003,1.004607e+002
3.205594e+003,1.004661e+002
3.206077e+003,1.004728e+002
3.206559e+003,1.004786e+002
3.207041e+003,1.004818e+002
3.207523e+003,1.004817e+002
3.208005e+003,1.004790e+002
3.208487e+003,1.004751e+002
3.208969e+003,1.004721e+002
3.209451e+003,1.004713e+002
3.209934e+003,1.004728e+002
3.210416e+003,1.004753e+002
3.210898e+003,1.004765e+002
3.211380e+003,1.004736e+002
3.211862e+003,1.004648e+002
3.212344e+003,1.004499e+002
3.212826e+003,1.004304e+002
3.213308e+003,1.004094e+002
3.213791e+003,1.003905e+002
3.214273e+003,1.003770e+002
3.214755e+003,1.003704e+002
3.215237e+003,1.003704e+002
3.215719e+003,1.003751e+002
3.216201e+003,1.003815e+002
3.216683e+003,1.003869e+002
3.217165e+003,1.003893e+002
3.217647e+003,1.003881e+002
3.218130e+003,1.003838e+002
3.218612e+003,1.003776e+002
3.219094e+003,1.003705e+002
3.219576e+003,1.003635e+002
3.220058e+003,1.003570e+002
3.220540e+003,1.003511e+002
3.221022e+003,1.003462e+002
3.221504e+003,1.003423e+002
3.221987e+003,1.003396e+002
3.222469e+003,1.003381e+002
3.222951e+003,1.003376e+002
3.223433e+003,1.003375e+002
3.223915e+003,1.003376e+002
3.224397e+003,1.003380e+002
3.224879e+003,1.003392e+002
3.225361e+003,1.003424e+002
3.225844e+003,1.003485e+002
3.226325e+003,1.003582e+002
3.226808e+003,1.003706e+002
3.227290e+003,1.003839e+002
3.227772e+003,1.003960e+002
3.228254e+003,1.004042e+002
3.228736e+003,1.004073e+002
3.229218e+003,1.004051e+002
3.229700e+003,1.003989e+002
3.230182e+003,1.003910e+002
3.230665e+003,1.003837e+002
3.231147e+003,1.003786e+002
3.231629e+003,1.003763e+002
3.232111e+003,1.003760e+002
3.232593e+003,1.003762e+002
3.233075e+003,1.003755e+002
3.233557e+003,1.003727e+002
3.234039e+003,1.003678e+002
3.234521e+003,1.003615e+002
3.235004e+003,1.003556e+002
3.235486e+003,1.003518e+002
3.235968e+003,1.003516e+002
3.236450e+003,1.003553e+002
3.236932e+003,1.003620e+002
3.237414e+003,1.003700e+002
3.237896e+003,1.003771e+002
3.238378e+003,1.003814e+002
3.238861e+003,1.003818e+002
3.239343e+003,1.003788e+002
3.239825e+003,1.003738e+002
3.240307e+003,1.003687e+002
3.240789e+003,1.003652e+002
3.241271e+003,1.003635e+002
3.241753e+003,1.003631e+002
3.242235e+003,1.003622e+002
3.242718e+003,1.003594e+002
3.243200e+003,1.003544e+002
3.243682e+003,1.003482e+002
3.244164e+003,1.003431e+002
3.244646e+003,1.003421e+002
3.245128e+003,1.003469e+002
3.245610e+003,1.003576e+002
3.246092e+003,1.003717e+002
3.246574e+003,1.003857e+002
3.247057e+003,1.003959e+002
3.247539e+003,1.003997e+002
3.248021e+003,1.003971e+002
3.248503e+003,1.003901e+002
3.248985e+003,1.003820e+002
3.249467e+003,1.003758e+002
3.249949e+003,1.003731e+002
3.250431e+003,1.003735e+002
3.250914e+003,1.003750e+002
3.251396e+003,1.003749e+002
3.251878e+003,1.003715e+002
3.252360e+003,1.003643e+002
3.252842e+003,1.003547e+002
3.253324e+003,1.003450e+002
3.253806e+003,1.003374e+002
3.254288e+003,1.003335e+002
3.254771e+003,1.003336e+002
3.255252e+003,1.003368e+002
3.255735e+003,1.003416e+002
3.256217e+003,1.003464e+002
3.256699e+003,1.003499e+002
3.257181e+003,1.003509e+002
3.257663e+003,1.003489e+002
3.258145e+003,1.003435e+002
3.258627e+003,1.003349e+002
3.259109e+003,1.003240e+002
3.259592e+003,1.003123e+002
3.260074e+003,1.003020e+002
3.260556e+003,1.002954e+002
3.261038e+003,1.002942e+002
3.261520e+003,1.002993e+002
3.262002e+003,1.003102e+002
3.262484e+003,1.003255e+002
3.262966e+003,1.003431e+002
3.263448e+003,1.003608e+002
3.263931e+003,1.003768e+002
3.264413e+003,1.003899e+002
3.264895e+003,1.003992e+002
3.265377e+003,1.004043e+002
3.265859e+003,1.004051e+002
3.266341e+003,1.004021e+002
3.266823e+003,1.003965e+002
3.267305e+003,1.003898e+002
3.267788e+003,1.003839e+002
3.268270e+003,1.003802e+002
3.268752e+003,1.003793e+002
3.269234e+003,1.003807e+002
3.269716e+003,1.003825e+002
3.270198e+003,1.003829e+002
3.270680e+003,1.003803e+002
3.271162e+003,1.003746e+002
3.271645e+003,1.003670e+002
3.272127e+003,1.003598e+002
3.272609e+003,1.003557e+002
3.273091e+003,1.003566e+002
3.273573e+003,1.003631e+002
3.274055e+003,1.003746e+002
3.274537e+003,1.003891e+002
3.275019e+003,1.004040e+002
3.275501e+003,1.004169e+002
3.275984e+003,1.004256e+002
3.276466e+003,1.004282e+002
3.276948e+003,1.004238e+002
3.277430e+003,1.004120e+002
3.277912e+003,1.003936e+002
3.278394e+003,1.003706e+002
3.278876e+003,1.003462e+002
3.279358e+003,1.003242e+002
3.279841e+003,1.003082e+002
3.280323e+003,1.003001e+002
3.280805e+003,1.002999e+002
3.281287e+003,1.003058e+002
3.281769e+003,1.003143e+002
3.282251e+003,1.003219e+002
3.282733e+003,1.003262e+002
3.283215e+003,1.003266e+002
3.283698e+003,1.003244e+002
3.284179e+003,1.003218e+002
3.284662e+003,1.003210e+002
3.285144e+003,1.003232e+002
3.285626e+003,1.003284e+002
3.286108e+003,1.003353e+002
3.286590e+003,1.003424e+002
3.287072e+003,1.003484e+002
3.287554e+003,1.003529e+002
3.288036e+003,1.003560e+002
3.288519e+003,1.003580e+002
3.289001e+003,1.003590e+002
3.289483e+003,1.003591e+002
3.289965e+003,1.003583e+002
3.290447e+003,1.003572e+002
3.290929e+003,1.003569e+002
3.291411e+003,1.003594e+002
3.291893e+003,1.003667e+002
3.292375e+003,1.003798e+002
3.292858e+003,1.003983e+002
3.293340e+003,1.004196e+002
3.293822e+003,1.004399e+002
3.294304e+003,1.004546e+002
3.294786e+003,1.004599e+002
3.295268e+003,1.004538e+002
3.295750e+003,1.004368e+002
3.296232e+003,1.004120e+002
3.296715e+003,1.003837e+002
3.297197e+003,1.003571e+002
3.297679e+003,1.003367e+002
3.298161e+003,1.003254e+002
3.298643e+003,1.003240e+002
3.299125e+003,1.003313e+002
3.299607e+003,1.003448e+002
3.300089e+003,1.003609e+002
3.300572e+003,1.003765e+002
3.301054e+003,1.003894e+002
3.301536e+003,1.003989e+002
3.302018e+003,1.004054e+002
3.302500e+003,1.004102e+002
3.302982e+003,1.004147e+002
3.303464e+003,1.004193e+002
3.303946e+003,1.004234e+002
3.304428e+003,1.004256e+002
3.304911e+003,1.004245e+002
3.305393e+003,1.004189e+002
3.305875e+003,1.004093e+002
3.306357e+003,1.003976e+002
3.306839e+003,1.003862e+002
3.307321e+003,1.003782e+002
3.307803e+003,1.003754e+002
3.308285e+003,1.003783e+002
3.308768e+003,1.003860e+002
3.309250e+003,1.003964e+002
3.309732e+003,1.004072e+002
3.310214e+003,1.004165e+002
3.310696e+003,1.004227e+002
3.311178e+003,1.004253e+002
3.311660e+003,1.004240e+002
3.312142e+003,1.004191e+002
3.312625e+003,1.004108e+002
3.313106e+003,1.003999e+002
3.313589e+003,1.003878e+002
3.314071e+003,1.003761e+002
3.314553e+003,1.003665e+002
3.315035e+003,1.003606e+002
3.315517e+003,1.003589e+002
3.315999e+003,1.003613e+002
3.316481e+003,1.003668e+002
3.316963e+003,1.003745e+002
3.317446e+003,1.003838e+002
3.317928e+003,1.003946e+002
3.318410e+003,1.004075e+002
3.318892e+003,1.004228e+002
3.319374e+003,1.004400e+002
3.319856e+003,1.004579e+002
3.320338e+003,1.004742e+002
3.320820e+003,1.004864e+002
3.321302e+003,1.004930e+002
3.321785e+003,1.004937e+002
3.322267e+003,1.004898e+002
3.322749e+003,1.004833e+002
3.323231e+003,1.004766e+002
3.323713e+003,1.004709e+002
3.324195e+003,1.004663e+002
3.324677e+003,1.004615e+002
3.325159e+003,1.004547e+002
3.325642e+003,1.004447e+002
3.326124e+003,1.004315e+002
3.326606e+003,1.004163e+002
3.327088e+003,1.004016e+002
3.327570e+003,1.003896e+002
3.328052e+003,1.003822e+002
3.328534e+003,1.003795e+002
3.329016e+003,1.003805e+002
3.329499e+003,1.003831e+002
3.329981e+003,1.003848e+002
3.330463e+003,1.003837e+002
3.330945e+003,1.003791e+002
3.331427e+003,1.003713e+002
3.331909e+003,1.003620e+002
3.332391e+003,1.003534e+002
3.332873e+003,1.003477e+002
3.333355e+003,1.003469e+002
3.333838e+003,1.003518e+002
3.334320e+003,1.003624e+002
3.334802e+003,1.003773e+002
3.335284e+003,1.003950e+002
3.335766e+003,1.004138e+002
3.336248e+003,1.004322e+002
3.336730e+003,1.004497e+002
3.337212e+003,1.004657e+002
3.337695e+003,1.004805e+002
3.338177e+003,1.004934e+002
3.338659e+003,1.005035e+002
3.339141e+003,1.005094e+002
3.339623e+003,1.005094e+002
3.340105e+003,1.005029e+002
3.340587e+003,1.004902e+002
3.341069e+003,1.004733e+002
3.341552e+003,1.004554e+002
3.342033e+003,1.004400e+002
3.342516e+003,1.004299e+002
3.342998e+003,1.004261e+002
3.343480e+003,1.004279e+002
3.343962e+003,1.004327e+002
3.344444e+003,1.004373e+002
3.344926e+003,1.004389e+002
3.345408e+003,1.004363e+002
3.345890e+003,1.004302e+002
3.346373e+003,1.004227e+002
3.346855e+003,1.004169e+002
3.347337e+003,1.004156e+002
3.347819e+003,1.004203e+002
3.348301e+003,1.004304e+002
3.348783e+003,1.004438e+002
3.349265e+003,1.004573e+002
3.349747e+003,1.004672e+002
3.350229e+003,1.004709e+002
3.350712e+003,1.004670e+002
3.351194e+003,1.004562e+002
3.351676e+003,1.004404e+002
3.352158e+003,1.004226e+002
3.352640e+003,1.004063e+002
3.353122e+003,1.003943e+002
3.353604e+003,1.003884e+002
3.354086e+003,1.003891e+002
3.354569e+003,1.003960e+002
3.355051e+003,1.004073e+002
3.355533e+003,1.004207e+002
3.356015e+003,1.004342e+002
3.356497e+003,1.004459e+002
3.356979e+003,1.004545e+002
3.357461e+003,1.004599e+002
3.357943e+003,1.004629e+002
3.358426e+003,1.004650e+002
3.358908e+003,1.004681e+002
3.359390e+003,1.004738e+002
3.359872e+003,1.004829e+002
3.360354e+003,1.004952e+002
3.360836e+003,1.005086e+002
3.361318e+003,1.005202e+002
3.361800e+003,1.005267e+002
3.362282e+003,1.005250e+002
3.362765e+003,1.005136e+002
3.363247e+003,1.004931e+002
3.363729e+003,1.004658e+002
3.364211e+003,1.004358e+002
3.364693e+003,1.004072e+002
3.365175e+003,1.003838e+002
3.365657e+003,1.003680e+002
3.366139e+003,1.003606e+002
3.366622e+003,1.003607e+002
3.367104e+003,1.003667e+002
3.367586e+003,1.003767e+002
3.368068e+003,1.003888e+002
3.368550e+003,1.004014e+002
3.369032e+003,1.004137e+002
3.369514e+003,1.004248e+002
3.369996e+003,1.004344e+002
3.370479e+003,1.004423e+002
3.370961e+003,1.004488e+002
3.371443e+003,1.004544e+002
3.371925e+003,1.004598e+002
3.372407e+003,1.004657e+002
3.372889e+003,1.004724e+002
3.373371e+003,1.004799e+002
3.373853e+003,1.004877e+002
3.374335e+003,1.004951e+002
3.374818e+003,1.005014e+002
3.375300e+003,1.005059e+002
3.375782e+003,1.005085e+002
3.376264e+003,1.005090e+002
3.376746e+003,1.005073e+002
3.377228e+003,1.005033e+002
3.377710e+003,1.004967e+002
3.378192e+003,1.004872e+002
3.378675e+003,1.004749e+002
3.379156e+003,1.004600e+002
3.379639e+003,1.004433e+002
3.380121e+003,1.004258e+002
3.380603e+003,1.004090e+002
3.381085e+003,1.003945e+002
3.381567e+003,1.003837e+002
3.382049e+003,1.003781e+002
3.382531e+003,1.003786e+002
3.383013e+003,1.003859e+002
3.383496e+003,1.003993e+002
3.383978e+003,1.004176e+002
3.384460e+003,1.004386e+002
3.384942e+003,1.004591e+002
3.385424e+003,1.004765e+002
3.385906e+003,1.004883e+002
3.386388e+003,1.004935e+002
3.386870e+003,1.004922e+002
3.387353e+003,1.004858e+002
3.387835e+003,1.004765e+002
3.388317e+003,1.004662e+002
3.388799e+003,1.004567e+002
3.389281e+003,1.004491e+002
3.389763e+003,1.004439e+002
3.390245e+003,1.004412e+002
3.390727e+003,1.004408e+002
3.391209e+003,1.004430e+002
3.391692e+003,1.004479e+002
3.392174e+003,1.004560e+002
3.392656e+003,1.004675e+002
3.393138e+003,1.004825e+002
3.393620e+003,1.005007e+002
3.394102e+003,1.005212e+002
3.394584e+003,1.005421e+002
3.395066e+003,1.005612e+002
3.395549e+003,1.005757e+002
3.396031e+003,1.005831e+002
3.396513e+003,1.005821e+002
3.396995e+003,1.005729e+002
3.397477e+003,1.005573e+002
3.397959e+003,1.005390e+002
3.398441e+003,1.005221e+002
3.398923e+003,1.005096e+002
3.399406e+003,1.005032e+002
3.399888e+003,1.005021e+002
3.400370e+003,1.005035e+002
3.400852e+003,1.005040e+002
3.401334e+003,1.005004e+002
3.401816e+003,1.004912e+002
3.402298e+003,1.004766e+002
3.402780e+003,1.004586e+002
3.403262e+003,1.004397e+002
3.403745e+003,1.004221e+002
3.404227e+003,1.004069e+002
3.404709e+003,1.003942e+002
3.405191e+003,1.003839e+002
3.405673e+003,1.003760e+002
3.406155e+003,1.003711e+002
3.406637e+003,1.003704e+002
3.407119e+003,1.003752e+002
3.407602e+003,1.003856e+002
3.408083e+003,1.004009e+002
3.408566e+003,1.004190e+002
3.409048e+003,1.004373e+002
3.409530e+003,1.004533e+002
3.410012e+003,1.004654e+002
3.410494e+003,1.004742e+002
3.410976e+003,1.004789e+002
3.411458e+003,1.004803e+002
3.411940e+003,1.004787e+002
3.412423e+003,1.004739e+002
3.412905e+003,1.004658e+002
3.413387e+003,1.004540e+002
3.413869e+003,1.004392e+002
3.414351e+003,1.004228e+002
3.414833e+003,1.004073e+002
3.415315e+003,1.003952e+002
3.415797e+003,1.003888e+002
3.416280e+003,1.003892e+002
3.416762e+003,1.003958e+002
3.417244e+003,1.004071e+002
3.417726e+003,1.004206e+002
3.418208e+003,1.004339e+002
3.418690e+003,1.004453e+002
3.419172e+003,1.004536e+002
3.419654e+003,1.004588e+002
3.420136e+003,1.004613e+002
3.420619e+003,1.004619e+002
3.421101e+003,1.004610e+002
3.421583e+003,1.004588e+002
3.422065e+003,1.004548e+002
3.422547e+003,1.004486e+002
3.423029e+003,1.004396e+002
3.423511e+003,1.004277e+002
3.423993e+003,1.004136e+002
3.424476e+003,1.003986e+002
3.424958e+003,1.003847e+002
3.425440e+003,1.003740e+002
3.425922e+003,1.003683e+002
3.426404e+003,1.003684e+002
3.426886e+003,1.003744e+002
3.427368e+003,1.003855e+002
3.427850e+003,1.004001e+002
3.428333e+003,1.004165e+002
3.428815e+003,1.004331e+002
3.429297e+003,1.004485e+002
3.429779e+003,1.004615e+002
3.430261e+003,1.004710e+002
3.430743e+003,1.004760e+002
3.431225e+003,1.004758e+002
3.431707e+003,1.004707e+002
3.432189e+003,1.004618e+002
3.432672e+003,1.004515e+002
3.433154e+003,1.004424e+002
3.433636e+003,1.004368e+002
3.434118e+003,1.004358e+002
3.434600e+003,1.004388e+002
3.435082e+003,1.004439e+002
3.435564e+003,1.004485e+002
3.436046e+003,1.004510e+002
3.436529e+003,1.004512e+002
3.437010e+003,1.004505e+002
3.437493e+003,1.004517e+002
3.437975e+003,1.004570e+002
3.438457e+003,1.004667e+002
3.438939e+003,1.004790e+002
3.439421e+003,1.004897e+002
3.439903e+003,1.004942e+002
3.440385e+003,1.004890e+002
3.440867e+003,1.004736e+002
3.441350e+003,1.004507e+002
3.441832e+003,1.004257e+002
3.442314e+003,1.004047e+002
3.442796e+003,1.003923e+002
3.443278e+003,1.003899e+002
3.443760e+003,1.003957e+002
3.444242e+003,1.004050e+002
3.444724e+003,1.004124e+002
3.445207e+003,1.004139e+002
3.445689e+003,1.004075e+002
3.446171e+003,1.003947e+002
3.446653e+003,1.003792e+002
3.447135e+003,1.003656e+002
3.447617e+003,1.003578e+002
3.448099e+003,1.003577e+002
3.448581e+003,1.003647e+002
3.449063e+003,1.003765e+002
3.449546e+003,1.003896e+002
3.450028e+003,1.004007e+002
3.450510e+003,1.004073e+002
3.450992e+003,1.004081e+002
3.451474e+003,1.004032e+002
3.451956e+003,1.003939e+002
3.452438e+003,1.003818e+002
3.452920e+003,1.003687e+002
3.453403e+003,1.003553e+002
3.453885e+003,1.003419e+002
3.454367e+003,1.003284e+002
3.454849e+003,1.003149e+002
3.455331e+003,1.003020e+002
3.455813e+003,1.002919e+002
3.456295e+003,1.002877e+002
3.456777e+003,1.002925e+002
3.457260e+003,1.003086e+002
3.457742e+003,1.003362e+002
3.458224e+003,1.003723e+002
3.458706e+003,1.004119e+002
3.459188e+003,1.004485e+002
3.459670e+003,1.004763e+002
3.460152e+003,1.004914e+002
3.460634e+003,1.004933e+002
3.461116e+003,1.004844e+002
3.461599e+003,1.004691e+002
3.462081e+003,1.004519e+002
3.462563e+003,1.004363e+002
3.463045e+003,1.004234e+002
3.463527e+003,1.004125e+002
3.464009e+003,1.004021e+002
3.464491e+003,1.003905e+002
3.464973e+003,1.003775e+002
3.465456e+003,1.003641e+002
3.465938e+003,1.003523e+002
3.466420e+003,1.003437e+002
3.466902e+003,1.003390e+002
3.467384e+003,1.003371e+002
3.467866e+003,1.003355e+002
3.468348e+003,1.003316e+002
3.468830e+003,1.003234e+002
3.469313e+003,1.003113e+002
3.469794e+003,1.002978e+002
3.470277e+003,1.002875e+002
3.470759e+003,1.002853e+002
3.471241e+003,1.002947e+002
3.471723e+003,1.003166e+002
3.472205e+003,1.003483e+002
3.472687e+003,1.003844e+002
3.473169e+003,1.004179e+002
3.473651e+003,1.004426e+002
3.474134e+003,1.004551e+002
3.474616e+003,1.004553e+002
3.475098e+003,1.004472e+002
3.475580e+003,1.004365e+002
3.476062e+003,1.004294e+002
3.476544e+003,1.004302e+002
3.477026e+003,1.004401e+002
3.477508e+003,1.004574e+002
3.477990e+003,1.004781e+002
3.478473e+003,1.004975e+002
3.478955e+003,1.005116e+002
3.479437e+003,1.005182e+002
3.479919e+003,1.005169e+002
3.480401e+003,1.005087e+002
3.480883e+003,1.004957e+002
3.481365e+003,1.004802e+002
3.481847e+003,1.004652e+002
3.482330e+003,1.004535e+002
3.482812e+003,1.004481e+002
3.483294e+003,1.004513e+002
3.483776e+003,1.004646e+002
3.484258e+003,1.004869e+002
3.484740e+003,1.005152e+002
3.485222e+003,1.005440e+002
3.485704e+003,1.005668e+002
3.486187e+003,1.005780e+002
3.486669e+003,1.005745e+002
3.487151e+003,1.005570e+002
3.487633e+003,1.005292e+002
3.488115e+003,1.004976e+002
3.488597e+003,1.004683e+002
3.489079e+003,1.004463e+002
3.489561e+003,1.004336e+002
3.490043e+003,1.004295e+002
3.490526e+003,1.004316e+002
3.491008e+003,1.004364e+002
3.491490e+003,1.004412e+002
3.491972e+003,1.004442e+002
3.492454e+003,1.004452e+002
3.492936e+003,1.004445e+002
3.493418e+003,1.004436e+002
3.493900e+003,1.004436e+002
3.494383e+003,1.004458e+002
3.494865e+003,1.004510e+002
3.495347e+003,1.004591e+002
3.495829e+003,1.004694e+002
3.496311e+003,1.004800e+002
3.496793e+003,1.004889e+002
3.497275e+003,1.004940e+002
3.497757e+003,1.004943e+002
3.498240e+003,1.004906e+002
3.498721e+003,1.004849e+002
3.499204e+003,1.004801e+002
3.499686e+003,1.004784e+002
3.500168e+003,1.004801e+002
3.500650e+003,1.004832e+002
3.501132e+003,1.004842e+002
3.501614e+003,1.004793e+002
3.502096e+003,1.004666e+002
3.502578e+003,1.004473e+002
3.503061e+003,1.004259e+002
3.503543e+003,1.004085e+002
3.504025e+003,1.004004e+002
3.504507e+003,1.004041e+002
3.504989e+003,1.004177e+002
3.505471e+003,1.004356e+002
3.505953e+003,1.004503e+002
3.506435e+003,1.004549e+002
3.506917e+003,1.004452e+002
3.507400e+003,1.004215e+002
3.507882e+003,1.003879e+002
3.508364e+003,1.003514e+002
3.508846e+003,1.003196e+002
3.509328e+003,1.002990e+002
3.509810e+003,1.002927e+002
3.510292e+003,1.003008e+002
3.510774e+003,1.003205e+002
3.511257e+003,1.003474e+002
3.511739e+003,1.003770e+002
3.512221e+003,1.004058e+002
3.512703e+003,1.004316e+002
3.513185e+003,1.004534e+002
3.513667e+003,1.004713e+002
3.514149e+003,1.004860e+002
3.514631e+003,1.004980e+002
3.515114e+003,1.005079e+002
3.515596e+003,1.005162e+002
3.516078e+003,1.005231e+002
3.516560e+003,1.005293e+002
3.517042e+003,1.005358e+002
3.517524e+003,1.005443e+002
3.518006e+003,1.005567e+002
3.518488e+003,1.005744e+002
3.518970e+003,1.005975e+002
3.519453e+003,1.006244e+002
3.519935e+003,1.006516e+002
3.520417e+003,1.006742e+002
3.520899e+003,1.006874e+002
3.521381e+003,1.006875e+002
3.521863e+003,1.006732e+002
3.522345e+003,1.006458e+002
3.522827e+003,1.006090e+002
3.523310e+003,1.005678e+002
3.523792e+003,1.005270e+002
3.524274e+003,1.004900e+002
3.524756e+003,1.004586e+002
3.525238e+003,1.004334e+002
3.525720e+003,1.004139e+002
3.526202e+003,1.003999e+002
3.526684e+003,1.003914e+002
3.527167e+003,1.003884e+002
3.527648e+003,1.003909e+002
3.528131e+003,1.003980e+002
3.528613e+003,1.004080e+002
3.529095e+003,1.004186e+002
3.529577e+003,1.004273e+002
3.530059e+003,1.004320e+002
3.530541e+003,1.004320e+002
3.531023e+003,1.004275e+002
3.531505e+003,1.004201e+002
3.531988e+003,1.004120e+002
3.532470e+003,1.004058e+002
3.532952e+003,1.004040e+002
3.533434e+003,1.004086e+002
3.533916e+003,1.004208e+002
3.534398e+003,1.004407e+002
3.534880e+003,1.004675e+002
3.535362e+003,1.004997e+002
3.535844e+003,1.005358e+002
3.536327e+003,1.005740e+002
3.536809e+003,1.006128e+002
3.537291e+003,1.006500e+002
3.537773e+003,1.006828e+002
3.538255e+003,1.007071e+002
3.538737e+003,1.007181e+002
3.539219e+003,1.007114e+002
3.539701e+003,1.006844e+002
3.540184e+003,1.006380e+002
3.540666e+003,1.005774e+002
3.541148e+003,1.005119e+002
3.541630e+003,1.004530e+002
3.542112e+003,1.004111e+002
3.542594e+003,1.003925e+002
3.543076e+003,1.003976e+002
3.543558e+003,1.004203e+002
3.544041e+003,1.004502e+002
3.544523e+003,1.004750e+002
3.545005e+003,1.004852e+002
3.545487e+003,1.004759e+002
3.545969e+003,1.004487e+002
3.546451e+003,1.004099e+002
3.546933e+003,1.003683e+002
3.547415e+003,1.003321e+002
3.547897e+003,1.003066e+002
3.548380e+003,1.002933e+002
3.548862e+003,1.002908e+002
3.549344e+003,1.002960e+002
3.549826e+003,1.003052e+002
3.550308e+003,1.003152e+002
3.550790e+003,1.003238e+002
3.551272e+003,1.003306e+002
3.551754e+003,1.003368e+002
3.552237e+003,1.003453e+002
3.552719e+003,1.003591e+002
3.553201e+003,1.003806e+002
3.553683e+003,1.004106e+002
3.554165e+003,1.004481e+002
3.554647e+003,1.004908e+002
3.555129e+003,1.005358e+002
3.555611e+003,1.005811e+002
3.556094e+003,1.006263e+002
3.556575e+003,1.006725e+002
3.557058e+003,1.007225e+002
3.557540e+003,1.007781e+002
3.558022e+003,1.008385e+002
3.558504e+003,1.008985e+002
3.558986e+003,1.009491e+002
3.559468e+003,1.009791e+002
3.559950e+003,1.009788e+002
3.560432e+003,1.009437e+002
3.560915e+003,1.008771e+002
3.561397e+003,1.007901e+002
3.561879e+003,1.006993e+002
3.562361e+003,1.006219e+002
3.562843e+003,1.005710e+002
3.563325e+003,1.005521e+002
3.563807e+003,1.005615e+002
3.564289e+003,1.005876e+002
3.564771e+003,1.006150e+002
3.565254e+003,1.006286e+002
3.565736e+003,1.006199e+002
3.566218e+003,1.005896e+002
3.566700e+003,1.005488e+002
3.567182e+003,1.005137e+002
3.567664e+003,1.004987e+002
3.568146e+003,1.005097e+002
3.568628e+003,1.005425e+002
3.569111e+003,1.005856e+002
3.569593e+003,1.006250e+002
3.570075e+003,1.006480e+002
3.570557e+003,1.006461e+002
3.571039e+003,1.006159e+002
3.571521e+003,1.005597e+002
3.572003e+003,1.004846e+002
3.572485e+003,1.004015e+002
3.572968e+003,1.003228e+002
3.573450e+003,1.002602e+002
3.573932e+003,1.002226e+002
3.574414e+003,1.002149e+002
3.574896e+003,1.002376e+002
3.575378e+003,1.002878e+002
3.575860e+003,1.003601e+002
3.576342e+003,1.004490e+002
3.576824e+003,1.005490e+002
3.577307e+003,1.006559e+002
3.577789e+003,1.007657e+002
3.578271e+003,1.008743e+002
3.578753e+003,1.009758e+002
3.579235e+003,1.010627e+002
3.579717e+003,1.011267e+002
3.580199e+003,1.011600e+002
3.580681e+003,1.011581e+002
3.581164e+003,1.011218e+002
3.581646e+003,1.010583e+002
3.582128e+003,1.009806e+002
3.582610e+003,1.009046e+002
3.583092e+003,1.008458e+002
3.583574e+003,1.008152e+002
3.584056e+003,1.008169e+002
3.584538e+003,1.008466e+002
3.585021e+003,1.008932e+002
3.585502e+003,1.009418e+002
3.585985e+003,1.009786e+002
3.586467e+003,1.009959e+002
3.586949e+003,1.009957e+002
3.587431e+003,1.009877e+002
3.587913e+003,1.009843e+002
3.588395e+003,1.009934e+002
3.588877e+003,1.010142e+002
3.589359e+003,1.010389e+002
3.589842e+003,1.010559e+002
3.590324e+003,1.010548e+002
3.590806e+003,1.010286e+002
3.591288e+003,1.009751e+002
3.591770e+003,1.008967e+002
3.592252e+003,1.007999e+002
3.592734e+003,1.006950e+002
3.593216e+003,1.005950e+002
3.593698e+003,1.005142e+002
3.594181e+003,1.004664e+002
3.594663e+003,1.004617e+002
3.595145e+003,1.005045e+002
3.595627e+003,1.005913e+002
3.596109e+003,1.007111e+002
3.596591e+003,1.008477e+002
3.597073e+003,1.009832e+002
3.597555e+003,1.011020e+002
3.598038e+003,1.011952e+002
3.598520e+003,1.012612e+002
3.599002e+003,1.013055e+002
3.599484e+003,1.013369e+002
3.599966e+003,1.013638e+002
3.600448e+003,1.013902e+002
3.600930e+003,1.014147e+002
3.601412e+003,1.014315e+002
3.601895e+003,1.014341e+002
3.602377e+003,1.014195e+002
3.602859e+003,1.013901e+002
3.603341e+003,1.013540e+002
3.603823e+003,1.013213e+002
3.604305e+003,1.012996e+002
3.604787e+003,1.012896e+002
3.605269e+003,1.012834e+002
3.605751e+003,1.012667e+002
3.606234e+003,1.012231e+002
3.606716e+003,1.011413e+002
3.607198e+003,1.010205e+002
3.607680e+003,1.008743e+002
3.608162e+003,1.007276e+002
3.608644e+003,1.006097e+002
3.609126e+003,1.005446e+002
3.609608e+003,1.005427e+002
3.610091e+003,1.005981e+002
3.610573e+003,1.006905e+002
3.611055e+003,1.007901e+002
3.611537e+003,1.008651e+002
3.612019e+003,1.008896e+002
3.612501e+003,1.008515e+002
3.612983e+003,1.007568e+002
3.613465e+003,1.006288e+002
3.613948e+003,1.005001e+002
3.614429e+003,1.004030e+002
3.614912e+003,1.003603e+002
3.615394e+003,1.003805e+002
3.615876e+003,1.004575e+002
3.616358e+003,1.005741e+002
3.616840e+003,1.007081e+002
3.617322e+003,1.008415e+002
3.617804e+003,1.009684e+002
3.618286e+003,1.010979e+002
3.618769e+003,1.012501e+002
3.619251e+003,1.014443e+002
3.619733e+003,1.016849e+002
3.620215e+003,1.019523e+002
3.620697e+003,1.022042e+002
3.621179e+003,1.023874e+002
3.621661e+003,1.024550e+002
3.622143e+003,1.023826e+002
3.622625e+003,1.021774e+002
3.623108e+003,1.018774e+002
3.623590e+003,1.015417e+002
3.624072e+003,1.012347e+002
3.624554e+003,1.010095e+002
3.625036e+003,1.008957e+002
3.625518e+003,1.008944e+002
3.626000e+003,1.009810e+002
3.626482e+003,1.011125e+002
3.626965e+003,1.012392e+002
3.627447e+003,1.013183e+002
3.627929e+003,1.013293e+002
3.628411e+003,1.012867e+002
3.628893e+003,1.012359e+002
3.629375e+003,1.012265e+002
3.629857e+003,1.012791e+002
3.630339e+003,1.013749e+002
3.630822e+003,1.014717e+002
3.631304e+003,1.015253e+002
3.631786e+003,1.015027e+002
3.632268e+003,1.013890e+002
3.632750e+003,1.011895e+002
3.633232e+003,1.009293e+002
3.633714e+003,1.006478e+002
3.634196e+003,1.003878e+002
3.634678e+003,1.001846e+002
3.635161e+003,1.000567e+002
3.635643e+003,1.000051e+002
3.636125e+003,1.000178e+002
3.636607e+003,1.000783e+002
3.637089e+003,1.001723e+002
3.637571e+003,1.002926e+002
3.638053e+003,1.004381e+002
3.638535e+003,1.006097e+002
3.639018e+003,1.008045e+002
3.639500e+003,1.010108e+002
3.639982e+003,1.012086e+002
3.640464e+003,1.013733e+002
3.640946e+003,1.014832e+002
3.641428e+003,1.015264e+002
3.641910e+003,1.015052e+002
3.642392e+003,1.014339e+002
3.642875e+003,1.013339e+002
3.643356e+003,1.012267e+002
3.643839e+003,1.011289e+002
3.644321e+003,1.010505e+002
3.644803e+003,1.009971e+002
3.645285e+003,1.009717e+002
3.645767e+003,1.009770e+002
3.646249e+003,1.010152e+002
3.646731e+003,1.010853e+002
3.647213e+003,1.011792e+002
3.647696e+003,1.012777e+002
3.648178e+003,1.013519e+002
3.648660e+003,1.013703e+002
3.649142e+003,1.013118e+002
3.649624e+003,1.011782e+002
3.650106e+003,1.009959e+002
3.650588e+003,1.008060e+002
3.651070e+003,1.006458e+002
3.651552e+003,1.005344e+002
3.652035e+003,1.004688e+002
3.652517e+003,1.004279e+002
3.652999e+003,1.003817e+002
3.653481e+003,1.003006e+002
3.653963e+003,1.001644e+002
3.654445e+003,9.997031e+001
3.654927e+003,9.973811e+001
3.655409e+003,9.951020e+001
3.655892e+003,9.934258e+001
3.656374e+003,9.928690e+001
3.656856e+003,9.937035e+001
3.657338e+003,9.958471e+001
3.657820e+003,9.988971e+001
3.658302e+003,1.002273e+002
3.658784e+003,1.005390e+002
3.659266e+003,1.007808e+002
3.659749e+003,1.009326e+002
3.660231e+003,1.010011e+002
3.660713e+003,1.010143e+002
3.661195e+003,1.010094e+002
3.661677e+003,1.010182e+002
3.662159e+003,1.010556e+002
3.662641e+003,1.011158e+002
3.663123e+003,1.011777e+002
3.663605e+003,1.012175e+002
3.664088e+003,1.012222e+002
3.664570e+003,1.011990e+002
3.665052e+003,1.011749e+002
3.665534e+003,1.011857e+002
3.666016e+003,1.012597e+002
3.666498e+003,1.014028e+002
3.666980e+003,1.015892e+002
3.667462e+003,1.017641e+002
3.667945e+003,1.018573e+002
3.668427e+003,1.018085e+002
3.668909e+003,1.015954e+002
3.669391e+003,1.012525e+002
3.669873e+003,1.008657e+002
3.670355e+003,1.005386e+002
3.670837e+003,1.003475e+002
3.671319e+003,1.003137e+002
3.671802e+003,1.004055e+002
3.672283e+003,1.005591e+002
3.672766e+003,1.007025e+002
3.673248e+003,1.007747e+002
3.673730e+003,1.007390e+002
3.674212e+003,1.005930e+002
3.674694e+003,1.003776e+002
3.675176e+003,1.001717e+002
3.675658e+003,1.000642e+002
3.676140e+003,1.001058e+002
3.676623e+003,1.002827e+002
3.677105e+003,1.005352e+002
3.677587e+003,1.007947e+002
3.678069e+003,1.010097e+002
3.678551e+003,1.011531e+002
3.679033e+003,1.012198e+002
3.679515e+003,1.012202e+002
3.679997e+003,1.011730e+002
3.680479e+003,1.010985e+002
3.680962e+003,1.010128e+002
3.681444e+003,1.009264e+002
3.681926e+003,1.008453e+002
3.682408e+003,1.007743e+002
3.682890e+003,1.007186e+002
3.683372e+003,1.006849e+002
3.683854e+003,1.006802e+002
3.684336e+003,1.007105e+002
3.684819e+003,1.007786e+002
3.685301e+003,1.008831e+002
3.685783e+003,1.010178e+002
3.686265e+003,1.011728e+002
3.686747e+003,1.013349e+002
3.687229e+003,1.014908e+002
3.687711e+003,1.016303e+002
3.688193e+003,1.017501e+002
3.688676e+003,1.018536e+002
3.689158e+003,1.019455e+002
3.689640e+003,1.020251e+002
3.690122e+003,1.020844e+002
3.690604e+003,1.021112e+002
3.691086e+003,1.020942e+002
3.691568e+003,1.020279e+002
3.692050e+003,1.019146e+002
3.692532e+003,1.017632e+002
3.693015e+003,1.015871e+002
3.693497e+003,1.014002e+002
3.693979e+003,1.012139e+002
3.694461e+003,1.010354e+002
3.694943e+003,1.008684e+002
3.695425e+003,1.007153e+002
3.695907e+003,1.005809e+002
3.696389e+003,1.004742e+002
3.696872e+003,1.004080e+002
3.697354e+003,1.003957e+002
3.697836e+003,1.004466e+002
3.698318e+003,1.005624e+002
3.698800e+003,1.007338e+002
3.699282e+003,1.009418e+002
3.699764e+003,1.011603e+002
3.700246e+003,1.013635e+002
3.700729e+003,1.015340e+002
3.701211e+003,1.016684e+002
3.701693e+003,1.017775e+002
3.702175e+003,1.018788e+002
3.702657e+003,1.019867e+002
3.703139e+003,1.021033e+002
3.703621e+003,1.022160e+002
3.704103e+003,1.023006e+002
3.704585e+003,1.023292e+002
3.705068e+003,1.022804e+002
3.705550e+003,1.021478e+002
3.706032e+003,1.019444e+002
3.706514e+003,1.017012e+002
3.706996e+003,1.014594e+002
3.707478e+003,1.012597e+002
3.707960e+003,1.011307e+002
3.708442e+003,1.010816e+002
3.708925e+003,1.011004e+002
3.709406e+003,1.011589e+002
3.709889e+003,1.012226e+002
3.710371e+003,1.012630e+002
3.710853e+003,1.012674e+002
3.711335e+003,1.012420e+002
3.711817e+003,1.012070e+002
3.712299e+003,1.011852e+002
3.712781e+003,1.011898e+002
3.713263e+003,1.012184e+002
3.713746e+003,1.012540e+002
3.714228e+003,1.012721e+002
3.714710e+003,1.012499e+002
3.715192e+003,1.011734e+002
3.715674e+003,1.010431e+002
3.716156e+003,1.008751e+002
3.716638e+003,1.006985e+002
3.717120e+003,1.005497e+002
3.717603e+003,1.004632e+002
3.718085e+003,1.004636e+002
3.718567e+003,1.005583e+002
3.719049e+003,1.007360e+002
3.719531e+003,1.009699e+002
3.720013e+003,1.012250e+002
3.720495e+003,1.014685e+002
3.720977e+003,1.016788e+002
3.721459e+003,1.018499e+002
3.721942e+003,1.019899e+002
3.722424e+003,1.021124e+002
3.722906e+003,1.022269e+002
3.723388e+003,1.023313e+002
3.723870e+003,1.024125e+002
3.724352e+003,1.024527e+002
3.724834e+003,1.024414e+002
3.725316e+003,1.023843e+002
3.725799e+003,1.023060e+002
3.726281e+003,1.022428e+002
3.726763e+003,1.022272e+002
3.727245e+003,1.022718e+002
3.727727e+003,1.023602e+002
3.728209e+003,1.024500e+002
3.728691e+003,1.024878e+002
3.729173e+003,1.024280e+002
3.729656e+003,1.022501e+002
3.730138e+003,1.019671e+002
3.730620e+003,1.016247e+002
3.731102e+003,1.012881e+002
3.731584e+003,1.010234e+002
3.732066e+003,1.008781e+002
3.732548e+003,1.008685e+002
3.733030e+003,1.009810e+002
3.733512e+003,1.011827e+002
3.733995e+003,1.014383e+002
3.734477e+003,1.017206e+002
3.734959e+003,1.020133e+002
3.735441e+003,1.023040e+002
3.735923e+003,1.025727e+002
3.736405e+003,1.027830e+002
3.736887e+003,1.028859e+002
3.737369e+003,1.028382e+002
3.737852e+003,1.026243e+002
3.738333e+003,1.022687e+002
3.738816e+003,1.018320e+002
3.739298e+003,1.013942e+002
3.739780e+003,1.010327e+002
3.740262e+003,1.008029e+002
3.740744e+003,1.007279e+002
3.741226e+003,1.007976e+002
3.741708e+003,1.009766e+002
3.742190e+003,1.012146e+002
3.742673e+003,1.014563e+002
3.743155e+003,1.016520e+002
3.743637e+003,1.017722e+002
3.744119e+003,1.018249e+002
3.744601e+003,1.018522e+002
3.745083e+003,1.018954e+002
3.745565e+003,1.019597e+002
3.746047e+003,1.020177e+002
3.746530e+003,1.020353e+002
3.747012e+003,1.019883e+002
3.747494e+003,1.018659e+002
3.747976e+003,1.016692e+002
3.748458e+003,1.014127e+002
3.748940e+003,1.011269e+002
3.749422e+003,1.008575e+002
3.749904e+003,1.006558e+002
3.750386e+003,1.005628e+002
3.750869e+003,1.005928e+002
3.751351e+003,1.007273e+002
3.751833e+003,1.009203e+002
3.752315e+003,1.011110e+002
3.752797e+003,1.012426e+002
3.753279e+003,1.012780e+002
3.753761e+003,1.012097e+002
3.754243e+003,1.010579e+002
3.754726e+003,1.008606e+002
3.755208e+003,1.006592e+002
3.755690e+003,1.004862e+002
3.756172e+003,1.003575e+002
3.756654e+003,1.002722e+002
3.757136e+003,1.002187e+002
3.757618e+003,1.001839e+002
3.758100e+003,1.001625e+002
3.758583e+003,1.001611e+002
3.759065e+003,1.001964e+002
3.759547e+003,1.002870e+002
3.760029e+003,1.004431e+002
3.760511e+003,1.006578e+002
3.760993e+003,1.009045e+002
3.761475e+003,1.011432e+002
3.761957e+003,1.013311e+002
3.762439e+003,1.014340e+002
3.762922e+003,1.014344e+002
3.763404e+003,1.013334e+002
3.763886e+003,1.011509e+002
3.764368e+003,1.009226e+002
3.764850e+003,1.006943e+002
3.765332e+003,1.005123e+002
3.765814e+003,1.004106e+002
3.766296e+003,1.004022e+002
3.766779e+003,1.004774e+002
3.767260e+003,1.006090e+002
3.767743e+003,1.007605e+002
3.768225e+003,1.008968e+002
3.768707e+003,1.009935e+002
3.769189e+003,1.010453e+002
3.769671e+003,1.010668e+002
3.770153e+003,1.010837e+002
3.770635e+003,1.011176e+002
3.771117e+003,1.011741e+002
3.771600e+003,1.012386e+002
3.772082e+003,1.012828e+002
3.772564e+003,1.012756e+002
3.773046e+003,1.011968e+002
3.773528e+003,1.010460e+002
3.774010e+003,1.008449e+002
3.774492e+003,1.006316e+002
3.774974e+003,1.004489e+002
3.775457e+003,1.003312e+002
3.775939e+003,1.002947e+002
3.776421e+003,1.003339e+002
3.776903e+003,1.004257e+002
3.777385e+003,1.005376e+002
3.777867e+003,1.006383e+002
3.778349e+003,1.007067e+002
3.778831e+003,1.007358e+002
3.779313e+003,1.007320e+002
3.779796e+003,1.007084e+002
3.780278e+003,1.006772e+002
3.780760e+003,1.006456e+002
3.781242e+003,1.006158e+002
3.781724e+003,1.005892e+002
3.782206e+003,1.005688e+002
3.782688e+003,1.005586e+002
3.783170e+003,1.005621e+002
3.783653e+003,1.005806e+002
3.784135e+003,1.006120e+002
3.784617e+003,1.006523e+002
3.785099e+003,1.006959e+002
3.785581e+003,1.007383e+002
3.786063e+003,1.007769e+002
3.786545e+003,1.008122e+002
3.787027e+003,1.008460e+002
3.787510e+003,1.008795e+002
3.787992e+003,1.009113e+002
3.788474e+003,1.009375e+002
3.788956e+003,1.009531e+002
3.789438e+003,1.009556e+002
3.789920e+003,1.009483e+002
3.790402e+003,1.009414e+002
3.790884e+003,1.009504e+002
3.791366e+003,1.009918e+002
3.791849e+003,1.010763e+002
3.792331e+003,1.012023e+002
3.792813e+003,1.013522e+002
3.793295e+003,1.014928e+002
3.793777e+003,1.015813e+002
3.794259e+003,1.015767e+002
3.794741e+003,1.014536e+002
3.795223e+003,1.012163e+002
3.795706e+003,1.009059e+002
3.796188e+003,1.005929e+002
3.796670e+003,1.003562e+002
3.797152e+003,1.002564e+002
3.797634e+003,1.003152e+002
3.798116e+003,1.005095e+002
3.798598e+003,1.007770e+002
3.799080e+003,1.010312e+002
3.799563e+003,1.011827e+002
3.800044e+003,1.011680e+002
3.800527e+003,1.009784e+002
3.801009e+003,1.006752e+002
3.801491e+003,1.003712e+002
3.801973e+003,1.001810e+002
3.802455e+003,1.001672e+002
3.802937e+003,1.003206e+002
3.803419e+003,1.005760e+002
3.803901e+003,1.008450e+002
3.804384e+003,1.010460e+002
3.804866e+003,1.011266e+002
3.805348e+003,1.010773e+002
3.805830e+003,1.009358e+002
3.806312e+003,1.007768e+002
3.806794e+003,1.006855e+002
3.807276e+003,1.007209e+002
3.807758e+003,1.008871e+002
3.808240e+003,1.011301e+002
3.808723e+003,1.013626e+002
3.809205e+003,1.015002e+002
3.809687e+003,1.014920e+002
3.810169e+003,1.013358e+002
3.810651e+003,1.010766e+002
3.811133e+003,1.007898e+002
3.811615e+003,1.005554e+002
3.812097e+003,1.004325e+002
3.812580e+003,1.004425e+002
3.813062e+003,1.005647e+002
3.813544e+003,1.007442e+002
3.814026e+003,1.009082e+002
3.814508e+003,1.009912e+002
3.814990e+003,1.009618e+002
3.815472e+003,1.008415e+002
3.815954e+003,1.006985e+002
3.816437e+003,1.006133e+002
3.816919e+003,1.006385e+002
3.817401e+003,1.007779e+002
3.817883e+003,1.009912e+002
3.818365e+003,1.012114e+002
3.818847e+003,1.013648e+002
3.819329e+003,1.013911e+002
3.819811e+003,1.012641e+002
3.820293e+003,1.010095e+002
3.820776e+003,1.007058e+002
3.821258e+003,1.004586e+002
3.821740e+003,1.003530e+002
3.822222e+003,1.004150e+002
3.822704e+003,1.006081e+002
3.823186e+003,1.008586e+002
3.823668e+003,1.010859e+002
3.824150e+003,1.012250e+002
3.824633e+003,1.012396e+002
3.825115e+003,1.011282e+002
3.825597e+003,1.009228e+002
3.826079e+003,1.006802e+002
3.826561e+003,1.004659e+002
3.827043e+003,1.003351e+002
3.827525e+003,1.003177e+002
3.828007e+003,1.004137e+002
3.828490e+003,1.005977e+002
3.828971e+003,1.008280e+002
3.829454e+003,1.010568e+002
3.829936e+003,1.012405e+002
3.830418e+003,1.013480e+002
3.830900e+003,1.013669e+002
3.831382e+003,1.013046e+002
3.831864e+003,1.011837e+002
3.832346e+003,1.010336e+002
3.832828e+003,1.008820e+002
3.833311e+003,1.007496e+002
3.833793e+003,1.006487e+002
3.834275e+003,1.005845e+002
3.834757e+003,1.005576e+002
3.835239e+003,1.005667e+002
3.835721e+003,1.006088e+002
3.836203e+003,1.006789e+002
3.836685e+003,1.007691e+002
3.837167e+003,1.008681e+002
3.837650e+003,1.009639e+002
3.838132e+003,1.010466e+002
3.838614e+003,1.011107e+002
3.839096e+003,1.011548e+002
3.839578e+003,1.011789e+002
3.840060e+003,1.011826e+002
3.840542e+003,1.011636e+002
3.841024e+003,1.011189e+002
3.841507e+003,1.010479e+002
3.841989e+003,1.009559e+002
3.842471e+003,1.008575e+002
3.842953e+003,1.007765e+002
3.843435e+003,1.007404e+002
3.843917e+003,1.007710e+002
3.844399e+003,1.008737e+002
3.844881e+003,1.010316e+002
3.845364e+003,1.012056e+002
3.845846e+003,1.013434e+002
3.846328e+003,1.013953e+002
3.846810e+003,1.013293e+002
3.847292e+003,1.011425e+002
3.847774e+003,1.008621e+002
3.848256e+003,1.005378e+002
3.848738e+003,1.002286e+002
3.849220e+003,9.998734e+001
3.849703e+003,9.985135e+001
3.850185e+003,9.983787e+001
3.850667e+003,9.994598e+001
3.851149e+003,1.001610e+002
3.851631e+003,1.004587e+002
3.852113e+003,1.008093e+002
3.852595e+003,1.011843e+002
3.853077e+003,1.015662e+002
3.853560e+003,1.019472e+002
3.854042e+003,1.023111e+002
3.854524e+003,1.026194e+002
3.855006e+003,1.028253e+002
3.855488e+003,1.028969e+002
3.855970e+003,1.028243e+002
3.856452e+003,1.026144e+002
3.856934e+003,1.022819e+002
3.857417e+003,1.018475e+002
3.857898e+003,1.013394e+002
3.858381e+003,1.007967e+002
3.858863e+003,1.002702e+002
3.859345e+003,9.981755e+001
3.859827e+003,9.949323e+001
3.860309e+003,9.933591e+001
3.860791e+003,9.935707e+001
3.861273e+003,9.953496e+001
3.861755e+003,9.981686e+001
3.862238e+003,1.001305e+002
3.862720e+003,1.004029e+002
3.863202e+003,1.005817e+002
3.863684e+003,1.006505e+002
3.864166e+003,1.006328e+002
3.864648e+003,1.005805e+002
3.865130e+003,1.005507e+002
3.865612e+003,1.005824e+002
3.866094e+003,1.006835e+002
3.866577e+003,1.008331e+002
3.867059e+003,1.009941e+002
3.867541e+003,1.011274e+002
3.868023e+003,1.012042e+002
3.868505e+003,1.012146e+002
3.868987e+003,1.011751e+002
3.869469e+003,1.011277e+002
3.869951e+003,1.011253e+002
3.870434e+003,1.012031e+002
3.870916e+003,1.013581e+002
3.871398e+003,1.015509e+002
3.871880e+003,1.017239e+002
3.872362e+003,1.018194e+002
3.872844e+003,1.017949e+002
3.873326e+003,1.016347e+002
3.873808e+003,1.013587e+002
3.874291e+003,1.010211e+002
3.874773e+003,1.006946e+002
3.875255e+003,1.004469e+002
3.875737e+003,1.003211e+002
3.876219e+003,1.003258e+002
3.876701e+003,1.004360e+002
3.877183e+003,1.006007e+002
3.877665e+003,1.007557e+002
3.878147e+003,1.008403e+002
3.878630e+003,1.008164e+002
3.879112e+003,1.006835e+002
3.879594e+003,1.004826e+002
3.880076e+003,1.002837e+002
3.880558e+003,1.001608e+002
3.881040e+003,1.001627e+002
3.881522e+003,1.002962e+002
3.882004e+003,1.005257e+002
3.882487e+003,1.007890e+002
3.882969e+003,1.010173e+002
3.883451e+003,1.011544e+002
3.883933e+003,1.011709e+002
3.884415e+003,1.010714e+002
3.884897e+003,1.008966e+002
3.885379e+003,1.007129e+002
3.885861e+003,1.005893e+002
3.886344e+003,1.005699e+002
3.886825e+003,1.006584e+002
3.887308e+003,1.008221e+002
3.887790e+003,1.010103e+002
3.888272e+003,1.011717e+002
3.888754e+003,1.012679e+002
3.889236e+003,1.012798e+002
3.889718e+003,1.012124e+002
3.890200e+003,1.010930e+002
3.890682e+003,1.009655e+002
3.891165e+003,1.008763e+002
3.891647e+003,1.008573e+002
3.892129e+003,1.009139e+002
3.892611e+003,1.010248e+002
3.893093e+003,1.011516e+002
3.893575e+003,1.012542e+002
3.894057e+003,1.013044e+002
3.894539e+003,1.012922e+002
3.895021e+003,1.012250e+002
3.895504e+003,1.011217e+002
3.895986e+003,1.010042e+002
3.896468e+003,1.008898e+002
3.896950e+003,1.007881e+002
3.897432e+003,1.007010e+002
3.897914e+003,1.006272e+002
3.898396e+003,1.005669e+002
3.898878e+003,1.005260e+002
3.899361e+003,1.005155e+002
3.899843e+003,1.005470e+002
3.900325e+003,1.006272e+002
3.900807e+003,1.007527e+002
3.901289e+003,1.009084e+002
3.901771e+003,1.010707e+002
3.902253e+003,1.012125e+002
3.902735e+003,1.013099e+002
3.903218e+003,1.013486e+002
3.903700e+003,1.013265e+002
3.904182e+003,1.012541e+002
3.904664e+003,1.011494e+002
3.905146e+003,1.010323e+002
3.905628e+003,1.009199e+002
3.906110e+003,1.008240e+002
3.906592e+003,1.007512e+002
3.907074e+003,1.007022e+002
3.907557e+003,1.006723e+002
3.908039e+003,1.006528e+002
3.908521e+003,1.006330e+002
3.909003e+003,1.006031e+002
3.909485e+003,1.005580e+002
3.909967e+003,1.004989e+002
3.910449e+003,1.004336e+002
3.910931e+003,1.003744e+002
3.911414e+003,1.003343e+002
3.911896e+003,1.003236e+002
3.912378e+003,1.003467e+002
3.912860e+003,1.004015e+002
3.913342e+003,1.004809e+002
3.913824e+003,1.005754e+002
3.914306e+003,1.006753e+002
3.914788e+003,1.007725e+002
3.915271e+003,1.008613e+002
3.915752e+003,1.009384e+002
3.916235e+003,1.010025e+002
3.916717e+003,1.010539e+002
3.917199e+003,1.010934e+002
3.917681e+003,1.011217e+002
3.918163e+003,1.011393e+002
3.918645e+003,1.011465e+002
3.919127e+003,1.011435e+002
3.919609e+003,1.011300e+002
3.920092e+003,1.011050e+002
3.920574e+003,1.010673e+002
3.921056e+003,1.010157e+002
3.921538e+003,1.009507e+002
3.922020e+003,1.008750e+002
3.922502e+003,1.007937e+002
3.922984e+003,1.007135e+002
3.923466e+003,1.006413e+002
3.923948e+003,1.005832e+002
3.924431e+003,1.005433e+002
3.924913e+003,1.005225e+002
3.925395e+003,1.005185e+002
3.925877e+003,1.005258e+002
3.926359e+003,1.005375e+002
3.926841e+003,1.005477e+002
3.927323e+003,1.005522e+002
3.927805e+003,1.005497e+002
3.928288e+003,1.005409e+002
3.928770e+003,1.005287e+002
3.929252e+003,1.005174e+002
3.929734e+003,1.005115e+002
3.930216e+003,1.005154e+002
3.930698e+003,1.005320e+002
3.931180e+003,1.005629e+002
3.931662e+003,1.006079e+002
3.932145e+003,1.006657e+002
3.932627e+003,1.007339e+002
3.933109e+003,1.008091e+002
3.933591e+003,1.008859e+002
3.934073e+003,1.009573e+002
3.934555e+003,1.010150e+002
3.935037e+003,1.010505e+002
3.935519e+003,1.010573e+002
3.936001e+003,1.010325e+002
3.936484e+003,1.009790e+002
3.936966e+003,1.009063e+002
3.937448e+003,1.008288e+002
3.937930e+003,1.007625e+002
3.938412e+003,1.007206e+002
3.938894e+003,1.007097e+002
3.939376e+003,1.007278e+002
3.939858e+003,1.007654e+002
3.940341e+003,1.008083e+002
3.940823e+003,1.008428e+002
3.941305e+003,1.008602e+002
3.941787e+003,1.008591e+002
3.942269e+003,1.008457e+002
3.942751e+003,1.008302e+002
3.943233e+003,1.008223e+002
3.943715e+003,1.008264e+002
3.944198e+003,1.008407e+002
3.944679e+003,1.008578e+002
3.945162e+003,1.008683e+002
3.945644e+003,1.008644e+002
3.946126e+003,1.008424e+002
3.946608e+003,1.008040e+002
3.947090e+003,1.007559e+002
3.947572e+003,1.007077e+002
3.948054e+003,1.006690e+002
3.948536e+003,1.006469e+002
3.949019e+003,1.006439e+002
3.949501e+003,1.006573e+002
3.949983e+003,1.006809e+002
3.950465e+003,1.007067e+002
3.950947e+003,1.007282e+002
3.951429e+003,1.007414e+002
3.951911e+003,1.007462e+002
3.952393e+003,1.007457e+002
3.952875e+003,1.007442e+002
3.953358e+003,1.007459e+002
3.953840e+003,1.007529e+002
3.954322e+003,1.007642e+002
3.954804e+003,1.007769e+002
3.955286e+003,1.007871e+002
3.955768e+003,1.007919e+002
3.956250e+003,1.007912e+002
3.956732e+003,1.007876e+002
3.957215e+003,1.007856e+002
3.957697e+003,1.007897e+002
3.958179e+003,1.008025e+002
3.958661e+003,1.008231e+002
3.959143e+003,1.008474e+002
3.959625e+003,1.008697e+002
3.960107e+003,1.008844e+002
3.960589e+003,1.008887e+002
3.961072e+003,1.008831e+002
3.961554e+003,1.008714e+002
3.962036e+003,1.008587e+002
3.962518e+003,1.008500e+002
3.963000e+003,1.008476e+002
3.963482e+003,1.008514e+002
3.963964e+003,1.008584e+002
3.964446e+003,1.008650e+002
3.964928e+003,1.008678e+002
3.965411e+003,1.008651e+002
3.965893e+003,1.008566e+002
3.966375e+003,1.008437e+002
3.966857e+003,1.008279e+002
3.967339e+003,1.008109e+002
3.967821e+003,1.007933e+002
3.968303e+003,1.007759e+002
3.968785e+003,1.007590e+002
3.969268e+003,1.007430e+002
3.969750e+003,1.007289e+002
3.970232e+003,1.007177e+002
3.970714e+003,1.007106e+002
3.971196e+003,1.007085e+002
3.971678e+003,1.007118e+002
3.972160e+003,1.007207e+002
3.972642e+003,1.007347e+002
3.973125e+003,1.007530e+002
3.973606e+003,1.007740e+002
3.974089e+003,1.007957e+002
3.974571e+003,1.008157e+002
3.975053e+003,1.008313e+002
3.975535e+003,1.008407e+002
3.976017e+003,1.008430e+002
3.976499e+003,1.008387e+002
3.976981e+003,1.008295e+002
3.977463e+003,1.008183e+002
3.977946e+003,1.008075e+002
3.978428e+003,1.007992e+002
3.978910e+003,1.007946e+002
3.979392e+003,1.007933e+002
3.979874e+003,1.007944e+002
3.980356e+003,1.007968e+002
3.980838e+003,1.007995e+002
3.981320e+003,1.008018e+002
3.981802e+003,1.008038e+002
3.982285e+003,1.008056e+002
3.982767e+003,1.008074e+002
3.983249e+003,1.008088e+002
3.983731e+003,1.008097e+002
3.984213e+003,1.008096e+002
3.984695e+003,1.008083e+002
3.985177e+003,1.008059e+002
3.985659e+003,1.008030e+002
3.986142e+003,1.008004e+002
3.986624e+003,1.007992e+002
3.987106e+003,1.007997e+002
3.987588e+003,1.008021e+002
3.988070e+003,1.008061e+002
3.988552e+003,1.008109e+002
3.989034e+003,1.008159e+002
3.989516e+003,1.008209e+002
3.989999e+003,1.008260e+002
3.990481e+003,1.008320e+002
3.990963e+003,1.008399e+002
3.991445e+003,1.008502e+002
3.991927e+003,1.008628e+002
3.992409e+003,1.008768e+002
3.992891e+003,1.008907e+002
3.993373e+003,1.009026e+002
3.993855e+003,1.009112e+002
3.994338e+003,1.009160e+002
3.994820e+003,1.009175e+002
3.995302e+003,1.009170e+002
3.995784e+003,1.009160e+002
3.996266e+003,1.009154e+002
3.996748e+003,1.009156e+002
3.997230e+003,1.009159e+002
3.997712e+003,1.009154e+002
3.998195e+003,1.009132e+002
3.998677e+003,1.009091e+002
3.999159e+003,1.009033e+002
3.999641e+003,1.008963e+002
4.000123e+003,1.008887e+002
