3.996747e+002,0.000000e+000
4.001569e+002,9.893792e+001
4.006390e+002,9.899504e+001
4.011211e+002,9.897279e+001
4.016032e+002,9.900359e+001
4.020853e+002,9.916225e+001
4.025674e+002,9.945095e+001
4.030496e+002,9.980358e+001
4.035317e+002,1.001134e+002
4.040138e+002,1.002712e+002
4.044959e+002,1.002025e+002
4.049780e+002,9.989179e+001
4.054601e+002,9.939380e+001
4.059423e+002,9.882084e+001
4.064244e+002,9.831164e+001
4.069065e+002,9.798788e+001
4.073886e+002,9.792061e+001
4.078707e+002,9.811707e+001
4.083528e+002,9.852831e+001
4.088350e+002,9.906494e+001
4.093171e+002,9.962037e+001
4.097992e+002,1.000953e+002
4.102813e+002,1.004247e+002
4.107634e+002,1.005933e+002
4.112455e+002,1.006325e+002
4.117277e+002,1.005997e+002
4.122098e+002,1.005531e+002
4.126919e+002,1.005328e+002
4.131740e+002,1.005526e+002
4.136561e+002,1.006009e+002
4.141382e+002,1.006510e+002
4.146204e+002,1.006731e+002
4.151025e+002,1.006448e+002
4.155846e+002,1.005535e+002
4.160667e+002,1.003949e+002
4.165488e+002,1.001712e+002
4.170309e+002,9.989318e+001
4.175131e+002,9.958551e+001
4.179952e+002,9.929211e+001
4.184773e+002,9.906857e+001
4.189594e+002,9.895999e+001
4.194415e+002,9.897736e+001
4.199236e+002,9.909849e+001
4.204058e+002,9.928983e+001
4.208879e+002,9.952900e+001
4.213700e+002,9.981104e+001
4.218521e+002,1.001419e+002
4.223342e+002,1.005250e+002
4.228163e+002,1.009480e+002
4.232985e+002,1.013740e+002
4.237806e+002,1.017436e+002
4.242627e+002,1.019889e+002
4.247448e+002,1.020594e+002
4.252269e+002,1.019437e+002
4.257090e+002,1.016794e+002
4.261912e+002,1.013383e+002
4.266733e+002,1.009997e+002
4.271554e+002,1.007230e+002
4.276375e+002,1.005328e+002
4.281196e+002,1.004185e+002
4.286017e+002,1.003469e+002
4.290839e+002,1.002810e+002
4.295660e+002,1.001987e+002
4.300481e+002,1.001010e+002
4.305302e+002,1.000085e+002
4.310123e+002,9.994630e+001
4.314944e+002,9.992874e+001
4.319766e+002,9.994971e+001
4.324587e+002,9.998540e+001
4.329408e+002,1.000045e+002
4.334229e+002,9.998290e+001
4.339050e+002,9.991239e+001
4.343871e+002,9.980103e+001
4.348693e+002,9.966481e+001
4.353514e+002,9.951685e+001
4.358335e+002,9.935960e+001
4.363156e+002,9.918565e+001
4.367977e+002,9.898564e+001
4.372798e+002,9.876024e+001
4.377620e+002,9.852572e+001
4.382441e+002,9.831191e+001
4.387262e+002,9.815166e+001
4.392083e+002,9.807023e+001
4.396904e+002,9.807703e+001
4.401725e+002,9.816373e+001
4.406547e+002,9.830677e+001
4.411368e+002,9.847628e+001
4.416189e+002,9.864548e+001
4.421010e+002,9.879795e+001
4.425831e+002,9.892793e+001
4.430652e+002,9.903515e+001
4.435474e+002,9.911863e+001
4.440295e+002,9.917461e+001
4.445116e+002,9.919961e+001
4.449937e+002,9.919665e+001
4.454758e+002,9.917866e+001
4.459579e+002,9.916648e+001
4.464401e+002,9.917963e+001
4.469222e+002,9.922601e+001
4.474043e+002,9.929272e+001
4.478864e+002,9.934592e+001
4.483685e+002,9.933899e+001
4.488506e+002,9.922884e+001
4.493328e+002,9.899030e+001
4.498149e+002,9.862396e+001
4.502970e+002,9.815358e+001
4.507791e+002,9.761777e+001
4.512612e+002,9.706123e+001
4.517433e+002,9.652814e+001
4.522255e+002,9.605646e+001
4.527076e+002,9.567426e+001
4.531897e+002,9.539622e+001
4.536718e+002,9.522346e+001
4.541539e+002,9.514494e+001
4.546360e+002,9.514123e+001
4.551182e+002,9.518739e+001
4.556003e+002,9.525640e+001
4.560824e+002,9.532302e+001
4.565645e+002,9.536990e+001
4.570466e+002,9.539369e+001
4.575287e+002,9.540761e+001
4.580109e+002,9.543613e+001
4.584930e+002,9.550373e+001
4.589751e+002,9.562388e+001
4.594572e+002,9.579619e+001
4.599393e+002,9.601023e+001
4.604214e+002,9.625357e+001
4.609036e+002,9.651701e+001
4.613857e+002,9.679643e+001
4.618678e+002,9.708942e+001
4.623499e+002,9.739079e+001
4.628320e+002,9.768938e+001
4.633141e+002,9.797021e+001
4.637963e+002,9.822192e+001
4.642784e+002,9.844575e+001
4.647605e+002,9.866039e+001
4.652426e+002,9.889970e+001
4.657247e+002,9.920226e+001
4.662068e+002,9.959714e+001
4.666890e+002,1.000890e+002
4.671711e+002,1.006505e+002
4.676532e+002,1.012261e+002
4.681353e+002,1.017503e+002
4.686174e+002,1.021707e+002
4.690995e+002,1.024648e+002
4.695817e+002,1.026402e+002
4.700638e+002,1.027242e+002
4.705459e+002,1.027476e+002
4.710280e+002,1.027333e+002
4.715101e+002,1.026893e+002
4.719922e+002,1.026107e+002
4.724744e+002,1.024852e+002
4.729565e+002,1.022982e+002
4.734386e+002,1.020344e+002
4.739207e+002,1.016747e+002
4.744028e+002,1.011935e+002
4.748849e+002,1.005604e+002
4.753671e+002,9.974889e+001
4.758492e+002,9.874793e+001
4.763313e+002,9.757272e+001
4.768134e+002,9.626832e+001
4.772955e+002,9.490383e+001
4.777776e+002,9.355984e+001
4.782598e+002,9.231312e+001
4.787419e+002,9.122507e+001
4.792240e+002,9.033493e+001
4.797061e+002,8.965993e+001
4.801882e+002,8.919886e+001
4.806703e+002,8.893847e+001
4.811525e+002,8.885845e+001
4.816346e+002,8.893418e+001
4.821167e+002,8.913665e+001
4.825988e+002,8.943103e+001
4.830809e+002,8.977650e+001
4.835630e+002,9.012968e+001
4.840452e+002,9.045113e+001
4.845273e+002,9.071314e+001
4.850094e+002,9.090432e+001
4.854915e+002,9.102956e+001
4.859736e+002,9.110497e+001
4.864557e+002,9.115101e+001
4.869379e+002,9.118580e+001
4.874200e+002,9.122153e+001
4.879021e+002,9.126341e+001
4.883842e+002,9.131110e+001
4.888663e+002,9.136073e+001
4.893484e+002,9.140706e+001
4.898306e+002,9.144466e+001
4.903127e+002,9.146953e+001
4.907948e+002,9.147986e+001
4.912769e+002,9.147752e+001
4.917590e+002,9.146815e+001
4.922411e+002,9.146034e+001
4.927233e+002,9.146310e+001
4.932054e+002,9.148265e+001
4.936875e+002,9.151972e+001
4.941696e+002,9.156918e+001
4.946517e+002,9.162196e+001
4.951339e+002,9.166881e+001
4.956160e+002,9.170414e+001
4.960981e+002,9.172844e+001
4.965802e+002,9.174786e+001
4.970623e+002,9.177085e+001
4.975444e+002,9.180428e+001
4.980266e+002,9.185036e+001
4.985087e+002,9.190637e+001
4.989908e+002,9.196725e+001
4.994729e+002,9.202913e+001
4.999550e+002,9.209208e+001
5.004371e+002,9.215967e+001
5.009193e+002,9.223624e+001
5.014014e+002,9.232198e+001
5.018835e+002,9.241007e+001
5.023656e+002,9.248676e+001
5.028477e+002,9.253725e+001
5.033299e+002,9.255268e+001
5.038120e+002,9.253525e+001
5.042941e+002,9.249799e+001
5.047762e+002,9.245984e+001
5.052583e+002,9.243822e+001
5.057404e+002,9.244261e+001
5.062226e+002,9.247015e+001
5.067047e+002,9.250677e+001
5.071868e+002,9.253258e+001
5.076689e+002,9.253059e+001
5.081510e+002,9.249339e+001
5.086331e+002,9.242580e+001
5.091153e+002,9.234177e+001
5.095974e+002,9.225881e+001
5.100795e+002,9.219197e+001
5.105616e+002,9.215089e+001
5.110437e+002,9.213937e+001
5.115258e+002,9.215814e+001
5.120079e+002,9.220776e+001
5.124901e+002,9.229058e+001
5.129722e+002,9.240986e+001
5.134543e+002,9.256752e+001
5.139364e+002,9.276114e+001
5.144185e+002,9.298280e+001
5.149006e+002,9.321992e+001
5.153828e+002,9.345859e+001
5.158649e+002,9.368694e+001
5.163470e+002,9.389841e+001
5.168291e+002,9.409271e+001
5.173112e+002,9.427556e+001
5.177933e+002,9.445724e+001
5.182755e+002,9.465126e+001
5.187576e+002,9.487286e+001
5.192397e+002,9.513793e+001
5.197218e+002,9.546105e+001
5.202039e+002,9.585270e+001
5.206860e+002,9.631606e+001
5.211682e+002,9.684478e+001
5.216503e+002,9.742236e+001
5.221324e+002,9.802428e+001
5.226145e+002,9.862090e+001
5.230966e+002,9.918010e+001
5.235787e+002,9.966676e+001
5.240609e+002,1.000410e+002
5.245430e+002,1.002570e+002
5.250251e+002,1.002663e+002
5.255072e+002,1.000285e+002
5.259893e+002,9.952538e+001
5.264714e+002,9.877089e+001
5.269536e+002,9.781168e+001
5.274357e+002,9.671698e+001
5.279178e+002,9.556469e+001
5.283999e+002,9.442938e+001
5.288821e+002,9.337484e+001
5.293641e+002,9.244934e+001
5.298463e+002,9.168311e+001
5.303284e+002,9.108729e+001
5.308105e+002,9.065541e+001
5.312926e+002,9.036784e+001
5.317748e+002,9.019853e+001
5.322568e+002,9.012186e+001
5.327390e+002,9.011829e+001
5.332211e+002,9.017641e+001
5.337032e+002,9.029243e+001
5.341853e+002,9.046629e+001
5.346675e+002,9.069711e+001
5.351495e+002,9.097839e+001
5.356317e+002,9.129478e+001
5.361138e+002,9.162160e+001
5.365959e+002,9.192735e+001
5.370780e+002,9.217952e+001
5.375602e+002,9.235236e+001
5.380422e+002,9.243433e+001
5.385244e+002,9.243246e+001
5.390065e+002,9.237147e+001
5.394886e+002,9.228837e+001
5.399707e+002,9.222342e+001
5.404529e+002,9.221069e+001
5.409349e+002,9.226985e+001
5.414171e+002,9.240280e+001
5.418992e+002,9.259460e+001
5.423813e+002,9.281937e+001
5.428634e+002,9.304789e+001
5.433456e+002,9.325465e+001
5.438276e+002,9.342188e+001
5.443098e+002,9.354093e+001
5.447919e+002,9.361089e+001
5.452740e+002,9.363615e+001
5.457561e+002,9.362424e+001
5.462383e+002,9.358421e+001
5.467203e+002,9.352669e+001
5.472025e+002,9.346424e+001
5.476846e+002,9.341159e+001
5.481667e+002,9.338501e+001
5.486488e+002,9.339967e+001
5.491310e+002,9.346615e+001
5.496130e+002,9.358609e+001
5.500952e+002,9.374865e+001
5.505773e+002,9.392860e+001
5.510594e+002,9.408720e+001
5.515415e+002,9.417652e+001
5.520237e+002,9.414761e+001
5.525057e+002,9.396135e+001
5.529879e+002,9.360040e+001
5.534700e+002,9.307756e+001
5.539521e+002,9.243764e+001
5.544342e+002,9.175105e+001
5.549164e+002,9.110081e+001
5.553984e+002,9.056641e+001
5.558806e+002,9.020808e+001
5.563627e+002,9.005431e+001
5.568448e+002,9.009547e+001
5.573269e+002,9.028438e+001
5.578091e+002,9.054550e+001
5.582911e+002,9.079030e+001
5.587733e+002,9.093673e+001
5.592554e+002,9.092683e+001
5.597375e+002,9.073869e+001
5.602196e+002,9.038738e+001
5.607018e+002,8.991673e+001
5.611838e+002,8.938433e+001
5.616660e+002,8.884712e+001
5.621481e+002,8.835108e+001
5.626302e+002,8.792762e+001
5.631123e+002,8.759421e+001
5.635945e+002,8.735731e+001
5.640765e+002,8.721528e+001
5.645587e+002,8.716078e+001
5.650408e+002,8.718241e+001
5.655229e+002,8.726637e+001
5.660050e+002,8.739799e+001
5.664872e+002,8.756342e+001
5.669692e+002,8.775056e+001
5.674514e+002,8.794996e+001
5.679335e+002,8.815437e+001
5.684156e+002,8.835884e+001
5.688977e+002,8.855959e+001
5.693799e+002,8.875352e+001
5.698619e+002,8.893764e+001
5.703441e+002,8.910891e+001
5.708262e+002,8.926430e+001
5.713083e+002,8.940165e+001
5.717904e+002,8.952047e+001
5.722726e+002,8.962279e+001
5.727546e+002,8.971338e+001
5.732368e+002,8.979939e+001
5.737189e+002,8.988888e+001
5.742010e+002,8.998924e+001
5.746831e+002,9.010523e+001
5.751653e+002,9.023828e+001
5.756473e+002,9.038660e+001
5.761295e+002,9.054726e+001
5.766116e+002,9.071868e+001
5.770938e+002,9.090309e+001
5.775758e+002,9.110648e+001
5.780580e+002,9.133703e+001
5.785400e+002,9.160095e+001
5.790222e+002,9.189825e+001
5.795043e+002,9.221948e+001
5.799865e+002,9.254536e+001
5.804685e+002,9.284965e+001
5.809507e+002,9.310522e+001
5.814327e+002,9.329067e+001
5.819149e+002,9.339471e+001
5.823970e+002,9.341675e+001
5.828792e+002,9.336381e+001
5.833612e+002,9.324590e+001
5.838434e+002,9.307258e+001
5.843254e+002,9.285138e+001
5.848076e+002,9.258953e+001
5.852897e+002,9.229624e+001
5.857719e+002,9.198466e+001
5.862539e+002,9.167160e+001
5.867361e+002,9.137494e+001
5.872181e+002,9.110806e+001
5.877003e+002,9.088105e+001
5.881824e+002,9.069491e+001
5.886646e+002,9.054435e+001
5.891466e+002,9.042110e+001
5.896288e+002,9.031833e+001
5.901108e+002,9.023303e+001
5.905930e+002,9.016624e+001
5.910751e+002,9.012016e+001
5.915573e+002,9.009422e+001
5.920393e+002,9.008215e+001
5.925215e+002,9.007240e+001
5.930035e+002,9.005180e+001
5.934857e+002,9.001133e+001
5.939678e+002,8.995090e+001
5.944500e+002,8.988107e+001
5.949320e+002,8.982040e+001
5.954142e+002,8.978931e+001
5.958962e+002,8.980238e+001
5.963784e+002,8.986231e+001
5.968605e+002,8.995764e+001
5.973427e+002,9.006533e+001
5.978247e+002,9.015728e+001
5.983069e+002,9.020836e+001
5.987889e+002,9.020357e+001
5.992711e+002,9.014213e+001
5.997532e+002,9.003709e+001
6.002354e+002,8.991132e+001
6.007174e+002,8.979079e+001
6.011996e+002,8.969804e+001
6.016816e+002,8.964714e+001
6.021638e+002,8.964168e+001
6.026459e+002,8.967518e+001
6.031281e+002,8.973396e+001
6.036101e+002,8.980077e+001
6.040923e+002,8.985933e+001
6.045743e+002,8.989761e+001
6.050565e+002,8.991025e+001
6.055386e+002,8.989861e+001
6.060208e+002,8.986908e+001
6.065029e+002,8.982974e+001
6.069850e+002,8.978683e+001
6.074671e+002,8.974181e+001
6.079492e+002,8.969052e+001
6.084313e+002,8.962460e+001
6.089135e+002,8.953434e+001
6.093956e+002,8.941265e+001
6.098777e+002,8.925851e+001
6.103598e+002,8.907810e+001
6.108419e+002,8.888416e+001
6.113240e+002,8.869303e+001
6.118062e+002,8.852113e+001
6.122883e+002,8.838129e+001
6.127704e+002,8.828069e+001
6.132525e+002,8.821980e+001
6.137346e+002,8.819294e+001
6.142167e+002,8.818960e+001
6.146989e+002,8.819628e+001
6.151810e+002,8.819846e+001
6.156631e+002,8.818303e+001
6.161452e+002,8.814014e+001
6.166273e+002,8.806539e+001
6.171094e+002,8.796101e+001
6.175916e+002,8.783588e+001
6.180737e+002,8.770441e+001
6.185558e+002,8.758465e+001
6.190379e+002,8.749609e+001
6.195200e+002,8.745762e+001
6.200021e+002,8.748541e+001
6.204843e+002,8.759088e+001
6.209664e+002,8.777830e+001
6.214485e+002,8.804382e+001
6.219306e+002,8.837505e+001
6.224127e+002,8.875275e+001
6.228948e+002,8.915352e+001
6.233770e+002,8.955356e+001
6.238591e+002,8.993194e+001
6.243412e+002,9.027306e+001
6.248233e+002,9.056780e+001
6.253054e+002,9.081329e+001
6.257875e+002,9.101154e+001
6.262697e+002,9.116786e+001
6.267518e+002,9.128912e+001
6.272339e+002,9.138264e+001
6.277160e+002,9.145544e+001
6.281981e+002,9.151403e+001
6.286802e+002,9.156405e+001
6.291624e+002,9.160979e+001
6.296445e+002,9.165327e+001
6.301266e+002,9.169408e+001
6.306087e+002,9.172943e+001
6.310908e+002,9.175557e+001
6.315729e+002,9.176958e+001
6.320551e+002,9.177119e+001
6.325372e+002,9.176351e+001
6.330193e+002,9.175256e+001
6.335014e+002,9.174492e+001
6.339835e+002,9.174530e+001
6.344656e+002,9.175426e+001
6.349478e+002,9.176791e+001
6.354299e+002,9.177931e+001
6.359120e+002,9.178161e+001
6.363941e+002,9.177063e+001
6.368762e+002,9.174681e+001
6.373583e+002,9.171464e+001
6.378405e+002,9.168089e+001
6.383226e+002,9.165178e+001
6.388047e+002,9.163130e+001
6.392868e+002,9.162046e+001
6.397689e+002,9.161841e+001
6.402510e+002,9.162343e+001
6.407332e+002,9.163390e+001
6.412153e+002,9.164764e+001
6.416974e+002,9.166126e+001
6.421795e+002,9.166869e+001
6.426616e+002,9.166174e+001
6.431437e+002,9.163185e+001
6.436259e+002,9.157330e+001
6.441080e+002,9.148599e+001
6.445901e+002,9.137651e+001
6.450722e+002,9.125629e+001
6.455543e+002,9.113749e+001
6.460364e+002,9.102860e+001
6.465186e+002,9.093188e+001
6.470007e+002,9.084358e+001
6.474828e+002,9.075753e+001
6.479649e+002,9.066968e+001
6.484470e+002,9.058166e+001
6.489291e+002,9.050074e+001
6.494113e+002,9.043657e+001
6.498934e+002,9.039563e+001
6.503755e+002,9.037672e+001
6.508576e+002,9.036918e+001
6.513397e+002,9.035535e+001
6.518218e+002,9.031631e+001
6.523040e+002,9.023815e+001
6.527861e+002,9.011668e+001
6.532682e+002,8.995819e+001
6.537503e+002,8.977633e+001
6.542324e+002,8.958699e+001
6.547145e+002,8.940358e+001
6.551967e+002,8.923440e+001
6.556788e+002,8.908244e+001
6.561609e+002,8.894665e+001
6.566430e+002,8.882337e+001
6.571251e+002,8.870679e+001
6.576072e+002,8.858854e+001
6.580894e+002,8.845726e+001
6.585715e+002,8.829945e+001
6.590536e+002,8.810228e+001
6.595357e+002,8.785715e+001
6.600178e+002,8.756299e+001
6.604999e+002,8.722686e+001
6.609821e+002,8.686173e+001
6.614642e+002,8.648250e+001
6.619463e+002,8.610237e+001
6.624284e+002,8.573114e+001
6.629105e+002,8.537597e+001
6.633926e+002,8.504371e+001
6.638748e+002,8.474327e+001
6.643569e+002,8.448656e+001
6.648390e+002,8.428790e+001
6.653211e+002,8.416162e+001
6.658032e+002,8.411858e+001
6.662853e+002,8.416010e+001
6.667675e+002,8.426944e+001
6.672496e+002,8.440405e+001
6.677317e+002,8.450264e+001
6.682138e+002,8.451841e+001
6.686959e+002,8.445374e+001
6.691780e+002,8.435310e+001
6.696602e+002,8.427384e+001
6.701423e+002,8.427188e+001
6.706244e+002,8.439482e+001
6.711065e+002,8.467609e+001
6.715886e+002,8.513120e+001
6.720707e+002,8.575561e+001
6.725529e+002,8.652507e+001
6.730350e+002,8.740051e+001
6.735171e+002,8.833764e+001
6.739992e+002,8.929768e+001
6.744813e+002,9.025326e+001
6.749634e+002,9.118755e+001
6.754456e+002,9.208886e+001
6.759277e+002,9.294585e+001
6.764098e+002,9.374646e+001
6.768919e+002,9.448059e+001
6.773740e+002,9.514379e+001
6.778561e+002,9.573824e+001
6.783383e+002,9.627028e+001
6.788204e+002,9.674565e+001
6.793025e+002,9.716572e+001
6.797846e+002,9.752661e+001
6.802667e+002,9.782253e+001
6.807488e+002,9.805049e+001
6.812310e+002,9.821413e+001
6.817131e+002,9.832384e+001
6.821952e+002,9.839355e+001
6.826773e+002,9.843621e+001
6.831594e+002,9.846011e+001
6.836415e+002,9.846859e+001
6.841237e+002,9.846226e+001
6.846058e+002,9.844238e+001
6.850879e+002,9.841347e+001
6.855700e+002,9.838307e+001
6.860521e+002,9.835931e+001
6.865342e+002,9.834732e+001
6.870164e+002,9.834680e+001
6.874985e+002,9.835160e+001
6.879806e+002,9.835196e+001
6.884627e+002,9.833830e+001
6.889448e+002,9.830472e+001
6.894269e+002,9.825043e+001
6.899091e+002,9.817970e+001
6.903912e+002,9.809912e+001
6.908733e+002,9.801583e+001
6.913554e+002,9.793568e+001
6.918375e+002,9.786283e+001
6.923196e+002,9.779961e+001
6.928018e+002,9.774681e+001
6.932839e+002,9.770325e+001
6.937660e+002,9.766563e+001
6.942481e+002,9.762862e+001
6.947302e+002,9.758585e+001
6.952123e+002,9.753197e+001
6.956945e+002,9.746468e+001
6.961766e+002,9.738602e+001
6.966587e+002,9.730180e+001
6.971408e+002,9.721936e+001
6.976229e+002,9.714477e+001
6.981050e+002,9.708003e+001
6.985872e+002,9.702260e+001
6.990693e+002,9.696634e+001
6.995514e+002,9.690454e+001
7.000335e+002,9.683291e+001
7.005156e+002,9.675165e+001
7.009977e+002,9.666527e+001
7.014799e+002,9.658104e+001
7.019620e+002,9.650607e+001
7.024441e+002,9.644534e+001
7.029262e+002,9.640050e+001
7.034083e+002,9.637044e+001
7.038904e+002,9.635256e+001
7.043726e+002,9.634444e+001
7.048547e+002,9.634481e+001
7.053368e+002,9.635379e+001
7.058189e+002,9.637210e+001
7.063010e+002,9.640074e+001
7.067831e+002,9.644028e+001
7.072653e+002,9.649130e+001
7.077474e+002,9.655460e+001
7.082295e+002,9.663153e+001
7.087116e+002,9.672359e+001
7.091937e+002,9.683196e+001
7.096758e+002,9.695647e+001
7.101580e+002,9.709532e+001
7.106401e+002,9.724511e+001
7.111222e+002,9.740160e+001
7.116043e+002,9.756076e+001
7.120864e+002,9.771943e+001
7.125685e+002,9.787556e+001
7.130507e+002,9.802784e+001
7.135328e+002,9.817496e+001
7.140149e+002,9.831542e+001
7.144970e+002,9.844766e+001
7.149791e+002,9.857087e+001
7.154612e+002,9.868561e+001
7.159434e+002,9.879404e+001
7.164255e+002,9.889937e+001
7.169076e+002,9.900491e+001
7.173897e+002,9.911282e+001
7.178718e+002,9.922359e+001
7.183539e+002,9.933606e+001
7.188361e+002,9.944798e+001
7.193182e+002,9.955705e+001
7.198003e+002,9.966148e+001
7.202824e+002,9.975996e+001
7.207645e+002,9.985157e+001
7.212466e+002,9.993554e+001
7.217288e+002,1.000114e+002
7.222109e+002,1.000790e+002
7.226930e+002,1.001379e+002
7.231751e+002,1.001867e+002
7.236572e+002,1.002215e+002
7.241393e+002,1.002360e+002
7.246215e+002,1.002218e+002
7.251036e+002,1.001714e+002
7.255857e+002,1.000813e+002
7.260678e+002,9.995490e+001
7.265499e+002,9.980217e+001
7.270320e+002,9.963669e+001
7.275142e+002,9.946967e+001
7.279963e+002,9.930395e+001
7.284784e+002,9.913084e+001
7.289605e+002,9.893162e+001
7.294426e+002,9.868394e+001
7.299247e+002,9.837092e+001
7.304069e+002,9.798901e+001
7.308890e+002,9.755172e+001
7.313711e+002,9.708723e+001
7.318532e+002,9.663107e+001
7.323353e+002,9.621717e+001
7.328174e+002,9.587077e+001
7.332996e+002,9.560487e+001
7.337817e+002,9.542127e+001
7.342638e+002,9.531421e+001
7.347459e+002,9.527525e+001
7.352280e+002,9.529683e+001
7.357101e+002,9.537363e+001
7.361923e+002,9.550154e+001
7.366744e+002,9.567538e+001
7.371565e+002,9.588726e+001
7.376386e+002,9.612630e+001
7.381207e+002,9.638064e+001
7.386028e+002,9.663995e+001
7.390850e+002,9.689803e+001
7.395671e+002,9.715307e+001
7.400492e+002,9.740646e+001
7.405313e+002,9.765966e+001
7.410134e+002,9.791200e+001
7.414955e+002,9.815913e+001
7.419777e+002,9.839410e+001
7.424598e+002,9.860941e+001
7.429419e+002,9.879986e+001
7.434240e+002,9.896381e+001
7.439061e+002,9.910356e+001
7.443882e+002,9.922386e+001
7.448704e+002,9.933054e+001
7.453525e+002,9.942912e+001
7.458346e+002,9.952446e+001
7.463167e+002,9.962073e+001
7.467988e+002,9.972135e+001
7.472809e+002,9.982869e+001
7.477631e+002,9.994329e+001
7.482452e+002,1.000630e+002
7.487273e+002,1.001830e+002
7.492094e+002,1.002974e+002
7.496915e+002,1.004011e+002
7.501736e+002,1.004922e+002
7.506558e+002,1.005733e+002
7.511379e+002,1.006515e+002
7.516200e+002,1.007361e+002
7.521021e+002,1.008352e+002
7.525842e+002,1.009535e+002
7.530663e+002,1.010896e+002
7.535485e+002,1.012368e+002
7.540306e+002,1.013840e+002
7.545127e+002,1.015192e+002
7.549948e+002,1.016313e+002
7.554769e+002,1.017134e+002
7.559590e+002,1.017631e+002
7.564412e+002,1.017834e+002
7.569233e+002,1.017819e+002
7.574054e+002,1.017691e+002
7.578875e+002,1.017566e+002
7.583696e+002,1.017539e+002
7.588517e+002,1.017663e+002
7.593339e+002,1.017934e+002
7.598160e+002,1.018292e+002
7.602981e+002,1.018639e+002
7.607802e+002,1.018880e+002
7.612623e+002,1.018940e+002
7.617444e+002,1.018786e+002
7.622266e+002,1.018425e+002
7.627087e+002,1.017888e+002
7.631908e+002,1.017208e+002
7.636729e+002,1.016401e+002
7.641550e+002,1.015458e+002
7.646371e+002,1.014360e+002
7.651193e+002,1.013086e+002
7.656014e+002,1.011629e+002
7.660835e+002,1.009994e+002
7.665656e+002,1.008185e+002
7.670477e+002,1.006194e+002
7.675298e+002,1.003989e+002
7.680120e+002,1.001523e+002
7.684941e+002,9.987584e+001
7.689762e+002,9.956901e+001
7.694583e+002,9.923666e+001
7.699404e+002,9.888865e+001
7.704225e+002,9.853761e+001
7.709047e+002,9.819571e+001
7.713868e+002,9.787166e+001
7.718689e+002,9.756948e+001
7.723510e+002,9.728909e+001
7.728331e+002,9.702824e+001
7.733152e+002,9.678458e+001
7.737974e+002,9.655726e+001
7.742795e+002,9.634681e+001
7.747616e+002,9.615436e+001
7.752437e+002,9.598009e+001
7.757258e+002,9.582275e+001
7.762079e+002,9.567956e+001
7.766901e+002,9.554731e+001
7.771722e+002,9.542342e+001
7.776543e+002,9.530647e+001
7.781364e+002,9.519568e+001
7.786185e+002,9.508943e+001
7.791006e+002,9.498348e+001
7.795828e+002,9.486979e+001
7.800649e+002,9.473647e+001
7.805470e+002,9.456924e+001
7.810291e+002,9.435381e+001
7.815112e+002,9.407853e+001
7.819933e+002,9.373685e+001
7.824755e+002,9.332850e+001
7.829576e+002,9.286019e+001
7.834397e+002,9.234542e+001
7.839218e+002,9.180342e+001
7.844039e+002,9.125752e+001
7.848860e+002,9.073254e+001
7.853682e+002,9.025218e+001
7.858503e+002,8.983629e+001
7.863324e+002,8.949895e+001
7.868145e+002,8.924738e+001
7.872966e+002,8.908178e+001
7.877787e+002,8.899617e+001
7.882609e+002,8.898017e+001
7.887430e+002,8.902122e+001
7.892251e+002,8.910725e+001
7.897072e+002,8.922836e+001
7.901893e+002,8.937753e+001
7.906714e+002,8.954987e+001
7.911536e+002,8.974132e+001
7.916357e+002,8.994691e+001
7.921178e+002,9.016039e+001
7.925999e+002,9.037453e+001
7.930820e+002,9.058263e+001
7.935641e+002,9.078015e+001
7.940463e+002,9.096569e+001
7.945284e+002,9.114117e+001
7.950105e+002,9.131096e+001
7.954926e+002,9.148033e+001
7.959747e+002,9.165410e+001
7.964568e+002,9.183525e+001
7.969390e+002,9.202484e+001
7.974211e+002,9.222178e+001
7.979032e+002,9.242337e+001
7.983853e+002,9.262574e+001
7.988674e+002,9.282450e+001
7.993495e+002,9.301506e+001
7.998317e+002,9.319334e+001
8.003138e+002,9.335618e+001
8.007959e+002,9.350172e+001
8.012780e+002,9.362928e+001
8.017601e+002,9.373936e+001
8.022422e+002,9.383331e+001
8.027244e+002,9.391336e+001
8.032065e+002,9.398269e+001
8.036886e+002,9.404549e+001
8.041707e+002,9.410679e+001
8.046528e+002,9.417175e+001
8.051349e+002,9.424489e+001
8.056171e+002,9.432881e+001
8.060992e+002,9.442359e+001
8.065813e+002,9.452662e+001
8.070634e+002,9.463314e+001
8.075455e+002,9.473746e+001
8.080276e+002,9.483419e+001
8.085098e+002,9.491937e+001
8.089919e+002,9.499091e+001
8.094740e+002,9.504872e+001
8.099561e+002,9.509442e+001
8.104382e+002,9.513128e+001
8.109203e+002,9.516388e+001
8.114025e+002,9.519791e+001
8.118846e+002,9.523913e+001
8.123667e+002,9.529209e+001
8.128489e+002,9.535840e+001
8.133309e+002,9.543559e+001
8.138131e+002,9.551683e+001
8.142952e+002,9.559235e+001
8.147773e+002,9.565213e+001
8.152594e+002,9.568895e+001
8.157416e+002,9.570098e+001
8.162236e+002,9.569257e+001
8.167058e+002,9.567290e+001
8.171879e+002,9.565309e+001
8.176700e+002,9.564281e+001
8.181521e+002,9.564787e+001
8.186343e+002,9.566922e+001
8.191163e+002,9.570389e+001
8.195985e+002,9.574677e+001
8.200806e+002,9.579297e+001
8.205627e+002,9.583896e+001
8.210448e+002,9.588310e+001
8.215270e+002,9.592500e+001
8.220090e+002,9.596479e+001
8.224912e+002,9.600259e+001
8.229733e+002,9.603875e+001
8.234554e+002,9.607390e+001
8.239375e+002,9.610932e+001
8.244197e+002,9.614675e+001
8.249017e+002,9.618757e+001
8.253839e+002,9.623197e+001
8.258660e+002,9.627861e+001
8.263481e+002,9.632473e+001
8.268302e+002,9.636701e+001
8.273124e+002,9.640251e+001
8.277944e+002,9.642953e+001
8.282766e+002,9.644769e+001
8.287587e+002,9.645772e+001
8.292408e+002,9.646124e+001
8.297229e+002,9.646072e+001
8.302051e+002,9.646001e+001
8.306871e+002,9.646479e+001
8.311693e+002,9.648245e+001
8.316514e+002,9.652078e+001
8.321335e+002,9.658574e+001
8.326156e+002,9.667859e+001
8.330978e+002,9.679406e+001
8.335798e+002,9.692003e+001
8.340620e+002,9.703989e+001
8.345441e+002,9.713665e+001
8.350262e+002,9.719775e+001
8.355083e+002,9.721869e+001
8.359905e+002,9.720384e+001
8.364725e+002,9.716428e+001
8.369547e+002,9.711369e+001
8.374368e+002,9.706408e+001
8.379189e+002,9.702305e+001
8.384010e+002,9.699326e+001
8.388832e+002,9.697387e+001
8.393652e+002,9.696320e+001
8.398474e+002,9.696101e+001
8.403295e+002,9.696921e+001
8.408116e+002,9.699086e+001
8.412937e+002,9.702802e+001
8.417759e+002,9.707941e+001
8.422579e+002,9.713908e+001
8.427401e+002,9.719662e+001
8.432222e+002,9.723909e+001
8.437043e+002,9.725391e+001
8.441864e+002,9.723155e+001
8.446686e+002,9.716747e+001
8.451506e+002,9.706300e+001
8.456328e+002,9.692477e+001
8.461149e+002,9.676334e+001
8.465970e+002,9.659101e+001
8.470791e+002,9.641949e+001
8.475613e+002,9.625817e+001
8.480433e+002,9.611284e+001
8.485255e+002,9.598559e+001
8.490076e+002,9.587556e+001
8.494897e+002,9.578022e+001
8.499718e+002,9.569707e+001
8.504540e+002,9.562470e+001
8.509360e+002,9.556351e+001
8.514182e+002,9.551540e+001
8.519003e+002,9.548290e+001
8.523824e+002,9.546796e+001
8.528645e+002,9.547126e+001
8.533467e+002,9.549185e+001
8.538287e+002,9.552771e+001
8.543109e+002,9.557644e+001
8.547930e+002,9.563586e+001
8.552751e+002,9.570426e+001
8.557572e+002,9.578007e+001
8.562394e+002,9.586123e+001
8.567214e+002,9.594543e+001
8.572036e+002,9.603053e+001
8.576857e+002,9.611597e+001
8.581678e+002,9.620406e+001
8.586499e+002,9.630061e+001
8.591321e+002,9.641400e+001
8.596141e+002,9.655282e+001
8.600963e+002,9.672276e+001
8.605784e+002,9.692379e+001
8.610605e+002,9.714846e+001
8.615426e+002,9.738220e+001
8.620248e+002,9.760542e+001
8.625068e+002,9.779665e+001
8.629890e+002,9.793571e+001
8.634711e+002,9.800651e+001
8.639532e+002,9.799863e+001
8.644353e+002,9.790852e+001
8.649175e+002,9.773983e+001
8.653995e+002,9.750324e+001
8.658817e+002,9.721486e+001
8.663638e+002,9.689406e+001
8.668459e+002,9.656042e+001
8.673280e+002,9.623098e+001
8.678102e+002,9.591838e+001
8.682922e+002,9.563020e+001
8.687744e+002,9.536965e+001
8.692565e+002,9.513728e+001
8.697386e+002,9.493303e+001
8.702207e+002,9.475797e+001
8.707029e+002,9.461517e+001
8.711849e+002,9.450907e+001
8.716671e+002,9.444347e+001
8.721492e+002,9.441928e+001
8.726313e+002,9.443246e+001
8.731134e+002,9.447366e+001
8.735956e+002,9.452967e+001
8.740776e+002,9.458664e+001
8.745598e+002,9.463335e+001
8.750419e+002,9.466412e+001
8.755240e+002,9.467953e+001
8.760061e+002,9.468521e+001
8.764883e+002,9.468916e+001
8.769703e+002,9.469869e+001
8.774525e+002,9.471782e+001
8.779346e+002,9.474641e+001
8.784167e+002,9.478078e+001
8.788988e+002,9.481576e+001
8.793810e+002,9.484671e+001
8.798630e+002,9.487159e+001
8.803452e+002,9.489145e+001
8.808273e+002,9.491030e+001
8.813094e+002,9.493336e+001
8.817915e+002,9.496571e+001
8.822737e+002,9.501029e+001
8.827557e+002,9.506744e+001
8.832379e+002,9.513455e+001
8.837200e+002,9.520698e+001
8.842021e+002,9.527915e+001
8.846842e+002,9.534614e+001
8.851664e+002,9.540448e+001
8.856484e+002,9.545290e+001
8.861306e+002,9.549234e+001
8.866127e+002,9.552531e+001
8.870948e+002,9.555524e+001
8.875769e+002,9.558566e+001
8.880591e+002,9.561948e+001
8.885411e+002,9.565836e+001
8.890233e+002,9.570222e+001
8.895054e+002,9.574889e+001
8.899875e+002,9.579424e+001
8.904696e+002,9.583278e+001
8.909518e+002,9.585892e+001
8.914338e+002,9.586870e+001
8.919160e+002,9.586156e+001
8.923981e+002,9.584139e+001
8.928802e+002,9.581624e+001
8.933623e+002,9.579649e+001
8.938445e+002,9.579205e+001
8.943265e+002,9.580919e+001
8.948087e+002,9.584856e+001
8.952908e+002,9.590459e+001
8.957729e+002,9.596716e+001
8.962550e+002,9.602434e+001
8.967372e+002,9.606619e+001
8.972192e+002,9.608714e+001
8.977014e+002,9.608713e+001
8.981835e+002,9.607037e+001
8.986656e+002,9.604327e+001
8.991477e+002,9.601205e+001
8.996299e+002,9.598099e+001
9.001119e+002,9.595242e+001
9.005941e+002,9.592732e+001
9.010762e+002,9.590692e+001
9.015583e+002,9.589366e+001
9.020404e+002,9.589124e+001
9.025226e+002,9.590373e+001
9.030046e+002,9.593414e+001
9.034868e+002,9.598297e+001
9.039689e+002,9.604750e+001
9.044510e+002,9.612226e+001
9.049331e+002,9.620016e+001
9.054153e+002,9.627419e+001
9.058973e+002,9.633881e+001
9.063795e+002,9.639074e+001
9.068616e+002,9.642913e+001
9.073438e+002,9.645515e+001
9.078258e+002,9.647149e+001
9.083080e+002,9.648131e+001
9.087900e+002,9.648774e+001
9.092722e+002,9.649307e+001
9.097543e+002,9.649842e+001
9.102365e+002,9.650348e+001
9.107185e+002,9.650694e+001
9.112007e+002,9.650711e+001
9.116828e+002,9.650269e+001
9.121649e+002,9.649356e+001
9.126470e+002,9.648108e+001
9.131292e+002,9.646772e+001
9.136113e+002,9.645642e+001
9.140934e+002,9.644938e+001
9.145755e+002,9.644773e+001
9.150576e+002,9.645123e+001
9.155397e+002,9.645889e+001
9.160219e+002,9.646979e+001
9.165040e+002,9.648373e+001
9.169861e+002,9.650139e+001
9.174682e+002,9.652372e+001
9.179503e+002,9.655085e+001
9.184324e+002,9.658113e+001
9.189146e+002,9.661062e+001
9.193967e+002,9.663346e+001
9.198788e+002,9.664304e+001
9.203609e+002,9.663340e+001
9.208430e+002,9.660057e+001
9.213251e+002,9.654286e+001
9.218073e+002,9.646069e+001
9.222894e+002,9.635561e+001
9.227715e+002,9.622939e+001
9.232536e+002,9.608326e+001
9.237357e+002,9.591744e+001
9.242178e+002,9.573132e+001
9.247000e+002,9.552352e+001
9.251821e+002,9.529234e+001
9.256642e+002,9.503604e+001
9.261463e+002,9.475348e+001
9.266284e+002,9.444470e+001
9.271105e+002,9.411230e+001
9.275927e+002,9.376238e+001
9.280748e+002,9.340565e+001
9.285569e+002,9.305751e+001
9.290390e+002,9.273705e+001
9.295211e+002,9.246427e+001
9.300032e+002,9.225653e+001
9.304854e+002,9.212418e+001
9.309675e+002,9.206747e+001
9.314496e+002,9.207533e+001
9.319317e+002,9.212742e+001
9.324138e+002,9.219827e+001
9.328959e+002,9.226300e+001
9.333781e+002,9.230209e+001
9.338602e+002,9.230479e+001
9.343423e+002,9.226978e+001
9.348244e+002,9.220374e+001
9.353065e+002,9.211806e+001
9.357886e+002,9.202505e+001
9.362708e+002,9.193484e+001
9.367529e+002,9.185330e+001
9.372350e+002,9.178187e+001
9.377171e+002,9.171831e+001
9.381992e+002,9.165822e+001
9.386813e+002,9.159653e+001
9.391635e+002,9.152874e+001
9.396456e+002,9.145143e+001
9.401277e+002,9.136261e+001
9.406098e+002,9.126162e+001
9.410919e+002,9.114897e+001
9.415740e+002,9.102608e+001
9.420562e+002,9.089490e+001
9.425383e+002,9.075755e+001
9.430204e+002,9.061571e+001
9.435025e+002,9.047005e+001
9.439846e+002,9.031999e+001
9.444667e+002,9.016379e+001
9.449489e+002,8.999900e+001
9.454310e+002,8.982332e+001
9.459131e+002,8.963545e+001
9.463952e+002,8.943605e+001
9.468773e+002,8.922822e+001
9.473594e+002,8.901765e+001
9.478416e+002,8.881246e+001
9.483237e+002,8.862247e+001
9.488058e+002,8.845844e+001
9.492879e+002,8.833094e+001
9.497700e+002,8.824946e+001
9.502521e+002,8.822138e+001
9.507343e+002,8.825155e+001
9.512164e+002,8.834219e+001
9.516985e+002,8.849327e+001
9.521806e+002,8.870283e+001
9.526627e+002,8.896731e+001
9.531448e+002,8.928159e+001
9.536270e+002,8.963876e+001
9.541091e+002,9.003057e+001
9.545912e+002,9.044782e+001
9.550733e+002,9.088143e+001
9.555554e+002,9.132342e+001
9.560375e+002,9.176741e+001
9.565197e+002,9.220865e+001
9.570018e+002,9.264351e+001
9.574839e+002,9.306864e+001
9.579660e+002,9.348042e+001
9.584481e+002,9.387462e+001
9.589302e+002,9.424648e+001
9.594124e+002,9.459094e+001
9.598945e+002,9.490307e+001
9.603766e+002,9.517848e+001
9.608587e+002,9.541406e+001
9.613408e+002,9.560840e+001
9.618229e+002,9.576246e+001
9.623051e+002,9.587959e+001
9.627872e+002,9.596500e+001
9.632693e+002,9.602480e+001
9.637514e+002,9.606461e+001
9.642335e+002,9.608884e+001
9.647156e+002,9.610014e+001
9.651978e+002,9.609993e+001
9.656799e+002,9.608939e+001
9.661620e+002,9.607030e+001
9.666441e+002,9.604567e+001
9.671262e+002,9.601960e+001
9.676083e+002,9.599633e+001
9.680905e+002,9.597919e+001
9.685726e+002,9.596961e+001
9.690547e+002,9.596671e+001
9.695368e+002,9.596764e+001
9.700189e+002,9.596855e+001
9.705010e+002,9.596574e+001
9.709832e+002,9.595663e+001
9.714653e+002,9.594019e+001
9.719474e+002,9.591648e+001
9.724295e+002,9.588621e+001
9.729116e+002,9.584964e+001
9.733937e+002,9.580618e+001
9.738759e+002,9.575411e+001
9.743580e+002,9.569094e+001
9.748401e+002,9.561414e+001
9.753222e+002,9.552186e+001
9.758043e+002,9.541366e+001
9.762864e+002,9.529083e+001
9.767686e+002,9.515594e+001
9.772507e+002,9.501215e+001
9.777328e+002,9.486195e+001
9.782149e+002,9.470601e+001
9.786970e+002,9.454276e+001
9.791791e+002,9.436845e+001
9.796613e+002,9.417819e+001
9.801434e+002,9.396753e+001
9.806255e+002,9.373375e+001
9.811076e+002,9.347681e+001
9.815897e+002,9.319928e+001
9.820718e+002,9.290519e+001
9.825540e+002,9.259885e+001
9.830361e+002,9.228359e+001
9.835182e+002,9.196127e+001
9.840003e+002,9.163284e+001
9.844824e+002,9.129916e+001
9.849645e+002,9.096238e+001
9.854467e+002,9.062666e+001
9.859288e+002,9.029831e+001
9.864109e+002,8.998535e+001
9.868930e+002,8.969666e+001
9.873751e+002,8.944096e+001
9.878572e+002,8.922591e+001
9.883394e+002,8.905753e+001
9.888215e+002,8.893942e+001
9.893036e+002,8.887260e+001
9.897857e+002,8.885497e+001
9.902678e+002,8.888122e+001
9.907499e+002,8.894304e+001
9.912321e+002,8.902922e+001
9.917142e+002,8.912695e+001
9.921963e+002,8.922333e+001
9.926784e+002,8.930769e+001
9.931605e+002,8.937357e+001
9.936426e+002,8.941988e+001
9.941248e+002,8.945033e+001
9.946069e+002,8.947154e+001
9.950890e+002,8.949004e+001
9.955711e+002,8.950938e+001
9.960532e+002,8.952856e+001
9.965353e+002,8.954197e+001
9.970175e+002,8.954104e+001
9.974996e+002,8.951709e+001
9.979817e+002,8.946403e+001
9.984638e+002,8.938008e+001
9.989459e+002,8.926778e+001
9.994280e+002,8.913274e+001
9.999102e+002,8.898116e+001
1.000392e+003,8.881775e+001
1.000874e+003,8.864410e+001
1.001357e+003,8.845824e+001
1.001839e+003,8.825553e+001
1.002321e+003,8.803033e+001
1.002803e+003,8.777805e+001
1.003285e+003,8.749677e+001
1.003767e+003,8.718821e+001
1.004249e+003,8.685773e+001
1.004731e+003,8.651315e+001
1.005213e+003,8.616296e+001
1.005696e+003,8.581387e+001
1.006178e+003,8.546904e+001
1.006660e+003,8.512656e+001
1.007142e+003,8.477968e+001
1.007624e+003,8.441813e+001
1.008106e+003,8.403137e+001
1.008588e+003,8.361202e+001
1.009070e+003,8.315925e+001
1.009552e+003,8.268056e+001
1.010035e+003,8.219094e+001
1.010517e+003,8.170975e+001
1.010999e+003,8.125626e+001
1.011481e+003,8.084477e+001
1.011963e+003,8.048157e+001
1.012445e+003,8.016427e+001
1.012927e+003,7.988425e+001
1.013409e+003,7.963092e+001
1.013892e+003,7.939623e+001
1.014374e+003,7.917778e+001
1.014856e+003,7.897894e+001
1.015338e+003,7.880682e+001
1.015820e+003,7.866882e+001
1.016302e+003,7.856926e+001
1.016784e+003,7.850816e+001
1.017266e+003,7.848180e+001
1.017748e+003,7.848486e+001
1.018231e+003,7.851261e+001
1.018713e+003,7.856210e+001
1.019195e+003,7.863223e+001
1.019677e+003,7.872233e+001
1.020159e+003,7.883094e+001
1.020641e+003,7.895503e+001
1.021123e+003,7.909035e+001
1.021605e+003,7.923232e+001
1.022088e+003,7.937711e+001
1.022570e+003,7.952235e+001
1.023052e+003,7.966730e+001
1.023534e+003,7.981263e+001
1.024016e+003,7.996029e+001
1.024498e+003,8.011336e+001
1.024980e+003,8.027596e+001
1.025462e+003,8.045269e+001
1.025944e+003,8.064728e+001
1.026427e+003,8.086109e+001
1.026909e+003,8.109151e+001
1.027391e+003,8.133168e+001
1.027873e+003,8.157153e+001
1.028355e+003,8.180048e+001
1.028837e+003,8.201081e+001
1.029319e+003,8.220004e+001
1.029801e+003,8.237185e+001
1.030283e+003,8.253519e+001
1.030766e+003,8.270190e+001
1.031248e+003,8.288396e+001
1.031730e+003,8.309164e+001
1.032212e+003,8.333273e+001
1.032694e+003,8.361288e+001
1.033176e+003,8.393616e+001
1.033658e+003,8.430512e+001
1.034140e+003,8.471985e+001
1.034623e+003,8.517654e+001
1.035105e+003,8.566663e+001
1.035587e+003,8.617697e+001
1.036069e+003,8.669157e+001
1.036551e+003,8.719435e+001
1.037033e+003,8.767146e+001
1.037515e+003,8.811276e+001
1.037997e+003,8.851221e+001
1.038479e+003,8.886735e+001
1.038962e+003,8.917854e+001
1.039444e+003,8.944871e+001
1.039926e+003,8.968299e+001
1.040408e+003,8.988867e+001
1.040890e+003,9.007463e+001
1.041372e+003,9.024995e+001
1.041854e+003,9.042237e+001
1.042336e+003,9.059644e+001
1.042819e+003,9.077264e+001
1.043301e+003,9.094778e+001
1.043783e+003,9.111661e+001
1.044265e+003,9.127410e+001
1.044747e+003,9.141742e+001
1.045229e+003,9.154676e+001
1.045711e+003,9.166483e+001
1.046193e+003,9.177515e+001
1.046676e+003,9.188022e+001
1.047158e+003,9.198028e+001
1.047640e+003,9.207343e+001
1.048122e+003,9.215686e+001
1.048604e+003,9.222870e+001
1.049086e+003,9.228986e+001
1.049568e+003,9.234488e+001
1.050050e+003,9.240149e+001
1.050532e+003,9.246952e+001
1.051015e+003,9.255892e+001
1.051497e+003,9.267824e+001
1.051979e+003,9.283346e+001
1.052461e+003,9.302744e+001
1.052943e+003,9.325987e+001
1.053425e+003,9.352722e+001
1.053907e+003,9.382298e+001
1.054389e+003,9.413835e+001
1.054871e+003,9.446312e+001
1.055354e+003,9.478714e+001
1.055836e+003,9.510164e+001
1.056318e+003,9.540028e+001
1.056800e+003,9.567941e+001
1.057282e+003,9.593771e+001
1.057764e+003,9.617546e+001
1.058246e+003,9.639388e+001
1.058728e+003,9.659448e+001
1.059210e+003,9.677921e+001
1.059693e+003,9.695066e+001
1.060175e+003,9.711250e+001
1.060657e+003,9.726944e+001
1.061139e+003,9.742700e+001
1.061621e+003,9.759063e+001
1.062103e+003,9.776467e+001
1.062585e+003,9.795132e+001
1.063067e+003,9.815007e+001
1.063550e+003,9.835773e+001
1.064032e+003,9.856884e+001
1.064514e+003,9.877685e+001
1.064996e+003,9.897508e+001
1.065478e+003,9.915787e+001
1.065960e+003,9.932135e+001
1.066442e+003,9.946377e+001
1.066924e+003,9.958536e+001
1.067406e+003,9.968790e+001
1.067889e+003,9.977394e+001
1.068371e+003,9.984641e+001
1.068853e+003,9.990835e+001
1.069335e+003,9.996287e+001
1.069817e+003,1.000132e+002
1.070299e+003,1.000629e+002
1.070781e+003,1.001152e+002
1.071263e+003,1.001730e+002
1.071746e+003,1.002380e+002
1.072228e+003,1.003107e+002
1.072710e+003,1.003902e+002
1.073192e+003,1.004741e+002
1.073674e+003,1.005597e+002
1.074156e+003,1.006438e+002
1.074638e+003,1.007234e+002
1.075120e+003,1.007966e+002
1.075603e+003,1.008619e+002
1.076085e+003,1.009189e+002
1.076567e+003,1.009683e+002
1.077049e+003,1.010111e+002
1.077531e+003,1.010490e+002
1.078013e+003,1.010838e+002
1.078495e+003,1.011171e+002
1.078977e+003,1.011495e+002
1.079459e+003,1.011810e+002
1.079942e+003,1.012111e+002
1.080424e+003,1.012392e+002
1.080906e+003,1.012654e+002
1.081388e+003,1.012908e+002
1.081870e+003,1.013173e+002
1.082352e+003,1.013471e+002
1.082834e+003,1.013818e+002
1.083316e+003,1.014218e+002
1.083798e+003,1.014660e+002
1.084281e+003,1.015123e+002
1.084763e+003,1.015584e+002
1.085245e+003,1.016026e+002
1.085727e+003,1.016442e+002
1.086209e+003,1.016838e+002
1.086691e+003,1.017226e+002
1.087173e+003,1.017617e+002
1.087655e+003,1.018014e+002
1.088137e+003,1.018417e+002
1.088620e+003,1.018822e+002
1.089102e+003,1.019230e+002
1.089584e+003,1.019654e+002
1.090066e+003,1.020114e+002
1.090548e+003,1.020640e+002
1.091030e+003,1.021261e+002
1.091512e+003,1.022003e+002
1.091994e+003,1.022888e+002
1.092477e+003,1.023930e+002
1.092959e+003,1.025140e+002
1.093441e+003,1.026522e+002
1.093923e+003,1.028068e+002
1.094405e+003,1.029746e+002
1.094887e+003,1.031486e+002
1.095369e+003,1.033171e+002
1.095851e+003,1.034637e+002
1.096333e+003,1.035680e+002
1.096816e+003,1.036080e+002
1.097298e+003,1.035631e+002
1.097780e+003,1.034174e+002
1.098262e+003,1.031625e+002
1.098744e+003,1.028005e+002
1.099226e+003,1.023444e+002
1.099708e+003,1.018180e+002
1.100190e+003,1.012541e+002
1.100673e+003,1.006896e+002
1.101155e+003,1.001606e+002
1.101637e+003,9.969609e+001
1.102119e+003,9.931488e+001
1.102601e+003,9.902361e+001
1.103083e+003,9.881816e+001
1.103565e+003,9.868665e+001
1.104047e+003,9.861344e+001
1.104530e+003,9.858282e+001
1.105012e+003,9.858170e+001
1.105494e+003,9.860043e+001
1.105976e+003,9.863255e+001
1.106458e+003,9.867335e+001
1.106940e+003,9.871850e+001
1.107422e+003,9.876366e+001
1.107904e+003,9.880460e+001
1.108386e+003,9.883814e+001
1.108869e+003,9.886304e+001
1.109351e+003,9.888000e+001
1.109833e+003,9.889129e+001
1.110315e+003,9.889958e+001
1.110797e+003,9.890704e+001
1.111279e+003,9.891500e+001
1.111761e+003,9.892401e+001
1.112243e+003,9.893469e+001
1.112725e+003,9.894823e+001
1.113208e+003,9.896644e+001
1.113690e+003,9.899113e+001
1.114172e+003,9.902323e+001
1.114654e+003,9.906190e+001
1.115136e+003,9.910435e+001
1.115618e+003,9.914662e+001
1.116100e+003,9.918487e+001
1.116582e+003,9.921666e+001
1.117064e+003,9.924198e+001
1.117547e+003,9.926291e+001
1.118029e+003,9.928266e+001
1.118511e+003,9.930406e+001
1.118993e+003,9.932838e+001
1.119475e+003,9.935474e+001
1.119957e+003,9.938068e+001
1.120439e+003,9.940318e+001
1.120921e+003,9.941985e+001
1.121404e+003,9.942984e+001
1.121886e+003,9.943413e+001
1.122368e+003,9.943481e+001
1.122850e+003,9.943459e+001
1.123332e+003,9.943571e+001
1.123814e+003,9.943955e+001
1.124296e+003,9.944644e+001
1.124778e+003,9.945581e+001
1.125260e+003,9.946658e+001
1.125743e+003,9.947768e+001
1.126225e+003,9.948833e+001
1.126707e+003,9.949838e+001
1.127189e+003,9.950834e+001
1.127671e+003,9.951942e+001
1.128153e+003,9.953307e+001
1.128635e+003,9.955054e+001
1.129117e+003,9.957230e+001
1.129600e+003,9.959783e+001
1.130082e+003,9.962555e+001
1.130564e+003,9.965340e+001
1.131046e+003,9.967944e+001
1.131528e+003,9.970282e+001
1.132010e+003,9.972380e+001
1.132492e+003,9.974405e+001
1.132974e+003,9.976540e+001
1.133457e+003,9.978924e+001
1.133939e+003,9.981547e+001
1.134421e+003,9.984249e+001
1.134903e+003,9.986747e+001
1.135385e+003,9.988745e+001
1.135867e+003,9.990044e+001
1.136349e+003,9.990639e+001
1.136831e+003,9.990736e+001
1.137313e+003,9.990725e+001
1.137796e+003,9.991100e+001
1.138278e+003,9.992361e+001
1.138760e+003,9.994915e+001
1.139242e+003,9.999010e+001
1.139724e+003,1.000466e+002
1.140206e+003,1.001164e+002
1.140688e+003,1.001947e+002
1.141170e+003,1.002750e+002
1.141652e+003,1.003501e+002
1.142135e+003,1.004138e+002
1.142617e+003,1.004625e+002
1.143099e+003,1.004957e+002
1.143581e+003,1.005168e+002
1.144063e+003,1.005304e+002
1.144545e+003,1.005407e+002
1.145027e+003,1.005491e+002
1.145509e+003,1.005526e+002
1.145991e+003,1.005448e+002
1.146474e+003,1.005175e+002
1.146956e+003,1.004650e+002
1.147438e+003,1.003862e+002
1.147920e+003,1.002872e+002
1.148402e+003,1.001796e+002
1.148884e+003,1.000785e+002
1.149366e+003,9.999799e+001
1.149848e+003,9.994751e+001
1.150331e+003,9.992953e+001
1.150813e+003,9.993898e+001
1.151295e+003,9.996479e+001
1.151777e+003,9.999277e+001
1.152259e+003,1.000085e+002
1.152741e+003,9.999944e+001
1.153223e+003,9.995522e+001
1.153705e+003,9.986689e+001
1.154188e+003,9.972579e+001
1.154670e+003,9.952326e+001
1.155152e+003,9.925142e+001
1.155634e+003,9.890543e+001
1.156116e+003,9.848618e+001
1.156598e+003,9.800250e+001
1.157080e+003,9.747188e+001
1.157562e+003,9.691927e+001
1.158044e+003,9.637390e+001
1.158527e+003,9.586496e+001
1.159009e+003,9.541709e+001
1.159491e+003,9.504723e+001
1.159973e+003,9.476338e+001
1.160455e+003,9.456538e+001
1.160937e+003,9.444678e+001
1.161419e+003,9.439771e+001
1.161901e+003,9.440716e+001
1.162384e+003,9.446489e+001
1.162866e+003,9.456232e+001
1.163348e+003,9.469282e+001
1.163830e+003,9.485106e+001
1.164312e+003,9.503226e+001
1.164794e+003,9.523107e+001
1.165276e+003,9.544097e+001
1.165758e+003,9.565410e+001
1.166240e+003,9.586188e+001
1.166723e+003,9.605633e+001
1.167205e+003,9.623122e+001
1.167687e+003,9.638330e+001
1.168169e+003,9.651253e+001
1.168651e+003,9.662155e+001
1.169133e+003,9.671455e+001
1.169615e+003,9.679571e+001
1.170097e+003,9.686817e+001
1.170579e+003,9.693327e+001
1.171062e+003,9.699055e+001
1.171544e+003,9.703870e+001
1.172026e+003,9.707632e+001
1.172508e+003,9.710273e+001
1.172990e+003,9.711831e+001
1.173472e+003,9.712408e+001
1.173954e+003,9.712115e+001
1.174436e+003,9.710983e+001
1.174918e+003,9.708949e+001
1.175401e+003,9.705863e+001
1.175883e+003,9.701585e+001
1.176365e+003,9.696097e+001
1.176847e+003,9.689573e+001
1.177329e+003,9.682404e+001
1.177811e+003,9.675130e+001
1.178293e+003,9.668310e+001
1.178775e+003,9.662368e+001
1.179258e+003,9.657502e+001
1.179740e+003,9.653648e+001
1.180222e+003,9.650559e+001
1.180704e+003,9.647924e+001
1.181186e+003,9.645483e+001
1.181668e+003,9.643119e+001
1.182150e+003,9.640857e+001
1.182632e+003,9.638809e+001
1.183115e+003,9.637088e+001
1.183597e+003,9.635744e+001
1.184079e+003,9.634734e+001
1.184561e+003,9.633955e+001
1.185043e+003,9.633178e+001
1.185525e+003,9.632322e+001
1.186007e+003,9.631396e+001
1.186489e+003,9.630444e+001
1.186971e+003,9.629494e+001
1.187454e+003,9.628496e+001
1.187936e+003,9.627322e+001
1.188418e+003,9.625812e+001
1.188900e+003,9.623841e+001
1.189382e+003,9.621401e+001
1.189864e+003,9.618623e+001
1.190346e+003,9.615735e+001
1.190828e+003,9.613010e+001
1.191311e+003,9.610660e+001
1.191793e+003,9.608772e+001
1.192275e+003,9.607310e+001
1.192757e+003,9.606127e+001
1.193239e+003,9.605055e+001
1.193721e+003,9.603956e+001
1.194203e+003,9.602767e+001
1.194685e+003,9.601510e+001
1.195167e+003,9.600255e+001
1.195650e+003,9.599081e+001
1.196132e+003,9.598026e+001
1.196614e+003,9.597061e+001
1.197096e+003,9.596102e+001
1.197578e+003,9.595006e+001
1.198060e+003,9.593625e+001
1.198542e+003,9.591839e+001
1.199024e+003,9.589594e+001
1.199506e+003,9.586916e+001
1.199989e+003,9.583922e+001
1.200471e+003,9.580800e+001
1.200953e+003,9.577768e+001
1.201435e+003,9.575014e+001
1.201917e+003,9.572647e+001
1.202399e+003,9.570669e+001
1.202881e+003,9.568965e+001
1.203363e+003,9.567333e+001
1.203845e+003,9.565527e+001
1.204328e+003,9.563297e+001
1.204810e+003,9.560447e+001
1.205292e+003,9.556821e+001
1.205774e+003,9.552321e+001
1.206256e+003,9.546913e+001
1.206738e+003,9.540616e+001
1.207220e+003,9.533517e+001
1.207702e+003,9.525773e+001
1.208185e+003,9.517595e+001
1.208667e+003,9.509222e+001
1.209149e+003,9.500865e+001
1.209631e+003,9.492659e+001
1.210113e+003,9.484650e+001
1.210595e+003,9.476811e+001
1.211077e+003,9.469088e+001
1.211559e+003,9.461452e+001
1.212042e+003,9.453928e+001
1.212524e+003,9.446581e+001
1.213006e+003,9.439481e+001
1.213488e+003,9.432629e+001
1.213970e+003,9.425951e+001
1.214452e+003,9.419279e+001
1.214934e+003,9.412431e+001
1.215416e+003,9.405253e+001
1.215898e+003,9.397680e+001
1.216381e+003,9.389732e+001
1.216863e+003,9.381467e+001
1.217345e+003,9.372926e+001
1.217827e+003,9.364081e+001
1.218309e+003,9.354848e+001
1.218791e+003,9.345151e+001
1.219273e+003,9.335043e+001
1.219755e+003,9.324764e+001
1.220238e+003,9.314783e+001
1.220720e+003,9.305727e+001
1.221202e+003,9.298257e+001
1.221684e+003,9.292931e+001
1.222166e+003,9.290103e+001
1.222648e+003,9.289885e+001
1.223130e+003,9.292176e+001
1.223612e+003,9.296740e+001
1.224094e+003,9.303285e+001
1.224577e+003,9.311517e+001
1.225059e+003,9.321175e+001
1.225541e+003,9.332003e+001
1.226023e+003,9.343732e+001
1.226505e+003,9.356081e+001
1.226987e+003,9.368734e+001
1.227469e+003,9.381406e+001
1.227951e+003,9.393856e+001
1.228434e+003,9.405920e+001
1.228916e+003,9.417467e+001
1.229398e+003,9.428378e+001
1.229880e+003,9.438452e+001
1.230362e+003,9.447374e+001
1.230844e+003,9.454745e+001
1.231326e+003,9.460165e+001
1.231808e+003,9.463377e+001
1.232291e+003,9.464396e+001
1.232773e+003,9.463583e+001
1.233255e+003,9.461634e+001
1.233737e+003,9.459494e+001
1.234219e+003,9.458175e+001
1.234701e+003,9.458604e+001
1.235183e+003,9.461437e+001
1.235665e+003,9.466933e+001
1.236147e+003,9.474861e+001
1.236630e+003,9.484479e+001
1.237112e+003,9.494571e+001
1.237594e+003,9.503551e+001
1.238076e+003,9.509615e+001
1.238558e+003,9.510973e+001
1.239040e+003,9.506099e+001
1.239522e+003,9.494006e+001
1.240004e+003,9.474406e+001
1.240486e+003,9.447738e+001
1.240969e+003,9.415075e+001
1.241451e+003,9.377867e+001
1.241933e+003,9.337662e+001
1.242415e+003,9.295842e+001
1.242897e+003,9.253419e+001
1.243379e+003,9.210942e+001
1.243861e+003,9.168525e+001
1.244343e+003,9.125989e+001
1.244825e+003,9.083111e+001
1.245308e+003,9.039877e+001
1.245790e+003,8.996693e+001
1.246272e+003,8.954422e+001
1.246754e+003,8.914287e+001
1.247236e+003,8.877641e+001
1.247718e+003,8.845648e+001
1.248200e+003,8.819046e+001
1.248682e+003,8.798031e+001
1.249165e+003,8.782330e+001
1.249647e+003,8.771334e+001
1.250129e+003,8.764335e+001
1.250611e+003,8.760670e+001
1.251093e+003,8.759828e+001
1.251575e+003,8.761435e+001
1.252057e+003,8.765227e+001
1.252539e+003,8.770971e+001
1.253021e+003,8.778442e+001
1.253504e+003,8.787371e+001
1.253986e+003,8.797471e+001
1.254468e+003,8.808427e+001
1.254950e+003,8.819906e+001
1.255432e+003,8.831587e+001
1.255914e+003,8.843178e+001
1.256396e+003,8.854459e+001
1.256878e+003,8.865298e+001
1.257361e+003,8.875663e+001
1.257843e+003,8.885592e+001
1.258325e+003,8.895128e+001
1.258807e+003,8.904263e+001
1.259289e+003,8.912876e+001
1.259771e+003,8.920739e+001
1.260253e+003,8.927557e+001
1.260735e+003,8.933070e+001
1.261218e+003,8.937139e+001
1.261700e+003,8.939803e+001
1.262182e+003,8.941264e+001
1.262664e+003,8.941855e+001
1.263146e+003,8.941933e+001
1.263628e+003,8.941849e+001
1.264110e+003,8.941906e+001
1.264592e+003,8.942388e+001
1.265074e+003,8.943562e+001
1.265557e+003,8.945678e+001
1.266039e+003,8.948918e+001
1.266521e+003,8.953339e+001
1.267003e+003,8.958807e+001
1.267485e+003,8.965005e+001
1.267967e+003,8.971507e+001
1.268449e+003,8.977892e+001
1.268931e+003,8.983886e+001
1.269413e+003,8.989452e+001
1.269896e+003,8.994806e+001
1.270378e+003,9.000330e+001
1.270860e+003,9.006436e+001
1.271342e+003,9.013423e+001
1.271824e+003,9.021389e+001
1.272306e+003,9.030245e+001
1.272788e+003,9.039834e+001
1.273270e+003,9.050047e+001
1.273752e+003,9.060946e+001
1.274235e+003,9.072780e+001
1.274717e+003,9.085885e+001
1.275199e+003,9.100524e+001
1.275681e+003,9.116705e+001
1.276163e+003,9.134052e+001
1.276645e+003,9.151806e+001
1.277127e+003,9.168959e+001
1.277609e+003,9.184470e+001
1.278092e+003,9.197521e+001
1.278574e+003,9.207682e+001
1.279056e+003,9.214964e+001
1.279538e+003,9.219701e+001
1.280020e+003,9.222377e+001
1.280502e+003,9.223425e+001
1.280984e+003,9.223112e+001
1.281466e+003,9.221509e+001
1.281948e+003,9.218578e+001
1.282431e+003,9.214290e+001
1.282913e+003,9.208694e+001
1.283395e+003,9.201978e+001
1.283877e+003,9.194443e+001
1.284359e+003,9.186440e+001
1.284841e+003,9.178304e+001
1.285323e+003,9.170321e+001
1.285805e+003,9.162702e+001
1.286288e+003,9.155605e+001
1.286770e+003,9.149139e+001
1.287252e+003,9.143394e+001
1.287734e+003,9.138441e+001
1.288216e+003,9.134326e+001
1.288698e+003,9.131084e+001
1.289180e+003,9.128711e+001
1.289662e+003,9.127193e+001
1.290145e+003,9.126487e+001
1.290627e+003,9.126543e+001
1.291109e+003,9.127295e+001
1.291591e+003,9.128648e+001
1.292073e+003,9.130455e+001
1.292555e+003,9.132536e+001
1.293037e+003,9.134671e+001
1.293519e+003,9.136639e+001
1.294001e+003,9.138277e+001
1.294484e+003,9.139519e+001
1.294966e+003,9.140408e+001
1.295448e+003,9.141085e+001
1.295930e+003,9.141732e+001
1.296412e+003,9.142512e+001
1.296894e+003,9.143492e+001
1.297376e+003,9.144629e+001
1.297858e+003,9.145747e+001
1.298340e+003,9.146623e+001
1.298823e+003,9.147052e+001
1.299305e+003,9.146939e+001
1.299787e+003,9.146317e+001
1.300269e+003,9.145367e+001
1.300751e+003,9.144314e+001
1.301233e+003,9.143352e+001
1.301715e+003,9.142529e+001
1.302197e+003,9.141695e+001
1.302679e+003,9.140529e+001
1.303162e+003,9.138615e+001
1.303644e+003,9.135574e+001
1.304126e+003,9.131194e+001
1.304608e+003,9.125503e+001
1.305090e+003,9.118776e+001
1.305572e+003,9.111441e+001
1.306054e+003,9.103960e+001
1.306536e+003,9.096677e+001
1.307019e+003,9.089735e+001
1.307501e+003,9.083050e+001
1.307983e+003,9.076360e+001
1.308465e+003,9.069302e+001
1.308947e+003,9.061543e+001
1.309429e+003,9.052859e+001
1.309911e+003,9.043224e+001
1.310393e+003,9.032843e+001
1.310875e+003,9.022143e+001
1.311358e+003,9.011732e+001
1.311840e+003,9.002299e+001
1.312322e+003,8.994490e+001
1.312804e+003,8.988741e+001
1.313286e+003,8.985149e+001
1.313768e+003,8.983440e+001
1.314250e+003,8.983066e+001
1.314732e+003,8.983382e+001
1.315215e+003,8.983859e+001
1.315697e+003,8.984253e+001
1.316179e+003,8.984658e+001
1.316661e+003,8.985465e+001
1.317143e+003,8.987188e+001
1.317625e+003,8.990282e+001
1.318107e+003,8.994953e+001
1.318589e+003,9.001073e+001
1.319072e+003,9.008219e+001
1.319554e+003,9.015810e+001
1.320036e+003,9.023277e+001
1.320518e+003,9.030223e+001
1.321000e+003,9.036478e+001
1.321482e+003,9.042081e+001
1.321964e+003,9.047156e+001
1.322446e+003,9.051807e+001
1.322928e+003,9.055991e+001
1.323411e+003,9.059523e+001
1.323893e+003,9.062144e+001
1.324375e+003,9.063655e+001
1.324857e+003,9.064038e+001
1.325339e+003,9.063560e+001
1.325821e+003,9.062747e+001
1.326303e+003,9.062289e+001
1.326785e+003,9.062880e+001
1.327267e+003,9.065041e+001
1.327750e+003,9.068968e+001
1.328232e+003,9.074467e+001
1.328714e+003,9.080956e+001
1.329196e+003,9.087585e+001
1.329678e+003,9.093428e+001
1.330160e+003,9.097654e+001
1.330642e+003,9.099702e+001
1.331124e+003,9.099384e+001
1.331606e+003,9.096891e+001
1.332089e+003,9.092722e+001
1.332571e+003,9.087511e+001
1.333053e+003,9.081841e+001
1.333535e+003,9.076082e+001
1.334017e+003,9.070294e+001
1.334499e+003,9.064246e+001
1.334981e+003,9.057513e+001
1.335463e+003,9.049646e+001
1.335946e+003,9.040354e+001
1.336428e+003,9.029616e+001
1.336910e+003,9.017744e+001
1.337392e+003,9.005307e+001
1.337874e+003,8.992999e+001
1.338356e+003,8.981464e+001
1.338838e+003,8.971107e+001
1.339320e+003,8.961956e+001
1.339802e+003,8.953619e+001
1.340285e+003,8.945384e+001
1.340767e+003,8.936459e+001
1.341249e+003,8.926255e+001
1.341731e+003,8.914608e+001
1.342213e+003,8.901811e+001
1.342695e+003,8.888551e+001
1.343177e+003,8.875687e+001
1.343659e+003,8.864059e+001
1.344142e+003,8.854279e+001
1.344624e+003,8.846619e+001
1.345106e+003,8.841001e+001
1.345588e+003,8.837109e+001
1.346070e+003,8.834512e+001
1.346552e+003,8.832806e+001
1.347034e+003,8.831673e+001
1.347516e+003,8.830865e+001
1.347999e+003,8.830170e+001
1.348481e+003,8.829359e+001
1.348963e+003,8.828179e+001
1.349445e+003,8.826398e+001
1.349927e+003,8.823824e+001
1.350409e+003,8.820340e+001
1.350891e+003,8.815840e+001
1.351373e+003,8.810180e+001
1.351855e+003,8.803088e+001
1.352338e+003,8.794170e+001
1.352820e+003,8.783028e+001
1.353302e+003,8.769427e+001
1.353784e+003,8.753532e+001
1.354266e+003,8.736034e+001
1.354748e+003,8.718125e+001
1.355230e+003,8.701237e+001
1.355712e+003,8.686636e+001
1.356194e+003,8.675055e+001
1.356677e+003,8.666457e+001
1.357159e+003,8.660067e+001
1.357641e+003,8.654604e+001
1.358123e+003,8.648630e+001
1.358605e+003,8.640920e+001
1.359087e+003,8.630756e+001
1.359569e+003,8.618124e+001
1.360051e+003,8.603743e+001
1.360533e+003,8.588990e+001
1.361016e+003,8.575738e+001
1.361498e+003,8.566013e+001
1.361980e+003,8.561491e+001
1.362462e+003,8.562837e+001
1.362944e+003,8.569209e+001
1.363426e+003,8.578255e+001
1.363908e+003,8.586811e+001
1.364390e+003,8.591913e+001
1.364873e+003,8.591648e+001
1.365355e+003,8.585465e+001
1.365837e+003,8.574087e+001
1.366319e+003,8.559149e+001
1.366801e+003,8.542777e+001
1.367283e+003,8.527095e+001
1.367765e+003,8.513733e+001
1.368247e+003,8.503452e+001
1.368729e+003,8.496024e+001
1.369212e+003,8.490455e+001
1.369694e+003,8.485447e+001
1.370176e+003,8.479897e+001
1.370658e+003,8.473260e+001
1.371140e+003,8.465704e+001
1.371622e+003,8.458049e+001
1.372104e+003,8.451601e+001
1.372586e+003,8.447884e+001
1.373069e+003,8.448286e+001
1.373551e+003,8.453625e+001
1.374033e+003,8.463708e+001
1.374515e+003,8.477194e+001
1.374997e+003,8.491951e+001
1.375479e+003,8.505844e+001
1.375961e+003,8.517463e+001
1.376443e+003,8.526438e+001
1.376926e+003,8.533194e+001
1.377408e+003,8.538448e+001
1.377890e+003,8.542677e+001
1.378372e+003,8.545823e+001
1.378854e+003,8.547306e+001
1.379336e+003,8.546382e+001
1.379818e+003,8.542675e+001
1.380300e+003,8.536653e+001
1.380782e+003,8.529783e+001
1.381265e+003,8.524294e+001
1.381747e+003,8.522588e+001
1.382229e+003,8.526483e+001
1.382711e+003,8.536597e+001
1.383193e+003,8.552171e+001
1.383675e+003,8.571402e+001
1.384157e+003,8.592099e+001
1.384639e+003,8.612321e+001
1.385121e+003,8.630827e+001
1.385604e+003,8.647298e+001
1.386086e+003,8.662304e+001
1.386568e+003,8.676934e+001
1.387050e+003,8.692162e+001
1.387532e+003,8.708175e+001
1.388014e+003,8.724197e+001
1.388496e+003,8.738861e+001
1.388978e+003,8.750890e+001
1.389460e+003,8.759559e+001
1.389943e+003,8.764836e+001
1.390425e+003,8.767239e+001
1.390907e+003,8.767622e+001
1.391389e+003,8.766978e+001
1.391871e+003,8.766325e+001
1.392353e+003,8.766657e+001
1.392835e+003,8.768952e+001
1.393317e+003,8.774089e+001
1.393800e+003,8.782559e+001
1.394282e+003,8.794042e+001
1.394764e+003,8.807183e+001
1.395246e+003,8.820058e+001
1.395728e+003,8.831187e+001
1.396210e+003,8.840471e+001
1.396692e+003,8.849419e+001
1.397174e+003,8.860635e+001
1.397656e+003,8.876864e+001
1.398139e+003,8.899899e+001
1.398621e+003,8.929596e+001
1.399103e+003,8.963434e+001
1.399585e+003,8.997074e+001
1.400067e+003,9.025917e+001
1.400549e+003,9.046844e+001
1.401031e+003,9.059126e+001
1.401513e+003,9.064234e+001
1.401996e+003,9.064956e+001
1.402478e+003,9.064516e+001
1.402960e+003,9.065970e+001
1.403442e+003,9.071886e+001
1.403924e+003,9.084116e+001
1.404406e+003,9.103577e+001
1.404888e+003,9.130106e+001
1.405370e+003,9.162522e+001
1.405853e+003,9.199001e+001
1.406335e+003,9.237570e+001
1.406817e+003,9.276532e+001
1.407299e+003,9.314633e+001
1.407781e+003,9.351015e+001
1.408263e+003,9.385056e+001
1.408745e+003,9.416206e+001
1.409227e+003,9.443916e+001
1.409709e+003,9.467638e+001
1.410192e+003,9.486932e+001
1.410674e+003,9.501592e+001
1.411156e+003,9.511802e+001
1.411638e+003,9.518197e+001
1.412120e+003,9.521790e+001
1.412602e+003,9.523771e+001
1.413084e+003,9.525182e+001
1.413566e+003,9.526600e+001
1.414048e+003,9.527960e+001
1.414531e+003,9.528632e+001
1.415013e+003,9.527707e+001
1.415495e+003,9.524472e+001
1.415977e+003,9.518882e+001
1.416459e+003,9.511996e+001
1.416941e+003,9.506306e+001
1.417423e+003,9.505840e+001
1.417905e+003,9.515543e+001
1.418387e+003,9.539399e+001
1.418870e+003,9.577435e+001
1.419352e+003,9.623637e+001
1.419834e+003,9.667500e+001
1.420316e+003,9.699030e+001
1.420798e+003,9.713390e+001
1.421280e+003,9.712056e+001
1.421762e+003,9.700804e+001
1.422244e+003,9.686793e+001
1.422727e+003,9.676381e+001
1.423209e+003,9.673864e+001
1.423691e+003,9.680819e+001
1.424173e+003,9.695883e+001
1.424655e+003,9.715256e+001
1.425137e+003,9.734018e+001
1.425619e+003,9.747735e+001
1.426101e+003,9.753378e+001
1.426583e+003,9.749384e+001
1.427066e+003,9.735269e+001
1.427548e+003,9.711481e+001
1.428030e+003,9.679641e+001
1.428512e+003,9.642771e+001
1.428994e+003,9.604967e+001
1.429476e+003,9.570320e+001
1.429958e+003,9.541527e+001
1.430440e+003,9.518980e+001
1.430923e+003,9.500789e+001
1.431405e+003,9.483794e+001
1.431887e+003,9.465011e+001
1.432369e+003,9.442891e+001
1.432851e+003,9.417867e+001
1.433333e+003,9.392001e+001
1.433815e+003,9.368037e+001
1.434297e+003,9.348490e+001
1.434780e+003,9.335192e+001
1.435262e+003,9.329420e+001
1.435744e+003,9.331966e+001
1.436226e+003,9.342528e+001
1.436708e+003,9.358712e+001
1.437190e+003,9.376225e+001
1.437672e+003,9.390963e+001
1.438154e+003,9.401415e+001
1.438636e+003,9.409254e+001
1.439119e+003,9.417992e+001
1.439601e+003,9.430991e+001
1.440083e+003,9.450093e+001
1.440565e+003,9.475172e+001
1.441047e+003,9.504507e+001
1.441529e+003,9.535574e+001
1.442011e+003,9.565942e+001
1.442493e+003,9.593990e+001
1.442976e+003,9.619272e+001
1.443458e+003,9.642570e+001
1.443940e+003,9.665692e+001
1.444422e+003,9.691206e+001
1.444904e+003,9.722127e+001
1.445386e+003,9.761445e+001
1.445868e+003,9.811447e+001
1.446350e+003,9.872758e+001
1.446833e+003,9.943307e+001
1.447314e+003,1.001775e+002
1.447797e+003,1.008818e+002
1.448279e+003,1.014638e+002
1.448761e+003,1.018697e+002
1.449243e+003,1.020938e+002
1.449725e+003,1.021764e+002
1.450207e+003,1.021835e+002
1.450689e+003,1.021837e+002
1.451171e+003,1.022299e+002
1.451654e+003,1.023523e+002
1.452136e+003,1.025587e+002
1.452618e+003,1.028412e+002
1.453100e+003,1.031841e+002
1.453582e+003,1.035684e+002
1.454064e+003,1.039687e+002
1.454546e+003,1.043441e+002
1.455028e+003,1.046330e+002
1.455510e+003,1.047632e+002
1.455993e+003,1.046807e+002
1.456475e+003,1.043858e+002
1.456957e+003,1.039452e+002
1.457439e+003,1.034612e+002
1.457921e+003,1.030206e+002
1.458403e+003,1.026701e+002
1.458885e+003,1.024263e+002
1.459367e+003,1.022925e+002
1.459850e+003,1.022626e+002
1.460332e+003,1.023198e+002
1.460814e+003,1.024354e+002
1.461296e+003,1.025719e+002
1.461778e+003,1.026867e+002
1.462260e+003,1.027346e+002
1.462742e+003,1.026712e+002
1.463224e+003,1.024597e+002
1.463707e+003,1.020839e+002
1.464189e+003,1.015614e+002
1.464671e+003,1.009445e+002
1.465153e+003,1.003032e+002
1.465635e+003,9.969785e+001
1.466117e+003,9.916170e+001
1.466599e+003,9.870233e+001
1.467081e+003,9.831293e+001
1.467563e+003,9.798201e+001
1.468046e+003,9.769795e+001
1.468528e+003,9.744907e+001
1.469010e+003,9.722241e+001
1.469492e+003,9.700232e+001
1.469974e+003,9.677055e+001
1.470456e+003,9.650995e+001
1.470938e+003,9.621317e+001
1.471420e+003,9.589278e+001
1.471903e+003,9.558466e+001
1.472385e+003,9.533505e+001
1.472867e+003,9.517508e+001
1.473349e+003,9.510461e+001
1.473831e+003,9.510082e+001
1.474313e+003,9.514084e+001
1.474795e+003,9.521613e+001
1.475277e+003,9.532919e+001
1.475760e+003,9.548054e+001
1.476241e+003,9.565694e+001
1.476724e+003,9.582870e+001
1.477206e+003,9.595727e+001
1.477688e+003,9.600872e+001
1.478170e+003,9.596558e+001
1.478652e+003,9.583076e+001
1.479134e+003,9.562407e+001
1.479616e+003,9.537442e+001
1.480098e+003,9.511187e+001
1.480581e+003,9.486091e+001
1.481063e+003,9.463593e+001
1.481545e+003,9.443964e+001
1.482027e+003,9.426566e+001
1.482509e+003,9.410490e+001
1.482991e+003,9.395206e+001
1.483473e+003,9.380894e+001
1.483955e+003,9.368306e+001
1.484438e+003,9.358342e+001
1.484920e+003,9.351519e+001
1.485402e+003,9.347620e+001
1.485884e+003,9.345536e+001
1.486366e+003,9.343476e+001
1.486848e+003,9.339433e+001
1.487330e+003,9.331878e+001
1.487812e+003,9.320365e+001
1.488294e+003,9.305891e+001
1.488777e+003,9.290732e+001
1.489259e+003,9.277718e+001
1.489741e+003,9.269020e+001
1.490223e+003,9.264958e+001
1.490705e+003,9.263654e+001
1.491187e+003,9.262026e+001
1.491669e+003,9.257511e+001
1.492151e+003,9.249377e+001
1.492634e+003,9.238938e+001
1.493116e+003,9.228812e+001
1.493598e+003,9.221882e+001
1.494080e+003,9.220469e+001
1.494562e+003,9.225803e+001
1.495044e+003,9.237669e+001
1.495526e+003,9.253992e+001
1.496008e+003,9.270580e+001
1.496490e+003,9.281676e+001
1.496973e+003,9.281912e+001
1.497455e+003,9.268880e+001
1.497937e+003,9.244566e+001
1.498419e+003,9.214571e+001
1.498901e+003,9.185654e+001
1.499383e+003,9.163110e+001
1.499865e+003,9.149094e+001
1.500347e+003,9.142361e+001
1.500830e+003,9.139325e+001
1.501312e+003,9.135789e+001
1.501794e+003,9.128597e+001
1.502276e+003,9.116434e+001
1.502758e+003,9.099531e+001
1.503240e+003,9.078632e+001
1.503722e+003,9.053793e+001
1.504204e+003,9.023907e+001
1.504687e+003,8.987692e+001
1.505168e+003,8.946468e+001
1.505651e+003,8.907310e+001
1.506133e+003,8.882554e+001
1.506615e+003,8.882311e+001
1.507097e+003,8.905214e+001
1.507579e+003,8.938845e+001
1.508061e+003,8.970041e+001
1.508543e+003,8.993142e+001
1.509025e+003,9.010093e+001
1.509508e+003,9.026051e+001
1.509990e+003,9.045266e+001
1.510472e+003,9.068853e+001
1.510954e+003,9.094254e+001
1.511436e+003,9.116027e+001
1.511918e+003,9.127665e+001
1.512400e+003,9.123923e+001
1.512882e+003,9.102775e+001
1.513365e+003,9.066134e+001
1.513847e+003,9.019274e+001
1.514329e+003,8.969646e+001
1.514811e+003,8.925751e+001
1.515293e+003,8.896136e+001
1.515775e+003,8.887899e+001
1.516257e+003,8.904279e+001
1.516739e+003,8.942268e+001
1.517221e+003,8.992702e+001
1.517704e+003,9.043789e+001
1.518186e+003,9.085883e+001
1.518668e+003,9.114170e+001
1.519150e+003,9.128593e+001
1.519632e+003,9.132856e+001
1.520114e+003,9.133894e+001
1.520596e+003,9.141043e+001
1.521078e+003,9.162721e+001
1.521561e+003,9.200855e+001
1.522043e+003,9.248180e+001
1.522525e+003,9.292532e+001
1.523007e+003,9.324194e+001
1.523489e+003,9.339607e+001
1.523971e+003,9.340274e+001
1.524453e+003,9.330169e+001
1.524935e+003,9.314185e+001
1.525417e+003,9.297756e+001
1.525900e+003,9.286610e+001
1.526382e+003,9.285799e+001
1.526864e+003,9.298377e+001
1.527346e+003,9.324516e+001
1.527828e+003,9.361565e+001
1.528310e+003,9.404810e+001
1.528792e+003,9.448566e+001
1.529274e+003,9.487469e+001
1.529757e+003,9.517768e+001
1.530239e+003,9.538251e+001
1.530721e+003,9.550437e+001
1.531203e+003,9.558104e+001
1.531685e+003,9.566368e+001
1.532167e+003,9.580479e+001
1.532649e+003,9.603917e+001
1.533131e+003,9.635824e+001
1.533614e+003,9.669529e+001
1.534095e+003,9.694975e+001
1.534578e+003,9.704408e+001
1.535060e+003,9.696585e+001
1.535542e+003,9.676392e+001
1.536024e+003,9.651294e+001
1.536506e+003,9.627671e+001
1.536988e+003,9.608648e+001
1.537470e+003,9.593692e+001
1.537952e+003,9.579661e+001
1.538435e+003,9.562712e+001
1.538917e+003,9.540240e+001
1.539399e+003,9.511960e+001
1.539881e+003,9.480126e+001
1.540363e+003,9.449400e+001
1.540845e+003,9.425869e+001
1.541327e+003,9.415056e+001
1.541809e+003,9.420382e+001
1.542292e+003,9.442981e+001
1.542774e+003,9.481908e+001
1.543256e+003,9.534013e+001
1.543738e+003,9.593642e+001
1.544220e+003,9.653049e+001
1.544702e+003,9.704049e+001
1.545184e+003,9.740592e+001
1.545666e+003,9.760746e+001
1.546148e+003,9.766983e+001
1.546631e+003,9.764941e+001
1.547113e+003,9.761606e+001
1.547595e+003,9.763690e+001
1.548077e+003,9.776363e+001
1.548559e+003,9.802126e+001
1.549041e+003,9.839825e+001
1.549523e+003,9.884309e+001
1.550005e+003,9.927713e+001
1.550488e+003,9.962405e+001
1.550970e+003,9.984014e+001
1.551452e+003,9.992593e+001
1.551934e+003,9.991814e+001
1.552416e+003,9.987181e+001
1.552898e+003,9.984492e+001
1.553380e+003,9.988394e+001
1.553862e+003,1.000106e+002
1.554344e+003,1.002131e+002
1.554827e+003,1.004516e+002
1.555309e+003,1.006763e+002
1.555791e+003,1.008456e+002
1.556273e+003,1.009348e+002
1.556755e+003,1.009409e+002
1.557237e+003,1.009050e+002
1.557719e+003,1.009536e+002
1.558201e+003,1.013021e+002
1.558684e+003,1.021069e+002
1.559166e+003,1.032188e+002
1.559648e+003,1.041985e+002
1.560130e+003,1.046672e+002
1.560612e+003,1.045392e+002
1.561094e+003,1.039610e+002
1.561576e+003,1.031570e+002
1.562058e+003,1.023278e+002
1.562541e+003,1.016139e+002
1.563022e+003,1.010957e+002
1.563505e+003,1.008034e+002
1.563987e+003,1.007239e+002
1.564469e+003,1.008053e+002
1.564951e+003,1.009649e+002
1.565433e+003,1.011086e+002
1.565915e+003,1.011579e+002
1.566397e+003,1.010698e+002
1.566879e+003,1.008425e+002
1.567362e+003,1.005124e+002
1.567844e+003,1.001488e+002
1.568326e+003,9.984837e+001
1.568808e+003,9.971552e+001
1.569290e+003,9.982035e+001
1.569772e+003,1.001502e+002
1.570254e+003,1.005987e+002
1.570736e+003,1.010157e+002
1.571219e+003,1.012826e+002
1.571701e+003,1.013573e+002
1.572183e+003,1.012697e+002
1.572665e+003,1.010903e+002
1.573147e+003,1.008952e+002
1.573629e+003,1.007417e+002
1.574111e+003,1.006582e+002
1.574593e+003,1.006428e+002
1.575075e+003,1.006688e+002
1.575558e+003,1.006919e+002
1.576040e+003,1.006587e+002
1.576522e+003,1.005246e+002
1.577004e+003,1.002759e+002
1.577486e+003,9.993975e+001
1.577968e+003,9.957230e+001
1.578450e+003,9.923527e+001
1.578932e+003,9.897435e+001
1.579415e+003,9.880692e+001
1.579897e+003,9.872029e+001
1.580379e+003,9.867834e+001
1.580861e+003,9.863306e+001
1.581343e+003,9.853805e+001
1.581825e+003,9.836067e+001
1.582307e+003,9.808901e+001
1.582789e+003,9.773283e+001
1.583271e+003,9.731923e+001
1.583754e+003,9.688602e+001
1.584236e+003,9.647373e+001
1.584718e+003,9.611748e+001
1.585200e+003,9.583913e+001
1.585682e+003,9.564169e+001
1.586164e+003,9.550860e+001
1.586646e+003,9.540840e+001
1.587128e+003,9.530344e+001
1.587611e+003,9.516009e+001
1.588093e+003,9.495728e+001
1.588575e+003,9.469103e+001
1.589057e+003,9.437341e+001
1.589539e+003,9.402642e+001
1.590021e+003,9.367336e+001
1.590503e+003,9.333159e+001
1.590985e+003,9.300944e+001
1.591468e+003,9.270686e+001
1.591949e+003,9.241893e+001
1.592432e+003,9.213958e+001
1.592914e+003,9.186415e+001
1.593396e+003,9.159053e+001
1.593878e+003,9.131911e+001
1.594360e+003,9.105247e+001
1.594842e+003,9.079494e+001
1.595324e+003,9.055223e+001
1.595806e+003,9.033066e+001
1.596289e+003,9.013532e+001
1.596771e+003,8.996849e+001
1.597253e+003,8.982842e+001
1.597735e+003,8.970969e+001
1.598217e+003,8.960452e+001
1.598699e+003,8.950478e+001
1.599181e+003,8.940350e+001
1.599663e+003,8.929571e+001
1.600146e+003,8.917834e+001
1.600628e+003,8.904994e+001
1.601110e+003,8.891050e+001
1.601592e+003,8.876266e+001
1.602074e+003,8.861337e+001
1.602556e+003,8.847527e+001
1.603038e+003,8.836611e+001
1.603520e+003,8.830560e+001
1.604002e+003,8.830952e+001
1.604485e+003,8.838333e+001
1.604967e+003,8.851769e+001
1.605449e+003,8.868687e+001
1.605931e+003,8.885107e+001
1.606413e+003,8.896211e+001
1.606895e+003,8.897275e+001
1.607377e+003,8.884885e+001
1.607859e+003,8.858145e+001
1.608342e+003,8.819312e+001
1.608824e+003,8.773489e+001
1.609306e+003,8.727446e+001
1.609788e+003,8.688047e+001
1.610270e+003,8.660838e+001
1.610752e+003,8.649069e+001
1.611234e+003,8.653240e+001
1.611716e+003,8.671336e+001
1.612198e+003,8.699718e+001
1.612681e+003,8.734464e+001
1.613163e+003,8.772536e+001
1.613645e+003,8.812428e+001
1.614127e+003,8.854233e+001
1.614609e+003,8.899565e+001
1.615091e+003,8.951431e+001
1.615573e+003,9.013589e+001
1.616055e+003,9.088470e+001
1.616538e+003,9.174076e+001
1.617020e+003,9.262610e+001
1.617502e+003,9.343484e+001
1.617984e+003,9.408708e+001
1.618466e+003,9.456065e+001
1.618948e+003,9.488349e+001
1.619430e+003,9.510417e+001
1.619912e+003,9.526627e+001
1.620395e+003,9.539636e+001
1.620876e+003,9.550637e+001
1.621359e+003,9.560358e+001
1.621841e+003,9.570157e+001
1.622323e+003,9.582354e+001
1.622805e+003,9.599397e+001
1.623287e+003,9.622272e+001
1.623769e+003,9.649501e+001
1.624251e+003,9.677779e+001
1.624733e+003,9.703786e+001
1.625216e+003,9.725779e+001
1.625698e+003,9.743999e+001
1.626180e+003,9.759997e+001
1.626662e+003,9.775417e+001
1.627144e+003,9.790865e+001
1.627626e+003,9.805114e+001
1.628108e+003,9.815149e+001
1.628590e+003,9.817145e+001
1.629073e+003,9.808051e+001
1.629555e+003,9.786901e+001
1.630037e+003,9.755209e+001
1.630519e+003,9.716379e+001
1.631001e+003,9.674684e+001
1.631483e+003,9.634170e+001
1.631965e+003,9.597804e+001
1.632447e+003,9.566974e+001
1.632929e+003,9.541374e+001
1.633412e+003,9.519415e+001
1.633894e+003,9.499200e+001
1.634376e+003,9.479798e+001
1.634858e+003,9.461626e+001
1.635340e+003,9.444651e+001
1.635822e+003,9.425360e+001
1.636304e+003,9.396444e+001
1.636786e+003,9.350938e+001
1.637269e+003,9.286697e+001
1.637751e+003,9.207150e+001
1.638233e+003,9.118913e+001
1.638715e+003,9.029053e+001
1.639197e+003,8.943410e+001
1.639679e+003,8.866032e+001
1.640161e+003,8.799086e+001
1.640643e+003,8.742917e+001
1.641125e+003,8.696284e+001
1.641608e+003,8.656877e+001
1.642090e+003,8.622025e+001
1.642572e+003,8.589190e+001
1.643054e+003,8.556104e+001
1.643536e+003,8.520730e+001
1.644018e+003,8.481306e+001
1.644500e+003,8.436913e+001
1.644982e+003,8.388439e+001
1.645465e+003,8.339613e+001
1.645947e+003,8.296940e+001
1.646429e+003,8.267485e+001
1.646911e+003,8.254871e+001
1.647393e+003,8.256611e+001
1.647875e+003,8.265748e+001
1.648357e+003,8.275723e+001
1.648839e+003,8.284136e+001
1.649322e+003,8.293063e+001
1.649803e+003,8.306767e+001
1.650286e+003,8.328976e+001
1.650768e+003,8.361272e+001
1.651250e+003,8.403426e+001
1.651732e+003,8.455494e+001
1.652214e+003,8.518607e+001
1.652696e+003,8.589149e+001
1.653178e+003,8.651252e+001
1.653660e+003,8.685287e+001
1.654143e+003,8.685453e+001
1.654625e+003,8.661961e+001
1.655107e+003,8.631818e+001
1.655589e+003,8.610876e+001
1.656071e+003,8.609912e+001
1.656553e+003,8.633549e+001
1.657035e+003,8.680696e+001
1.657517e+003,8.745617e+001
1.658000e+003,8.819331e+001
1.658482e+003,8.891385e+001
1.658964e+003,8.951955e+001
1.659446e+003,8.993871e+001
1.659928e+003,9.014143e+001
1.660410e+003,9.014717e+001
1.660892e+003,9.002496e+001
1.661374e+003,8.988542e+001
1.661856e+003,8.985988e+001
1.662339e+003,9.006214e+001
1.662821e+003,9.054113e+001
1.663303e+003,9.125259e+001
1.663785e+003,9.207549e+001
1.664267e+003,9.286593e+001
1.664749e+003,9.351099e+001
1.665231e+003,9.395282e+001
1.665713e+003,9.418238e+001
1.666196e+003,9.422004e+001
1.666678e+003,9.409865e+001
1.667160e+003,9.385548e+001
1.667642e+003,9.353155e+001
1.668124e+003,9.317276e+001
1.668606e+003,9.282794e+001
1.669088e+003,9.254066e+001
1.669570e+003,9.233867e+001
1.670052e+003,9.222844e+001
1.670535e+003,9.220033e+001
1.671017e+003,9.224149e+001
1.671499e+003,9.234756e+001
1.671981e+003,9.252628e+001
1.672463e+003,9.279166e+001
1.672945e+003,9.315232e+001
1.673427e+003,9.359832e+001
1.673909e+003,9.408907e+001
1.674392e+003,9.454694e+001
1.674874e+003,9.486694e+001
1.675356e+003,9.495377e+001
1.675838e+003,9.477242e+001
1.676320e+003,9.437193e+001
1.676802e+003,9.386234e+001
1.677284e+003,9.337040e+001
1.677766e+003,9.300362e+001
1.678249e+003,9.282988e+001
1.678730e+003,9.286698e+001
1.679213e+003,9.307928e+001
1.679695e+003,9.338476e+001
1.680177e+003,9.367727e+001
1.680659e+003,9.385968e+001
1.681141e+003,9.387149e+001
1.681623e+003,9.369973e+001
1.682105e+003,9.338075e+001
1.682587e+003,9.300950e+001
1.683070e+003,9.275457e+001
1.683552e+003,9.283045e+001
1.684034e+003,9.337204e+001
1.684516e+003,9.428146e+001
1.684998e+003,9.524722e+001
1.685480e+003,9.595841e+001
1.685962e+003,9.627935e+001
1.686444e+003,9.625232e+001
1.686927e+003,9.600832e+001
1.687409e+003,9.568807e+001
1.687891e+003,9.540263e+001
1.688373e+003,9.521968e+001
1.688855e+003,9.515962e+001
1.689337e+003,9.519669e+001
1.689819e+003,9.526852e+001
1.690301e+003,9.529799e+001
1.690783e+003,9.522279e+001
1.691266e+003,9.502002e+001
1.691748e+003,9.471401e+001
1.692230e+003,9.436568e+001
1.692712e+003,9.405162e+001
1.693194e+003,9.384383e+001
1.693676e+003,9.379708e+001
1.694158e+003,9.394353e+001
1.694640e+003,9.428616e+001
1.695123e+003,9.477952e+001
1.695605e+003,9.530975e+001
1.696087e+003,9.571725e+001
1.696569e+003,9.587771e+001
1.697051e+003,9.577250e+001
1.697533e+003,9.548145e+001
1.698015e+003,9.512407e+001
1.698497e+003,9.481245e+001
1.698979e+003,9.463914e+001
1.699462e+003,9.467541e+001
1.699944e+003,9.493478e+001
1.700426e+003,9.531123e+001
1.700908e+003,9.559492e+001
1.701390e+003,9.560322e+001
1.701872e+003,9.529276e+001
1.702354e+003,9.475002e+001
1.702836e+003,9.411304e+001
1.703319e+003,9.350850e+001
1.703801e+003,9.302996e+001
1.704283e+003,9.273981e+001
1.704765e+003,9.267097e+001
1.705247e+003,9.281670e+001
1.705729e+003,9.312019e+001
1.706211e+003,9.348595e+001
1.706693e+003,9.381461e+001
1.707176e+003,9.403733e+001
1.707657e+003,9.412876e+001
1.708140e+003,9.409985e+001
1.708622e+003,9.398396e+001
1.709104e+003,9.382375e+001
1.709586e+003,9.366059e+001
1.710068e+003,9.352557e+001
1.710550e+003,9.343377e+001
1.711032e+003,9.338295e+001
1.711514e+003,9.335725e+001
1.711997e+003,9.333436e+001
1.712479e+003,9.329415e+001
1.712961e+003,9.322626e+001
1.713443e+003,9.313413e+001
1.713925e+003,9.303437e+001
1.714407e+003,9.295187e+001
1.714889e+003,9.291399e+001
1.715371e+003,9.294615e+001
1.715854e+003,9.307059e+001
1.716336e+003,9.330437e+001
1.716818e+003,9.365037e+001
1.717300e+003,9.408007e+001
1.717782e+003,9.452402e+001
1.718264e+003,9.489085e+001
1.718746e+003,9.511002e+001
1.719229e+003,9.516344e+001
1.719710e+003,9.508502e+001
1.720193e+003,9.493742e+001
1.720675e+003,9.478712e+001
1.721157e+003,9.468805e+001
1.721639e+003,9.467414e+001
1.722121e+003,9.475674e+001
1.722603e+003,9.492402e+001
1.723085e+003,9.514259e+001
1.723567e+003,9.536395e+001
1.724050e+003,9.553656e+001
1.724532e+003,9.562093e+001
1.725014e+003,9.560117e+001
1.725496e+003,9.548853e+001
1.725978e+003,9.531728e+001
1.726460e+003,9.513535e+001
1.726942e+003,9.499393e+001
1.727424e+003,9.493771e+001
1.727906e+003,9.499613e+001
1.728389e+003,9.517664e+001
1.728871e+003,9.546103e+001
1.729353e+003,9.580835e+001
1.729835e+003,9.616589e+001
1.730317e+003,9.648519e+001
1.730799e+003,9.673529e+001
1.731281e+003,9.690741e+001
1.731763e+003,9.701234e+001
1.732246e+003,9.707841e+001
1.732728e+003,9.715312e+001
1.733210e+003,9.729828e+001
1.733692e+003,9.755666e+001
1.734174e+003,9.789928e+001
1.734656e+003,9.821401e+001
1.735138e+003,9.837389e+001
1.735620e+003,9.832207e+001
1.736103e+003,9.809386e+001
1.736585e+003,9.777917e+001
1.737067e+003,9.747339e+001
1.737549e+003,9.724788e+001
1.738031e+003,9.714169e+001
1.738513e+003,9.716203e+001
1.738995e+003,9.728392e+001
1.739477e+003,9.745043e+001
1.739959e+003,9.758389e+001
1.740442e+003,9.761289e+001
1.740924e+003,9.750063e+001
1.741406e+003,9.725675e+001
1.741888e+003,9.692999e+001
1.742370e+003,9.659137e+001
1.742852e+003,9.631516e+001
1.743334e+003,9.616100e+001
1.743816e+003,9.615857e+001
1.744299e+003,9.629995e+001
1.744781e+003,9.654266e+001
1.745263e+003,9.682198e+001
1.745745e+003,9.706757e+001
1.746227e+003,9.721964e+001
1.746709e+003,9.724313e+001
1.747191e+003,9.713837e+001
1.747673e+003,9.694439e+001
1.748156e+003,9.673129e+001
1.748637e+003,9.658253e+001
1.749120e+003,9.657278e+001
1.749602e+003,9.674783e+001
1.750084e+003,9.710989e+001
1.750566e+003,9.761021e+001
1.751048e+003,9.815477e+001
1.751530e+003,9.862983e+001
1.752012e+003,9.894102e+001
1.752494e+003,9.904558e+001
1.752977e+003,9.895862e+001
1.753459e+003,9.873529e+001
1.753941e+003,9.844441e+001
1.754423e+003,9.814838e+001
1.754905e+003,9.789389e+001
1.755387e+003,9.770985e+001
1.755869e+003,9.760721e+001
1.756351e+003,9.757826e+001
1.756833e+003,9.759862e+001
1.757316e+003,9.763645e+001
1.757798e+003,9.766663e+001
1.758280e+003,9.768162e+001
1.758762e+003,9.769350e+001
1.759244e+003,9.772824e+001
1.759726e+003,9.781697e+001
1.760208e+003,9.798735e+001
1.760690e+003,9.825370e+001
1.761173e+003,9.860619e+001
1.761655e+003,9.900301e+001
1.762137e+003,9.937517e+001
1.762619e+003,9.964745e+001
1.763101e+003,9.976679e+001
1.763583e+003,9.971998e+001
1.764065e+003,9.953320e+001
1.764547e+003,9.925832e+001
1.765030e+003,9.895621e+001
1.765512e+003,9.868398e+001
1.765994e+003,9.848630e+001
1.766476e+003,9.838882e+001
1.766958e+003,9.839172e+001
1.767440e+003,9.846629e+001
1.767922e+003,9.856089e+001
1.768404e+003,9.861913e+001
1.768886e+003,9.860255e+001
1.769369e+003,9.850578e+001
1.769851e+003,9.835786e+001
1.770333e+003,9.821391e+001
1.770815e+003,9.814166e+001
1.771297e+003,9.820239e+001
1.771779e+003,9.842357e+001
1.772261e+003,9.877375e+001
1.772743e+003,9.916394e+001
1.773226e+003,9.948701e+001
1.773708e+003,9.966980e+001
1.774190e+003,9.969865e+001
1.774672e+003,9.960880e+001
1.775154e+003,9.945518e+001
1.775636e+003,9.928581e+001
1.776118e+003,9.912744e+001
1.776600e+003,9.898392e+001
1.777083e+003,9.884393e+001
1.777564e+003,9.869324e+001
1.778047e+003,9.852652e+001
1.778529e+003,9.835400e+001
1.779011e+003,9.820168e+001
1.779493e+003,9.810465e+001
1.779975e+003,9.809533e+001
1.780457e+003,9.819079e+001
1.780939e+003,9.838490e+001
1.781421e+003,9.865005e+001
1.781904e+003,9.894748e+001
1.782386e+003,9.923921e+001
1.782868e+003,9.949567e+001
1.783350e+003,9.969766e+001
1.783832e+003,9.983560e+001
1.784314e+003,9.990877e+001
1.784796e+003,9.992462e+001
1.785278e+003,9.989686e+001
1.785760e+003,9.984193e+001
1.786243e+003,9.977489e+001
1.786725e+003,9.970641e+001
1.787207e+003,9.964202e+001
1.787689e+003,9.958336e+001
1.788171e+003,9.953043e+001
1.788653e+003,9.948434e+001
1.789135e+003,9.944933e+001
1.789617e+003,9.943313e+001
1.790100e+003,9.944516e+001
1.790582e+003,9.949281e+001
1.791064e+003,9.957635e+001
1.791546e+003,9.968439e+001
1.792028e+003,9.979328e+001
1.792510e+003,9.987347e+001
1.792992e+003,9.990221e+001
1.793474e+003,9.987482e+001
1.793957e+003,9.980764e+001
1.794439e+003,9.973035e+001
1.794921e+003,9.967303e+001
1.795403e+003,9.965382e+001
1.795885e+003,9.967183e+001
1.796367e+003,9.970780e+001
1.796849e+003,9.973138e+001
1.797331e+003,9.971233e+001
1.797813e+003,9.963183e+001
1.798296e+003,9.948934e+001
1.798778e+003,9.930341e+001
1.799260e+003,9.910680e+001
1.799742e+003,9.893795e+001
1.800224e+003,9.883099e+001
1.800706e+003,9.880625e+001
1.801188e+003,9.886543e+001
1.801670e+003,9.899290e+001
1.802153e+003,9.916274e+001
1.802635e+003,9.934714e+001
1.803117e+003,9.952209e+001
1.803599e+003,9.966964e+001
1.804081e+003,9.977783e+001
1.804563e+003,9.984032e+001
1.805045e+003,9.985650e+001
1.805527e+003,9.983121e+001
1.806010e+003,9.977394e+001
1.806491e+003,9.969660e+001
1.806974e+003,9.961115e+001
1.807456e+003,9.952767e+001
1.807938e+003,9.945355e+001
1.808420e+003,9.939385e+001
1.808902e+003,9.935218e+001
1.809384e+003,9.933212e+001
1.809866e+003,9.933749e+001
1.810348e+003,9.937225e+001
1.810831e+003,9.943884e+001
1.811313e+003,9.953658e+001
1.811795e+003,9.966026e+001
1.812277e+003,9.979966e+001
1.812759e+003,9.994093e+001
1.813241e+003,1.000691e+002
1.813723e+003,1.001703e+002
1.814205e+003,1.002342e+002
1.814688e+003,1.002545e+002
1.815170e+003,1.002309e+002
1.815652e+003,1.001702e+002
1.816134e+003,1.000865e+002
1.816616e+003,1.000000e+002
1.817098e+003,9.993243e+001
1.817580e+003,9.990181e+001
1.818062e+003,9.991762e+001
1.818544e+003,9.997854e+001
1.819027e+003,1.000724e+002
1.819509e+003,1.001786e+002
1.819991e+003,1.002724e+002
1.820473e+003,1.003303e+002
1.820955e+003,1.003350e+002
1.821437e+003,1.002786e+002
1.821919e+003,1.001628e+002
1.822401e+003,9.999811e+001
1.822884e+003,9.980246e+001
1.823366e+003,9.960049e+001
1.823848e+003,9.942155e+001
1.824330e+003,9.929329e+001
1.824812e+003,9.923203e+001
1.825294e+003,9.923477e+001
1.825776e+003,9.927936e+001
1.826258e+003,9.933365e+001
1.826740e+003,9.936806e+001
1.827223e+003,9.936443e+001
1.827705e+003,9.931978e+001
1.828187e+003,9.924583e+001
1.828669e+003,9.916631e+001
1.829151e+003,9.910984e+001
1.829633e+003,9.909906e+001
1.830115e+003,9.913968e+001
1.830597e+003,9.921832e+001
1.831080e+003,9.931138e+001
1.831562e+003,9.939940e+001
1.832044e+003,9.947633e+001
1.832526e+003,9.954933e+001
1.833008e+003,9.963116e+001
1.833490e+003,9.973045e+001
1.833972e+003,9.984421e+001
1.834454e+003,9.995566e+001
1.834937e+003,1.000381e+002
1.835418e+003,1.000646e+002
1.835901e+003,1.000187e+002
1.836383e+003,9.990282e+001
1.836865e+003,9.973914e+001
1.837347e+003,9.956304e+001
1.837829e+003,9.941257e+001
1.838311e+003,9.931727e+001
1.838793e+003,9.929083e+001
1.839275e+003,9.932964e+001
1.839758e+003,9.941721e+001
1.840240e+003,9.953178e+001
1.840722e+003,9.965237e+001
1.841204e+003,9.976191e+001
1.841686e+003,9.984715e+001
1.842168e+003,9.989903e+001
1.842650e+003,9.991463e+001
1.843132e+003,9.989971e+001
1.843615e+003,9.986758e+001
1.844097e+003,9.983283e+001
1.844579e+003,9.980377e+001
1.845061e+003,9.978041e+001
1.845543e+003,9.975970e+001
1.846025e+003,9.974263e+001
1.846507e+003,9.973633e+001
1.846989e+003,9.975090e+001
1.847471e+003,9.979364e+001
1.847954e+003,9.986435e+001
1.848436e+003,9.995292e+001
1.848918e+003,1.000402e+002
1.849400e+003,1.001022e+002
1.849882e+003,1.001164e+002
1.850364e+003,1.000696e+002
1.850846e+003,9.996220e+001
1.851328e+003,9.981042e+001
1.851811e+003,9.964290e+001
1.852293e+003,9.949399e+001
1.852775e+003,9.939549e+001
1.853257e+003,9.936849e+001
1.853739e+003,9.941826e+001
1.854221e+003,9.953399e+001
1.854703e+003,9.969326e+001
1.855185e+003,9.986941e+001
1.855667e+003,1.000390e+002
1.856150e+003,1.001870e+002
1.856632e+003,1.003077e+002
1.857114e+003,1.004028e+002
1.857596e+003,1.004768e+002
1.858078e+003,1.005332e+002
1.858560e+003,1.005718e+002
1.859042e+003,1.005889e+002
1.859524e+003,1.005800e+002
1.860007e+003,1.005422e+002
1.860489e+003,1.004776e+002
1.860971e+003,1.003934e+002
1.861453e+003,1.003004e+002
1.861935e+003,1.002105e+002
1.862417e+003,1.001325e+002
1.862899e+003,1.000689e+002
1.863381e+003,1.000154e+002
1.863864e+003,9.996154e+001
1.864345e+003,9.989454e+001
1.864828e+003,9.980370e+001
1.865310e+003,9.968499e+001
1.865792e+003,9.954418e+001
1.866274e+003,9.939781e+001
1.866756e+003,9.927086e+001
1.867238e+003,9.919182e+001
1.867720e+003,9.918430e+001
1.868202e+003,9.925784e+001
1.868685e+003,9.940079e+001
1.869167e+003,9.958175e+001
1.869649e+003,9.976075e+001
1.870131e+003,9.990526e+001
1.870613e+003,1.000013e+002
1.871095e+003,1.000545e+002
1.871577e+003,1.000823e+002
1.872059e+003,1.001025e+002
1.872542e+003,1.001250e+002
1.873024e+003,1.001472e+002
1.873506e+003,1.001558e+002
1.873988e+003,1.001333e+002
1.874470e+003,1.000660e+002
1.874952e+003,9.995214e+001
1.875434e+003,9.980442e+001
1.875916e+003,9.964788e+001
1.876398e+003,9.951347e+001
1.876881e+003,9.943012e+001
1.877363e+003,9.941779e+001
1.877845e+003,9.948282e+001
1.878327e+003,9.961703e+001
1.878809e+003,9.980022e+001
1.879291e+003,1.000043e+002
1.879773e+003,1.001988e+002
1.880255e+003,1.003555e+002
1.880738e+003,1.004529e+002
1.881220e+003,1.004808e+002
1.881702e+003,1.004420e+002
1.882184e+003,1.003522e+002
1.882666e+003,1.002367e+002
1.883148e+003,1.001241e+002
1.883630e+003,1.000385e+002
1.884112e+003,9.999380e+001
1.884594e+003,9.998942e+001
1.885077e+003,1.000113e+002
1.885559e+003,1.000374e+002
1.886041e+003,1.000451e+002
1.886523e+003,1.000197e+002
1.887005e+003,9.995840e+001
1.887487e+003,9.987150e+001
1.887969e+003,9.977888e+001
1.888451e+003,9.970438e+001
1.888934e+003,9.966780e+001
1.889416e+003,9.967768e+001
1.889898e+003,9.972794e+001
1.890380e+003,9.980075e+001
1.890862e+003,9.987410e+001
1.891344e+003,9.993005e+001
1.891826e+003,9.995951e+001
1.892308e+003,9.996308e+001
1.892791e+003,9.994873e+001
1.893272e+003,9.992822e+001
1.893755e+003,9.991299e+001
1.894237e+003,9.991123e+001
1.894719e+003,9.992528e+001
1.895201e+003,9.995149e+001
1.895683e+003,9.998161e+001
1.896165e+003,1.000061e+002
1.896647e+003,1.000175e+002
1.897129e+003,1.000135e+002
1.897612e+003,9.999730e+001
1.898094e+003,9.997690e+001
1.898576e+003,9.996227e+001
1.899058e+003,9.996191e+001
1.899540e+003,9.997942e+001
1.900022e+003,1.000114e+002
1.900504e+003,1.000475e+002
1.900986e+003,1.000723e+002
1.901469e+003,1.000702e+002
1.901951e+003,1.000307e+002
1.902433e+003,9.995242e+001
1.902915e+003,9.984586e+001
1.903397e+003,9.973149e+001
1.903879e+003,9.963582e+001
1.904361e+003,9.958489e+001
1.904843e+003,9.959707e+001
1.905325e+003,9.967715e+001
1.905808e+003,9.981445e+001
1.906290e+003,9.998463e+001
1.906772e+003,1.001558e+002
1.907254e+003,1.002967e+002
1.907736e+003,1.003853e+002
1.908218e+003,1.004143e+002
1.908700e+003,1.003937e+002
1.909182e+003,1.003468e+002
1.909665e+003,1.003015e+002
1.910147e+003,1.002807e+002
1.910629e+003,1.002954e+002
1.911111e+003,1.003422e+002
1.911593e+003,1.004070e+002
1.912075e+003,1.004709e+002
1.912557e+003,1.005168e+002
1.913039e+003,1.005331e+002
1.913521e+003,1.005157e+002
1.914004e+003,1.004661e+002
1.914486e+003,1.003894e+002
1.914968e+003,1.002918e+002
1.915450e+003,1.001803e+002
1.915932e+003,1.000644e+002
1.916414e+003,9.995819e+001
1.916896e+003,9.987930e+001
1.917378e+003,9.984454e+001
1.917861e+003,9.986204e+001
1.918343e+003,9.992526e+001
1.918825e+003,1.000129e+002
1.919307e+003,1.000969e+002
1.919789e+003,1.001533e+002
1.920271e+003,1.001706e+002
1.920753e+003,1.001518e+002
1.921235e+003,1.001118e+002
1.921718e+003,1.000710e+002
1.922199e+003,1.000465e+002
1.922682e+003,1.000453e+002
1.923164e+003,1.000599e+002
1.923646e+003,1.000729e+002
1.924128e+003,1.000659e+002
1.924610e+003,1.000299e+002
1.925092e+003,9.997054e+001
1.925574e+003,9.990597e+001
1.926056e+003,9.985985e+001
1.926539e+003,9.985229e+001
1.927021e+003,9.989264e+001
1.927503e+003,9.997601e+001
1.927985e+003,1.000853e+002
1.928467e+003,1.001974e+002
1.928949e+003,1.002920e+002
1.929431e+003,1.003573e+002
1.929913e+003,1.003925e+002
1.930396e+003,1.004053e+002
1.930878e+003,1.004075e+002
1.931360e+003,1.004104e+002
1.931842e+003,1.004216e+002
1.932324e+003,1.004440e+002
1.932806e+003,1.004767e+002
1.933288e+003,1.005163e+002
1.933770e+003,1.005584e+002
1.934252e+003,1.005981e+002
1.934735e+003,1.006309e+002
1.935217e+003,1.006540e+002
1.935699e+003,1.006664e+002
1.936181e+003,1.006695e+002
1.936663e+003,1.006654e+002
1.937145e+003,1.006544e+002
1.937627e+003,1.006332e+002
1.938109e+003,1.005941e+002
1.938592e+003,1.005279e+002
1.939074e+003,1.004291e+002
1.939556e+003,1.003019e+002
1.940038e+003,1.001626e+002
1.940520e+003,1.000394e+002
1.941002e+003,9.996456e+001
1.941484e+003,9.996385e+001
1.941966e+003,1.000438e+002
1.942448e+003,1.001842e+002
1.942931e+003,1.003412e+002
1.943413e+003,1.004621e+002
1.943895e+003,1.005065e+002
1.944377e+003,1.004618e+002
1.944859e+003,1.003462e+002
1.945341e+003,1.001992e+002
1.945823e+003,1.000664e+002
1.946305e+003,9.998426e+001
1.946788e+003,9.996835e+001
1.947270e+003,1.000107e+002
1.947752e+003,1.000845e+002
1.948234e+003,1.001570e+002
1.948716e+003,1.002024e+002
1.949198e+003,1.002097e+002
1.949680e+003,1.001834e+002
1.950162e+003,1.001371e+002
1.950645e+003,1.000866e+002
1.951126e+003,1.000436e+002
1.951609e+003,1.000131e+002
1.952091e+003,9.999646e+001
1.952573e+003,9.999517e+001
1.953055e+003,1.000145e+002
1.953537e+003,1.000624e+002
1.954019e+003,1.001465e+002
1.954501e+003,1.002686e+002
1.954983e+003,1.004205e+002
1.955466e+003,1.005844e+002
1.955948e+003,1.007378e+002
1.956430e+003,1.008595e+002
1.956912e+003,1.009353e+002
1.957394e+003,1.009595e+002
1.957876e+003,1.009343e+002
1.958358e+003,1.008678e+002
1.958840e+003,1.007715e+002
1.959323e+003,1.006581e+002
1.959805e+003,1.005420e+002
1.960287e+003,1.004395e+002
1.960769e+003,1.003684e+002
1.961251e+003,1.003456e+002
1.961733e+003,1.003832e+002
1.962215e+003,1.004827e+002
1.962697e+003,1.006311e+002
1.963179e+003,1.008008e+002
1.963662e+003,1.009561e+002
1.964144e+003,1.010615e+002
1.964626e+003,1.010909e+002
1.965108e+003,1.010327e+002
1.965590e+003,1.008929e+002
1.966072e+003,1.006936e+002
1.966554e+003,1.004676e+002
1.967036e+003,1.002487e+002
1.967519e+003,1.000630e+002
1.968001e+003,9.992169e+001
1.968483e+003,9.982066e+001
1.968965e+003,9.974464e+001
1.969447e+003,9.967435e+001
1.969929e+003,9.959294e+001
1.970411e+003,9.949082e+001
1.970893e+003,9.936641e+001
1.971375e+003,9.922583e+001
1.971858e+003,9.907858e+001
1.972340e+003,9.893504e+001
1.972822e+003,9.880288e+001
1.973304e+003,9.868745e+001
1.973786e+003,9.859348e+001
1.974268e+003,9.852740e+001
1.974750e+003,9.849873e+001
1.975232e+003,9.852133e+001
1.975715e+003,9.860901e+001
1.976197e+003,9.877059e+001
1.976679e+003,9.900104e+001
1.977161e+003,9.927682e+001
1.977643e+003,9.955641e+001
1.978125e+003,9.979196e+001
1.978607e+003,9.994536e+001
1.979089e+003,1.000047e+002
1.979572e+003,9.998783e+001
1.980053e+003,9.993500e+001
1.980536e+003,9.989308e+001
1.981018e+003,9.990004e+001
1.981500e+003,9.997307e+001
1.981982e+003,1.001046e+002
1.982464e+003,1.002658e+002
1.982946e+003,1.004205e+002
1.983428e+003,1.005381e+002
1.983910e+003,1.006052e+002
1.984393e+003,1.006254e+002
1.984875e+003,1.006149e+002
1.985357e+003,1.005921e+002
1.985839e+003,1.005684e+002
1.986321e+003,1.005420e+002
1.986803e+003,1.005000e+002
1.987285e+003,1.004249e+002
1.987767e+003,1.003046e+002
1.988250e+003,1.001385e+002
1.988732e+003,9.994105e+001
1.989214e+003,9.973914e+001
1.989696e+003,9.956566e+001
1.990178e+003,9.945023e+001
1.990660e+003,9.941238e+001
1.991142e+003,9.945731e+001
1.991624e+003,9.957616e+001
1.992106e+003,9.974793e+001
1.992589e+003,9.994340e+001
1.993071e+003,1.001301e+002
1.993553e+003,1.002785e+002
1.994035e+003,1.003660e+002
1.994517e+003,1.003826e+002
1.994999e+003,1.003311e+002
1.995481e+003,1.002253e+002
1.995963e+003,1.000875e+002
1.996446e+003,9.994236e+001
1.996928e+003,9.981201e+001
1.997410e+003,9.971013e+001
1.997892e+003,9.963891e+001
1.998374e+003,9.959119e+001
1.998856e+003,9.955543e+001
1.999338e+003,9.952301e+001
1.999820e+003,9.949173e+001
2.000302e+003,9.946666e+001
2.000785e+003,9.945623e+001
2.001267e+003,9.946571e+001
2.001749e+003,9.949203e+001
2.002231e+003,9.952347e+001
2.002713e+003,9.954366e+001
2.003195e+003,9.954005e+001
2.003677e+003,9.951105e+001
2.004159e+003,9.947163e+001
2.004642e+003,9.945217e+001
2.005124e+003,9.949091e+001
2.005606e+003,9.962080e+001
2.006088e+003,9.985786e+001
2.006570e+003,1.001926e+002
2.007052e+003,1.005899e+002
2.007534e+003,1.009949e+002
2.008016e+003,1.013436e+002
2.008499e+003,1.015763e+002
2.008980e+003,1.016524e+002
2.009463e+003,1.015582e+002
2.009945e+003,1.013093e+002
2.010427e+003,1.009435e+002
2.010909e+003,1.005109e+002
2.011391e+003,1.000637e+002
2.011873e+003,9.964884e+001
2.012355e+003,9.930203e+001
2.012837e+003,9.904226e+001
2.013320e+003,9.886784e+001
2.013802e+003,9.876031e+001
2.014284e+003,9.869115e+001
2.014766e+003,9.863309e+001
2.015248e+003,9.856823e+001
2.015730e+003,9.849411e+001
2.016212e+003,9.842337e+001
2.016694e+003,9.837814e+001
2.017177e+003,9.838042e+001
2.017659e+003,9.844457e+001
2.018141e+003,9.857215e+001
2.018623e+003,9.875352e+001
2.019105e+003,9.897128e+001
2.019587e+003,9.920483e+001
2.020069e+003,9.943378e+001
2.020551e+003,9.964022e+001
2.021033e+003,9.980936e+001
2.021516e+003,9.993243e+001
2.021998e+003,1.000064e+002
2.022480e+003,1.000362e+002
2.022962e+003,1.000331e+002
2.023444e+003,1.000136e+002
2.023926e+003,9.999660e+001
2.024408e+003,9.999763e+001
2.024890e+003,1.000232e+002
2.025373e+003,1.000685e+002
2.025855e+003,1.001169e+002
2.026337e+003,1.001461e+002
2.026819e+003,1.001336e+002
2.027301e+003,1.000654e+002
2.027783e+003,9.994193e+001
2.028265e+003,9.977978e+001
2.028747e+003,9.960802e+001
2.029229e+003,9.946058e+001
2.029712e+003,9.936610e+001
2.030194e+003,9.934245e+001
2.030676e+003,9.939264e+001
2.031158e+003,9.950677e+001
2.031640e+003,9.966514e+001
2.032122e+003,9.984342e+001
2.032604e+003,1.000177e+002
2.033086e+003,1.001708e+002
2.033569e+003,1.002939e+002
2.034051e+003,1.003870e+002
2.034533e+003,1.004541e+002
2.035015e+003,1.005003e+002
2.035497e+003,1.005279e+002
2.035979e+003,1.005355e+002
2.036461e+003,1.005182e+002
2.036943e+003,1.004710e+002
2.037426e+003,1.003900e+002
2.037907e+003,1.002745e+002
2.038390e+003,1.001272e+002
2.038872e+003,9.995451e+001
2.039354e+003,9.976612e+001
2.039836e+003,9.957544e+001
2.040318e+003,9.939797e+001
2.040800e+003,9.925190e+001
2.041282e+003,9.915560e+001
2.041764e+003,9.912631e+001
2.042247e+003,9.917546e+001
2.042729e+003,9.930432e+001
2.043211e+003,9.949970e+001
2.043693e+003,9.973282e+001
2.044175e+003,9.996326e+001
2.044657e+003,1.001493e+002
2.045139e+003,1.002593e+002
2.045622e+003,1.002815e+002
2.046104e+003,1.002269e+002
2.046586e+003,1.001267e+002
2.047068e+003,1.000213e+002
2.047550e+003,9.994798e+001
2.048032e+003,9.992753e+001
2.048514e+003,9.995895e+001
2.048996e+003,1.000224e+002
2.049479e+003,1.000900e+002
2.049960e+003,1.001367e+002
2.050443e+003,1.001494e+002
2.050925e+003,1.001286e+002
2.051407e+003,1.000854e+002
2.051889e+003,1.000347e+002
2.052371e+003,9.998944e+001
2.052853e+003,9.995619e+001
2.053335e+003,9.993473e+001
2.053817e+003,9.992007e+001
2.054300e+003,9.990623e+001
2.054782e+003,9.989034e+001
2.055264e+003,9.987424e+001
2.055746e+003,9.986346e+001
2.056228e+003,9.986530e+001
2.056710e+003,9.988477e+001
2.057192e+003,9.992299e+001
2.057674e+003,9.997589e+001
2.058156e+003,1.000352e+002
2.058639e+003,1.000908e+002
2.059121e+003,1.001328e+002
2.059603e+003,1.001541e+002
2.060085e+003,1.001518e+002
2.060567e+003,1.001267e+002
2.061049e+003,1.000823e+002
2.061531e+003,1.000231e+002
2.062013e+003,9.995343e+001
2.062496e+003,9.987661e+001
2.062978e+003,9.979522e+001
2.063460e+003,9.971189e+001
2.063942e+003,9.963053e+001
2.064424e+003,9.955691e+001
2.064906e+003,9.949901e+001
2.065388e+003,9.946537e+001
2.065870e+003,9.946323e+001
2.066353e+003,9.949625e+001
2.066835e+003,9.956268e+001
2.067317e+003,9.965510e+001
2.067799e+003,9.976228e+001
2.068281e+003,9.987189e+001
2.068763e+003,9.997348e+001
2.069245e+003,1.000604e+002
2.069727e+003,1.001302e+002
2.070209e+003,1.001832e+002
2.070692e+003,1.002217e+002
2.071174e+003,1.002469e+002
2.071656e+003,1.002591e+002
2.072138e+003,1.002568e+002
2.072620e+003,1.002383e+002
2.073102e+003,1.002027e+002
2.073584e+003,1.001502e+002
2.074066e+003,1.000833e+002
2.074549e+003,1.000066e+002
2.075031e+003,9.992550e+001
2.075513e+003,9.984659e+001
2.075995e+003,9.977681e+001
2.076477e+003,9.972322e+001
2.076959e+003,9.969151e+001
2.077441e+003,9.968497e+001
2.077923e+003,9.970292e+001
2.078406e+003,9.973974e+001
2.078887e+003,9.978531e+001
2.079370e+003,9.982755e+001
2.079852e+003,9.985522e+001
2.080334e+003,9.986132e+001
2.080816e+003,9.984429e+001
2.081298e+003,9.980799e+001
2.081780e+003,9.975973e+001
2.082262e+003,9.970763e+001
2.082744e+003,9.965789e+001
2.083227e+003,9.961422e+001
2.083709e+003,9.957834e+001
2.084191e+003,9.955173e+001
2.084673e+003,9.953683e+001
2.085155e+003,9.953716e+001
2.085637e+003,9.955593e+001
2.086119e+003,9.959368e+001
2.086601e+003,9.964601e+001
2.087083e+003,9.970358e+001
2.087566e+003,9.975399e+001
2.088048e+003,9.978559e+001
2.088530e+003,9.979121e+001
2.089012e+003,9.977116e+001
2.089494e+003,9.973358e+001
2.089976e+003,9.969252e+001
2.090458e+003,9.966349e+001
2.090940e+003,9.965923e+001
2.091423e+003,9.968610e+001
2.091905e+003,9.974278e+001
2.092387e+003,9.982061e+001
2.092869e+003,9.990575e+001
2.093351e+003,9.998209e+001
2.093833e+003,1.000343e+002
2.094315e+003,1.000507e+002
2.094797e+003,1.000264e+002
2.095280e+003,9.996402e+001
2.095762e+003,9.987405e+001
2.096244e+003,9.977259e+001
2.096726e+003,9.967814e+001
2.097208e+003,9.960778e+001
2.097690e+003,9.957333e+001
2.098172e+003,9.957890e+001
2.098654e+003,9.962104e+001
2.099136e+003,9.969099e+001
2.099619e+003,9.977699e+001
2.100101e+003,9.986759e+001
2.100583e+003,9.995358e+001
2.101065e+003,1.000285e+002
2.101547e+003,1.000876e+002
2.102029e+003,1.001264e+002
2.102511e+003,1.001401e+002
2.102993e+003,1.001240e+002
2.103476e+003,1.000749e+002
2.103958e+003,9.999331e+001
2.104440e+003,9.988372e+001
2.104922e+003,9.975504e+001
2.105404e+003,9.961886e+001
2.105886e+003,9.948668e+001
2.106368e+003,9.936836e+001
2.106850e+003,9.927116e+001
2.107333e+003,9.920018e+001
2.107814e+003,9.915923e+001
2.108297e+003,9.915121e+001
2.108779e+003,9.917751e+001
2.109261e+003,9.923642e+001
2.109743e+003,9.932169e+001
2.110225e+003,9.942255e+001
2.110707e+003,9.952513e+001
2.111189e+003,9.961558e+001
2.111671e+003,9.968301e+001
2.112154e+003,9.972166e+001
2.112636e+003,9.973144e+001
2.113118e+003,9.971648e+001
2.113600e+003,9.968285e+001
2.114082e+003,9.963694e+001
2.114564e+003,9.958427e+001
2.115046e+003,9.953039e+001
2.115528e+003,9.948128e+001
2.116010e+003,9.944359e+001
2.116493e+003,9.942351e+001
2.116975e+003,9.942465e+001
2.117457e+003,9.944548e+001
2.117939e+003,9.947886e+001
2.118421e+003,9.951336e+001
2.118903e+003,9.953719e+001
2.119385e+003,9.954196e+001
2.119867e+003,9.952580e+001
2.120350e+003,9.949380e+001
2.120832e+003,9.945542e+001
2.121314e+003,9.942004e+001
2.121796e+003,9.939333e+001
2.122278e+003,9.937536e+001
2.122760e+003,9.936214e+001
2.123242e+003,9.934865e+001
2.123724e+003,9.933266e+001
2.124207e+003,9.931644e+001
2.124689e+003,9.930554e+001
2.125171e+003,9.930533e+001
2.125653e+003,9.931763e+001
2.126135e+003,9.933862e+001
2.126617e+003,9.936067e+001
2.127099e+003,9.937593e+001
2.127581e+003,9.938122e+001
2.128063e+003,9.938067e+001
2.128546e+003,9.938490e+001
2.129028e+003,9.940566e+001
2.129510e+003,9.945015e+001
2.129992e+003,9.951526e+001
2.130474e+003,9.958710e+001
2.130956e+003,9.964446e+001
2.131438e+003,9.966618e+001
2.131920e+003,9.963900e+001
2.132403e+003,9.956310e+001
2.132885e+003,9.945152e+001
2.133367e+003,9.932552e+001
2.133849e+003,9.920597e+001
2.134331e+003,9.910680e+001
2.134813e+003,9.903188e+001
2.135295e+003,9.897707e+001
2.135777e+003,9.893588e+001
2.136260e+003,9.890453e+001
2.136741e+003,9.888400e+001
2.137224e+003,9.887868e+001
2.137706e+003,9.889192e+001
2.138188e+003,9.892226e+001
2.138670e+003,9.896119e+001
2.139152e+003,9.899552e+001
2.139634e+003,9.901194e+001
2.140116e+003,9.900211e+001
2.140598e+003,9.896490e+001
2.141081e+003,9.890645e+001
2.141563e+003,9.883535e+001
2.142045e+003,9.875864e+001
2.142527e+003,9.867823e+001
2.143009e+003,9.859164e+001
2.143491e+003,9.849540e+001
2.143973e+003,9.838995e+001
2.144455e+003,9.828217e+001
2.144938e+003,9.818630e+001
2.145420e+003,9.811963e+001
2.145902e+003,9.809769e+001
2.146384e+003,9.812865e+001
2.146866e+003,9.821040e+001
2.147348e+003,9.833116e+001
2.147830e+003,9.847269e+001
2.148312e+003,9.861566e+001
2.148794e+003,9.874500e+001
2.149277e+003,9.885296e+001
2.149759e+003,9.893920e+001
2.150241e+003,9.900724e+001
2.150723e+003,9.906129e+001
2.151205e+003,9.910375e+001
2.151687e+003,9.913463e+001
2.152169e+003,9.915198e+001
2.152651e+003,9.915518e+001
2.153134e+003,9.914533e+001
2.153616e+003,9.912525e+001
2.154098e+003,9.909718e+001
2.154580e+003,9.906004e+001
2.155062e+003,9.900791e+001
2.155544e+003,9.893086e+001
2.156026e+003,9.881849e+001
2.156508e+003,9.866798e+001
2.156990e+003,9.848991e+001
2.157473e+003,9.831262e+001
2.157955e+003,9.817677e+001
2.158437e+003,9.812293e+001
2.158919e+003,9.817397e+001
2.159401e+003,9.832138e+001
2.159883e+003,9.852268e+001
2.160365e+003,9.871770e+001
2.160847e+003,9.884914e+001
2.161330e+003,9.888354e+001
2.161812e+003,9.881882e+001
2.162294e+003,9.868201e+001
2.162776e+003,9.851691e+001
2.163258e+003,9.836820e+001
2.163740e+003,9.826459e+001
2.164222e+003,9.821140e+001
2.164704e+003,9.819126e+001
2.165187e+003,9.817705e+001
2.165668e+003,9.814447e+001
2.166151e+003,9.808471e+001
2.166633e+003,9.800836e+001
2.167115e+003,9.794048e+001
2.167597e+003,9.790849e+001
2.168079e+003,9.793141e+001
2.168561e+003,9.801186e+001
2.169043e+003,9.813707e+001
2.169525e+003,9.828397e+001
2.170008e+003,9.842802e+001
2.170490e+003,9.855087e+001
2.170972e+003,9.864462e+001
2.171454e+003,9.871130e+001
2.171936e+003,9.875976e+001
2.172418e+003,9.880026e+001
2.172900e+003,9.884168e+001
2.173382e+003,9.888912e+001
2.173865e+003,9.894540e+001
2.174347e+003,9.901109e+001
2.174829e+003,9.908492e+001
2.175311e+003,9.916113e+001
2.175793e+003,9.922979e+001
2.176275e+003,9.927640e+001
2.176757e+003,9.928662e+001
2.177239e+003,9.925079e+001
2.177721e+003,9.917027e+001
2.178204e+003,9.906026e+001
2.178686e+003,9.894862e+001
2.179168e+003,9.886844e+001
2.179650e+003,9.884958e+001
2.180132e+003,9.890836e+001
2.180614e+003,9.904299e+001
2.181096e+003,9.923354e+001
2.181578e+003,9.944756e+001
2.182061e+003,9.965001e+001
2.182543e+003,9.981345e+001
2.183025e+003,9.992402e+001
2.183507e+003,9.998391e+001
2.183989e+003,1.000058e+002
2.184471e+003,1.000062e+002
2.184953e+003,9.999690e+001
2.185435e+003,9.998177e+001
2.185917e+003,9.995622e+001
2.186400e+003,9.991068e+001
2.186882e+003,9.983538e+001
2.187364e+003,9.972617e+001
2.187846e+003,9.958710e+001
2.188328e+003,9.943124e+001
2.188810e+003,9.927771e+001
2.189292e+003,9.914732e+001
2.189774e+003,9.905801e+001
2.190257e+003,9.902010e+001
2.190739e+003,9.903310e+001
2.191221e+003,9.908724e+001
2.191703e+003,9.916587e+001
2.192185e+003,9.925114e+001
2.192667e+003,9.932851e+001
2.193149e+003,9.938972e+001
2.193631e+003,9.943367e+001
2.194114e+003,9.946481e+001
2.194595e+003,9.948994e+001
2.195078e+003,9.951566e+001
2.195560e+003,9.954624e+001
2.196042e+003,9.958372e+001
2.196524e+003,9.962860e+001
2.197006e+003,9.968035e+001
2.197488e+003,9.973825e+001
2.197970e+003,9.980029e+001
2.198452e+003,9.986192e+001
2.198935e+003,9.991608e+001
2.199417e+003,9.995353e+001
2.199899e+003,9.996561e+001
2.200381e+003,9.994630e+001
2.200863e+003,9.989509e+001
2.201345e+003,9.981779e+001
2.201827e+003,9.972550e+001
2.202309e+003,9.963165e+001
2.202792e+003,9.954904e+001
2.203274e+003,9.948679e+001
2.203756e+003,9.944968e+001
2.204238e+003,9.943762e+001
2.204720e+003,9.944672e+001
2.205202e+003,9.946989e+001
2.205684e+003,9.949762e+001
2.206166e+003,9.951820e+001
2.206648e+003,9.952020e+001
2.207131e+003,9.949457e+001
2.207613e+003,9.943793e+001
2.208095e+003,9.935466e+001
2.208577e+003,9.925716e+001
2.209059e+003,9.916335e+001
2.209541e+003,9.909174e+001
2.210023e+003,9.905526e+001
2.210505e+003,9.905749e+001
2.210988e+003,9.909132e+001
2.211470e+003,9.914231e+001
2.211952e+003,9.919383e+001
2.212434e+003,9.923280e+001
2.212916e+003,9.925308e+001
2.213398e+003,9.925591e+001
2.213880e+003,9.924615e+001
2.214362e+003,9.922871e+001
2.214844e+003,9.920476e+001
2.215327e+003,9.917191e+001
2.215809e+003,9.912614e+001
2.216291e+003,9.906645e+001
2.216773e+003,9.899801e+001
2.217255e+003,9.893291e+001
2.217737e+003,9.888660e+001
2.218219e+003,9.887307e+001
2.218701e+003,9.889904e+001
2.219184e+003,9.896150e+001
2.219666e+003,9.904781e+001
2.220148e+003,9.913988e+001
2.220630e+003,9.921976e+001
2.221112e+003,9.927496e+001
2.221594e+003,9.930087e+001
2.222076e+003,9.930154e+001
2.222558e+003,9.928593e+001
2.223041e+003,9.926552e+001
2.223522e+003,9.925024e+001
2.224005e+003,9.924742e+001
2.224487e+003,9.926078e+001
2.224969e+003,9.929134e+001
2.225451e+003,9.933649e+001
2.225933e+003,9.939053e+001
2.226415e+003,9.944427e+001
2.226897e+003,9.948616e+001
2.227379e+003,9.950417e+001
2.227862e+003,9.948921e+001
2.228344e+003,9.943855e+001
2.228826e+003,9.935842e+001
2.229308e+003,9.926327e+001
2.229790e+003,9.917286e+001
2.230272e+003,9.910445e+001
2.230754e+003,9.907371e+001
2.231236e+003,9.908575e+001
2.231719e+003,9.913507e+001
2.232201e+003,9.920748e+001
2.232683e+003,9.928481e+001
2.233165e+003,9.935065e+001
2.233647e+003,9.939574e+001
2.234129e+003,9.942000e+001
2.234611e+003,9.943146e+001
2.235093e+003,9.944130e+001
2.235575e+003,9.945898e+001
2.236058e+003,9.948753e+001
2.236540e+003,9.952246e+001
2.237022e+003,9.955370e+001
2.237504e+003,9.957005e+001
2.237986e+003,9.956431e+001
2.238468e+003,9.953643e+001
2.238950e+003,9.949364e+001
2.239432e+003,9.944772e+001
2.239915e+003,9.941059e+001
2.240397e+003,9.939046e+001
2.240879e+003,9.938945e+001
2.241361e+003,9.940461e+001
2.241843e+003,9.943043e+001
2.242325e+003,9.946230e+001
2.242807e+003,9.949857e+001
2.243289e+003,9.954015e+001
2.243771e+003,9.958855e+001
2.244254e+003,9.964294e+001
2.244736e+003,9.969790e+001
2.245218e+003,9.974416e+001
2.245700e+003,9.977132e+001
2.246182e+003,9.977200e+001
2.246664e+003,9.974520e+001
2.247146e+003,9.969772e+001
2.247628e+003,9.964235e+001
2.248111e+003,9.959389e+001
2.248593e+003,9.956395e+001
2.249075e+003,9.955739e+001
2.249557e+003,9.957101e+001
2.250039e+003,9.959555e+001
2.250521e+003,9.961919e+001
2.251003e+003,9.963203e+001
2.251485e+003,9.962923e+001
2.251968e+003,9.961218e+001
2.252449e+003,9.958754e+001
2.252932e+003,9.956514e+001
2.253414e+003,9.955495e+001
2.253896e+003,9.956505e+001
2.254378e+003,9.959996e+001
2.254860e+003,9.965981e+001
2.255342e+003,9.974031e+001
2.255824e+003,9.983324e+001
2.256306e+003,9.992702e+001
2.256789e+003,1.000089e+002
2.257271e+003,1.000672e+002
2.257753e+003,1.000945e+002
2.258235e+003,1.000892e+002
2.258717e+003,1.000565e+002
2.259199e+003,1.000077e+002
2.259681e+003,9.995696e+001
2.260163e+003,9.991740e+001
2.260646e+003,9.989764e+001
2.261128e+003,9.989944e+001
2.261610e+003,9.991763e+001
2.262092e+003,9.994226e+001
2.262574e+003,9.996206e+001
2.263056e+003,9.996827e+001
2.263538e+003,9.995738e+001
2.264020e+003,9.993192e+001
2.264502e+003,9.989960e+001
2.264985e+003,9.987074e+001
2.265467e+003,9.985527e+001
2.265949e+003,9.986018e+001
2.266431e+003,9.988802e+001
2.266913e+003,9.993694e+001
2.267395e+003,1.000019e+002
2.267877e+003,1.000761e+002
2.268359e+003,1.001535e+002
2.268842e+003,1.002291e+002
2.269324e+003,1.002998e+002
2.269806e+003,1.003633e+002
2.270288e+003,1.004178e+002
2.270770e+003,1.004604e+002
2.271252e+003,1.004880e+002
2.271734e+003,1.004974e+002
2.272216e+003,1.004872e+002
2.272698e+003,1.004590e+002
2.273181e+003,1.004175e+002
2.273663e+003,1.003698e+002
2.274145e+003,1.003232e+002
2.274627e+003,1.002830e+002
2.275109e+003,1.002509e+002
2.275591e+003,1.002247e+002
2.276073e+003,1.002001e+002
2.276555e+003,1.001733e+002
2.277038e+003,1.001437e+002
2.277520e+003,1.001150e+002
2.278002e+003,1.000954e+002
2.278484e+003,1.000942e+002
2.278966e+003,1.001183e+002
2.279448e+003,1.001697e+002
2.279930e+003,1.002432e+002
2.280412e+003,1.003283e+002
2.280895e+003,1.004115e+002
2.281376e+003,1.004806e+002
2.281859e+003,1.005279e+002
2.282341e+003,1.005512e+002
2.282823e+003,1.005537e+002
2.283305e+003,1.005418e+002
2.283787e+003,1.005228e+002
2.284269e+003,1.005025e+002
2.284751e+003,1.004849e+002
2.285233e+003,1.004724e+002
2.285716e+003,1.004663e+002
2.286198e+003,1.004671e+002
2.286680e+003,1.004752e+002
2.287162e+003,1.004895e+002
2.287644e+003,1.005077e+002
2.288126e+003,1.005264e+002
2.288608e+003,1.005415e+002
2.289090e+003,1.005493e+002
2.289573e+003,1.005477e+002
2.290055e+003,1.005364e+002
2.290537e+003,1.005168e+002
2.291019e+003,1.004914e+002
2.291501e+003,1.004634e+002
2.291983e+003,1.004359e+002
2.292465e+003,1.004121e+002
2.292947e+003,1.003955e+002
2.293429e+003,1.003892e+002
2.293912e+003,1.003956e+002
2.294394e+003,1.004156e+002
2.294876e+003,1.004472e+002
2.295358e+003,1.004858e+002
2.295840e+003,1.005244e+002
2.296322e+003,1.005558e+002
2.296804e+003,1.005740e+002
2.297286e+003,1.005762e+002
2.297769e+003,1.005640e+002
2.298251e+003,1.005423e+002
2.298733e+003,1.005182e+002
2.299215e+003,1.004994e+002
2.299697e+003,1.004913e+002
2.300179e+003,1.004968e+002
2.300661e+003,1.005159e+002
2.301143e+003,1.005454e+002
2.301625e+003,1.005808e+002
2.302108e+003,1.006167e+002
2.302590e+003,1.006479e+002
2.303072e+003,1.006708e+002
2.303554e+003,1.006835e+002
2.304036e+003,1.006864e+002
2.304518e+003,1.006814e+002
2.305000e+003,1.006714e+002
2.305482e+003,1.006592e+002
2.305965e+003,1.006469e+002
2.306447e+003,1.006354e+002
2.306929e+003,1.006252e+002
2.307411e+003,1.006170e+002
2.307893e+003,1.006123e+002
2.308375e+003,1.006134e+002
2.308857e+003,1.006225e+002
2.309339e+003,1.006407e+002
2.309822e+003,1.006666e+002
2.310303e+003,1.006962e+002
2.310786e+003,1.007234e+002
2.311268e+003,1.007426e+002
2.311750e+003,1.007503e+002
2.312232e+003,1.007469e+002
2.312714e+003,1.007364e+002
2.313196e+003,1.007249e+002
2.313678e+003,1.007181e+002
2.314160e+003,1.007190e+002
2.314643e+003,1.007276e+002
2.315125e+003,1.007408e+002
2.315607e+003,1.007554e+002
2.316089e+003,1.007703e+002
2.316571e+003,1.007874e+002
2.317053e+003,1.008116e+002
2.317535e+003,1.008487e+002
2.318017e+003,1.009031e+002
2.318500e+003,1.009764e+002
2.318982e+003,1.010668e+002
2.319464e+003,1.011700e+002
2.319946e+003,1.012811e+002
2.320428e+003,1.013959e+002
2.320910e+003,1.015106e+002
2.321392e+003,1.016215e+002
2.321874e+003,1.017226e+002
2.322356e+003,1.018050e+002
2.322839e+003,1.018581e+002
2.323321e+003,1.018714e+002
2.323803e+003,1.018386e+002
2.324285e+003,1.017596e+002
2.324767e+003,1.016413e+002
2.325249e+003,1.014966e+002
2.325731e+003,1.013406e+002
2.326213e+003,1.011882e+002
2.326696e+003,1.010523e+002
2.327178e+003,1.009422e+002
2.327660e+003,1.008639e+002
2.328142e+003,1.008196e+002
2.328624e+003,1.008080e+002
2.329106e+003,1.008243e+002
2.329588e+003,1.008613e+002
2.330070e+003,1.009109e+002
2.330552e+003,1.009649e+002
2.331035e+003,1.010170e+002
2.331517e+003,1.010632e+002
2.331999e+003,1.011030e+002
2.332481e+003,1.011387e+002
2.332963e+003,1.011736e+002
2.333445e+003,1.012092e+002
2.333927e+003,1.012436e+002
2.334409e+003,1.012697e+002
2.334892e+003,1.012758e+002
2.335374e+003,1.012463e+002
2.335856e+003,1.011642e+002
2.336338e+003,1.010168e+002
2.336820e+003,1.007996e+002
2.337302e+003,1.005211e+002
2.337784e+003,1.002044e+002
2.338266e+003,9.988463e+001
2.338749e+003,9.960114e+001
2.339230e+003,9.938915e+001
2.339713e+003,9.927181e+001
2.340195e+003,9.925537e+001
2.340677e+003,9.932840e+001
2.341159e+003,9.946502e+001
2.341641e+003,9.963264e+001
2.342123e+003,9.979971e+001
2.342605e+003,9.993891e+001
2.343087e+003,1.000293e+002
2.343570e+003,1.000625e+002
2.344052e+003,1.000518e+002
2.344534e+003,1.000300e+002
2.345016e+003,1.000327e+002
2.345498e+003,1.000789e+002
2.345980e+003,1.001637e+002
2.346462e+003,1.002641e+002
2.346944e+003,1.003547e+002
2.347427e+003,1.004193e+002
2.347909e+003,1.004542e+002
2.348391e+003,1.004666e+002
2.348873e+003,1.004688e+002
2.349355e+003,1.004733e+002
2.349837e+003,1.004890e+002
2.350319e+003,1.005186e+002
2.350801e+003,1.005574e+002
2.351283e+003,1.005930e+002
2.351766e+003,1.006107e+002
2.352248e+003,1.006035e+002
2.352730e+003,1.005797e+002
2.353212e+003,1.005585e+002
2.353694e+003,1.005569e+002
2.354176e+003,1.005840e+002
2.354658e+003,1.006430e+002
2.355140e+003,1.007361e+002
2.355623e+003,1.008640e+002
2.356105e+003,1.010167e+002
2.356587e+003,1.011611e+002
2.357069e+003,1.012466e+002
2.357551e+003,1.012352e+002
2.358033e+003,1.011353e+002
2.358515e+003,1.010085e+002
2.358997e+003,1.009277e+002
2.359479e+003,1.009124e+002
2.359962e+003,1.009005e+002
2.360444e+003,1.008154e+002
2.360926e+003,1.006444e+002
2.361408e+003,1.004374e+002
2.361890e+003,1.002557e+002
2.362372e+003,1.001435e+002
2.362854e+003,1.001173e+002
2.363336e+003,1.001565e+002
2.363819e+003,1.002188e+002
2.364301e+003,1.002666e+002
2.364783e+003,1.002845e+002
2.365265e+003,1.002760e+002
2.365747e+003,1.002583e+002
2.366229e+003,1.002521e+002
2.366711e+003,1.002737e+002
2.367193e+003,1.003280e+002
2.367676e+003,1.004078e+002
2.368157e+003,1.005001e+002
2.368640e+003,1.005927e+002
2.369122e+003,1.006776e+002
2.369604e+003,1.007505e+002
2.370086e+003,1.008093e+002
2.370568e+003,1.008512e+002
2.371050e+003,1.008725e+002
2.371532e+003,1.008689e+002
2.372014e+003,1.008380e+002
2.372497e+003,1.007808e+002
2.372979e+003,1.007026e+002
2.373461e+003,1.006108e+002
2.373943e+003,1.005132e+002
2.374425e+003,1.004161e+002
2.374907e+003,1.003234e+002
2.375389e+003,1.002370e+002
2.375872e+003,1.001583e+002
2.376354e+003,1.000902e+002
2.376836e+003,1.000359e+002
2.377318e+003,9.999980e+001
2.377800e+003,9.998615e+001
2.378282e+003,9.999683e+001
2.378764e+003,1.000307e+002
2.379246e+003,1.000832e+002
2.379729e+003,1.001474e+002
2.380210e+003,1.002159e+002
2.380693e+003,1.002827e+002
2.381175e+003,1.003440e+002
2.381657e+003,1.003987e+002
2.382139e+003,1.004471e+002
2.382621e+003,1.004903e+002
2.383103e+003,1.005285e+002
2.383585e+003,1.005612e+002
2.384067e+003,1.005875e+002
2.384550e+003,1.006068e+002
2.385032e+003,1.006202e+002
2.385514e+003,1.006304e+002
2.385996e+003,1.006416e+002
2.386478e+003,1.006577e+002
2.386960e+003,1.006814e+002
2.387442e+003,1.007123e+002
2.387924e+003,1.007472e+002
2.388406e+003,1.007811e+002
2.388889e+003,1.008085e+002
2.389371e+003,1.008256e+002
2.389853e+003,1.008305e+002
2.390335e+003,1.008241e+002
2.390817e+003,1.008086e+002
2.391299e+003,1.007864e+002
2.391781e+003,1.007591e+002
2.392263e+003,1.007273e+002
2.392746e+003,1.006913e+002
2.393228e+003,1.006516e+002
2.393710e+003,1.006101e+002
2.394192e+003,1.005695e+002
2.394674e+003,1.005333e+002
2.395156e+003,1.005040e+002
2.395638e+003,1.004826e+002
2.396120e+003,1.004682e+002
2.396603e+003,1.004584e+002
2.397085e+003,1.004506e+002
2.397567e+003,1.004426e+002
2.398049e+003,1.004338e+002
2.398531e+003,1.004241e+002
2.399013e+003,1.004140e+002
2.399495e+003,1.004032e+002
2.399977e+003,1.003909e+002
2.400459e+003,1.003771e+002
2.400942e+003,1.003591e+002
2.401424e+003,1.003365e+002
2.401906e+003,1.003104e+002
2.402388e+003,1.002836e+002
2.402870e+003,1.002597e+002
2.403352e+003,1.002420e+002
2.403834e+003,1.002325e+002
2.404316e+003,1.002308e+002
2.404799e+003,1.002346e+002
2.405281e+003,1.002405e+002
2.405763e+003,1.002445e+002
2.406245e+003,1.002434e+002
2.406727e+003,1.002356e+002
2.407209e+003,1.002207e+002
2.407691e+003,1.001997e+002
2.408173e+003,1.001742e+002
2.408656e+003,1.001468e+002
2.409137e+003,1.001198e+002
2.409620e+003,1.000961e+002
2.410102e+003,1.000781e+002
2.410584e+003,1.000674e+002
2.411066e+003,1.000644e+002
2.411548e+003,1.000679e+002
2.412030e+003,1.000752e+002
2.412512e+003,1.000831e+002
2.412994e+003,1.000886e+002
2.413477e+003,1.000900e+002
2.413959e+003,1.000875e+002
2.414441e+003,1.000827e+002
2.414923e+003,1.000786e+002
2.415405e+003,1.000779e+002
2.415887e+003,1.000831e+002
2.416369e+003,1.000952e+002
2.416851e+003,1.001143e+002
2.417333e+003,1.001400e+002
2.417816e+003,1.001714e+002
2.418298e+003,1.002071e+002
2.418780e+003,1.002455e+002
2.419262e+003,1.002840e+002
2.419744e+003,1.003192e+002
2.420226e+003,1.003472e+002
2.420708e+003,1.003644e+002
2.421190e+003,1.003683e+002
2.421673e+003,1.003587e+002
2.422155e+003,1.003381e+002
2.422637e+003,1.003113e+002
2.423119e+003,1.002843e+002
2.423601e+003,1.002635e+002
2.424083e+003,1.002533e+002
2.424565e+003,1.002558e+002
2.425047e+003,1.002701e+002
2.425530e+003,1.002924e+002
2.426012e+003,1.003170e+002
2.426494e+003,1.003377e+002
2.426976e+003,1.003491e+002
2.427458e+003,1.003482e+002
2.427940e+003,1.003346e+002
2.428422e+003,1.003105e+002
2.428904e+003,1.002803e+002
2.429386e+003,1.002487e+002
2.429869e+003,1.002197e+002
2.430351e+003,1.001956e+002
2.430833e+003,1.001766e+002
2.431315e+003,1.001616e+002
2.431797e+003,1.001487e+002
2.432279e+003,1.001366e+002
2.432761e+003,1.001250e+002
2.433243e+003,1.001148e+002
2.433726e+003,1.001071e+002
2.434208e+003,1.001032e+002
2.434690e+003,1.001034e+002
2.435172e+003,1.001074e+002
2.435654e+003,1.001145e+002
2.436136e+003,1.001242e+002
2.436618e+003,1.001368e+002
2.437100e+003,1.001530e+002
2.437583e+003,1.001732e+002
2.438064e+003,1.001969e+002
2.438547e+003,1.002223e+002
2.439029e+003,1.002460e+002
2.439511e+003,1.002644e+002
2.439993e+003,1.002743e+002
2.440475e+003,1.002746e+002
2.440957e+003,1.002667e+002
2.441439e+003,1.002536e+002
2.441921e+003,1.002394e+002
2.442404e+003,1.002277e+002
2.442886e+003,1.002207e+002
2.443368e+003,1.002191e+002
2.443850e+003,1.002220e+002
2.444332e+003,1.002284e+002
2.444814e+003,1.002373e+002
2.445296e+003,1.002481e+002
2.445778e+003,1.002605e+002
2.446260e+003,1.002740e+002
2.446743e+003,1.002877e+002
2.447225e+003,1.002999e+002
2.447707e+003,1.003092e+002
2.448189e+003,1.003145e+002
2.448671e+003,1.003158e+002
2.449153e+003,1.003139e+002
2.449635e+003,1.003104e+002
2.450117e+003,1.003064e+002
2.450600e+003,1.003031e+002
2.451082e+003,1.003004e+002
2.451564e+003,1.002979e+002
2.452046e+003,1.002952e+002
2.452528e+003,1.002918e+002
2.453010e+003,1.002878e+002
2.453492e+003,1.002836e+002
2.453974e+003,1.002798e+002
2.454457e+003,1.002775e+002
2.454939e+003,1.002780e+002
2.455421e+003,1.002830e+002
2.455903e+003,1.002948e+002
2.456385e+003,1.003155e+002
2.456867e+003,1.003460e+002
2.457349e+003,1.003859e+002
2.457831e+003,1.004322e+002
2.458313e+003,1.004798e+002
2.458796e+003,1.005230e+002
2.459278e+003,1.005561e+002
2.459760e+003,1.005754e+002
2.460242e+003,1.005802e+002
2.460724e+003,1.005721e+002
2.461206e+003,1.005547e+002
2.461688e+003,1.005319e+002
2.462170e+003,1.005074e+002
2.462653e+003,1.004833e+002
2.463135e+003,1.004615e+002
2.463617e+003,1.004433e+002
2.464099e+003,1.004301e+002
2.464581e+003,1.004234e+002
2.465063e+003,1.004241e+002
2.465545e+003,1.004318e+002
2.466027e+003,1.004444e+002
2.466510e+003,1.004585e+002
2.466992e+003,1.004708e+002
2.467474e+003,1.004787e+002
2.467956e+003,1.004820e+002
2.468438e+003,1.004822e+002
2.468920e+003,1.004823e+002
2.469402e+003,1.004846e+002
2.469884e+003,1.004897e+002
2.470366e+003,1.004957e+002
2.470849e+003,1.004987e+002
2.471331e+003,1.004943e+002
2.471813e+003,1.004789e+002
2.472295e+003,1.004515e+002
2.472777e+003,1.004137e+002
2.473259e+003,1.003693e+002
2.473741e+003,1.003230e+002
2.474223e+003,1.002789e+002
2.474706e+003,1.002399e+002
2.475188e+003,1.002072e+002
2.475670e+003,1.001808e+002
2.476152e+003,1.001596e+002
2.476634e+003,1.001423e+002
2.477116e+003,1.001273e+002
2.477598e+003,1.001128e+002
2.478080e+003,1.000974e+002
2.478563e+003,1.000797e+002
2.479044e+003,1.000591e+002
2.479527e+003,1.000360e+002
2.480009e+003,1.000118e+002
2.480491e+003,9.998821e+001
2.480973e+003,9.996709e+001
2.481455e+003,9.994952e+001
2.481937e+003,9.993573e+001
2.482419e+003,9.992519e+001
2.482901e+003,9.991715e+001
2.483384e+003,9.991139e+001
2.483866e+003,9.990822e+001
2.484348e+003,9.990863e+001
2.484830e+003,9.991365e+001
2.485312e+003,9.992384e+001
2.485794e+003,9.993885e+001
2.486276e+003,9.995744e+001
2.486758e+003,9.997771e+001
2.487240e+003,9.999780e+001
2.487723e+003,1.000159e+002
2.488205e+003,1.000306e+002
2.488687e+003,1.000408e+002
2.489169e+003,1.000453e+002
2.489651e+003,1.000436e+002
2.490133e+003,1.000357e+002
2.490615e+003,1.000228e+002
2.491097e+003,1.000079e+002
2.491580e+003,9.999487e+001
2.492062e+003,9.998769e+001
2.492544e+003,9.998911e+001
2.493026e+003,9.999979e+001
2.493508e+003,1.000177e+002
2.493990e+003,1.000390e+002
2.494472e+003,1.000596e+002
2.494954e+003,1.000765e+002
2.495437e+003,1.000892e+002
2.495919e+003,1.000996e+002
2.496401e+003,1.001107e+002
2.496883e+003,1.001253e+002
2.497365e+003,1.001438e+002
2.497847e+003,1.001643e+002
2.498329e+003,1.001829e+002
2.498811e+003,1.001952e+002
2.499293e+003,1.001983e+002
2.499776e+003,1.001920e+002
2.500258e+003,1.001792e+002
2.500740e+003,1.001641e+002
2.501222e+003,1.001510e+002
2.501704e+003,1.001417e+002
2.502186e+003,1.001351e+002
2.502668e+003,1.001274e+002
2.503150e+003,1.001136e+002
2.503633e+003,1.000899e+002
2.504115e+003,1.000558e+002
2.504597e+003,1.000149e+002
2.505079e+003,9.997430e+001
2.505561e+003,9.994231e+001
2.506043e+003,9.992645e+001
2.506525e+003,9.993082e+001
2.507007e+003,9.995479e+001
2.507490e+003,9.999324e+001
2.507971e+003,1.000382e+002
2.508454e+003,1.000812e+002
2.508936e+003,1.001157e+002
2.509418e+003,1.001384e+002
2.509900e+003,1.001495e+002
2.510382e+003,1.001517e+002
2.510864e+003,1.001482e+002
2.511346e+003,1.001416e+002
2.511828e+003,1.001324e+002
2.512311e+003,1.001202e+002
2.512793e+003,1.001040e+002
2.513275e+003,1.000842e+002
2.513757e+003,1.000632e+002
2.514239e+003,1.000453e+002
2.514721e+003,1.000352e+002
2.515203e+003,1.000360e+002
2.515685e+003,1.000482e+002
2.516167e+003,1.000687e+002
2.516650e+003,1.000921e+002
2.517132e+003,1.001125e+002
2.517614e+003,1.001257e+002
2.518096e+003,1.001309e+002
2.518578e+003,1.001303e+002
2.519060e+003,1.001279e+002
2.519542e+003,1.001275e+002
2.520024e+003,1.001309e+002
2.520507e+003,1.001372e+002
2.520989e+003,1.001431e+002
2.521471e+003,1.001451e+002
2.521953e+003,1.001415e+002
2.522435e+003,1.001328e+002
2.522917e+003,1.001224e+002
2.523399e+003,1.001147e+002
2.523881e+003,1.001134e+002
2.524364e+003,1.001197e+002
2.524846e+003,1.001322e+002
2.525328e+003,1.001475e+002
2.525810e+003,1.001617e+002
2.526292e+003,1.001718e+002
2.526774e+003,1.001771e+002
2.527256e+003,1.001785e+002
2.527738e+003,1.001779e+002
2.528220e+003,1.001769e+002
2.528703e+003,1.001761e+002
2.529185e+003,1.001749e+002
2.529667e+003,1.001723e+002
2.530149e+003,1.001678e+002
2.530631e+003,1.001618e+002
2.531113e+003,1.001556e+002
2.531595e+003,1.001513e+002
2.532077e+003,1.001503e+002
2.532560e+003,1.001534e+002
2.533042e+003,1.001599e+002
2.533524e+003,1.001685e+002
2.534006e+003,1.001775e+002
2.534488e+003,1.001853e+002
2.534970e+003,1.001907e+002
2.535452e+003,1.001931e+002
2.535934e+003,1.001922e+002
2.536417e+003,1.001885e+002
2.536898e+003,1.001835e+002
2.537381e+003,1.001795e+002
2.537863e+003,1.001797e+002
2.538345e+003,1.001869e+002
2.538827e+003,1.002029e+002
2.539309e+003,1.002266e+002
2.539791e+003,1.002542e+002
2.540273e+003,1.002792e+002
2.540755e+003,1.002942e+002
2.541238e+003,1.002938e+002
2.541720e+003,1.002758e+002
2.542202e+003,1.002431e+002
2.542684e+003,1.002021e+002
2.543166e+003,1.001609e+002
2.543648e+003,1.001264e+002
2.544130e+003,1.001020e+002
2.544612e+003,1.000864e+002
2.545094e+003,1.000749e+002
2.545577e+003,1.000613e+002
2.546059e+003,1.000406e+002
2.546541e+003,1.000115e+002
2.547023e+003,9.997695e+001
2.547505e+003,9.994321e+001
2.547987e+003,9.991759e+001
2.548469e+003,9.990601e+001
2.548951e+003,9.991094e+001
2.549434e+003,9.993055e+001
2.549916e+003,9.995947e+001
2.550398e+003,9.999037e+001
2.550880e+003,1.000164e+002
2.551362e+003,1.000330e+002
2.551844e+003,1.000386e+002
2.552326e+003,1.000348e+002
2.552808e+003,1.000254e+002
2.553291e+003,1.000147e+002
2.553773e+003,1.000060e+002
2.554255e+003,1.000005e+002
2.554737e+003,9.999736e+001
2.555219e+003,9.999432e+001
2.555701e+003,9.998901e+001
2.556183e+003,9.998032e+001
2.556665e+003,9.996925e+001
2.557147e+003,9.995897e+001
2.557630e+003,9.995370e+001
2.558112e+003,9.995717e+001
2.558594e+003,9.997094e+001
2.559076e+003,9.999329e+001
2.559558e+003,1.000192e+002
2.560040e+003,1.000418e+002
2.560522e+003,1.000545e+002
2.561004e+003,1.000527e+002
2.561487e+003,1.000359e+002
2.561969e+003,1.000074e+002
2.562451e+003,9.997321e+001
2.562933e+003,9.993993e+001
2.563415e+003,9.991268e+001
2.563897e+003,9.989350e+001
2.564379e+003,9.988120e+001
2.564861e+003,9.987228e+001
2.565344e+003,9.986269e+001
2.565825e+003,9.984953e+001
2.566308e+003,9.983224e+001
2.566790e+003,9.981264e+001
2.567272e+003,9.979409e+001
2.567754e+003,9.978027e+001
2.568236e+003,9.977381e+001
2.568718e+003,9.977553e+001
2.569200e+003,9.978448e+001
2.569682e+003,9.979849e+001
2.570165e+003,9.981519e+001
2.570647e+003,9.983257e+001
2.571129e+003,9.984951e+001
2.571611e+003,9.986578e+001
2.572093e+003,9.988165e+001
2.572575e+003,9.989748e+001
2.573057e+003,9.991341e+001
2.573539e+003,9.992936e+001
2.574021e+003,9.994514e+001
2.574504e+003,9.996059e+001
2.574986e+003,9.997572e+001
2.575468e+003,9.999055e+001
2.575950e+003,1.000050e+002
2.576432e+003,1.000186e+002
2.576914e+003,1.000301e+002
2.577396e+003,1.000380e+002
2.577878e+003,1.000405e+002
2.578361e+003,1.000363e+002
2.578843e+003,1.000254e+002
2.579325e+003,1.000087e+002
2.579807e+003,9.998875e+001
2.580289e+003,9.996832e+001
2.580771e+003,9.995026e+001
2.581253e+003,9.993629e+001
2.581735e+003,9.992677e+001
2.582218e+003,9.992049e+001
2.582700e+003,9.991528e+001
2.583182e+003,9.990890e+001
2.583664e+003,9.989982e+001
2.584146e+003,9.988772e+001
2.584628e+003,9.987353e+001
2.585110e+003,9.985892e+001
2.585592e+003,9.984552e+001
2.586074e+003,9.983430e+001
2.586557e+003,9.982519e+001
2.587039e+003,9.981734e+001
2.587521e+003,9.980984e+001
2.588003e+003,9.980235e+001
2.588485e+003,9.979572e+001
2.588967e+003,9.979182e+001
2.589449e+003,9.979317e+001
2.589931e+003,9.980173e+001
2.590414e+003,9.981805e+001
2.590896e+003,9.984069e+001
2.591378e+003,9.986617e+001
2.591860e+003,9.988982e+001
2.592342e+003,9.990695e+001
2.592824e+003,9.991420e+001
2.593306e+003,9.991045e+001
2.593788e+003,9.989726e+001
2.594271e+003,9.987817e+001
2.594752e+003,9.985789e+001
2.595235e+003,9.984113e+001
2.595717e+003,9.983132e+001
2.596199e+003,9.983007e+001
2.596681e+003,9.983704e+001
2.597163e+003,9.985043e+001
2.597645e+003,9.986780e+001
2.598127e+003,9.988663e+001
2.598609e+003,9.990510e+001
2.599092e+003,9.992214e+001
2.599574e+003,9.993722e+001
2.600056e+003,9.995009e+001
2.600538e+003,9.996030e+001
2.601020e+003,9.996726e+001
2.601502e+003,9.997002e+001
2.601984e+003,9.996784e+001
2.602466e+003,9.996057e+001
2.602948e+003,9.994905e+001
2.603431e+003,9.993498e+001
2.603913e+003,9.992102e+001
2.604395e+003,9.990992e+001
2.604877e+003,9.990424e+001
2.605359e+003,9.990555e+001
2.605841e+003,9.991433e+001
2.606323e+003,9.992990e+001
2.606805e+003,9.995057e+001
2.607288e+003,9.997414e+001
2.607770e+003,9.999829e+001
2.608252e+003,1.000210e+002
2.608734e+003,1.000406e+002
2.609216e+003,1.000564e+002
2.609698e+003,1.000680e+002
2.610180e+003,1.000760e+002
2.610662e+003,1.000813e+002
2.611145e+003,1.000855e+002
2.611627e+003,1.000903e+002
2.612109e+003,1.000973e+002
2.612591e+003,1.001076e+002
2.613073e+003,1.001214e+002
2.613555e+003,1.001379e+002
2.614037e+003,1.001554e+002
2.614519e+003,1.001714e+002
2.615001e+003,1.001834e+002
2.615484e+003,1.001893e+002
2.615966e+003,1.001883e+002
2.616448e+003,1.001811e+002
2.616930e+003,1.001696e+002
2.617412e+003,1.001573e+002
2.617894e+003,1.001478e+002
2.618376e+003,1.001444e+002
2.618858e+003,1.001489e+002
2.619341e+003,1.001618e+002
2.619823e+003,1.001819e+002
2.620305e+003,1.002065e+002
2.620787e+003,1.002329e+002
2.621269e+003,1.002581e+002
2.621751e+003,1.002802e+002
2.622233e+003,1.002979e+002
2.622715e+003,1.003111e+002
2.623198e+003,1.003199e+002
2.623679e+003,1.003250e+002
2.624162e+003,1.003272e+002
2.624644e+003,1.003276e+002
2.625126e+003,1.003274e+002
2.625608e+003,1.003281e+002
2.626090e+003,1.003310e+002
2.626572e+003,1.003369e+002
2.627054e+003,1.003457e+002
2.627536e+003,1.003562e+002
2.628019e+003,1.003663e+002
2.628501e+003,1.003739e+002
2.628983e+003,1.003774e+002
2.629465e+003,1.003765e+002
2.629947e+003,1.003725e+002
2.630429e+003,1.003676e+002
2.630911e+003,1.003647e+002
2.631393e+003,1.003661e+002
2.631875e+003,1.003732e+002
2.632358e+003,1.003857e+002
2.632840e+003,1.004029e+002
2.633322e+003,1.004230e+002
2.633804e+003,1.004448e+002
2.634286e+003,1.004671e+002
2.634768e+003,1.004891e+002
2.635250e+003,1.005102e+002
2.635732e+003,1.005294e+002
2.636215e+003,1.005457e+002
2.636697e+003,1.005579e+002
2.637179e+003,1.005654e+002
2.637661e+003,1.005683e+002
2.638143e+003,1.005677e+002
2.638625e+003,1.005648e+002
2.639107e+003,1.005606e+002
2.639589e+003,1.005554e+002
2.640072e+003,1.005484e+002
2.640554e+003,1.005381e+002
2.641036e+003,1.005230e+002
2.641518e+003,1.005025e+002
2.642000e+003,1.004776e+002
2.642482e+003,1.004509e+002
2.642964e+003,1.004260e+002
2.643446e+003,1.004068e+002
2.643928e+003,1.003961e+002
2.644411e+003,1.003954e+002
2.644893e+003,1.004039e+002
2.645375e+003,1.004195e+002
2.645857e+003,1.004391e+002
2.646339e+003,1.004593e+002
2.646821e+003,1.004772e+002
2.647303e+003,1.004911e+002
2.647785e+003,1.005000e+002
2.648268e+003,1.005045e+002
2.648750e+003,1.005058e+002
2.649232e+003,1.005057e+002
2.649714e+003,1.005060e+002
2.650196e+003,1.005077e+002
2.650678e+003,1.005110e+002
2.651160e+003,1.005145e+002
2.651642e+003,1.005162e+002
2.652125e+003,1.005136e+002
2.652606e+003,1.005051e+002
2.653089e+003,1.004904e+002
2.653571e+003,1.004711e+002
2.654053e+003,1.004502e+002
2.654535e+003,1.004316e+002
2.655017e+003,1.004185e+002
2.655499e+003,1.004130e+002
2.655981e+003,1.004153e+002
2.656463e+003,1.004239e+002
2.656946e+003,1.004364e+002
2.657428e+003,1.004505e+002
2.657910e+003,1.004643e+002
2.658392e+003,1.004769e+002
2.658874e+003,1.004882e+002
2.659356e+003,1.004984e+002
2.659838e+003,1.005074e+002
2.660320e+003,1.005151e+002
2.660802e+003,1.005210e+002
2.661285e+003,1.005247e+002
2.661767e+003,1.005261e+002
2.662249e+003,1.005258e+002
2.662731e+003,1.005247e+002
2.663213e+003,1.005236e+002
2.663695e+003,1.005230e+002
2.664177e+003,1.005230e+002
2.664659e+003,1.005233e+002
2.665142e+003,1.005235e+002
2.665624e+003,1.005235e+002
2.666106e+003,1.005237e+002
2.666588e+003,1.005247e+002
2.667070e+003,1.005275e+002
2.667552e+003,1.005328e+002
2.668034e+003,1.005411e+002
2.668516e+003,1.005524e+002
2.668999e+003,1.005665e+002
2.669481e+003,1.005827e+002
2.669963e+003,1.006005e+002
2.670445e+003,1.006192e+002
2.670927e+003,1.006378e+002
2.671409e+003,1.006554e+002
2.671891e+003,1.006709e+002
2.672373e+003,1.006834e+002
2.672855e+003,1.006923e+002
2.673338e+003,1.006973e+002
2.673820e+003,1.006988e+002
2.674302e+003,1.006974e+002
2.674784e+003,1.006936e+002
2.675266e+003,1.006874e+002
2.675748e+003,1.006784e+002
2.676230e+003,1.006661e+002
2.676712e+003,1.006496e+002
2.677195e+003,1.006286e+002
2.677677e+003,1.006034e+002
2.678159e+003,1.005749e+002
2.678641e+003,1.005446e+002
2.679123e+003,1.005144e+002
2.679605e+003,1.004858e+002
2.680087e+003,1.004604e+002
2.680569e+003,1.004386e+002
2.681052e+003,1.004209e+002
2.681533e+003,1.004065e+002
2.682016e+003,1.003948e+002
2.682498e+003,1.003846e+002
2.682980e+003,1.003748e+002
2.683462e+003,1.003646e+002
2.683944e+003,1.003535e+002
2.684426e+003,1.003416e+002
2.684908e+003,1.003296e+002
2.685390e+003,1.003177e+002
2.685873e+003,1.003065e+002
2.686355e+003,1.002960e+002
2.686837e+003,1.002857e+002
2.687319e+003,1.002753e+002
2.687801e+003,1.002648e+002
2.688283e+003,1.002550e+002
2.688765e+003,1.002472e+002
2.689247e+003,1.002430e+002
2.689729e+003,1.002439e+002
2.690212e+003,1.002501e+002
2.690694e+003,1.002609e+002
2.691176e+003,1.002743e+002
2.691658e+003,1.002876e+002
2.692140e+003,1.002986e+002
2.692622e+003,1.003055e+002
2.693104e+003,1.003080e+002
2.693586e+003,1.003067e+002
2.694069e+003,1.003027e+002
2.694551e+003,1.002974e+002
2.695033e+003,1.002919e+002
2.695515e+003,1.002872e+002
2.695997e+003,1.002841e+002
2.696479e+003,1.002835e+002
2.696961e+003,1.002863e+002
2.697443e+003,1.002931e+002
2.697926e+003,1.003036e+002
2.698408e+003,1.003168e+002
2.698890e+003,1.003306e+002
2.699372e+003,1.003427e+002
2.699854e+003,1.003511e+002
2.700336e+003,1.003552e+002
2.700818e+003,1.003557e+002
2.701300e+003,1.003546e+002
2.701782e+003,1.003541e+002
2.702265e+003,1.003562e+002
2.702747e+003,1.003616e+002
2.703229e+003,1.003697e+002
2.703711e+003,1.003791e+002
2.704193e+003,1.003883e+002
2.704675e+003,1.003963e+002
2.705157e+003,1.004030e+002
2.705639e+003,1.004088e+002
2.706122e+003,1.004143e+002
2.706604e+003,1.004198e+002
2.707086e+003,1.004249e+002
2.707568e+003,1.004289e+002
2.708050e+003,1.004318e+002
2.708532e+003,1.004338e+002
2.709014e+003,1.004365e+002
2.709496e+003,1.004415e+002
2.709979e+003,1.004504e+002
2.710461e+003,1.004635e+002
2.710943e+003,1.004797e+002
2.711425e+003,1.004965e+002
2.711907e+003,1.005106e+002
2.712389e+003,1.005193e+002
2.712871e+003,1.005211e+002
2.713353e+003,1.005163e+002
2.713835e+003,1.005064e+002
2.714318e+003,1.004941e+002
2.714800e+003,1.004818e+002
2.715282e+003,1.004713e+002
2.715764e+003,1.004637e+002
2.716246e+003,1.004591e+002
2.716728e+003,1.004574e+002
2.717210e+003,1.004585e+002
2.717692e+003,1.004622e+002
2.718175e+003,1.004684e+002
2.718656e+003,1.004764e+002
2.719139e+003,1.004854e+002
2.719621e+003,1.004943e+002
2.720103e+003,1.005020e+002
2.720585e+003,1.005076e+002
2.721067e+003,1.005110e+002
2.721549e+003,1.005126e+002
2.722031e+003,1.005134e+002
2.722513e+003,1.005141e+002
2.722996e+003,1.005155e+002
2.723478e+003,1.005179e+002
2.723960e+003,1.005211e+002
2.724442e+003,1.005248e+002
2.724924e+003,1.005287e+002
2.725406e+003,1.005326e+002
2.725888e+003,1.005366e+002
2.726370e+003,1.005409e+002
2.726853e+003,1.005458e+002
2.727335e+003,1.005516e+002
2.727817e+003,1.005582e+002
2.728299e+003,1.005656e+002
2.728781e+003,1.005735e+002
2.729263e+003,1.005813e+002
2.729745e+003,1.005886e+002
2.730227e+003,1.005950e+002
2.730709e+003,1.006002e+002
2.731192e+003,1.006042e+002
2.731674e+003,1.006074e+002
2.732156e+003,1.006101e+002
2.732638e+003,1.006128e+002
2.733120e+003,1.006155e+002
2.733602e+003,1.006181e+002
2.734084e+003,1.006201e+002
2.734566e+003,1.006210e+002
2.735049e+003,1.006204e+002
2.735531e+003,1.006186e+002
2.736013e+003,1.006158e+002
2.736495e+003,1.006125e+002
2.736977e+003,1.006092e+002
2.737459e+003,1.006056e+002
2.737941e+003,1.006012e+002
2.738423e+003,1.005952e+002
2.738906e+003,1.005872e+002
2.739388e+003,1.005773e+002
2.739870e+003,1.005666e+002
2.740352e+003,1.005569e+002
2.740834e+003,1.005502e+002
2.741316e+003,1.005480e+002
2.741798e+003,1.005510e+002
2.742280e+003,1.005584e+002
2.742762e+003,1.005688e+002
2.743245e+003,1.005800e+002
2.743727e+003,1.005902e+002
2.744209e+003,1.005985e+002
2.744691e+003,1.006045e+002
2.745173e+003,1.006092e+002
2.745655e+003,1.006136e+002
2.746137e+003,1.006189e+002
2.746619e+003,1.006263e+002
2.747102e+003,1.006361e+002
2.747583e+003,1.006484e+002
2.748066e+003,1.006626e+002
2.748548e+003,1.006774e+002
2.749030e+003,1.006911e+002
2.749512e+003,1.007017e+002
2.749994e+003,1.007074e+002
2.750476e+003,1.007069e+002
2.750958e+003,1.007004e+002
2.751440e+003,1.006894e+002
2.751923e+003,1.006768e+002
2.752405e+003,1.006663e+002
2.752887e+003,1.006613e+002
2.753369e+003,1.006641e+002
2.753851e+003,1.006753e+002
2.754333e+003,1.006932e+002
2.754815e+003,1.007147e+002
2.755297e+003,1.007359e+002
2.755780e+003,1.007534e+002
2.756262e+003,1.007646e+002
2.756744e+003,1.007691e+002
2.757226e+003,1.007677e+002
2.757708e+003,1.007628e+002
2.758190e+003,1.007573e+002
2.758672e+003,1.007539e+002
2.759154e+003,1.007549e+002
2.759636e+003,1.007612e+002
2.760119e+003,1.007725e+002
2.760601e+003,1.007877e+002
2.761083e+003,1.008046e+002
2.761565e+003,1.008207e+002
2.762047e+003,1.008340e+002
2.762529e+003,1.008429e+002
2.763011e+003,1.008469e+002
2.763493e+003,1.008463e+002
2.763976e+003,1.008423e+002
2.764458e+003,1.008363e+002
2.764940e+003,1.008292e+002
2.765422e+003,1.008218e+002
2.765904e+003,1.008142e+002
2.766386e+003,1.008061e+002
2.766868e+003,1.007975e+002
2.767350e+003,1.007885e+002
2.767833e+003,1.007795e+002
2.768315e+003,1.007714e+002
2.768797e+003,1.007648e+002
2.769279e+003,1.007603e+002
2.769761e+003,1.007579e+002
2.770243e+003,1.007574e+002
2.770725e+003,1.007587e+002
2.771207e+003,1.007617e+002
2.771689e+003,1.007664e+002
2.772172e+003,1.007731e+002
2.772654e+003,1.007817e+002
2.773136e+003,1.007916e+002
2.773618e+003,1.008016e+002
2.774100e+003,1.008099e+002
2.774582e+003,1.008149e+002
2.775064e+003,1.008155e+002
2.775546e+003,1.008113e+002
2.776029e+003,1.008030e+002
2.776510e+003,1.007919e+002
2.776993e+003,1.007797e+002
2.777475e+003,1.007673e+002
2.777957e+003,1.007554e+002
2.778439e+003,1.007437e+002
2.778921e+003,1.007313e+002
2.779403e+003,1.007176e+002
2.779885e+003,1.007018e+002
2.780367e+003,1.006841e+002
2.780850e+003,1.006648e+002
2.781332e+003,1.006451e+002
2.781814e+003,1.006258e+002
2.782296e+003,1.006080e+002
2.782778e+003,1.005922e+002
2.783260e+003,1.005788e+002
2.783742e+003,1.005676e+002
2.784224e+003,1.005581e+002
2.784707e+003,1.005496e+002
2.785189e+003,1.005411e+002
2.785671e+003,1.005316e+002
2.786153e+003,1.005205e+002
2.786635e+003,1.005078e+002
2.787117e+003,1.004937e+002
2.787599e+003,1.004793e+002
2.788081e+003,1.004659e+002
2.788563e+003,1.004546e+002
2.789046e+003,1.004457e+002
2.789528e+003,1.004391e+002
2.790010e+003,1.004336e+002
2.790492e+003,1.004279e+002
2.790974e+003,1.004210e+002
2.791456e+003,1.004122e+002
2.791938e+003,1.004015e+002
2.792420e+003,1.003897e+002
2.792903e+003,1.003778e+002
2.793385e+003,1.003666e+002
2.793867e+003,1.003565e+002
2.794349e+003,1.003475e+002
2.794831e+003,1.003391e+002
2.795313e+003,1.003310e+002
2.795795e+003,1.003232e+002
2.796277e+003,1.003157e+002
2.796760e+003,1.003092e+002
2.797242e+003,1.003042e+002
2.797724e+003,1.003013e+002
2.798206e+003,1.003009e+002
2.798688e+003,1.003029e+002
2.799170e+003,1.003075e+002
2.799652e+003,1.003150e+002
2.800134e+003,1.003255e+002
2.800616e+003,1.003391e+002
2.801099e+003,1.003554e+002
2.801581e+003,1.003734e+002
2.802063e+003,1.003916e+002
2.802545e+003,1.004081e+002
2.803027e+003,1.004211e+002
2.803509e+003,1.004295e+002
2.803991e+003,1.004331e+002
2.804473e+003,1.004330e+002
2.804956e+003,1.004307e+002
2.805438e+003,1.004279e+002
2.805920e+003,1.004263e+002
2.806402e+003,1.004265e+002
2.806884e+003,1.004282e+002
2.807366e+003,1.004307e+002
2.807848e+003,1.004324e+002
2.808330e+003,1.004322e+002
2.808813e+003,1.004290e+002
2.809294e+003,1.004230e+002
2.809777e+003,1.004147e+002
2.810259e+003,1.004056e+002
2.810741e+003,1.003977e+002
2.811223e+003,1.003927e+002
2.811705e+003,1.003920e+002
2.812187e+003,1.003958e+002
2.812669e+003,1.004031e+002
2.813151e+003,1.004114e+002
2.813634e+003,1.004176e+002
2.814116e+003,1.004183e+002
2.814598e+003,1.004112e+002
2.815080e+003,1.003950e+002
2.815562e+003,1.003707e+002
2.816044e+003,1.003401e+002
2.816526e+003,1.003060e+002
2.817008e+003,1.002704e+002
2.817490e+003,1.002348e+002
2.817973e+003,1.001993e+002
2.818455e+003,1.001633e+002
2.818937e+003,1.001264e+002
2.819419e+003,1.000889e+002
2.819901e+003,1.000523e+002
2.820383e+003,1.000189e+002
2.820865e+003,9.999129e+001
2.821347e+003,9.997128e+001
2.821830e+003,9.995943e+001
2.822312e+003,9.995482e+001
2.822794e+003,9.995557e+001
2.823276e+003,9.995950e+001
2.823758e+003,9.996508e+001
2.824240e+003,9.997157e+001
2.824722e+003,9.997906e+001
2.825204e+003,9.998789e+001
2.825687e+003,9.999797e+001
2.826169e+003,1.000084e+002
2.826651e+003,1.000178e+002
2.827133e+003,1.000242e+002
2.827615e+003,1.000267e+002
2.828097e+003,1.000250e+002
2.828579e+003,1.000206e+002
2.829061e+003,1.000154e+002
2.829543e+003,1.000118e+002
2.830026e+003,1.000116e+002
2.830508e+003,1.000158e+002
2.830990e+003,1.000245e+002
2.831472e+003,1.000367e+002
2.831954e+003,1.000515e+002
2.832436e+003,1.000682e+002
2.832918e+003,1.000863e+002
2.833400e+003,1.001058e+002
2.833883e+003,1.001267e+002
2.834365e+003,1.001489e+002
2.834847e+003,1.001723e+002
2.835329e+003,1.001963e+002
2.835811e+003,1.002200e+002
2.836293e+003,1.002425e+002
2.836775e+003,1.002628e+002
2.837257e+003,1.002798e+002
2.837740e+003,1.002927e+002
2.838221e+003,1.003014e+002
2.838704e+003,1.003061e+002
2.839186e+003,1.003080e+002
2.839668e+003,1.003087e+002
2.840150e+003,1.003101e+002
2.840632e+003,1.003137e+002
2.841114e+003,1.003200e+002
2.841596e+003,1.003284e+002
2.842078e+003,1.003375e+002
2.842561e+003,1.003450e+002
2.843043e+003,1.003493e+002
2.843525e+003,1.003492e+002
2.844007e+003,1.003448e+002
2.844489e+003,1.003372e+002
2.844971e+003,1.003279e+002
2.845453e+003,1.003187e+002
2.845935e+003,1.003108e+002
2.846417e+003,1.003048e+002
2.846900e+003,1.003005e+002
2.847382e+003,1.002971e+002
2.847864e+003,1.002934e+002
2.848346e+003,1.002876e+002
2.848828e+003,1.002781e+002
2.849310e+003,1.002634e+002
2.849792e+003,1.002426e+002
2.850274e+003,1.002161e+002
2.850757e+003,1.001856e+002
2.851239e+003,1.001541e+002
2.851721e+003,1.001251e+002
2.852203e+003,1.001019e+002
2.852685e+003,1.000865e+002
2.853167e+003,1.000787e+002
2.853649e+003,1.000765e+002
2.854131e+003,1.000764e+002
2.854614e+003,1.000746e+002
2.855096e+003,1.000682e+002
2.855578e+003,1.000562e+002
2.856060e+003,1.000392e+002
2.856542e+003,1.000194e+002
2.857024e+003,9.999908e+001
2.857506e+003,9.998050e+001
2.857988e+003,9.996478e+001
2.858470e+003,9.995225e+001
2.858953e+003,9.994260e+001
2.859435e+003,9.993533e+001
2.859917e+003,9.993014e+001
2.860399e+003,9.992684e+001
2.860881e+003,9.992532e+001
2.861363e+003,9.992543e+001
2.861845e+003,9.992683e+001
2.862327e+003,9.992928e+001
2.862810e+003,9.993282e+001
2.863292e+003,9.993792e+001
2.863774e+003,9.994524e+001
2.864256e+003,9.995528e+001
2.864738e+003,9.996799e+001
2.865220e+003,9.998238e+001
2.865702e+003,9.999668e+001
2.866184e+003,1.000089e+002
2.866667e+003,1.000172e+002
2.867148e+003,1.000210e+002
2.867631e+003,1.000207e+002
2.868113e+003,1.000173e+002
2.868595e+003,1.000123e+002
2.869077e+003,1.000066e+002
2.869559e+003,9.999999e+001
2.870041e+003,9.999192e+001
2.870523e+003,9.998135e+001
2.871005e+003,9.996779e+001
2.871488e+003,9.995164e+001
2.871970e+003,9.993427e+001
2.872452e+003,9.991758e+001
2.872934e+003,9.990318e+001
2.873416e+003,9.989190e+001
2.873898e+003,9.988329e+001
2.874380e+003,9.987589e+001
2.874862e+003,9.986778e+001
2.875344e+003,9.985715e+001
2.875827e+003,9.984287e+001
2.876309e+003,9.982473e+001
2.876791e+003,9.980335e+001
2.877273e+003,9.977975e+001
2.877755e+003,9.975509e+001
2.878237e+003,9.973042e+001
2.878719e+003,9.970652e+001
2.879201e+003,9.968398e+001
2.879684e+003,9.966313e+001
2.880166e+003,9.964413e+001
2.880648e+003,9.962695e+001
2.881130e+003,9.961116e+001
2.881612e+003,9.959630e+001
2.882094e+003,9.958179e+001
2.882576e+003,9.956718e+001
2.883058e+003,9.955221e+001
2.883541e+003,9.953682e+001
2.884023e+003,9.952103e+001
2.884505e+003,9.950491e+001
2.884987e+003,9.948841e+001
2.885469e+003,9.947154e+001
2.885951e+003,9.945459e+001
2.886433e+003,9.943818e+001
2.886915e+003,9.942342e+001
2.887397e+003,9.941171e+001
2.887880e+003,9.940437e+001
2.888362e+003,9.940247e+001
2.888844e+003,9.940638e+001
2.889326e+003,9.941595e+001
2.889808e+003,9.943043e+001
2.890290e+003,9.944884e+001
2.890772e+003,9.947007e+001
2.891254e+003,9.949295e+001
2.891737e+003,9.951620e+001
2.892219e+003,9.953844e+001
2.892701e+003,9.955824e+001
2.893183e+003,9.957454e+001
2.893665e+003,9.958691e+001
2.894147e+003,9.959598e+001
2.894629e+003,9.960322e+001
2.895111e+003,9.961064e+001
2.895594e+003,9.961990e+001
2.896075e+003,9.963169e+001
2.896558e+003,9.964504e+001
2.897040e+003,9.965767e+001
2.897522e+003,9.966659e+001
2.898004e+003,9.966930e+001
2.898486e+003,9.966470e+001
2.898968e+003,9.965372e+001
2.899450e+003,9.963905e+001
2.899932e+003,9.962432e+001
2.900415e+003,9.961275e+001
2.900897e+003,9.960631e+001
2.901379e+003,9.960506e+001
2.901861e+003,9.960744e+001
2.902343e+003,9.961093e+001
2.902825e+003,9.961313e+001
2.903307e+003,9.961223e+001
2.903789e+003,9.960751e+001
2.904271e+003,9.959898e+001
2.904754e+003,9.958696e+001
2.905236e+003,9.957153e+001
2.905718e+003,9.955247e+001
2.906200e+003,9.952940e+001
2.906682e+003,9.950227e+001
2.907164e+003,9.947170e+001
2.907646e+003,9.943911e+001
2.908128e+003,9.940633e+001
2.908611e+003,9.937514e+001
2.909093e+003,9.934672e+001
2.909575e+003,9.932119e+001
2.910057e+003,9.929775e+001
2.910539e+003,9.927517e+001
2.911021e+003,9.925240e+001
2.911503e+003,9.922910e+001
2.911985e+003,9.920580e+001
2.912468e+003,9.918363e+001
2.912950e+003,9.916375e+001
2.913432e+003,9.914667e+001
2.913914e+003,9.913190e+001
2.914396e+003,9.911803e+001
2.914878e+003,9.910312e+001
2.915360e+003,9.908575e+001
2.915842e+003,9.906565e+001
2.916324e+003,9.904404e+001
2.916807e+003,9.902351e+001
2.917289e+003,9.900726e+001
2.917771e+003,9.899807e+001
2.918253e+003,9.899748e+001
2.918735e+003,9.900503e+001
2.919217e+003,9.901868e+001
2.919699e+003,9.903529e+001
2.920181e+003,9.905170e+001
2.920664e+003,9.906569e+001
2.921146e+003,9.907652e+001
2.921628e+003,9.908501e+001
2.922110e+003,9.909290e+001
2.922592e+003,9.910205e+001
2.923074e+003,9.911375e+001
2.923556e+003,9.912811e+001
2.924038e+003,9.914436e+001
2.924521e+003,9.916103e+001
2.925002e+003,9.917688e+001
2.925485e+003,9.919134e+001
2.925967e+003,9.920479e+001
2.926449e+003,9.921837e+001
2.926931e+003,9.923359e+001
2.927413e+003,9.925156e+001
2.927895e+003,9.927265e+001
2.928377e+003,9.929626e+001
2.928859e+003,9.932105e+001
2.929342e+003,9.934539e+001
2.929824e+003,9.936787e+001
2.930306e+003,9.938782e+001
2.930788e+003,9.940549e+001
2.931270e+003,9.942186e+001
2.931752e+003,9.943828e+001
2.932234e+003,9.945599e+001
2.932716e+003,9.947566e+001
2.933198e+003,9.949697e+001
2.933681e+003,9.951755e+001
2.934163e+003,9.953698e+001
2.934645e+003,9.955337e+001
2.935127e+003,9.956480e+001
2.935609e+003,9.957007e+001
2.936091e+003,9.956909e+001
2.936573e+003,9.956287e+001
2.937055e+003,9.955349e+001
2.937538e+003,9.954340e+001
2.938020e+003,9.953491e+001
2.938502e+003,9.952973e+001
2.938984e+003,9.952858e+001
2.939466e+003,9.953133e+001
2.939948e+003,9.953711e+001
2.940430e+003,9.954469e+001
2.940912e+003,9.955283e+001
2.941395e+003,9.956041e+001
2.941877e+003,9.956665e+001
2.942359e+003,9.957115e+001
2.942841e+003,9.957375e+001
2.943323e+003,9.957462e+001
2.943805e+003,9.957394e+001
2.944287e+003,9.957190e+001
2.944769e+003,9.956832e+001
2.945251e+003,9.956276e+001
2.945734e+003,9.955447e+001
2.946216e+003,9.954288e+001
2.946698e+003,9.952780e+001
2.947180e+003,9.950987e+001
2.947662e+003,9.949062e+001
2.948144e+003,9.947225e+001
2.948626e+003,9.945692e+001
2.949108e+003,9.944605e+001
2.949591e+003,9.943986e+001
2.950073e+003,9.943737e+001
2.950555e+003,9.943661e+001
2.951037e+003,9.943571e+001
2.951519e+003,9.943346e+001
2.952001e+003,9.942977e+001
2.952483e+003,9.942548e+001
2.952965e+003,9.942160e+001
2.953448e+003,9.941855e+001
2.953929e+003,9.941550e+001
2.954412e+003,9.941030e+001
2.954894e+003,9.940031e+001
2.955376e+003,9.938343e+001
2.955858e+003,9.935921e+001
2.956340e+003,9.932931e+001
2.956822e+003,9.929729e+001
2.957304e+003,9.926753e+001
2.957786e+003,9.924394e+001
2.958269e+003,9.922898e+001
2.958751e+003,9.922288e+001
2.959233e+003,9.922416e+001
2.959715e+003,9.923039e+001
2.960197e+003,9.923913e+001
2.960679e+003,9.924885e+001
2.961161e+003,9.925915e+001
2.961643e+003,9.927056e+001
2.962125e+003,9.928383e+001
2.962608e+003,9.929950e+001
2.963090e+003,9.931753e+001
2.963572e+003,9.933718e+001
2.964054e+003,9.935729e+001
2.964536e+003,9.937656e+001
2.965018e+003,9.939381e+001
2.965500e+003,9.940818e+001
2.965982e+003,9.941923e+001
2.966465e+003,9.942700e+001
2.966947e+003,9.943211e+001
2.967429e+003,9.943571e+001
2.967911e+003,9.943941e+001
2.968393e+003,9.944482e+001
2.968875e+003,9.945323e+001
2.969357e+003,9.946499e+001
2.969839e+003,9.947927e+001
2.970322e+003,9.949431e+001
2.970804e+003,9.950778e+001
2.971286e+003,9.951781e+001
2.971768e+003,9.952333e+001
2.972250e+003,9.952481e+001
2.972732e+003,9.952384e+001
2.973214e+003,9.952285e+001
2.973696e+003,9.952418e+001
2.974178e+003,9.952942e+001
2.974661e+003,9.953906e+001
2.975143e+003,9.955261e+001
2.975625e+003,9.956875e+001
2.976107e+003,9.958586e+001
2.976589e+003,9.960236e+001
2.977071e+003,9.961674e+001
2.977553e+003,9.962758e+001
2.978035e+003,9.963339e+001
2.978518e+003,9.963277e+001
2.979000e+003,9.962455e+001
2.979482e+003,9.960830e+001
2.979964e+003,9.958436e+001
2.980446e+003,9.955424e+001
2.980928e+003,9.952028e+001
2.981410e+003,9.948511e+001
2.981892e+003,9.945103e+001
2.982375e+003,9.941957e+001
2.982856e+003,9.939101e+001
2.983339e+003,9.936451e+001
2.983821e+003,9.933849e+001
2.984303e+003,9.931099e+001
2.984785e+003,9.928031e+001
2.985267e+003,9.924508e+001
2.985749e+003,9.920459e+001
2.986231e+003,9.915863e+001
2.986713e+003,9.910750e+001
2.987196e+003,9.905173e+001
2.987678e+003,9.899231e+001
2.988160e+003,9.893041e+001
2.988642e+003,9.886755e+001
2.989124e+003,9.880539e+001
2.989606e+003,9.874562e+001
2.990088e+003,9.868980e+001
2.990570e+003,9.863932e+001
2.991052e+003,9.859520e+001
2.991535e+003,9.855812e+001
2.992017e+003,9.852834e+001
2.992499e+003,9.850566e+001
2.992981e+003,9.848920e+001
2.993463e+003,9.847738e+001
2.993945e+003,9.846803e+001
2.994427e+003,9.845866e+001
2.994909e+003,9.844681e+001
2.995392e+003,9.843100e+001
2.995874e+003,9.841123e+001
2.996356e+003,9.838949e+001
2.996838e+003,9.836942e+001
2.997320e+003,9.835571e+001
2.997802e+003,9.835289e+001
2.998284e+003,9.836381e+001
2.998766e+003,9.838875e+001
2.999249e+003,9.842489e+001
2.999731e+003,9.846668e+001
3.000213e+003,9.850717e+001
3.000695e+003,9.853953e+001
3.001177e+003,9.855882e+001
3.001659e+003,9.856307e+001
3.002141e+003,9.855364e+001
3.002623e+003,9.853455e+001
3.003105e+003,9.851119e+001
3.003588e+003,9.848898e+001
3.004070e+003,9.847204e+001
3.004552e+003,9.846245e+001
3.005034e+003,9.846021e+001
3.005516e+003,9.846375e+001
3.005998e+003,9.847076e+001
3.006480e+003,9.847883e+001
3.006962e+003,9.848629e+001
3.007445e+003,9.849229e+001
3.007927e+003,9.849718e+001
3.008409e+003,9.850197e+001
3.008891e+003,9.850832e+001
3.009373e+003,9.851807e+001
3.009855e+003,9.853297e+001
3.010337e+003,9.855432e+001
3.010819e+003,9.858279e+001
3.011302e+003,9.861810e+001
3.011783e+003,9.865926e+001
3.012266e+003,9.870443e+001
3.012748e+003,9.875127e+001
3.013230e+003,9.879729e+001
3.013712e+003,9.884008e+001
3.014194e+003,9.887765e+001
3.014676e+003,9.890858e+001
3.015158e+003,9.893207e+001
3.015640e+003,9.894822e+001
3.016123e+003,9.895774e+001
3.016605e+003,9.896198e+001
3.017087e+003,9.896272e+001
3.017569e+003,9.896203e+001
3.018051e+003,9.896181e+001
3.018533e+003,9.896375e+001
3.019015e+003,9.896899e+001
3.019497e+003,9.897806e+001
3.019979e+003,9.899059e+001
3.020462e+003,9.900555e+001
3.020944e+003,9.902113e+001
3.021426e+003,9.903511e+001
3.021908e+003,9.904528e+001
3.022390e+003,9.905000e+001
3.022872e+003,9.904884e+001
3.023354e+003,9.904300e+001
3.023836e+003,9.903521e+001
3.024319e+003,9.902932e+001
3.024801e+003,9.902917e+001
3.025283e+003,9.903770e+001
3.025765e+003,9.905579e+001
3.026247e+003,9.908215e+001
3.026729e+003,9.911356e+001
3.027211e+003,9.914606e+001
3.027693e+003,9.917606e+001
3.028176e+003,9.920152e+001
3.028658e+003,9.922208e+001
3.029140e+003,9.923904e+001
3.029622e+003,9.925432e+001
3.030104e+003,9.926949e+001
3.030586e+003,9.928535e+001
3.031068e+003,9.930200e+001
3.031550e+003,9.931910e+001
3.032032e+003,9.933676e+001
3.032515e+003,9.935585e+001
3.032997e+003,9.937781e+001
3.033479e+003,9.940381e+001
3.033961e+003,9.943407e+001
3.034443e+003,9.946718e+001
3.034925e+003,9.950040e+001
3.035407e+003,9.953040e+001
3.035889e+003,9.955459e+001
3.036372e+003,9.957206e+001
3.036854e+003,9.958401e+001
3.037336e+003,9.959316e+001
3.037818e+003,9.960244e+001
3.038300e+003,9.961385e+001
3.038782e+003,9.962759e+001
3.039264e+003,9.964198e+001
3.039746e+003,9.965440e+001
3.040229e+003,9.966247e+001
3.040711e+003,9.966508e+001
3.041193e+003,9.966290e+001
3.041675e+003,9.965784e+001
3.042157e+003,9.965234e+001
3.042639e+003,9.964845e+001
3.043121e+003,9.964712e+001
3.043603e+003,9.964835e+001
3.044085e+003,9.965140e+001
3.044568e+003,9.965557e+001
3.045050e+003,9.966051e+001
3.045532e+003,9.966610e+001
3.046014e+003,9.967240e+001
3.046496e+003,9.967924e+001
3.046978e+003,9.968598e+001
3.047460e+003,9.969181e+001
3.047942e+003,9.969605e+001
3.048425e+003,9.969855e+001
3.048906e+003,9.969975e+001
3.049389e+003,9.970049e+001
3.049871e+003,9.970161e+001
3.050353e+003,9.970349e+001
3.050835e+003,9.970582e+001
3.051317e+003,9.970801e+001
3.051799e+003,9.970947e+001
3.052281e+003,9.971016e+001
3.052763e+003,9.971069e+001
3.053246e+003,9.971216e+001
3.053728e+003,9.971544e+001
3.054210e+003,9.972082e+001
3.054692e+003,9.972733e+001
3.055174e+003,9.973301e+001
3.055656e+003,9.973524e+001
3.056138e+003,9.973149e+001
3.056620e+003,9.972002e+001
3.057103e+003,9.970019e+001
3.057585e+003,9.967255e+001
3.058067e+003,9.963863e+001
3.058549e+003,9.960075e+001
3.059031e+003,9.956145e+001
3.059513e+003,9.952332e+001
3.059995e+003,9.948872e+001
3.060477e+003,9.945938e+001
3.060959e+003,9.943612e+001
3.061442e+003,9.941871e+001
3.061924e+003,9.940587e+001
3.062406e+003,9.939568e+001
3.062888e+003,9.938605e+001
3.063370e+003,9.937531e+001
3.063852e+003,9.936259e+001
3.064334e+003,9.934776e+001
3.064816e+003,9.933118e+001
3.065299e+003,9.931326e+001
3.065781e+003,9.929428e+001
3.066263e+003,9.927432e+001
3.066745e+003,9.925369e+001
3.067227e+003,9.923335e+001
3.067709e+003,9.921490e+001
3.068191e+003,9.920029e+001
3.068673e+003,9.919097e+001
3.069156e+003,9.918705e+001
3.069638e+003,9.918669e+001
3.070120e+003,9.918629e+001
3.070602e+003,9.918137e+001
3.071084e+003,9.916779e+001
3.071566e+003,9.914342e+001
3.072048e+003,9.910859e+001
3.072530e+003,9.906607e+001
3.073012e+003,9.902007e+001
3.073495e+003,9.897478e+001
3.073977e+003,9.893307e+001
3.074459e+003,9.889577e+001
3.074941e+003,9.886200e+001
3.075423e+003,9.882996e+001
3.075905e+003,9.879802e+001
3.076387e+003,9.876556e+001
3.076869e+003,9.873341e+001
3.077352e+003,9.870354e+001
3.077833e+003,9.867826e+001
3.078316e+003,9.865958e+001
3.078798e+003,9.864851e+001
3.079280e+003,9.864484e+001
3.079762e+003,9.864735e+001
3.080244e+003,9.865413e+001
3.080726e+003,9.866325e+001
3.081208e+003,9.867316e+001
3.081690e+003,9.868295e+001
3.082173e+003,9.869254e+001
3.082655e+003,9.870250e+001
3.083137e+003,9.871367e+001
3.083619e+003,9.872672e+001
3.084101e+003,9.874184e+001
3.084583e+003,9.875850e+001
3.085065e+003,9.877559e+001
3.085547e+003,9.879179e+001
3.086030e+003,9.880626e+001
3.086512e+003,9.881877e+001
3.086994e+003,9.883001e+001
3.087476e+003,9.884119e+001
3.087958e+003,9.885322e+001
3.088440e+003,9.886624e+001
3.088922e+003,9.887920e+001
3.089404e+003,9.889005e+001
3.089886e+003,9.889645e+001
3.090369e+003,9.889655e+001
3.090851e+003,9.888982e+001
3.091333e+003,9.887720e+001
3.091815e+003,9.886082e+001
3.092297e+003,9.884309e+001
3.092779e+003,9.882607e+001
3.093261e+003,9.881073e+001
3.093743e+003,9.879702e+001
3.094226e+003,9.878419e+001
3.094708e+003,9.877135e+001
3.095190e+003,9.875766e+001
3.095672e+003,9.874268e+001
3.096154e+003,9.872603e+001
3.096636e+003,9.870727e+001
3.097118e+003,9.868588e+001
3.097600e+003,9.866162e+001
3.098083e+003,9.863481e+001
3.098565e+003,9.860670e+001
3.099047e+003,9.857923e+001
3.099529e+003,9.855457e+001
3.100011e+003,9.853417e+001
3.100493e+003,9.851822e+001
3.100975e+003,9.850536e+001
3.101457e+003,9.849332e+001
3.101939e+003,9.847984e+001
3.102422e+003,9.846378e+001
3.102904e+003,9.844573e+001
3.103386e+003,9.842776e+001
3.103868e+003,9.841261e+001
3.104350e+003,9.840250e+001
3.104832e+003,9.839806e+001
3.105314e+003,9.839815e+001
3.105796e+003,9.840032e+001
3.106279e+003,9.840190e+001
3.106760e+003,9.840097e+001
3.107243e+003,9.839697e+001
3.107725e+003,9.839066e+001
3.108207e+003,9.838349e+001
3.108689e+003,9.837653e+001
3.109171e+003,9.837006e+001
3.109653e+003,9.836333e+001
3.110135e+003,9.835507e+001
3.110617e+003,9.834423e+001
3.111100e+003,9.833057e+001
3.111582e+003,9.831497e+001
3.112064e+003,9.829927e+001
3.112546e+003,9.828557e+001
3.113028e+003,9.827572e+001
3.113510e+003,9.827049e+001
3.113992e+003,9.826958e+001
3.114474e+003,9.827136e+001
3.114957e+003,9.827335e+001
3.115439e+003,9.827245e+001
3.115921e+003,9.826563e+001
3.116403e+003,9.825047e+001
3.116885e+003,9.822565e+001
3.117367e+003,9.819153e+001
3.117849e+003,9.815015e+001
3.118331e+003,9.810495e+001
3.118813e+003,9.805994e+001
3.119296e+003,9.801877e+001
3.119778e+003,9.798378e+001
3.120260e+003,9.795550e+001
3.120742e+003,9.793272e+001
3.121224e+003,9.791310e+001
3.121706e+003,9.789420e+001
3.122188e+003,9.787416e+001
3.122670e+003,9.785236e+001
3.123153e+003,9.782914e+001
3.123635e+003,9.780549e+001
3.124117e+003,9.778226e+001
3.124599e+003,9.775990e+001
3.125081e+003,9.773816e+001
3.125563e+003,9.771635e+001
3.126045e+003,9.769360e+001
3.126527e+003,9.766914e+001
3.127010e+003,9.764253e+001
3.127492e+003,9.761372e+001
3.127974e+003,9.758297e+001
3.128456e+003,9.755103e+001
3.128938e+003,9.751922e+001
3.129420e+003,9.748952e+001
3.129902e+003,9.746444e+001
3.130384e+003,9.744633e+001
3.130866e+003,9.743683e+001
3.131349e+003,9.743614e+001
3.131831e+003,9.744256e+001
3.132313e+003,9.745258e+001
3.132795e+003,9.746162e+001
3.133277e+003,9.746516e+001
3.133759e+003,9.745985e+001
3.134241e+003,9.744426e+001
3.134723e+003,9.741904e+001
3.135206e+003,9.738673e+001
3.135688e+003,9.735076e+001
3.136170e+003,9.731487e+001
3.136652e+003,9.728215e+001
3.137134e+003,9.725478e+001
3.137616e+003,9.723362e+001
3.138098e+003,9.721820e+001
3.138580e+003,9.720706e+001
3.139063e+003,9.719794e+001
3.139544e+003,9.718853e+001
3.140027e+003,9.717709e+001
3.140509e+003,9.716299e+001
3.140991e+003,9.714729e+001
3.141473e+003,9.713212e+001
3.141955e+003,9.712035e+001
3.142437e+003,9.711449e+001
3.142919e+003,9.711586e+001
3.143401e+003,9.712394e+001
3.143884e+003,9.713684e+001
3.144366e+003,9.715156e+001
3.144848e+003,9.716515e+001
3.145330e+003,9.717530e+001
3.145812e+003,9.718063e+001
3.146294e+003,9.718068e+001
3.146776e+003,9.717552e+001
3.147258e+003,9.716528e+001
3.147740e+003,9.715043e+001
3.148223e+003,9.713181e+001
3.148705e+003,9.711105e+001
3.149187e+003,9.709061e+001
3.149669e+003,9.707343e+001
3.150151e+003,9.706204e+001
3.150633e+003,9.705763e+001
3.151115e+003,9.705934e+001
3.151597e+003,9.706435e+001
3.152080e+003,9.706867e+001
3.152562e+003,9.706835e+001
3.153044e+003,9.706087e+001
3.153526e+003,9.704584e+001
3.154008e+003,9.702507e+001
3.154490e+003,9.700180e+001
3.154972e+003,9.697950e+001
3.155454e+003,9.696076e+001
3.155937e+003,9.694666e+001
3.156419e+003,9.693671e+001
3.156901e+003,9.692924e+001
3.157383e+003,9.692217e+001
3.157865e+003,9.691360e+001
3.158347e+003,9.690234e+001
3.158829e+003,9.688786e+001
3.159311e+003,9.687044e+001
3.159793e+003,9.685082e+001
3.160276e+003,9.683018e+001
3.160758e+003,9.680962e+001
3.161240e+003,9.678999e+001
3.161722e+003,9.677147e+001
3.162204e+003,9.675352e+001
3.162686e+003,9.673477e+001
3.163168e+003,9.671377e+001
3.163650e+003,9.668942e+001
3.164133e+003,9.666187e+001
3.164615e+003,9.663235e+001
3.165097e+003,9.660327e+001
3.165579e+003,9.657719e+001
3.166061e+003,9.655609e+001
3.166543e+003,9.654056e+001
3.167025e+003,9.652973e+001
3.167507e+003,9.652174e+001
3.167990e+003,9.651463e+001
3.168471e+003,9.650725e+001
3.168954e+003,9.649954e+001
3.169436e+003,9.649263e+001
3.169918e+003,9.648807e+001
3.170400e+003,9.648710e+001
3.170882e+003,9.649002e+001
3.171364e+003,9.649611e+001
3.171846e+003,9.650401e+001
3.172328e+003,9.651195e+001
3.172811e+003,9.651849e+001
3.173293e+003,9.652235e+001
3.173775e+003,9.652265e+001
3.174257e+003,9.651853e+001
3.174739e+003,9.650951e+001
3.175221e+003,9.649561e+001
3.175703e+003,9.647806e+001
3.176185e+003,9.645921e+001
3.176667e+003,9.644251e+001
3.177150e+003,9.643147e+001
3.177632e+003,9.642850e+001
3.178114e+003,9.643394e+001
3.178596e+003,9.644556e+001
3.179078e+003,9.645920e+001
3.179560e+003,9.647011e+001
3.180042e+003,9.647462e+001
3.180524e+003,9.647138e+001
3.181007e+003,9.646176e+001
3.181489e+003,9.644927e+001
3.181971e+003,9.643818e+001
3.182453e+003,9.643224e+001
3.182935e+003,9.643338e+001
3.183417e+003,9.644170e+001
3.183899e+003,9.645566e+001
3.184381e+003,9.647295e+001
3.184864e+003,9.649145e+001
3.185346e+003,9.650959e+001
3.185828e+003,9.652654e+001
3.186310e+003,9.654182e+001
3.186792e+003,9.655504e+001
3.187274e+003,9.656570e+001
3.187756e+003,9.657317e+001
3.188238e+003,9.657686e+001
3.188720e+003,9.657648e+001
3.189203e+003,9.657207e+001
3.189685e+003,9.656401e+001
3.190167e+003,9.655289e+001
3.190649e+003,9.653943e+001
3.191131e+003,9.652457e+001
3.191613e+003,9.650926e+001
3.192095e+003,9.649461e+001
3.192577e+003,9.648177e+001
3.193060e+003,9.647161e+001
3.193542e+003,9.646449e+001
3.194024e+003,9.646025e+001
3.194506e+003,9.645830e+001
3.194988e+003,9.645790e+001
3.195470e+003,9.645840e+001
3.195952e+003,9.645951e+001
3.196434e+003,9.646100e+001
3.196917e+003,9.646260e+001
3.197398e+003,9.646367e+001
3.197881e+003,9.646313e+001
3.198363e+003,9.645988e+001
3.198845e+003,9.645322e+001
3.199327e+003,9.644347e+001
3.199809e+003,9.643206e+001
3.200291e+003,9.642126e+001
3.200773e+003,9.641325e+001
3.201255e+003,9.640913e+001
3.201738e+003,9.640813e+001
3.202220e+003,9.640755e+001
3.202702e+003,9.640341e+001
3.203184e+003,9.639172e+001
3.203666e+003,9.636990e+001
3.204148e+003,9.633786e+001
3.204630e+003,9.629837e+001
3.205112e+003,9.625633e+001
3.205594e+003,9.621767e+001
3.206077e+003,9.618789e+001
3.206559e+003,9.617072e+001
3.207041e+003,9.616747e+001
3.207523e+003,9.617657e+001
3.208005e+003,9.619402e+001
3.208487e+003,9.621403e+001
3.208969e+003,9.622978e+001
3.209451e+003,9.623488e+001
3.209934e+003,9.622422e+001
3.210416e+003,9.619529e+001
3.210898e+003,9.614880e+001
3.211380e+003,9.608870e+001
3.211862e+003,9.602156e+001
3.212344e+003,9.595529e+001
3.212826e+003,9.589745e+001
3.213308e+003,9.585348e+001
3.213791e+003,9.582573e+001
3.214273e+003,9.581299e+001
3.214755e+003,9.581117e+001
3.215237e+003,9.581470e+001
3.215719e+003,9.581812e+001
3.216201e+003,9.581755e+001
3.216683e+003,9.581125e+001
3.217165e+003,9.579974e+001
3.217647e+003,9.578513e+001
3.218130e+003,9.577021e+001
3.218612e+003,9.575737e+001
3.219094e+003,9.574815e+001
3.219576e+003,9.574289e+001
3.220058e+003,9.574091e+001
3.220540e+003,9.574098e+001
3.221022e+003,9.574176e+001
3.221504e+003,9.574216e+001
3.221987e+003,9.574150e+001
3.222469e+003,9.573944e+001
3.222951e+003,9.573570e+001
3.223433e+003,9.572987e+001
3.223915e+003,9.572126e+001
3.224397e+003,9.570902e+001
3.224879e+003,9.569252e+001
3.225361e+003,9.567162e+001
3.225844e+003,9.564714e+001
3.226325e+003,9.562094e+001
3.226808e+003,9.559546e+001
3.227290e+003,9.557322e+001
3.227772e+003,9.555611e+001
3.228254e+003,9.554467e+001
3.228736e+003,9.553800e+001
3.229218e+003,9.553412e+001
3.229700e+003,9.553066e+001
3.230182e+003,9.552588e+001
3.230665e+003,9.551923e+001
3.231147e+003,9.551175e+001
3.231629e+003,9.550546e+001
3.232111e+003,9.550256e+001
3.232593e+003,9.550447e+001
3.233075e+003,9.551101e+001
3.233557e+003,9.552042e+001
3.234039e+003,9.552966e+001
3.234521e+003,9.553558e+001
3.235004e+003,9.553575e+001
3.235486e+003,9.552947e+001
3.235968e+003,9.551774e+001
3.236450e+003,9.550290e+001
3.236932e+003,9.548772e+001
3.237414e+003,9.547449e+001
3.237896e+003,9.546402e+001
3.238378e+003,9.545569e+001
3.238861e+003,9.544772e+001
3.239343e+003,9.543817e+001
3.239825e+003,9.542577e+001
3.240307e+003,9.541064e+001
3.240789e+003,9.539449e+001
3.241271e+003,9.538000e+001
3.241753e+003,9.537012e+001
3.242235e+003,9.536677e+001
3.242718e+003,9.537022e+001
3.243200e+003,9.537894e+001
3.243682e+003,9.539004e+001
3.244164e+003,9.540028e+001
3.244646e+003,9.540710e+001
3.245128e+003,9.540947e+001
3.245610e+003,9.540785e+001
3.246092e+003,9.540366e+001
3.246574e+003,9.539835e+001
3.247057e+003,9.539243e+001
3.247539e+003,9.538503e+001
3.248021e+003,9.537415e+001
3.248503e+003,9.535761e+001
3.248985e+003,9.533407e+001
3.249467e+003,9.530404e+001
3.249949e+003,9.527000e+001
3.250431e+003,9.523589e+001
3.250914e+003,9.520609e+001
3.251396e+003,9.518394e+001
3.251878e+003,9.517105e+001
3.252360e+003,9.516693e+001
3.252842e+003,9.516965e+001
3.253324e+003,9.517666e+001
3.253806e+003,9.518586e+001
3.254288e+003,9.519622e+001
3.254771e+003,9.520757e+001
3.255252e+003,9.522000e+001
3.255735e+003,9.523307e+001
3.256217e+003,9.524500e+001
3.256699e+003,9.525281e+001
3.257181e+003,9.525263e+001
3.257663e+003,9.524107e+001
3.258145e+003,9.521624e+001
3.258627e+003,9.517868e+001
3.259109e+003,9.513161e+001
3.259592e+003,9.508045e+001
3.260074e+003,9.503169e+001
3.260556e+003,9.499153e+001
3.261038e+003,9.496459e+001
3.261520e+003,9.495298e+001
3.262002e+003,9.495605e+001
3.262484e+003,9.497073e+001
3.262966e+003,9.499230e+001
3.263448e+003,9.501548e+001
3.263931e+003,9.503545e+001
3.264413e+003,9.504880e+001
3.264895e+003,9.505396e+001
3.265377e+003,9.505123e+001
3.265859e+003,9.504240e+001
3.266341e+003,9.503023e+001
3.266823e+003,9.501751e+001
3.267305e+003,9.500672e+001
3.267788e+003,9.499939e+001
3.268270e+003,9.499617e+001
3.268752e+003,9.499690e+001
3.269234e+003,9.500105e+001
3.269716e+003,9.500788e+001
3.270198e+003,9.501691e+001
3.270680e+003,9.502769e+001
3.271162e+003,9.503994e+001
3.271645e+003,9.505322e+001
3.272127e+003,9.506680e+001
3.272609e+003,9.507953e+001
3.273091e+003,9.509017e+001
3.273573e+003,9.509751e+001
3.274055e+003,9.510110e+001
3.274537e+003,9.510136e+001
3.275019e+003,9.509976e+001
3.275501e+003,9.509862e+001
3.275984e+003,9.510024e+001
3.276466e+003,9.510629e+001
3.276948e+003,9.511694e+001
3.277430e+003,9.513070e+001
3.277912e+003,9.514462e+001
3.278394e+003,9.515509e+001
3.278876e+003,9.515907e+001
3.279358e+003,9.515507e+001
3.279841e+003,9.514391e+001
3.280323e+003,9.512844e+001
3.280805e+003,9.511281e+001
3.281287e+003,9.510106e+001
3.281769e+003,9.509594e+001
3.282251e+003,9.509785e+001
3.282733e+003,9.510485e+001
3.283215e+003,9.511322e+001
3.283698e+003,9.511886e+001
3.284179e+003,9.511845e+001
3.284662e+003,9.511076e+001
3.285144e+003,9.509682e+001
3.285626e+003,9.507963e+001
3.286108e+003,9.506306e+001
3.286590e+003,9.505066e+001
3.287072e+003,9.504469e+001
3.287554e+003,9.504546e+001
3.288036e+003,9.505142e+001
3.288519e+003,9.505980e+001
3.289001e+003,9.506750e+001
3.289483e+003,9.507219e+001
3.289965e+003,9.507269e+001
3.290447e+003,9.506931e+001
3.290929e+003,9.506321e+001
3.291411e+003,9.505584e+001
3.291893e+003,9.504816e+001
3.292375e+003,9.504028e+001
3.292858e+003,9.503143e+001
3.293340e+003,9.502073e+001
3.293822e+003,9.500787e+001
3.294304e+003,9.499385e+001
3.294786e+003,9.498121e+001
3.295268e+003,9.497359e+001
3.295750e+003,9.497459e+001
3.296232e+003,9.498655e+001
3.296715e+003,9.500933e+001
3.297197e+003,9.504012e+001
3.297679e+003,9.507372e+001
3.298161e+003,9.510404e+001
3.298643e+003,9.512584e+001
3.299125e+003,9.513624e+001
3.299607e+003,9.513557e+001
3.300089e+003,9.512720e+001
3.300572e+003,9.511639e+001
3.301054e+003,9.510855e+001
3.301536e+003,9.510748e+001
3.302018e+003,9.511416e+001
3.302500e+003,9.512650e+001
3.302982e+003,9.513985e+001
3.303464e+003,9.514850e+001
3.303946e+003,9.514750e+001
3.304428e+003,9.513420e+001
3.304911e+003,9.510934e+001
3.305393e+003,9.507694e+001
3.305875e+003,9.504347e+001
3.306357e+003,9.501606e+001
3.306839e+003,9.500058e+001
3.307321e+003,9.499986e+001
3.307803e+003,9.501296e+001
3.308285e+003,9.503539e+001
3.308768e+003,9.506067e+001
3.309250e+003,9.508241e+001
3.309732e+003,9.509641e+001
3.310214e+003,9.510200e+001
3.310696e+003,9.510189e+001
3.311178e+003,9.510075e+001
3.311660e+003,9.510336e+001
3.312142e+003,9.511235e+001
3.312625e+003,9.512719e+001
3.313106e+003,9.514446e+001
3.313589e+003,9.515910e+001
3.314071e+003,9.516649e+001
3.314553e+003,9.516418e+001
3.315035e+003,9.515273e+001
3.315517e+003,9.513514e+001
3.315999e+003,9.511546e+001
3.316481e+003,9.509728e+001
3.316963e+003,9.508228e+001
3.317446e+003,9.507011e+001
3.317928e+003,9.505889e+001
3.318410e+003,9.504659e+001
3.318892e+003,9.503208e+001
3.319374e+003,9.501585e+001
3.319856e+003,9.499976e+001
3.320338e+003,9.498642e+001
3.320820e+003,9.497807e+001
3.321302e+003,9.497584e+001
3.321785e+003,9.497945e+001
3.322267e+003,9.498759e+001
3.322749e+003,9.499824e+001
3.323231e+003,9.500927e+001
3.323713e+003,9.501881e+001
3.324195e+003,9.502557e+001
3.324677e+003,9.502866e+001
3.325159e+003,9.502783e+001
3.325642e+003,9.502329e+001
3.326124e+003,9.501602e+001
3.326606e+003,9.500729e+001
3.327088e+003,9.499863e+001
3.327570e+003,9.499126e+001
3.328052e+003,9.498573e+001
3.328534e+003,9.498179e+001
3.329016e+003,9.497866e+001
3.329499e+003,9.497533e+001
3.329981e+003,9.497121e+001
3.330463e+003,9.496620e+001
3.330945e+003,9.496062e+001
3.331427e+003,9.495480e+001
3.331909e+003,9.494856e+001
3.332391e+003,9.494096e+001
3.332873e+003,9.493058e+001
3.333355e+003,9.491606e+001
3.333838e+003,9.489706e+001
3.334320e+003,9.487465e+001
3.334802e+003,9.485148e+001
3.335284e+003,9.483111e+001
3.335766e+003,9.481712e+001
3.336248e+003,9.481190e+001
3.336730e+003,9.481600e+001
3.337212e+003,9.482807e+001
3.337695e+003,9.484509e+001
3.338177e+003,9.486342e+001
3.338659e+003,9.487959e+001
3.339141e+003,9.489088e+001
3.339623e+003,9.489573e+001
3.340105e+003,9.489372e+001
3.340587e+003,9.488557e+001
3.341069e+003,9.487270e+001
3.341552e+003,9.485715e+001
3.342033e+003,9.484106e+001
3.342516e+003,9.482635e+001
3.342998e+003,9.481442e+001
3.343480e+003,9.480592e+001
3.343962e+003,9.480074e+001
3.344444e+003,9.479832e+001
3.344926e+003,9.479811e+001
3.345408e+003,9.479980e+001
3.345890e+003,9.480349e+001
3.346373e+003,9.480929e+001
3.346855e+003,9.481689e+001
3.347337e+003,9.482520e+001
3.347819e+003,9.483215e+001
3.348301e+003,9.483520e+001
3.348783e+003,9.483197e+001
3.349265e+003,9.482128e+001
3.349747e+003,9.480360e+001
3.350229e+003,9.478092e+001
3.350712e+003,9.475629e+001
3.351194e+003,9.473279e+001
3.351676e+003,9.471252e+001
3.352158e+003,9.469621e+001
3.352640e+003,9.468344e+001
3.353122e+003,9.467320e+001
3.353604e+003,9.466451e+001
3.354086e+003,9.465707e+001
3.354569e+003,9.465124e+001
3.355051e+003,9.464765e+001
3.355533e+003,9.464667e+001
3.356015e+003,9.464795e+001
3.356497e+003,9.465043e+001
3.356979e+003,9.465257e+001
3.357461e+003,9.465288e+001
3.357943e+003,9.465049e+001
3.358426e+003,9.464520e+001
3.358908e+003,9.463738e+001
3.359390e+003,9.462760e+001
3.359872e+003,9.461633e+001
3.360354e+003,9.460376e+001
3.360836e+003,9.458992e+001
3.361318e+003,9.457486e+001
3.361800e+003,9.455888e+001
3.362282e+003,9.454259e+001
3.362765e+003,9.452684e+001
3.363247e+003,9.451236e+001
3.363729e+003,9.449971e+001
3.364211e+003,9.448902e+001
3.364693e+003,9.448030e+001
3.365175e+003,9.447320e+001
3.365657e+003,9.446745e+001
3.366139e+003,9.446268e+001
3.366622e+003,9.445861e+001
3.367104e+003,9.445486e+001
3.367586e+003,9.445129e+001
3.368068e+003,9.444797e+001
3.368550e+003,9.444540e+001
3.369032e+003,9.444444e+001
3.369514e+003,9.444609e+001
3.369996e+003,9.445099e+001
3.370479e+003,9.445917e+001
3.370961e+003,9.446948e+001
3.371443e+003,9.447998e+001
3.371925e+003,9.448835e+001
3.372407e+003,9.449260e+001
3.372889e+003,9.449178e+001
3.373371e+003,9.448638e+001
3.373853e+003,9.447810e+001
3.374335e+003,9.446946e+001
3.374818e+003,9.446275e+001
3.375300e+003,9.445944e+001
3.375782e+003,9.445969e+001
3.376264e+003,9.446238e+001
3.376746e+003,9.446561e+001
3.377228e+003,9.446732e+001
3.377710e+003,9.446597e+001
3.378192e+003,9.446115e+001
3.378675e+003,9.445361e+001
3.379156e+003,9.444513e+001
3.379639e+003,9.443806e+001
3.380121e+003,9.443467e+001
3.380603e+003,9.443625e+001
3.381085e+003,9.444282e+001
3.381567e+003,9.445265e+001
3.382049e+003,9.446276e+001
3.382531e+003,9.446945e+001
3.383013e+003,9.446935e+001
3.383496e+003,9.446047e+001
3.383978e+003,9.444299e+001
3.384460e+003,9.441923e+001
3.384942e+003,9.439303e+001
3.385424e+003,9.436865e+001
3.385906e+003,9.434959e+001
3.386388e+003,9.433746e+001
3.386870e+003,9.433191e+001
3.387353e+003,9.433083e+001
3.387835e+003,9.433151e+001
3.388317e+003,9.433145e+001
3.388799e+003,9.432929e+001
3.389281e+003,9.432504e+001
3.389763e+003,9.431998e+001
3.390245e+003,9.431590e+001
3.390727e+003,9.431456e+001
3.391209e+003,9.431702e+001
3.391692e+003,9.432329e+001
3.392174e+003,9.433228e+001
3.392656e+003,9.434208e+001
3.393138e+003,9.435044e+001
3.393620e+003,9.435534e+001
3.394102e+003,9.435551e+001
3.394584e+003,9.435104e+001
3.395066e+003,9.434328e+001
3.395549e+003,9.433465e+001
3.396031e+003,9.432784e+001
3.396513e+003,9.432508e+001
3.396995e+003,9.432718e+001
3.397477e+003,9.433327e+001
3.397959e+003,9.434092e+001
3.398441e+003,9.434707e+001
3.398923e+003,9.434919e+001
3.399406e+003,9.434639e+001
3.399888e+003,9.433992e+001
3.400370e+003,9.433283e+001
3.400852e+003,9.432906e+001
3.401334e+003,9.433207e+001
3.401816e+003,9.434342e+001
3.402298e+003,9.436222e+001
3.402780e+003,9.438513e+001
3.403262e+003,9.440736e+001
3.403745e+003,9.442387e+001
3.404227e+003,9.443103e+001
3.404709e+003,9.442751e+001
3.405191e+003,9.441477e+001
3.405673e+003,9.439677e+001
3.406155e+003,9.437901e+001
3.406637e+003,9.436726e+001
3.407119e+003,9.436662e+001
3.407602e+003,9.438003e+001
3.408083e+003,9.440797e+001
3.408566e+003,9.444817e+001
3.409048e+003,9.449621e+001
3.409530e+003,9.454625e+001
3.410012e+003,9.459241e+001
3.410494e+003,9.463046e+001
3.410976e+003,9.465612e+001
3.411458e+003,9.466875e+001
3.411940e+003,9.466982e+001
3.412423e+003,9.466238e+001
3.412905e+003,9.465020e+001
3.413387e+003,9.463686e+001
3.413869e+003,9.462539e+001
3.414351e+003,9.461797e+001
3.414833e+003,9.461573e+001
3.415315e+003,9.461862e+001
3.415797e+003,9.462499e+001
3.416280e+003,9.463194e+001
3.416762e+003,9.463570e+001
3.417244e+003,9.463281e+001
3.417726e+003,9.462145e+001
3.418208e+003,9.460255e+001
3.418690e+003,9.458015e+001
3.419172e+003,9.456026e+001
3.419654e+003,9.454906e+001
3.420136e+003,9.455048e+001
3.420619e+003,9.456475e+001
3.421101e+003,9.458805e+001
3.421583e+003,9.461410e+001
3.422065e+003,9.463626e+001
3.422547e+003,9.465018e+001
3.423029e+003,9.465491e+001
3.423511e+003,9.465259e+001
3.423993e+003,9.464685e+001
3.424476e+003,9.464081e+001
3.424958e+003,9.463541e+001
3.425440e+003,9.462911e+001
3.425922e+003,9.461889e+001
3.426404e+003,9.460194e+001
3.426886e+003,9.457760e+001
3.427368e+003,9.454820e+001
3.427850e+003,9.451897e+001
3.428333e+003,9.449678e+001
3.428815e+003,9.448830e+001
3.429297e+003,9.449827e+001
3.429779e+003,9.452832e+001
3.430261e+003,9.457653e+001
3.430743e+003,9.463748e+001
3.431225e+003,9.470326e+001
3.431707e+003,9.476488e+001
3.432189e+003,9.481418e+001
3.432672e+003,9.484595e+001
3.433154e+003,9.485955e+001
3.433636e+003,9.485978e+001
3.434118e+003,9.485584e+001
3.434600e+003,9.485894e+001
3.435082e+003,9.487880e+001
3.435564e+003,9.491993e+001
3.436046e+003,9.497960e+001
3.436529e+003,9.504765e+001
3.437010e+003,9.510952e+001
3.437493e+003,9.515048e+001
3.437975e+003,9.516056e+001
3.438457e+003,9.513791e+001
3.438939e+003,9.508932e+001
3.439421e+003,9.502806e+001
3.439903e+003,9.496958e+001
3.440385e+003,9.492693e+001
3.440867e+003,9.490753e+001
3.441350e+003,9.491198e+001
3.441832e+003,9.493518e+001
3.442314e+003,9.496884e+001
3.442796e+003,9.500454e+001
3.443278e+003,9.503590e+001
3.443760e+003,9.505962e+001
3.444242e+003,9.507516e+001
3.444724e+003,9.508396e+001
3.445207e+003,9.508821e+001
3.445689e+003,9.509009e+001
3.446171e+003,9.509132e+001
3.446653e+003,9.509302e+001
3.447135e+003,9.509569e+001
3.447617e+003,9.509951e+001
3.448099e+003,9.510458e+001
3.448581e+003,9.511130e+001
3.449063e+003,9.512060e+001
3.449546e+003,9.513380e+001
3.450028e+003,9.515194e+001
3.450510e+003,9.517487e+001
3.450992e+003,9.520033e+001
3.451474e+003,9.522400e+001
3.451956e+003,9.523985e+001
3.452438e+003,9.524224e+001
3.452920e+003,9.522796e+001
3.453403e+003,9.519805e+001
3.453885e+003,9.515823e+001
3.454367e+003,9.511793e+001
3.454849e+003,9.508776e+001
3.455331e+003,9.507651e+001
3.455813e+003,9.508852e+001
3.456295e+003,9.512266e+001
3.456777e+003,9.517271e+001
3.457260e+003,9.522945e+001
3.457742e+003,9.528304e+001
3.458224e+003,9.532554e+001
3.458706e+003,9.535240e+001
3.459188e+003,9.536306e+001
3.459670e+003,9.536059e+001
3.460152e+003,9.535082e+001
3.460634e+003,9.534096e+001
3.461116e+003,9.533810e+001
3.461599e+003,9.534770e+001
3.462081e+003,9.537213e+001
3.462563e+003,9.540984e+001
3.463045e+003,9.545559e+001
3.463527e+003,9.550167e+001
3.464009e+003,9.554014e+001
3.464491e+003,9.556512e+001
3.464973e+003,9.557444e+001
3.465456e+003,9.556996e+001
3.465938e+003,9.555663e+001
3.466420e+003,9.554054e+001
3.466902e+003,9.552723e+001
3.467384e+003,9.552014e+001
3.467866e+003,9.552077e+001
3.468348e+003,9.552946e+001
3.468830e+003,9.554655e+001
3.469313e+003,9.557255e+001
3.469794e+003,9.560778e+001
3.470277e+003,9.565088e+001
3.470759e+003,9.569772e+001
3.471241e+003,9.574139e+001
3.471723e+003,9.577350e+001
3.472205e+003,9.578709e+001
3.472687e+003,9.577940e+001
3.473169e+003,9.575367e+001
3.473651e+003,9.571870e+001
3.474134e+003,9.568637e+001
3.474616e+003,9.566806e+001
3.475098e+003,9.567088e+001
3.475580e+003,9.569579e+001
3.476062e+003,9.573774e+001
3.476544e+003,9.578776e+001
3.477026e+003,9.583567e+001
3.477508e+003,9.587283e+001
3.477990e+003,9.589346e+001
3.478473e+003,9.589521e+001
3.478955e+003,9.587896e+001
3.479437e+003,9.584830e+001
3.479919e+003,9.580927e+001
3.480401e+003,9.576987e+001
3.480883e+003,9.573900e+001
3.481365e+003,9.572496e+001
3.481847e+003,9.573331e+001
3.482330e+003,9.576530e+001
3.482812e+003,9.581732e+001
3.483294e+003,9.588209e+001
3.483776e+003,9.595093e+001
3.484258e+003,9.601633e+001
3.484740e+003,9.607329e+001
3.485222e+003,9.611958e+001
3.485704e+003,9.615441e+001
3.486187e+003,9.617673e+001
3.486669e+003,9.618410e+001
3.487151e+003,9.617319e+001
3.487633e+003,9.614178e+001
3.488115e+003,9.609147e+001
3.488597e+003,9.602949e+001
3.489079e+003,9.596864e+001
3.489561e+003,9.592469e+001
3.490043e+003,9.591235e+001
3.490526e+003,9.594071e+001
3.491008e+003,9.601042e+001
3.491490e+003,9.611286e+001
3.491972e+003,9.623201e+001
3.492454e+003,9.634793e+001
3.492936e+003,9.644130e+001
3.493418e+003,9.649739e+001
3.493900e+003,9.650904e+001
3.494383e+003,9.647779e+001
3.494865e+003,9.641351e+001
3.495347e+003,9.633266e+001
3.495829e+003,9.625505e+001
3.496311e+003,9.620000e+001
3.496793e+003,9.618220e+001
3.497275e+003,9.620827e+001
3.497757e+003,9.627505e+001
3.498240e+003,9.637009e+001
3.498721e+003,9.647466e+001
3.499204e+003,9.656833e+001
3.499686e+003,9.663402e+001
3.500168e+003,9.666186e+001
3.500650e+003,9.665115e+001
3.501132e+003,9.660963e+001
3.501614e+003,9.655061e+001
3.502096e+003,9.648913e+001
3.502578e+003,9.643834e+001
3.503061e+003,9.640717e+001
3.503543e+003,9.639992e+001
3.504025e+003,9.641684e+001
3.504507e+003,9.645520e+001
3.504989e+003,9.651000e+001
3.505471e+003,9.657431e+001
3.505953e+003,9.663945e+001
3.506435e+003,9.669585e+001
3.506917e+003,9.673452e+001
3.507400e+003,9.674928e+001
3.507882e+003,9.673864e+001
3.508364e+003,9.670674e+001
3.508846e+003,9.666243e+001
3.509328e+003,9.661690e+001
3.509810e+003,9.658057e+001
3.510292e+003,9.656093e+001
3.510774e+003,9.656221e+001
3.511257e+003,9.658612e+001
3.511739e+003,9.663314e+001
3.512221e+003,9.670302e+001
3.512703e+003,9.679379e+001
3.513185e+003,9.690033e+001
3.513667e+003,9.701329e+001
3.514149e+003,9.711984e+001
3.514631e+003,9.720634e+001
3.515114e+003,9.726238e+001
3.515596e+003,9.728466e+001
3.516078e+003,9.727876e+001
3.516560e+003,9.725781e+001
3.517042e+003,9.723840e+001
3.517524e+003,9.723497e+001
3.518006e+003,9.725500e+001
3.518488e+003,9.729686e+001
3.518970e+003,9.735098e+001
3.519453e+003,9.740351e+001
3.519935e+003,9.744112e+001
3.520417e+003,9.745489e+001
3.520899e+003,9.744221e+001
3.521381e+003,9.740668e+001
3.521863e+003,9.735645e+001
3.522345e+003,9.730199e+001
3.522827e+003,9.725413e+001
3.523310e+003,9.722235e+001
3.523792e+003,9.721371e+001
3.524274e+003,9.723181e+001
3.524756e+003,9.727624e+001
3.525238e+003,9.734219e+001
3.525720e+003,9.742081e+001
3.526202e+003,9.750043e+001
3.526684e+003,9.756839e+001
3.527167e+003,9.761365e+001
3.527648e+003,9.762913e+001
3.528131e+003,9.761317e+001
3.528613e+003,9.756948e+001
3.529095e+003,9.750564e+001
3.529577e+003,9.743113e+001
3.530059e+003,9.735601e+001
3.530541e+003,9.729002e+001
3.531023e+003,9.724229e+001
3.531505e+003,9.722101e+001
3.531988e+003,9.723232e+001
3.532470e+003,9.727938e+001
3.532952e+003,9.736090e+001
3.533434e+003,9.747087e+001
3.533916e+003,9.759898e+001
3.534398e+003,9.773193e+001
3.534880e+003,9.785546e+001
3.535362e+003,9.795660e+001
3.535844e+003,9.802549e+001
3.536327e+003,9.805688e+001
3.536809e+003,9.805051e+001
3.537291e+003,9.801117e+001
3.537773e+003,9.794863e+001
3.538255e+003,9.787708e+001
3.538737e+003,9.781395e+001
3.539219e+003,9.777730e+001
3.539701e+003,9.778191e+001
3.540184e+003,9.783476e+001
3.540666e+003,9.793146e+001
3.541148e+003,9.805525e+001
3.541630e+003,9.817975e+001
3.542112e+003,9.827503e+001
3.542594e+003,9.831548e+001
3.543076e+003,9.828790e+001
3.543558e+003,9.819621e+001
3.544041e+003,9.806158e+001
3.544523e+003,9.791697e+001
3.545005e+003,9.779812e+001
3.545487e+003,9.773363e+001
3.545969e+003,9.773795e+001
3.546451e+003,9.780869e+001
3.546933e+003,9.792947e+001
3.547415e+003,9.807597e+001
3.547897e+003,9.822280e+001
3.548380e+003,9.834857e+001
3.548862e+003,9.843829e+001
3.549344e+003,9.848326e+001
3.549826e+003,9.848009e+001
3.550308e+003,9.842986e+001
3.550790e+003,9.833825e+001
3.551272e+003,9.821618e+001
3.551754e+003,9.808009e+001
3.552237e+003,9.795103e+001
3.552719e+003,9.785242e+001
3.553201e+003,9.780694e+001
3.553683e+003,9.783356e+001
3.554165e+003,9.794469e+001
3.554647e+003,9.814376e+001
3.555129e+003,9.842255e+001
3.555611e+003,9.875921e+001
3.556094e+003,9.911792e+001
3.556575e+003,9.945208e+001
3.557058e+003,9.971132e+001
3.557540e+003,9.985181e+001
3.558022e+003,9.984727e+001
3.558504e+003,9.969746e+001
3.558986e+003,9.943046e+001
3.559468e+003,9.909728e+001
3.559950e+003,9.875982e+001
3.560432e+003,9.847624e+001
3.560915e+003,9.828800e+001
3.561397e+003,9.821262e+001
3.561879e+003,9.824255e+001
3.562361e+003,9.835054e+001
3.562843e+003,9.849809e+001
3.563325e+003,9.864526e+001
3.563807e+003,9.875932e+001
3.564289e+003,9.882125e+001
3.564771e+003,9.882911e+001
3.565254e+003,9.879802e+001
3.565736e+003,9.875587e+001
3.566218e+003,9.873457e+001
3.566700e+003,9.875866e+001
3.567182e+003,9.883611e+001
3.567664e+003,9.895601e+001
3.568146e+003,9.909447e+001
3.568628e+003,9.922495e+001
3.569111e+003,9.932657e+001
3.569593e+003,9.938641e+001
3.570075e+003,9.939762e+001
3.570557e+003,9.935567e+001
3.571039e+003,9.925645e+001
3.571521e+003,9.909723e+001
3.572003e+003,9.888008e+001
3.572485e+003,9.861660e+001
3.572968e+003,9.833118e+001
3.573450e+003,9.806111e+001
3.573932e+003,9.785207e+001
3.574414e+003,9.774985e+001
3.574896e+003,9.778999e+001
3.575378e+003,9.798858e+001
3.575860e+003,9.833646e+001
3.576342e+003,9.879863e+001
3.576824e+003,9.931891e+001
3.577307e+003,9.982928e+001
3.577789e+003,1.002622e+002
3.578271e+003,1.005635e+002
3.578753e+003,1.007033e+002
3.579235e+003,1.006815e+002
3.579717e+003,1.005274e+002
3.580199e+003,1.002921e+002
3.580681e+003,1.000367e+002
3.581164e+003,9.981982e+001
3.581646e+003,9.968584e+001
3.582128e+003,9.965737e+001
3.582610e+003,9.973263e+001
3.583092e+003,9.988736e+001
3.583574e+003,1.000815e+002
3.584056e+003,1.002685e+002
3.584538e+003,1.004061e+002
3.585021e+003,1.004666e+002
3.585502e+003,1.004447e+002
3.585985e+003,1.003600e+002
3.586467e+003,1.002524e+002
3.586949e+003,1.001686e+002
3.587431e+003,1.001456e+002
3.587913e+003,1.001974e+002
3.588395e+003,1.003138e+002
3.588877e+003,1.004692e+002
3.589359e+003,1.006358e+002
3.589842e+003,1.007907e+002
3.590324e+003,1.009170e+002
3.590806e+003,1.010002e+002
3.591288e+003,1.010244e+002
3.591770e+003,1.009720e+002
3.592252e+003,1.008279e+002
3.592734e+003,1.005869e+002
3.593216e+003,1.002615e+002
3.593698e+003,9.988592e+001
3.594181e+003,9.951321e+001
3.594663e+003,9.920478e+001
3.595145e+003,9.901647e+001
3.595627e+003,9.898595e+001
3.596109e+003,9.912542e+001
3.596591e+003,9.942026e+001
3.597073e+003,9.983198e+001
3.597555e+003,1.003044e+002
3.598038e+003,1.007718e+002
3.598520e+003,1.011689e+002
3.599002e+003,1.014433e+002
3.599484e+003,1.015666e+002
3.599966e+003,1.015438e+002
3.600448e+003,1.014121e+002
3.600930e+003,1.012309e+002
3.601412e+003,1.010622e+002
3.601895e+003,1.009515e+002
3.602377e+003,1.009153e+002
3.602859e+003,1.009395e+002
3.603341e+003,1.009886e+002
3.603823e+003,1.010200e+002
3.604305e+003,1.010005e+002
3.604787e+003,1.009180e+002
3.605269e+003,1.007882e+002
3.605751e+003,1.006512e+002
3.606234e+003,1.005607e+002
3.606716e+003,1.005670e+002
3.607198e+003,1.006981e+002
3.607680e+003,1.009456e+002
3.608162e+003,1.012632e+002
3.608644e+003,1.015814e+002
3.609126e+003,1.018322e+002
3.609608e+003,1.019720e+002
3.610091e+003,1.019894e+002
3.610573e+003,1.018995e+002
3.611055e+003,1.017302e+002
3.611537e+003,1.015091e+002
3.612019e+003,1.012552e+002
3.612501e+003,1.009773e+002
3.612983e+003,1.006789e+002
3.613465e+003,1.003667e+002
3.613948e+003,1.000580e+002
3.614429e+003,9.978230e+001
3.614912e+003,9.957909e+001
3.615394e+003,9.949268e+001
3.615876e+003,9.956606e+001
3.616358e+003,9.983307e+001
3.616840e+003,1.003070e+002
3.617322e+003,1.009653e+002
3.617804e+003,1.017365e+002
3.618286e+003,1.024986e+002
3.618769e+003,1.031043e+002
3.619251e+003,1.034307e+002
3.619733e+003,1.034288e+002
3.620215e+003,1.031412e+002
3.620697e+003,1.026773e+002
3.621179e+003,1.021669e+002
3.621661e+003,1.017200e+002
3.622143e+003,1.014074e+002
3.622625e+003,1.012565e+002
3.623108e+003,1.012566e+002
3.623590e+003,1.013676e+002
3.624072e+003,1.015309e+002
3.624554e+003,1.016804e+002
3.625036e+003,1.017542e+002
3.625518e+003,1.017034e+002
3.626000e+003,1.015023e+002
3.626482e+003,1.011593e+002
3.626965e+003,1.007295e+002
3.627447e+003,1.003214e+002
3.627929e+003,1.000772e+002
3.628411e+003,1.001163e+002
3.628893e+003,1.004670e+002
3.629375e+003,1.010414e+002
3.629857e+003,1.016807e+002
3.630339e+003,1.022307e+002
3.630822e+003,1.025948e+002
3.631304e+003,1.027412e+002
3.631786e+003,1.026858e+002
3.632268e+003,1.024707e+002
3.632750e+003,1.021487e+002
3.633232e+003,1.017727e+002
3.633714e+003,1.013868e+002
3.634196e+003,1.010205e+002
3.634678e+003,1.006896e+002
3.635161e+003,1.004038e+002
3.635643e+003,1.001770e+002
3.636125e+003,1.000347e+002
3.636607e+003,1.000133e+002
3.637089e+003,1.001498e+002
3.637571e+003,1.004652e+002
3.638053e+003,1.009484e+002
3.638535e+003,1.015472e+002
3.639018e+003,1.021719e+002
3.639500e+003,1.027129e+002
3.639982e+003,1.030666e+002
3.640464e+003,1.031634e+002
3.640946e+003,1.029883e+002
3.641428e+003,1.025874e+002
3.641910e+003,1.020569e+002
3.642392e+003,1.015167e+002
3.642875e+003,1.010799e+002
3.643356e+003,1.008291e+002
3.643839e+003,1.008039e+002
3.644321e+003,1.010010e+002
3.644803e+003,1.013780e+002
3.645285e+003,1.018598e+002
3.645767e+003,1.023465e+002
3.646249e+003,1.027278e+002
3.646731e+003,1.029063e+002
3.647213e+003,1.028294e+002
3.647696e+003,1.025144e+002
3.648178e+003,1.020492e+002
3.648660e+003,1.015631e+002
3.649142e+003,1.011776e+002
3.649624e+003,1.009634e+002
3.650106e+003,1.009239e+002
3.650588e+003,1.010093e+002
3.651070e+003,1.011490e+002
3.651552e+003,1.012793e+002
3.652035e+003,1.013552e+002
3.652517e+003,1.013472e+002
3.652999e+003,1.012328e+002
3.653481e+003,1.009908e+002
3.653963e+003,1.006051e+002
3.654445e+003,1.000781e+002
3.654927e+003,9.944872e+001
3.655409e+003,9.880169e+001
3.655892e+003,9.825581e+001
3.656374e+003,9.792730e+001
3.656856e+003,9.788860e+001
3.657338e+003,9.814719e+001
3.657820e+003,9.865300e+001
3.658302e+003,9.932064e+001
3.658784e+003,1.000510e+002
3.659266e+003,1.007463e+002
3.659749e+003,1.013221e+002
3.660231e+003,1.017183e+002
3.660713e+003,1.019089e+002
3.661195e+003,1.019067e+002
3.661677e+003,1.017594e+002
3.662159e+003,1.015392e+002
3.662641e+003,1.013276e+002
3.663123e+003,1.012005e+002
3.663605e+003,1.012143e+002
3.664088e+003,1.013962e+002
3.664570e+003,1.017394e+002
3.665052e+003,1.022045e+002
3.665534e+003,1.027261e+002
3.666016e+003,1.032240e+002
3.666498e+003,1.036169e+002
3.666980e+003,1.038369e+002
3.667462e+003,1.038451e+002
3.667945e+003,1.036449e+002
3.668427e+003,1.032897e+002
3.668909e+003,1.028748e+002
3.669391e+003,1.025084e+002
3.669873e+003,1.022712e+002
3.670355e+003,1.021870e+002
3.670837e+003,1.022243e+002
3.671319e+003,1.023226e+002
3.671802e+003,1.024206e+002
3.672283e+003,1.024727e+002
3.672766e+003,1.024509e+002
3.673248e+003,1.023428e+002
3.673730e+003,1.021529e+002
3.674212e+003,1.019036e+002
3.674694e+003,1.016307e+002
3.675176e+003,1.013724e+002
3.675658e+003,1.011607e+002
3.676140e+003,1.010159e+002
3.676623e+003,1.009454e+002
3.677105e+003,1.009541e+002
3.677587e+003,1.010537e+002
3.678069e+003,1.012594e+002
3.678551e+003,1.015743e+002
3.679033e+003,1.019746e+002
3.679515e+003,1.024018e+002
3.679997e+003,1.027696e+002
3.680479e+003,1.029841e+002
3.680962e+003,1.029720e+002
3.681444e+003,1.027036e+002
3.681926e+003,1.022043e+002
3.682408e+003,1.015513e+002
3.682890e+003,1.008576e+002
3.683372e+003,1.002465e+002
3.683854e+003,9.982312e+001
3.684336e+003,9.965095e+001
3.684819e+003,9.974152e+001
3.685301e+003,1.000574e+002
3.685783e+003,1.005252e+002
3.686265e+003,1.010532e+002
3.686747e+003,1.015499e+002
3.687229e+003,1.019447e+002
3.687711e+003,1.022082e+002
3.688193e+003,1.023630e+002
3.688676e+003,1.024762e+002
3.689158e+003,1.026292e+002
3.689640e+003,1.028807e+002
3.690122e+003,1.032431e+002
3.690604e+003,1.036802e+002
3.691086e+003,1.041222e+002
3.691568e+003,1.044881e+002
3.692050e+003,1.047071e+002
3.692532e+003,1.047343e+002
3.693015e+003,1.045565e+002
3.693497e+003,1.041897e+002
3.693979e+003,1.036717e+002
3.694461e+003,1.030549e+002
3.694943e+003,1.023994e+002
3.695425e+003,1.017682e+002
3.695907e+003,1.012195e+002
3.696389e+003,1.008010e+002
3.696872e+003,1.005440e+002
3.697354e+003,1.004629e+002
3.697836e+003,1.005584e+002
3.698318e+003,1.008234e+002
3.698800e+003,1.012464e+002
3.699282e+003,1.018107e+002
3.699764e+003,1.024879e+002
3.700246e+003,1.032289e+002
3.700729e+003,1.039578e+002
3.701211e+003,1.045803e+002
3.701693e+003,1.050072e+002
3.702175e+003,1.051850e+002
3.702657e+003,1.051145e+002
3.703139e+003,1.048463e+002
3.703621e+003,1.044592e+002
3.704103e+003,1.040352e+002
3.704585e+003,1.036411e+002
3.705068e+003,1.033195e+002
3.705550e+003,1.030860e+002
3.706032e+003,1.029316e+002
3.706514e+003,1.028285e+002
3.706996e+003,1.027389e+002
3.707478e+003,1.026259e+002
3.707960e+003,1.024650e+002
3.708442e+003,1.022529e+002
3.708925e+003,1.020113e+002
3.709406e+003,1.017833e+002
3.709889e+003,1.016224e+002
3.710371e+003,1.015749e+002
3.710853e+003,1.016623e+002
3.711335e+003,1.018701e+002
3.711817e+003,1.021523e+002
3.712299e+003,1.024491e+002
3.712781e+003,1.027088e+002
3.713263e+003,1.029006e+002
3.713746e+003,1.030135e+002
3.714228e+003,1.030473e+002
3.714710e+003,1.030034e+002
3.715192e+003,1.028804e+002
3.715674e+003,1.026752e+002
3.716156e+003,1.023885e+002
3.716638e+003,1.020315e+002
3.717120e+003,1.016288e+002
3.717603e+003,1.012174e+002
3.718085e+003,1.008394e+002
3.718567e+003,1.005337e+002
3.719049e+003,1.003296e+002
3.719531e+003,1.002465e+002
3.720013e+003,1.002975e+002
3.720495e+003,1.004925e+002
3.720977e+003,1.008382e+002
3.721459e+003,1.013331e+002
3.721942e+003,1.019595e+002
3.722424e+003,1.026790e+002
3.722906e+003,1.034344e+002
3.723388e+003,1.041596e+002
3.723870e+003,1.047930e+002
3.724352e+003,1.052908e+002
3.724834e+003,1.056325e+002
3.725316e+003,1.058202e+002
3.725799e+003,1.058698e+002
3.726281e+003,1.058002e+002
3.726763e+003,1.056238e+002
3.727245e+003,1.053441e+002
3.727727e+003,1.049590e+002
3.728209e+003,1.044692e+002
3.728691e+003,1.038858e+002
3.729173e+003,1.032368e+002
3.729656e+003,1.025704e+002
3.730138e+003,1.019554e+002
3.730620e+003,1.014765e+002
3.731102e+003,1.012202e+002
3.731584e+003,1.012533e+002
3.732066e+003,1.015991e+002
3.732548e+003,1.022233e+002
3.733030e+003,1.030368e+002
3.733512e+003,1.039126e+002
3.733995e+003,1.047079e+002
3.734477e+003,1.052870e+002
3.734959e+003,1.055502e+002
3.735441e+003,1.054655e+002
3.735923e+003,1.050885e+002
3.736405e+003,1.045440e+002
3.736887e+003,1.039766e+002
3.737369e+003,1.035021e+002
3.737852e+003,1.031861e+002
3.738333e+003,1.030451e+002
3.738816e+003,1.030583e+002
3.739298e+003,1.031804e+002
3.739780e+003,1.033542e+002
3.740262e+003,1.035205e+002
3.740744e+003,1.036248e+002
3.741226e+003,1.036183e+002
3.741708e+003,1.034589e+002
3.742190e+003,1.031164e+002
3.742673e+003,1.025882e+002
3.743155e+003,1.019207e+002
3.743637e+003,1.012203e+002
3.744119e+003,1.006337e+002
3.744601e+003,1.002945e+002
3.745083e+003,1.002664e+002
3.745565e+003,1.005269e+002
3.746047e+003,1.010054e+002
3.746530e+003,1.016319e+002
3.747012e+003,1.023545e+002
3.747494e+003,1.031286e+002
3.747976e+003,1.038957e+002
3.748458e+003,1.045646e+002
3.748940e+003,1.050084e+002
3.749422e+003,1.050902e+002
3.749904e+003,1.047195e+002
3.750386e+003,1.039120e+002
3.750869e+003,1.028081e+002
3.751351e+003,1.016323e+002
3.751833e+003,1.006168e+002
3.752315e+003,9.993182e+001
3.752797e+003,9.964957e+001
3.753279e+003,9.974658e+001
3.753761e+003,1.001292e+002
3.754243e+003,1.006661e+002
3.754726e+003,1.012167e+002
3.755208e+003,1.016531e+002
3.755690e+003,1.018804e+002
3.756172e+003,1.018558e+002
3.756654e+003,1.016014e+002
3.757136e+003,1.012005e+002
3.757618e+003,1.007746e+002
3.758100e+003,1.004459e+002
3.758583e+003,1.003026e+002
3.759065e+003,1.003774e+002
3.759547e+003,1.006456e+002
3.760029e+003,1.010393e+002
3.760511e+003,1.014734e+002
3.760993e+003,1.018719e+002
3.761475e+003,1.021827e+002
3.761957e+003,1.023797e+002
3.762439e+003,1.024563e+002
3.762922e+003,1.024180e+002
3.763404e+003,1.022792e+002
3.763886e+003,1.020641e+002
3.764368e+003,1.018078e+002
3.764850e+003,1.015543e+002
3.765332e+003,1.013480e+002
3.765814e+003,1.012237e+002
3.766296e+003,1.011993e+002
3.766779e+003,1.012780e+002
3.767260e+003,1.014552e+002
3.767743e+003,1.017225e+002
3.768225e+003,1.020652e+002
3.768707e+003,1.024531e+002
3.769189e+003,1.028324e+002
3.769671e+003,1.031303e+002
3.770153e+003,1.032760e+002
3.770635e+003,1.032279e+002
3.771117e+003,1.029904e+002
3.771600e+003,1.026127e+002
3.772082e+003,1.021725e+002
3.772564e+003,1.017550e+002
3.773046e+003,1.014341e+002
3.773528e+003,1.012569e+002
3.774010e+003,1.012344e+002
3.774492e+003,1.013398e+002
3.774974e+003,1.015141e+002
3.775457e+003,1.016814e+002
3.775939e+003,1.017683e+002
3.776421e+003,1.017233e+002
3.776903e+003,1.015319e+002
3.777385e+003,1.012234e+002
3.777867e+003,1.008665e+002
3.778349e+003,1.005534e+002
3.778831e+003,1.003721e+002
3.779313e+003,1.003767e+002
3.779796e+003,1.005670e+002
3.780278e+003,1.008894e+002
3.780760e+003,1.012583e+002
3.781242e+003,1.015854e+002
3.781724e+003,1.018059e+002
3.782206e+003,1.018930e+002
3.782688e+003,1.018606e+002
3.783170e+003,1.017557e+002
3.783653e+003,1.016402e+002
3.784135e+003,1.015660e+002
3.784617e+003,1.015520e+002
3.785099e+003,1.015744e+002
3.785581e+003,1.015778e+002
3.786063e+003,1.015038e+002
3.786545e+003,1.013220e+002
3.787027e+003,1.010508e+002
3.787510e+003,1.007582e+002
3.787992e+003,1.005414e+002
3.788474e+003,1.004949e+002
3.788956e+003,1.006768e+002
3.789438e+003,1.010850e+002
3.789920e+003,1.016502e+002
3.790402e+003,1.022498e+002
3.790884e+003,1.027407e+002
3.791366e+003,1.030031e+002
3.791849e+003,1.029801e+002
3.792331e+003,1.026941e+002
3.792813e+003,1.022344e+002
3.793295e+003,1.017259e+002
3.793777e+003,1.012956e+002
3.794259e+003,1.010470e+002
3.794741e+003,1.010427e+002
3.795223e+003,1.012899e+002
3.795706e+003,1.017350e+002
3.796188e+003,1.022725e+002
3.796670e+003,1.027760e+002
3.797152e+003,1.031371e+002
3.797634e+003,1.032908e+002
3.798116e+003,1.032204e+002
3.798598e+003,1.029451e+002
3.799080e+003,1.025076e+002
3.799563e+003,1.019680e+002
3.800044e+003,1.014000e+002
3.800527e+003,1.008831e+002
3.801009e+003,1.004854e+002
3.801491e+003,1.002470e+002
3.801973e+003,1.001755e+002
3.802455e+003,1.002521e+002
3.802937e+003,1.004466e+002
3.803419e+003,1.007305e+002
3.803901e+003,1.010812e+002
3.804384e+003,1.014742e+002
3.804866e+003,1.018710e+002
3.805348e+003,1.022096e+002
3.805830e+003,1.024073e+002
3.806312e+003,1.023866e+002
3.806794e+003,1.021192e+002
3.807276e+003,1.016576e+002
3.807758e+003,1.011194e+002
3.808240e+003,1.006377e+002
3.808723e+003,1.003184e+002
3.809205e+003,1.002235e+002
3.809687e+003,1.003713e+002
3.810169e+003,1.007382e+002
3.810651e+003,1.012616e+002
3.811133e+003,1.018461e+002
3.811615e+003,1.023778e+002
3.812097e+003,1.027455e+002
3.812580e+003,1.028631e+002
3.813062e+003,1.026887e+002
3.813544e+003,1.022386e+002
3.814026e+003,1.015963e+002
3.814508e+003,1.009077e+002
3.814990e+003,1.003519e+002
3.815472e+003,1.000825e+002
3.815954e+003,1.001663e+002
3.816437e+003,1.005591e+002
3.816919e+003,1.011360e+002
3.817401e+003,1.017525e+002
3.817883e+003,1.022948e+002
3.818365e+003,1.027008e+002
3.818847e+003,1.029569e+002
3.819329e+003,1.030834e+002
3.819811e+003,1.031151e+002
3.820293e+003,1.030768e+002
3.820776e+003,1.029665e+002
3.821258e+003,1.027643e+002
3.821740e+003,1.024577e+002
3.822222e+003,1.020598e+002
3.822704e+003,1.016091e+002
3.823186e+003,1.011610e+002
3.823668e+003,1.007780e+002
3.824150e+003,1.005203e+002
3.824633e+003,1.004366e+002
3.825115e+003,1.005508e+002
3.825597e+003,1.008486e+002
3.826079e+003,1.012682e+002
3.826561e+003,1.017080e+002
3.827043e+003,1.020530e+002
3.827525e+003,1.022116e+002
3.828007e+003,1.021444e+002
3.828490e+003,1.018737e+002
3.828971e+003,1.014758e+002
3.829454e+003,1.010609e+002
3.829936e+003,1.007478e+002
3.830418e+003,1.006348e+002
3.830900e+003,1.007713e+002
3.831382e+003,1.011381e+002
3.831864e+003,1.016493e+002
3.832346e+003,1.021780e+002
3.832828e+003,1.025987e+002
3.833311e+003,1.028268e+002
3.833793e+003,1.028395e+002
3.834275e+003,1.026720e+002
3.834757e+003,1.023941e+002
3.835239e+003,1.020820e+002
3.835721e+003,1.017915e+002
3.836203e+003,1.015459e+002
3.836685e+003,1.013363e+002
3.837167e+003,1.011381e+002
3.837650e+003,1.009332e+002
3.838132e+003,1.007283e+002
3.838614e+003,1.005568e+002
3.839096e+003,1.004646e+002
3.839578e+003,1.004907e+002
3.840060e+003,1.006546e+002
3.840542e+003,1.009545e+002
3.841024e+003,1.013716e+002
3.841507e+003,1.018738e+002
3.841989e+003,1.024172e+002
3.842471e+003,1.029443e+002
3.842953e+003,1.033852e+002
3.843435e+003,1.036650e+002
3.843917e+003,1.037209e+002
3.844399e+003,1.035221e+002
3.844881e+003,1.030839e+002
3.845364e+003,1.024669e+002
3.845846e+003,1.017639e+002
3.846328e+003,1.010774e+002
3.846810e+003,1.004993e+002
3.847292e+003,1.000947e+002
3.847774e+003,9.989364e+001
3.848256e+003,9.988939e+001
3.848738e+003,1.000443e+002
3.849220e+003,1.003018e+002
3.849703e+003,1.006021e+002
3.850185e+003,1.008994e+002
3.850667e+003,1.011778e+002
3.851149e+003,1.014635e+002
3.851631e+003,1.018259e+002
3.852113e+003,1.023521e+002
3.852595e+003,1.030799e+002
3.853077e+003,1.039247e+002
3.853560e+003,1.046876e+002
3.854042e+003,1.051696e+002
3.854524e+003,1.052797e+002
3.855006e+003,1.050509e+002
3.855488e+003,1.045890e+002
3.855970e+003,1.040176e+002
3.856452e+003,1.034450e+002
3.856934e+003,1.029491e+002
3.857417e+003,1.025717e+002
3.857898e+003,1.023162e+002
3.858381e+003,1.021497e+002
3.858863e+003,1.020118e+002
3.859345e+003,1.018296e+002
3.859827e+003,1.015400e+002
3.860309e+003,1.011133e+002
3.860791e+003,1.005705e+002
3.861273e+003,9.998721e+001
3.861755e+003,9.947681e+001
3.862238e+003,9.915958e+001
3.862720e+003,9.912719e+001
3.863202e+003,9.941342e+001
3.863684e+003,9.997702e+001
3.864166e+003,1.007047e+002
3.864648e+003,1.014412e+002
3.865130e+003,1.020419e+002
3.865612e+003,1.024220e+002
3.866094e+003,1.025744e+002
3.866577e+003,1.025532e+002
3.867059e+003,1.024438e+002
3.867541e+003,1.023370e+002
3.868023e+003,1.023091e+002
3.868505e+003,1.024029e+002
3.868987e+003,1.026052e+002
3.869469e+003,1.028395e+002
3.869951e+003,1.029941e+002
3.870434e+003,1.029764e+002
3.870916e+003,1.027538e+002
3.871398e+003,1.023603e+002
3.871880e+003,1.018803e+002
3.872362e+003,1.014256e+002
3.872844e+003,1.011107e+002
3.873326e+003,1.010230e+002
3.873808e+003,1.011901e+002
3.874291e+003,1.015592e+002
3.874773e+003,1.020053e+002
3.875255e+003,1.023745e+002
3.875737e+003,1.025374e+002
3.876219e+003,1.024269e+002
3.876701e+003,1.020493e+002
3.877183e+003,1.014751e+002
3.877665e+003,1.008211e+002
3.878147e+003,1.002293e+002
3.878630e+003,9.984114e+001
3.879112e+003,9.976244e+001
3.879594e+003,1.000278e+002
3.880076e+003,1.005793e+002
3.880558e+003,1.012797e+002
3.881040e+003,1.019621e+002
3.881522e+003,1.024887e+002
3.882004e+003,1.027873e+002
3.882487e+003,1.028534e+002
3.882969e+003,1.027312e+002
3.883451e+003,1.024904e+002
3.883933e+003,1.022083e+002
3.884415e+003,1.019549e+002
3.884897e+003,1.017775e+002
3.885379e+003,1.016899e+002
3.885861e+003,1.016730e+002
3.886344e+003,1.016892e+002
3.886825e+003,1.017022e+002
3.887308e+003,1.016926e+002
3.887790e+003,1.016639e+002
3.888272e+003,1.016376e+002
3.888754e+003,1.016440e+002
3.889236e+003,1.017100e+002
3.889718e+003,1.018467e+002
3.890200e+003,1.020385e+002
3.890682e+003,1.022419e+002
3.891165e+003,1.023988e+002
3.891647e+003,1.024639e+002
3.892129e+003,1.024274e+002
3.892611e+003,1.023186e+002
3.893093e+003,1.021912e+002
3.893575e+003,1.020990e+002
3.894057e+003,1.020774e+002
3.894539e+003,1.021336e+002
3.895021e+003,1.022473e+002
3.895504e+003,1.023775e+002
3.895986e+003,1.024743e+002
3.896468e+003,1.024912e+002
3.896950e+003,1.023974e+002
3.897432e+003,1.021855e+002
3.897914e+003,1.018754e+002
3.898396e+003,1.015112e+002
3.898878e+003,1.011522e+002
3.899361e+003,1.008593e+002
3.899843e+003,1.006815e+002
3.900325e+003,1.006463e+002
3.900807e+003,1.007559e+002
3.901289e+003,1.009894e+002
3.901771e+003,1.013078e+002
3.902253e+003,1.016596e+002
3.902735e+003,1.019892e+002
3.903218e+003,1.022463e+002
3.903700e+003,1.023980e+002
3.904182e+003,1.024377e+002
3.904664e+003,1.023842e+002
3.905146e+003,1.022712e+002
3.905628e+003,1.021333e+002
3.906110e+003,1.019948e+002
3.906592e+003,1.018666e+002
3.907074e+003,1.017482e+002
3.907557e+003,1.016327e+002
3.908039e+003,1.015118e+002
3.908521e+003,1.013788e+002
3.909003e+003,1.012301e+002
3.909485e+003,1.010662e+002
3.909967e+003,1.008910e+002
3.910449e+003,1.007140e+002
3.910931e+003,1.005505e+002
3.911414e+003,1.004226e+002
3.911896e+003,1.003566e+002
3.912378e+003,1.003774e+002
3.912860e+003,1.005026e+002
3.913342e+003,1.007354e+002
3.913824e+003,1.010619e+002
3.914306e+003,1.014501e+002
3.914788e+003,1.018540e+002
3.915271e+003,1.022207e+002
3.915752e+003,1.025014e+002
3.916235e+003,1.026647e+002
3.916717e+003,1.027053e+002
3.917199e+003,1.026458e+002
3.917681e+003,1.025280e+002
3.918163e+003,1.024002e+002
3.918645e+003,1.023040e+002
3.919127e+003,1.022666e+002
3.919609e+003,1.022966e+002
3.920092e+003,1.023840e+002
3.920574e+003,1.025033e+002
3.921056e+003,1.026187e+002
3.921538e+003,1.026908e+002
3.922020e+003,1.026844e+002
3.922502e+003,1.025767e+002
3.922984e+003,1.023634e+002
3.923466e+003,1.020627e+002
3.923948e+003,1.017137e+002
3.924431e+003,1.013669e+002
3.924913e+003,1.010710e+002
3.925395e+003,1.008589e+002
3.925877e+003,1.007416e+002
3.926359e+003,1.007098e+002
3.926841e+003,1.007426e+002
3.927323e+003,1.008166e+002
3.927805e+003,1.009118e+002
3.928288e+003,1.010151e+002
3.928770e+003,1.011195e+002
3.929252e+003,1.012219e+002
3.929734e+003,1.013205e+002
3.930216e+003,1.014128e+002
3.930698e+003,1.014953e+002
3.931180e+003,1.015641e+002
3.931662e+003,1.016161e+002
3.932145e+003,1.016504e+002
3.932627e+003,1.016691e+002
3.933109e+003,1.016760e+002
3.933591e+003,1.016764e+002
3.934073e+003,1.016752e+002
3.934555e+003,1.016765e+002
3.935037e+003,1.016832e+002
3.935519e+003,1.016952e+002
3.936001e+003,1.017100e+002
3.936484e+003,1.017215e+002
3.936966e+003,1.017212e+002
3.937448e+003,1.017002e+002
3.937930e+003,1.016527e+002
3.938412e+003,1.015781e+002
3.938894e+003,1.014828e+002
3.939376e+003,1.013790e+002
3.939858e+003,1.012831e+002
3.940341e+003,1.012117e+002
3.940823e+003,1.011788e+002
3.941305e+003,1.011920e+002
3.941787e+003,1.012509e+002
3.942269e+003,1.013470e+002
3.942751e+003,1.014654e+002
3.943233e+003,1.015881e+002
3.943715e+003,1.016979e+002
3.944198e+003,1.017810e+002
3.944679e+003,1.018290e+002
3.945162e+003,1.018395e+002
3.945644e+003,1.018163e+002
3.946126e+003,1.017682e+002
3.946608e+003,1.017073e+002
3.947090e+003,1.016461e+002
3.947572e+003,1.015943e+002
3.948054e+003,1.015563e+002
3.948536e+003,1.015300e+002
3.949019e+003,1.015095e+002
3.949501e+003,1.014881e+002
3.949983e+003,1.014630e+002
3.950465e+003,1.014375e+002
3.950947e+003,1.014194e+002
3.951429e+003,1.014176e+002
3.951911e+003,1.014371e+002
3.952393e+003,1.014758e+002
3.952875e+003,1.015238e+002
3.953358e+003,1.015662e+002
3.953840e+003,1.015882e+002
3.954322e+003,1.015805e+002
3.954804e+003,1.015429e+002
3.955286e+003,1.014846e+002
3.955768e+003,1.014209e+002
3.956250e+003,1.013682e+002
3.956732e+003,1.013386e+002
3.957215e+003,1.013372e+002
3.957697e+003,1.013615e+002
3.958179e+003,1.014038e+002
3.958661e+003,1.014544e+002
3.959143e+003,1.015047e+002
3.959625e+003,1.015491e+002
3.960107e+003,1.015854e+002
3.960589e+003,1.016144e+002
3.961072e+003,1.016382e+002
3.961554e+003,1.016592e+002
3.962036e+003,1.016801e+002
3.962518e+003,1.017027e+002
3.963000e+003,1.017280e+002
3.963482e+003,1.017559e+002
3.963964e+003,1.017853e+002
3.964446e+003,1.018134e+002
3.964928e+003,1.018365e+002
3.965411e+003,1.018504e+002
3.965893e+003,1.018513e+002
3.966375e+003,1.018362e+002
3.966857e+003,1.018042e+002
3.967339e+003,1.017565e+002
3.967821e+003,1.016969e+002
3.968303e+003,1.016313e+002
3.968785e+003,1.015673e+002
3.969268e+003,1.015133e+002
3.969750e+003,1.014766e+002
3.970232e+003,1.014622e+002
3.970714e+003,1.014708e+002
3.971196e+003,1.014986e+002
3.971678e+003,1.015376e+002
3.972160e+003,1.015780e+002
3.972642e+003,1.016099e+002
3.973125e+003,1.016266e+002
3.973606e+003,1.016255e+002
3.974089e+003,1.016090e+002
3.974571e+003,1.015825e+002
3.975053e+003,1.015531e+002
3.975535e+003,1.015273e+002
3.976017e+003,1.015102e+002
3.976499e+003,1.015045e+002
3.976981e+003,1.015114e+002
3.977463e+003,1.015304e+002
3.977946e+003,1.015596e+002
3.978428e+003,1.015958e+002
3.978910e+003,1.016340e+002
3.979392e+003,1.016683e+002
3.979874e+003,1.016931e+002
3.980356e+003,1.017043e+002
3.980838e+003,1.017009e+002
3.981320e+003,1.016855e+002
3.981802e+003,1.016632e+002
3.982285e+003,1.016406e+002
3.982767e+003,1.016231e+002
3.983249e+003,1.016139e+002
3.983731e+003,1.016132e+002
3.984213e+003,1.016191e+002
3.984695e+003,1.016290e+002
3.985177e+003,1.016401e+002
3.985659e+003,1.016503e+002
3.986142e+003,1.016579e+002
3.986624e+003,1.016614e+002
3.987106e+003,1.016593e+002
3.987588e+003,1.016504e+002
3.988070e+003,1.016351e+002
3.988552e+003,1.016155e+002
3.989034e+003,1.015960e+002
3.989516e+003,1.015816e+002
3.989999e+003,1.015767e+002
3.990481e+003,1.015827e+002
3.990963e+003,1.015975e+002
3.991445e+003,1.016159e+002
3.991927e+003,1.016316e+002
3.992409e+003,1.016395e+002
3.992891e+003,1.016376e+002
3.993373e+003,1.016277e+002
3.993855e+003,1.016140e+002
3.994338e+003,1.016019e+002
3.994820e+003,1.015957e+002
3.995302e+003,1.015975e+002
3.995784e+003,1.016074e+002
3.996266e+003,1.016244e+002
3.996748e+003,1.016470e+002
3.997230e+003,1.016739e+002
3.997712e+003,1.017036e+002
3.998195e+003,1.017336e+002
3.998677e+003,1.017602e+002
3.999159e+003,1.017786e+002
3.999641e+003,1.017843e+002
4.000123e+003,1.017750e+002
