3.996747e+002,0.000000e+000
4.001569e+002,7.626750e+001
4.006390e+002,7.564636e+001
4.011211e+002,7.492268e+001
4.016032e+002,7.426006e+001
4.020853e+002,7.374359e+001
4.025674e+002,7.337385e+001
4.030496e+002,7.308722e+001
4.035317e+002,7.280141e+001
4.040138e+002,7.246091e+001
4.044959e+002,7.206467e+001
4.049780e+002,7.166139e+001
4.054601e+002,7.132098e+001
4.059423e+002,7.109356e+001
4.064244e+002,7.098156e+001
4.069065e+002,7.093987e+001
4.073886e+002,7.090456e+001
4.078707e+002,7.083030e+001
4.083528e+002,7.071648e+001
4.088350e+002,7.060875e+001
4.093171e+002,7.057937e+001
4.097992e+002,7.069044e+001
4.102813e+002,7.095983e+001
4.107634e+002,7.134698e+001
4.112455e+002,7.176788e+001
4.117277e+002,7.212692e+001
4.122098e+002,7.234687e+001
4.126919e+002,7.238477e+001
4.131740e+002,7.223574e+001
4.136561e+002,7.192677e+001
4.141382e+002,7.150613e+001
4.146204e+002,7.102944e+001
4.151025e+002,7.054994e+001
4.155846e+002,7.011328e+001
4.160667e+002,6.975888e+001
4.165488e+002,6.951927e+001
4.170309e+002,6.941508e+001
4.175131e+002,6.943974e+001
4.179952e+002,6.954424e+001
4.184773e+002,6.963917e+001
4.189594e+002,6.963502e+001
4.194415e+002,6.949673e+001
4.199236e+002,6.926438e+001
4.204058e+002,6.901978e+001
4.208879e+002,6.883884e+001
4.213700e+002,6.876208e+001
4.218521e+002,6.879082e+001
4.223342e+002,6.889744e+001
4.228163e+002,6.904209e+001
4.232985e+002,6.918723e+001
4.237806e+002,6.930787e+001
4.242627e+002,6.939305e+001
4.247448e+002,6.944102e+001
4.252269e+002,6.945068e+001
4.257090e+002,6.941834e+001
4.261912e+002,6.934007e+001
4.266733e+002,6.921944e+001
4.271554e+002,6.907229e+001
4.276375e+002,6.892631e+001
4.281196e+002,6.881181e+001
4.286017e+002,6.874973e+001
4.290839e+002,6.873949e+001
4.295660e+002,6.875707e+001
4.300481e+002,6.876389e+001
4.305302e+002,6.872485e+001
4.310123e+002,6.862492e+001
4.314944e+002,6.847668e+001
4.319766e+002,6.831429e+001
4.324587e+002,6.817877e+001
4.329408e+002,6.810127e+001
4.334229e+002,6.809271e+001
4.339050e+002,6.814320e+001
4.343871e+002,6.823095e+001
4.348693e+002,6.833253e+001
4.353514e+002,6.842993e+001
4.358335e+002,6.850971e+001
4.363156e+002,6.855852e+001
4.367977e+002,6.855879e+001
4.372798e+002,6.849104e+001
4.377620e+002,6.834141e+001
4.382441e+002,6.811068e+001
4.387262e+002,6.781728e+001
4.392083e+002,6.749309e+001
4.396904e+002,6.717227e+001
4.401725e+002,6.687898e+001
4.406547e+002,6.661697e+001
4.411368e+002,6.636894e+001
4.416189e+002,6.610770e+001
4.421010e+002,6.581558e+001
4.425831e+002,6.550099e+001
4.430652e+002,6.520120e+001
4.435474e+002,6.496699e+001
4.440295e+002,6.483709e+001
4.445116e+002,6.481477e+001
4.449937e+002,6.486069e+001
4.454758e+002,6.490633e+001
4.459579e+002,6.488304e+001
4.464401e+002,6.475129e+001
4.469222e+002,6.451936e+001
4.474043e+002,6.424107e+001
4.478864e+002,6.399562e+001
4.483685e+002,6.385551e+001
4.488506e+002,6.385809e+001
4.493328e+002,6.399395e+001
4.498149e+002,6.421732e+001
4.502970e+002,6.446897e+001
4.507791e+002,6.469874e+001
4.512612e+002,6.487680e+001
4.517433e+002,6.499393e+001
4.522255e+002,6.505360e+001
4.527076e+002,6.506369e+001
4.531897e+002,6.503209e+001
4.536718e+002,6.496905e+001
4.541539e+002,6.489090e+001
4.546360e+002,6.482218e+001
4.551182e+002,6.479082e+001
4.556003e+002,6.481796e+001
4.560824e+002,6.490409e+001
4.565645e+002,6.501895e+001
4.570466e+002,6.510424e+001
4.575287e+002,6.509559e+001
4.580109e+002,6.495526e+001
4.584930e+002,6.469660e+001
4.589751e+002,6.438017e+001
4.594572e+002,6.408712e+001
4.599393e+002,6.388562e+001
4.604214e+002,6.380820e+001
4.609036e+002,6.384533e+001
4.613857e+002,6.395354e+001
4.618678e+002,6.407172e+001
4.623499e+002,6.414059e+001
4.628320e+002,6.411941e+001
4.633141e+002,6.399529e+001
4.637963e+002,6.378311e+001
4.642784e+002,6.351694e+001
4.647605e+002,6.323932e+001
4.652426e+002,6.299310e+001
4.657247e+002,6.281644e+001
4.662068e+002,6.273948e+001
4.666890e+002,6.277786e+001
4.671711e+002,6.292525e+001
4.676532e+002,6.314875e+001
4.681353e+002,6.339535e+001
4.686174e+002,6.361029e+001
4.690995e+002,6.376024e+001
4.695817e+002,6.384984e+001
4.700638e+002,6.392510e+001
4.705459e+002,6.406207e+001
4.710280e+002,6.434435e+001
4.715101e+002,6.483262e+001
4.719922e+002,6.553708e+001
4.724744e+002,6.640789e+001
4.729565e+002,6.735367e+001
4.734386e+002,6.827939e+001
4.739207e+002,6.912087e+001
4.744028e+002,6.985765e+001
4.748849e+002,7.050460e+001
4.753671e+002,7.109270e+001
4.758492e+002,7.165172e+001
4.763313e+002,7.220030e+001
4.768134e+002,7.274516e+001
4.772955e+002,7.328499e+001
4.777776e+002,7.381587e+001
4.782598e+002,7.433302e+001
4.787419e+002,7.483096e+001
4.792240e+002,7.530186e+001
4.797061e+002,7.573608e+001
4.801882e+002,7.612439e+001
4.806703e+002,7.646102e+001
4.811525e+002,7.674528e+001
4.816346e+002,7.698019e+001
4.821167e+002,7.716812e+001
4.825988e+002,7.730589e+001
4.830809e+002,7.738229e+001
4.835630e+002,7.738129e+001
4.840452e+002,7.728979e+001
4.845273e+002,7.710783e+001
4.850094e+002,7.685394e+001
4.854915e+002,7.656340e+001
4.859736e+002,7.627814e+001
4.864557e+002,7.603358e+001
4.869379e+002,7.584681e+001
4.874200e+002,7.571225e+001
4.879021e+002,7.560543e+001
4.883842e+002,7.549371e+001
4.888663e+002,7.534837e+001
4.893484e+002,7.515425e+001
4.898306e+002,7.491221e+001
4.903127e+002,7.463613e+001
4.907948e+002,7.434506e+001
4.912769e+002,7.405637e+001
4.917590e+002,7.378164e+001
4.922411e+002,7.352803e+001
4.927233e+002,7.330180e+001
4.932054e+002,7.311152e+001
4.936875e+002,7.296717e+001
4.941696e+002,7.287597e+001
4.946517e+002,7.283713e+001
4.951339e+002,7.283804e+001
4.956160e+002,7.285571e+001
4.960981e+002,7.286290e+001
4.965802e+002,7.283656e+001
4.970623e+002,7.276492e+001
4.975444e+002,7.265047e+001
4.980266e+002,7.250744e+001
4.985087e+002,7.235556e+001
4.989908e+002,7.221268e+001
4.994729e+002,7.208962e+001
4.999550e+002,7.198827e+001
5.004371e+002,7.190217e+001
5.009193e+002,7.181888e+001
5.014014e+002,7.172182e+001
5.018835e+002,7.159346e+001
5.023656e+002,7.141878e+001
5.028477e+002,7.119001e+001
5.033299e+002,7.091015e+001
5.038120e+002,7.059353e+001
5.042941e+002,7.026286e+001
5.047762e+002,6.994339e+001
5.052583e+002,6.965527e+001
5.057404e+002,6.940649e+001
5.062226e+002,6.918781e+001
5.067047e+002,6.897401e+001
5.071868e+002,6.873148e+001
5.076689e+002,6.843127e+001
5.081510e+002,6.806052e+001
5.086331e+002,6.762763e+001
5.091153e+002,6.715813e+001
5.095974e+002,6.668494e+001
5.100795e+002,6.623695e+001
5.105616e+002,6.583137e+001
5.110437e+002,6.547210e+001
5.115258e+002,6.515494e+001
5.120079e+002,6.487486e+001
5.124901e+002,6.463221e+001
5.129722e+002,6.443324e+001
5.134543e+002,6.428535e+001
5.139364e+002,6.418969e+001
5.144185e+002,6.413614e+001
5.149006e+002,6.410380e+001
5.153828e+002,6.406813e+001
5.158649e+002,6.401085e+001
5.163470e+002,6.392872e+001
5.168291e+002,6.383518e+001
5.173112e+002,6.375476e+001
5.177933e+002,6.371153e+001
5.182755e+002,6.371830e+001
5.187576e+002,6.377200e+001
5.192397e+002,6.385768e+001
5.197218e+002,6.395727e+001
5.202039e+002,6.405874e+001
5.206860e+002,6.416001e+001
5.211682e+002,6.426799e+001
5.216503e+002,6.439393e+001
5.221324e+002,6.454961e+001
5.226145e+002,6.474664e+001
5.230966e+002,6.499971e+001
5.235787e+002,6.533106e+001
5.240609e+002,6.577280e+001
5.245430e+002,6.636283e+001
5.250251e+002,6.713412e+001
5.255072e+002,6.810010e+001
5.259893e+002,6.924465e+001
5.264714e+002,7.052310e+001
5.269536e+002,7.187493e+001
5.274357e+002,7.323930e+001
5.279178e+002,7.456470e+001
5.283999e+002,7.580975e+001
5.288821e+002,7.693874e+001
5.293641e+002,7.791737e+001
5.298463e+002,7.871305e+001
5.303284e+002,7.929948e+001
5.308105e+002,7.966376e+001
5.312926e+002,7.981182e+001
5.317748e+002,7.976961e+001
5.322568e+002,7.957852e+001
5.327390e+002,7.928760e+001
5.332211e+002,7.894390e+001
5.337032e+002,7.858517e+001
5.341853e+002,7.823564e+001
5.346675e+002,7.790670e+001
5.351495e+002,7.760003e+001
5.356317e+002,7.731205e+001
5.361138e+002,7.703708e+001
5.365959e+002,7.676906e+001
5.370780e+002,7.650187e+001
5.375602e+002,7.622985e+001
5.380422e+002,7.594925e+001
5.385244e+002,7.566019e+001
5.390065e+002,7.536803e+001
5.394886e+002,7.508276e+001
5.399707e+002,7.481582e+001
5.404529e+002,7.457520e+001
5.409349e+002,7.436075e+001
5.414171e+002,7.416220e+001
5.418992e+002,7.396108e+001
5.423813e+002,7.373634e+001
5.428634e+002,7.347104e+001
5.433456e+002,7.315791e+001
5.438276e+002,7.280106e+001
5.443098e+002,7.241376e+001
5.447919e+002,7.201308e+001
5.452740e+002,7.161372e+001
5.457561e+002,7.122359e+001
5.462383e+002,7.084299e+001
5.467203e+002,7.046677e+001
5.472025e+002,7.008867e+001
5.476846e+002,6.970409e+001
5.481667e+002,6.931171e+001
5.486488e+002,6.891241e+001
5.491310e+002,6.850835e+001
5.496130e+002,6.810278e+001
5.500952e+002,6.770170e+001
5.505773e+002,6.731645e+001
5.510594e+002,6.696572e+001
5.515415e+002,6.667444e+001
5.520237e+002,6.646939e+001
5.525057e+002,6.637155e+001
5.529879e+002,6.638861e+001
5.534700e+002,6.651064e+001
5.539521e+002,6.671122e+001
5.544342e+002,6.695338e+001
5.549164e+002,6.719797e+001
5.553984e+002,6.741101e+001
5.558806e+002,6.756888e+001
5.563627e+002,6.766056e+001
5.568448e+002,6.768897e+001
5.573269e+002,6.767088e+001
5.578091e+002,6.763634e+001
5.582911e+002,6.762573e+001
5.587733e+002,6.768423e+001
5.592554e+002,6.785294e+001
5.597375e+002,6.815951e+001
5.602196e+002,6.861046e+001
5.607018e+002,6.918992e+001
5.611838e+002,6.986430e+001
5.616660e+002,7.059194e+001
5.621481e+002,7.133240e+001
5.626302e+002,7.205338e+001
5.631123e+002,7.273306e+001
5.635945e+002,7.335949e+001
5.640765e+002,7.392790e+001
5.645587e+002,7.443843e+001
5.650408e+002,7.489422e+001
5.655229e+002,7.530079e+001
5.660050e+002,7.566556e+001
5.664872e+002,7.599750e+001
5.669692e+002,7.630634e+001
5.674514e+002,7.660193e+001
5.679335e+002,7.689309e+001
5.684156e+002,7.718728e+001
5.688977e+002,7.749007e+001
5.693799e+002,7.780460e+001
5.698619e+002,7.813043e+001
5.703441e+002,7.846237e+001
5.708262e+002,7.878931e+001
5.713083e+002,7.909529e+001
5.717904e+002,7.936222e+001
5.722726e+002,7.957479e+001
5.727546e+002,7.972520e+001
5.732368e+002,7.981638e+001
5.737189e+002,7.986153e+001
5.742010e+002,7.988063e+001
5.746831e+002,7.989426e+001
5.751653e+002,7.991727e+001
5.756473e+002,7.995393e+001
5.761295e+002,7.999693e+001
5.766116e+002,8.002976e+001
5.770938e+002,8.003255e+001
5.775758e+002,7.998717e+001
5.780580e+002,7.988142e+001
5.785400e+002,7.971021e+001
5.790222e+002,7.947619e+001
5.795043e+002,7.918951e+001
5.799865e+002,7.886814e+001
5.804685e+002,7.853719e+001
5.809507e+002,7.822640e+001
5.814327e+002,7.796500e+001
5.819149e+002,7.777539e+001
5.823970e+002,7.766701e+001
5.828792e+002,7.763390e+001
5.833612e+002,7.765643e+001
5.838434e+002,7.770782e+001
5.843254e+002,7.776266e+001
5.848076e+002,7.780466e+001
5.852897e+002,7.783051e+001
5.857719e+002,7.784850e+001
5.862539e+002,7.787227e+001
5.867361e+002,7.791338e+001
5.872181e+002,7.797157e+001
5.877003e+002,7.804393e+001
5.881824e+002,7.811678e+001
5.886646e+002,7.817418e+001
5.891466e+002,7.820337e+001
5.896288e+002,7.819879e+001
5.901108e+002,7.816257e+001
5.905930e+002,7.810227e+001
5.910751e+002,7.802706e+001
5.915573e+002,7.794463e+001
5.920393e+002,7.785970e+001
5.925215e+002,7.777518e+001
5.930035e+002,7.769404e+001
5.934857e+002,7.762080e+001
5.939678e+002,7.756093e+001
5.944500e+002,7.751913e+001
5.949320e+002,7.749667e+001
5.954142e+002,7.749014e+001
5.958962e+002,7.749167e+001
5.963784e+002,7.749133e+001
5.968605e+002,7.747990e+001
5.973427e+002,7.745114e+001
5.978247e+002,7.740236e+001
5.983069e+002,7.733388e+001
5.987889e+002,7.724784e+001
5.992711e+002,7.714761e+001
5.997532e+002,7.703784e+001
6.002354e+002,7.692519e+001
6.007174e+002,7.681799e+001
6.011996e+002,7.672483e+001
6.016816e+002,7.665129e+001
6.021638e+002,7.659700e+001
6.026459e+002,7.655366e+001
6.031281e+002,7.650596e+001
6.036101e+002,7.643521e+001
6.040923e+002,7.632536e+001
6.045743e+002,7.616830e+001
6.050565e+002,7.596720e+001
6.055386e+002,7.573610e+001
6.060208e+002,7.549606e+001
6.065029e+002,7.526974e+001
6.069850e+002,7.507623e+001
6.074671e+002,7.492810e+001
6.079492e+002,7.483077e+001
6.084313e+002,7.478357e+001
6.089135e+002,7.478175e+001
6.093956e+002,7.481754e+001
6.098777e+002,7.488177e+001
6.103598e+002,7.496442e+001
6.108419e+002,7.505649e+001
6.113240e+002,7.515170e+001
6.118062e+002,7.524834e+001
6.122883e+002,7.534914e+001
6.127704e+002,7.545985e+001
6.132525e+002,7.558556e+001
6.137346e+002,7.572742e+001
6.142167e+002,7.588043e+001
6.146989e+002,7.603462e+001
6.151810e+002,7.617870e+001
6.156631e+002,7.630576e+001
6.161452e+002,7.641759e+001
6.166273e+002,7.652614e+001
6.171094e+002,7.665012e+001
6.175916e+002,7.680796e+001
6.180737e+002,7.700983e+001
6.185558e+002,7.725260e+001
6.190379e+002,7.752013e+001
6.195200e+002,7.778793e+001
6.200021e+002,7.802962e+001
6.204843e+002,7.822283e+001
6.209664e+002,7.835283e+001
6.214485e+002,7.841406e+001
6.219306e+002,7.840936e+001
6.224127e+002,7.834823e+001
6.228948e+002,7.824409e+001
6.233770e+002,7.811238e+001
6.238591e+002,7.796877e+001
6.243412e+002,7.782780e+001
6.248233e+002,7.770139e+001
6.253054e+002,7.759788e+001
6.257875e+002,7.752116e+001
6.262697e+002,7.747115e+001
6.267518e+002,7.744476e+001
6.272339e+002,7.743777e+001
6.277160e+002,7.744581e+001
6.281981e+002,7.746510e+001
6.286802e+002,7.749197e+001
6.291624e+002,7.752257e+001
6.296445e+002,7.755276e+001
6.301266e+002,7.757913e+001
6.306087e+002,7.760011e+001
6.310908e+002,7.761704e+001
6.315729e+002,7.763390e+001
6.320551e+002,7.765564e+001
6.325372e+002,7.768543e+001
6.330193e+002,7.772243e+001
6.335014e+002,7.776091e+001
6.339835e+002,7.779186e+001
6.344656e+002,7.780623e+001
6.349478e+002,7.779913e+001
6.354299e+002,7.777209e+001
6.359120e+002,7.773338e+001
6.363941e+002,7.769477e+001
6.368762e+002,7.766735e+001
6.373583e+002,7.765752e+001
6.378405e+002,7.766512e+001
6.383226e+002,7.768447e+001
6.388047e+002,7.770754e+001
6.392868e+002,7.772740e+001
6.397689e+002,7.774091e+001
6.402510e+002,7.774866e+001
6.407332e+002,7.775361e+001
6.412153e+002,7.775812e+001
6.416974e+002,7.776229e+001
6.421795e+002,7.776315e+001
6.426616e+002,7.775594e+001
6.431437e+002,7.773603e+001
6.436259e+002,7.770090e+001
6.441080e+002,7.765078e+001
6.445901e+002,7.758839e+001
6.450722e+002,7.751790e+001
6.455543e+002,7.744379e+001
6.460364e+002,7.737039e+001
6.465186e+002,7.730208e+001
6.470007e+002,7.724339e+001
6.474828e+002,7.719933e+001
6.479649e+002,7.717451e+001
6.484470e+002,7.717210e+001
6.489291e+002,7.719270e+001
6.494113e+002,7.723416e+001
6.498934e+002,7.729227e+001
6.503755e+002,7.736230e+001
6.508576e+002,7.743989e+001
6.513397e+002,7.752117e+001
6.518218e+002,7.760181e+001
6.523040e+002,7.767636e+001
6.527861e+002,7.773834e+001
6.532682e+002,7.778201e+001
6.537503e+002,7.780520e+001
6.542324e+002,7.781165e+001
6.547145e+002,7.781195e+001
6.551967e+002,7.782195e+001
6.556788e+002,7.785856e+001
6.561609e+002,7.793465e+001
6.566430e+002,7.805453e+001
6.571251e+002,7.821207e+001
6.576072e+002,7.839200e+001
6.580894e+002,7.857399e+001
6.585715e+002,7.873807e+001
6.590536e+002,7.886972e+001
6.595357e+002,7.896324e+001
6.600178e+002,7.902275e+001
6.604999e+002,7.906042e+001
6.609821e+002,7.909319e+001
6.614642e+002,7.913850e+001
6.619463e+002,7.921048e+001
6.624284e+002,7.931654e+001
6.629105e+002,7.945589e+001
6.633926e+002,7.961967e+001
6.638748e+002,7.979404e+001
6.643569e+002,7.996427e+001
6.648390e+002,8.011829e+001
6.653211e+002,8.024773e+001
6.658032e+002,8.034718e+001
6.662853e+002,8.041235e+001
6.667675e+002,8.043987e+001
6.672496e+002,8.043064e+001
6.677317e+002,8.040207e+001
6.682138e+002,8.040062e+001
6.686959e+002,8.047787e+001
6.691780e+002,8.062535e+001
6.696602e+002,8.077277e+001
6.701423e+002,8.085713e+001
6.706244e+002,8.085464e+001
6.711065e+002,8.076486e+001
6.715886e+002,8.059164e+001
6.720707e+002,8.033549e+001
6.725529e+002,7.999516e+001
6.730350e+002,7.957217e+001
6.735171e+002,7.907492e+001
6.739992e+002,7.851981e+001
6.744813e+002,7.793011e+001
6.749634e+002,7.733292e+001
6.754456e+002,7.675636e+001
6.759277e+002,7.622634e+001
6.764098e+002,7.576378e+001
6.768919e+002,7.538159e+001
6.773740e+002,7.508342e+001
6.778561e+002,7.486424e+001
6.783383e+002,7.471274e+001
6.788204e+002,7.461408e+001
6.793025e+002,7.455233e+001
6.797846e+002,7.451166e+001
6.802667e+002,7.447777e+001
6.807488e+002,7.443906e+001
6.812310e+002,7.438830e+001
6.817131e+002,7.432353e+001
6.821952e+002,7.424805e+001
6.826773e+002,7.416884e+001
6.831594e+002,7.409394e+001
6.836415e+002,7.402988e+001
6.841237e+002,7.398002e+001
6.846058e+002,7.394446e+001
6.850879e+002,7.392175e+001
6.855700e+002,7.391075e+001
6.860521e+002,7.391213e+001
6.865342e+002,7.392768e+001
6.870164e+002,7.395846e+001
6.874985e+002,7.400215e+001
6.879806e+002,7.405193e+001
6.884627e+002,7.409727e+001
6.889448e+002,7.412733e+001
6.894269e+002,7.413468e+001
6.899091e+002,7.411839e+001
6.903912e+002,7.408392e+001
6.908733e+002,7.404111e+001
6.913554e+002,7.400009e+001
6.918375e+002,7.396774e+001
6.923196e+002,7.394550e+001
6.928018e+002,7.392994e+001
6.932839e+002,7.391490e+001
6.937660e+002,7.389465e+001
6.942481e+002,7.386585e+001
6.947302e+002,7.382814e+001
6.952123e+002,7.378303e+001
6.956945e+002,7.373229e+001
6.961766e+002,7.367677e+001
6.966587e+002,7.361637e+001
6.971408e+002,7.355093e+001
6.976229e+002,7.348145e+001
6.981050e+002,7.341035e+001
6.985872e+002,7.334130e+001
6.990693e+002,7.327776e+001
6.995514e+002,7.322168e+001
7.000335e+002,7.317297e+001
7.005156e+002,7.312988e+001
7.009977e+002,7.309019e+001
7.014799e+002,7.305276e+001
7.019620e+002,7.301806e+001
7.024441e+002,7.298829e+001
7.029262e+002,7.296635e+001
7.034083e+002,7.295489e+001
7.038904e+002,7.295561e+001
7.043726e+002,7.296898e+001
7.048547e+002,7.299404e+001
7.053368e+002,7.302843e+001
7.058189e+002,7.306765e+001
7.063010e+002,7.310488e+001
7.067831e+002,7.313089e+001
7.072653e+002,7.313566e+001
7.077474e+002,7.311062e+001
7.082295e+002,7.305151e+001
7.087116e+002,7.295988e+001
7.091937e+002,7.284306e+001
7.096758e+002,7.271171e+001
7.101580e+002,7.257659e+001
7.106401e+002,7.244504e+001
7.111222e+002,7.231910e+001
7.116043e+002,7.219610e+001
7.120864e+002,7.207100e+001
7.125685e+002,7.193948e+001
7.130507e+002,7.180033e+001
7.135328e+002,7.165540e+001
7.140149e+002,7.150774e+001
7.144970e+002,7.135859e+001
7.149791e+002,7.120515e+001
7.154612e+002,7.103997e+001
7.159434e+002,7.085311e+001
7.164255e+002,7.063541e+001
7.169076e+002,7.038207e+001
7.173897e+002,7.009402e+001
7.178718e+002,6.977783e+001
7.183539e+002,6.944309e+001
7.188361e+002,6.909955e+001
7.193182e+002,6.875443e+001
7.198003e+002,6.841106e+001
7.202824e+002,6.806893e+001
7.207645e+002,6.772511e+001
7.212466e+002,6.737601e+001
7.217288e+002,6.701955e+001
7.222109e+002,6.665639e+001
7.226930e+002,6.629041e+001
7.231751e+002,6.592869e+001
7.236572e+002,6.558160e+001
7.241393e+002,6.526283e+001
7.246215e+002,6.498885e+001
7.251036e+002,6.477720e+001
7.255857e+002,6.464355e+001
7.260678e+002,6.459874e+001
7.265499e+002,6.464685e+001
7.270320e+002,6.478628e+001
7.275142e+002,6.501322e+001
7.279963e+002,6.532590e+001
7.284784e+002,6.572701e+001
7.289605e+002,6.622278e+001
7.294426e+002,6.681857e+001
7.299247e+002,6.751333e+001
7.304069e+002,6.829560e+001
7.308890e+002,6.914354e+001
7.313711e+002,7.002886e+001
7.318532e+002,7.092282e+001
7.323353e+002,7.180131e+001
7.328174e+002,7.264705e+001
7.332996e+002,7.344878e+001
7.337817e+002,7.419870e+001
7.342638e+002,7.488992e+001
7.347459e+002,7.551540e+001
7.352280e+002,7.606857e+001
7.357101e+002,7.654491e+001
7.361923e+002,7.694355e+001
7.366744e+002,7.726768e+001
7.371565e+002,7.752421e+001
7.376386e+002,7.772206e+001
7.381207e+002,7.787074e+001
7.386028e+002,7.797888e+001
7.390850e+002,7.805360e+001
7.395671e+002,7.810008e+001
7.400492e+002,7.812202e+001
7.405313e+002,7.812145e+001
7.410134e+002,7.809926e+001
7.414955e+002,7.805540e+001
7.419777e+002,7.798953e+001
7.424598e+002,7.790166e+001
7.429419e+002,7.779299e+001
7.434240e+002,7.766584e+001
7.439061e+002,7.752332e+001
7.443882e+002,7.736827e+001
7.448704e+002,7.720203e+001
7.453525e+002,7.702388e+001
7.458346e+002,7.683121e+001
7.463167e+002,7.662077e+001
7.467988e+002,7.639044e+001
7.472809e+002,7.614050e+001
7.477631e+002,7.587443e+001
7.482452e+002,7.559782e+001
7.487273e+002,7.531689e+001
7.492094e+002,7.503645e+001
7.496915e+002,7.475861e+001
7.501736e+002,7.448282e+001
7.506558e+002,7.420679e+001
7.511379e+002,7.392820e+001
7.516200e+002,7.364610e+001
7.521021e+002,7.336088e+001
7.525842e+002,7.307357e+001
7.530663e+002,7.278421e+001
7.535485e+002,7.249084e+001
7.540306e+002,7.218928e+001
7.545127e+002,7.187460e+001
7.549948e+002,7.154296e+001
7.554769e+002,7.119341e+001
7.559590e+002,7.082837e+001
7.564412e+002,7.045279e+001
7.569233e+002,7.007195e+001
7.574054e+002,6.968944e+001
7.578875e+002,6.930567e+001
7.583696e+002,6.891815e+001
7.588517e+002,6.852278e+001
7.593339e+002,6.811578e+001
7.598160e+002,6.769490e+001
7.602981e+002,6.725890e+001
7.607802e+002,6.680948e+001
7.612623e+002,6.634771e+001
7.617444e+002,6.587411e+001
7.622266e+002,6.538911e+001
7.627087e+002,6.489424e+001
7.631908e+002,6.439329e+001
7.636729e+002,6.389220e+001
7.641550e+002,6.339778e+001
7.646371e+002,6.291526e+001
7.651193e+002,6.244671e+001
7.656014e+002,6.199098e+001
7.660835e+002,6.154602e+001
7.665656e+002,6.111270e+001
7.670477e+002,6.069821e+001
7.675298e+002,6.031705e+001
7.680120e+002,5.998878e+001
7.684941e+002,5.973296e+001
7.689762e+002,5.956343e+001
7.694583e+002,5.948480e+001
7.699404e+002,5.949230e+001
7.704225e+002,5.957514e+001
7.709047e+002,5.972127e+001
7.713868e+002,5.992066e+001
7.718689e+002,6.016597e+001
7.723510e+002,6.045083e+001
7.728331e+002,6.076760e+001
7.733152e+002,6.110669e+001
7.737974e+002,6.145819e+001
7.742795e+002,6.181514e+001
7.747616e+002,6.217661e+001
7.752437e+002,6.254840e+001
7.757258e+002,6.294108e+001
7.762079e+002,6.336576e+001
7.766901e+002,6.383000e+001
7.771722e+002,6.433567e+001
7.776543e+002,6.487965e+001
7.781364e+002,6.545732e+001
7.786185e+002,6.606645e+001
7.791006e+002,6.670979e+001
7.795828e+002,6.739532e+001
7.800649e+002,6.813410e+001
7.805470e+002,6.893687e+001
7.810291e+002,6.981085e+001
7.815112e+002,7.075756e+001
7.819933e+002,7.177180e+001
7.824755e+002,7.284163e+001
7.829576e+002,7.394858e+001
7.834397e+002,7.506876e+001
7.839218e+002,7.617500e+001
7.844039e+002,7.724033e+001
7.848860e+002,7.824229e+001
7.853682e+002,7.916647e+001
7.858503e+002,8.000799e+001
7.863324e+002,8.077045e+001
7.868145e+002,8.146272e+001
7.872966e+002,8.209525e+001
7.877787e+002,8.267701e+001
7.882609e+002,8.321441e+001
7.887430e+002,8.371168e+001
7.892251e+002,8.417254e+001
7.897072e+002,8.460147e+001
7.901893e+002,8.500397e+001
7.906714e+002,8.538560e+001
7.911536e+002,8.575035e+001
7.916357e+002,8.609922e+001
7.921178e+002,8.643024e+001
7.925999e+002,8.673966e+001
7.930820e+002,8.702393e+001
7.935641e+002,8.728151e+001
7.940463e+002,8.751369e+001
7.945284e+002,8.772406e+001
7.950105e+002,8.791740e+001
7.954926e+002,8.809810e+001
7.959747e+002,8.826955e+001
7.964568e+002,8.843372e+001
7.969390e+002,8.859159e+001
7.974211e+002,8.874320e+001
7.979032e+002,8.888750e+001
7.983853e+002,8.902196e+001
7.988674e+002,8.914252e+001
7.993495e+002,8.924422e+001
7.998317e+002,8.932257e+001
8.003138e+002,8.937536e+001
8.007959e+002,8.940371e+001
8.012780e+002,8.941183e+001
8.017601e+002,8.940556e+001
8.022422e+002,8.939005e+001
8.027244e+002,8.936804e+001
8.032065e+002,8.933954e+001
8.036886e+002,8.930294e+001
8.041707e+002,8.925747e+001
8.046528e+002,8.920544e+001
8.051349e+002,8.915298e+001
8.056171e+002,8.910887e+001
8.060992e+002,8.908156e+001
8.065813e+002,8.907587e+001
8.070634e+002,8.909058e+001
8.075455e+002,8.911819e+001
8.080276e+002,8.914698e+001
8.085098e+002,8.916443e+001
8.089919e+002,8.916091e+001
8.094740e+002,8.913200e+001
8.099561e+002,8.907864e+001
8.104382e+002,8.900605e+001
8.109203e+002,8.892156e+001
8.114025e+002,8.883256e+001
8.118846e+002,8.874533e+001
8.123667e+002,8.866446e+001
8.128489e+002,8.859282e+001
8.133309e+002,8.853167e+001
8.138131e+002,8.848051e+001
8.142952e+002,8.843723e+001
8.147773e+002,8.839819e+001
8.152594e+002,8.835903e+001
8.157416e+002,8.831561e+001
8.162236e+002,8.826516e+001
8.167058e+002,8.820676e+001
8.171879e+002,8.814091e+001
8.176700e+002,8.806873e+001
8.181521e+002,8.799104e+001
8.186343e+002,8.790793e+001
8.191163e+002,8.781920e+001
8.195985e+002,8.772549e+001
8.200806e+002,8.762913e+001
8.205627e+002,8.753456e+001
8.210448e+002,8.744750e+001
8.215270e+002,8.737328e+001
8.220090e+002,8.731511e+001
8.224912e+002,8.727292e+001
8.229733e+002,8.724358e+001
8.234554e+002,8.722211e+001
8.239375e+002,8.720361e+001
8.244197e+002,8.718456e+001
8.249017e+002,8.716325e+001
8.253839e+002,8.713889e+001
8.258660e+002,8.711021e+001
8.263481e+002,8.707466e+001
8.268302e+002,8.702819e+001
8.273124e+002,8.696645e+001
8.277944e+002,8.688644e+001
8.282766e+002,8.678767e+001
8.287587e+002,8.667242e+001
8.292408e+002,8.654479e+001
8.297229e+002,8.640912e+001
8.302051e+002,8.626833e+001
8.306871e+002,8.612336e+001
8.311693e+002,8.597363e+001
8.316514e+002,8.581837e+001
8.321335e+002,8.565842e+001
8.326156e+002,8.549705e+001
8.330978e+002,8.534027e+001
8.335798e+002,8.519572e+001
8.340620e+002,8.507098e+001
8.345441e+002,8.497183e+001
8.350262e+002,8.490060e+001
8.355083e+002,8.485555e+001
8.359905e+002,8.483068e+001
8.364725e+002,8.481627e+001
8.369547e+002,8.479980e+001
8.374368e+002,8.476738e+001
8.379189e+002,8.470577e+001
8.384010e+002,8.460468e+001
8.388832e+002,8.445907e+001
8.393652e+002,8.427016e+001
8.398474e+002,8.404513e+001
8.403295e+002,8.379499e+001
8.408116e+002,8.353159e+001
8.412937e+002,8.326501e+001
8.417759e+002,8.300208e+001
8.422579e+002,8.274678e+001
8.427401e+002,8.250201e+001
8.432222e+002,8.227182e+001
8.437043e+002,8.206306e+001
8.441864e+002,8.188489e+001
8.446686e+002,8.174658e+001
8.451506e+002,8.165433e+001
8.456328e+002,8.160833e+001
8.461149e+002,8.160186e+001
8.465970e+002,8.162271e+001
8.470791e+002,8.165652e+001
8.475613e+002,8.169057e+001
8.480433e+002,8.171642e+001
8.485255e+002,8.173049e+001
8.490076e+002,8.173296e+001
8.494897e+002,8.172578e+001
8.499718e+002,8.171069e+001
8.504540e+002,8.168860e+001
8.509360e+002,8.165974e+001
8.514182e+002,8.162450e+001
8.519003e+002,8.158391e+001
8.523824e+002,8.153951e+001
8.528645e+002,8.149265e+001
8.533467e+002,8.144391e+001
8.538287e+002,8.139307e+001
8.543109e+002,8.134000e+001
8.547930e+002,8.128571e+001
8.552751e+002,8.123312e+001
8.557572e+002,8.118655e+001
8.562394e+002,8.114974e+001
8.567214e+002,8.112347e+001
8.572036e+002,8.110342e+001
8.576857e+002,8.107996e+001
8.581678e+002,8.104015e+001
8.586499e+002,8.097135e+001
8.591321e+002,8.086501e+001
8.596141e+002,8.071896e+001
8.600963e+002,8.053739e+001
8.605784e+002,8.032906e+001
8.610605e+002,8.010462e+001
8.615426e+002,7.987490e+001
8.620248e+002,7.965052e+001
8.625068e+002,7.944314e+001
8.629890e+002,7.926678e+001
8.634711e+002,7.913831e+001
8.639532e+002,7.907555e+001
8.644353e+002,7.909328e+001
8.649175e+002,7.919852e+001
8.653995e+002,7.938732e+001
8.658817e+002,7.964462e+001
8.663638e+002,7.994765e+001
8.668459e+002,8.027108e+001
8.673280e+002,8.059162e+001
8.678102e+002,8.089078e+001
8.682922e+002,8.115524e+001
8.687744e+002,8.137621e+001
8.692565e+002,8.154848e+001
8.697386e+002,8.167046e+001
8.702207e+002,8.174451e+001
8.707029e+002,8.177742e+001
8.711849e+002,8.177988e+001
8.716671e+002,8.176469e+001
8.721492e+002,8.174385e+001
8.726313e+002,8.172572e+001
8.731134e+002,8.171309e+001
8.735956e+002,8.170348e+001
8.740776e+002,8.169102e+001
8.745598e+002,8.166971e+001
8.750419e+002,8.163625e+001
8.755240e+002,8.159126e+001
8.760061e+002,8.153879e+001
8.764883e+002,8.148428e+001
8.769703e+002,8.143215e+001
8.774525e+002,8.138422e+001
8.779346e+002,8.133947e+001
8.784167e+002,8.129510e+001
8.788988e+002,8.124832e+001
8.793810e+002,8.119754e+001
8.798630e+002,8.114301e+001
8.803452e+002,8.108636e+001
8.808273e+002,8.102988e+001
8.813094e+002,8.097550e+001
8.817915e+002,8.092464e+001
8.822737e+002,8.087797e+001
8.827557e+002,8.083571e+001
8.832379e+002,8.079757e+001
8.837200e+002,8.076256e+001
8.842021e+002,8.072897e+001
8.846842e+002,8.069466e+001
8.851664e+002,8.065801e+001
8.856484e+002,8.061901e+001
8.861306e+002,8.058031e+001
8.866127e+002,8.054714e+001
8.870948e+002,8.052616e+001
8.875769e+002,8.052350e+001
8.880591e+002,8.054232e+001
8.885411e+002,8.058144e+001
8.890233e+002,8.063504e+001
8.895054e+002,8.069431e+001
8.899875e+002,8.074955e+001
8.904696e+002,8.079289e+001
8.909518e+002,8.081989e+001
8.914338e+002,8.083012e+001
8.919160e+002,8.082669e+001
8.923981e+002,8.081519e+001
8.928802e+002,8.080244e+001
8.933623e+002,8.079519e+001
8.938445e+002,8.079919e+001
8.943265e+002,8.081821e+001
8.948087e+002,8.085342e+001
8.952908e+002,8.090276e+001
8.957729e+002,8.096136e+001
8.962550e+002,8.102231e+001
8.967372e+002,8.107847e+001
8.972192e+002,8.112424e+001
8.977014e+002,8.115688e+001
8.981835e+002,8.117662e+001
8.986656e+002,8.118584e+001
8.991477e+002,8.118770e+001
8.996299e+002,8.118479e+001
9.001119e+002,8.117872e+001
9.005941e+002,8.117050e+001
9.010762e+002,8.116142e+001
9.015583e+002,8.115371e+001
9.020404e+002,8.115038e+001
9.025226e+002,8.115432e+001
9.030046e+002,8.116692e+001
9.034868e+002,8.118729e+001
9.039689e+002,8.121226e+001
9.044510e+002,8.123783e+001
9.049331e+002,8.126088e+001
9.054153e+002,8.128044e+001
9.058973e+002,8.129789e+001
9.063795e+002,8.131557e+001
9.068616e+002,8.133480e+001
9.073438e+002,8.135418e+001
9.078258e+002,8.136931e+001
9.083080e+002,8.137408e+001
9.087900e+002,8.136335e+001
9.092722e+002,8.133522e+001
9.097543e+002,8.129217e+001
9.102365e+002,8.124027e+001
9.107185e+002,8.118690e+001
9.112007e+002,8.113787e+001
9.116828e+002,8.109553e+001
9.121649e+002,8.105853e+001
9.126470e+002,8.102327e+001
9.131292e+002,8.098623e+001
9.136113e+002,8.094600e+001
9.140934e+002,8.090393e+001
9.145755e+002,8.086352e+001
9.150576e+002,8.082867e+001
9.155397e+002,8.080219e+001
9.160219e+002,8.078523e+001
9.165040e+002,8.077768e+001
9.169861e+002,8.077939e+001
9.174682e+002,8.079111e+001
9.179503e+002,8.081451e+001
9.184324e+002,8.085122e+001
9.189146e+002,8.090135e+001
9.193967e+002,8.096249e+001
9.198788e+002,8.102982e+001
9.203609e+002,8.109745e+001
9.208430e+002,8.116061e+001
9.213251e+002,8.121736e+001
9.218073e+002,8.126923e+001
9.222894e+002,8.132053e+001
9.227715e+002,8.137682e+001
9.232536e+002,8.144312e+001
9.237357e+002,8.152307e+001
9.242178e+002,8.161890e+001
9.247000e+002,8.173238e+001
9.251821e+002,8.186582e+001
9.256642e+002,8.202238e+001
9.261463e+002,8.220564e+001
9.266284e+002,8.241832e+001
9.271105e+002,8.266109e+001
9.275927e+002,8.293155e+001
9.280748e+002,8.322428e+001
9.285569e+002,8.353136e+001
9.290390e+002,8.384324e+001
9.295211e+002,8.414960e+001
9.300032e+002,8.444053e+001
9.304854e+002,8.470746e+001
9.309675e+002,8.494466e+001
9.314496e+002,8.515044e+001
9.319317e+002,8.532782e+001
9.324138e+002,8.548382e+001
9.328959e+002,8.562804e+001
9.333781e+002,8.576994e+001
9.338602e+002,8.591650e+001
9.343423e+002,8.607048e+001
9.348244e+002,8.623014e+001
9.353065e+002,8.639034e+001
9.357886e+002,8.654465e+001
9.362708e+002,8.668737e+001
9.367529e+002,8.681480e+001
9.372350e+002,8.692548e+001
9.377171e+002,8.701957e+001
9.381992e+002,8.709785e+001
9.386813e+002,8.716103e+001
9.391635e+002,8.720966e+001
9.396456e+002,8.724424e+001
9.401277e+002,8.726570e+001
9.406098e+002,8.727544e+001
9.410919e+002,8.727491e+001
9.415740e+002,8.726514e+001
9.420562e+002,8.724636e+001
9.425383e+002,8.721793e+001
9.430204e+002,8.717870e+001
9.435025e+002,8.712771e+001
9.439846e+002,8.706446e+001
9.444667e+002,8.698898e+001
9.449489e+002,8.690139e+001
9.454310e+002,8.680146e+001
9.459131e+002,8.668829e+001
9.463952e+002,8.656080e+001
9.468773e+002,8.641833e+001
9.473594e+002,8.626138e+001
9.478416e+002,8.609177e+001
9.483237e+002,8.591229e+001
9.488058e+002,8.572542e+001
9.492879e+002,8.553237e+001
9.497700e+002,8.533244e+001
9.502521e+002,8.512343e+001
9.507343e+002,8.490297e+001
9.512164e+002,8.467041e+001
9.516985e+002,8.442795e+001
9.521806e+002,8.418102e+001
9.526627e+002,8.393703e+001
9.531448e+002,8.370323e+001
9.536270e+002,8.348439e+001
9.541091e+002,8.328131e+001
9.545912e+002,8.309087e+001
9.550733e+002,8.290763e+001
9.555554e+002,8.272638e+001
9.560375e+002,8.254443e+001
9.565197e+002,8.236285e+001
9.570018e+002,8.218631e+001
9.574839e+002,8.202126e+001
9.579660e+002,8.187376e+001
9.584481e+002,8.174759e+001
9.589302e+002,8.164313e+001
9.594124e+002,8.155756e+001
9.598945e+002,8.148579e+001
9.603766e+002,8.142166e+001
9.608587e+002,8.135925e+001
9.613408e+002,8.129356e+001
9.618229e+002,8.122118e+001
9.623051e+002,8.114059e+001
9.627872e+002,8.105224e+001
9.632693e+002,8.095831e+001
9.637514e+002,8.086202e+001
9.642335e+002,8.076665e+001
9.647156e+002,8.067445e+001
9.651978e+002,8.058590e+001
9.656799e+002,8.049962e+001
9.661620e+002,8.041312e+001
9.666441e+002,8.032388e+001
9.671262e+002,8.023056e+001
9.676083e+002,8.013347e+001
9.680905e+002,8.003441e+001
9.685726e+002,7.993575e+001
9.690547e+002,7.983938e+001
9.695368e+002,7.974611e+001
9.700189e+002,7.965575e+001
9.705010e+002,7.956779e+001
9.709832e+002,7.948223e+001
9.714653e+002,7.939999e+001
9.719474e+002,7.932246e+001
9.724295e+002,7.925054e+001
9.729116e+002,7.918358e+001
9.733937e+002,7.911871e+001
9.738759e+002,7.905129e+001
9.743580e+002,7.897609e+001
9.748401e+002,7.888880e+001
9.753222e+002,7.878706e+001
9.758043e+002,7.867084e+001
9.762864e+002,7.854196e+001
9.767686e+002,7.840323e+001
9.772507e+002,7.825796e+001
9.777328e+002,7.811000e+001
9.782149e+002,7.796415e+001
9.786970e+002,7.782681e+001
9.791791e+002,7.770573e+001
9.796613e+002,7.760878e+001
9.801434e+002,7.754224e+001
9.806255e+002,7.750847e+001
9.811076e+002,7.750490e+001
9.815897e+002,7.752444e+001
9.820718e+002,7.755743e+001
9.825540e+002,7.759427e+001
9.830361e+002,7.762790e+001
9.835182e+002,7.765489e+001
9.840003e+002,7.767513e+001
9.844824e+002,7.769033e+001
9.849645e+002,7.770250e+001
9.854467e+002,7.771264e+001
9.859288e+002,7.772044e+001
9.864109e+002,7.772449e+001
9.868930e+002,7.772282e+001
9.873751e+002,7.771314e+001
9.878572e+002,7.769309e+001
9.883394e+002,7.766067e+001
9.888215e+002,7.761520e+001
9.893036e+002,7.755899e+001
9.897857e+002,7.749900e+001
9.902678e+002,7.744788e+001
9.907499e+002,7.742337e+001
9.912321e+002,7.744553e+001
9.917142e+002,7.753261e+001
9.921963e+002,7.769629e+001
9.926784e+002,7.793842e+001
9.931605e+002,7.825024e+001
9.936426e+002,7.861491e+001
9.941248e+002,7.901169e+001
9.946069e+002,7.942068e+001
9.950890e+002,7.982607e+001
9.955711e+002,8.021724e+001
9.960532e+002,8.058834e+001
9.965353e+002,8.093713e+001
9.970175e+002,8.126351e+001
9.974996e+002,8.156910e+001
9.979817e+002,8.185680e+001
9.984638e+002,8.213074e+001
9.989459e+002,8.239553e+001
9.994280e+002,8.265543e+001
9.999102e+002,8.291333e+001
1.000392e+003,8.317019e+001
1.000874e+003,8.342529e+001
1.001357e+003,8.367698e+001
1.001839e+003,8.392349e+001
1.002321e+003,8.416331e+001
1.002803e+003,8.439491e+001
1.003285e+003,8.461570e+001
1.003767e+003,8.482156e+001
1.004249e+003,8.500705e+001
1.004731e+003,8.516681e+001
1.005213e+003,8.529816e+001
1.005696e+003,8.540338e+001
1.006178e+003,8.549138e+001
1.006660e+003,8.557735e+001
1.007142e+003,8.568071e+001
1.007624e+003,8.582118e+001
1.008106e+003,8.601465e+001
1.008588e+003,8.626931e+001
1.009070e+003,8.658405e+001
1.009552e+003,8.694910e+001
1.010035e+003,8.734872e+001
1.010517e+003,8.776506e+001
1.010999e+003,8.818219e+001
1.011481e+003,8.858894e+001
1.011963e+003,8.898058e+001
1.012445e+003,8.935826e+001
1.012927e+003,8.972732e+001
1.013409e+003,9.009393e+001
1.013892e+003,9.046183e+001
1.014374e+003,9.083031e+001
1.014856e+003,9.119351e+001
1.015338e+003,9.154221e+001
1.015820e+003,9.186672e+001
1.016302e+003,9.216024e+001
1.016784e+003,9.242100e+001
1.017266e+003,9.265260e+001
1.017748e+003,9.286230e+001
1.018231e+003,9.305843e+001
1.018713e+003,9.324787e+001
1.019195e+003,9.343473e+001
1.019677e+003,9.362045e+001
1.020159e+003,9.380493e+001
1.020641e+003,9.398773e+001
1.021123e+003,9.416856e+001
1.021605e+003,9.434695e+001
1.022088e+003,9.452120e+001
1.022570e+003,9.468799e+001
1.023052e+003,9.484265e+001
1.023534e+003,9.498053e+001
1.024016e+003,9.509906e+001
1.024498e+003,9.519883e+001
1.024980e+003,9.528362e+001
1.025462e+003,9.535907e+001
1.025944e+003,9.543027e+001
1.026427e+003,9.550038e+001
1.026909e+003,9.556996e+001
1.027391e+003,9.563836e+001
1.027873e+003,9.570567e+001
1.028355e+003,9.577461e+001
1.028837e+003,9.585101e+001
1.029319e+003,9.594270e+001
1.029801e+003,9.605666e+001
1.030283e+003,9.619624e+001
1.030766e+003,9.635898e+001
1.031248e+003,9.653600e+001
1.031730e+003,9.671327e+001
1.032212e+003,9.687389e+001
1.032694e+003,9.700062e+001
1.033176e+003,9.707802e+001
1.033658e+003,9.709406e+001
1.034140e+003,9.704131e+001
1.034623e+003,9.691803e+001
1.035105e+003,9.672910e+001
1.035587e+003,9.648586e+001
1.036069e+003,9.620489e+001
1.036551e+003,9.590559e+001
1.037033e+003,9.560673e+001
1.037515e+003,9.532352e+001
1.037997e+003,9.506555e+001
1.038479e+003,9.483643e+001
1.038962e+003,9.463486e+001
1.039444e+003,9.445686e+001
1.039926e+003,9.429804e+001
1.040408e+003,9.415532e+001
1.040890e+003,9.402724e+001
1.041372e+003,9.391361e+001
1.041854e+003,9.381439e+001
1.042336e+003,9.372904e+001
1.042819e+003,9.365642e+001
1.043301e+003,9.359525e+001
1.043783e+003,9.354487e+001
1.044265e+003,9.350530e+001
1.044747e+003,9.347694e+001
1.045229e+003,9.345973e+001
1.045711e+003,9.345233e+001
1.046193e+003,9.345206e+001
1.046676e+003,9.345554e+001
1.047158e+003,9.346016e+001
1.047640e+003,9.346506e+001
1.048122e+003,9.347176e+001
1.048604e+003,9.348342e+001
1.049086e+003,9.350336e+001
1.049568e+003,9.353335e+001
1.050050e+003,9.357225e+001
1.050532e+003,9.361612e+001
1.051015e+003,9.365879e+001
1.051497e+003,9.369337e+001
1.051979e+003,9.371341e+001
1.052461e+003,9.371357e+001
1.052943e+003,9.369000e+001
1.053425e+003,9.364038e+001
1.053907e+003,9.356427e+001
1.054389e+003,9.346391e+001
1.054871e+003,9.334464e+001
1.055354e+003,9.321484e+001
1.055836e+003,9.308502e+001
1.056318e+003,9.296561e+001
1.056800e+003,9.286473e+001
1.057282e+003,9.278635e+001
1.057764e+003,9.272945e+001
1.058246e+003,9.268890e+001
1.058728e+003,9.265738e+001
1.059210e+003,9.262787e+001
1.059693e+003,9.259568e+001
1.060175e+003,9.255920e+001
1.060657e+003,9.251965e+001
1.061139e+003,9.247964e+001
1.061621e+003,9.244200e+001
1.062103e+003,9.240889e+001
1.062585e+003,9.238149e+001
1.063067e+003,9.236031e+001
1.063550e+003,9.234526e+001
1.064032e+003,9.233580e+001
1.064514e+003,9.233051e+001
1.064996e+003,9.232690e+001
1.065478e+003,9.232149e+001
1.065960e+003,9.231043e+001
1.066442e+003,9.229047e+001
1.066924e+003,9.225977e+001
1.067406e+003,9.221833e+001
1.067889e+003,9.216755e+001
1.068371e+003,9.210959e+001
1.068853e+003,9.204668e+001
1.069335e+003,9.198093e+001
1.069817e+003,9.191457e+001
1.070299e+003,9.185053e+001
1.070781e+003,9.179269e+001
1.071263e+003,9.174501e+001
1.071746e+003,9.171069e+001
1.072228e+003,9.169035e+001
1.072710e+003,9.168117e+001
1.073192e+003,9.167692e+001
1.073674e+003,9.166965e+001
1.074156e+003,9.165192e+001
1.074638e+003,9.161935e+001
1.075120e+003,9.157179e+001
1.075603e+003,9.151305e+001
1.076085e+003,9.144900e+001
1.076567e+003,9.138535e+001
1.077049e+003,9.132553e+001
1.077531e+003,9.126984e+001
1.078013e+003,9.121605e+001
1.078495e+003,9.116067e+001
1.078977e+003,9.110048e+001
1.079459e+003,9.103342e+001
1.079942e+003,9.095863e+001
1.080424e+003,9.087613e+001
1.080906e+003,9.078606e+001
1.081388e+003,9.068842e+001
1.081870e+003,9.058315e+001
1.082352e+003,9.047041e+001
1.082834e+003,9.035037e+001
1.083316e+003,9.022300e+001
1.083798e+003,9.008725e+001
1.084281e+003,8.994061e+001
1.084763e+003,8.977917e+001
1.085245e+003,8.959834e+001
1.085727e+003,8.939423e+001
1.086209e+003,8.916494e+001
1.086691e+003,8.891093e+001
1.087173e+003,8.863474e+001
1.087655e+003,8.833946e+001
1.088137e+003,8.802740e+001
1.088620e+003,8.769897e+001
1.089102e+003,8.735258e+001
1.089584e+003,8.698566e+001
1.090066e+003,8.659609e+001
1.090548e+003,8.618350e+001
1.091030e+003,8.575017e+001
1.091512e+003,8.530070e+001
1.091994e+003,8.484133e+001
1.092477e+003,8.437910e+001
1.092959e+003,8.392155e+001
1.093441e+003,8.347718e+001
1.093923e+003,8.305673e+001
1.094405e+003,8.267445e+001
1.094887e+003,8.234895e+001
1.095369e+003,8.210265e+001
1.095851e+003,8.195990e+001
1.096333e+003,8.194407e+001
1.096816e+003,8.207442e+001
1.097298e+003,8.236349e+001
1.097780e+003,8.281575e+001
1.098262e+003,8.342684e+001
1.098744e+003,8.418322e+001
1.099226e+003,8.506171e+001
1.099708e+003,8.602940e+001
1.100190e+003,8.704517e+001
1.100673e+003,8.806334e+001
1.101155e+003,8.903905e+001
1.101637e+003,8.993423e+001
1.102119e+003,9.072207e+001
1.102601e+003,9.138889e+001
1.103083e+003,9.193330e+001
1.103565e+003,9.236367e+001
1.104047e+003,9.269460e+001
1.104530e+003,9.294360e+001
1.105012e+003,9.312830e+001
1.105494e+003,9.326443e+001
1.105976e+003,9.336462e+001
1.106458e+003,9.343780e+001
1.106940e+003,9.348927e+001
1.107422e+003,9.352157e+001
1.107904e+003,9.353546e+001
1.108386e+003,9.353124e+001
1.108869e+003,9.350993e+001
1.109351e+003,9.347372e+001
1.109833e+003,9.342572e+001
1.110315e+003,9.336920e+001
1.110797e+003,9.330675e+001
1.111279e+003,9.323977e+001
1.111761e+003,9.316859e+001
1.112243e+003,9.309337e+001
1.112725e+003,9.301485e+001
1.113208e+003,9.293499e+001
1.113690e+003,9.285652e+001
1.114172e+003,9.278206e+001
1.114654e+003,9.271288e+001
1.115136e+003,9.264785e+001
1.115618e+003,9.258366e+001
1.116100e+003,9.251581e+001
1.116582e+003,9.244025e+001
1.117064e+003,9.235503e+001
1.117547e+003,9.226105e+001
1.118029e+003,9.216178e+001
1.118511e+003,9.206184e+001
1.118993e+003,9.196552e+001
1.119475e+003,9.187544e+001
1.119957e+003,9.179204e+001
1.120439e+003,9.171398e+001
1.120921e+003,9.163911e+001
1.121404e+003,9.156528e+001
1.121886e+003,9.149109e+001
1.122368e+003,9.141570e+001
1.122850e+003,9.133883e+001
1.123332e+003,9.126038e+001
1.123814e+003,9.118054e+001
1.124296e+003,9.110011e+001
1.124778e+003,9.102081e+001
1.125260e+003,9.094532e+001
1.125743e+003,9.087657e+001
1.126225e+003,9.081679e+001
1.126707e+003,9.076641e+001
1.127189e+003,9.072342e+001
1.127671e+003,9.068350e+001
1.128153e+003,9.064109e+001
1.128635e+003,9.059082e+001
1.129117e+003,9.052894e+001
1.129600e+003,9.045427e+001
1.130082e+003,9.036827e+001
1.130564e+003,9.027448e+001
1.131046e+003,9.017744e+001
1.131528e+003,9.008194e+001
1.132010e+003,8.999216e+001
1.132492e+003,8.991148e+001
1.132974e+003,8.984210e+001
1.133457e+003,8.978529e+001
1.133939e+003,8.974097e+001
1.134421e+003,8.970787e+001
1.134903e+003,8.968324e+001
1.135385e+003,8.966320e+001
1.135867e+003,8.964292e+001
1.136349e+003,8.961729e+001
1.136831e+003,8.958124e+001
1.137313e+003,8.953006e+001
1.137796e+003,8.945952e+001
1.138278e+003,8.936607e+001
1.138760e+003,8.924696e+001
1.139242e+003,8.910072e+001
1.139724e+003,8.892741e+001
1.140206e+003,8.872876e+001
1.140688e+003,8.850761e+001
1.141170e+003,8.826726e+001
1.141652e+003,8.801026e+001
1.142135e+003,8.773756e+001
1.142617e+003,8.744795e+001
1.143099e+003,8.713840e+001
1.143581e+003,8.680499e+001
1.144063e+003,8.644442e+001
1.144545e+003,8.605574e+001
1.145027e+003,8.564138e+001
1.145509e+003,8.520745e+001
1.145991e+003,8.476260e+001
1.146474e+003,8.431583e+001
1.146956e+003,8.387338e+001
1.147438e+003,8.343620e+001
1.147920e+003,8.299857e+001
1.148402e+003,8.254910e+001
1.148884e+003,8.207414e+001
1.149366e+003,8.156249e+001
1.149848e+003,8.101053e+001
1.150331e+003,8.042583e+001
1.150813e+003,7.982820e+001
1.151295e+003,7.924718e+001
1.151777e+003,7.871687e+001
1.152259e+003,7.826953e+001
1.152741e+003,7.793018e+001
1.153223e+003,7.771371e+001
1.153705e+003,7.762535e+001
1.154188e+003,7.766324e+001
1.154670e+003,7.782206e+001
1.155152e+003,7.809589e+001
1.155634e+003,7.847927e+001
1.156116e+003,7.896645e+001
1.156598e+003,7.954893e+001
1.157080e+003,8.021304e+001
1.157562e+003,8.093872e+001
1.158044e+003,8.170061e+001
1.158527e+003,8.247130e+001
1.159009e+003,8.322562e+001
1.159491e+003,8.394444e+001
1.159973e+003,8.461645e+001
1.160455e+003,8.523752e+001
1.160937e+003,8.580822e+001
1.161419e+003,8.633096e+001
1.161901e+003,8.680787e+001
1.162384e+003,8.724025e+001
1.162866e+003,8.762931e+001
1.163348e+003,8.797736e+001
1.163830e+003,8.828834e+001
1.164312e+003,8.856739e+001
1.164794e+003,8.881927e+001
1.165276e+003,8.904681e+001
1.165758e+003,8.924998e+001
1.166240e+003,8.942651e+001
1.166723e+003,8.957349e+001
1.167205e+003,8.968925e+001
1.167687e+003,8.977486e+001
1.168169e+003,8.983408e+001
1.168651e+003,8.987247e+001
1.169133e+003,8.989587e+001
1.169615e+003,8.990905e+001
1.170097e+003,8.991550e+001
1.170579e+003,8.991788e+001
1.171062e+003,8.991871e+001
1.171544e+003,8.992123e+001
1.172026e+003,8.992921e+001
1.172508e+003,8.994640e+001
1.172990e+003,8.997540e+001
1.173472e+003,9.001706e+001
1.173954e+003,9.007053e+001
1.174436e+003,9.013406e+001
1.174918e+003,9.020599e+001
1.175401e+003,9.028556e+001
1.175883e+003,9.037282e+001
1.176365e+003,9.046791e+001
1.176847e+003,9.057010e+001
1.177329e+003,9.067699e+001
1.177811e+003,9.078459e+001
1.178293e+003,9.088812e+001
1.178775e+003,9.098309e+001
1.179258e+003,9.106626e+001
1.179740e+003,9.113599e+001
1.180222e+003,9.119189e+001
1.180704e+003,9.123418e+001
1.181186e+003,9.126309e+001
1.181668e+003,9.127872e+001
1.182150e+003,9.128123e+001
1.182632e+003,9.127114e+001
1.183115e+003,9.124947e+001
1.183597e+003,9.121752e+001
1.184079e+003,9.117655e+001
1.184561e+003,9.112870e+001
1.185043e+003,9.107249e+001
1.185525e+003,9.100850e+001
1.186007e+003,9.093857e+001
1.186489e+003,9.086594e+001
1.186971e+003,9.079433e+001
1.187454e+003,9.072694e+001
1.187936e+003,9.066515e+001
1.188418e+003,9.060789e+001
1.188900e+003,9.055202e+001
1.189382e+003,9.049371e+001
1.189864e+003,9.042978e+001
1.190346e+003,9.035889e+001
1.190828e+003,9.028166e+001
1.191311e+003,9.020005e+001
1.191793e+003,9.011613e+001
1.192275e+003,9.003107e+001
1.192757e+003,8.994485e+001
1.193239e+003,8.985680e+001
1.193721e+003,8.976635e+001
1.194203e+003,8.967383e+001
1.194685e+003,8.958041e+001
1.195167e+003,8.948758e+001
1.195650e+003,8.939623e+001
1.196132e+003,8.930589e+001
1.196614e+003,8.921453e+001
1.197096e+003,8.911958e+001
1.197578e+003,8.901859e+001
1.198060e+003,8.891058e+001
1.198542e+003,8.879615e+001
1.199024e+003,8.867706e+001
1.199506e+003,8.855516e+001
1.199989e+003,8.843141e+001
1.200471e+003,8.830544e+001
1.200953e+003,8.817551e+001
1.201435e+003,8.803949e+001
1.201917e+003,8.789579e+001
1.202399e+003,8.774395e+001
1.202881e+003,8.758485e+001
1.203363e+003,8.742017e+001
1.203845e+003,8.725172e+001
1.204328e+003,8.708067e+001
1.204810e+003,8.690707e+001
1.205292e+003,8.672969e+001
1.205774e+003,8.654631e+001
1.206256e+003,8.635410e+001
1.206738e+003,8.615032e+001
1.207220e+003,8.593285e+001
1.207702e+003,8.570096e+001
1.208185e+003,8.545549e+001
1.208667e+003,8.519910e+001
1.209149e+003,8.493547e+001
1.209631e+003,8.466831e+001
1.210113e+003,8.440012e+001
1.210595e+003,8.413112e+001
1.211077e+003,8.385904e+001
1.211559e+003,8.357972e+001
1.212042e+003,8.328839e+001
1.212524e+003,8.298115e+001
1.213006e+003,8.265608e+001
1.213488e+003,8.231345e+001
1.213970e+003,8.195515e+001
1.214452e+003,8.158358e+001
1.214934e+003,8.120087e+001
1.215416e+003,8.080873e+001
1.215898e+003,8.040913e+001
1.216381e+003,8.000552e+001
1.216863e+003,7.960392e+001
1.217345e+003,7.921288e+001
1.217827e+003,7.884251e+001
1.218309e+003,7.850249e+001
1.218791e+003,7.819935e+001
1.219273e+003,7.793461e+001
1.219755e+003,7.770399e+001
1.220238e+003,7.749830e+001
1.220720e+003,7.730592e+001
1.221202e+003,7.711604e+001
1.221684e+003,7.692113e+001
1.222166e+003,7.671856e+001
1.222648e+003,7.651014e+001
1.223130e+003,7.630074e+001
1.223612e+003,7.609615e+001
1.224094e+003,7.590134e+001
1.224577e+003,7.571961e+001
1.225059e+003,7.555271e+001
1.225541e+003,7.540131e+001
1.226023e+003,7.526585e+001
1.226505e+003,7.514664e+001
1.226987e+003,7.504364e+001
1.227469e+003,7.495599e+001
1.227951e+003,7.488210e+001
1.228434e+003,7.482024e+001
1.228916e+003,7.476955e+001
1.229398e+003,7.473119e+001
1.229880e+003,7.470857e+001
1.230362e+003,7.470648e+001
1.230844e+003,7.472926e+001
1.231326e+003,7.477840e+001
1.231808e+003,7.485095e+001
1.232291e+003,7.493895e+001
1.232773e+003,7.503036e+001
1.233255e+003,7.511126e+001
1.233737e+003,7.516806e+001
1.234219e+003,7.518958e+001
1.234701e+003,7.516837e+001
1.235183e+003,7.510159e+001
1.235665e+003,7.499146e+001
1.236147e+003,7.484540e+001
1.236630e+003,7.467601e+001
1.237112e+003,7.450030e+001
1.237594e+003,7.433846e+001
1.238076e+003,7.421196e+001
1.238558e+003,7.414102e+001
1.239040e+003,7.414223e+001
1.239522e+003,7.422640e+001
1.240004e+003,7.439750e+001
1.240486e+003,7.465278e+001
1.240969e+003,7.498389e+001
1.241451e+003,7.537833e+001
1.241933e+003,7.582089e+001
1.242415e+003,7.629518e+001
1.242897e+003,7.678518e+001
1.243379e+003,7.727725e+001
1.243861e+003,7.776199e+001
1.244343e+003,7.823538e+001
1.244825e+003,7.869826e+001
1.245308e+003,7.915408e+001
1.245790e+003,7.960583e+001
1.246272e+003,8.005296e+001
1.246754e+003,8.049014e+001
1.247236e+003,8.090814e+001
1.247718e+003,8.129615e+001
1.248200e+003,8.164513e+001
1.248682e+003,8.194984e+001
1.249165e+003,8.220949e+001
1.249647e+003,8.242645e+001
1.250129e+003,8.260445e+001
1.250611e+003,8.274698e+001
1.251093e+003,8.285674e+001
1.251575e+003,8.293616e+001
1.252057e+003,8.298855e+001
1.252539e+003,8.301870e+001
1.253021e+003,8.303284e+001
1.253504e+003,8.303741e+001
1.253986e+003,8.303766e+001
1.254468e+003,8.303668e+001
1.254950e+003,8.303544e+001
1.255432e+003,8.303387e+001
1.255914e+003,8.303230e+001
1.256396e+003,8.303254e+001
1.256878e+003,8.303821e+001
1.257361e+003,8.305373e+001
1.257843e+003,8.308300e+001
1.258325e+003,8.312825e+001
1.258807e+003,8.318980e+001
1.259289e+003,8.326692e+001
1.259771e+003,8.335901e+001
1.260253e+003,8.346645e+001
1.260735e+003,8.359040e+001
1.261218e+003,8.373135e+001
1.261700e+003,8.388728e+001
1.262182e+003,8.405244e+001
1.262664e+003,8.421787e+001
1.263146e+003,8.437336e+001
1.263628e+003,8.451029e+001
1.264110e+003,8.462392e+001
1.264592e+003,8.471409e+001
1.265074e+003,8.478403e+001
1.265557e+003,8.483817e+001
1.266039e+003,8.487996e+001
1.266521e+003,8.491061e+001
1.267003e+003,8.492929e+001
1.267485e+003,8.493433e+001
1.267967e+003,8.492465e+001
1.268449e+003,8.490070e+001
1.268931e+003,8.486456e+001
1.269413e+003,8.481918e+001
1.269896e+003,8.476768e+001
1.270378e+003,8.471256e+001
1.270860e+003,8.465556e+001
1.271342e+003,8.459791e+001
1.271824e+003,8.454055e+001
1.272306e+003,8.448406e+001
1.272788e+003,8.442834e+001
1.273270e+003,8.437189e+001
1.273752e+003,8.431143e+001
1.274235e+003,8.424220e+001
1.274717e+003,8.415885e+001
1.275199e+003,8.405690e+001
1.275681e+003,8.393415e+001
1.276163e+003,8.379175e+001
1.276645e+003,8.363477e+001
1.277127e+003,8.347201e+001
1.277609e+003,8.331525e+001
1.278092e+003,8.317804e+001
1.278574e+003,8.307384e+001
1.279056e+003,8.301420e+001
1.279538e+003,8.300665e+001
1.280020e+003,8.305354e+001
1.280502e+003,8.315102e+001
1.280984e+003,8.328970e+001
1.281466e+003,8.345619e+001
1.281948e+003,8.363586e+001
1.282431e+003,8.381615e+001
1.282913e+003,8.398907e+001
1.283395e+003,8.415234e+001
1.283877e+003,8.430872e+001
1.284359e+003,8.446387e+001
1.284841e+003,8.462395e+001
1.285323e+003,8.479352e+001
1.285805e+003,8.497474e+001
1.286288e+003,8.516765e+001
1.286770e+003,8.537096e+001
1.287252e+003,8.558261e+001
1.287734e+003,8.580016e+001
1.288216e+003,8.602021e+001
1.288698e+003,8.623832e+001
1.289180e+003,8.644921e+001
1.289662e+003,8.664796e+001
1.290145e+003,8.683144e+001
1.290627e+003,8.699933e+001
1.291109e+003,8.715434e+001
1.291591e+003,8.730086e+001
1.292073e+003,8.744313e+001
1.292555e+003,8.758337e+001
1.293037e+003,8.772121e+001
1.293519e+003,8.785407e+001
1.294001e+003,8.797900e+001
1.294484e+003,8.809440e+001
1.294966e+003,8.820099e+001
1.295448e+003,8.830147e+001
1.295930e+003,8.839933e+001
1.296412e+003,8.849706e+001
1.296894e+003,8.859527e+001
1.297376e+003,8.869273e+001
1.297858e+003,8.878745e+001
1.298340e+003,8.887802e+001
1.298823e+003,8.896469e+001
1.299305e+003,8.904938e+001
1.299787e+003,8.913470e+001
1.300269e+003,8.922295e+001
1.300751e+003,8.931500e+001
1.301233e+003,8.941033e+001
1.301715e+003,8.950736e+001
1.302197e+003,8.960426e+001
1.302679e+003,8.969949e+001
1.303162e+003,8.979189e+001
1.303644e+003,8.988020e+001
1.304126e+003,8.996310e+001
1.304608e+003,9.003938e+001
1.305090e+003,9.010856e+001
1.305572e+003,9.017159e+001
1.306054e+003,9.023101e+001
1.306536e+003,9.029008e+001
1.307019e+003,9.035141e+001
1.307501e+003,9.041528e+001
1.307983e+003,9.047896e+001
1.308465e+003,9.053712e+001
1.308947e+003,9.058360e+001
1.309429e+003,9.061382e+001
1.309911e+003,9.062643e+001
1.310393e+003,9.062406e+001
1.310875e+003,9.061227e+001
1.311358e+003,9.059771e+001
1.311840e+003,9.058615e+001
1.312322e+003,9.058122e+001
1.312804e+003,9.058382e+001
1.313286e+003,9.059251e+001
1.313768e+003,9.060421e+001
1.314250e+003,9.061512e+001
1.314732e+003,9.062117e+001
1.315215e+003,9.061839e+001
1.315697e+003,9.060318e+001
1.316179e+003,9.057314e+001
1.316661e+003,9.052788e+001
1.317143e+003,9.046966e+001
1.317625e+003,9.040296e+001
1.318107e+003,9.033314e+001
1.318589e+003,9.026447e+001
1.319072e+003,9.019849e+001
1.319554e+003,9.013347e+001
1.320036e+003,9.006540e+001
1.320518e+003,8.999022e+001
1.321000e+003,8.990578e+001
1.321482e+003,8.981316e+001
1.321964e+003,8.971581e+001
1.322446e+003,8.961778e+001
1.322928e+003,8.952134e+001
1.323411e+003,8.942544e+001
1.323893e+003,8.932590e+001
1.324375e+003,8.921701e+001
1.324857e+003,8.909399e+001
1.325339e+003,8.895496e+001
1.325821e+003,8.880127e+001
1.326303e+003,8.863614e+001
1.326785e+003,8.846227e+001
1.327267e+003,8.827925e+001
1.327750e+003,8.808241e+001
1.328232e+003,8.786287e+001
1.328714e+003,8.760939e+001
1.329196e+003,8.731041e+001
1.329678e+003,8.695596e+001
1.330160e+003,8.653836e+001
1.330642e+003,8.605218e+001
1.331124e+003,8.549379e+001
1.331606e+003,8.486105e+001
1.332089e+003,8.415360e+001
1.332571e+003,8.337390e+001
1.333053e+003,8.252854e+001
1.333535e+003,8.162977e+001
1.334017e+003,8.069672e+001
1.334499e+003,7.975589e+001
1.334981e+003,7.884020e+001
1.335463e+003,7.798630e+001
1.335946e+003,7.723091e+001
1.336428e+003,7.660727e+001
1.336910e+003,7.614332e+001
1.337392e+003,7.586222e+001
1.337874e+003,7.578301e+001
1.338356e+003,7.591917e+001
1.338838e+003,7.627271e+001
1.339320e+003,7.682652e+001
1.339802e+003,7.753918e+001
1.340285e+003,7.834888e+001
1.340767e+003,7.918610e+001
1.341249e+003,7.998978e+001
1.341731e+003,8.071889e+001
1.342213e+003,8.135606e+001
1.342695e+003,8.190449e+001
1.343177e+003,8.238123e+001
1.343659e+003,8.280987e+001
1.344142e+003,8.321372e+001
1.344624e+003,8.361044e+001
1.345106e+003,8.400854e+001
1.345588e+003,8.440656e+001
1.346070e+003,8.479457e+001
1.346552e+003,8.515809e+001
1.347034e+003,8.548260e+001
1.347516e+003,8.575808e+001
1.347999e+003,8.598196e+001
1.348481e+003,8.615964e+001
1.348963e+003,8.630210e+001
1.349445e+003,8.642183e+001
1.349927e+003,8.652816e+001
1.350409e+003,8.662422e+001
1.350891e+003,8.670607e+001
1.351373e+003,8.676465e+001
1.351855e+003,8.678915e+001
1.352338e+003,8.677061e+001
1.352820e+003,8.670438e+001
1.353302e+003,8.659100e+001
1.353784e+003,8.643563e+001
1.354266e+003,8.624695e+001
1.354748e+003,8.603555e+001
1.355230e+003,8.581239e+001
1.355712e+003,8.558715e+001
1.356194e+003,8.536674e+001
1.356677e+003,8.515404e+001
1.357159e+003,8.494720e+001
1.357641e+003,8.474004e+001
1.358123e+003,8.452348e+001
1.358605e+003,8.428811e+001
1.359087e+003,8.402735e+001
1.359569e+003,8.374056e+001
1.360051e+003,8.343495e+001
1.360533e+003,8.312595e+001
1.361016e+003,8.283607e+001
1.361498e+003,8.259137e+001
1.361980e+003,8.241580e+001
1.362462e+003,8.232363e+001
1.362944e+003,8.231330e+001
1.363426e+003,8.236668e+001
1.363908e+003,8.245565e+001
1.364390e+003,8.255202e+001
1.364873e+003,8.263540e+001
1.365355e+003,8.269522e+001
1.365837e+003,8.272889e+001
1.366319e+003,8.273839e+001
1.366801e+003,8.272783e+001
1.367283e+003,8.270216e+001
1.367765e+003,8.266608e+001
1.368247e+003,8.262281e+001
1.368729e+003,8.257303e+001
1.369212e+003,8.251445e+001
1.369694e+003,8.244280e+001
1.370176e+003,8.235397e+001
1.370658e+003,8.224676e+001
1.371140e+003,8.212495e+001
1.371622e+003,8.199841e+001
1.372104e+003,8.188239e+001
1.372586e+003,8.179553e+001
1.373069e+003,8.175607e+001
1.373551e+003,8.177652e+001
1.374033e+003,8.185812e+001
1.374515e+003,8.198873e+001
1.374997e+003,8.214649e+001
1.375479e+003,8.230856e+001
1.375961e+003,8.245903e+001
1.376443e+003,8.259184e+001
1.376926e+003,8.270747e+001
1.377408e+003,8.280766e+001
1.377890e+003,8.289105e+001
1.378372e+003,8.295231e+001
1.378854e+003,8.298410e+001
1.379336e+003,8.298096e+001
1.379818e+003,8.294242e+001
1.380300e+003,8.287425e+001
1.380782e+003,8.278712e+001
1.381265e+003,8.269379e+001
1.381747e+003,8.260622e+001
1.382229e+003,8.253319e+001
1.382711e+003,8.247918e+001
1.383193e+003,8.244424e+001
1.383675e+003,8.242467e+001
1.384157e+003,8.241355e+001
1.384639e+003,8.240112e+001
1.385121e+003,8.237598e+001
1.385604e+003,8.232796e+001
1.386086e+003,8.225250e+001
1.386568e+003,8.215348e+001
1.387050e+003,8.204162e+001
1.387532e+003,8.192778e+001
1.388014e+003,8.181600e+001
1.388496e+003,8.170073e+001
1.388978e+003,8.157012e+001
1.389460e+003,8.141182e+001
1.389943e+003,8.121841e+001
1.390425e+003,8.099013e+001
1.390907e+003,8.073460e+001
1.391389e+003,8.046375e+001
1.391871e+003,8.018887e+001
1.392353e+003,7.991606e+001
1.392835e+003,7.964400e+001
1.393317e+003,7.936488e+001
1.393800e+003,7.906855e+001
1.394282e+003,7.874776e+001
1.394764e+003,7.840188e+001
1.395246e+003,7.803847e+001
1.395728e+003,7.767104e+001
1.396210e+003,7.731524e+001
1.396692e+003,7.698393e+001
1.397174e+003,7.668362e+001
1.397656e+003,7.641283e+001
1.398139e+003,7.616295e+001
1.398621e+003,7.592050e+001
1.399103e+003,7.567006e+001
1.399585e+003,7.539688e+001
1.400067e+003,7.508954e+001
1.400549e+003,7.474203e+001
1.401031e+003,7.435410e+001
1.401513e+003,7.392977e+001
1.401996e+003,7.347575e+001
1.402478e+003,7.300081e+001
1.402960e+003,7.251665e+001
1.403442e+003,7.203921e+001
1.403924e+003,7.158725e+001
1.404406e+003,7.117777e+001
1.404888e+003,7.081965e+001
1.405370e+003,7.050945e+001
1.405853e+003,7.023347e+001
1.406335e+003,6.997429e+001
1.406817e+003,6.971804e+001
1.407299e+003,6.945802e+001
1.407781e+003,6.919363e+001
1.408263e+003,6.892633e+001
1.408745e+003,6.865498e+001
1.409227e+003,6.837360e+001
1.409709e+003,6.807212e+001
1.410192e+003,6.774053e+001
1.410674e+003,6.737419e+001
1.411156e+003,6.697775e+001
1.411638e+003,6.656485e+001
1.412120e+003,6.615378e+001
1.412602e+003,6.576074e+001
1.413084e+003,6.539428e+001
1.413566e+003,6.505325e+001
1.414048e+003,6.472939e+001
1.414531e+003,6.441316e+001
1.415013e+003,6.409937e+001
1.415495e+003,6.379031e+001
1.415977e+003,6.349482e+001
1.416459e+003,6.322425e+001
1.416941e+003,6.298829e+001
1.417423e+003,6.279275e+001
1.417905e+003,6.264042e+001
1.418387e+003,6.253228e+001
1.418870e+003,6.246561e+001
1.419352e+003,6.242908e+001
1.419834e+003,6.240216e+001
1.420316e+003,6.236372e+001
1.420798e+003,6.230460e+001
1.421280e+003,6.223398e+001
1.421762e+003,6.217648e+001
1.422244e+003,6.216570e+001
1.422727e+003,6.223820e+001
1.423209e+003,6.242739e+001
1.423691e+003,6.275407e+001
1.424173e+003,6.321446e+001
1.424655e+003,6.377453e+001
1.425137e+003,6.437846e+001
1.425619e+003,6.496865e+001
1.426101e+003,6.550369e+001
1.426583e+003,6.596548e+001
1.427066e+003,6.635635e+001
1.427548e+003,6.669325e+001
1.428030e+003,6.700237e+001
1.428512e+003,6.731473e+001
1.428994e+003,6.766096e+001
1.429476e+003,6.806570e+001
1.429958e+003,6.854298e+001
1.430440e+003,6.909382e+001
1.430923e+003,6.970615e+001
1.431405e+003,7.035777e+001
1.431887e+003,7.102216e+001
1.432369e+003,7.167738e+001
1.432851e+003,7.231430e+001
1.433333e+003,7.294038e+001
1.433815e+003,7.357713e+001
1.434297e+003,7.425339e+001
1.434780e+003,7.499756e+001
1.435262e+003,7.582921e+001
1.435744e+003,7.674698e+001
1.436226e+003,7.771401e+001
1.436708e+003,7.865476e+001
1.437190e+003,7.948058e+001
1.437672e+003,8.013302e+001
1.438154e+003,8.061009e+001
1.438636e+003,8.095694e+001
1.439119e+003,8.123625e+001
1.439601e+003,8.150104e+001
1.440083e+003,8.178085e+001
1.440565e+003,8.208067e+001
1.441047e+003,8.238729e+001
1.441529e+003,8.267830e+001
1.442011e+003,8.293041e+001
1.442493e+003,8.312555e+001
1.442976e+003,8.325468e+001
1.443458e+003,8.331984e+001
1.443940e+003,8.333498e+001
1.444422e+003,8.332469e+001
1.444904e+003,8.332045e+001
1.445386e+003,8.335341e+001
1.445868e+003,8.344466e+001
1.446350e+003,8.359486e+001
1.446833e+003,8.377700e+001
1.447314e+003,8.393687e+001
1.447797e+003,8.400563e+001
1.448279e+003,8.392249e+001
1.448761e+003,8.365701e+001
1.449243e+003,8.321733e+001
1.449725e+003,8.264017e+001
1.450207e+003,8.197233e+001
1.450689e+003,8.125597e+001
1.451171e+003,8.052393e+001
1.451654e+003,7.980278e+001
1.452136e+003,7.911778e+001
1.452618e+003,7.849425e+001
1.453100e+003,7.795315e+001
1.453582e+003,7.750256e+001
1.454064e+003,7.712833e+001
1.454546e+003,7.678715e+001
1.455028e+003,7.640851e+001
1.455510e+003,7.591254e+001
1.455993e+003,7.524573e+001
1.456475e+003,7.441879e+001
1.456957e+003,7.351048e+001
1.457439e+003,7.261956e+001
1.457921e+003,7.180733e+001
1.458403e+003,7.108797e+001
1.458885e+003,7.045806e+001
1.459367e+003,6.991956e+001
1.459850e+003,6.948135e+001
1.460332e+003,6.915100e+001
1.460814e+003,6.892950e+001
1.461296e+003,6.881143e+001
1.461778e+003,6.878903e+001
1.462260e+003,6.885710e+001
1.462742e+003,6.901712e+001
1.463224e+003,6.927849e+001
1.463707e+003,6.965424e+001
1.464189e+003,7.015058e+001
1.464671e+003,7.075535e+001
1.465153e+003,7.143651e+001
1.465635e+003,7.215408e+001
1.466117e+003,7.287664e+001
1.466599e+003,7.358898e+001
1.467081e+003,7.428866e+001
1.467563e+003,7.497742e+001
1.468046e+003,7.565514e+001
1.468528e+003,7.631842e+001
1.469010e+003,7.696289e+001
1.469492e+003,7.758546e+001
1.469974e+003,7.818507e+001
1.470456e+003,7.876201e+001
1.470938e+003,7.931711e+001
1.471420e+003,7.985106e+001
1.471903e+003,8.036242e+001
1.472385e+003,8.084489e+001
1.472867e+003,8.128773e+001
1.473349e+003,8.168336e+001
1.473831e+003,8.203764e+001
1.474313e+003,8.237355e+001
1.474795e+003,8.272389e+001
1.475277e+003,8.311615e+001
1.475760e+003,8.355830e+001
1.476241e+003,8.403289e+001
1.476724e+003,8.450217e+001
1.477206e+003,8.492220e+001
1.477688e+003,8.525926e+001
1.478170e+003,8.549991e+001
1.478652e+003,8.565128e+001
1.479134e+003,8.573432e+001
1.479616e+003,8.577531e+001
1.480098e+003,8.579961e+001
1.480581e+003,8.582792e+001
1.481063e+003,8.587389e+001
1.481545e+003,8.594250e+001
1.482027e+003,8.603043e+001
1.482509e+003,8.612942e+001
1.482991e+003,8.623139e+001
1.483473e+003,8.633238e+001
1.483955e+003,8.643364e+001
1.484438e+003,8.653994e+001
1.484920e+003,8.665637e+001
1.485402e+003,8.678471e+001
1.485884e+003,8.692056e+001
1.486366e+003,8.705240e+001
1.486848e+003,8.716380e+001
1.487330e+003,8.723920e+001
1.487812e+003,8.727135e+001
1.488294e+003,8.726766e+001
1.488777e+003,8.725057e+001
1.489259e+003,8.724988e+001
1.489741e+003,8.728719e+001
1.490223e+003,8.736054e+001
1.490705e+003,8.744176e+001
1.491187e+003,8.749119e+001
1.491669e+003,8.748085e+001
1.492151e+003,8.740903e+001
1.492634e+003,8.729946e+001
1.493116e+003,8.718906e+001
1.493598e+003,8.711391e+001
1.494080e+003,8.709892e+001
1.494562e+003,8.715283e+001
1.495044e+003,8.726701e+001
1.495526e+003,8.741528e+001
1.496008e+003,8.755571e+001
1.496490e+003,8.763773e+001
1.496973e+003,8.761821e+001
1.497455e+003,8.748093e+001
1.497937e+003,8.724626e+001
1.498419e+003,8.696342e+001
1.498901e+003,8.669007e+001
1.499383e+003,8.647101e+001
1.499865e+003,8.632484e+001
1.500347e+003,8.624234e+001
1.500830e+003,8.619505e+001
1.501312e+003,8.614986e+001
1.501794e+003,8.608268e+001
1.502276e+003,8.598476e+001
1.502758e+003,8.586021e+001
1.503240e+003,8.571590e+001
1.503722e+003,8.554977e+001
1.504204e+003,8.534491e+001
1.504687e+003,8.507694e+001
1.505168e+003,8.473956e+001
1.505651e+003,8.437842e+001
1.506133e+003,8.409666e+001
1.506615e+003,8.399254e+001
1.507097e+003,8.406793e+001
1.507579e+003,8.422073e+001
1.508061e+003,8.433800e+001
1.508543e+003,8.437482e+001
1.509025e+003,8.435331e+001
1.509508e+003,8.431825e+001
1.509990e+003,8.429874e+001
1.510472e+003,8.429142e+001
1.510954e+003,8.426199e+001
1.511436e+003,8.415919e+001
1.511918e+003,8.393494e+001
1.512400e+003,8.356299e+001
1.512882e+003,8.304893e+001
1.513365e+003,8.242723e+001
1.513847e+003,8.174989e+001
1.514329e+003,8.107435e+001
1.514811e+003,8.045642e+001
1.515293e+003,7.994803e+001
1.515775e+003,7.959310e+001
1.516257e+003,7.941575e+001
1.516739e+003,7.940361e+001
1.517221e+003,7.950294e+001
1.517704e+003,7.963705e+001
1.518186e+003,7.973629e+001
1.518668e+003,7.975658e+001
1.519150e+003,7.967928e+001
1.519632e+003,7.950584e+001
1.520114e+003,7.925998e+001
1.520596e+003,7.899274e+001
1.521078e+003,7.876943e+001
1.521561e+003,7.862823e+001
1.522043e+003,7.854438e+001
1.522525e+003,7.844450e+001
1.523007e+003,7.825690e+001
1.523489e+003,7.794482e+001
1.523971e+003,7.750499e+001
1.524453e+003,7.695309e+001
1.524935e+003,7.631651e+001
1.525417e+003,7.563506e+001
1.525900e+003,7.495906e+001
1.526382e+003,7.433733e+001
1.526864e+003,7.380054e+001
1.527346e+003,7.335131e+001
1.527828e+003,7.296754e+001
1.528310e+003,7.261405e+001
1.528792e+003,7.225542e+001
1.529274e+003,7.186528e+001
1.529757e+003,7.143015e+001
1.530239e+003,7.094777e+001
1.530721e+003,7.042083e+001
1.531203e+003,6.985020e+001
1.531685e+003,6.923088e+001
1.532167e+003,6.855539e+001
1.532649e+003,6.782272e+001
1.533131e+003,6.704577e+001
1.533614e+003,6.624738e+001
1.534095e+003,6.544726e+001
1.534578e+003,6.465574e+001
1.535060e+003,6.388173e+001
1.535542e+003,6.314222e+001
1.536024e+003,6.246099e+001
1.536506e+003,6.185924e+001
1.536988e+003,6.134736e+001
1.537470e+003,6.092362e+001
1.537952e+003,6.058064e+001
1.538435e+003,6.031684e+001
1.538917e+003,6.014582e+001
1.539399e+003,6.009521e+001
1.539881e+003,6.019382e+001
1.540363e+003,6.045986e+001
1.540845e+003,6.090139e+001
1.541327e+003,6.152493e+001
1.541809e+003,6.234207e+001
1.542292e+003,6.337035e+001
1.542774e+003,6.462574e+001
1.543256e+003,6.610678e+001
1.543738e+003,6.777314e+001
1.544220e+003,6.953020e+001
1.544702e+003,7.123643e+001
1.545184e+003,7.274168e+001
1.545666e+003,7.393811e+001
1.546148e+003,7.479138e+001
1.546631e+003,7.533582e+001
1.547113e+003,7.564513e+001
1.547595e+003,7.580038e+001
1.548077e+003,7.586857e+001
1.548559e+003,7.589304e+001
1.549041e+003,7.589269e+001
1.549523e+003,7.586597e+001
1.550005e+003,7.579902e+001
1.550488e+003,7.567736e+001
1.550970e+003,7.549614e+001
1.551452e+003,7.526286e+001
1.551934e+003,7.499391e+001
1.552416e+003,7.470873e+001
1.552898e+003,7.442746e+001
1.553380e+003,7.416990e+001
1.553862e+003,7.395293e+001
1.554344e+003,7.378506e+001
1.554827e+003,7.366340e+001
1.555309e+003,7.357612e+001
1.555791e+003,7.350700e+001
1.556273e+003,7.343726e+001
1.556755e+003,7.334805e+001
1.557237e+003,7.323611e+001
1.557719e+003,7.314817e+001
1.558201e+003,7.320164e+001
1.558684e+003,7.350653e+001
1.559166e+003,7.399168e+001
1.559648e+003,7.437811e+001
1.560130e+003,7.440800e+001
1.560612e+003,7.402629e+001
1.561094e+003,7.334581e+001
1.561576e+003,7.253254e+001
1.562058e+003,7.172888e+001
1.562541e+003,7.102858e+001
1.563022e+003,7.047918e+001
1.563505e+003,7.009246e+001
1.563987e+003,6.985275e+001
1.564469e+003,6.972208e+001
1.564951e+003,6.964617e+001
1.565433e+003,6.956616e+001
1.565915e+003,6.943369e+001
1.566397e+003,6.922227e+001
1.566879e+003,6.893011e+001
1.567362e+003,6.857770e+001
1.567844e+003,6.820574e+001
1.568326e+003,6.787363e+001
1.568808e+003,6.764902e+001
1.569290e+003,6.758073e+001
1.569772e+003,6.766425e+001
1.570254e+003,6.783151e+001
1.570736e+003,6.798372e+001
1.571219e+003,6.804367e+001
1.571701e+003,6.798672e+001
1.572183e+003,6.783698e+001
1.572665e+003,6.764356e+001
1.573147e+003,6.745557e+001
1.573629e+003,6.730508e+001
1.574111e+003,6.719980e+001
1.574593e+003,6.712454e+001
1.575075e+003,6.704904e+001
1.575558e+003,6.693876e+001
1.576040e+003,6.676455e+001
1.576522e+003,6.651060e+001
1.577004e+003,6.618048e+001
1.577486e+003,6.579820e+001
1.577968e+003,6.540131e+001
1.578450e+003,6.502813e+001
1.578932e+003,6.470552e+001
1.579415e+003,6.444188e+001
1.579897e+003,6.422703e+001
1.580379e+003,6.403755e+001
1.580861e+003,6.384485e+001
1.581343e+003,6.362310e+001
1.581825e+003,6.335536e+001
1.582307e+003,6.303648e+001
1.582789e+003,6.267284e+001
1.583271e+003,6.228009e+001
1.583754e+003,6.188027e+001
1.584236e+003,6.149791e+001
1.584718e+003,6.115568e+001
1.585200e+003,6.086938e+001
1.585682e+003,6.064394e+001
1.586164e+003,6.047211e+001
1.586646e+003,6.033702e+001
1.587128e+003,6.021735e+001
1.587611e+003,6.009342e+001
1.588093e+003,5.995235e+001
1.588575e+003,5.979070e+001
1.589057e+003,5.961366e+001
1.589539e+003,5.943185e+001
1.590021e+003,5.925668e+001
1.590503e+003,5.909670e+001
1.590985e+003,5.895591e+001
1.591468e+003,5.883390e+001
1.591949e+003,5.872725e+001
1.592432e+003,5.863113e+001
1.592914e+003,5.854061e+001
1.593396e+003,5.845187e+001
1.593878e+003,5.836304e+001
1.594360e+003,5.827506e+001
1.594842e+003,5.819164e+001
1.595324e+003,5.811871e+001
1.595806e+003,5.806290e+001
1.596289e+003,5.802937e+001
1.596771e+003,5.802018e+001
1.597253e+003,5.803388e+001
1.597735e+003,5.806665e+001
1.598217e+003,5.811406e+001
1.598699e+003,5.817275e+001
1.599181e+003,5.824127e+001
1.599663e+003,5.831968e+001
1.600146e+003,5.840866e+001
1.600628e+003,5.850893e+001
1.601110e+003,5.862146e+001
1.601592e+003,5.874928e+001
1.602074e+003,5.889962e+001
1.602556e+003,5.908521e+001
1.603038e+003,5.932341e+001
1.603520e+003,5.963277e+001
1.604002e+003,6.002812e+001
1.604485e+003,6.051604e+001
1.604967e+003,6.109261e+001
1.605449e+003,6.174371e+001
1.605931e+003,6.244704e+001
1.606413e+003,6.317521e+001
1.606895e+003,6.389992e+001
1.607377e+003,6.459744e+001
1.607859e+003,6.525499e+001
1.608342e+003,6.587479e+001
1.608824e+003,6.647370e+001
1.609306e+003,6.707658e+001
1.609788e+003,6.770624e+001
1.610270e+003,6.837375e+001
1.610752e+003,6.907302e+001
1.611234e+003,6.978194e+001
1.611716e+003,7.047028e+001
1.612198e+003,7.111091e+001
1.612681e+003,7.168937e+001
1.613163e+003,7.220660e+001
1.613645e+003,7.267480e+001
1.614127e+003,7.310979e+001
1.614609e+003,7.352661e+001
1.615091e+003,7.394057e+001
1.615573e+003,7.437109e+001
1.616055e+003,7.483751e+001
1.616538e+003,7.534131e+001
1.617020e+003,7.584873e+001
1.617502e+003,7.629960e+001
1.617984e+003,7.664112e+001
1.618466e+003,7.685587e+001
1.618948e+003,7.696292e+001
1.619430e+003,7.699950e+001
1.619912e+003,7.700130e+001
1.620395e+003,7.699134e+001
1.620876e+003,7.697823e+001
1.621359e+003,7.696059e+001
1.621841e+003,7.693349e+001
1.622323e+003,7.689310e+001
1.622805e+003,7.683687e+001
1.623287e+003,7.676041e+001
1.623769e+003,7.665462e+001
1.624251e+003,7.650666e+001
1.624733e+003,7.630374e+001
1.625216e+003,7.603557e+001
1.625698e+003,7.569405e+001
1.626180e+003,7.527158e+001
1.626662e+003,7.476144e+001
1.627144e+003,7.416080e+001
1.627626e+003,7.347377e+001
1.628108e+003,7.271067e+001
1.628590e+003,7.188280e+001
1.629073e+003,7.099703e+001
1.629555e+003,7.005589e+001
1.630037e+003,6.906419e+001
1.630519e+003,6.803705e+001
1.631001e+003,6.700375e+001
1.631483e+003,6.600427e+001
1.631965e+003,6.507964e+001
1.632447e+003,6.425919e+001
1.632929e+003,6.354914e+001
1.633412e+003,6.292817e+001
1.633894e+003,6.235415e+001
1.634376e+003,6.178459e+001
1.634858e+003,6.120495e+001
1.635340e+003,6.064401e+001
1.635822e+003,6.015271e+001
1.636304e+003,5.975652e+001
1.636786e+003,5.943158e+001
1.637269e+003,5.912982e+001
1.637751e+003,5.881758e+001
1.638233e+003,5.849093e+001
1.638715e+003,5.816942e+001
1.639197e+003,5.788358e+001
1.639679e+003,5.766425e+001
1.640161e+003,5.753349e+001
1.640643e+003,5.749721e+001
1.641125e+003,5.754260e+001
1.641608e+003,5.764271e+001
1.642090e+003,5.776677e+001
1.642572e+003,5.789026e+001
1.643054e+003,5.799990e+001
1.643536e+003,5.809344e+001
1.644018e+003,5.817660e+001
1.644500e+003,5.826067e+001
1.644982e+003,5.836307e+001
1.645465e+003,5.850994e+001
1.645947e+003,5.873544e+001
1.646429e+003,5.907055e+001
1.646911e+003,5.952222e+001
1.647393e+003,6.006079e+001
1.647875e+003,6.063405e+001
1.648357e+003,6.120038e+001
1.648839e+003,6.175243e+001
1.649322e+003,6.231649e+001
1.649803e+003,6.293491e+001
1.650286e+003,6.364678e+001
1.650768e+003,6.447787e+001
1.651250e+003,6.544606e+001
1.651732e+003,6.657880e+001
1.652214e+003,6.790909e+001
1.652696e+003,6.939174e+001
1.653178e+003,7.079941e+001
1.653660e+003,7.182835e+001
1.654143e+003,7.235685e+001
1.654625e+003,7.250208e+001
1.655107e+003,7.248343e+001
1.655589e+003,7.250014e+001
1.656071e+003,7.268211e+001
1.656553e+003,7.308554e+001
1.657035e+003,7.370493e+001
1.657517e+003,7.448920e+001
1.658000e+003,7.535931e+001
1.658482e+003,7.622727e+001
1.658964e+003,7.701532e+001
1.659446e+003,7.767191e+001
1.659928e+003,7.818090e+001
1.660410e+003,7.856368e+001
1.660892e+003,7.887630e+001
1.661374e+003,7.920229e+001
1.661856e+003,7.963722e+001
1.662339e+003,8.026064e+001
1.662821e+003,8.110030e+001
1.663303e+003,8.211094e+001
1.663785e+003,8.318847e+001
1.664267e+003,8.421365e+001
1.664749e+003,8.509485e+001
1.665231e+003,8.578574e+001
1.665713e+003,8.627855e+001
1.666196e+003,8.658817e+001
1.666678e+003,8.673971e+001
1.667160e+003,8.676421e+001
1.667642e+003,8.669988e+001
1.668124e+003,8.659231e+001
1.668606e+003,8.648822e+001
1.669088e+003,8.642290e+001
1.669570e+003,8.640891e+001
1.670052e+003,8.643694e+001
1.670535e+003,8.649038e+001
1.671017e+003,8.656320e+001
1.671499e+003,8.666777e+001
1.671981e+003,8.682887e+001
1.672463e+003,8.706860e+001
1.672945e+003,8.738972e+001
1.673427e+003,8.776249e+001
1.673909e+003,8.811980e+001
1.674392e+003,8.836521e+001
1.674874e+003,8.840015e+001
1.675356e+003,8.816548e+001
1.675838e+003,8.767335e+001
1.676320e+003,8.700184e+001
1.676802e+003,8.625873e+001
1.677284e+003,8.554462e+001
1.677766e+003,8.493321e+001
1.678249e+003,8.446632e+001
1.678730e+003,8.415526e+001
1.679213e+003,8.398470e+001
1.679695e+003,8.391763e+001
1.680177e+003,8.390392e+001
1.680659e+003,8.389333e+001
1.681141e+003,8.384855e+001
1.681623e+003,8.375370e+001
1.682105e+003,8.362299e+001
1.682587e+003,8.351883e+001
1.683070e+003,8.357337e+001
1.683552e+003,8.396518e+001
1.684034e+003,8.479575e+001
1.684516e+003,8.593896e+001
1.684998e+003,8.706954e+001
1.685480e+003,8.788603e+001
1.685962e+003,8.827888e+001
1.686444e+003,8.831715e+001
1.686927e+003,8.814960e+001
1.687409e+003,8.792464e+001
1.687891e+003,8.775347e+001
1.688373e+003,8.769879e+001
1.688855e+003,8.777325e+001
1.689337e+003,8.794243e+001
1.689819e+003,8.813711e+001
1.690301e+003,8.827776e+001
1.690783e+003,8.830534e+001
1.691266e+003,8.820503e+001
1.691748e+003,8.801132e+001
1.692230e+003,8.779409e+001
1.692712e+003,8.763548e+001
1.693194e+003,8.760760e+001
1.693676e+003,8.775861e+001
1.694158e+003,8.810630e+001
1.694640e+003,8.863316e+001
1.695123e+003,8.927392e+001
1.695605e+003,8.990644e+001
1.696087e+003,9.038157e+001
1.696569e+003,9.060052e+001
1.697051e+003,9.057320e+001
1.697533e+003,9.039983e+001
1.698015e+003,9.020689e+001
1.698497e+003,9.009751e+001
1.698979e+003,9.013943e+001
1.699462e+003,9.036746e+001
1.699944e+003,9.076019e+001
1.700426e+003,9.119695e+001
1.700908e+003,9.148235e+001
1.701390e+003,9.146856e+001
1.701872e+003,9.114801e+001
1.702354e+003,9.062888e+001
1.702836e+003,9.005245e+001
1.703319e+003,8.953364e+001
1.703801e+003,8.914598e+001
1.704283e+003,8.893179e+001
1.704765e+003,8.891243e+001
1.705247e+003,8.908424e+001
1.705729e+003,8.940619e+001
1.706211e+003,8.980118e+001
1.706693e+003,9.018023e+001
1.707176e+003,9.047281e+001
1.707657e+003,9.064326e+001
1.708140e+003,9.069073e+001
1.708622e+003,9.064123e+001
1.709104e+003,9.053787e+001
1.709586e+003,9.042919e+001
1.710068e+003,9.035609e+001
1.710550e+003,9.034035e+001
1.711032e+003,9.037970e+001
1.711514e+003,9.045134e+001
1.711997e+003,9.052232e+001
1.712479e+003,9.056348e+001
1.712961e+003,9.056187e+001
1.713443e+003,9.052700e+001
1.713925e+003,9.048808e+001
1.714407e+003,9.048317e+001
1.714889e+003,9.054596e+001
1.715371e+003,9.069669e+001
1.715854e+003,9.094165e+001
1.716336e+003,9.127789e+001
1.716818e+003,9.169442e+001
1.717300e+003,9.216290e+001
1.717782e+003,9.262642e+001
1.718264e+003,9.300771e+001
1.718746e+003,9.324187e+001
1.719229e+003,9.330804e+001
1.719710e+003,9.323486e+001
1.720193e+003,9.308224e+001
1.720675e+003,9.291777e+001
1.721157e+003,9.279964e+001
1.721639e+003,9.276790e+001
1.722121e+003,9.283999e+001
1.722603e+003,9.300838e+001
1.723085e+003,9.324024e+001
1.723567e+003,9.348351e+001
1.724050e+003,9.368061e+001
1.724532e+003,9.378664e+001
1.725014e+003,9.378389e+001
1.725496e+003,9.368594e+001
1.725978e+003,9.353165e+001
1.726460e+003,9.337289e+001
1.726942e+003,9.326167e+001
1.727424e+003,9.323936e+001
1.727906e+003,9.332936e+001
1.728389e+003,9.353281e+001
1.728871e+003,9.382847e+001
1.729353e+003,9.417785e+001
1.729835e+003,9.453641e+001
1.730317e+003,9.486729e+001
1.730799e+003,9.515084e+001
1.731281e+003,9.538589e+001
1.731763e+003,9.558475e+001
1.732246e+003,9.577016e+001
1.732728e+003,9.597747e+001
1.733210e+003,9.625216e+001
1.733692e+003,9.661993e+001
1.734174e+003,9.703641e+001
1.734656e+003,9.737968e+001
1.735138e+003,9.752502e+001
1.735620e+003,9.743192e+001
1.736103e+003,9.715897e+001
1.736585e+003,9.681553e+001
1.737067e+003,9.650654e+001
1.737549e+003,9.630276e+001
1.738031e+003,9.623531e+001
1.738513e+003,9.630096e+001
1.738995e+003,9.646696e+001
1.739477e+003,9.667413e+001
1.739959e+003,9.684757e+001
1.740442e+003,9.691962e+001
1.740924e+003,9.685446e+001
1.741406e+003,9.665791e+001
1.741888e+003,9.637074e+001
1.742370e+003,9.605460e+001
1.742852e+003,9.577697e+001
1.743334e+003,9.559682e+001
1.743816e+003,9.555035e+001
1.744299e+003,9.564073e+001
1.744781e+003,9.583646e+001
1.745263e+003,9.607962e+001
1.745745e+003,9.630063e+001
1.746227e+003,9.643611e+001
1.746709e+003,9.644721e+001
1.747191e+003,9.633404e+001
1.747673e+003,9.614091e+001
1.748156e+003,9.594614e+001
1.748637e+003,9.583919e+001
1.749120e+003,9.589291e+001
1.749602e+003,9.614159e+001
1.750084e+003,9.656891e+001
1.750566e+003,9.710786e+001
1.751048e+003,9.765501e+001
1.751530e+003,9.810092e+001
1.752012e+003,9.836684e+001
1.752494e+003,9.842869e+001
1.752977e+003,9.831494e+001
1.753459e+003,9.808458e+001
1.753941e+003,9.780130e+001
1.754423e+003,9.751702e+001
1.754905e+003,9.726788e+001
1.755387e+003,9.707727e+001
1.755869e+003,9.695889e+001
1.756351e+003,9.691472e+001
1.756833e+003,9.693084e+001
1.757316e+003,9.697982e+001
1.757798e+003,9.703233e+001
1.758280e+003,9.707137e+001
1.758762e+003,9.709989e+001
1.759244e+003,9.713885e+001
1.759726e+003,9.721997e+001
1.760208e+003,9.737588e+001
1.760690e+003,9.762795e+001
1.761173e+003,9.797147e+001
1.761655e+003,9.836476e+001
1.762137e+003,9.873318e+001
1.762619e+003,9.899436e+001
1.763101e+003,9.909236e+001
1.763583e+003,9.901842e+001
1.764065e+003,9.880813e+001
1.764547e+003,9.852219e+001
1.765030e+003,9.822478e+001
1.765512e+003,9.796839e+001
1.765994e+003,9.778645e+001
1.766476e+003,9.769129e+001
1.766958e+003,9.767411e+001
1.767440e+003,9.770666e+001
1.767922e+003,9.774815e+001
1.768404e+003,9.775837e+001
1.768886e+003,9.771286e+001
1.769369e+003,9.761201e+001
1.769851e+003,9.748119e+001
1.770333e+003,9.736506e+001
1.770815e+003,9.732008e+001
1.771297e+003,9.740157e+001
1.771779e+003,9.763950e+001
1.772261e+003,9.800980e+001
1.772743e+003,9.842751e+001
1.773226e+003,9.878124e+001
1.773708e+003,9.898782e+001
1.774190e+003,9.902439e+001
1.774672e+003,9.892226e+001
1.775154e+003,9.873857e+001
1.775636e+003,9.852850e+001
1.776118e+003,9.832832e+001
1.776600e+003,9.815092e+001
1.777083e+003,9.799052e+001
1.777564e+003,9.783342e+001
1.778047e+003,9.766994e+001
1.778529e+003,9.750370e+001
1.779011e+003,9.735463e+001
1.779493e+003,9.725490e+001
1.779975e+003,9.723798e+001
1.780457e+003,9.732447e+001
1.780939e+003,9.751147e+001
1.781421e+003,9.777231e+001
1.781904e+003,9.806674e+001
1.782386e+003,9.835435e+001
1.782868e+003,9.860399e+001
1.783350e+003,9.879685e+001
1.783832e+003,9.892561e+001
1.784314e+003,9.899236e+001
1.784796e+003,9.900578e+001
1.785278e+003,9.897754e+001
1.785760e+003,9.891872e+001
1.786243e+003,9.883775e+001
1.786725e+003,9.874040e+001
1.787207e+003,9.863132e+001
1.787689e+003,9.851536e+001
1.788171e+003,9.839920e+001
1.788653e+003,9.829216e+001
1.789135e+003,9.820647e+001
1.789617e+003,9.815582e+001
1.790100e+003,9.815268e+001
1.790582e+003,9.820381e+001
1.791064e+003,9.830547e+001
1.791546e+003,9.843919e+001
1.792028e+003,9.857195e+001
1.792510e+003,9.866454e+001
1.792992e+003,9.868726e+001
1.793474e+003,9.863410e+001
1.793957e+003,9.852609e+001
1.794439e+003,9.840129e+001
1.794921e+003,9.829838e+001
1.795403e+003,9.824168e+001
1.795885e+003,9.823319e+001
1.796367e+003,9.825347e+001
1.796849e+003,9.827029e+001
1.797331e+003,9.825101e+001
1.797813e+003,9.817517e+001
1.798296e+003,9.804152e+001
1.798778e+003,9.786847e+001
1.799260e+003,9.768838e+001
1.799742e+003,9.753847e+001
1.800224e+003,9.745056e+001
1.800706e+003,9.744240e+001
1.801188e+003,9.751358e+001
1.801670e+003,9.764790e+001
1.802153e+003,9.782037e+001
1.802635e+003,9.800465e+001
1.803117e+003,9.817770e+001
1.803599e+003,9.832102e+001
1.804081e+003,9.842095e+001
1.804563e+003,9.846951e+001
1.805045e+003,9.846570e+001
1.805527e+003,9.841626e+001
1.806010e+003,9.833409e+001
1.806491e+003,9.823492e+001
1.806974e+003,9.813307e+001
1.807456e+003,9.803843e+001
1.807938e+003,9.795588e+001
1.808420e+003,9.788685e+001
1.808902e+003,9.783207e+001
1.809384e+003,9.779417e+001
1.809866e+003,9.777803e+001
1.810348e+003,9.778952e+001
1.810831e+003,9.783224e+001
1.811313e+003,9.790483e+001
1.811795e+003,9.799985e+001
1.812277e+003,9.810501e+001
1.812759e+003,9.820629e+001
1.813241e+003,9.829128e+001
1.813723e+003,9.835065e+001
1.814205e+003,9.837814e+001
1.814688e+003,9.836957e+001
1.815170e+003,9.832307e+001
1.815652e+003,9.824104e+001
1.816134e+003,9.813279e+001
1.816616e+003,9.801553e+001
1.817098e+003,9.791202e+001
1.817580e+003,9.784466e+001
1.818062e+003,9.782858e+001
1.818544e+003,9.786636e+001
1.819027e+003,9.794640e+001
1.819509e+003,9.804533e+001
1.819991e+003,9.813483e+001
1.820473e+003,9.818967e+001
1.820955e+003,9.819487e+001
1.821437e+003,9.814831e+001
1.821919e+003,9.805822e+001
1.822401e+003,9.793835e+001
1.822884e+003,9.780379e+001
1.823366e+003,9.766921e+001
1.823848e+003,9.754948e+001
1.824330e+003,9.745827e+001
1.824812e+003,9.740436e+001
1.825294e+003,9.738673e+001
1.825776e+003,9.739345e+001
1.826258e+003,9.740585e+001
1.826740e+003,9.740556e+001
1.827223e+003,9.738016e+001
1.827705e+003,9.732703e+001
1.828187e+003,9.725551e+001
1.828669e+003,9.718754e+001
1.829151e+003,9.715248e+001
1.829633e+003,9.717487e+001
1.830115e+003,9.725935e+001
1.830597e+003,9.738538e+001
1.831080e+003,9.751702e+001
1.831562e+003,9.762196e+001
1.832044e+003,9.768574e+001
1.832526e+003,9.771419e+001
1.833008e+003,9.772526e+001
1.833490e+003,9.773774e+001
1.833972e+003,9.776122e+001
1.834454e+003,9.779089e+001
1.834937e+003,9.780908e+001
1.835418e+003,9.779309e+001
1.835901e+003,9.772620e+001
1.836383e+003,9.760738e+001
1.836865e+003,9.745373e+001
1.837347e+003,9.729504e+001
1.837829e+003,9.716328e+001
1.838311e+003,9.708135e+001
1.838793e+003,9.705652e+001
1.839275e+003,9.708096e+001
1.839758e+003,9.713821e+001
1.840240e+003,9.721174e+001
1.840722e+003,9.729016e+001
1.841204e+003,9.736743e+001
1.841686e+003,9.743923e+001
1.842168e+003,9.750007e+001
1.842650e+003,9.754324e+001
1.843132e+003,9.756375e+001
1.843615e+003,9.756030e+001
1.844097e+003,9.753444e+001
1.844579e+003,9.748798e+001
1.845061e+003,9.742297e+001
1.845543e+003,9.734417e+001
1.846025e+003,9.726169e+001
1.846507e+003,9.718941e+001
1.846989e+003,9.714098e+001
1.847471e+003,9.712524e+001
1.847954e+003,9.714369e+001
1.848436e+003,9.718915e+001
1.848918e+003,9.724605e+001
1.849400e+003,9.729233e+001
1.849882e+003,9.730421e+001
1.850364e+003,9.726288e+001
1.850846e+003,9.716185e+001
1.851328e+003,9.701139e+001
1.851811e+003,9.683857e+001
1.852293e+003,9.668147e+001
1.852775e+003,9.657895e+001
1.853257e+003,9.655886e+001
1.853739e+003,9.662922e+001
1.854221e+003,9.677605e+001
1.854703e+003,9.696918e+001
1.855185e+003,9.717341e+001
1.855667e+003,9.736041e+001
1.856150e+003,9.751615e+001
1.856632e+003,9.764148e+001
1.857114e+003,9.774622e+001
1.857596e+003,9.784019e+001
1.858078e+003,9.792586e+001
1.858560e+003,9.799618e+001
1.859042e+003,9.803809e+001
1.859524e+003,9.803975e+001
1.860007e+003,9.799731e+001
1.860489e+003,9.791792e+001
1.860971e+003,9.781770e+001
1.861453e+003,9.771581e+001
1.861935e+003,9.762760e+001
1.862417e+003,9.755989e+001
1.862899e+003,9.750990e+001
1.863381e+003,9.746790e+001
1.863864e+003,9.742168e+001
1.864345e+003,9.736095e+001
1.864828e+003,9.728007e+001
1.865310e+003,9.717954e+001
1.865792e+003,9.706607e+001
1.866274e+003,9.695270e+001
1.866756e+003,9.685812e+001
1.867238e+003,9.680524e+001
1.867720e+003,9.681635e+001
1.868202e+003,9.690491e+001
1.868685e+003,9.706575e+001
1.869167e+003,9.727136e+001
1.869649e+003,9.747930e+001
1.870131e+003,9.764891e+001
1.870613e+003,9.775708e+001
1.871095e+003,9.780449e+001
1.871577e+003,9.781003e+001
1.872059e+003,9.779950e+001
1.872542e+003,9.779352e+001
1.873024e+003,9.779998e+001
1.873506e+003,9.781201e+001
1.873988e+003,9.781288e+001
1.874470e+003,9.778462e+001
1.874952e+003,9.771838e+001
1.875434e+003,9.762047e+001
1.875916e+003,9.751191e+001
1.876398e+003,9.742218e+001
1.876881e+003,9.737980e+001
1.877363e+003,9.740351e+001
1.877845e+003,9.749744e+001
1.878327e+003,9.765118e+001
1.878809e+003,9.784393e+001
1.879291e+003,9.805040e+001
1.879773e+003,9.824602e+001
1.880255e+003,9.840993e+001
1.880738e+003,9.852681e+001
1.881220e+003,9.858815e+001
1.881702e+003,9.859392e+001
1.882184e+003,9.855324e+001
1.882666e+003,9.848354e+001
1.883148e+003,9.840672e+001
1.883630e+003,9.834324e+001
1.884112e+003,9.830558e+001
1.884594e+003,9.829377e+001
1.885077e+003,9.829542e+001
1.885559e+003,9.829103e+001
1.886041e+003,9.826220e+001
1.886523e+003,9.819995e+001
1.887005e+003,9.810863e+001
1.887487e+003,9.800510e+001
1.887969e+003,9.791323e+001
1.888451e+003,9.785568e+001
1.888934e+003,9.784539e+001
1.889416e+003,9.788029e+001
1.889898e+003,9.794381e+001
1.890380e+003,9.801286e+001
1.890862e+003,9.806745e+001
1.891344e+003,9.809754e+001
1.891826e+003,9.810323e+001
1.892308e+003,9.809116e+001
1.892791e+003,9.806953e+001
1.893272e+003,9.804504e+001
1.893755e+003,9.802206e+001
1.894237e+003,9.800414e+001
1.894719e+003,9.799503e+001
1.895201e+003,9.799899e+001
1.895683e+003,9.801908e+001
1.896165e+003,9.805564e+001
1.896647e+003,9.810530e+001
1.897129e+003,9.816189e+001
1.897612e+003,9.821864e+001
1.898094e+003,9.827084e+001
1.898576e+003,9.831709e+001
1.899058e+003,9.835867e+001
1.899540e+003,9.839686e+001
1.900022e+003,9.843037e+001
1.900504e+003,9.845398e+001
1.900986e+003,9.845980e+001
1.901469e+003,9.844079e+001
1.901951e+003,9.839516e+001
1.902433e+003,9.832917e+001
1.902915e+003,9.825659e+001
1.903397e+003,9.819543e+001
1.903879e+003,9.816280e+001
1.904361e+003,9.817007e+001
1.904843e+003,9.821983e+001
1.905325e+003,9.830519e+001
1.905808e+003,9.841225e+001
1.906290e+003,9.852287e+001
1.906772e+003,9.861847e+001
1.907254e+003,9.868265e+001
1.907736e+003,9.870426e+001
1.908218e+003,9.867976e+001
1.908700e+003,9.861556e+001
1.909182e+003,9.852789e+001
1.909665e+003,9.843954e+001
1.910147e+003,9.837381e+001
1.910629e+003,9.834760e+001
1.911111e+003,9.836617e+001
1.911593e+003,9.842179e+001
1.912075e+003,9.849626e+001
1.912557e+003,9.856677e+001
1.913039e+003,9.861264e+001
1.913521e+003,9.862143e+001
1.914004e+003,9.859084e+001
1.914486e+003,9.852706e+001
1.914968e+003,9.844037e+001
1.915450e+003,9.834126e+001
1.915932e+003,9.823898e+001
1.916414e+003,9.814271e+001
1.916896e+003,9.806308e+001
1.917378e+003,9.801173e+001
1.917861e+003,9.799702e+001
1.918343e+003,9.801841e+001
1.918825e+003,9.806359e+001
1.919307e+003,9.811204e+001
1.919789e+003,9.814254e+001
1.920271e+003,9.814143e+001
1.920753e+003,9.810693e+001
1.921235e+003,9.805025e+001
1.921718e+003,9.799179e+001
1.922199e+003,9.795345e+001
1.922682e+003,9.794875e+001
1.923164e+003,9.797465e+001
1.923646e+003,9.801117e+001
1.924128e+003,9.803054e+001
1.924610e+003,9.801083e+001
1.925092e+003,9.794702e+001
1.925574e+003,9.785375e+001
1.926056e+003,9.776006e+001
1.926539e+003,9.769859e+001
1.927021e+003,9.769437e+001
1.927503e+003,9.775626e+001
1.927985e+003,9.787495e+001
1.928467e+003,9.802713e+001
1.928949e+003,9.818495e+001
1.929431e+003,9.832467e+001
1.929913e+003,9.843187e+001
1.930396e+003,9.850112e+001
1.930878e+003,9.853356e+001
1.931360e+003,9.853352e+001
1.931842e+003,9.850755e+001
1.932324e+003,9.846493e+001
1.932806e+003,9.841833e+001
1.933288e+003,9.838299e+001
1.933770e+003,9.837299e+001
1.934252e+003,9.839652e+001
1.934735e+003,9.845190e+001
1.935217e+003,9.852685e+001
1.935699e+003,9.860269e+001
1.936181e+003,9.866042e+001
1.936663e+003,9.868808e+001
1.937145e+003,9.868303e+001
1.937627e+003,9.865053e+001
1.938109e+003,9.859838e+001
1.938592e+003,9.853226e+001
1.939074e+003,9.845411e+001
1.939556e+003,9.836465e+001
1.940038e+003,9.826779e+001
1.940520e+003,9.817517e+001
1.941002e+003,9.810583e+001
1.941484e+003,9.808121e+001
1.941966e+003,9.811449e+001
1.942448e+003,9.820144e+001
1.942931e+003,9.831731e+001
1.943413e+003,9.842538e+001
1.943895e+003,9.849269e+001
1.944377e+003,9.850510e+001
1.944859e+003,9.847191e+001
1.945341e+003,9.841978e+001
1.945823e+003,9.837961e+001
1.946305e+003,9.837327e+001
1.946788e+003,9.840398e+001
1.947270e+003,9.845541e+001
1.947752e+003,9.849844e+001
1.948234e+003,9.850436e+001
1.948716e+003,9.845560e+001
1.949198e+003,9.835133e+001
1.949680e+003,9.820490e+001
1.950162e+003,9.803751e+001
1.950645e+003,9.787111e+001
1.951126e+003,9.772359e+001
1.951609e+003,9.760697e+001
1.952091e+003,9.752958e+001
1.952573e+003,9.749736e+001
1.953055e+003,9.751491e+001
1.953537e+003,9.758297e+001
1.954019e+003,9.769633e+001
1.954501e+003,9.784286e+001
1.954983e+003,9.800638e+001
1.955466e+003,9.817178e+001
1.955948e+003,9.833086e+001
1.956430e+003,9.848322e+001
1.956912e+003,9.863193e+001
1.957394e+003,9.877512e+001
1.957876e+003,9.889969e+001
1.958358e+003,9.898022e+001
1.958840e+003,9.898856e+001
1.959323e+003,9.890702e+001
1.959805e+003,9.874236e+001
1.960287e+003,9.852925e+001
1.960769e+003,9.832166e+001
1.961251e+003,9.817651e+001
1.961733e+003,9.813654e+001
1.962215e+003,9.821696e+001
1.962697e+003,9.840211e+001
1.963179e+003,9.865176e+001
1.963662e+003,9.891611e+001
1.964144e+003,9.914954e+001
1.964626e+003,9.931882e+001
1.965108e+003,9.940362e+001
1.965590e+003,9.939406e+001
1.966072e+003,9.928893e+001
1.966554e+003,9.909842e+001
1.967036e+003,9.884488e+001
1.967519e+003,9.856264e+001
1.968001e+003,9.828970e+001
1.968483e+003,9.805794e+001
1.968965e+003,9.788301e+001
1.969447e+003,9.776162e+001
1.969929e+003,9.767418e+001
1.970411e+003,9.759554e+001
1.970893e+003,9.750654e+001
1.971375e+003,9.740405e+001
1.971858e+003,9.730116e+001
1.972340e+003,9.721986e+001
1.972822e+003,9.717763e+001
1.973304e+003,9.717789e+001
1.973786e+003,9.720712e+001
1.974268e+003,9.724265e+001
1.974750e+003,9.726534e+001
1.975232e+003,9.727338e+001
1.975715e+003,9.728450e+001
1.976197e+003,9.732730e+001
1.976679e+003,9.742386e+001
1.977161e+003,9.757528e+001
1.977643e+003,9.775607e+001
1.978125e+003,9.792516e+001
1.978607e+003,9.804495e+001
1.979089e+003,9.810098e+001
1.979572e+003,9.810530e+001
1.980053e+003,9.808690e+001
1.980536e+003,9.807318e+001
1.981018e+003,9.807587e+001
1.981500e+003,9.808566e+001
1.981982e+003,9.807922e+001
1.982464e+003,9.803246e+001
1.982946e+003,9.793656e+001
1.983428e+003,9.780433e+001
1.983910e+003,9.766763e+001
1.984393e+003,9.756432e+001
1.984875e+003,9.752541e+001
1.985357e+003,9.756400e+001
1.985839e+003,9.767324e+001
1.986321e+003,9.783076e+001
1.986803e+003,9.800905e+001
1.987285e+003,9.818427e+001
1.987767e+003,9.834012e+001
1.988250e+003,9.846548e+001
1.988732e+003,9.855103e+001
1.989214e+003,9.858784e+001
1.989696e+003,9.857073e+001
1.990178e+003,9.850321e+001
1.990660e+003,9.840170e+001
1.991142e+003,9.829343e+001
1.991624e+003,9.820786e+001
1.992106e+003,9.816433e+001
1.992589e+003,9.816407e+001
1.993071e+003,9.818931e+001
1.993553e+003,9.821342e+001
1.994035e+003,9.821517e+001
1.994517e+003,9.819139e+001
1.994999e+003,9.815913e+001
1.995481e+003,9.814849e+001
1.995963e+003,9.818792e+001
1.996446e+003,9.829015e+001
1.996928e+003,9.844316e+001
1.997410e+003,9.861240e+001
1.997892e+003,9.875179e+001
1.998374e+003,9.882236e+001
1.998856e+003,9.880589e+001
1.999338e+003,9.871014e+001
1.999820e+003,9.856272e+001
2.000302e+003,9.840119e+001
2.000785e+003,9.826064e+001
2.001267e+003,9.816593e+001
2.001749e+003,9.812798e+001
2.002231e+003,9.814650e+001
2.002713e+003,9.821330e+001
2.003195e+003,9.831705e+001
2.003677e+003,9.844381e+001
2.004159e+003,9.857885e+001
2.004642e+003,9.870853e+001
2.005124e+003,9.882520e+001
2.005606e+003,9.893076e+001
2.006088e+003,9.903834e+001
2.006570e+003,9.916605e+001
2.007052e+003,9.932548e+001
2.007534e+003,9.950912e+001
2.008016e+003,9.968475e+001
2.008499e+003,9.980089e+001
2.008980e+003,9.980569e+001
2.009463e+003,9.966700e+001
2.009945e+003,9.938849e+001
2.010427e+003,9.900733e+001
2.010909e+003,9.858077e+001
2.011391e+003,9.816690e+001
2.011873e+003,9.780988e+001
2.012355e+003,9.753365e+001
2.012837e+003,9.734503e+001
2.013320e+003,9.724109e+001
2.013802e+003,9.721983e+001
2.014284e+003,9.728246e+001
2.014766e+003,9.742998e+001
2.015248e+003,9.765232e+001
2.015730e+003,9.792123e+001
2.016212e+003,9.818894e+001
2.016694e+003,9.840240e+001
2.017177e+003,9.852339e+001
2.017659e+003,9.854786e+001
2.018141e+003,9.850815e+001
2.018623e+003,9.845885e+001
2.019105e+003,9.845055e+001
2.019587e+003,9.850768e+001
2.020069e+003,9.861633e+001
2.020551e+003,9.873142e+001
2.021033e+003,9.879620e+001
2.021516e+003,9.877087e+001
2.021998e+003,9.865040e+001
2.022480e+003,9.846793e+001
2.022962e+003,9.828000e+001
2.023444e+003,9.814637e+001
2.023926e+003,9.810941e+001
2.024408e+003,9.818314e+001
2.024890e+003,9.835304e+001
2.025373e+003,9.858767e+001
2.025855e+003,9.885099e+001
2.026337e+003,9.911133e+001
2.026819e+003,9.934149e+001
2.027301e+003,9.951689e+001
2.027783e+003,9.961485e+001
2.028265e+003,9.962109e+001
2.028747e+003,9.953775e+001
2.029229e+003,9.939034e+001
2.029712e+003,9.922333e+001
2.030194e+003,9.908911e+001
2.030676e+003,9.902953e+001
2.031158e+003,9.906315e+001
2.031640e+003,9.917789e+001
2.032122e+003,9.933725e+001
2.032604e+003,9.949368e+001
2.033086e+003,9.960794e+001
2.033569e+003,9.965971e+001
2.034051e+003,9.964864e+001
2.034533e+003,9.958434e+001
2.035015e+003,9.947698e+001
2.035497e+003,9.933194e+001
2.035979e+003,9.915345e+001
2.036461e+003,9.895148e+001
2.036943e+003,9.874795e+001
2.037426e+003,9.857562e+001
2.037907e+003,9.846822e+001
2.038390e+003,9.844691e+001
2.038872e+003,9.850908e+001
2.039354e+003,9.862481e+001
2.039836e+003,9.874582e+001
2.040318e+003,9.882257e+001
2.040800e+003,9.882517e+001
2.041282e+003,9.875397e+001
2.041764e+003,9.863789e+001
2.042247e+003,9.852029e+001
2.042729e+003,9.844147e+001
2.043211e+003,9.842408e+001
2.043693e+003,9.846775e+001
2.044175e+003,9.855241e+001
2.044657e+003,9.865073e+001
2.045139e+003,9.873914e+001
2.045622e+003,9.880547e+001
2.046104e+003,9.884795e+001
2.046586e+003,9.887101e+001
2.047068e+003,9.887854e+001
2.047550e+003,9.887180e+001
2.048032e+003,9.884914e+001
2.048514e+003,9.880993e+001
2.048996e+003,9.875610e+001
2.049479e+003,9.869212e+001
2.049960e+003,9.862201e+001
2.050443e+003,9.854727e+001
2.050925e+003,9.846632e+001
2.051407e+003,9.837738e+001
2.051889e+003,9.828113e+001
2.052371e+003,9.818424e+001
2.052853e+003,9.809856e+001
2.053335e+003,9.803795e+001
2.053817e+003,9.801215e+001
2.054300e+003,9.802259e+001
2.054782e+003,9.806092e+001
2.055264e+003,9.811301e+001
2.055746e+003,9.816531e+001
2.056228e+003,9.821190e+001
2.056710e+003,9.825604e+001
2.057192e+003,9.830740e+001
2.057674e+003,9.837434e+001
2.058156e+003,9.845718e+001
2.058639e+003,9.854449e+001
2.059121e+003,9.861648e+001
2.059603e+003,9.865180e+001
2.060085e+003,9.863738e+001
2.060567e+003,9.857356e+001
2.061049e+003,9.847372e+001
2.061531e+003,9.835756e+001
2.062013e+003,9.824324e+001
2.062496e+003,9.814101e+001
2.062978e+003,9.805161e+001
2.063460e+003,9.796915e+001
2.063942e+003,9.788822e+001
2.064424e+003,9.780877e+001
2.064906e+003,9.773830e+001
2.065388e+003,9.768803e+001
2.065870e+003,9.766771e+001
2.066353e+003,9.768019e+001
2.066835e+003,9.772026e+001
2.067317e+003,9.777700e+001
2.067799e+003,9.784029e+001
2.068281e+003,9.790587e+001
2.068763e+003,9.797761e+001
2.069245e+003,9.806461e+001
2.069727e+003,9.817587e+001
2.070209e+003,9.831380e+001
2.070692e+003,9.847111e+001
2.071174e+003,9.863094e+001
2.071656e+003,9.877234e+001
2.072138e+003,9.887618e+001
2.072620e+003,9.893090e+001
2.073102e+003,9.893430e+001
2.073584e+003,9.889277e+001
2.074066e+003,9.881844e+001
2.074549e+003,9.872614e+001
2.075031e+003,9.862982e+001
2.075513e+003,9.854160e+001
2.075995e+003,9.847008e+001
2.076477e+003,9.842034e+001
2.076959e+003,9.839285e+001
2.077441e+003,9.838403e+001
2.077923e+003,9.838632e+001
2.078406e+003,9.839051e+001
2.078887e+003,9.838751e+001
2.079370e+003,9.837116e+001
2.079852e+003,9.833948e+001
2.080334e+003,9.829446e+001
2.080816e+003,9.824062e+001
2.081298e+003,9.818346e+001
2.081780e+003,9.812804e+001
2.082262e+003,9.807900e+001
2.082744e+003,9.803999e+001
2.083227e+003,9.801452e+001
2.083709e+003,9.800555e+001
2.084191e+003,9.801450e+001
2.084673e+003,9.804008e+001
2.085155e+003,9.807800e+001
2.085637e+003,9.812171e+001
2.086119e+003,9.816435e+001
2.086601e+003,9.820090e+001
2.087083e+003,9.822955e+001
2.087566e+003,9.825142e+001
2.088048e+003,9.826856e+001
2.088530e+003,9.828130e+001
2.089012e+003,9.828716e+001
2.089494e+003,9.828127e+001
2.089976e+003,9.825997e+001
2.090458e+003,9.822374e+001
2.090940e+003,9.817986e+001
2.091423e+003,9.814138e+001
2.091905e+003,9.812366e+001
2.092387e+003,9.813817e+001
2.092869e+003,9.818832e+001
2.093351e+003,9.826664e+001
2.093833e+003,9.835719e+001
2.094315e+003,9.844023e+001
2.094797e+003,9.849945e+001
2.095280e+003,9.852670e+001
2.095762e+003,9.852373e+001
2.096244e+003,9.849916e+001
2.096726e+003,9.846413e+001
2.097208e+003,9.842757e+001
2.097690e+003,9.839469e+001
2.098172e+003,9.836687e+001
2.098654e+003,9.834433e+001
2.099136e+003,9.832814e+001
2.099619e+003,9.831994e+001
2.100101e+003,9.832092e+001
2.100583e+003,9.833041e+001
2.101065e+003,9.834448e+001
2.101547e+003,9.835645e+001
2.102029e+003,9.835869e+001
2.102511e+003,9.834530e+001
2.102993e+003,9.831380e+001
2.103476e+003,9.826555e+001
2.103958e+003,9.820438e+001
2.104440e+003,9.813479e+001
2.104922e+003,9.806062e+001
2.105404e+003,9.798527e+001
2.105886e+003,9.791190e+001
2.106368e+003,9.784512e+001
2.106850e+003,9.779082e+001
2.107333e+003,9.775508e+001
2.107814e+003,9.774212e+001
2.108297e+003,9.775230e+001
2.108779e+003,9.778136e+001
2.109261e+003,9.782181e+001
2.109743e+003,9.786526e+001
2.110225e+003,9.790578e+001
2.110707e+003,9.794137e+001
2.111189e+003,9.797368e+001
2.111671e+003,9.800536e+001
2.112154e+003,9.803738e+001
2.112636e+003,9.806686e+001
2.113118e+003,9.808762e+001
2.113600e+003,9.809204e+001
2.114082e+003,9.807481e+001
2.114564e+003,9.803542e+001
2.115046e+003,9.797942e+001
2.115528e+003,9.791671e+001
2.116010e+003,9.785910e+001
2.116493e+003,9.781681e+001
2.116975e+003,9.779646e+001
2.117457e+003,9.779958e+001
2.117939e+003,9.782314e+001
2.118421e+003,9.786055e+001
2.118903e+003,9.790362e+001
2.119385e+003,9.794339e+001
2.119867e+003,9.797181e+001
2.120350e+003,9.798283e+001
2.120832e+003,9.797419e+001
2.121314e+003,9.794759e+001
2.121796e+003,9.790918e+001
2.122278e+003,9.786752e+001
2.122760e+003,9.783131e+001
2.123242e+003,9.780616e+001
2.123724e+003,9.779329e+001
2.124207e+003,9.778930e+001
2.124689e+003,9.778835e+001
2.125171e+003,9.778506e+001
2.125653e+003,9.777734e+001
2.126135e+003,9.776704e+001
2.126617e+003,9.775901e+001
2.127099e+003,9.775768e+001
2.127581e+003,9.776485e+001
2.128063e+003,9.777772e+001
2.128546e+003,9.779045e+001
2.129028e+003,9.779626e+001
2.129510e+003,9.779106e+001
2.129992e+003,9.777512e+001
2.130474e+003,9.775288e+001
2.130956e+003,9.772997e+001
2.131438e+003,9.771034e+001
2.131920e+003,9.769382e+001
2.132403e+003,9.767642e+001
2.132885e+003,9.765218e+001
2.133367e+003,9.761755e+001
2.133849e+003,9.757357e+001
2.134331e+003,9.752712e+001
2.134813e+003,9.748842e+001
2.135295e+003,9.746734e+001
2.135777e+003,9.746983e+001
2.136260e+003,9.749618e+001
2.136741e+003,9.754073e+001
2.137224e+003,9.759428e+001
2.137706e+003,9.764642e+001
2.138188e+003,9.768756e+001
2.138670e+003,9.770926e+001
2.139152e+003,9.770587e+001
2.139634e+003,9.767489e+001
2.140116e+003,9.761945e+001
2.140598e+003,9.754813e+001
2.141081e+003,9.747482e+001
2.141563e+003,9.741434e+001
2.142045e+003,9.737768e+001
2.142527e+003,9.736654e+001
2.143009e+003,9.737212e+001
2.143491e+003,9.737722e+001
2.143973e+003,9.736411e+001
2.144455e+003,9.732204e+001
2.144938e+003,9.725497e+001
2.145420e+003,9.718155e+001
2.145902e+003,9.712971e+001
2.146384e+003,9.712627e+001
2.146866e+003,9.718719e+001
2.147348e+003,9.731139e+001
2.147830e+003,9.748137e+001
2.148312e+003,9.766959e+001
2.148794e+003,9.784850e+001
2.149277e+003,9.799830e+001
2.149759e+003,9.810954e+001
2.150241e+003,9.817964e+001
2.150723e+003,9.820804e+001
2.151205e+003,9.819277e+001
2.151687e+003,9.813338e+001
2.152169e+003,9.803452e+001
2.152651e+003,9.791322e+001
2.153134e+003,9.779813e+001
2.153616e+003,9.772551e+001
2.154098e+003,9.772708e+001
2.154580e+003,9.781898e+001
2.155062e+003,9.799226e+001
2.155544e+003,9.821255e+001
2.156026e+003,9.842747e+001
2.156508e+003,9.858414e+001
2.156990e+003,9.864465e+001
2.157473e+003,9.859882e+001
2.157955e+003,9.846356e+001
2.158437e+003,9.827508e+001
2.158919e+003,9.807538e+001
2.159401e+003,9.790047e+001
2.159883e+003,9.777271e+001
2.160365e+003,9.770184e+001
2.160847e+003,9.768739e+001
2.161330e+003,9.772178e+001
2.161812e+003,9.778954e+001
2.162294e+003,9.786865e+001
2.162776e+003,9.793136e+001
2.163258e+003,9.795094e+001
2.163740e+003,9.790750e+001
2.164222e+003,9.779494e+001
2.164704e+003,9.762135e+001
2.165187e+003,9.740569e+001
2.165668e+003,9.716982e+001
2.166151e+003,9.693333e+001
2.166633e+003,9.671124e+001
2.167115e+003,9.651628e+001
2.167597e+003,9.636181e+001
2.168079e+003,9.626539e+001
2.168561e+003,9.624622e+001
2.169043e+003,9.631995e+001
2.169525e+003,9.648975e+001
2.170008e+003,9.674036e+001
2.170490e+003,9.703735e+001
2.170972e+003,9.733523e+001
2.171454e+003,9.759068e+001
2.171936e+003,9.777787e+001
2.172418e+003,9.789560e+001
2.172900e+003,9.796510e+001
2.173382e+003,9.801737e+001
2.173865e+003,9.807899e+001
2.174347e+003,9.815936e+001
2.174829e+003,9.824845e+001
2.175311e+003,9.832108e+001
2.175793e+003,9.835141e+001
2.176275e+003,9.832449e+001
2.176757e+003,9.824380e+001
2.177239e+003,9.812778e+001
2.177721e+003,9.800212e+001
2.178204e+003,9.788953e+001
2.178686e+003,9.780345e+001
2.179168e+003,9.774593e+001
2.179650e+003,9.771214e+001
2.180132e+003,9.769523e+001
2.180614e+003,9.769137e+001
2.181096e+003,9.770016e+001
2.181578e+003,9.772357e+001
2.182061e+003,9.776220e+001
2.182543e+003,9.781503e+001
2.183025e+003,9.787849e+001
2.183507e+003,9.795010e+001
2.183989e+003,9.802898e+001
2.184471e+003,9.811592e+001
2.184953e+003,9.820908e+001
2.185435e+003,9.830143e+001
2.185917e+003,9.837862e+001
2.186400e+003,9.842232e+001
2.186882e+003,9.841556e+001
2.187364e+003,9.835107e+001
2.187846e+003,9.823477e+001
2.188328e+003,9.808647e+001
2.188810e+003,9.793337e+001
2.189292e+003,9.780275e+001
2.189774e+003,9.771410e+001
2.190257e+003,9.767510e+001
2.190739e+003,9.768089e+001
2.191221e+003,9.771896e+001
2.191703e+003,9.777438e+001
2.192185e+003,9.783470e+001
2.192667e+003,9.789155e+001
2.193149e+003,9.794027e+001
2.193631e+003,9.797800e+001
2.194114e+003,9.800288e+001
2.194595e+003,9.801377e+001
2.195078e+003,9.801229e+001
2.195560e+003,9.800318e+001
2.196042e+003,9.799448e+001
2.196524e+003,9.799468e+001
2.197006e+003,9.800956e+001
2.197488e+003,9.803918e+001
2.197970e+003,9.807699e+001
2.198452e+003,9.811069e+001
2.198935e+003,9.812653e+001
2.199417e+003,9.811287e+001
2.199899e+003,9.806426e+001
2.200381e+003,9.798204e+001
2.200863e+003,9.787482e+001
2.201345e+003,9.775629e+001
2.201827e+003,9.764354e+001
2.202309e+003,9.755344e+001
2.202792e+003,9.750044e+001
2.203274e+003,9.749342e+001
2.203756e+003,9.753384e+001
2.204238e+003,9.761394e+001
2.204720e+003,9.771761e+001
2.205202e+003,9.782284e+001
2.205684e+003,9.790717e+001
2.206166e+003,9.795292e+001
2.206648e+003,9.795294e+001
2.207131e+003,9.791208e+001
2.207613e+003,9.784519e+001
2.208095e+003,9.777162e+001
2.208577e+003,9.770932e+001
2.209059e+003,9.766937e+001
2.209541e+003,9.765392e+001
2.210023e+003,9.765630e+001
2.210505e+003,9.766530e+001
2.210988e+003,9.766866e+001
2.211470e+003,9.765736e+001
2.211952e+003,9.762711e+001
2.212434e+003,9.757889e+001
2.212916e+003,9.751757e+001
2.213398e+003,9.745075e+001
2.213880e+003,9.738588e+001
2.214362e+003,9.732891e+001
2.214844e+003,9.728228e+001
2.215327e+003,9.724472e+001
2.215809e+003,9.721109e+001
2.216291e+003,9.717506e+001
2.216773e+003,9.713143e+001
2.217255e+003,9.707993e+001
2.217737e+003,9.702628e+001
2.218219e+003,9.698247e+001
2.218701e+003,9.696323e+001
2.219184e+003,9.698168e+001
2.219666e+003,9.704428e+001
2.220148e+003,9.714801e+001
2.220630e+003,9.728038e+001
2.221112e+003,9.742281e+001
2.221594e+003,9.755504e+001
2.222076e+003,9.766084e+001
2.222558e+003,9.773041e+001
2.223041e+003,9.776126e+001
2.223522e+003,9.775588e+001
2.224005e+003,9.772024e+001
2.224487e+003,9.766169e+001
2.224969e+003,9.758919e+001
2.225451e+003,9.751252e+001
2.225933e+003,9.744208e+001
2.226415e+003,9.738667e+001
2.226897e+003,9.735126e+001
2.227379e+003,9.733462e+001
2.227862e+003,9.732925e+001
2.228344e+003,9.732352e+001
2.228826e+003,9.730640e+001
2.229308e+003,9.727164e+001
2.229790e+003,9.722120e+001
2.230272e+003,9.716254e+001
2.230754e+003,9.711064e+001
2.231236e+003,9.707822e+001
2.231719e+003,9.707250e+001
2.232201e+003,9.709269e+001
2.232683e+003,9.713164e+001
2.233165e+003,9.717944e+001
2.233647e+003,9.722855e+001
2.234129e+003,9.727608e+001
2.234611e+003,9.732346e+001
2.235093e+003,9.737289e+001
2.235575e+003,9.742414e+001
2.236058e+003,9.747234e+001
2.236540e+003,9.750914e+001
2.237022e+003,9.752642e+001
2.237504e+003,9.752023e+001
2.237986e+003,9.749328e+001
2.238468e+003,9.745376e+001
2.238950e+003,9.741154e+001
2.239432e+003,9.737389e+001
2.239915e+003,9.734244e+001
2.240397e+003,9.731357e+001
2.240879e+003,9.728164e+001
2.241361e+003,9.724364e+001
2.241843e+003,9.720222e+001
2.242325e+003,9.716568e+001
2.242807e+003,9.714448e+001
2.243289e+003,9.714637e+001
2.243771e+003,9.717165e+001
2.244254e+003,9.721237e+001
2.244736e+003,9.725392e+001
2.245218e+003,9.728048e+001
2.245700e+003,9.728019e+001
2.246182e+003,9.724883e+001
2.246664e+003,9.718996e+001
2.247146e+003,9.711286e+001
2.247628e+003,9.702877e+001
2.248111e+003,9.694808e+001
2.248593e+003,9.687843e+001
2.249075e+003,9.682480e+001
2.249557e+003,9.678986e+001
2.250039e+003,9.677449e+001
2.250521e+003,9.677728e+001
2.251003e+003,9.679391e+001
2.251485e+003,9.681729e+001
2.251968e+003,9.683905e+001
2.252449e+003,9.685223e+001
2.252932e+003,9.685471e+001
2.253414e+003,9.685081e+001
2.253896e+003,9.685069e+001
2.254378e+003,9.686657e+001
2.254860e+003,9.690794e+001
2.255342e+003,9.697689e+001
2.255824e+003,9.706695e+001
2.256306e+003,9.716412e+001
2.256789e+003,9.725205e+001
2.257271e+003,9.731709e+001
2.257753e+003,9.735246e+001
2.258235e+003,9.735899e+001
2.258717e+003,9.734351e+001
2.259199e+003,9.731508e+001
2.259681e+003,9.728168e+001
2.260163e+003,9.724765e+001
2.260646e+003,9.721406e+001
2.261128e+003,9.717975e+001
2.261610e+003,9.714374e+001
2.262092e+003,9.710639e+001
2.262574e+003,9.707037e+001
2.263056e+003,9.703980e+001
2.263538e+003,9.701965e+001
2.264020e+003,9.701443e+001
2.264502e+003,9.702753e+001
2.264985e+003,9.706078e+001
2.265467e+003,9.711381e+001
2.265949e+003,9.718373e+001
2.266431e+003,9.726530e+001
2.266913e+003,9.735116e+001
2.267395e+003,9.743363e+001
2.267877e+003,9.750641e+001
2.268359e+003,9.756651e+001
2.268842e+003,9.761473e+001
2.269324e+003,9.765488e+001
2.269806e+003,9.769150e+001
2.270288e+003,9.772748e+001
2.270770e+003,9.776249e+001
2.271252e+003,9.779312e+001
2.271734e+003,9.781457e+001
2.272216e+003,9.782328e+001
2.272698e+003,9.781905e+001
2.273181e+003,9.780527e+001
2.273663e+003,9.778741e+001
2.274145e+003,9.777013e+001
2.274627e+003,9.775485e+001
2.275109e+003,9.773876e+001
2.275591e+003,9.771589e+001
2.276073e+003,9.768028e+001
2.276555e+003,9.762905e+001
2.277038e+003,9.756479e+001
2.277520e+003,9.749525e+001
2.278002e+003,9.743154e+001
2.278484e+003,9.738436e+001
2.278966e+003,9.736110e+001
2.279448e+003,9.736387e+001
2.279930e+003,9.738989e+001
2.280412e+003,9.743312e+001
2.280895e+003,9.748641e+001
2.281376e+003,9.754329e+001
2.281859e+003,9.759856e+001
2.282341e+003,9.764782e+001
2.282823e+003,9.768711e+001
2.283305e+003,9.771275e+001
2.283787e+003,9.772221e+001
2.284269e+003,9.771534e+001
2.284751e+003,9.769557e+001
2.285233e+003,9.767004e+001
2.285716e+003,9.764819e+001
2.286198e+003,9.763914e+001
2.286680e+003,9.764920e+001
2.287162e+003,9.767953e+001
2.287644e+003,9.772620e+001
2.288126e+003,9.778129e+001
2.288608e+003,9.783573e+001
2.289090e+003,9.788187e+001
2.289573e+003,9.791524e+001
2.290055e+003,9.793491e+001
2.290537e+003,9.794247e+001
2.291019e+003,9.794048e+001
2.291501e+003,9.793116e+001
2.291983e+003,9.791574e+001
2.292465e+003,9.789503e+001
2.292947e+003,9.787025e+001
2.293429e+003,9.784397e+001
2.293912e+003,9.782018e+001
2.294394e+003,9.780355e+001
2.294876e+003,9.779803e+001
2.295358e+003,9.780534e+001
2.295840e+003,9.782407e+001
2.296322e+003,9.784986e+001
2.296804e+003,9.787628e+001
2.297286e+003,9.789687e+001
2.297769e+003,9.790652e+001
2.298251e+003,9.790327e+001
2.298733e+003,9.788809e+001
2.299215e+003,9.786517e+001
2.299697e+003,9.783983e+001
2.300179e+003,9.781775e+001
2.300661e+003,9.780349e+001
2.301143e+003,9.779967e+001
2.301625e+003,9.780676e+001
2.302108e+003,9.782327e+001
2.302590e+003,9.784636e+001
2.303072e+003,9.787280e+001
2.303554e+003,9.789938e+001
2.304036e+003,9.792354e+001
2.304518e+003,9.794295e+001
2.305000e+003,9.795573e+001
2.305482e+003,9.796002e+001
2.305965e+003,9.795466e+001
2.306447e+003,9.793948e+001
2.306929e+003,9.791594e+001
2.307411e+003,9.788743e+001
2.307893e+003,9.785899e+001
2.308375e+003,9.783632e+001
2.308857e+003,9.782432e+001
2.309339e+003,9.782590e+001
2.309822e+003,9.784081e+001
2.310303e+003,9.786566e+001
2.310786e+003,9.789500e+001
2.311268e+003,9.792275e+001
2.311750e+003,9.794414e+001
2.312232e+003,9.795667e+001
2.312714e+003,9.796054e+001
2.313196e+003,9.795771e+001
2.313678e+003,9.795103e+001
2.314160e+003,9.794266e+001
2.314643e+003,9.793432e+001
2.315125e+003,9.792673e+001
2.315607e+003,9.792117e+001
2.316089e+003,9.791991e+001
2.316571e+003,9.792654e+001
2.317053e+003,9.794545e+001
2.317535e+003,9.798067e+001
2.318017e+003,9.803436e+001
2.318500e+003,9.810617e+001
2.318982e+003,9.819290e+001
2.319464e+003,9.828928e+001
2.319946e+003,9.838893e+001
2.320428e+003,9.848551e+001
2.320910e+003,9.857335e+001
2.321392e+003,9.864742e+001
2.321874e+003,9.870269e+001
2.322356e+003,9.873377e+001
2.322839e+003,9.873518e+001
2.323321e+003,9.870226e+001
2.323803e+003,9.863275e+001
2.324285e+003,9.852826e+001
2.324767e+003,9.839481e+001
2.325249e+003,9.824246e+001
2.325731e+003,9.808365e+001
2.326213e+003,9.793156e+001
2.326696e+003,9.779848e+001
2.327178e+003,9.769416e+001
2.327660e+003,9.762449e+001
2.328142e+003,9.759032e+001
2.328624e+003,9.758717e+001
2.329106e+003,9.760614e+001
2.329588e+003,9.763605e+001
2.330070e+003,9.766676e+001
2.330552e+003,9.769117e+001
2.331035e+003,9.770686e+001
2.331517e+003,9.771550e+001
2.331999e+003,9.772157e+001
2.332481e+003,9.773065e+001
2.332963e+003,9.774635e+001
2.333445e+003,9.776835e+001
2.333927e+003,9.779140e+001
2.334409e+003,9.780547e+001
2.334892e+003,9.779686e+001
2.335374e+003,9.774973e+001
2.335856e+003,9.764893e+001
2.336338e+003,9.748460e+001
2.336820e+003,9.725580e+001
2.337302e+003,9.697416e+001
2.337784e+003,9.666447e+001
2.338266e+003,9.636160e+001
2.338749e+003,9.610288e+001
2.339230e+003,9.591963e+001
2.339713e+003,9.582968e+001
2.340195e+003,9.583357e+001
2.340677e+003,9.591561e+001
2.341159e+003,9.604882e+001
2.341641e+003,9.620235e+001
2.342123e+003,9.634778e+001
2.342605e+003,9.646144e+001
2.343087e+003,9.652729e+001
2.343570e+003,9.654248e+001
2.344052e+003,9.652345e+001
2.344534e+003,9.650110e+001
2.345016e+003,9.650549e+001
2.345498e+003,9.655045e+001
2.345980e+003,9.662924e+001
2.346462e+003,9.672111e+001
2.346944e+003,9.680355e+001
2.347427e+003,9.686117e+001
2.347909e+003,9.688912e+001
2.348391e+003,9.689203e+001
2.348873e+003,9.688020e+001
2.349355e+003,9.686559e+001
2.349837e+003,9.685869e+001
2.350319e+003,9.686584e+001
2.350801e+003,9.688654e+001
2.351283e+003,9.691267e+001
2.351766e+003,9.693204e+001
2.352248e+003,9.693741e+001
2.352730e+003,9.693355e+001
2.353212e+003,9.693369e+001
2.353694e+003,9.694836e+001
2.354176e+003,9.698057e+001
2.354658e+003,9.703017e+001
2.355140e+003,9.710010e+001
2.355623e+003,9.719579e+001
2.356105e+003,9.731623e+001
2.356587e+003,9.743942e+001
2.357069e+003,9.752318e+001
2.357551e+003,9.752867e+001
2.358033e+003,9.745233e+001
2.358515e+003,9.733840e+001
2.358997e+003,9.724921e+001
2.359479e+003,9.720953e+001
2.359962e+003,9.717635e+001
2.360444e+003,9.708671e+001
2.360926e+003,9.692343e+001
2.361408e+003,9.672178e+001
2.361890e+003,9.653324e+001
2.362372e+003,9.640160e+001
2.362854e+003,9.635014e+001
2.363336e+003,9.636835e+001
2.363819e+003,9.642119e+001
2.364301e+003,9.647093e+001
2.364783e+003,9.649676e+001
2.365265e+003,9.649698e+001
2.365747e+003,9.648594e+001
2.366229e+003,9.648453e+001
2.366711e+003,9.650996e+001
2.367193e+003,9.656657e+001
2.367676e+003,9.664492e+001
2.368157e+003,9.672856e+001
2.368640e+003,9.680235e+001
2.369122e+003,9.685813e+001
2.369604e+003,9.689520e+001
2.370086e+003,9.691717e+001
2.370568e+003,9.692745e+001
2.371050e+003,9.692627e+001
2.371532e+003,9.690989e+001
2.372014e+003,9.687308e+001
2.372497e+003,9.681263e+001
2.372979e+003,9.672941e+001
2.373461e+003,9.662870e+001
2.373943e+003,9.651864e+001
2.374425e+003,9.640770e+001
2.374907e+003,9.630281e+001
2.375389e+003,9.620845e+001
2.375872e+003,9.612725e+001
2.376354e+003,9.606184e+001
2.376836e+003,9.601434e+001
2.377318e+003,9.598774e+001
2.377800e+003,9.598472e+001
2.378282e+003,9.600589e+001
2.378764e+003,9.604880e+001
2.379246e+003,9.610783e+001
2.379729e+003,9.617523e+001
2.380210e+003,9.624336e+001
2.380693e+003,9.630669e+001
2.381175e+003,9.636307e+001
2.381657e+003,9.641351e+001
2.382139e+003,9.646100e+001
2.382621e+003,9.650852e+001
2.383103e+003,9.655754e+001
2.383585e+003,9.660714e+001
2.384067e+003,9.665442e+001
2.384550e+003,9.669570e+001
2.385032e+003,9.672784e+001
2.385514e+003,9.674933e+001
2.385996e+003,9.676023e+001
2.386478e+003,9.676174e+001
2.386960e+003,9.675548e+001
2.387442e+003,9.674276e+001
2.387924e+003,9.672447e+001
2.388406e+003,9.670177e+001
2.388889e+003,9.667628e+001
2.389371e+003,9.665073e+001
2.389853e+003,9.662812e+001
2.390335e+003,9.661095e+001
2.390817e+003,9.660000e+001
2.391299e+003,9.659341e+001
2.391781e+003,9.658711e+001
2.392263e+003,9.657583e+001
2.392746e+003,9.655476e+001
2.393228e+003,9.652144e+001
2.393710e+003,9.647646e+001
2.394192e+003,9.642343e+001
2.394674e+003,9.636794e+001
2.395156e+003,9.631574e+001
2.395638e+003,9.627150e+001
2.396120e+003,9.623788e+001
2.396603e+003,9.621556e+001
2.397085e+003,9.620383e+001
2.397567e+003,9.620123e+001
2.398049e+003,9.620603e+001
2.398531e+003,9.621648e+001
2.399013e+003,9.623050e+001
2.399495e+003,9.624543e+001
2.399977e+003,9.625832e+001
2.400459e+003,9.626723e+001
2.400942e+003,9.626923e+001
2.401424e+003,9.626330e+001
2.401906e+003,9.625006e+001
2.402388e+003,9.623203e+001
2.402870e+003,9.621311e+001
2.403352e+003,9.619770e+001
2.403834e+003,9.618974e+001
2.404316e+003,9.619150e+001
2.404799e+003,9.620311e+001
2.405281e+003,9.622249e+001
2.405763e+003,9.624563e+001
2.406245e+003,9.626758e+001
2.406727e+003,9.628320e+001
2.407209e+003,9.628811e+001
2.407691e+003,9.627921e+001
2.408173e+003,9.625524e+001
2.408656e+003,9.621692e+001
2.409137e+003,9.616696e+001
2.409620e+003,9.610979e+001
2.410102e+003,9.605097e+001
2.410584e+003,9.599628e+001
2.411066e+003,9.595068e+001
2.411548e+003,9.591741e+001
2.412030e+003,9.589738e+001
2.412512e+003,9.588933e+001
2.412994e+003,9.589046e+001
2.413477e+003,9.589737e+001
2.413959e+003,9.590708e+001
2.414441e+003,9.591763e+001
2.414923e+003,9.592824e+001
2.415405e+003,9.593904e+001
2.415887e+003,9.595055e+001
2.416369e+003,9.596330e+001
2.416851e+003,9.597780e+001
2.417333e+003,9.599467e+001
2.417816e+003,9.601472e+001
2.418298e+003,9.603868e+001
2.418780e+003,9.606663e+001
2.419262e+003,9.609718e+001
2.419744e+003,9.612698e+001
2.420226e+003,9.615083e+001
2.420708e+003,9.616286e+001
2.421190e+003,9.615840e+001
2.421673e+003,9.613596e+001
2.422155e+003,9.609837e+001
2.422637e+003,9.605263e+001
2.423119e+003,9.600807e+001
2.423601e+003,9.597380e+001
2.424083e+003,9.595564e+001
2.424565e+003,9.595454e+001
2.425047e+003,9.596617e+001
2.425530e+003,9.598264e+001
2.426012e+003,9.599512e+001
2.426494e+003,9.599681e+001
2.426976e+003,9.598496e+001
2.427458e+003,9.596147e+001
2.427940e+003,9.593174e+001
2.428422e+003,9.590273e+001
2.428904e+003,9.588044e+001
2.429386e+003,9.586826e+001
2.429869e+003,9.586602e+001
2.430351e+003,9.587038e+001
2.430833e+003,9.587600e+001
2.431315e+003,9.587726e+001
2.431797e+003,9.586971e+001
2.432279e+003,9.585132e+001
2.432761e+003,9.582287e+001
2.433243e+003,9.578778e+001
2.433726e+003,9.575117e+001
2.434208e+003,9.571864e+001
2.434690e+003,9.569474e+001
2.435172e+003,9.568197e+001
2.435654e+003,9.568011e+001
2.436136e+003,9.568654e+001
2.436618e+003,9.569688e+001
2.437100e+003,9.570647e+001
2.437583e+003,9.571143e+001
2.438064e+003,9.570978e+001
2.438547e+003,9.570162e+001
2.439029e+003,9.568897e+001
2.439511e+003,9.567493e+001
2.439993e+003,9.566290e+001
2.440475e+003,9.565572e+001
2.440957e+003,9.565504e+001
2.441439e+003,9.566084e+001
2.441921e+003,9.567142e+001
2.442404e+003,9.568343e+001
2.442886e+003,9.569247e+001
2.443368e+003,9.569385e+001
2.443850e+003,9.568378e+001
2.444332e+003,9.566053e+001
2.444814e+003,9.562535e+001
2.445296e+003,9.558225e+001
2.445778e+003,9.553757e+001
2.446260e+003,9.549827e+001
2.446743e+003,9.547047e+001
2.447225e+003,9.545761e+001
2.447707e+003,9.546013e+001
2.448189e+003,9.547540e+001
2.448671e+003,9.549885e+001
2.449153e+003,9.552507e+001
2.449635e+003,9.554884e+001
2.450117e+003,9.556589e+001
2.450600e+003,9.557311e+001
2.451082e+003,9.556851e+001
2.451564e+003,9.555124e+001
2.452046e+003,9.552164e+001
2.452528e+003,9.548154e+001
2.453010e+003,9.543382e+001
2.453492e+003,9.538208e+001
2.453974e+003,9.532973e+001
2.454457e+003,9.527909e+001
2.454939e+003,9.523083e+001
2.455421e+003,9.518423e+001
2.455903e+003,9.513795e+001
2.456385e+003,9.509123e+001
2.456867e+003,9.504459e+001
2.457349e+003,9.500005e+001
2.457831e+003,9.496025e+001
2.458313e+003,9.492709e+001
2.458796e+003,9.490047e+001
2.459278e+003,9.487788e+001
2.459760e+003,9.485491e+001
2.460242e+003,9.482710e+001
2.460724e+003,9.479166e+001
2.461206e+003,9.474906e+001
2.461688e+003,9.470312e+001
2.462170e+003,9.465995e+001
2.462653e+003,9.462591e+001
2.463135e+003,9.460560e+001
2.463617e+003,9.460032e+001
2.464099e+003,9.460796e+001
2.464581e+003,9.462385e+001
2.465063e+003,9.464244e+001
2.465545e+003,9.465888e+001
2.466027e+003,9.467010e+001
2.466510e+003,9.467500e+001
2.466992e+003,9.467400e+001
2.467474e+003,9.466846e+001
2.467956e+003,9.465984e+001
2.468438e+003,9.464917e+001
2.468920e+003,9.463709e+001
2.469402e+003,9.462373e+001
2.469884e+003,9.460902e+001
2.470366e+003,9.459283e+001
2.470849e+003,9.457526e+001
2.471331e+003,9.455690e+001
2.471813e+003,9.453905e+001
2.472295e+003,9.452367e+001
2.472777e+003,9.451301e+001
2.473259e+003,9.450901e+001
2.473741e+003,9.451273e+001
2.474223e+003,9.452381e+001
2.474706e+003,9.454034e+001
2.475188e+003,9.455965e+001
2.475670e+003,9.457906e+001
2.476152e+003,9.459669e+001
2.476634e+003,9.461224e+001
2.477116e+003,9.462650e+001
2.477598e+003,9.464092e+001
2.478080e+003,9.465656e+001
2.478563e+003,9.467362e+001
2.479044e+003,9.469127e+001
2.479527e+003,9.470833e+001
2.480009e+003,9.472375e+001
2.480491e+003,9.473730e+001
2.480973e+003,9.474948e+001
2.481455e+003,9.476103e+001
2.481937e+003,9.477217e+001
2.482419e+003,9.478217e+001
2.482901e+003,9.478935e+001
2.483384e+003,9.479200e+001
2.483866e+003,9.478907e+001
2.484348e+003,9.478127e+001
2.484830e+003,9.477097e+001
2.485312e+003,9.476164e+001
2.485794e+003,9.475675e+001
2.486276e+003,9.475861e+001
2.486758e+003,9.476772e+001
2.487240e+003,9.478288e+001
2.487723e+003,9.480185e+001
2.488205e+003,9.482203e+001
2.488687e+003,9.484115e+001
2.489169e+003,9.485750e+001
2.489651e+003,9.486964e+001
2.490133e+003,9.487629e+001
2.490615e+003,9.487627e+001
2.491097e+003,9.486897e+001
2.491580e+003,9.485470e+001
2.492062e+003,9.483506e+001
2.492544e+003,9.481254e+001
2.493026e+003,9.478995e+001
2.493508e+003,9.476923e+001
2.493990e+003,9.475100e+001
2.494472e+003,9.473443e+001
2.494954e+003,9.471806e+001
2.495437e+003,9.470088e+001
2.495919e+003,9.468317e+001
2.496401e+003,9.466673e+001
2.496883e+003,9.465424e+001
2.497365e+003,9.464774e+001
2.497847e+003,9.464759e+001
2.498329e+003,9.465189e+001
2.498811e+003,9.465697e+001
2.499293e+003,9.465885e+001
2.499776e+003,9.465469e+001
2.500258e+003,9.464387e+001
2.500740e+003,9.462774e+001
2.501222e+003,9.460851e+001
2.501704e+003,9.458761e+001
2.502186e+003,9.456452e+001
2.502668e+003,9.453693e+001
2.503150e+003,9.450182e+001
2.503633e+003,9.445779e+001
2.504115e+003,9.440670e+001
2.504597e+003,9.435434e+001
2.505079e+003,9.430950e+001
2.505561e+003,9.428127e+001
2.506043e+003,9.427608e+001
2.506525e+003,9.429530e+001
2.507007e+003,9.433430e+001
2.507490e+003,9.438377e+001
2.507971e+003,9.443236e+001
2.508454e+003,9.447020e+001
2.508936e+003,9.449140e+001
2.509418e+003,9.449522e+001
2.509900e+003,9.448536e+001
2.510382e+003,9.446796e+001
2.510864e+003,9.444904e+001
2.511346e+003,9.443258e+001
2.511828e+003,9.441995e+001
2.512311e+003,9.441034e+001
2.512793e+003,9.440222e+001
2.513275e+003,9.439473e+001
2.513757e+003,9.438827e+001
2.514239e+003,9.438428e+001
2.514721e+003,9.438396e+001
2.515203e+003,9.438723e+001
2.515685e+003,9.439191e+001
2.516167e+003,9.439436e+001
2.516650e+003,9.439071e+001
2.517132e+003,9.437894e+001
2.517614e+003,9.436028e+001
2.518096e+003,9.433952e+001
2.518578e+003,9.432377e+001
2.519060e+003,9.432008e+001
2.519542e+003,9.433276e+001
2.520024e+003,9.436176e+001
2.520507e+003,9.440230e+001
2.520989e+003,9.444650e+001
2.521471e+003,9.448602e+001
2.521953e+003,9.451491e+001
2.522435e+003,9.453121e+001
2.522917e+003,9.453709e+001
2.523399e+003,9.453715e+001
2.523881e+003,9.453606e+001
2.524364e+003,9.453642e+001
2.524846e+003,9.453779e+001
2.525328e+003,9.453737e+001
2.525810e+003,9.453172e+001
2.526292e+003,9.451878e+001
2.526774e+003,9.449927e+001
2.527256e+003,9.447651e+001
2.527738e+003,9.445543e+001
2.528220e+003,9.444058e+001
2.528703e+003,9.443455e+001
2.529185e+003,9.443720e+001
2.529667e+003,9.444611e+001
2.530149e+003,9.445759e+001
2.530631e+003,9.446811e+001
2.531113e+003,9.447534e+001
2.531595e+003,9.447841e+001
2.532077e+003,9.447769e+001
2.532560e+003,9.447426e+001
2.533042e+003,9.446950e+001
2.533524e+003,9.446473e+001
2.534006e+003,9.446121e+001
2.534488e+003,9.446008e+001
2.534970e+003,9.446203e+001
2.535452e+003,9.446727e+001
2.535934e+003,9.447531e+001
2.536417e+003,9.448520e+001
2.536898e+003,9.449605e+001
2.537381e+003,9.450761e+001
2.537863e+003,9.452044e+001
2.538345e+003,9.453573e+001
2.538827e+003,9.455418e+001
2.539309e+003,9.457510e+001
2.539791e+003,9.459557e+001
2.540273e+003,9.461077e+001
2.540755e+003,9.461538e+001
2.541238e+003,9.460564e+001
2.541720e+003,9.458118e+001
2.542202e+003,9.454585e+001
2.542684e+003,9.450659e+001
2.543166e+003,9.447143e+001
2.543648e+003,9.444639e+001
2.544130e+003,9.443339e+001
2.544612e+003,9.442963e+001
2.545094e+003,9.442883e+001
2.545577e+003,9.442387e+001
2.546059e+003,9.440960e+001
2.546541e+003,9.438489e+001
2.547023e+003,9.435289e+001
2.547505e+003,9.431957e+001
2.547987e+003,9.429131e+001
2.548469e+003,9.427271e+001
2.548951e+003,9.426505e+001
2.549434e+003,9.426659e+001
2.549916e+003,9.427357e+001
2.550398e+003,9.428202e+001
2.550880e+003,9.428917e+001
2.551362e+003,9.429405e+001
2.551844e+003,9.429718e+001
2.552326e+003,9.429971e+001
2.552808e+003,9.430264e+001
2.553291e+003,9.430606e+001
2.553773e+003,9.430910e+001
2.554255e+003,9.431019e+001
2.554737e+003,9.430750e+001
2.555219e+003,9.429947e+001
2.555701e+003,9.428513e+001
2.556183e+003,9.426438e+001
2.556665e+003,9.423820e+001
2.557147e+003,9.420865e+001
2.557630e+003,9.417853e+001
2.558112e+003,9.415108e+001
2.558594e+003,9.412925e+001
2.559076e+003,9.411481e+001
2.559558e+003,9.410794e+001
2.560040e+003,9.410719e+001
2.560522e+003,9.410986e+001
2.561004e+003,9.411284e+001
2.561487e+003,9.411359e+001
2.561969e+003,9.411069e+001
2.562451e+003,9.410401e+001
2.562933e+003,9.409415e+001
2.563415e+003,9.408195e+001
2.563897e+003,9.406794e+001
2.564379e+003,9.405195e+001
2.564861e+003,9.403356e+001
2.565344e+003,9.401234e+001
2.565825e+003,9.398841e+001
2.566308e+003,9.396271e+001
2.566790e+003,9.393677e+001
2.567272e+003,9.391252e+001
2.567754e+003,9.389174e+001
2.568236e+003,9.387576e+001
2.568718e+003,9.386530e+001
2.569200e+003,9.386047e+001
2.569682e+003,9.386086e+001
2.570165e+003,9.386557e+001
2.570647e+003,9.387331e+001
2.571129e+003,9.388253e+001
2.571611e+003,9.389146e+001
2.572093e+003,9.389848e+001
2.572575e+003,9.390247e+001
2.573057e+003,9.390274e+001
2.573539e+003,9.389919e+001
2.574021e+003,9.389203e+001
2.574504e+003,9.388141e+001
2.574986e+003,9.386741e+001
2.575468e+003,9.384998e+001
2.575950e+003,9.382953e+001
2.576432e+003,9.380708e+001
2.576914e+003,9.378462e+001
2.577396e+003,9.376486e+001
2.577878e+003,9.375042e+001
2.578361e+003,9.374296e+001
2.578843e+003,9.374232e+001
2.579325e+003,9.374617e+001
2.579807e+003,9.375047e+001
2.580289e+003,9.375041e+001
2.580771e+003,9.374195e+001
2.581253e+003,9.372287e+001
2.581735e+003,9.369353e+001
2.582218e+003,9.365668e+001
2.582700e+003,9.361658e+001
2.583182e+003,9.357787e+001
2.583664e+003,9.354431e+001
2.584146e+003,9.351801e+001
2.584628e+003,9.349913e+001
2.585110e+003,9.348612e+001
2.585592e+003,9.347645e+001
2.586074e+003,9.346743e+001
2.586557e+003,9.345699e+001
2.587039e+003,9.344415e+001
2.587521e+003,9.342934e+001
2.588003e+003,9.341415e+001
2.588485e+003,9.340089e+001
2.588967e+003,9.339175e+001
2.589449e+003,9.338838e+001
2.589931e+003,9.339102e+001
2.590414e+003,9.339843e+001
2.590896e+003,9.340816e+001
2.591378e+003,9.341696e+001
2.591860e+003,9.342172e+001
2.592342e+003,9.342002e+001
2.592824e+003,9.341064e+001
2.593306e+003,9.339367e+001
2.593788e+003,9.337021e+001
2.594271e+003,9.334187e+001
2.594752e+003,9.331039e+001
2.595235e+003,9.327753e+001
2.595717e+003,9.324476e+001
2.596199e+003,9.321361e+001
2.596681e+003,9.318575e+001
2.597163e+003,9.316299e+001
2.597645e+003,9.314724e+001
2.598127e+003,9.313994e+001
2.598609e+003,9.314175e+001
2.599092e+003,9.315203e+001
2.599574e+003,9.316868e+001
2.600056e+003,9.318839e+001
2.600538e+003,9.320702e+001
2.601020e+003,9.322066e+001
2.601502e+003,9.322624e+001
2.601984e+003,9.322263e+001
2.602466e+003,9.321052e+001
2.602948e+003,9.319267e+001
2.603431e+003,9.317277e+001
2.603913e+003,9.315484e+001
2.604395e+003,9.314185e+001
2.604877e+003,9.313547e+001
2.605359e+003,9.313554e+001
2.605841e+003,9.314088e+001
2.606323e+003,9.314969e+001
2.606805e+003,9.316037e+001
2.607288e+003,9.317191e+001
2.607770e+003,9.318387e+001
2.608252e+003,9.319599e+001
2.608734e+003,9.320773e+001
2.609216e+003,9.321815e+001
2.609698e+003,9.322607e+001
2.610180e+003,9.323053e+001
2.610662e+003,9.323151e+001
2.611145e+003,9.323042e+001
2.611627e+003,9.322975e+001
2.612109e+003,9.323260e+001
2.612591e+003,9.324147e+001
2.613073e+003,9.325737e+001
2.613555e+003,9.327918e+001
2.614037e+003,9.330374e+001
2.614519e+003,9.332666e+001
2.615001e+003,9.334354e+001
2.615484e+003,9.335100e+001
2.615966e+003,9.334771e+001
2.616448e+003,9.333452e+001
2.616930e+003,9.331412e+001
2.617412e+003,9.329037e+001
2.617894e+003,9.326736e+001
2.618376e+003,9.324865e+001
2.618858e+003,9.323651e+001
2.619341e+003,9.323193e+001
2.619823e+003,9.323441e+001
2.620305e+003,9.324236e+001
2.620787e+003,9.325356e+001
2.621269e+003,9.326554e+001
2.621751e+003,9.327619e+001
2.622233e+003,9.328396e+001
2.622715e+003,9.328799e+001
2.623198e+003,9.328812e+001
2.623679e+003,9.328465e+001
2.624162e+003,9.327818e+001
2.624644e+003,9.326953e+001
2.625126e+003,9.325961e+001
2.625608e+003,9.324948e+001
2.626090e+003,9.324023e+001
2.626572e+003,9.323277e+001
2.627054e+003,9.322765e+001
2.627536e+003,9.322489e+001
2.628019e+003,9.322388e+001
2.628501e+003,9.322370e+001
2.628983e+003,9.322348e+001
2.629465e+003,9.322276e+001
2.629947e+003,9.322179e+001
2.630429e+003,9.322132e+001
2.630911e+003,9.322216e+001
2.631393e+003,9.322478e+001
2.631875e+003,9.322910e+001
2.632358e+003,9.323425e+001
2.632840e+003,9.323924e+001
2.633322e+003,9.324334e+001
2.633804e+003,9.324655e+001
2.634286e+003,9.324947e+001
2.634768e+003,9.325287e+001
2.635250e+003,9.325708e+001
2.635732e+003,9.326143e+001
2.636215e+003,9.326421e+001
2.636697e+003,9.326325e+001
2.637179e+003,9.325674e+001
2.637661e+003,9.324412e+001
2.638143e+003,9.322630e+001
2.638625e+003,9.320542e+001
2.639107e+003,9.318372e+001
2.639589e+003,9.316283e+001
2.640072e+003,9.314282e+001
2.640554e+003,9.312256e+001
2.641036e+003,9.310045e+001
2.641518e+003,9.307544e+001
2.642000e+003,9.304795e+001
2.642482e+003,9.302009e+001
2.642964e+003,9.299478e+001
2.643446e+003,9.297483e+001
2.643928e+003,9.296171e+001
2.644411e+003,9.295501e+001
2.644893e+003,9.295264e+001
2.645375e+003,9.295165e+001
2.645857e+003,9.294944e+001
2.646339e+003,9.294446e+001
2.646821e+003,9.293654e+001
2.647303e+003,9.292656e+001
2.647785e+003,9.291566e+001
2.648268e+003,9.290470e+001
2.648750e+003,9.289386e+001
2.649232e+003,9.288266e+001
2.649714e+003,9.287035e+001
2.650196e+003,9.285615e+001
2.650678e+003,9.283945e+001
2.651160e+003,9.281975e+001
2.651642e+003,9.279671e+001
2.652125e+003,9.277021e+001
2.652606e+003,9.274068e+001
2.653089e+003,9.270950e+001
2.653571e+003,9.267908e+001
2.654053e+003,9.265253e+001
2.654535e+003,9.263296e+001
2.655017e+003,9.262230e+001
2.655499e+003,9.262053e+001
2.655981e+003,9.262536e+001
2.656463e+003,9.263280e+001
2.656946e+003,9.263836e+001
2.657428e+003,9.263834e+001
2.657910e+003,9.263107e+001
2.658392e+003,9.261712e+001
2.658874e+003,9.259882e+001
2.659356e+003,9.257920e+001
2.659838e+003,9.256069e+001
2.660320e+003,9.254457e+001
2.660802e+003,9.253071e+001
2.661285e+003,9.251814e+001
2.661767e+003,9.250558e+001
2.662249e+003,9.249234e+001
2.662731e+003,9.247832e+001
2.663213e+003,9.246395e+001
2.663695e+003,9.244982e+001
2.664177e+003,9.243620e+001
2.664659e+003,9.242309e+001
2.665142e+003,9.241013e+001
2.665624e+003,9.239703e+001
2.666106e+003,9.238348e+001
2.666588e+003,9.236938e+001
2.667070e+003,9.235466e+001
2.667552e+003,9.233910e+001
2.668034e+003,9.232233e+001
2.668516e+003,9.230389e+001
2.668999e+003,9.228365e+001
2.669481e+003,9.226164e+001
2.669963e+003,9.223836e+001
2.670445e+003,9.221441e+001
2.670927e+003,9.219020e+001
2.671409e+003,9.216572e+001
2.671891e+003,9.214051e+001
2.672373e+003,9.211400e+001
2.672855e+003,9.208583e+001
2.673338e+003,9.205624e+001
2.673820e+003,9.202621e+001
2.674302e+003,9.199713e+001
2.674784e+003,9.197046e+001
2.675266e+003,9.194715e+001
2.675748e+003,9.192740e+001
2.676230e+003,9.191077e+001
2.676712e+003,9.189637e+001
2.677195e+003,9.188332e+001
2.677677e+003,9.187092e+001
2.678159e+003,9.185890e+001
2.678641e+003,9.184717e+001
2.679123e+003,9.183580e+001
2.679605e+003,9.182481e+001
2.680087e+003,9.181429e+001
2.680569e+003,9.180448e+001
2.681052e+003,9.179567e+001
2.681533e+003,9.178816e+001
2.682016e+003,9.178194e+001
2.682498e+003,9.177649e+001
2.682980e+003,9.177076e+001
2.683462e+003,9.176340e+001
2.683944e+003,9.175349e+001
2.684426e+003,9.174082e+001
2.684908e+003,9.172635e+001
2.685390e+003,9.171188e+001
2.685873e+003,9.169948e+001
2.686355e+003,9.169065e+001
2.686837e+003,9.168563e+001
2.687319e+003,9.168331e+001
2.687801e+003,9.168159e+001
2.688283e+003,9.167820e+001
2.688765e+003,9.167168e+001
2.689247e+003,9.166180e+001
2.689729e+003,9.164960e+001
2.690212e+003,9.163689e+001
2.690694e+003,9.162553e+001
2.691176e+003,9.161671e+001
2.691658e+003,9.161075e+001
2.692140e+003,9.160708e+001
2.692622e+003,9.160479e+001
2.693104e+003,9.160288e+001
2.693586e+003,9.160059e+001
2.694069e+003,9.159747e+001
2.694551e+003,9.159324e+001
2.695033e+003,9.158784e+001
2.695515e+003,9.158144e+001
2.695997e+003,9.157468e+001
2.696479e+003,9.156870e+001
2.696961e+003,9.156503e+001
2.697443e+003,9.156530e+001
2.697926e+003,9.157051e+001
2.698408e+003,9.158087e+001
2.698890e+003,9.159538e+001
2.699372e+003,9.161221e+001
2.699854e+003,9.162922e+001
2.700336e+003,9.164450e+001
2.700818e+003,9.165688e+001
2.701300e+003,9.166618e+001
2.701782e+003,9.167282e+001
2.702265e+003,9.167757e+001
2.702747e+003,9.168130e+001
2.703229e+003,9.168479e+001
2.703711e+003,9.168869e+001
2.704193e+003,9.169360e+001
2.704675e+003,9.170004e+001
2.705157e+003,9.170820e+001
2.705639e+003,9.171770e+001
2.706122e+003,9.172749e+001
2.706604e+003,9.173602e+001
2.707086e+003,9.174179e+001
2.707568e+003,9.174390e+001
2.708050e+003,9.174261e+001
2.708532e+003,9.173931e+001
2.709014e+003,9.173607e+001
2.709496e+003,9.173495e+001
2.709979e+003,9.173701e+001
2.710461e+003,9.174203e+001
2.710943e+003,9.174844e+001
2.711425e+003,9.175397e+001
2.711907e+003,9.175642e+001
2.712389e+003,9.175445e+001
2.712871e+003,9.174768e+001
2.713353e+003,9.173663e+001
2.713835e+003,9.172225e+001
2.714318e+003,9.170541e+001
2.714800e+003,9.168674e+001
2.715282e+003,9.166659e+001
2.715764e+003,9.164541e+001
2.716246e+003,9.162368e+001
2.716728e+003,9.160220e+001
2.717210e+003,9.158154e+001
2.717692e+003,9.156196e+001
2.718175e+003,9.154305e+001
2.718656e+003,9.152403e+001
2.719139e+003,9.150402e+001
2.719621e+003,9.148251e+001
2.720103e+003,9.145966e+001
2.720585e+003,9.143623e+001
2.721067e+003,9.141324e+001
2.721549e+003,9.139137e+001
2.722031e+003,9.137081e+001
2.722513e+003,9.135102e+001
2.722996e+003,9.133136e+001
2.723478e+003,9.131129e+001
2.723960e+003,9.129098e+001
2.724442e+003,9.127108e+001
2.724924e+003,9.125259e+001
2.725406e+003,9.123608e+001
2.725888e+003,9.122151e+001
2.726370e+003,9.120794e+001
2.726853e+003,9.119400e+001
2.727335e+003,9.117837e+001
2.727817e+003,9.116032e+001
2.728299e+003,9.113988e+001
2.728781e+003,9.111767e+001
2.729263e+003,9.109447e+001
2.729745e+003,9.107079e+001
2.730227e+003,9.104667e+001
2.730709e+003,9.102190e+001
2.731192e+003,9.099638e+001
2.731674e+003,9.097039e+001
2.732156e+003,9.094484e+001
2.732638e+003,9.092080e+001
2.733120e+003,9.089908e+001
2.733602e+003,9.087969e+001
2.734084e+003,9.086161e+001
2.734566e+003,9.084309e+001
2.735049e+003,9.082230e+001
2.735531e+003,9.079794e+001
2.736013e+003,9.076978e+001
2.736495e+003,9.073872e+001
2.736977e+003,9.070645e+001
2.737459e+003,9.067477e+001
2.737941e+003,9.064515e+001
2.738423e+003,9.061826e+001
2.738906e+003,9.059414e+001
2.739388e+003,9.057230e+001
2.739870e+003,9.055210e+001
2.740352e+003,9.053276e+001
2.740834e+003,9.051364e+001
2.741316e+003,9.049407e+001
2.741798e+003,9.047334e+001
2.742280e+003,9.045093e+001
2.742762e+003,9.042657e+001
2.743245e+003,9.040048e+001
2.743727e+003,9.037333e+001
2.744209e+003,9.034620e+001
2.744691e+003,9.032018e+001
2.745173e+003,9.029619e+001
2.745655e+003,9.027481e+001
2.746137e+003,9.025629e+001
2.746619e+003,9.024066e+001
2.747102e+003,9.022794e+001
2.747583e+003,9.021815e+001
2.748066e+003,9.021103e+001
2.748548e+003,9.020592e+001
2.749030e+003,9.020152e+001
2.749512e+003,9.019591e+001
2.749994e+003,9.018695e+001
2.750476e+003,9.017284e+001
2.750958e+003,9.015271e+001
2.751440e+003,9.012688e+001
2.751923e+003,9.009698e+001
2.752405e+003,9.006540e+001
2.752887e+003,9.003473e+001
2.753369e+003,9.000698e+001
2.753851e+003,8.998313e+001
2.754333e+003,8.996284e+001
2.754815e+003,8.994461e+001
2.755297e+003,8.992622e+001
2.755780e+003,8.990520e+001
2.756262e+003,8.987951e+001
2.756744e+003,8.984793e+001
2.757226e+003,8.981059e+001
2.757708e+003,8.976875e+001
2.758190e+003,8.972478e+001
2.758672e+003,8.968147e+001
2.759154e+003,8.964133e+001
2.759636e+003,8.960590e+001
2.760119e+003,8.957542e+001
2.760601e+003,8.954875e+001
2.761083e+003,8.952390e+001
2.761565e+003,8.949873e+001
2.762047e+003,8.947164e+001
2.762529e+003,8.944205e+001
2.763011e+003,8.941022e+001
2.763493e+003,8.937685e+001
2.763976e+003,8.934258e+001
2.764458e+003,8.930752e+001
2.764940e+003,8.927132e+001
2.765422e+003,8.923349e+001
2.765904e+003,8.919401e+001
2.766386e+003,8.915367e+001
2.766868e+003,8.911415e+001
2.767350e+003,8.907745e+001
2.767833e+003,8.904518e+001
2.768315e+003,8.901785e+001
2.768797e+003,8.899451e+001
2.769279e+003,8.897306e+001
2.769761e+003,8.895089e+001
2.770243e+003,8.892581e+001
2.770725e+003,8.889669e+001
2.771207e+003,8.886363e+001
2.771689e+003,8.882767e+001
2.772172e+003,8.879009e+001
2.772654e+003,8.875188e+001
2.773136e+003,8.871316e+001
2.773618e+003,8.867331e+001
2.774100e+003,8.863129e+001
2.774582e+003,8.858614e+001
2.775064e+003,8.853745e+001
2.775546e+003,8.848550e+001
2.776029e+003,8.843134e+001
2.776510e+003,8.837651e+001
2.776993e+003,8.832277e+001
2.777475e+003,8.827180e+001
2.777957e+003,8.822497e+001
2.778439e+003,8.818316e+001
2.778921e+003,8.814662e+001
2.779403e+003,8.811483e+001
2.779885e+003,8.808663e+001
2.780367e+003,8.806049e+001
2.780850e+003,8.803487e+001
2.781332e+003,8.800874e+001
2.781814e+003,8.798180e+001
2.782296e+003,8.795462e+001
2.782778e+003,8.792831e+001
2.783260e+003,8.790401e+001
2.783742e+003,8.788242e+001
2.784224e+003,8.786343e+001
2.784707e+003,8.784611e+001
2.785189e+003,8.782905e+001
2.785671e+003,8.781086e+001
2.786153e+003,8.779058e+001
2.786635e+003,8.776808e+001
2.787117e+003,8.774393e+001
2.787599e+003,8.771925e+001
2.788081e+003,8.769537e+001
2.788563e+003,8.767351e+001
2.789046e+003,8.765456e+001
2.789528e+003,8.763906e+001
2.790010e+003,8.762712e+001
2.790492e+003,8.761852e+001
2.790974e+003,8.761270e+001
2.791456e+003,8.760888e+001
2.791938e+003,8.760622e+001
2.792420e+003,8.760398e+001
2.792903e+003,8.760172e+001
2.793385e+003,8.759937e+001
2.793867e+003,8.759728e+001
2.794349e+003,8.759585e+001
2.794831e+003,8.759535e+001
2.795313e+003,8.759570e+001
2.795795e+003,8.759637e+001
2.796277e+003,8.759654e+001
2.796760e+003,8.759546e+001
2.797242e+003,8.759267e+001
2.797724e+003,8.758827e+001
2.798206e+003,8.758285e+001
2.798688e+003,8.757715e+001
2.799170e+003,8.757193e+001
2.799652e+003,8.756751e+001
2.800134e+003,8.756377e+001
2.800616e+003,8.756018e+001
2.801099e+003,8.755597e+001
2.801581e+003,8.755048e+001
2.802063e+003,8.754331e+001
2.802545e+003,8.753433e+001
2.803027e+003,8.752364e+001
2.803509e+003,8.751141e+001
2.803991e+003,8.749770e+001
2.804473e+003,8.748225e+001
2.804956e+003,8.746445e+001
2.805438e+003,8.744327e+001
2.805920e+003,8.741729e+001
2.806402e+003,8.738512e+001
2.806884e+003,8.734557e+001
2.807366e+003,8.729823e+001
2.807848e+003,8.724364e+001
2.808330e+003,8.718349e+001
2.808813e+003,8.712037e+001
2.809294e+003,8.705738e+001
2.809777e+003,8.699739e+001
2.810259e+003,8.694260e+001
2.810741e+003,8.689412e+001
2.811223e+003,8.685209e+001
2.811705e+003,8.681600e+001
2.812187e+003,8.678490e+001
2.812669e+003,8.675797e+001
2.813151e+003,8.673439e+001
2.813634e+003,8.671352e+001
2.814116e+003,8.669465e+001
2.814598e+003,8.667697e+001
2.815080e+003,8.665967e+001
2.815562e+003,8.664211e+001
2.816044e+003,8.662408e+001
2.816526e+003,8.660577e+001
2.817008e+003,8.658750e+001
2.817490e+003,8.656941e+001
2.817973e+003,8.655112e+001
2.818455e+003,8.653151e+001
2.818937e+003,8.650923e+001
2.819419e+003,8.648317e+001
2.819901e+003,8.645315e+001
2.820383e+003,8.642035e+001
2.820865e+003,8.638718e+001
2.821347e+003,8.635666e+001
2.821830e+003,8.633153e+001
2.822312e+003,8.631337e+001
2.822794e+003,8.630224e+001
2.823276e+003,8.629670e+001
2.823758e+003,8.629459e+001
2.824240e+003,8.629374e+001
2.824722e+003,8.629272e+001
2.825204e+003,8.629109e+001
2.825687e+003,8.628931e+001
2.826169e+003,8.628830e+001
2.826651e+003,8.628899e+001
2.827133e+003,8.629200e+001
2.827615e+003,8.629770e+001
2.828097e+003,8.630624e+001
2.828579e+003,8.631766e+001
2.829061e+003,8.633188e+001
2.829543e+003,8.634855e+001
2.830026e+003,8.636700e+001
2.830508e+003,8.638623e+001
2.830990e+003,8.640520e+001
2.831472e+003,8.642316e+001
2.831954e+003,8.644001e+001
2.832436e+003,8.645629e+001
2.832918e+003,8.647295e+001
2.833400e+003,8.649075e+001
2.833883e+003,8.650976e+001
2.834365e+003,8.652904e+001
2.834847e+003,8.654683e+001
2.835329e+003,8.656126e+001
2.835811e+003,8.657096e+001
2.836293e+003,8.657566e+001
2.836775e+003,8.657639e+001
2.837257e+003,8.657508e+001
2.837740e+003,8.657378e+001
2.838221e+003,8.657404e+001
2.838704e+003,8.657637e+001
2.839186e+003,8.658037e+001
2.839668e+003,8.658513e+001
2.840150e+003,8.658981e+001
2.840632e+003,8.659411e+001
2.841114e+003,8.659838e+001
2.841596e+003,8.660335e+001
2.842078e+003,8.660982e+001
2.842561e+003,8.661823e+001
2.843043e+003,8.662864e+001
2.843525e+003,8.664088e+001
2.844007e+003,8.665488e+001
2.844489e+003,8.667091e+001
2.844971e+003,8.668958e+001
2.845453e+003,8.671163e+001
2.845935e+003,8.673742e+001
2.846417e+003,8.676648e+001
2.846900e+003,8.679739e+001
2.847382e+003,8.682787e+001
2.847864e+003,8.685535e+001
2.848346e+003,8.687748e+001
2.848828e+003,8.689282e+001
2.849310e+003,8.690101e+001
2.849792e+003,8.690289e+001
2.850274e+003,8.690021e+001
2.850757e+003,8.689512e+001
2.851239e+003,8.688985e+001
2.851721e+003,8.688613e+001
2.852203e+003,8.688512e+001
2.852685e+003,8.688709e+001
2.853167e+003,8.689143e+001
2.853649e+003,8.689679e+001
2.854131e+003,8.690128e+001
2.854614e+003,8.690282e+001
2.855096e+003,8.689961e+001
2.855578e+003,8.689067e+001
2.856060e+003,8.687612e+001
2.856542e+003,8.685723e+001
2.857024e+003,8.683632e+001
2.857506e+003,8.681606e+001
2.857988e+003,8.679888e+001
2.858470e+003,8.678625e+001
2.858953e+003,8.677819e+001
2.859435e+003,8.677324e+001
2.859917e+003,8.676888e+001
2.860399e+003,8.676217e+001
2.860881e+003,8.675066e+001
2.861363e+003,8.673306e+001
2.861845e+003,8.670956e+001
2.862327e+003,8.668155e+001
2.862810e+003,8.665121e+001
2.863292e+003,8.662059e+001
2.863774e+003,8.659090e+001
2.864256e+003,8.656229e+001
2.864738e+003,8.653386e+001
2.865220e+003,8.650420e+001
2.865702e+003,8.647217e+001
2.866184e+003,8.643724e+001
2.866667e+003,8.639973e+001
2.867148e+003,8.636062e+001
2.867631e+003,8.632094e+001
2.868113e+003,8.628131e+001
2.868595e+003,8.624164e+001
2.869077e+003,8.620136e+001
2.869559e+003,8.615974e+001
2.870041e+003,8.611665e+001
2.870523e+003,8.607285e+001
2.871005e+003,8.603018e+001
2.871488e+003,8.599100e+001
2.871970e+003,8.595758e+001
2.872452e+003,8.593141e+001
2.872934e+003,8.591261e+001
2.873416e+003,8.590002e+001
2.873898e+003,8.589150e+001
2.874380e+003,8.588477e+001
2.874862e+003,8.587794e+001
2.875344e+003,8.587019e+001
2.875827e+003,8.586177e+001
2.876309e+003,8.585385e+001
2.876791e+003,8.584801e+001
2.877273e+003,8.584568e+001
2.877755e+003,8.584763e+001
2.878237e+003,8.585378e+001
2.878719e+003,8.586311e+001
2.879201e+003,8.587405e+001
2.879684e+003,8.588477e+001
2.880166e+003,8.589378e+001
2.880648e+003,8.590032e+001
2.881130e+003,8.590451e+001
2.881612e+003,8.590732e+001
2.882094e+003,8.591024e+001
2.882576e+003,8.591480e+001
2.883058e+003,8.592200e+001
2.883541e+003,8.593217e+001
2.884023e+003,8.594491e+001
2.884505e+003,8.595947e+001
2.884987e+003,8.597521e+001
2.885469e+003,8.599206e+001
2.885951e+003,8.601058e+001
2.886433e+003,8.603181e+001
2.886915e+003,8.605678e+001
2.887397e+003,8.608600e+001
2.887880e+003,8.611912e+001
2.888362e+003,8.615498e+001
2.888844e+003,8.619193e+001
2.889326e+003,8.622832e+001
2.889808e+003,8.626298e+001
2.890290e+003,8.629538e+001
2.890772e+003,8.632554e+001
2.891254e+003,8.635369e+001
2.891737e+003,8.637999e+001
2.892219e+003,8.640427e+001
2.892701e+003,8.642618e+001
2.893183e+003,8.644544e+001
2.893665e+003,8.646198e+001
2.894147e+003,8.647617e+001
2.894629e+003,8.648852e+001
2.895111e+003,8.649942e+001
2.895594e+003,8.650881e+001
2.896075e+003,8.651601e+001
2.896558e+003,8.651987e+001
2.897040e+003,8.651926e+001
2.897522e+003,8.651344e+001
2.898004e+003,8.650251e+001
2.898486e+003,8.648730e+001
2.898968e+003,8.646918e+001
2.899450e+003,8.644947e+001
2.899932e+003,8.642898e+001
2.900415e+003,8.640765e+001
2.900897e+003,8.638470e+001
2.901379e+003,8.635888e+001
2.901861e+003,8.632906e+001
2.902343e+003,8.629454e+001
2.902825e+003,8.625558e+001
2.903307e+003,8.621321e+001
2.903789e+003,8.616903e+001
2.904271e+003,8.612486e+001
2.904754e+003,8.608232e+001
2.905236e+003,8.604253e+001
2.905718e+003,8.600589e+001
2.906200e+003,8.597223e+001
2.906682e+003,8.594091e+001
2.907164e+003,8.591114e+001
2.907646e+003,8.588226e+001
2.908128e+003,8.585384e+001
2.908611e+003,8.582569e+001
2.909093e+003,8.579788e+001
2.909575e+003,8.577045e+001
2.910057e+003,8.574325e+001
2.910539e+003,8.571599e+001
2.911021e+003,8.568822e+001
2.911503e+003,8.565950e+001
2.911985e+003,8.562962e+001
2.912468e+003,8.559848e+001
2.912950e+003,8.556615e+001
2.913432e+003,8.553259e+001
2.913914e+003,8.549750e+001
2.914396e+003,8.546035e+001
2.914878e+003,8.542059e+001
2.915360e+003,8.537817e+001
2.915842e+003,8.533392e+001
2.916324e+003,8.528974e+001
2.916807e+003,8.524832e+001
2.917289e+003,8.521243e+001
2.917771e+003,8.518408e+001
2.918253e+003,8.516385e+001
2.918735e+003,8.515035e+001
2.919217e+003,8.514091e+001
2.919699e+003,8.513220e+001
2.920181e+003,8.512138e+001
2.920664e+003,8.510701e+001
2.921146e+003,8.508924e+001
2.921628e+003,8.506959e+001
2.922110e+003,8.505000e+001
2.922592e+003,8.503211e+001
2.923074e+003,8.501648e+001
2.923556e+003,8.500257e+001
2.924038e+003,8.498910e+001
2.924521e+003,8.497460e+001
2.925002e+003,8.495809e+001
2.925485e+003,8.493929e+001
2.925967e+003,8.491852e+001
2.926449e+003,8.489640e+001
2.926931e+003,8.487352e+001
2.927413e+003,8.485017e+001
2.927895e+003,8.482654e+001
2.928377e+003,8.480278e+001
2.928859e+003,8.477941e+001
2.929342e+003,8.475726e+001
2.929824e+003,8.473730e+001
2.930306e+003,8.472030e+001
2.930788e+003,8.470638e+001
2.931270e+003,8.469474e+001
2.931752e+003,8.468368e+001
2.932234e+003,8.467088e+001
2.932716e+003,8.465390e+001
2.933198e+003,8.463069e+001
2.933681e+003,8.459934e+001
2.934163e+003,8.456077e+001
2.934645e+003,8.451612e+001
2.935127e+003,8.446741e+001
2.935609e+003,8.441718e+001
2.936091e+003,8.436808e+001
2.936573e+003,8.432261e+001
2.937055e+003,8.428255e+001
2.937538e+003,8.424875e+001
2.938020e+003,8.422090e+001
2.938502e+003,8.419772e+001
2.938984e+003,8.417725e+001
2.939466e+003,8.415732e+001
2.939948e+003,8.413602e+001
2.940430e+003,8.411210e+001
2.940912e+003,8.408504e+001
2.941395e+003,8.405506e+001
2.941877e+003,8.402281e+001
2.942359e+003,8.398935e+001
2.942841e+003,8.395573e+001
2.943323e+003,8.392299e+001
2.943805e+003,8.389198e+001
2.944287e+003,8.386319e+001
2.944769e+003,8.383659e+001
2.945251e+003,8.381174e+001
2.945734e+003,8.378780e+001
2.946216e+003,8.376405e+001
2.946698e+003,8.374009e+001
2.947180e+003,8.371620e+001
2.947662e+003,8.369335e+001
2.948144e+003,8.367306e+001
2.948626e+003,8.365675e+001
2.949108e+003,8.364524e+001
2.949591e+003,8.363851e+001
2.950073e+003,8.363560e+001
2.950555e+003,8.363503e+001
2.951037e+003,8.363531e+001
2.951519e+003,8.363559e+001
2.952001e+003,8.363548e+001
2.952483e+003,8.363515e+001
2.952965e+003,8.363474e+001
2.953448e+003,8.363397e+001
2.953929e+003,8.363191e+001
2.954412e+003,8.362715e+001
2.954894e+003,8.361842e+001
2.955376e+003,8.360501e+001
2.955858e+003,8.358733e+001
2.956340e+003,8.356680e+001
2.956822e+003,8.354559e+001
2.957304e+003,8.352605e+001
2.957786e+003,8.351011e+001
2.958269e+003,8.349910e+001
2.958751e+003,8.349353e+001
2.959233e+003,8.349341e+001
2.959715e+003,8.349830e+001
2.960197e+003,8.350761e+001
2.960679e+003,8.352047e+001
2.961161e+003,8.353577e+001
2.961643e+003,8.355224e+001
2.962125e+003,8.356841e+001
2.962608e+003,8.358300e+001
2.963090e+003,8.359517e+001
2.963572e+003,8.360459e+001
2.964054e+003,8.361148e+001
2.964536e+003,8.361657e+001
2.965018e+003,8.362070e+001
2.965500e+003,8.362490e+001
2.965982e+003,8.363022e+001
2.966465e+003,8.363773e+001
2.966947e+003,8.364851e+001
2.967429e+003,8.366329e+001
2.967911e+003,8.368213e+001
2.968393e+003,8.370393e+001
2.968875e+003,8.372635e+001
2.969357e+003,8.374587e+001
2.969839e+003,8.375855e+001
2.970322e+003,8.376108e+001
2.970804e+003,8.375163e+001
2.971286e+003,8.373071e+001
2.971768e+003,8.370102e+001
2.972250e+003,8.366693e+001
2.972732e+003,8.363344e+001
2.973214e+003,8.360502e+001
2.973696e+003,8.358467e+001
2.974178e+003,8.357371e+001
2.974661e+003,8.357172e+001
2.975143e+003,8.357704e+001
2.975625e+003,8.358736e+001
2.976107e+003,8.359999e+001
2.976589e+003,8.361215e+001
2.977071e+003,8.362112e+001
2.977553e+003,8.362435e+001
2.978035e+003,8.361971e+001
2.978518e+003,8.360591e+001
2.979000e+003,8.358293e+001
2.979482e+003,8.355228e+001
2.979964e+003,8.351683e+001
2.980446e+003,8.348047e+001
2.980928e+003,8.344728e+001
2.981410e+003,8.342083e+001
2.981892e+003,8.340347e+001
2.982375e+003,8.339606e+001
2.982856e+003,8.339803e+001
2.983339e+003,8.340768e+001
2.983821e+003,8.342278e+001
2.984303e+003,8.344099e+001
2.984785e+003,8.346030e+001
2.985267e+003,8.347908e+001
2.985749e+003,8.349602e+001
2.986231e+003,8.351009e+001
2.986713e+003,8.352039e+001
2.987196e+003,8.352611e+001
2.987678e+003,8.352676e+001
2.988160e+003,8.352223e+001
2.988642e+003,8.351303e+001
2.989124e+003,8.350031e+001
2.989606e+003,8.348563e+001
2.990088e+003,8.347077e+001
2.990570e+003,8.345741e+001
2.991052e+003,8.344677e+001
2.991535e+003,8.343951e+001
2.992017e+003,8.343567e+001
2.992499e+003,8.343486e+001
2.992981e+003,8.343638e+001
2.993463e+003,8.343927e+001
2.993945e+003,8.344246e+001
2.994427e+003,8.344491e+001
2.994909e+003,8.344559e+001
2.995392e+003,8.344390e+001
2.995874e+003,8.344001e+001
2.996356e+003,8.343507e+001
2.996838e+003,8.343140e+001
2.997320e+003,8.343211e+001
2.997802e+003,8.344041e+001
2.998284e+003,8.345866e+001
2.998766e+003,8.348755e+001
2.999249e+003,8.352561e+001
2.999731e+003,8.356929e+001
3.000213e+003,8.361382e+001
3.000695e+003,8.365447e+001
3.001177e+003,8.368771e+001
3.001659e+003,8.371204e+001
3.002141e+003,8.372823e+001
3.002623e+003,8.373874e+001
3.003105e+003,8.374665e+001
3.003588e+003,8.375474e+001
3.004070e+003,8.376450e+001
3.004552e+003,8.377617e+001
3.005034e+003,8.378870e+001
3.005516e+003,8.380061e+001
3.005998e+003,8.381071e+001
3.006480e+003,8.381851e+001
3.006962e+003,8.382465e+001
3.007445e+003,8.383054e+001
3.007927e+003,8.383823e+001
3.008409e+003,8.384967e+001
3.008891e+003,8.386632e+001
3.009373e+003,8.388870e+001
3.009855e+003,8.391621e+001
3.010337e+003,8.394727e+001
3.010819e+003,8.397948e+001
3.011302e+003,8.401035e+001
3.011783e+003,8.403777e+001
3.012266e+003,8.406054e+001
3.012748e+003,8.407872e+001
3.013230e+003,8.409346e+001
3.013712e+003,8.410665e+001
3.014194e+003,8.412038e+001
3.014676e+003,8.413646e+001
3.015158e+003,8.415597e+001
3.015640e+003,8.417934e+001
3.016123e+003,8.420644e+001
3.016605e+003,8.423698e+001
3.017087e+003,8.427068e+001
3.017569e+003,8.430743e+001
3.018051e+003,8.434725e+001
3.018533e+003,8.439027e+001
3.019015e+003,8.443636e+001
3.019497e+003,8.448524e+001
3.019979e+003,8.453632e+001
3.020462e+003,8.458864e+001
3.020944e+003,8.464085e+001
3.021426e+003,8.469135e+001
3.021908e+003,8.473806e+001
3.022390e+003,8.477905e+001
3.022872e+003,8.481275e+001
3.023354e+003,8.483859e+001
3.023836e+003,8.485735e+001
3.024319e+003,8.487122e+001
3.024801e+003,8.488351e+001
3.025283e+003,8.489776e+001
3.025765e+003,8.491698e+001
3.026247e+003,8.494266e+001
3.026729e+003,8.497444e+001
3.027211e+003,8.501024e+001
3.027693e+003,8.504680e+001
3.028176e+003,8.508057e+001
3.028658e+003,8.510853e+001
3.029140e+003,8.512868e+001
3.029622e+003,8.514032e+001
3.030104e+003,8.514408e+001
3.030586e+003,8.514172e+001
3.031068e+003,8.513583e+001
3.031550e+003,8.512953e+001
3.032032e+003,8.512599e+001
3.032515e+003,8.512785e+001
3.032997e+003,8.513667e+001
3.033479e+003,8.515253e+001
3.033961e+003,8.517389e+001
3.034443e+003,8.519798e+001
3.034925e+003,8.522139e+001
3.035407e+003,8.524114e+001
3.035889e+003,8.525538e+001
3.036372e+003,8.526370e+001
3.036854e+003,8.526718e+001
3.037336e+003,8.526769e+001
3.037818e+003,8.526723e+001
3.038300e+003,8.526731e+001
3.038782e+003,8.526884e+001
3.039264e+003,8.527203e+001
3.039746e+003,8.527680e+001
3.040229e+003,8.528288e+001
3.040711e+003,8.528992e+001
3.041193e+003,8.529729e+001
3.041675e+003,8.530399e+001
3.042157e+003,8.530855e+001
3.042639e+003,8.530936e+001
3.043121e+003,8.530509e+001
3.043603e+003,8.529509e+001
3.044085e+003,8.527957e+001
3.044568e+003,8.525956e+001
3.045050e+003,8.523621e+001
3.045532e+003,8.521024e+001
3.046014e+003,8.518163e+001
3.046496e+003,8.514969e+001
3.046978e+003,8.511330e+001
3.047460e+003,8.507178e+001
3.047942e+003,8.502523e+001
3.048425e+003,8.497469e+001
3.048906e+003,8.492189e+001
3.049389e+003,8.486857e+001
3.049871e+003,8.481585e+001
3.050353e+003,8.476388e+001
3.050835e+003,8.471194e+001
3.051317e+003,8.465887e+001
3.051799e+003,8.460362e+001
3.052281e+003,8.454573e+001
3.052763e+003,8.448556e+001
3.053246e+003,8.442410e+001
3.053728e+003,8.436261e+001
3.054210e+003,8.430224e+001
3.054692e+003,8.424369e+001
3.055174e+003,8.418707e+001
3.055656e+003,8.413190e+001
3.056138e+003,8.407733e+001
3.056620e+003,8.402226e+001
3.057103e+003,8.396575e+001
3.057585e+003,8.390715e+001
3.058067e+003,8.384649e+001
3.058549e+003,8.378442e+001
3.059031e+003,8.372224e+001
3.059513e+003,8.366151e+001
3.059995e+003,8.360375e+001
3.060477e+003,8.354997e+001
3.060959e+003,8.350043e+001
3.061442e+003,8.345465e+001
3.061924e+003,8.341168e+001
3.062406e+003,8.337038e+001
3.062888e+003,8.332968e+001
3.063370e+003,8.328875e+001
3.063852e+003,8.324693e+001
3.064334e+003,8.320354e+001
3.064816e+003,8.315804e+001
3.065299e+003,8.311024e+001
3.065781e+003,8.306065e+001
3.066263e+003,8.301077e+001
3.066745e+003,8.296312e+001
3.067227e+003,8.292075e+001
3.067709e+003,8.288637e+001
3.068191e+003,8.286142e+001
3.068673e+003,8.284554e+001
3.069156e+003,8.283666e+001
3.069638e+003,8.283172e+001
3.070120e+003,8.282777e+001
3.070602e+003,8.282318e+001
3.071084e+003,8.281818e+001
3.071566e+003,8.281480e+001
3.072048e+003,8.281606e+001
3.072530e+003,8.282491e+001
3.073012e+003,8.284335e+001
3.073495e+003,8.287176e+001
3.073977e+003,8.290903e+001
3.074459e+003,8.295296e+001
3.074941e+003,8.300067e+001
3.075423e+003,8.304923e+001
3.075905e+003,8.309595e+001
3.076387e+003,8.313850e+001
3.076869e+003,8.317535e+001
3.077352e+003,8.320607e+001
3.077833e+003,8.323138e+001
3.078316e+003,8.325316e+001
3.078798e+003,8.327390e+001
3.079280e+003,8.329587e+001
3.079762e+003,8.332008e+001
3.080244e+003,8.334581e+001
3.080726e+003,8.337071e+001
3.081208e+003,8.339163e+001
3.081690e+003,8.340587e+001
3.082173e+003,8.341228e+001
3.082655e+003,8.341172e+001
3.083137e+003,8.340670e+001
3.083619e+003,8.340015e+001
3.084101e+003,8.339417e+001
3.084583e+003,8.338905e+001
3.085065e+003,8.338330e+001
3.085547e+003,8.337431e+001
3.086030e+003,8.335970e+001
3.086512e+003,8.333853e+001
3.086994e+003,8.331178e+001
3.087476e+003,8.328212e+001
3.087958e+003,8.325298e+001
3.088440e+003,8.322740e+001
3.088922e+003,8.320734e+001
3.089404e+003,8.319328e+001
3.089886e+003,8.318472e+001
3.090369e+003,8.318066e+001
3.090851e+003,8.318001e+001
3.091333e+003,8.318192e+001
3.091815e+003,8.318575e+001
3.092297e+003,8.319083e+001
3.092779e+003,8.319660e+001
3.093261e+003,8.320251e+001
3.093743e+003,8.320837e+001
3.094226e+003,8.321414e+001
3.094708e+003,8.321993e+001
3.095190e+003,8.322543e+001
3.095672e+003,8.322968e+001
3.096154e+003,8.323106e+001
3.096636e+003,8.322785e+001
3.097118e+003,8.321906e+001
3.097600e+003,8.320527e+001
3.098083e+003,8.318889e+001
3.098565e+003,8.317383e+001
3.099047e+003,8.316429e+001
3.099529e+003,8.316349e+001
3.100011e+003,8.317242e+001
3.100493e+003,8.318963e+001
3.100975e+003,8.321166e+001
3.101457e+003,8.323421e+001
3.101939e+003,8.325348e+001
3.102422e+003,8.326697e+001
3.102904e+003,8.327374e+001
3.103386e+003,8.327406e+001
3.103868e+003,8.326883e+001
3.104350e+003,8.325916e+001
3.104832e+003,8.324626e+001
3.105314e+003,8.323170e+001
3.105796e+003,8.321754e+001
3.106279e+003,8.320621e+001
3.106760e+003,8.319990e+001
3.107243e+003,8.319990e+001
3.107725e+003,8.320593e+001
3.108207e+003,8.321619e+001
3.108689e+003,8.322780e+001
3.109171e+003,8.323777e+001
3.109653e+003,8.324402e+001
3.110135e+003,8.324567e+001
3.110617e+003,8.324301e+001
3.111100e+003,8.323678e+001
3.111582e+003,8.322750e+001
3.112064e+003,8.321533e+001
3.112546e+003,8.320037e+001
3.113028e+003,8.318332e+001
3.113510e+003,8.316613e+001
3.113992e+003,8.315210e+001
3.114474e+003,8.314510e+001
3.114957e+003,8.314819e+001
3.115439e+003,8.316239e+001
3.115921e+003,8.318584e+001
3.116403e+003,8.321416e+001
3.116885e+003,8.324176e+001
3.117367e+003,8.326374e+001
3.117849e+003,8.327737e+001
3.118331e+003,8.328297e+001
3.118813e+003,8.328349e+001
3.119296e+003,8.328331e+001
3.119778e+003,8.328681e+001
3.120260e+003,8.329690e+001
3.120742e+003,8.331463e+001
3.121224e+003,8.333898e+001
3.121706e+003,8.336774e+001
3.122188e+003,8.339799e+001
3.122670e+003,8.342702e+001
3.123153e+003,8.345278e+001
3.123635e+003,8.347424e+001
3.124117e+003,8.349164e+001
3.124599e+003,8.350650e+001
3.125081e+003,8.352142e+001
3.125563e+003,8.353943e+001
3.126045e+003,8.356322e+001
3.126527e+003,8.359407e+001
3.127010e+003,8.363134e+001
3.127492e+003,8.367233e+001
3.127974e+003,8.371313e+001
3.128456e+003,8.374992e+001
3.128938e+003,8.378035e+001
3.129420e+003,8.380457e+001
3.129902e+003,8.382532e+001
3.130384e+003,8.384698e+001
3.130866e+003,8.387413e+001
3.131349e+003,8.391003e+001
3.131831e+003,8.395551e+001
3.132313e+003,8.400848e+001
3.132795e+003,8.406474e+001
3.133277e+003,8.411908e+001
3.133759e+003,8.416685e+001
3.134241e+003,8.420497e+001
3.134723e+003,8.423276e+001
3.135206e+003,8.425191e+001
3.135688e+003,8.426594e+001
3.136170e+003,8.427936e+001
3.136652e+003,8.429655e+001
3.137134e+003,8.432071e+001
3.137616e+003,8.435319e+001
3.138098e+003,8.439308e+001
3.138580e+003,8.443748e+001
3.139063e+003,8.448241e+001
3.139544e+003,8.452402e+001
3.140027e+003,8.455965e+001
3.140509e+003,8.458878e+001
3.140991e+003,8.461289e+001
3.141473e+003,8.463503e+001
3.141955e+003,8.465852e+001
3.142437e+003,8.468604e+001
3.142919e+003,8.471891e+001
3.143401e+003,8.475694e+001
3.143884e+003,8.479894e+001
3.144366e+003,8.484319e+001
3.144848e+003,8.488799e+001
3.145330e+003,8.493166e+001
3.145812e+003,8.497253e+001
3.146294e+003,8.500871e+001
3.146776e+003,8.503836e+001
3.147258e+003,8.506017e+001
3.147740e+003,8.507409e+001
3.148223e+003,8.508179e+001
3.148705e+003,8.508663e+001
3.149187e+003,8.509286e+001
3.149669e+003,8.510426e+001
3.150151e+003,8.512300e+001
3.150633e+003,8.514884e+001
3.151115e+003,8.517941e+001
3.151597e+003,8.521120e+001
3.152080e+003,8.524110e+001
3.152562e+003,8.526765e+001
3.153044e+003,8.529157e+001
3.153526e+003,8.531532e+001
3.154008e+003,8.534200e+001
3.154490e+003,8.537413e+001
3.154972e+003,8.541267e+001
3.155454e+003,8.545686e+001
3.155937e+003,8.550457e+001
3.156419e+003,8.555325e+001
3.156901e+003,8.560040e+001
3.157383e+003,8.564420e+001
3.157865e+003,8.568343e+001
3.158347e+003,8.571745e+001
3.158829e+003,8.574595e+001
3.159311e+003,8.576904e+001
3.159793e+003,8.578746e+001
3.160276e+003,8.580270e+001
3.160758e+003,8.581677e+001
3.161240e+003,8.583198e+001
3.161722e+003,8.585033e+001
3.162204e+003,8.587309e+001
3.162686e+003,8.590052e+001
3.163168e+003,8.593232e+001
3.163650e+003,8.596780e+001
3.164133e+003,8.600660e+001
3.164615e+003,8.604848e+001
3.165097e+003,8.609336e+001
3.165579e+003,8.614075e+001
3.166061e+003,8.618951e+001
3.166543e+003,8.623769e+001
3.167025e+003,8.628315e+001
3.167507e+003,8.632404e+001
3.167990e+003,8.635940e+001
3.168471e+003,8.638947e+001
3.168954e+003,8.641522e+001
3.169436e+003,8.643776e+001
3.169918e+003,8.645773e+001
3.170400e+003,8.647495e+001
3.170882e+003,8.648876e+001
3.171364e+003,8.649855e+001
3.171846e+003,8.650471e+001
3.172328e+003,8.650882e+001
3.172811e+003,8.651367e+001
3.173293e+003,8.652217e+001
3.173775e+003,8.653654e+001
3.174257e+003,8.655724e+001
3.174739e+003,8.658293e+001
3.175221e+003,8.661082e+001
3.175703e+003,8.663776e+001
3.176185e+003,8.666132e+001
3.176667e+003,8.668058e+001
3.177150e+003,8.669618e+001
3.177632e+003,8.670984e+001
3.178114e+003,8.672336e+001
3.178596e+003,8.673769e+001
3.179078e+003,8.675244e+001
3.179560e+003,8.676588e+001
3.180042e+003,8.677551e+001
3.180524e+003,8.677901e+001
3.181007e+003,8.677501e+001
3.181489e+003,8.676373e+001
3.181971e+003,8.674705e+001
3.182453e+003,8.672833e+001
3.182935e+003,8.671159e+001
3.183417e+003,8.670073e+001
3.183899e+003,8.669857e+001
3.184381e+003,8.670617e+001
3.184864e+003,8.672261e+001
3.185346e+003,8.674511e+001
3.185828e+003,8.676974e+001
3.186310e+003,8.679240e+001
3.186792e+003,8.680976e+001
3.187274e+003,8.682004e+001
3.187756e+003,8.682312e+001
3.188238e+003,8.682037e+001
3.188720e+003,8.681390e+001
3.189203e+003,8.680593e+001
3.189685e+003,8.679803e+001
3.190167e+003,8.679102e+001
3.190649e+003,8.678481e+001
3.191131e+003,8.677900e+001
3.191613e+003,8.677306e+001
3.192095e+003,8.676682e+001
3.192577e+003,8.676051e+001
3.193060e+003,8.675465e+001
3.193542e+003,8.674975e+001
3.194024e+003,8.674612e+001
3.194506e+003,8.674368e+001
3.194988e+003,8.674178e+001
3.195470e+003,8.673940e+001
3.195952e+003,8.673538e+001
3.196434e+003,8.672871e+001
3.196917e+003,8.671885e+001
3.197398e+003,8.670615e+001
3.197881e+003,8.669184e+001
3.198363e+003,8.667786e+001
3.198845e+003,8.666651e+001
3.199327e+003,8.665985e+001
3.199809e+003,8.665909e+001
3.200291e+003,8.666420e+001
3.200773e+003,8.667396e+001
3.201255e+003,8.668610e+001
3.201738e+003,8.669792e+001
3.202220e+003,8.670686e+001
3.202702e+003,8.671098e+001
3.203184e+003,8.670912e+001
3.203666e+003,8.670097e+001
3.204148e+003,8.668694e+001
3.204630e+003,8.666816e+001
3.205112e+003,8.664654e+001
3.205594e+003,8.662460e+001
3.206077e+003,8.660561e+001
3.206559e+003,8.659303e+001
3.207041e+003,8.658978e+001
3.207523e+003,8.659753e+001
3.208005e+003,8.661581e+001
3.208487e+003,8.664183e+001
3.208969e+003,8.667083e+001
3.209451e+003,8.669715e+001
3.209934e+003,8.671552e+001
3.210416e+003,8.672258e+001
3.210898e+003,8.671743e+001
3.211380e+003,8.670171e+001
3.211862e+003,8.667893e+001
3.212344e+003,8.665342e+001
3.212826e+003,8.662917e+001
3.213308e+003,8.660917e+001
3.213791e+003,8.659496e+001
3.214273e+003,8.658681e+001
3.214755e+003,8.658393e+001
3.215237e+003,8.658497e+001
3.215719e+003,8.658829e+001
3.216201e+003,8.659229e+001
3.216683e+003,8.659546e+001
3.217165e+003,8.659675e+001
3.217647e+003,8.659551e+001
3.218130e+003,8.659172e+001
3.218612e+003,8.658567e+001
3.219094e+003,8.657797e+001
3.219576e+003,8.656921e+001
3.220058e+003,8.655952e+001
3.220540e+003,8.654868e+001
3.221022e+003,8.653618e+001
3.221504e+003,8.652150e+001
3.221987e+003,8.650449e+001
3.222469e+003,8.648554e+001
3.222951e+003,8.646558e+001
3.223433e+003,8.644583e+001
3.223915e+003,8.642758e+001
3.224397e+003,8.641181e+001
3.224879e+003,8.639925e+001
3.225361e+003,8.639034e+001
3.225844e+003,8.638546e+001
3.226325e+003,8.638487e+001
3.226808e+003,8.638862e+001
3.227290e+003,8.639626e+001
3.227772e+003,8.640649e+001
3.228254e+003,8.641708e+001
3.228736e+003,8.642514e+001
3.229218e+003,8.642775e+001
3.229700e+003,8.642291e+001
3.230182e+003,8.641037e+001
3.230665e+003,8.639209e+001
3.231147e+003,8.637212e+001
3.231629e+003,8.635571e+001
3.232111e+003,8.634781e+001
3.232593e+003,8.635179e+001
3.233075e+003,8.636813e+001
3.233557e+003,8.639429e+001
3.234039e+003,8.642511e+001
3.234521e+003,8.645429e+001
3.235004e+003,8.647602e+001
3.235486e+003,8.648670e+001
3.235968e+003,8.648579e+001
3.236450e+003,8.647594e+001
3.236932e+003,8.646201e+001
3.237414e+003,8.644961e+001
3.237896e+003,8.644340e+001
3.238378e+003,8.644582e+001
3.238861e+003,8.645675e+001
3.239343e+003,8.647365e+001
3.239825e+003,8.649265e+001
3.240307e+003,8.650983e+001
3.240789e+003,8.652230e+001
3.241271e+003,8.652898e+001
3.241753e+003,8.653072e+001
3.242235e+003,8.652991e+001
3.242718e+003,8.652981e+001
3.243200e+003,8.653381e+001
3.243682e+003,8.654459e+001
3.244164e+003,8.656371e+001
3.244646e+003,8.659103e+001
3.245128e+003,8.662486e+001
3.245610e+003,8.666212e+001
3.246092e+003,8.669891e+001
3.246574e+003,8.673135e+001
3.247057e+003,8.675638e+001
3.247539e+003,8.677233e+001
3.248021e+003,8.677930e+001
3.248503e+003,8.677894e+001
3.248985e+003,8.677383e+001
3.249467e+003,8.676674e+001
3.249949e+003,8.675997e+001
3.250431e+003,8.675481e+001
3.250914e+003,8.675182e+001
3.251396e+003,8.675108e+001
3.251878e+003,8.675274e+001
3.252360e+003,8.675737e+001
3.252842e+003,8.676595e+001
3.253324e+003,8.677944e+001
3.253806e+003,8.679846e+001
3.254288e+003,8.682277e+001
3.254771e+003,8.685116e+001
3.255252e+003,8.688184e+001
3.255735e+003,8.691283e+001
3.256217e+003,8.694230e+001
3.256699e+003,8.696890e+001
3.257181e+003,8.699157e+001
3.257663e+003,8.700939e+001
3.258145e+003,8.702129e+001
3.258627e+003,8.702630e+001
3.259109e+003,8.702366e+001
3.259592e+003,8.701356e+001
3.260074e+003,8.699740e+001
3.260556e+003,8.697800e+001
3.261038e+003,8.695914e+001
3.261520e+003,8.694478e+001
3.262002e+003,8.693813e+001
3.262484e+003,8.694093e+001
3.262966e+003,8.695302e+001
3.263448e+003,8.697249e+001
3.263931e+003,8.699625e+001
3.264413e+003,8.702090e+001
3.264895e+003,8.704355e+001
3.265377e+003,8.706239e+001
3.265859e+003,8.707696e+001
3.266341e+003,8.708813e+001
3.266823e+003,8.709753e+001
3.267305e+003,8.710718e+001
3.267788e+003,8.711879e+001
3.268270e+003,8.713342e+001
3.268752e+003,8.715125e+001
3.269234e+003,8.717177e+001
3.269716e+003,8.719405e+001
3.270198e+003,8.721738e+001
3.270680e+003,8.724145e+001
3.271162e+003,8.726646e+001
3.271645e+003,8.729298e+001
3.272127e+003,8.732140e+001
3.272609e+003,8.735141e+001
3.273091e+003,8.738177e+001
3.273573e+003,8.741033e+001
3.274055e+003,8.743484e+001
3.274537e+003,8.745348e+001
3.275019e+003,8.746579e+001
3.275501e+003,8.747277e+001
3.275984e+003,8.747669e+001
3.276466e+003,8.748023e+001
3.276948e+003,8.748586e+001
3.277430e+003,8.749491e+001
3.277912e+003,8.750761e+001
3.278394e+003,8.752331e+001
3.278876e+003,8.754118e+001
3.279358e+003,8.756069e+001
3.279841e+003,8.758186e+001
3.280323e+003,8.760499e+001
3.280805e+003,8.763030e+001
3.281287e+003,8.765732e+001
3.281769e+003,8.768472e+001
3.282251e+003,8.771048e+001
3.282733e+003,8.773235e+001
3.283215e+003,8.774853e+001
3.283698e+003,8.775821e+001
3.284179e+003,8.776150e+001
3.284662e+003,8.775944e+001
3.285144e+003,8.775357e+001
3.285626e+003,8.774538e+001
3.286108e+003,8.773625e+001
3.286590e+003,8.772726e+001
3.287072e+003,8.771935e+001
3.287554e+003,8.771350e+001
3.288036e+003,8.771069e+001
3.288519e+003,8.771175e+001
3.289001e+003,8.771737e+001
3.289483e+003,8.772773e+001
3.289965e+003,8.774251e+001
3.290447e+003,8.776086e+001
3.290929e+003,8.778141e+001
3.291411e+003,8.780227e+001
3.291893e+003,8.782137e+001
3.292375e+003,8.783666e+001
3.292858e+003,8.784660e+001
3.293340e+003,8.785078e+001
3.293822e+003,8.785013e+001
3.294304e+003,8.784704e+001
3.294786e+003,8.784488e+001
3.295268e+003,8.784717e+001
3.295750e+003,8.785641e+001
3.296232e+003,8.787331e+001
3.296715e+003,8.789645e+001
3.297197e+003,8.792263e+001
3.297679e+003,8.794797e+001
3.298161e+003,8.796918e+001
3.298643e+003,8.798459e+001
3.299125e+003,8.799443e+001
3.299607e+003,8.800058e+001
3.300089e+003,8.800565e+001
3.300572e+003,8.801184e+001
3.301054e+003,8.802045e+001
3.301536e+003,8.803143e+001
3.302018e+003,8.804390e+001
3.302500e+003,8.805658e+001
3.302982e+003,8.806835e+001
3.303464e+003,8.807840e+001
3.303946e+003,8.808624e+001
3.304428e+003,8.809148e+001
3.304911e+003,8.809369e+001
3.305393e+003,8.809264e+001
3.305875e+003,8.808854e+001
3.306357e+003,8.808218e+001
3.306839e+003,8.807513e+001
3.307321e+003,8.806931e+001
3.307803e+003,8.806635e+001
3.308285e+003,8.806706e+001
3.308768e+003,8.807114e+001
3.309250e+003,8.807732e+001
3.309732e+003,8.808394e+001
3.310214e+003,8.808979e+001
3.310696e+003,8.809467e+001
3.311178e+003,8.809942e+001
3.311660e+003,8.810560e+001
3.312142e+003,8.811482e+001
3.312625e+003,8.812791e+001
3.313106e+003,8.814470e+001
3.313589e+003,8.816410e+001
3.314071e+003,8.818433e+001
3.314553e+003,8.820378e+001
3.315035e+003,8.822133e+001
3.315517e+003,8.823651e+001
3.315999e+003,8.824918e+001
3.316481e+003,8.825948e+001
3.316963e+003,8.826721e+001
3.317446e+003,8.827196e+001
3.317928e+003,8.827298e+001
3.318410e+003,8.826958e+001
3.318892e+003,8.826130e+001
3.319374e+003,8.824840e+001
3.319856e+003,8.823173e+001
3.320338e+003,8.821309e+001
3.320820e+003,8.819486e+001
3.321302e+003,8.817977e+001
3.321785e+003,8.817044e+001
3.322267e+003,8.816886e+001
3.322749e+003,8.817574e+001
3.323231e+003,8.819025e+001
3.323713e+003,8.820995e+001
3.324195e+003,8.823141e+001
3.324677e+003,8.825101e+001
3.325159e+003,8.826598e+001
3.325642e+003,8.827504e+001
3.326124e+003,8.827884e+001
3.326606e+003,8.827941e+001
3.327088e+003,8.827942e+001
3.327570e+003,8.828124e+001
3.328052e+003,8.828602e+001
3.328534e+003,8.829345e+001
3.329016e+003,8.830197e+001
3.329499e+003,8.830918e+001
3.329981e+003,8.831288e+001
3.330463e+003,8.831130e+001
3.330945e+003,8.830370e+001
3.331427e+003,8.829034e+001
3.331909e+003,8.827233e+001
3.332391e+003,8.825153e+001
3.332873e+003,8.823022e+001
3.333355e+003,8.821098e+001
3.333838e+003,8.819625e+001
3.334320e+003,8.818800e+001
3.334802e+003,8.818723e+001
3.335284e+003,8.819377e+001
3.335766e+003,8.820631e+001
3.336248e+003,8.822269e+001
3.336730e+003,8.824042e+001
3.337212e+003,8.825737e+001
3.337695e+003,8.827197e+001
3.338177e+003,8.828329e+001
3.338659e+003,8.829086e+001
3.339141e+003,8.829423e+001
3.339623e+003,8.829282e+001
3.340105e+003,8.828577e+001
3.340587e+003,8.827258e+001
3.341069e+003,8.825320e+001
3.341552e+003,8.822865e+001
3.342033e+003,8.820105e+001
3.342516e+003,8.817322e+001
3.342998e+003,8.814821e+001
3.343480e+003,8.812862e+001
3.343962e+003,8.811609e+001
3.344444e+003,8.811095e+001
3.344926e+003,8.811240e+001
3.345408e+003,8.811874e+001
3.345890e+003,8.812774e+001
3.346373e+003,8.813705e+001
3.346855e+003,8.814445e+001
3.347337e+003,8.814812e+001
3.347819e+003,8.814680e+001
3.348301e+003,8.813977e+001
3.348783e+003,8.812701e+001
3.349265e+003,8.810915e+001
3.349747e+003,8.808750e+001
3.350229e+003,8.806392e+001
3.350712e+003,8.804073e+001
3.351194e+003,8.802053e+001
3.351676e+003,8.800584e+001
3.352158e+003,8.799874e+001
3.352640e+003,8.800037e+001
3.353122e+003,8.801053e+001
3.353604e+003,8.802737e+001
3.354086e+003,8.804768e+001
3.354569e+003,8.806741e+001
3.355051e+003,8.808270e+001
3.355533e+003,8.809076e+001
3.356015e+003,8.809082e+001
3.356497e+003,8.808413e+001
3.356979e+003,8.807351e+001
3.357461e+003,8.806232e+001
3.357943e+003,8.805341e+001
3.358426e+003,8.804813e+001
3.358908e+003,8.804609e+001
3.359390e+003,8.804542e+001
3.359872e+003,8.804350e+001
3.360354e+003,8.803775e+001
3.360836e+003,8.802634e+001
3.361318e+003,8.800838e+001
3.361800e+003,8.798417e+001
3.362282e+003,8.795495e+001
3.362765e+003,8.792287e+001
3.363247e+003,8.789082e+001
3.363729e+003,8.786241e+001
3.364211e+003,8.784137e+001
3.364693e+003,8.783102e+001
3.365175e+003,8.783311e+001
3.365657e+003,8.784726e+001
3.366139e+003,8.787054e+001
3.366622e+003,8.789809e+001
3.367104e+003,8.792436e+001
3.367586e+003,8.794465e+001
3.368068e+003,8.795636e+001
3.368550e+003,8.795968e+001
3.369032e+003,8.795718e+001
3.369514e+003,8.795269e+001
3.369996e+003,8.794971e+001
3.370479e+003,8.795033e+001
3.370961e+003,8.795466e+001
3.371443e+003,8.796110e+001
3.371925e+003,8.796731e+001
3.372407e+003,8.797126e+001
3.372889e+003,8.797200e+001
3.373371e+003,8.796995e+001
3.373853e+003,8.796655e+001
3.374335e+003,8.796362e+001
3.374818e+003,8.796265e+001
3.375300e+003,8.796426e+001
3.375782e+003,8.796811e+001
3.376264e+003,8.797304e+001
3.376746e+003,8.797744e+001
3.377228e+003,8.797978e+001
3.377710e+003,8.797893e+001
3.378192e+003,8.797459e+001
3.378675e+003,8.796732e+001
3.379156e+003,8.795866e+001
3.379639e+003,8.795054e+001
3.380121e+003,8.794486e+001
3.380603e+003,8.794286e+001
3.381085e+003,8.794459e+001
3.381567e+003,8.794878e+001
3.382049e+003,8.795321e+001
3.382531e+003,8.795545e+001
3.383013e+003,8.795374e+001
3.383496e+003,8.794764e+001
3.383978e+003,8.793824e+001
3.384460e+003,8.792776e+001
3.384942e+003,8.791861e+001
3.385424e+003,8.791257e+001
3.385906e+003,8.791017e+001
3.386388e+003,8.791069e+001
3.386870e+003,8.791248e+001
3.387353e+003,8.791383e+001
3.387835e+003,8.791355e+001
3.388317e+003,8.791129e+001
3.388799e+003,8.790758e+001
3.389281e+003,8.790353e+001
3.389763e+003,8.790053e+001
3.390245e+003,8.789987e+001
3.390727e+003,8.790273e+001
3.391209e+003,8.790977e+001
3.391692e+003,8.792130e+001
3.392174e+003,8.793658e+001
3.392656e+003,8.795393e+001
3.393138e+003,8.797069e+001
3.393620e+003,8.798383e+001
3.394102e+003,8.799086e+001
3.394584e+003,8.799086e+001
3.395066e+003,8.798511e+001
3.395549e+003,8.797704e+001
3.396031e+003,8.797131e+001
3.396513e+003,8.797227e+001
3.396995e+003,8.798241e+001
3.397477e+003,8.800114e+001
3.397959e+003,8.802497e+001
3.398441e+003,8.804855e+001
3.398923e+003,8.806668e+001
3.399406e+003,8.807621e+001
3.399888e+003,8.807726e+001
3.400370e+003,8.807329e+001
3.400852e+003,8.806985e+001
3.401334e+003,8.807268e+001
3.401816e+003,8.808554e+001
3.402298e+003,8.810876e+001
3.402780e+003,8.813889e+001
3.403262e+003,8.816960e+001
3.403745e+003,8.819371e+001
3.404227e+003,8.820543e+001
3.404709e+003,8.820225e+001
3.405191e+003,8.818576e+001
3.405673e+003,8.816147e+001
3.406155e+003,8.813707e+001
3.406637e+003,8.812038e+001
3.407119e+003,8.811724e+001
3.407602e+003,8.813000e+001
3.408083e+003,8.815723e+001
3.408566e+003,8.819434e+001
3.409048e+003,8.823537e+001
3.409530e+003,8.827459e+001
3.410012e+003,8.830813e+001
3.410494e+003,8.833565e+001
3.410976e+003,8.835606e+001
3.411458e+003,8.837124e+001
3.411940e+003,8.838348e+001
3.412423e+003,8.839453e+001
3.412905e+003,8.840520e+001
3.413387e+003,8.841549e+001
3.413869e+003,8.842529e+001
3.414351e+003,8.843473e+001
3.414833e+003,8.844448e+001
3.415315e+003,8.845503e+001
3.415797e+003,8.846613e+001
3.416280e+003,8.847607e+001
3.416762e+003,8.848192e+001
3.417244e+003,8.848039e+001
3.417726e+003,8.846941e+001
3.418208e+003,8.844944e+001
3.418690e+003,8.842418e+001
3.419172e+003,8.839967e+001
3.419654e+003,8.838263e+001
3.420136e+003,8.837788e+001
3.420619e+003,8.838672e+001
3.421101e+003,8.840614e+001
3.421583e+003,8.843011e+001
3.422065e+003,8.845173e+001
3.422547e+003,8.846565e+001
3.423029e+003,8.846970e+001
3.423511e+003,8.846508e+001
3.423993e+003,8.845544e+001
3.424476e+003,8.844511e+001
3.424958e+003,8.843748e+001
3.425440e+003,8.843427e+001
3.425922e+003,8.843537e+001
3.426404e+003,8.843977e+001
3.426886e+003,8.844643e+001
3.427368e+003,8.845518e+001
3.427850e+003,8.846707e+001
3.428333e+003,8.848404e+001
3.428815e+003,8.850846e+001
3.429297e+003,8.854233e+001
3.429779e+003,8.858648e+001
3.430261e+003,8.864015e+001
3.430743e+003,8.870047e+001
3.431225e+003,8.876279e+001
3.431707e+003,8.882134e+001
3.432189e+003,8.887061e+001
3.432672e+003,8.890696e+001
3.433154e+003,8.893000e+001
3.433636e+003,8.894312e+001
3.434118e+003,8.895279e+001
3.434600e+003,8.896658e+001
3.435082e+003,8.899068e+001
3.435564e+003,8.902732e+001
3.436046e+003,8.907379e+001
3.436529e+003,8.912281e+001
3.437010e+003,8.916483e+001
3.437493e+003,8.919104e+001
3.437975e+003,8.919627e+001
3.438457e+003,8.918058e+001
3.438939e+003,8.914919e+001
3.439421e+003,8.911074e+001
3.439903e+003,8.907480e+001
3.440385e+003,8.904956e+001
3.440867e+003,8.904020e+001
3.441350e+003,8.904841e+001
3.441832e+003,8.907270e+001
3.442314e+003,8.910912e+001
3.442796e+003,8.915223e+001
3.443278e+003,8.919598e+001
3.443760e+003,8.923474e+001
3.444242e+003,8.926417e+001
3.444724e+003,8.928210e+001
3.445207e+003,8.928911e+001
3.445689e+003,8.928841e+001
3.446171e+003,8.928495e+001
3.446653e+003,8.928394e+001
3.447135e+003,8.928901e+001
3.447617e+003,8.930122e+001
3.448099e+003,8.931916e+001
3.448581e+003,8.934028e+001
3.449063e+003,8.936251e+001
3.449546e+003,8.938534e+001
3.450028e+003,8.940978e+001
3.450510e+003,8.943736e+001
3.450992e+003,8.946825e+001
3.451474e+003,8.950047e+001
3.451956e+003,8.952940e+001
3.452438e+003,8.954948e+001
3.452920e+003,8.955632e+001
3.453403e+003,8.954897e+001
3.453885e+003,8.953091e+001
3.454367e+003,8.950951e+001
3.454849e+003,8.949384e+001
3.455331e+003,8.949184e+001
3.455813e+003,8.950787e+001
3.456295e+003,8.954150e+001
3.456777e+003,8.958823e+001
3.457260e+003,8.964110e+001
3.457742e+003,8.969274e+001
3.458224e+003,8.973739e+001
3.458706e+003,8.977183e+001
3.459188e+003,8.979538e+001
3.459670e+003,8.980956e+001
3.460152e+003,8.981749e+001
3.460634e+003,8.982314e+001
3.461116e+003,8.983080e+001
3.461599e+003,8.984422e+001
3.462081e+003,8.986572e+001
3.462563e+003,8.989532e+001
3.463045e+003,8.993053e+001
3.463527e+003,8.996683e+001
3.464009e+003,8.999916e+001
3.464491e+003,9.002364e+001
3.464973e+003,9.003901e+001
3.465456e+003,9.004707e+001
3.465938e+003,9.005205e+001
3.466420e+003,9.005897e+001
3.466902e+003,9.007195e+001
3.467384e+003,9.009292e+001
3.467866e+003,9.012152e+001
3.468348e+003,9.015599e+001
3.468830e+003,9.019447e+001
3.469313e+003,9.023582e+001
3.469794e+003,9.027961e+001
3.470277e+003,9.032522e+001
3.470759e+003,9.037074e+001
3.471241e+003,9.041231e+001
3.471723e+003,9.044457e+001
3.472205e+003,9.046232e+001
3.472687e+003,9.046276e+001
3.473169e+003,9.044716e+001
3.473651e+003,9.042130e+001
3.474134e+003,9.039434e+001
3.474616e+003,9.037630e+001
3.475098e+003,9.037521e+001
3.475580e+003,9.039491e+001
3.476062e+003,9.043425e+001
3.476544e+003,9.048775e+001
3.477026e+003,9.054713e+001
3.477508e+003,9.060343e+001
3.477990e+003,9.064857e+001
3.478473e+003,9.067661e+001
3.478955e+003,9.068459e+001
3.479437e+003,9.067300e+001
3.479919e+003,9.064601e+001
3.480401e+003,9.061135e+001
3.480883e+003,9.057919e+001
3.481365e+003,9.056044e+001
3.481847e+003,9.056412e+001
3.482330e+003,9.059510e+001
3.482812e+003,9.065269e+001
3.483294e+003,9.073068e+001
3.483776e+003,9.081905e+001
3.484258e+003,9.090620e+001
3.484740e+003,9.098147e+001
3.485222e+003,9.103682e+001
3.485704e+003,9.106779e+001
3.486187e+003,9.107355e+001
3.486669e+003,9.105646e+001
3.487151e+003,9.102139e+001
3.487633e+003,9.097526e+001
3.488115e+003,9.092662e+001
3.488597e+003,9.088507e+001
3.489079e+003,9.086057e+001
3.489561e+003,9.086210e+001
3.490043e+003,9.089619e+001
3.490526e+003,9.096492e+001
3.491008e+003,9.106474e+001
3.491490e+003,9.118574e+001
3.491972e+003,9.131245e+001
3.492454e+003,9.142585e+001
3.492936e+003,9.150678e+001
3.493418e+003,9.154011e+001
3.493900e+003,9.151889e+001
3.494383e+003,9.144695e+001
3.494865e+003,9.133939e+001
3.495347e+003,9.122002e+001
3.495829e+003,9.111626e+001
3.496311e+003,9.105260e+001
3.496793e+003,9.104437e+001
3.497275e+003,9.109398e+001
3.497757e+003,9.119061e+001
3.498240e+003,9.131342e+001
3.498721e+003,9.143723e+001
3.499204e+003,9.153896e+001
3.499686e+003,9.160283e+001
3.500168e+003,9.162299e+001
3.500650e+003,9.160358e+001
3.501132e+003,9.155621e+001
3.501614e+003,9.149622e+001
3.502096e+003,9.143886e+001
3.502578e+003,9.139664e+001
3.503061e+003,9.137796e+001
3.503543e+003,9.138701e+001
3.504025e+003,9.142416e+001
3.504507e+003,9.148641e+001
3.504989e+003,9.156757e+001
3.505471e+003,9.165863e+001
3.505953e+003,9.174863e+001
3.506435e+003,9.182612e+001
3.506917e+003,9.188139e+001
3.507400e+003,9.190891e+001
3.507882e+003,9.190887e+001
3.508364e+003,9.188779e+001
3.508846e+003,9.185676e+001
3.509328e+003,9.182869e+001
3.509810e+003,9.181487e+001
3.510292e+003,9.182267e+001
3.510774e+003,9.185506e+001
3.511257e+003,9.191123e+001
3.511739e+003,9.198782e+001
3.512221e+003,9.207992e+001
3.512703e+003,9.218122e+001
3.513185e+003,9.228403e+001
3.513667e+003,9.237950e+001
3.514149e+003,9.245880e+001
3.514631e+003,9.251482e+001
3.515114e+003,9.254421e+001
3.515596e+003,9.254877e+001
3.516078e+003,9.253536e+001
3.516560e+003,9.251440e+001
3.517042e+003,9.249722e+001
3.517524e+003,9.249300e+001
3.518006e+003,9.250647e+001
3.518488e+003,9.253705e+001
3.518970e+003,9.257932e+001
3.519453e+003,9.262463e+001
3.519935e+003,9.266328e+001
3.520417e+003,9.268665e+001
3.520899e+003,9.268903e+001
3.521381e+003,9.266914e+001
3.521863e+003,9.263091e+001
3.522345e+003,9.258353e+001
3.522827e+003,9.254007e+001
3.523310e+003,9.251463e+001
3.523792e+003,9.251891e+001
3.524274e+003,9.255882e+001
3.524756e+003,9.263288e+001
3.525238e+003,9.273270e+001
3.525720e+003,9.284496e+001
3.526202e+003,9.295473e+001
3.526684e+003,9.304821e+001
3.527167e+003,9.311523e+001
3.527648e+003,9.315015e+001
3.528131e+003,9.315179e+001
3.528613e+003,9.312268e+001
3.529095e+003,9.306832e+001
3.529577e+003,9.299687e+001
3.530059e+003,9.291926e+001
3.530541e+003,9.284894e+001
3.531023e+003,9.280026e+001
3.531505e+003,9.278619e+001
3.531988e+003,9.281480e+001
3.532470e+003,9.288700e+001
3.532952e+003,9.299571e+001
3.533434e+003,9.312746e+001
3.533916e+003,9.326550e+001
3.534398e+003,9.339393e+001
3.534880e+003,9.350052e+001
3.535362e+003,9.357844e+001
3.535844e+003,9.362568e+001
3.536327e+003,9.364352e+001
3.536809e+003,9.363464e+001
3.537291e+003,9.360278e+001
3.537773e+003,9.355360e+001
3.538255e+003,9.349617e+001
3.538737e+003,9.344364e+001
3.539219e+003,9.341157e+001
3.539701e+003,9.341418e+001
3.540184e+003,9.345953e+001
3.540666e+003,9.354543e+001
3.541148e+003,9.365828e+001
3.541630e+003,9.377567e+001
3.542112e+003,9.387198e+001
3.542594e+003,9.392580e+001
3.543076e+003,9.392656e+001
3.543558e+003,9.387794e+001
3.544041e+003,9.379726e+001
3.544523e+003,9.371046e+001
3.545005e+003,9.364479e+001
3.545487e+003,9.362158e+001
3.545969e+003,9.365128e+001
3.546451e+003,9.373194e+001
3.546933e+003,9.385120e+001
3.547415e+003,9.399005e+001
3.547897e+003,9.412761e+001
3.548380e+003,9.424456e+001
3.548862e+003,9.432549e+001
3.549344e+003,9.436008e+001
3.549826e+003,9.434366e+001
3.550308e+003,9.427789e+001
3.550790e+003,9.417149e+001
3.551272e+003,9.403990e+001
3.551754e+003,9.390395e+001
3.552237e+003,9.378676e+001
3.552719e+003,9.371038e+001
3.553201e+003,9.369315e+001
3.553683e+003,9.374819e+001
3.554165e+003,9.388255e+001
3.554647e+003,9.409608e+001
3.555129e+003,9.437927e+001
3.555611e+003,9.471131e+001
3.556094e+003,9.505917e+001
3.556575e+003,9.538029e+001
3.557058e+003,9.562894e+001
3.557540e+003,9.576614e+001
3.558022e+003,9.576976e+001
3.558504e+003,9.564204e+001
3.558986e+003,9.541074e+001
3.559468e+003,9.512309e+001
3.559950e+003,9.483421e+001
3.560432e+003,9.459364e+001
3.560915e+003,9.443483e+001
3.561397e+003,9.436988e+001
3.561879e+003,9.439014e+001
3.562361e+003,9.447165e+001
3.562843e+003,9.458244e+001
3.563325e+003,9.469032e+001
3.563807e+003,9.476920e+001
3.564289e+003,9.480423e+001
3.564771e+003,9.479493e+001
3.565254e+003,9.475633e+001
3.565736e+003,9.471656e+001
3.566218e+003,9.470922e+001
3.566700e+003,9.476151e+001
3.567182e+003,9.488277e+001
3.567664e+003,9.505976e+001
3.568146e+003,9.526244e+001
3.568628e+003,9.545584e+001
3.569111e+003,9.561124e+001
3.569593e+003,9.571084e+001
3.570075e+003,9.574696e+001
3.570557e+003,9.571841e+001
3.571039e+003,9.562758e+001
3.571521e+003,9.547924e+001
3.572003e+003,9.528164e+001
3.572485e+003,9.504871e+001
3.572968e+003,9.480219e+001
3.573450e+003,9.457210e+001
3.573932e+003,9.439465e+001
3.574414e+003,9.430699e+001
3.574896e+003,9.433991e+001
3.575378e+003,9.451011e+001
3.575860e+003,9.481425e+001
3.576342e+003,9.522652e+001
3.576824e+003,9.570067e+001
3.577307e+003,9.617683e+001
3.577789e+003,9.659225e+001
3.578271e+003,9.689356e+001
3.578753e+003,9.704852e+001
3.579235e+003,9.705302e+001
3.579717e+003,9.693159e+001
3.580199e+003,9.673100e+001
3.580681e+003,9.650874e+001
3.581164e+003,9.632018e+001
3.581646e+003,9.620720e+001
3.582128e+003,9.619070e+001
3.582610e+003,9.626848e+001
3.583092e+003,9.641724e+001
3.583574e+003,9.659918e+001
3.584056e+003,9.677082e+001
3.584538e+003,9.689303e+001
3.585021e+003,9.694080e+001
3.585502e+003,9.691105e+001
3.585985e+003,9.682561e+001
3.586467e+003,9.672684e+001
3.586949e+003,9.666399e+001
3.587431e+003,9.667468e+001
3.587913e+003,9.677065e+001
3.588395e+003,9.693571e+001
3.588877e+003,9.713637e+001
3.589359e+003,9.733632e+001
3.589842e+003,9.750630e+001
3.590324e+003,9.762611e+001
3.590806e+003,9.768185e+001
3.591288e+003,9.766295e+001
3.591770e+003,9.756165e+001
3.592252e+003,9.737564e+001
3.592734e+003,9.711258e+001
3.593216e+003,9.679405e+001
3.593698e+003,9.645625e+001
3.594181e+003,9.614595e+001
3.594663e+003,9.591212e+001
3.595145e+003,9.579644e+001
3.595627e+003,9.582520e+001
3.596109e+003,9.600458e+001
3.596591e+003,9.631966e+001
3.597073e+003,9.673562e+001
3.597555e+003,9.720185e+001
3.598038e+003,9.765809e+001
3.598520e+003,9.804381e+001
3.599002e+003,9.831006e+001
3.599484e+003,9.843171e+001
3.599966e+003,9.841565e+001
3.600448e+003,9.830000e+001
3.600930e+003,9.814216e+001
3.601412e+003,9.799957e+001
3.601895e+003,9.791116e+001
3.602377e+003,9.788675e+001
3.602859e+003,9.790813e+001
3.603341e+003,9.793939e+001
3.603823e+003,9.794209e+001
3.604305e+003,9.789007e+001
3.604787e+003,9.777972e+001
3.605269e+003,9.763316e+001
3.605751e+003,9.749316e+001
3.606234e+003,9.741164e+001
3.606716e+003,9.743391e+001
3.607198e+003,9.758283e+001
3.607680e+003,9.784757e+001
3.608162e+003,9.818348e+001
3.608644e+003,9.852547e+001
3.609126e+003,9.880966e+001
3.609608e+003,9.899248e+001
3.610091e+003,9.905754e+001
3.610573e+003,9.901088e+001
3.611055e+003,9.887054e+001
3.611537e+003,9.865726e+001
3.612019e+003,9.838958e+001
3.612501e+003,9.808369e+001
3.612983e+003,9.775594e+001
3.613465e+003,9.742581e+001
3.613948e+003,9.711748e+001
3.614429e+003,9.685921e+001
3.614912e+003,9.668231e+001
3.615394e+003,9.661971e+001
3.615876e+003,9.670393e+001
3.616358e+003,9.696249e+001
3.616840e+003,9.740834e+001
3.617322e+003,9.802572e+001
3.617804e+003,9.875515e+001
3.618286e+003,9.948925e+001
3.618769e+003,1.000924e+002
3.619251e+003,1.004460e+002
3.619733e+003,1.004977e+002
3.620215e+003,1.002817e+002
3.620697e+003,9.989761e+001
3.621179e+003,9.946643e+001
3.621661e+003,9.909131e+001
3.622143e+003,9.883624e+001
3.622625e+003,9.872249e+001
3.623108e+003,9.873511e+001
3.623590e+003,9.883421e+001
3.624072e+003,9.896786e+001
3.624554e+003,9.908339e+001
3.625036e+003,9.913573e+001
3.625518e+003,9.909197e+001
3.626000e+003,9.893491e+001
3.626482e+003,9.866962e+001
3.626965e+003,9.833520e+001
3.627447e+003,9.801441e+001
3.627929e+003,9.782372e+001
3.628411e+003,9.786925e+001
3.628893e+003,9.818599e+001
3.629375e+003,9.870882e+001
3.629857e+003,9.930360e+001
3.630339e+003,9.983191e+001
3.630822e+003,1.001997e+002
3.631304e+003,1.003678e+002
3.631786e+003,1.003386e+002
3.632268e+003,1.001417e+002
3.632750e+003,9.982355e+001
3.633232e+003,9.943992e+001
3.633714e+003,9.904568e+001
3.634196e+003,9.868357e+001
3.634678e+003,9.837733e+001
3.635161e+003,9.813444e+001
3.635643e+003,9.795695e+001
3.636125e+003,9.785345e+001
3.636607e+003,9.784499e+001
3.637089e+003,9.796100e+001
3.637571e+003,9.822618e+001
3.638053e+003,9.864294e+001
3.638535e+003,9.917741e+001
3.639018e+003,9.975614e+001
3.639500e+003,1.002776e+002
3.639982e+003,1.006362e+002
3.640464e+003,1.007524e+002
3.640946e+003,1.005988e+002
3.641428e+003,1.002120e+002
3.641910e+003,9.968499e+001
3.642392e+003,9.913952e+001
3.642875e+003,9.869255e+001
3.643356e+003,9.842803e+001
3.643839e+003,9.838307e+001
3.644321e+003,9.854760e+001
3.644803e+003,9.887213e+001
3.645285e+003,9.927828e+001
3.645767e+003,9.967172e+001
3.646249e+003,9.995919e+001
3.646731e+003,1.000700e+002
3.647213e+003,9.997865e+001
3.647696e+003,9.971648e+001
3.648178e+003,9.936423e+001
3.648660e+003,9.902331e+001
3.649142e+003,9.877988e+001
3.649624e+003,9.867757e+001
3.650106e+003,9.871082e+001
3.650588e+003,9.883817e+001
3.651070e+003,9.900522e+001
3.651552e+003,9.916296e+001
3.652035e+003,9.927448e+001
3.652517e+003,9.931171e+001
3.652999e+003,9.924875e+001
3.653481e+003,9.905936e+001
3.653963e+003,9.872353e+001
3.654445e+003,9.824321e+001
3.654927e+003,9.766068e+001
3.655409e+003,9.706590e+001
3.655892e+003,9.657932e+001
3.656374e+003,9.631186e+001
3.656856e+003,9.632442e+001
3.657338e+003,9.661201e+001
3.657820e+003,9.711673e+001
3.658302e+003,9.775311e+001
3.658784e+003,9.842975e+001
3.659266e+003,9.906255e+001
3.659749e+003,9.958311e+001
3.660231e+003,9.994578e+001
3.660713e+003,1.001331e+002
3.661195e+003,1.001581e+002
3.661677e+003,1.000601e+002
3.662159e+003,9.989719e+001
3.662641e+003,9.973515e+001
3.663123e+003,9.963549e+001
3.663605e+003,9.964493e+001
3.664088e+003,9.978678e+001
3.664570e+003,1.000565e+002
3.665052e+003,1.004223e+002
3.665534e+003,1.008313e+002
3.666016e+003,1.012189e+002
3.666498e+003,1.015206e+002
3.666980e+003,1.016847e+002
3.667462e+003,1.016839e+002
3.667945e+003,1.015252e+002
3.668427e+003,1.012544e+002
3.668909e+003,1.009469e+002
3.669391e+003,1.006837e+002
3.669873e+003,1.005199e+002
3.670355e+003,1.004678e+002
3.670837e+003,1.005018e+002
3.671319e+003,1.005786e+002
3.671802e+003,1.006566e+002
3.672283e+003,1.007027e+002
3.672766e+003,1.006912e+002
3.673248e+003,1.006026e+002
3.673730e+003,1.004305e+002
3.674212e+003,1.001920e+002
3.674694e+003,9.992979e+001
3.675176e+003,9.969937e+001
3.675658e+003,9.954527e+001
3.676140e+003,9.948370e+001
3.676623e+003,9.950386e+001
3.677105e+003,9.958926e+001
3.677587e+003,9.973546e+001
3.678069e+003,9.994945e+001
3.678551e+003,1.002363e+002
3.679033e+003,1.005849e+002
3.679515e+003,1.009582e+002
3.679997e+003,1.012944e+002
3.680479e+003,1.015178e+002
3.680962e+003,1.015597e+002
3.681444e+003,1.013797e+002
3.681926e+003,1.009817e+002
3.682408e+003,1.004196e+002
3.682890e+003,9.978951e+001
3.683372e+003,9.920998e+001
3.683854e+003,9.879321e+001
3.684336e+003,9.861685e+001
3.684819e+003,9.870605e+001
3.685301e+003,9.902985e+001
3.685783e+003,9.951130e+001
3.686265e+003,1.000460e+002
3.686747e+003,1.005270e+002
3.687229e+003,1.008745e+002
3.687711e+003,1.010638e+002
3.688193e+003,1.011374e+002
3.688676e+003,1.011863e+002
3.689158e+003,1.013064e+002
3.689640e+003,1.015535e+002
3.690122e+003,1.019240e+002
3.690604e+003,1.023645e+002
3.691086e+003,1.027968e+002
3.691568e+003,1.031442e+002
3.692050e+003,1.033497e+002
3.692532e+003,1.033838e+002
3.693015e+003,1.032429e+002
3.693497e+003,1.029419e+002
3.693979e+003,1.025071e+002
3.694461e+003,1.019729e+002
3.694943e+003,1.013825e+002
3.695425e+003,1.007883e+002
3.695907e+003,1.002485e+002
3.696389e+003,9.981973e+001
3.696872e+003,9.954610e+001
3.697354e+003,9.945221e+001
3.697836e+003,9.954216e+001
3.698318e+003,9.980448e+001
3.698800e+003,1.002190e+002
3.699282e+003,1.007612e+002
3.699764e+003,1.014008e+002
3.700246e+003,1.020954e+002
3.700729e+003,1.027835e+002
3.701211e+003,1.033854e+002
3.701693e+003,1.038192e+002
3.702175e+003,1.040263e+002
3.702657e+003,1.039929e+002
3.703139e+003,1.037535e+002
3.703621e+003,1.033765e+002
3.704103e+003,1.029419e+002
3.704585e+003,1.025217e+002
3.705068e+003,1.021664e+002
3.705550e+003,1.018986e+002
3.706032e+003,1.017129e+002
3.706514e+003,1.015810e+002
3.706996e+003,1.014623e+002
3.707478e+003,1.013182e+002
3.707960e+003,1.011252e+002
3.708442e+003,1.008846e+002
3.708925e+003,1.006252e+002
3.709406e+003,1.003959e+002
3.709889e+003,1.002518e+002
3.710371e+003,1.002353e+002
3.710853e+003,1.003592e+002
3.711335e+003,1.006003e+002
3.711817e+003,1.009079e+002
3.712299e+003,1.012233e+002
3.712781e+003,1.015009e+002
3.713263e+003,1.017164e+002
3.713746e+003,1.018629e+002
3.714228e+003,1.019399e+002
3.714710e+003,1.019443e+002
3.715192e+003,1.018678e+002
3.715674e+003,1.016998e+002
3.716156e+003,1.014352e+002
3.716638e+003,1.010830e+002
3.717120e+003,1.006700e+002
3.717603e+003,1.002390e+002
3.718085e+003,9.983987e+001
3.718567e+003,9.951837e+001
3.719049e+003,9.930744e+001
3.719531e+003,9.922511e+001
3.720013e+003,9.927776e+001
3.720495e+003,9.946522e+001
3.720977e+003,9.978349e+001
3.721459e+003,1.002240e+002
3.721942e+003,1.007696e+002
3.722424e+003,1.013916e+002
3.722906e+003,1.020499e+002
3.723388e+003,1.026972e+002
3.723870e+003,1.032865e+002
3.724352e+003,1.037781e+002
3.724834e+003,1.041435e+002
3.725316e+003,1.043665e+002
3.725799e+003,1.044418e+002
3.726281e+003,1.043730e+002
3.726763e+003,1.041709e+002
3.727245e+003,1.038508e+002
3.727727e+003,1.034294e+002
3.728209e+003,1.029241e+002
3.728691e+003,1.023535e+002
3.729173e+003,1.017401e+002
3.729656e+003,1.011159e+002
3.730138e+003,1.005277e+002
3.730620e+003,1.000409e+002
3.731102e+003,9.973421e+001
3.731584e+003,9.968241e+001
3.732066e+003,9.993048e+001
3.732548e+003,1.004694e+002
3.733030e+003,1.012272e+002
3.733512e+003,1.020793e+002
3.733995e+003,1.028724e+002
3.734477e+003,1.034576e+002
3.734959e+003,1.037300e+002
3.735441e+003,1.036670e+002
3.735923e+003,1.033399e+002
3.736405e+003,1.028823e+002
3.736887e+003,1.024313e+002
3.737369e+003,1.020798e+002
3.737852e+003,1.018644e+002
3.738333e+003,1.017770e+002
3.738816e+003,1.017854e+002
3.739298e+003,1.018515e+002
3.739780e+003,1.019435e+002
3.740262e+003,1.020399e+002
3.740744e+003,1.021230e+002
3.741226e+003,1.021687e+002
3.741708e+003,1.021369e+002
3.742190e+003,1.019738e+002
3.742673e+003,1.016311e+002
3.743155e+003,1.011008e+002
3.743637e+003,1.004513e+002
3.744119e+003,9.982941e+001
3.744601e+003,9.940675e+001
3.745083e+003,9.929384e+001
3.745565e+003,9.949554e+001
3.746047e+003,9.994215e+001
3.746530e+003,1.005466e+002
3.747012e+003,1.012333e+002
3.747494e+003,1.019381e+002
3.747976e+003,1.025975e+002
3.748458e+003,1.031398e+002
3.748940e+003,1.034820e+002
3.749422e+003,1.035388e+002
3.749904e+003,1.032487e+002
3.750386e+003,1.026111e+002
3.750869e+003,1.017103e+002
3.751351e+003,1.007045e+002
3.751833e+003,9.978258e+001
3.752315e+003,9.910731e+001
3.752797e+003,9.877325e+001
3.753279e+003,9.879102e+001
3.753761e+003,9.909732e+001
3.754243e+003,9.957912e+001
3.754726e+003,1.001007e+002
3.755208e+003,1.005298e+002
3.755690e+003,1.007637e+002
3.756172e+003,1.007546e+002
3.756654e+003,1.005249e+002
3.757136e+003,1.001628e+002
3.757618e+003,9.979321e+001
3.758100e+003,9.953455e+001
3.758583e+003,9.946172e+001
3.759065e+003,9.958832e+001
3.759547e+003,9.987260e+001
3.760029e+003,1.002409e+002
3.760511e+003,1.006175e+002
3.760993e+003,1.009468e+002
3.761475e+003,1.011996e+002
3.761957e+003,1.013660e+002
3.762439e+003,1.014434e+002
3.762922e+003,1.014294e+002
3.763404e+003,1.013232e+002
3.763886e+003,1.011329e+002
3.764368e+003,1.008847e+002
3.764850e+003,1.006245e+002
3.765332e+003,1.004079e+002
3.765814e+003,1.002819e+002
3.766296e+003,1.002700e+002
3.766779e+003,1.003705e+002
3.767260e+003,1.005644e+002
3.767743e+003,1.008267e+002
3.768225e+003,1.011312e+002
3.768707e+003,1.014495e+002
3.769189e+003,1.017458e+002
3.769671e+003,1.019760e+002
3.770153e+003,1.020954e+002
3.770635e+003,1.020731e+002
3.771117e+003,1.019054e+002
3.771600e+003,1.016191e+002
3.772082e+003,1.012650e+002
3.772564e+003,1.009064e+002
3.773046e+003,1.006043e+002
3.773528e+003,1.004042e+002
3.774010e+003,1.003257e+002
3.774492e+003,1.003569e+002
3.774974e+003,1.004565e+002
3.775457e+003,1.005639e+002
3.775939e+003,1.006155e+002
3.776421e+003,1.005628e+002
3.776903e+003,1.003878e+002
3.777385e+003,1.001110e+002
3.777867e+003,9.979031e+001
3.778349e+003,9.950792e+001
3.778831e+003,9.934583e+001
3.779313e+003,9.935719e+001
3.779796e+003,9.954602e+001
3.780278e+003,9.986588e+001
3.780760e+003,1.002378e+002
3.781242e+003,1.005774e+002
3.781724e+003,1.008191e+002
3.782206e+003,1.009312e+002
3.782688e+003,1.009196e+002
3.783170e+003,1.008238e+002
3.783653e+003,1.007020e+002
3.784135e+003,1.006079e+002
3.784617e+003,1.005678e+002
3.785099e+003,1.005680e+002
3.785581e+003,1.005616e+002
3.786063e+003,1.004937e+002
3.786545e+003,1.003319e+002
3.787027e+003,1.000886e+002
3.787510e+003,9.982355e+001
3.787992e+003,9.962729e+001
3.788474e+003,9.958994e+001
3.788956e+003,9.976817e+001
3.789438e+003,1.001603e+002
3.789920e+003,1.006988e+002
3.790402e+003,1.012630e+002
3.790884e+003,1.017127e+002
3.791366e+003,1.019320e+002
3.791849e+003,1.018689e+002
3.792331e+003,1.015503e+002
3.792813e+003,1.010682e+002
3.793295e+003,1.005466e+002
3.793777e+003,1.001077e+002
3.794259e+003,9.984728e+001
3.794741e+003,9.981936e+001
3.795223e+003,1.000268e+002
3.795706e+003,1.004180e+002
3.796188e+003,1.008973e+002
3.796670e+003,1.013525e+002
3.797152e+003,1.016877e+002
3.797634e+003,1.018447e+002
3.798116e+003,1.018043e+002
3.798598e+003,1.015764e+002
3.799080e+003,1.011895e+002
3.799563e+003,1.006898e+002
3.800044e+003,1.001436e+002
3.800527e+003,9.963317e+001
3.801009e+003,9.923917e+001
3.801491e+003,9.901574e+001
3.801973e+003,9.897659e+001
3.802455e+003,9.909964e+001
3.802937e+003,9.934546e+001
3.803419e+003,9.967571e+001
3.803901e+003,1.000591e+002
3.804384e+003,1.004650e+002
3.804866e+003,1.008517e+002
3.805348e+003,1.011614e+002
3.805830e+003,1.013248e+002
3.806312e+003,1.012853e+002
3.806794e+003,1.010331e+002
3.807276e+003,1.006259e+002
3.807758e+003,1.001697e+002
3.808240e+003,9.977502e+001
3.808723e+003,9.952325e+001
3.809205e+003,9.945679e+001
3.809687e+003,9.958219e+001
3.810169e+003,9.987502e+001
3.810651e+003,1.002842e+002
3.811133e+003,1.007376e+002
3.811615e+003,1.011522e+002
3.812097e+003,1.014470e+002
3.812580e+003,1.015565e+002
3.813062e+003,1.014427e+002
3.813544e+003,1.011073e+002
3.814026e+003,1.006021e+002
3.814508e+003,1.000320e+002
3.814990e+003,9.953772e+001
3.815472e+003,9.925333e+001
3.815954e+003,9.925228e+001
3.816437e+003,9.951857e+001
3.816919e+003,9.996233e+001
3.817401e+003,1.004664e+002
3.817883e+003,1.009309e+002
3.818365e+003,1.012939e+002
3.818847e+003,1.015329e+002
3.819329e+003,1.016567e+002
3.819811e+003,1.016925e+002
3.820293e+003,1.016652e+002
3.820776e+003,1.015790e+002
3.821258e+003,1.014174e+002
3.821740e+003,1.011640e+002
3.822222e+003,1.008223e+002
3.822704e+003,1.004209e+002
3.823186e+003,1.000087e+002
3.823668e+003,9.964457e+001
3.824150e+003,9.938727e+001
3.824633e+003,9.928511e+001
3.825115e+003,9.936444e+001
3.825597e+003,9.961675e+001
3.826079e+003,9.998982e+001
3.826561e+003,1.003931e+002
3.827043e+003,1.007211e+002
3.827525e+003,1.008874e+002
3.828007e+003,1.008519e+002
3.828490e+003,1.006317e+002
3.828971e+003,1.002934e+002
3.829454e+003,9.993604e+001
3.829936e+003,9.966751e+001
3.830418e+003,9.957816e+001
3.830900e+003,9.971445e+001
3.831382e+003,1.000610e+002
3.831864e+003,1.005413e+002
3.832346e+003,1.010409e+002
3.832828e+003,1.014455e+002
3.833311e+003,1.016775e+002
3.833793e+003,1.017149e+002
3.834275e+003,1.015868e+002
3.834757e+003,1.013530e+002
3.835239e+003,1.010773e+002
3.835721e+003,1.008050e+002
3.836203e+003,1.005522e+002
3.836685e+003,1.003097e+002
3.837167e+003,1.000589e+002
3.837650e+003,9.979256e+001
3.838132e+003,9.952906e+001
3.838614e+003,9.931075e+001
3.839096e+003,9.918758e+001
3.839578e+003,9.919776e+001
3.840060e+003,9.935694e+001
3.840542e+003,9.965762e+001
3.841024e+003,1.000749e+002
3.841507e+003,1.005718e+002
3.841989e+003,1.011024e+002
3.842471e+003,1.016111e+002
3.842953e+003,1.020350e+002
3.843435e+003,1.023093e+002
3.843917e+003,1.023814e+002
3.844399e+003,1.022260e+002
3.844881e+003,1.018563e+002
3.845364e+003,1.013227e+002
3.845846e+003,1.007016e+002
3.846328e+003,1.000780e+002
3.846810e+003,9.952969e+001
3.847292e+003,9.911504e+001
3.847774e+003,9.886725e+001
3.848256e+003,9.879305e+001
3.848738e+003,9.887613e+001
3.849220e+003,9.908354e+001
3.849703e+003,9.937485e+001
3.850185e+003,9.971272e+001
3.850667e+003,1.000746e+002
3.851149e+003,1.004644e+002
3.851631e+003,1.009194e+002
3.852113e+003,1.014955e+002
3.852595e+003,1.022165e+002
3.853077e+003,1.030089e+002
3.853560e+003,1.037012e+002
3.854042e+003,1.041165e+002
3.854524e+003,1.041701e+002
3.855006e+003,1.038891e+002
3.855488e+003,1.033726e+002
3.855970e+003,1.027414e+002
3.856452e+003,1.021066e+002
3.856934e+003,1.015529e+002
3.857417e+003,1.011309e+002
3.857898e+003,1.008514e+002
3.858381e+003,1.006853e+002
3.858863e+003,1.005702e+002
3.859345e+003,1.004271e+002
3.859827e+003,1.001846e+002
3.860309e+003,9.980649e+001
3.860791e+003,9.931130e+001
3.861273e+003,9.877583e+001
3.861755e+003,9.831554e+001
3.862238e+003,9.804906e+001
3.862720e+003,9.805997e+001
3.863202e+003,9.836863e+001
3.863684e+003,9.892086e+001
3.864166e+003,9.959917e+001
3.864648e+003,1.002590e+002
3.865130e+003,1.007797e+002
3.865612e+003,1.011042e+002
3.866094e+003,1.012445e+002
3.866577e+003,1.012583e+002
3.867059e+003,1.012168e+002
3.867541e+003,1.011827e+002
3.868023e+003,1.011985e+002
3.868505e+003,1.012794e+002
3.868987e+003,1.014056e+002
3.869469e+003,1.015225e+002
3.869951e+003,1.015603e+002
3.870434e+003,1.014654e+002
3.870916e+003,1.012222e+002
3.871398e+003,1.008570e+002
3.871880e+003,1.004314e+002
3.872362e+003,1.000306e+002
3.872844e+003,9.974847e+001
3.873326e+003,9.966436e+001
3.873808e+003,9.981264e+001
3.874291e+003,1.001572e+002
3.874773e+003,1.005917e+002
3.875255e+003,1.009732e+002
3.875737e+003,1.011730e+002
3.876219e+003,1.011166e+002
3.876701e+003,1.007997e+002
3.877183e+003,1.002831e+002
3.877665e+003,9.967701e+001
3.878147e+003,9.912067e+001
3.878630e+003,9.875395e+001
3.879112e+003,9.868144e+001
3.879594e+003,9.893502e+001
3.880076e+003,9.945398e+001
3.880558e+003,1.001020e+002
3.881040e+003,1.007194e+002
3.881522e+003,1.011818e+002
3.882004e+003,1.014320e+002
3.882487e+003,1.014768e+002
3.882969e+003,1.013633e+002
3.883451e+003,1.011548e+002
3.883933e+003,1.009145e+002
3.884415e+003,1.006964e+002
3.884897e+003,1.005369e+002
3.885379e+003,1.004497e+002
3.885861e+003,1.004254e+002
3.886344e+003,1.004395e+002
3.886825e+003,1.004642e+002
3.887308e+003,1.004794e+002
3.887790e+003,1.004788e+002
3.888272e+003,1.004692e+002
3.888754e+003,1.004654e+002
3.889236e+003,1.004854e+002
3.889718e+003,1.005443e+002
3.890200e+003,1.006461e+002
3.890682e+003,1.007772e+002
3.891165e+003,1.009070e+002
3.891647e+003,1.010003e+002
3.892129e+003,1.010350e+002
3.892611e+003,1.010129e+002
3.893093e+003,1.009571e+002
3.893575e+003,1.009005e+002
3.894057e+003,1.008711e+002
3.894539e+003,1.008827e+002
3.895021e+003,1.009301e+002
3.895504e+003,1.009916e+002
3.895986e+003,1.010349e+002
3.896468e+003,1.010262e+002
3.896950e+003,1.009396e+002
3.897432e+003,1.007658e+002
3.897914e+003,1.005166e+002
3.898396e+003,1.002246e+002
3.898878e+003,9.993694e+001
3.899361e+003,9.970409e+001
3.899843e+003,9.956751e+001
3.900325e+003,9.955073e+001
3.900807e+003,9.965603e+001
3.901289e+003,9.986616e+001
3.901771e+003,1.001489e+002
3.902253e+003,1.004627e+002
3.902735e+003,1.007618e+002
3.903218e+003,1.010045e+002
3.903700e+003,1.011611e+002
3.904182e+003,1.012211e+002
3.904664e+003,1.011942e+002
3.905146e+003,1.011035e+002
3.905628e+003,1.009758e+002
3.906110e+003,1.008329e+002
3.906592e+003,1.006890e+002
3.907074e+003,1.005510e+002
3.907557e+003,1.004208e+002
3.908039e+003,1.002982e+002
3.908521e+003,1.001810e+002
3.909003e+003,1.000659e+002
3.909485e+003,9.994833e+001
3.909967e+003,9.982425e+001
3.910449e+003,9.969345e+001
3.910931e+003,9.956366e+001
3.911414e+003,9.945261e+001
3.911896e+003,9.938642e+001
3.912378e+003,9.939344e+001
3.912860e+003,9.949524e+001
3.913342e+003,9.969849e+001
3.913824e+003,9.999024e+001
3.914306e+003,1.003381e+002
3.914788e+003,1.006950e+002
3.915271e+003,1.010093e+002
3.915752e+003,1.012372e+002
3.916235e+003,1.013547e+002
3.916717e+003,1.013645e+002
3.917199e+003,1.012932e+002
3.917681e+003,1.011808e+002
3.918163e+003,1.010676e+002
3.918645e+003,1.009849e+002
3.919127e+003,1.009504e+002
3.919609e+003,1.009683e+002
3.920092e+003,1.010303e+002
3.920574e+003,1.011179e+002
3.921056e+003,1.012049e+002
3.921538e+003,1.012603e+002
3.922020e+003,1.012536e+002
3.922502e+003,1.011618e+002
3.922984e+003,1.009767e+002
3.923466e+003,1.007107e+002
3.923948e+003,1.003979e+002
3.924431e+003,1.000857e+002
3.924913e+003,9.982199e+001
3.925395e+003,9.963946e+001
3.925877e+003,9.954807e+001
3.926359e+003,9.953642e+001
3.926841e+003,9.958056e+001
3.927323e+003,9.965456e+001
3.927805e+003,9.973866e+001
3.928288e+003,9.982291e+001
3.928770e+003,9.990647e+001
3.929252e+003,9.999365e+001
3.929734e+003,1.000885e+002
3.930216e+003,1.001903e+002
3.930698e+003,1.002926e+002
3.931180e+003,1.003848e+002
3.931662e+003,1.004567e+002
3.932145e+003,1.005026e+002
3.932627e+003,1.005236e+002
3.933109e+003,1.005270e+002
3.933591e+003,1.005228e+002
3.934073e+003,1.005199e+002
3.934555e+003,1.005239e+002
3.935037e+003,1.005362e+002
3.935519e+003,1.005542e+002
3.936001e+003,1.005725e+002
3.936484e+003,1.005840e+002
3.936966e+003,1.005813e+002
3.937448e+003,1.005583e+002
3.937930e+003,1.005114e+002
3.938412e+003,1.004411e+002
3.938894e+003,1.003521e+002
3.939376e+003,1.002533e+002
3.939858e+003,1.001569e+002
3.940341e+003,1.000769e+002
3.940823e+003,1.000274e+002
3.941305e+003,1.000195e+002
3.941787e+003,1.000585e+002
3.942269e+003,1.001420e+002
3.942751e+003,1.002592e+002
3.943233e+003,1.003926e+002
3.943715e+003,1.005218e+002
3.944198e+003,1.006276e+002
3.944679e+003,1.006958e+002
3.945162e+003,1.007197e+002
3.945644e+003,1.007006e+002
3.946126e+003,1.006472e+002
3.946608e+003,1.005738e+002
3.947090e+003,1.004965e+002
3.947572e+003,1.004292e+002
3.948054e+003,1.003798e+002
3.948536e+003,1.003482e+002
3.949019e+003,1.003283e+002
3.949501e+003,1.003117e+002
3.949983e+003,1.002930e+002
3.950465e+003,1.002725e+002
3.950947e+003,1.002567e+002
3.951429e+003,1.002540e+002
3.951911e+003,1.002709e+002
3.952393e+003,1.003070e+002
3.952875e+003,1.003544e+002
3.953358e+003,1.003993e+002
3.953840e+003,1.004267e+002
3.954322e+003,1.004256e+002
3.954804e+003,1.003940e+002
3.955286e+003,1.003389e+002
3.955768e+003,1.002749e+002
3.956250e+003,1.002187e+002
3.956732e+003,1.001841e+002
3.957215e+003,1.001782e+002
3.957697e+003,1.002002e+002
3.958179e+003,1.002428e+002
3.958661e+003,1.002957e+002
3.959143e+003,1.003485e+002
3.959625e+003,1.003938e+002
3.960107e+003,1.004284e+002
3.960589e+003,1.004527e+002
3.961072e+003,1.004702e+002
3.961554e+003,1.004854e+002
3.962036e+003,1.005027e+002
3.962518e+003,1.005252e+002
3.963000e+003,1.005536e+002
3.963482e+003,1.005863e+002
3.963964e+003,1.006195e+002
3.964446e+003,1.006483e+002
3.964928e+003,1.006672e+002
3.965411e+003,1.006718e+002
3.965893e+003,1.006592e+002
3.966375e+003,1.006286e+002
3.966857e+003,1.005816e+002
3.967339e+003,1.005218e+002
3.967821e+003,1.004541e+002
3.968303e+003,1.003849e+002
3.968785e+003,1.003215e+002
3.969268e+003,1.002708e+002
3.969750e+003,1.002394e+002
3.970232e+003,1.002313e+002
3.970714e+003,1.002467e+002
3.971196e+003,1.002820e+002
3.971678e+003,1.003291e+002
3.972160e+003,1.003782e+002
3.972642e+003,1.004193e+002
3.973125e+003,1.004454e+002
3.973606e+003,1.004537e+002
3.974089e+003,1.004461e+002
3.974571e+003,1.004277e+002
3.975053e+003,1.004051e+002
3.975535e+003,1.003841e+002
3.976017e+003,1.003690e+002
3.976499e+003,1.003618e+002
3.976981e+003,1.003629e+002
3.977463e+003,1.003717e+002
3.977946e+003,1.003862e+002
3.978428e+003,1.004038e+002
3.978910e+003,1.004205e+002
3.979392e+003,1.004316e+002
3.979874e+003,1.004329e+002
3.980356e+003,1.004220e+002
3.980838e+003,1.003999e+002
3.981320e+003,1.003708e+002
3.981802e+003,1.003415e+002
3.982285e+003,1.003189e+002
3.982767e+003,1.003082e+002
3.983249e+003,1.003109e+002
3.983731e+003,1.003251e+002
3.984213e+003,1.003465e+002
3.984695e+003,1.003704e+002
3.985177e+003,1.003933e+002
3.985659e+003,1.004133e+002
3.986142e+003,1.004297e+002
3.986624e+003,1.004418e+002
3.987106e+003,1.004481e+002
3.987588e+003,1.004465e+002
3.988070e+003,1.004354e+002
3.988552e+003,1.004152e+002
3.989034e+003,1.003892e+002
3.989516e+003,1.003633e+002
3.989999e+003,1.003444e+002
3.990481e+003,1.003375e+002
3.990963e+003,1.003435e+002
3.991445e+003,1.003586e+002
3.991927e+003,1.003759e+002
3.992409e+003,1.003872e+002
3.992891e+003,1.003871e+002
3.993373e+003,1.003741e+002
3.993855e+003,1.003515e+002
3.994338e+003,1.003259e+002
3.994820e+003,1.003050e+002
3.995302e+003,1.002946e+002
3.995784e+003,1.002975e+002
3.996266e+003,1.003128e+002
3.996748e+003,1.003370e+002
3.997230e+003,1.003653e+002
3.997712e+003,1.003928e+002
3.998195e+003,1.004156e+002
3.998677e+003,1.004309e+002
3.999159e+003,1.004372e+002
3.999641e+003,1.004345e+002
4.000123e+003,1.004242e+002
