3.996747e+002,0.000000e+000
4.001569e+002,4.816230e+001
4.006390e+002,4.875271e+001
4.011211e+002,4.916969e+001
4.016032e+002,4.951912e+001
4.020853e+002,4.991696e+001
4.025674e+002,5.045183e+001
4.030496e+002,5.115864e+001
4.035317e+002,5.201674e+001
4.040138e+002,5.296675e+001
4.044959e+002,5.393557e+001
4.049780e+002,5.485403e+001
4.054601e+002,5.566716e+001
4.059423e+002,5.633687e+001
4.064244e+002,5.684363e+001
4.069065e+002,5.718493e+001
4.073886e+002,5.737224e+001
4.078707e+002,5.742639e+001
4.083528e+002,5.737394e+001
4.088350e+002,5.723303e+001
4.093171e+002,5.703642e+001
4.097992e+002,5.681348e+001
4.102813e+002,5.664380e+001
4.107634e+002,5.645243e+001
4.112455e+002,5.626389e+001
4.117277e+002,5.608415e+001
4.122098e+002,5.593277e+001
4.126919e+002,5.584296e+001
4.131740e+002,5.578925e+001
4.136561e+002,5.585818e+001
4.141382e+002,5.609898e+001
4.146204e+002,5.641107e+001
4.151025e+002,5.673893e+001
4.155846e+002,5.702935e+001
4.160667e+002,5.722375e+001
4.165488e+002,5.727477e+001
4.170309e+002,5.713865e+001
4.175131e+002,5.680096e+001
4.179952e+002,5.634273e+001
4.184773e+002,5.588322e+001
4.189594e+002,5.542437e+001
4.194415e+002,5.502322e+001
4.199236e+002,5.475783e+001
4.204058e+002,5.463252e+001
4.208879e+002,5.460048e+001
4.213700e+002,5.461297e+001
4.218521e+002,5.473676e+001
4.223342e+002,5.486908e+001
4.228163e+002,5.497866e+001
4.232985e+002,5.504068e+001
4.237806e+002,5.501117e+001
4.242627e+002,5.494425e+001
4.247448e+002,5.484754e+001
4.252269e+002,5.471669e+001
4.257090e+002,5.455847e+001
4.261912e+002,5.443932e+001
4.266733e+002,5.434937e+001
4.271554e+002,5.427237e+001
4.276375e+002,5.420538e+001
4.281196e+002,5.414627e+001
4.286017e+002,5.409139e+001
4.290839e+002,5.405342e+001
4.295660e+002,5.400717e+001
4.300481e+002,5.391088e+001
4.305302e+002,5.380279e+001
4.310123e+002,5.367289e+001
4.314944e+002,5.350044e+001
4.319766e+002,5.329629e+001
4.324587e+002,5.307009e+001
4.329408e+002,5.281853e+001
4.334229e+002,5.257078e+001
4.339050e+002,5.230392e+001
4.343871e+002,5.206487e+001
4.348693e+002,5.184379e+001
4.353514e+002,5.165952e+001
4.358335e+002,5.153495e+001
4.363156e+002,5.146249e+001
4.367977e+002,5.144642e+001
4.372798e+002,5.157823e+001
4.377620e+002,5.165255e+001
4.382441e+002,5.170580e+001
4.387262e+002,5.172563e+001
4.392083e+002,5.168706e+001
4.396904e+002,5.160461e+001
4.401725e+002,5.148441e+001
4.406547e+002,5.133382e+001
4.411368e+002,5.119994e+001
4.416189e+002,5.107427e+001
4.421010e+002,5.092733e+001
4.425831e+002,5.082386e+001
4.430652e+002,5.073113e+001
4.435474e+002,5.064580e+001
4.440295e+002,5.058743e+001
4.445116e+002,5.054166e+001
4.449937e+002,5.048072e+001
4.454758e+002,5.041116e+001
4.459579e+002,5.030666e+001
4.464401e+002,5.015429e+001
4.469222e+002,4.994653e+001
4.474043e+002,4.970821e+001
4.478864e+002,4.945662e+001
4.483685e+002,4.926591e+001
4.488506e+002,4.914975e+001
4.493328e+002,4.901920e+001
4.498149e+002,4.895527e+001
4.502970e+002,4.890544e+001
4.507791e+002,4.882943e+001
4.512612e+002,4.867433e+001
4.517433e+002,4.843454e+001
4.522255e+002,4.809400e+001
4.527076e+002,4.765102e+001
4.531897e+002,4.710152e+001
4.536718e+002,4.649191e+001
4.541539e+002,4.583993e+001
4.546360e+002,4.514918e+001
4.551182e+002,4.443788e+001
4.556003e+002,4.376209e+001
4.560824e+002,4.312373e+001
4.565645e+002,4.252213e+001
4.570466e+002,4.196114e+001
4.575287e+002,4.139800e+001
4.580109e+002,4.081077e+001
4.584930e+002,4.029483e+001
4.589751e+002,3.974471e+001
4.594572e+002,3.926403e+001
4.599393e+002,3.889756e+001
4.604214e+002,3.859800e+001
4.609036e+002,3.837218e+001
4.613857e+002,3.820926e+001
4.618678e+002,3.806710e+001
4.623499e+002,3.798006e+001
4.628320e+002,3.800697e+001
4.633141e+002,3.818456e+001
4.637963e+002,3.859459e+001
4.642784e+002,3.921917e+001
4.647605e+002,4.003567e+001
4.652426e+002,4.096669e+001
4.657247e+002,4.194230e+001
4.662068e+002,4.288508e+001
4.666890e+002,4.373165e+001
4.671711e+002,4.450976e+001
4.676532e+002,4.520749e+001
4.681353e+002,4.583945e+001
4.686174e+002,4.641674e+001
4.690995e+002,4.695374e+001
4.695817e+002,4.742402e+001
4.700638e+002,4.783752e+001
4.705459e+002,4.821980e+001
4.710280e+002,4.859852e+001
4.715101e+002,4.900235e+001
4.719922e+002,4.945228e+001
4.724744e+002,4.994731e+001
4.729565e+002,5.045210e+001
4.734386e+002,5.093492e+001
4.739207e+002,5.129531e+001
4.744028e+002,5.150810e+001
4.748849e+002,5.166333e+001
4.753671e+002,5.172325e+001
4.758492e+002,5.171744e+001
4.763313e+002,5.169019e+001
4.768134e+002,5.165065e+001
4.772955e+002,5.156511e+001
4.777776e+002,5.147057e+001
4.782598e+002,5.136064e+001
4.787419e+002,5.122263e+001
4.792240e+002,5.109988e+001
4.797061e+002,5.097260e+001
4.801882e+002,5.084080e+001
4.806703e+002,5.070043e+001
4.811525e+002,5.054428e+001
4.816346e+002,5.039676e+001
4.821167e+002,5.020073e+001
4.825988e+002,4.996366e+001
4.830809e+002,4.973804e+001
4.835630e+002,4.952457e+001
4.840452e+002,4.937606e+001
4.845273e+002,4.925605e+001
4.850094e+002,4.916597e+001
4.854915e+002,4.909113e+001
4.859736e+002,4.905449e+001
4.864557e+002,4.904763e+001
4.869379e+002,4.906754e+001
4.874200e+002,4.908025e+001
4.879021e+002,4.913650e+001
4.883842e+002,4.918692e+001
4.888663e+002,4.918934e+001
4.893484e+002,4.917653e+001
4.898306e+002,4.909940e+001
4.903127e+002,4.901081e+001
4.907948e+002,4.890046e+001
4.912769e+002,4.878703e+001
4.917590e+002,4.868907e+001
4.922411e+002,4.861695e+001
4.927233e+002,4.852896e+001
4.932054e+002,4.844283e+001
4.936875e+002,4.836550e+001
4.941696e+002,4.827649e+001
4.946517e+002,4.819151e+001
4.951339e+002,4.809496e+001
4.956160e+002,4.799146e+001
4.960981e+002,4.786018e+001
4.965802e+002,4.770901e+001
4.970623e+002,4.756856e+001
4.975444e+002,4.738139e+001
4.980266e+002,4.723634e+001
4.985087e+002,4.717141e+001
4.989908e+002,4.708117e+001
4.994729e+002,4.704879e+001
4.999550e+002,4.708370e+001
5.004371e+002,4.714054e+001
5.009193e+002,4.720081e+001
5.014014e+002,4.723868e+001
5.018835e+002,4.729120e+001
5.023656e+002,4.730270e+001
5.028477e+002,4.729578e+001
5.033299e+002,4.727766e+001
5.038120e+002,4.721854e+001
5.042941e+002,4.715308e+001
5.047762e+002,4.707671e+001
5.052583e+002,4.702467e+001
5.057404e+002,4.687584e+001
5.062226e+002,4.675469e+001
5.067047e+002,4.670509e+001
5.071868e+002,4.667922e+001
5.076689e+002,4.664670e+001
5.081510e+002,4.661062e+001
5.086331e+002,4.655371e+001
5.091153e+002,4.646542e+001
5.095974e+002,4.641039e+001
5.100795e+002,4.633964e+001
5.105616e+002,4.632034e+001
5.110437e+002,4.632470e+001
5.115258e+002,4.632654e+001
5.120079e+002,4.633514e+001
5.124901e+002,4.634125e+001
5.129722e+002,4.633273e+001
5.134543e+002,4.629288e+001
5.139364e+002,4.623524e+001
5.144185e+002,4.616467e+001
5.149006e+002,4.608376e+001
5.153828e+002,4.599005e+001
5.158649e+002,4.587903e+001
5.163470e+002,4.573492e+001
5.168291e+002,4.560237e+001
5.173112e+002,4.544530e+001
5.177933e+002,4.531932e+001
5.182755e+002,4.522107e+001
5.187576e+002,4.513466e+001
5.192397e+002,4.503730e+001
5.197218e+002,4.494534e+001
5.202039e+002,4.485456e+001
5.206860e+002,4.476529e+001
5.211682e+002,4.468156e+001
5.216503e+002,4.460749e+001
5.221324e+002,4.454446e+001
5.226145e+002,4.447943e+001
5.230966e+002,4.439870e+001
5.235787e+002,4.433898e+001
5.240609e+002,4.423458e+001
5.245430e+002,4.409788e+001
5.250251e+002,4.395341e+001
5.255072e+002,4.378957e+001
5.259893e+002,4.364722e+001
5.264714e+002,4.350819e+001
5.269536e+002,4.334698e+001
5.274357e+002,4.316072e+001
5.279178e+002,4.298449e+001
5.283999e+002,4.277264e+001
5.288821e+002,4.255109e+001
5.293641e+002,4.233034e+001
5.298463e+002,4.211913e+001
5.303284e+002,4.192082e+001
5.308105e+002,4.173323e+001
5.312926e+002,4.155235e+001
5.317748e+002,4.137754e+001
5.322568e+002,4.121507e+001
5.327390e+002,4.107817e+001
5.332211e+002,4.098315e+001
5.337032e+002,4.094445e+001
5.341853e+002,4.096832e+001
5.346675e+002,4.105285e+001
5.351495e+002,4.119075e+001
5.356317e+002,4.137339e+001
5.361138e+002,4.159394e+001
5.365959e+002,4.184790e+001
5.370780e+002,4.213104e+001
5.375602e+002,4.243628e+001
5.380422e+002,4.275068e+001
5.385244e+002,4.305676e+001
5.390065e+002,4.331897e+001
5.394886e+002,4.357900e+001
5.399707e+002,4.377817e+001
5.404529e+002,4.393400e+001
5.409349e+002,4.405138e+001
5.414171e+002,4.412792e+001
5.418992e+002,4.420864e+001
5.423813e+002,4.424430e+001
5.428634e+002,4.425412e+001
5.433456e+002,4.424205e+001
5.438276e+002,4.420787e+001
5.443098e+002,4.418294e+001
5.447919e+002,4.417358e+001
5.452740e+002,4.419399e+001
5.457561e+002,4.423313e+001
5.462383e+002,4.427937e+001
5.467203e+002,4.435448e+001
5.472025e+002,4.443339e+001
5.476846e+002,4.451177e+001
5.481667e+002,4.458726e+001
5.486488e+002,4.465277e+001
5.491310e+002,4.470874e+001
5.496130e+002,4.476195e+001
5.500952e+002,4.480616e+001
5.505773e+002,4.483431e+001
5.510594e+002,4.484194e+001
5.515415e+002,4.482875e+001
5.520237e+002,4.480459e+001
5.525057e+002,4.477835e+001
5.529879e+002,4.474326e+001
5.534700e+002,4.469620e+001
5.539521e+002,4.466451e+001
5.544342e+002,4.464101e+001
5.549164e+002,4.462378e+001
5.553984e+002,4.462025e+001
5.558806e+002,4.463406e+001
5.563627e+002,4.465189e+001
5.568448e+002,4.468205e+001
5.573269e+002,4.471570e+001
5.578091e+002,4.474053e+001
5.582911e+002,4.474535e+001
5.587733e+002,4.470550e+001
5.592554e+002,4.467178e+001
5.597375e+002,4.462131e+001
5.602196e+002,4.457144e+001
5.607018e+002,4.453022e+001
5.611838e+002,4.449982e+001
5.616660e+002,4.446305e+001
5.621481e+002,4.443956e+001
5.626302e+002,4.438609e+001
5.631123e+002,4.431795e+001
5.635945e+002,4.424194e+001
5.640765e+002,4.416777e+001
5.645587e+002,4.410289e+001
5.650408e+002,4.404851e+001
5.655229e+002,4.399924e+001
5.660050e+002,4.394649e+001
5.664872e+002,4.388413e+001
5.669692e+002,4.381292e+001
5.674514e+002,4.374144e+001
5.679335e+002,4.368275e+001
5.684156e+002,4.363660e+001
5.688977e+002,4.363219e+001
5.693799e+002,4.363404e+001
5.698619e+002,4.366829e+001
5.703441e+002,4.369780e+001
5.708262e+002,4.369362e+001
5.713083e+002,4.365689e+001
5.717904e+002,4.358632e+001
5.722726e+002,4.348702e+001
5.727546e+002,4.335002e+001
5.732368e+002,4.321962e+001
5.737189e+002,4.308822e+001
5.742010e+002,4.296307e+001
5.746831e+002,4.284960e+001
5.751653e+002,4.275026e+001
5.756473e+002,4.266298e+001
5.761295e+002,4.258024e+001
5.766116e+002,4.249009e+001
5.770938e+002,4.237915e+001
5.775758e+002,4.223667e+001
5.780580e+002,4.205779e+001
5.785400e+002,4.184443e+001
5.790222e+002,4.160350e+001
5.795043e+002,4.134374e+001
5.799865e+002,4.107244e+001
5.804685e+002,4.079382e+001
5.809507e+002,4.050938e+001
5.814327e+002,4.022004e+001
5.819149e+002,3.992772e+001
5.823970e+002,3.963486e+001
5.828792e+002,3.934140e+001
5.833612e+002,3.904024e+001
5.838434e+002,3.871403e+001
5.843254e+002,3.833553e+001
5.848076e+002,3.787267e+001
5.852897e+002,3.729705e+001
5.857719e+002,3.659307e+001
5.862539e+002,3.576437e+001
5.867361e+002,3.483527e+001
5.872181e+002,3.385030e+001
5.877003e+002,3.285957e+001
5.881824e+002,3.192091e+001
5.886646e+002,3.109378e+001
5.891466e+002,3.043718e+001
5.896288e+002,3.000716e+001
5.901108e+002,2.985126e+001
5.905930e+002,2.999877e+001
5.910751e+002,3.044872e+001
5.915573e+002,3.116145e+001
5.920393e+002,3.205989e+001
5.925215e+002,3.304366e+001
5.930035e+002,3.401224e+001
5.934857e+002,3.488914e+001
5.939678e+002,3.563768e+001
5.944500e+002,3.626391e+001
5.949320e+002,3.680699e+001
5.954142e+002,3.732191e+001
5.958962e+002,3.786069e+001
5.963784e+002,3.845795e+001
5.968605e+002,3.912400e+001
5.973427e+002,3.984570e+001
5.978247e+002,4.059211e+001
5.983069e+002,4.132148e+001
5.987889e+002,4.198721e+001
5.992711e+002,4.254283e+001
5.997532e+002,4.294695e+001
6.002354e+002,4.316970e+001
6.007174e+002,4.319972e+001
6.011996e+002,4.305000e+001
6.016816e+002,4.275945e+001
6.021638e+002,4.238892e+001
6.026459e+002,4.201152e+001
6.031281e+002,4.169991e+001
6.036101e+002,4.151348e+001
6.040923e+002,4.148925e+001
6.045743e+002,4.163842e+001
6.050565e+002,4.194918e+001
6.055386e+002,4.239398e+001
6.060208e+002,4.293840e+001
6.065029e+002,4.354858e+001
6.069850e+002,4.419576e+001
6.074671e+002,4.485740e+001
6.079492e+002,4.551617e+001
6.084313e+002,4.615779e+001
6.089135e+002,4.676922e+001
6.093956e+002,4.733737e+001
6.098777e+002,4.784896e+001
6.103598e+002,4.829119e+001
6.108419e+002,4.865342e+001
6.113240e+002,4.892933e+001
6.118062e+002,4.911913e+001
6.122883e+002,4.923077e+001
6.127704e+002,4.927942e+001
6.132525e+002,4.928466e+001
6.137346e+002,4.926604e+001
6.142167e+002,4.923853e+001
6.146989e+002,4.920937e+001
6.151810e+002,4.917782e+001
6.156631e+002,4.913782e+001
6.161452e+002,4.908236e+001
6.166273e+002,4.900777e+001
6.171094e+002,4.891597e+001
6.175916e+002,4.881414e+001
6.180737e+002,4.871206e+001
6.185558e+002,4.861822e+001
6.190379e+002,4.853663e+001
6.195200e+002,4.846594e+001
6.200021e+002,4.840151e+001
6.204843e+002,4.833891e+001
6.209664e+002,4.827642e+001
6.214485e+002,4.821544e+001
6.219306e+002,4.815836e+001
6.224127e+002,4.810610e+001
6.228948e+002,4.805669e+001
6.233770e+002,4.800609e+001
6.238591e+002,4.795071e+001
6.243412e+002,4.789045e+001
6.248233e+002,4.782991e+001
6.253054e+002,4.777721e+001
6.257875e+002,4.774048e+001
6.262697e+002,4.772392e+001
6.267518e+002,4.772559e+001
6.272339e+002,4.773799e+001
6.277160e+002,4.775137e+001
6.281981e+002,4.775773e+001
6.286802e+002,4.775352e+001
6.291624e+002,4.773985e+001
6.296445e+002,4.772026e+001
6.301266e+002,4.769769e+001
6.306087e+002,4.767228e+001
6.310908e+002,4.764157e+001
6.315729e+002,4.760251e+001
6.320551e+002,4.755437e+001
6.325372e+002,4.750026e+001
6.330193e+002,4.744646e+001
6.335014e+002,4.739968e+001
6.339835e+002,4.736366e+001
6.344656e+002,4.733706e+001
6.349478e+002,4.731385e+001
6.354299e+002,4.728593e+001
6.359120e+002,4.724665e+001
6.363941e+002,4.719335e+001
6.368762e+002,4.712765e+001
6.373583e+002,4.705384e+001
6.378405e+002,4.697654e+001
6.383226e+002,4.689912e+001
6.388047e+002,4.682397e+001
6.392868e+002,4.675391e+001
6.397689e+002,4.669353e+001
6.402510e+002,4.664886e+001
6.407332e+002,4.662513e+001
6.412153e+002,4.662321e+001
6.416974e+002,4.663718e+001
6.421795e+002,4.665440e+001
6.426616e+002,4.665892e+001
6.431437e+002,4.663711e+001
6.436259e+002,4.658297e+001
6.441080e+002,4.650059e+001
6.445901e+002,4.640261e+001
6.450722e+002,4.630490e+001
6.455543e+002,4.622028e+001
6.460364e+002,4.615420e+001
6.465186e+002,4.610427e+001
6.470007e+002,4.606337e+001
6.474828e+002,4.602472e+001
6.479649e+002,4.598567e+001
6.484470e+002,4.594889e+001
6.489291e+002,4.592004e+001
6.494113e+002,4.590355e+001
6.498934e+002,4.589899e+001
6.503755e+002,4.589959e+001
6.508576e+002,4.589413e+001
6.513397e+002,4.587101e+001
6.518218e+002,4.582247e+001
6.523040e+002,4.574689e+001
6.527861e+002,4.564827e+001
6.532682e+002,4.553357e+001
6.537503e+002,4.540973e+001
6.542324e+002,4.528163e+001
6.547145e+002,4.515205e+001
6.551967e+002,4.502274e+001
6.556788e+002,4.489542e+001
6.561609e+002,4.477183e+001
6.566430e+002,4.465262e+001
6.571251e+002,4.453596e+001
6.576072e+002,4.441722e+001
6.580894e+002,4.429001e+001
6.585715e+002,4.414863e+001
6.590536e+002,4.399041e+001
6.595357e+002,4.381642e+001
6.600178e+002,4.362997e+001
6.604999e+002,4.343325e+001
6.609821e+002,4.322453e+001
6.614642e+002,4.299722e+001
6.619463e+002,4.274209e+001
6.624284e+002,4.245114e+001
6.629105e+002,4.212098e+001
6.633926e+002,4.175343e+001
6.638748e+002,4.135217e+001
6.643569e+002,4.091758e+001
6.648390e+002,4.044296e+001
6.653211e+002,3.991436e+001
6.658032e+002,3.931564e+001
6.662853e+002,3.863815e+001
6.667675e+002,3.789455e+001
6.672496e+002,3.712890e+001
6.677317e+002,3.640491e+001
6.682138e+002,3.576155e+001
6.686959e+002,3.517934e+001
6.691780e+002,3.460633e+001
6.696602e+002,3.398854e+001
6.701423e+002,3.326686e+001
6.706244e+002,3.238420e+001
6.711065e+002,3.130808e+001
6.715886e+002,3.005024e+001
6.720707e+002,2.867761e+001
6.725529e+002,2.731350e+001
6.730350e+002,2.612518e+001
6.735171e+002,2.529848e+001
6.739992e+002,2.500664e+001
6.744813e+002,2.538259e+001
6.749634e+002,2.649868e+001
6.754456e+002,2.835192e+001
6.759277e+002,3.085419e+001
6.764098e+002,3.383350e+001
6.768919e+002,3.705400e+001
6.773740e+002,4.025609e+001
6.778561e+002,4.320451e+001
6.783383e+002,4.572778e+001
6.788204e+002,4.773637e+001
6.793025e+002,4.921897e+001
6.797846e+002,5.022292e+001
6.802667e+002,5.082844e+001
6.807488e+002,5.112355e+001
6.812310e+002,5.118586e+001
6.817131e+002,5.107339e+001
6.821952e+002,5.082406e+001
6.826773e+002,5.045979e+001
6.831594e+002,4.999069e+001
6.836415e+002,4.941645e+001
6.841237e+002,4.872569e+001
6.846058e+002,4.789628e+001
6.850879e+002,4.690107e+001
6.855700e+002,4.572076e+001
6.860521e+002,4.436239e+001
6.865342e+002,4.287709e+001
6.870164e+002,4.136991e+001
6.874985e+002,3.999331e+001
6.879806e+002,3.892200e+001
6.884627e+002,3.831330e+001
6.889448e+002,3.826644e+001
6.894269e+002,3.879599e+001
6.899091e+002,3.982905e+001
6.903912e+002,4.122470e+001
6.908733e+002,4.280773e+001
6.913554e+002,4.440547e+001
6.918375e+002,4.587934e+001
6.923196e+002,4.714416e+001
6.928018e+002,4.817194e+001
6.932839e+002,4.898041e+001
6.937660e+002,4.961210e+001
6.942481e+002,5.011196e+001
6.947302e+002,5.051139e+001
6.952123e+002,5.082262e+001
6.956945e+002,5.104305e+001
6.961766e+002,5.116538e+001
6.966587e+002,5.118765e+001
6.971408e+002,5.111878e+001
6.976229e+002,5.097811e+001
6.981050e+002,5.079026e+001
6.985872e+002,5.057854e+001
6.990693e+002,5.035981e+001
6.995514e+002,5.014285e+001
7.000335e+002,4.992999e+001
7.005156e+002,4.972085e+001
7.009977e+002,4.951593e+001
7.014799e+002,4.931857e+001
7.019620e+002,4.913440e+001
7.024441e+002,4.896960e+001
7.029262e+002,4.882875e+001
7.034083e+002,4.871376e+001
7.038904e+002,4.862463e+001
7.043726e+002,4.856138e+001
7.048547e+002,4.852597e+001
7.053368e+002,4.852308e+001
7.058189e+002,4.855920e+001
7.063010e+002,4.864011e+001
7.067831e+002,4.876846e+001
7.072653e+002,4.894227e+001
7.077474e+002,4.915553e+001
7.082295e+002,4.940039e+001
7.087116e+002,4.966985e+001
7.091937e+002,4.995941e+001
7.096758e+002,5.026686e+001
7.101580e+002,5.059053e+001
7.106401e+002,5.092701e+001
7.111222e+002,5.127016e+001
7.116043e+002,5.161155e+001
7.120864e+002,5.194275e+001
7.125685e+002,5.225754e+001
7.130507e+002,5.255322e+001
7.135328e+002,5.283024e+001
7.140149e+002,5.309018e+001
7.144970e+002,5.333368e+001
7.149791e+002,5.355943e+001
7.154612e+002,5.376471e+001
7.159434e+002,5.394719e+001
7.164255e+002,5.410691e+001
7.169076e+002,5.424723e+001
7.173897e+002,5.437400e+001
7.178718e+002,5.449363e+001
7.183539e+002,5.461038e+001
7.188361e+002,5.472484e+001
7.193182e+002,5.483370e+001
7.198003e+002,5.493153e+001
7.202824e+002,5.501364e+001
7.207645e+002,5.507838e+001
7.212466e+002,5.512740e+001
7.217288e+002,5.516410e+001
7.222109e+002,5.519123e+001
7.226930e+002,5.520977e+001
7.231751e+002,5.521933e+001
7.236572e+002,5.521986e+001
7.241393e+002,5.521304e+001
7.246215e+002,5.520248e+001
7.251036e+002,5.519263e+001
7.255857e+002,5.518670e+001
7.260678e+002,5.518494e+001
7.265499e+002,5.518438e+001
7.270320e+002,5.518006e+001
7.275142e+002,5.516750e+001
7.279963e+002,5.514484e+001
7.284784e+002,5.511378e+001
7.289605e+002,5.507839e+001
7.294426e+002,5.504272e+001
7.299247e+002,5.500836e+001
7.304069e+002,5.497344e+001
7.308890e+002,5.493367e+001
7.313711e+002,5.488505e+001
7.318532e+002,5.482681e+001
7.323353e+002,5.476271e+001
7.328174e+002,5.470000e+001
7.332996e+002,5.464619e+001
7.337817e+002,5.460517e+001
7.342638e+002,5.457442e+001
7.347459e+002,5.454523e+001
7.352280e+002,5.450575e+001
7.357101e+002,5.444594e+001
7.361923e+002,5.436237e+001
7.366744e+002,5.426097e+001
7.371565e+002,5.415656e+001
7.376386e+002,5.406945e+001
7.381207e+002,5.402038e+001
7.386028e+002,5.402511e+001
7.390850e+002,5.409060e+001
7.395671e+002,5.421313e+001
7.400492e+002,5.437890e+001
7.405313e+002,5.456619e+001
7.410134e+002,5.474922e+001
7.414955e+002,5.490299e+001
7.419777e+002,5.500846e+001
7.424598e+002,5.505713e+001
7.429419e+002,5.505335e+001
7.434240e+002,5.501344e+001
7.439061e+002,5.496143e+001
7.443882e+002,5.492256e+001
7.448704e+002,5.491648e+001
7.453525e+002,5.495212e+001
7.458346e+002,5.502618e+001
7.463167e+002,5.512553e+001
7.467988e+002,5.523219e+001
7.472809e+002,5.532907e+001
7.477631e+002,5.540403e+001
7.482452e+002,5.545114e+001
7.487273e+002,5.546947e+001
7.492094e+002,5.546069e+001
7.496915e+002,5.542730e+001
7.501736e+002,5.537174e+001
7.506558e+002,5.529696e+001
7.511379e+002,5.520693e+001
7.516200e+002,5.510633e+001
7.521021e+002,5.499920e+001
7.525842e+002,5.488689e+001
7.530663e+002,5.476707e+001
7.535485e+002,5.463410e+001
7.540306e+002,5.448163e+001
7.545127e+002,5.430569e+001
7.549948e+002,5.410680e+001
7.554769e+002,5.388969e+001
7.559590e+002,5.366059e+001
7.564412e+002,5.342317e+001
7.569233e+002,5.317523e+001
7.574054e+002,5.290750e+001
7.578875e+002,5.260499e+001
7.583696e+002,5.224913e+001
7.588517e+002,5.181924e+001
7.593339e+002,5.129200e+001
7.598160e+002,5.064009e+001
7.602981e+002,4.983427e+001
7.607802e+002,4.884563e+001
7.612623e+002,4.766334e+001
7.617444e+002,4.631222e+001
7.622266e+002,4.486964e+001
7.627087e+002,4.347249e+001
7.631908e+002,4.230722e+001
7.636729e+002,4.158089e+001
7.641550e+002,4.147743e+001
7.646371e+002,4.210967e+001
7.651193e+002,4.348279e+001
7.656014e+002,4.548279e+001
7.660835e+002,4.789663e+001
7.665656e+002,5.045784e+001
7.670477e+002,5.290281e+001
7.675298e+002,5.502042e+001
7.680120e+002,5.668238e+001
7.684941e+002,5.785019e+001
7.689762e+002,5.856082e+001
7.694583e+002,5.889885e+001
7.699404e+002,5.896524e+001
7.704225e+002,5.885192e+001
7.709047e+002,5.862760e+001
7.713868e+002,5.833538e+001
7.718689e+002,5.799809e+001
7.723510e+002,5.762592e+001
7.728331e+002,5.722281e+001
7.733152e+002,5.678925e+001
7.737974e+002,5.632278e+001
7.742795e+002,5.581765e+001
7.747616e+002,5.526526e+001
7.752437e+002,5.465525e+001
7.757258e+002,5.397687e+001
7.762079e+002,5.321907e+001
7.766901e+002,5.236928e+001
7.771722e+002,5.141105e+001
7.776543e+002,5.032278e+001
7.781364e+002,4.907896e+001
7.786185e+002,4.765530e+001
7.791006e+002,4.603733e+001
7.795828e+002,4.423110e+001
7.800649e+002,4.227343e+001
7.805470e+002,4.023854e+001
7.810291e+002,3.823906e+001
7.815112e+002,3.642030e+001
7.819933e+002,3.494770e+001
7.824755e+002,3.398876e+001
7.829576e+002,3.369024e+001
7.834397e+002,3.415311e+001
7.839218e+002,3.540980e+001
7.844039e+002,3.741009e+001
7.848860e+002,4.002238e+001
7.853682e+002,4.305243e+001
7.858503e+002,4.627493e+001
7.863324e+002,4.946934e+001
7.868145e+002,5.245015e+001
7.872966e+002,5.508580e+001
7.877787e+002,5.730487e+001
7.882609e+002,5.909129e+001
7.887430e+002,6.047188e+001
7.892251e+002,6.150045e+001
7.897072e+002,6.224212e+001
7.901893e+002,6.276109e+001
7.906714e+002,6.311330e+001
7.911536e+002,6.334345e+001
7.916357e+002,6.348515e+001
7.921178e+002,6.356236e+001
7.925999e+002,6.359131e+001
7.930820e+002,6.358239e+001
7.935641e+002,6.354222e+001
7.940463e+002,6.347582e+001
7.945284e+002,6.338857e+001
7.950105e+002,6.328721e+001
7.954926e+002,6.317997e+001
7.959747e+002,6.307518e+001
7.964568e+002,6.297950e+001
7.969390e+002,6.289641e+001
7.974211e+002,6.282605e+001
7.979032e+002,6.276627e+001
7.983853e+002,6.271458e+001
7.988674e+002,6.266985e+001
7.993495e+002,6.263327e+001
7.998317e+002,6.260760e+001
8.003138e+002,6.259540e+001
8.007959e+002,6.259685e+001
8.012780e+002,6.260815e+001
8.017601e+002,6.262116e+001
8.022422e+002,6.262411e+001
8.027244e+002,6.260339e+001
8.032065e+002,6.254580e+001
8.036886e+002,6.244045e+001
8.041707e+002,6.228057e+001
8.046528e+002,6.206431e+001
8.051349e+002,6.179533e+001
8.056171e+002,6.148288e+001
8.060992e+002,6.114176e+001
8.065813e+002,6.079223e+001
8.070634e+002,6.045956e+001
8.075455e+002,6.017297e+001
8.080276e+002,5.996364e+001
8.085098e+002,5.986212e+001
8.089919e+002,5.989509e+001
8.094740e+002,6.008179e+001
8.099561e+002,6.043051e+001
8.104382e+002,6.093559e+001
8.109203e+002,6.157608e+001
8.114025e+002,6.231705e+001
8.118846e+002,6.311414e+001
8.123667e+002,6.392042e+001
8.128489e+002,6.469366e+001
8.133309e+002,6.540173e+001
8.138131e+002,6.602496e+001
8.142952e+002,6.655542e+001
8.147773e+002,6.699402e+001
8.152594e+002,6.734723e+001
8.157416e+002,6.762421e+001
8.162236e+002,6.783521e+001
8.167058e+002,6.799094e+001
8.171879e+002,6.810235e+001
8.176700e+002,6.818050e+001
8.181521e+002,6.823571e+001
8.186343e+002,6.827647e+001
8.191163e+002,6.830855e+001
8.195985e+002,6.833435e+001
8.200806e+002,6.835365e+001
8.205627e+002,6.836465e+001
8.210448e+002,6.836568e+001
8.215270e+002,6.835619e+001
8.220090e+002,6.833720e+001
8.224912e+002,6.831073e+001
8.229733e+002,6.827899e+001
8.234554e+002,6.824349e+001
8.239375e+002,6.820488e+001
8.244197e+002,6.816326e+001
8.249017e+002,6.811893e+001
8.253839e+002,6.807293e+001
8.258660e+002,6.802717e+001
8.263481e+002,6.798402e+001
8.268302e+002,6.794557e+001
8.273124e+002,6.791314e+001
8.277944e+002,6.788718e+001
8.282766e+002,6.786745e+001
8.287587e+002,6.785374e+001
8.292408e+002,6.784599e+001
8.297229e+002,6.784411e+001
8.302051e+002,6.784733e+001
8.306871e+002,6.785367e+001
8.311693e+002,6.785963e+001
8.316514e+002,6.786097e+001
8.321335e+002,6.785379e+001
8.326156e+002,6.783591e+001
8.330978e+002,6.780780e+001
8.335798e+002,6.777243e+001
8.340620e+002,6.773419e+001
8.345441e+002,6.769716e+001
8.350262e+002,6.766335e+001
8.355083e+002,6.763201e+001
8.359905e+002,6.759982e+001
8.364725e+002,6.756239e+001
8.369547e+002,6.751588e+001
8.374368e+002,6.745873e+001
8.379189e+002,6.739201e+001
8.384010e+002,6.731934e+001
8.388832e+002,6.724543e+001
8.393652e+002,6.717451e+001
8.398474e+002,6.710918e+001
8.403295e+002,6.704954e+001
8.408116e+002,6.699360e+001
8.412937e+002,6.693803e+001
8.417759e+002,6.687920e+001
8.422579e+002,6.681429e+001
8.427401e+002,6.674179e+001
8.432222e+002,6.666176e+001
8.437043e+002,6.657534e+001
8.441864e+002,6.648429e+001
8.446686e+002,6.639019e+001
8.451506e+002,6.629414e+001
8.456328e+002,6.619653e+001
8.461149e+002,6.609741e+001
8.465970e+002,6.599680e+001
8.470791e+002,6.589504e+001
8.475613e+002,6.579289e+001
8.480433e+002,6.569109e+001
8.485255e+002,6.558964e+001
8.490076e+002,6.548723e+001
8.494897e+002,6.538085e+001
8.499718e+002,6.526623e+001
8.504540e+002,6.513875e+001
8.509360e+002,6.499482e+001
8.514182e+002,6.483276e+001
8.519003e+002,6.465315e+001
8.523824e+002,6.445815e+001
8.528645e+002,6.425034e+001
8.533467e+002,6.403143e+001
8.538287e+002,6.380151e+001
8.543109e+002,6.355908e+001
8.547930e+002,6.330182e+001
8.552751e+002,6.302764e+001
8.557572e+002,6.273540e+001
8.562394e+002,6.242498e+001
8.567214e+002,6.209654e+001
8.572036e+002,6.174940e+001
8.576857e+002,6.138113e+001
8.581678e+002,6.098727e+001
8.586499e+002,6.056195e+001
8.591321e+002,6.009901e+001
8.596141e+002,5.959308e+001
8.600963e+002,5.904015e+001
8.605784e+002,5.843707e+001
8.610605e+002,5.778020e+001
8.615426e+002,5.706336e+001
8.620248e+002,5.627554e+001
8.625068e+002,5.539890e+001
8.629890e+002,5.440779e+001
8.634711e+002,5.326983e+001
8.639532e+002,5.194987e+001
8.644353e+002,5.041840e+001
8.649175e+002,4.866331e+001
8.653995e+002,4.670401e+001
8.658817e+002,4.460346e+001
8.663638e+002,4.247349e+001
8.668459e+002,4.046939e+001
8.673280e+002,3.877139e+001
8.678102e+002,3.755454e+001
8.682922e+002,3.695202e+001
8.687744e+002,3.702064e+001
8.692565e+002,3.772020e+001
8.697386e+002,3.891567e+001
8.702207e+002,4.040467e+001
8.707029e+002,4.196284e+001
8.711849e+002,4.339314e+001
8.716671e+002,4.456419e+001
8.721492e+002,4.542817e+001
8.726313e+002,4.601581e+001
8.731134e+002,4.641296e+001
8.735956e+002,4.672805e+001
8.740776e+002,4.706134e+001
8.745598e+002,4.748454e+001
8.750419e+002,4.803437e+001
8.755240e+002,4.871699e+001
8.760061e+002,4.951797e+001
8.764883e+002,5.041166e+001
8.769703e+002,5.136731e+001
8.774525e+002,5.235160e+001
8.779346e+002,5.332973e+001
8.784167e+002,5.426714e+001
8.788988e+002,5.513288e+001
8.793810e+002,5.590395e+001
8.798630e+002,5.656923e+001
8.803452e+002,5.713107e+001
8.808273e+002,5.760366e+001
8.813094e+002,5.800837e+001
8.817915e+002,5.836745e+001
8.822737e+002,5.869847e+001
8.827557e+002,5.901074e+001
8.832379e+002,5.930466e+001
8.837200e+002,5.957345e+001
8.842021e+002,5.980597e+001
8.846842e+002,5.998997e+001
8.851664e+002,6.011458e+001
8.856484e+002,6.017221e+001
8.861306e+002,6.015964e+001
8.866127e+002,6.007875e+001
8.870948e+002,5.993675e+001
8.875769e+002,5.974590e+001
8.880591e+002,5.952248e+001
8.885411e+002,5.928479e+001
8.890233e+002,5.905085e+001
8.895054e+002,5.883628e+001
8.899875e+002,5.865306e+001
8.904696e+002,5.850951e+001
8.909518e+002,5.841087e+001
8.914338e+002,5.836020e+001
8.919160e+002,5.835879e+001
8.923981e+002,5.840601e+001
8.928802e+002,5.849899e+001
8.933623e+002,5.863262e+001
8.938445e+002,5.880012e+001
8.943265e+002,5.899394e+001
8.948087e+002,5.920670e+001
8.952908e+002,5.943177e+001
8.957729e+002,5.966309e+001
8.962550e+002,5.989492e+001
8.967372e+002,6.012127e+001
8.972192e+002,6.033580e+001
8.977014e+002,6.053217e+001
8.981835e+002,6.070462e+001
8.986656e+002,6.084856e+001
8.991477e+002,6.096093e+001
8.996299e+002,6.104020e+001
9.001119e+002,6.108612e+001
9.005941e+002,6.109951e+001
9.010762e+002,6.108191e+001
9.015583e+002,6.103552e+001
9.020404e+002,6.096303e+001
9.025226e+002,6.086720e+001
9.030046e+002,6.075022e+001
9.034868e+002,6.061282e+001
9.039689e+002,6.045362e+001
9.044510e+002,6.026894e+001
9.049331e+002,6.005352e+001
9.054153e+002,5.980157e+001
9.058973e+002,5.950811e+001
9.063795e+002,5.916995e+001
9.068616e+002,5.878556e+001
9.073438e+002,5.835428e+001
9.078258e+002,5.787519e+001
9.083080e+002,5.734600e+001
9.087900e+002,5.676305e+001
9.092722e+002,5.612203e+001
9.097543e+002,5.541941e+001
9.102365e+002,5.465361e+001
9.107185e+002,5.382550e+001
9.112007e+002,5.293741e+001
9.116828e+002,5.199192e+001
9.121649e+002,5.099042e+001
9.126470e+002,4.993313e+001
9.131292e+002,4.882052e+001
9.136113e+002,4.765628e+001
9.140934e+002,4.645007e+001
9.145755e+002,4.521922e+001
9.150576e+002,4.398825e+001
9.155397e+002,4.278632e+001
9.160219e+002,4.164362e+001
9.165040e+002,4.058813e+001
9.169861e+002,3.964381e+001
9.174682e+002,3.882985e+001
9.179503e+002,3.816016e+001
9.184324e+002,3.764184e+001
9.189146e+002,3.727268e+001
9.193967e+002,3.703846e+001
9.198788e+002,3.691223e+001
9.203609e+002,3.685654e+001
9.208430e+002,3.682855e+001
9.213251e+002,3.678654e+001
9.218073e+002,3.669554e+001
9.222894e+002,3.653066e+001
9.227715e+002,3.627758e+001
9.232536e+002,3.593129e+001
9.237357e+002,3.549454e+001
9.242178e+002,3.497723e+001
9.247000e+002,3.439722e+001
9.251821e+002,3.378183e+001
9.256642e+002,3.316852e+001
9.261463e+002,3.260351e+001
9.266284e+002,3.213746e+001
9.271105e+002,3.181973e+001
9.275927e+002,3.169237e+001
9.280748e+002,3.178621e+001
9.285569e+002,3.211939e+001
9.290390e+002,3.269778e+001
9.295211e+002,3.351546e+001
9.300032e+002,3.455405e+001
9.304854e+002,3.578135e+001
9.309675e+002,3.715091e+001
9.314496e+002,3.860440e+001
9.319317e+002,4.007753e+001
9.324138e+002,4.150855e+001
9.328959e+002,4.284658e+001
9.333781e+002,4.405741e+001
9.338602e+002,4.512550e+001
9.343423e+002,4.605222e+001
9.348244e+002,4.685142e+001
9.353065e+002,4.754450e+001
9.357886e+002,4.815584e+001
9.362708e+002,4.870961e+001
9.367529e+002,4.922768e+001
9.372350e+002,4.972758e+001
9.377171e+002,5.022057e+001
9.381992e+002,5.070941e+001
9.386813e+002,5.118696e+001
9.391635e+002,5.163662e+001
9.396456e+002,5.203506e+001
9.401277e+002,5.235646e+001
9.406098e+002,5.257723e+001
9.410919e+002,5.267904e+001
9.415740e+002,5.264977e+001
9.420562e+002,5.248218e+001
9.425383e+002,5.217156e+001
9.430204e+002,5.171369e+001
9.435025e+002,5.110484e+001
9.439846e+002,5.034399e+001
9.444667e+002,4.943645e+001
9.449489e+002,4.839750e+001
9.454310e+002,4.725384e+001
9.459131e+002,4.604189e+001
9.463952e+002,4.480313e+001
9.468773e+002,4.357816e+001
9.473594e+002,4.240171e+001
9.478416e+002,4.130100e+001
9.483237e+002,4.029731e+001
9.488058e+002,3.940971e+001
9.492879e+002,3.865847e+001
9.497700e+002,3.806646e+001
9.502521e+002,3.765789e+001
9.507343e+002,3.745546e+001
9.512164e+002,3.747751e+001
9.516985e+002,3.773623e+001
9.521806e+002,3.823715e+001
9.526627e+002,3.897868e+001
9.531448e+002,3.995117e+001
9.536270e+002,4.113531e+001
9.541091e+002,4.250090e+001
9.545912e+002,4.400760e+001
9.550733e+002,4.560827e+001
9.555554e+002,4.725410e+001
9.560375e+002,4.890023e+001
9.565197e+002,5.050961e+001
9.570018e+002,5.205474e+001
9.574839e+002,5.351674e+001
9.579660e+002,5.488365e+001
9.584481e+002,5.614821e+001
9.589302e+002,5.730646e+001
9.594124e+002,5.835708e+001
9.598945e+002,5.930117e+001
9.603766e+002,6.014215e+001
9.608587e+002,6.088541e+001
9.613408e+002,6.153760e+001
9.618229e+002,6.210584e+001
9.623051e+002,6.259689e+001
9.627872e+002,6.301691e+001
9.632693e+002,6.337153e+001
9.637514e+002,6.366631e+001
9.642335e+002,6.390706e+001
9.647156e+002,6.409991e+001
9.651978e+002,6.425082e+001
9.656799e+002,6.436484e+001
9.661620e+002,6.444522e+001
9.666441e+002,6.449310e+001
9.671262e+002,6.450795e+001
9.676083e+002,6.448855e+001
9.680905e+002,6.443445e+001
9.685726e+002,6.434692e+001
9.690547e+002,6.422955e+001
9.695368e+002,6.408736e+001
9.700189e+002,6.392580e+001
9.705010e+002,6.374923e+001
9.709832e+002,6.356009e+001
9.714653e+002,6.335879e+001
9.719474e+002,6.314449e+001
9.724295e+002,6.291593e+001
9.729116e+002,6.267238e+001
9.733937e+002,6.241382e+001
9.738759e+002,6.214074e+001
9.743580e+002,6.185355e+001
9.748401e+002,6.155229e+001
9.753222e+002,6.123664e+001
9.758043e+002,6.090618e+001
9.762864e+002,6.056087e+001
9.767686e+002,6.020136e+001
9.772507e+002,5.982870e+001
9.777328e+002,5.944407e+001
9.782149e+002,5.904833e+001
9.786970e+002,5.864182e+001
9.791791e+002,5.822443e+001
9.796613e+002,5.779579e+001
9.801434e+002,5.735522e+001
9.806255e+002,5.690145e+001
9.811076e+002,5.643202e+001
9.815897e+002,5.594291e+001
9.820718e+002,5.542866e+001
9.825540e+002,5.488319e+001
9.830361e+002,5.430096e+001
9.835182e+002,5.367806e+001
9.840003e+002,5.301256e+001
9.844824e+002,5.230414e+001
9.849645e+002,5.155304e+001
9.854467e+002,5.075899e+001
9.859288e+002,4.992105e+001
9.864109e+002,4.903839e+001
9.868930e+002,4.811193e+001
9.873751e+002,4.714595e+001
9.878572e+002,4.614867e+001
9.883394e+002,4.513129e+001
9.888215e+002,4.410552e+001
9.893036e+002,4.308070e+001
9.897857e+002,4.206165e+001
9.902678e+002,4.104784e+001
9.907499e+002,4.003418e+001
9.912321e+002,3.901223e+001
9.917142e+002,3.797098e+001
9.921963e+002,3.689685e+001
9.926784e+002,3.577317e+001
9.931605e+002,3.458051e+001
9.936426e+002,3.329870e+001
9.941248e+002,3.191118e+001
9.946069e+002,3.041040e+001
9.950890e+002,2.880296e+001
9.955711e+002,2.711230e+001
9.960532e+002,2.537792e+001
9.965353e+002,2.365133e+001
9.970175e+002,2.199012e+001
9.974996e+002,2.045256e+001
9.979817e+002,1.909421e+001
9.984638e+002,1.796675e+001
9.989459e+002,1.711767e+001
9.994280e+002,1.658882e+001
9.999102e+002,1.641295e+001
1.000392e+003,1.660885e+001
1.000874e+003,1.717724e+001
1.001357e+003,1.809916e+001
1.001839e+003,1.933747e+001
1.002321e+003,2.084004e+001
1.002803e+003,2.254277e+001
1.003285e+003,2.437144e+001
1.003767e+003,2.624297e+001
1.004249e+003,2.806777e+001
1.004731e+003,2.975501e+001
1.005213e+003,3.122057e+001
1.005696e+003,3.239623e+001
1.006178e+003,3.323746e+001
1.006660e+003,3.372764e+001
1.007142e+003,3.387769e+001
1.007624e+003,3.372155e+001
1.008106e+003,3.330876e+001
1.008588e+003,3.269633e+001
1.009070e+003,3.194177e+001
1.009552e+003,3.109871e+001
1.010035e+003,3.021531e+001
1.010517e+003,2.933396e+001
1.010999e+003,2.849100e+001
1.011481e+003,2.771537e+001
1.011963e+003,2.702653e+001
1.012445e+003,2.643311e+001
1.012927e+003,2.593393e+001
1.013409e+003,2.552143e+001
1.013892e+003,2.518657e+001
1.014374e+003,2.492287e+001
1.014856e+003,2.472768e+001
1.015338e+003,2.460040e+001
1.015820e+003,2.453869e+001
1.016302e+003,2.453531e+001
1.016784e+003,2.457748e+001
1.017266e+003,2.464945e+001
1.017748e+003,2.473701e+001
1.018231e+003,2.483146e+001
1.018713e+003,2.493122e+001
1.019195e+003,2.504017e+001
1.019677e+003,2.516392e+001
1.020159e+003,2.530604e+001
1.020641e+003,2.546664e+001
1.021123e+003,2.564355e+001
1.021605e+003,2.583554e+001
1.022088e+003,2.604522e+001
1.022570e+003,2.627985e+001
1.023052e+003,2.654935e+001
1.023534e+003,2.686249e+001
1.024016e+003,2.722318e+001
1.024498e+003,2.762887e+001
1.024980e+003,2.807157e+001
1.025462e+003,2.854094e+001
1.025944e+003,2.902731e+001
1.026427e+003,2.952338e+001
1.026909e+003,3.002384e+001
1.027391e+003,3.052411e+001
1.027873e+003,3.101914e+001
1.028355e+003,3.150379e+001
1.028837e+003,3.197460e+001
1.029319e+003,3.243202e+001
1.029801e+003,3.288147e+001
1.030283e+003,3.333244e+001
1.030766e+003,3.379556e+001
1.031248e+003,3.427896e+001
1.031730e+003,3.478552e+001
1.032212e+003,3.531254e+001
1.032694e+003,3.585350e+001
1.033176e+003,3.640106e+001
1.033658e+003,3.694928e+001
1.034140e+003,3.749419e+001
1.034623e+003,3.803229e+001
1.035105e+003,3.855859e+001
1.035587e+003,3.906528e+001
1.036069e+003,3.954240e+001
1.036551e+003,3.998022e+001
1.037033e+003,4.037223e+001
1.037515e+003,4.071745e+001
1.037997e+003,4.102067e+001
1.038479e+003,4.129099e+001
1.038962e+003,4.153925e+001
1.039444e+003,4.177607e+001
1.039926e+003,4.201132e+001
1.040408e+003,4.225511e+001
1.040890e+003,4.251954e+001
1.041372e+003,4.281927e+001
1.041854e+003,4.317035e+001
1.042336e+003,4.358709e+001
1.042819e+003,4.407818e+001
1.043301e+003,4.464404e+001
1.043783e+003,4.527663e+001
1.044265e+003,4.596212e+001
1.044747e+003,4.668470e+001
1.045229e+003,4.743041e+001
1.045711e+003,4.818882e+001
1.046193e+003,4.895279e+001
1.046676e+003,4.971678e+001
1.047158e+003,5.047498e+001
1.047640e+003,5.122053e+001
1.048122e+003,5.194592e+001
1.048604e+003,5.264442e+001
1.049086e+003,5.331138e+001
1.049568e+003,5.394484e+001
1.050050e+003,5.454527e+001
1.050532e+003,5.511459e+001
1.051015e+003,5.565537e+001
1.051497e+003,5.617028e+001
1.051979e+003,5.666222e+001
1.052461e+003,5.713465e+001
1.052943e+003,5.759165e+001
1.053425e+003,5.803748e+001
1.053907e+003,5.847560e+001
1.054389e+003,5.890770e+001
1.054871e+003,5.933306e+001
1.055354e+003,5.974886e+001
1.055836e+003,6.015125e+001
1.056318e+003,6.053662e+001
1.056800e+003,6.090277e+001
1.057282e+003,6.124915e+001
1.057764e+003,6.157653e+001
1.058246e+003,6.188601e+001
1.058728e+003,6.217788e+001
1.059210e+003,6.245094e+001
1.059693e+003,6.270210e+001
1.060175e+003,6.292656e+001
1.060657e+003,6.311815e+001
1.061139e+003,6.326976e+001
1.061621e+003,6.337374e+001
1.062103e+003,6.342218e+001
1.062585e+003,6.340748e+001
1.063067e+003,6.332280e+001
1.063550e+003,6.316248e+001
1.064032e+003,6.292258e+001
1.064514e+003,6.260104e+001
1.064996e+003,6.219775e+001
1.065478e+003,6.171410e+001
1.065960e+003,6.115256e+001
1.066442e+003,6.051588e+001
1.066924e+003,5.980669e+001
1.067406e+003,5.902761e+001
1.067889e+003,5.818182e+001
1.068371e+003,5.727416e+001
1.068853e+003,5.631168e+001
1.069335e+003,5.530373e+001
1.069817e+003,5.426083e+001
1.070299e+003,5.319322e+001
1.070781e+003,5.210922e+001
1.071263e+003,5.101447e+001
1.071746e+003,4.991228e+001
1.072228e+003,4.880444e+001
1.072710e+003,4.769228e+001
1.073192e+003,4.657752e+001
1.073674e+003,4.546282e+001
1.074156e+003,4.435266e+001
1.074638e+003,4.325510e+001
1.075120e+003,4.218403e+001
1.075603e+003,4.116135e+001
1.076085e+003,4.021742e+001
1.076567e+003,3.938877e+001
1.077049e+003,3.871307e+001
1.077531e+003,3.822252e+001
1.078013e+003,3.793815e+001
1.078495e+003,3.786735e+001
1.078977e+003,3.800494e+001
1.079459e+003,3.833719e+001
1.079942e+003,3.884625e+001
1.080424e+003,3.951326e+001
1.080906e+003,4.031929e+001
1.081388e+003,4.124552e+001
1.081870e+003,4.227369e+001
1.082352e+003,4.338769e+001
1.082834e+003,4.457591e+001
1.083316e+003,4.583248e+001
1.083798e+003,4.715625e+001
1.084281e+003,4.854685e+001
1.084763e+003,4.999912e+001
1.085245e+003,5.149819e+001
1.085727e+003,5.301738e+001
1.086209e+003,5.452021e+001
1.086691e+003,5.596558e+001
1.087173e+003,5.731413e+001
1.087655e+003,5.853356e+001
1.088137e+003,5.960152e+001
1.088620e+003,6.050574e+001
1.089102e+003,6.124230e+001
1.089584e+003,6.181303e+001
1.090066e+003,6.222293e+001
1.090548e+003,6.247874e+001
1.091030e+003,6.258849e+001
1.091512e+003,6.256186e+001
1.091994e+003,6.241084e+001
1.092477e+003,6.214963e+001
1.092959e+003,6.179379e+001
1.093441e+003,6.135846e+001
1.093923e+003,6.085640e+001
1.094405e+003,6.029697e+001
1.094887e+003,5.968628e+001
1.095369e+003,5.902844e+001
1.095851e+003,5.832734e+001
1.096333e+003,5.758771e+001
1.096816e+003,5.681540e+001
1.097298e+003,5.601643e+001
1.097780e+003,5.519591e+001
1.098262e+003,5.435744e+001
1.098744e+003,5.350327e+001
1.099226e+003,5.263507e+001
1.099708e+003,5.175449e+001
1.100190e+003,5.086306e+001
1.100673e+003,4.996132e+001
1.101155e+003,4.904758e+001
1.101637e+003,4.811756e+001
1.102119e+003,4.716523e+001
1.102601e+003,4.618466e+001
1.103083e+003,4.517210e+001
1.103565e+003,4.412708e+001
1.104047e+003,4.305182e+001
1.104530e+003,4.194933e+001
1.105012e+003,4.082114e+001
1.105494e+003,3.966633e+001
1.105976e+003,3.848251e+001
1.106458e+003,3.726868e+001
1.106940e+003,3.602837e+001
1.107422e+003,3.477182e+001
1.107904e+003,3.351563e+001
1.108386e+003,3.228048e+001
1.108869e+003,3.108789e+001
1.109351e+003,2.995795e+001
1.109833e+003,2.890875e+001
1.110315e+003,2.795741e+001
1.110797e+003,2.712074e+001
1.111279e+003,2.641430e+001
1.111761e+003,2.584899e+001
1.112243e+003,2.542686e+001
1.112725e+003,2.513822e+001
1.113208e+003,2.496229e+001
1.113690e+003,2.487171e+001
1.114172e+003,2.483943e+001
1.114654e+003,2.484484e+001
1.115136e+003,2.487716e+001
1.115618e+003,2.493495e+001
1.116100e+003,2.502289e+001
1.116582e+003,2.514778e+001
1.117064e+003,2.531571e+001
1.117547e+003,2.553137e+001
1.118029e+003,2.579863e+001
1.118511e+003,2.612113e+001
1.118993e+003,2.650165e+001
1.119475e+003,2.694028e+001
1.119957e+003,2.743271e+001
1.120439e+003,2.797035e+001
1.120921e+003,2.854290e+001
1.121404e+003,2.914298e+001
1.121886e+003,2.977038e+001
1.122368e+003,3.043382e+001
1.122850e+003,3.114883e+001
1.123332e+003,3.193239e+001
1.123814e+003,3.279632e+001
1.124296e+003,3.374252e+001
1.124778e+003,3.476184e+001
1.125260e+003,3.583699e+001
1.125743e+003,3.694752e+001
1.126225e+003,3.807455e+001
1.126707e+003,3.920340e+001
1.127189e+003,4.032336e+001
1.127671e+003,4.142597e+001
1.128153e+003,4.250309e+001
1.128635e+003,4.354606e+001
1.129117e+003,4.454636e+001
1.129600e+003,4.549696e+001
1.130082e+003,4.639370e+001
1.130564e+003,4.723536e+001
1.131046e+003,4.802309e+001
1.131528e+003,4.875908e+001
1.132010e+003,4.944556e+001
1.132492e+003,5.008456e+001
1.132974e+003,5.067823e+001
1.133457e+003,5.122966e+001
1.133939e+003,5.174298e+001
1.134421e+003,5.222319e+001
1.134903e+003,5.267505e+001
1.135385e+003,5.310210e+001
1.135867e+003,5.350606e+001
1.136349e+003,5.388705e+001
1.136831e+003,5.424457e+001
1.137313e+003,5.457867e+001
1.137796e+003,5.489047e+001
1.138278e+003,5.518216e+001
1.138760e+003,5.545615e+001
1.139242e+003,5.571412e+001
1.139724e+003,5.595631e+001
1.140206e+003,5.618171e+001
1.140688e+003,5.638879e+001
1.141170e+003,5.657648e+001
1.141652e+003,5.674493e+001
1.142135e+003,5.689565e+001
1.142617e+003,5.703075e+001
1.143099e+003,5.715239e+001
1.143581e+003,5.726210e+001
1.144063e+003,5.736075e+001
1.144545e+003,5.744897e+001
1.145027e+003,5.752788e+001
1.145509e+003,5.759927e+001
1.145991e+003,5.766547e+001
1.146474e+003,5.772843e+001
1.146956e+003,5.778912e+001
1.147438e+003,5.784707e+001
1.147920e+003,5.790071e+001
1.148402e+003,5.794839e+001
1.148884e+003,5.798932e+001
1.149366e+003,5.802409e+001
1.149848e+003,5.805429e+001
1.150331e+003,5.808130e+001
1.150813e+003,5.810489e+001
1.151295e+003,5.812219e+001
1.151777e+003,5.812793e+001
1.152259e+003,5.811540e+001
1.152741e+003,5.807822e+001
1.153223e+003,5.801175e+001
1.153705e+003,5.791385e+001
1.154188e+003,5.778443e+001
1.154670e+003,5.762443e+001
1.155152e+003,5.743428e+001
1.155634e+003,5.721301e+001
1.156116e+003,5.695808e+001
1.156598e+003,5.666603e+001
1.157080e+003,5.633348e+001
1.157562e+003,5.595803e+001
1.158044e+003,5.553874e+001
1.158527e+003,5.507583e+001
1.159009e+003,5.457024e+001
1.159491e+003,5.402328e+001
1.159973e+003,5.343661e+001
1.160455e+003,5.281271e+001
1.160937e+003,5.215536e+001
1.161419e+003,5.146988e+001
1.161901e+003,5.076260e+001
1.162384e+003,5.003978e+001
1.162866e+003,4.930656e+001
1.163348e+003,4.856636e+001
1.163830e+003,4.782100e+001
1.164312e+003,4.707172e+001
1.164794e+003,4.631990e+001
1.165276e+003,4.556740e+001
1.165758e+003,4.481582e+001
1.166240e+003,4.406541e+001
1.166723e+003,4.331429e+001
1.167205e+003,4.255872e+001
1.167687e+003,4.179481e+001
1.168169e+003,4.102078e+001
1.168651e+003,4.023873e+001
1.169133e+003,3.945514e+001
1.169615e+003,3.867955e+001
1.170097e+003,3.792217e+001
1.170579e+003,3.719163e+001
1.171062e+003,3.649421e+001
1.171544e+003,3.583485e+001
1.172026e+003,3.521930e+001
1.172508e+003,3.465595e+001
1.172990e+003,3.415610e+001
1.173472e+003,3.373205e+001
1.173954e+003,3.339407e+001
1.174436e+003,3.314772e+001
1.174918e+003,3.299290e+001
1.175401e+003,3.292524e+001
1.175883e+003,3.293850e+001
1.176365e+003,3.302668e+001
1.176847e+003,3.318417e+001
1.177329e+003,3.340415e+001
1.177811e+003,3.367616e+001
1.178293e+003,3.398458e+001
1.178775e+003,3.430965e+001
1.179258e+003,3.463049e+001
1.179740e+003,3.492920e+001
1.180222e+003,3.519402e+001
1.180704e+003,3.542003e+001
1.181186e+003,3.560735e+001
1.181668e+003,3.575790e+001
1.182150e+003,3.587268e+001
1.182632e+003,3.595078e+001
1.183115e+003,3.599051e+001
1.183597e+003,3.599195e+001
1.184079e+003,3.595884e+001
1.184561e+003,3.589968e+001
1.185043e+003,3.582401e+001
1.185525e+003,3.574141e+001
1.186007e+003,3.565888e+001
1.186489e+003,3.558001e+001
1.186971e+003,3.550632e+001
1.187454e+003,3.543973e+001
1.187936e+003,3.538485e+001
1.188418e+003,3.534973e+001
1.188900e+003,3.534484e+001
1.189382e+003,3.538073e+001
1.189864e+003,3.546612e+001
1.190346e+003,3.560746e+001
1.190828e+003,3.581033e+001
1.191311e+003,3.608175e+001
1.191793e+003,3.643179e+001
1.192275e+003,3.687359e+001
1.192757e+003,3.742109e+001
1.193239e+003,3.808595e+001
1.193721e+003,3.887495e+001
1.194203e+003,3.978935e+001
1.194685e+003,4.082617e+001
1.195167e+003,4.198041e+001
1.195650e+003,4.324660e+001
1.196132e+003,4.461877e+001
1.196614e+003,4.608891e+001
1.197096e+003,4.764518e+001
1.197578e+003,4.927131e+001
1.198060e+003,5.094762e+001
1.198542e+003,5.265355e+001
1.199024e+003,5.437001e+001
1.199506e+003,5.608091e+001
1.199989e+003,5.777290e+001
1.200471e+003,5.943436e+001
1.200953e+003,6.105433e+001
1.201435e+003,6.262204e+001
1.201917e+003,6.412758e+001
1.202399e+003,6.556267e+001
1.202881e+003,6.692144e+001
1.203363e+003,6.820039e+001
1.203845e+003,6.939804e+001
1.204328e+003,7.051441e+001
1.204810e+003,7.155077e+001
1.205292e+003,7.250960e+001
1.205774e+003,7.339473e+001
1.206256e+003,7.421093e+001
1.206738e+003,7.496341e+001
1.207220e+003,7.565710e+001
1.207702e+003,7.629639e+001
1.208185e+003,7.688534e+001
1.208667e+003,7.742828e+001
1.209149e+003,7.793051e+001
1.209631e+003,7.839841e+001
1.210113e+003,7.883871e+001
1.210595e+003,7.925749e+001
1.211077e+003,7.965896e+001
1.211559e+003,8.004506e+001
1.212042e+003,8.041582e+001
1.212524e+003,8.077045e+001
1.213006e+003,8.110835e+001
1.213488e+003,8.142969e+001
1.213970e+003,8.173524e+001
1.214452e+003,8.202551e+001
1.214934e+003,8.230013e+001
1.215416e+003,8.255772e+001
1.215898e+003,8.279665e+001
1.216381e+003,8.301611e+001
1.216863e+003,8.321692e+001
1.217345e+003,8.340154e+001
1.217827e+003,8.357284e+001
1.218309e+003,8.373255e+001
1.218791e+003,8.388004e+001
1.219273e+003,8.401221e+001
1.219755e+003,8.412458e+001
1.220238e+003,8.421344e+001
1.220720e+003,8.427728e+001
1.221202e+003,8.431754e+001
1.221684e+003,8.433767e+001
1.222166e+003,8.434150e+001
1.222648e+003,8.433134e+001
1.223130e+003,8.430703e+001
1.223612e+003,8.426635e+001
1.224094e+003,8.420605e+001
1.224577e+003,8.412302e+001
1.225059e+003,8.401512e+001
1.225541e+003,8.388091e+001
1.226023e+003,8.371914e+001
1.226505e+003,8.352848e+001
1.226987e+003,8.330798e+001
1.227469e+003,8.305853e+001
1.227951e+003,8.278436e+001
1.228434e+003,8.249401e+001
1.228916e+003,8.219998e+001
1.229398e+003,8.191710e+001
1.229880e+003,8.166064e+001
1.230362e+003,8.144426e+001
1.230844e+003,8.127907e+001
1.231326e+003,8.117358e+001
1.231808e+003,8.113380e+001
1.232291e+003,8.116341e+001
1.232773e+003,8.126312e+001
1.233255e+003,8.142953e+001
1.233737e+003,8.165415e+001
1.234219e+003,8.192290e+001
1.234701e+003,8.221707e+001
1.235183e+003,8.251571e+001
1.235665e+003,8.279900e+001
1.236147e+003,8.305131e+001
1.236630e+003,8.326328e+001
1.237112e+003,8.343180e+001
1.237594e+003,8.355873e+001
1.238076e+003,8.364861e+001
1.238558e+003,8.370714e+001
1.239040e+003,8.374013e+001
1.239522e+003,8.375356e+001
1.240004e+003,8.375343e+001
1.240486e+003,8.374532e+001
1.240969e+003,8.373327e+001
1.241451e+003,8.371863e+001
1.241933e+003,8.369939e+001
1.242415e+003,8.367096e+001
1.242897e+003,8.362778e+001
1.243379e+003,8.356594e+001
1.243861e+003,8.348470e+001
1.244343e+003,8.338715e+001
1.244825e+003,8.327886e+001
1.245308e+003,8.316573e+001
1.245790e+003,8.305199e+001
1.246272e+003,8.293898e+001
1.246754e+003,8.282572e+001
1.247236e+003,8.271006e+001
1.247718e+003,8.259017e+001
1.248200e+003,8.246523e+001
1.248682e+003,8.233507e+001
1.249165e+003,8.219915e+001
1.249647e+003,8.205565e+001
1.250129e+003,8.190130e+001
1.250611e+003,8.173207e+001
1.251093e+003,8.154473e+001
1.251575e+003,8.133774e+001
1.252057e+003,8.111153e+001
1.252539e+003,8.086774e+001
1.253021e+003,8.060760e+001
1.253504e+003,8.033118e+001
1.253986e+003,8.003723e+001
1.254468e+003,7.972444e+001
1.254950e+003,7.939330e+001
1.255432e+003,7.904716e+001
1.255914e+003,7.869270e+001
1.256396e+003,7.833826e+001
1.256878e+003,7.799162e+001
1.257361e+003,7.765752e+001
1.257843e+003,7.733626e+001
1.258325e+003,7.702326e+001
1.258807e+003,7.671017e+001
1.259289e+003,7.638651e+001
1.259771e+003,7.604150e+001
1.260253e+003,7.566565e+001
1.260735e+003,7.525185e+001
1.261218e+003,7.479593e+001
1.261700e+003,7.429694e+001
1.262182e+003,7.375714e+001
1.262664e+003,7.318096e+001
1.263146e+003,7.257327e+001
1.263628e+003,7.193696e+001
1.264110e+003,7.127059e+001
1.264592e+003,7.056696e+001
1.265074e+003,6.981325e+001
1.265557e+003,6.899286e+001
1.266039e+003,6.808827e+001
1.266521e+003,6.708412e+001
1.267003e+003,6.596954e+001
1.267485e+003,6.473970e+001
1.267967e+003,6.339683e+001
1.268449e+003,6.195168e+001
1.268931e+003,6.042590e+001
1.269413e+003,5.885466e+001
1.269896e+003,5.728857e+001
1.270378e+003,5.579251e+001
1.270860e+003,5.444024e+001
1.271342e+003,5.330505e+001
1.271824e+003,5.244792e+001
1.272306e+003,5.190588e+001
1.272788e+003,5.168301e+001
1.273270e+003,5.174601e+001
1.273752e+003,5.202560e+001
1.274235e+003,5.242439e+001
1.274717e+003,5.283060e+001
1.275199e+003,5.313523e+001
1.275681e+003,5.324907e+001
1.276163e+003,5.311577e+001
1.276645e+003,5.271821e+001
1.277127e+003,5.207782e+001
1.277609e+003,5.124721e+001
1.278092e+003,5.029873e+001
1.278574e+003,4.931150e+001
1.279056e+003,4.835984e+001
1.279538e+003,4.750518e+001
1.280020e+003,4.679192e+001
1.280502e+003,4.624643e+001
1.280984e+003,4.587783e+001
1.281466e+003,4.567949e+001
1.281948e+003,4.563141e+001
1.282431e+003,4.570404e+001
1.282913e+003,4.586372e+001
1.283395e+003,4.607885e+001
1.283877e+003,4.632533e+001
1.284359e+003,4.658906e+001
1.284841e+003,4.686476e+001
1.285323e+003,4.715128e+001
1.285805e+003,4.744515e+001
1.286288e+003,4.773489e+001
1.286770e+003,4.799812e+001
1.287252e+003,4.820268e+001
1.287734e+003,4.831144e+001
1.288216e+003,4.828899e+001
1.288698e+003,4.810824e+001
1.289180e+003,4.775516e+001
1.289662e+003,4.723081e+001
1.290145e+003,4.655075e+001
1.290627e+003,4.574284e+001
1.291109e+003,4.484436e+001
1.291591e+003,4.389960e+001
1.292073e+003,4.295750e+001
1.292555e+003,4.206896e+001
1.293037e+003,4.128354e+001
1.293519e+003,4.064569e+001
1.294001e+003,4.019168e+001
1.294484e+003,3.994835e+001
1.294966e+003,3.993382e+001
1.295448e+003,4.015965e+001
1.295930e+003,4.063236e+001
1.296412e+003,4.135359e+001
1.296894e+003,4.231874e+001
1.297376e+003,4.351507e+001
1.297858e+003,4.492097e+001
1.298340e+003,4.650714e+001
1.298823e+003,4.823904e+001
1.299305e+003,5.007979e+001
1.299787e+003,5.199195e+001
1.300269e+003,5.393850e+001
1.300751e+003,5.588326e+001
1.301233e+003,5.779195e+001
1.301715e+003,5.963372e+001
1.302197e+003,6.138312e+001
1.302679e+003,6.302102e+001
1.303162e+003,6.453455e+001
1.303644e+003,6.591566e+001
1.304126e+003,6.715984e+001
1.304608e+003,6.826486e+001
1.305090e+003,6.923062e+001
1.305572e+003,7.005919e+001
1.306054e+003,7.075475e+001
1.306536e+003,7.132311e+001
1.307019e+003,7.177132e+001
1.307501e+003,7.210722e+001
1.307983e+003,7.234015e+001
1.308465e+003,7.248177e+001
1.308947e+003,7.254662e+001
1.309429e+003,7.255185e+001
1.309911e+003,7.251561e+001
1.310393e+003,7.245488e+001
1.310875e+003,7.238346e+001
1.311358e+003,7.231101e+001
1.311840e+003,7.224341e+001
1.312322e+003,7.218380e+001
1.312804e+003,7.213417e+001
1.313286e+003,7.209633e+001
1.313768e+003,7.207221e+001
1.314250e+003,7.206345e+001
1.314732e+003,7.207096e+001
1.315215e+003,7.209464e+001
1.315697e+003,7.213370e+001
1.316179e+003,7.218731e+001
1.316661e+003,7.225508e+001
1.317143e+003,7.233698e+001
1.317625e+003,7.243248e+001
1.318107e+003,7.253940e+001
1.318589e+003,7.265280e+001
1.319072e+003,7.276501e+001
1.319554e+003,7.286660e+001
1.320036e+003,7.294831e+001
1.320518e+003,7.300268e+001
1.321000e+003,7.302473e+001
1.321482e+003,7.301125e+001
1.321964e+003,7.295936e+001
1.322446e+003,7.286496e+001
1.322928e+003,7.272241e+001
1.323411e+003,7.252554e+001
1.323893e+003,7.226946e+001
1.324375e+003,7.195233e+001
1.324857e+003,7.157557e+001
1.325339e+003,7.114265e+001
1.325821e+003,7.065676e+001
1.326303e+003,7.011868e+001
1.326785e+003,6.952600e+001
1.327267e+003,6.887404e+001
1.327750e+003,6.815749e+001
1.328232e+003,6.737204e+001
1.328714e+003,6.651501e+001
1.329196e+003,6.558462e+001
1.329678e+003,6.457908e+001
1.330160e+003,6.349647e+001
1.330642e+003,6.233577e+001
1.331124e+003,6.109888e+001
1.331606e+003,5.979219e+001
1.332089e+003,5.842639e+001
1.332571e+003,5.701426e+001
1.333053e+003,5.556749e+001
1.333535e+003,5.409408e+001
1.334017e+003,5.259779e+001
1.334499e+003,5.107922e+001
1.334981e+003,4.953769e+001
1.335463e+003,4.797188e+001
1.335946e+003,4.637912e+001
1.336428e+003,4.475371e+001
1.336910e+003,4.308623e+001
1.337392e+003,4.136605e+001
1.337874e+003,3.958739e+001
1.338356e+003,3.775715e+001
1.338838e+003,3.590053e+001
1.339320e+003,3.405995e+001
1.339802e+003,3.228589e+001
1.340285e+003,3.062354e+001
1.340767e+003,2.910355e+001
1.341249e+003,2.774303e+001
1.341731e+003,2.655647e+001
1.342213e+003,2.557004e+001
1.342695e+003,2.483164e+001
1.343177e+003,2.441174e+001
1.343659e+003,2.439389e+001
1.344142e+003,2.485791e+001
1.344624e+003,2.586192e+001
1.345106e+003,2.742999e+001
1.345588e+003,2.954914e+001
1.346070e+003,3.217413e+001
1.346552e+003,3.523553e+001
1.347034e+003,3.864721e+001
1.347516e+003,4.231231e+001
1.347999e+003,4.612904e+001
1.348481e+003,4.999754e+001
1.348963e+003,5.382663e+001
1.349445e+003,5.753859e+001
1.349927e+003,6.107020e+001
1.350409e+003,6.437102e+001
1.350891e+003,6.740127e+001
1.351373e+003,7.013190e+001
1.351855e+003,7.254655e+001
1.352338e+003,7.464410e+001
1.352820e+003,7.643853e+001
1.353302e+003,7.795557e+001
1.353784e+003,7.922643e+001
1.354266e+003,8.028172e+001
1.354748e+003,8.114797e+001
1.355230e+003,8.184747e+001
1.355712e+003,8.240055e+001
1.356194e+003,8.282805e+001
1.356677e+003,8.315174e+001
1.357159e+003,8.339256e+001
1.357641e+003,8.356786e+001
1.358123e+003,8.368947e+001
1.358605e+003,8.376437e+001
1.359087e+003,8.379720e+001
1.359569e+003,8.379378e+001
1.360051e+003,8.376373e+001
1.360533e+003,8.372038e+001
1.361016e+003,8.367851e+001
1.361498e+003,8.364996e+001
1.361980e+003,8.363957e+001
1.362462e+003,8.364333e+001
1.362944e+003,8.365017e+001
1.363426e+003,8.364718e+001
1.363908e+003,8.362511e+001
1.364390e+003,8.358118e+001
1.364873e+003,8.351723e+001
1.365355e+003,8.343620e+001
1.365837e+003,8.333907e+001
1.366319e+003,8.322417e+001
1.366801e+003,8.308924e+001
1.367283e+003,8.293445e+001
1.367765e+003,8.276447e+001
1.368247e+003,8.258794e+001
1.368729e+003,8.241433e+001
1.369212e+003,8.225031e+001
1.369694e+003,8.209758e+001
1.370176e+003,8.195360e+001
1.370658e+003,8.181445e+001
1.371140e+003,8.167809e+001
1.371622e+003,8.154617e+001
1.372104e+003,8.142406e+001
1.372586e+003,8.131897e+001
1.373069e+003,8.123701e+001
1.373551e+003,8.118030e+001
1.374033e+003,8.114552e+001
1.374515e+003,8.112479e+001
1.374997e+003,8.110909e+001
1.375479e+003,8.109160e+001
1.375961e+003,8.106891e+001
1.376443e+003,8.103905e+001
1.376926e+003,8.099847e+001
1.377408e+003,8.094041e+001
1.377890e+003,8.085581e+001
1.378372e+003,8.073714e+001
1.378854e+003,8.058214e+001
1.379336e+003,8.039595e+001
1.379818e+003,8.018914e+001
1.380300e+003,7.997339e+001
1.380782e+003,7.975659e+001
1.381265e+003,7.954062e+001
1.381747e+003,7.932212e+001
1.382229e+003,7.909576e+001
1.382711e+003,7.885826e+001
1.383193e+003,7.861039e+001
1.383675e+003,7.835635e+001
1.384157e+003,7.810088e+001
1.384639e+003,7.784614e+001
1.385121e+003,7.759006e+001
1.385604e+003,7.732748e+001
1.386086e+003,7.705308e+001
1.386568e+003,7.676450e+001
1.387050e+003,7.646323e+001
1.387532e+003,7.615210e+001
1.388014e+003,7.583173e+001
1.388496e+003,7.549889e+001
1.388978e+003,7.514806e+001
1.389460e+003,7.477490e+001
1.389943e+003,7.437946e+001
1.390425e+003,7.396731e+001
1.390907e+003,7.354787e+001
1.391389e+003,7.313065e+001
1.391871e+003,7.272038e+001
1.392353e+003,7.231351e+001
1.392835e+003,7.189754e+001
1.393317e+003,7.145446e+001
1.393800e+003,7.096819e+001
1.394282e+003,7.043253e+001
1.394764e+003,6.985477e+001
1.395246e+003,6.925182e+001
1.395728e+003,6.864040e+001
1.396210e+003,6.802848e+001
1.396692e+003,6.741195e+001
1.397174e+003,6.677717e+001
1.397656e+003,6.610706e+001
1.398139e+003,6.538875e+001
1.398621e+003,6.461987e+001
1.399103e+003,6.381053e+001
1.399585e+003,6.297881e+001
1.400067e+003,6.214275e+001
1.400549e+003,6.131393e+001
1.401031e+003,6.049638e+001
1.401513e+003,5.968929e+001
1.401996e+003,5.889090e+001
1.402478e+003,5.810180e+001
1.402960e+003,5.732673e+001
1.403442e+003,5.657561e+001
1.403924e+003,5.586283e+001
1.404406e+003,5.520539e+001
1.404888e+003,5.461961e+001
1.405370e+003,5.411790e+001
1.405853e+003,5.370639e+001
1.406335e+003,5.338392e+001
1.406817e+003,5.314266e+001
1.407299e+003,5.296941e+001
1.407781e+003,5.284782e+001
1.408263e+003,5.276121e+001
1.408745e+003,5.269541e+001
1.409227e+003,5.264084e+001
1.409709e+003,5.259275e+001
1.410192e+003,5.254933e+001
1.410674e+003,5.250853e+001
1.411156e+003,5.246516e+001
1.411638e+003,5.241042e+001
1.412120e+003,5.233395e+001
1.412602e+003,5.222752e+001
1.413084e+003,5.208823e+001
1.413566e+003,5.191979e+001
1.414048e+003,5.173125e+001
1.414531e+003,5.153393e+001
1.415013e+003,5.133803e+001
1.415495e+003,5.115012e+001
1.415977e+003,5.097232e+001
1.416459e+003,5.080292e+001
1.416941e+003,5.063739e+001
1.417423e+003,5.046923e+001
1.417905e+003,5.029014e+001
1.418387e+003,5.008980e+001
1.418870e+003,4.985665e+001
1.419352e+003,4.958079e+001
1.419834e+003,4.925869e+001
1.420316e+003,4.889603e+001
1.420798e+003,4.850541e+001
1.421280e+003,4.810022e+001
1.421762e+003,4.768841e+001
1.422244e+003,4.726924e+001
1.422727e+003,4.683375e+001
1.423209e+003,4.636903e+001
1.423691e+003,4.586496e+001
1.424173e+003,4.532039e+001
1.424655e+003,4.474511e+001
1.425137e+003,4.415548e+001
1.425619e+003,4.356710e+001
1.426101e+003,4.298906e+001
1.426583e+003,4.242252e+001
1.427066e+003,4.186304e+001
1.427548e+003,4.130473e+001
1.428030e+003,4.074367e+001
1.428512e+003,4.017928e+001
1.428994e+003,3.961222e+001
1.429476e+003,3.904060e+001
1.429958e+003,3.845741e+001
1.430440e+003,3.785209e+001
1.430923e+003,3.721612e+001
1.431405e+003,3.654922e+001
1.431887e+003,3.586221e+001
1.432369e+003,3.517450e+001
1.432851e+003,3.450792e+001
1.433333e+003,3.388031e+001
1.433815e+003,3.330206e+001
1.434297e+003,3.277691e+001
1.434780e+003,3.230587e+001
1.435262e+003,3.189223e+001
1.435744e+003,3.154353e+001
1.436226e+003,3.126651e+001
1.436708e+003,3.105624e+001
1.437190e+003,3.089019e+001
1.437672e+003,3.073622e+001
1.438154e+003,3.056735e+001
1.438636e+003,3.036963e+001
1.439119e+003,3.013999e+001
1.439601e+003,2.987968e+001
1.440083e+003,2.958843e+001
1.440565e+003,2.926132e+001
1.441047e+003,2.888878e+001
1.441529e+003,2.845989e+001
1.442011e+003,2.796791e+001
1.442493e+003,2.741537e+001
1.442976e+003,2.681608e+001
1.443458e+003,2.619249e+001
1.443940e+003,2.556898e+001
1.444422e+003,2.496419e+001
1.444904e+003,2.438559e+001
1.445386e+003,2.382899e+001
1.445868e+003,2.328344e+001
1.446350e+003,2.273988e+001
1.446833e+003,2.220026e+001
1.447314e+003,2.168158e+001
1.447797e+003,2.121076e+001
1.448279e+003,2.081108e+001
1.448761e+003,2.048929e+001
1.449243e+003,2.023317e+001
1.449725e+003,2.002073e+001
1.450207e+003,1.983333e+001
1.450689e+003,1.966424e+001
1.451171e+003,1.951921e+001
1.451654e+003,1.941045e+001
1.452136e+003,1.934754e+001
1.452618e+003,1.933092e+001
1.453100e+003,1.935211e+001
1.453582e+003,1.940168e+001
1.454064e+003,1.948199e+001
1.454546e+003,1.962125e+001
1.455028e+003,1.988573e+001
1.455510e+003,2.038327e+001
1.455993e+003,2.124088e+001
1.456475e+003,2.253862e+001
1.456957e+003,2.422529e+001
1.457439e+003,2.610849e+001
1.457921e+003,2.796331e+001
1.458403e+003,2.965195e+001
1.458885e+003,3.114248e+001
1.459367e+003,3.245482e+001
1.459850e+003,3.360946e+001
1.460332e+003,3.460872e+001
1.460814e+003,3.544246e+001
1.461296e+003,3.610281e+001
1.461778e+003,3.659726e+001
1.462260e+003,3.695620e+001
1.462742e+003,3.723420e+001
1.463224e+003,3.750587e+001
1.463707e+003,3.785452e+001
1.464189e+003,3.835385e+001
1.464671e+003,3.904828e+001
1.465153e+003,3.994508e+001
1.465635e+003,4.102489e+001
1.466117e+003,4.226062e+001
1.466599e+003,4.362804e+001
1.467081e+003,4.510343e+001
1.467563e+003,4.665580e+001
1.468046e+003,4.824361e+001
1.468528e+003,4.981983e+001
1.469010e+003,5.134279e+001
1.469492e+003,5.278664e+001
1.469974e+003,5.414513e+001
1.470456e+003,5.542533e+001
1.470938e+003,5.663127e+001
1.471420e+003,5.774267e+001
1.471903e+003,5.870119e+001
1.472385e+003,5.942141e+001
1.472867e+003,5.982885e+001
1.473349e+003,5.989757e+001
1.473831e+003,5.965448e+001
1.474313e+003,5.915288e+001
1.474795e+003,5.844519e+001
1.475277e+003,5.757487e+001
1.475760e+003,5.658609e+001
1.476241e+003,5.553677e+001
1.476724e+003,5.450134e+001
1.477206e+003,5.355722e+001
1.477688e+003,5.276309e+001
1.478170e+003,5.214248e+001
1.478652e+003,5.168077e+001
1.479134e+003,5.133347e+001
1.479616e+003,5.104008e+001
1.480098e+003,5.073928e+001
1.480581e+003,5.038351e+001
1.481063e+003,4.995015e+001
1.481545e+003,4.944478e+001
1.482027e+003,4.889486e+001
1.482509e+003,4.833767e+001
1.482991e+003,4.781041e+001
1.483473e+003,4.734717e+001
1.483955e+003,4.698238e+001
1.484438e+003,4.675566e+001
1.484920e+003,4.671304e+001
1.485402e+003,4.690198e+001
1.485884e+003,4.736078e+001
1.486366e+003,4.810741e+001
1.486848e+003,4.913498e+001
1.487330e+003,5.041809e+001
1.487812e+003,5.192794e+001
1.488294e+003,5.364629e+001
1.488777e+003,5.556671e+001
1.489259e+003,5.767642e+001
1.489741e+003,5.992809e+001
1.490223e+003,6.222531e+001
1.490705e+003,6.444276e+001
1.491187e+003,6.647195e+001
1.491669e+003,6.825957e+001
1.492151e+003,6.981519e+001
1.492634e+003,7.119299e+001
1.493116e+003,7.246557e+001
1.493598e+003,7.370194e+001
1.494080e+003,7.495268e+001
1.494562e+003,7.624057e+001
1.495044e+003,7.755662e+001
1.495526e+003,7.886301e+001
1.496008e+003,8.010645e+001
1.496490e+003,8.123944e+001
1.496973e+003,8.223921e+001
1.497455e+003,8.311103e+001
1.497937e+003,8.387542e+001
1.498419e+003,8.455101e+001
1.498901e+003,8.514566e+001
1.499383e+003,8.565865e+001
1.499865e+003,8.608872e+001
1.500347e+003,8.644096e+001
1.500830e+003,8.672809e+001
1.501312e+003,8.696699e+001
1.501794e+003,8.717287e+001
1.502276e+003,8.735545e+001
1.502758e+003,8.751806e+001
1.503240e+003,8.765968e+001
1.503722e+003,8.777824e+001
1.504204e+003,8.787414e+001
1.504687e+003,8.795446e+001
1.505168e+003,8.803812e+001
1.505651e+003,8.815926e+001
1.506133e+003,8.835674e+001
1.506615e+003,8.863948e+001
1.507097e+003,8.895572e+001
1.507579e+003,8.922106e+001
1.508061e+003,8.938584e+001
1.508543e+003,8.945901e+001
1.509025e+003,8.947930e+001
1.509508e+003,8.948019e+001
1.509990e+003,8.947431e+001
1.510472e+003,8.945496e+001
1.510954e+003,8.940697e+001
1.511436e+003,8.931977e+001
1.511918e+003,8.919698e+001
1.512400e+003,8.905692e+001
1.512882e+003,8.892508e+001
1.513365e+003,8.882304e+001
1.513847e+003,8.876080e+001
1.514329e+003,8.873528e+001
1.514811e+003,8.873380e+001
1.515293e+003,8.874092e+001
1.515775e+003,8.874494e+001
1.516257e+003,8.874123e+001
1.516739e+003,8.872927e+001
1.517221e+003,8.870619e+001
1.517704e+003,8.866312e+001
1.518186e+003,8.858768e+001
1.518668e+003,8.846947e+001
1.519150e+003,8.830437e+001
1.519632e+003,8.809888e+001
1.520114e+003,8.787544e+001
1.520596e+003,8.767435e+001
1.521078e+003,8.754058e+001
1.521561e+003,8.749385e+001
1.522043e+003,8.750844e+001
1.522525e+003,8.753015e+001
1.523007e+003,8.751358e+001
1.523489e+003,8.744138e+001
1.523971e+003,8.731802e+001
1.524453e+003,8.715565e+001
1.524935e+003,8.696362e+001
1.525417e+003,8.674520e+001
1.525900e+003,8.649962e+001
1.526382e+003,8.622679e+001
1.526864e+003,8.593201e+001
1.527346e+003,8.562750e+001
1.527828e+003,8.532956e+001
1.528310e+003,8.505334e+001
1.528792e+003,8.480800e+001
1.529274e+003,8.459505e+001
1.529757e+003,8.440994e+001
1.530239e+003,8.424499e+001
1.530721e+003,8.409158e+001
1.531203e+003,8.393925e+001
1.531685e+003,8.377205e+001
1.532167e+003,8.356416e+001
1.532649e+003,8.327920e+001
1.533131e+003,8.287782e+001
1.533614e+003,8.233413e+001
1.534095e+003,8.165128e+001
1.534578e+003,8.086253e+001
1.535060e+003,8.001542e+001
1.535542e+003,7.915115e+001
1.536024e+003,7.828932e+001
1.536506e+003,7.741917e+001
1.536988e+003,7.649342e+001
1.537470e+003,7.542253e+001
1.537952e+003,7.407658e+001
1.538435e+003,7.231181e+001
1.538917e+003,7.004549e+001
1.539399e+003,6.736977e+001
1.539881e+003,6.461118e+001
1.540363e+003,6.221833e+001
1.540845e+003,6.053235e+001
1.541327e+003,5.965817e+001
1.541809e+003,5.952222e+001
1.542292e+003,6.000047e+001
1.542774e+003,6.100174e+001
1.543256e+003,6.248327e+001
1.543738e+003,6.441846e+001
1.544220e+003,6.674438e+001
1.544702e+003,6.932236e+001
1.545184e+003,7.194611e+001
1.545666e+003,7.440160e+001
1.546148e+003,7.653979e+001
1.546631e+003,7.831246e+001
1.547113e+003,7.975971e+001
1.547595e+003,8.097144e+001
1.548077e+003,8.204762e+001
1.548559e+003,8.306769e+001
1.549041e+003,8.407054e+001
1.549523e+003,8.504842e+001
1.550005e+003,8.596082e+001
1.550488e+003,8.676390e+001
1.550970e+003,8.743756e+001
1.551452e+003,8.799149e+001
1.551934e+003,8.845173e+001
1.552416e+003,8.884142e+001
1.552898e+003,8.916878e+001
1.553380e+003,8.942706e+001
1.553862e+003,8.960570e+001
1.554344e+003,8.970567e+001
1.554827e+003,8.974862e+001
1.555309e+003,8.977354e+001
1.555791e+003,8.982413e+001
1.556273e+003,8.993555e+001
1.556755e+003,9.012692e+001
1.557237e+003,9.040211e+001
1.557719e+003,9.075874e+001
1.558201e+003,9.119794e+001
1.558684e+003,9.170428e+001
1.559166e+003,9.218839e+001
1.559648e+003,9.250026e+001
1.560130e+003,9.255427e+001
1.560612e+003,9.238457e+001
1.561094e+003,9.208257e+001
1.561576e+003,9.173310e+001
1.562058e+003,9.139452e+001
1.562541e+003,9.110228e+001
1.563022e+003,9.087594e+001
1.563505e+003,9.072324e+001
1.563987e+003,9.064005e+001
1.564469e+003,9.061025e+001
1.564951e+003,9.060867e+001
1.565433e+003,9.060938e+001
1.565915e+003,9.059563e+001
1.566397e+003,9.056448e+001
1.566879e+003,9.052434e+001
1.567362e+003,9.048811e+001
1.567844e+003,9.046611e+001
1.568326e+003,9.046206e+001
1.568808e+003,9.047129e+001
1.569290e+003,9.048071e+001
1.569772e+003,9.047076e+001
1.570254e+003,9.042191e+001
1.570736e+003,9.032333e+001
1.571219e+003,9.017750e+001
1.571701e+003,8.999767e+001
1.572183e+003,8.980128e+001
1.572665e+003,8.960506e+001
1.573147e+003,8.942331e+001
1.573629e+003,8.926900e+001
1.574111e+003,8.915501e+001
1.574593e+003,8.909447e+001
1.575075e+003,8.909663e+001
1.575558e+003,8.915745e+001
1.576040e+003,8.924939e+001
1.576522e+003,8.932495e+001
1.577004e+003,8.934044e+001
1.577486e+003,8.928055e+001
1.577968e+003,8.916100e+001
1.578450e+003,8.901208e+001
1.578932e+003,8.886041e+001
1.579415e+003,8.871941e+001
1.579897e+003,8.858856e+001
1.580379e+003,8.845846e+001
1.580861e+003,8.831815e+001
1.581343e+003,8.816152e+001
1.581825e+003,8.798988e+001
1.582307e+003,8.781008e+001
1.582789e+003,8.762977e+001
1.583271e+003,8.745334e+001
1.583754e+003,8.728113e+001
1.584236e+003,8.711136e+001
1.584718e+003,8.694318e+001
1.585200e+003,8.677820e+001
1.585682e+003,8.661897e+001
1.586164e+003,8.646523e+001
1.586646e+003,8.631000e+001
1.587128e+003,8.613841e+001
1.587611e+003,8.593085e+001
1.588093e+003,8.566976e+001
1.588575e+003,8.534760e+001
1.589057e+003,8.497169e+001
1.589539e+003,8.456320e+001
1.590021e+003,8.415019e+001
1.590503e+003,8.375853e+001
1.590985e+003,8.340515e+001
1.591468e+003,8.309635e+001
1.591949e+003,8.283062e+001
1.592432e+003,8.260374e+001
1.592914e+003,8.241270e+001
1.593396e+003,8.225682e+001
1.593878e+003,8.213608e+001
1.594360e+003,8.204797e+001
1.594842e+003,8.198563e+001
1.595324e+003,8.193886e+001
1.595806e+003,8.189742e+001
1.596289e+003,8.185505e+001
1.596771e+003,8.181129e+001
1.597253e+003,8.177032e+001
1.597735e+003,8.173672e+001
1.598217e+003,8.171122e+001
1.598699e+003,8.168823e+001
1.599181e+003,8.165715e+001
1.599663e+003,8.160645e+001
1.600146e+003,8.152925e+001
1.600628e+003,8.142673e+001
1.601110e+003,8.130801e+001
1.601592e+003,8.118622e+001
1.602074e+003,8.107297e+001
1.602556e+003,8.097469e+001
1.603038e+003,8.089232e+001
1.603520e+003,8.082438e+001
1.604002e+003,8.077079e+001
1.604485e+003,8.073468e+001
1.604967e+003,8.072105e+001
1.605449e+003,8.073247e+001
1.605931e+003,8.076465e+001
1.606413e+003,8.080415e+001
1.606895e+003,8.083092e+001
1.607377e+003,8.082449e+001
1.607859e+003,8.077198e+001
1.608342e+003,8.067268e+001
1.608824e+003,8.053654e+001
1.609306e+003,8.037659e+001
1.609788e+003,8.020027e+001
1.610270e+003,8.000462e+001
1.610752e+003,7.977831e+001
1.611234e+003,7.950907e+001
1.611716e+003,7.919203e+001
1.612198e+003,7.883423e+001
1.612681e+003,7.845196e+001
1.613163e+003,7.806272e+001
1.613645e+003,7.767523e+001
1.614127e+003,7.728198e+001
1.614609e+003,7.685734e+001
1.615091e+003,7.636367e+001
1.615573e+003,7.576707e+001
1.616055e+003,7.505811e+001
1.616538e+003,7.426324e+001
1.617020e+003,7.343204e+001
1.617502e+003,7.260805e+001
1.617984e+003,7.180988e+001
1.618466e+003,7.103478e+001
1.618948e+003,7.027219e+001
1.619430e+003,6.951354e+001
1.619912e+003,6.875530e+001
1.620395e+003,6.799664e+001
1.620876e+003,6.723534e+001
1.621359e+003,6.646444e+001
1.621841e+003,6.567165e+001
1.622323e+003,6.484405e+001
1.622805e+003,6.397659e+001
1.623287e+003,6.307906e+001
1.623769e+003,6.217498e+001
1.624251e+003,6.129206e+001
1.624733e+003,6.045141e+001
1.625216e+003,5.966273e+001
1.625698e+003,5.892786e+001
1.626180e+003,5.825045e+001
1.626662e+003,5.764754e+001
1.627144e+003,5.715781e+001
1.627626e+003,5.683915e+001
1.628108e+003,5.675237e+001
1.628590e+003,5.693697e+001
1.629073e+003,5.739466e+001
1.629555e+003,5.809049e+001
1.630037e+003,5.896808e+001
1.630519e+003,5.996720e+001
1.631001e+003,6.103597e+001
1.631483e+003,6.213742e+001
1.631965e+003,6.325280e+001
1.632447e+003,6.438382e+001
1.632929e+003,6.555350e+001
1.633412e+003,6.680457e+001
1.633894e+003,6.819157e+001
1.634376e+003,6.975995e+001
1.634858e+003,7.150637e+001
1.635340e+003,7.333492e+001
1.635822e+003,7.505917e+001
1.636304e+003,7.648854e+001
1.636786e+003,7.753637e+001
1.637269e+003,7.824419e+001
1.637751e+003,7.872143e+001
1.638233e+003,7.907717e+001
1.638715e+003,7.938729e+001
1.639197e+003,7.969083e+001
1.639679e+003,7.999979e+001
1.640161e+003,8.031097e+001
1.640643e+003,8.061634e+001
1.641125e+003,8.090932e+001
1.641608e+003,8.118721e+001
1.642090e+003,8.145002e+001
1.642572e+003,8.169869e+001
1.643054e+003,8.193404e+001
1.643536e+003,8.215765e+001
1.644018e+003,8.237382e+001
1.644500e+003,8.259114e+001
1.644982e+003,8.282150e+001
1.645465e+003,8.307480e+001
1.645947e+003,8.334833e+001
1.646429e+003,8.361600e+001
1.646911e+003,8.382932e+001
1.647393e+003,8.393924e+001
1.647875e+003,8.392638e+001
1.648357e+003,8.381296e+001
1.648839e+003,8.364848e+001
1.649322e+003,8.348676e+001
1.649803e+003,8.336961e+001
1.650286e+003,8.332067e+001
1.650768e+003,8.334522e+001
1.651250e+003,8.343393e+001
1.651732e+003,8.357205e+001
1.652214e+003,8.375535e+001
1.652696e+003,8.399337e+001
1.653178e+003,8.426722e+001
1.653660e+003,8.449166e+001
1.654143e+003,8.458147e+001
1.654625e+003,8.453145e+001
1.655107e+003,8.439891e+001
1.655589e+003,8.424872e+001
1.656071e+003,8.412503e+001
1.656553e+003,8.404727e+001
1.657035e+003,8.401471e+001
1.657517e+003,8.401262e+001
1.658000e+003,8.401838e+001
1.658482e+003,8.400868e+001
1.658964e+003,8.396625e+001
1.659446e+003,8.388491e+001
1.659928e+003,8.377129e+001
1.660410e+003,8.364330e+001
1.660892e+003,8.352693e+001
1.661374e+003,8.345161e+001
1.661856e+003,8.344373e+001
1.662339e+003,8.351823e+001
1.662821e+003,8.367046e+001
1.663303e+003,8.387527e+001
1.663785e+003,8.409668e+001
1.664267e+003,8.430207e+001
1.664749e+003,8.447176e+001
1.665231e+003,8.459981e+001
1.665713e+003,8.468959e+001
1.666196e+003,8.474884e+001
1.666678e+003,8.478676e+001
1.667160e+003,8.481329e+001
1.667642e+003,8.483898e+001
1.668124e+003,8.487381e+001
1.668606e+003,8.492448e+001
1.669088e+003,8.499096e+001
1.669570e+003,8.506594e+001
1.670052e+003,8.513879e+001
1.670535e+003,8.520324e+001
1.671017e+003,8.526260e+001
1.671499e+003,8.532902e+001
1.671981e+003,8.541764e+001
1.672463e+003,8.553961e+001
1.672945e+003,8.569644e+001
1.673427e+003,8.587736e+001
1.673909e+003,8.606014e+001
1.674392e+003,8.621646e+001
1.674874e+003,8.632117e+001
1.675356e+003,8.636143e+001
1.675838e+003,8.634099e+001
1.676320e+003,8.627806e+001
1.676802e+003,8.619863e+001
1.677284e+003,8.612807e+001
1.677766e+003,8.608471e+001
1.678249e+003,8.607712e+001
1.678730e+003,8.610477e+001
1.679213e+003,8.616078e+001
1.679695e+003,8.623578e+001
1.680177e+003,8.632176e+001
1.680659e+003,8.641518e+001
1.681141e+003,8.651797e+001
1.681623e+003,8.663615e+001
1.682105e+003,8.677799e+001
1.682587e+003,8.695358e+001
1.683070e+003,8.717513e+001
1.683552e+003,8.745035e+001
1.684034e+003,8.776227e+001
1.684516e+003,8.805477e+001
1.684998e+003,8.826109e+001
1.685480e+003,8.835423e+001
1.685962e+003,8.835902e+001
1.686444e+003,8.832502e+001
1.686927e+003,8.829783e+001
1.687409e+003,8.830618e+001
1.687891e+003,8.836049e+001
1.688373e+003,8.845589e+001
1.688855e+003,8.857691e+001
1.689337e+003,8.870302e+001
1.689819e+003,8.881507e+001
1.690301e+003,8.890058e+001
1.690783e+003,8.895712e+001
1.691266e+003,8.899203e+001
1.691748e+003,8.901968e+001
1.692230e+003,8.905723e+001
1.692712e+003,8.912108e+001
1.693194e+003,8.922311e+001
1.693676e+003,8.936844e+001
1.694158e+003,8.955338e+001
1.694640e+003,8.976448e+001
1.695123e+003,8.997833e+001
1.695605e+003,9.016461e+001
1.696087e+003,9.029520e+001
1.696569e+003,9.035907e+001
1.697051e+003,9.037102e+001
1.697533e+003,9.036515e+001
1.698015e+003,9.037978e+001
1.698497e+003,9.044600e+001
1.698979e+003,9.058356e+001
1.699462e+003,9.079760e+001
1.699944e+003,9.106677e+001
1.700426e+003,9.133053e+001
1.700908e+003,9.150988e+001
1.701390e+003,9.156133e+001
1.701872e+003,9.150156e+001
1.702354e+003,9.138147e+001
1.702836e+003,9.125039e+001
1.703319e+003,9.114020e+001
1.703801e+003,9.106648e+001
1.704283e+003,9.103678e+001
1.704765e+003,9.105713e+001
1.705247e+003,9.113177e+001
1.705729e+003,9.125629e+001
1.706211e+003,9.141244e+001
1.706693e+003,9.157114e+001
1.707176e+003,9.170184e+001
1.707657e+003,9.178091e+001
1.708140e+003,9.179701e+001
1.708622e+003,9.175349e+001
1.709104e+003,9.166855e+001
1.709586e+003,9.157108e+001
1.710068e+003,9.149261e+001
1.710550e+003,9.145734e+001
1.711032e+003,9.147501e+001
1.711514e+003,9.153904e+001
1.711997e+003,9.162991e+001
1.712479e+003,9.172294e+001
1.712961e+003,9.179741e+001
1.713443e+003,9.184493e+001
1.713925e+003,9.187311e+001
1.714407e+003,9.190366e+001
1.714889e+003,9.196476e+001
1.715371e+003,9.208138e+001
1.715854e+003,9.226631e+001
1.716336e+003,9.251383e+001
1.716818e+003,9.279649e+001
1.717300e+003,9.306759e+001
1.717782e+003,9.327324e+001
1.718264e+003,9.337281e+001
1.718746e+003,9.335631e+001
1.719229e+003,9.324563e+001
1.719710e+003,9.308132e+001
1.720193e+003,9.290639e+001
1.720675e+003,9.275607e+001
1.721157e+003,9.265346e+001
1.721639e+003,9.260874e+001
1.722121e+003,9.261953e+001
1.722603e+003,9.267165e+001
1.723085e+003,9.274254e+001
1.723567e+003,9.280700e+001
1.724050e+003,9.284490e+001
1.724532e+003,9.284770e+001
1.725014e+003,9.281999e+001
1.725496e+003,9.277586e+001
1.725978e+003,9.273236e+001
1.726460e+003,9.270300e+001
1.726942e+003,9.269382e+001
1.727424e+003,9.270259e+001
1.727906e+003,9.272045e+001
1.728389e+003,9.273616e+001
1.728871e+003,9.274022e+001
1.729353e+003,9.272894e+001
1.729835e+003,9.270573e+001
1.730317e+003,9.267983e+001
1.730799e+003,9.266311e+001
1.731281e+003,9.266644e+001
1.731763e+003,9.269713e+001
1.732246e+003,9.275819e+001
1.732728e+003,9.284933e+001
1.733210e+003,9.296687e+001
1.733692e+003,9.309847e+001
1.734174e+003,9.321447e+001
1.734656e+003,9.327261e+001
1.735138e+003,9.324381e+001
1.735620e+003,9.313290e+001
1.736103e+003,9.297222e+001
1.736585e+003,9.280086e+001
1.737067e+003,9.264927e+001
1.737549e+003,9.253451e+001
1.738031e+003,9.246164e+001
1.738513e+003,9.242728e+001
1.738995e+003,9.242209e+001
1.739477e+003,9.243163e+001
1.739959e+003,9.243877e+001
1.740442e+003,9.242894e+001
1.740924e+003,9.239599e+001
1.741406e+003,9.234382e+001
1.741888e+003,9.228416e+001
1.742370e+003,9.223249e+001
1.742852e+003,9.220444e+001
1.743334e+003,9.221280e+001
1.743816e+003,9.226398e+001
1.744299e+003,9.235569e+001
1.744781e+003,9.247608e+001
1.745263e+003,9.260496e+001
1.745745e+003,9.271729e+001
1.746227e+003,9.278843e+001
1.746709e+003,9.280146e+001
1.747191e+003,9.275483e+001
1.747673e+003,9.266624e+001
1.748156e+003,9.256980e+001
1.748637e+003,9.250629e+001
1.749120e+003,9.250993e+001
1.749602e+003,9.259712e+001
1.750084e+003,9.275991e+001
1.750566e+003,9.296669e+001
1.751048e+003,9.317117e+001
1.751530e+003,9.332926e+001
1.752012e+003,9.341551e+001
1.752494e+003,9.343029e+001
1.752977e+003,9.339399e+001
1.753459e+003,9.333465e+001
1.753941e+003,9.327679e+001
1.754423e+003,9.323560e+001
1.754905e+003,9.321608e+001
1.755387e+003,9.321509e+001
1.755869e+003,9.322454e+001
1.756351e+003,9.323452e+001
1.756833e+003,9.323559e+001
1.757316e+003,9.322164e+001
1.757798e+003,9.319199e+001
1.758280e+003,9.315206e+001
1.758762e+003,9.311193e+001
1.759244e+003,9.308370e+001
1.759726e+003,9.307858e+001
1.760208e+003,9.310476e+001
1.760690e+003,9.316503e+001
1.761173e+003,9.325432e+001
1.761655e+003,9.335827e+001
1.762137e+003,9.345566e+001
1.762619e+003,9.352570e+001
1.763101e+003,9.355699e+001
1.763583e+003,9.355173e+001
1.764065e+003,9.352301e+001
1.764547e+003,9.348809e+001
1.765030e+003,9.346213e+001
1.765512e+003,9.345431e+001
1.765994e+003,9.346745e+001
1.766476e+003,9.349880e+001
1.766958e+003,9.354214e+001
1.767440e+003,9.358942e+001
1.767922e+003,9.363221e+001
1.768404e+003,9.366320e+001
1.768886e+003,9.367710e+001
1.769369e+003,9.367114e+001
1.769851e+003,9.364507e+001
1.770333e+003,9.360197e+001
1.770815e+003,9.355070e+001
1.771297e+003,9.350745e+001
1.771779e+003,9.349219e+001
1.772261e+003,9.351741e+001
1.772743e+003,9.357792e+001
1.773226e+003,9.365179e+001
1.773708e+003,9.371352e+001
1.774190e+003,9.374617e+001
1.774672e+003,9.374477e+001
1.775154e+003,9.371342e+001
1.775636e+003,9.366086e+001
1.776118e+003,9.359766e+001
1.776600e+003,9.353468e+001
1.777083e+003,9.348219e+001
1.777564e+003,9.344891e+001
1.778047e+003,9.344138e+001
1.778529e+003,9.346300e+001
1.779011e+003,9.351331e+001
1.779493e+003,9.358743e+001
1.779975e+003,9.367617e+001
1.780457e+003,9.376794e+001
1.780939e+003,9.385217e+001
1.781421e+003,9.392304e+001
1.781904e+003,9.398145e+001
1.782386e+003,9.403356e+001
1.782868e+003,9.408671e+001
1.783350e+003,9.414442e+001
1.783832e+003,9.420334e+001
1.784314e+003,9.425276e+001
1.784796e+003,9.427795e+001
1.785278e+003,9.426643e+001
1.785760e+003,9.421360e+001
1.786243e+003,9.412559e+001
1.786725e+003,9.401716e+001
1.787207e+003,9.390683e+001
1.787689e+003,9.381147e+001
1.788171e+003,9.374311e+001
1.788653e+003,9.370775e+001
1.789135e+003,9.370647e+001
1.789617e+003,9.373706e+001
1.790100e+003,9.379590e+001
1.790582e+003,9.387863e+001
1.791064e+003,9.397925e+001
1.791546e+003,9.408775e+001
1.792028e+003,9.418831e+001
1.792510e+003,9.426120e+001
1.792992e+003,9.428989e+001
1.793474e+003,9.426878e+001
1.793957e+003,9.420576e+001
1.794439e+003,9.411813e+001
1.794921e+003,9.402498e+001
1.795403e+003,9.394127e+001
1.795885e+003,9.387495e+001
1.796367e+003,9.382735e+001
1.796849e+003,9.379578e+001
1.797331e+003,9.377661e+001
1.797813e+003,9.376816e+001
1.798296e+003,9.377161e+001
1.798778e+003,9.378981e+001
1.799260e+003,9.382497e+001
1.799742e+003,9.387634e+001
1.800224e+003,9.393890e+001
1.800706e+003,9.400445e+001
1.801188e+003,9.406414e+001
1.801670e+003,9.411141e+001
1.802153e+003,9.414314e+001
1.802635e+003,9.415881e+001
1.803117e+003,9.415797e+001
1.803599e+003,9.413895e+001
1.804081e+003,9.409913e+001
1.804563e+003,9.403739e+001
1.805045e+003,9.395700e+001
1.805527e+003,9.386699e+001
1.806010e+003,9.378085e+001
1.806491e+003,9.371293e+001
1.806974e+003,9.367407e+001
1.807456e+003,9.366835e+001
1.807938e+003,9.369234e+001
1.808420e+003,9.373724e+001
1.808902e+003,9.379296e+001
1.809384e+003,9.385230e+001
1.809866e+003,9.391316e+001
1.810348e+003,9.397767e+001
1.810831e+003,9.404847e+001
1.811313e+003,9.412498e+001
1.811795e+003,9.420119e+001
1.812277e+003,9.426704e+001
1.812759e+003,9.431221e+001
1.813241e+003,9.433044e+001
1.813723e+003,9.432121e+001
1.814205e+003,9.428918e+001
1.814688e+003,9.424176e+001
1.815170e+003,9.418674e+001
1.815652e+003,9.413094e+001
1.816134e+003,9.408026e+001
1.816616e+003,9.403999e+001
1.817098e+003,9.401505e+001
1.817580e+003,9.400925e+001
1.818062e+003,9.402374e+001
1.818544e+003,9.405519e+001
1.819027e+003,9.409505e+001
1.819509e+003,9.413087e+001
1.819991e+003,9.414987e+001
1.820473e+003,9.414359e+001
1.820955e+003,9.411148e+001
1.821437e+003,9.406095e+001
1.821919e+003,9.400433e+001
1.822401e+003,9.395358e+001
1.822884e+003,9.391557e+001
1.823366e+003,9.388968e+001
1.823848e+003,9.386870e+001
1.824330e+003,9.384265e+001
1.824812e+003,9.380386e+001
1.825294e+003,9.375118e+001
1.825776e+003,9.369093e+001
1.826258e+003,9.363429e+001
1.826740e+003,9.359283e+001
1.827223e+003,9.357413e+001
1.827705e+003,9.357981e+001
1.828187e+003,9.360606e+001
1.828669e+003,9.364603e+001
1.829151e+003,9.369241e+001
1.829633e+003,9.373888e+001
1.830115e+003,9.377984e+001
1.830597e+003,9.381007e+001
1.831080e+003,9.382564e+001
1.831562e+003,9.382565e+001
1.832044e+003,9.381255e+001
1.832526e+003,9.379140e+001
1.833008e+003,9.376832e+001
1.833490e+003,9.374896e+001
1.833972e+003,9.373732e+001
1.834454e+003,9.373511e+001
1.834937e+003,9.374133e+001
1.835418e+003,9.375249e+001
1.835901e+003,9.376347e+001
1.836383e+003,9.376910e+001
1.836865e+003,9.376518e+001
1.837347e+003,9.374916e+001
1.837829e+003,9.372025e+001
1.838311e+003,9.367968e+001
1.838793e+003,9.363088e+001
1.839275e+003,9.358006e+001
1.839758e+003,9.353572e+001
1.840240e+003,9.350759e+001
1.840722e+003,9.350410e+001
1.841204e+003,9.352953e+001
1.841686e+003,9.358134e+001
1.842168e+003,9.364900e+001
1.842650e+003,9.371569e+001
1.843132e+003,9.376295e+001
1.843615e+003,9.377757e+001
1.844097e+003,9.375726e+001
1.844579e+003,9.371111e+001
1.845061e+003,9.365537e+001
1.845543e+003,9.360672e+001
1.846025e+003,9.357697e+001
1.846507e+003,9.357047e+001
1.846989e+003,9.358475e+001
1.847471e+003,9.361264e+001
1.847954e+003,9.364581e+001
1.848436e+003,9.367744e+001
1.848918e+003,9.370363e+001
1.849400e+003,9.372310e+001
1.849882e+003,9.373598e+001
1.850364e+003,9.374229e+001
1.850846e+003,9.374228e+001
1.851328e+003,9.373664e+001
1.851811e+003,9.372787e+001
1.852293e+003,9.372034e+001
1.852775e+003,9.371917e+001
1.853257e+003,9.372842e+001
1.853739e+003,9.374902e+001
1.854221e+003,9.377776e+001
1.854703e+003,9.380825e+001
1.855185e+003,9.383316e+001
1.855667e+003,9.384692e+001
1.856150e+003,9.384763e+001
1.856632e+003,9.383734e+001
1.857114e+003,9.382076e+001
1.857596e+003,9.380330e+001
1.858078e+003,9.378952e+001
1.858560e+003,9.378244e+001
1.859042e+003,9.378394e+001
1.859524e+003,9.379547e+001
1.860007e+003,9.381806e+001
1.860489e+003,9.385178e+001
1.860971e+003,9.389406e+001
1.861453e+003,9.393929e+001
1.861935e+003,9.397909e+001
1.862417e+003,9.400471e+001
1.862899e+003,9.400966e+001
1.863381e+003,9.399220e+001
1.863864e+003,9.395596e+001
1.864345e+003,9.390865e+001
1.864828e+003,9.385928e+001
1.865310e+003,9.381535e+001
1.865792e+003,9.378072e+001
1.866274e+003,9.375534e+001
1.866756e+003,9.373622e+001
1.867238e+003,9.371954e+001
1.867720e+003,9.370234e+001
1.868202e+003,9.368311e+001
1.868685e+003,9.366087e+001
1.869167e+003,9.363416e+001
1.869649e+003,9.360104e+001
1.870131e+003,9.356120e+001
1.870613e+003,9.351761e+001
1.871095e+003,9.347681e+001
1.871577e+003,9.344656e+001
1.872059e+003,9.343299e+001
1.872542e+003,9.343769e+001
1.873024e+003,9.345653e+001
1.873506e+003,9.348124e+001
1.873988e+003,9.350249e+001
1.874470e+003,9.351377e+001
1.874952e+003,9.351421e+001
1.875434e+003,9.350824e+001
1.875916e+003,9.350282e+001
1.876398e+003,9.350310e+001
1.876881e+003,9.350923e+001
1.877363e+003,9.351557e+001
1.877845e+003,9.351315e+001
1.878327e+003,9.349384e+001
1.878809e+003,9.345448e+001
1.879291e+003,9.339868e+001
1.879773e+003,9.333537e+001
1.880255e+003,9.327512e+001
1.880738e+003,9.322610e+001
1.881220e+003,9.319116e+001
1.881702e+003,9.316801e+001
1.882184e+003,9.315168e+001
1.882666e+003,9.313808e+001
1.883148e+003,9.312614e+001
1.883630e+003,9.311819e+001
1.884112e+003,9.311761e+001
1.884594e+003,9.312610e+001
1.885077e+003,9.314140e+001
1.885559e+003,9.315771e+001
1.886041e+003,9.316745e+001
1.886523e+003,9.316412e+001
1.887005e+003,9.314443e+001
1.887487e+003,9.310882e+001
1.887969e+003,9.306046e+001
1.888451e+003,9.300413e+001
1.888934e+003,9.294458e+001
1.889416e+003,9.288567e+001
1.889898e+003,9.283003e+001
1.890380e+003,9.277972e+001
1.890862e+003,9.273694e+001
1.891344e+003,9.270425e+001
1.891826e+003,9.268350e+001
1.892308e+003,9.267471e+001
1.892791e+003,9.267520e+001
1.893272e+003,9.268083e+001
1.893755e+003,9.268743e+001
1.894237e+003,9.269270e+001
1.894719e+003,9.269680e+001
1.895201e+003,9.270111e+001
1.895683e+003,9.270627e+001
1.896165e+003,9.271091e+001
1.896647e+003,9.271165e+001
1.897129e+003,9.270544e+001
1.897612e+003,9.269202e+001
1.898094e+003,9.267593e+001
1.898576e+003,9.266594e+001
1.899058e+003,9.267206e+001
1.899540e+003,9.270107e+001
1.900022e+003,9.275281e+001
1.900504e+003,9.281860e+001
1.900986e+003,9.288380e+001
1.901469e+003,9.293274e+001
1.901951e+003,9.295502e+001
1.902433e+003,9.294928e+001
1.902915e+003,9.292316e+001
1.903397e+003,9.288958e+001
1.903879e+003,9.286142e+001
1.904361e+003,9.284720e+001
1.904843e+003,9.284901e+001
1.905325e+003,9.286369e+001
1.905808e+003,9.288587e+001
1.906290e+003,9.291104e+001
1.906772e+003,9.293735e+001
1.907254e+003,9.296484e+001
1.907736e+003,9.299371e+001
1.908218e+003,9.302225e+001
1.908700e+003,9.304684e+001
1.909182e+003,9.306289e+001
1.909665e+003,9.306779e+001
1.910147e+003,9.306244e+001
1.910629e+003,9.305126e+001
1.911111e+003,9.304008e+001
1.911593e+003,9.303300e+001
1.912075e+003,9.303014e+001
1.912557e+003,9.302766e+001
1.913039e+003,9.301961e+001
1.913521e+003,9.300140e+001
1.914004e+003,9.297263e+001
1.914486e+003,9.293816e+001
1.914968e+003,9.290662e+001
1.915450e+003,9.288768e+001
1.915932e+003,9.288882e+001
1.916414e+003,9.291270e+001
1.916896e+003,9.295586e+001
1.917378e+003,9.300906e+001
1.917861e+003,9.305933e+001
1.918343e+003,9.309386e+001
1.918825e+003,9.310345e+001
1.919307e+003,9.308494e+001
1.919789e+003,9.304095e+001
1.920271e+003,9.297825e+001
1.920753e+003,9.290553e+001
1.921235e+003,9.283191e+001
1.921718e+003,9.276513e+001
1.922199e+003,9.271018e+001
1.922682e+003,9.266776e+001
1.923164e+003,9.263358e+001
1.923646e+003,9.259964e+001
1.924128e+003,9.255780e+001
1.924610e+003,9.250312e+001
1.925092e+003,9.243661e+001
1.925574e+003,9.236523e+001
1.926056e+003,9.229958e+001
1.926539e+003,9.225061e+001
1.927021e+003,9.222646e+001
1.927503e+003,9.222977e+001
1.927985e+003,9.225700e+001
1.928467e+003,9.229935e+001
1.928949e+003,9.234544e+001
1.929431e+003,9.238438e+001
1.929913e+003,9.240808e+001
1.930396e+003,9.241275e+001
1.930878e+003,9.239938e+001
1.931360e+003,9.237324e+001
1.931842e+003,9.234335e+001
1.932324e+003,9.232037e+001
1.932806e+003,9.231402e+001
1.933288e+003,9.233042e+001
1.933770e+003,9.237019e+001
1.934252e+003,9.242767e+001
1.934735e+003,9.249258e+001
1.935217e+003,9.255311e+001
1.935699e+003,9.260008e+001
1.936181e+003,9.262977e+001
1.936663e+003,9.264478e+001
1.937145e+003,9.265193e+001
1.937627e+003,9.265876e+001
1.938109e+003,9.266993e+001
1.938592e+003,9.268604e+001
1.939074e+003,9.270395e+001
1.939556e+003,9.271983e+001
1.940038e+003,9.273095e+001
1.940520e+003,9.273714e+001
1.941002e+003,9.273981e+001
1.941484e+003,9.274023e+001
1.941966e+003,9.273751e+001
1.942448e+003,9.272932e+001
1.942931e+003,9.271369e+001
1.943413e+003,9.269250e+001
1.943895e+003,9.267226e+001
1.944377e+003,9.266307e+001
1.944859e+003,9.267325e+001
1.945341e+003,9.270491e+001
1.945823e+003,9.275050e+001
1.946305e+003,9.279451e+001
1.946788e+003,9.281868e+001
1.947270e+003,9.281076e+001
1.947752e+003,9.277078e+001
1.948234e+003,9.271217e+001
1.948716e+003,9.265594e+001
1.949198e+003,9.262165e+001
1.949680e+003,9.261903e+001
1.950162e+003,9.264510e+001
1.950645e+003,9.268726e+001
1.951126e+003,9.273141e+001
1.951609e+003,9.276978e+001
1.952091e+003,9.280585e+001
1.952573e+003,9.285090e+001
1.953055e+003,9.291666e+001
1.953537e+003,9.300639e+001
1.954019e+003,9.311105e+001
1.954501e+003,9.321209e+001
1.954983e+003,9.329160e+001
1.955466e+003,9.334245e+001
1.955948e+003,9.337505e+001
1.956430e+003,9.341349e+001
1.956912e+003,9.348383e+001
1.957394e+003,9.359933e+001
1.957876e+003,9.375040e+001
1.958358e+003,9.390347e+001
1.958840e+003,9.401287e+001
1.959323e+003,9.403971e+001
1.959805e+003,9.397040e+001
1.960287e+003,9.382233e+001
1.960769e+003,9.363625e+001
1.961251e+003,9.345887e+001
1.961733e+003,9.332642e+001
1.962215e+003,9.325393e+001
1.962697e+003,9.323533e+001
1.963179e+003,9.325068e+001
1.963662e+003,9.327849e+001
1.964144e+003,9.330467e+001
1.964626e+003,9.332497e+001
1.965108e+003,9.334097e+001
1.965590e+003,9.335541e+001
1.966072e+003,9.336934e+001
1.966554e+003,9.338402e+001
1.967036e+003,9.340449e+001
1.967519e+003,9.344299e+001
1.968001e+003,9.351582e+001
1.968483e+003,9.363640e+001
1.968965e+003,9.380589e+001
1.969447e+003,9.400791e+001
1.969929e+003,9.420901e+001
1.970411e+003,9.436913e+001
1.970893e+003,9.445493e+001
1.971375e+003,9.445280e+001
1.971858e+003,9.437161e+001
1.972340e+003,9.423543e+001
1.972822e+003,9.407020e+001
1.973304e+003,9.389315e+001
1.973786e+003,9.370811e+001
1.974268e+003,9.351094e+001
1.974750e+003,9.329679e+001
1.975232e+003,9.307008e+001
1.975715e+003,9.284637e+001
1.976197e+003,9.264930e+001
1.976679e+003,9.250314e+001
1.977161e+003,9.242645e+001
1.977643e+003,9.242865e+001
1.978125e+003,9.251197e+001
1.978607e+003,9.267394e+001
1.979089e+003,9.291070e+001
1.979572e+003,9.321605e+001
1.980053e+003,9.357718e+001
1.980536e+003,9.397015e+001
1.981018e+003,9.435962e+001
1.981500e+003,9.470450e+001
1.981982e+003,9.497051e+001
1.982464e+003,9.514322e+001
1.982946e+003,9.523399e+001
1.983428e+003,9.527353e+001
1.983910e+003,9.529711e+001
1.984393e+003,9.532777e+001
1.984875e+003,9.536750e+001
1.985357e+003,9.539795e+001
1.985839e+003,9.539156e+001
1.986321e+003,9.532568e+001
1.986803e+003,9.519456e+001
1.987285e+003,9.501128e+001
1.987767e+003,9.480081e+001
1.988250e+003,9.458865e+001
1.988732e+003,9.439315e+001
1.989214e+003,9.422218e+001
1.989696e+003,9.407775e+001
1.990178e+003,9.396127e+001
1.990660e+003,9.387885e+001
1.991142e+003,9.384007e+001
1.991624e+003,9.385275e+001
1.992106e+003,9.391615e+001
1.992589e+003,9.401830e+001
1.993071e+003,9.413901e+001
1.993553e+003,9.425941e+001
1.994035e+003,9.437124e+001
1.994517e+003,9.448063e+001
1.994999e+003,9.460339e+001
1.995481e+003,9.475434e+001
1.995963e+003,9.493478e+001
1.996446e+003,9.512648e+001
1.996928e+003,9.529448e+001
1.997410e+003,9.540066e+001
1.997892e+003,9.541982e+001
1.998374e+003,9.535359e+001
1.998856e+003,9.523026e+001
1.999338e+003,9.509361e+001
1.999820e+003,9.498549e+001
2.000302e+003,9.493118e+001
2.000785e+003,9.493245e+001
2.001267e+003,9.497154e+001
2.001749e+003,9.502164e+001
2.002231e+003,9.506051e+001
2.002713e+003,9.507866e+001
2.003195e+003,9.507922e+001
2.003677e+003,9.507188e+001
2.004159e+003,9.506587e+001
2.004642e+003,9.506578e+001
2.005124e+003,9.507400e+001
2.005606e+003,9.509407e+001
2.006088e+003,9.513528e+001
2.006570e+003,9.520815e+001
2.007052e+003,9.531741e+001
2.007534e+003,9.545144e+001
2.008016e+003,9.557809e+001
2.008499e+003,9.564960e+001
2.008980e+003,9.562032e+001
2.009463e+003,9.546496e+001
2.009945e+003,9.519228e+001
2.010427e+003,9.484292e+001
2.010909e+003,9.447517e+001
2.011391e+003,9.414632e+001
2.011873e+003,9.389838e+001
2.012355e+003,9.375101e+001
2.012837e+003,9.370299e+001
2.013320e+003,9.373965e+001
2.013802e+003,9.384364e+001
2.014284e+003,9.400105e+001
2.014766e+003,9.420338e+001
2.015248e+003,9.444331e+001
2.015730e+003,9.471102e+001
2.016212e+003,9.499366e+001
2.016694e+003,9.528053e+001
2.017177e+003,9.556812e+001
2.017659e+003,9.586282e+001
2.018141e+003,9.617455e+001
2.018623e+003,9.650539e+001
2.019105e+003,9.683823e+001
2.019587e+003,9.713420e+001
2.020069e+003,9.734164e+001
2.020551e+003,9.741812e+001
2.021033e+003,9.735095e+001
2.021516e+003,9.716836e+001
2.021998e+003,9.692725e+001
2.022480e+003,9.668877e+001
2.022962e+003,9.649161e+001
2.023444e+003,9.633715e+001
2.023926e+003,9.619162e+001
2.024408e+003,9.600693e+001
2.024890e+003,9.574753e+001
2.025373e+003,9.541256e+001
2.025855e+003,9.503925e+001
2.026337e+003,9.468690e+001
2.026819e+003,9.441188e+001
2.027301e+003,9.424665e+001
2.027783e+003,9.418939e+001
2.028265e+003,9.420834e+001
2.028747e+003,9.425877e+001
2.029229e+003,9.430569e+001
2.029712e+003,9.433802e+001
2.030194e+003,9.436996e+001
2.030676e+003,9.442867e+001
2.031158e+003,9.453849e+001
2.031640e+003,9.470821e+001
2.032122e+003,9.492941e+001
2.032604e+003,9.518080e+001
2.033086e+003,9.543984e+001
2.033569e+003,9.568932e+001
2.034051e+003,9.591776e+001
2.034533e+003,9.611308e+001
2.035015e+003,9.625826e+001
2.035497e+003,9.633125e+001
2.035979e+003,9.631534e+001
2.036461e+003,9.620846e+001
2.036943e+003,9.603036e+001
2.037426e+003,9.581660e+001
2.037907e+003,9.560648e+001
2.038390e+003,9.542925e+001
2.038872e+003,9.529597e+001
2.039354e+003,9.519922e+001
2.039836e+003,9.512206e+001
2.040318e+003,9.504875e+001
2.040800e+003,9.497411e+001
2.041282e+003,9.490388e+001
2.041764e+003,9.484779e+001
2.042247e+003,9.480917e+001
2.042729e+003,9.477890e+001
2.043211e+003,9.473686e+001
2.043693e+003,9.466209e+001
2.044175e+003,9.454543e+001
2.044657e+003,9.439819e+001
2.045139e+003,9.425045e+001
2.045622e+003,9.413894e+001
2.046104e+003,9.409149e+001
2.046586e+003,9.411410e+001
2.047068e+003,9.418647e+001
2.047550e+003,9.427026e+001
2.048032e+003,9.432475e+001
2.048514e+003,9.432445e+001
2.048996e+003,9.426869e+001
2.049479e+003,9.417775e+001
2.049960e+003,9.408005e+001
2.050443e+003,9.399898e+001
2.050925e+003,9.394478e+001
2.051407e+003,9.391541e+001
2.051889e+003,9.390203e+001
2.052371e+003,9.389739e+001
2.052853e+003,9.389999e+001
2.053335e+003,9.391348e+001
2.053817e+003,9.394143e+001
2.054300e+003,9.398108e+001
2.054782e+003,9.401962e+001
2.055264e+003,9.403725e+001
2.055746e+003,9.401413e+001
2.056228e+003,9.393958e+001
2.056710e+003,9.381732e+001
2.057192e+003,9.366531e+001
2.057674e+003,9.350955e+001
2.058156e+003,9.337579e+001
2.058639e+003,9.328177e+001
2.059121e+003,9.323370e+001
2.059603e+003,9.322636e+001
2.060085e+003,9.324841e+001
2.060567e+003,9.328822e+001
2.061049e+003,9.333826e+001
2.061531e+003,9.339582e+001
2.062013e+003,9.346071e+001
2.062496e+003,9.353203e+001
2.062978e+003,9.360667e+001
2.063460e+003,9.367914e+001
2.063942e+003,9.374389e+001
2.064424e+003,9.379790e+001
2.064906e+003,9.384124e+001
2.065388e+003,9.387627e+001
2.065870e+003,9.390557e+001
2.066353e+003,9.392976e+001
2.066835e+003,9.394679e+001
2.067317e+003,9.395287e+001
2.067799e+003,9.394432e+001
2.068281e+003,9.391859e+001
2.068763e+003,9.387511e+001
2.069245e+003,9.381476e+001
2.069727e+003,9.373920e+001
2.070209e+003,9.365069e+001
2.070692e+003,9.355328e+001
2.071174e+003,9.345353e+001
2.071656e+003,9.336089e+001
2.072138e+003,9.328662e+001
2.072620e+003,9.324145e+001
2.073102e+003,9.323203e+001
2.073584e+003,9.325874e+001
2.074066e+003,9.331419e+001
2.074549e+003,9.338473e+001
2.075031e+003,9.345349e+001
2.075513e+003,9.350486e+001
2.075995e+003,9.352775e+001
2.076477e+003,9.351769e+001
2.076959e+003,9.347630e+001
2.077441e+003,9.340993e+001
2.077923e+003,9.332800e+001
2.078406e+003,9.324133e+001
2.078887e+003,9.316032e+001
2.079370e+003,9.309393e+001
2.079852e+003,9.304836e+001
2.080334e+003,9.302644e+001
2.080816e+003,9.302747e+001
2.081298e+003,9.304796e+001
2.081780e+003,9.308272e+001
2.082262e+003,9.312666e+001
2.082744e+003,9.317558e+001
2.083227e+003,9.322672e+001
2.083709e+003,9.327770e+001
2.084191e+003,9.332558e+001
2.084673e+003,9.336598e+001
2.085155e+003,9.339397e+001
2.085637e+003,9.340539e+001
2.086119e+003,9.339970e+001
2.086601e+003,9.338084e+001
2.087083e+003,9.335677e+001
2.087566e+003,9.333652e+001
2.088048e+003,9.332648e+001
2.088530e+003,9.332746e+001
2.089012e+003,9.333411e+001
2.089494e+003,9.333692e+001
2.089976e+003,9.332672e+001
2.090458e+003,9.329830e+001
2.090940e+003,9.325306e+001
2.091423e+003,9.319776e+001
2.091905e+003,9.314106e+001
2.092387e+003,9.308929e+001
2.092869e+003,9.304345e+001
2.093351e+003,9.299912e+001
2.093833e+003,9.294981e+001
2.094315e+003,9.289099e+001
2.094797e+003,9.282398e+001
2.095280e+003,9.275677e+001
2.095762e+003,9.270135e+001
2.096244e+003,9.266879e+001
2.096726e+003,9.266443e+001
2.097208e+003,9.268514e+001
2.097690e+003,9.272030e+001
2.098172e+003,9.275509e+001
2.098654e+003,9.277621e+001
2.099136e+003,9.277521e+001
2.099619e+003,9.275137e+001
2.100101e+003,9.271091e+001
2.100583e+003,9.266472e+001
2.101065e+003,9.262463e+001
2.101547e+003,9.260032e+001
2.102029e+003,9.259669e+001
2.102511e+003,9.261243e+001
2.102993e+003,9.264025e+001
2.103476e+003,9.266830e+001
2.103958e+003,9.268266e+001
2.104440e+003,9.267065e+001
2.104922e+003,9.262428e+001
2.105404e+003,9.254293e+001
2.105886e+003,9.243397e+001
2.106368e+003,9.231079e+001
2.106850e+003,9.218877e+001
2.107333e+003,9.208076e+001
2.107814e+003,9.199370e+001
2.108297e+003,9.192802e+001
2.108779e+003,9.187970e+001
2.109261e+003,9.184389e+001
2.109743e+003,9.181834e+001
2.110225e+003,9.180506e+001
2.110707e+003,9.180929e+001
2.111189e+003,9.183651e+001
2.111671e+003,9.188863e+001
2.112154e+003,9.196185e+001
2.112636e+003,9.204639e+001
2.113118e+003,9.212937e+001
2.113600e+003,9.219829e+001
2.114082e+003,9.224465e+001
2.114564e+003,9.226555e+001
2.115046e+003,9.226308e+001
2.115528e+003,9.224232e+001
2.116010e+003,9.220926e+001
2.116493e+003,9.216945e+001
2.116975e+003,9.212814e+001
2.117457e+003,9.209052e+001
2.117939e+003,9.206171e+001
2.118421e+003,9.204583e+001
2.118903e+003,9.204457e+001
2.119385e+003,9.205536e+001
2.119867e+003,9.207133e+001
2.120350e+003,9.208285e+001
2.120832e+003,9.208082e+001
2.121314e+003,9.206025e+001
2.121796e+003,9.202292e+001
2.122278e+003,9.197733e+001
2.122760e+003,9.193651e+001
2.123242e+003,9.191386e+001
2.123724e+003,9.191949e+001
2.124207e+003,9.195747e+001
2.124689e+003,9.202541e+001
2.125171e+003,9.211539e+001
2.125653e+003,9.221637e+001
2.126135e+003,9.231656e+001
2.126617e+003,9.240494e+001
2.127099e+003,9.247234e+001
2.127581e+003,9.251247e+001
2.128063e+003,9.252248e+001
2.128546e+003,9.250433e+001
2.129028e+003,9.246476e+001
2.129510e+003,9.241465e+001
2.129992e+003,9.236602e+001
2.130474e+003,9.232885e+001
2.130956e+003,9.230855e+001
2.131438e+003,9.230493e+001
2.131920e+003,9.231337e+001
2.132403e+003,9.232809e+001
2.132885e+003,9.234483e+001
2.133367e+003,9.236257e+001
2.133849e+003,9.238302e+001
2.134331e+003,9.240825e+001
2.134813e+003,9.243833e+001
2.135295e+003,9.247107e+001
2.135777e+003,9.250365e+001
2.136260e+003,9.253634e+001
2.136741e+003,9.257420e+001
2.137224e+003,9.262654e+001
2.137706e+003,9.270196e+001
2.138188e+003,9.280237e+001
2.138670e+003,9.291827e+001
2.139152e+003,9.302928e+001
2.139634e+003,9.310999e+001
2.140116e+003,9.314116e+001
2.140598e+003,9.311948e+001
2.141081e+003,9.306228e+001
2.141563e+003,9.300295e+001
2.142045e+003,9.297906e+001
2.142527e+003,9.301799e+001
2.143009e+003,9.312685e+001
2.143491e+003,9.328877e+001
2.143973e+003,9.346950e+001
2.144455e+003,9.362881e+001
2.144938e+003,9.373450e+001
2.145420e+003,9.377057e+001
2.145902e+003,9.373808e+001
2.146384e+003,9.364915e+001
2.146866e+003,9.351958e+001
2.147348e+003,9.336371e+001
2.147830e+003,9.319487e+001
2.148312e+003,9.302813e+001
2.148794e+003,9.288228e+001
2.149277e+003,9.277867e+001
2.149759e+003,9.273475e+001
2.150241e+003,9.275593e+001
2.150723e+003,9.283007e+001
2.151205e+003,9.292728e+001
2.151687e+003,9.300832e+001
2.152169e+003,9.303789e+001
2.152651e+003,9.299895e+001
2.153134e+003,9.289928e+001
2.153616e+003,9.276934e+001
2.154098e+003,9.265084e+001
2.154580e+003,9.258328e+001
2.155062e+003,9.259225e+001
2.155544e+003,9.268592e+001
2.156026e+003,9.285565e+001
2.156508e+003,9.308425e+001
2.156990e+003,9.335290e+001
2.157473e+003,9.364481e+001
2.157955e+003,9.394230e+001
2.158437e+003,9.422231e+001
2.158919e+003,9.445473e+001
2.159401e+003,9.461001e+001
2.159883e+003,9.466940e+001
2.160365e+003,9.463470e+001
2.160847e+003,9.452637e+001
2.161330e+003,9.437476e+001
2.161812e+003,9.420796e+001
2.162294e+003,9.404481e+001
2.162776e+003,9.389255e+001
2.163258e+003,9.375194e+001
2.163740e+003,9.362227e+001
2.164222e+003,9.350739e+001
2.164704e+003,9.341595e+001
2.165187e+003,9.335811e+001
2.165668e+003,9.333904e+001
2.166151e+003,9.335549e+001
2.166633e+003,9.339476e+001
2.167115e+003,9.343901e+001
2.167597e+003,9.347166e+001
2.168079e+003,9.348328e+001
2.168561e+003,9.347302e+001
2.169043e+003,9.344702e+001
2.169525e+003,9.341304e+001
2.170008e+003,9.337771e+001
2.170490e+003,9.334430e+001
2.170972e+003,9.331597e+001
2.171454e+003,9.329775e+001
2.171936e+003,9.329900e+001
2.172418e+003,9.333208e+001
2.172900e+003,9.340816e+001
2.173382e+003,9.353134e+001
2.173865e+003,9.369590e+001
2.174347e+003,9.388560e+001
2.174829e+003,9.407883e+001
2.175311e+003,9.425483e+001
2.175793e+003,9.440023e+001
2.176275e+003,9.451075e+001
2.176757e+003,9.458793e+001
2.177239e+003,9.463345e+001
2.177721e+003,9.464573e+001
2.178204e+003,9.461936e+001
2.178686e+003,9.455095e+001
2.179168e+003,9.444447e+001
2.179650e+003,9.431425e+001
2.180132e+003,9.418255e+001
2.180614e+003,9.407246e+001
2.181096e+003,9.399796e+001
2.181578e+003,9.395827e+001
2.182061e+003,9.393705e+001
2.182543e+003,9.390933e+001
2.183025e+003,9.385065e+001
2.183507e+003,9.374831e+001
2.183989e+003,9.360511e+001
2.184471e+003,9.343756e+001
2.184953e+003,9.326849e+001
2.185435e+003,9.311896e+001
2.185917e+003,9.300165e+001
2.186400e+003,9.291992e+001
2.186882e+003,9.286869e+001
2.187364e+003,9.283909e+001
2.187846e+003,9.282232e+001
2.188328e+003,9.281199e+001
2.188810e+003,9.280450e+001
2.189292e+003,9.279864e+001
2.189774e+003,9.279473e+001
2.190257e+003,9.279483e+001
2.190739e+003,9.280231e+001
2.191221e+003,9.282223e+001
2.191703e+003,9.285919e+001
2.192185e+003,9.291592e+001
2.192667e+003,9.299091e+001
2.193149e+003,9.307844e+001
2.193631e+003,9.316862e+001
2.194114e+003,9.325116e+001
2.194595e+003,9.331712e+001
2.195078e+003,9.336105e+001
2.195560e+003,9.338078e+001
2.196042e+003,9.337647e+001
2.196524e+003,9.334938e+001
2.197006e+003,9.330206e+001
2.197488e+003,9.323952e+001
2.197970e+003,9.317110e+001
2.198452e+003,9.310915e+001
2.198935e+003,9.306697e+001
2.199417e+003,9.305347e+001
2.199899e+003,9.306939e+001
2.200381e+003,9.310518e+001
2.200863e+003,9.314405e+001
2.201345e+003,9.316776e+001
2.201827e+003,9.316454e+001
2.202309e+003,9.313351e+001
2.202792e+003,9.308609e+001
2.203274e+003,9.304013e+001
2.203756e+003,9.301224e+001
2.204238e+003,9.301097e+001
2.204720e+003,9.303403e+001
2.205202e+003,9.307060e+001
2.205684e+003,9.310755e+001
2.206166e+003,9.313527e+001
2.206648e+003,9.315124e+001
2.207131e+003,9.315792e+001
2.207613e+003,9.315828e+001
2.208095e+003,9.315024e+001
2.208577e+003,9.312579e+001
2.209059e+003,9.307388e+001
2.209541e+003,9.298830e+001
2.210023e+003,9.287402e+001
2.210505e+003,9.274985e+001
2.210988e+003,9.264403e+001
2.211470e+003,9.258475e+001
2.211952e+003,9.258950e+001
2.212434e+003,9.265837e+001
2.212916e+003,9.277363e+001
2.213398e+003,9.290648e+001
2.213880e+003,9.302728e+001
2.214362e+003,9.311594e+001
2.214844e+003,9.316669e+001
2.215327e+003,9.318623e+001
2.215809e+003,9.318716e+001
2.216291e+003,9.318021e+001
2.216773e+003,9.316962e+001
2.217255e+003,9.315329e+001
2.217737e+003,9.312697e+001
2.218219e+003,9.308929e+001
2.218701e+003,9.304522e+001
2.219184e+003,9.300484e+001
2.219666e+003,9.297965e+001
2.220148e+003,9.297729e+001
2.220630e+003,9.299817e+001
2.221112e+003,9.303595e+001
2.221594e+003,9.308018e+001
2.222076e+003,9.312138e+001
2.222558e+003,9.315471e+001
2.223041e+003,9.318125e+001
2.223522e+003,9.320612e+001
2.224005e+003,9.323524e+001
2.224487e+003,9.327213e+001
2.224969e+003,9.331688e+001
2.225451e+003,9.336636e+001
2.225933e+003,9.341593e+001
2.226415e+003,9.346120e+001
2.226897e+003,9.349860e+001
2.227379e+003,9.352508e+001
2.227862e+003,9.353799e+001
2.228344e+003,9.353461e+001
2.228826e+003,9.351328e+001
2.229308e+003,9.347427e+001
2.229790e+003,9.342041e+001
2.230272e+003,9.335695e+001
2.230754e+003,9.328948e+001
2.231236e+003,9.322293e+001
2.231719e+003,9.316056e+001
2.232201e+003,9.310391e+001
2.232683e+003,9.305411e+001
2.233165e+003,9.301262e+001
2.233647e+003,9.298167e+001
2.234129e+003,9.296332e+001
2.234611e+003,9.295773e+001
2.235093e+003,9.296178e+001
2.235575e+003,9.296972e+001
2.236058e+003,9.297489e+001
2.236540e+003,9.297337e+001
2.237022e+003,9.296613e+001
2.237504e+003,9.296013e+001
2.237986e+003,9.296597e+001
2.238468e+003,9.299380e+001
2.238950e+003,9.304847e+001
2.239432e+003,9.312735e+001
2.239915e+003,9.321979e+001
2.240397e+003,9.331100e+001
2.240879e+003,9.338633e+001
2.241361e+003,9.343594e+001
2.241843e+003,9.345663e+001
2.242325e+003,9.345171e+001
2.242807e+003,9.342775e+001
2.243289e+003,9.339189e+001
2.243771e+003,9.334985e+001
2.244254e+003,9.330577e+001
2.244736e+003,9.326290e+001
2.245218e+003,9.322462e+001
2.245700e+003,9.319450e+001
2.246182e+003,9.317574e+001
2.246664e+003,9.316953e+001
2.247146e+003,9.317492e+001
2.247628e+003,9.318886e+001
2.248111e+003,9.320860e+001
2.248593e+003,9.323286e+001
2.249075e+003,9.326323e+001
2.249557e+003,9.330299e+001
2.250039e+003,9.335487e+001
2.250521e+003,9.341818e+001
2.251003e+003,9.348691e+001
2.251485e+003,9.354997e+001
2.251968e+003,9.359413e+001
2.252449e+003,9.360795e+001
2.252932e+003,9.358616e+001
2.253414e+003,9.353130e+001
2.253896e+003,9.345355e+001
2.254378e+003,9.336723e+001
2.254860e+003,9.328716e+001
2.255342e+003,9.322424e+001
2.255824e+003,9.318388e+001
2.256306e+003,9.316495e+001
2.256789e+003,9.316130e+001
2.257271e+003,9.316402e+001
2.257753e+003,9.316436e+001
2.258235e+003,9.315573e+001
2.258717e+003,9.313570e+001
2.259199e+003,9.310645e+001
2.259681e+003,9.307423e+001
2.260163e+003,9.304758e+001
2.260646e+003,9.303464e+001
2.261128e+003,9.304041e+001
2.261610e+003,9.306538e+001
2.262092e+003,9.310525e+001
2.262574e+003,9.315289e+001
2.263056e+003,9.320092e+001
2.263538e+003,9.324447e+001
2.264020e+003,9.328190e+001
2.264502e+003,9.331437e+001
2.264985e+003,9.334322e+001
2.265467e+003,9.336768e+001
2.265949e+003,9.338373e+001
2.266431e+003,9.338524e+001
2.266913e+003,9.336688e+001
2.267395e+003,9.332794e+001
2.267877e+003,9.327404e+001
2.268359e+003,9.321669e+001
2.268842e+003,9.316959e+001
2.269324e+003,9.314388e+001
2.269806e+003,9.314405e+001
2.270288e+003,9.316656e+001
2.270770e+003,9.320133e+001
2.271252e+003,9.323611e+001
2.271734e+003,9.326057e+001
2.272216e+003,9.326945e+001
2.272698e+003,9.326295e+001
2.273181e+003,9.324463e+001
2.273663e+003,9.321852e+001
2.274145e+003,9.318728e+001
2.274627e+003,9.315160e+001
2.275109e+003,9.311185e+001
2.275591e+003,9.306963e+001
2.276073e+003,9.302893e+001
2.276555e+003,9.299532e+001
2.277038e+003,9.297395e+001
2.277520e+003,9.296721e+001
2.278002e+003,9.297337e+001
2.278484e+003,9.298706e+001
2.278966e+003,9.300168e+001
2.279448e+003,9.301175e+001
2.279930e+003,9.301510e+001
2.280412e+003,9.301289e+001
2.280895e+003,9.300838e+001
2.281376e+003,9.300446e+001
2.281859e+003,9.300233e+001
2.282341e+003,9.300097e+001
2.282823e+003,9.299826e+001
2.283305e+003,9.299255e+001
2.283787e+003,9.298375e+001
2.284269e+003,9.297307e+001
2.284751e+003,9.296220e+001
2.285233e+003,9.295152e+001
2.285716e+003,9.293953e+001
2.286198e+003,9.292320e+001
2.286680e+003,9.289976e+001
2.287162e+003,9.286841e+001
2.287644e+003,9.283138e+001
2.288126e+003,9.279366e+001
2.288608e+003,9.276083e+001
2.289090e+003,9.273704e+001
2.289573e+003,9.272316e+001
2.290055e+003,9.271660e+001
2.290537e+003,9.271274e+001
2.291019e+003,9.270728e+001
2.291501e+003,9.269833e+001
2.291983e+003,9.268732e+001
2.292465e+003,9.267818e+001
2.292947e+003,9.267531e+001
2.293429e+003,9.268135e+001
2.293912e+003,9.269548e+001
2.294394e+003,9.271356e+001
2.294876e+003,9.272934e+001
2.295358e+003,9.273668e+001
2.295840e+003,9.273148e+001
2.296322e+003,9.271293e+001
2.296804e+003,9.268323e+001
2.297286e+003,9.264680e+001
2.297769e+003,9.260890e+001
2.298251e+003,9.257446e+001
2.298733e+003,9.254709e+001
2.299215e+003,9.252904e+001
2.299697e+003,9.252094e+001
2.300179e+003,9.252203e+001
2.300661e+003,9.253038e+001
2.301143e+003,9.254327e+001
2.301625e+003,9.255775e+001
2.302108e+003,9.257151e+001
2.302590e+003,9.258328e+001
2.303072e+003,9.259324e+001
2.303554e+003,9.260271e+001
2.304036e+003,9.261364e+001
2.304518e+003,9.262753e+001
2.305000e+003,9.264483e+001
2.305482e+003,9.266457e+001
2.305965e+003,9.268484e+001
2.306447e+003,9.270339e+001
2.306929e+003,9.271854e+001
2.307411e+003,9.272942e+001
2.307893e+003,9.273634e+001
2.308375e+003,9.274007e+001
2.308857e+003,9.274132e+001
2.309339e+003,9.274033e+001
2.309822e+003,9.273681e+001
2.310303e+003,9.273016e+001
2.310786e+003,9.272023e+001
2.311268e+003,9.270748e+001
2.311750e+003,9.269328e+001
2.312232e+003,9.267958e+001
2.312714e+003,9.266851e+001
2.313196e+003,9.266192e+001
2.313678e+003,9.266084e+001
2.314160e+003,9.266510e+001
2.314643e+003,9.267357e+001
2.315125e+003,9.268383e+001
2.315607e+003,9.269302e+001
2.316089e+003,9.269837e+001
2.316571e+003,9.269814e+001
2.317053e+003,9.269228e+001
2.317535e+003,9.268288e+001
2.318017e+003,9.267368e+001
2.318500e+003,9.266882e+001
2.318982e+003,9.267130e+001
2.319464e+003,9.268137e+001
2.319946e+003,9.269582e+001
2.320428e+003,9.270873e+001
2.320910e+003,9.271342e+001
2.321392e+003,9.270533e+001
2.321874e+003,9.268380e+001
2.322356e+003,9.265290e+001
2.322839e+003,9.262029e+001
2.323321e+003,9.259460e+001
2.323803e+003,9.258266e+001
2.324285e+003,9.258762e+001
2.324767e+003,9.260810e+001
2.325249e+003,9.263931e+001
2.325731e+003,9.267431e+001
2.326213e+003,9.270656e+001
2.326696e+003,9.273147e+001
2.327178e+003,9.274689e+001
2.327660e+003,9.275266e+001
2.328142e+003,9.274915e+001
2.328624e+003,9.273577e+001
2.329106e+003,9.271098e+001
2.329588e+003,9.267296e+001
2.330070e+003,9.262125e+001
2.330552e+003,9.255792e+001
2.331035e+003,9.248799e+001
2.331517e+003,9.241814e+001
2.331999e+003,9.235500e+001
2.332481e+003,9.230309e+001
2.332963e+003,9.226358e+001
2.333445e+003,9.223449e+001
2.333927e+003,9.221291e+001
2.334409e+003,9.219688e+001
2.334892e+003,9.218626e+001
2.335374e+003,9.218158e+001
2.335856e+003,9.218231e+001
2.336338e+003,9.218565e+001
2.336820e+003,9.218641e+001
2.337302e+003,9.217936e+001
2.337784e+003,9.216228e+001
2.338266e+003,9.213770e+001
2.338749e+003,9.211181e+001
2.339230e+003,9.209239e+001
2.339713e+003,9.208549e+001
2.340195e+003,9.209274e+001
2.340677e+003,9.210957e+001
2.341159e+003,9.212599e+001
2.341641e+003,9.213257e+001
2.342123e+003,9.212810e+001
2.342605e+003,9.212152e+001
2.343087e+003,9.212574e+001
2.343570e+003,9.214958e+001
2.344052e+003,9.219579e+001
2.344534e+003,9.226053e+001
2.345016e+003,9.233401e+001
2.345498e+003,9.240279e+001
2.345980e+003,9.245538e+001
2.346462e+003,9.248682e+001
2.346944e+003,9.249945e+001
2.347427e+003,9.249964e+001
2.347909e+003,9.249370e+001
2.348391e+003,9.248596e+001
2.348873e+003,9.247884e+001
2.349355e+003,9.247388e+001
2.349837e+003,9.247337e+001
2.350319e+003,9.248087e+001
2.350801e+003,9.250069e+001
2.351283e+003,9.253645e+001
2.351766e+003,9.258928e+001
2.352248e+003,9.265610e+001
2.352730e+003,9.272911e+001
2.353212e+003,9.279664e+001
2.353694e+003,9.284710e+001
2.354176e+003,9.287399e+001
2.354658e+003,9.287770e+001
2.355140e+003,9.286362e+001
2.355623e+003,9.283678e+001
2.356105e+003,9.279712e+001
2.356587e+003,9.273761e+001
2.357069e+003,9.265283e+001
2.357551e+003,9.255333e+001
2.358033e+003,9.246916e+001
2.358515e+003,9.243596e+001
2.358997e+003,9.246694e+001
2.359479e+003,9.253370e+001
2.359962e+003,9.257819e+001
2.360444e+003,9.256446e+001
2.360926e+003,9.250877e+001
2.361408e+003,9.245643e+001
2.361890e+003,9.244247e+001
2.362372e+003,9.247659e+001
2.362854e+003,9.254552e+001
2.363336e+003,9.261990e+001
2.363819e+003,9.267281e+001
2.364301e+003,9.269298e+001
2.364783e+003,9.268509e+001
2.365265e+003,9.265857e+001
2.365747e+003,9.262156e+001
2.366229e+003,9.257780e+001
2.366711e+003,9.252721e+001
2.367193e+003,9.246742e+001
2.367676e+003,9.239659e+001
2.368157e+003,9.231619e+001
2.368640e+003,9.223115e+001
2.369122e+003,9.214861e+001
2.369604e+003,9.207567e+001
2.370086e+003,9.201810e+001
2.370568e+003,9.197944e+001
2.371050e+003,9.196049e+001
2.371532e+003,9.195984e+001
2.372014e+003,9.197437e+001
2.372497e+003,9.200014e+001
2.372979e+003,9.203276e+001
2.373461e+003,9.206751e+001
2.373943e+003,9.209975e+001
2.374425e+003,9.212526e+001
2.374907e+003,9.214107e+001
2.375389e+003,9.214632e+001
2.375872e+003,9.214272e+001
2.376354e+003,9.213444e+001
2.376836e+003,9.212656e+001
2.377318e+003,9.212405e+001
2.377800e+003,9.213007e+001
2.378282e+003,9.214540e+001
2.378764e+003,9.216877e+001
2.379246e+003,9.219798e+001
2.379729e+003,9.223102e+001
2.380210e+003,9.226685e+001
2.380693e+003,9.230520e+001
2.381175e+003,9.234566e+001
2.381657e+003,9.238657e+001
2.382139e+003,9.242441e+001
2.382621e+003,9.245424e+001
2.383103e+003,9.247122e+001
2.383585e+003,9.247235e+001
2.384067e+003,9.245802e+001
2.384550e+003,9.243225e+001
2.385032e+003,9.240160e+001
2.385514e+003,9.237328e+001
2.385996e+003,9.235298e+001
2.386478e+003,9.234354e+001
2.386960e+003,9.234465e+001
2.387442e+003,9.235374e+001
2.387924e+003,9.236718e+001
2.388406e+003,9.238165e+001
2.388889e+003,9.239474e+001
2.389371e+003,9.240488e+001
2.389853e+003,9.241099e+001
2.390335e+003,9.241223e+001
2.390817e+003,9.240822e+001
2.391299e+003,9.239931e+001
2.391781e+003,9.238701e+001
2.392263e+003,9.237384e+001
2.392746e+003,9.236266e+001
2.393228e+003,9.235548e+001
2.393710e+003,9.235258e+001
2.394192e+003,9.235216e+001
2.394674e+003,9.235103e+001
2.395156e+003,9.234589e+001
2.395638e+003,9.233488e+001
2.396120e+003,9.231841e+001
2.396603e+003,9.229898e+001
2.397085e+003,9.228028e+001
2.397567e+003,9.226543e+001
2.398049e+003,9.225576e+001
2.398531e+003,9.225060e+001
2.399013e+003,9.224762e+001
2.399495e+003,9.224421e+001
2.399977e+003,9.223859e+001
2.400459e+003,9.223058e+001
2.400942e+003,9.222172e+001
2.401424e+003,9.221434e+001
2.401906e+003,9.221030e+001
2.402388e+003,9.221043e+001
2.402870e+003,9.221416e+001
2.403352e+003,9.221989e+001
2.403834e+003,9.222547e+001
2.404316e+003,9.222867e+001
2.404799e+003,9.222755e+001
2.405281e+003,9.222046e+001
2.405763e+003,9.220645e+001
2.406245e+003,9.218552e+001
2.406727e+003,9.215906e+001
2.407209e+003,9.212978e+001
2.407691e+003,9.210129e+001
2.408173e+003,9.207725e+001
2.408656e+003,9.206006e+001
2.409137e+003,9.205031e+001
2.409620e+003,9.204633e+001
2.410102e+003,9.204536e+001
2.410584e+003,9.204437e+001
2.411066e+003,9.204152e+001
2.411548e+003,9.203651e+001
2.412030e+003,9.203041e+001
2.412512e+003,9.202452e+001
2.412994e+003,9.201939e+001
2.413477e+003,9.201433e+001
2.413959e+003,9.200767e+001
2.414441e+003,9.199785e+001
2.414923e+003,9.198441e+001
2.415405e+003,9.196867e+001
2.415887e+003,9.195348e+001
2.416369e+003,9.194190e+001
2.416851e+003,9.193605e+001
2.417333e+003,9.193606e+001
2.417816e+003,9.194010e+001
2.418298e+003,9.194519e+001
2.418780e+003,9.194869e+001
2.419262e+003,9.194920e+001
2.419744e+003,9.194696e+001
2.420226e+003,9.194340e+001
2.420708e+003,9.194008e+001
2.421190e+003,9.193784e+001
2.421673e+003,9.193657e+001
2.422155e+003,9.193547e+001
2.422637e+003,9.193404e+001
2.423119e+003,9.193268e+001
2.423601e+003,9.193298e+001
2.424083e+003,9.193710e+001
2.424565e+003,9.194688e+001
2.425047e+003,9.196293e+001
2.425530e+003,9.198418e+001
2.426012e+003,9.200810e+001
2.426494e+003,9.203133e+001
2.426976e+003,9.205065e+001
2.427458e+003,9.206360e+001
2.427940e+003,9.206890e+001
2.428422e+003,9.206646e+001
2.428904e+003,9.205733e+001
2.429386e+003,9.204381e+001
2.429869e+003,9.202888e+001
2.430351e+003,9.201613e+001
2.430833e+003,9.200885e+001
2.431315e+003,9.200919e+001
2.431797e+003,9.201727e+001
2.432279e+003,9.203098e+001
2.432761e+003,9.204642e+001
2.433243e+003,9.205950e+001
2.433726e+003,9.206702e+001
2.434208e+003,9.206816e+001
2.434690e+003,9.206454e+001
2.435172e+003,9.205936e+001
2.435654e+003,9.205566e+001
2.436136e+003,9.205505e+001
2.436618e+003,9.205686e+001
2.437100e+003,9.205876e+001
2.437583e+003,9.205801e+001
2.438064e+003,9.205322e+001
2.438547e+003,9.204514e+001
2.439029e+003,9.203643e+001
2.439511e+003,9.203047e+001
2.439993e+003,9.202948e+001
2.440475e+003,9.203307e+001
2.440957e+003,9.203825e+001
2.441439e+003,9.203999e+001
2.441921e+003,9.203301e+001
2.442404e+003,9.201362e+001
2.442886e+003,9.198078e+001
2.443368e+003,9.193599e+001
2.443850e+003,9.188268e+001
2.444332e+003,9.182488e+001
2.444814e+003,9.176614e+001
2.445296e+003,9.170882e+001
2.445778e+003,9.165408e+001
2.446260e+003,9.160197e+001
2.446743e+003,9.155182e+001
2.447225e+003,9.150246e+001
2.447707e+003,9.145248e+001
2.448189e+003,9.140059e+001
2.448671e+003,9.134605e+001
2.449153e+003,9.128896e+001
2.449635e+003,9.123054e+001
2.450117e+003,9.117291e+001
2.450600e+003,9.111842e+001
2.451082e+003,9.106898e+001
2.451564e+003,9.102544e+001
2.452046e+003,9.098769e+001
2.452528e+003,9.095506e+001
2.453010e+003,9.092709e+001
2.453492e+003,9.090401e+001
2.453974e+003,9.088676e+001
2.454457e+003,9.087625e+001
2.454939e+003,9.087262e+001
2.455421e+003,9.087436e+001
2.455903e+003,9.087852e+001
2.456385e+003,9.088181e+001
2.456867e+003,9.088192e+001
2.457349e+003,9.087886e+001
2.457831e+003,9.087541e+001
2.458313e+003,9.087612e+001
2.458796e+003,9.088546e+001
2.459278e+003,9.090588e+001
2.459760e+003,9.093643e+001
2.460242e+003,9.097281e+001
2.460724e+003,9.100894e+001
2.461206e+003,9.103921e+001
2.461688e+003,9.106076e+001
2.462170e+003,9.107462e+001
2.462653e+003,9.108542e+001
2.463135e+003,9.109967e+001
2.463617e+003,9.112367e+001
2.464099e+003,9.116142e+001
2.464581e+003,9.121344e+001
2.465063e+003,9.127697e+001
2.465545e+003,9.134678e+001
2.466027e+003,9.141674e+001
2.466510e+003,9.148114e+001
2.466992e+003,9.153592e+001
2.467474e+003,9.157906e+001
2.467956e+003,9.161086e+001
2.468438e+003,9.163344e+001
2.468920e+003,9.165013e+001
2.469402e+003,9.166444e+001
2.469884e+003,9.167904e+001
2.470366e+003,9.169511e+001
2.470849e+003,9.171185e+001
2.471331e+003,9.172685e+001
2.471813e+003,9.173727e+001
2.472295e+003,9.174076e+001
2.472777e+003,9.173667e+001
2.473259e+003,9.172633e+001
2.473741e+003,9.171268e+001
2.474223e+003,9.169937e+001
2.474706e+003,9.168950e+001
2.475188e+003,9.168491e+001
2.475670e+003,9.168607e+001
2.476152e+003,9.169246e+001
2.476634e+003,9.170332e+001
2.477116e+003,9.171833e+001
2.477598e+003,9.173798e+001
2.478080e+003,9.176311e+001
2.478563e+003,9.179469e+001
2.479044e+003,9.183306e+001
2.479527e+003,9.187778e+001
2.480009e+003,9.192764e+001
2.480491e+003,9.198077e+001
2.480973e+003,9.203506e+001
2.481455e+003,9.208821e+001
2.481937e+003,9.213803e+001
2.482419e+003,9.218260e+001
2.482901e+003,9.222057e+001
2.483384e+003,9.225163e+001
2.483866e+003,9.227669e+001
2.484348e+003,9.229766e+001
2.484830e+003,9.231709e+001
2.485312e+003,9.233716e+001
2.485794e+003,9.235889e+001
2.486276e+003,9.238214e+001
2.486758e+003,9.240548e+001
2.487240e+003,9.242742e+001
2.487723e+003,9.244697e+001
2.488205e+003,9.246433e+001
2.488687e+003,9.248051e+001
2.489169e+003,9.249689e+001
2.489651e+003,9.251402e+001
2.490133e+003,9.253138e+001
2.490615e+003,9.254742e+001
2.491097e+003,9.256046e+001
2.491580e+003,9.256950e+001
2.492062e+003,9.257490e+001
2.492544e+003,9.257807e+001
2.493026e+003,9.258067e+001
2.493508e+003,9.258353e+001
2.493990e+003,9.258618e+001
2.494472e+003,9.258704e+001
2.494954e+003,9.258460e+001
2.495437e+003,9.257868e+001
2.495919e+003,9.257111e+001
2.496401e+003,9.256555e+001
2.496883e+003,9.256610e+001
2.497365e+003,9.257557e+001
2.497847e+003,9.259429e+001
2.498329e+003,9.261980e+001
2.498811e+003,9.264803e+001
2.499293e+003,9.267480e+001
2.499776e+003,9.269748e+001
2.500258e+003,9.271542e+001
2.500740e+003,9.272946e+001
2.501222e+003,9.274048e+001
2.501704e+003,9.274838e+001
2.502186e+003,9.275163e+001
2.502668e+003,9.274841e+001
2.503150e+003,9.273813e+001
2.503633e+003,9.272271e+001
2.504115e+003,9.270694e+001
2.504597e+003,9.269710e+001
2.505079e+003,9.269847e+001
2.505561e+003,9.271323e+001
2.506043e+003,9.273907e+001
2.506525e+003,9.276985e+001
2.507007e+003,9.279771e+001
2.507490e+003,9.281603e+001
2.507971e+003,9.282159e+001
2.508454e+003,9.281555e+001
2.508936e+003,9.280247e+001
2.509418e+003,9.278822e+001
2.509900e+003,9.277785e+001
2.510382e+003,9.277434e+001
2.510864e+003,9.277814e+001
2.511346e+003,9.278805e+001
2.511828e+003,9.280217e+001
2.512311e+003,9.281876e+001
2.512793e+003,9.283609e+001
2.513275e+003,9.285237e+001
2.513757e+003,9.286533e+001
2.514239e+003,9.287241e+001
2.514721e+003,9.287131e+001
2.515203e+003,9.286109e+001
2.515685e+003,9.284246e+001
2.516167e+003,9.281793e+001
2.516650e+003,9.279086e+001
2.517132e+003,9.276457e+001
2.517614e+003,9.274127e+001
2.518096e+003,9.272207e+001
2.518578e+003,9.270697e+001
2.519060e+003,9.269563e+001
2.519542e+003,9.268764e+001
2.520024e+003,9.268249e+001
2.520507e+003,9.267909e+001
2.520989e+003,9.267546e+001
2.521471e+003,9.266882e+001
2.521953e+003,9.265661e+001
2.522435e+003,9.263769e+001
2.522917e+003,9.261357e+001
2.523399e+003,9.258858e+001
2.523881e+003,9.256889e+001
2.524364e+003,9.256056e+001
2.524846e+003,9.256734e+001
2.525328e+003,9.258923e+001
2.525810e+003,9.262255e+001
2.526292e+003,9.266108e+001
2.526774e+003,9.269825e+001
2.527256e+003,9.272905e+001
2.527738e+003,9.275116e+001
2.528220e+003,9.276457e+001
2.528703e+003,9.277065e+001
2.529185e+003,9.277084e+001
2.529667e+003,9.276612e+001
2.530149e+003,9.275703e+001
2.530631e+003,9.274444e+001
2.531113e+003,9.273017e+001
2.531595e+003,9.271711e+001
2.532077e+003,9.270845e+001
2.532560e+003,9.270656e+001
2.533042e+003,9.271192e+001
2.533524e+003,9.272289e+001
2.534006e+003,9.273615e+001
2.534488e+003,9.274797e+001
2.534970e+003,9.275562e+001
2.535452e+003,9.275820e+001
2.535934e+003,9.275661e+001
2.536417e+003,9.275310e+001
2.536898e+003,9.275023e+001
2.537381e+003,9.275028e+001
2.537863e+003,9.275475e+001
2.538345e+003,9.276430e+001
2.538827e+003,9.277880e+001
2.539309e+003,9.279720e+001
2.539791e+003,9.281744e+001
2.540273e+003,9.283654e+001
2.540755e+003,9.285106e+001
2.541238e+003,9.285841e+001
2.541720e+003,9.285765e+001
2.542202e+003,9.285060e+001
2.542684e+003,9.284150e+001
2.543166e+003,9.283564e+001
2.543648e+003,9.283751e+001
2.544130e+003,9.284869e+001
2.544612e+003,9.286719e+001
2.545094e+003,9.288794e+001
2.545577e+003,9.290476e+001
2.546059e+003,9.291290e+001
2.546541e+003,9.291075e+001
2.547023e+003,9.290029e+001
2.547505e+003,9.288586e+001
2.547987e+003,9.287211e+001
2.548469e+003,9.286187e+001
2.548951e+003,9.285541e+001
2.549434e+003,9.285079e+001
2.549916e+003,9.284544e+001
2.550398e+003,9.283792e+001
2.550880e+003,9.282883e+001
2.551362e+003,9.282052e+001
2.551844e+003,9.281577e+001
2.552326e+003,9.281636e+001
2.552808e+003,9.282217e+001
2.553291e+003,9.283126e+001
2.553773e+003,9.284114e+001
2.554255e+003,9.285029e+001
2.554737e+003,9.285899e+001
2.555219e+003,9.286925e+001
2.555701e+003,9.288364e+001
2.556183e+003,9.290372e+001
2.556665e+003,9.292896e+001
2.557147e+003,9.295637e+001
2.557630e+003,9.298167e+001
2.558112e+003,9.300062e+001
2.558594e+003,9.301065e+001
2.559076e+003,9.301151e+001
2.559558e+003,9.300507e+001
2.560040e+003,9.299439e+001
2.560522e+003,9.298273e+001
2.561004e+003,9.297266e+001
2.561487e+003,9.296604e+001
2.561969e+003,9.296387e+001
2.562451e+003,9.296677e+001
2.562933e+003,9.297475e+001
2.563415e+003,9.298711e+001
2.563897e+003,9.300214e+001
2.564379e+003,9.301723e+001
2.564861e+003,9.302960e+001
2.565344e+003,9.303715e+001
2.565825e+003,9.303936e+001
2.566308e+003,9.303766e+001
2.566790e+003,9.303475e+001
2.567272e+003,9.303342e+001
2.567754e+003,9.303492e+001
2.568236e+003,9.303819e+001
2.568718e+003,9.303976e+001
2.569200e+003,9.303506e+001
2.569682e+003,9.302013e+001
2.570165e+003,9.299338e+001
2.570647e+003,9.295652e+001
2.571129e+003,9.291416e+001
2.571611e+003,9.287265e+001
2.572093e+003,9.283817e+001
2.572575e+003,9.281493e+001
2.573057e+003,9.280431e+001
2.573539e+003,9.280470e+001
2.574021e+003,9.281248e+001
2.574504e+003,9.282324e+001
2.574986e+003,9.283311e+001
2.575468e+003,9.283974e+001
2.575950e+003,9.284269e+001
2.576432e+003,9.284332e+001
2.576914e+003,9.284426e+001
2.577396e+003,9.284846e+001
2.577878e+003,9.285828e+001
2.578361e+003,9.287479e+001
2.578843e+003,9.289732e+001
2.579325e+003,9.292361e+001
2.579807e+003,9.295039e+001
2.580289e+003,9.297411e+001
2.580771e+003,9.299198e+001
2.581253e+003,9.300246e+001
2.581735e+003,9.300541e+001
2.582218e+003,9.300170e+001
2.582700e+003,9.299300e+001
2.583182e+003,9.298126e+001
2.583664e+003,9.296853e+001
2.584146e+003,9.295728e+001
2.584628e+003,9.295029e+001
2.585110e+003,9.295050e+001
2.585592e+003,9.296023e+001
2.586074e+003,9.298040e+001
2.586557e+003,9.300958e+001
2.587039e+003,9.304376e+001
2.587521e+003,9.307716e+001
2.588003e+003,9.310353e+001
2.588485e+003,9.311830e+001
2.588967e+003,9.312000e+001
2.589449e+003,9.311086e+001
2.589931e+003,9.309612e+001
2.590414e+003,9.308228e+001
2.590896e+003,9.307482e+001
2.591378e+003,9.307678e+001
2.591860e+003,9.308768e+001
2.592342e+003,9.310423e+001
2.592824e+003,9.312156e+001
2.593306e+003,9.313503e+001
2.593788e+003,9.314144e+001
2.594271e+003,9.313965e+001
2.594752e+003,9.313033e+001
2.595235e+003,9.311549e+001
2.595717e+003,9.309740e+001
2.596199e+003,9.307840e+001
2.596681e+003,9.306046e+001
2.597163e+003,9.304530e+001
2.597645e+003,9.303436e+001
2.598127e+003,9.302868e+001
2.598609e+003,9.302859e+001
2.599092e+003,9.303335e+001
2.599574e+003,9.304111e+001
2.600056e+003,9.304903e+001
2.600538e+003,9.305396e+001
2.601020e+003,9.305334e+001
2.601502e+003,9.304593e+001
2.601984e+003,9.303226e+001
2.602466e+003,9.301454e+001
2.602948e+003,9.299632e+001
2.603431e+003,9.298135e+001
2.603913e+003,9.297270e+001
2.604395e+003,9.297196e+001
2.604877e+003,9.297882e+001
2.605359e+003,9.299097e+001
2.605841e+003,9.300491e+001
2.606323e+003,9.301664e+001
2.606805e+003,9.302276e+001
2.607288e+003,9.302107e+001
2.607770e+003,9.301116e+001
2.608252e+003,9.299424e+001
2.608734e+003,9.297261e+001
2.609216e+003,9.294898e+001
2.609698e+003,9.292587e+001
2.610180e+003,9.290500e+001
2.610662e+003,9.288741e+001
2.611145e+003,9.287349e+001
2.611627e+003,9.286324e+001
2.612109e+003,9.285642e+001
2.612591e+003,9.285259e+001
2.613073e+003,9.285101e+001
2.613555e+003,9.285046e+001
2.614037e+003,9.284943e+001
2.614519e+003,9.284646e+001
2.615001e+003,9.284054e+001
2.615484e+003,9.283149e+001
2.615966e+003,9.282024e+001
2.616448e+003,9.280854e+001
2.616930e+003,9.279845e+001
2.617412e+003,9.279171e+001
2.617894e+003,9.278928e+001
2.618376e+003,9.279130e+001
2.618858e+003,9.279705e+001
2.619341e+003,9.280565e+001
2.619823e+003,9.281623e+001
2.620305e+003,9.282814e+001
2.620787e+003,9.284079e+001
2.621269e+003,9.285349e+001
2.621751e+003,9.286510e+001
2.622233e+003,9.287418e+001
2.622715e+003,9.287929e+001
2.623198e+003,9.287964e+001
2.623679e+003,9.287534e+001
2.624162e+003,9.286782e+001
2.624644e+003,9.285951e+001
2.625126e+003,9.285313e+001
2.625608e+003,9.285095e+001
2.626090e+003,9.285431e+001
2.626572e+003,9.286307e+001
2.627054e+003,9.287593e+001
2.627536e+003,9.289075e+001
2.628019e+003,9.290528e+001
2.628501e+003,9.291766e+001
2.628983e+003,9.292679e+001
2.629465e+003,9.293244e+001
2.629947e+003,9.293500e+001
2.630429e+003,9.293520e+001
2.630911e+003,9.293369e+001
2.631393e+003,9.293069e+001
2.631875e+003,9.292588e+001
2.632358e+003,9.291846e+001
2.632840e+003,9.290736e+001
2.633322e+003,9.289171e+001
2.633804e+003,9.287136e+001
2.634286e+003,9.284710e+001
2.634768e+003,9.282069e+001
2.635250e+003,9.279459e+001
2.635732e+003,9.277132e+001
2.636215e+003,9.275266e+001
2.636697e+003,9.273932e+001
2.637179e+003,9.273071e+001
2.637661e+003,9.272528e+001
2.638143e+003,9.272114e+001
2.638625e+003,9.271685e+001
2.639107e+003,9.271185e+001
2.639589e+003,9.270658e+001
2.640072e+003,9.270212e+001
2.640554e+003,9.269948e+001
2.641036e+003,9.269909e+001
2.641518e+003,9.270035e+001
2.642000e+003,9.270172e+001
2.642482e+003,9.270116e+001
2.642964e+003,9.269690e+001
2.643446e+003,9.268800e+001
2.643928e+003,9.267479e+001
2.644411e+003,9.265868e+001
2.644893e+003,9.264190e+001
2.645375e+003,9.262675e+001
2.645857e+003,9.261501e+001
2.646339e+003,9.260728e+001
2.646821e+003,9.260291e+001
2.647303e+003,9.260016e+001
2.647785e+003,9.259664e+001
2.648268e+003,9.259009e+001
2.648750e+003,9.257891e+001
2.649232e+003,9.256282e+001
2.649714e+003,9.254298e+001
2.650196e+003,9.252166e+001
2.650678e+003,9.250166e+001
2.651160e+003,9.248544e+001
2.651642e+003,9.247451e+001
2.652125e+003,9.246873e+001
2.652606e+003,9.246671e+001
2.653089e+003,9.246613e+001
2.653571e+003,9.246455e+001
2.654053e+003,9.246037e+001
2.654535e+003,9.245321e+001
2.655017e+003,9.244398e+001
2.655499e+003,9.243443e+001
2.655981e+003,9.242644e+001
2.656463e+003,9.242137e+001
2.656946e+003,9.241953e+001
2.657428e+003,9.242018e+001
2.657910e+003,9.242190e+001
2.658392e+003,9.242301e+001
2.658874e+003,9.242232e+001
2.659356e+003,9.241930e+001
2.659838e+003,9.241427e+001
2.660320e+003,9.240820e+001
2.660802e+003,9.240242e+001
2.661285e+003,9.239806e+001
2.661767e+003,9.239593e+001
2.662249e+003,9.239617e+001
2.662731e+003,9.239839e+001
2.663213e+003,9.240173e+001
2.663695e+003,9.240510e+001
2.664177e+003,9.240762e+001
2.664659e+003,9.240880e+001
2.665142e+003,9.240865e+001
2.665624e+003,9.240768e+001
2.666106e+003,9.240664e+001
2.666588e+003,9.240617e+001
2.667070e+003,9.240642e+001
2.667552e+003,9.240687e+001
2.668034e+003,9.240637e+001
2.668516e+003,9.240345e+001
2.668999e+003,9.239680e+001
2.669481e+003,9.238563e+001
2.669963e+003,9.237003e+001
2.670445e+003,9.235097e+001
2.670927e+003,9.232995e+001
2.671409e+003,9.230872e+001
2.671891e+003,9.228880e+001
2.672373e+003,9.227119e+001
2.672855e+003,9.225636e+001
2.673338e+003,9.224413e+001
2.673820e+003,9.223389e+001
2.674302e+003,9.222480e+001
2.674784e+003,9.221573e+001
2.675266e+003,9.220558e+001
2.675748e+003,9.219326e+001
2.676230e+003,9.217803e+001
2.676712e+003,9.215962e+001
2.677195e+003,9.213841e+001
2.677677e+003,9.211544e+001
2.678159e+003,9.209232e+001
2.678641e+003,9.207074e+001
2.679123e+003,9.205226e+001
2.679605e+003,9.203799e+001
2.680087e+003,9.202841e+001
2.680569e+003,9.202336e+001
2.681052e+003,9.202233e+001
2.681533e+003,9.202453e+001
2.682016e+003,9.202901e+001
2.682498e+003,9.203489e+001
2.682980e+003,9.204121e+001
2.683462e+003,9.204711e+001
2.683944e+003,9.205183e+001
2.684426e+003,9.205479e+001
2.684908e+003,9.205589e+001
2.685390e+003,9.205532e+001
2.685873e+003,9.205363e+001
2.686355e+003,9.205157e+001
2.686837e+003,9.204973e+001
2.687319e+003,9.204841e+001
2.687801e+003,9.204755e+001
2.688283e+003,9.204676e+001
2.688765e+003,9.204543e+001
2.689247e+003,9.204292e+001
2.689729e+003,9.203880e+001
2.690212e+003,9.203272e+001
2.690694e+003,9.202457e+001
2.691176e+003,9.201442e+001
2.691658e+003,9.200240e+001
2.692140e+003,9.198873e+001
2.692622e+003,9.197376e+001
2.693104e+003,9.195791e+001
2.693586e+003,9.194164e+001
2.694069e+003,9.192549e+001
2.694551e+003,9.191008e+001
2.695033e+003,9.189590e+001
2.695515e+003,9.188354e+001
2.695997e+003,9.187332e+001
2.696479e+003,9.186530e+001
2.696961e+003,9.185911e+001
2.697443e+003,9.185397e+001
2.697926e+003,9.184869e+001
2.698408e+003,9.184187e+001
2.698890e+003,9.183250e+001
2.699372e+003,9.182002e+001
2.699854e+003,9.180477e+001
2.700336e+003,9.178776e+001
2.700818e+003,9.177035e+001
2.701300e+003,9.175388e+001
2.701782e+003,9.173901e+001
2.702265e+003,9.172572e+001
2.702747e+003,9.171330e+001
2.703229e+003,9.170081e+001
2.703711e+003,9.168757e+001
2.704193e+003,9.167342e+001
2.704675e+003,9.165868e+001
2.705157e+003,9.164400e+001
2.705639e+003,9.162991e+001
2.706122e+003,9.161644e+001
2.706604e+003,9.160327e+001
2.707086e+003,9.158997e+001
2.707568e+003,9.157632e+001
2.708050e+003,9.156268e+001
2.708532e+003,9.154992e+001
2.709014e+003,9.153909e+001
2.709496e+003,9.153085e+001
2.709979e+003,9.152497e+001
2.710461e+003,9.152032e+001
2.710943e+003,9.151516e+001
2.711425e+003,9.150777e+001
2.711907e+003,9.149722e+001
2.712389e+003,9.148372e+001
2.712871e+003,9.146867e+001
2.713353e+003,9.145403e+001
2.713835e+003,9.144175e+001
2.714318e+003,9.143311e+001
2.714800e+003,9.142857e+001
2.715282e+003,9.142763e+001
2.715764e+003,9.142940e+001
2.716246e+003,9.143268e+001
2.716728e+003,9.143630e+001
2.717210e+003,9.143904e+001
2.717692e+003,9.143953e+001
2.718175e+003,9.143647e+001
2.718656e+003,9.142871e+001
2.719139e+003,9.141575e+001
2.719621e+003,9.139813e+001
2.720103e+003,9.137746e+001
2.720585e+003,9.135606e+001
2.721067e+003,9.133629e+001
2.721549e+003,9.131963e+001
2.722031e+003,9.130624e+001
2.722513e+003,9.129507e+001
2.722996e+003,9.128412e+001
2.723478e+003,9.127168e+001
2.723960e+003,9.125689e+001
2.724442e+003,9.124033e+001
2.724924e+003,9.122382e+001
2.725406e+003,9.120972e+001
2.725888e+003,9.120013e+001
2.726370e+003,9.119608e+001
2.726853e+003,9.119743e+001
2.727335e+003,9.120283e+001
2.727817e+003,9.121038e+001
2.728299e+003,9.121812e+001
2.728781e+003,9.122432e+001
2.729263e+003,9.122776e+001
2.729745e+003,9.122771e+001
2.730227e+003,9.122372e+001
2.730709e+003,9.121586e+001
2.731192e+003,9.120468e+001
2.731674e+003,9.119125e+001
2.732156e+003,9.117714e+001
2.732638e+003,9.116394e+001
2.733120e+003,9.115298e+001
2.733602e+003,9.114484e+001
2.734084e+003,9.113933e+001
2.734566e+003,9.113557e+001
2.735049e+003,9.113251e+001
2.735531e+003,9.112936e+001
2.736013e+003,9.112587e+001
2.736495e+003,9.112237e+001
2.736977e+003,9.111935e+001
2.737459e+003,9.111717e+001
2.737941e+003,9.111568e+001
2.738423e+003,9.111427e+001
2.738906e+003,9.111221e+001
2.739388e+003,9.110891e+001
2.739870e+003,9.110426e+001
2.740352e+003,9.109852e+001
2.740834e+003,9.109208e+001
2.741316e+003,9.108501e+001
2.741798e+003,9.107688e+001
2.742280e+003,9.106677e+001
2.742762e+003,9.105369e+001
2.743245e+003,9.103716e+001
2.743727e+003,9.101762e+001
2.744209e+003,9.099664e+001
2.744691e+003,9.097650e+001
2.745173e+003,9.095962e+001
2.745655e+003,9.094791e+001
2.746137e+003,9.094228e+001
2.746619e+003,9.094250e+001
2.747102e+003,9.094752e+001
2.747583e+003,9.095586e+001
2.748066e+003,9.096600e+001
2.748548e+003,9.097663e+001
2.749030e+003,9.098677e+001
2.749512e+003,9.099553e+001
2.749994e+003,9.100221e+001
2.750476e+003,9.100624e+001
2.750958e+003,9.100733e+001
2.751440e+003,9.100565e+001
2.751923e+003,9.100182e+001
2.752405e+003,9.099687e+001
2.752887e+003,9.099184e+001
2.753369e+003,9.098770e+001
2.753851e+003,9.098495e+001
2.754333e+003,9.098369e+001
2.754815e+003,9.098369e+001
2.755297e+003,9.098455e+001
2.755780e+003,9.098582e+001
2.756262e+003,9.098713e+001
2.756744e+003,9.098816e+001
2.757226e+003,9.098876e+001
2.757708e+003,9.098880e+001
2.758190e+003,9.098843e+001
2.758672e+003,9.098809e+001
2.759154e+003,9.098830e+001
2.759636e+003,9.098951e+001
2.760119e+003,9.099178e+001
2.760601e+003,9.099444e+001
2.761083e+003,9.099610e+001
2.761565e+003,9.099498e+001
2.762047e+003,9.098937e+001
2.762529e+003,9.097848e+001
2.763011e+003,9.096284e+001
2.763493e+003,9.094433e+001
2.763976e+003,9.092575e+001
2.764458e+003,9.090991e+001
2.764940e+003,9.089890e+001
2.765422e+003,9.089328e+001
2.765904e+003,9.089206e+001
2.766386e+003,9.089321e+001
2.766868e+003,9.089444e+001
2.767350e+003,9.089387e+001
2.767833e+003,9.089065e+001
2.768315e+003,9.088501e+001
2.768797e+003,9.087792e+001
2.769279e+003,9.087050e+001
2.769761e+003,9.086349e+001
2.770243e+003,9.085734e+001
2.770725e+003,9.085199e+001
2.771207e+003,9.084737e+001
2.771689e+003,9.084371e+001
2.772172e+003,9.084155e+001
2.772654e+003,9.084167e+001
2.773136e+003,9.084489e+001
2.773618e+003,9.085152e+001
2.774100e+003,9.086131e+001
2.774582e+003,9.087352e+001
2.775064e+003,9.088710e+001
2.775546e+003,9.090079e+001
2.776029e+003,9.091362e+001
2.776510e+003,9.092501e+001
2.776993e+003,9.093456e+001
2.777475e+003,9.094223e+001
2.777957e+003,9.094817e+001
2.778439e+003,9.095264e+001
2.778921e+003,9.095604e+001
2.779403e+003,9.095888e+001
2.779885e+003,9.096171e+001
2.780367e+003,9.096496e+001
2.780850e+003,9.096877e+001
2.781332e+003,9.097276e+001
2.781814e+003,9.097611e+001
2.782296e+003,9.097768e+001
2.782778e+003,9.097635e+001
2.783260e+003,9.097128e+001
2.783742e+003,9.096232e+001
2.784224e+003,9.094998e+001
2.784707e+003,9.093523e+001
2.785189e+003,9.091927e+001
2.785671e+003,9.090322e+001
2.786153e+003,9.088776e+001
2.786635e+003,9.087325e+001
2.787117e+003,9.085969e+001
2.787599e+003,9.084706e+001
2.788081e+003,9.083530e+001
2.788563e+003,9.082442e+001
2.789046e+003,9.081444e+001
2.789528e+003,9.080530e+001
2.790010e+003,9.079668e+001
2.790492e+003,9.078825e+001
2.790974e+003,9.077966e+001
2.791456e+003,9.077103e+001
2.791938e+003,9.076280e+001
2.792420e+003,9.075578e+001
2.792903e+003,9.075084e+001
2.793385e+003,9.074838e+001
2.793867e+003,9.074819e+001
2.794349e+003,9.074924e+001
2.794831e+003,9.075005e+001
2.795313e+003,9.074918e+001
2.795795e+003,9.074599e+001
2.796277e+003,9.074081e+001
2.796760e+003,9.073514e+001
2.797242e+003,9.073103e+001
2.797724e+003,9.073046e+001
2.798206e+003,9.073445e+001
2.798688e+003,9.074262e+001
2.799170e+003,9.075319e+001
2.799652e+003,9.076350e+001
2.800134e+003,9.077065e+001
2.800616e+003,9.077258e+001
2.801099e+003,9.076830e+001
2.801581e+003,9.075831e+001
2.802063e+003,9.074425e+001
2.802545e+003,9.072846e+001
2.803027e+003,9.071329e+001
2.803509e+003,9.070079e+001
2.803991e+003,9.069225e+001
2.804473e+003,9.068816e+001
2.804956e+003,9.068806e+001
2.805438e+003,9.069085e+001
2.805920e+003,9.069470e+001
2.806402e+003,9.069763e+001
2.806884e+003,9.069790e+001
2.807366e+003,9.069440e+001
2.807848e+003,9.068703e+001
2.808330e+003,9.067670e+001
2.808813e+003,9.066510e+001
2.809294e+003,9.065408e+001
2.809777e+003,9.064499e+001
2.810259e+003,9.063821e+001
2.810741e+003,9.063312e+001
2.811223e+003,9.062832e+001
2.811705e+003,9.062225e+001
2.812187e+003,9.061377e+001
2.812669e+003,9.060253e+001
2.813151e+003,9.058908e+001
2.813634e+003,9.057433e+001
2.814116e+003,9.055942e+001
2.814598e+003,9.054502e+001
2.815080e+003,9.053149e+001
2.815562e+003,9.051881e+001
2.816044e+003,9.050703e+001
2.816526e+003,9.049631e+001
2.817008e+003,9.048717e+001
2.817490e+003,9.048011e+001
2.817973e+003,9.047536e+001
2.818455e+003,9.047262e+001
2.818937e+003,9.047101e+001
2.819419e+003,9.046932e+001
2.819901e+003,9.046650e+001
2.820383e+003,9.046185e+001
2.820865e+003,9.045534e+001
2.821347e+003,9.044744e+001
2.821830e+003,9.043877e+001
2.822312e+003,9.042972e+001
2.822794e+003,9.042039e+001
2.823276e+003,9.041047e+001
2.823758e+003,9.039951e+001
2.824240e+003,9.038728e+001
2.824722e+003,9.037397e+001
2.825204e+003,9.036008e+001
2.825687e+003,9.034635e+001
2.826169e+003,9.033350e+001
2.826651e+003,9.032186e+001
2.827133e+003,9.031152e+001
2.827615e+003,9.030227e+001
2.828097e+003,9.029395e+001
2.828579e+003,9.028648e+001
2.829061e+003,9.028002e+001
2.829543e+003,9.027483e+001
2.830026e+003,9.027097e+001
2.830508e+003,9.026842e+001
2.830990e+003,9.026694e+001
2.831472e+003,9.026608e+001
2.831954e+003,9.026550e+001
2.832436e+003,9.026498e+001
2.832918e+003,9.026438e+001
2.833400e+003,9.026355e+001
2.833883e+003,9.026220e+001
2.834365e+003,9.025985e+001
2.834847e+003,9.025591e+001
2.835329e+003,9.024997e+001
2.835811e+003,9.024195e+001
2.836293e+003,9.023238e+001
2.836775e+003,9.022233e+001
2.837257e+003,9.021326e+001
2.837740e+003,9.020673e+001
2.838221e+003,9.020407e+001
2.838704e+003,9.020606e+001
2.839186e+003,9.021289e+001
2.839668e+003,9.022413e+001
2.840150e+003,9.023880e+001
2.840632e+003,9.025550e+001
2.841114e+003,9.027256e+001
2.841596e+003,9.028810e+001
2.842078e+003,9.030048e+001
2.842561e+003,9.030832e+001
2.843043e+003,9.031087e+001
2.843525e+003,9.030817e+001
2.844007e+003,9.030100e+001
2.844489e+003,9.029079e+001
2.844971e+003,9.027919e+001
2.845453e+003,9.026777e+001
2.845935e+003,9.025767e+001
2.846417e+003,9.024941e+001
2.846900e+003,9.024297e+001
2.847382e+003,9.023773e+001
2.847864e+003,9.023284e+001
2.848346e+003,9.022733e+001
2.848828e+003,9.022037e+001
2.849310e+003,9.021143e+001
2.849792e+003,9.020055e+001
2.850274e+003,9.018832e+001
2.850757e+003,9.017596e+001
2.851239e+003,9.016512e+001
2.851721e+003,9.015759e+001
2.852203e+003,9.015472e+001
2.852685e+003,9.015701e+001
2.853167e+003,9.016393e+001
2.853649e+003,9.017373e+001
2.854131e+003,9.018378e+001
2.854614e+003,9.019110e+001
2.855096e+003,9.019311e+001
2.855578e+003,9.018805e+001
2.856060e+003,9.017554e+001
2.856542e+003,9.015662e+001
2.857024e+003,9.013363e+001
2.857506e+003,9.010971e+001
2.857988e+003,9.008839e+001
2.858470e+003,9.007272e+001
2.858953e+003,9.006476e+001
2.859435e+003,9.006523e+001
2.859917e+003,9.007310e+001
2.860399e+003,9.008588e+001
2.860881e+003,9.010002e+001
2.861363e+003,9.011189e+001
2.861845e+003,9.011827e+001
2.862327e+003,9.011736e+001
2.862810e+003,9.010884e+001
2.863292e+003,9.009396e+001
2.863774e+003,9.007496e+001
2.864256e+003,9.005444e+001
2.864738e+003,9.003476e+001
2.865220e+003,9.001774e+001
2.865702e+003,9.000441e+001
2.866184e+003,8.999513e+001
2.866667e+003,8.998970e+001
2.867148e+003,8.998736e+001
2.867631e+003,8.998668e+001
2.868113e+003,8.998571e+001
2.868595e+003,8.998198e+001
2.869077e+003,8.997308e+001
2.869559e+003,8.995706e+001
2.870041e+003,8.993333e+001
2.870523e+003,8.990285e+001
2.871005e+003,8.986825e+001
2.871488e+003,8.983322e+001
2.871970e+003,8.980170e+001
2.872452e+003,8.977686e+001
2.872934e+003,8.976044e+001
2.873416e+003,8.975249e+001
2.873898e+003,8.975150e+001
2.874380e+003,8.975501e+001
2.874862e+003,8.976026e+001
2.875344e+003,8.976482e+001
2.875827e+003,8.976682e+001
2.876309e+003,8.976515e+001
2.876791e+003,8.975943e+001
2.877273e+003,8.974987e+001
2.877755e+003,8.973719e+001
2.878237e+003,8.972243e+001
2.878719e+003,8.970679e+001
2.879201e+003,8.969142e+001
2.879684e+003,8.967703e+001
2.880166e+003,8.966389e+001
2.880648e+003,8.965170e+001
2.881130e+003,8.963972e+001
2.881612e+003,8.962707e+001
2.882094e+003,8.961294e+001
2.882576e+003,8.959679e+001
2.883058e+003,8.957829e+001
2.883541e+003,8.955725e+001
2.884023e+003,8.953349e+001
2.884505e+003,8.950685e+001
2.884987e+003,8.947733e+001
2.885469e+003,8.944514e+001
2.885951e+003,8.941096e+001
2.886433e+003,8.937578e+001
2.886915e+003,8.934066e+001
2.887397e+003,8.930638e+001
2.887880e+003,8.927319e+001
2.888362e+003,8.924078e+001
2.888844e+003,8.920843e+001
2.889326e+003,8.917544e+001
2.889808e+003,8.914149e+001
2.890290e+003,8.910660e+001
2.890772e+003,8.907098e+001
2.891254e+003,8.903467e+001
2.891737e+003,8.899713e+001
2.892219e+003,8.895729e+001
2.892701e+003,8.891390e+001
2.893183e+003,8.886638e+001
2.893665e+003,8.881532e+001
2.894147e+003,8.876299e+001
2.894629e+003,8.871281e+001
2.895111e+003,8.866843e+001
2.895594e+003,8.863246e+001
2.896075e+003,8.860551e+001
2.896558e+003,8.858578e+001
2.897040e+003,8.856957e+001
2.897522e+003,8.855254e+001
2.898004e+003,8.853111e+001
2.898486e+003,8.850349e+001
2.898968e+003,8.847000e+001
2.899450e+003,8.843260e+001
2.899932e+003,8.839384e+001
2.900415e+003,8.835574e+001
2.900897e+003,8.831912e+001
2.901379e+003,8.828364e+001
2.901861e+003,8.824842e+001
2.902343e+003,8.821284e+001
2.902825e+003,8.817718e+001
2.903307e+003,8.814252e+001
2.903789e+003,8.811039e+001
2.904271e+003,8.808173e+001
2.904754e+003,8.805620e+001
2.905236e+003,8.803172e+001
2.905718e+003,8.800490e+001
2.906200e+003,8.797189e+001
2.906682e+003,8.792949e+001
2.907164e+003,8.787602e+001
2.907646e+003,8.781172e+001
2.908128e+003,8.773848e+001
2.908611e+003,8.765912e+001
2.909093e+003,8.757646e+001
2.909575e+003,8.749277e+001
2.910057e+003,8.740938e+001
2.910539e+003,8.732706e+001
2.911021e+003,8.724634e+001
2.911503e+003,8.716818e+001
2.911985e+003,8.709409e+001
2.912468e+003,8.702604e+001
2.912950e+003,8.696603e+001
2.913432e+003,8.691554e+001
2.913914e+003,8.687502e+001
2.914396e+003,8.684386e+001
2.914878e+003,8.682066e+001
2.915360e+003,8.680384e+001
2.915842e+003,8.679220e+001
2.916324e+003,8.678547e+001
2.916807e+003,8.678428e+001
2.917289e+003,8.678990e+001
2.917771e+003,8.680353e+001
2.918253e+003,8.682574e+001
2.918735e+003,8.685594e+001
2.919217e+003,8.689258e+001
2.919699e+003,8.693349e+001
2.920181e+003,8.697664e+001
2.920664e+003,8.702081e+001
2.921146e+003,8.706600e+001
2.921628e+003,8.711328e+001
2.922110e+003,8.716424e+001
2.922592e+003,8.722032e+001
2.923074e+003,8.728209e+001
2.923556e+003,8.734872e+001
2.924038e+003,8.741814e+001
2.924521e+003,8.748732e+001
2.925002e+003,8.755293e+001
2.925485e+003,8.761200e+001
2.925967e+003,8.766241e+001
2.926449e+003,8.770316e+001
2.926931e+003,8.773454e+001
2.927413e+003,8.775803e+001
2.927895e+003,8.777608e+001
2.928377e+003,8.779186e+001
2.928859e+003,8.780882e+001
2.929342e+003,8.783015e+001
2.929824e+003,8.785829e+001
2.930306e+003,8.789434e+001
2.930788e+003,8.793789e+001
2.931270e+003,8.798703e+001
2.931752e+003,8.803876e+001
2.932234e+003,8.808961e+001
2.932716e+003,8.813648e+001
2.933198e+003,8.817706e+001
2.933681e+003,8.821051e+001
2.934163e+003,8.823660e+001
2.934645e+003,8.825627e+001
2.935127e+003,8.827099e+001
2.935609e+003,8.828231e+001
2.936091e+003,8.829157e+001
2.936573e+003,8.829985e+001
2.937055e+003,8.830777e+001
2.937538e+003,8.831567e+001
2.938020e+003,8.832355e+001
2.938502e+003,8.833114e+001
2.938984e+003,8.833778e+001
2.939466e+003,8.834270e+001
2.939948e+003,8.834507e+001
2.940430e+003,8.834425e+001
2.940912e+003,8.834006e+001
2.941395e+003,8.833283e+001
2.941877e+003,8.832346e+001
2.942359e+003,8.831326e+001
2.942841e+003,8.830363e+001
2.943323e+003,8.829593e+001
2.943805e+003,8.829124e+001
2.944287e+003,8.829034e+001
2.944769e+003,8.829369e+001
2.945251e+003,8.830148e+001
2.945734e+003,8.831355e+001
2.946216e+003,8.832925e+001
2.946698e+003,8.834721e+001
2.947180e+003,8.836530e+001
2.947662e+003,8.838066e+001
2.948144e+003,8.839017e+001
2.948626e+003,8.839110e+001
2.949108e+003,8.838195e+001
2.949591e+003,8.836311e+001
2.950073e+003,8.833704e+001
2.950555e+003,8.830791e+001
2.951037e+003,8.828065e+001
2.951519e+003,8.825972e+001
2.952001e+003,8.824789e+001
2.952483e+003,8.824548e+001
2.952965e+003,8.825048e+001
2.953448e+003,8.825916e+001
2.953929e+003,8.826723e+001
2.954412e+003,8.827117e+001
2.954894e+003,8.826905e+001
2.955376e+003,8.826071e+001
2.955858e+003,8.824767e+001
2.956340e+003,8.823205e+001
2.956822e+003,8.821598e+001
2.957304e+003,8.820083e+001
2.957786e+003,8.818724e+001
2.958269e+003,8.817513e+001
2.958751e+003,8.816418e+001
2.959233e+003,8.815410e+001
2.959715e+003,8.814474e+001
2.960197e+003,8.813597e+001
2.960679e+003,8.812753e+001
2.961161e+003,8.811881e+001
2.961643e+003,8.810903e+001
2.962125e+003,8.809740e+001
2.962608e+003,8.808352e+001
2.963090e+003,8.806746e+001
2.963572e+003,8.804998e+001
2.964054e+003,8.803209e+001
2.964536e+003,8.801490e+001
2.965018e+003,8.799927e+001
2.965500e+003,8.798573e+001
2.965982e+003,8.797451e+001
2.966465e+003,8.796562e+001
2.966947e+003,8.795903e+001
2.967429e+003,8.795453e+001
2.967911e+003,8.795164e+001
2.968393e+003,8.794938e+001
2.968875e+003,8.794635e+001
2.969357e+003,8.794093e+001
2.969839e+003,8.793156e+001
2.970322e+003,8.791731e+001
2.970804e+003,8.789803e+001
2.971286e+003,8.787442e+001
2.971768e+003,8.784782e+001
2.972250e+003,8.781976e+001
2.972732e+003,8.779150e+001
2.973214e+003,8.776396e+001
2.973696e+003,8.773751e+001
2.974178e+003,8.771219e+001
2.974661e+003,8.768774e+001
2.975143e+003,8.766371e+001
2.975625e+003,8.763940e+001
2.976107e+003,8.761385e+001
2.976589e+003,8.758601e+001
2.977071e+003,8.755514e+001
2.977553e+003,8.752104e+001
2.978035e+003,8.748450e+001
2.978518e+003,8.744724e+001
2.979000e+003,8.741157e+001
2.979482e+003,8.737952e+001
2.979964e+003,8.735227e+001
2.980446e+003,8.732933e+001
2.980928e+003,8.730879e+001
2.981410e+003,8.728768e+001
2.981892e+003,8.726286e+001
2.982375e+003,8.723201e+001
2.982856e+003,8.719406e+001
2.983339e+003,8.714921e+001
2.983821e+003,8.709860e+001
2.984303e+003,8.704343e+001
2.984785e+003,8.698465e+001
2.985267e+003,8.692267e+001
2.985749e+003,8.685749e+001
2.986231e+003,8.678910e+001
2.986713e+003,8.671776e+001
2.987196e+003,8.664398e+001
2.987678e+003,8.656833e+001
2.988160e+003,8.649110e+001
2.988642e+003,8.641221e+001
2.989124e+003,8.633123e+001
2.989606e+003,8.624774e+001
2.990088e+003,8.616187e+001
2.990570e+003,8.607452e+001
2.991052e+003,8.598722e+001
2.991535e+003,8.590177e+001
2.992017e+003,8.581957e+001
2.992499e+003,8.574122e+001
2.992981e+003,8.566640e+001
2.993463e+003,8.559425e+001
2.993945e+003,8.552390e+001
2.994427e+003,8.545494e+001
2.994909e+003,8.538762e+001
2.995392e+003,8.532259e+001
2.995874e+003,8.526032e+001
2.996356e+003,8.520089e+001
2.996838e+003,8.514370e+001
2.997320e+003,8.508790e+001
2.997802e+003,8.503289e+001
2.998284e+003,8.497890e+001
2.998766e+003,8.492697e+001
2.999249e+003,8.487872e+001
2.999731e+003,8.483542e+001
3.000213e+003,8.479741e+001
3.000695e+003,8.476369e+001
3.001177e+003,8.473232e+001
3.001659e+003,8.470102e+001
3.002141e+003,8.466846e+001
3.002623e+003,8.463477e+001
3.003105e+003,8.460163e+001
3.003588e+003,8.457166e+001
3.004070e+003,8.454741e+001
3.004552e+003,8.453038e+001
3.005034e+003,8.452056e+001
3.005516e+003,8.451664e+001
3.005998e+003,8.451675e+001
3.006480e+003,8.451934e+001
3.006962e+003,8.452383e+001
3.007445e+003,8.453063e+001
3.007927e+003,8.454076e+001
3.008409e+003,8.455520e+001
3.008891e+003,8.457426e+001
3.009373e+003,8.459741e+001
3.009855e+003,8.462363e+001
3.010337e+003,8.465186e+001
3.010819e+003,8.468166e+001
3.011302e+003,8.471326e+001
3.011783e+003,8.474744e+001
3.012266e+003,8.478499e+001
3.012748e+003,8.482611e+001
3.013230e+003,8.487022e+001
3.013712e+003,8.491586e+001
3.014194e+003,8.496111e+001
3.014676e+003,8.500426e+001
3.015158e+003,8.504427e+001
3.015640e+003,8.508112e+001
3.016123e+003,8.511568e+001
3.016605e+003,8.514951e+001
3.017087e+003,8.518433e+001
3.017569e+003,8.522158e+001
3.018051e+003,8.526193e+001
3.018533e+003,8.530515e+001
3.019015e+003,8.534997e+001
3.019497e+003,8.539445e+001
3.019979e+003,8.543616e+001
3.020462e+003,8.547277e+001
3.020944e+003,8.550258e+001
3.021426e+003,8.552489e+001
3.021908e+003,8.554015e+001
3.022390e+003,8.554967e+001
3.022872e+003,8.555538e+001
3.023354e+003,8.555910e+001
3.023836e+003,8.556215e+001
3.024319e+003,8.556502e+001
3.024801e+003,8.556763e+001
3.025283e+003,8.556952e+001
3.025765e+003,8.557018e+001
3.026247e+003,8.556934e+001
3.026729e+003,8.556683e+001
3.027211e+003,8.556248e+001
3.027693e+003,8.555566e+001
3.028176e+003,8.554539e+001
3.028658e+003,8.553021e+001
3.029140e+003,8.550880e+001
3.029622e+003,8.548036e+001
3.030104e+003,8.544520e+001
3.030586e+003,8.540466e+001
3.031068e+003,8.536092e+001
3.031550e+003,8.531635e+001
3.032032e+003,8.527267e+001
3.032515e+003,8.523060e+001
3.032997e+003,8.518952e+001
3.033479e+003,8.514791e+001
3.033961e+003,8.510381e+001
3.034443e+003,8.505550e+001
3.034925e+003,8.500200e+001
3.035407e+003,8.494322e+001
3.035889e+003,8.487971e+001
3.036372e+003,8.481222e+001
3.036854e+003,8.474132e+001
3.037336e+003,8.466703e+001
3.037818e+003,8.458883e+001
3.038300e+003,8.450593e+001
3.038782e+003,8.441791e+001
3.039264e+003,8.432508e+001
3.039746e+003,8.422905e+001
3.040229e+003,8.413260e+001
3.040711e+003,8.403957e+001
3.041193e+003,8.395410e+001
3.041675e+003,8.387991e+001
3.042157e+003,8.381958e+001
3.042639e+003,8.377412e+001
3.043121e+003,8.374286e+001
3.043603e+003,8.372376e+001
3.044085e+003,8.371405e+001
3.044568e+003,8.371076e+001
3.045050e+003,8.371128e+001
3.045532e+003,8.371355e+001
3.046014e+003,8.371594e+001
3.046496e+003,8.371704e+001
3.046978e+003,8.371551e+001
3.047460e+003,8.371011e+001
3.047942e+003,8.369989e+001
3.048425e+003,8.368465e+001
3.048906e+003,8.366525e+001
3.049389e+003,8.364343e+001
3.049871e+003,8.362160e+001
3.050353e+003,8.360204e+001
3.050835e+003,8.358628e+001
3.051317e+003,8.357478e+001
3.051799e+003,8.356684e+001
3.052281e+003,8.356100e+001
3.052763e+003,8.355578e+001
3.053246e+003,8.355022e+001
3.053728e+003,8.354417e+001
3.054210e+003,8.353808e+001
3.054692e+003,8.353256e+001
3.055174e+003,8.352788e+001
3.055656e+003,8.352347e+001
3.056138e+003,8.351813e+001
3.056620e+003,8.351025e+001
3.057103e+003,8.349843e+001
3.057585e+003,8.348196e+001
3.058067e+003,8.346095e+001
3.058549e+003,8.343622e+001
3.059031e+003,8.340869e+001
3.059513e+003,8.337905e+001
3.059995e+003,8.334753e+001
3.060477e+003,8.331406e+001
3.060959e+003,8.327866e+001
3.061442e+003,8.324183e+001
3.061924e+003,8.320502e+001
3.062406e+003,8.317033e+001
3.062888e+003,8.314020e+001
3.063370e+003,8.311668e+001
3.063852e+003,8.310088e+001
3.064334e+003,8.309282e+001
3.064816e+003,8.309145e+001
3.065299e+003,8.309518e+001
3.065781e+003,8.310254e+001
3.066263e+003,8.311242e+001
3.066745e+003,8.312421e+001
3.067227e+003,8.313745e+001
3.067709e+003,8.315140e+001
3.068191e+003,8.316476e+001
3.068673e+003,8.317567e+001
3.069156e+003,8.318204e+001
3.069638e+003,8.318217e+001
3.070120e+003,8.317542e+001
3.070602e+003,8.316262e+001
3.071084e+003,8.314587e+001
3.071566e+003,8.312815e+001
3.072048e+003,8.311257e+001
3.072530e+003,8.310172e+001
3.073012e+003,8.309715e+001
3.073495e+003,8.309927e+001
3.073977e+003,8.310762e+001
3.074459e+003,8.312125e+001
3.074941e+003,8.313903e+001
3.075423e+003,8.315991e+001
3.075905e+003,8.318304e+001
3.076387e+003,8.320774e+001
3.076869e+003,8.323341e+001
3.077352e+003,8.325965e+001
3.077833e+003,8.328622e+001
3.078316e+003,8.331306e+001
3.078798e+003,8.334011e+001
3.079280e+003,8.336718e+001
3.079762e+003,8.339358e+001
3.080244e+003,8.341791e+001
3.080726e+003,8.343807e+001
3.081208e+003,8.345175e+001
3.081690e+003,8.345684e+001
3.082173e+003,8.345205e+001
3.082655e+003,8.343735e+001
3.083137e+003,8.341396e+001
3.083619e+003,8.338412e+001
3.084101e+003,8.335030e+001
3.084583e+003,8.331460e+001
3.085065e+003,8.327833e+001
3.085547e+003,8.324184e+001
3.086030e+003,8.320480e+001
3.086512e+003,8.316679e+001
3.086994e+003,8.312788e+001
3.087476e+003,8.308898e+001
3.087958e+003,8.305199e+001
3.088440e+003,8.301935e+001
3.088922e+003,8.299359e+001
3.089404e+003,8.297663e+001
3.089886e+003,8.296919e+001
3.090369e+003,8.297066e+001
3.090851e+003,8.297893e+001
3.091333e+003,8.299088e+001
3.091815e+003,8.300298e+001
3.092297e+003,8.301186e+001
3.092779e+003,8.301519e+001
3.093261e+003,8.301187e+001
3.093743e+003,8.300224e+001
3.094226e+003,8.298759e+001
3.094708e+003,8.296979e+001
3.095190e+003,8.295023e+001
3.095672e+003,8.292957e+001
3.096154e+003,8.290730e+001
3.096636e+003,8.288211e+001
3.097118e+003,8.285226e+001
3.097600e+003,8.281655e+001
3.098083e+003,8.277469e+001
3.098565e+003,8.272761e+001
3.099047e+003,8.267729e+001
3.099529e+003,8.262625e+001
3.100011e+003,8.257674e+001
3.100493e+003,8.253050e+001
3.100975e+003,8.248838e+001
3.101457e+003,8.245055e+001
3.101939e+003,8.241687e+001
3.102422e+003,8.238723e+001
3.102904e+003,8.236174e+001
3.103386e+003,8.234066e+001
3.103868e+003,8.232404e+001
3.104350e+003,8.231145e+001
3.104832e+003,8.230181e+001
3.105314e+003,8.229342e+001
3.105796e+003,8.228423e+001
3.106279e+003,8.227256e+001
3.106760e+003,8.225723e+001
3.107243e+003,8.223798e+001
3.107725e+003,8.221542e+001
3.108207e+003,8.219072e+001
3.108689e+003,8.216532e+001
3.109171e+003,8.214041e+001
3.109653e+003,8.211655e+001
3.110135e+003,8.209345e+001
3.110617e+003,8.207002e+001
3.111100e+003,8.204449e+001
3.111582e+003,8.201482e+001
3.112064e+003,8.197922e+001
3.112546e+003,8.193660e+001
3.113028e+003,8.188702e+001
3.113510e+003,8.183173e+001
3.113992e+003,8.177294e+001
3.114474e+003,8.171341e+001
3.114957e+003,8.165576e+001
3.115439e+003,8.160195e+001
3.115921e+003,8.155299e+001
3.116403e+003,8.150890e+001
3.116885e+003,8.146912e+001
3.117367e+003,8.143275e+001
3.117849e+003,8.139898e+001
3.118331e+003,8.136708e+001
3.118813e+003,8.133653e+001
3.119296e+003,8.130679e+001
3.119778e+003,8.127731e+001
3.120260e+003,8.124788e+001
3.120742e+003,8.121858e+001
3.121224e+003,8.119014e+001
3.121706e+003,8.116390e+001
3.122188e+003,8.114135e+001
3.122670e+003,8.112369e+001
3.123153e+003,8.111106e+001
3.123635e+003,8.110238e+001
3.124117e+003,8.109528e+001
3.124599e+003,8.108680e+001
3.125081e+003,8.107399e+001
3.125563e+003,8.105492e+001
3.126045e+003,8.102886e+001
3.126527e+003,8.099625e+001
3.127010e+003,8.095845e+001
3.127492e+003,8.091703e+001
3.127974e+003,8.087343e+001
3.128456e+003,8.082886e+001
3.128938e+003,8.078433e+001
3.129420e+003,8.074112e+001
3.129902e+003,8.070066e+001
3.130384e+003,8.066456e+001
3.130866e+003,8.063412e+001
3.131349e+003,8.060988e+001
3.131831e+003,8.059116e+001
3.132313e+003,8.057619e+001
3.132795e+003,8.056242e+001
3.133277e+003,8.054716e+001
3.133759e+003,8.052828e+001
3.134241e+003,8.050456e+001
3.134723e+003,8.047568e+001
3.135206e+003,8.044205e+001
3.135688e+003,8.040446e+001
3.136170e+003,8.036388e+001
3.136652e+003,8.032131e+001
3.137134e+003,8.027787e+001
3.137616e+003,8.023466e+001
3.138098e+003,8.019281e+001
3.138580e+003,8.015303e+001
3.139063e+003,8.011542e+001
3.139544e+003,8.007922e+001
3.140027e+003,8.004310e+001
3.140509e+003,8.000537e+001
3.140991e+003,7.996480e+001
3.141473e+003,7.992097e+001
3.141955e+003,7.987449e+001
3.142437e+003,7.982663e+001
3.142919e+003,7.977894e+001
3.143401e+003,7.973244e+001
3.143884e+003,7.968716e+001
3.144366e+003,7.964224e+001
3.144848e+003,7.959621e+001
3.145330e+003,7.954762e+001
3.145812e+003,7.949578e+001
3.146294e+003,7.944096e+001
3.146776e+003,7.938446e+001
3.147258e+003,7.932815e+001
3.147740e+003,7.927393e+001
3.148223e+003,7.922321e+001
3.148705e+003,7.917651e+001
3.149187e+003,7.913358e+001
3.149669e+003,7.909351e+001
3.150151e+003,7.905492e+001
3.150633e+003,7.901646e+001
3.151115e+003,7.897676e+001
3.151597e+003,7.893478e+001
3.152080e+003,7.888969e+001
3.152562e+003,7.884100e+001
3.153044e+003,7.878844e+001
3.153526e+003,7.873192e+001
3.154008e+003,7.867165e+001
3.154490e+003,7.860806e+001
3.154972e+003,7.854185e+001
3.155454e+003,7.847404e+001
3.155937e+003,7.840604e+001
3.156419e+003,7.833958e+001
3.156901e+003,7.827654e+001
3.157383e+003,7.821872e+001
3.157865e+003,7.816721e+001
3.158347e+003,7.812226e+001
3.158829e+003,7.808280e+001
3.159311e+003,7.804657e+001
3.159793e+003,7.801045e+001
3.160276e+003,7.797114e+001
3.160758e+003,7.792583e+001
3.161240e+003,7.787293e+001
3.161722e+003,7.781243e+001
3.162204e+003,7.774596e+001
3.162686e+003,7.767645e+001
3.163168e+003,7.760754e+001
3.163650e+003,7.754282e+001
3.164133e+003,7.748521e+001
3.164615e+003,7.743638e+001
3.165097e+003,7.739650e+001
3.165579e+003,7.736442e+001
3.166061e+003,7.733784e+001
3.166543e+003,7.731390e+001
3.167025e+003,7.728981e+001
3.167507e+003,7.726327e+001
3.167990e+003,7.723283e+001
3.168471e+003,7.719790e+001
3.168954e+003,7.715857e+001
3.169436e+003,7.711540e+001
3.169918e+003,7.706900e+001
3.170400e+003,7.701979e+001
3.170882e+003,7.696812e+001
3.171364e+003,7.691413e+001
3.171846e+003,7.685801e+001
3.172328e+003,7.680000e+001
3.172811e+003,7.674044e+001
3.173293e+003,7.667975e+001
3.173775e+003,7.661847e+001
3.174257e+003,7.655720e+001
3.174739e+003,7.649677e+001
3.175221e+003,7.643824e+001
3.175703e+003,7.638289e+001
3.176185e+003,7.633199e+001
3.176667e+003,7.628645e+001
3.177150e+003,7.624648e+001
3.177632e+003,7.621133e+001
3.178114e+003,7.617928e+001
3.178596e+003,7.614797e+001
3.179078e+003,7.611481e+001
3.179560e+003,7.607761e+001
3.180042e+003,7.603493e+001
3.180524e+003,7.598641e+001
3.181007e+003,7.593266e+001
3.181489e+003,7.587518e+001
3.181971e+003,7.581598e+001
3.182453e+003,7.575728e+001
3.182935e+003,7.570102e+001
3.183417e+003,7.564851e+001
3.183899e+003,7.559995e+001
3.184381e+003,7.555429e+001
3.184864e+003,7.550930e+001
3.185346e+003,7.546220e+001
3.185828e+003,7.541034e+001
3.186310e+003,7.535222e+001
3.186792e+003,7.528816e+001
3.187274e+003,7.522031e+001
3.187756e+003,7.515211e+001
3.188238e+003,7.508710e+001
3.188720e+003,7.502771e+001
3.189203e+003,7.497428e+001
3.189685e+003,7.492501e+001
3.190167e+003,7.487656e+001
3.190649e+003,7.482523e+001
3.191131e+003,7.476827e+001
3.191613e+003,7.470470e+001
3.192095e+003,7.463528e+001
3.192577e+003,7.456206e+001
3.193060e+003,7.448721e+001
3.193542e+003,7.441245e+001
3.194024e+003,7.433880e+001
3.194506e+003,7.426697e+001
3.194988e+003,7.419789e+001
3.195470e+003,7.413329e+001
3.195952e+003,7.407555e+001
3.196434e+003,7.402689e+001
3.196917e+003,7.398853e+001
3.197398e+003,7.395964e+001
3.197881e+003,7.393716e+001
3.198363e+003,7.391642e+001
3.198845e+003,7.389252e+001
3.199327e+003,7.386163e+001
3.199809e+003,7.382195e+001
3.200291e+003,7.377379e+001
3.200773e+003,7.371893e+001
3.201255e+003,7.365942e+001
3.201738e+003,7.359669e+001
3.202220e+003,7.353112e+001
3.202702e+003,7.346227e+001
3.203184e+003,7.338981e+001
3.203666e+003,7.331425e+001
3.204148e+003,7.323720e+001
3.204630e+003,7.316122e+001
3.205112e+003,7.308893e+001
3.205594e+003,7.302216e+001
3.206077e+003,7.296126e+001
3.206559e+003,7.290523e+001
3.207041e+003,7.285220e+001
3.207523e+003,7.280029e+001
3.208005e+003,7.274825e+001
3.208487e+003,7.269573e+001
3.208969e+003,7.264297e+001
3.209451e+003,7.259020e+001
3.209934e+003,7.253709e+001
3.210416e+003,7.248264e+001
3.210898e+003,7.242542e+001
3.211380e+003,7.236424e+001
3.211862e+003,7.229871e+001
3.212344e+003,7.222969e+001
3.212826e+003,7.215892e+001
3.213308e+003,7.208862e+001
3.213791e+003,7.202065e+001
3.214273e+003,7.195604e+001
3.214755e+003,7.189487e+001
3.215237e+003,7.183662e+001
3.215719e+003,7.178071e+001
3.216201e+003,7.172710e+001
3.216683e+003,7.167643e+001
3.217165e+003,7.162979e+001
3.217647e+003,7.158812e+001
3.218130e+003,7.155150e+001
3.218612e+003,7.151878e+001
3.219094e+003,7.148753e+001
3.219576e+003,7.145459e+001
3.220058e+003,7.141696e+001
3.220540e+003,7.137256e+001
3.221022e+003,7.132089e+001
3.221504e+003,7.126311e+001
3.221987e+003,7.120163e+001
3.222469e+003,7.113940e+001
3.222951e+003,7.107922e+001
3.223433e+003,7.102299e+001
3.223915e+003,7.097156e+001
3.224397e+003,7.092461e+001
3.224879e+003,7.088117e+001
3.225361e+003,7.083968e+001
3.225844e+003,7.079863e+001
3.226325e+003,7.075654e+001
3.226808e+003,7.071219e+001
3.227290e+003,7.066470e+001
3.227772e+003,7.061366e+001
3.228254e+003,7.055916e+001
3.228736e+003,7.050183e+001
3.229218e+003,7.044295e+001
3.229700e+003,7.038414e+001
3.230182e+003,7.032709e+001
3.230665e+003,7.027307e+001
3.231147e+003,7.022258e+001
3.231629e+003,7.017519e+001
3.232111e+003,7.012967e+001
3.232593e+003,7.008448e+001
3.233075e+003,7.003816e+001
3.233557e+003,6.998996e+001
3.234039e+003,6.994009e+001
3.234521e+003,6.988956e+001
3.235004e+003,6.984001e+001
3.235486e+003,6.979306e+001
3.235968e+003,6.974993e+001
3.236450e+003,6.971106e+001
3.236932e+003,6.967606e+001
3.237414e+003,6.964394e+001
3.237896e+003,6.961338e+001
3.238378e+003,6.958311e+001
3.238861e+003,6.955215e+001
3.239343e+003,6.951984e+001
3.239825e+003,6.948586e+001
3.240307e+003,6.944993e+001
3.240789e+003,6.941164e+001
3.241271e+003,6.937039e+001
3.241753e+003,6.932537e+001
3.242235e+003,6.927584e+001
3.242718e+003,6.922151e+001
3.243200e+003,6.916304e+001
3.243682e+003,6.910226e+001
3.244164e+003,6.904221e+001
3.244646e+003,6.898668e+001
3.245128e+003,6.893932e+001
3.245610e+003,6.890270e+001
3.246092e+003,6.887749e+001
3.246574e+003,6.886210e+001
3.247057e+003,6.885295e+001
3.247539e+003,6.884531e+001
3.248021e+003,6.883453e+001
3.248503e+003,6.881704e+001
3.248985e+003,6.879115e+001
3.249467e+003,6.875729e+001
3.249949e+003,6.871737e+001
3.250431e+003,6.867424e+001
3.250914e+003,6.863071e+001
3.251396e+003,6.858914e+001
3.251878e+003,6.855110e+001
3.252360e+003,6.851759e+001
3.252842e+003,6.848904e+001
3.253324e+003,6.846557e+001
3.253806e+003,6.844669e+001
3.254288e+003,6.843114e+001
3.254771e+003,6.841677e+001
3.255252e+003,6.840070e+001
3.255735e+003,6.837986e+001
3.256217e+003,6.835168e+001
3.256699e+003,6.831490e+001
3.257181e+003,6.826990e+001
3.257663e+003,6.821877e+001
3.258145e+003,6.816474e+001
3.258627e+003,6.811146e+001
3.259109e+003,6.806201e+001
3.259592e+003,6.801865e+001
3.260074e+003,6.798222e+001
3.260556e+003,6.795266e+001
3.261038e+003,6.792906e+001
3.261520e+003,6.791026e+001
3.262002e+003,6.789507e+001
3.262484e+003,6.788245e+001
3.262966e+003,6.787150e+001
3.263448e+003,6.786140e+001
3.263931e+003,6.785128e+001
3.264413e+003,6.784004e+001
3.264895e+003,6.782638e+001
3.265377e+003,6.780871e+001
3.265859e+003,6.778542e+001
3.266341e+003,6.775530e+001
3.266823e+003,6.771793e+001
3.267305e+003,6.767422e+001
3.267788e+003,6.762645e+001
3.268270e+003,6.757813e+001
3.268752e+003,6.753320e+001
3.269234e+003,6.749518e+001
3.269716e+003,6.746618e+001
3.270198e+003,6.744647e+001
3.270680e+003,6.743449e+001
3.271162e+003,6.742756e+001
3.271645e+003,6.742285e+001
3.272127e+003,6.741820e+001
3.272609e+003,6.741250e+001
3.273091e+003,6.740568e+001
3.273573e+003,6.739795e+001
3.274055e+003,6.738919e+001
3.274537e+003,6.737853e+001
3.275019e+003,6.736446e+001
3.275501e+003,6.734563e+001
3.275984e+003,6.732152e+001
3.276466e+003,6.729299e+001
3.276948e+003,6.726241e+001
3.277430e+003,6.723285e+001
3.277912e+003,6.720727e+001
3.278394e+003,6.718753e+001
3.278876e+003,6.717384e+001
3.279358e+003,6.716496e+001
3.279841e+003,6.715878e+001
3.280323e+003,6.715315e+001
3.280805e+003,6.714640e+001
3.281287e+003,6.713760e+001
3.281769e+003,6.712627e+001
3.282251e+003,6.711198e+001
3.282733e+003,6.709407e+001
3.283215e+003,6.707162e+001
3.283698e+003,6.704395e+001
3.284179e+003,6.701097e+001
3.284662e+003,6.697378e+001
3.285144e+003,6.693438e+001
3.285626e+003,6.689558e+001
3.286108e+003,6.686005e+001
3.286590e+003,6.682977e+001
3.287072e+003,6.680567e+001
3.287554e+003,6.678758e+001
3.288036e+003,6.677454e+001
3.288519e+003,6.676531e+001
3.289001e+003,6.675871e+001
3.289483e+003,6.675383e+001
3.289965e+003,6.674979e+001
3.290447e+003,6.674574e+001
3.290929e+003,6.674072e+001
3.291411e+003,6.673367e+001
3.291893e+003,6.672369e+001
3.292375e+003,6.671027e+001
3.292858e+003,6.669339e+001
3.293340e+003,6.667366e+001
3.293822e+003,6.665195e+001
3.294304e+003,6.662926e+001
3.294786e+003,6.660645e+001
3.295268e+003,6.658426e+001
3.295750e+003,6.656338e+001
3.296232e+003,6.654453e+001
3.296715e+003,6.652848e+001
3.297197e+003,6.651581e+001
3.297679e+003,6.650678e+001
3.298161e+003,6.650112e+001
3.298643e+003,6.649788e+001
3.299125e+003,6.649580e+001
3.299607e+003,6.649350e+001
3.300089e+003,6.649006e+001
3.300572e+003,6.648507e+001
3.301054e+003,6.647874e+001
3.301536e+003,6.647154e+001
3.302018e+003,6.646370e+001
3.302500e+003,6.645485e+001
3.302982e+003,6.644398e+001
3.303464e+003,6.642967e+001
3.303946e+003,6.641068e+001
3.304428e+003,6.638636e+001
3.304911e+003,6.635721e+001
3.305393e+003,6.632469e+001
3.305875e+003,6.629096e+001
3.306357e+003,6.625822e+001
3.306839e+003,6.622808e+001
3.307321e+003,6.620126e+001
3.307803e+003,6.617758e+001
3.308285e+003,6.615624e+001
3.308768e+003,6.613640e+001
3.309250e+003,6.611742e+001
3.309732e+003,6.609912e+001
3.310214e+003,6.608151e+001
3.310696e+003,6.606464e+001
3.311178e+003,6.604820e+001
3.311660e+003,6.603158e+001
3.312142e+003,6.601402e+001
3.312625e+003,6.599504e+001
3.313106e+003,6.597477e+001
3.313589e+003,6.595399e+001
3.314071e+003,6.593400e+001
3.314553e+003,6.591613e+001
3.315035e+003,6.590108e+001
3.315517e+003,6.588863e+001
3.315999e+003,6.587769e+001
3.316481e+003,6.586665e+001
3.316963e+003,6.585407e+001
3.317446e+003,6.583923e+001
3.317928e+003,6.582240e+001
3.318410e+003,6.580469e+001
3.318892e+003,6.578745e+001
3.319374e+003,6.577170e+001
3.319856e+003,6.575747e+001
3.320338e+003,6.574388e+001
3.320820e+003,6.572938e+001
3.321302e+003,6.571242e+001
3.321785e+003,6.569205e+001
3.322267e+003,6.566837e+001
3.322749e+003,6.564236e+001
3.323231e+003,6.561550e+001
3.323713e+003,6.558915e+001
3.324195e+003,6.556391e+001
3.324677e+003,6.553946e+001
3.325159e+003,6.551466e+001
3.325642e+003,6.548796e+001
3.326124e+003,6.545801e+001
3.326606e+003,6.542403e+001
3.327088e+003,6.538612e+001
3.327570e+003,6.534506e+001
3.328052e+003,6.530223e+001
3.328534e+003,6.525904e+001
3.329016e+003,6.521664e+001
3.329499e+003,6.517575e+001
3.329981e+003,6.513655e+001
3.330463e+003,6.509895e+001
3.330945e+003,6.506275e+001
3.331427e+003,6.502799e+001
3.331909e+003,6.499521e+001
3.332391e+003,6.496539e+001
3.332873e+003,6.493980e+001
3.333355e+003,6.491957e+001
3.333838e+003,6.490514e+001
3.334320e+003,6.489577e+001
3.334802e+003,6.488940e+001
3.335284e+003,6.488287e+001
3.335766e+003,6.487256e+001
3.336248e+003,6.485524e+001
3.336730e+003,6.482896e+001
3.337212e+003,6.479343e+001
3.337695e+003,6.475013e+001
3.338177e+003,6.470164e+001
3.338659e+003,6.465103e+001
3.339141e+003,6.460107e+001
3.339623e+003,6.455380e+001
3.340105e+003,6.451049e+001
3.340587e+003,6.447167e+001
3.341069e+003,6.443749e+001
3.341552e+003,6.440787e+001
3.342033e+003,6.438246e+001
3.342516e+003,6.436060e+001
3.342998e+003,6.434100e+001
3.343480e+003,6.432207e+001
3.343962e+003,6.430194e+001
3.344444e+003,6.427893e+001
3.344926e+003,6.425211e+001
3.345408e+003,6.422140e+001
3.345890e+003,6.418752e+001
3.346373e+003,6.415177e+001
3.346855e+003,6.411551e+001
3.347337e+003,6.407993e+001
3.347819e+003,6.404570e+001
3.348301e+003,6.401312e+001
3.348783e+003,6.398217e+001
3.349265e+003,6.395260e+001
3.349747e+003,6.392405e+001
3.350229e+003,6.389589e+001
3.350712e+003,6.386727e+001
3.351194e+003,6.383734e+001
3.351676e+003,6.380534e+001
3.352158e+003,6.377112e+001
3.352640e+003,6.373521e+001
3.353122e+003,6.369889e+001
3.353604e+003,6.366379e+001
3.354086e+003,6.363136e+001
3.354569e+003,6.360234e+001
3.355051e+003,6.357645e+001
3.355533e+003,6.355246e+001
3.356015e+003,6.352862e+001
3.356497e+003,6.350328e+001
3.356979e+003,6.347544e+001
3.357461e+003,6.344498e+001
3.357943e+003,6.341258e+001
3.358426e+003,6.337933e+001
3.358908e+003,6.334632e+001
3.359390e+003,6.331427e+001
3.359872e+003,6.328348e+001
3.360354e+003,6.325377e+001
3.360836e+003,6.322473e+001
3.361318e+003,6.319580e+001
3.361800e+003,6.316649e+001
3.362282e+003,6.313645e+001
3.362765e+003,6.310566e+001
3.363247e+003,6.307455e+001
3.363729e+003,6.304419e+001
3.364211e+003,6.301606e+001
3.364693e+003,6.299191e+001
3.365175e+003,6.297313e+001
3.365657e+003,6.296025e+001
3.366139e+003,6.295240e+001
3.366622e+003,6.294738e+001
3.367104e+003,6.294197e+001
3.367586e+003,6.293285e+001
3.368068e+003,6.291740e+001
3.368550e+003,6.289455e+001
3.369032e+003,6.286488e+001
3.369514e+003,6.283039e+001
3.369996e+003,6.279396e+001
3.370479e+003,6.275838e+001
3.370961e+003,6.272576e+001
3.371443e+003,6.269714e+001
3.371925e+003,6.267254e+001
3.372407e+003,6.265128e+001
3.372889e+003,6.263227e+001
3.373371e+003,6.261452e+001
3.373853e+003,6.259721e+001
3.374335e+003,6.257983e+001
3.374818e+003,6.256205e+001
3.375300e+003,6.254372e+001
3.375782e+003,6.252463e+001
3.376264e+003,6.250459e+001
3.376746e+003,6.248341e+001
3.377228e+003,6.246106e+001
3.377710e+003,6.243773e+001
3.378192e+003,6.241394e+001
3.378675e+003,6.239063e+001
3.379156e+003,6.236887e+001
3.379639e+003,6.234971e+001
3.380121e+003,6.233377e+001
3.380603e+003,6.232106e+001
3.381085e+003,6.231087e+001
3.381567e+003,6.230207e+001
3.382049e+003,6.229358e+001
3.382531e+003,6.228482e+001
3.383013e+003,6.227604e+001
3.383496e+003,6.226822e+001
3.383978e+003,6.226258e+001
3.384460e+003,6.225982e+001
3.384942e+003,6.225962e+001
3.385424e+003,6.226039e+001
3.385906e+003,6.225987e+001
3.386388e+003,6.225585e+001
3.386870e+003,6.224716e+001
3.387353e+003,6.223422e+001
3.387835e+003,6.221903e+001
3.388317e+003,6.220446e+001
3.388799e+003,6.219326e+001
3.389281e+003,6.218700e+001
3.389763e+003,6.218579e+001
3.390245e+003,6.218833e+001
3.390727e+003,6.219258e+001
3.391209e+003,6.219669e+001
3.391692e+003,6.219955e+001
3.392174e+003,6.220108e+001
3.392656e+003,6.220185e+001
3.393138e+003,6.220256e+001
3.393620e+003,6.220367e+001
3.394102e+003,6.220521e+001
3.394584e+003,6.220700e+001
3.395066e+003,6.220897e+001
3.395549e+003,6.221156e+001
3.396031e+003,6.221557e+001
3.396513e+003,6.222193e+001
3.396995e+003,6.223129e+001
3.397477e+003,6.224358e+001
3.397959e+003,6.225803e+001
3.398441e+003,6.227351e+001
3.398923e+003,6.228898e+001
3.399406e+003,6.230403e+001
3.399888e+003,6.231890e+001
3.400370e+003,6.233454e+001
3.400852e+003,6.235209e+001
3.401334e+003,6.237249e+001
3.401816e+003,6.239609e+001
3.402298e+003,6.242252e+001
3.402780e+003,6.245067e+001
3.403262e+003,6.247885e+001
3.403745e+003,6.250502e+001
3.404227e+003,6.252703e+001
3.404709e+003,6.254298e+001
3.405191e+003,6.255161e+001
3.405673e+003,6.255268e+001
3.406155e+003,6.254735e+001
3.406637e+003,6.253803e+001
3.407119e+003,6.252811e+001
3.407602e+003,6.252127e+001
3.408083e+003,6.252064e+001
3.408566e+003,6.252800e+001
3.409048e+003,6.254354e+001
3.409530e+003,6.256590e+001
3.410012e+003,6.259280e+001
3.410494e+003,6.262213e+001
3.410976e+003,6.265140e+001
3.411458e+003,6.267933e+001
3.411940e+003,6.270563e+001
3.412423e+003,6.273056e+001
3.412905e+003,6.275471e+001
3.413387e+003,6.277864e+001
3.413869e+003,6.280276e+001
3.414351e+003,6.282716e+001
3.414833e+003,6.285177e+001
3.415315e+003,6.287624e+001
3.415797e+003,6.289989e+001
3.416280e+003,6.292182e+001
3.416762e+003,6.294120e+001
3.417244e+003,6.295757e+001
3.417726e+003,6.297142e+001
3.418208e+003,6.298426e+001
3.418690e+003,6.299852e+001
3.419172e+003,6.301678e+001
3.419654e+003,6.304086e+001
3.420136e+003,6.307085e+001
3.420619e+003,6.310493e+001
3.421101e+003,6.313978e+001
3.421583e+003,6.317180e+001
3.422065e+003,6.319846e+001
3.422547e+003,6.321942e+001
3.423029e+003,6.323664e+001
3.423511e+003,6.325375e+001
3.423993e+003,6.327475e+001
3.424476e+003,6.330248e+001
3.424958e+003,6.333776e+001
3.425440e+003,6.337924e+001
3.425922e+003,6.342394e+001
3.426404e+003,6.346855e+001
3.426886e+003,6.351048e+001
3.427368e+003,6.354873e+001
3.427850e+003,6.358392e+001
3.428333e+003,6.361794e+001
3.428815e+003,6.365302e+001
3.429297e+003,6.369098e+001
3.429779e+003,6.373285e+001
3.430261e+003,6.377857e+001
3.430743e+003,6.382731e+001
3.431225e+003,6.387769e+001
3.431707e+003,6.392810e+001
3.432189e+003,6.397699e+001
3.432672e+003,6.402295e+001
3.433154e+003,6.406495e+001
3.433636e+003,6.410238e+001
3.434118e+003,6.413521e+001
3.434600e+003,6.416401e+001
3.435082e+003,6.418987e+001
3.435564e+003,6.421416e+001
3.436046e+003,6.423832e+001
3.436529e+003,6.426336e+001
3.437010e+003,6.428999e+001
3.437493e+003,6.431841e+001
3.437975e+003,6.434853e+001
3.438457e+003,6.438033e+001
3.438939e+003,6.441386e+001
3.439421e+003,6.444936e+001
3.439903e+003,6.448705e+001
3.440385e+003,6.452692e+001
3.440867e+003,6.456837e+001
3.441350e+003,6.461012e+001
3.441832e+003,6.465044e+001
3.442314e+003,6.468745e+001
3.442796e+003,6.471988e+001
3.443278e+003,6.474734e+001
3.443760e+003,6.477077e+001
3.444242e+003,6.479234e+001
3.444724e+003,6.481498e+001
3.445207e+003,6.484182e+001
3.445689e+003,6.487547e+001
3.446171e+003,6.491734e+001
3.446653e+003,6.496733e+001
3.447135e+003,6.502379e+001
3.447617e+003,6.508406e+001
3.448099e+003,6.514507e+001
3.448581e+003,6.520405e+001
3.449063e+003,6.525901e+001
3.449546e+003,6.530888e+001
3.450028e+003,6.535357e+001
3.450510e+003,6.539405e+001
3.450992e+003,6.543215e+001
3.451474e+003,6.547042e+001
3.451956e+003,6.551153e+001
3.452438e+003,6.555761e+001
3.452920e+003,6.560948e+001
3.453403e+003,6.566624e+001
3.453885e+003,6.572537e+001
3.454367e+003,6.578342e+001
3.454849e+003,6.583713e+001
3.455331e+003,6.588464e+001
3.455813e+003,6.592604e+001
3.456295e+003,6.596321e+001
3.456777e+003,6.599888e+001
3.457260e+003,6.603531e+001
3.457742e+003,6.607318e+001
3.458224e+003,6.611137e+001
3.458706e+003,6.614749e+001
3.459188e+003,6.617945e+001
3.459670e+003,6.620689e+001
3.460152e+003,6.623200e+001
3.460634e+003,6.625943e+001
3.461116e+003,6.629485e+001
3.461599e+003,6.634311e+001
3.462081e+003,6.640637e+001
3.462563e+003,6.648338e+001
3.463045e+003,6.656990e+001
3.463527e+003,6.666009e+001
3.464009e+003,6.674828e+001
3.464491e+003,6.683023e+001
3.464973e+003,6.690368e+001
3.465456e+003,6.696793e+001
3.465938e+003,6.702316e+001
3.466420e+003,6.706976e+001
3.466902e+003,6.710829e+001
3.467384e+003,6.713958e+001
3.467866e+003,6.716534e+001
3.468348e+003,6.718832e+001
3.468830e+003,6.721203e+001
3.469313e+003,6.724002e+001
3.469794e+003,6.727488e+001
3.470277e+003,6.731755e+001
3.470759e+003,6.736726e+001
3.471241e+003,6.742192e+001
3.471723e+003,6.747904e+001
3.472205e+003,6.753664e+001
3.472687e+003,6.759374e+001
3.473169e+003,6.765057e+001
3.473651e+003,6.770803e+001
3.474134e+003,6.776723e+001
3.474616e+003,6.782896e+001
3.475098e+003,6.789331e+001
3.475580e+003,6.795961e+001
3.476062e+003,6.802634e+001
3.476544e+003,6.809132e+001
3.477026e+003,6.815188e+001
3.477508e+003,6.820540e+001
3.477990e+003,6.824989e+001
3.478473e+003,6.828499e+001
3.478955e+003,6.831238e+001
3.479437e+003,6.833589e+001
3.479919e+003,6.836075e+001
3.480401e+003,6.839208e+001
3.480883e+003,6.843332e+001
3.481365e+003,6.848507e+001
3.481847e+003,6.854494e+001
3.482330e+003,6.860857e+001
3.482812e+003,6.867153e+001
3.483294e+003,6.873083e+001
3.483776e+003,6.878587e+001
3.484258e+003,6.883811e+001
3.484740e+003,6.888996e+001
3.485222e+003,6.894349e+001
3.485704e+003,6.899940e+001
3.486187e+003,6.905707e+001
3.486669e+003,6.911514e+001
3.487151e+003,6.917270e+001
3.487633e+003,6.922984e+001
3.488115e+003,6.928790e+001
3.488597e+003,6.934865e+001
3.489079e+003,6.941338e+001
3.489561e+003,6.948206e+001
3.490043e+003,6.955340e+001
3.490526e+003,6.962543e+001
3.491008e+003,6.969638e+001
3.491490e+003,6.976546e+001
3.491972e+003,6.983307e+001
3.492454e+003,6.990028e+001
3.492936e+003,6.996830e+001
3.493418e+003,7.003769e+001
3.493900e+003,7.010847e+001
3.494383e+003,7.018050e+001
3.494865e+003,7.025407e+001
3.495347e+003,7.033013e+001
3.495829e+003,7.041008e+001
3.496311e+003,7.049472e+001
3.496793e+003,7.058334e+001
3.497275e+003,7.067325e+001
3.497757e+003,7.076003e+001
3.498240e+003,7.083877e+001
3.498721e+003,7.090553e+001
3.499204e+003,7.095842e+001
3.499686e+003,7.099828e+001
3.500168e+003,7.102798e+001
3.500650e+003,7.105152e+001
3.501132e+003,7.107282e+001
3.501614e+003,7.109512e+001
3.502096e+003,7.112074e+001
3.502578e+003,7.115163e+001
3.503061e+003,7.118981e+001
3.503543e+003,7.123753e+001
3.504025e+003,7.129672e+001
3.504507e+003,7.136833e+001
3.504989e+003,7.145169e+001
3.505471e+003,7.154449e+001
3.505953e+003,7.164319e+001
3.506435e+003,7.174390e+001
3.506917e+003,7.184317e+001
3.507400e+003,7.193858e+001
3.507882e+003,7.202888e+001
3.508364e+003,7.211376e+001
3.508846e+003,7.219351e+001
3.509328e+003,7.226904e+001
3.509810e+003,7.234174e+001
3.510292e+003,7.241376e+001
3.510774e+003,7.248782e+001
3.511257e+003,7.256678e+001
3.511739e+003,7.265259e+001
3.512221e+003,7.274556e+001
3.512703e+003,7.284357e+001
3.513185e+003,7.294256e+001
3.513667e+003,7.303742e+001
3.514149e+003,7.312356e+001
3.514631e+003,7.319833e+001
3.515114e+003,7.326177e+001
3.515596e+003,7.331642e+001
3.516078e+003,7.336652e+001
3.516560e+003,7.341673e+001
3.517042e+003,7.347114e+001
3.517524e+003,7.353268e+001
3.518006e+003,7.360295e+001
3.518488e+003,7.368214e+001
3.518970e+003,7.376912e+001
3.519453e+003,7.386134e+001
3.519935e+003,7.395480e+001
3.520417e+003,7.404433e+001
3.520899e+003,7.412442e+001
3.521381e+003,7.419048e+001
3.521863e+003,7.424026e+001
3.522345e+003,7.427467e+001
3.522827e+003,7.429794e+001
3.523310e+003,7.431642e+001
3.523792e+003,7.433679e+001
3.524274e+003,7.436464e+001
3.524756e+003,7.440347e+001
3.525238e+003,7.445507e+001
3.525720e+003,7.452009e+001
3.526202e+003,7.459873e+001
3.526684e+003,7.469109e+001
3.527167e+003,7.479629e+001
3.527648e+003,7.491192e+001
3.528131e+003,7.503339e+001
3.528613e+003,7.515437e+001
3.529095e+003,7.526816e+001
3.529577e+003,7.536945e+001
3.530059e+003,7.545568e+001
3.530541e+003,7.552770e+001
3.531023e+003,7.558910e+001
3.531505e+003,7.564513e+001
3.531988e+003,7.570116e+001
3.532470e+003,7.576150e+001
3.532952e+003,7.582896e+001
3.533434e+003,7.590485e+001
3.533916e+003,7.598933e+001
3.534398e+003,7.608178e+001
3.534880e+003,7.618082e+001
3.535362e+003,7.628432e+001
3.535844e+003,7.638938e+001
3.536327e+003,7.649281e+001
3.536809e+003,7.659199e+001
3.537291e+003,7.668567e+001
3.537773e+003,7.677448e+001
3.538255e+003,7.686060e+001
3.538737e+003,7.694655e+001
3.539219e+003,7.703400e+001
3.539701e+003,7.712240e+001
3.540184e+003,7.720883e+001
3.540666e+003,7.728856e+001
3.541148e+003,7.735635e+001
3.541630e+003,7.740842e+001
3.542112e+003,7.744378e+001
3.542594e+003,7.746504e+001
3.543076e+003,7.747826e+001
3.543558e+003,7.749170e+001
3.544041e+003,7.751431e+001
3.544523e+003,7.755386e+001
3.545005e+003,7.761569e+001
3.545487e+003,7.770171e+001
3.545969e+003,7.781041e+001
3.546451e+003,7.793707e+001
3.546933e+003,7.807466e+001
3.547415e+003,7.821503e+001
3.547897e+003,7.835017e+001
3.548380e+003,7.847331e+001
3.548862e+003,7.857969e+001
3.549344e+003,7.866676e+001
3.549826e+003,7.873424e+001
3.550308e+003,7.878405e+001
3.550790e+003,7.882021e+001
3.551272e+003,7.884844e+001
3.551754e+003,7.887563e+001
3.552237e+003,7.890878e+001
3.552719e+003,7.895391e+001
3.553201e+003,7.901524e+001
3.553683e+003,7.909473e+001
3.554165e+003,7.919174e+001
3.554647e+003,7.930332e+001
3.555129e+003,7.942435e+001
3.555611e+003,7.954838e+001
3.556094e+003,7.966862e+001
3.556575e+003,7.977926e+001
3.557058e+003,7.987643e+001
3.557540e+003,7.995880e+001
3.558022e+003,8.002762e+001
3.558504e+003,8.008562e+001
3.558986e+003,8.013625e+001
3.559468e+003,8.018248e+001
3.559950e+003,8.022626e+001
3.560432e+003,8.026805e+001
3.560915e+003,8.030704e+001
3.561397e+003,8.034130e+001
3.561879e+003,8.036802e+001
3.562361e+003,8.038410e+001
3.562843e+003,8.038664e+001
3.563325e+003,8.037383e+001
3.563807e+003,8.034598e+001
3.564289e+003,8.030688e+001
3.564771e+003,8.026500e+001
3.565254e+003,8.023387e+001
3.565736e+003,8.023071e+001
3.566218e+003,8.027234e+001
3.566700e+003,8.036909e+001
3.567182e+003,8.052004e+001
3.567664e+003,8.071275e+001
3.568146e+003,8.092786e+001
3.568628e+003,8.114539e+001
3.569111e+003,8.134885e+001
3.569593e+003,8.152608e+001
3.570075e+003,8.166841e+001
3.570557e+003,8.176971e+001
3.571039e+003,8.182685e+001
3.571521e+003,8.184100e+001
3.572003e+003,8.181895e+001
3.572485e+003,8.177345e+001
3.572968e+003,8.172172e+001
3.573450e+003,8.168265e+001
3.573932e+003,8.167323e+001
3.574414e+003,8.170579e+001
3.574896e+003,8.178631e+001
3.575378e+003,8.191403e+001
3.575860e+003,8.208233e+001
3.576342e+003,8.227986e+001
3.576824e+003,8.249203e+001
3.577307e+003,8.270237e+001
3.577789e+003,8.289437e+001
3.578271e+003,8.305359e+001
3.578753e+003,8.317014e+001
3.579235e+003,8.324074e+001
3.579717e+003,8.326943e+001
3.580199e+003,8.326649e+001
3.580681e+003,8.324563e+001
3.581164e+003,8.322058e+001
3.581646e+003,8.320213e+001
3.582128e+003,8.319639e+001
3.582610e+003,8.320470e+001
3.583092e+003,8.322469e+001
3.583574e+003,8.325208e+001
3.584056e+003,8.328257e+001
3.584538e+003,8.331321e+001
3.585021e+003,8.334335e+001
3.585502e+003,8.337508e+001
3.585985e+003,8.341295e+001
3.586467e+003,8.346272e+001
3.586949e+003,8.352912e+001
3.587431e+003,8.361366e+001
3.587913e+003,8.371336e+001
3.588395e+003,8.382153e+001
3.588877e+003,8.392965e+001
3.589359e+003,8.402898e+001
3.589842e+003,8.411122e+001
3.590324e+003,8.416885e+001
3.590806e+003,8.419569e+001
3.591288e+003,8.418832e+001
3.591770e+003,8.414815e+001
3.592252e+003,8.408308e+001
3.592734e+003,8.400714e+001
3.593216e+003,8.393815e+001
3.593698e+003,8.389311e+001
3.594181e+003,8.388371e+001
3.594663e+003,8.391377e+001
3.595145e+003,8.397968e+001
3.595627e+003,8.407300e+001
3.596109e+003,8.418379e+001
3.596591e+003,8.430348e+001
3.597073e+003,8.442596e+001
3.597555e+003,8.454774e+001
3.598038e+003,8.466763e+001
3.598520e+003,8.478584e+001
3.599002e+003,8.490353e+001
3.599484e+003,8.502234e+001
3.599966e+003,8.514348e+001
3.600448e+003,8.526688e+001
3.600930e+003,8.539029e+001
3.601412e+003,8.550907e+001
3.601895e+003,8.561695e+001
3.602377e+003,8.570711e+001
3.602859e+003,8.577383e+001
3.603341e+003,8.581384e+001
3.603823e+003,8.582719e+001
3.604305e+003,8.581751e+001
3.604787e+003,8.579159e+001
3.605269e+003,8.575828e+001
3.605751e+003,8.572719e+001
3.606234e+003,8.570750e+001
3.606716e+003,8.570704e+001
3.607198e+003,8.573154e+001
3.607680e+003,8.578422e+001
3.608162e+003,8.586552e+001
3.608644e+003,8.597319e+001
3.609126e+003,8.610283e+001
3.609608e+003,8.624860e+001
3.610091e+003,8.640286e+001
3.610573e+003,8.655553e+001
3.611055e+003,8.669274e+001
3.611537e+003,8.679745e+001
3.612019e+003,8.685211e+001
3.612501e+003,8.684410e+001
3.612983e+003,8.677157e+001
3.613465e+003,8.664650e+001
3.613948e+003,8.649255e+001
3.614429e+003,8.633910e+001
3.614912e+003,8.621446e+001
3.615394e+003,8.614137e+001
3.615876e+003,8.613476e+001
3.616358e+003,8.620123e+001
3.616840e+003,8.633867e+001
3.617322e+003,8.653588e+001
3.617804e+003,8.677258e+001
3.618286e+003,8.702127e+001
3.618769e+003,8.725234e+001
3.619251e+003,8.744161e+001
3.619733e+003,8.757666e+001
3.620215e+003,8.765807e+001
3.620697e+003,8.769529e+001
3.621179e+003,8.770050e+001
3.621661e+003,8.768366e+001
3.622143e+003,8.765047e+001
3.622625e+003,8.760260e+001
3.623108e+003,8.753974e+001
3.623590e+003,8.746182e+001
3.624072e+003,8.737088e+001
3.624554e+003,8.727157e+001
3.625036e+003,8.717021e+001
3.625518e+003,8.707335e+001
3.626000e+003,8.698709e+001
3.626482e+003,8.691858e+001
3.626965e+003,8.687971e+001
3.627447e+003,8.689043e+001
3.627929e+003,8.697581e+001
3.628411e+003,8.715226e+001
3.628893e+003,8.741077e+001
3.629375e+003,8.771440e+001
3.629857e+003,8.801564e+001
3.630339e+003,8.827648e+001
3.630822e+003,8.847595e+001
3.631304e+003,8.860573e+001
3.631786e+003,8.866374e+001
3.632268e+003,8.865221e+001
3.632750e+003,8.857965e+001
3.633232e+003,8.846373e+001
3.633714e+003,8.833054e+001
3.634196e+003,8.820918e+001
3.634678e+003,8.812476e+001
3.635161e+003,8.809380e+001
3.635643e+003,8.812370e+001
3.636125e+003,8.821505e+001
3.636607e+003,8.836476e+001
3.637089e+003,8.856754e+001
3.637571e+003,8.881567e+001
3.638053e+003,8.909709e+001
3.638535e+003,8.939334e+001
3.639018e+003,8.967874e+001
3.639500e+003,8.992249e+001
3.639982e+003,9.009400e+001
3.640464e+003,9.017088e+001
3.640946e+003,9.014681e+001
3.641428e+003,9.003551e+001
3.641910e+003,8.986813e+001
3.642392e+003,8.968430e+001
3.642875e+003,8.952081e+001
3.643356e+003,8.940286e+001
3.643839e+003,8.933993e+001
3.644321e+003,8.932683e+001
3.644803e+003,8.934750e+001
3.645285e+003,8.938068e+001
3.645767e+003,8.940637e+001
3.646249e+003,8.941222e+001
3.646731e+003,8.939804e+001
3.647213e+003,8.937603e+001
3.647696e+003,8.936550e+001
3.648178e+003,8.938412e+001
3.648660e+003,8.944006e+001
3.649142e+003,8.952908e+001
3.649624e+003,8.963675e+001
3.650106e+003,8.974377e+001
3.650588e+003,8.983204e+001
3.651070e+003,8.988844e+001
3.651552e+003,8.990578e+001
3.652035e+003,8.988134e+001
3.652517e+003,8.981423e+001
3.652999e+003,8.970415e+001
3.653481e+003,8.955240e+001
3.653963e+003,8.936632e+001
3.654445e+003,8.916496e+001
3.654927e+003,8.898236e+001
3.655409e+003,8.886238e+001
3.655892e+003,8.884451e+001
3.656374e+003,8.894794e+001
3.656856e+003,8.916516e+001
3.657338e+003,8.946747e+001
3.657820e+003,8.981668e+001
3.658302e+003,9.017416e+001
3.658784e+003,9.050584e+001
3.659266e+003,9.078481e+001
3.659749e+003,9.099409e+001
3.660231e+003,9.112920e+001
3.660713e+003,9.119881e+001
3.661195e+003,9.122162e+001
3.661677e+003,9.122015e+001
3.662159e+003,9.121352e+001
3.662641e+003,9.121292e+001
3.663123e+003,9.122102e+001
3.663605e+003,9.123482e+001
3.664088e+003,9.125046e+001
3.664570e+003,9.126748e+001
3.665052e+003,9.129086e+001
3.665534e+003,9.133020e+001
3.666016e+003,9.139660e+001
3.666498e+003,9.149802e+001
3.666980e+003,9.163474e+001
3.667462e+003,9.179612e+001
3.667945e+003,9.196008e+001
3.668427e+003,9.209681e+001
3.668909e+003,9.217756e+001
3.669391e+003,9.218594e+001
3.669873e+003,9.212558e+001
3.670355e+003,9.201823e+001
3.670837e+003,9.189317e+001
3.671319e+003,9.177563e+001
3.671802e+003,9.167979e+001
3.672283e+003,9.160651e+001
3.672766e+003,9.154391e+001
3.673248e+003,9.147112e+001
3.673730e+003,9.136710e+001
3.674212e+003,9.122434e+001
3.674694e+003,9.106008e+001
3.675176e+003,9.091148e+001
3.675658e+003,9.081281e+001
3.676140e+003,9.077679e+001
3.676623e+003,9.079736e+001
3.677105e+003,9.086329e+001
3.677587e+003,9.096629e+001
3.678069e+003,9.110066e+001
3.678551e+003,9.125938e+001
3.679033e+003,9.143183e+001
3.679515e+003,9.160334e+001
3.679997e+003,9.175716e+001
3.680479e+003,9.187735e+001
3.680962e+003,9.195174e+001
3.681444e+003,9.197375e+001
3.681926e+003,9.194352e+001
3.682408e+003,9.186876e+001
3.682890e+003,9.176512e+001
3.683372e+003,9.165536e+001
3.683854e+003,9.156588e+001
3.684336e+003,9.152119e+001
3.684819e+003,9.153764e+001
3.685301e+003,9.161804e+001
3.685783e+003,9.174852e+001
3.686265e+003,9.189829e+001
3.686747e+003,9.202434e+001
3.687229e+003,9.208257e+001
3.687711e+003,9.204543e+001
3.688193e+003,9.191795e+001
3.688676e+003,9.174084e+001
3.689158e+003,9.157456e+001
3.689640e+003,9.147446e+001
3.690122e+003,9.147167e+001
3.690604e+003,9.156782e+001
3.691086e+003,9.174019e+001
3.691568e+003,9.195270e+001
3.692050e+003,9.216760e+001
3.692532e+003,9.235460e+001
3.693015e+003,9.249486e+001
3.693497e+003,9.258010e+001
3.693979e+003,9.260930e+001
3.694461e+003,9.258582e+001
3.694943e+003,9.251653e+001
3.695425e+003,9.241287e+001
3.695907e+003,9.229139e+001
3.696389e+003,9.217289e+001
3.696872e+003,9.207893e+001
3.697354e+003,9.202766e+001
3.697836e+003,9.203005e+001
3.698318e+003,9.208813e+001
3.698800e+003,9.219466e+001
3.699282e+003,9.233443e+001
3.699764e+003,9.248657e+001
3.700246e+003,9.262801e+001
3.700729e+003,9.273805e+001
3.701211e+003,9.280296e+001
3.701693e+003,9.281893e+001
3.702175e+003,9.279218e+001
3.702657e+003,9.273593e+001
3.703139e+003,9.266657e+001
3.703621e+003,9.260002e+001
3.704103e+003,9.254943e+001
3.704585e+003,9.252383e+001
3.705068e+003,9.252705e+001
3.705550e+003,9.255717e+001
3.706032e+003,9.260681e+001
3.706514e+003,9.266413e+001
3.706996e+003,9.271502e+001
3.707478e+003,9.274648e+001
3.707960e+003,9.274956e+001
3.708442e+003,9.272169e+001
3.708925e+003,9.266736e+001
3.709406e+003,9.259680e+001
3.709889e+003,9.252323e+001
3.710371e+003,9.245917e+001
3.710853e+003,9.241297e+001
3.711335e+003,9.238651e+001
3.711817e+003,9.237531e+001
3.712299e+003,9.237111e+001
3.712781e+003,9.236562e+001
3.713263e+003,9.235299e+001
3.713746e+003,9.233048e+001
3.714228e+003,9.229729e+001
3.714710e+003,9.225343e+001
3.715192e+003,9.219964e+001
3.715674e+003,9.213800e+001
3.716156e+003,9.207330e+001
3.716638e+003,9.201361e+001
3.717120e+003,9.196915e+001
3.717603e+003,9.194977e+001
3.718085e+003,9.196132e+001
3.718567e+003,9.200317e+001
3.719049e+003,9.206768e+001
3.719531e+003,9.214198e+001
3.720013e+003,9.221141e+001
3.720495e+003,9.226359e+001
3.720977e+003,9.229225e+001
3.721459e+003,9.229957e+001
3.721942e+003,9.229543e+001
3.722424e+003,9.229398e+001
3.722906e+003,9.230833e+001
3.723388e+003,9.234583e+001
3.723870e+003,9.240572e+001
3.724352e+003,9.247983e+001
3.724834e+003,9.255520e+001
3.725316e+003,9.261835e+001
3.725799e+003,9.265912e+001
3.726281e+003,9.267334e+001
3.726763e+003,9.266289e+001
3.727245e+003,9.263357e+001
3.727727e+003,9.259194e+001
3.728209e+003,9.254294e+001
3.728691e+003,9.248902e+001
3.729173e+003,9.243104e+001
3.729656e+003,9.237067e+001
3.730138e+003,9.231378e+001
3.730620e+003,9.227269e+001
3.731102e+003,9.226590e+001
3.731584e+003,9.231281e+001
3.732066e+003,9.242515e+001
3.732548e+003,9.259822e+001
3.733030e+003,9.280695e+001
3.733512e+003,9.300882e+001
3.733995e+003,9.315427e+001
3.734477e+003,9.320244e+001
3.734959e+003,9.313814e+001
3.735441e+003,9.298019e+001
3.735923e+003,9.277327e+001
3.736405e+003,9.256647e+001
3.736887e+003,9.239449e+001
3.737369e+003,9.227110e+001
3.737852e+003,9.219430e+001
3.738333e+003,9.215520e+001
3.738816e+003,9.214606e+001
3.739298e+003,9.216577e+001
3.739780e+003,9.222174e+001
3.740262e+003,9.232773e+001
3.740744e+003,9.249806e+001
3.741226e+003,9.273969e+001
3.741708e+003,9.304345e+001
3.742190e+003,9.337696e+001
3.742673e+003,9.368216e+001
3.743155e+003,9.388425e+001
3.743637e+003,9.391928e+001
3.744119e+003,9.377124e+001
3.744601e+003,9.348833e+001
3.745083e+003,9.315629e+001
3.745565e+003,9.285350e+001
3.746047e+003,9.262492e+001
3.746530e+003,9.248094e+001
3.747012e+003,9.240580e+001
3.747494e+003,9.236680e+001
3.747976e+003,9.232406e+001
3.748458e+003,9.224357e+001
3.748940e+003,9.211250e+001
3.749422e+003,9.194930e+001
3.749904e+003,9.179798e+001
3.750386e+003,9.170660e+001
3.750869e+003,9.170406e+001
3.751351e+003,9.179030e+001
3.751833e+003,9.194206e+001
3.752315e+003,9.212679e+001
3.752797e+003,9.231513e+001
3.753279e+003,9.248723e+001
3.753761e+003,9.263206e+001
3.754243e+003,9.274302e+001
3.754726e+003,9.281316e+001
3.755208e+003,9.283361e+001
3.755690e+003,9.279599e+001
3.756172e+003,9.269825e+001
3.756654e+003,9.255043e+001
3.757136e+003,9.237692e+001
3.757618e+003,9.221231e+001
3.758100e+003,9.209248e+001
3.758583e+003,9.204484e+001
3.759065e+003,9.208176e+001
3.759547e+003,9.219820e+001
3.760029e+003,9.237459e+001
3.760511e+003,9.258349e+001
3.760993e+003,9.279751e+001
3.761475e+003,9.299459e+001
3.761957e+003,9.315852e+001
3.762439e+003,9.327605e+001
3.762922e+003,9.333411e+001
3.763404e+003,9.332076e+001
3.763886e+003,9.323103e+001
3.764368e+003,9.307492e+001
3.764850e+003,9.288129e+001
3.765332e+003,9.269260e+001
3.765814e+003,9.255201e+001
3.766296e+003,9.249053e+001
3.766779e+003,9.252043e+001
3.767260e+003,9.263523e+001
3.767743e+003,9.281316e+001
3.768225e+003,9.302191e+001
3.768707e+003,9.322511e+001
3.769189e+003,9.339037e+001
3.769671e+003,9.349731e+001
3.770153e+003,9.354137e+001
3.770635e+003,9.353084e+001
3.771117e+003,9.347967e+001
3.771600e+003,9.340105e+001
3.772082e+003,9.330464e+001
3.772564e+003,9.319749e+001
3.773046e+003,9.308629e+001
3.773528e+003,9.297913e+001
3.774010e+003,9.288522e+001
3.774492e+003,9.281299e+001
3.774974e+003,9.276730e+001
3.775457e+003,9.274723e+001
3.775939e+003,9.274599e+001
3.776421e+003,9.275277e+001
3.776903e+003,9.275636e+001
3.777385e+003,9.274904e+001
3.777867e+003,9.272922e+001
3.778349e+003,9.270201e+001
3.778831e+003,9.267669e+001
3.779313e+003,9.266212e+001
3.779796e+003,9.266247e+001
3.780278e+003,9.267595e+001
3.780760e+003,9.269639e+001
3.781242e+003,9.271620e+001
3.781724e+003,9.272883e+001
3.782206e+003,9.272993e+001
3.782688e+003,9.271751e+001
3.783170e+003,9.269203e+001
3.783653e+003,9.265601e+001
3.784135e+003,9.261334e+001
3.784617e+003,9.256824e+001
3.785099e+003,9.252495e+001
3.785581e+003,9.248788e+001
3.786063e+003,9.246281e+001
3.786545e+003,9.245753e+001
3.787027e+003,9.248151e+001
3.787510e+003,9.254414e+001
3.787992e+003,9.265146e+001
3.788474e+003,9.280254e+001
3.788956e+003,9.298650e+001
3.789438e+003,9.318179e+001
3.789920e+003,9.335854e+001
3.790402e+003,9.348466e+001
3.790884e+003,9.353482e+001
3.791366e+003,9.349906e+001
3.791849e+003,9.338740e+001
3.792331e+003,9.322735e+001
3.792813e+003,9.305547e+001
3.793295e+003,9.290632e+001
3.793777e+003,9.280363e+001
3.794259e+003,9.275542e+001
3.794741e+003,9.275381e+001
3.795223e+003,9.277876e+001
3.795706e+003,9.280579e+001
3.796188e+003,9.281504e+001
3.796670e+003,9.279827e+001
3.797152e+003,9.275983e+001
3.797634e+003,9.271111e+001
3.798116e+003,9.266229e+001
3.798598e+003,9.261602e+001
3.799080e+003,9.256543e+001
3.799563e+003,9.249792e+001
3.800044e+003,9.240377e+001
3.800527e+003,9.228609e+001
3.801009e+003,9.216441e+001
3.801491e+003,9.206725e+001
3.801973e+003,9.201821e+001
3.802455e+003,9.202699e+001
3.802937e+003,9.208954e+001
3.803419e+003,9.219224e+001
3.803901e+003,9.231487e+001
3.804384e+003,9.243191e+001
3.804866e+003,9.251530e+001
3.805348e+003,9.254163e+001
3.805830e+003,9.250299e+001
3.806312e+003,9.241473e+001
3.806794e+003,9.231145e+001
3.807276e+003,9.223065e+001
3.807758e+003,9.219624e+001
3.808240e+003,9.221297e+001
3.808723e+003,9.227074e+001
3.809205e+003,9.235193e+001
3.809687e+003,9.243723e+001
3.810169e+003,9.251033e+001
3.810651e+003,9.256197e+001
3.811133e+003,9.259239e+001
3.811615e+003,9.261014e+001
3.812097e+003,9.262720e+001
3.812580e+003,9.265192e+001
3.813062e+003,9.268266e+001
3.813544e+003,9.270545e+001
3.814026e+003,9.269733e+001
3.814508e+003,9.263602e+001
3.814990e+003,9.251343e+001
3.815472e+003,9.234563e+001
3.815954e+003,9.217030e+001
3.816437e+003,9.203141e+001
3.816919e+003,9.196169e+001
3.817401e+003,9.197323e+001
3.817883e+003,9.205686e+001
3.818365e+003,9.218504e+001
3.818847e+003,9.231606e+001
3.819329e+003,9.240154e+001
3.819811e+003,9.240136e+001
3.820293e+003,9.230384e+001
3.820776e+003,9.213705e+001
3.821258e+003,9.195685e+001
3.821740e+003,9.181754e+001
3.822222e+003,9.175060e+001
3.822704e+003,9.176382e+001
3.823186e+003,9.185068e+001
3.823668e+003,9.199830e+001
3.824150e+003,9.219048e+001
3.824633e+003,9.240816e+001
3.825115e+003,9.262922e+001
3.825597e+003,9.282944e+001
3.826079e+003,9.298481e+001
3.826561e+003,9.307566e+001
3.827043e+003,9.309059e+001
3.827525e+003,9.302836e+001
3.828007e+003,9.289735e+001
3.828490e+003,9.271358e+001
3.828971e+003,9.249887e+001
3.829454e+003,9.227949e+001
3.829936e+003,9.208443e+001
3.830418e+003,9.194154e+001
3.830900e+003,9.187135e+001
3.831382e+003,9.188012e+001
3.831864e+003,9.195663e+001
3.832346e+003,9.207526e+001
3.832828e+003,9.220465e+001
3.833311e+003,9.231802e+001
3.833793e+003,9.240085e+001
3.834275e+003,9.245322e+001
3.834757e+003,9.248701e+001
3.835239e+003,9.251920e+001
3.835721e+003,9.256321e+001
3.836203e+003,9.262124e+001
3.836685e+003,9.268053e+001
3.837167e+003,9.271648e+001
3.837650e+003,9.270261e+001
3.838132e+003,9.262365e+001
3.838614e+003,9.248460e+001
3.839096e+003,9.231026e+001
3.839578e+003,9.213651e+001
3.840060e+003,9.199888e+001
3.840542e+003,9.192378e+001
3.841024e+003,9.192385e+001
3.841507e+003,9.199677e+001
3.841989e+003,9.212685e+001
3.842471e+003,9.228835e+001
3.842953e+003,9.245139e+001
3.843435e+003,9.258916e+001
3.843917e+003,9.268414e+001
3.844399e+003,9.273086e+001
3.844881e+003,9.273417e+001
3.845364e+003,9.270456e+001
3.845846e+003,9.265318e+001
3.846328e+003,9.258843e+001
3.846810e+003,9.251472e+001
3.847292e+003,9.243313e+001
3.847774e+003,9.234329e+001
3.848256e+003,9.224604e+001
3.848738e+003,9.214559e+001
3.849220e+003,9.205061e+001
3.849703e+003,9.197422e+001
3.850185e+003,9.193290e+001
3.850667e+003,9.194514e+001
3.851149e+003,9.202996e+001
3.851631e+003,9.220335e+001
3.852113e+003,9.246911e+001
3.852595e+003,9.280219e+001
3.853077e+003,9.313754e+001
3.853560e+003,9.338895e+001
3.854042e+003,9.349548e+001
3.854524e+003,9.345271e+001
3.855006e+003,9.330301e+001
3.855488e+003,9.310464e+001
3.855970e+003,9.290740e+001
3.856452e+003,9.274212e+001
3.856934e+003,9.261974e+001
3.857417e+003,9.253532e+001
3.857898e+003,9.247373e+001
3.858381e+003,9.241656e+001
3.858863e+003,9.234857e+001
3.859345e+003,9.226328e+001
3.859827e+003,9.216582e+001
3.860309e+003,9.207279e+001
3.860791e+003,9.200836e+001
3.861273e+003,9.199713e+001
3.861755e+003,9.205550e+001
3.862238e+003,9.218423e+001
3.862720e+003,9.236478e+001
3.863202e+003,9.256061e+001
3.863684e+003,9.272513e+001
3.864166e+003,9.281528e+001
3.864648e+003,9.280682e+001
3.865130e+003,9.270358e+001
3.865612e+003,9.253432e+001
3.866094e+003,9.233958e+001
3.866577e+003,9.215678e+001
3.867059e+003,9.201057e+001
3.867541e+003,9.191066e+001
3.868023e+003,9.185458e+001
3.868505e+003,9.183318e+001
3.868987e+003,9.183655e+001
3.869469e+003,9.185806e+001
3.869951e+003,9.189604e+001
3.870434e+003,9.195379e+001
3.870916e+003,9.203852e+001
3.871398e+003,9.215870e+001
3.871880e+003,9.231995e+001
3.872362e+003,9.252017e+001
3.872844e+003,9.274604e+001
3.873326e+003,9.297213e+001
3.873808e+003,9.316500e+001
3.874291e+003,9.329214e+001
3.874773e+003,9.333214e+001
3.875255e+003,9.328015e+001
3.875737e+003,9.314608e+001
3.876219e+003,9.294855e+001
3.876701e+003,9.270928e+001
3.877183e+003,9.245105e+001
3.877665e+003,9.219811e+001
3.878147e+003,9.197705e+001
3.878630e+003,9.181562e+001
3.879112e+003,9.173731e+001
3.879594e+003,9.175294e+001
3.880076e+003,9.185352e+001
3.880558e+003,9.201096e+001
3.881040e+003,9.218790e+001
3.881522e+003,9.235194e+001
3.882004e+003,9.248484e+001
3.882487e+003,9.258379e+001
3.882969e+003,9.265639e+001
3.883451e+003,9.271402e+001
3.883933e+003,9.276654e+001
3.884415e+003,9.281899e+001
3.884897e+003,9.286970e+001
3.885379e+003,9.291105e+001
3.885861e+003,9.293354e+001
3.886344e+003,9.293149e+001
3.886825e+003,9.290645e+001
3.887308e+003,9.286601e+001
3.887790e+003,9.281975e+001
3.888272e+003,9.277607e+001
3.888754e+003,9.274101e+001
3.889236e+003,9.271944e+001
3.889718e+003,9.271651e+001
3.890200e+003,9.273702e+001
3.890682e+003,9.278188e+001
3.891165e+003,9.284389e+001
3.891647e+003,9.290728e+001
3.892129e+003,9.295280e+001
3.892611e+003,9.296507e+001
3.893093e+003,9.293806e+001
3.893575e+003,9.287612e+001
3.894057e+003,9.279205e+001
3.894539e+003,9.270295e+001
3.895021e+003,9.262561e+001
3.895504e+003,9.257201e+001
3.895986e+003,9.254585e+001
3.896468e+003,9.254105e+001
3.896950e+003,9.254300e+001
3.897432e+003,9.253266e+001
3.897914e+003,9.249367e+001
3.898396e+003,9.241945e+001
3.898878e+003,9.231782e+001
3.899361e+003,9.220975e+001
3.899843e+003,9.212281e+001
3.900325e+003,9.208186e+001
3.900807e+003,9.210084e+001
3.901289e+003,9.217806e+001
3.901771e+003,9.229583e+001
3.902253e+003,9.242413e+001
3.902735e+003,9.252821e+001
3.903218e+003,9.257837e+001
3.903700e+003,9.255980e+001
3.904182e+003,9.247739e+001
3.904664e+003,9.235297e+001
3.905146e+003,9.221658e+001
3.905628e+003,9.209656e+001
3.906110e+003,9.201270e+001
3.906592e+003,9.197392e+001
3.907074e+003,9.197898e+001
3.907557e+003,9.201893e+001
3.908039e+003,9.208019e+001
3.908521e+003,9.214781e+001
3.909003e+003,9.220837e+001
3.909485e+003,9.225239e+001
3.909967e+003,9.227579e+001
3.910449e+003,9.228036e+001
3.910931e+003,9.227282e+001
3.911414e+003,9.226302e+001
3.911896e+003,9.226154e+001
3.912378e+003,9.227723e+001
3.912860e+003,9.231515e+001
3.913342e+003,9.237524e+001
3.913824e+003,9.245187e+001
3.914306e+003,9.253467e+001
3.914788e+003,9.260999e+001
3.915271e+003,9.266413e+001
3.915752e+003,9.268669e+001
3.916235e+003,9.267400e+001
3.916717e+003,9.263026e+001
3.917199e+003,9.256639e+001
3.917681e+003,9.249680e+001
3.918163e+003,9.243554e+001
3.918645e+003,9.239337e+001
3.919127e+003,9.237643e+001
3.919609e+003,9.238593e+001
3.920092e+003,9.241862e+001
3.920574e+003,9.246773e+001
3.921056e+003,9.252431e+001
3.921538e+003,9.257819e+001
3.922020e+003,9.261947e+001
3.922502e+003,9.263970e+001
3.922984e+003,9.263353e+001
3.923466e+003,9.260010e+001
3.923948e+003,9.254353e+001
3.924431e+003,9.247204e+001
3.924913e+003,9.239529e+001
3.925395e+003,9.232140e+001
3.925877e+003,9.225484e+001
3.926359e+003,9.219608e+001
3.926841e+003,9.214265e+001
3.927323e+003,9.209111e+001
3.927805e+003,9.203909e+001
3.928288e+003,9.198682e+001
3.928770e+003,9.193741e+001
3.929252e+003,9.189635e+001
3.929734e+003,9.186963e+001
3.930216e+003,9.186178e+001
3.930698e+003,9.187447e+001
3.931180e+003,9.190620e+001
3.931662e+003,9.195310e+001
3.932145e+003,9.201064e+001
3.932627e+003,9.207494e+001
3.933109e+003,9.214367e+001
3.933591e+003,9.221557e+001
3.934073e+003,9.228937e+001
3.934555e+003,9.236242e+001
3.935037e+003,9.242982e+001
3.935519e+003,9.248473e+001
3.936001e+003,9.251976e+001
3.936484e+003,9.252905e+001
3.936966e+003,9.251051e+001
3.937448e+003,9.246701e+001
3.937930e+003,9.240601e+001
3.938412e+003,9.233759e+001
3.938894e+003,9.227196e+001
3.939376e+003,9.221727e+001
3.939858e+003,9.217844e+001
3.940341e+003,9.215707e+001
3.940823e+003,9.215218e+001
3.941305e+003,9.216103e+001
3.941787e+003,9.217994e+001
3.942269e+003,9.220461e+001
3.942751e+003,9.223016e+001
3.943233e+003,9.225135e+001
3.943715e+003,9.226297e+001
3.944198e+003,9.226067e+001
3.944679e+003,9.224173e+001
3.945162e+003,9.220602e+001
3.945644e+003,9.215631e+001
3.946126e+003,9.209835e+001
3.946608e+003,9.204025e+001
3.947090e+003,9.199095e+001
3.947572e+003,9.195822e+001
3.948054e+003,9.194663e+001
3.948536e+003,9.195667e+001
3.949019e+003,9.198507e+001
3.949501e+003,9.202644e+001
3.949983e+003,9.207528e+001
3.950465e+003,9.212737e+001
3.950947e+003,9.218025e+001
3.951429e+003,9.223265e+001
3.951911e+003,9.228338e+001
3.952393e+003,9.233041e+001
3.952875e+003,9.237042e+001
3.953358e+003,9.239899e+001
3.953840e+003,9.241179e+001
3.954322e+003,9.240574e+001
3.954804e+003,9.238042e+001
3.955286e+003,9.233850e+001
3.955768e+003,9.228572e+001
3.956250e+003,9.222986e+001
3.956732e+003,9.217926e+001
3.957215e+003,9.214114e+001
3.957697e+003,9.212032e+001
3.958179e+003,9.211832e+001
3.958661e+003,9.213342e+001
3.959143e+003,9.216100e+001
3.959625e+003,9.219480e+001
3.960107e+003,9.222828e+001
3.960589e+003,9.225620e+001
3.961072e+003,9.227579e+001
3.961554e+003,9.228721e+001
3.962036e+003,9.229311e+001
3.962518e+003,9.229752e+001
3.963000e+003,9.230434e+001
3.963482e+003,9.231597e+001
3.963964e+003,9.233280e+001
3.964446e+003,9.235326e+001
3.964928e+003,9.237467e+001
3.965411e+003,9.239410e+001
3.965893e+003,9.240939e+001
3.966375e+003,9.241959e+001
3.966857e+003,9.242470e+001
3.967339e+003,9.242555e+001
3.967821e+003,9.242296e+001
3.968303e+003,9.241739e+001
3.968785e+003,9.240910e+001
3.969268e+003,9.239820e+001
3.969750e+003,9.238512e+001
3.970232e+003,9.237081e+001
3.970714e+003,9.235654e+001
3.971196e+003,9.234361e+001
3.971678e+003,9.233294e+001
3.972160e+003,9.232472e+001
3.972642e+003,9.231856e+001
3.973125e+003,9.231370e+001
3.973606e+003,9.230953e+001
3.974089e+003,9.230608e+001
3.974571e+003,9.230394e+001
3.975053e+003,9.230421e+001
3.975535e+003,9.230816e+001
3.976017e+003,9.231660e+001
3.976499e+003,9.232977e+001
3.976981e+003,9.234702e+001
3.977463e+003,9.236700e+001
3.977946e+003,9.238782e+001
3.978428e+003,9.240722e+001
3.978910e+003,9.242310e+001
3.979392e+003,9.243370e+001
3.979874e+003,9.243811e+001
3.980356e+003,9.243645e+001
3.980838e+003,9.243002e+001
3.981320e+003,9.242081e+001
3.981802e+003,9.241120e+001
3.982285e+003,9.240305e+001
3.982767e+003,9.239729e+001
3.983249e+003,9.239359e+001
3.983731e+003,9.239072e+001
3.984213e+003,9.238697e+001
3.984695e+003,9.238103e+001
3.985177e+003,9.237243e+001
3.985659e+003,9.236161e+001
3.986142e+003,9.234955e+001
3.986624e+003,9.233708e+001
3.987106e+003,9.232438e+001
3.987588e+003,9.231091e+001
3.988070e+003,9.229569e+001
3.988552e+003,9.227811e+001
3.989034e+003,9.225863e+001
3.989516e+003,9.223898e+001
3.989999e+003,9.222201e+001
3.990481e+003,9.221062e+001
3.990963e+003,9.220661e+001
3.991445e+003,9.220995e+001
3.991927e+003,9.221851e+001
3.992409e+003,9.222889e+001
3.992891e+003,9.223741e+001
3.993373e+003,9.224157e+001
3.993855e+003,9.224100e+001
3.994338e+003,9.223753e+001
3.994820e+003,9.223445e+001
3.995302e+003,9.223528e+001
3.995784e+003,9.224223e+001
3.996266e+003,9.225539e+001
3.996748e+003,9.227254e+001
3.997230e+003,9.228975e+001
3.997712e+003,9.230273e+001
3.998195e+003,9.230810e+001
3.998677e+003,9.230434e+001
3.999159e+003,9.229235e+001
3.999641e+003,9.227490e+001
4.000123e+003,9.225578e+001
