3.996747e+002,0.000000e+000
4.001569e+002,5.754600e+001
4.006390e+002,5.872029e+001
4.011211e+002,5.991210e+001
4.016032e+002,6.105899e+001
4.020853e+002,6.211080e+001
4.025674e+002,6.303539e+001
4.030496e+002,6.382176e+001
4.035317e+002,6.447968e+001
4.040138e+002,6.503000e+001
4.044959e+002,6.549308e+001
4.049780e+002,6.587725e+001
4.054601e+002,6.617637e+001
4.059423e+002,6.637362e+001
4.064244e+002,6.645374e+001
4.069065e+002,6.641438e+001
4.073886e+002,6.627242e+001
4.078707e+002,6.606242e+001
4.083528e+002,6.583052e+001
4.088350e+002,6.562635e+001
4.093171e+002,6.549496e+001
4.097992e+002,6.546597e+001
4.102813e+002,6.554666e+001
4.107634e+002,6.572011e+001
4.112455e+002,6.595383e+001
4.117277e+002,6.621290e+001
4.122098e+002,6.647126e+001
4.126919e+002,6.671547e+001
4.131740e+002,6.694254e+001
4.136561e+002,6.715247e+001
4.141382e+002,6.734136e+001
4.146204e+002,6.749619e+001
4.151025e+002,6.759483e+001
4.155846e+002,6.760767e+001
4.160667e+002,6.750052e+001
4.165488e+002,6.723787e+001
4.170309e+002,6.679159e+001
4.175131e+002,6.615774e+001
4.179952e+002,6.538145e+001
4.184773e+002,6.456909e+001
4.189594e+002,6.386191e+001
4.194415e+002,6.337497e+001
4.199236e+002,6.315166e+001
4.204058e+002,6.316750e+001
4.208879e+002,6.336465e+001
4.213700e+002,6.367839e+001
4.218521e+002,6.404710e+001
4.223342e+002,6.441093e+001
4.228163e+002,6.471136e+001
4.232985e+002,6.489539e+001
4.237806e+002,6.492567e+001
4.242627e+002,6.479104e+001
4.247448e+002,6.451235e+001
4.252269e+002,6.413692e+001
4.257090e+002,6.372557e+001
4.261912e+002,6.333579e+001
4.266733e+002,6.301126e+001
4.271554e+002,6.277810e+001
4.276375e+002,6.264771e+001
4.281196e+002,6.262046e+001
4.286017e+002,6.268789e+001
4.290839e+002,6.283232e+001
4.295660e+002,6.302609e+001
4.300481e+002,6.323283e+001
4.305302e+002,6.341332e+001
4.310123e+002,6.353382e+001
4.314944e+002,6.357541e+001
4.319766e+002,6.353957e+001
4.324587e+002,6.344821e+001
4.329408e+002,6.333630e+001
4.334229e+002,6.324054e+001
4.339050e+002,6.318645e+001
4.343871e+002,6.318077e+001
4.348693e+002,6.320980e+001
4.353514e+002,6.324592e+001
4.358335e+002,6.325797e+001
4.363156e+002,6.322335e+001
4.367977e+002,6.313546e+001
4.372798e+002,6.300388e+001
4.377620e+002,6.284713e+001
4.382441e+002,6.268266e+001
4.387262e+002,6.251992e+001
4.392083e+002,6.235865e+001
4.396904e+002,6.219237e+001
4.401725e+002,6.201450e+001
4.406547e+002,6.182407e+001
4.411368e+002,6.162922e+001
4.416189e+002,6.144576e+001
4.421010e+002,6.129200e+001
4.425831e+002,6.118111e+001
4.430652e+002,6.111518e+001
4.435474e+002,6.108270e+001
4.440295e+002,6.106117e+001
4.445116e+002,6.102261e+001
4.449937e+002,6.094106e+001
4.454758e+002,6.079882e+001
4.459579e+002,6.059054e+001
4.464401e+002,6.032375e+001
4.469222e+002,6.001709e+001
4.474043e+002,5.969601e+001
4.478864e+002,5.938749e+001
4.483685e+002,5.911398e+001
4.488506e+002,5.888908e+001
4.493328e+002,5.871561e+001
4.498149e+002,5.858689e+001
4.502970e+002,5.848929e+001
4.507791e+002,5.840455e+001
4.512612e+002,5.831061e+001
4.517433e+002,5.818311e+001
4.522255e+002,5.799795e+001
4.527076e+002,5.773662e+001
4.531897e+002,5.739093e+001
4.536718e+002,5.696498e+001
4.541539e+002,5.647181e+001
4.546360e+002,5.592732e+001
4.551182e+002,5.534405e+001
4.556003e+002,5.472718e+001
4.560824e+002,5.407370e+001
4.565645e+002,5.337579e+001
4.570466e+002,5.262865e+001
4.575287e+002,5.184026e+001
4.580109e+002,5.103683e+001
4.584930e+002,5.025895e+001
4.589751e+002,4.954907e+001
4.594572e+002,4.893839e+001
4.599393e+002,4.843936e+001
4.604214e+002,4.804667e+001
4.609036e+002,4.774445e+001
4.613857e+002,4.751782e+001
4.618678e+002,4.736381e+001
4.623499e+002,4.729791e+001
4.628320e+002,4.735169e+001
4.633141e+002,4.756133e+001
4.637963e+002,4.795114e+001
4.642784e+002,4.852106e+001
4.647605e+002,4.924353e+001
4.652426e+002,5.007085e+001
4.657247e+002,5.094806e+001
4.662068e+002,5.182557e+001
4.666890e+002,5.266716e+001
4.671711e+002,5.345245e+001
4.676532e+002,5.417427e+001
4.681353e+002,5.483394e+001
4.686174e+002,5.543709e+001
4.690995e+002,5.599188e+001
4.695817e+002,5.650994e+001
4.700638e+002,5.700734e+001
4.705459e+002,5.750344e+001
4.710280e+002,5.801636e+001
4.715101e+002,5.855470e+001
4.719922e+002,5.911039e+001
4.724744e+002,5.965680e+001
4.729565e+002,6.015657e+001
4.734386e+002,6.057501e+001
4.739207e+002,6.089215e+001
4.744028e+002,6.110653e+001
4.748849e+002,6.123151e+001
4.753671e+002,6.128692e+001
4.758492e+002,6.129174e+001
4.763313e+002,6.125918e+001
4.768134e+002,6.119639e+001
4.772955e+002,6.110696e+001
4.777776e+002,6.099483e+001
4.782598e+002,6.086639e+001
4.787419e+002,6.073013e+001
4.792240e+002,6.059341e+001
4.797061e+002,6.045898e+001
4.801882e+002,6.032365e+001
4.806703e+002,6.018027e+001
4.811525e+002,6.002209e+001
4.816346e+002,5.984769e+001
4.821167e+002,5.966336e+001
4.825988e+002,5.948164e+001
4.830809e+002,5.931638e+001
4.835630e+002,5.917685e+001
4.840452e+002,5.906379e+001
4.845273e+002,5.897082e+001
4.850094e+002,5.888975e+001
4.854915e+002,5.881712e+001
4.859736e+002,5.875732e+001
4.864557e+002,5.872083e+001
4.869379e+002,5.871708e+001
4.874200e+002,5.874665e+001
4.879021e+002,5.879667e+001
4.883842e+002,5.884211e+001
4.888663e+002,5.885294e+001
4.893484e+002,5.880499e+001
4.898306e+002,5.868949e+001
4.903127e+002,5.851780e+001
4.907948e+002,5.831900e+001
4.912769e+002,5.813026e+001
4.917590e+002,5.798458e+001
4.922411e+002,5.790058e+001
4.927233e+002,5.787839e+001
4.932054e+002,5.790260e+001
4.936875e+002,5.794921e+001
4.941696e+002,5.799392e+001
4.946517e+002,5.801788e+001
4.951339e+002,5.801058e+001
4.956160e+002,5.796990e+001
4.960981e+002,5.790046e+001
4.965802e+002,5.781137e+001
4.970623e+002,5.771394e+001
4.975444e+002,5.761916e+001
4.980266e+002,5.753535e+001
4.985087e+002,5.746616e+001
4.989908e+002,5.740977e+001
4.994729e+002,5.736003e+001
4.999550e+002,5.730930e+001
5.004371e+002,5.725203e+001
5.009193e+002,5.718768e+001
5.014014e+002,5.712113e+001
5.018835e+002,5.706075e+001
5.023656e+002,5.701371e+001
5.028477e+002,5.698200e+001
5.033299e+002,5.696110e+001
5.038120e+002,5.694271e+001
5.042941e+002,5.691919e+001
5.047762e+002,5.688737e+001
5.052583e+002,5.684967e+001
5.057404e+002,5.681223e+001
5.062226e+002,5.678094e+001
5.067047e+002,5.675774e+001
5.071868e+002,5.673923e+001
5.076689e+002,5.671909e+001
5.081510e+002,5.669270e+001
5.086331e+002,5.666121e+001
5.091153e+002,5.663202e+001
5.095974e+002,5.661528e+001
5.100795e+002,5.661734e+001
5.105616e+002,5.663506e+001
5.110437e+002,5.665371e+001
5.115258e+002,5.665079e+001
5.120079e+002,5.660425e+001
5.124901e+002,5.650176e+001
5.129722e+002,5.634650e+001
5.134543e+002,5.615681e+001
5.139364e+002,5.595974e+001
5.144185e+002,5.578175e+001
5.149006e+002,5.563998e+001
5.153828e+002,5.553809e+001
5.158649e+002,5.546738e+001
5.163470e+002,5.541265e+001
5.168291e+002,5.535930e+001
5.173112e+002,5.529871e+001
5.177933e+002,5.522948e+001
5.182755e+002,5.515483e+001
5.187576e+002,5.507826e+001
5.192397e+002,5.500076e+001
5.197218e+002,5.492067e+001
5.202039e+002,5.483617e+001
5.206860e+002,5.474755e+001
5.211682e+002,5.465803e+001
5.216503e+002,5.457188e+001
5.221324e+002,5.449138e+001
5.226145e+002,5.441412e+001
5.230966e+002,5.433276e+001
5.235787e+002,5.423723e+001
5.240609e+002,5.411881e+001
5.245430e+002,5.397397e+001
5.250251e+002,5.380643e+001
5.255072e+002,5.362556e+001
5.259893e+002,5.344218e+001
5.264714e+002,5.326353e+001
5.269536e+002,5.309047e+001
5.274357e+002,5.291843e+001
5.279178e+002,5.274140e+001
5.283999e+002,5.255588e+001
5.288821e+002,5.236332e+001
5.293641e+002,5.216935e+001
5.298463e+002,5.198137e+001
5.303284e+002,5.180553e+001
5.308105e+002,5.164505e+001
5.312926e+002,5.150106e+001
5.317748e+002,5.137486e+001
5.322568e+002,5.127047e+001
5.327390e+002,5.119532e+001
5.332211e+002,5.115844e+001
5.337032e+002,5.116703e+001
5.341853e+002,5.122305e+001
5.346675e+002,5.132195e+001
5.351495e+002,5.145414e+001
5.356317e+002,5.160872e+001
5.361138e+002,5.177723e+001
5.365959e+002,5.195601e+001
5.370780e+002,5.214583e+001
5.375602e+002,5.234953e+001
5.380422e+002,5.256886e+001
5.385244e+002,5.280231e+001
5.390065e+002,5.304463e+001
5.394886e+002,5.328797e+001
5.399707e+002,5.352351e+001
5.404529e+002,5.374277e+001
5.409349e+002,5.393814e+001
5.414171e+002,5.410287e+001
5.418992e+002,5.423120e+001
5.423813e+002,5.431911e+001
5.428634e+002,5.436575e+001
5.433456e+002,5.437492e+001
5.438276e+002,5.435581e+001
5.443098e+002,5.432237e+001
5.447919e+002,5.429073e+001
5.452740e+002,5.427561e+001
5.457561e+002,5.428677e+001
5.462383e+002,5.432719e+001
5.467203e+002,5.439329e+001
5.472025e+002,5.447735e+001
5.476846e+002,5.457052e+001
5.481667e+002,5.466501e+001
5.486488e+002,5.475525e+001
5.491310e+002,5.483755e+001
5.496130e+002,5.490938e+001
5.500952e+002,5.496858e+001
5.505773e+002,5.501319e+001
5.510594e+002,5.504144e+001
5.515415e+002,5.505211e+001
5.520237e+002,5.504456e+001
5.525057e+002,5.501888e+001
5.529879e+002,5.497631e+001
5.534700e+002,5.491983e+001
5.539521e+002,5.485504e+001
5.544342e+002,5.479047e+001
5.549164e+002,5.473672e+001
5.553984e+002,5.470410e+001
5.558806e+002,5.469930e+001
5.563627e+002,5.472211e+001
5.568448e+002,5.476422e+001
5.573269e+002,5.481070e+001
5.578091e+002,5.484423e+001
5.582911e+002,5.485080e+001
5.587733e+002,5.482441e+001
5.592554e+002,5.476865e+001
5.597375e+002,5.469515e+001
5.602196e+002,5.461869e+001
5.607018e+002,5.455177e+001
5.611838e+002,5.450074e+001
5.616660e+002,5.446497e+001
5.621481e+002,5.443926e+001
5.626302e+002,5.441778e+001
5.631123e+002,5.439732e+001
5.635945e+002,5.437847e+001
5.640765e+002,5.436408e+001
5.645587e+002,5.435631e+001
5.650408e+002,5.435386e+001
5.655229e+002,5.435103e+001
5.660050e+002,5.433919e+001
5.664872e+002,5.430997e+001
5.669692e+002,5.425850e+001
5.674514e+002,5.418552e+001
5.679335e+002,5.409715e+001
5.684156e+002,5.400262e+001
5.688977e+002,5.391112e+001
5.693799e+002,5.382899e+001
5.698619e+002,5.375825e+001
5.703441e+002,5.369691e+001
5.708262e+002,5.364005e+001
5.713083e+002,5.358154e+001
5.717904e+002,5.351550e+001
5.722726e+002,5.343744e+001
5.727546e+002,5.334521e+001
5.732368e+002,5.323930e+001
5.737189e+002,5.312291e+001
5.742010e+002,5.300127e+001
5.746831e+002,5.288025e+001
5.751653e+002,5.276485e+001
5.756473e+002,5.265796e+001
5.761295e+002,5.256014e+001
5.766116e+002,5.247082e+001
5.770938e+002,5.239017e+001
5.775758e+002,5.232017e+001
5.780580e+002,5.226379e+001
5.785400e+002,5.222216e+001
5.790222e+002,5.219051e+001
5.795043e+002,5.215520e+001
5.799865e+002,5.209404e+001
5.804685e+002,5.198088e+001
5.809507e+002,5.179362e+001
5.814327e+002,5.152215e+001
5.819149e+002,5.117265e+001
5.823970e+002,5.076546e+001
5.828792e+002,5.032734e+001
5.833612e+002,4.988054e+001
5.838434e+002,4.943319e+001
5.843254e+002,4.897436e+001
5.848076e+002,4.847636e+001
5.852897e+002,4.790288e+001
5.857719e+002,4.722069e+001
5.862539e+002,4.641068e+001
5.867361e+002,4.547509e+001
5.872181e+002,4.444201e+001
5.877003e+002,4.335634e+001
5.881824e+002,4.228115e+001
5.886646e+002,4.129068e+001
5.891466e+002,4.046454e+001
5.896288e+002,3.988050e+001
5.901108e+002,3.960409e+001
5.905930e+002,3.967523e+001
5.910751e+002,4.009429e+001
5.915573e+002,4.081387e+001
5.920393e+002,4.174257e+001
5.925215e+002,4.276310e+001
5.930035e+002,4.376014e+001
5.934857e+002,4.464779e+001
5.939678e+002,4.538701e+001
5.944500e+002,4.598758e+001
5.949320e+002,4.649597e+001
5.954142e+002,4.697455e+001
5.958962e+002,4.747948e+001
5.963784e+002,4.804442e+001
5.968605e+002,4.867379e+001
5.973427e+002,4.934616e+001
5.978247e+002,5.002364e+001
5.983069e+002,5.066276e+001
5.987889e+002,5.122276e+001
5.992711e+002,5.167024e+001
5.997532e+002,5.198116e+001
6.002354e+002,5.214202e+001
6.007174e+002,5.215187e+001
6.011996e+002,5.202443e+001
6.016816e+002,5.178946e+001
6.021638e+002,5.149155e+001
6.026459e+002,5.118514e+001
6.031281e+002,5.092672e+001
6.036101e+002,5.076574e+001
6.040923e+002,5.073667e+001
6.045743e+002,5.085460e+001
6.050565e+002,5.111548e+001
6.055386e+002,5.150064e+001
6.060208e+002,5.198333e+001
6.065029e+002,5.253521e+001
6.069850e+002,5.313081e+001
6.074671e+002,5.374919e+001
6.079492e+002,5.437347e+001
6.084313e+002,5.498913e+001
6.089135e+002,5.558224e+001
6.093956e+002,5.613843e+001
6.098777e+002,5.664310e+001
6.103598e+002,5.708226e+001
6.108419e+002,5.744445e+001
6.113240e+002,5.772266e+001
6.118062e+002,5.791636e+001
6.122883e+002,5.803225e+001
6.127704e+002,5.808386e+001
6.132525e+002,5.808942e+001
6.137346e+002,5.806828e+001
6.142167e+002,5.803737e+001
6.146989e+002,5.800798e+001
6.151810e+002,5.798471e+001
6.156631e+002,5.796647e+001
6.161452e+002,5.794874e+001
6.166273e+002,5.792677e+001
6.171094e+002,5.789774e+001
6.175916e+002,5.786186e+001
6.180737e+002,5.782179e+001
6.185558e+002,5.778109e+001
6.190379e+002,5.774224e+001
6.195200e+002,5.770565e+001
6.200021e+002,5.766999e+001
6.204843e+002,5.763345e+001
6.209664e+002,5.759466e+001
6.214485e+002,5.755280e+001
6.219306e+002,5.750686e+001
6.224127e+002,5.745480e+001
6.228948e+002,5.739362e+001
6.233770e+002,5.732049e+001
6.238591e+002,5.723468e+001
6.243412e+002,5.713893e+001
6.248233e+002,5.703959e+001
6.253054e+002,5.694492e+001
6.257875e+002,5.686214e+001
6.262697e+002,5.679472e+001
6.267518e+002,5.674147e+001
6.272339e+002,5.669758e+001
6.277160e+002,5.665767e+001
6.281981e+002,5.661871e+001
6.286802e+002,5.658147e+001
6.291624e+002,5.654980e+001
6.296445e+002,5.652791e+001
6.301266e+002,5.651739e+001
6.306087e+002,5.651550e+001
6.310908e+002,5.651586e+001
6.315729e+002,5.651109e+001
6.320551e+002,5.649623e+001
6.325372e+002,5.647104e+001
6.330193e+002,5.643983e+001
6.335014e+002,5.640904e+001
6.339835e+002,5.638371e+001
6.344656e+002,5.636464e+001
6.349478e+002,5.634773e+001
6.354299e+002,5.632582e+001
6.359120e+002,5.629211e+001
6.363941e+002,5.624326e+001
6.368762e+002,5.618081e+001
6.373583e+002,5.611039e+001
6.378405e+002,5.603928e+001
6.383226e+002,5.597378e+001
6.388047e+002,5.591751e+001
6.392868e+002,5.587138e+001
6.397689e+002,5.583449e+001
6.402510e+002,5.580533e+001
6.407332e+002,5.578239e+001
6.412153e+002,5.576381e+001
6.416974e+002,5.574682e+001
6.421795e+002,5.572737e+001
6.426616e+002,5.570085e+001
6.431437e+002,5.566357e+001
6.436259e+002,5.561435e+001
6.441080e+002,5.555521e+001
6.445901e+002,5.549070e+001
6.450722e+002,5.542590e+001
6.455543e+002,5.536429e+001
6.460364e+002,5.530663e+001
6.465186e+002,5.525158e+001
6.470007e+002,5.519743e+001
6.474828e+002,5.514442e+001
6.479649e+002,5.509556e+001
6.484470e+002,5.505581e+001
6.489291e+002,5.502941e+001
6.494113e+002,5.501699e+001
6.498934e+002,5.501363e+001
6.503755e+002,5.500919e+001
6.508576e+002,5.499104e+001
6.513397e+002,5.494825e+001
6.518218e+002,5.487537e+001
6.523040e+002,5.477444e+001
6.527861e+002,5.465414e+001
6.532682e+002,5.452694e+001
6.537503e+002,5.440509e+001
6.542324e+002,5.429770e+001
6.547145e+002,5.420903e+001
6.551967e+002,5.413879e+001
6.556788e+002,5.408294e+001
6.561609e+002,5.403528e+001
6.566430e+002,5.398836e+001
6.571251e+002,5.393445e+001
6.576072e+002,5.386622e+001
6.580894e+002,5.377763e+001
6.585715e+002,5.366471e+001
6.590536e+002,5.352612e+001
6.595357e+002,5.336264e+001
6.600178e+002,5.317596e+001
6.604999e+002,5.296683e+001
6.609821e+002,5.273407e+001
6.614642e+002,5.247466e+001
6.619463e+002,5.218560e+001
6.624284e+002,5.186594e+001
6.629105e+002,5.151777e+001
6.633926e+002,5.114480e+001
6.638748e+002,5.074892e+001
6.643569e+002,5.032629e+001
6.648390e+002,4.986583e+001
6.653211e+002,4.935066e+001
6.658032e+002,4.876379e+001
6.662853e+002,4.809706e+001
6.667675e+002,4.736359e+001
6.672496e+002,4.660717e+001
6.677317e+002,4.589323e+001
6.682138e+002,4.526987e+001
6.686959e+002,4.473042e+001
6.691780e+002,4.422289e+001
6.696602e+002,4.367818e+001
6.701423e+002,4.302224e+001
6.706244e+002,4.218893e+001
6.711065e+002,4.113778e+001
6.715886e+002,3.986932e+001
6.720707e+002,3.843623e+001
6.725529e+002,3.694839e+001
6.730350e+002,3.556583e+001
6.735171e+002,3.447776e+001
6.739992e+002,3.387223e+001
6.744813e+002,3.390581e+001
6.749634e+002,3.467826e+001
6.754456e+002,3.621265e+001
6.759277e+002,3.844150e+001
6.764098e+002,4.120552e+001
6.768919e+002,4.427298e+001
6.773740e+002,4.738098e+001
6.778561e+002,5.028609e+001
6.783383e+002,5.280679e+001
6.788204e+002,5.484382e+001
6.793025e+002,5.637771e+001
6.797846e+002,5.744925e+001
6.802667e+002,5.813338e+001
6.807488e+002,5.851387e+001
6.812310e+002,5.866505e+001
6.817131e+002,5.864299e+001
6.821952e+002,5.848523e+001
6.826773e+002,5.821453e+001
6.831594e+002,5.784242e+001
6.836415e+002,5.736963e+001
6.841237e+002,5.678425e+001
6.846058e+002,5.606151e+001
6.850879e+002,5.516943e+001
6.855700e+002,5.408220e+001
6.860521e+002,5.279949e+001
6.865342e+002,5.136554e+001
6.870164e+002,4.987993e+001
6.874985e+002,4.849249e+001
6.879806e+002,4.737865e+001
6.884627e+002,4.670008e+001
6.889448e+002,4.656332e+001
6.894269e+002,4.699195e+001
6.899091e+002,4.792216e+001
6.903912e+002,4.922083e+001
6.908733e+002,5.071832e+001
6.913554e+002,5.224490e+001
6.918375e+002,5.366246e+001
6.923196e+002,5.488408e+001
6.928018e+002,5.587856e+001
6.932839e+002,5.665984e+001
6.937660e+002,5.726707e+001
6.942481e+002,5.774318e+001
6.947302e+002,5.811958e+001
6.952123e+002,5.841073e+001
6.956945e+002,5.861782e+001
6.961766e+002,5.873760e+001
6.966587e+002,5.877096e+001
6.971408e+002,5.872718e+001
6.976229e+002,5.862317e+001
6.981050e+002,5.847886e+001
6.985872e+002,5.831200e+001
6.990693e+002,5.813487e+001
6.995514e+002,5.795396e+001
7.000335e+002,5.777213e+001
7.005156e+002,5.759164e+001
7.009977e+002,5.741620e+001
7.014799e+002,5.725121e+001
7.019620e+002,5.710216e+001
7.024441e+002,5.697271e+001
7.029262e+002,5.686353e+001
7.034083e+002,5.677301e+001
7.038904e+002,5.669919e+001
7.043726e+002,5.664252e+001
7.048547e+002,5.660733e+001
7.053368e+002,5.660136e+001
7.058189e+002,5.663331e+001
7.063010e+002,5.670954e+001
7.067831e+002,5.683139e+001
7.072653e+002,5.699445e+001
7.077474e+002,5.719025e+001
7.082295e+002,5.740960e+001
7.087116e+002,5.764570e+001
7.091937e+002,5.789568e+001
7.096758e+002,5.815983e+001
7.101580e+002,5.843915e+001
7.106401e+002,5.873268e+001
7.111222e+002,5.903620e+001
7.116043e+002,5.934275e+001
7.120864e+002,5.964473e+001
7.125685e+002,5.993623e+001
7.130507e+002,6.021435e+001
7.135328e+002,6.047863e+001
7.140149e+002,6.072945e+001
7.144970e+002,6.096617e+001
7.149791e+002,6.118649e+001
7.154612e+002,6.138716e+001
7.159434e+002,6.156561e+001
7.164255e+002,6.172158e+001
7.169076e+002,6.185749e+001
7.173897e+002,6.197746e+001
7.178718e+002,6.208551e+001
7.183539e+002,6.218377e+001
7.188361e+002,6.227222e+001
7.193182e+002,6.234933e+001
7.198003e+002,6.241416e+001
7.202824e+002,6.246825e+001
7.207645e+002,6.251592e+001
7.212466e+002,6.256286e+001
7.217288e+002,6.261323e+001
7.222109e+002,6.266716e+001
7.226930e+002,6.272035e+001
7.231751e+002,6.276591e+001
7.236572e+002,6.279775e+001
7.241393e+002,6.281367e+001
7.246215e+002,6.281657e+001
7.251036e+002,6.281332e+001
7.255857e+002,6.281192e+001
7.260678e+002,6.281792e+001
7.265499e+002,6.283243e+001
7.270320e+002,6.285182e+001
7.275142e+002,6.286987e+001
7.279963e+002,6.288043e+001
7.284784e+002,6.288001e+001
7.289605e+002,6.286823e+001
7.294426e+002,6.284698e+001
7.299247e+002,6.281847e+001
7.304069e+002,6.278358e+001
7.308890e+002,6.274145e+001
7.313711e+002,6.269048e+001
7.318532e+002,6.263008e+001
7.323353e+002,6.256189e+001
7.328174e+002,6.248987e+001
7.332996e+002,6.241875e+001
7.337817e+002,6.235205e+001
7.342638e+002,6.229014e+001
7.347459e+002,6.222976e+001
7.352280e+002,6.216545e+001
7.357101e+002,6.209212e+001
7.361923e+002,6.200806e+001
7.366744e+002,6.191705e+001
7.371565e+002,6.182874e+001
7.376386e+002,6.175737e+001
7.381207e+002,6.171878e+001
7.386028e+002,6.172678e+001
7.390850e+002,6.178954e+001
7.395671e+002,6.190685e+001
7.400492e+002,6.206892e+001
7.405313e+002,6.225686e+001
7.410134e+002,6.244544e+001
7.414955e+002,6.260803e+001
7.419777e+002,6.272261e+001
7.424598e+002,6.277767e+001
7.429419e+002,6.277573e+001
7.434240e+002,6.273278e+001
7.439061e+002,6.267391e+001
7.443882e+002,6.262605e+001
7.448704e+002,6.261047e+001
7.453525e+002,6.263732e+001
7.458346e+002,6.270397e+001
7.463167e+002,6.279763e+001
7.467988e+002,6.290069e+001
7.472809e+002,6.299661e+001
7.477631e+002,6.307395e+001
7.482452e+002,6.312725e+001
7.487273e+002,6.315555e+001
7.492094e+002,6.315990e+001
7.496915e+002,6.314125e+001
7.501736e+002,6.310006e+001
7.506558e+002,6.303722e+001
7.511379e+002,6.295510e+001
7.516200e+002,6.285819e+001
7.521021e+002,6.275193e+001
7.525842e+002,6.264101e+001
7.530663e+002,6.252775e+001
7.535485e+002,6.241139e+001
7.540306e+002,6.228915e+001
7.545127e+002,6.215784e+001
7.549948e+002,6.201534e+001
7.554769e+002,6.186069e+001
7.559590e+002,6.169278e+001
7.564412e+002,6.150864e+001
7.569233e+002,6.130225e+001
7.574054e+002,6.106465e+001
7.578875e+002,6.078488e+001
7.583696e+002,6.045051e+001
7.588517e+002,6.004627e+001
7.593339e+002,5.955103e+001
7.598160e+002,5.893494e+001
7.602981e+002,5.816151e+001
7.607802e+002,5.719236e+001
7.612623e+002,5.600694e+001
7.617444e+002,5.462275e+001
7.622266e+002,5.311386e+001
7.627087e+002,5.161821e+001
7.631908e+002,5.032690e+001
7.636729e+002,4.945416e+001
7.641550e+002,4.919243e+001
7.646371e+002,4.966374e+001
7.651193e+002,5.088260e+001
7.656014e+002,5.274379e+001
7.660835e+002,5.504177e+001
7.665656e+002,5.751522e+001
7.670477e+002,5.990259e+001
7.675298e+002,6.199127e+001
7.680120e+002,6.364862e+001
7.684941e+002,6.482979e+001
7.689762e+002,6.556515e+001
7.694583e+002,6.593398e+001
7.699404e+002,6.603413e+001
7.704225e+002,6.595658e+001
7.709047e+002,6.577068e+001
7.713868e+002,6.552056e+001
7.718689e+002,6.522962e+001
7.723510e+002,6.490805e+001
7.728331e+002,6.455942e+001
7.733152e+002,6.418443e+001
7.737974e+002,6.378186e+001
7.742795e+002,6.334823e+001
7.747616e+002,6.287750e+001
7.752437e+002,6.236098e+001
7.757258e+002,6.178754e+001
7.762079e+002,6.114318e+001
7.766901e+002,6.040997e+001
7.771722e+002,5.956474e+001
7.776543e+002,5.857890e+001
7.781364e+002,5.742059e+001
7.786185e+002,5.605990e+001
7.791006e+002,5.447712e+001
7.795828e+002,5.267307e+001
7.800649e+002,5.067910e+001
7.805470e+002,4.856475e+001
7.810291e+002,4.644007e+001
7.815112e+002,4.445159e+001
7.819933e+002,4.277093e+001
7.824755e+002,4.157682e+001
7.829576e+002,4.103112e+001
7.834397e+002,4.125136e+001
7.839218e+002,4.228486e+001
7.844039e+002,4.409179e+001
7.848860e+002,4.654453e+001
7.853682e+002,4.944637e+001
7.858503e+002,5.256491e+001
7.863324e+002,5.567078e+001
7.868145e+002,5.857108e+001
7.872966e+002,6.113046e+001
7.877787e+002,6.327803e+001
7.882609e+002,6.500155e+001
7.887430e+002,6.633313e+001
7.892251e+002,6.733103e+001
7.897072e+002,6.806244e+001
7.901893e+002,6.859082e+001
7.906714e+002,6.896902e+001
7.911536e+002,6.923743e+001
7.916357e+002,6.942500e+001
7.921178e+002,6.955149e+001
7.925999e+002,6.962939e+001
7.930820e+002,6.966586e+001
7.935641e+002,6.966460e+001
7.940463e+002,6.962823e+001
7.945284e+002,6.956067e+001
7.950105e+002,6.946855e+001
7.954926e+002,6.936169e+001
7.959747e+002,6.925146e+001
7.964568e+002,6.914848e+001
7.969390e+002,6.906034e+001
7.974211e+002,6.899039e+001
7.979032e+002,6.893848e+001
7.983853e+002,6.890257e+001
7.988674e+002,6.888062e+001
7.993495e+002,6.887160e+001
7.998317e+002,6.887506e+001
8.003138e+002,6.888977e+001
8.007959e+002,6.891205e+001
8.012780e+002,6.893495e+001
8.017601e+002,6.894884e+001
8.022422e+002,6.894272e+001
8.027244e+002,6.890606e+001
8.032065e+002,6.883034e+001
8.036886e+002,6.870966e+001
8.041707e+002,6.854073e+001
8.046528e+002,6.832269e+001
8.051349e+002,6.805743e+001
8.056171e+002,6.775071e+001
8.060992e+002,6.741383e+001
8.065813e+002,6.706503e+001
8.070634e+002,6.672975e+001
8.075455e+002,6.643891e+001
8.080276e+002,6.622542e+001
8.085098e+002,6.611966e+001
8.089919e+002,6.614545e+001
8.094740e+002,6.631692e+001
8.099561e+002,6.663670e+001
8.104382e+002,6.709552e+001
8.109203e+002,6.767263e+001
8.114025e+002,6.833767e+001
8.118846e+002,6.905388e+001
8.123667e+002,6.978239e+001
8.128489e+002,7.048693e+001
8.133309e+002,7.113755e+001
8.138131e+002,7.171323e+001
8.142952e+002,7.220254e+001
8.147773e+002,7.260319e+001
8.152594e+002,7.292015e+001
8.157416e+002,7.316359e+001
8.162236e+002,7.334631e+001
8.167058e+002,7.348182e+001
8.171879e+002,7.358258e+001
8.176700e+002,7.365926e+001
8.181521e+002,7.372037e+001
8.186343e+002,7.377194e+001
8.191163e+002,7.381757e+001
8.195985e+002,7.385817e+001
8.200806e+002,7.389235e+001
8.205627e+002,7.391707e+001
8.210448e+002,7.392902e+001
8.215270e+002,7.392612e+001
8.220090e+002,7.390886e+001
8.224912e+002,7.388091e+001
8.229733e+002,7.384850e+001
8.234554e+002,7.381860e+001
8.239375e+002,7.379697e+001
8.244197e+002,7.378596e+001
8.249017e+002,7.378407e+001
8.253839e+002,7.378629e+001
8.258660e+002,7.378615e+001
8.263481e+002,7.377798e+001
8.268302e+002,7.375909e+001
8.273124e+002,7.373059e+001
8.277944e+002,7.369692e+001
8.282766e+002,7.366414e+001
8.287587e+002,7.363770e+001
8.292408e+002,7.362054e+001
8.297229e+002,7.361230e+001
8.302051e+002,7.360964e+001
8.306871e+002,7.360765e+001
8.311693e+002,7.360145e+001
8.316514e+002,7.358787e+001
8.321335e+002,7.356612e+001
8.326156e+002,7.353760e+001
8.330978e+002,7.350501e+001
8.335798e+002,7.347133e+001
8.340620e+002,7.343890e+001
8.345441e+002,7.340896e+001
8.350262e+002,7.338169e+001
8.355083e+002,7.335665e+001
8.359905e+002,7.333302e+001
8.364725e+002,7.331004e+001
8.369547e+002,7.328682e+001
8.374368e+002,7.326250e+001
8.379189e+002,7.323606e+001
8.384010e+002,7.320675e+001
8.388832e+002,7.317413e+001
8.393652e+002,7.313847e+001
8.398474e+002,7.310061e+001
8.403295e+002,7.306155e+001
8.408116e+002,7.302182e+001
8.412937e+002,7.298095e+001
8.417759e+002,7.293725e+001
8.422579e+002,7.288803e+001
8.427401e+002,7.283058e+001
8.432222e+002,7.276323e+001
8.437043e+002,7.268602e+001
8.441864e+002,7.260131e+001
8.446686e+002,7.251304e+001
8.451506e+002,7.242583e+001
8.456328e+002,7.234375e+001
8.461149e+002,7.226915e+001
8.465970e+002,7.220213e+001
8.470791e+002,7.214043e+001
8.475613e+002,7.208014e+001
8.480433e+002,7.201637e+001
8.485255e+002,7.194411e+001
8.490076e+002,7.185889e+001
8.494897e+002,7.175730e+001
8.499718e+002,7.163745e+001
8.504540e+002,7.149918e+001
8.509360e+002,7.134418e+001
8.514182e+002,7.117554e+001
8.519003e+002,7.099715e+001
8.523824e+002,7.081262e+001
8.528645e+002,7.062450e+001
8.533467e+002,7.043359e+001
8.538287e+002,7.023889e+001
8.543109e+002,7.003788e+001
8.547930e+002,6.982739e+001
8.552751e+002,6.960416e+001
8.557572e+002,6.936514e+001
8.562394e+002,6.910739e+001
8.567214e+002,6.882791e+001
8.572036e+002,6.852315e+001
8.576857e+002,6.818937e+001
8.581678e+002,6.782307e+001
8.586499e+002,6.742171e+001
8.591321e+002,6.698407e+001
8.596141e+002,6.650997e+001
8.600963e+002,6.599937e+001
8.605784e+002,6.545096e+001
8.610605e+002,6.486079e+001
8.615426e+002,6.422093e+001
8.620248e+002,6.351836e+001
8.625068e+002,6.273390e+001
8.629890e+002,6.184147e+001
8.634711e+002,6.080809e+001
8.639532e+002,5.959623e+001
8.644353e+002,5.817009e+001
8.649175e+002,5.650648e+001
8.653995e+002,5.460932e+001
8.658817e+002,5.252433e+001
8.663638e+002,5.034850e+001
8.668459e+002,4.822924e+001
8.673280e+002,4.634938e+001
8.678102e+002,4.489819e+001
8.682922e+002,4.403301e+001
8.687744e+002,4.383996e+001
8.692565e+002,4.430665e+001
8.697386e+002,4.531770e+001
8.702207e+002,4.667776e+001
8.707029e+002,4.815607e+001
8.711849e+002,4.953874e+001
8.716671e+002,5.067302e+001
8.721492e+002,5.149150e+001
8.726313e+002,5.201244e+001
8.731134e+002,5.231852e+001
8.735956e+002,5.252367e+001
8.740776e+002,5.273898e+001
8.745598e+002,5.304814e+001
8.750419e+002,5.349756e+001
8.755240e+002,5.409911e+001
8.760061e+002,5.484011e+001
8.764883e+002,5.569397e+001
8.769703e+002,5.662761e+001
8.774525e+002,5.760484e+001
8.779346e+002,5.858774e+001
8.784167e+002,5.953819e+001
8.788988e+002,6.042125e+001
8.793810e+002,6.121003e+001
8.798630e+002,6.189057e+001
8.803452e+002,6.246424e+001
8.808273e+002,6.294675e+001
8.813094e+002,6.336279e+001
8.817915e+002,6.373859e+001
8.822737e+002,6.409456e+001
8.827557e+002,6.444056e+001
8.832379e+002,6.477472e+001
8.837200e+002,6.508595e+001
8.842021e+002,6.535821e+001
8.846842e+002,6.557553e+001
8.851664e+002,6.572565e+001
8.856484e+002,6.580242e+001
8.861306e+002,6.580626e+001
8.866127e+002,6.574368e+001
8.870948e+002,6.562615e+001
8.875769e+002,6.546874e+001
8.880591e+002,6.528825e+001
8.885411e+002,6.510119e+001
8.890233e+002,6.492175e+001
8.895054e+002,6.476038e+001
8.899875e+002,6.462376e+001
8.904696e+002,6.451570e+001
8.909518e+002,6.443899e+001
8.914338e+002,6.439690e+001
8.919160e+002,6.439365e+001
8.923981e+002,6.443358e+001
8.928802e+002,6.451929e+001
8.933623e+002,6.465028e+001
8.938445e+002,6.482186e+001
8.943265e+002,6.502589e+001
8.948087e+002,6.525210e+001
8.952908e+002,6.549017e+001
8.957729e+002,6.573099e+001
8.962550e+002,6.596771e+001
8.967372e+002,6.619559e+001
8.972192e+002,6.641142e+001
8.977014e+002,6.661300e+001
8.981835e+002,6.679857e+001
8.986656e+002,6.696658e+001
8.991477e+002,6.711563e+001
8.996299e+002,6.724434e+001
9.001119e+002,6.735092e+001
9.005941e+002,6.743296e+001
9.010762e+002,6.748704e+001
9.015583e+002,6.750920e+001
9.020404e+002,6.749566e+001
9.025226e+002,6.744387e+001
9.030046e+002,6.735352e+001
9.034868e+002,6.722665e+001
9.039689e+002,6.706710e+001
9.044510e+002,6.687904e+001
9.049331e+002,6.666533e+001
9.054153e+002,6.642638e+001
9.058973e+002,6.615967e+001
9.063795e+002,6.586069e+001
9.068616e+002,6.552393e+001
9.073438e+002,6.514428e+001
9.078258e+002,6.471776e+001
9.083080e+002,6.424165e+001
9.087900e+002,6.371421e+001
9.092722e+002,6.313420e+001
9.097543e+002,6.250056e+001
9.102365e+002,6.181231e+001
9.107185e+002,6.106860e+001
9.112007e+002,6.026838e+001
9.116828e+002,5.941014e+001
9.121649e+002,5.849171e+001
9.126470e+002,5.751077e+001
9.131292e+002,5.646644e+001
9.136113e+002,5.536155e+001
9.140934e+002,5.420502e+001
9.145755e+002,5.301321e+001
9.150576e+002,5.180948e+001
9.155397e+002,5.062186e+001
9.160219e+002,4.947967e+001
9.165040e+002,4.841043e+001
9.169861e+002,4.743816e+001
9.174682e+002,4.658284e+001
9.179503e+002,4.586040e+001
9.184324e+002,4.528175e+001
9.189146e+002,4.485049e+001
9.193967e+002,4.455985e+001
9.198788e+002,4.439052e+001
9.203609e+002,4.431102e+001
9.208430e+002,4.428103e+001
9.213251e+002,4.425704e+001
9.218073e+002,4.419836e+001
9.222894e+002,4.407198e+001
9.227715e+002,4.385535e+001
9.232536e+002,4.353704e+001
9.237357e+002,4.311613e+001
9.242178e+002,4.260140e+001
9.247000e+002,4.201090e+001
9.251821e+002,4.137220e+001
9.256642e+002,4.072234e+001
9.261463e+002,4.010676e+001
9.266284e+002,3.957613e+001
9.271105e+002,3.918153e+001
9.275927e+002,3.896899e+001
9.280748e+002,3.897468e+001
9.285569e+002,3.922206e+001
9.290390e+002,3.972054e+001
9.295211e+002,4.046508e+001
9.300032e+002,4.143575e+001
9.304854e+002,4.259776e+001
9.309675e+002,4.390258e+001
9.314496e+002,4.529179e+001
9.319317e+002,4.670311e+001
9.324138e+002,4.807821e+001
9.328959e+002,4.936939e+001
9.333781e+002,5.054410e+001
9.338602e+002,5.158628e+001
9.343423e+002,5.249479e+001
9.348244e+002,5.328037e+001
9.353065e+002,5.396186e+001
9.357886e+002,5.456271e+001
9.362708e+002,5.510807e+001
9.367529e+002,5.562222e+001
9.372350e+002,5.612563e+001
9.377171e+002,5.663218e+001
9.381992e+002,5.714627e+001
9.386813e+002,5.766122e+001
9.391635e+002,5.815970e+001
9.396456e+002,5.861671e+001
9.401277e+002,5.900426e+001
9.406098e+002,5.929622e+001
9.410919e+002,5.947204e+001
9.415740e+002,5.951839e+001
9.420562e+002,5.942820e+001
9.425383e+002,5.919863e+001
9.430204e+002,5.882862e+001
9.435025e+002,5.831789e+001
9.439846e+002,5.766780e+001
9.444667e+002,5.688385e+001
9.449489e+002,5.597866e+001
9.454310e+002,5.497373e+001
9.459131e+002,5.389886e+001
9.463952e+002,5.278893e+001
9.468773e+002,5.167891e+001
9.473594e+002,5.059965e+001
9.478416e+002,4.957565e+001
9.483237e+002,4.862606e+001
9.488058e+002,4.776768e+001
9.492879e+002,4.701850e+001
9.497700e+002,4.639961e+001
9.502521e+002,4.593507e+001
9.507343e+002,4.564966e+001
9.512164e+002,4.556599e+001
9.516985e+002,4.570183e+001
9.521806e+002,4.606811e+001
9.526627e+002,4.666721e+001
9.531448e+002,4.749132e+001
9.536270e+002,4.852097e+001
9.541091e+002,4.972473e+001
9.545912e+002,5.106102e+001
9.550733e+002,5.248253e+001
9.555554e+002,5.394193e+001
9.560375e+002,5.539761e+001
9.565197e+002,5.681726e+001
9.570018e+002,5.817906e+001
9.574839e+002,5.947015e+001
9.579660e+002,6.068413e+001
9.584481e+002,6.181796e+001
9.589302e+002,6.286991e+001
9.594124e+002,6.383846e+001
9.598945e+002,6.472229e+001
9.603766e+002,6.552075e+001
9.608587e+002,6.623458e+001
9.613408e+002,6.686621e+001
9.618229e+002,6.741962e+001
9.623051e+002,6.789977e+001
9.627872e+002,6.831195e+001
9.632693e+002,6.866107e+001
9.637514e+002,6.895164e+001
9.642335e+002,6.918797e+001
9.647156e+002,6.937468e+001
9.651978e+002,6.951720e+001
9.656799e+002,6.962159e+001
9.661620e+002,6.969406e+001
9.666441e+002,6.974001e+001
9.671262e+002,6.976328e+001
9.676083e+002,6.976575e+001
9.680905e+002,6.974789e+001
9.685726e+002,6.970936e+001
9.690547e+002,6.965028e+001
9.695368e+002,6.957162e+001
9.700189e+002,6.947527e+001
9.705010e+002,6.936353e+001
9.709832e+002,6.923830e+001
9.714653e+002,6.910050e+001
9.719474e+002,6.894994e+001
9.724295e+002,6.878562e+001
9.729116e+002,6.860627e+001
9.733937e+002,6.841096e+001
9.738759e+002,6.819931e+001
9.743580e+002,6.797144e+001
9.748401e+002,6.772787e+001
9.753222e+002,6.746938e+001
9.758043e+002,6.719699e+001
9.762864e+002,6.691204e+001
9.767686e+002,6.661610e+001
9.772507e+002,6.631076e+001
9.777328e+002,6.599715e+001
9.782149e+002,6.567553e+001
9.786970e+002,6.534509e+001
9.791791e+002,6.500407e+001
9.796613e+002,6.465017e+001
9.801434e+002,6.428107e+001
9.806255e+002,6.389467e+001
9.811076e+002,6.348913e+001
9.815897e+002,6.306273e+001
9.820718e+002,6.261357e+001
9.825540e+002,6.213975e+001
9.830361e+002,6.163940e+001
9.835182e+002,6.111099e+001
9.840003e+002,6.055323e+001
9.844824e+002,5.996472e+001
9.849645e+002,5.934337e+001
9.854467e+002,5.868585e+001
9.859288e+002,5.798786e+001
9.864109e+002,5.724511e+001
9.868930e+002,5.645508e+001
9.873751e+002,5.561872e+001
9.878572e+002,5.474132e+001
9.883394e+002,5.383211e+001
9.888215e+002,5.290231e+001
9.893036e+002,5.196239e+001
9.897857e+002,5.101965e+001
9.902678e+002,5.007670e+001
9.907499e+002,4.913132e+001
9.912321e+002,4.817715e+001
9.917142e+002,4.720428e+001
9.921963e+002,4.619968e+001
9.926784e+002,4.514713e+001
9.931605e+002,4.402756e+001
9.936426e+002,4.282091e+001
9.941248e+002,4.150934e+001
9.946069e+002,4.008179e+001
9.950890e+002,3.853860e+001
9.955711e+002,3.689458e+001
9.960532e+002,3.517969e+001
9.965353e+002,3.343696e+001
9.970175e+002,3.171858e+001
9.974996e+002,3.008171e+001
9.979817e+002,2.858528e+001
9.984638e+002,2.728813e+001
9.989459e+002,2.624744e+001
9.994280e+002,2.551608e+001
9.999102e+002,2.513820e+001
1.000392e+003,2.514373e+001
1.000874e+003,2.554366e+001
1.001357e+003,2.632791e+001
1.001839e+003,2.746621e+001
1.002321e+003,2.891066e+001
1.002803e+003,3.059855e+001
1.003285e+003,3.245399e+001
1.003767e+003,3.438950e+001
1.004249e+003,3.630893e+001
1.004731e+003,3.811345e+001
1.005213e+003,3.971027e+001
1.005696e+003,4.102259e+001
1.006178e+003,4.199799e+001
1.006660e+003,4.261311e+001
1.007142e+003,4.287386e+001
1.007624e+003,4.281117e+001
1.008106e+003,4.247366e+001
1.008588e+003,4.191906e+001
1.009070e+003,4.120639e+001
1.009552e+003,4.039058e+001
1.010035e+003,3.951994e+001
1.010517e+003,3.863588e+001
1.010999e+003,3.777321e+001
1.011481e+003,3.695988e+001
1.011963e+003,3.621608e+001
1.012445e+003,3.555326e+001
1.012927e+003,3.497478e+001
1.013409e+003,3.447798e+001
1.013892e+003,3.405772e+001
1.014374e+003,3.370942e+001
1.014856e+003,3.343039e+001
1.015338e+003,3.321864e+001
1.015820e+003,3.307045e+001
1.016302e+003,3.297819e+001
1.016784e+003,3.292992e+001
1.017266e+003,3.291154e+001
1.017748e+003,3.291042e+001
1.018231e+003,3.291857e+001
1.018713e+003,3.293400e+001
1.019195e+003,3.295952e+001
1.019677e+003,3.299978e+001
1.020159e+003,3.305830e+001
1.020641e+003,3.313610e+001
1.021123e+003,3.323257e+001
1.021605e+003,3.334771e+001
1.022088e+003,3.348427e+001
1.022570e+003,3.364822e+001
1.023052e+003,3.384722e+001
1.023534e+003,3.408761e+001
1.024016e+003,3.437177e+001
1.024498e+003,3.469709e+001
1.024980e+003,3.505717e+001
1.025462e+003,3.544421e+001
1.025944e+003,3.585132e+001
1.026427e+003,3.627340e+001
1.026909e+003,3.670646e+001
1.027391e+003,3.714624e+001
1.027873e+003,3.758726e+001
1.028355e+003,3.802356e+001
1.028837e+003,3.845064e+001
1.029319e+003,3.886776e+001
1.029801e+003,3.927908e+001
1.030283e+003,3.969280e+001
1.030766e+003,4.011827e+001
1.031248e+003,4.056258e+001
1.031730e+003,4.102808e+001
1.032212e+003,4.151195e+001
1.032694e+003,4.200808e+001
1.033176e+003,4.250986e+001
1.033658e+003,4.301224e+001
1.034140e+003,4.351220e+001
1.034623e+003,4.400726e+001
1.035105e+003,4.449316e+001
1.035587e+003,4.496259e+001
1.036069e+003,4.540542e+001
1.036551e+003,4.581115e+001
1.037033e+003,4.617197e+001
1.037515e+003,4.648558e+001
1.037997e+003,4.675590e+001
1.038479e+003,4.699219e+001
1.038962e+003,4.720659e+001
1.039444e+003,4.741170e+001
1.039926e+003,4.761921e+001
1.040408e+003,4.783996e+001
1.040890e+003,4.808485e+001
1.041372e+003,4.836557e+001
1.041854e+003,4.869408e+001
1.042336e+003,4.908070e+001
1.042819e+003,4.953152e+001
1.043301e+003,5.004657e+001
1.043783e+003,5.061962e+001
1.044265e+003,5.124007e+001
1.044747e+003,5.189571e+001
1.045229e+003,5.257546e+001
1.045711e+003,5.327061e+001
1.046193e+003,5.397473e+001
1.046676e+003,5.468244e+001
1.047158e+003,5.538834e+001
1.047640e+003,5.608657e+001
1.048122e+003,5.677111e+001
1.048604e+003,5.743694e+001
1.049086e+003,5.808059e+001
1.049568e+003,5.870037e+001
1.050050e+003,5.929580e+001
1.050532e+003,5.986692e+001
1.051015e+003,6.041372e+001
1.051497e+003,6.093609e+001
1.051979e+003,6.143436e+001
1.052461e+003,6.190989e+001
1.052943e+003,6.236532e+001
1.053425e+003,6.280419e+001
1.053907e+003,6.323025e+001
1.054389e+003,6.364652e+001
1.054871e+003,6.405464e+001
1.055354e+003,6.445497e+001
1.055836e+003,6.484714e+001
1.056318e+003,6.523064e+001
1.056800e+003,6.560545e+001
1.057282e+003,6.597188e+001
1.057764e+003,6.632996e+001
1.058246e+003,6.667860e+001
1.058728e+003,6.701492e+001
1.059210e+003,6.733396e+001
1.059693e+003,6.762899e+001
1.060175e+003,6.789229e+001
1.060657e+003,6.811593e+001
1.061139e+003,6.829269e+001
1.061621e+003,6.841662e+001
1.062103e+003,6.848320e+001
1.062585e+003,6.848933e+001
1.063067e+003,6.843288e+001
1.063550e+003,6.831213e+001
1.064032e+003,6.812518e+001
1.064514e+003,6.786969e+001
1.064996e+003,6.754294e+001
1.065478e+003,6.714204e+001
1.065960e+003,6.666454e+001
1.066442e+003,6.610878e+001
1.066924e+003,6.547452e+001
1.067406e+003,6.476322e+001
1.067889e+003,6.397865e+001
1.068371e+003,6.312694e+001
1.068853e+003,6.221640e+001
1.069335e+003,6.125671e+001
1.069817e+003,6.025742e+001
1.070299e+003,5.922636e+001
1.070781e+003,5.816857e+001
1.071263e+003,5.708626e+001
1.071746e+003,5.598007e+001
1.072228e+003,5.485067e+001
1.072710e+003,5.370030e+001
1.073192e+003,5.253357e+001
1.073674e+003,5.135740e+001
1.074156e+003,5.018086e+001
1.074638e+003,4.901577e+001
1.075120e+003,4.787796e+001
1.075603e+003,4.678933e+001
1.076085e+003,4.577861e+001
1.076567e+003,4.488007e+001
1.077049e+003,4.412933e+001
1.077531e+003,4.355730e+001
1.078013e+003,4.318453e+001
1.078495e+003,4.301817e+001
1.078977e+003,4.305270e+001
1.079459e+003,4.327381e+001
1.079942e+003,4.366343e+001
1.080424e+003,4.420372e+001
1.080906e+003,4.487885e+001
1.081388e+003,4.567540e+001
1.081870e+003,4.658195e+001
1.082352e+003,4.758913e+001
1.082834e+003,4.869001e+001
1.083316e+003,4.988035e+001
1.083798e+003,5.115727e+001
1.084281e+003,5.251653e+001
1.084763e+003,5.394854e+001
1.085245e+003,5.543535e+001
1.085727e+003,5.694954e+001
1.086209e+003,5.845617e+001
1.086691e+003,5.991683e+001
1.087173e+003,6.129438e+001
1.087655e+003,6.255698e+001
1.088137e+003,6.368027e+001
1.088620e+003,6.464809e+001
1.089102e+003,6.545200e+001
1.089584e+003,6.609013e+001
1.090066e+003,6.656570e+001
1.090548e+003,6.688584e+001
1.091030e+003,6.706039e+001
1.091512e+003,6.710119e+001
1.091994e+003,6.702174e+001
1.092477e+003,6.683651e+001
1.092959e+003,6.656033e+001
1.093441e+003,6.620696e+001
1.093923e+003,6.578807e+001
1.094405e+003,6.531232e+001
1.094887e+003,6.478549e+001
1.095369e+003,6.421118e+001
1.095851e+003,6.359208e+001
1.096333e+003,6.293089e+001
1.096816e+003,6.223079e+001
1.097298e+003,6.149512e+001
1.097780e+003,6.072717e+001
1.098262e+003,5.992992e+001
1.098744e+003,5.910658e+001
1.099226e+003,5.826106e+001
1.099708e+003,5.739818e+001
1.100190e+003,5.652307e+001
1.100673e+003,5.563980e+001
1.101155e+003,5.474979e+001
1.101637e+003,5.385097e+001
1.102119e+003,5.293821e+001
1.102601e+003,5.200500e+001
1.103083e+003,5.104550e+001
1.103565e+003,5.005589e+001
1.104047e+003,4.903448e+001
1.104530e+003,4.798057e+001
1.105012e+003,4.689294e+001
1.105494e+003,4.576937e+001
1.105976e+003,4.460740e+001
1.106458e+003,4.340671e+001
1.106940e+003,4.217156e+001
1.107422e+003,4.091216e+001
1.107904e+003,3.964416e+001
1.108386e+003,3.838645e+001
1.108869e+003,3.715849e+001
1.109351e+003,3.597870e+001
1.109833e+003,3.486461e+001
1.110315e+003,3.383427e+001
1.110797e+003,3.290714e+001
1.111279e+003,3.210288e+001
1.111761e+003,3.143759e+001
1.112243e+003,3.091878e+001
1.112725e+003,3.054160e+001
1.113208e+003,3.028853e+001
1.113690e+003,3.013334e+001
1.114172e+003,3.004757e+001
1.114654e+003,3.000700e+001
1.115136e+003,2.999549e+001
1.115618e+003,3.000557e+001
1.116100e+003,3.003607e+001
1.116582e+003,3.008924e+001
1.117064e+003,3.016861e+001
1.117547e+003,3.027878e+001
1.118029e+003,3.042596e+001
1.118511e+003,3.061829e+001
1.118993e+003,3.086443e+001
1.119475e+003,3.117081e+001
1.119957e+003,3.153879e+001
1.120439e+003,3.196368e+001
1.120921e+003,3.243679e+001
1.121404e+003,3.294995e+001
1.121886e+003,3.350045e+001
1.122368e+003,3.409373e+001
1.122850e+003,3.474238e+001
1.123332e+003,3.546147e+001
1.123814e+003,3.626236e+001
1.124296e+003,3.714774e+001
1.124778e+003,3.811005e+001
1.125260e+003,3.913383e+001
1.125743e+003,4.020023e+001
1.126225e+003,4.129137e+001
1.126707e+003,4.239281e+001
1.127189e+003,4.349322e+001
1.127671e+003,4.458270e+001
1.128153e+003,4.565101e+001
1.128635e+003,4.668707e+001
1.129117e+003,4.768021e+001
1.129600e+003,4.862214e+001
1.130082e+003,4.950854e+001
1.130564e+003,5.033932e+001
1.131046e+003,5.111759e+001
1.131528e+003,5.184761e+001
1.132010e+003,5.253310e+001
1.132492e+003,5.317647e+001
1.132974e+003,5.377934e+001
1.133457e+003,5.434365e+001
1.133939e+003,5.487275e+001
1.134421e+003,5.537154e+001
1.134903e+003,5.584555e+001
1.135385e+003,5.629954e+001
1.135867e+003,5.673598e+001
1.136349e+003,5.715470e+001
1.136831e+003,5.755350e+001
1.137313e+003,5.792973e+001
1.137796e+003,5.828156e+001
1.138278e+003,5.860900e+001
1.138760e+003,5.891371e+001
1.139242e+003,5.919818e+001
1.139724e+003,5.946457e+001
1.140206e+003,5.971424e+001
1.140688e+003,5.994759e+001
1.141170e+003,6.016475e+001
1.141652e+003,6.036630e+001
1.142135e+003,6.055371e+001
1.142617e+003,6.072898e+001
1.143099e+003,6.089408e+001
1.143581e+003,6.104996e+001
1.144063e+003,6.119625e+001
1.144545e+003,6.133149e+001
1.145027e+003,6.145397e+001
1.145509e+003,6.156266e+001
1.145991e+003,6.165809e+001
1.146474e+003,6.174223e+001
1.146956e+003,6.181813e+001
1.147438e+003,6.188894e+001
1.147920e+003,6.195719e+001
1.148402e+003,6.202438e+001
1.148884e+003,6.209101e+001
1.149366e+003,6.215679e+001
1.149848e+003,6.222087e+001
1.150331e+003,6.228179e+001
1.150813e+003,6.233725e+001
1.151295e+003,6.238392e+001
1.151777e+003,6.241770e+001
1.152259e+003,6.243418e+001
1.152741e+003,6.242944e+001
1.153223e+003,6.240059e+001
1.153705e+003,6.234603e+001
1.154188e+003,6.226491e+001
1.154670e+003,6.215652e+001
1.155152e+003,6.201932e+001
1.155634e+003,6.185062e+001
1.156116e+003,6.164682e+001
1.156598e+003,6.140397e+001
1.157080e+003,6.111884e+001
1.157562e+003,6.078951e+001
1.158044e+003,6.041552e+001
1.158527e+003,5.999742e+001
1.159009e+003,5.953612e+001
1.159491e+003,5.903245e+001
1.159973e+003,5.848737e+001
1.160455e+003,5.790267e+001
1.160937e+003,5.728179e+001
1.161419e+003,5.663037e+001
1.161901e+003,5.595562e+001
1.162384e+003,5.526519e+001
1.162866e+003,5.456539e+001
1.163348e+003,5.385997e+001
1.163830e+003,5.315005e+001
1.164312e+003,5.243501e+001
1.164794e+003,5.171391e+001
1.165276e+003,5.098660e+001
1.165758e+003,5.025371e+001
1.166240e+003,4.951587e+001
1.166723e+003,4.877259e+001
1.167205e+003,4.802189e+001
1.167687e+003,4.726090e+001
1.168169e+003,4.648775e+001
1.168651e+003,4.570328e+001
1.169133e+003,4.491214e+001
1.169615e+003,4.412233e+001
1.170097e+003,4.334354e+001
1.170579e+003,4.258516e+001
1.171062e+003,4.185517e+001
1.171544e+003,4.116050e+001
1.172026e+003,4.050855e+001
1.172508e+003,3.990863e+001
1.172990e+003,3.937230e+001
1.173472e+003,3.891183e+001
1.173954e+003,3.853752e+001
1.174436e+003,3.825509e+001
1.174918e+003,3.806462e+001
1.175401e+003,3.796162e+001
1.175883e+003,3.793932e+001
1.176365e+003,3.799091e+001
1.176847e+003,3.811018e+001
1.177329e+003,3.829036e+001
1.177811e+003,3.852193e+001
1.178293e+003,3.879107e+001
1.178775e+003,3.907986e+001
1.179258e+003,3.936876e+001
1.179740e+003,3.964005e+001
1.180222e+003,3.988098e+001
1.180704e+003,4.008492e+001
1.181186e+003,4.025024e+001
1.181668e+003,4.037790e+001
1.182150e+003,4.046875e+001
1.182632e+003,4.052245e+001
1.183115e+003,4.053808e+001
1.183597e+003,4.051604e+001
1.184079e+003,4.045988e+001
1.184561e+003,4.037743e+001
1.185043e+003,4.027742e+001
1.185525e+003,4.016911e+001
1.186007e+003,4.005942e+001
1.186489e+003,3.995207e+001
1.186971e+003,3.984842e+001
1.187454e+003,3.974976e+001
1.187936e+003,3.965968e+001
1.188418e+003,3.958538e+001
1.188900e+003,3.953720e+001
1.189382e+003,3.952663e+001
1.189864e+003,3.956438e+001
1.190346e+003,3.965921e+001
1.190828e+003,3.981839e+001
1.191311e+003,4.004923e+001
1.191793e+003,4.036055e+001
1.192275e+003,4.076286e+001
1.192757e+003,4.126705e+001
1.193239e+003,4.188231e+001
1.193721e+003,4.261407e+001
1.194203e+003,4.346361e+001
1.194685e+003,4.442906e+001
1.195167e+003,4.550708e+001
1.195650e+003,4.669395e+001
1.196132e+003,4.798532e+001
1.196614e+003,4.937464e+001
1.197096e+003,5.085139e+001
1.197578e+003,5.240033e+001
1.198060e+003,5.400228e+001
1.198542e+003,5.563632e+001
1.199024e+003,5.728214e+001
1.199506e+003,5.892181e+001
1.199989e+003,6.054034e+001
1.200471e+003,6.212521e+001
1.200953e+003,6.366608e+001
1.201435e+003,6.515428e+001
1.201917e+003,6.658291e+001
1.202399e+003,6.794681e+001
1.202881e+003,6.924219e+001
1.203363e+003,7.046603e+001
1.203845e+003,7.161566e+001
1.204328e+003,7.268852e+001
1.204810e+003,7.368291e+001
1.205292e+003,7.459876e+001
1.205774e+003,7.543854e+001
1.206256e+003,7.620708e+001
1.206738e+003,7.691107e+001
1.207220e+003,7.755786e+001
1.207702e+003,7.815450e+001
1.208185e+003,7.870734e+001
1.208667e+003,7.922205e+001
1.209149e+003,7.970395e+001
1.209631e+003,8.015810e+001
1.210113e+003,8.058895e+001
1.210595e+003,8.099985e+001
1.211077e+003,8.139252e+001
1.211559e+003,8.176727e+001
1.212042e+003,8.212369e+001
1.212524e+003,8.246165e+001
1.213006e+003,8.278199e+001
1.213488e+003,8.308649e+001
1.213970e+003,8.337714e+001
1.214452e+003,8.365495e+001
1.214934e+003,8.391918e+001
1.215416e+003,8.416755e+001
1.215898e+003,8.439725e+001
1.216381e+003,8.460654e+001
1.216863e+003,8.479574e+001
1.217345e+003,8.496742e+001
1.217827e+003,8.512525e+001
1.218309e+003,8.527238e+001
1.218791e+003,8.541005e+001
1.219273e+003,8.553735e+001
1.219755e+003,8.565194e+001
1.220238e+003,8.575174e+001
1.220720e+003,8.583598e+001
1.221202e+003,8.590572e+001
1.221684e+003,8.596280e+001
1.222166e+003,8.600842e+001
1.222648e+003,8.604187e+001
1.223130e+003,8.606010e+001
1.223612e+003,8.605858e+001
1.224094e+003,8.603280e+001
1.224577e+003,8.597950e+001
1.225059e+003,8.589735e+001
1.225541e+003,8.578646e+001
1.226023e+003,8.564764e+001
1.226505e+003,8.548169e+001
1.226987e+003,8.528982e+001
1.227469e+003,8.507467e+001
1.227951e+003,8.484155e+001
1.228434e+003,8.459903e+001
1.228916e+003,8.435844e+001
1.229398e+003,8.413224e+001
1.229880e+003,8.393230e+001
1.230362e+003,8.376843e+001
1.230844e+003,8.364809e+001
1.231326e+003,8.357673e+001
1.231808e+003,8.355850e+001
1.232291e+003,8.359644e+001
1.232773e+003,8.369175e+001
1.233255e+003,8.384250e+001
1.233737e+003,8.404243e+001
1.234219e+003,8.428024e+001
1.234701e+003,8.454050e+001
1.235183e+003,8.480592e+001
1.235665e+003,8.506018e+001
1.236147e+003,8.529049e+001
1.236630e+003,8.548911e+001
1.237112e+003,8.565300e+001
1.237594e+003,8.578251e+001
1.238076e+003,8.587981e+001
1.238558e+003,8.594788e+001
1.239040e+003,8.599046e+001
1.239522e+003,8.601250e+001
1.240004e+003,8.602023e+001
1.240486e+003,8.602040e+001
1.240969e+003,8.601874e+001
1.241451e+003,8.601830e+001
1.241933e+003,8.601839e+001
1.242415e+003,8.601521e+001
1.242897e+003,8.600334e+001
1.243379e+003,8.597839e+001
1.243861e+003,8.593856e+001
1.244343e+003,8.588528e+001
1.244825e+003,8.582211e+001
1.245308e+003,8.575294e+001
1.245790e+003,8.568043e+001
1.246272e+003,8.560529e+001
1.246754e+003,8.552713e+001
1.247236e+003,8.544545e+001
1.247718e+003,8.536069e+001
1.248200e+003,8.527411e+001
1.248682e+003,8.518682e+001
1.249165e+003,8.509841e+001
1.249647e+003,8.500594e+001
1.250129e+003,8.490451e+001
1.250611e+003,8.478855e+001
1.251093e+003,8.465385e+001
1.251575e+003,8.449880e+001
1.252057e+003,8.432436e+001
1.252539e+003,8.413283e+001
1.253021e+003,8.392590e+001
1.253504e+003,8.370363e+001
1.253986e+003,8.346449e+001
1.254468e+003,8.320698e+001
1.254950e+003,8.293177e+001
1.255432e+003,8.264307e+001
1.255914e+003,8.234854e+001
1.256396e+003,8.205738e+001
1.256878e+003,8.177750e+001
1.257361e+003,8.151300e+001
1.257843e+003,8.126282e+001
1.258325e+003,8.102103e+001
1.258807e+003,8.077838e+001
1.259289e+003,8.052448e+001
1.259771e+003,8.024961e+001
1.260253e+003,7.994569e+001
1.260735e+003,7.960686e+001
1.261218e+003,7.922954e+001
1.261700e+003,7.881273e+001
1.262182e+003,7.835817e+001
1.262664e+003,7.786987e+001
1.263146e+003,7.735290e+001
1.263628e+003,7.681084e+001
1.264110e+003,7.624318e+001
1.264592e+003,7.564349e+001
1.265074e+003,7.499911e+001
1.265557e+003,7.429301e+001
1.266039e+003,7.350683e+001
1.266521e+003,7.262431e+001
1.267003e+003,7.163387e+001
1.267485e+003,7.052977e+001
1.267967e+003,6.931291e+001
1.268449e+003,6.799149e+001
1.268931e+003,6.658312e+001
1.269413e+003,6.511761e+001
1.269896e+003,6.363954e+001
1.270378e+003,6.220832e+001
1.270860e+003,6.089395e+001
1.271342e+003,5.976841e+001
1.271824e+003,5.889422e+001
1.272306e+003,5.831261e+001
1.272788e+003,5.803392e+001
1.273270e+003,5.803267e+001
1.273752e+003,5.824820e+001
1.274235e+003,5.859187e+001
1.274717e+003,5.895969e+001
1.275199e+003,5.924829e+001
1.275681e+003,5.937078e+001
1.276163e+003,5.926923e+001
1.276645e+003,5.892102e+001
1.277127e+003,5.833910e+001
1.277609e+003,5.756622e+001
1.278092e+003,5.666534e+001
1.278574e+003,5.570819e+001
1.279056e+003,5.476455e+001
1.279538e+003,5.389428e+001
1.280020e+003,5.314255e+001
1.280502e+003,5.253809e+001
1.280984e+003,5.209336e+001
1.281466e+003,5.180564e+001
1.281948e+003,5.165928e+001
1.282431e+003,5.162923e+001
1.282913e+003,5.168609e+001
1.283395e+003,5.180188e+001
1.283877e+003,5.195507e+001
1.284359e+003,5.213320e+001
1.284841e+003,5.233205e+001
1.285323e+003,5.255163e+001
1.285805e+003,5.279021e+001
1.286288e+003,5.303862e+001
1.286770e+003,5.327689e+001
1.287252e+003,5.347450e+001
1.287734e+003,5.359427e+001
1.288216e+003,5.359853e+001
1.288698e+003,5.345597e+001
1.289180e+003,5.314724e+001
1.289662e+003,5.266812e+001
1.290145e+003,5.202994e+001
1.290627e+003,5.125781e+001
1.291109e+003,5.038765e+001
1.291591e+003,4.946291e+001
1.292073e+003,4.853152e+001
1.292555e+003,4.764284e+001
1.293037e+003,4.684434e+001
1.293519e+003,4.617844e+001
1.294001e+003,4.568003e+001
1.294484e+003,4.537552e+001
1.294966e+003,4.528362e+001
1.295448e+003,4.541712e+001
1.295930e+003,4.578400e+001
1.296412e+003,4.638735e+001
1.296894e+003,4.722393e+001
1.297376e+003,4.828245e+001
1.297858e+003,4.954301e+001
1.298340e+003,5.097837e+001
1.298823e+003,5.255644e+001
1.299305e+003,5.424307e+001
1.299787e+003,5.600365e+001
1.300269e+003,5.780394e+001
1.300751e+003,5.961031e+001
1.301233e+003,6.139050e+001
1.301715e+003,6.311489e+001
1.302197e+003,6.475832e+001
1.302679e+003,6.630103e+001
1.303162e+003,6.772903e+001
1.303644e+003,6.903323e+001
1.304126e+003,7.020851e+001
1.304608e+003,7.125302e+001
1.305090e+003,7.216796e+001
1.305572e+003,7.295731e+001
1.306054e+003,7.362718e+001
1.306536e+003,7.418484e+001
1.307019e+003,7.463764e+001
1.307501e+003,7.499255e+001
1.307983e+003,7.525689e+001
1.308465e+003,7.543963e+001
1.308947e+003,7.555252e+001
1.309429e+003,7.561028e+001
1.309911e+003,7.562946e+001
1.310393e+003,7.562622e+001
1.310875e+003,7.561425e+001
1.311358e+003,7.560342e+001
1.311840e+003,7.559982e+001
1.312322e+003,7.560655e+001
1.312804e+003,7.562508e+001
1.313286e+003,7.565620e+001
1.313768e+003,7.570037e+001
1.314250e+003,7.575742e+001
1.314732e+003,7.582642e+001
1.315215e+003,7.590576e+001
1.315697e+003,7.599380e+001
1.316179e+003,7.609005e+001
1.316661e+003,7.619573e+001
1.317143e+003,7.631347e+001
1.317625e+003,7.644588e+001
1.318107e+003,7.659332e+001
1.318589e+003,7.675201e+001
1.319072e+003,7.691345e+001
1.319554e+003,7.706580e+001
1.320036e+003,7.719654e+001
1.320518e+003,7.729551e+001
1.321000e+003,7.735668e+001
1.321482e+003,7.737801e+001
1.321964e+003,7.735981e+001
1.322446e+003,7.730235e+001
1.322928e+003,7.720446e+001
1.323411e+003,7.706343e+001
1.323893e+003,7.687606e+001
1.324375e+003,7.664023e+001
1.324857e+003,7.635554e+001
1.325339e+003,7.602293e+001
1.325821e+003,7.564312e+001
1.326303e+003,7.521527e+001
1.326785e+003,7.473644e+001
1.327267e+003,7.420243e+001
1.327750e+003,7.360904e+001
1.328232e+003,7.295313e+001
1.328714e+003,7.223256e+001
1.329196e+003,7.144493e+001
1.329678e+003,7.058641e+001
1.330160e+003,6.965160e+001
1.330642e+003,6.863519e+001
1.331124e+003,6.753493e+001
1.331606e+003,6.635425e+001
1.332089e+003,6.510309e+001
1.332571e+003,6.379600e+001
1.333053e+003,6.244824e+001
1.333535e+003,6.107212e+001
1.334017e+003,5.967479e+001
1.334499e+003,5.825837e+001
1.334981e+003,5.682132e+001
1.335463e+003,5.535950e+001
1.335946e+003,5.386624e+001
1.336428e+003,5.233134e+001
1.336910e+003,5.074079e+001
1.337392e+003,4.907893e+001
1.337874e+003,4.733394e+001
1.338356e+003,4.550538e+001
1.338838e+003,4.361053e+001
1.339320e+003,4.168510e+001
1.339802e+003,3.977614e+001
1.340285e+003,3.793005e+001
1.340767e+003,3.618299e+001
1.341249e+003,3.456019e+001
1.341731e+003,3.308478e+001
1.342213e+003,3.179111e+001
1.342695e+003,3.073487e+001
1.343177e+003,2.999477e+001
1.343659e+003,2.966327e+001
1.344142e+003,2.982922e+001
1.344624e+003,3.055831e+001
1.345106e+003,3.187888e+001
1.345588e+003,3.377780e+001
1.346070e+003,3.620549e+001
1.346552e+003,3.908559e+001
1.347034e+003,4.232463e+001
1.347516e+003,4.582009e+001
1.347999e+003,4.946734e+001
1.348481e+003,5.316643e+001
1.348963e+003,5.682802e+001
1.349445e+003,6.037679e+001
1.349927e+003,6.375155e+001
1.350409e+003,6.690322e+001
1.350891e+003,6.979295e+001
1.351373e+003,7.239261e+001
1.351855e+003,7.468718e+001
1.352338e+003,7.667726e+001
1.352820e+003,7.837852e+001
1.353302e+003,7.981790e+001
1.353784e+003,8.102701e+001
1.354266e+003,8.203593e+001
1.354748e+003,8.286954e+001
1.355230e+003,8.354754e+001
1.355712e+003,8.408702e+001
1.356194e+003,8.450517e+001
1.356677e+003,8.482023e+001
1.357159e+003,8.505016e+001
1.357641e+003,8.521046e+001
1.358123e+003,8.531247e+001
1.358605e+003,8.536386e+001
1.359087e+003,8.537103e+001
1.359569e+003,8.534196e+001
1.360051e+003,8.528823e+001
1.360533e+003,8.522493e+001
1.361016e+003,8.516833e+001
1.361498e+003,8.513199e+001
1.361980e+003,8.512313e+001
1.362462e+003,8.514043e+001
1.362944e+003,8.517481e+001
1.363426e+003,8.521351e+001
1.363908e+003,8.524496e+001
1.364390e+003,8.526201e+001
1.364873e+003,8.526144e+001
1.365355e+003,8.524182e+001
1.365837e+003,8.520123e+001
1.366319e+003,8.513684e+001
1.366801e+003,8.504701e+001
1.367283e+003,8.493375e+001
1.367765e+003,8.480402e+001
1.368247e+003,8.466827e+001
1.368729e+003,8.453681e+001
1.369212e+003,8.441591e+001
1.369694e+003,8.430619e+001
1.370176e+003,8.420402e+001
1.370658e+003,8.410480e+001
1.371140e+003,8.400663e+001
1.371622e+003,8.391185e+001
1.372104e+003,8.382691e+001
1.372586e+003,8.376012e+001
1.373069e+003,8.371844e+001
1.373551e+003,8.370455e+001
1.374033e+003,8.371510e+001
1.374515e+003,8.374161e+001
1.374997e+003,8.377349e+001
1.375479e+003,8.380180e+001
1.375961e+003,8.382079e+001
1.376443e+003,8.382688e+001
1.376926e+003,8.381615e+001
1.377408e+003,8.378313e+001
1.377890e+003,8.372182e+001
1.378372e+003,8.362881e+001
1.378854e+003,8.350592e+001
1.379336e+003,8.336050e+001
1.379818e+003,8.320267e+001
1.380300e+003,8.304078e+001
1.380782e+003,8.287787e+001
1.381265e+003,8.271097e+001
1.381747e+003,8.253412e+001
1.382229e+003,8.234261e+001
1.382711e+003,8.213718e+001
1.383193e+003,8.192480e+001
1.383675e+003,8.171611e+001
1.384157e+003,8.152061e+001
1.384639e+003,8.134222e+001
1.385121e+003,8.117738e+001
1.385604e+003,8.101656e+001
1.386086e+003,8.084802e+001
1.386568e+003,8.066259e+001
1.387050e+003,8.045560e+001
1.387532e+003,8.022569e+001
1.388014e+003,7.997192e+001
1.388496e+003,7.969185e+001
1.388978e+003,7.938281e+001
1.389460e+003,7.904474e+001
1.389943e+003,7.868277e+001
1.390425e+003,7.830760e+001
1.390907e+003,7.793293e+001
1.391389e+003,7.757066e+001
1.391871e+003,7.722556e+001
1.392353e+003,7.689143e+001
1.392835e+003,7.655135e+001
1.393317e+003,7.618267e+001
1.393800e+003,7.576644e+001
1.394282e+003,7.529668e+001
1.394764e+003,7.478410e+001
1.395246e+003,7.425045e+001
1.395728e+003,7.371639e+001
1.396210e+003,7.319152e+001
1.396692e+003,7.267092e+001
1.397174e+003,7.213854e+001
1.397656e+003,7.157466e+001
1.398139e+003,7.096442e+001
1.398621e+003,7.030461e+001
1.399103e+003,6.960526e+001
1.399585e+003,6.888416e+001
1.400067e+003,6.815796e+001
1.400549e+003,6.743589e+001
1.401031e+003,6.671914e+001
1.401513e+003,6.600463e+001
1.401996e+003,6.528950e+001
1.402478e+003,6.457455e+001
1.402960e+003,6.386602e+001
1.403442e+003,6.317611e+001
1.403924e+003,6.252156e+001
1.404406e+003,6.192095e+001
1.404888e+003,6.139080e+001
1.405370e+003,6.094252e+001
1.405853e+003,6.058079e+001
1.406335e+003,6.030339e+001
1.406817e+003,6.010218e+001
1.407299e+003,5.996397e+001
1.407781e+003,5.987231e+001
1.408263e+003,5.980970e+001
1.408745e+003,5.976065e+001
1.409227e+003,5.971445e+001
1.409709e+003,5.966637e+001
1.410192e+003,5.961646e+001
1.410674e+003,5.956614e+001
1.411156e+003,5.951432e+001
1.411638e+003,5.945539e+001
1.412120e+003,5.938040e+001
1.412602e+003,5.928039e+001
1.413084e+003,5.915065e+001
1.413566e+003,5.899328e+001
1.414048e+003,5.881711e+001
1.414531e+003,5.863506e+001
1.415013e+003,5.846027e+001
1.415495e+003,5.830234e+001
1.415977e+003,5.816528e+001
1.416459e+003,5.804700e+001
1.416941e+003,5.793995e+001
1.417423e+003,5.783247e+001
1.417905e+003,5.770995e+001
1.418387e+003,5.755637e+001
1.418870e+003,5.735632e+001
1.419352e+003,5.709858e+001
1.419834e+003,5.678021e+001
1.420316e+003,5.640875e+001
1.420798e+003,5.599971e+001
1.421280e+003,5.557036e+001
1.421762e+003,5.513301e+001
1.422244e+003,5.469092e+001
1.422727e+003,5.423817e+001
1.423209e+003,5.376375e+001
1.423691e+003,5.325838e+001
1.424173e+003,5.272102e+001
1.424655e+003,5.216071e+001
1.425137e+003,5.159275e+001
1.425619e+003,5.103181e+001
1.426101e+003,5.048643e+001
1.426583e+003,4.995740e+001
1.427066e+003,4.943953e+001
1.427548e+003,4.892553e+001
1.428030e+003,4.840971e+001
1.428512e+003,4.788989e+001
1.428994e+003,4.736578e+001
1.429476e+003,4.683523e+001
1.429958e+003,4.629087e+001
1.430440e+003,4.572093e+001
1.430923e+003,4.511447e+001
1.431405e+003,4.446837e+001
1.431887e+003,4.379163e+001
1.432369e+003,4.310451e+001
1.432851e+003,4.243267e+001
1.433333e+003,4.179995e+001
1.433815e+003,4.122303e+001
1.434297e+003,4.070998e+001
1.434780e+003,4.026240e+001
1.435262e+003,3.987951e+001
1.435744e+003,3.956035e+001
1.436226e+003,3.930119e+001
1.436708e+003,3.908879e+001
1.437190e+003,3.889838e+001
1.437672e+003,3.870156e+001
1.438154e+003,3.847758e+001
1.438636e+003,3.821751e+001
1.439119e+003,3.792036e+001
1.439601e+003,3.758660e+001
1.440083e+003,3.721379e+001
1.440565e+003,3.679514e+001
1.441047e+003,3.632098e+001
1.441529e+003,3.578240e+001
1.442011e+003,3.517592e+001
1.442493e+003,3.450732e+001
1.442976e+003,3.379291e+001
1.443458e+003,3.305684e+001
1.443940e+003,3.232512e+001
1.444422e+003,3.161835e+001
1.444904e+003,3.094593e+001
1.445386e+003,3.030429e+001
1.445868e+003,2.968025e+001
1.446350e+003,2.905871e+001
1.446833e+003,2.843235e+001
1.447314e+003,2.780829e+001
1.447797e+003,2.720696e+001
1.448279e+003,2.665175e+001
1.448761e+003,2.615586e+001
1.449243e+003,2.571597e+001
1.449725e+003,2.531689e+001
1.450207e+003,2.494207e+001
1.450689e+003,2.458278e+001
1.451171e+003,2.424138e+001
1.451654e+003,2.392838e+001
1.452136e+003,2.365532e+001
1.452618e+003,2.342795e+001
1.453100e+003,2.324402e+001
1.453582e+003,2.309830e+001
1.454064e+003,2.299312e+001
1.454546e+003,2.295248e+001
1.455028e+003,2.303662e+001
1.455510e+003,2.335017e+001
1.455993e+003,2.402558e+001
1.456475e+003,2.515973e+001
1.456957e+003,2.672375e+001
1.457439e+003,2.853910e+001
1.457921e+003,3.037693e+001
1.458403e+003,3.208204e+001
1.458885e+003,3.360387e+001
1.459367e+003,3.495004e+001
1.459850e+003,3.613540e+001
1.460332e+003,3.716031e+001
1.460814e+003,3.801363e+001
1.461296e+003,3.868591e+001
1.461778e+003,3.918230e+001
1.462260e+003,3.953054e+001
1.462742e+003,3.978315e+001
1.463224e+003,4.001441e+001
1.463707e+003,4.031015e+001
1.464189e+003,4.074963e+001
1.464671e+003,4.138468e+001
1.465153e+003,4.222934e+001
1.465635e+003,4.326815e+001
1.466117e+003,4.447469e+001
1.466599e+003,4.582347e+001
1.467081e+003,4.728897e+001
1.467563e+003,4.883845e+001
1.468046e+003,5.042825e+001
1.468528e+003,5.200824e+001
1.469010e+003,5.353247e+001
1.469492e+003,5.497016e+001
1.469974e+003,5.631064e+001
1.470456e+003,5.755941e+001
1.470938e+003,5.872455e+001
1.471420e+003,5.979754e+001
1.471903e+003,6.073818e+001
1.472385e+003,6.147862e+001
1.472867e+003,6.195200e+001
1.473349e+003,6.212634e+001
1.473831e+003,6.201461e+001
1.474313e+003,6.165792e+001
1.474795e+003,6.110333e+001
1.475277e+003,6.039463e+001
1.475760e+003,5.957681e+001
1.476241e+003,5.870449e+001
1.476724e+003,5.784278e+001
1.477206e+003,5.705590e+001
1.477688e+003,5.639001e+001
1.478170e+003,5.586084e+001
1.478652e+003,5.545214e+001
1.479134e+003,5.512309e+001
1.479616e+003,5.482007e+001
1.480098e+003,5.449002e+001
1.480581e+003,5.409343e+001
1.481063e+003,5.361413e+001
1.481545e+003,5.306157e+001
1.482027e+003,5.246431e+001
1.482509e+003,5.185834e+001
1.482991e+003,5.127818e+001
1.483473e+003,5.075477e+001
1.483955e+003,5.031930e+001
1.484438e+003,5.000828e+001
1.484920e+003,4.986508e+001
1.485402e+003,4.993565e+001
1.485884e+003,5.025867e+001
1.486366e+003,5.085513e+001
1.486848e+003,5.172351e+001
1.487330e+003,5.284511e+001
1.487812e+003,5.419722e+001
1.488294e+003,5.576569e+001
1.488777e+003,5.754544e+001
1.489259e+003,5.952356e+001
1.489741e+003,6.165316e+001
1.490223e+003,6.384018e+001
1.490705e+003,6.596275e+001
1.491187e+003,6.791443e+001
1.491669e+003,6.964101e+001
1.492151e+003,7.114859e+001
1.492634e+003,7.248695e+001
1.493116e+003,7.372438e+001
1.493598e+003,7.492607e+001
1.494080e+003,7.613970e+001
1.494562e+003,7.738709e+001
1.495044e+003,7.866190e+001
1.495526e+003,7.993340e+001
1.496008e+003,8.115863e+001
1.496490e+003,8.229955e+001
1.496973e+003,8.333688e+001
1.497455e+003,8.427142e+001
1.497937e+003,8.511298e+001
1.498419e+003,8.586704e+001
1.498901e+003,8.652907e+001
1.499383e+003,8.708842e+001
1.499865e+003,8.753714e+001
1.500347e+003,8.787766e+001
1.500830e+003,8.812483e+001
1.501312e+003,8.830216e+001
1.501794e+003,8.843500e+001
1.502276e+003,8.854419e+001
1.502758e+003,8.864241e+001
1.503240e+003,8.873345e+001
1.503722e+003,8.881364e+001
1.504204e+003,8.887565e+001
1.504687e+003,8.891547e+001
1.505168e+003,8.894395e+001
1.505651e+003,8.899777e+001
1.506133e+003,8.913194e+001
1.506615e+003,8.937709e+001
1.507097e+003,8.969350e+001
1.507579e+003,8.999044e+001
1.508061e+003,9.019910e+001
1.508543e+003,9.031065e+001
1.509025e+003,9.035575e+001
1.509508e+003,9.036842e+001
1.509990e+003,9.036574e+001
1.510472e+003,9.034536e+001
1.510954e+003,9.029485e+001
1.511436e+003,9.020458e+001
1.511918e+003,9.007811e+001
1.512400e+003,8.993377e+001
1.512882e+003,8.979805e+001
1.513365e+003,8.969508e+001
1.513847e+003,8.963864e+001
1.514329e+003,8.962957e+001
1.514811e+003,8.965836e+001
1.515293e+003,8.971069e+001
1.515775e+003,8.977379e+001
1.516257e+003,8.983964e+001
1.516739e+003,8.990335e+001
1.517221e+003,8.995885e+001
1.517704e+003,8.999663e+001
1.518186e+003,9.000573e+001
1.518668e+003,8.997657e+001
1.519150e+003,8.990217e+001
1.519632e+003,8.978036e+001
1.520114e+003,8.961920e+001
1.520596e+003,8.944287e+001
1.521078e+003,8.928587e+001
1.521561e+003,8.917080e+001
1.522043e+003,8.908863e+001
1.522525e+003,8.900646e+001
1.523007e+003,8.889465e+001
1.523489e+003,8.874274e+001
1.523971e+003,8.855589e+001
1.524453e+003,8.834400e+001
1.524935e+003,8.811454e+001
1.525417e+003,8.787139e+001
1.525900e+003,8.761715e+001
1.526382e+003,8.735603e+001
1.526864e+003,8.709547e+001
1.527346e+003,8.684557e+001
1.527828e+003,8.661683e+001
1.528310e+003,8.641687e+001
1.528792e+003,8.624818e+001
1.529274e+003,8.610826e+001
1.529757e+003,8.599201e+001
1.530239e+003,8.589462e+001
1.530721e+003,8.581244e+001
1.531203e+003,8.574034e+001
1.531685e+003,8.566612e+001
1.532167e+003,8.556423e+001
1.532649e+003,8.539359e+001
1.533131e+003,8.510545e+001
1.533614e+003,8.466305e+001
1.534095e+003,8.406232e+001
1.534578e+003,8.333614e+001
1.535060e+003,8.253798e+001
1.535542e+003,8.171835e+001
1.536024e+003,8.090636e+001
1.536506e+003,8.009821e+001
1.536988e+003,7.924965e+001
1.537470e+003,7.827126e+001
1.537952e+003,7.703262e+001
1.538435e+003,7.539110e+001
1.538917e+003,7.326488e+001
1.539399e+003,7.073890e+001
1.539881e+003,6.811744e+001
1.540363e+003,6.581821e+001
1.540845e+003,6.416123e+001
1.541327e+003,6.325026e+001
1.541809e+003,6.302384e+001
1.542292e+003,6.337148e+001
1.542774e+003,6.421010e+001
1.543256e+003,6.549945e+001
1.543738e+003,6.721396e+001
1.544220e+003,6.929596e+001
1.544702e+003,7.161991e+001
1.545184e+003,7.399853e+001
1.545666e+003,7.623579e+001
1.546148e+003,7.819239e+001
1.546631e+003,7.981973e+001
1.547113e+003,8.115051e+001
1.547595e+003,8.226520e+001
1.548077e+003,8.325632e+001
1.548559e+003,8.420111e+001
1.549041e+003,8.514223e+001
1.549523e+003,8.608006e+001
1.550005e+003,8.698127e+001
1.550488e+003,8.780318e+001
1.550970e+003,8.851826e+001
1.551452e+003,8.912231e+001
1.551934e+003,8.962469e+001
1.552416e+003,9.003275e+001
1.552898e+003,9.034308e+001
1.553380e+003,9.054436e+001
1.553862e+003,9.063063e+001
1.554344e+003,9.061465e+001
1.554827e+003,9.053218e+001
1.555309e+003,9.043239e+001
1.555791e+003,9.036148e+001
1.556273e+003,9.034918e+001
1.556755e+003,9.040437e+001
1.557237e+003,9.052316e+001
1.557719e+003,9.071088e+001
1.558201e+003,9.100336e+001
1.558684e+003,9.143705e+001
1.559166e+003,9.195081e+001
1.559648e+003,9.236775e+001
1.560130e+003,9.254082e+001
1.560612e+003,9.245490e+001
1.561094e+003,9.218623e+001
1.561576e+003,9.182907e+001
1.562058e+003,9.145857e+001
1.562541e+003,9.112398e+001
1.563022e+003,9.085339e+001
1.563505e+003,9.065951e+001
1.563987e+003,9.054301e+001
1.564469e+003,9.049385e+001
1.564951e+003,9.049330e+001
1.565433e+003,9.051960e+001
1.565915e+003,9.055572e+001
1.566397e+003,9.059412e+001
1.566879e+003,9.063637e+001
1.567362e+003,9.068826e+001
1.567844e+003,9.075482e+001
1.568326e+003,9.083726e+001
1.568808e+003,9.093098e+001
1.569290e+003,9.102379e+001
1.569772e+003,9.109491e+001
1.570254e+003,9.111979e+001
1.570736e+003,9.108002e+001
1.571219e+003,9.097153e+001
1.571701e+003,9.080534e+001
1.572183e+003,9.060144e+001
1.572665e+003,9.038179e+001
1.573147e+003,9.016624e+001
1.573629e+003,8.997169e+001
1.574111e+003,8.981430e+001
1.574593e+003,8.971164e+001
1.575075e+003,8.968162e+001
1.575558e+003,8.973190e+001
1.576040e+003,8.984379e+001
1.576522e+003,8.996839e+001
1.577004e+003,9.004945e+001
1.577486e+003,9.005555e+001
1.577968e+003,8.999124e+001
1.578450e+003,8.988351e+001
1.578932e+003,8.976138e+001
1.579415e+003,8.964289e+001
1.579897e+003,8.953206e+001
1.580379e+003,8.942329e+001
1.580861e+003,8.930838e+001
1.581343e+003,8.918287e+001
1.581825e+003,8.904819e+001
1.582307e+003,8.890987e+001
1.582789e+003,8.877336e+001
1.583271e+003,8.864111e+001
1.583754e+003,8.851237e+001
1.584236e+003,8.838561e+001
1.584718e+003,8.826137e+001
1.585200e+003,8.814328e+001
1.585682e+003,8.803590e+001
1.586164e+003,8.794047e+001
1.586646e+003,8.785068e+001
1.587128e+003,8.775151e+001
1.587611e+003,8.762235e+001
1.588093e+003,8.744377e+001
1.588575e+003,8.720526e+001
1.589057e+003,8.691033e+001
1.589539e+003,8.657594e+001
1.590021e+003,8.622647e+001
1.590503e+003,8.588533e+001
1.590985e+003,8.556893e+001
1.591468e+003,8.528509e+001
1.591949e+003,8.503550e+001
1.592432e+003,8.482024e+001
1.592914e+003,8.464058e+001
1.593396e+003,8.449945e+001
1.593878e+003,8.439883e+001
1.594360e+003,8.433673e+001
1.594842e+003,8.430548e+001
1.595324e+003,8.429333e+001
1.595806e+003,8.428827e+001
1.596289e+003,8.428218e+001
1.596771e+003,8.427294e+001
1.597253e+003,8.426324e+001
1.597735e+003,8.425633e+001
1.598217e+003,8.425193e+001
1.598699e+003,8.424406e+001
1.599181e+003,8.422249e+001
1.599663e+003,8.417715e+001
1.600146e+003,8.410358e+001
1.600628e+003,8.400609e+001
1.601110e+003,8.389706e+001
1.601592e+003,8.379237e+001
1.602074e+003,8.370547e+001
1.602556e+003,8.364327e+001
1.603038e+003,8.360581e+001
1.603520e+003,8.358946e+001
1.604002e+003,8.359085e+001
1.604485e+003,8.360957e+001
1.604967e+003,8.364725e+001
1.605449e+003,8.370413e+001
1.605931e+003,8.377489e+001
1.606413e+003,8.384676e+001
1.606895e+003,8.390153e+001
1.607377e+003,8.392133e+001
1.607859e+003,8.389567e+001
1.608342e+003,8.382507e+001
1.608824e+003,8.371915e+001
1.609306e+003,8.358915e+001
1.609788e+003,8.344017e+001
1.610270e+003,8.326739e+001
1.610752e+003,8.305917e+001
1.611234e+003,8.280511e+001
1.611716e+003,8.250443e+001
1.612198e+003,8.216978e+001
1.612681e+003,8.182385e+001
1.613163e+003,8.148997e+001
1.613645e+003,8.118130e+001
1.614127e+003,8.089244e+001
1.614609e+003,8.059687e+001
1.615091e+003,8.025270e+001
1.615573e+003,7.981766e+001
1.616055e+003,7.926967e+001
1.616538e+003,7.861992e+001
1.617020e+003,7.790453e+001
1.617502e+003,7.716085e+001
1.617984e+003,7.641032e+001
1.618466e+003,7.565937e+001
1.618948e+003,7.490860e+001
1.619430e+003,7.415879e+001
1.619912e+003,7.341196e+001
1.620395e+003,7.266898e+001
1.620876e+003,7.192684e+001
1.621359e+003,7.117717e+001
1.621841e+003,7.040758e+001
1.622323e+003,6.960735e+001
1.622805e+003,6.877518e+001
1.623287e+003,6.792406e+001
1.623769e+003,6.707819e+001
1.624251e+003,6.626320e+001
1.624733e+003,6.549652e+001
1.625216e+003,6.478417e+001
1.625698e+003,6.412460e+001
1.626180e+003,6.351722e+001
1.626662e+003,6.297262e+001
1.627144e+003,6.251997e+001
1.627626e+003,6.220586e+001
1.628108e+003,6.208091e+001
1.628590e+003,6.217924e+001
1.629073e+003,6.250358e+001
1.629555e+003,6.302567e+001
1.630037e+003,6.369904e+001
1.630519e+003,6.447466e+001
1.631001e+003,6.531207e+001
1.631483e+003,6.618546e+001
1.631965e+003,6.708620e+001
1.632447e+003,6.802424e+001
1.632929e+003,6.902797e+001
1.633412e+003,7.014230e+001
1.633894e+003,7.142134e+001
1.634376e+003,7.290807e+001
1.634858e+003,7.459452e+001
1.635340e+003,7.637673e+001
1.635822e+003,7.805701e+001
1.636304e+003,7.943355e+001
1.636786e+003,8.041269e+001
1.637269e+003,8.103497e+001
1.637751e+003,8.141426e+001
1.638233e+003,8.166727e+001
1.638715e+003,8.187782e+001
1.639197e+003,8.209123e+001
1.639679e+003,8.232327e+001
1.640161e+003,8.257234e+001
1.640643e+003,8.283025e+001
1.641125e+003,8.308958e+001
1.641608e+003,8.334682e+001
1.642090e+003,8.360213e+001
1.642572e+003,8.385738e+001
1.643054e+003,8.411475e+001
1.643536e+003,8.437637e+001
1.644018e+003,8.464571e+001
1.644500e+003,8.492828e+001
1.644982e+003,8.523021e+001
1.645465e+003,8.555190e+001
1.645947e+003,8.587749e+001
1.646429e+003,8.616662e+001
1.646911e+003,8.636204e+001
1.647393e+003,8.641711e+001
1.647875e+003,8.632457e+001
1.648357e+003,8.612143e+001
1.648839e+003,8.586967e+001
1.649322e+003,8.563124e+001
1.649803e+003,8.545059e+001
1.650286e+003,8.534666e+001
1.650768e+003,8.531213e+001
1.651250e+003,8.532101e+001
1.651732e+003,8.534985e+001
1.652214e+003,8.541090e+001
1.652696e+003,8.555826e+001
1.653178e+003,8.581298e+001
1.653660e+003,8.608646e+001
1.654143e+003,8.625370e+001
1.654625e+003,8.627155e+001
1.655107e+003,8.618319e+001
1.655589e+003,8.605848e+001
1.656071e+003,8.595206e+001
1.656553e+003,8.589040e+001
1.657035e+003,8.587391e+001
1.657517e+003,8.588457e+001
1.658000e+003,8.589539e+001
1.658482e+003,8.588031e+001
1.658964e+003,8.582294e+001
1.659446e+003,8.572159e+001
1.659928e+003,8.558948e+001
1.660410e+003,8.545160e+001
1.660892e+003,8.533951e+001
1.661374e+003,8.528578e+001
1.661856e+003,8.531703e+001
1.662339e+003,8.544529e+001
1.662821e+003,8.566025e+001
1.663303e+003,8.592989e+001
1.663785e+003,8.621146e+001
1.664267e+003,8.646761e+001
1.664749e+003,8.667655e+001
1.665231e+003,8.683218e+001
1.665713e+003,8.693810e+001
1.666196e+003,8.700079e+001
1.666678e+003,8.702616e+001
1.667160e+003,8.701950e+001
1.667642e+003,8.698750e+001
1.668124e+003,8.694028e+001
1.668606e+003,8.689098e+001
1.669088e+003,8.685246e+001
1.669570e+003,8.683335e+001
1.670052e+003,8.683672e+001
1.670535e+003,8.686326e+001
1.671017e+003,8.691621e+001
1.671499e+003,8.700336e+001
1.671981e+003,8.713457e+001
1.672463e+003,8.731606e+001
1.672945e+003,8.754446e+001
1.673427e+003,8.780238e+001
1.673909e+003,8.805851e+001
1.674392e+003,8.827382e+001
1.674874e+003,8.841409e+001
1.675356e+003,8.846361e+001
1.675838e+003,8.843117e+001
1.676320e+003,8.834438e+001
1.676802e+003,8.823775e+001
1.677284e+003,8.814151e+001
1.677766e+003,8.807472e+001
1.678249e+003,8.804327e+001
1.678730e+003,8.804204e+001
1.679213e+003,8.806031e+001
1.679695e+003,8.808820e+001
1.680177e+003,8.812180e+001
1.680659e+003,8.816465e+001
1.681141e+003,8.822543e+001
1.681623e+003,8.831346e+001
1.682105e+003,8.843520e+001
1.682587e+003,8.859543e+001
1.683070e+003,8.880186e+001
1.683552e+003,8.906361e+001
1.684034e+003,8.937135e+001
1.684516e+003,8.967557e+001
1.684998e+003,8.990526e+001
1.685480e+003,9.001926e+001
1.685962e+003,9.002997e+001
1.686444e+003,8.998352e+001
1.686927e+003,8.992927e+001
1.687409e+003,8.990147e+001
1.687891e+003,8.991426e+001
1.688373e+003,8.996404e+001
1.688855e+003,9.003530e+001
1.689337e+003,9.010757e+001
1.689819e+003,9.016308e+001
1.690301e+003,9.019274e+001
1.690783e+003,9.019942e+001
1.691266e+003,9.019720e+001
1.691748e+003,9.020777e+001
1.692230e+003,9.025507e+001
1.692712e+003,9.035981e+001
1.693194e+003,9.053384e+001
1.693676e+003,9.077605e+001
1.694158e+003,9.106982e+001
1.694640e+003,9.138319e+001
1.695123e+003,9.167272e+001
1.695605e+003,9.189307e+001
1.696087e+003,9.201294e+001
1.696569e+003,9.203114e+001
1.697051e+003,9.197866e+001
1.697533e+003,9.190277e+001
1.698015e+003,9.184558e+001
1.698497e+003,9.183112e+001
1.698979e+003,9.186572e+001
1.699462e+003,9.194527e+001
1.699944e+003,9.205539e+001
1.700426e+003,9.215926e+001
1.700908e+003,9.220051e+001
1.701390e+003,9.213982e+001
1.701872e+003,9.198392e+001
1.702354e+003,9.177414e+001
1.702836e+003,9.155722e+001
1.703319e+003,9.136720e+001
1.703801e+003,9.122433e+001
1.704283e+003,9.114317e+001
1.704765e+003,9.113885e+001
1.705247e+003,9.122402e+001
1.705729e+003,9.139706e+001
1.706211e+003,9.163430e+001
1.706693e+003,9.189509e+001
1.707176e+003,9.213577e+001
1.707657e+003,9.232174e+001
1.708140e+003,9.243356e+001
1.708622e+003,9.246919e+001
1.709104e+003,9.244367e+001
1.709586e+003,9.238495e+001
1.710068e+003,9.232529e+001
1.710550e+003,9.229105e+001
1.711032e+003,9.229438e+001
1.711514e+003,9.233057e+001
1.711997e+003,9.238149e+001
1.712479e+003,9.242388e+001
1.712961e+003,9.243945e+001
1.713443e+003,9.242390e+001
1.713925e+003,9.239053e+001
1.714407e+003,9.236764e+001
1.714889e+003,9.238926e+001
1.715371e+003,9.248425e+001
1.715854e+003,9.266643e+001
1.716336e+003,9.292737e+001
1.716818e+003,9.323269e+001
1.717300e+003,9.352497e+001
1.717782e+003,9.373898e+001
1.718264e+003,9.382707e+001
1.718746e+003,9.377939e+001
1.719229e+003,9.362410e+001
1.719710e+003,9.341045e+001
1.720193e+003,9.318975e+001
1.720675e+003,9.300331e+001
1.721157e+003,9.287764e+001
1.721639e+003,9.282389e+001
1.722121e+003,9.283913e+001
1.722603e+003,9.290822e+001
1.723085e+003,9.300754e+001
1.723567e+003,9.311108e+001
1.724050e+003,9.319778e+001
1.724532e+003,9.325756e+001
1.725014e+003,9.329274e+001
1.725496e+003,9.331438e+001
1.725978e+003,9.333596e+001
1.726460e+003,9.336715e+001
1.726942e+003,9.341013e+001
1.727424e+003,9.345910e+001
1.727906e+003,9.350265e+001
1.728389e+003,9.352871e+001
1.728871e+003,9.352990e+001
1.729353e+003,9.350758e+001
1.729835e+003,9.347272e+001
1.730317e+003,9.344307e+001
1.730799e+003,9.343736e+001
1.731281e+003,9.346977e+001
1.731763e+003,9.354575e+001
1.732246e+003,9.366088e+001
1.732728e+003,9.380276e+001
1.733210e+003,9.395344e+001
1.733692e+003,9.408814e+001
1.734174e+003,9.417184e+001
1.734656e+003,9.416640e+001
1.735138e+003,9.405222e+001
1.735620e+003,9.384361e+001
1.736103e+003,9.358125e+001
1.736585e+003,9.331171e+001
1.737067e+003,9.307137e+001
1.737549e+003,9.288115e+001
1.738031e+003,9.274890e+001
1.738513e+003,9.267410e+001
1.738995e+003,9.265037e+001
1.739477e+003,9.266408e+001
1.739959e+003,9.269453e+001
1.740442e+003,9.271944e+001
1.740924e+003,9.272402e+001
1.741406e+003,9.270601e+001
1.741888e+003,9.267467e+001
1.742370e+003,9.264604e+001
1.742852e+003,9.263744e+001
1.743334e+003,9.266265e+001
1.743816e+003,9.272731e+001
1.744299e+003,9.282614e+001
1.744781e+003,9.294286e+001
1.745263e+003,9.305313e+001
1.745745e+003,9.312971e+001
1.746227e+003,9.314946e+001
1.746709e+003,9.310133e+001
1.747191e+003,9.299346e+001
1.747673e+003,9.285493e+001
1.748156e+003,9.272991e+001
1.748637e+003,9.266501e+001
1.749120e+003,9.269488e+001
1.749602e+003,9.283114e+001
1.750084e+003,9.305718e+001
1.750566e+003,9.333047e+001
1.751048e+003,9.359365e+001
1.751530e+003,9.379347e+001
1.752012e+003,9.389923e+001
1.752494e+003,9.391044e+001
1.752977e+003,9.385044e+001
1.753459e+003,9.375206e+001
1.753941e+003,9.364449e+001
1.754423e+003,9.354642e+001
1.754905e+003,9.346507e+001
1.755387e+003,9.339976e+001
1.755869e+003,9.334626e+001
1.756351e+003,9.330045e+001
1.756833e+003,9.325971e+001
1.757316e+003,9.322379e+001
1.757798e+003,9.319557e+001
1.758280e+003,9.318175e+001
1.758762e+003,9.319194e+001
1.759244e+003,9.323665e+001
1.759726e+003,9.332410e+001
1.760208e+003,9.345724e+001
1.760690e+003,9.363057e+001
1.761173e+003,9.382771e+001
1.761655e+003,9.402185e+001
1.762137e+003,9.418169e+001
1.762619e+003,9.428213e+001
1.763101e+003,9.431406e+001
1.763583e+003,9.428664e+001
1.764065e+003,9.422134e+001
1.764547e+003,9.414286e+001
1.765030e+003,9.407133e+001
1.765512e+003,9.401836e+001
1.765994e+003,9.398713e+001
1.766476e+003,9.397459e+001
1.766958e+003,9.397456e+001
1.767440e+003,9.398032e+001
1.767922e+003,9.398585e+001
1.768404e+003,9.398664e+001
1.768886e+003,9.398028e+001
1.769369e+003,9.396652e+001
1.769851e+003,9.394746e+001
1.770333e+003,9.392802e+001
1.770815e+003,9.391771e+001
1.771297e+003,9.393105e+001
1.771779e+003,9.398229e+001
1.772261e+003,9.407378e+001
1.772743e+003,9.418739e+001
1.773226e+003,9.428979e+001
1.773708e+003,9.434909e+001
1.774190e+003,9.434841e+001
1.774672e+003,9.428812e+001
1.775154e+003,9.418027e+001
1.775636e+003,9.404225e+001
1.776118e+003,9.389246e+001
1.776600e+003,9.374787e+001
1.777083e+003,9.362271e+001
1.777564e+003,9.352757e+001
1.778047e+003,9.346935e+001
1.778529e+003,9.345179e+001
1.779011e+003,9.347599e+001
1.779493e+003,9.354033e+001
1.779975e+003,9.364007e+001
1.780457e+003,9.376705e+001
1.780939e+003,9.391086e+001
1.781421e+003,9.406124e+001
1.781904e+003,9.421053e+001
1.782386e+003,9.435455e+001
1.782868e+003,9.449065e+001
1.783350e+003,9.461475e+001
1.783832e+003,9.471919e+001
1.784314e+003,9.479298e+001
1.784796e+003,9.482465e+001
1.785278e+003,9.480673e+001
1.785760e+003,9.473956e+001
1.786243e+003,9.463230e+001
1.786725e+003,9.450104e+001
1.787207e+003,9.436476e+001
1.787689e+003,9.424171e+001
1.788171e+003,9.414717e+001
1.788653e+003,9.409211e+001
1.789135e+003,9.408344e+001
1.789617e+003,9.412373e+001
1.790100e+003,9.421125e+001
1.790582e+003,9.433904e+001
1.791064e+003,9.449377e+001
1.791546e+003,9.465505e+001
1.792028e+003,9.479695e+001
1.792510e+003,9.489348e+001
1.792992e+003,9.492710e+001
1.793474e+003,9.489509e+001
1.793957e+003,9.480946e+001
1.794439e+003,9.469093e+001
1.794921e+003,9.456084e+001
1.795403e+003,9.443546e+001
1.795885e+003,9.432402e+001
1.796367e+003,9.422985e+001
1.796849e+003,9.415320e+001
1.797331e+003,9.409405e+001
1.797813e+003,9.405380e+001
1.798296e+003,9.403536e+001
1.798778e+003,9.404170e+001
1.799260e+003,9.407426e+001
1.799742e+003,9.413140e+001
1.800224e+003,9.420830e+001
1.800706e+003,9.429778e+001
1.801188e+003,9.439212e+001
1.801670e+003,9.448480e+001
1.802153e+003,9.457104e+001
1.802635e+003,9.464680e+001
1.803117e+003,9.470720e+001
1.803599e+003,9.474584e+001
1.804081e+003,9.475576e+001
1.804563e+003,9.473222e+001
1.805045e+003,9.467581e+001
1.805527e+003,9.459393e+001
1.806010e+003,9.449968e+001
1.806491e+003,9.440838e+001
1.806974e+003,9.433354e+001
1.807456e+003,9.428387e+001
1.807938e+003,9.426246e+001
1.808420e+003,9.426809e+001
1.808902e+003,9.429763e+001
1.809384e+003,9.434848e+001
1.809866e+003,9.441930e+001
1.810348e+003,9.450906e+001
1.810831e+003,9.461436e+001
1.811313e+003,9.472775e+001
1.811795e+003,9.483761e+001
1.812277e+003,9.493073e+001
1.812759e+003,9.499600e+001
1.813241e+003,9.502780e+001
1.813723e+003,9.502670e+001
1.814205e+003,9.499817e+001
1.814688e+003,9.495034e+001
1.815170e+003,9.489217e+001
1.815652e+003,9.483266e+001
1.816134e+003,9.478111e+001
1.816616e+003,9.474636e+001
1.817098e+003,9.473570e+001
1.817580e+003,9.475292e+001
1.818062e+003,9.479642e+001
1.818544e+003,9.485841e+001
1.819027e+003,9.492610e+001
1.819509e+003,9.498475e+001
1.819991e+003,9.502216e+001
1.820473e+003,9.503309e+001
1.820955e+003,9.502116e+001
1.821437e+003,9.499696e+001
1.821919e+003,9.497307e+001
1.822401e+003,9.495853e+001
1.822884e+003,9.495490e+001
1.823366e+003,9.495565e+001
1.823848e+003,9.494963e+001
1.824330e+003,9.492673e+001
1.824812e+003,9.488311e+001
1.825294e+003,9.482368e+001
1.825776e+003,9.475975e+001
1.826258e+003,9.470412e+001
1.826740e+003,9.466624e+001
1.827223e+003,9.464917e+001
1.827705e+003,9.464914e+001
1.828187e+003,9.465755e+001
1.828669e+003,9.466497e+001
1.829151e+003,9.466481e+001
1.829633e+003,9.465480e+001
1.830115e+003,9.463557e+001
1.830597e+003,9.460809e+001
1.831080e+003,9.457276e+001
1.831562e+003,9.453091e+001
1.832044e+003,9.448598e+001
1.832526e+003,9.444372e+001
1.833008e+003,9.441088e+001
1.833490e+003,9.439309e+001
1.833972e+003,9.439316e+001
1.834454e+003,9.441015e+001
1.834937e+003,9.443957e+001
1.835418e+003,9.447450e+001
1.835901e+003,9.450769e+001
1.836383e+003,9.453334e+001
1.836865e+003,9.454791e+001
1.837347e+003,9.454959e+001
1.837829e+003,9.453732e+001
1.838311e+003,9.451078e+001
1.838793e+003,9.447124e+001
1.839275e+003,9.442318e+001
1.839758e+003,9.437531e+001
1.840240e+003,9.433977e+001
1.840722e+003,9.432916e+001
1.841204e+003,9.435208e+001
1.841686e+003,9.440888e+001
1.842168e+003,9.448881e+001
1.842650e+003,9.457116e+001
1.843132e+003,9.463046e+001
1.843615e+003,9.464537e+001
1.844097e+003,9.460754e+001
1.844579e+003,9.452493e+001
1.845061e+003,9.441734e+001
1.845543e+003,9.430799e+001
1.846025e+003,9.421569e+001
1.846507e+003,9.415051e+001
1.846989e+003,9.411357e+001
1.847471e+003,9.409937e+001
1.847954e+003,9.409964e+001
1.848436e+003,9.410687e+001
1.848918e+003,9.411636e+001
1.849400e+003,9.412603e+001
1.849882e+003,9.413532e+001
1.850364e+003,9.414352e+001
1.850846e+003,9.414973e+001
1.851328e+003,9.415363e+001
1.851811e+003,9.415687e+001
1.852293e+003,9.416360e+001
1.852775e+003,9.417972e+001
1.853257e+003,9.421050e+001
1.853739e+003,9.425815e+001
1.854221e+003,9.432002e+001
1.854703e+003,9.438919e+001
1.855185e+003,9.445644e+001
1.855667e+003,9.451347e+001
1.856150e+003,9.455537e+001
1.856632e+003,9.458153e+001
1.857114e+003,9.459466e+001
1.857596e+003,9.459889e+001
1.858078e+003,9.459802e+001
1.858560e+003,9.459459e+001
1.859042e+003,9.459033e+001
1.859524e+003,9.458720e+001
1.860007e+003,9.458775e+001
1.860489e+003,9.459461e+001
1.860971e+003,9.460875e+001
1.861453e+003,9.462800e+001
1.861935e+003,9.464655e+001
1.862417e+003,9.465636e+001
1.862899e+003,9.464983e+001
1.863381e+003,9.462300e+001
1.863864e+003,9.457745e+001
1.864345e+003,9.452034e+001
1.864828e+003,9.446241e+001
1.865310e+003,9.441502e+001
1.865792e+003,9.438711e+001
1.866274e+003,9.438317e+001
1.866756e+003,9.440241e+001
1.867238e+003,9.443968e+001
1.867720e+003,9.448663e+001
1.868202e+003,9.453320e+001
1.868685e+003,9.456901e+001
1.869167e+003,9.458463e+001
1.869649e+003,9.457391e+001
1.870131e+003,9.453609e+001
1.870613e+003,9.447650e+001
1.871095e+003,9.440522e+001
1.871577e+003,9.433394e+001
1.872059e+003,9.427248e+001
1.872542e+003,9.422614e+001
1.873024e+003,9.419453e+001
1.873506e+003,9.417279e+001
1.873988e+003,9.415401e+001
1.874470e+003,9.413255e+001
1.874952e+003,9.410666e+001
1.875434e+003,9.407912e+001
1.875916e+003,9.405563e+001
1.876398e+003,9.404204e+001
1.876881e+003,9.404156e+001
1.877363e+003,9.405344e+001
1.877845e+003,9.407370e+001
1.878327e+003,9.409707e+001
1.878809e+003,9.411919e+001
1.879291e+003,9.413802e+001
1.879773e+003,9.415311e+001
1.880255e+003,9.416400e+001
1.880738e+003,9.416873e+001
1.881220e+003,9.416325e+001
1.881702e+003,9.414293e+001
1.882184e+003,9.410506e+001
1.882666e+003,9.405101e+001
1.883148e+003,9.398702e+001
1.883630e+003,9.392246e+001
1.884112e+003,9.386678e+001
1.884594e+003,9.382617e+001
1.885077e+003,9.380151e+001
1.885559e+003,9.378896e+001
1.886041e+003,9.378217e+001
1.886523e+003,9.377552e+001
1.887005e+003,9.376668e+001
1.887487e+003,9.375696e+001
1.887969e+003,9.375016e+001
1.888451e+003,9.374999e+001
1.888934e+003,9.375754e+001
1.889416e+003,9.376944e+001
1.889898e+003,9.377834e+001
1.890380e+003,9.377560e+001
1.890862e+003,9.375465e+001
1.891344e+003,9.371281e+001
1.891826e+003,9.365143e+001
1.892308e+003,9.357440e+001
1.892791e+003,9.348746e+001
1.893272e+003,9.339783e+001
1.893755e+003,9.331426e+001
1.894237e+003,9.324642e+001
1.894719e+003,9.320330e+001
1.895201e+003,9.319031e+001
1.895683e+003,9.320734e+001
1.896165e+003,9.324862e+001
1.896647e+003,9.330418e+001
1.897129e+003,9.336366e+001
1.897612e+003,9.341968e+001
1.898094e+003,9.347056e+001
1.898576e+003,9.352005e+001
1.899058e+003,9.357484e+001
1.899540e+003,9.364029e+001
1.900022e+003,9.371650e+001
1.900504e+003,9.379661e+001
1.900986e+003,9.386835e+001
1.901469e+003,9.391831e+001
1.901951e+003,9.393732e+001
1.902433e+003,9.392432e+001
1.902915e+003,9.388669e+001
1.903397e+003,9.383746e+001
1.903879e+003,9.379061e+001
1.904361e+003,9.375686e+001
1.904843e+003,9.374097e+001
1.905325e+003,9.374160e+001
1.905808e+003,9.375352e+001
1.906290e+003,9.377037e+001
1.906772e+003,9.378708e+001
1.907254e+003,9.380103e+001
1.907736e+003,9.381181e+001
1.908218e+003,9.382057e+001
1.908700e+003,9.382921e+001
1.909182e+003,9.383973e+001
1.909665e+003,9.385390e+001
1.910147e+003,9.387284e+001
1.910629e+003,9.389622e+001
1.911111e+003,9.392175e+001
1.911593e+003,9.394499e+001
1.912075e+003,9.396037e+001
1.912557e+003,9.396325e+001
1.913039e+003,9.395205e+001
1.913521e+003,9.393028e+001
1.914004e+003,9.390596e+001
1.914486e+003,9.388946e+001
1.914968e+003,9.388985e+001
1.915450e+003,9.391164e+001
1.915932e+003,9.395270e+001
1.916414e+003,9.400484e+001
1.916896e+003,9.405580e+001
1.917378e+003,9.409335e+001
1.917861e+003,9.410890e+001
1.918343e+003,9.409967e+001
1.918825e+003,9.406826e+001
1.919307e+003,9.402095e+001
1.919789e+003,9.396535e+001
1.920271e+003,9.390869e+001
1.920753e+003,9.385696e+001
1.921235e+003,9.381487e+001
1.921718e+003,9.378579e+001
1.922199e+003,9.377093e+001
1.922682e+003,9.376854e+001
1.923164e+003,9.377306e+001
1.923646e+003,9.377636e+001
1.924128e+003,9.377080e+001
1.924610e+003,9.375275e+001
1.925092e+003,9.372485e+001
1.925574e+003,9.369579e+001
1.926056e+003,9.367744e+001
1.926539e+003,9.368092e+001
1.927021e+003,9.371279e+001
1.927503e+003,9.377254e+001
1.927985e+003,9.385222e+001
1.928467e+003,9.393871e+001
1.928949e+003,9.401750e+001
1.929431e+003,9.407661e+001
1.929913e+003,9.410862e+001
1.930396e+003,9.411134e+001
1.930878e+003,9.408721e+001
1.931360e+003,9.404244e+001
1.931842e+003,9.398633e+001
1.932324e+003,9.393005e+001
1.932806e+003,9.388530e+001
1.933288e+003,9.386194e+001
1.933770e+003,9.386560e+001
1.934252e+003,9.389593e+001
1.934735e+003,9.394606e+001
1.935217e+003,9.400489e+001
1.935699e+003,9.406068e+001
1.936181e+003,9.410542e+001
1.936663e+003,9.413766e+001
1.937145e+003,9.416225e+001
1.937627e+003,9.418729e+001
1.938109e+003,9.421958e+001
1.938592e+003,9.426089e+001
1.939074e+003,9.430683e+001
1.939556e+003,9.434879e+001
1.940038e+003,9.437726e+001
1.940520e+003,9.438596e+001
1.941002e+003,9.437426e+001
1.941484e+003,9.434682e+001
1.941966e+003,9.431078e+001
1.942448e+003,9.427263e+001
1.942931e+003,9.423565e+001
1.943413e+003,9.420019e+001
1.943895e+003,9.416579e+001
1.944377e+003,9.413412e+001
1.944859e+003,9.410963e+001
1.945341e+003,9.409802e+001
1.945823e+003,9.410313e+001
1.946305e+003,9.412426e+001
1.946788e+003,9.415546e+001
1.947270e+003,9.418758e+001
1.947752e+003,9.421178e+001
1.948234e+003,9.422375e+001
1.948716e+003,9.422503e+001
1.949198e+003,9.422171e+001
1.949680e+003,9.422073e+001
1.950162e+003,9.422647e+001
1.950645e+003,9.423939e+001
1.951126e+003,9.425728e+001
1.951609e+003,9.427799e+001
1.952091e+003,9.430322e+001
1.952573e+003,9.433908e+001
1.953055e+003,9.439439e+001
1.953537e+003,9.447626e+001
1.954019e+003,9.458555e+001
1.954501e+003,9.471400e+001
1.954983e+003,9.484524e+001
1.955466e+003,9.495887e+001
1.955948e+003,9.503679e+001
1.956430e+003,9.506815e+001
1.956912e+003,9.505052e+001
1.957394e+003,9.498894e+001
1.957876e+003,9.489366e+001
1.958358e+003,9.477840e+001
1.958840e+003,9.465913e+001
1.959323e+003,9.455242e+001
1.959805e+003,9.447356e+001
1.960287e+003,9.443407e+001
1.960769e+003,9.443954e+001
1.961251e+003,9.448868e+001
1.961733e+003,9.457310e+001
1.962215e+003,9.467923e+001
1.962697e+003,9.479134e+001
1.963179e+003,9.489448e+001
1.963662e+003,9.497671e+001
1.964144e+003,9.502872e+001
1.964626e+003,9.504175e+001
1.965108e+003,9.500639e+001
1.965590e+003,9.491388e+001
1.966072e+003,9.476289e+001
1.966554e+003,9.456567e+001
1.967036e+003,9.435072e+001
1.967519e+003,9.415729e+001
1.968001e+003,9.402348e+001
1.968483e+003,9.397295e+001
1.968965e+003,9.400718e+001
1.969447e+003,9.410487e+001
1.969929e+003,9.422852e+001
1.970411e+003,9.433666e+001
1.970893e+003,9.439700e+001
1.971375e+003,9.439577e+001
1.971858e+003,9.433929e+001
1.972340e+003,9.424530e+001
1.972822e+003,9.413223e+001
1.973304e+003,9.401125e+001
1.973786e+003,9.388388e+001
1.974268e+003,9.374759e+001
1.974750e+003,9.360184e+001
1.975232e+003,9.345403e+001
1.975715e+003,9.331979e+001
1.976197e+003,9.321609e+001
1.976679e+003,9.315384e+001
1.977161e+003,9.313190e+001
1.977643e+003,9.313702e+001
1.978125e+003,9.315070e+001
1.978607e+003,9.315794e+001
1.979089e+003,9.315437e+001
1.979572e+003,9.314727e+001
1.980053e+003,9.314890e+001
1.980536e+003,9.316936e+001
1.981018e+003,9.321100e+001
1.981500e+003,9.326786e+001
1.981982e+003,9.332846e+001
1.982464e+003,9.338174e+001
1.982946e+003,9.342219e+001
1.983428e+003,9.345156e+001
1.983910e+003,9.347560e+001
1.984393e+003,9.349995e+001
1.984875e+003,9.352641e+001
1.985357e+003,9.355325e+001
1.985839e+003,9.357761e+001
1.986321e+003,9.359897e+001
1.986803e+003,9.362113e+001
1.987285e+003,9.365097e+001
1.987767e+003,9.369339e+001
1.988250e+003,9.374703e+001
1.988732e+003,9.380276e+001
1.989214e+003,9.384593e+001
1.989696e+003,9.386314e+001
1.990178e+003,9.384926e+001
1.990660e+003,9.381178e+001
1.991142e+003,9.376913e+001
1.991624e+003,9.374259e+001
1.992106e+003,9.374751e+001
1.992589e+003,9.378635e+001
1.993071e+003,9.384888e+001
1.993553e+003,9.391841e+001
1.994035e+003,9.398121e+001
1.994517e+003,9.403391e+001
1.994999e+003,9.408540e+001
1.995481e+003,9.415213e+001
1.995963e+003,9.425030e+001
1.996446e+003,9.438828e+001
1.996928e+003,9.456306e+001
1.997410e+003,9.476185e+001
1.997892e+003,9.496706e+001
1.998374e+003,9.516405e+001
1.998856e+003,9.534499e+001
1.999338e+003,9.550770e+001
1.999820e+003,9.565162e+001
2.000302e+003,9.577270e+001
2.000785e+003,9.586251e+001
2.001267e+003,9.591123e+001
2.001749e+003,9.591273e+001
2.002231e+003,9.586936e+001
2.002713e+003,9.579214e+001
2.003195e+003,9.569621e+001
2.003677e+003,9.559528e+001
2.004159e+003,9.549797e+001
2.004642e+003,9.540722e+001
2.005124e+003,9.532409e+001
2.005606e+003,9.525158e+001
2.006088e+003,9.519778e+001
2.006570e+003,9.517258e+001
2.007052e+003,9.518136e+001
2.007534e+003,9.521767e+001
2.008016e+003,9.525918e+001
2.008499e+003,9.527169e+001
2.008980e+003,9.522125e+001
2.009463e+003,9.508736e+001
2.009945e+003,9.487412e+001
2.010427e+003,9.461097e+001
2.010909e+003,9.434423e+001
2.011391e+003,9.412437e+001
2.011873e+003,9.399355e+001
2.012355e+003,9.397709e+001
2.012837e+003,9.407778e+001
2.013320e+003,9.427686e+001
2.013802e+003,9.454025e+001
2.014284e+003,9.482707e+001
2.014766e+003,9.509674e+001
2.015248e+003,9.531441e+001
2.015730e+003,9.545469e+001
2.016212e+003,9.550717e+001
2.016694e+003,9.548055e+001
2.017177e+003,9.540257e+001
2.017659e+003,9.531300e+001
2.018141e+003,9.525111e+001
2.018623e+003,9.524300e+001
2.019105e+003,9.529363e+001
2.019587e+003,9.538692e+001
2.020069e+003,9.549304e+001
2.020551e+003,9.558178e+001
2.021033e+003,9.563388e+001
2.021516e+003,9.564804e+001
2.021998e+003,9.563696e+001
2.022480e+003,9.561589e+001
2.022962e+003,9.559177e+001
2.023444e+003,9.555782e+001
2.023926e+003,9.549796e+001
2.024408e+003,9.539812e+001
2.024890e+003,9.525732e+001
2.025373e+003,9.509315e+001
2.025855e+003,9.493625e+001
2.026337e+003,9.481646e+001
2.026819e+003,9.474951e+001
2.027301e+003,9.472871e+001
2.027783e+003,9.472729e+001
2.028265e+003,9.470815e+001
2.028747e+003,9.463958e+001
2.029229e+003,9.450845e+001
2.029712e+003,9.432392e+001
2.030194e+003,9.411091e+001
2.030676e+003,9.389870e+001
2.031158e+003,9.371094e+001
2.031640e+003,9.356132e+001
2.032122e+003,9.345514e+001
2.032604e+003,9.339209e+001
2.033086e+003,9.337005e+001
2.033569e+003,9.338517e+001
2.034051e+003,9.342838e+001
2.034533e+003,9.348217e+001
2.035015e+003,9.352110e+001
2.035497e+003,9.351744e+001
2.035979e+003,9.345309e+001
2.036461e+003,9.332817e+001
2.036943e+003,9.316434e+001
2.037426e+003,9.299695e+001
2.037907e+003,9.286102e+001
2.038390e+003,9.277829e+001
2.038872e+003,9.274938e+001
2.039354e+003,9.275495e+001
2.039836e+003,9.276566e+001
2.040318e+003,9.275462e+001
2.040800e+003,9.270988e+001
2.041282e+003,9.263776e+001
2.041764e+003,9.255683e+001
2.042247e+003,9.248682e+001
2.042729e+003,9.243867e+001
2.043211e+003,9.241002e+001
2.043693e+003,9.238793e+001
2.044175e+003,9.235662e+001
2.044657e+003,9.230663e+001
2.045139e+003,9.223968e+001
2.045622e+003,9.216620e+001
2.046104e+003,9.209998e+001
2.046586e+003,9.205005e+001
2.047068e+003,9.201675e+001
2.047550e+003,9.199182e+001
2.048032e+003,9.196336e+001
2.048514e+003,9.192187e+001
2.048996e+003,9.186497e+001
2.049479e+003,9.179678e+001
2.049960e+003,9.172407e+001
2.050443e+003,9.165239e+001
2.050925e+003,9.158424e+001
2.051407e+003,9.152019e+001
2.051889e+003,9.146109e+001
2.052371e+003,9.141084e+001
2.052853e+003,9.137634e+001
2.053335e+003,9.136475e+001
2.053817e+003,9.137949e+001
2.054300e+003,9.141664e+001
2.054782e+003,9.146458e+001
2.055264e+003,9.150806e+001
2.055746e+003,9.153408e+001
2.056228e+003,9.153828e+001
2.056710e+003,9.152744e+001
2.057192e+003,9.151708e+001
2.057674e+003,9.152537e+001
2.058156e+003,9.156602e+001
2.058639e+003,9.164317e+001
2.059121e+003,9.175037e+001
2.059603e+003,9.187335e+001
2.060085e+003,9.199632e+001
2.060567e+003,9.210788e+001
2.061049e+003,9.220318e+001
2.061531e+003,9.228290e+001
2.062013e+003,9.234915e+001
2.062496e+003,9.240182e+001
2.062978e+003,9.243717e+001
2.063460e+003,9.244917e+001
2.063942e+003,9.243349e+001
2.064424e+003,9.239149e+001
2.064906e+003,9.233189e+001
2.065388e+003,9.226907e+001
2.065870e+003,9.221967e+001
2.066353e+003,9.219765e+001
2.066835e+003,9.221014e+001
2.067317e+003,9.225563e+001
2.067799e+003,9.232469e+001
2.068281e+003,9.240244e+001
2.068763e+003,9.247195e+001
2.069245e+003,9.251773e+001
2.069727e+003,9.252829e+001
2.070209e+003,9.249834e+001
2.070692e+003,9.243086e+001
2.071174e+003,9.233655e+001
2.071656e+003,9.223219e+001
2.072138e+003,9.213701e+001
2.072620e+003,9.206799e+001
2.073102e+003,9.203557e+001
2.073584e+003,9.204116e+001
2.074066e+003,9.207733e+001
2.074549e+003,9.213041e+001
2.075031e+003,9.218503e+001
2.075513e+003,9.222929e+001
2.075995e+003,9.225798e+001
2.076477e+003,9.227302e+001
2.076959e+003,9.228127e+001
2.077441e+003,9.229072e+001
2.077923e+003,9.230730e+001
2.078406e+003,9.233268e+001
2.078887e+003,9.236400e+001
2.079370e+003,9.239590e+001
2.079852e+003,9.242278e+001
2.080334e+003,9.244096e+001
2.080816e+003,9.244975e+001
2.081298e+003,9.245143e+001
2.081780e+003,9.245046e+001
2.082262e+003,9.245211e+001
2.082744e+003,9.246078e+001
2.083227e+003,9.247879e+001
2.083709e+003,9.250552e+001
2.084191e+003,9.253731e+001
2.084673e+003,9.256828e+001
2.085155e+003,9.259227e+001
2.085637e+003,9.260489e+001
2.086119e+003,9.260599e+001
2.086601e+003,9.260001e+001
2.087083e+003,9.259525e+001
2.087566e+003,9.260103e+001
2.088048e+003,9.262425e+001
2.088530e+003,9.266672e+001
2.089012e+003,9.272411e+001
2.089494e+003,9.278758e+001
2.089976e+003,9.284702e+001
2.090458e+003,9.289440e+001
2.090940e+003,9.292670e+001
2.091423e+003,9.294569e+001
2.091905e+003,9.295589e+001
2.092387e+003,9.296143e+001
2.092869e+003,9.296320e+001
2.093351e+003,9.295825e+001
2.093833e+003,9.294159e+001
2.094315e+003,9.290887e+001
2.094797e+003,9.285956e+001
2.095280e+003,9.279806e+001
2.095762e+003,9.273254e+001
2.096244e+003,9.267211e+001
2.096726e+003,9.262380e+001
2.097208e+003,9.259083e+001
2.097690e+003,9.257243e+001
2.098172e+003,9.256534e+001
2.098654e+003,9.256584e+001
2.099136e+003,9.257076e+001
2.099619e+003,9.257769e+001
2.100101e+003,9.258459e+001
2.100583e+003,9.258907e+001
2.101065e+003,9.258835e+001
2.101547e+003,9.258040e+001
2.102029e+003,9.256492e+001
2.102511e+003,9.254401e+001
2.102993e+003,9.252171e+001
2.103476e+003,9.250179e+001
2.103958e+003,9.248564e+001
2.104440e+003,9.247063e+001
2.104922e+003,9.245058e+001
2.105404e+003,9.241801e+001
2.105886e+003,9.236771e+001
2.106368e+003,9.229990e+001
2.106850e+003,9.222136e+001
2.107333e+003,9.214375e+001
2.107814e+003,9.208009e+001
2.108297e+003,9.204028e+001
2.108779e+003,9.202817e+001
2.109261e+003,9.204062e+001
2.109743e+003,9.206915e+001
2.110225e+003,9.210357e+001
2.110707e+003,9.213585e+001
2.111189e+003,9.216276e+001
2.111671e+003,9.218618e+001
2.112154e+003,9.221172e+001
2.112636e+003,9.224599e+001
2.113118e+003,9.229422e+001
2.113600e+003,9.235793e+001
2.114082e+003,9.243472e+001
2.114564e+003,9.251876e+001
2.115046e+003,9.260212e+001
2.115528e+003,9.267671e+001
2.116010e+003,9.273580e+001
2.116493e+003,9.277588e+001
2.116975e+003,9.279785e+001
2.117457e+003,9.280713e+001
2.117939e+003,9.281232e+001
2.118421e+003,9.282298e+001
2.118903e+003,9.284646e+001
2.119385e+003,9.288506e+001
2.119867e+003,9.293545e+001
2.120350e+003,9.298982e+001
2.120832e+003,9.303947e+001
2.121314e+003,9.307858e+001
2.121796e+003,9.310783e+001
2.122278e+003,9.313469e+001
2.122760e+003,9.317105e+001
2.123242e+003,9.322863e+001
2.123724e+003,9.331395e+001
2.124207e+003,9.342541e+001
2.124689e+003,9.355322e+001
2.125171e+003,9.368255e+001
2.125653e+003,9.379896e+001
2.126135e+003,9.389370e+001
2.126617e+003,9.396625e+001
2.127099e+003,9.402345e+001
2.127581e+003,9.407616e+001
2.128063e+003,9.413416e+001
2.128546e+003,9.420241e+001
2.129028e+003,9.427909e+001
2.129510e+003,9.435704e+001
2.129992e+003,9.442695e+001
2.130474e+003,9.448101e+001
2.130956e+003,9.451582e+001
2.131438e+003,9.453295e+001
2.131920e+003,9.453790e+001
2.132403e+003,9.453819e+001
2.132885e+003,9.454017e+001
2.133367e+003,9.454728e+001
2.133849e+003,9.455946e+001
2.134331e+003,9.457415e+001
2.134813e+003,9.458797e+001
2.135295e+003,9.459898e+001
2.135777e+003,9.460796e+001
2.136260e+003,9.461825e+001
2.136741e+003,9.463362e+001
2.137224e+003,9.465589e+001
2.137706e+003,9.468254e+001
2.138188e+003,9.470580e+001
2.138670e+003,9.471453e+001
2.139152e+003,9.469834e+001
2.139634e+003,9.465274e+001
2.140116e+003,9.458382e+001
2.140598e+003,9.450913e+001
2.141081e+003,9.445435e+001
2.141563e+003,9.444619e+001
2.142045e+003,9.450356e+001
2.142527e+003,9.463113e+001
2.143009e+003,9.481693e+001
2.143491e+003,9.503470e+001
2.143973e+003,9.525080e+001
2.144455e+003,9.543257e+001
2.144938e+003,9.555702e+001
2.145420e+003,9.561397e+001
2.145902e+003,9.560518e+001
2.146384e+003,9.553973e+001
2.146866e+003,9.542924e+001
2.147348e+003,9.528543e+001
2.147830e+003,9.512095e+001
2.148312e+003,9.495058e+001
2.148794e+003,9.479126e+001
2.149277e+003,9.466039e+001
2.149759e+003,9.457112e+001
2.150241e+003,9.452820e+001
2.150723e+003,9.452530e+001
2.151205e+003,9.454670e+001
2.151687e+003,9.457242e+001
2.152169e+003,9.458536e+001
2.152651e+003,9.457811e+001
2.153134e+003,9.455437e+001
2.153616e+003,9.452585e+001
2.154098e+003,9.450462e+001
2.154580e+003,9.449531e+001
2.155062e+003,9.449046e+001
2.155544e+003,9.447141e+001
2.156026e+003,9.441341e+001
2.156508e+003,9.429533e+001
2.156990e+003,9.410852e+001
2.157473e+003,9.386120e+001
2.157955e+003,9.357751e+001
2.158437e+003,9.329131e+001
2.158919e+003,9.303778e+001
2.159401e+003,9.284460e+001
2.159883e+003,9.272501e+001
2.160365e+003,9.267802e+001
2.160847e+003,9.269032e+001
2.161330e+003,9.274090e+001
2.161812e+003,9.280397e+001
2.162294e+003,9.285179e+001
2.162776e+003,9.285797e+001
2.163258e+003,9.280480e+001
2.163740e+003,9.268748e+001
2.164222e+003,9.251839e+001
2.164704e+003,9.232400e+001
2.165187e+003,9.213700e+001
2.165668e+003,9.198664e+001
2.166151e+003,9.189049e+001
2.166633e+003,9.185089e+001
2.167115e+003,9.185574e+001
2.167597e+003,9.188438e+001
2.168079e+003,9.191602e+001
2.168561e+003,9.193665e+001
2.169043e+003,9.194232e+001
2.169525e+003,9.193793e+001
2.170008e+003,9.193299e+001
2.170490e+003,9.193658e+001
2.170972e+003,9.195368e+001
2.171454e+003,9.198405e+001
2.171936e+003,9.202364e+001
2.172418e+003,9.206871e+001
2.172900e+003,9.211828e+001
2.173382e+003,9.217496e+001
2.173865e+003,9.224463e+001
2.174347e+003,9.233361e+001
2.174829e+003,9.244539e+001
2.175311e+003,9.257771e+001
2.175793e+003,9.272195e+001
2.176275e+003,9.286368e+001
2.176757e+003,9.298442e+001
2.177239e+003,9.306458e+001
2.177721e+003,9.308639e+001
2.178204e+003,9.303734e+001
2.178686e+003,9.291533e+001
2.179168e+003,9.273093e+001
2.179650e+003,9.250770e+001
2.180132e+003,9.227867e+001
2.180614e+003,9.207958e+001
2.181096e+003,9.194065e+001
2.181578e+003,9.187943e+001
2.182061e+003,9.189591e+001
2.182543e+003,9.197198e+001
2.183025e+003,9.207504e+001
2.183507e+003,9.216808e+001
2.183989e+003,9.222017e+001
2.184471e+003,9.221485e+001
2.184953e+003,9.215438e+001
2.185435e+003,9.205731e+001
2.185917e+003,9.195213e+001
2.186400e+003,9.186789e+001
2.186882e+003,9.182416e+001
2.187364e+003,9.182508e+001
2.187846e+003,9.185828e+001
2.188328e+003,9.189962e+001
2.188810e+003,9.192191e+001
2.189292e+003,9.190449e+001
2.189774e+003,9.184065e+001
2.190257e+003,9.174044e+001
2.190739e+003,9.162725e+001
2.191221e+003,9.153061e+001
2.191703e+003,9.147643e+001
2.192185e+003,9.147997e+001
2.192667e+003,9.154258e+001
2.193149e+003,9.165305e+001
2.193631e+003,9.179218e+001
2.194114e+003,9.193945e+001
2.194595e+003,9.207755e+001
2.195078e+003,9.219542e+001
2.195560e+003,9.228822e+001
2.196042e+003,9.235513e+001
2.196524e+003,9.239708e+001
2.197006e+003,9.241508e+001
2.197488e+003,9.241109e+001
2.197970e+003,9.238882e+001
2.198452e+003,9.235377e+001
2.198935e+003,9.231285e+001
2.199417e+003,9.227184e+001
2.199899e+003,9.223324e+001
2.200381e+003,9.219562e+001
2.200863e+003,9.215477e+001
2.201345e+003,9.210667e+001
2.201827e+003,9.205101e+001
2.202309e+003,9.199239e+001
2.202792e+003,9.194014e+001
2.203274e+003,9.190495e+001
2.203756e+003,9.189476e+001
2.204238e+003,9.191229e+001
2.204720e+003,9.195411e+001
2.205202e+003,9.201281e+001
2.205684e+003,9.208054e+001
2.206166e+003,9.215148e+001
2.206648e+003,9.222421e+001
2.207131e+003,9.229991e+001
2.207613e+003,9.238027e+001
2.208095e+003,9.246449e+001
2.208577e+003,9.254819e+001
2.209059e+003,9.262421e+001
2.209541e+003,9.268564e+001
2.210023e+003,9.272820e+001
2.210505e+003,9.275192e+001
2.210988e+003,9.276015e+001
2.211470e+003,9.275713e+001
2.211952e+003,9.274580e+001
2.212434e+003,9.272647e+001
2.212916e+003,9.269874e+001
2.213398e+003,9.266373e+001
2.213880e+003,9.262621e+001
2.214362e+003,9.259485e+001
2.214844e+003,9.257974e+001
2.215327e+003,9.258801e+001
2.215809e+003,9.262038e+001
2.216291e+003,9.266954e+001
2.216773e+003,9.272202e+001
2.217255e+003,9.276270e+001
2.217737e+003,9.278037e+001
2.218219e+003,9.277147e+001
2.218701e+003,9.274117e+001
2.219184e+003,9.269988e+001
2.219666e+003,9.265882e+001
2.220148e+003,9.262514e+001
2.220630e+003,9.259989e+001
2.221112e+003,9.257871e+001
2.221594e+003,9.255454e+001
2.222076e+003,9.252132e+001
2.222558e+003,9.247708e+001
2.223041e+003,9.242449e+001
2.223522e+003,9.237011e+001
2.224005e+003,9.232212e+001
2.224487e+003,9.228820e+001
2.224969e+003,9.227420e+001
2.225451e+003,9.228285e+001
2.225933e+003,9.231331e+001
2.226415e+003,9.236133e+001
2.226897e+003,9.241931e+001
2.227379e+003,9.247723e+001
2.227862e+003,9.252420e+001
2.228344e+003,9.255126e+001
2.228826e+003,9.255364e+001
2.229308e+003,9.253283e+001
2.229790e+003,9.249641e+001
2.230272e+003,9.245641e+001
2.230754e+003,9.242392e+001
2.231236e+003,9.240728e+001
2.231719e+003,9.240923e+001
2.232201e+003,9.242680e+001
2.232683e+003,9.245319e+001
2.233165e+003,9.248069e+001
2.233647e+003,9.250368e+001
2.234129e+003,9.252052e+001
2.234611e+003,9.253320e+001
2.235093e+003,9.254563e+001
2.235575e+003,9.256176e+001
2.236058e+003,9.258395e+001
2.236540e+003,9.261212e+001
2.237022e+003,9.264391e+001
2.237504e+003,9.267549e+001
2.237986e+003,9.270250e+001
2.238468e+003,9.272014e+001
2.238950e+003,9.272398e+001
2.239432e+003,9.271045e+001
2.239915e+003,9.267772e+001
2.240397e+003,9.262704e+001
2.240879e+003,9.256299e+001
2.241361e+003,9.249346e+001
2.241843e+003,9.242773e+001
2.242325e+003,9.237459e+001
2.242807e+003,9.234018e+001
2.243289e+003,9.232691e+001
2.243771e+003,9.233408e+001
2.244254e+003,9.235909e+001
2.244736e+003,9.239899e+001
2.245218e+003,9.245140e+001
2.245700e+003,9.251453e+001
2.246182e+003,9.258585e+001
2.246664e+003,9.266097e+001
2.247146e+003,9.273295e+001
2.247628e+003,9.279334e+001
2.248111e+003,9.283459e+001
2.248593e+003,9.285225e+001
2.249075e+003,9.284707e+001
2.249557e+003,9.282471e+001
2.250039e+003,9.279366e+001
2.250521e+003,9.276199e+001
2.251003e+003,9.273441e+001
2.251485e+003,9.271092e+001
2.251968e+003,9.268730e+001
2.252449e+003,9.265752e+001
2.252932e+003,9.261694e+001
2.253414e+003,9.256480e+001
2.253896e+003,9.250497e+001
2.254378e+003,9.244482e+001
2.254860e+003,9.239256e+001
2.255342e+003,9.235454e+001
2.255824e+003,9.233350e+001
2.256306e+003,9.232765e+001
2.256789e+003,9.233223e+001
2.257271e+003,9.234113e+001
2.257753e+003,9.234953e+001
2.258235e+003,9.235487e+001
2.258717e+003,9.235748e+001
2.259199e+003,9.235984e+001
2.259681e+003,9.236498e+001
2.260163e+003,9.237493e+001
2.260646e+003,9.238939e+001
2.261128e+003,9.240549e+001
2.261610e+003,9.241824e+001
2.262092e+003,9.242198e+001
2.262574e+003,9.241225e+001
2.263056e+003,9.238724e+001
2.263538e+003,9.234873e+001
2.264020e+003,9.230165e+001
2.264502e+003,9.225285e+001
2.264985e+003,9.220934e+001
2.265467e+003,9.217635e+001
2.265949e+003,9.215641e+001
2.266431e+003,9.214913e+001
2.266913e+003,9.215206e+001
2.267395e+003,9.216149e+001
2.267877e+003,9.217323e+001
2.268359e+003,9.218302e+001
2.268842e+003,9.218658e+001
2.269324e+003,9.217953e+001
2.269806e+003,9.215807e+001
2.270288e+003,9.212000e+001
2.270770e+003,9.206581e+001
2.271252e+003,9.199989e+001
2.271734e+003,9.192992e+001
2.272216e+003,9.186510e+001
2.272698e+003,9.181389e+001
2.273181e+003,9.178101e+001
2.273663e+003,9.176604e+001
2.274145e+003,9.176357e+001
2.274627e+003,9.176537e+001
2.275109e+003,9.176306e+001
2.275591e+003,9.175123e+001
2.276073e+003,9.172881e+001
2.276555e+003,9.169913e+001
2.277038e+003,9.166834e+001
2.277520e+003,9.164289e+001
2.278002e+003,9.162751e+001
2.278484e+003,9.162435e+001
2.278966e+003,9.163286e+001
2.279448e+003,9.165060e+001
2.279930e+003,9.167432e+001
2.280412e+003,9.170065e+001
2.280895e+003,9.172640e+001
2.281376e+003,9.174850e+001
2.281859e+003,9.176411e+001
2.282341e+003,9.177114e+001
2.282823e+003,9.176871e+001
2.283305e+003,9.175784e+001
2.283787e+003,9.174117e+001
2.284269e+003,9.172261e+001
2.284751e+003,9.170620e+001
2.285233e+003,9.169501e+001
2.285716e+003,9.169054e+001
2.286198e+003,9.169289e+001
2.286680e+003,9.170131e+001
2.287162e+003,9.171493e+001
2.287644e+003,9.173314e+001
2.288126e+003,9.175566e+001
2.288608e+003,9.178168e+001
2.289090e+003,9.180950e+001
2.289573e+003,9.183604e+001
2.290055e+003,9.185754e+001
2.290537e+003,9.187047e+001
2.291019e+003,9.187309e+001
2.291501e+003,9.186655e+001
2.291983e+003,9.185506e+001
2.292465e+003,9.184499e+001
2.292947e+003,9.184332e+001
2.293429e+003,9.185554e+001
2.293912e+003,9.188426e+001
2.294394e+003,9.192839e+001
2.294876e+003,9.198347e+001
2.295358e+003,9.204294e+001
2.295840e+003,9.209983e+001
2.296322e+003,9.214822e+001
2.296804e+003,9.218443e+001
2.297286e+003,9.220737e+001
2.297769e+003,9.221864e+001
2.298251e+003,9.222161e+001
2.298733e+003,9.222066e+001
2.299215e+003,9.222018e+001
2.299697e+003,9.222355e+001
2.300179e+003,9.223254e+001
2.300661e+003,9.224713e+001
2.301143e+003,9.226560e+001
2.301625e+003,9.228535e+001
2.302108e+003,9.230406e+001
2.302590e+003,9.232024e+001
2.303072e+003,9.233399e+001
2.303554e+003,9.234698e+001
2.304036e+003,9.236196e+001
2.304518e+003,9.238161e+001
2.305000e+003,9.240792e+001
2.305482e+003,9.244122e+001
2.305965e+003,9.248042e+001
2.306447e+003,9.252322e+001
2.306929e+003,9.256703e+001
2.307411e+003,9.260985e+001
2.307893e+003,9.265074e+001
2.308375e+003,9.268983e+001
2.308857e+003,9.272775e+001
2.309339e+003,9.276492e+001
2.309822e+003,9.280090e+001
2.310303e+003,9.283430e+001
2.310786e+003,9.286317e+001
2.311268e+003,9.288586e+001
2.311750e+003,9.290168e+001
2.312232e+003,9.291113e+001
2.312714e+003,9.291597e+001
2.313196e+003,9.291849e+001
2.313678e+003,9.292072e+001
2.314160e+003,9.292377e+001
2.314643e+003,9.292759e+001
2.315125e+003,9.293105e+001
2.315607e+003,9.293260e+001
2.316089e+003,9.293103e+001
2.316571e+003,9.292567e+001
2.317053e+003,9.291678e+001
2.317535e+003,9.290550e+001
2.318017e+003,9.289344e+001
2.318500e+003,9.288239e+001
2.318982e+003,9.287402e+001
2.319464e+003,9.286976e+001
2.319946e+003,9.287023e+001
2.320428e+003,9.287520e+001
2.320910e+003,9.288357e+001
2.321392e+003,9.289326e+001
2.321874e+003,9.290146e+001
2.322356e+003,9.290492e+001
2.322839e+003,9.290102e+001
2.323321e+003,9.288839e+001
2.323803e+003,9.286765e+001
2.324285e+003,9.284135e+001
2.324767e+003,9.281344e+001
2.325249e+003,9.278809e+001
2.325731e+003,9.276850e+001
2.326213e+003,9.275656e+001
2.326696e+003,9.275291e+001
2.327178e+003,9.275676e+001
2.327660e+003,9.276620e+001
2.328142e+003,9.277762e+001
2.328624e+003,9.278593e+001
2.329106e+003,9.278547e+001
2.329588e+003,9.277177e+001
2.330070e+003,9.274376e+001
2.330552e+003,9.270477e+001
2.331035e+003,9.266233e+001
2.331517e+003,9.262604e+001
2.331999e+003,9.260454e+001
2.332481e+003,9.260251e+001
2.332963e+003,9.261866e+001
2.333445e+003,9.264648e+001
2.333927e+003,9.267767e+001
2.334409e+003,9.270542e+001
2.334892e+003,9.272665e+001
2.335374e+003,9.274065e+001
2.335856e+003,9.274629e+001
2.336338e+003,9.273966e+001
2.336820e+003,9.271314e+001
2.337302e+003,9.265868e+001
2.337784e+003,9.257316e+001
2.338266e+003,9.246304e+001
2.338749e+003,9.234427e+001
2.339230e+003,9.223874e+001
2.339713e+003,9.216782e+001
2.340195e+003,9.214531e+001
2.340677e+003,9.217110e+001
2.341159e+003,9.222947e+001
2.341641e+003,9.229668e+001
2.342123e+003,9.235528e+001
2.342605e+003,9.240385e+001
2.343087e+003,9.245512e+001
2.343570e+003,9.252552e+001
2.344052e+003,9.262702e+001
2.344534e+003,9.275827e+001
2.345016e+003,9.290187e+001
2.345498e+003,9.303082e+001
2.345980e+003,9.312335e+001
2.346462e+003,9.317269e+001
2.346944e+003,9.318683e+001
2.347427e+003,9.318008e+001
2.347909e+003,9.316512e+001
2.348391e+003,9.314969e+001
2.348873e+003,9.313689e+001
2.349355e+003,9.312734e+001
2.349837e+003,9.312237e+001
2.350319e+003,9.312607e+001
2.350801e+003,9.314581e+001
2.351283e+003,9.319003e+001
2.351766e+003,9.326432e+001
2.352248e+003,9.336595e+001
2.352730e+003,9.348075e+001
2.353212e+003,9.358443e+001
2.353694e+003,9.365179e+001
2.354176e+003,9.366858e+001
2.354658e+003,9.363762e+001
2.355140e+003,9.357527e+001
2.355623e+003,9.350060e+001
2.356105e+003,9.342255e+001
2.356587e+003,9.333279e+001
2.357069e+003,9.321635e+001
2.357551e+003,9.307627e+001
2.358033e+003,9.294637e+001
2.358515e+003,9.287601e+001
2.358997e+003,9.288992e+001
2.359479e+003,9.295490e+001
2.359962e+003,9.298929e+001
2.360444e+003,9.293469e+001
2.360926e+003,9.280582e+001
2.361408e+003,9.266550e+001
2.361890e+003,9.257089e+001
2.362372e+003,9.254777e+001
2.362854e+003,9.258765e+001
2.363336e+003,9.265392e+001
2.363819e+003,9.270594e+001
2.364301e+003,9.272034e+001
2.364783e+003,9.269627e+001
2.365265e+003,9.264294e+001
2.365747e+003,9.257175e+001
2.366229e+003,9.249116e+001
2.366711e+003,9.240540e+001
2.367193e+003,9.231495e+001
2.367676e+003,9.221825e+001
2.368157e+003,9.211568e+001
2.368640e+003,9.200989e+001
2.369122e+003,9.190577e+001
2.369604e+003,9.180862e+001
2.370086e+003,9.172334e+001
2.370568e+003,9.165319e+001
2.371050e+003,9.159900e+001
2.371532e+003,9.155880e+001
2.372014e+003,9.152823e+001
2.372497e+003,9.150211e+001
2.372979e+003,9.147596e+001
2.373461e+003,9.144732e+001
2.373943e+003,9.141662e+001
2.374425e+003,9.138670e+001
2.374907e+003,9.136195e+001
2.375389e+003,9.134676e+001
2.375872e+003,9.134444e+001
2.376354e+003,9.135677e+001
2.376836e+003,9.138368e+001
2.377318e+003,9.142418e+001
2.377800e+003,9.147692e+001
2.378282e+003,9.154039e+001
2.378764e+003,9.161316e+001
2.379246e+003,9.169371e+001
2.379729e+003,9.177995e+001
2.380210e+003,9.186929e+001
2.380693e+003,9.195893e+001
2.381175e+003,9.204590e+001
2.381657e+003,9.212756e+001
2.382139e+003,9.220187e+001
2.382621e+003,9.226746e+001
2.383103e+003,9.232386e+001
2.383585e+003,9.237125e+001
2.384067e+003,9.241046e+001
2.384550e+003,9.244295e+001
2.385032e+003,9.247062e+001
2.385514e+003,9.249586e+001
2.385996e+003,9.252110e+001
2.386478e+003,9.254884e+001
2.386960e+003,9.258103e+001
2.387442e+003,9.261870e+001
2.387924e+003,9.266155e+001
2.388406e+003,9.270795e+001
2.388889e+003,9.275504e+001
2.389371e+003,9.279933e+001
2.389853e+003,9.283740e+001
2.390335e+003,9.286675e+001
2.390817e+003,9.288656e+001
2.391299e+003,9.289777e+001
2.391781e+003,9.290299e+001
2.392263e+003,9.290565e+001
2.392746e+003,9.290912e+001
2.393228e+003,9.291585e+001
2.393710e+003,9.292694e+001
2.394192e+003,9.294208e+001
2.394674e+003,9.296017e+001
2.395156e+003,9.297976e+001
2.395638e+003,9.299987e+001
2.396120e+003,9.302010e+001
2.396603e+003,9.304033e+001
2.397085e+003,9.306037e+001
2.397567e+003,9.307935e+001
2.398049e+003,9.309559e+001
2.398531e+003,9.310713e+001
2.399013e+003,9.311247e+001
2.399495e+003,9.311157e+001
2.399977e+003,9.310616e+001
2.400459e+003,9.309914e+001
2.400942e+003,9.309583e+001
2.401424e+003,9.309980e+001
2.401906e+003,9.311218e+001
2.402388e+003,9.313105e+001
2.402870e+003,9.315189e+001
2.403352e+003,9.316885e+001
2.403834e+003,9.317656e+001
2.404316e+003,9.317159e+001
2.404799e+003,9.315313e+001
2.405281e+003,9.312313e+001
2.405763e+003,9.308549e+001
2.406245e+003,9.304512e+001
2.406727e+003,9.300668e+001
2.407209e+003,9.297384e+001
2.407691e+003,9.294849e+001
2.408173e+003,9.293078e+001
2.408656e+003,9.291916e+001
2.409137e+003,9.291103e+001
2.409620e+003,9.290340e+001
2.410102e+003,9.289397e+001
2.410584e+003,9.288157e+001
2.411066e+003,9.286664e+001
2.411548e+003,9.285076e+001
2.412030e+003,9.283612e+001
2.412512e+003,9.282438e+001
2.412994e+003,9.281602e+001
2.413477e+003,9.281029e+001
2.413959e+003,9.280556e+001
2.414441e+003,9.280023e+001
2.414923e+003,9.279336e+001
2.415405e+003,9.278523e+001
2.415887e+003,9.277695e+001
2.416369e+003,9.276983e+001
2.416851e+003,9.276447e+001
2.417333e+003,9.276045e+001
2.417816e+003,9.275659e+001
2.418298e+003,9.275141e+001
2.418780e+003,9.274427e+001
2.419262e+003,9.273565e+001
2.419744e+003,9.272726e+001
2.420226e+003,9.272096e+001
2.420708e+003,9.271786e+001
2.421190e+003,9.271756e+001
2.421673e+003,9.271797e+001
2.422155e+003,9.271614e+001
2.422637e+003,9.270943e+001
2.423119e+003,9.269678e+001
2.423601e+003,9.267943e+001
2.424083e+003,9.266071e+001
2.424565e+003,9.264513e+001
2.425047e+003,9.263691e+001
2.425530e+003,9.263886e+001
2.426012e+003,9.265143e+001
2.426494e+003,9.267255e+001
2.426976e+003,9.269836e+001
2.427458e+003,9.272399e+001
2.427940e+003,9.274485e+001
2.428422e+003,9.275747e+001
2.428904e+003,9.276049e+001
2.429386e+003,9.275519e+001
2.429869e+003,9.274498e+001
2.430351e+003,9.273501e+001
2.430833e+003,9.273074e+001
2.431315e+003,9.273633e+001
2.431797e+003,9.275334e+001
2.432279e+003,9.277994e+001
2.432761e+003,9.281141e+001
2.433243e+003,9.284154e+001
2.433726e+003,9.286430e+001
2.434208e+003,9.287590e+001
2.434690e+003,9.287544e+001
2.435172e+003,9.286477e+001
2.435654e+003,9.284683e+001
2.436136e+003,9.282403e+001
2.436618e+003,9.279699e+001
2.437100e+003,9.276440e+001
2.437583e+003,9.272400e+001
2.438064e+003,9.267460e+001
2.438547e+003,9.261745e+001
2.439029e+003,9.255705e+001
2.439511e+003,9.250022e+001
2.439993e+003,9.245417e+001
2.440475e+003,9.242389e+001
2.440957e+003,9.241051e+001
2.441439e+003,9.241054e+001
2.441921e+003,9.241700e+001
2.442404e+003,9.242171e+001
2.442886e+003,9.241798e+001
2.443368e+003,9.240239e+001
2.443850e+003,9.237547e+001
2.444332e+003,9.234087e+001
2.444814e+003,9.230355e+001
2.445296e+003,9.226759e+001
2.445778e+003,9.223471e+001
2.446260e+003,9.220370e+001
2.446743e+003,9.217102e+001
2.447225e+003,9.213219e+001
2.447707e+003,9.208346e+001
2.448189e+003,9.202310e+001
2.448671e+003,9.195226e+001
2.449153e+003,9.187455e+001
2.449635e+003,9.179536e+001
2.450117e+003,9.172060e+001
2.450600e+003,9.165532e+001
2.451082e+003,9.160272e+001
2.451564e+003,9.156377e+001
2.452046e+003,9.153723e+001
2.452528e+003,9.152028e+001
2.453010e+003,9.150924e+001
2.453492e+003,9.150052e+001
2.453974e+003,9.149129e+001
2.454457e+003,9.147991e+001
2.454939e+003,9.146608e+001
2.455421e+003,9.145055e+001
2.455903e+003,9.143494e+001
2.456385e+003,9.142156e+001
2.456867e+003,9.141290e+001
2.457349e+003,9.141135e+001
2.457831e+003,9.141877e+001
2.458313e+003,9.143609e+001
2.458796e+003,9.146281e+001
2.459278e+003,9.149690e+001
2.459760e+003,9.153497e+001
2.460242e+003,9.157298e+001
2.460724e+003,9.160709e+001
2.461206e+003,9.163482e+001
2.461688e+003,9.165577e+001
2.462170e+003,9.167177e+001
2.462653e+003,9.168655e+001
2.463135e+003,9.170447e+001
2.463617e+003,9.172951e+001
2.464099e+003,9.176395e+001
2.464581e+003,9.180780e+001
2.465063e+003,9.185878e+001
2.465545e+003,9.191288e+001
2.466027e+003,9.196542e+001
2.466510e+003,9.201223e+001
2.466992e+003,9.205054e+001
2.467474e+003,9.207945e+001
2.467956e+003,9.210001e+001
2.468438e+003,9.211449e+001
2.468920e+003,9.212577e+001
2.469402e+003,9.213633e+001
2.469884e+003,9.214767e+001
2.470366e+003,9.216025e+001
2.470849e+003,9.217349e+001
2.471331e+003,9.218654e+001
2.471813e+003,9.219886e+001
2.472295e+003,9.221043e+001
2.472777e+003,9.222174e+001
2.473259e+003,9.223336e+001
2.473741e+003,9.224531e+001
2.474223e+003,9.225678e+001
2.474706e+003,9.226603e+001
2.475188e+003,9.227106e+001
2.475670e+003,9.227058e+001
2.476152e+003,9.226467e+001
2.476634e+003,9.225526e+001
2.477116e+003,9.224580e+001
2.477598e+003,9.224038e+001
2.478080e+003,9.224242e+001
2.478563e+003,9.225378e+001
2.479044e+003,9.227428e+001
2.479527e+003,9.230198e+001
2.480009e+003,9.233392e+001
2.480491e+003,9.236721e+001
2.480973e+003,9.239977e+001
2.481455e+003,9.243066e+001
2.481937e+003,9.245993e+001
2.482419e+003,9.248804e+001
2.482901e+003,9.251550e+001
2.483384e+003,9.254244e+001
2.483866e+003,9.256850e+001
2.484348e+003,9.259294e+001
2.484830e+003,9.261487e+001
2.485312e+003,9.263347e+001
2.485794e+003,9.264814e+001
2.486276e+003,9.265892e+001
2.486758e+003,9.266654e+001
2.487240e+003,9.267294e+001
2.487723e+003,9.268078e+001
2.488205e+003,9.269327e+001
2.488687e+003,9.271308e+001
2.489169e+003,9.274162e+001
2.489651e+003,9.277822e+001
2.490133e+003,9.282002e+001
2.490615e+003,9.286264e+001
2.491097e+003,9.290144e+001
2.491580e+003,9.293289e+001
2.492062e+003,9.295564e+001
2.492544e+003,9.297070e+001
2.493026e+003,9.298080e+001
2.493508e+003,9.298933e+001
2.493990e+003,9.299899e+001
2.494472e+003,9.301105e+001
2.494954e+003,9.302527e+001
2.495437e+003,9.304045e+001
2.495919e+003,9.305516e+001
2.496401e+003,9.306831e+001
2.496883e+003,9.307947e+001
2.497365e+003,9.308866e+001
2.497847e+003,9.309607e+001
2.498329e+003,9.310191e+001
2.498811e+003,9.310644e+001
2.499293e+003,9.310992e+001
2.499776e+003,9.311289e+001
2.500258e+003,9.311588e+001
2.500740e+003,9.311912e+001
2.501222e+003,9.312217e+001
2.501704e+003,9.312396e+001
2.502186e+003,9.312318e+001
2.502668e+003,9.311916e+001
2.503150e+003,9.311258e+001
2.503633e+003,9.310570e+001
2.504115e+003,9.310195e+001
2.504597e+003,9.310458e+001
2.505079e+003,9.311508e+001
2.505561e+003,9.313214e+001
2.506043e+003,9.315181e+001
2.506525e+003,9.316852e+001
2.507007e+003,9.317719e+001
2.507490e+003,9.317518e+001
2.507971e+003,9.316337e+001
2.508454e+003,9.314587e+001
2.508936e+003,9.312849e+001
2.509418e+003,9.311648e+001
2.509900e+003,9.311272e+001
2.510382e+003,9.311697e+001
2.510864e+003,9.312633e+001
2.511346e+003,9.313654e+001
2.511828e+003,9.314374e+001
2.512311e+003,9.314558e+001
2.512793e+003,9.314137e+001
2.513275e+003,9.313173e+001
2.513757e+003,9.311770e+001
2.514239e+003,9.310022e+001
2.514721e+003,9.307995e+001
2.515203e+003,9.305772e+001
2.515685e+003,9.303484e+001
2.516167e+003,9.301339e+001
2.516650e+003,9.299560e+001
2.517132e+003,9.298331e+001
2.517614e+003,9.297726e+001
2.518096e+003,9.297673e+001
2.518578e+003,9.297980e+001
2.519060e+003,9.298421e+001
2.519542e+003,9.298815e+001
2.520024e+003,9.299059e+001
2.520507e+003,9.299140e+001
2.520989e+003,9.299057e+001
2.521471e+003,9.298778e+001
2.521953e+003,9.298215e+001
2.522435e+003,9.297263e+001
2.522917e+003,9.295869e+001
2.523399e+003,9.294123e+001
2.523881e+003,9.292282e+001
2.524364e+003,9.290723e+001
2.524846e+003,9.289811e+001
2.525328e+003,9.289773e+001
2.525810e+003,9.290589e+001
2.526292e+003,9.291981e+001
2.526774e+003,9.293503e+001
2.527256e+003,9.294704e+001
2.527738e+003,9.295290e+001
2.528220e+003,9.295229e+001
2.528703e+003,9.294746e+001
2.529185e+003,9.294244e+001
2.529667e+003,9.294144e+001
2.530149e+003,9.294736e+001
2.530631e+003,9.296083e+001
2.531113e+003,9.298016e+001
2.531595e+003,9.300209e+001
2.532077e+003,9.302285e+001
2.532560e+003,9.303944e+001
2.533042e+003,9.305032e+001
2.533524e+003,9.305573e+001
2.534006e+003,9.305706e+001
2.534488e+003,9.305614e+001
2.534970e+003,9.305429e+001
2.535452e+003,9.305170e+001
2.535934e+003,9.304732e+001
2.536417e+003,9.303926e+001
2.536898e+003,9.302582e+001
2.537381e+003,9.300629e+001
2.537863e+003,9.298174e+001
2.538345e+003,9.295490e+001
2.538827e+003,9.292965e+001
2.539309e+003,9.290990e+001
2.539791e+003,9.289841e+001
2.540273e+003,9.289615e+001
2.540755e+003,9.290215e+001
2.541238e+003,9.291444e+001
2.541720e+003,9.293078e+001
2.542202e+003,9.294975e+001
2.542684e+003,9.297105e+001
2.543166e+003,9.299498e+001
2.543648e+003,9.302155e+001
2.544130e+003,9.304945e+001
2.544612e+003,9.307578e+001
2.545094e+003,9.309661e+001
2.545577e+003,9.310814e+001
2.546059e+003,9.310839e+001
2.546541e+003,9.309817e+001
2.547023e+003,9.308119e+001
2.547505e+003,9.306290e+001
2.547987e+003,9.304873e+001
2.548469e+003,9.304226e+001
2.548951e+003,9.304424e+001
2.549434e+003,9.305244e+001
2.549916e+003,9.306271e+001
2.550398e+003,9.307069e+001
2.550880e+003,9.307304e+001
2.551362e+003,9.306841e+001
2.551844e+003,9.305708e+001
2.552326e+003,9.304053e+001
2.552808e+003,9.302065e+001
2.553291e+003,9.299901e+001
2.553773e+003,9.297703e+001
2.554255e+003,9.295623e+001
2.554737e+003,9.293845e+001
2.555219e+003,9.292572e+001
2.555701e+003,9.291982e+001
2.556183e+003,9.292151e+001
2.556665e+003,9.293011e+001
2.557147e+003,9.294324e+001
2.557630e+003,9.295771e+001
2.558112e+003,9.297038e+001
2.558594e+003,9.297948e+001
2.559076e+003,9.298514e+001
2.559558e+003,9.298914e+001
2.560040e+003,9.299429e+001
2.560522e+003,9.300304e+001
2.561004e+003,9.301625e+001
2.561487e+003,9.303291e+001
2.561969e+003,9.305013e+001
2.562451e+003,9.306432e+001
2.562933e+003,9.307221e+001
2.563415e+003,9.307185e+001
2.563897e+003,9.306316e+001
2.564379e+003,9.304779e+001
2.564861e+003,9.302831e+001
2.565344e+003,9.300768e+001
2.565825e+003,9.298825e+001
2.566308e+003,9.297152e+001
2.566790e+003,9.295811e+001
2.567272e+003,9.294793e+001
2.567754e+003,9.294045e+001
2.568236e+003,9.293486e+001
2.568718e+003,9.293013e+001
2.569200e+003,9.292501e+001
2.569682e+003,9.291811e+001
2.570165e+003,9.290801e+001
2.570647e+003,9.289367e+001
2.571129e+003,9.287477e+001
2.571611e+003,9.285206e+001
2.572093e+003,9.282750e+001
2.572575e+003,9.280351e+001
2.573057e+003,9.278263e+001
2.573539e+003,9.276637e+001
2.574021e+003,9.275486e+001
2.574504e+003,9.274664e+001
2.574986e+003,9.273926e+001
2.575468e+003,9.273021e+001
2.575950e+003,9.271822e+001
2.576432e+003,9.270397e+001
2.576914e+003,9.269024e+001
2.577396e+003,9.268124e+001
2.577878e+003,9.268110e+001
2.578361e+003,9.269249e+001
2.578843e+003,9.271535e+001
2.579325e+003,9.274670e+001
2.579807e+003,9.278133e+001
2.580289e+003,9.281317e+001
2.580771e+003,9.283699e+001
2.581253e+003,9.284970e+001
2.581735e+003,9.285098e+001
2.582218e+003,9.284274e+001
2.582700e+003,9.282830e+001
2.583182e+003,9.281123e+001
2.583664e+003,9.279415e+001
2.584146e+003,9.277849e+001
2.584628e+003,9.276460e+001
2.585110e+003,9.275208e+001
2.585592e+003,9.274040e+001
2.586074e+003,9.272930e+001
2.586557e+003,9.271888e+001
2.587039e+003,9.270961e+001
2.587521e+003,9.270225e+001
2.588003e+003,9.269770e+001
2.588485e+003,9.269699e+001
2.588967e+003,9.270110e+001
2.589449e+003,9.271066e+001
2.589931e+003,9.272582e+001
2.590414e+003,9.274575e+001
2.590896e+003,9.276845e+001
2.591378e+003,9.279119e+001
2.591860e+003,9.281059e+001
2.592342e+003,9.282380e+001
2.592824e+003,9.282879e+001
2.593306e+003,9.282523e+001
2.593788e+003,9.281416e+001
2.594271e+003,9.279778e+001
2.594752e+003,9.277863e+001
2.595235e+003,9.275909e+001
2.595717e+003,9.274056e+001
2.596199e+003,9.272353e+001
2.596681e+003,9.270771e+001
2.597163e+003,9.269244e+001
2.597645e+003,9.267719e+001
2.598127e+003,9.266178e+001
2.598609e+003,9.264656e+001
2.599092e+003,9.263226e+001
2.599574e+003,9.261954e+001
2.600056e+003,9.260873e+001
2.600538e+003,9.259972e+001
2.601020e+003,9.259171e+001
2.601502e+003,9.258363e+001
2.601984e+003,9.257440e+001
2.602466e+003,9.256346e+001
2.602948e+003,9.255101e+001
2.603431e+003,9.253813e+001
2.603913e+003,9.252643e+001
2.604395e+003,9.251768e+001
2.604877e+003,9.251290e+001
2.605359e+003,9.251202e+001
2.605841e+003,9.251350e+001
2.606323e+003,9.251473e+001
2.606805e+003,9.251254e+001
2.607288e+003,9.250410e+001
2.607770e+003,9.248769e+001
2.608252e+003,9.246326e+001
2.608734e+003,9.243225e+001
2.609216e+003,9.239738e+001
2.609698e+003,9.236192e+001
2.610180e+003,9.232898e+001
2.610662e+003,9.230112e+001
2.611145e+003,9.227999e+001
2.611627e+003,9.226617e+001
2.612109e+003,9.225941e+001
2.612591e+003,9.225866e+001
2.613073e+003,9.226231e+001
2.613555e+003,9.226833e+001
2.614037e+003,9.227477e+001
2.614519e+003,9.228005e+001
2.615001e+003,9.228321e+001
2.615484e+003,9.228412e+001
2.615966e+003,9.228329e+001
2.616448e+003,9.228152e+001
2.616930e+003,9.227930e+001
2.617412e+003,9.227654e+001
2.617894e+003,9.227259e+001
2.618376e+003,9.226653e+001
2.618858e+003,9.225772e+001
2.619341e+003,9.224634e+001
2.619823e+003,9.223357e+001
2.620305e+003,9.222134e+001
2.620787e+003,9.221152e+001
2.621269e+003,9.220522e+001
2.621751e+003,9.220221e+001
2.622233e+003,9.220088e+001
2.622715e+003,9.219874e+001
2.623198e+003,9.219348e+001
2.623679e+003,9.218375e+001
2.624162e+003,9.217000e+001
2.624644e+003,9.215420e+001
2.625126e+003,9.213937e+001
2.625608e+003,9.212855e+001
2.626090e+003,9.212405e+001
2.626572e+003,9.212659e+001
2.627054e+003,9.213550e+001
2.627536e+003,9.214884e+001
2.628019e+003,9.216421e+001
2.628501e+003,9.217914e+001
2.628983e+003,9.219167e+001
2.629465e+003,9.220045e+001
2.629947e+003,9.220481e+001
2.630429e+003,9.220448e+001
2.630911e+003,9.219969e+001
2.631393e+003,9.219098e+001
2.631875e+003,9.217914e+001
2.632358e+003,9.216508e+001
2.632840e+003,9.214970e+001
2.633322e+003,9.213370e+001
2.633804e+003,9.211756e+001
2.634286e+003,9.210164e+001
2.634768e+003,9.208618e+001
2.635250e+003,9.207167e+001
2.635732e+003,9.205879e+001
2.636215e+003,9.204836e+001
2.636697e+003,9.204105e+001
2.637179e+003,9.203719e+001
2.637661e+003,9.203642e+001
2.638143e+003,9.203765e+001
2.638625e+003,9.203936e+001
2.639107e+003,9.203992e+001
2.639589e+003,9.203818e+001
2.640072e+003,9.203375e+001
2.640554e+003,9.202721e+001
2.641036e+003,9.201997e+001
2.641518e+003,9.201379e+001
2.642000e+003,9.201040e+001
2.642482e+003,9.201088e+001
2.642964e+003,9.201547e+001
2.643446e+003,9.202354e+001
2.643928e+003,9.203368e+001
2.644411e+003,9.204418e+001
2.644893e+003,9.205347e+001
2.645375e+003,9.206031e+001
2.645857e+003,9.206424e+001
2.646339e+003,9.206540e+001
2.646821e+003,9.206441e+001
2.647303e+003,9.206219e+001
2.647785e+003,9.205959e+001
2.648268e+003,9.205733e+001
2.648750e+003,9.205589e+001
2.649232e+003,9.205560e+001
2.649714e+003,9.205682e+001
2.650196e+003,9.205988e+001
2.650678e+003,9.206512e+001
2.651160e+003,9.207266e+001
2.651642e+003,9.208220e+001
2.652125e+003,9.209292e+001
2.652606e+003,9.210351e+001
2.653089e+003,9.211260e+001
2.653571e+003,9.211905e+001
2.654053e+003,9.212252e+001
2.654535e+003,9.212360e+001
2.655017e+003,9.212387e+001
2.655499e+003,9.212539e+001
2.655981e+003,9.213015e+001
2.656463e+003,9.213950e+001
2.656946e+003,9.215372e+001
2.657428e+003,9.217207e+001
2.657910e+003,9.219292e+001
2.658392e+003,9.221444e+001
2.658874e+003,9.223505e+001
2.659356e+003,9.225384e+001
2.659838e+003,9.227070e+001
2.660320e+003,9.228622e+001
2.660802e+003,9.230147e+001
2.661285e+003,9.231739e+001
2.661767e+003,9.233482e+001
2.662249e+003,9.235397e+001
2.662731e+003,9.237469e+001
2.663213e+003,9.239635e+001
2.663695e+003,9.241809e+001
2.664177e+003,9.243912e+001
2.664659e+003,9.245888e+001
2.665142e+003,9.247710e+001
2.665624e+003,9.249406e+001
2.666106e+003,9.251019e+001
2.666588e+003,9.252618e+001
2.667070e+003,9.254247e+001
2.667552e+003,9.255918e+001
2.668034e+003,9.257593e+001
2.668516e+003,9.259196e+001
2.668999e+003,9.260629e+001
2.669481e+003,9.261809e+001
2.669963e+003,9.262697e+001
2.670445e+003,9.263302e+001
2.670927e+003,9.263679e+001
2.671409e+003,9.263898e+001
2.671891e+003,9.264026e+001
2.672373e+003,9.264090e+001
2.672855e+003,9.264089e+001
2.673338e+003,9.263985e+001
2.673820e+003,9.263729e+001
2.674302e+003,9.263277e+001
2.674784e+003,9.262614e+001
2.675266e+003,9.261743e+001
2.675748e+003,9.260670e+001
2.676230e+003,9.259408e+001
2.676712e+003,9.257971e+001
2.677195e+003,9.256383e+001
2.677677e+003,9.254697e+001
2.678159e+003,9.253013e+001
2.678641e+003,9.251466e+001
2.679123e+003,9.250212e+001
2.679605e+003,9.249399e+001
2.680087e+003,9.249124e+001
2.680569e+003,9.249413e+001
2.681052e+003,9.250201e+001
2.681533e+003,9.251364e+001
2.682016e+003,9.252748e+001
2.682498e+003,9.254212e+001
2.682980e+003,9.255645e+001
2.683462e+003,9.256982e+001
2.683944e+003,9.258201e+001
2.684426e+003,9.259283e+001
2.684908e+003,9.260193e+001
2.685390e+003,9.260882e+001
2.685873e+003,9.261282e+001
2.686355e+003,9.261331e+001
2.686837e+003,9.260999e+001
2.687319e+003,9.260298e+001
2.687801e+003,9.259301e+001
2.688283e+003,9.258112e+001
2.688765e+003,9.256849e+001
2.689247e+003,9.255614e+001
2.689729e+003,9.254487e+001
2.690212e+003,9.253497e+001
2.690694e+003,9.252650e+001
2.691176e+003,9.251924e+001
2.691658e+003,9.251291e+001
2.692140e+003,9.250713e+001
2.692622e+003,9.250153e+001
2.693104e+003,9.249577e+001
2.693586e+003,9.248950e+001
2.694069e+003,9.248250e+001
2.694551e+003,9.247468e+001
2.695033e+003,9.246616e+001
2.695515e+003,9.245732e+001
2.695997e+003,9.244852e+001
2.696479e+003,9.244011e+001
2.696961e+003,9.243208e+001
2.697443e+003,9.242420e+001
2.697926e+003,9.241599e+001
2.698408e+003,9.240697e+001
2.698890e+003,9.239689e+001
2.699372e+003,9.238586e+001
2.699854e+003,9.237441e+001
2.700336e+003,9.236335e+001
2.700818e+003,9.235327e+001
2.701300e+003,9.234455e+001
2.701782e+003,9.233701e+001
2.702265e+003,9.233012e+001
2.702747e+003,9.232314e+001
2.703229e+003,9.231550e+001
2.703711e+003,9.230703e+001
2.704193e+003,9.229784e+001
2.704675e+003,9.228820e+001
2.705157e+003,9.227843e+001
2.705639e+003,9.226846e+001
2.706122e+003,9.225795e+001
2.706604e+003,9.224632e+001
2.707086e+003,9.223318e+001
2.707568e+003,9.221850e+001
2.708050e+003,9.220273e+001
2.708532e+003,9.218681e+001
2.709014e+003,9.217174e+001
2.709496e+003,9.215836e+001
2.709979e+003,9.214701e+001
2.710461e+003,9.213747e+001
2.710943e+003,9.212923e+001
2.711425e+003,9.212164e+001
2.711907e+003,9.211408e+001
2.712389e+003,9.210628e+001
2.712871e+003,9.209821e+001
2.713353e+003,9.208990e+001
2.713835e+003,9.208141e+001
2.714318e+003,9.207275e+001
2.714800e+003,9.206402e+001
2.715282e+003,9.205536e+001
2.715764e+003,9.204703e+001
2.716246e+003,9.203926e+001
2.716728e+003,9.203224e+001
2.717210e+003,9.202569e+001
2.717692e+003,9.201902e+001
2.718175e+003,9.201138e+001
2.718656e+003,9.200196e+001
2.719139e+003,9.199036e+001
2.719621e+003,9.197670e+001
2.720103e+003,9.196177e+001
2.720585e+003,9.194661e+001
2.721067e+003,9.193223e+001
2.721549e+003,9.191923e+001
2.722031e+003,9.190775e+001
2.722513e+003,9.189763e+001
2.722996e+003,9.188857e+001
2.723478e+003,9.188057e+001
2.723960e+003,9.187386e+001
2.724442e+003,9.186897e+001
2.724924e+003,9.186629e+001
2.725406e+003,9.186581e+001
2.725888e+003,9.186710e+001
2.726370e+003,9.186939e+001
2.726853e+003,9.187192e+001
2.727335e+003,9.187428e+001
2.727817e+003,9.187663e+001
2.728299e+003,9.187969e+001
2.728781e+003,9.188413e+001
2.729263e+003,9.189030e+001
2.729745e+003,9.189787e+001
2.730227e+003,9.190578e+001
2.730709e+003,9.191255e+001
2.731192e+003,9.191673e+001
2.731674e+003,9.191750e+001
2.732156e+003,9.191471e+001
2.732638e+003,9.190890e+001
2.733120e+003,9.190086e+001
2.733602e+003,9.189133e+001
2.734084e+003,9.188074e+001
2.734566e+003,9.186923e+001
2.735049e+003,9.185688e+001
2.735531e+003,9.184406e+001
2.736013e+003,9.183151e+001
2.736495e+003,9.182024e+001
2.736977e+003,9.181120e+001
2.737459e+003,9.180482e+001
2.737941e+003,9.180076e+001
2.738423e+003,9.179784e+001
2.738906e+003,9.179446e+001
2.739388e+003,9.178911e+001
2.739870e+003,9.178084e+001
2.740352e+003,9.176967e+001
2.740834e+003,9.175653e+001
2.741316e+003,9.174300e+001
2.741798e+003,9.173086e+001
2.742280e+003,9.172152e+001
2.742762e+003,9.171567e+001
2.743245e+003,9.171321e+001
2.743727e+003,9.171319e+001
2.744209e+003,9.171415e+001
2.744691e+003,9.171437e+001
2.745173e+003,9.171225e+001
2.745655e+003,9.170664e+001
2.746137e+003,9.169711e+001
2.746619e+003,9.168419e+001
2.747102e+003,9.166920e+001
2.747583e+003,9.165421e+001
2.748066e+003,9.164149e+001
2.748548e+003,9.163312e+001
2.749030e+003,9.163053e+001
2.749512e+003,9.163418e+001
2.749994e+003,9.164341e+001
2.750476e+003,9.165678e+001
2.750958e+003,9.167228e+001
2.751440e+003,9.168780e+001
2.751923e+003,9.170162e+001
2.752405e+003,9.171249e+001
2.752887e+003,9.171986e+001
2.753369e+003,9.172388e+001
2.753851e+003,9.172512e+001
2.754333e+003,9.172438e+001
2.754815e+003,9.172250e+001
2.755297e+003,9.172007e+001
2.755780e+003,9.171719e+001
2.756262e+003,9.171361e+001
2.756744e+003,9.170879e+001
2.757226e+003,9.170234e+001
2.757708e+003,9.169417e+001
2.758190e+003,9.168484e+001
2.758672e+003,9.167543e+001
2.759154e+003,9.166731e+001
2.759636e+003,9.166166e+001
2.760119e+003,9.165902e+001
2.760601e+003,9.165887e+001
2.761083e+003,9.165994e+001
2.761565e+003,9.166051e+001
2.762047e+003,9.165920e+001
2.762529e+003,9.165552e+001
2.763011e+003,9.165008e+001
2.763493e+003,9.164452e+001
2.763976e+003,9.164090e+001
2.764458e+003,9.164075e+001
2.764940e+003,9.164468e+001
2.765422e+003,9.165186e+001
2.765904e+003,9.166037e+001
2.766386e+003,9.166779e+001
2.766868e+003,9.167192e+001
2.767350e+003,9.167133e+001
2.767833e+003,9.166563e+001
2.768315e+003,9.165534e+001
2.768797e+003,9.164159e+001
2.769279e+003,9.162557e+001
2.769761e+003,9.160835e+001
2.770243e+003,9.159097e+001
2.770725e+003,9.157433e+001
2.771207e+003,9.155960e+001
2.771689e+003,9.154823e+001
2.772172e+003,9.154174e+001
2.772654e+003,9.154134e+001
2.773136e+003,9.154762e+001
2.773618e+003,9.156011e+001
2.774100e+003,9.157731e+001
2.774582e+003,9.159704e+001
2.775064e+003,9.161680e+001
2.775546e+003,9.163437e+001
2.776029e+003,9.164826e+001
2.776510e+003,9.165801e+001
2.776993e+003,9.166393e+001
2.777475e+003,9.166695e+001
2.777957e+003,9.166827e+001
2.778439e+003,9.166896e+001
2.778921e+003,9.166975e+001
2.779403e+003,9.167104e+001
2.779885e+003,9.167299e+001
2.780367e+003,9.167561e+001
2.780850e+003,9.167891e+001
2.781332e+003,9.168279e+001
2.781814e+003,9.168698e+001
2.782296e+003,9.169105e+001
2.782778e+003,9.169422e+001
2.783260e+003,9.169550e+001
2.783742e+003,9.169389e+001
2.784224e+003,9.168855e+001
2.784707e+003,9.167907e+001
2.785189e+003,9.166574e+001
2.785671e+003,9.164931e+001
2.786153e+003,9.163113e+001
2.786635e+003,9.161263e+001
2.787117e+003,9.159517e+001
2.787599e+003,9.157982e+001
2.788081e+003,9.156708e+001
2.788563e+003,9.155692e+001
2.789046e+003,9.154888e+001
2.789528e+003,9.154234e+001
2.790010e+003,9.153654e+001
2.790492e+003,9.153091e+001
2.790974e+003,9.152511e+001
2.791456e+003,9.151932e+001
2.791938e+003,9.151398e+001
2.792420e+003,9.150966e+001
2.792903e+003,9.150703e+001
2.793385e+003,9.150623e+001
2.793867e+003,9.150694e+001
2.794349e+003,9.150838e+001
2.794831e+003,9.150938e+001
2.795313e+003,9.150885e+001
2.795795e+003,9.150626e+001
2.796277e+003,9.150177e+001
2.796760e+003,9.149641e+001
2.797242e+003,9.149168e+001
2.797724e+003,9.148920e+001
2.798206e+003,9.148999e+001
2.798688e+003,9.149416e+001
2.799170e+003,9.150080e+001
2.799652e+003,9.150839e+001
2.800134e+003,9.151502e+001
2.800616e+003,9.151931e+001
2.801099e+003,9.152042e+001
2.801581e+003,9.151841e+001
2.802063e+003,9.151403e+001
2.802545e+003,9.150826e+001
2.803027e+003,9.150211e+001
2.803509e+003,9.149633e+001
2.803991e+003,9.149133e+001
2.804473e+003,9.148713e+001
2.804956e+003,9.148348e+001
2.805438e+003,9.148001e+001
2.805920e+003,9.147602e+001
2.806402e+003,9.147073e+001
2.806884e+003,9.146339e+001
2.807366e+003,9.145346e+001
2.807848e+003,9.144088e+001
2.808330e+003,9.142633e+001
2.808813e+003,9.141112e+001
2.809294e+003,9.139694e+001
2.809777e+003,9.138548e+001
2.810259e+003,9.137786e+001
2.810741e+003,9.137441e+001
2.811223e+003,9.137466e+001
2.811705e+003,9.137743e+001
2.812187e+003,9.138140e+001
2.812669e+003,9.138541e+001
2.813151e+003,9.138873e+001
2.813634e+003,9.139102e+001
2.814116e+003,9.139233e+001
2.814598e+003,9.139271e+001
2.815080e+003,9.139218e+001
2.815562e+003,9.139063e+001
2.816044e+003,9.138795e+001
2.816526e+003,9.138420e+001
2.817008e+003,9.137948e+001
2.817490e+003,9.137408e+001
2.817973e+003,9.136813e+001
2.818455e+003,9.136166e+001
2.818937e+003,9.135453e+001
2.819419e+003,9.134631e+001
2.819901e+003,9.133674e+001
2.820383e+003,9.132574e+001
2.820865e+003,9.131343e+001
2.821347e+003,9.130025e+001
2.821830e+003,9.128667e+001
2.822312e+003,9.127316e+001
2.822794e+003,9.126000e+001
2.823276e+003,9.124737e+001
2.823758e+003,9.123526e+001
2.824240e+003,9.122368e+001
2.824722e+003,9.121269e+001
2.825204e+003,9.120232e+001
2.825687e+003,9.119268e+001
2.826169e+003,9.118396e+001
2.826651e+003,9.117645e+001
2.827133e+003,9.117065e+001
2.827615e+003,9.116716e+001
2.828097e+003,9.116665e+001
2.828579e+003,9.116943e+001
2.829061e+003,9.117536e+001
2.829543e+003,9.118354e+001
2.830026e+003,9.119238e+001
2.830508e+003,9.120001e+001
2.830990e+003,9.120477e+001
2.831472e+003,9.120564e+001
2.831954e+003,9.120267e+001
2.832436e+003,9.119679e+001
2.832918e+003,9.118938e+001
2.833400e+003,9.118177e+001
2.833883e+003,9.117478e+001
2.834365e+003,9.116856e+001
2.834847e+003,9.116279e+001
2.835329e+003,9.115719e+001
2.835811e+003,9.115186e+001
2.836293e+003,9.114759e+001
2.836775e+003,9.114551e+001
2.837257e+003,9.114678e+001
2.837740e+003,9.115201e+001
2.838221e+003,9.116093e+001
2.838704e+003,9.117241e+001
2.839186e+003,9.118475e+001
2.839668e+003,9.119634e+001
2.840150e+003,9.120605e+001
2.840632e+003,9.121352e+001
2.841114e+003,9.121907e+001
2.841596e+003,9.122324e+001
2.842078e+003,9.122656e+001
2.842561e+003,9.122899e+001
2.843043e+003,9.122993e+001
2.843525e+003,9.122850e+001
2.844007e+003,9.122378e+001
2.844489e+003,9.121519e+001
2.844971e+003,9.120279e+001
2.845453e+003,9.118736e+001
2.845935e+003,9.117037e+001
2.846417e+003,9.115368e+001
2.846900e+003,9.113924e+001
2.847382e+003,9.112860e+001
2.847864e+003,9.112259e+001
2.848346e+003,9.112097e+001
2.848828e+003,9.112237e+001
2.849310e+003,9.112463e+001
2.849792e+003,9.112532e+001
2.850274e+003,9.112244e+001
2.850757e+003,9.111507e+001
2.851239e+003,9.110371e+001
2.851721e+003,9.109010e+001
2.852203e+003,9.107664e+001
2.852685e+003,9.106564e+001
2.853167e+003,9.105849e+001
2.853649e+003,9.105536e+001
2.854131e+003,9.105518e+001
2.854614e+003,9.105620e+001
2.855096e+003,9.105662e+001
2.855578e+003,9.105521e+001
2.856060e+003,9.105147e+001
2.856542e+003,9.104569e+001
2.857024e+003,9.103860e+001
2.857506e+003,9.103096e+001
2.857988e+003,9.102343e+001
2.858470e+003,9.101638e+001
2.858953e+003,9.100996e+001
2.859435e+003,9.100430e+001
2.859917e+003,9.099934e+001
2.860399e+003,9.099483e+001
2.860881e+003,9.099036e+001
2.861363e+003,9.098531e+001
2.861845e+003,9.097909e+001
2.862327e+003,9.097144e+001
2.862810e+003,9.096265e+001
2.863292e+003,9.095362e+001
2.863774e+003,9.094568e+001
2.864256e+003,9.094014e+001
2.864738e+003,9.093779e+001
2.865220e+003,9.093874e+001
2.865702e+003,9.094231e+001
2.866184e+003,9.094727e+001
2.866667e+003,9.095217e+001
2.867148e+003,9.095572e+001
2.867631e+003,9.095667e+001
2.868113e+003,9.095386e+001
2.868595e+003,9.094607e+001
2.869077e+003,9.093207e+001
2.869559e+003,9.091081e+001
2.870041e+003,9.088204e+001
2.870523e+003,9.084666e+001
2.871005e+003,9.080695e+001
2.871488e+003,9.076644e+001
2.871970e+003,9.072918e+001
2.872452e+003,9.069883e+001
2.872934e+003,9.067786e+001
2.873416e+003,9.066705e+001
2.873898e+003,9.066540e+001
2.874380e+003,9.067064e+001
2.874862e+003,9.067991e+001
2.875344e+003,9.069045e+001
2.875827e+003,9.069997e+001
2.876309e+003,9.070694e+001
2.876791e+003,9.071062e+001
2.877273e+003,9.071088e+001
2.877755e+003,9.070815e+001
2.878237e+003,9.070329e+001
2.878719e+003,9.069737e+001
2.879201e+003,9.069151e+001
2.879684e+003,9.068647e+001
2.880166e+003,9.068244e+001
2.880648e+003,9.067896e+001
2.881130e+003,9.067493e+001
2.881612e+003,9.066904e+001
2.882094e+003,9.066019e+001
2.882576e+003,9.064780e+001
2.883058e+003,9.063194e+001
2.883541e+003,9.061315e+001
2.884023e+003,9.059216e+001
2.884505e+003,9.056953e+001
2.884987e+003,9.054562e+001
2.885469e+003,9.052048e+001
2.885951e+003,9.049429e+001
2.886433e+003,9.046736e+001
2.886915e+003,9.044029e+001
2.887397e+003,9.041368e+001
2.887880e+003,9.038791e+001
2.888362e+003,9.036300e+001
2.888844e+003,9.033843e+001
2.889326e+003,9.031341e+001
2.889808e+003,9.028716e+001
2.890290e+003,9.025913e+001
2.890772e+003,9.022905e+001
2.891254e+003,9.019683e+001
2.891737e+003,9.016232e+001
2.892219e+003,9.012531e+001
2.892701e+003,9.008561e+001
2.893183e+003,9.004350e+001
2.893665e+003,9.000008e+001
2.894147e+003,8.995747e+001
2.894629e+003,8.991846e+001
2.895111e+003,8.988570e+001
2.895594e+003,8.986082e+001
2.896075e+003,8.984370e+001
2.896558e+003,8.983230e+001
2.897040e+003,8.982316e+001
2.897522e+003,8.981253e+001
2.898004e+003,8.979748e+001
2.898486e+003,8.977663e+001
2.898968e+003,8.975031e+001
2.899450e+003,8.971998e+001
2.899932e+003,8.968734e+001
2.900415e+003,8.965360e+001
2.900897e+003,8.961918e+001
2.901379e+003,8.958405e+001
2.901861e+003,8.954852e+001
2.902343e+003,8.951372e+001
2.902825e+003,8.948180e+001
2.903307e+003,8.945531e+001
2.903789e+003,8.943629e+001
2.904271e+003,8.942513e+001
2.904754e+003,8.941990e+001
2.905236e+003,8.941653e+001
2.905718e+003,8.940965e+001
2.906200e+003,8.939404e+001
2.906682e+003,8.936581e+001
2.907164e+003,8.932330e+001
2.907646e+003,8.926709e+001
2.908128e+003,8.919934e+001
2.908611e+003,8.912299e+001
2.909093e+003,8.904077e+001
2.909575e+003,8.895480e+001
2.910057e+003,8.886654e+001
2.910539e+003,8.877708e+001
2.911021e+003,8.868768e+001
2.911503e+003,8.860007e+001
2.911985e+003,8.851641e+001
2.912468e+003,8.843903e+001
2.912950e+003,8.837022e+001
2.913432e+003,8.831157e+001
2.913914e+003,8.826390e+001
2.914396e+003,8.822710e+001
2.914878e+003,8.820036e+001
2.915360e+003,8.818253e+001
2.915842e+003,8.817227e+001
2.916324e+003,8.816856e+001
2.916807e+003,8.817069e+001
2.917289e+003,8.817831e+001
2.917771e+003,8.819127e+001
2.918253e+003,8.820939e+001
2.918735e+003,8.823221e+001
2.919217e+003,8.825903e+001
2.919699e+003,8.828901e+001
2.920181e+003,8.832135e+001
2.920664e+003,8.835561e+001
2.921146e+003,8.839188e+001
2.921628e+003,8.843076e+001
2.922110e+003,8.847291e+001
2.922592e+003,8.851886e+001
2.923074e+003,8.856859e+001
2.923556e+003,8.862132e+001
2.924038e+003,8.867564e+001
2.924521e+003,8.872969e+001
2.925002e+003,8.878149e+001
2.925485e+003,8.882919e+001
2.925967e+003,8.887125e+001
2.926449e+003,8.890644e+001
2.926931e+003,8.893413e+001
2.927413e+003,8.895446e+001
2.927895e+003,8.896867e+001
2.928377e+003,8.897920e+001
2.928859e+003,8.898957e+001
2.929342e+003,8.900380e+001
2.929824e+003,8.902542e+001
2.930306e+003,8.905638e+001
2.930788e+003,8.909646e+001
2.931270e+003,8.914305e+001
2.931752e+003,8.919182e+001
2.932234e+003,8.923804e+001
2.932716e+003,8.927800e+001
2.933198e+003,8.930998e+001
2.933681e+003,8.933504e+001
2.934163e+003,8.935512e+001
2.934645e+003,8.937321e+001
2.935127e+003,8.939190e+001
2.935609e+003,8.941250e+001
2.936091e+003,8.943465e+001
2.936573e+003,8.945693e+001
2.937055e+003,8.947747e+001
2.937538e+003,8.949464e+001
2.938020e+003,8.950755e+001
2.938502e+003,8.951598e+001
2.938984e+003,8.951990e+001
2.939466e+003,8.951930e+001
2.939948e+003,8.951402e+001
2.940430e+003,8.950385e+001
2.940912e+003,8.948907e+001
2.941395e+003,8.947083e+001
2.941877e+003,8.945113e+001
2.942359e+003,8.943259e+001
2.942841e+003,8.941779e+001
2.943323e+003,8.940881e+001
2.943805e+003,8.940674e+001
2.944287e+003,8.941161e+001
2.944769e+003,8.942280e+001
2.945251e+003,8.943932e+001
2.945734e+003,8.946016e+001
2.946216e+003,8.948442e+001
2.946698e+003,8.951097e+001
2.947180e+003,8.953827e+001
2.947662e+003,8.956415e+001
2.948144e+003,8.958604e+001
2.948626e+003,8.960133e+001
2.949108e+003,8.960799e+001
2.949591e+003,8.960521e+001
2.950073e+003,8.959374e+001
2.950555e+003,8.957571e+001
2.951037e+003,8.955415e+001
2.951519e+003,8.953233e+001
2.952001e+003,8.951312e+001
2.952483e+003,8.949845e+001
2.952965e+003,8.948914e+001
2.953448e+003,8.948494e+001
2.953929e+003,8.948489e+001
2.954412e+003,8.948761e+001
2.954894e+003,8.949159e+001
2.955376e+003,8.949532e+001
2.955858e+003,8.949750e+001
2.956340e+003,8.949701e+001
2.956822e+003,8.949293e+001
2.957304e+003,8.948453e+001
2.957786e+003,8.947142e+001
2.958269e+003,8.945364e+001
2.958751e+003,8.943175e+001
2.959233e+003,8.940681e+001
2.959715e+003,8.938039e+001
2.960197e+003,8.935407e+001
2.960679e+003,8.932925e+001
2.961161e+003,8.930676e+001
2.961643e+003,8.928671e+001
2.962125e+003,8.926846e+001
2.962608e+003,8.925120e+001
2.963090e+003,8.923408e+001
2.963572e+003,8.921693e+001
2.964054e+003,8.920023e+001
2.964536e+003,8.918510e+001
2.965018e+003,8.917273e+001
2.965500e+003,8.916390e+001
2.965982e+003,8.915842e+001
2.966465e+003,8.915506e+001
2.966947e+003,8.915167e+001
2.967429e+003,8.914588e+001
2.967911e+003,8.913544e+001
2.968393e+003,8.911887e+001
2.968875e+003,8.909565e+001
2.969357e+003,8.906625e+001
2.969839e+003,8.903185e+001
2.970322e+003,8.899418e+001
2.970804e+003,8.895525e+001
2.971286e+003,8.891737e+001
2.971768e+003,8.888277e+001
2.972250e+003,8.885355e+001
2.972732e+003,8.883108e+001
2.973214e+003,8.881565e+001
2.973696e+003,8.880622e+001
2.974178e+003,8.880045e+001
2.974661e+003,8.879507e+001
2.975143e+003,8.878682e+001
2.975625e+003,8.877302e+001
2.976107e+003,8.875239e+001
2.976589e+003,8.872527e+001
2.977071e+003,8.869344e+001
2.977553e+003,8.865944e+001
2.978035e+003,8.862587e+001
2.978518e+003,8.859489e+001
2.979000e+003,8.856773e+001
2.979482e+003,8.854477e+001
2.979964e+003,8.852570e+001
2.980446e+003,8.850986e+001
2.980928e+003,8.849632e+001
2.981410e+003,8.848405e+001
2.981892e+003,8.847186e+001
2.982375e+003,8.845844e+001
2.982856e+003,8.844238e+001
2.983339e+003,8.842229e+001
2.983821e+003,8.839701e+001
2.984303e+003,8.836565e+001
2.984785e+003,8.832769e+001
2.985267e+003,8.828296e+001
2.985749e+003,8.823161e+001
2.986231e+003,8.817397e+001
2.986713e+003,8.811053e+001
2.987196e+003,8.804207e+001
2.987678e+003,8.796947e+001
2.988160e+003,8.789375e+001
2.988642e+003,8.781609e+001
2.989124e+003,8.773759e+001
2.989606e+003,8.765942e+001
2.990088e+003,8.758261e+001
2.990570e+003,8.750829e+001
2.991052e+003,8.743753e+001
2.991535e+003,8.737137e+001
2.992017e+003,8.731052e+001
2.992499e+003,8.725529e+001
2.992981e+003,8.720528e+001
2.993463e+003,8.715939e+001
2.993945e+003,8.711597e+001
2.994427e+003,8.707315e+001
2.994909e+003,8.702930e+001
2.995392e+003,8.698326e+001
2.995874e+003,8.693466e+001
2.996356e+003,8.688390e+001
2.996838e+003,8.683191e+001
2.997320e+003,8.677997e+001
2.997802e+003,8.672933e+001
2.998284e+003,8.668114e+001
2.998766e+003,8.663609e+001
2.999249e+003,8.659448e+001
2.999731e+003,8.655609e+001
3.000213e+003,8.652029e+001
3.000695e+003,8.648620e+001
3.001177e+003,8.645310e+001
3.001659e+003,8.642065e+001
3.002141e+003,8.638923e+001
3.002623e+003,8.635996e+001
3.003105e+003,8.633443e+001
3.003588e+003,8.631416e+001
3.004070e+003,8.630019e+001
3.004552e+003,8.629256e+001
3.005034e+003,8.629030e+001
3.005516e+003,8.629190e+001
3.005998e+003,8.629581e+001
3.006480e+003,8.630098e+001
3.006962e+003,8.630727e+001
3.007445e+003,8.631514e+001
3.007927e+003,8.632546e+001
3.008409e+003,8.633860e+001
3.008891e+003,8.635435e+001
3.009373e+003,8.637177e+001
3.009855e+003,8.638962e+001
3.010337e+003,8.640705e+001
3.010819e+003,8.642408e+001
3.011302e+003,8.644168e+001
3.011783e+003,8.646146e+001
3.012266e+003,8.648495e+001
3.012748e+003,8.651289e+001
3.013230e+003,8.654479e+001
3.013712e+003,8.657918e+001
3.014194e+003,8.661404e+001
3.014676e+003,8.664767e+001
3.015158e+003,8.667936e+001
3.015640e+003,8.670969e+001
3.016123e+003,8.674018e+001
3.016605e+003,8.677283e+001
3.017087e+003,8.680933e+001
3.017569e+003,8.685042e+001
3.018051e+003,8.689580e+001
3.018533e+003,8.694416e+001
3.019015e+003,8.699354e+001
3.019497e+003,8.704185e+001
3.019979e+003,8.708717e+001
3.020462e+003,8.712794e+001
3.020944e+003,8.716318e+001
3.021426e+003,8.719241e+001
3.021908e+003,8.721593e+001
3.022390e+003,8.723448e+001
3.022872e+003,8.724928e+001
3.023354e+003,8.726165e+001
3.023836e+003,8.727248e+001
3.024319e+003,8.728194e+001
3.024801e+003,8.728937e+001
3.025283e+003,8.729327e+001
3.025765e+003,8.729189e+001
3.026247e+003,8.728386e+001
3.026729e+003,8.726868e+001
3.027211e+003,8.724719e+001
3.027693e+003,8.722124e+001
3.028176e+003,8.719334e+001
3.028658e+003,8.716582e+001
3.029140e+003,8.714034e+001
3.029622e+003,8.711748e+001
3.030104e+003,8.709680e+001
3.030586e+003,8.707712e+001
3.031068e+003,8.705700e+001
3.031550e+003,8.703516e+001
3.032032e+003,8.701070e+001
3.032515e+003,8.698309e+001
3.032997e+003,8.695203e+001
3.033479e+003,8.691737e+001
3.033961e+003,8.687901e+001
3.034443e+003,8.683696e+001
3.034925e+003,8.679146e+001
3.035407e+003,8.674294e+001
3.035889e+003,8.669189e+001
3.036372e+003,8.663859e+001
3.036854e+003,8.658284e+001
3.037336e+003,8.652383e+001
3.037818e+003,8.646021e+001
3.038300e+003,8.639041e+001
3.038782e+003,8.631340e+001
3.039264e+003,8.622924e+001
3.039746e+003,8.613943e+001
3.040229e+003,8.604707e+001
3.040711e+003,8.595634e+001
3.041193e+003,8.587194e+001
3.041675e+003,8.579800e+001
3.042157e+003,8.573750e+001
3.042639e+003,8.569172e+001
3.043121e+003,8.566017e+001
3.043603e+003,8.564113e+001
3.044085e+003,8.563198e+001
3.044568e+003,8.563004e+001
3.045050e+003,8.563287e+001
3.045532e+003,8.563844e+001
3.046014e+003,8.564500e+001
3.046496e+003,8.565092e+001
3.046978e+003,8.565448e+001
3.047460e+003,8.565408e+001
3.047942e+003,8.564841e+001
3.048425e+003,8.563688e+001
3.048906e+003,8.561999e+001
3.049389e+003,8.559912e+001
3.049871e+003,8.557637e+001
3.050353e+003,8.555393e+001
3.050835e+003,8.553356e+001
3.051317e+003,8.551626e+001
3.051799e+003,8.550227e+001
3.052281e+003,8.549141e+001
3.052763e+003,8.548332e+001
3.053246e+003,8.547787e+001
3.053728e+003,8.547508e+001
3.054210e+003,8.547491e+001
3.054692e+003,8.547699e+001
3.055174e+003,8.548026e+001
3.055656e+003,8.548319e+001
3.056138e+003,8.548403e+001
3.056620e+003,8.548152e+001
3.057103e+003,8.547516e+001
3.057585e+003,8.546543e+001
3.058067e+003,8.545354e+001
3.058549e+003,8.544065e+001
3.059031e+003,8.542727e+001
3.059513e+003,8.541294e+001
3.059995e+003,8.539630e+001
3.060477e+003,8.537574e+001
3.060959e+003,8.535012e+001
3.061442e+003,8.531952e+001
3.061924e+003,8.528537e+001
3.062406e+003,8.525024e+001
3.062888e+003,8.521710e+001
3.063370e+003,8.518848e+001
3.063852e+003,8.516586e+001
3.064334e+003,8.514958e+001
3.064816e+003,8.513907e+001
3.065299e+003,8.513340e+001
3.065781e+003,8.513168e+001
3.066263e+003,8.513329e+001
3.066745e+003,8.513763e+001
3.067227e+003,8.514378e+001
3.067709e+003,8.515027e+001
3.068191e+003,8.515512e+001
3.068673e+003,8.515631e+001
3.069156e+003,8.515226e+001
3.069638e+003,8.514262e+001
3.070120e+003,8.512842e+001
3.070602e+003,8.511194e+001
3.071084e+003,8.509603e+001
3.071566e+003,8.508334e+001
3.072048e+003,8.507572e+001
3.072530e+003,8.507402e+001
3.073012e+003,8.507809e+001
3.073495e+003,8.508739e+001
3.073977e+003,8.510138e+001
3.074459e+003,8.511977e+001
3.074941e+003,8.514241e+001
3.075423e+003,8.516898e+001
3.075905e+003,8.519863e+001
3.076387e+003,8.522991e+001
3.076869e+003,8.526092e+001
3.077352e+003,8.528982e+001
3.077833e+003,8.531544e+001
3.078316e+003,8.533768e+001
3.078798e+003,8.535738e+001
3.079280e+003,8.537595e+001
3.079762e+003,8.539474e+001
3.080244e+003,8.541430e+001
3.080726e+003,8.543404e+001
3.081208e+003,8.545244e+001
3.081690e+003,8.546733e+001
3.082173e+003,8.547666e+001
3.082655e+003,8.547903e+001
3.083137e+003,8.547386e+001
3.083619e+003,8.546157e+001
3.084101e+003,8.544287e+001
3.084583e+003,8.541869e+001
3.085065e+003,8.538985e+001
3.085547e+003,8.535702e+001
3.086030e+003,8.532095e+001
3.086512e+003,8.528277e+001
3.086994e+003,8.524417e+001
3.087476e+003,8.520735e+001
3.087958e+003,8.517470e+001
3.088440e+003,8.514839e+001
3.088922e+003,8.512990e+001
3.089404e+003,8.511980e+001
3.089886e+003,8.511763e+001
3.090369e+003,8.512217e+001
3.090851e+003,8.513161e+001
3.091333e+003,8.514403e+001
3.091815e+003,8.515746e+001
3.092297e+003,8.517014e+001
3.092779e+003,8.518043e+001
3.093261e+003,8.518700e+001
3.093743e+003,8.518874e+001
3.094226e+003,8.518501e+001
3.094708e+003,8.517569e+001
3.095190e+003,8.516134e+001
3.095672e+003,8.514317e+001
3.096154e+003,8.512277e+001
3.096636e+003,8.510180e+001
3.097118e+003,8.508155e+001
3.097600e+003,8.506265e+001
3.098083e+003,8.504490e+001
3.098565e+003,8.502733e+001
3.099047e+003,8.500866e+001
3.099529e+003,8.498761e+001
3.100011e+003,8.496335e+001
3.100493e+003,8.493578e+001
3.100975e+003,8.490561e+001
3.101457e+003,8.487422e+001
3.101939e+003,8.484330e+001
3.102422e+003,8.481453e+001
3.102904e+003,8.478918e+001
3.103386e+003,8.476801e+001
3.103868e+003,8.475101e+001
3.104350e+003,8.473757e+001
3.104832e+003,8.472643e+001
3.105314e+003,8.471576e+001
3.105796e+003,8.470338e+001
3.106279e+003,8.468716e+001
3.106760e+003,8.466537e+001
3.107243e+003,8.463709e+001
3.107725e+003,8.460268e+001
3.108207e+003,8.456371e+001
3.108689e+003,8.452292e+001
3.109171e+003,8.448335e+001
3.109653e+003,8.444765e+001
3.110135e+003,8.441727e+001
3.110617e+003,8.439204e+001
3.111100e+003,8.437024e+001
3.111582e+003,8.434918e+001
3.112064e+003,8.432613e+001
3.112546e+003,8.429905e+001
3.113028e+003,8.426740e+001
3.113510e+003,8.423183e+001
3.113992e+003,8.419392e+001
3.114474e+003,8.415537e+001
3.114957e+003,8.411733e+001
3.115439e+003,8.408006e+001
3.115921e+003,8.404310e+001
3.116403e+003,8.400568e+001
3.116885e+003,8.396741e+001
3.117367e+003,8.392847e+001
3.117849e+003,8.388980e+001
3.118331e+003,8.385258e+001
3.118813e+003,8.381799e+001
3.119296e+003,8.378671e+001
3.119778e+003,8.375890e+001
3.120260e+003,8.373454e+001
3.120742e+003,8.371347e+001
3.121224e+003,8.369582e+001
3.121706e+003,8.368190e+001
3.122188e+003,8.367184e+001
3.122670e+003,8.366517e+001
3.123153e+003,8.366058e+001
3.123635e+003,8.365598e+001
3.124117e+003,8.364894e+001
3.124599e+003,8.363750e+001
3.125081e+003,8.362070e+001
3.125563e+003,8.359883e+001
3.126045e+003,8.357336e+001
3.126527e+003,8.354614e+001
3.127010e+003,8.351875e+001
3.127492e+003,8.349198e+001
3.127974e+003,8.346555e+001
3.128456e+003,8.343856e+001
3.128938e+003,8.341005e+001
3.129420e+003,8.337971e+001
3.129902e+003,8.334805e+001
3.130384e+003,8.331651e+001
3.130866e+003,8.328692e+001
3.131349e+003,8.326102e+001
3.131831e+003,8.323990e+001
3.132313e+003,8.322359e+001
3.132795e+003,8.321103e+001
3.133277e+003,8.320033e+001
3.133759e+003,8.318906e+001
3.134241e+003,8.317466e+001
3.134723e+003,8.315483e+001
3.135206e+003,8.312820e+001
3.135688e+003,8.309443e+001
3.136170e+003,8.305476e+001
3.136652e+003,8.301177e+001
3.137134e+003,8.296913e+001
3.137616e+003,8.293059e+001
3.138098e+003,8.289919e+001
3.138580e+003,8.287618e+001
3.139063e+003,8.286050e+001
3.139544e+003,8.284892e+001
3.140027e+003,8.283690e+001
3.140509e+003,8.281954e+001
3.140991e+003,8.279313e+001
3.141473e+003,8.275576e+001
3.141955e+003,8.270786e+001
3.142437e+003,8.265176e+001
3.142919e+003,8.259108e+001
3.143401e+003,8.252969e+001
3.143884e+003,8.247080e+001
3.144366e+003,8.241666e+001
3.144848e+003,8.236829e+001
3.145330e+003,8.232562e+001
3.145812e+003,8.228777e+001
3.146294e+003,8.225355e+001
3.146776e+003,8.222173e+001
3.147258e+003,8.219135e+001
3.147740e+003,8.216193e+001
3.148223e+003,8.213349e+001
3.148705e+003,8.210629e+001
3.149187e+003,8.208063e+001
3.149669e+003,8.205630e+001
3.150151e+003,8.203248e+001
3.150633e+003,8.200758e+001
3.151115e+003,8.197963e+001
3.151597e+003,8.194682e+001
3.152080e+003,8.190812e+001
3.152562e+003,8.186367e+001
3.153044e+003,8.181473e+001
3.153526e+003,8.176325e+001
3.154008e+003,8.171126e+001
3.154490e+003,8.166023e+001
3.154972e+003,8.161069e+001
3.155454e+003,8.156246e+001
3.155937e+003,8.151505e+001
3.156419e+003,8.146819e+001
3.156901e+003,8.142224e+001
3.157383e+003,8.137825e+001
3.157865e+003,8.133739e+001
3.158347e+003,8.130039e+001
3.158829e+003,8.126704e+001
3.159311e+003,8.123586e+001
3.159793e+003,8.120461e+001
3.160276e+003,8.117075e+001
3.160758e+003,8.113223e+001
3.161240e+003,8.108816e+001
3.161722e+003,8.103901e+001
3.162204e+003,8.098648e+001
3.162686e+003,8.093291e+001
3.163168e+003,8.088086e+001
3.163650e+003,8.083238e+001
3.164133e+003,8.078878e+001
3.164615e+003,8.075045e+001
3.165097e+003,8.071688e+001
3.165579e+003,8.068683e+001
3.166061e+003,8.065861e+001
3.166543e+003,8.063038e+001
3.167025e+003,8.060051e+001
3.167507e+003,8.056779e+001
3.167990e+003,8.053173e+001
3.168471e+003,8.049244e+001
3.168954e+003,8.045053e+001
3.169436e+003,8.040691e+001
3.169918e+003,8.036241e+001
3.170400e+003,8.031750e+001
3.170882e+003,8.027242e+001
3.171364e+003,8.022703e+001
3.171846e+003,8.018105e+001
3.172328e+003,8.013413e+001
3.172811e+003,8.008591e+001
3.173293e+003,8.003612e+001
3.173775e+003,7.998470e+001
3.174257e+003,7.993195e+001
3.174739e+003,7.987879e+001
3.175221e+003,7.982687e+001
3.175703e+003,7.977850e+001
3.176185e+003,7.973625e+001
3.176667e+003,7.970231e+001
3.177150e+003,7.967767e+001
3.177632e+003,7.966149e+001
3.178114e+003,7.965089e+001
3.178596e+003,7.964135e+001
3.179078e+003,7.962761e+001
3.179560e+003,7.960484e+001
3.180042e+003,7.956982e+001
3.180524e+003,7.952161e+001
3.181007e+003,7.946181e+001
3.181489e+003,7.939411e+001
3.181971e+003,7.932338e+001
3.182453e+003,7.925462e+001
3.182935e+003,7.919183e+001
3.183417e+003,7.913718e+001
3.183899e+003,7.909065e+001
3.184381e+003,7.905016e+001
3.184864e+003,7.901225e+001
3.185346e+003,7.897303e+001
3.185828e+003,7.892944e+001
3.186310e+003,7.888002e+001
3.186792e+003,7.882542e+001
3.187274e+003,7.876796e+001
3.187756e+003,7.871090e+001
3.188238e+003,7.865718e+001
3.188720e+003,7.860834e+001
3.189203e+003,7.856397e+001
3.189685e+003,7.852187e+001
3.190167e+003,7.847886e+001
3.190649e+003,7.843193e+001
3.191131e+003,7.837930e+001
3.191613e+003,7.832101e+001
3.192095e+003,7.825858e+001
3.192577e+003,7.819450e+001
3.193060e+003,7.813126e+001
3.193542e+003,7.807057e+001
3.194024e+003,7.801324e+001
3.194506e+003,7.795941e+001
3.194988e+003,7.790903e+001
3.195470e+003,7.786229e+001
3.195952e+003,7.781969e+001
3.196434e+003,7.778172e+001
3.196917e+003,7.774840e+001
3.197398e+003,7.771889e+001
3.197881e+003,7.769136e+001
3.198363e+003,7.766341e+001
3.198845e+003,7.763275e+001
3.199327e+003,7.759769e+001
3.199809e+003,7.755754e+001
3.200291e+003,7.751254e+001
3.200773e+003,7.746342e+001
3.201255e+003,7.741094e+001
3.201738e+003,7.735567e+001
3.202220e+003,7.729794e+001
3.202702e+003,7.723799e+001
3.203184e+003,7.717644e+001
3.203666e+003,7.711436e+001
3.204148e+003,7.705314e+001
3.204630e+003,7.699426e+001
3.205112e+003,7.693879e+001
3.205594e+003,7.688735e+001
3.206077e+003,7.683987e+001
3.206559e+003,7.679584e+001
3.207041e+003,7.675450e+001
3.207523e+003,7.671507e+001
3.208005e+003,7.667664e+001
3.208487e+003,7.663817e+001
3.208969e+003,7.659851e+001
3.209451e+003,7.655639e+001
3.209934e+003,7.651085e+001
3.210416e+003,7.646154e+001
3.210898e+003,7.640891e+001
3.211380e+003,7.635418e+001
3.211862e+003,7.629887e+001
3.212344e+003,7.624431e+001
3.212826e+003,7.619106e+001
3.213308e+003,7.613863e+001
3.213791e+003,7.608571e+001
3.214273e+003,7.603067e+001
3.214755e+003,7.597230e+001
3.215237e+003,7.591040e+001
3.215719e+003,7.584608e+001
3.216201e+003,7.578150e+001
3.216683e+003,7.571935e+001
3.217165e+003,7.566228e+001
3.217647e+003,7.561210e+001
3.218130e+003,7.556940e+001
3.218612e+003,7.553342e+001
3.219094e+003,7.550200e+001
3.219576e+003,7.547204e+001
3.220058e+003,7.544001e+001
3.220540e+003,7.540266e+001
3.221022e+003,7.535770e+001
3.221504e+003,7.530450e+001
3.221987e+003,7.524426e+001
3.222469e+003,7.518001e+001
3.222951e+003,7.511589e+001
3.223433e+003,7.505634e+001
3.223915e+003,7.500502e+001
3.224397e+003,7.496393e+001
3.224879e+003,7.493304e+001
3.225361e+003,7.491029e+001
3.225844e+003,7.489221e+001
3.226325e+003,7.487457e+001
3.226808e+003,7.485327e+001
3.227290e+003,7.482498e+001
3.227772e+003,7.478754e+001
3.228254e+003,7.474010e+001
3.228736e+003,7.468316e+001
3.229218e+003,7.461852e+001
3.229700e+003,7.454918e+001
3.230182e+003,7.447888e+001
3.230665e+003,7.441164e+001
3.231147e+003,7.435088e+001
3.231629e+003,7.429890e+001
3.232111e+003,7.425622e+001
3.232593e+003,7.422153e+001
3.233075e+003,7.419217e+001
3.233557e+003,7.416479e+001
3.234039e+003,7.413632e+001
3.234521e+003,7.410461e+001
3.235004e+003,7.406885e+001
3.235486e+003,7.402928e+001
3.235968e+003,7.398698e+001
3.236450e+003,7.394316e+001
3.236932e+003,7.389882e+001
3.237414e+003,7.385454e+001
3.237896e+003,7.381065e+001
3.238378e+003,7.376723e+001
3.238861e+003,7.372438e+001
3.239343e+003,7.368218e+001
3.239825e+003,7.364055e+001
3.240307e+003,7.359924e+001
3.240789e+003,7.355771e+001
3.241271e+003,7.351542e+001
3.241753e+003,7.347209e+001
3.242235e+003,7.342799e+001
3.242718e+003,7.338411e+001
3.243200e+003,7.334207e+001
3.243682e+003,7.330369e+001
3.244164e+003,7.327047e+001
3.244646e+003,7.324306e+001
3.245128e+003,7.322091e+001
3.245610e+003,7.320232e+001
3.246092e+003,7.318480e+001
3.246574e+003,7.316574e+001
3.247057e+003,7.314288e+001
3.247539e+003,7.311495e+001
3.248021e+003,7.308174e+001
3.248503e+003,7.304414e+001
3.248985e+003,7.300379e+001
3.249467e+003,7.296259e+001
3.249949e+003,7.292230e+001
3.250431e+003,7.288430e+001
3.250914e+003,7.284921e+001
3.251396e+003,7.281710e+001
3.251878e+003,7.278751e+001
3.252360e+003,7.275967e+001
3.252842e+003,7.273273e+001
3.253324e+003,7.270589e+001
3.253806e+003,7.267870e+001
3.254288e+003,7.265108e+001
3.254771e+003,7.262342e+001
3.255252e+003,7.259639e+001
3.255735e+003,7.257079e+001
3.256217e+003,7.254710e+001
3.256699e+003,7.252532e+001
3.257181e+003,7.250471e+001
3.257663e+003,7.248392e+001
3.258145e+003,7.246143e+001
3.258627e+003,7.243615e+001
3.259109e+003,7.240790e+001
3.259592e+003,7.237787e+001
3.260074e+003,7.234826e+001
3.260556e+003,7.232182e+001
3.261038e+003,7.230090e+001
3.261520e+003,7.228648e+001
3.262002e+003,7.227800e+001
3.262484e+003,7.227319e+001
3.262966e+003,7.226900e+001
3.263448e+003,7.226231e+001
3.263931e+003,7.225089e+001
3.264413e+003,7.223370e+001
3.264895e+003,7.221091e+001
3.265377e+003,7.218325e+001
3.265859e+003,7.215147e+001
3.266341e+003,7.211600e+001
3.266823e+003,7.207689e+001
3.267305e+003,7.203442e+001
3.267788e+003,7.198940e+001
3.268270e+003,7.194363e+001
3.268752e+003,7.189966e+001
3.269234e+003,7.186016e+001
3.269716e+003,7.182728e+001
3.270198e+003,7.180187e+001
3.270680e+003,7.178330e+001
3.271162e+003,7.176978e+001
3.271645e+003,7.175883e+001
3.272127e+003,7.174809e+001
3.272609e+003,7.173579e+001
3.273091e+003,7.172079e+001
3.273573e+003,7.170249e+001
3.274055e+003,7.168058e+001
3.274537e+003,7.165491e+001
3.275019e+003,7.162545e+001
3.275501e+003,7.159276e+001
3.275984e+003,7.155804e+001
3.276466e+003,7.152322e+001
3.276948e+003,7.149064e+001
3.277430e+003,7.146244e+001
3.277912e+003,7.144016e+001
3.278394e+003,7.142417e+001
3.278876e+003,7.141365e+001
3.279358e+003,7.140695e+001
3.279841e+003,7.140197e+001
3.280323e+003,7.139662e+001
3.280805e+003,7.138908e+001
3.281287e+003,7.137791e+001
3.281769e+003,7.136221e+001
3.282251e+003,7.134160e+001
3.282733e+003,7.131635e+001
3.283215e+003,7.128758e+001
3.283698e+003,7.125723e+001
3.284179e+003,7.122771e+001
3.284662e+003,7.120150e+001
3.285144e+003,7.118041e+001
3.285626e+003,7.116524e+001
3.286108e+003,7.115558e+001
3.286590e+003,7.115005e+001
3.287072e+003,7.114694e+001
3.287554e+003,7.114466e+001
3.288036e+003,7.114218e+001
3.288519e+003,7.113911e+001
3.289001e+003,7.113529e+001
3.289483e+003,7.113064e+001
3.289965e+003,7.112469e+001
3.290447e+003,7.111676e+001
3.290929e+003,7.110632e+001
3.291411e+003,7.109319e+001
3.291893e+003,7.107783e+001
3.292375e+003,7.106129e+001
3.292858e+003,7.104463e+001
3.293340e+003,7.102863e+001
3.293822e+003,7.101321e+001
3.294304e+003,7.099772e+001
3.294786e+003,7.098113e+001
3.295268e+003,7.096280e+001
3.295750e+003,7.094290e+001
3.296232e+003,7.092262e+001
3.296715e+003,7.090379e+001
3.297197e+003,7.088817e+001
3.297679e+003,7.087685e+001
3.298161e+003,7.086961e+001
3.298643e+003,7.086507e+001
3.299125e+003,7.086112e+001
3.299607e+003,7.085569e+001
3.300089e+003,7.084746e+001
3.300572e+003,7.083631e+001
3.301054e+003,7.082327e+001
3.301536e+003,7.080997e+001
3.302018e+003,7.079807e+001
3.302500e+003,7.078850e+001
3.302982e+003,7.078123e+001
3.303464e+003,7.077525e+001
3.303946e+003,7.076897e+001
3.304428e+003,7.076066e+001
3.304911e+003,7.074911e+001
3.305393e+003,7.073382e+001
3.305875e+003,7.071510e+001
3.306357e+003,7.069382e+001
3.306839e+003,7.067107e+001
3.307321e+003,7.064780e+001
3.307803e+003,7.062465e+001
3.308285e+003,7.060178e+001
3.308768e+003,7.057912e+001
3.309250e+003,7.055648e+001
3.309732e+003,7.053384e+001
3.310214e+003,7.051141e+001
3.310696e+003,7.048966e+001
3.311178e+003,7.046927e+001
3.311660e+003,7.045101e+001
3.312142e+003,7.043562e+001
3.312625e+003,7.042374e+001
3.313106e+003,7.041582e+001
3.313589e+003,7.041197e+001
3.314071e+003,7.041180e+001
3.314553e+003,7.041434e+001
3.315035e+003,7.041783e+001
3.315517e+003,7.042015e+001
3.315999e+003,7.041912e+001
3.316481e+003,7.041313e+001
3.316963e+003,7.040159e+001
3.317446e+003,7.038525e+001
3.317928e+003,7.036582e+001
3.318410e+003,7.034550e+001
3.318892e+003,7.032603e+001
3.319374e+003,7.030811e+001
3.319856e+003,7.029120e+001
3.320338e+003,7.027388e+001
3.320820e+003,7.025462e+001
3.321302e+003,7.023241e+001
3.321785e+003,7.020734e+001
3.322267e+003,7.018039e+001
3.322749e+003,7.015285e+001
3.323231e+003,7.012545e+001
3.323713e+003,7.009799e+001
3.324195e+003,7.006933e+001
3.324677e+003,7.003798e+001
3.325159e+003,7.000311e+001
3.325642e+003,6.996519e+001
3.326124e+003,6.992617e+001
3.326606e+003,6.988893e+001
3.327088e+003,6.985619e+001
3.327570e+003,6.982952e+001
3.328052e+003,6.980869e+001
3.328534e+003,6.979181e+001
3.329016e+003,6.977606e+001
3.329499e+003,6.975870e+001
3.329981e+003,6.973788e+001
3.330463e+003,6.971294e+001
3.330945e+003,6.968412e+001
3.331427e+003,6.965208e+001
3.331909e+003,6.961757e+001
3.332391e+003,6.958110e+001
3.332873e+003,6.954338e+001
3.333355e+003,6.950549e+001
3.333838e+003,6.946909e+001
3.334320e+003,6.943604e+001
3.334802e+003,6.940774e+001
3.335284e+003,6.938444e+001
3.335766e+003,6.936488e+001
3.336248e+003,6.934658e+001
3.336730e+003,6.932669e+001
3.337212e+003,6.930309e+001
3.337695e+003,6.927522e+001
3.338177e+003,6.924416e+001
3.338659e+003,6.921204e+001
3.339141e+003,6.918105e+001
3.339623e+003,6.915240e+001
3.340105e+003,6.912590e+001
3.340587e+003,6.910024e+001
3.341069e+003,6.907373e+001
3.341552e+003,6.904528e+001
3.342033e+003,6.901492e+001
3.342516e+003,6.898392e+001
3.342998e+003,6.895409e+001
3.343480e+003,6.892717e+001
3.343962e+003,6.890408e+001
3.344444e+003,6.888478e+001
3.344926e+003,6.886840e+001
3.345408e+003,6.885368e+001
3.345890e+003,6.883920e+001
3.346373e+003,6.882352e+001
3.346855e+003,6.880503e+001
3.347337e+003,6.878194e+001
3.347819e+003,6.875237e+001
3.348301e+003,6.871494e+001
3.348783e+003,6.866942e+001
3.349265e+003,6.861726e+001
3.349747e+003,6.856169e+001
3.350229e+003,6.850698e+001
3.350712e+003,6.845741e+001
3.351194e+003,6.841619e+001
3.351676e+003,6.838458e+001
3.352158e+003,6.836176e+001
3.352640e+003,6.834544e+001
3.353122e+003,6.833281e+001
3.353604e+003,6.832148e+001
3.354086e+003,6.830992e+001
3.354569e+003,6.829751e+001
3.355051e+003,6.828397e+001
3.355533e+003,6.826880e+001
3.356015e+003,6.825108e+001
3.356497e+003,6.822943e+001
3.356979e+003,6.820253e+001
3.357461e+003,6.816975e+001
3.357943e+003,6.813139e+001
3.358426e+003,6.808884e+001
3.358908e+003,6.804414e+001
3.359390e+003,6.799956e+001
3.359872e+003,6.795686e+001
3.360354e+003,6.791710e+001
3.360836e+003,6.788054e+001
3.361318e+003,6.784668e+001
3.361800e+003,6.781461e+001
3.362282e+003,6.778336e+001
3.362765e+003,6.775216e+001
3.363247e+003,6.772070e+001
3.363729e+003,6.768922e+001
3.364211e+003,6.765844e+001
3.364693e+003,6.762939e+001
3.365175e+003,6.760304e+001
3.365657e+003,6.757993e+001
3.366139e+003,6.755993e+001
3.366622e+003,6.754224e+001
3.367104e+003,6.752558e+001
3.367586e+003,6.750874e+001
3.368068e+003,6.749092e+001
3.368550e+003,6.747212e+001
3.369032e+003,6.745286e+001
3.369514e+003,6.743389e+001
3.369996e+003,6.741583e+001
3.370479e+003,6.739867e+001
3.370961e+003,6.738190e+001
3.371443e+003,6.736471e+001
3.371925e+003,6.734652e+001
3.372407e+003,6.732732e+001
3.372889e+003,6.730768e+001
3.373371e+003,6.728856e+001
3.373853e+003,6.727078e+001
3.374335e+003,6.725468e+001
3.374818e+003,6.723991e+001
3.375300e+003,6.722552e+001
3.375782e+003,6.721049e+001
3.376264e+003,6.719402e+001
3.376746e+003,6.717573e+001
3.377228e+003,6.715569e+001
3.377710e+003,6.713415e+001
3.378192e+003,6.711123e+001
3.378675e+003,6.708686e+001
3.379156e+003,6.706082e+001
3.379639e+003,6.703297e+001
3.380121e+003,6.700346e+001
3.380603e+003,6.697289e+001
3.381085e+003,6.694215e+001
3.381567e+003,6.691222e+001
3.382049e+003,6.688412e+001
3.382531e+003,6.685879e+001
3.383013e+003,6.683717e+001
3.383496e+003,6.682033e+001
3.383978e+003,6.680927e+001
3.384460e+003,6.680466e+001
3.384942e+003,6.680638e+001
3.385424e+003,6.681314e+001
3.385906e+003,6.682243e+001
3.386388e+003,6.683110e+001
3.386870e+003,6.683605e+001
3.387353e+003,6.683518e+001
3.387835e+003,6.682802e+001
3.388317e+003,6.681572e+001
3.388799e+003,6.680070e+001
3.389281e+003,6.678568e+001
3.389763e+003,6.677303e+001
3.390245e+003,6.676420e+001
3.390727e+003,6.675968e+001
3.391209e+003,6.675928e+001
3.391692e+003,6.676252e+001
3.392174e+003,6.676877e+001
3.392656e+003,6.677727e+001
3.393138e+003,6.678697e+001
3.393620e+003,6.679637e+001
3.394102e+003,6.680364e+001
3.394584e+003,6.680716e+001
3.395066e+003,6.680588e+001
3.395549e+003,6.679993e+001
3.396031e+003,6.679063e+001
3.396513e+003,6.678013e+001
3.396995e+003,6.677068e+001
3.397477e+003,6.676403e+001
3.397959e+003,6.676099e+001
3.398441e+003,6.676141e+001
3.398923e+003,6.676468e+001
3.399406e+003,6.677033e+001
3.399888e+003,6.677820e+001
3.400370e+003,6.678857e+001
3.400852e+003,6.680187e+001
3.401334e+003,6.681822e+001
3.401816e+003,6.683714e+001
3.402298e+003,6.685751e+001
3.402780e+003,6.687783e+001
3.403262e+003,6.689651e+001
3.403745e+003,6.691222e+001
3.404227e+003,6.692425e+001
3.404709e+003,6.693241e+001
3.405191e+003,6.693717e+001
3.405673e+003,6.693958e+001
3.406155e+003,6.694130e+001
3.406637e+003,6.694450e+001
3.407119e+003,6.695146e+001
3.407602e+003,6.696407e+001
3.408083e+003,6.698311e+001
3.408566e+003,6.700795e+001
3.409048e+003,6.703642e+001
3.409530e+003,6.706541e+001
3.410012e+003,6.709188e+001
3.410494e+003,6.711486e+001
3.410976e+003,6.713314e+001
3.411458e+003,6.714836e+001
3.411940e+003,6.716349e+001
3.412423e+003,6.718156e+001
3.412905e+003,6.720438e+001
3.413387e+003,6.723174e+001
3.413869e+003,6.726148e+001
3.414351e+003,6.729036e+001
3.414833e+003,6.731520e+001
3.415315e+003,6.733405e+001
3.415797e+003,6.734650e+001
3.416280e+003,6.735358e+001
3.416762e+003,6.735714e+001
3.417244e+003,6.735901e+001
3.417726e+003,6.736076e+001
3.418208e+003,6.736359e+001
3.418690e+003,6.736866e+001
3.419172e+003,6.737724e+001
3.419654e+003,6.739050e+001
3.420136e+003,6.740899e+001
3.420619e+003,6.743230e+001
3.421101e+003,6.745879e+001
3.421583e+003,6.748598e+001
3.422065e+003,6.751140e+001
3.422547e+003,6.753362e+001
3.423029e+003,6.755280e+001
3.423511e+003,6.757059e+001
3.423993e+003,6.758953e+001
3.424476e+003,6.761192e+001
3.424958e+003,6.763904e+001
3.425440e+003,6.767072e+001
3.425922e+003,6.770582e+001
3.426404e+003,6.774273e+001
3.426886e+003,6.778031e+001
3.427368e+003,6.781815e+001
3.427850e+003,6.785637e+001
3.428333e+003,6.789517e+001
3.428815e+003,6.793413e+001
3.429297e+003,6.797202e+001
3.429779e+003,6.800714e+001
3.430261e+003,6.803792e+001
3.430743e+003,6.806364e+001
3.431225e+003,6.808484e+001
3.431707e+003,6.810323e+001
3.432189e+003,6.812110e+001
3.432672e+003,6.814068e+001
3.433154e+003,6.816362e+001
3.433636e+003,6.819065e+001
3.434118e+003,6.822196e+001
3.434600e+003,6.825739e+001
3.435082e+003,6.829669e+001
3.435564e+003,6.833961e+001
3.436046e+003,6.838568e+001
3.436529e+003,6.843413e+001
3.437010e+003,6.848381e+001
3.437493e+003,6.853348e+001
3.437975e+003,6.858214e+001
3.438457e+003,6.862923e+001
3.438939e+003,6.867478e+001
3.439421e+003,6.871900e+001
3.439903e+003,6.876195e+001
3.440385e+003,6.880324e+001
3.440867e+003,6.884190e+001
3.441350e+003,6.887661e+001
3.441832e+003,6.890625e+001
3.442314e+003,6.893018e+001
3.442796e+003,6.894855e+001
3.443278e+003,6.896205e+001
3.443760e+003,6.897169e+001
3.444242e+003,6.897852e+001
3.444724e+003,6.898370e+001
3.445207e+003,6.898857e+001
3.445689e+003,6.899503e+001
3.446171e+003,6.900550e+001
3.446653e+003,6.902241e+001
3.447135e+003,6.904752e+001
3.447617e+003,6.908118e+001
3.448099e+003,6.912194e+001
3.448581e+003,6.916697e+001
3.449063e+003,6.921281e+001
3.449546e+003,6.925661e+001
3.450028e+003,6.929690e+001
3.450510e+003,6.933407e+001
3.450992e+003,6.937006e+001
3.451474e+003,6.940762e+001
3.451956e+003,6.944928e+001
3.452438e+003,6.949660e+001
3.452920e+003,6.954969e+001
3.453403e+003,6.960750e+001
3.453885e+003,6.966812e+001
3.454367e+003,6.972952e+001
3.454849e+003,6.978985e+001
3.455331e+003,6.984772e+001
3.455813e+003,6.990212e+001
3.456295e+003,6.995222e+001
3.456777e+003,6.999742e+001
3.457260e+003,7.003724e+001
3.457742e+003,7.007164e+001
3.458224e+003,7.010110e+001
3.458706e+003,7.012665e+001
3.459188e+003,7.014991e+001
3.459670e+003,7.017281e+001
3.460152e+003,7.019717e+001
3.460634e+003,7.022455e+001
3.461116e+003,7.025581e+001
3.461599e+003,7.029111e+001
3.462081e+003,7.032976e+001
3.462563e+003,7.037055e+001
3.463045e+003,7.041201e+001
3.463527e+003,7.045285e+001
3.464009e+003,7.049224e+001
3.464491e+003,7.053003e+001
3.464973e+003,7.056671e+001
3.465456e+003,7.060298e+001
3.465938e+003,7.063958e+001
3.466420e+003,7.067682e+001
3.466902e+003,7.071478e+001
3.467384e+003,7.075330e+001
3.467866e+003,7.079259e+001
3.468348e+003,7.083338e+001
3.468830e+003,7.087698e+001
3.469313e+003,7.092487e+001
3.469794e+003,7.097809e+001
3.470277e+003,7.103665e+001
3.470759e+003,7.109936e+001
3.471241e+003,7.116399e+001
3.471723e+003,7.122808e+001
3.472205e+003,7.128976e+001
3.472687e+003,7.134840e+001
3.473169e+003,7.140452e+001
3.473651e+003,7.145937e+001
3.474134e+003,7.151389e+001
3.474616e+003,7.156786e+001
3.475098e+003,7.161964e+001
3.475580e+003,7.166650e+001
3.476062e+003,7.170561e+001
3.476544e+003,7.173521e+001
3.477026e+003,7.175541e+001
3.477508e+003,7.176842e+001
3.477990e+003,7.177811e+001
3.478473e+003,7.178913e+001
3.478955e+003,7.180580e+001
3.479437e+003,7.183138e+001
3.479919e+003,7.186751e+001
3.480401e+003,7.191422e+001
3.480883e+003,7.197035e+001
3.481365e+003,7.203384e+001
3.481847e+003,7.210226e+001
3.482330e+003,7.217311e+001
3.482812e+003,7.224409e+001
3.483294e+003,7.231319e+001
3.483776e+003,7.237878e+001
3.484258e+003,7.243945e+001
3.484740e+003,7.249393e+001
3.485222e+003,7.254118e+001
3.485704e+003,7.258037e+001
3.486187e+003,7.261128e+001
3.486669e+003,7.263478e+001
3.487151e+003,7.265324e+001
3.487633e+003,7.267060e+001
3.488115e+003,7.269193e+001
3.488597e+003,7.272246e+001
3.489079e+003,7.276637e+001
3.489561e+003,7.282571e+001
3.490043e+003,7.289989e+001
3.490526e+003,7.298561e+001
3.491008e+003,7.307778e+001
3.491490e+003,7.317066e+001
3.491972e+003,7.325915e+001
3.492454e+003,7.333961e+001
3.492936e+003,7.341036e+001
3.493418e+003,7.347163e+001
3.493900e+003,7.352510e+001
3.494383e+003,7.357333e+001
3.494865e+003,7.361935e+001
3.495347e+003,7.366611e+001
3.495829e+003,7.371603e+001
3.496311e+003,7.377065e+001
3.496793e+003,7.383016e+001
3.497275e+003,7.389339e+001
3.497757e+003,7.395783e+001
3.498240e+003,7.402035e+001
3.498721e+003,7.407806e+001
3.499204e+003,7.412920e+001
3.499686e+003,7.417379e+001
3.500168e+003,7.421365e+001
3.500650e+003,7.425189e+001
3.501132e+003,7.429187e+001
3.501614e+003,7.433636e+001
3.502096e+003,7.438662e+001
3.502578e+003,7.444250e+001
3.503061e+003,7.450272e+001
3.503543e+003,7.456557e+001
3.504025e+003,7.462957e+001
3.504507e+003,7.469354e+001
3.504989e+003,7.475659e+001
3.505471e+003,7.481783e+001
3.505953e+003,7.487620e+001
3.506435e+003,7.493066e+001
3.506917e+003,7.498064e+001
3.507400e+003,7.502636e+001
3.507882e+003,7.506924e+001
3.508364e+003,7.511178e+001
3.508846e+003,7.515699e+001
3.509328e+003,7.520776e+001
3.509810e+003,7.526623e+001
3.510292e+003,7.533339e+001
3.510774e+003,7.540916e+001
3.511257e+003,7.549285e+001
3.511739e+003,7.558311e+001
3.512221e+003,7.567840e+001
3.512703e+003,7.577662e+001
3.513185e+003,7.587526e+001
3.513667e+003,7.597155e+001
3.514149e+003,7.606282e+001
3.514631e+003,7.614717e+001
3.515114e+003,7.622395e+001
3.515596e+003,7.629396e+001
3.516078e+003,7.635944e+001
3.516560e+003,7.642329e+001
3.517042e+003,7.648849e+001
3.517524e+003,7.655733e+001
3.518006e+003,7.663080e+001
3.518488e+003,7.670840e+001
3.518970e+003,7.678831e+001
3.519453e+003,7.686764e+001
3.519935e+003,7.694286e+001
3.520417e+003,7.701051e+001
3.520899e+003,7.706776e+001
3.521381e+003,7.711322e+001
3.521863e+003,7.714752e+001
3.522345e+003,7.717344e+001
3.522827e+003,7.719563e+001
3.523310e+003,7.721962e+001
3.523792e+003,7.725040e+001
3.524274e+003,7.729135e+001
3.524756e+003,7.734361e+001
3.525238e+003,7.740627e+001
3.525720e+003,7.747708e+001
3.526202e+003,7.755327e+001
3.526684e+003,7.763224e+001
3.527167e+003,7.771169e+001
3.527648e+003,7.778953e+001
3.528131e+003,7.786361e+001
3.528613e+003,7.793155e+001
3.529095e+003,7.799096e+001
3.529577e+003,7.804019e+001
3.530059e+003,7.807887e+001
3.530541e+003,7.810859e+001
3.531023e+003,7.813292e+001
3.531505e+003,7.815701e+001
3.531988e+003,7.818668e+001
3.532470e+003,7.822760e+001
3.532952e+003,7.828432e+001
3.533434e+003,7.835990e+001
3.533916e+003,7.845550e+001
3.534398e+003,7.857043e+001
3.534880e+003,7.870190e+001
3.535362e+003,7.884528e+001
3.535844e+003,7.899458e+001
3.536327e+003,7.914344e+001
3.536809e+003,7.928643e+001
3.537291e+003,7.942010e+001
3.537773e+003,7.954332e+001
3.538255e+003,7.965691e+001
3.538737e+003,7.976239e+001
3.539219e+003,7.986070e+001
3.539701e+003,7.995095e+001
3.540184e+003,8.003027e+001
3.540666e+003,8.009438e+001
3.541148e+003,8.013904e+001
3.541630e+003,8.016201e+001
3.542112e+003,8.016457e+001
3.542594e+003,8.015225e+001
3.543076e+003,8.013432e+001
3.543558e+003,8.012215e+001
3.544041e+003,8.012680e+001
3.544523e+003,8.015673e+001
3.545005e+003,8.021624e+001
3.545487e+003,8.030502e+001
3.545969e+003,8.041875e+001
3.546451e+003,8.055029e+001
3.546933e+003,8.069083e+001
3.547415e+003,8.083101e+001
3.547897e+003,8.096152e+001
3.548380e+003,8.107385e+001
3.548862e+003,8.116094e+001
3.549344e+003,8.121813e+001
3.549826e+003,8.124420e+001
3.550308e+003,8.124249e+001
3.550790e+003,8.122146e+001
3.551272e+003,8.119400e+001
3.551754e+003,8.117541e+001
3.552237e+003,8.118010e+001
3.552719e+003,8.121844e+001
3.553201e+003,8.129494e+001
3.553683e+003,8.140822e+001
3.554165e+003,8.155233e+001
3.554647e+003,8.171881e+001
3.555129e+003,8.189823e+001
3.555611e+003,8.208150e+001
3.556094e+003,8.226064e+001
3.556575e+003,8.242925e+001
3.557058e+003,8.258265e+001
3.557540e+003,8.271775e+001
3.558022e+003,8.283292e+001
3.558504e+003,8.292728e+001
3.558986e+003,8.300049e+001
3.559468e+003,8.305247e+001
3.559950e+003,8.308334e+001
3.560432e+003,8.309364e+001
3.560915e+003,8.308443e+001
3.561397e+003,8.305756e+001
3.561879e+003,8.301535e+001
3.562361e+003,8.296061e+001
3.562843e+003,8.289623e+001
3.563325e+003,8.282513e+001
3.563807e+003,8.275060e+001
3.564289e+003,8.267712e+001
3.564771e+003,8.261169e+001
3.565254e+003,8.256458e+001
3.565736e+003,8.254894e+001
3.566218e+003,8.257804e+001
3.566700e+003,8.266023e+001
3.567182e+003,8.279472e+001
3.567664e+003,8.296996e+001
3.568146e+003,8.316637e+001
3.568628e+003,8.336145e+001
3.569111e+003,8.353441e+001
3.569593e+003,8.366903e+001
3.570075e+003,8.375468e+001
3.570557e+003,8.378679e+001
3.571039e+003,8.376751e+001
3.571521e+003,8.370619e+001
3.572003e+003,8.361903e+001
3.572485e+003,8.352742e+001
3.572968e+003,8.345482e+001
3.573450e+003,8.342290e+001
3.573932e+003,8.344808e+001
3.574414e+003,8.353923e+001
3.574896e+003,8.369696e+001
3.575378e+003,8.391431e+001
3.575860e+003,8.417820e+001
3.576342e+003,8.447147e+001
3.576824e+003,8.477465e+001
3.577307e+003,8.506760e+001
3.577789e+003,8.533105e+001
3.578271e+003,8.554857e+001
3.578753e+003,8.570844e+001
3.579235e+003,8.580550e+001
3.579717e+003,8.584211e+001
3.580199e+003,8.582758e+001
3.580681e+003,8.577621e+001
3.581164e+003,8.570441e+001
3.581646e+003,8.562773e+001
3.582128e+003,8.555869e+001
3.582610e+003,8.550551e+001
3.583092e+003,8.547204e+001
3.583574e+003,8.545861e+001
3.584056e+003,8.546354e+001
3.584538e+003,8.548460e+001
3.585021e+003,8.552032e+001
3.585502e+003,8.557054e+001
3.585985e+003,8.563596e+001
3.586467e+003,8.571667e+001
3.586949e+003,8.581109e+001
3.587431e+003,8.591518e+001
3.587913e+003,8.602280e+001
3.588395e+003,8.612667e+001
3.588877e+003,8.621910e+001
3.589359e+003,8.629230e+001
3.589842e+003,8.633875e+001
3.590324e+003,8.635149e+001
3.590806e+003,8.632513e+001
3.591288e+003,8.625776e+001
3.591770e+003,8.615321e+001
3.592252e+003,8.602280e+001
3.592734e+003,8.588514e+001
3.593216e+003,8.576311e+001
3.593698e+003,8.567863e+001
3.594181e+003,8.564693e+001
3.594663e+003,8.567334e+001
3.595145e+003,8.575348e+001
3.595627e+003,8.587645e+001
3.596109e+003,8.602941e+001
3.596591e+003,8.620130e+001
3.597073e+003,8.638474e+001
3.597555e+003,8.657561e+001
3.598038e+003,8.677155e+001
3.598520e+003,8.696977e+001
3.599002e+003,8.716548e+001
3.599484e+003,8.735144e+001
3.599966e+003,8.751904e+001
3.600448e+003,8.766000e+001
3.600930e+003,8.776833e+001
3.601412e+003,8.784119e+001
3.601895e+003,8.787888e+001
3.602377e+003,8.788403e+001
3.602859e+003,8.786129e+001
3.603341e+003,8.781718e+001
3.603823e+003,8.776043e+001
3.604305e+003,8.770194e+001
3.604787e+003,8.765401e+001
3.605269e+003,8.762859e+001
3.605751e+003,8.763529e+001
3.606234e+003,8.767908e+001
3.606716e+003,8.775931e+001
3.607198e+003,8.786985e+001
3.607680e+003,8.800134e+001
3.608162e+003,8.814420e+001
3.608644e+003,8.829108e+001
3.609126e+003,8.843730e+001
3.609608e+003,8.857887e+001
3.610091e+003,8.870909e+001
3.610573e+003,8.881590e+001
3.611055e+003,8.888113e+001
3.611537e+003,8.888307e+001
3.612019e+003,8.880273e+001
3.612501e+003,8.863241e+001
3.612983e+003,8.838247e+001
3.613465e+003,8.808173e+001
3.613948e+003,8.777006e+001
3.614429e+003,8.748752e+001
3.614912e+003,8.726638e+001
3.615394e+003,8.712850e+001
3.615876e+003,8.708691e+001
3.616358e+003,8.714803e+001
3.616840e+003,8.731230e+001
3.617322e+003,8.757204e+001
3.617804e+003,8.790776e+001
3.618286e+003,8.828602e+001
3.618769e+003,8.866317e+001
3.619251e+003,8.899667e+001
3.619733e+003,8.925764e+001
3.620215e+003,8.943707e+001
3.620697e+003,8.954155e+001
3.621179e+003,8.958411e+001
3.621661e+003,8.957601e+001
3.622143e+003,8.952333e+001
3.622625e+003,8.942780e+001
3.623108e+003,8.929057e+001
3.623590e+003,8.911597e+001
3.624072e+003,8.891409e+001
3.624554e+003,8.870049e+001
3.625036e+003,8.849335e+001
3.625518e+003,8.831010e+001
3.626000e+003,8.816571e+001
3.626482e+003,8.807375e+001
3.626965e+003,8.804961e+001
3.627447e+003,8.811108e+001
3.627929e+003,8.827235e+001
3.628411e+003,8.853120e+001
3.628893e+003,8.886050e+001
3.629375e+003,8.921338e+001
3.629857e+003,8.953840e+001
3.630339e+003,8.979308e+001
3.630822e+003,8.994959e+001
3.631304e+003,8.999382e+001
3.631786e+003,8.992313e+001
3.632268e+003,8.974725e+001
3.632750e+003,8.949037e+001
3.633232e+003,8.919112e+001
3.633714e+003,8.889667e+001
3.634196e+003,8.865145e+001
3.634678e+003,8.848724e+001
3.635161e+003,8.841946e+001
3.635643e+003,8.845052e+001
3.636125e+003,8.857657e+001
3.636607e+003,8.879285e+001
3.637089e+003,8.909515e+001
3.637571e+003,8.947714e+001
3.638053e+003,8.992536e+001
3.638535e+003,9.041477e+001
3.639018e+003,9.090726e+001
3.639500e+003,9.135515e+001
3.639982e+003,9.170950e+001
3.640464e+003,9.193150e+001
3.640946e+003,9.200350e+001
3.641428e+003,9.193536e+001
3.641910e+003,9.176200e+001
3.642392e+003,9.153274e+001
3.642875e+003,9.129673e+001
3.643356e+003,9.109091e+001
3.643839e+003,9.093437e+001
3.644321e+003,9.082926e+001
3.644803e+003,9.076550e+001
3.645285e+003,9.072756e+001
3.645767e+003,9.070131e+001
3.646249e+003,9.067958e+001
3.646731e+003,9.066458e+001
3.647213e+003,9.066588e+001
3.647696e+003,9.069344e+001
3.648178e+003,9.074905e+001
3.648660e+003,9.082136e+001
3.649142e+003,9.088857e+001
3.649624e+003,9.092728e+001
3.650106e+003,9.092207e+001
3.650588e+003,9.086959e+001
3.651070e+003,9.077464e+001
3.651552e+003,9.064302e+001
3.652035e+003,9.047647e+001
3.652517e+003,9.027191e+001
3.652999e+003,9.002453e+001
3.653481e+003,8.973363e+001
3.653963e+003,8.941055e+001
3.654445e+003,8.908592e+001
3.654927e+003,8.881082e+001
3.655409e+003,8.864678e+001
3.655892e+003,8.864487e+001
3.656374e+003,8.882515e+001
3.656856e+003,8.916963e+001
3.657338e+003,8.963155e+001
3.657820e+003,9.015270e+001
3.658302e+003,9.067784e+001
3.658784e+003,9.116271e+001
3.659266e+003,9.157661e+001
3.659749e+003,9.190346e+001
3.660231e+003,9.214126e+001
3.660713e+003,9.230034e+001
3.661195e+003,9.239871e+001
3.661677e+003,9.245638e+001
3.662159e+003,9.248961e+001
3.662641e+003,9.250838e+001
3.663123e+003,9.251698e+001
3.663605e+003,9.251704e+001
3.664088e+003,9.251143e+001
3.664570e+003,9.250718e+001
3.665052e+003,9.251653e+001
3.665534e+003,9.255570e+001
3.666016e+003,9.264171e+001
3.666498e+003,9.278766e+001
3.666980e+003,9.299723e+001
3.667462e+003,9.325851e+001
3.667945e+003,9.353941e+001
3.668427e+003,9.378785e+001
3.668909e+003,9.394289e+001
3.669391e+003,9.395821e+001
3.669873e+003,9.382693e+001
3.670355e+003,9.358672e+001
3.670837e+003,9.329805e+001
3.671319e+003,9.301346e+001
3.671802e+003,9.275901e+001
3.672283e+003,9.253210e+001
3.672766e+003,9.230827e+001
3.673248e+003,9.205174e+001
3.673730e+003,9.173112e+001
3.674212e+003,9.134002e+001
3.674694e+003,9.091452e+001
3.675176e+003,9.052908e+001
3.675658e+003,9.026113e+001
3.676140e+003,9.014950e+001
3.676623e+003,9.018302e+001
3.677105e+003,9.032224e+001
3.677587e+003,9.052611e+001
3.678069e+003,9.076510e+001
3.678551e+003,9.102174e+001
3.679033e+003,9.128626e+001
3.679515e+003,9.155115e+001
3.679997e+003,9.180681e+001
3.680479e+003,9.203930e+001
3.680962e+003,9.223118e+001
3.681444e+003,9.236485e+001
3.681926e+003,9.242780e+001
3.682408e+003,9.241782e+001
3.682890e+003,9.234641e+001
3.683372e+003,9.223852e+001
3.683854e+003,9.212719e+001
3.684336e+003,9.204451e+001
3.684819e+003,9.201256e+001
3.685301e+003,9.203716e+001
3.685783e+003,9.210612e+001
3.686265e+003,9.219163e+001
3.686747e+003,9.225659e+001
3.687229e+003,9.226563e+001
3.687711e+003,9.219915e+001
3.688193e+003,9.206540e+001
3.688676e+003,9.190125e+001
3.689158e+003,9.175777e+001
3.689640e+003,9.167918e+001
3.690122e+003,9.168777e+001
3.690604e+003,9.178088e+001
3.691086e+003,9.193643e+001
3.691568e+003,9.212198e+001
3.692050e+003,9.230385e+001
3.692532e+003,9.245421e+001
3.693015e+003,9.255460e+001
3.693497e+003,9.259612e+001
3.693979e+003,9.257806e+001
3.694461e+003,9.250661e+001
3.694943e+003,9.239424e+001
3.695425e+003,9.225938e+001
3.695907e+003,9.212506e+001
3.696389e+003,9.201584e+001
3.696872e+003,9.195370e+001
3.697354e+003,9.195459e+001
3.697836e+003,9.202657e+001
3.698318e+003,9.217010e+001
3.698800e+003,9.237889e+001
3.699282e+003,9.264051e+001
3.699764e+003,9.293594e+001
3.700246e+003,9.323943e+001
3.700729e+003,9.352039e+001
3.701211e+003,9.374884e+001
3.701693e+003,9.390356e+001
3.702175e+003,9.397836e+001
3.702657e+003,9.398233e+001
3.703139e+003,9.393465e+001
3.703621e+003,9.385719e+001
3.704103e+003,9.376906e+001
3.704585e+003,9.368359e+001
3.705068e+003,9.360772e+001
3.705550e+003,9.354282e+001
3.706032e+003,9.348650e+001
3.706514e+003,9.343452e+001
3.706996e+003,9.338276e+001
3.707478e+003,9.332901e+001
3.707960e+003,9.327367e+001
3.708442e+003,9.321960e+001
3.708925e+003,9.317115e+001
3.709406e+003,9.313264e+001
3.709889e+003,9.310709e+001
3.710371e+003,9.309530e+001
3.710853e+003,9.309579e+001
3.711335e+003,9.310522e+001
3.711817e+003,9.311924e+001
3.712299e+003,9.313318e+001
3.712781e+003,9.314252e+001
3.713263e+003,9.314273e+001
3.713746e+003,9.312913e+001
3.714228e+003,9.309709e+001
3.714710e+003,9.304301e+001
3.715192e+003,9.296593e+001
3.715674e+003,9.286926e+001
3.716156e+003,9.276220e+001
3.716638e+003,9.265949e+001
3.717120e+003,9.257888e+001
3.717603e+003,9.253699e+001
3.718085e+003,9.254461e+001
3.718567e+003,9.260374e+001
3.719049e+003,9.270747e+001
3.719531e+003,9.284254e+001
3.720013e+003,9.299370e+001
3.720495e+003,9.314800e+001
3.720977e+003,9.329819e+001
3.721459e+003,9.344397e+001
3.721942e+003,9.359096e+001
3.722424e+003,9.374728e+001
3.722906e+003,9.391917e+001
3.723388e+003,9.410731e+001
3.723870e+003,9.430473e+001
3.724352e+003,9.449683e+001
3.724834e+003,9.466332e+001
3.725316e+003,9.478217e+001
3.725799e+003,9.483535e+001
3.726281e+003,9.481502e+001
3.726763e+003,9.472640e+001
3.727245e+003,9.458573e+001
3.727727e+003,9.441392e+001
3.728209e+003,9.423045e+001
3.728691e+003,9.405025e+001
3.729173e+003,9.388396e+001
3.729656e+003,9.374042e+001
3.730138e+003,9.362985e+001
3.730620e+003,9.356561e+001
3.731102e+003,9.356337e+001
3.731584e+003,9.363686e+001
3.732066e+003,9.379050e+001
3.732548e+003,9.401230e+001
3.733030e+003,9.426981e+001
3.733512e+003,9.451265e+001
3.733995e+003,9.468217e+001
3.734477e+003,9.472787e+001
3.734959e+003,9.462733e+001
3.735441e+003,9.439985e+001
3.735923e+003,9.410075e+001
3.736405e+003,9.379577e+001
3.736887e+003,9.353288e+001
3.737369e+003,9.332962e+001
3.737852e+003,9.317832e+001
3.738333e+003,9.305988e+001
3.738816e+003,9.295767e+001
3.739298e+003,9.286717e+001
3.739780e+003,9.279906e+001
3.740262e+003,9.277572e+001
3.740744e+003,9.282219e+001
3.741226e+003,9.295495e+001
3.741708e+003,9.317181e+001
3.742190e+003,9.344417e+001
3.742673e+003,9.371322e+001
3.743155e+003,9.389636e+001
3.743637e+003,9.391512e+001
3.744119e+003,9.374290e+001
3.744601e+003,9.343224e+001
3.745083e+003,9.308047e+001
3.745565e+003,9.276451e+001
3.746047e+003,9.250900e+001
3.746530e+003,9.229566e+001
3.747012e+003,9.208435e+001
3.747494e+003,9.183035e+001
3.747976e+003,9.149969e+001
3.748458e+003,9.108572e+001
3.748940e+003,9.062169e+001
3.749422e+003,9.017782e+001
3.749904e+003,8.983548e+001
3.750386e+003,8.965134e+001
3.750869e+003,8.963621e+001
3.751351e+003,8.976012e+001
3.751833e+003,8.997350e+001
3.752315e+003,9.022756e+001
3.752797e+003,9.048471e+001
3.753279e+003,9.071957e+001
3.753761e+003,9.091500e+001
3.754243e+003,9.105817e+001
3.754726e+003,9.113876e+001
3.755208e+003,9.115038e+001
3.755690e+003,9.109423e+001
3.756172e+003,9.098282e+001
3.756654e+003,9.084104e+001
3.757136e+003,9.070264e+001
3.757618e+003,9.060233e+001
3.758100e+003,9.056766e+001
3.758583e+003,9.061378e+001
3.759065e+003,9.074272e+001
3.759547e+003,9.094523e+001
3.760029e+003,9.120362e+001
3.760511e+003,9.149466e+001
3.760993e+003,9.179208e+001
3.761475e+003,9.206801e+001
3.761957e+003,9.229424e+001
3.762439e+003,9.244331e+001
3.762922e+003,9.249171e+001
3.763404e+003,9.242603e+001
3.763886e+003,9.225176e+001
3.764368e+003,9.199989e+001
3.764850e+003,9.172411e+001
3.765332e+003,9.148608e+001
3.765814e+003,9.133501e+001
3.766296e+003,9.129411e+001
3.766779e+003,9.135980e+001
3.767260e+003,9.151035e+001
3.767743e+003,9.171593e+001
3.768225e+003,9.194630e+001
3.768707e+003,9.217464e+001
3.769189e+003,9.237993e+001
3.769671e+003,9.254830e+001
3.770153e+003,9.267342e+001
3.770635e+003,9.275513e+001
3.771117e+003,9.279678e+001
3.771600e+003,9.280313e+001
3.772082e+003,9.277963e+001
3.772564e+003,9.273292e+001
3.773046e+003,9.267124e+001
3.773528e+003,9.260434e+001
3.774010e+003,9.254233e+001
3.774492e+003,9.249430e+001
3.774974e+003,9.246684e+001
3.775457e+003,9.246304e+001
3.775939e+003,9.248220e+001
3.776421e+003,9.252016e+001
3.776903e+003,9.256999e+001
3.777385e+003,9.262341e+001
3.777867e+003,9.267212e+001
3.778349e+003,9.271022e+001
3.778831e+003,9.273625e+001
3.779313e+003,9.275402e+001
3.779796e+003,9.277097e+001
3.780278e+003,9.279426e+001
3.780760e+003,9.282672e+001
3.781242e+003,9.286510e+001
3.781724e+003,9.290097e+001
3.782206e+003,9.292313e+001
3.782688e+003,9.292088e+001
3.783170e+003,9.288762e+001
3.783653e+003,9.282378e+001
3.784135e+003,9.273785e+001
3.784617e+003,9.264484e+001
3.785099e+003,9.256242e+001
3.785581e+003,9.250703e+001
3.786063e+003,9.249200e+001
3.786545e+003,9.252754e+001
3.787027e+003,9.262138e+001
3.787510e+003,9.277795e+001
3.787992e+003,9.299622e+001
3.788474e+003,9.326640e+001
3.788956e+003,9.356772e+001
3.789438e+003,9.386889e+001
3.789920e+003,9.413245e+001
3.790402e+003,9.432323e+001
3.790884e+003,9.441857e+001
3.791366e+003,9.441685e+001
3.791849e+003,9.433922e+001
3.792331e+003,9.422337e+001
3.792813e+003,9.411124e+001
3.793295e+003,9.403636e+001
3.793777e+003,9.401562e+001
3.794259e+003,9.404675e+001
3.794741e+003,9.411127e+001
3.795223e+003,9.418182e+001
3.795706e+003,9.423253e+001
3.796188e+003,9.424917e+001
3.796670e+003,9.423332e+001
3.797152e+003,9.419814e+001
3.797634e+003,9.415813e+001
3.798116e+003,9.411947e+001
3.798598e+003,9.407538e+001
3.799080e+003,9.400667e+001
3.799563e+003,9.388778e+001
3.800044e+003,9.369803e+001
3.800527e+003,9.343626e+001
3.801009e+003,9.313155e+001
3.801491e+003,9.283826e+001
3.801973e+003,9.261307e+001
3.802455e+003,9.248872e+001
3.802937e+003,9.246456e+001
3.803419e+003,9.251433e+001
3.803901e+003,9.259946e+001
3.804384e+003,9.267876e+001
3.804866e+003,9.271588e+001
3.805348e+003,9.268832e+001
3.805830e+003,9.259765e+001
3.806312e+003,9.247462e+001
3.806794e+003,9.237026e+001
3.807276e+003,9.233331e+001
3.807758e+003,9.238783e+001
3.808240e+003,9.252621e+001
3.808723e+003,9.271783e+001
3.809205e+003,9.292372e+001
3.809687e+003,9.310890e+001
3.810169e+003,9.325086e+001
3.810651e+003,9.334428e+001
3.811133e+003,9.340119e+001
3.811615e+003,9.344524e+001
3.812097e+003,9.350075e+001
3.812580e+003,9.358099e+001
3.813062e+003,9.367996e+001
3.813544e+003,9.377051e+001
3.814026e+003,9.381039e+001
3.814508e+003,9.375696e+001
3.814990e+003,9.358862e+001
3.815472e+003,9.332396e+001
3.815954e+003,9.302165e+001
3.816437e+003,9.275542e+001
3.816919e+003,9.258102e+001
3.817401e+003,9.251851e+001
3.817883e+003,9.255459e+001
3.818365e+003,9.265269e+001
3.818847e+003,9.276244e+001
3.819329e+003,9.282758e+001
3.819811e+003,9.279841e+001
3.820293e+003,9.265112e+001
3.820776e+003,9.240574e+001
3.821258e+003,9.212397e+001
3.821740e+003,9.187937e+001
3.822222e+003,9.172324e+001
3.822704e+003,9.167246e+001
3.823186e+003,9.171893e+001
3.823668e+003,9.184348e+001
3.824150e+003,9.202433e+001
3.824633e+003,9.224016e+001
3.825115e+003,9.247017e+001
3.825597e+003,9.269392e+001
3.826079e+003,9.289222e+001
3.826561e+003,9.304900e+001
3.827043e+003,9.315350e+001
3.827525e+003,9.320120e+001
3.828007e+003,9.319370e+001
3.828490e+003,9.313862e+001
3.828971e+003,9.304977e+001
3.829454e+003,9.294774e+001
3.829936e+003,9.285855e+001
3.830418e+003,9.280968e+001
3.830900e+003,9.282265e+001
3.831382e+003,9.290497e+001
3.831864e+003,9.304546e+001
3.832346e+003,9.321660e+001
3.832828e+003,9.338337e+001
3.833311e+003,9.351407e+001
3.833793e+003,9.358907e+001
3.834275e+003,9.360352e+001
3.834757e+003,9.356462e+001
3.835239e+003,9.348517e+001
3.835721e+003,9.337560e+001
3.836203e+003,9.323869e+001
3.836685e+003,9.306875e+001
3.837167e+003,9.285712e+001
3.837650e+003,9.260174e+001
3.838132e+003,9.231528e+001
3.838614e+003,9.202596e+001
3.839096e+003,9.177047e+001
3.839578e+003,9.158340e+001
3.840060e+003,9.148920e+001
3.840542e+003,9.149892e+001
3.841024e+003,9.161061e+001
3.841507e+003,9.181071e+001
3.841989e+003,9.207571e+001
3.842471e+003,9.237438e+001
3.842953e+003,9.267216e+001
3.843435e+003,9.293757e+001
3.843917e+003,9.314882e+001
3.844399e+003,9.329704e+001
3.844881e+003,9.338477e+001
3.845364e+003,9.342090e+001
3.845846e+003,9.341491e+001
3.846328e+003,9.337356e+001
3.846810e+003,9.329999e+001
3.847292e+003,9.319566e+001
3.847774e+003,9.306380e+001
3.848256e+003,9.291260e+001
3.848738e+003,9.275732e+001
3.849220e+003,9.261948e+001
3.849703e+003,9.252422e+001
3.850185e+003,9.249664e+001
3.850667e+003,9.255790e+001
3.851149e+003,9.272108e+001
3.851631e+003,9.298422e+001
3.852113e+003,9.331858e+001
3.852595e+003,9.365844e+001
3.853077e+003,9.391294e+001
3.853560e+003,9.400970e+001
3.854042e+003,9.393472e+001
3.854524e+003,9.372707e+001
3.855006e+003,9.344422e+001
3.855488e+003,9.313560e+001
3.855970e+003,9.283450e+001
3.856452e+003,9.255971e+001
3.856934e+003,9.231944e+001
3.857417e+003,9.211455e+001
3.857898e+003,9.194080e+001
3.858381e+003,9.179133e+001
3.858863e+003,9.166005e+001
3.859345e+003,9.154583e+001
3.859827e+003,9.145624e+001
3.860309e+003,9.140902e+001
3.860791e+003,9.142947e+001
3.861273e+003,9.154287e+001
3.861755e+003,9.176398e+001
3.862238e+003,9.208675e+001
3.862720e+003,9.247825e+001
3.863202e+003,9.288020e+001
3.863684e+003,9.322052e+001
3.864166e+003,9.343409e+001
3.864648e+003,9.348606e+001
3.865130e+003,9.338406e+001
3.865612e+003,9.317017e+001
3.866094e+003,9.289832e+001
3.866577e+003,9.261230e+001
3.867059e+003,9.233539e+001
3.867541e+003,9.207233e+001
3.868023e+003,9.181931e+001
3.868505e+003,9.157659e+001
3.868987e+003,9.135864e+001
3.869469e+003,9.119479e+001
3.869951e+003,9.111797e+001
3.870434e+003,9.114833e+001
3.870916e+003,9.128451e+001
3.871398e+003,9.150790e+001
3.871880e+003,9.179208e+001
3.872362e+003,9.210841e+001
3.872844e+003,9.242683e+001
3.873326e+003,9.271533e+001
3.873808e+003,9.294251e+001
3.874291e+003,9.308406e+001
3.874773e+003,9.312892e+001
3.875255e+003,9.308041e+001
3.875737e+003,9.295238e+001
3.876219e+003,9.276436e+001
3.876701e+003,9.253851e+001
3.877183e+003,9.229950e+001
3.877665e+003,9.207463e+001
3.878147e+003,9.189281e+001
3.878630e+003,9.178091e+001
3.879112e+003,9.175738e+001
3.879594e+003,9.182561e+001
3.880076e+003,9.197074e+001
3.880558e+003,9.216404e+001
3.881040e+003,9.237224e+001
3.881522e+003,9.256736e+001
3.882004e+003,9.273172e+001
3.882487e+003,9.285748e+001
3.882969e+003,9.294311e+001
3.883451e+003,9.298998e+001
3.883933e+003,9.300089e+001
3.884415e+003,9.298023e+001
3.884897e+003,9.293498e+001
3.885379e+003,9.287498e+001
3.885861e+003,9.281113e+001
3.886344e+003,9.275149e+001
3.886825e+003,9.269817e+001
3.887308e+003,9.264802e+001
3.887790e+003,9.259670e+001
3.888272e+003,9.254349e+001
3.888754e+003,9.249459e+001
3.889236e+003,9.246431e+001
3.889718e+003,9.247223e+001
3.890200e+003,9.253531e+001
3.890682e+003,9.265732e+001
3.891165e+003,9.282259e+001
3.891647e+003,9.299968e+001
3.892129e+003,9.315376e+001
3.892611e+003,9.325913e+001
3.893093e+003,9.330585e+001
3.893575e+003,9.329897e+001
3.894057e+003,9.325381e+001
3.894539e+003,9.318980e+001
3.895021e+003,9.312477e+001
3.895504e+003,9.307062e+001
3.895986e+003,9.303071e+001
3.896468e+003,9.299937e+001
3.896950e+003,9.296335e+001
3.897432e+003,9.290575e+001
3.897914e+003,9.281225e+001
3.898396e+003,9.267751e+001
3.898878e+003,9.251014e+001
3.899361e+003,9.233244e+001
3.899843e+003,9.217477e+001
3.900325e+003,9.206635e+001
3.900807e+003,9.202610e+001
3.901289e+003,9.205635e+001
3.901771e+003,9.214096e+001
3.902253e+003,9.224793e+001
3.902735e+003,9.233700e+001
3.903218e+003,9.237128e+001
3.903700e+003,9.233008e+001
3.904182e+003,9.221638e+001
3.904664e+003,9.205458e+001
3.905146e+003,9.187956e+001
3.905628e+003,9.172373e+001
3.906110e+003,9.160871e+001
3.906592e+003,9.154340e+001
3.907074e+003,9.152651e+001
3.907557e+003,9.155057e+001
3.908039e+003,9.160574e+001
3.908521e+003,9.168237e+001
3.909003e+003,9.177212e+001
3.909485e+003,9.186829e+001
3.909967e+003,9.196569e+001
3.910449e+003,9.206084e+001
3.910931e+003,9.215246e+001
3.911414e+003,9.224177e+001
3.911896e+003,9.233230e+001
3.912378e+003,9.242838e+001
3.912860e+003,9.253316e+001
3.913342e+003,9.264631e+001
3.913824e+003,9.276281e+001
3.914306e+003,9.287320e+001
3.914788e+003,9.296501e+001
3.915271e+003,9.302636e+001
3.915752e+003,9.304919e+001
3.916235e+003,9.303220e+001
3.916717e+003,9.298111e+001
3.917199e+003,9.290636e+001
3.917681e+003,9.281956e+001
3.918163e+003,9.273067e+001
3.918645e+003,9.264712e+001
3.919127e+003,9.257465e+001
3.919609e+003,9.251830e+001
3.920092e+003,9.248248e+001
3.920574e+003,9.246989e+001
3.921056e+003,9.248014e+001
3.921538e+003,9.250854e+001
3.922020e+003,9.254686e+001
3.922502e+003,9.258498e+001
3.922984e+003,9.261370e+001
3.923466e+003,9.262749e+001
3.923948e+003,9.262583e+001
3.924431e+003,9.261290e+001
3.924913e+003,9.259465e+001
3.925395e+003,9.257544e+001
3.925877e+003,9.255577e+001
3.926359e+003,9.253233e+001
3.926841e+003,9.250008e+001
3.927323e+003,9.245535e+001
3.927805e+003,9.239812e+001
3.928288e+003,9.233277e+001
3.928770e+003,9.226717e+001
3.929252e+003,9.221031e+001
3.929734e+003,9.216969e+001
3.930216e+003,9.214934e+001
3.930698e+003,9.214969e+001
3.931180e+003,9.216875e+001
3.931662e+003,9.220390e+001
3.932145e+003,9.225328e+001
3.932627e+003,9.231592e+001
3.933109e+003,9.239090e+001
3.933591e+003,9.247584e+001
3.934073e+003,9.256606e+001
3.934555e+003,9.265454e+001
3.935037e+003,9.273275e+001
3.935519e+003,9.279206e+001
3.936001e+003,9.282545e+001
3.936484e+003,9.282898e+001
3.936966e+003,9.280293e+001
3.937448e+003,9.275208e+001
3.937930e+003,9.268503e+001
3.938412e+003,9.261243e+001
3.938894e+003,9.254501e+001
3.939376e+003,9.249203e+001
3.939858e+003,9.246003e+001
3.940341e+003,9.245203e+001
3.940823e+003,9.246739e+001
3.941305e+003,9.250174e+001
3.941787e+003,9.254773e+001
3.942269e+003,9.259639e+001
3.942751e+003,9.263853e+001
3.943233e+003,9.266618e+001
3.943715e+003,9.267331e+001
3.944198e+003,9.265599e+001
3.944679e+003,9.261272e+001
3.945162e+003,9.254471e+001
3.945644e+003,9.245667e+001
3.946126e+003,9.235723e+001
3.946608e+003,9.225860e+001
3.947090e+003,9.217514e+001
3.947572e+003,9.212019e+001
3.948054e+003,9.210258e+001
3.948536e+003,9.212412e+001
3.949019e+003,9.217918e+001
3.949501e+003,9.225680e+001
3.949983e+003,9.234422e+001
3.950465e+003,9.243036e+001
3.950947e+003,9.250809e+001
3.951429e+003,9.257439e+001
3.951911e+003,9.262923e+001
3.952393e+003,9.267336e+001
3.952875e+003,9.270683e+001
3.953358e+003,9.272803e+001
3.953840e+003,9.273452e+001
3.954322e+003,9.272425e+001
3.954804e+003,9.269736e+001
3.955286e+003,9.265701e+001
3.955768e+003,9.260942e+001
3.956250e+003,9.256265e+001
3.956732e+003,9.252474e+001
3.957215e+003,9.250193e+001
3.957697e+003,9.249753e+001
3.958179e+003,9.251135e+001
3.958661e+003,9.254026e+001
3.959143e+003,9.257904e+001
3.959625e+003,9.262151e+001
3.960107e+003,9.266203e+001
3.960589e+003,9.269646e+001
3.961072e+003,9.272293e+001
3.961554e+003,9.274207e+001
3.962036e+003,9.275629e+001
3.962518e+003,9.276875e+001
3.963000e+003,9.278190e+001
3.963482e+003,9.279646e+001
3.963964e+003,9.281135e+001
3.964446e+003,9.282411e+001
3.964928e+003,9.283223e+001
3.965411e+003,9.283432e+001
3.965893e+003,9.283086e+001
3.966375e+003,9.282411e+001
3.966857e+003,9.281719e+001
3.967339e+003,9.281275e+001
3.967821e+003,9.281179e+001
3.968303e+003,9.281323e+001
3.968785e+003,9.281469e+001
3.969268e+003,9.281361e+001
3.969750e+003,9.280859e+001
3.970232e+003,9.280019e+001
3.970714e+003,9.279070e+001
3.971196e+003,9.278320e+001
3.971678e+003,9.278024e+001
3.972160e+003,9.278282e+001
3.972642e+003,9.279013e+001
3.973125e+003,9.279980e+001
3.973606e+003,9.280898e+001
3.974089e+003,9.281528e+001
3.974571e+003,9.281731e+001
3.975053e+003,9.281502e+001
3.975535e+003,9.280935e+001
3.976017e+003,9.280184e+001
3.976499e+003,9.279440e+001
3.976981e+003,9.278920e+001
3.977463e+003,9.278833e+001
3.977946e+003,9.279362e+001
3.978428e+003,9.280604e+001
3.978910e+003,9.282528e+001
3.979392e+003,9.284954e+001
3.979874e+003,9.287571e+001
3.980356e+003,9.290005e+001
3.980838e+003,9.291943e+001
3.981320e+003,9.293201e+001
3.981802e+003,9.293770e+001
3.982285e+003,9.293800e+001
3.982767e+003,9.293511e+001
3.983249e+003,9.293102e+001
3.983731e+003,9.292706e+001
3.984213e+003,9.292365e+001
3.984695e+003,9.292076e+001
3.985177e+003,9.291819e+001
3.985659e+003,9.291595e+001
3.986142e+003,9.291418e+001
3.986624e+003,9.291261e+001
3.987106e+003,9.291027e+001
3.987588e+003,9.290582e+001
3.988070e+003,9.289778e+001
3.988552e+003,9.288576e+001
3.989034e+003,9.287075e+001
3.989516e+003,9.285544e+001
3.989999e+003,9.284340e+001
3.990481e+003,9.283768e+001
3.990963e+003,9.283952e+001
3.991445e+003,9.284753e+001
3.991927e+003,9.285796e+001
3.992409e+003,9.286584e+001
3.992891e+003,9.286684e+001
3.993373e+003,9.285869e+001
3.993855e+003,9.284210e+001
3.994338e+003,9.282048e+001
3.994820e+003,9.279874e+001
3.995302e+003,9.278173e+001
3.995784e+003,9.277265e+001
3.996266e+003,9.277240e+001
3.996748e+003,9.277975e+001
3.997230e+003,9.279187e+001
3.997712e+003,9.280557e+001
3.998195e+003,9.281804e+001
3.998677e+003,9.282739e+001
3.999159e+003,9.283284e+001
3.999641e+003,9.283438e+001
4.000123e+003,9.283256e+001
