3.996747e+002,0.000000e+000
4.001569e+002,9.381363e+001
4.006390e+002,9.448710e+001
4.011211e+002,9.491174e+001
4.016032e+002,9.508084e+001
4.020853e+002,9.502625e+001
4.025674e+002,9.481781e+001
4.030496e+002,9.455362e+001
4.035317e+002,9.433720e+001
4.040138e+002,9.425089e+001
4.044959e+002,9.433616e+001
4.049780e+002,9.458557e+001
4.054601e+002,9.494685e+001
4.059423e+002,9.533888e+001
4.064244e+002,9.567796e+001
4.069065e+002,9.590407e+001
4.073886e+002,9.599659e+001
4.078707e+002,9.597284e+001
4.083528e+002,9.587403e+001
4.088350e+002,9.577486e+001
4.093171e+002,9.570231e+001
4.097992e+002,9.566472e+001
4.102813e+002,9.560201e+001
4.107634e+002,9.567056e+001
4.112455e+002,9.577128e+001
4.117277e+002,9.585758e+001
4.122098e+002,9.587695e+001
4.126919e+002,9.575767e+001
4.131740e+002,9.553873e+001
4.136561e+002,9.503938e+001
4.141382e+002,9.424329e+001
4.146204e+002,9.335002e+001
4.151025e+002,9.237910e+001
4.155846e+002,9.142133e+001
4.160667e+002,9.056280e+001
4.165488e+002,8.989320e+001
4.170309e+002,8.952074e+001
4.175131e+002,8.951947e+001
4.179952e+002,8.987752e+001
4.184773e+002,9.041521e+001
4.189594e+002,9.108073e+001
4.194415e+002,9.169579e+001
4.199236e+002,9.199955e+001
4.204058e+002,9.194869e+001
4.208879e+002,9.165387e+001
4.213700e+002,9.127853e+001
4.218521e+002,9.084929e+001
4.223342e+002,9.053877e+001
4.228163e+002,9.053745e+001
4.232985e+002,9.081074e+001
4.237806e+002,9.131875e+001
4.242627e+002,9.194633e+001
4.247448e+002,9.258128e+001
4.252269e+002,9.313950e+001
4.257090e+002,9.356863e+001
4.261912e+002,9.382619e+001
4.266733e+002,9.398956e+001
4.271554e+002,9.411087e+001
4.276375e+002,9.423698e+001
4.281196e+002,9.439527e+001
4.286017e+002,9.459176e+001
4.290839e+002,9.482518e+001
4.295660e+002,9.509663e+001
4.300481e+002,9.537535e+001
4.305302e+002,9.561292e+001
4.310123e+002,9.585889e+001
4.314944e+002,9.608154e+001
4.319766e+002,9.625868e+001
4.324587e+002,9.638144e+001
4.329408e+002,9.646944e+001
4.334229e+002,9.649341e+001
4.339050e+002,9.652190e+001
4.343871e+002,9.652632e+001
4.348693e+002,9.654109e+001
4.353514e+002,9.656924e+001
4.358335e+002,9.659139e+001
4.363156e+002,9.660763e+001
4.367977e+002,9.661749e+001
4.372798e+002,9.645158e+001
4.377620e+002,9.631574e+001
4.382441e+002,9.612733e+001
4.387262e+002,9.595339e+001
4.392083e+002,9.579144e+001
4.396904e+002,9.564922e+001
4.401725e+002,9.554117e+001
4.406547e+002,9.547959e+001
4.411368e+002,9.542586e+001
4.416189e+002,9.540202e+001
4.421010e+002,9.549066e+001
4.425831e+002,9.554152e+001
4.430652e+002,9.555268e+001
4.435474e+002,9.552774e+001
4.440295e+002,9.546311e+001
4.445116e+002,9.545145e+001
4.449937e+002,9.534094e+001
4.454758e+002,9.525114e+001
4.459579e+002,9.518861e+001
4.464401e+002,9.516940e+001
4.469222e+002,9.517803e+001
4.474043e+002,9.517963e+001
4.478864e+002,9.516322e+001
4.483685e+002,9.506720e+001
4.488506e+002,9.491804e+001
4.493328e+002,9.489283e+001
4.498149e+002,9.482949e+001
4.502970e+002,9.481449e+001
4.507791e+002,9.481634e+001
4.512612e+002,9.490837e+001
4.517433e+002,9.501417e+001
4.522255e+002,9.511690e+001
4.527076e+002,9.519980e+001
4.531897e+002,9.525952e+001
4.536718e+002,9.528585e+001
4.541539e+002,9.527785e+001
4.546360e+002,9.526865e+001
4.551182e+002,9.526878e+001
4.556003e+002,9.522650e+001
4.560824e+002,9.515530e+001
4.565645e+002,9.506061e+001
4.570466e+002,9.495598e+001
4.575287e+002,9.485684e+001
4.580109e+002,9.478085e+001
4.584930e+002,9.455788e+001
4.589751e+002,9.443349e+001
4.594572e+002,9.432281e+001
4.599393e+002,9.401816e+001
4.604214e+002,9.376695e+001
4.609036e+002,9.349462e+001
4.613857e+002,9.321870e+001
4.618678e+002,9.300394e+001
4.623499e+002,9.284423e+001
4.628320e+002,9.276929e+001
4.633141e+002,9.280618e+001
4.637963e+002,9.289127e+001
4.642784e+002,9.304060e+001
4.647605e+002,9.322636e+001
4.652426e+002,9.341956e+001
4.657247e+002,9.359489e+001
4.662068e+002,9.371359e+001
4.666890e+002,9.378173e+001
4.671711e+002,9.374709e+001
4.676532e+002,9.363650e+001
4.681353e+002,9.348080e+001
4.686174e+002,9.331786e+001
4.690995e+002,9.318742e+001
4.695817e+002,9.308955e+001
4.700638e+002,9.303365e+001
4.705459e+002,9.299925e+001
4.710280e+002,9.295273e+001
4.715101e+002,9.283433e+001
4.719922e+002,9.277568e+001
4.724744e+002,9.280809e+001
4.729565e+002,9.272860e+001
4.734386e+002,9.266807e+001
4.739207e+002,9.264403e+001
4.744028e+002,9.263902e+001
4.748849e+002,9.254519e+001
4.753671e+002,9.237790e+001
4.758492e+002,9.240310e+001
4.763313e+002,9.231689e+001
4.768134e+002,9.230627e+001
4.772955e+002,9.237966e+001
4.777776e+002,9.251116e+001
4.782598e+002,9.262708e+001
4.787419e+002,9.286419e+001
4.792240e+002,9.307069e+001
4.797061e+002,9.320275e+001
4.801882e+002,9.319792e+001
4.806703e+002,9.321721e+001
4.811525e+002,9.318860e+001
4.816346e+002,9.307406e+001
4.821167e+002,9.299223e+001
4.825988e+002,9.295598e+001
4.830809e+002,9.293724e+001
4.835630e+002,9.294244e+001
4.840452e+002,9.300797e+001
4.845273e+002,9.301071e+001
4.850094e+002,9.305032e+001
4.854915e+002,9.309351e+001
4.859736e+002,9.306814e+001
4.864557e+002,9.299959e+001
4.869379e+002,9.297926e+001
4.874200e+002,9.305431e+001
4.879021e+002,9.303616e+001
4.883842e+002,9.300961e+001
4.888663e+002,9.298151e+001
4.893484e+002,9.286835e+001
4.898306e+002,9.276265e+001
4.903127e+002,9.261979e+001
4.907948e+002,9.248653e+001
4.912769e+002,9.239037e+001
4.917590e+002,9.243069e+001
4.922411e+002,9.241171e+001
4.927233e+002,9.247615e+001
4.932054e+002,9.252512e+001
4.936875e+002,9.253245e+001
4.941696e+002,9.244421e+001
4.946517e+002,9.241404e+001
4.951339e+002,9.240323e+001
4.956160e+002,9.236375e+001
4.960981e+002,9.235059e+001
4.965802e+002,9.236705e+001
4.970623e+002,9.231908e+001
4.975444e+002,9.235342e+001
4.980266e+002,9.230645e+001
4.985087e+002,9.211275e+001
4.989908e+002,9.200948e+001
4.994729e+002,9.189319e+001
4.999550e+002,9.178188e+001
5.004371e+002,9.153706e+001
5.009193e+002,9.129462e+001
5.014014e+002,9.104912e+001
5.018835e+002,9.074310e+001
5.023656e+002,9.047442e+001
5.028477e+002,9.015295e+001
5.033299e+002,8.982898e+001
5.038120e+002,8.959332e+001
5.042941e+002,8.929061e+001
5.047762e+002,8.898478e+001
5.052583e+002,8.864381e+001
5.057404e+002,8.845717e+001
5.062226e+002,8.832262e+001
5.067047e+002,8.814739e+001
5.071868e+002,8.803492e+001
5.076689e+002,8.801244e+001
5.081510e+002,8.806484e+001
5.086331e+002,8.816768e+001
5.091153e+002,8.839777e+001
5.095974e+002,8.853802e+001
5.100795e+002,8.857861e+001
5.105616e+002,8.858718e+001
5.110437e+002,8.853744e+001
5.115258e+002,8.856092e+001
5.120079e+002,8.857691e+001
5.124901e+002,8.857050e+001
5.129722e+002,8.855769e+001
5.134543e+002,8.860564e+001
5.139364e+002,8.864070e+001
5.144185e+002,8.865273e+001
5.149006e+002,8.863631e+001
5.153828e+002,8.859052e+001
5.158649e+002,8.851674e+001
5.163470e+002,8.851398e+001
5.168291e+002,8.841947e+001
5.173112e+002,8.826660e+001
5.177933e+002,8.813364e+001
5.182755e+002,8.797986e+001
5.187576e+002,8.775047e+001
5.192397e+002,8.759367e+001
5.197218e+002,8.744023e+001
5.202039e+002,8.727476e+001
5.206860e+002,8.707165e+001
5.211682e+002,8.680196e+001
5.216503e+002,8.644248e+001
5.221324e+002,8.598577e+001
5.226145e+002,8.543186e+001
5.230966e+002,8.491239e+001
5.235787e+002,8.431450e+001
5.240609e+002,8.373175e+001
5.245430e+002,8.324924e+001
5.250251e+002,8.291532e+001
5.255072e+002,8.275159e+001
5.259893e+002,8.281013e+001
5.264714e+002,8.304874e+001
5.269536e+002,8.341388e+001
5.274357e+002,8.378729e+001
5.279178e+002,8.414935e+001
5.283999e+002,8.452634e+001
5.288821e+002,8.482470e+001
5.293641e+002,8.503510e+001
5.298463e+002,8.516706e+001
5.303284e+002,8.524174e+001
5.308105e+002,8.528199e+001
5.312926e+002,8.530442e+001
5.317748e+002,8.531463e+001
5.322568e+002,8.530786e+001
5.327390e+002,8.527365e+001
5.332211e+002,8.520215e+001
5.337032e+002,8.508955e+001
5.341853e+002,8.493621e+001
5.346675e+002,8.474583e+001
5.351495e+002,8.452209e+001
5.356317e+002,8.426603e+001
5.361138e+002,8.397750e+001
5.365959e+002,8.366000e+001
5.370780e+002,8.332689e+001
5.375602e+002,8.300478e+001
5.380422e+002,8.272991e+001
5.385244e+002,8.254115e+001
5.390065e+002,8.256815e+001
5.394886e+002,8.264358e+001
5.399707e+002,8.283774e+001
5.404529e+002,8.313445e+001
5.409349e+002,8.349225e+001
5.414171e+002,8.379821e+001
5.418992e+002,8.404703e+001
5.423813e+002,8.428478e+001
5.428634e+002,8.443159e+001
5.433456e+002,8.449017e+001
5.438276e+002,8.448129e+001
5.443098e+002,8.443098e+001
5.447919e+002,8.437911e+001
5.452740e+002,8.436417e+001
5.457561e+002,8.442394e+001
5.462383e+002,8.464366e+001
5.467203e+002,8.490115e+001
5.472025e+002,8.523771e+001
5.476846e+002,8.562020e+001
5.481667e+002,8.602067e+001
5.486488e+002,8.645255e+001
5.491310e+002,8.683757e+001
5.496130e+002,8.717102e+001
5.500952e+002,8.744759e+001
5.505773e+002,8.767008e+001
5.510594e+002,8.784448e+001
5.515415e+002,8.797486e+001
5.520237e+002,8.805982e+001
5.525057e+002,8.809660e+001
5.529879e+002,8.808910e+001
5.534700e+002,8.809352e+001
5.539521e+002,8.801447e+001
5.544342e+002,8.788605e+001
5.549164e+002,8.772973e+001
5.553984e+002,8.753971e+001
5.558806e+002,8.732548e+001
5.563627e+002,8.714831e+001
5.568448e+002,8.697111e+001
5.573269e+002,8.679890e+001
5.578091e+002,8.663782e+001
5.582911e+002,8.649351e+001
5.587733e+002,8.647454e+001
5.592554e+002,8.637862e+001
5.597375e+002,8.629175e+001
5.602196e+002,8.621675e+001
5.607018e+002,8.614312e+001
5.611838e+002,8.606428e+001
5.616660e+002,8.591968e+001
5.621481e+002,8.575880e+001
5.626302e+002,8.564065e+001
5.631123e+002,8.551879e+001
5.635945e+002,8.540382e+001
5.640765e+002,8.530745e+001
5.645587e+002,8.524052e+001
5.650408e+002,8.521040e+001
5.655229e+002,8.521893e+001
5.660050e+002,8.526133e+001
5.664872e+002,8.532704e+001
5.669692e+002,8.540176e+001
5.674514e+002,8.547076e+001
5.679335e+002,8.552220e+001
5.684156e+002,8.555291e+001
5.688977e+002,8.555570e+001
5.693799e+002,8.559792e+001
5.698619e+002,8.553727e+001
5.703441e+002,8.544932e+001
5.708262e+002,8.538557e+001
5.713083e+002,8.530875e+001
5.717904e+002,8.521804e+001
5.722726e+002,8.511226e+001
5.727546e+002,8.505455e+001
5.732368e+002,8.491455e+001
5.737189e+002,8.474680e+001
5.742010e+002,8.454488e+001
5.746831e+002,8.430173e+001
5.751653e+002,8.401261e+001
5.756473e+002,8.367657e+001
5.761295e+002,8.329512e+001
5.766116e+002,8.286770e+001
5.770938e+002,8.238570e+001
5.775758e+002,8.182764e+001
5.780580e+002,8.115957e+001
5.785400e+002,8.034163e+001
5.790222e+002,7.934090e+001
5.795043e+002,7.814703e+001
5.799865e+002,7.678602e+001
5.804685e+002,7.532588e+001
5.809507e+002,7.387067e+001
5.814327e+002,7.254269e+001
5.819149e+002,7.145857e+001
5.823970e+002,7.070744e+001
5.828792e+002,7.033676e+001
5.833612e+002,7.034917e+001
5.838434e+002,7.070898e+001
5.843254e+002,7.135513e+001
5.848076e+002,7.221642e+001
5.852897e+002,7.322444e+001
5.857719e+002,7.432111e+001
5.862539e+002,7.545982e+001
5.867361e+002,7.660212e+001
5.872181e+002,7.769728e+001
5.877003e+002,7.872187e+001
5.881824e+002,7.965733e+001
5.886646e+002,8.049174e+001
5.891466e+002,8.121645e+001
5.896288e+002,8.182364e+001
5.901108e+002,8.230641e+001
5.905930e+002,8.266146e+001
5.910751e+002,8.289268e+001
5.915573e+002,8.301341e+001
5.920393e+002,8.304511e+001
5.925215e+002,8.301349e+001
5.930035e+002,8.294298e+001
5.934857e+002,8.285278e+001
5.939678e+002,8.275491e+001
5.944500e+002,8.265495e+001
5.949320e+002,8.255390e+001
5.954142e+002,8.244999e+001
5.958962e+002,8.233953e+001
5.963784e+002,8.221738e+001
5.968605e+002,8.207767e+001
5.973427e+002,8.191502e+001
5.978247e+002,8.172652e+001
5.983069e+002,8.151304e+001
5.987889e+002,8.127901e+001
5.992711e+002,8.103030e+001
5.997532e+002,8.077101e+001
6.002354e+002,8.050098e+001
6.007174e+002,8.021553e+001
6.011996e+002,7.990829e+001
6.016816e+002,7.957497e+001
6.021638e+002,7.921626e+001
6.026459e+002,7.883777e+001
6.031281e+002,7.844633e+001
6.036101e+002,7.804450e+001
6.040923e+002,7.762628e+001
6.045743e+002,7.717636e+001
6.050565e+002,7.667442e+001
6.055386e+002,7.610210e+001
6.060208e+002,7.544993e+001
6.065029e+002,7.472009e+001
6.069850e+002,7.392413e+001
6.074671e+002,7.307654e+001
6.079492e+002,7.218845e+001
6.084313e+002,7.126495e+001
6.089135e+002,7.030779e+001
6.093956e+002,6.932201e+001
6.098777e+002,6.832244e+001
6.103598e+002,6.733631e+001
6.108419e+002,6.639937e+001
6.113240e+002,6.554686e+001
6.118062e+002,6.480328e+001
6.122883e+002,6.417502e+001
6.127704e+002,6.364901e+001
6.132525e+002,6.319722e+001
6.137346e+002,6.278487e+001
6.142167e+002,6.237894e+001
6.146989e+002,6.195420e+001
6.151810e+002,6.149562e+001
6.156631e+002,6.099841e+001
6.161452e+002,6.046743e+001
6.166273e+002,5.991718e+001
6.171094e+002,5.937211e+001
6.175916e+002,5.886597e+001
6.180737e+002,5.843887e+001
6.185558e+002,5.813251e+001
6.190379e+002,5.798496e+001
6.195200e+002,5.802792e+001
6.200021e+002,5.828661e+001
6.204843e+002,5.878197e+001
6.209664e+002,5.953199e+001
6.214485e+002,6.055040e+001
6.219306e+002,6.184163e+001
6.224127e+002,6.339360e+001
6.228948e+002,6.517078e+001
6.233770e+002,6.711099e+001
6.238591e+002,6.912823e+001
6.243412e+002,7.112282e+001
6.248233e+002,7.299711e+001
6.253054e+002,7.467317e+001
6.257875e+002,7.610588e+001
6.262697e+002,7.728643e+001
6.267518e+002,7.823497e+001
6.272339e+002,7.898624e+001
6.277160e+002,7.957555e+001
6.281981e+002,8.003082e+001
6.286802e+002,8.037248e+001
6.291624e+002,8.061829e+001
6.296445e+002,8.078781e+001
6.301266e+002,8.090293e+001
6.306087e+002,8.098309e+001
6.310908e+002,8.103918e+001
6.315729e+002,8.106993e+001
6.320551e+002,8.106470e+001
6.325372e+002,8.101151e+001
6.330193e+002,8.090650e+001
6.335014e+002,8.075938e+001
6.339835e+002,8.059138e+001
6.344656e+002,8.042601e+001
6.349478e+002,8.027821e+001
6.354299e+002,8.014729e+001
6.359120e+002,8.001788e+001
6.363941e+002,7.986881e+001
6.368762e+002,7.968456e+001
6.373583e+002,7.946335e+001
6.378405e+002,7.921740e+001
6.383226e+002,7.896539e+001
6.388047e+002,7.872202e+001
6.392868e+002,7.849019e+001
6.397689e+002,7.826059e+001
6.402510e+002,7.801833e+001
6.407332e+002,7.775232e+001
6.412153e+002,7.746227e+001
6.416974e+002,7.715870e+001
6.421795e+002,7.685702e+001
6.426616e+002,7.656911e+001
6.431437e+002,7.629842e+001
6.436259e+002,7.604107e+001
6.441080e+002,7.579217e+001
6.445901e+002,7.555317e+001
6.450722e+002,7.533439e+001
6.455543e+002,7.515079e+001
6.460364e+002,7.501220e+001
6.465186e+002,7.491428e+001
6.470007e+002,7.483492e+001
6.474828e+002,7.474003e+001
6.479649e+002,7.459597e+001
6.484470e+002,7.438324e+001
6.489291e+002,7.410353e+001
6.494113e+002,7.377614e+001
6.498934e+002,7.342524e+001
6.503755e+002,7.306558e+001
6.508576e+002,7.269471e+001
6.513397e+002,7.229567e+001
6.518218e+002,7.184823e+001
6.523040e+002,7.134115e+001
6.527861e+002,7.077835e+001
6.532682e+002,7.017486e+001
6.537503e+002,6.954524e+001
6.542324e+002,6.889213e+001
6.547145e+002,6.820155e+001
6.551967e+002,6.744862e+001
6.556788e+002,6.661008e+001
6.561609e+002,6.567643e+001
6.566430e+002,6.465580e+001
6.571251e+002,6.356726e+001
6.576072e+002,6.242817e+001
6.580894e+002,6.124366e+001
6.585715e+002,6.000491e+001
6.590536e+002,5.869726e+001
6.595357e+002,5.731203e+001
6.600178e+002,5.585399e+001
6.604999e+002,5.433853e+001
6.609821e+002,5.278067e+001
6.614642e+002,5.118434e+001
6.619463e+002,4.954143e+001
6.624284e+002,4.784445e+001
6.629105e+002,4.610713e+001
6.633926e+002,4.437948e+001
6.638748e+002,4.274590e+001
6.643569e+002,4.130492e+001
6.648390e+002,4.014087e+001
6.653211e+002,3.929851e+001
6.658032e+002,3.876529e+001
6.662853e+002,3.846015e+001
6.667675e+002,3.823389e+001
6.672496e+002,3.789804e+001
6.677317e+002,3.729613e+001
6.682138e+002,3.639002e+001
6.686959e+002,3.529249e+001
6.691780e+002,3.421362e+001
6.696602e+002,3.336559e+001
6.701423e+002,3.290251e+001
6.706244e+002,3.291856e+001
6.711065e+002,3.346775e+001
6.715886e+002,3.457561e+001
6.720707e+002,3.623849e+001
6.725529e+002,3.841806e+001
6.730350e+002,4.104156e+001
6.735171e+002,4.401415e+001
6.739992e+002,4.723892e+001
6.744813e+002,5.063157e+001
6.749634e+002,5.412018e+001
6.754456e+002,5.763394e+001
6.759277e+002,6.109399e+001
6.764098e+002,6.441766e+001
6.768919e+002,6.753601e+001
6.773740e+002,7.041238e+001
6.778561e+002,7.304716e+001
6.783383e+002,7.546394e+001
6.788204e+002,7.768578e+001
6.793025e+002,7.971675e+001
6.797846e+002,8.154041e+001
6.802667e+002,8.313563e+001
6.807488e+002,8.449827e+001
6.812310e+002,8.565454e+001
6.817131e+002,8.665517e+001
6.821952e+002,8.755446e+001
6.826773e+002,8.838684e+001
6.831594e+002,8.915458e+001
6.836415e+002,8.983401e+001
6.841237e+002,9.039626e+001
6.846058e+002,9.083065e+001
6.850879e+002,9.115670e+001
6.855700e+002,9.141776e+001
6.860521e+002,9.166066e+001
6.865342e+002,9.191351e+001
6.870164e+002,9.217439e+001
6.874985e+002,9.241597e+001
6.879806e+002,9.260349e+001
6.884627e+002,9.271542e+001
6.889448e+002,9.275558e+001
6.894269e+002,9.274999e+001
6.899091e+002,9.273160e+001
6.903912e+002,9.272285e+001
6.908733e+002,9.272589e+001
6.913554e+002,9.272551e+001
6.918375e+002,9.270148e+001
6.923196e+002,9.264302e+001
6.928018e+002,9.255618e+001
6.932839e+002,9.246032e+001
6.937660e+002,9.237635e+001
6.942481e+002,9.231461e+001
6.947302e+002,9.226952e+001
6.952123e+002,9.222437e+001
6.956945e+002,9.216310e+001
6.961766e+002,9.208167e+001
6.966587e+002,9.199171e+001
6.971408e+002,9.191421e+001
6.976229e+002,9.186694e+001
6.981050e+002,9.185297e+001
6.985872e+002,9.185716e+001
6.990693e+002,9.185297e+001
6.995514e+002,9.181596e+001
7.000335e+002,9.173653e+001
7.005156e+002,9.162487e+001
7.009977e+002,9.150494e+001
7.014799e+002,9.140131e+001
7.019620e+002,9.132635e+001
7.024441e+002,9.127450e+001
7.029262e+002,9.122629e+001
7.034083e+002,9.115992e+001
7.038904e+002,9.106311e+001
7.043726e+002,9.093915e+001
7.048547e+002,9.080377e+001
7.053368e+002,9.067515e+001
7.058189e+002,9.056353e+001
7.063010e+002,9.046627e+001
7.067831e+002,9.037096e+001
7.072653e+002,9.026425e+001
7.077474e+002,9.014111e+001
7.082295e+002,9.000835e+001
7.087116e+002,8.988093e+001
7.091937e+002,8.977266e+001
7.096758e+002,8.968766e+001
7.101580e+002,8.961707e+001
7.106401e+002,8.954327e+001
7.111222e+002,8.944946e+001
7.116043e+002,8.932851e+001
7.120864e+002,8.918694e+001
7.125685e+002,8.904087e+001
7.130507e+002,8.890704e+001
7.135328e+002,8.879418e+001
7.140149e+002,8.869953e+001
7.144970e+002,8.861249e+001
7.149791e+002,8.852309e+001
7.154612e+002,8.843039e+001
7.159434e+002,8.834497e+001
7.164255e+002,8.828473e+001
7.169076e+002,8.826502e+001
7.173897e+002,8.828907e+001
7.178718e+002,8.834320e+001
7.183539e+002,8.839927e+001
7.188361e+002,8.842292e+001
7.193182e+002,8.838369e+001
7.198003e+002,8.826205e+001
7.202824e+002,8.805036e+001
7.207645e+002,8.774785e+001
7.212466e+002,8.735372e+001
7.217288e+002,8.686265e+001
7.222109e+002,8.626558e+001
7.226930e+002,8.555576e+001
7.231751e+002,8.473587e+001
7.236572e+002,8.382332e+001
7.241393e+002,8.285095e+001
7.246215e+002,8.186416e+001
7.251036e+002,8.091647e+001
7.255857e+002,8.006557e+001
7.260678e+002,7.936977e+001
7.265499e+002,7.888409e+001
7.270320e+002,7.865442e+001
7.275142e+002,7.870962e+001
7.279963e+002,7.905279e+001
7.284784e+002,7.965479e+001
7.289605e+002,8.045319e+001
7.294426e+002,8.135905e+001
7.299247e+002,8.227204e+001
7.304069e+002,8.310087e+001
7.308890e+002,8.378223e+001
7.313711e+002,8.429192e+001
7.318532e+002,8.464355e+001
7.323353e+002,8.487678e+001
7.328174e+002,8.504071e+001
7.332996e+002,8.517912e+001
7.337817e+002,8.532210e+001
7.342638e+002,8.548477e+001
7.347459e+002,8.567120e+001
7.352280e+002,8.587898e+001
7.357101e+002,8.610257e+001
7.361923e+002,8.633381e+001
7.366744e+002,8.656146e+001
7.371565e+002,8.677176e+001
7.376386e+002,8.695126e+001
7.381207e+002,8.709127e+001
7.386028e+002,8.719125e+001
7.390850e+002,8.725927e+001
7.395671e+002,8.730807e+001
7.400492e+002,8.734957e+001
7.405313e+002,8.738941e+001
7.410134e+002,8.742560e+001
7.414955e+002,8.745109e+001
7.419777e+002,8.745938e+001
7.424598e+002,8.744935e+001
7.429419e+002,8.742701e+001
7.434240e+002,8.740285e+001
7.439061e+002,8.738667e+001
7.443882e+002,8.738262e+001
7.448704e+002,8.738779e+001
7.453525e+002,8.739437e+001
7.458346e+002,8.739465e+001
7.463167e+002,8.738529e+001
7.467988e+002,8.736865e+001
7.472809e+002,8.735015e+001
7.477631e+002,8.733364e+001
7.482452e+002,8.731738e+001
7.487273e+002,8.729370e+001
7.492094e+002,8.725239e+001
7.496915e+002,8.718622e+001
7.501736e+002,8.709526e+001
7.506558e+002,8.698739e+001
7.511379e+002,8.687433e+001
7.516200e+002,8.676566e+001
7.521021e+002,8.666378e+001
7.525842e+002,8.656313e+001
7.530663e+002,8.645367e+001
7.535485e+002,8.632738e+001
7.540306e+002,8.618340e+001
7.545127e+002,8.602965e+001
7.549948e+002,8.587952e+001
7.554769e+002,8.574534e+001
7.559590e+002,8.563251e+001
7.564412e+002,8.553696e+001
7.569233e+002,8.544692e+001
7.574054e+002,8.534819e+001
7.578875e+002,8.522943e+001
7.583696e+002,8.508523e+001
7.588517e+002,8.491508e+001
7.593339e+002,8.471986e+001
7.598160e+002,8.449806e+001
7.602981e+002,8.423509e+001
7.607802e+002,8.393741e+001
7.612623e+002,8.360293e+001
7.617444e+002,8.322998e+001
7.622266e+002,8.281821e+001
7.627087e+002,8.236851e+001
7.631908e+002,8.188168e+001
7.636729e+002,8.135629e+001
7.641550e+002,8.078739e+001
7.646371e+002,8.016630e+001
7.651193e+002,7.948222e+001
7.656014e+002,7.872463e+001
7.660835e+002,7.788628e+001
7.665656e+002,7.696504e+001
7.670477e+002,7.596527e+001
7.675298e+002,7.489846e+001
7.680120e+002,7.378405e+001
7.684941e+002,7.265011e+001
7.689762e+002,7.153398e+001
7.694583e+002,7.048161e+001
7.699404e+002,6.954533e+001
7.704225e+002,6.877958e+001
7.709047e+002,6.823489e+001
7.713868e+002,6.795098e+001
7.718689e+002,6.795025e+001
7.723510e+002,6.823297e+001
7.728331e+002,6.877644e+001
7.733152e+002,6.953822e+001
7.737974e+002,7.046327e+001
7.742795e+002,7.149258e+001
7.747616e+002,7.257063e+001
7.752437e+002,7.365048e+001
7.757258e+002,7.469571e+001
7.762079e+002,7.568042e+001
7.766901e+002,7.658870e+001
7.771722e+002,7.741342e+001
7.776543e+002,7.815500e+001
7.781364e+002,7.881927e+001
7.786185e+002,7.941469e+001
7.791006e+002,7.994938e+001
7.795828e+002,8.042912e+001
7.800649e+002,8.085661e+001
7.805470e+002,8.123304e+001
7.810291e+002,8.156012e+001
7.815112e+002,8.184270e+001
7.819933e+002,8.208971e+001
7.824755e+002,8.231359e+001
7.829576e+002,8.252824e+001
7.834397e+002,8.274631e+001
7.839218e+002,8.297697e+001
7.844039e+002,8.322478e+001
7.848860e+002,8.348962e+001
7.853682e+002,8.376752e+001
7.858503e+002,8.405170e+001
7.863324e+002,8.433348e+001
7.868145e+002,8.460321e+001
7.872966e+002,8.485131e+001
7.877787e+002,8.506963e+001
7.882609e+002,8.525311e+001
7.887430e+002,8.540066e+001
7.892251e+002,8.551521e+001
7.897072e+002,8.560221e+001
7.901893e+002,8.566740e+001
7.906714e+002,8.571487e+001
7.911536e+002,8.574635e+001
7.916357e+002,8.576208e+001
7.921178e+002,8.576277e+001
7.925999e+002,8.575144e+001
7.930820e+002,8.573431e+001
7.935641e+002,8.571954e+001
7.940463e+002,8.571493e+001
7.945284e+002,8.572516e+001
7.950105e+002,8.575015e+001
7.954926e+002,8.578553e+001
7.959747e+002,8.582475e+001
7.964568e+002,8.586201e+001
7.969390e+002,8.589462e+001
7.974211e+002,8.592364e+001
7.979032e+002,8.595258e+001
7.983853e+002,8.598514e+001
7.988674e+002,8.602302e+001
7.993495e+002,8.606488e+001
7.998317e+002,8.610703e+001
8.003138e+002,8.614483e+001
8.007959e+002,8.617464e+001
8.012780e+002,8.619427e+001
8.017601e+002,8.620325e+001
8.022422e+002,8.620164e+001
8.027244e+002,8.618983e+001
8.032065e+002,8.616833e+001
8.036886e+002,8.613882e+001
8.041707e+002,8.610479e+001
8.046528e+002,8.607166e+001
8.051349e+002,8.604577e+001
8.056171e+002,8.603255e+001
8.060992e+002,8.603457e+001
8.065813e+002,8.605073e+001
8.070634e+002,8.607643e+001
8.075455e+002,8.610535e+001
8.080276e+002,8.613139e+001
8.085098e+002,8.615038e+001
8.089919e+002,8.616057e+001
8.094740e+002,8.616222e+001
8.099561e+002,8.615662e+001
8.104382e+002,8.614545e+001
8.109203e+002,8.613078e+001
8.114025e+002,8.611558e+001
8.118846e+002,8.610389e+001
8.123667e+002,8.610037e+001
8.128489e+002,8.610901e+001
8.133309e+002,8.613133e+001
8.138131e+002,8.616546e+001
8.142952e+002,8.620607e+001
8.147773e+002,8.624613e+001
8.152594e+002,8.627950e+001
8.157416e+002,8.630311e+001
8.162236e+002,8.631812e+001
8.167058e+002,8.632901e+001
8.171879e+002,8.634155e+001
8.176700e+002,8.636032e+001
8.181521e+002,8.638725e+001
8.186343e+002,8.642149e+001
8.191163e+002,8.646086e+001
8.195985e+002,8.650323e+001
8.200806e+002,8.654802e+001
8.205627e+002,8.659592e+001
8.210448e+002,8.664775e+001
8.215270e+002,8.670320e+001
8.220090e+002,8.675989e+001
8.224912e+002,8.681367e+001
8.229733e+002,8.685987e+001
8.234554e+002,8.689472e+001
8.239375e+002,8.691602e+001
8.244197e+002,8.692284e+001
8.249017e+002,8.691438e+001
8.253839e+002,8.688878e+001
8.258660e+002,8.684265e+001
8.263481e+002,8.677182e+001
8.268302e+002,8.667295e+001
8.273124e+002,8.654487e+001
8.277944e+002,8.638938e+001
8.282766e+002,8.621036e+001
8.287587e+002,8.601254e+001
8.292408e+002,8.579958e+001
8.297229e+002,8.557297e+001
8.302051e+002,8.533168e+001
8.306871e+002,8.507257e+001
8.311693e+002,8.479125e+001
8.316514e+002,8.448318e+001
8.321335e+002,8.414484e+001
8.326156e+002,8.377545e+001
8.330978e+002,8.337914e+001
8.335798e+002,8.296669e+001
8.340620e+002,8.255674e+001
8.345441e+002,8.217442e+001
8.350262e+002,8.184736e+001
8.355083e+002,8.159995e+001
8.359905e+002,8.144690e+001
8.364725e+002,8.138907e+001
8.369547e+002,8.141230e+001
8.374368e+002,8.149035e+001
8.379189e+002,8.159087e+001
8.384010e+002,8.168288e+001
8.388832e+002,8.174303e+001
8.393652e+002,8.175917e+001
8.398474e+002,8.172985e+001
8.403295e+002,8.166117e+001
8.408116e+002,8.156261e+001
8.412937e+002,8.144377e+001
8.417759e+002,8.131326e+001
8.422579e+002,8.117918e+001
8.427401e+002,8.105019e+001
8.432222e+002,8.093574e+001
8.437043e+002,8.084508e+001
8.441864e+002,8.078528e+001
8.446686e+002,8.075928e+001
8.451506e+002,8.076550e+001
8.456328e+002,8.079878e+001
8.461149e+002,8.085304e+001
8.465970e+002,8.092371e+001
8.470791e+002,8.100896e+001
8.475613e+002,8.110903e+001
8.480433e+002,8.122404e+001
8.485255e+002,8.135155e+001
8.490076e+002,8.148528e+001
8.494897e+002,8.161606e+001
8.499718e+002,8.173432e+001
8.504540e+002,8.183315e+001
8.509360e+002,8.191014e+001
8.514182e+002,8.196697e+001
8.519003e+002,8.200716e+001
8.523824e+002,8.203303e+001
8.528645e+002,8.204382e+001
8.533467e+002,8.203568e+001
8.538287e+002,8.200358e+001
8.543109e+002,8.194408e+001
8.547930e+002,8.185699e+001
8.552751e+002,8.174508e+001
8.557572e+002,8.161185e+001
8.562394e+002,8.145847e+001
8.567214e+002,8.128128e+001
8.572036e+002,8.107124e+001
8.576857e+002,8.081535e+001
8.581678e+002,8.049889e+001
8.586499e+002,8.010751e+001
8.591321e+002,7.962752e+001
8.596141e+002,7.904488e+001
8.600963e+002,7.834470e+001
8.605784e+002,7.751241e+001
8.610605e+002,7.653883e+001
8.615426e+002,7.542776e+001
8.620248e+002,7.420465e+001
8.625068e+002,7.292284e+001
8.629890e+002,7.166437e+001
8.634711e+002,7.053409e+001
8.639532e+002,6.964655e+001
8.644353e+002,6.910811e+001
8.649175e+002,6.899715e+001
8.653995e+002,6.934792e+001
8.658817e+002,7.014216e+001
8.663638e+002,7.131194e+001
8.668459e+002,7.275217e+001
8.673280e+002,7.433926e+001
8.678102e+002,7.595043e+001
8.682922e+002,7.748006e+001
8.687744e+002,7.885069e+001
8.692565e+002,8.001807e+001
8.697386e+002,8.097021e+001
8.702207e+002,8.172126e+001
8.707029e+002,8.230195e+001
8.711849e+002,8.274923e+001
8.716671e+002,8.309791e+001
8.721492e+002,8.337553e+001
8.726313e+002,8.360126e+001
8.731134e+002,8.378712e+001
8.735956e+002,8.394084e+001
8.740776e+002,8.406793e+001
8.745598e+002,8.417275e+001
8.750419e+002,8.425828e+001
8.755240e+002,8.432584e+001
8.760061e+002,8.437524e+001
8.764883e+002,8.440588e+001
8.769703e+002,8.441847e+001
8.774525e+002,8.441627e+001
8.779346e+002,8.440546e+001
8.784167e+002,8.439360e+001
8.788988e+002,8.438722e+001
8.793810e+002,8.438959e+001
8.798630e+002,8.439966e+001
8.803452e+002,8.441254e+001
8.808273e+002,8.442175e+001
8.813094e+002,8.442164e+001
8.817915e+002,8.440965e+001
8.822737e+002,8.438654e+001
8.827557e+002,8.435576e+001
8.832379e+002,8.432153e+001
8.837200e+002,8.428744e+001
8.842021e+002,8.425567e+001
8.846842e+002,8.422720e+001
8.851664e+002,8.420233e+001
8.856484e+002,8.418137e+001
8.861306e+002,8.416449e+001
8.866127e+002,8.415139e+001
8.870948e+002,8.414076e+001
8.875769e+002,8.413036e+001
8.880591e+002,8.411758e+001
8.885411e+002,8.410078e+001
8.890233e+002,8.407985e+001
8.895054e+002,8.405646e+001
8.899875e+002,8.403311e+001
8.904696e+002,8.401172e+001
8.909518e+002,8.399250e+001
8.914338e+002,8.397373e+001
8.919160e+002,8.395251e+001
8.923981e+002,8.392632e+001
8.928802e+002,8.389426e+001
8.933623e+002,8.385744e+001
8.938445e+002,8.381806e+001
8.943265e+002,8.377793e+001
8.948087e+002,8.373724e+001
8.952908e+002,8.369430e+001
8.957729e+002,8.364657e+001
8.962550e+002,8.359264e+001
8.967372e+002,8.353376e+001
8.972192e+002,8.347419e+001
8.977014e+002,8.341992e+001
8.981835e+002,8.337636e+001
8.986656e+002,8.334599e+001
8.991477e+002,8.332721e+001
8.996299e+002,8.331486e+001
9.001119e+002,8.330248e+001
9.005941e+002,8.328499e+001
9.010762e+002,8.326048e+001
9.015583e+002,8.323085e+001
9.020404e+002,8.320025e+001
9.025226e+002,8.317287e+001
9.030046e+002,8.315112e+001
9.034868e+002,8.313451e+001
9.039689e+002,8.312022e+001
9.044510e+002,8.310445e+001
9.049331e+002,8.308389e+001
9.054153e+002,8.305673e+001
9.058973e+002,8.302254e+001
9.063795e+002,8.298177e+001
9.068616e+002,8.293517e+001
9.073438e+002,8.288371e+001
9.078258e+002,8.282901e+001
9.083080e+002,8.277367e+001
9.087900e+002,8.272134e+001
9.092722e+002,8.267579e+001
9.097543e+002,8.263966e+001
9.102365e+002,8.261301e+001
9.107185e+002,8.259289e+001
9.112007e+002,8.257389e+001
9.116828e+002,8.255006e+001
9.121649e+002,8.251679e+001
9.126470e+002,8.247240e+001
9.131292e+002,8.241837e+001
9.136113e+002,8.235811e+001
9.140934e+002,8.229510e+001
9.145755e+002,8.223122e+001
9.150576e+002,8.216595e+001
9.155397e+002,8.209678e+001
9.160219e+002,8.202048e+001
9.165040e+002,8.193458e+001
9.169861e+002,8.183826e+001
9.174682e+002,8.173244e+001
9.179503e+002,8.161903e+001
9.184324e+002,8.150003e+001
9.189146e+002,8.137653e+001
9.193967e+002,8.124840e+001
9.198788e+002,8.111411e+001
9.203609e+002,8.097073e+001
9.208430e+002,8.081390e+001
9.213251e+002,8.063774e+001
9.218073e+002,8.043512e+001
9.222894e+002,8.019822e+001
9.227715e+002,7.991954e+001
9.232536e+002,7.959314e+001
9.237357e+002,7.921486e+001
9.242178e+002,7.878200e+001
9.247000e+002,7.829154e+001
9.251821e+002,7.773821e+001
9.256642e+002,7.711343e+001
9.261463e+002,7.640652e+001
9.266284e+002,7.560858e+001
9.271105e+002,7.471904e+001
9.275927e+002,7.375324e+001
9.280748e+002,7.274855e+001
9.285569e+002,7.176684e+001
9.290390e+002,7.089140e+001
9.295211e+002,7.021751e+001
9.300032e+002,6.983775e+001
9.304854e+002,6.982449e+001
9.309675e+002,7.021365e+001
9.314496e+002,7.099461e+001
9.319317e+002,7.210957e+001
9.324138e+002,7.346302e+001
9.328959e+002,7.493835e+001
9.333781e+002,7.641761e+001
9.338602e+002,7.779940e+001
9.343423e+002,7.901214e+001
9.348244e+002,8.001991e+001
9.353065e+002,8.082085e+001
9.357886e+002,8.143888e+001
9.362708e+002,8.191189e+001
9.367529e+002,8.227973e+001
9.372350e+002,8.257548e+001
9.377171e+002,8.282134e+001
9.381992e+002,8.302910e+001
9.386813e+002,8.320332e+001
9.391635e+002,8.334548e+001
9.396456e+002,8.345681e+001
9.401277e+002,8.353952e+001
9.406098e+002,8.359649e+001
9.410919e+002,8.363038e+001
9.415740e+002,8.364322e+001
9.420562e+002,8.363689e+001
9.425383e+002,8.361402e+001
9.430204e+002,8.357845e+001
9.435025e+002,8.353532e+001
9.439846e+002,8.348972e+001
9.444667e+002,8.344537e+001
9.449489e+002,8.340363e+001
9.454310e+002,8.336356e+001
9.459131e+002,8.332299e+001
9.463952e+002,8.328036e+001
9.468773e+002,8.323588e+001
9.473594e+002,8.319186e+001
9.478416e+002,8.315176e+001
9.483237e+002,8.311856e+001
9.488058e+002,8.309316e+001
9.492879e+002,8.307409e+001
9.497700e+002,8.305799e+001
9.502521e+002,8.304129e+001
9.507343e+002,8.302161e+001
9.512164e+002,8.299875e+001
9.516985e+002,8.297433e+001
9.521806e+002,8.295077e+001
9.526627e+002,8.292976e+001
9.531448e+002,8.291167e+001
9.536270e+002,8.289535e+001
9.541091e+002,8.287883e+001
9.545912e+002,8.286020e+001
9.550733e+002,8.283821e+001
9.555554e+002,8.281231e+001
9.560375e+002,8.278233e+001
9.565197e+002,8.274825e+001
9.570018e+002,8.271023e+001
9.574839e+002,8.266901e+001
9.579660e+002,8.262643e+001
9.584481e+002,8.258527e+001
9.589302e+002,8.254873e+001
9.594124e+002,8.251888e+001
9.598945e+002,8.249565e+001
9.603766e+002,8.247620e+001
9.608587e+002,8.245555e+001
9.613408e+002,8.242828e+001
9.618229e+002,8.239061e+001
9.623051e+002,8.234180e+001
9.627872e+002,8.228447e+001
9.632693e+002,8.222339e+001
9.637514e+002,8.216360e+001
9.642335e+002,8.210865e+001
9.647156e+002,8.205952e+001
9.651978e+002,8.201500e+001
9.656799e+002,8.197286e+001
9.661620e+002,8.193107e+001
9.666441e+002,8.188873e+001
9.671262e+002,8.184592e+001
9.676083e+002,8.180307e+001
9.680905e+002,8.176019e+001
9.685726e+002,8.171662e+001
9.690547e+002,8.167143e+001
9.695368e+002,8.162440e+001
9.700189e+002,8.157656e+001
9.705010e+002,8.153020e+001
9.709832e+002,8.148811e+001
9.714653e+002,8.145216e+001
9.719474e+002,8.142233e+001
9.724295e+002,8.139651e+001
9.729116e+002,8.137105e+001
9.733937e+002,8.134241e+001
9.738759e+002,8.130837e+001
9.743580e+002,8.126876e+001
9.748401e+002,8.122503e+001
9.753222e+002,8.117901e+001
9.758043e+002,8.113177e+001
9.762864e+002,8.108270e+001
9.767686e+002,8.102962e+001
9.772507e+002,8.096978e+001
9.777328e+002,8.090089e+001
9.782149e+002,8.082199e+001
9.786970e+002,8.073349e+001
9.791791e+002,8.063658e+001
9.796613e+002,8.053246e+001
9.801434e+002,8.042167e+001
9.806255e+002,8.030386e+001
9.811076e+002,8.017807e+001
9.815897e+002,8.004316e+001
9.820718e+002,7.989810e+001
9.825540e+002,7.974210e+001
9.830361e+002,7.957464e+001
9.835182e+002,7.939550e+001
9.840003e+002,7.920497e+001
9.844824e+002,7.900397e+001
9.849645e+002,7.879403e+001
9.854467e+002,7.857671e+001
9.859288e+002,7.835276e+001
9.864109e+002,7.812112e+001
9.868930e+002,7.787856e+001
9.873751e+002,7.762010e+001
9.878572e+002,7.734049e+001
9.883394e+002,7.703583e+001
9.888215e+002,7.670499e+001
9.893036e+002,7.635001e+001
9.897857e+002,7.597490e+001
9.902678e+002,7.558409e+001
9.907499e+002,7.518047e+001
9.912321e+002,7.476447e+001
9.917142e+002,7.433463e+001
9.921963e+002,7.388894e+001
9.926784e+002,7.342694e+001
9.931605e+002,7.295090e+001
9.936426e+002,7.246616e+001
9.941248e+002,7.198011e+001
9.946069e+002,7.150058e+001
9.950890e+002,7.103429e+001
9.955711e+002,7.058583e+001
9.960532e+002,7.015746e+001
9.965353e+002,6.974974e+001
9.970175e+002,6.936233e+001
9.974996e+002,6.899497e+001
9.979817e+002,6.864844e+001
9.984638e+002,6.832512e+001
9.989459e+002,6.802944e+001
9.994280e+002,6.776830e+001
9.999102e+002,6.755083e+001
1.000392e+003,6.738792e+001
1.000874e+003,6.729107e+001
1.001357e+003,6.727103e+001
1.001839e+003,6.733611e+001
1.002321e+003,6.749069e+001
1.002803e+003,6.773426e+001
1.003285e+003,6.806101e+001
1.003767e+003,6.846029e+001
1.004249e+003,6.891770e+001
1.004731e+003,6.941659e+001
1.005213e+003,6.993951e+001
1.005696e+003,7.046928e+001
1.006178e+003,7.098933e+001
1.006660e+003,7.148396e+001
1.007142e+003,7.193880e+001
1.007624e+003,7.234153e+001
1.008106e+003,7.268311e+001
1.008588e+003,7.295860e+001
1.009070e+003,7.316730e+001
1.009552e+003,7.331171e+001
1.010035e+003,7.339577e+001
1.010517e+003,7.342320e+001
1.010999e+003,7.339672e+001
1.011481e+003,7.331831e+001
1.011963e+003,7.319032e+001
1.012445e+003,7.301633e+001
1.012927e+003,7.280166e+001
1.013409e+003,7.255254e+001
1.013892e+003,7.227490e+001
1.014374e+003,7.197304e+001
1.014856e+003,7.164917e+001
1.015338e+003,7.130386e+001
1.015820e+003,7.093715e+001
1.016302e+003,7.054966e+001
1.016784e+003,7.014314e+001
1.017266e+003,6.971994e+001
1.017748e+003,6.928221e+001
1.018231e+003,6.883070e+001
1.018713e+003,6.836433e+001
1.019195e+003,6.788054e+001
1.019677e+003,6.737648e+001
1.020159e+003,6.685013e+001
1.020641e+003,6.630147e+001
1.021123e+003,6.573251e+001
1.021605e+003,6.514729e+001
1.022088e+003,6.455094e+001
1.022570e+003,6.394929e+001
1.023052e+003,6.334836e+001
1.023534e+003,6.275439e+001
1.024016e+003,6.217379e+001
1.024498e+003,6.161286e+001
1.024980e+003,6.107722e+001
1.025462e+003,6.057054e+001
1.025944e+003,6.009305e+001
1.026427e+003,5.964023e+001
1.026909e+003,5.920157e+001
1.027391e+003,5.876080e+001
1.027873e+003,5.829715e+001
1.028355e+003,5.778810e+001
1.028837e+003,5.721288e+001
1.029319e+003,5.655626e+001
1.029801e+003,5.581223e+001
1.030283e+003,5.498693e+001
1.030766e+003,5.410067e+001
1.031248e+003,5.318851e+001
1.031730e+003,5.229921e+001
1.032212e+003,5.149236e+001
1.032694e+003,5.083356e+001
1.033176e+003,5.038801e+001
1.033658e+003,5.021233e+001
1.034140e+003,5.034580e+001
1.034623e+003,5.080227e+001
1.035105e+003,5.156562e+001
1.035587e+003,5.259035e+001
1.036069e+003,5.380846e+001
1.036551e+003,5.514034e+001
1.037033e+003,5.650684e+001
1.037515e+003,5.783935e+001
1.037997e+003,5.908607e+001
1.038479e+003,6.021469e+001
1.038962e+003,6.121165e+001
1.039444e+003,6.207919e+001
1.039926e+003,6.283072e+001
1.040408e+003,6.348567e+001
1.040890e+003,6.406426e+001
1.041372e+003,6.458355e+001
1.041854e+003,6.505512e+001
1.042336e+003,6.548453e+001
1.042819e+003,6.587248e+001
1.043301e+003,6.621700e+001
1.043783e+003,6.651561e+001
1.044265e+003,6.676672e+001
1.044747e+003,6.697028e+001
1.045229e+003,6.712727e+001
1.045711e+003,6.723917e+001
1.046193e+003,6.730731e+001
1.046676e+003,6.733278e+001
1.047158e+003,6.731649e+001
1.047640e+003,6.725942e+001
1.048122e+003,6.716274e+001
1.048604e+003,6.702828e+001
1.049086e+003,6.685954e+001
1.049568e+003,6.666340e+001
1.050050e+003,6.645254e+001
1.050532e+003,6.624770e+001
1.051015e+003,6.607844e+001
1.051497e+003,6.598190e+001
1.051979e+003,6.599893e+001
1.052461e+003,6.616790e+001
1.052943e+003,6.651762e+001
1.053425e+003,6.706097e+001
1.053907e+003,6.779086e+001
1.054389e+003,6.868017e+001
1.054871e+003,6.968592e+001
1.055354e+003,7.075675e+001
1.055836e+003,7.184117e+001
1.056318e+003,7.289429e+001
1.056800e+003,7.388155e+001
1.057282e+003,7.477975e+001
1.057764e+003,7.557607e+001
1.058246e+003,7.626680e+001
1.058728e+003,7.685553e+001
1.059210e+003,7.735180e+001
1.059693e+003,7.776891e+001
1.060175e+003,7.812186e+001
1.060657e+003,7.842499e+001
1.061139e+003,7.869041e+001
1.061621e+003,7.892713e+001
1.062103e+003,7.914133e+001
1.062585e+003,7.933710e+001
1.063067e+003,7.951735e+001
1.063550e+003,7.968419e+001
1.064032e+003,7.983906e+001
1.064514e+003,7.998228e+001
1.064996e+003,8.011321e+001
1.065478e+003,8.023064e+001
1.065960e+003,8.033353e+001
1.066442e+003,8.042186e+001
1.066924e+003,8.049698e+001
1.067406e+003,8.056110e+001
1.067889e+003,8.061659e+001
1.068371e+003,8.066506e+001
1.068853e+003,8.070724e+001
1.069335e+003,8.074329e+001
1.069817e+003,8.077386e+001
1.070299e+003,8.080064e+001
1.070781e+003,8.082639e+001
1.071263e+003,8.085419e+001
1.071746e+003,8.088606e+001
1.072228e+003,8.092200e+001
1.072710e+003,8.095988e+001
1.073192e+003,8.099639e+001
1.073674e+003,8.102859e+001
1.074156e+003,8.105539e+001
1.074638e+003,8.107794e+001
1.075120e+003,8.109873e+001
1.075603e+003,8.112000e+001
1.076085e+003,8.114211e+001
1.076567e+003,8.116312e+001
1.077049e+003,8.117942e+001
1.077531e+003,8.118755e+001
1.078013e+003,8.118605e+001
1.078495e+003,8.117625e+001
1.078977e+003,8.116184e+001
1.079459e+003,8.114707e+001
1.079942e+003,8.113493e+001
1.080424e+003,8.112601e+001
1.080906e+003,8.111881e+001
1.081388e+003,8.111103e+001
1.081870e+003,8.110140e+001
1.082352e+003,8.109050e+001
1.082834e+003,8.108063e+001
1.083316e+003,8.107423e+001
1.083798e+003,8.107213e+001
1.084281e+003,8.107230e+001
1.084763e+003,8.107019e+001
1.085245e+003,8.106030e+001
1.085727e+003,8.103829e+001
1.086209e+003,8.100290e+001
1.086691e+003,8.095643e+001
1.087173e+003,8.090395e+001
1.087655e+003,8.085149e+001
1.088137e+003,8.080416e+001
1.088620e+003,8.076495e+001
1.089102e+003,8.073430e+001
1.089584e+003,8.071056e+001
1.090066e+003,8.069077e+001
1.090548e+003,8.067137e+001
1.091030e+003,8.064877e+001
1.091512e+003,8.061965e+001
1.091994e+003,8.058167e+001
1.092477e+003,8.053407e+001
1.092959e+003,8.047840e+001
1.093441e+003,8.041833e+001
1.093923e+003,8.035893e+001
1.094405e+003,8.030479e+001
1.094887e+003,8.025811e+001
1.095369e+003,8.021731e+001
1.095851e+003,8.017686e+001
1.096333e+003,8.012857e+001
1.096816e+003,8.006400e+001
1.097298e+003,7.997671e+001
1.097780e+003,7.986422e+001
1.098262e+003,7.972826e+001
1.098744e+003,7.957405e+001
1.099226e+003,7.940898e+001
1.099708e+003,7.924150e+001
1.100190e+003,7.908030e+001
1.100673e+003,7.893407e+001
1.101155e+003,7.881114e+001
1.101637e+003,7.871886e+001
1.102119e+003,7.866247e+001
1.102601e+003,7.864411e+001
1.103083e+003,7.866196e+001
1.103565e+003,7.871040e+001
1.104047e+003,7.878111e+001
1.104530e+003,7.886496e+001
1.105012e+003,7.895367e+001
1.105494e+003,7.904133e+001
1.105976e+003,7.912440e+001
1.106458e+003,7.920131e+001
1.106940e+003,7.927147e+001
1.107422e+003,7.933463e+001
1.107904e+003,7.939103e+001
1.108386e+003,7.944177e+001
1.108869e+003,7.948917e+001
1.109351e+003,7.953657e+001
1.109833e+003,7.958730e+001
1.110315e+003,7.964339e+001
1.110797e+003,7.970444e+001
1.111279e+003,7.976752e+001
1.111761e+003,7.982770e+001
1.112243e+003,7.988000e+001
1.112725e+003,7.992059e+001
1.113208e+003,7.994791e+001
1.113690e+003,7.996245e+001
1.114172e+003,7.996574e+001
1.114654e+003,7.995956e+001
1.115136e+003,7.994518e+001
1.115618e+003,7.992367e+001
1.116100e+003,7.989671e+001
1.116582e+003,7.986707e+001
1.117064e+003,7.983870e+001
1.117547e+003,7.981577e+001
1.118029e+003,7.980143e+001
1.118511e+003,7.979642e+001
1.118993e+003,7.979892e+001
1.119475e+003,7.980477e+001
1.119957e+003,7.980896e+001
1.120439e+003,7.980693e+001
1.120921e+003,7.979576e+001
1.121404e+003,7.977428e+001
1.121886e+003,7.974291e+001
1.122368e+003,7.970305e+001
1.122850e+003,7.965691e+001
1.123332e+003,7.960747e+001
1.123814e+003,7.955869e+001
1.124296e+003,7.951521e+001
1.124778e+003,7.948166e+001
1.125260e+003,7.946130e+001
1.125743e+003,7.945491e+001
1.126225e+003,7.946027e+001
1.126707e+003,7.947265e+001
1.127189e+003,7.948621e+001
1.127671e+003,7.949597e+001
1.128153e+003,7.949893e+001
1.128635e+003,7.949470e+001
1.129117e+003,7.948464e+001
1.129600e+003,7.947070e+001
1.130082e+003,7.945430e+001
1.130564e+003,7.943596e+001
1.131046e+003,7.941582e+001
1.131528e+003,7.939461e+001
1.132010e+003,7.937403e+001
1.132492e+003,7.935645e+001
1.132974e+003,7.934386e+001
1.133457e+003,7.933635e+001
1.133939e+003,7.933131e+001
1.134421e+003,7.932368e+001
1.134903e+003,7.930743e+001
1.135385e+003,7.927733e+001
1.135867e+003,7.923050e+001
1.136349e+003,7.916633e+001
1.136831e+003,7.908543e+001
1.137313e+003,7.898749e+001
1.137796e+003,7.886987e+001
1.138278e+003,7.872751e+001
1.138760e+003,7.855450e+001
1.139242e+003,7.834701e+001
1.139724e+003,7.810616e+001
1.140206e+003,7.783968e+001
1.140688e+003,7.756145e+001
1.141170e+003,7.728937e+001
1.141652e+003,7.704142e+001
1.142135e+003,7.683220e+001
1.142617e+003,7.666990e+001
1.143099e+003,7.655495e+001
1.143581e+003,7.648039e+001
1.144063e+003,7.643385e+001
1.144545e+003,7.640000e+001
1.145027e+003,7.636333e+001
1.145509e+003,7.630946e+001
1.145991e+003,7.622536e+001
1.146474e+003,7.609817e+001
1.146956e+003,7.591339e+001
1.147438e+003,7.565330e+001
1.147920e+003,7.529720e+001
1.148402e+003,7.482426e+001
1.148884e+003,7.421932e+001
1.149366e+003,7.348045e+001
1.149848e+003,7.262635e+001
1.150331e+003,7.170007e+001
1.150813e+003,7.076692e+001
1.151295e+003,6.990551e+001
1.151777e+003,6.919376e+001
1.152259e+003,6.869437e+001
1.152741e+003,6.844381e+001
1.153223e+003,6.844794e+001
1.153705e+003,6.868494e+001
1.154188e+003,6.911382e+001
1.154670e+003,6.968583e+001
1.155152e+003,7.035487e+001
1.155634e+003,7.108430e+001
1.156116e+003,7.184818e+001
1.156598e+003,7.262819e+001
1.157080e+003,7.340825e+001
1.157562e+003,7.417024e+001
1.158044e+003,7.489278e+001
1.158527e+003,7.555351e+001
1.159009e+003,7.613355e+001
1.159491e+003,7.662160e+001
1.159973e+003,7.701559e+001
1.160455e+003,7.732155e+001
1.160937e+003,7.755029e+001
1.161419e+003,7.771410e+001
1.161901e+003,7.782440e+001
1.162384e+003,7.789142e+001
1.162866e+003,7.792461e+001
1.163348e+003,7.793347e+001
1.163830e+003,7.792722e+001
1.164312e+003,7.791369e+001
1.164794e+003,7.789778e+001
1.165276e+003,7.788091e+001
1.165758e+003,7.786144e+001
1.166240e+003,7.783665e+001
1.166723e+003,7.780471e+001
1.167205e+003,7.776625e+001
1.167687e+003,7.772409e+001
1.168169e+003,7.768199e+001
1.168651e+003,7.764259e+001
1.169133e+003,7.760625e+001
1.169615e+003,7.757107e+001
1.170097e+003,7.753439e+001
1.170579e+003,7.749474e+001
1.171062e+003,7.745314e+001
1.171544e+003,7.741311e+001
1.172026e+003,7.737918e+001
1.172508e+003,7.735476e+001
1.172990e+003,7.734066e+001
1.173472e+003,7.733466e+001
1.173954e+003,7.733267e+001
1.174436e+003,7.733088e+001
1.174918e+003,7.732738e+001
1.175401e+003,7.732274e+001
1.175883e+003,7.731913e+001
1.176365e+003,7.731855e+001
1.176847e+003,7.732114e+001
1.177329e+003,7.732442e+001
1.177811e+003,7.732409e+001
1.178293e+003,7.731555e+001
1.178775e+003,7.729578e+001
1.179258e+003,7.726421e+001
1.179740e+003,7.722264e+001
1.180222e+003,7.717401e+001
1.180704e+003,7.712101e+001
1.181186e+003,7.706525e+001
1.181668e+003,7.700709e+001
1.182150e+003,7.694635e+001
1.182632e+003,7.688313e+001
1.183115e+003,7.681815e+001
1.183597e+003,7.675272e+001
1.184079e+003,7.668811e+001
1.184561e+003,7.662531e+001
1.185043e+003,7.656409e+001
1.185525e+003,7.650471e+001
1.186007e+003,7.644804e+001
1.186489e+003,7.639585e+001
1.186971e+003,7.635050e+001
1.187454e+003,7.631399e+001
1.187936e+003,7.628709e+001
1.188418e+003,7.626889e+001
1.188900e+003,7.625697e+001
1.189382e+003,7.624854e+001
1.189864e+003,7.624136e+001
1.190346e+003,7.623462e+001
1.190828e+003,7.622898e+001
1.191311e+003,7.622562e+001
1.191793e+003,7.622551e+001
1.192275e+003,7.622840e+001
1.192757e+003,7.623306e+001
1.193239e+003,7.623783e+001
1.193721e+003,7.624156e+001
1.194203e+003,7.624432e+001
1.194685e+003,7.624709e+001
1.195167e+003,7.625131e+001
1.195650e+003,7.625758e+001
1.196132e+003,7.626516e+001
1.196614e+003,7.627213e+001
1.197096e+003,7.627603e+001
1.197578e+003,7.627516e+001
1.198060e+003,7.626916e+001
1.198542e+003,7.625916e+001
1.199024e+003,7.624711e+001
1.199506e+003,7.623491e+001
1.199989e+003,7.622354e+001
1.200471e+003,7.621297e+001
1.200953e+003,7.620239e+001
1.201435e+003,7.619091e+001
1.201917e+003,7.617780e+001
1.202399e+003,7.616237e+001
1.202881e+003,7.614361e+001
1.203363e+003,7.611979e+001
1.203845e+003,7.608858e+001
1.204328e+003,7.604759e+001
1.204810e+003,7.599562e+001
1.205292e+003,7.593323e+001
1.205774e+003,7.586298e+001
1.206256e+003,7.578856e+001
1.206738e+003,7.571349e+001
1.207220e+003,7.563993e+001
1.207702e+003,7.556802e+001
1.208185e+003,7.549639e+001
1.208667e+003,7.542317e+001
1.209149e+003,7.534710e+001
1.209631e+003,7.526825e+001
1.210113e+003,7.518774e+001
1.210595e+003,7.510677e+001
1.211077e+003,7.502567e+001
1.211559e+003,7.494346e+001
1.212042e+003,7.485802e+001
1.212524e+003,7.476715e+001
1.213006e+003,7.466956e+001
1.213488e+003,7.456552e+001
1.213970e+003,7.445658e+001
1.214452e+003,7.434476e+001
1.214934e+003,7.423141e+001
1.215416e+003,7.411671e+001
1.215898e+003,7.399960e+001
1.216381e+003,7.387865e+001
1.216863e+003,7.375284e+001
1.217345e+003,7.362202e+001
1.217827e+003,7.348709e+001
1.218309e+003,7.334934e+001
1.218791e+003,7.320983e+001
1.219273e+003,7.306924e+001
1.219755e+003,7.292785e+001
1.220238e+003,7.278626e+001
1.220720e+003,7.264574e+001
1.221202e+003,7.250838e+001
1.221684e+003,7.237635e+001
1.222166e+003,7.225120e+001
1.222648e+003,7.213301e+001
1.223130e+003,7.202016e+001
1.223612e+003,7.191003e+001
1.224094e+003,7.179987e+001
1.224577e+003,7.168802e+001
1.225059e+003,7.157439e+001
1.225541e+003,7.146013e+001
1.226023e+003,7.134683e+001
1.226505e+003,7.123524e+001
1.226987e+003,7.112458e+001
1.227469e+003,7.101247e+001
1.227951e+003,7.089572e+001
1.228434e+003,7.077120e+001
1.228916e+003,7.063685e+001
1.229398e+003,7.049208e+001
1.229880e+003,7.033761e+001
1.230362e+003,7.017482e+001
1.230844e+003,7.000536e+001
1.231326e+003,6.983039e+001
1.231808e+003,6.965057e+001
1.232291e+003,6.946540e+001
1.232773e+003,6.927334e+001
1.233255e+003,6.907143e+001
1.233737e+003,6.885577e+001
1.234219e+003,6.862247e+001
1.234701e+003,6.836950e+001
1.235183e+003,6.809886e+001
1.235665e+003,6.781860e+001
1.236147e+003,6.754319e+001
1.236630e+003,6.729239e+001
1.237112e+003,6.708795e+001
1.237594e+003,6.694935e+001
1.238076e+003,6.688926e+001
1.238558e+003,6.691051e+001
1.239040e+003,6.700498e+001
1.239522e+003,6.715506e+001
1.240004e+003,6.733746e+001
1.240486e+003,6.752801e+001
1.240969e+003,6.770611e+001
1.241451e+003,6.785765e+001
1.241933e+003,6.797589e+001
1.242415e+003,6.806039e+001
1.242897e+003,6.811514e+001
1.243379e+003,6.814626e+001
1.243861e+003,6.816022e+001
1.244343e+003,6.816248e+001
1.244825e+003,6.815690e+001
1.245308e+003,6.814540e+001
1.245790e+003,6.812821e+001
1.246272e+003,6.810418e+001
1.246754e+003,6.807140e+001
1.247236e+003,6.802795e+001
1.247718e+003,6.797254e+001
1.248200e+003,6.790493e+001
1.248682e+003,6.782587e+001
1.249165e+003,6.773678e+001
1.249647e+003,6.763934e+001
1.250129e+003,6.753490e+001
1.250611e+003,6.742435e+001
1.251093e+003,6.730825e+001
1.251575e+003,6.718697e+001
1.252057e+003,6.706094e+001
1.252539e+003,6.693066e+001
1.253021e+003,6.679657e+001
1.253504e+003,6.665891e+001
1.253986e+003,6.651769e+001
1.254468e+003,6.637272e+001
1.254950e+003,6.622387e+001
1.255432e+003,6.607147e+001
1.255914e+003,6.591633e+001
1.256396e+003,6.575971e+001
1.256878e+003,6.560308e+001
1.257361e+003,6.544774e+001
1.257843e+003,6.529459e+001
1.258325e+003,6.514416e+001
1.258807e+003,6.499660e+001
1.259289e+003,6.485213e+001
1.259771e+003,6.471109e+001
1.260253e+003,6.457403e+001
1.260735e+003,6.444152e+001
1.261218e+003,6.431382e+001
1.261700e+003,6.419069e+001
1.262182e+003,6.407120e+001
1.262664e+003,6.395372e+001
1.263146e+003,6.383639e+001
1.263628e+003,6.371740e+001
1.264110e+003,6.359529e+001
1.264592e+003,6.346906e+001
1.265074e+003,6.333815e+001
1.265557e+003,6.320226e+001
1.266039e+003,6.306110e+001
1.266521e+003,6.291458e+001
1.267003e+003,6.276268e+001
1.267485e+003,6.260565e+001
1.267967e+003,6.244405e+001
1.268449e+003,6.227869e+001
1.268931e+003,6.211019e+001
1.269413e+003,6.193876e+001
1.269896e+003,6.176376e+001
1.270378e+003,6.158368e+001
1.270860e+003,6.139607e+001
1.271342e+003,6.119810e+001
1.271824e+003,6.098673e+001
1.272306e+003,6.075899e+001
1.272788e+003,6.051171e+001
1.273270e+003,6.024098e+001
1.273752e+003,5.994145e+001
1.274235e+003,5.960619e+001
1.274717e+003,5.922713e+001
1.275199e+003,5.879691e+001
1.275681e+003,5.831130e+001
1.276163e+003,5.777199e+001
1.276645e+003,5.718896e+001
1.277127e+003,5.658092e+001
1.277609e+003,5.597398e+001
1.278092e+003,5.539793e+001
1.278574e+003,5.488160e+001
1.279056e+003,5.444820e+001
1.279538e+003,5.411247e+001
1.280020e+003,5.387975e+001
1.280502e+003,5.374714e+001
1.280984e+003,5.370548e+001
1.281466e+003,5.374152e+001
1.281948e+003,5.383979e+001
1.282431e+003,5.398394e+001
1.282913e+003,5.415803e+001
1.283395e+003,5.434771e+001
1.283877e+003,5.454148e+001
1.284359e+003,5.473175e+001
1.284841e+003,5.491528e+001
1.285323e+003,5.509283e+001
1.285805e+003,5.526793e+001
1.286288e+003,5.544485e+001
1.286770e+003,5.562653e+001
1.287252e+003,5.581285e+001
1.287734e+003,5.599996e+001
1.288216e+003,5.618068e+001
1.288698e+003,5.634606e+001
1.289180e+003,5.648709e+001
1.289662e+003,5.659655e+001
1.290145e+003,5.666991e+001
1.290627e+003,5.670553e+001
1.291109e+003,5.670398e+001
1.291591e+003,5.666733e+001
1.292073e+003,5.659837e+001
1.292555e+003,5.650056e+001
1.293037e+003,5.637788e+001
1.293519e+003,5.623505e+001
1.294001e+003,5.607726e+001
1.294484e+003,5.590963e+001
1.294966e+003,5.573650e+001
1.295448e+003,5.556085e+001
1.295930e+003,5.538416e+001
1.296412e+003,5.520664e+001
1.296894e+003,5.502778e+001
1.297376e+003,5.484702e+001
1.297858e+003,5.466397e+001
1.298340e+003,5.447870e+001
1.298823e+003,5.429146e+001
1.299305e+003,5.410255e+001
1.299787e+003,5.391207e+001
1.300269e+003,5.372000e+001
1.300751e+003,5.352623e+001
1.301233e+003,5.333056e+001
1.301715e+003,5.313272e+001
1.302197e+003,5.293238e+001
1.302679e+003,5.272898e+001
1.303162e+003,5.252206e+001
1.303644e+003,5.231133e+001
1.304126e+003,5.209691e+001
1.304608e+003,5.187948e+001
1.305090e+003,5.166011e+001
1.305572e+003,5.144003e+001
1.306054e+003,5.122025e+001
1.306536e+003,5.100128e+001
1.307019e+003,5.078322e+001
1.307501e+003,5.056570e+001
1.307983e+003,5.034822e+001
1.308465e+003,5.013028e+001
1.308947e+003,4.991134e+001
1.309429e+003,4.969092e+001
1.309911e+003,4.946858e+001
1.310393e+003,4.924405e+001
1.310875e+003,4.901741e+001
1.311358e+003,4.878920e+001
1.311840e+003,4.856041e+001
1.312322e+003,4.833200e+001
1.312804e+003,4.810448e+001
1.313286e+003,4.787726e+001
1.313768e+003,4.764862e+001
1.314250e+003,4.741605e+001
1.314732e+003,4.717702e+001
1.315215e+003,4.692976e+001
1.315697e+003,4.667366e+001
1.316179e+003,4.640934e+001
1.316661e+003,4.613802e+001
1.317143e+003,4.586081e+001
1.317625e+003,4.557813e+001
1.318107e+003,4.528938e+001
1.318589e+003,4.499320e+001
1.319072e+003,4.468808e+001
1.319554e+003,4.437277e+001
1.320036e+003,4.404666e+001
1.320518e+003,4.370986e+001
1.321000e+003,4.336298e+001
1.321482e+003,4.300737e+001
1.321964e+003,4.264513e+001
1.322446e+003,4.227934e+001
1.322928e+003,4.191393e+001
1.323411e+003,4.155307e+001
1.323893e+003,4.120009e+001
1.324375e+003,4.085638e+001
1.324857e+003,4.052058e+001
1.325339e+003,4.018901e+001
1.325821e+003,3.985659e+001
1.326303e+003,3.951834e+001
1.326785e+003,3.917033e+001
1.327267e+003,3.880995e+001
1.327750e+003,3.843502e+001
1.328232e+003,3.804274e+001
1.328714e+003,3.762880e+001
1.329196e+003,3.718729e+001
1.329678e+003,3.671151e+001
1.330160e+003,3.619513e+001
1.330642e+003,3.563301e+001
1.331124e+003,3.502120e+001
1.331606e+003,3.435633e+001
1.332089e+003,3.363494e+001
1.332571e+003,3.285379e+001
1.333053e+003,3.201178e+001
1.333535e+003,3.111322e+001
1.334017e+003,3.017124e+001
1.334499e+003,2.920995e+001
1.334981e+003,2.826361e+001
1.335463e+003,2.737231e+001
1.335946e+003,2.657557e+001
1.336428e+003,2.590580e+001
1.336910e+003,2.538447e+001
1.337392e+003,2.502227e+001
1.337874e+003,2.482174e+001
1.338356e+003,2.477992e+001
1.338838e+003,2.488853e+001
1.339320e+003,2.513190e+001
1.339802e+003,2.548508e+001
1.340285e+003,2.591579e+001
1.340767e+003,2.639115e+001
1.341249e+003,2.688659e+001
1.341731e+003,2.739263e+001
1.342213e+003,2.791624e+001
1.342695e+003,2.847685e+001
1.343177e+003,2.909854e+001
1.343659e+003,2.980116e+001
1.344142e+003,3.059340e+001
1.344624e+003,3.146970e+001
1.345106e+003,3.241185e+001
1.345588e+003,3.339365e+001
1.346070e+003,3.438597e+001
1.346552e+003,3.536010e+001
1.347034e+003,3.628874e+001
1.347516e+003,3.714591e+001
1.347999e+003,3.790739e+001
1.348481e+003,3.855241e+001
1.348963e+003,3.906622e+001
1.349445e+003,3.944233e+001
1.349927e+003,3.968308e+001
1.350409e+003,3.979839e+001
1.350891e+003,3.980302e+001
1.351373e+003,3.971356e+001
1.351855e+003,3.954613e+001
1.352338e+003,3.931528e+001
1.352820e+003,3.903416e+001
1.353302e+003,3.871527e+001
1.353784e+003,3.837096e+001
1.354266e+003,3.801295e+001
1.354748e+003,3.765114e+001
1.355230e+003,3.729198e+001
1.355712e+003,3.693761e+001
1.356194e+003,3.658647e+001
1.356677e+003,3.623537e+001
1.357159e+003,3.588190e+001
1.357641e+003,3.552617e+001
1.358123e+003,3.517091e+001
1.358605e+003,3.481998e+001
1.359087e+003,3.447635e+001
1.359569e+003,3.414062e+001
1.360051e+003,3.381086e+001
1.360533e+003,3.348439e+001
1.361016e+003,3.316016e+001
1.361498e+003,3.284059e+001
1.361980e+003,3.253130e+001
1.362462e+003,3.223822e+001
1.362944e+003,3.196364e+001
1.363426e+003,3.170365e+001
1.363908e+003,3.144946e+001
1.364390e+003,3.119172e+001
1.364873e+003,3.092496e+001
1.365355e+003,3.064980e+001
1.365837e+003,3.037212e+001
1.366319e+003,3.010000e+001
1.366801e+003,2.984007e+001
1.367283e+003,2.959461e+001
1.367765e+003,2.936060e+001
1.368247e+003,2.913169e+001
1.368729e+003,2.890161e+001
1.369212e+003,2.866732e+001
1.369694e+003,2.842995e+001
1.370176e+003,2.819306e+001
1.370658e+003,2.795990e+001
1.371140e+003,2.773134e+001
1.371622e+003,2.750600e+001
1.372104e+003,2.728222e+001
1.372586e+003,2.706099e+001
1.373069e+003,2.684767e+001
1.373551e+003,2.665079e+001
1.374033e+003,2.647768e+001
1.374515e+003,2.632920e+001
1.374997e+003,2.619734e+001
1.375479e+003,2.606832e+001
1.375961e+003,2.592898e+001
1.376443e+003,2.577271e+001
1.376926e+003,2.560160e+001
1.377408e+003,2.542453e+001
1.377890e+003,2.525232e+001
1.378372e+003,2.509246e+001
1.378854e+003,2.494569e+001
1.379336e+003,2.480663e+001
1.379818e+003,2.466805e+001
1.380300e+003,2.452641e+001
1.380782e+003,2.438526e+001
1.381265e+003,2.425431e+001
1.381747e+003,2.414464e+001
1.382229e+003,2.406259e+001
1.382711e+003,2.400594e+001
1.383193e+003,2.396505e+001
1.383675e+003,2.392884e+001
1.384157e+003,2.389215e+001
1.384639e+003,2.386076e+001
1.385121e+003,2.385098e+001
1.385604e+003,2.388400e+001
1.386086e+003,2.397628e+001
1.386568e+003,2.412980e+001
1.387050e+003,2.432817e+001
1.387532e+003,2.454257e+001
1.388014e+003,2.474507e+001
1.388496e+003,2.492062e+001
1.388978e+003,2.507027e+001
1.389460e+003,2.520538e+001
1.389943e+003,2.533843e+001
1.390425e+003,2.547625e+001
1.390907e+003,2.561879e+001
1.391389e+003,2.576281e+001
1.391871e+003,2.590789e+001
1.392353e+003,2.606120e+001
1.392835e+003,2.623816e+001
1.393317e+003,2.645712e+001
1.393800e+003,2.672928e+001
1.394282e+003,2.704862e+001
1.394764e+003,2.739019e+001
1.395246e+003,2.772085e+001
1.395728e+003,2.801693e+001
1.396210e+003,2.827704e+001
1.396692e+003,2.852267e+001
1.397174e+003,2.878837e+001
1.397656e+003,2.910768e+001
1.398139e+003,2.949954e+001
1.398621e+003,2.995970e+001
1.399103e+003,3.046142e+001
1.399585e+003,3.096698e+001
1.400067e+003,3.144437e+001
1.400549e+003,3.187907e+001
1.401031e+003,3.227485e+001
1.401513e+003,3.264620e+001
1.401996e+003,3.300940e+001
1.402478e+003,3.337680e+001
1.402960e+003,3.375566e+001
1.403442e+003,3.415002e+001
1.403924e+003,3.456279e+001
1.404406e+003,3.499569e+001
1.404888e+003,3.544645e+001
1.405370e+003,3.590551e+001
1.405853e+003,3.635550e+001
1.406335e+003,3.677536e+001
1.406817e+003,3.714722e+001
1.407299e+003,3.746249e+001
1.407781e+003,3.772409e+001
1.408263e+003,3.794384e+001
1.408745e+003,3.813616e+001
1.409227e+003,3.831088e+001
1.409709e+003,3.846840e+001
1.410192e+003,3.859961e+001
1.410674e+003,3.869086e+001
1.411156e+003,3.873122e+001
1.411638e+003,3.871776e+001
1.412120e+003,3.865601e+001
1.412602e+003,3.855534e+001
1.413084e+003,3.842275e+001
1.413566e+003,3.825883e+001
1.414048e+003,3.805847e+001
1.414531e+003,3.781591e+001
1.415013e+003,3.753102e+001
1.415495e+003,3.721320e+001
1.415977e+003,3.688055e+001
1.416459e+003,3.655492e+001
1.416941e+003,3.625465e+001
1.417423e+003,3.598840e+001
1.417905e+003,3.575248e+001
1.418387e+003,3.553397e+001
1.418870e+003,3.531948e+001
1.419352e+003,3.510452e+001
1.419834e+003,3.489664e+001
1.420316e+003,3.471092e+001
1.420798e+003,3.456338e+001
1.421280e+003,3.446864e+001
1.421762e+003,3.444188e+001
1.422244e+003,3.450226e+001
1.422727e+003,3.467406e+001
1.423209e+003,3.498256e+001
1.423691e+003,3.544336e+001
1.424173e+003,3.604964e+001
1.424655e+003,3.676684e+001
1.425137e+003,3.754181e+001
1.425619e+003,3.832241e+001
1.426101e+003,3.907461e+001
1.426583e+003,3.978880e+001
1.427066e+003,4.047569e+001
1.427548e+003,4.115659e+001
1.428030e+003,4.185282e+001
1.428512e+003,4.257767e+001
1.428994e+003,4.333332e+001
1.429476e+003,4.411428e+001
1.429958e+003,4.491454e+001
1.430440e+003,4.573322e+001
1.430923e+003,4.657415e+001
1.431405e+003,4.744019e+001
1.431887e+003,4.832721e+001
1.432369e+003,4.922298e+001
1.432851e+003,5.011263e+001
1.433333e+003,5.098715e+001
1.433815e+003,5.185052e+001
1.434297e+003,5.272215e+001
1.434780e+003,5.363292e+001
1.435262e+003,5.461273e+001
1.435744e+003,5.566935e+001
1.436226e+003,5.676619e+001
1.436708e+003,5.782108e+001
1.437190e+003,5.874088e+001
1.437672e+003,5.946946e+001
1.438154e+003,6.000898e+001
1.438636e+003,6.040473e+001
1.439119e+003,6.071566e+001
1.439601e+003,6.099180e+001
1.440083e+003,6.126414e+001
1.440565e+003,6.154433e+001
1.441047e+003,6.183003e+001
1.441529e+003,6.211230e+001
1.442011e+003,6.238210e+001
1.442493e+003,6.263360e+001
1.442976e+003,6.286385e+001
1.443458e+003,6.307046e+001
1.443940e+003,6.325001e+001
1.444422e+003,6.339859e+001
1.444904e+003,6.351443e+001
1.445386e+003,6.360032e+001
1.445868e+003,6.366415e+001
1.446350e+003,6.371660e+001
1.446833e+003,6.376620e+001
1.447314e+003,6.381419e+001
1.447797e+003,6.385205e+001
1.448279e+003,6.386417e+001
1.448761e+003,6.383485e+001
1.449243e+003,6.375512e+001
1.449725e+003,6.362500e+001
1.450207e+003,6.345038e+001
1.450689e+003,6.323779e+001
1.451171e+003,6.299056e+001
1.451654e+003,6.270845e+001
1.452136e+003,6.239011e+001
1.452618e+003,6.203636e+001
1.453100e+003,6.165094e+001
1.453582e+003,6.123770e+001
1.454064e+003,6.079461e+001
1.454546e+003,6.030723e+001
1.455028e+003,5.974582e+001
1.455510e+003,5.906976e+001
1.455993e+003,5.824276e+001
1.456475e+003,5.725515e+001
1.456957e+003,5.613725e+001
1.457439e+003,5.494498e+001
1.457921e+003,5.372522e+001
1.458403e+003,5.249515e+001
1.458885e+003,5.124999e+001
1.459367e+003,4.998038e+001
1.459850e+003,4.868280e+001
1.460332e+003,4.736146e+001
1.460814e+003,4.602684e+001
1.461296e+003,4.469437e+001
1.461778e+003,4.338517e+001
1.462260e+003,4.212925e+001
1.462742e+003,4.097019e+001
1.463224e+003,3.996726e+001
1.463707e+003,3.918901e+001
1.464189e+003,3.869426e+001
1.464671e+003,3.850712e+001
1.465153e+003,3.860448e+001
1.465635e+003,3.892941e+001
1.466117e+003,3.942080e+001
1.466599e+003,4.003537e+001
1.467081e+003,4.075018e+001
1.467563e+003,4.155138e+001
1.468046e+003,4.242249e+001
1.468528e+003,4.333994e+001
1.469010e+003,4.427750e+001
1.469492e+003,4.521586e+001
1.469974e+003,4.615127e+001
1.470456e+003,4.709797e+001
1.470938e+003,4.807981e+001
1.471420e+003,4.910950e+001
1.471903e+003,5.016215e+001
1.472385e+003,5.116447e+001
1.472867e+003,5.202038e+001
1.473349e+003,5.266199e+001
1.473831e+003,5.308403e+001
1.474313e+003,5.333746e+001
1.474795e+003,5.349746e+001
1.475277e+003,5.363111e+001
1.475760e+003,5.377743e+001
1.476241e+003,5.394202e+001
1.476724e+003,5.410486e+001
1.477206e+003,5.423664e+001
1.477688e+003,5.431565e+001
1.478170e+003,5.433686e+001
1.478652e+003,5.431032e+001
1.479134e+003,5.425289e+001
1.479616e+003,5.417910e+001
1.480098e+003,5.409541e+001
1.480581e+003,5.399988e+001
1.481063e+003,5.388647e+001
1.481545e+003,5.375120e+001
1.482027e+003,5.359583e+001
1.482509e+003,5.342706e+001
1.482991e+003,5.325187e+001
1.483473e+003,5.307238e+001
1.483955e+003,5.288333e+001
1.484438e+003,5.267337e+001
1.484920e+003,5.242969e+001
1.485402e+003,5.214398e+001
1.485884e+003,5.181734e+001
1.486366e+003,5.146130e+001
1.486848e+003,5.109383e+001
1.487330e+003,5.073274e+001
1.487812e+003,5.038926e+001
1.488294e+003,5.006587e+001
1.488777e+003,4.975880e+001
1.489259e+003,4.946313e+001
1.489741e+003,4.917657e+001
1.490223e+003,4.889888e+001
1.490705e+003,4.862787e+001
1.491187e+003,4.835637e+001
1.491669e+003,4.807366e+001
1.492151e+003,4.777003e+001
1.492634e+003,4.744043e+001
1.493116e+003,4.708512e+001
1.493598e+003,4.670807e+001
1.494080e+003,4.631420e+001
1.494562e+003,4.590675e+001
1.495044e+003,4.548511e+001
1.495526e+003,4.504403e+001
1.496008e+003,4.457562e+001
1.496490e+003,4.407472e+001
1.496973e+003,4.354550e+001
1.497455e+003,4.300387e+001
1.497937e+003,4.247291e+001
1.498419e+003,4.197350e+001
1.498901e+003,4.151590e+001
1.499383e+003,4.109642e+001
1.499865e+003,4.070035e+001
1.500347e+003,4.030946e+001
1.500830e+003,3.991036e+001
1.501312e+003,3.949956e+001
1.501794e+003,3.908363e+001
1.502276e+003,3.867446e+001
1.502758e+003,3.828278e+001
1.503240e+003,3.791238e+001
1.503722e+003,3.755732e+001
1.504204e+003,3.720348e+001
1.504687e+003,3.683531e+001
1.505168e+003,3.644806e+001
1.505651e+003,3.606068e+001
1.506133e+003,3.571552e+001
1.506615e+003,3.545124e+001
1.507097e+003,3.526657e+001
1.507579e+003,3.511829e+001
1.508061e+003,3.495838e+001
1.508543e+003,3.476631e+001
1.509025e+003,3.455162e+001
1.509508e+003,3.433937e+001
1.509990e+003,3.415477e+001
1.510472e+003,3.401323e+001
1.510954e+003,3.391581e+001
1.511436e+003,3.384995e+001
1.511918e+003,3.379530e+001
1.512400e+003,3.373307e+001
1.512882e+003,3.365427e+001
1.513365e+003,3.356309e+001
1.513847e+003,3.347451e+001
1.514329e+003,3.340855e+001
1.514811e+003,3.338406e+001
1.515293e+003,3.341360e+001
1.515775e+003,3.349933e+001
1.516257e+003,3.363078e+001
1.516739e+003,3.378691e+001
1.517221e+003,3.394374e+001
1.517704e+003,3.408384e+001
1.518186e+003,3.420255e+001
1.518668e+003,3.430870e+001
1.519150e+003,3.442297e+001
1.519632e+003,3.457628e+001
1.520114e+003,3.480647e+001
1.520596e+003,3.514646e+001
1.521078e+003,3.560099e+001
1.521561e+003,3.612754e+001
1.522043e+003,3.664857e+001
1.522525e+003,3.709400e+001
1.523007e+003,3.743566e+001
1.523489e+003,3.768982e+001
1.523971e+003,3.789908e+001
1.524453e+003,3.811261e+001
1.524935e+003,3.837159e+001
1.525417e+003,3.869909e+001
1.525900e+003,3.909439e+001
1.526382e+003,3.953536e+001
1.526864e+003,3.998974e+001
1.527346e+003,4.042968e+001
1.527828e+003,4.084043e+001
1.528310e+003,4.121923e+001
1.528792e+003,4.156821e+001
1.529274e+003,4.188812e+001
1.529757e+003,4.217703e+001
1.530239e+003,4.243445e+001
1.530721e+003,4.266812e+001
1.531203e+003,4.289985e+001
1.531685e+003,4.316739e+001
1.532167e+003,4.351803e+001
1.532649e+003,4.398935e+001
1.533131e+003,4.457968e+001
1.533614e+003,4.522979e+001
1.534095e+003,4.584319e+001
1.534578e+003,4.633720e+001
1.535060e+003,4.668152e+001
1.535542e+003,4.689838e+001
1.536024e+003,4.703871e+001
1.536506e+003,4.715845e+001
1.536988e+003,4.730496e+001
1.537470e+003,4.751305e+001
1.537952e+003,4.780611e+001
1.538435e+003,4.819786e+001
1.538917e+003,4.868979e+001
1.539399e+003,4.926240e+001
1.539881e+003,4.986812e+001
1.540363e+003,5.044075e+001
1.540845e+003,5.092175e+001
1.541327e+003,5.128468e+001
1.541809e+003,5.154324e+001
1.542292e+003,5.174718e+001
1.542774e+003,5.197308e+001
1.543256e+003,5.231036e+001
1.543738e+003,5.284007e+001
1.544220e+003,5.360620e+001
1.544702e+003,5.459063e+001
1.545184e+003,5.571010e+001
1.545666e+003,5.684543e+001
1.546148e+003,5.788817e+001
1.546631e+003,5.877645e+001
1.547113e+003,5.950343e+001
1.547595e+003,6.010315e+001
1.548077e+003,6.062762e+001
1.548559e+003,6.112434e+001
1.549041e+003,6.161950e+001
1.549523e+003,6.211176e+001
1.550005e+003,6.258050e+001
1.550488e+003,6.300514e+001
1.550970e+003,6.338254e+001
1.551452e+003,6.373138e+001
1.551934e+003,6.408356e+001
1.552416e+003,6.446945e+001
1.552898e+003,6.490401e+001
1.553380e+003,6.537794e+001
1.553862e+003,6.585910e+001
1.554344e+003,6.630653e+001
1.554827e+003,6.669131e+001
1.555309e+003,6.701091e+001
1.555791e+003,6.728918e+001
1.556273e+003,6.756684e+001
1.556755e+003,6.789500e+001
1.557237e+003,6.833849e+001
1.557719e+003,6.898146e+001
1.558201e+003,6.989959e+001
1.558684e+003,7.106799e+001
1.559166e+003,7.229410e+001
1.559648e+003,7.332817e+001
1.560130e+003,7.403876e+001
1.560612e+003,7.444328e+001
1.561094e+003,7.463516e+001
1.561576e+003,7.471867e+001
1.562058e+003,7.478004e+001
1.562541e+003,7.488078e+001
1.563022e+003,7.505876e+001
1.563505e+003,7.532917e+001
1.563987e+003,7.568298e+001
1.564469e+003,7.608684e+001
1.564951e+003,7.649056e+001
1.565433e+003,7.684376e+001
1.565915e+003,7.711409e+001
1.566397e+003,7.729668e+001
1.566879e+003,7.741164e+001
1.567362e+003,7.749512e+001
1.567844e+003,7.758974e+001
1.568326e+003,7.773610e+001
1.568808e+003,7.796289e+001
1.569290e+003,7.827567e+001
1.569772e+003,7.865121e+001
1.570254e+003,7.904590e+001
1.570736e+003,7.941551e+001
1.571219e+003,7.973273e+001
1.571701e+003,7.999197e+001
1.572183e+003,8.020348e+001
1.572665e+003,8.038416e+001
1.573147e+003,8.055113e+001
1.573629e+003,8.072018e+001
1.574111e+003,8.090795e+001
1.574593e+003,8.113442e+001
1.575075e+003,8.141977e+001
1.575558e+003,8.176989e+001
1.576040e+003,8.215731e+001
1.576522e+003,8.252032e+001
1.577004e+003,8.279298e+001
1.577486e+003,8.294263e+001
1.577968e+003,8.298212e+001
1.578450e+003,8.295418e+001
1.578932e+003,8.290709e+001
1.579415e+003,8.287706e+001
1.579897e+003,8.288069e+001
1.580379e+003,8.291617e+001
1.580861e+003,8.296936e+001
1.581343e+003,8.302241e+001
1.581825e+003,8.306153e+001
1.582307e+003,8.308086e+001
1.582789e+003,8.308145e+001
1.583271e+003,8.306680e+001
1.583754e+003,8.303866e+001
1.584236e+003,8.299573e+001
1.584718e+003,8.293546e+001
1.585200e+003,8.285787e+001
1.585682e+003,8.276794e+001
1.586164e+003,8.267516e+001
1.586646e+003,8.258981e+001
1.587128e+003,8.251863e+001
1.587611e+003,8.246181e+001
1.588093e+003,8.241313e+001
1.588575e+003,8.236330e+001
1.589057e+003,8.230466e+001
1.589539e+003,8.223475e+001
1.590021e+003,8.215672e+001
1.590503e+003,8.207630e+001
1.590985e+003,8.199729e+001
1.591468e+003,8.191815e+001
1.591949e+003,8.183146e+001
1.592432e+003,8.172657e+001
1.592914e+003,8.159392e+001
1.593396e+003,8.142846e+001
1.593878e+003,8.123038e+001
1.594360e+003,8.100244e+001
1.594842e+003,8.074571e+001
1.595324e+003,8.045599e+001
1.595806e+003,8.012305e+001
1.596289e+003,7.973306e+001
1.596771e+003,7.927277e+001
1.597253e+003,7.873348e+001
1.597735e+003,7.811275e+001
1.598217e+003,7.741385e+001
1.598699e+003,7.664399e+001
1.599181e+003,7.581287e+001
1.599663e+003,7.493230e+001
1.600146e+003,7.401653e+001
1.600628e+003,7.308291e+001
1.601110e+003,7.215202e+001
1.601592e+003,7.124689e+001
1.602074e+003,7.039207e+001
1.602556e+003,6.961217e+001
1.603038e+003,6.893056e+001
1.603520e+003,6.836816e+001
1.604002e+003,6.794342e+001
1.604485e+003,6.767378e+001
1.604967e+003,6.757861e+001
1.605449e+003,6.768198e+001
1.605931e+003,6.801265e+001
1.606413e+003,6.859920e+001
1.606895e+003,6.946011e+001
1.607377e+003,7.059171e+001
1.607859e+003,7.196019e+001
1.608342e+003,7.350282e+001
1.608824e+003,7.513966e+001
1.609306e+003,7.678970e+001
1.609788e+003,7.838331e+001
1.610270e+003,7.986665e+001
1.610752e+003,8.120036e+001
1.611234e+003,8.235720e+001
1.611716e+003,8.332306e+001
1.612198e+003,8.409987e+001
1.612681e+003,8.470755e+001
1.613163e+003,8.518092e+001
1.613645e+003,8.556276e+001
1.614127e+003,8.589544e+001
1.614609e+003,8.621481e+001
1.615091e+003,8.654705e+001
1.615573e+003,8.690627e+001
1.616055e+003,8.729048e+001
1.616538e+003,8.767776e+001
1.617020e+003,8.803104e+001
1.617502e+003,8.831458e+001
1.617984e+003,8.851148e+001
1.618466e+003,8.862875e+001
1.618948e+003,8.868962e+001
1.619430e+003,8.872144e+001
1.619912e+003,8.874706e+001
1.620395e+003,8.878193e+001
1.620876e+003,8.883546e+001
1.621359e+003,8.891380e+001
1.621841e+003,8.902067e+001
1.622323e+003,8.915466e+001
1.622805e+003,8.930434e+001
1.623287e+003,8.944645e+001
1.623769e+003,8.955215e+001
1.624251e+003,8.959845e+001
1.624733e+003,8.957761e+001
1.625216e+003,8.949856e+001
1.625698e+003,8.938261e+001
1.626180e+003,8.925732e+001
1.626662e+003,8.915077e+001
1.627144e+003,8.908674e+001
1.627626e+003,8.907951e+001
1.628108e+003,8.912952e+001
1.628590e+003,8.922194e+001
1.629073e+003,8.933115e+001
1.629555e+003,8.942914e+001
1.630037e+003,8.949397e+001
1.630519e+003,8.951466e+001
1.631001e+003,8.949187e+001
1.631483e+003,8.943537e+001
1.631965e+003,8.936025e+001
1.632447e+003,8.928270e+001
1.632929e+003,8.921664e+001
1.633412e+003,8.917210e+001
1.633894e+003,8.915605e+001
1.634376e+003,8.917408e+001
1.634858e+003,8.922852e+001
1.635340e+003,8.931050e+001
1.635822e+003,8.939381e+001
1.636304e+003,8.944359e+001
1.636786e+003,8.943679e+001
1.637269e+003,8.937554e+001
1.637751e+003,8.928446e+001
1.638233e+003,8.919714e+001
1.638715e+003,8.914265e+001
1.639197e+003,8.913653e+001
1.639679e+003,8.917813e+001
1.640161e+003,8.925260e+001
1.640643e+003,8.933634e+001
1.641125e+003,8.940461e+001
1.641608e+003,8.943810e+001
1.642090e+003,8.942622e+001
1.642572e+003,8.936556e+001
1.643054e+003,8.925584e+001
1.643536e+003,8.909593e+001
1.644018e+003,8.888299e+001
1.644500e+003,8.861682e+001
1.644982e+003,8.830800e+001
1.645465e+003,8.798753e+001
1.645947e+003,8.770895e+001
1.646429e+003,8.753436e+001
1.646911e+003,8.750383e+001
1.647393e+003,8.761035e+001
1.647875e+003,8.780535e+001
1.648357e+003,8.803214e+001
1.648839e+003,8.825685e+001
1.649322e+003,8.847584e+001
1.649803e+003,8.870287e+001
1.650286e+003,8.895094e+001
1.650768e+003,8.921954e+001
1.651250e+003,8.949348e+001
1.651732e+003,8.975597e+001
1.652214e+003,9.000597e+001
1.652696e+003,9.025142e+001
1.653178e+003,9.047311e+001
1.653660e+003,9.062003e+001
1.654143e+003,9.065668e+001
1.654625e+003,9.059485e+001
1.655107e+003,9.048309e+001
1.655589e+003,9.037742e+001
1.656071e+003,9.031750e+001
1.656553e+003,9.031780e+001
1.657035e+003,9.037008e+001
1.657517e+003,9.045181e+001
1.658000e+003,9.053606e+001
1.658482e+003,9.059908e+001
1.658964e+003,9.062486e+001
1.659446e+003,9.060545e+001
1.659928e+003,9.053943e+001
1.660410e+003,9.043044e+001
1.660892e+003,9.028845e+001
1.661374e+003,9.013246e+001
1.661856e+003,8.999136e+001
1.662339e+003,8.989784e+001
1.662821e+003,8.987476e+001
1.663303e+003,8.992181e+001
1.663785e+003,9.001424e+001
1.664267e+003,9.011569e+001
1.664749e+003,9.019505e+001
1.665231e+003,9.023643e+001
1.665713e+003,9.023911e+001
1.666196e+003,9.021235e+001
1.666678e+003,9.016949e+001
1.667160e+003,9.012411e+001
1.667642e+003,9.008836e+001
1.668124e+003,9.007256e+001
1.668606e+003,9.008493e+001
1.669088e+003,9.013058e+001
1.669570e+003,9.021031e+001
1.670052e+003,9.031927e+001
1.670535e+003,9.044715e+001
1.671017e+003,9.058061e+001
1.671499e+003,9.070678e+001
1.671981e+003,9.081589e+001
1.672463e+003,9.090128e+001
1.672945e+003,9.095835e+001
1.673427e+003,9.098441e+001
1.673909e+003,9.098086e+001
1.674392e+003,9.095546e+001
1.674874e+003,9.091960e+001
1.675356e+003,9.087958e+001
1.675838e+003,9.082975e+001
1.676320e+003,9.075732e+001
1.676802e+003,9.065493e+001
1.677284e+003,9.052851e+001
1.677766e+003,9.039485e+001
1.678249e+003,9.027326e+001
1.678730e+003,9.017792e+001
1.679213e+003,9.011402e+001
1.679695e+003,9.007779e+001
1.680177e+003,9.006027e+001
1.680659e+003,9.005290e+001
1.681141e+003,9.005245e+001
1.681623e+003,9.006235e+001
1.682105e+003,9.009203e+001
1.682587e+003,9.015706e+001
1.683070e+003,9.027802e+001
1.683552e+003,9.046841e+001
1.684034e+003,9.070944e+001
1.684516e+003,9.094035e+001
1.684998e+003,9.109117e+001
1.685480e+003,9.112874e+001
1.685962e+003,9.107104e+001
1.686444e+003,9.096752e+001
1.686927e+003,9.087012e+001
1.687409e+003,9.081335e+001
1.687891e+003,9.080778e+001
1.688373e+003,9.084299e+001
1.688855e+003,9.089626e+001
1.689337e+003,9.094318e+001
1.689819e+003,9.096558e+001
1.690301e+003,9.095497e+001
1.690783e+003,9.091091e+001
1.691266e+003,9.083775e+001
1.691748e+003,9.074223e+001
1.692230e+003,9.063185e+001
1.692712e+003,9.051342e+001
1.693194e+003,9.039140e+001
1.693676e+003,9.026814e+001
1.694158e+003,9.014767e+001
1.694640e+003,9.004086e+001
1.695123e+003,8.996410e+001
1.695605e+003,8.992622e+001
1.696087e+003,8.991525e+001
1.696569e+003,8.990543e+001
1.697051e+003,8.988077e+001
1.697533e+003,8.984918e+001
1.698015e+003,8.983742e+001
1.698497e+003,8.987935e+001
1.698979e+003,9.000848e+001
1.699462e+003,9.024982e+001
1.699944e+003,9.059681e+001
1.700426e+003,9.098643e+001
1.700908e+003,9.131768e+001
1.701390e+003,9.151467e+001
1.701872e+003,9.156779e+001
1.702354e+003,9.152003e+001
1.702836e+003,9.142783e+001
1.703319e+003,9.133185e+001
1.703801e+003,9.124873e+001
1.704283e+003,9.117805e+001
1.704765e+003,9.111517e+001
1.705247e+003,9.106033e+001
1.705729e+003,9.101851e+001
1.706211e+003,9.099220e+001
1.706693e+003,9.097545e+001
1.707176e+003,9.095400e+001
1.707657e+003,9.091098e+001
1.708140e+003,9.083373e+001
1.708622e+003,9.071970e+001
1.709104e+003,9.057902e+001
1.709586e+003,9.043204e+001
1.710068e+003,9.030235e+001
1.710550e+003,9.020754e+001
1.711032e+003,9.015300e+001
1.711514e+003,9.013097e+001
1.711997e+003,9.012498e+001
1.712479e+003,9.011766e+001
1.712961e+003,9.009804e+001
1.713443e+003,9.006592e+001
1.713925e+003,9.003101e+001
1.714407e+003,9.000806e+001
1.714889e+003,9.001038e+001
1.715371e+003,9.004602e+001
1.715854e+003,9.011881e+001
1.716336e+003,9.023209e+001
1.716818e+003,9.038962e+001
1.717300e+003,9.059003e+001
1.717782e+003,9.081796e+001
1.718264e+003,9.104279e+001
1.718746e+003,9.123112e+001
1.719229e+003,9.136300e+001
1.719710e+003,9.143942e+001
1.720193e+003,9.147758e+001
1.720675e+003,9.150050e+001
1.721157e+003,9.152733e+001
1.721639e+003,9.156697e+001
1.722121e+003,9.161572e+001
1.722603e+003,9.165872e+001
1.723085e+003,9.167542e+001
1.723567e+003,9.164774e+001
1.724050e+003,9.156789e+001
1.724532e+003,9.144142e+001
1.725014e+003,9.128470e+001
1.725496e+003,9.111743e+001
1.725978e+003,9.095575e+001
1.726460e+003,9.080804e+001
1.726942e+003,9.067472e+001
1.727424e+003,9.055182e+001
1.727906e+003,9.043581e+001
1.728389e+003,9.032792e+001
1.728871e+003,9.023509e+001
1.729353e+003,9.016759e+001
1.729835e+003,9.013400e+001
1.730317e+003,9.013691e+001
1.730799e+003,9.017171e+001
1.731281e+003,9.022865e+001
1.731763e+003,9.029749e+001
1.732246e+003,9.037435e+001
1.732728e+003,9.046896e+001
1.733210e+003,9.060501e+001
1.733692e+003,9.080274e+001
1.734174e+003,9.104929e+001
1.734656e+003,9.128961e+001
1.735138e+003,9.145908e+001
1.735620e+003,9.152607e+001
1.736103e+003,9.150468e+001
1.736585e+003,9.143671e+001
1.737067e+003,9.136646e+001
1.737549e+003,9.132424e+001
1.738031e+003,9.132079e+001
1.738513e+003,9.134843e+001
1.738995e+003,9.138626e+001
1.739477e+003,9.140730e+001
1.739959e+003,9.138825e+001
1.740442e+003,9.131766e+001
1.740924e+003,9.119861e+001
1.741406e+003,9.104521e+001
1.741888e+003,9.087650e+001
1.742370e+003,9.071099e+001
1.742852e+003,9.056377e+001
1.743334e+003,9.044542e+001
1.743816e+003,9.036121e+001
1.744299e+003,9.031071e+001
1.744781e+003,9.028796e+001
1.745263e+003,9.028235e+001
1.745745e+003,9.028071e+001
1.746227e+003,9.027014e+001
1.746709e+003,9.024152e+001
1.747191e+003,9.019300e+001
1.747673e+003,9.013223e+001
1.748156e+003,9.007520e+001
1.748637e+003,9.004219e+001
1.749120e+003,9.005156e+001
1.749602e+003,9.011438e+001
1.750084e+003,9.023060e+001
1.750566e+003,9.038769e+001
1.751048e+003,9.056265e+001
1.751530e+003,9.072803e+001
1.752012e+003,9.086076e+001
1.752494e+003,9.094954e+001
1.752977e+003,9.099662e+001
1.753459e+003,9.101370e+001
1.753941e+003,9.101551e+001
1.754423e+003,9.101442e+001
1.754905e+003,9.101826e+001
1.755387e+003,9.103053e+001
1.755869e+003,9.105117e+001
1.756351e+003,9.107675e+001
1.756833e+003,9.110049e+001
1.757316e+003,9.111372e+001
1.757798e+003,9.110942e+001
1.758280e+003,9.108525e+001
1.758762e+003,9.104449e+001
1.759244e+003,9.099440e+001
1.759726e+003,9.094391e+001
1.760208e+003,9.090138e+001
1.760690e+003,9.087311e+001
1.761173e+003,9.086169e+001
1.761655e+003,9.086444e+001
1.762137e+003,9.087347e+001
1.762619e+003,9.087808e+001
1.763101e+003,9.086929e+001
1.763583e+003,9.084290e+001
1.764065e+003,9.080041e+001
1.764547e+003,9.074704e+001
1.765030e+003,9.068913e+001
1.765512e+003,9.063269e+001
1.765994e+003,9.058319e+001
1.766476e+003,9.054619e+001
1.766958e+003,9.052650e+001
1.767440e+003,9.052528e+001
1.767922e+003,9.053727e+001
1.768404e+003,9.055050e+001
1.768886e+003,9.055067e+001
1.769369e+003,9.052692e+001
1.769851e+003,9.047668e+001
1.770333e+003,9.040834e+001
1.770815e+003,9.034193e+001
1.771297e+003,9.030550e+001
1.771779e+003,9.032452e+001
1.772261e+003,9.040621e+001
1.772743e+003,9.053130e+001
1.773226e+003,9.066286e+001
1.773708e+003,9.076762e+001
1.774190e+003,9.083127e+001
1.774672e+003,9.085975e+001
1.775154e+003,9.086939e+001
1.775636e+003,9.087556e+001
1.776118e+003,9.088531e+001
1.776600e+003,9.089615e+001
1.777083e+003,9.089957e+001
1.777564e+003,9.088722e+001
1.778047e+003,9.085616e+001
1.778529e+003,9.081060e+001
1.779011e+003,9.075981e+001
1.779493e+003,9.071313e+001
1.779975e+003,9.067471e+001
1.780457e+003,9.064109e+001
1.780939e+003,9.060336e+001
1.781421e+003,9.055286e+001
1.781904e+003,9.048717e+001
1.782386e+003,9.041237e+001
1.782868e+003,9.034090e+001
1.783350e+003,9.028603e+001
1.783832e+003,9.025655e+001
1.784314e+003,9.025275e+001
1.784796e+003,9.026648e+001
1.785278e+003,9.028481e+001
1.785760e+003,9.029618e+001
1.786243e+003,9.029502e+001
1.786725e+003,9.028248e+001
1.787207e+003,9.026295e+001
1.787689e+003,9.023959e+001
1.788171e+003,9.021123e+001
1.788653e+003,9.017239e+001
1.789135e+003,9.011676e+001
1.789617e+003,9.004173e+001
1.790100e+003,8.995300e+001
1.790582e+003,8.986607e+001
1.791064e+003,8.980312e+001
1.791546e+003,8.978451e+001
1.792028e+003,8.981752e+001
1.792510e+003,8.988992e+001
1.792992e+003,8.997515e+001
1.793474e+003,9.004668e+001
1.793957e+003,9.009129e+001
1.794439e+003,9.011261e+001
1.794921e+003,9.012483e+001
1.795403e+003,9.014315e+001
1.795885e+003,9.017596e+001
1.796367e+003,9.022158e+001
1.796849e+003,9.027030e+001
1.797331e+003,9.030946e+001
1.797813e+003,9.032910e+001
1.798296e+003,9.032568e+001
1.798778e+003,9.030184e+001
1.799260e+003,9.026393e+001
1.799742e+003,9.021864e+001
1.800224e+003,9.017081e+001
1.800706e+003,9.012380e+001
1.801188e+003,9.008118e+001
1.801670e+003,9.004808e+001
1.802153e+003,9.003098e+001
1.802635e+003,9.003527e+001
1.803117e+003,9.006235e+001
1.803599e+003,9.010755e+001
1.804081e+003,9.016064e+001
1.804563e+003,9.020872e+001
1.805045e+003,9.024099e+001
1.805527e+003,9.025253e+001
1.806010e+003,9.024553e+001
1.806491e+003,9.022692e+001
1.806974e+003,9.020403e+001
1.807456e+003,9.018056e+001
1.807938e+003,9.015520e+001
1.808420e+003,9.012346e+001
1.808902e+003,9.008192e+001
1.809384e+003,9.003253e+001
1.809866e+003,8.998386e+001
1.810348e+003,8.994887e+001
1.810831e+003,8.993924e+001
1.811313e+003,8.995955e+001
1.811795e+003,9.000427e+001
1.812277e+003,9.005956e+001
1.812759e+003,9.010880e+001
1.813241e+003,9.013911e+001
1.813723e+003,9.014548e+001
1.814205e+003,9.013094e+001
1.814688e+003,9.010394e+001
1.815170e+003,9.007439e+001
1.815652e+003,9.005044e+001
1.816134e+003,9.003681e+001
1.816616e+003,9.003471e+001
1.817098e+003,9.004321e+001
1.817580e+003,9.006008e+001
1.818062e+003,9.008247e+001
1.818544e+003,9.010563e+001
1.819027e+003,9.012257e+001
1.819509e+003,9.012392e+001
1.819991e+003,9.010032e+001
1.820473e+003,9.004565e+001
1.820955e+003,8.995987e+001
1.821437e+003,8.984956e+001
1.821919e+003,8.972621e+001
1.822401e+003,8.960333e+001
1.822884e+003,8.949385e+001
1.823366e+003,8.940848e+001
1.823848e+003,8.935487e+001
1.824330e+003,8.933621e+001
1.824812e+003,8.934992e+001
1.825294e+003,8.938708e+001
1.825776e+003,8.943391e+001
1.826258e+003,8.947526e+001
1.826740e+003,8.949837e+001
1.827223e+003,8.949592e+001
1.827705e+003,8.946814e+001
1.828187e+003,8.942462e+001
1.828669e+003,8.938442e+001
1.829151e+003,8.937229e+001
1.829633e+003,8.940951e+001
1.830115e+003,8.950249e+001
1.830597e+003,8.963754e+001
1.831080e+003,8.978608e+001
1.831562e+003,8.991740e+001
1.832044e+003,9.000991e+001
1.832526e+003,9.005591e+001
1.833008e+003,9.005962e+001
1.833490e+003,9.003194e+001
1.833972e+003,8.998503e+001
1.834454e+003,8.992840e+001
1.834937e+003,8.986711e+001
1.835418e+003,8.980286e+001
1.835901e+003,8.973632e+001
1.836383e+003,8.966964e+001
1.836865e+003,8.960708e+001
1.837347e+003,8.955365e+001
1.837829e+003,8.951228e+001
1.838311e+003,8.948175e+001
1.838793e+003,8.945641e+001
1.839275e+003,8.942909e+001
1.839758e+003,8.939444e+001
1.840240e+003,8.935203e+001
1.840722e+003,8.930631e+001
1.841204e+003,8.926436e+001
1.841686e+003,8.923253e+001
1.842168e+003,8.921405e+001
1.842650e+003,8.920838e+001
1.843132e+003,8.921243e+001
1.843615e+003,8.922216e+001
1.844097e+003,8.923370e+001
1.844579e+003,8.924393e+001
1.845061e+003,8.925110e+001
1.845543e+003,8.925546e+001
1.846025e+003,8.925993e+001
1.846507e+003,8.926968e+001
1.846989e+003,8.929097e+001
1.847471e+003,8.932978e+001
1.847954e+003,8.939023e+001
1.848436e+003,8.947300e+001
1.848918e+003,8.957363e+001
1.849400e+003,8.968159e+001
1.849882e+003,8.978180e+001
1.850364e+003,8.985771e+001
1.850846e+003,8.989627e+001
1.851328e+003,8.989169e+001
1.851811e+003,8.984731e+001
1.852293e+003,8.977411e+001
1.852775e+003,8.968726e+001
1.853257e+003,8.960102e+001
1.853739e+003,8.952543e+001
1.854221e+003,8.946501e+001
1.854703e+003,8.942027e+001
1.855185e+003,8.939010e+001
1.855667e+003,8.937383e+001
1.856150e+003,8.937064e+001
1.856632e+003,8.937799e+001
1.857114e+003,8.938939e+001
1.857596e+003,8.939440e+001
1.858078e+003,8.938116e+001
1.858560e+003,8.934122e+001
1.859042e+003,8.927384e+001
1.859524e+003,8.918781e+001
1.860007e+003,8.909866e+001
1.860489e+003,8.902307e+001
1.860971e+003,8.897208e+001
1.861453e+003,8.894699e+001
1.861935e+003,8.893932e+001
1.862417e+003,8.893475e+001
1.862899e+003,8.891935e+001
1.863381e+003,8.888460e+001
1.863864e+003,8.882912e+001
1.864345e+003,8.875717e+001
1.864828e+003,8.867502e+001
1.865310e+003,8.858810e+001
1.865792e+003,8.850016e+001
1.866274e+003,8.841547e+001
1.866756e+003,8.834191e+001
1.867238e+003,8.829313e+001
1.867720e+003,8.828632e+001
1.868202e+003,8.833559e+001
1.868685e+003,8.844273e+001
1.869167e+003,8.859244e+001
1.869649e+003,8.875603e+001
1.870131e+003,8.890341e+001
1.870613e+003,8.901521e+001
1.871095e+003,8.908826e+001
1.871577e+003,8.913285e+001
1.872059e+003,8.916488e+001
1.872542e+003,8.919726e+001
1.873024e+003,8.923463e+001
1.873506e+003,8.927196e+001
1.873988e+003,8.929854e+001
1.874470e+003,8.930399e+001
1.874952e+003,8.928419e+001
1.875434e+003,8.924303e+001
1.875916e+003,8.919012e+001
1.876398e+003,8.913546e+001
1.876881e+003,8.908487e+001
1.877363e+003,8.903836e+001
1.877845e+003,8.899226e+001
1.878327e+003,8.894365e+001
1.878809e+003,8.889417e+001
1.879291e+003,8.885035e+001
1.879773e+003,8.882092e+001
1.880255e+003,8.881161e+001
1.880738e+003,8.882146e+001
1.881220e+003,8.884209e+001
1.881702e+003,8.886141e+001
1.882184e+003,8.886941e+001
1.882666e+003,8.886302e+001
1.883148e+003,8.884708e+001
1.883630e+003,8.883112e+001
1.884112e+003,8.882330e+001
1.884594e+003,8.882521e+001
1.885077e+003,8.883031e+001
1.885559e+003,8.882724e+001
1.886041e+003,8.880585e+001
1.886523e+003,8.876336e+001
1.887005e+003,8.870622e+001
1.887487e+003,8.864826e+001
1.887969e+003,8.860483e+001
1.888451e+003,8.858652e+001
1.888934e+003,8.859447e+001
1.889416e+003,8.862003e+001
1.889898e+003,8.864923e+001
1.890380e+003,8.866991e+001
1.890862e+003,8.867628e+001
1.891344e+003,8.866898e+001
1.891826e+003,8.865159e+001
1.892308e+003,8.862639e+001
1.892791e+003,8.859229e+001
1.893272e+003,8.854613e+001
1.893755e+003,8.848672e+001
1.894237e+003,8.841862e+001
1.894719e+003,8.835323e+001
1.895201e+003,8.830590e+001
1.895683e+003,8.828952e+001
1.896165e+003,8.830886e+001
1.896647e+003,8.835783e+001
1.897129e+003,8.842182e+001
1.897612e+003,8.848331e+001
1.898094e+003,8.852853e+001
1.898576e+003,8.855178e+001
1.899058e+003,8.855597e+001
1.899540e+003,8.854941e+001
1.900022e+003,8.854168e+001
1.900504e+003,8.853951e+001
1.900986e+003,8.854563e+001
1.901469e+003,8.855976e+001
1.901951e+003,8.858064e+001
1.902433e+003,8.860751e+001
1.902915e+003,8.863985e+001
1.903397e+003,8.867570e+001
1.903879e+003,8.871056e+001
1.904361e+003,8.873743e+001
1.904843e+003,8.874903e+001
1.905325e+003,8.874151e+001
1.905808e+003,8.871664e+001
1.906290e+003,8.868186e+001
1.906772e+003,8.864711e+001
1.907254e+003,8.862054e+001
1.907736e+003,8.860502e+001
1.908218e+003,8.859699e+001
1.908700e+003,8.858912e+001
1.909182e+003,8.857446e+001
1.909665e+003,8.855074e+001
1.910147e+003,8.852155e+001
1.910629e+003,8.849445e+001
1.911111e+003,8.847650e+001
1.911593e+003,8.847105e+001
1.912075e+003,8.847614e+001
1.912557e+003,8.848614e+001
1.913039e+003,8.849451e+001
1.913521e+003,8.849690e+001
1.914004e+003,8.849199e+001
1.914486e+003,8.848035e+001
1.914968e+003,8.846226e+001
1.915450e+003,8.843642e+001
1.915932e+003,8.840015e+001
1.916414e+003,8.835217e+001
1.916896e+003,8.829507e+001
1.917378e+003,8.823631e+001
1.917861e+003,8.818468e+001
1.918343e+003,8.814516e+001
1.918825e+003,8.811443e+001
1.919307e+003,8.808180e+001
1.919789e+003,8.803445e+001
1.920271e+003,8.796452e+001
1.920753e+003,8.787421e+001
1.921235e+003,8.777720e+001
1.921718e+003,8.769489e+001
1.922199e+003,8.764875e+001
1.922682e+003,8.765070e+001
1.923164e+003,8.769680e+001
1.923646e+003,8.776790e+001
1.924128e+003,8.783820e+001
1.924610e+003,8.788680e+001
1.925092e+003,8.790557e+001
1.925574e+003,8.789997e+001
1.926056e+003,8.788363e+001
1.926539e+003,8.787006e+001
1.927021e+003,8.786668e+001
1.927503e+003,8.787246e+001
1.927985e+003,8.788140e+001
1.928467e+003,8.788809e+001
1.928949e+003,8.789255e+001
1.929431e+003,8.790048e+001
1.929913e+003,8.791956e+001
1.930396e+003,8.795295e+001
1.930878e+003,8.799575e+001
1.931360e+003,8.803568e+001
1.931842e+003,8.805910e+001
1.932324e+003,8.805863e+001
1.932806e+003,8.803819e+001
1.933288e+003,8.801109e+001
1.933770e+003,8.799285e+001
1.934252e+003,8.799158e+001
1.934735e+003,8.800240e+001
1.935217e+003,8.800813e+001
1.935699e+003,8.798782e+001
1.936181e+003,8.792788e+001
1.936663e+003,8.783056e+001
1.937145e+003,8.771437e+001
1.937627e+003,8.760634e+001
1.938109e+003,8.752956e+001
1.938592e+003,8.749332e+001
1.939074e+003,8.748966e+001
1.939556e+003,8.749844e+001
1.940038e+003,8.749754e+001
1.940520e+003,8.747412e+001
1.941002e+003,8.742957e+001
1.941484e+003,8.737785e+001
1.941966e+003,8.733642e+001
1.942448e+003,8.731615e+001
1.942931e+003,8.731525e+001
1.943413e+003,8.732256e+001
1.943895e+003,8.732634e+001
1.944377e+003,8.732359e+001
1.944859e+003,8.732290e+001
1.945341e+003,8.733997e+001
1.945823e+003,8.738857e+001
1.946305e+003,8.747234e+001
1.946788e+003,8.758070e+001
1.947270e+003,8.769265e+001
1.947752e+003,8.778505e+001
1.948234e+003,8.784218e+001
1.948716e+003,8.785899e+001
1.949198e+003,8.783926e+001
1.949680e+003,8.778832e+001
1.950162e+003,8.770864e+001
1.950645e+003,8.759917e+001
1.951126e+003,8.746111e+001
1.951609e+003,8.730358e+001
1.952091e+003,8.714672e+001
1.952573e+003,8.701646e+001
1.953055e+003,8.693410e+001
1.953537e+003,8.690492e+001
1.954019e+003,8.691216e+001
1.954501e+003,8.692054e+001
1.954983e+003,8.689047e+001
1.955466e+003,8.679718e+001
1.955948e+003,8.664516e+001
1.956430e+003,8.646919e+001
1.956912e+003,8.632210e+001
1.957394e+003,8.625337e+001
1.957876e+003,8.628980e+001
1.958358e+003,8.642300e+001
1.958840e+003,8.661259e+001
1.959323e+003,8.680255e+001
1.959805e+003,8.694628e+001
1.960287e+003,8.702349e+001
1.960769e+003,8.704276e+001
1.961251e+003,8.702872e+001
1.961733e+003,8.700565e+001
1.962215e+003,8.698386e+001
1.962697e+003,8.695784e+001
1.963179e+003,8.691333e+001
1.963662e+003,8.683866e+001
1.964144e+003,8.673255e+001
1.964626e+003,8.660511e+001
1.965108e+003,8.647151e+001
1.965590e+003,8.634550e+001
1.966072e+003,8.623560e+001
1.966554e+003,8.614651e+001
1.967036e+003,8.608416e+001
1.967519e+003,8.605911e+001
1.968001e+003,8.608457e+001
1.968483e+003,8.616848e+001
1.968965e+003,8.630397e+001
1.969447e+003,8.646539e+001
1.969929e+003,8.661224e+001
1.970411e+003,8.670398e+001
1.970893e+003,8.671745e+001
1.971375e+003,8.666026e+001
1.971858e+003,8.656750e+001
1.972340e+003,8.648696e+001
1.972822e+003,8.645629e+001
1.973304e+003,8.648777e+001
1.973786e+003,8.656329e+001
1.974268e+003,8.664584e+001
1.974750e+003,8.670007e+001
1.975232e+003,8.671206e+001
1.975715e+003,8.669436e+001
1.976197e+003,8.667598e+001
1.976679e+003,8.668220e+001
1.977161e+003,8.671934e+001
1.977643e+003,8.677105e+001
1.978125e+003,8.681165e+001
1.978607e+003,8.682533e+001
1.979089e+003,8.682064e+001
1.979572e+003,8.682658e+001
1.980053e+003,8.687704e+001
1.980536e+003,8.699037e+001
1.981018e+003,8.715778e+001
1.981500e+003,8.734473e+001
1.981982e+003,8.750608e+001
1.982464e+003,8.760699e+001
1.982946e+003,8.763983e+001
1.983428e+003,8.762614e+001
1.983910e+003,8.760296e+001
1.984393e+003,8.760249e+001
1.984875e+003,8.763619e+001
1.985357e+003,8.768971e+001
1.985839e+003,8.773229e+001
1.986321e+003,8.773439e+001
1.986803e+003,8.768515e+001
1.987285e+003,8.759813e+001
1.987767e+003,8.750334e+001
1.988250e+003,8.743022e+001
1.988732e+003,8.739312e+001
1.989214e+003,8.738469e+001
1.989696e+003,8.738281e+001
1.990178e+003,8.736526e+001
1.990660e+003,8.732529e+001
1.991142e+003,8.727757e+001
1.991624e+003,8.725272e+001
1.992106e+003,8.728123e+001
1.992589e+003,8.737852e+001
1.993071e+003,8.753674e+001
1.993553e+003,8.772994e+001
1.994035e+003,8.792770e+001
1.994517e+003,8.811041e+001
1.994999e+003,8.827457e+001
1.995481e+003,8.842870e+001
1.995963e+003,8.858115e+001
1.996446e+003,8.872907e+001
1.996928e+003,8.885390e+001
1.997410e+003,8.892782e+001
1.997892e+003,8.892720e+001
1.998374e+003,8.884535e+001
1.998856e+003,8.869695e+001
1.999338e+003,8.851136e+001
1.999820e+003,8.831936e+001
2.000302e+003,8.814223e+001
2.000785e+003,8.798699e+001
2.001267e+003,8.785078e+001
2.001749e+003,8.772992e+001
2.002231e+003,8.762961e+001
2.002713e+003,8.756406e+001
2.003195e+003,8.755030e+001
2.003677e+003,8.759522e+001
2.004159e+003,8.768709e+001
2.004642e+003,8.779372e+001
2.005124e+003,8.787459e+001
2.005606e+003,8.789965e+001
2.006088e+003,8.786679e+001
2.006570e+003,8.780433e+001
2.007052e+003,8.775755e+001
2.007534e+003,8.776369e+001
2.008016e+003,8.783244e+001
2.008499e+003,8.793858e+001
2.008980e+003,8.803496e+001
2.009463e+003,8.807735e+001
2.009945e+003,8.804897e+001
2.010427e+003,8.796776e+001
2.010909e+003,8.787676e+001
2.011391e+003,8.782005e+001
2.011873e+003,8.782049e+001
2.012355e+003,8.786690e+001
2.012837e+003,8.791886e+001
2.013320e+003,8.792593e+001
2.013802e+003,8.785384e+001
2.014284e+003,8.770059e+001
2.014766e+003,8.749712e+001
2.015248e+003,8.729227e+001
2.015730e+003,8.713358e+001
2.016212e+003,8.704987e+001
2.016694e+003,8.704440e+001
2.017177e+003,8.709842e+001
2.017659e+003,8.718302e+001
2.018141e+003,8.726991e+001
2.018623e+003,8.733628e+001
2.019105e+003,8.736230e+001
2.019587e+003,8.732909e+001
2.020069e+003,8.722051e+001
2.020551e+003,8.703302e+001
2.021033e+003,8.678564e+001
2.021516e+003,8.652472e+001
2.021998e+003,8.631448e+001
2.022480e+003,8.621809e+001
2.022962e+003,8.627390e+001
2.023444e+003,8.648010e+001
2.023926e+003,8.679015e+001
2.024408e+003,8.712791e+001
2.024890e+003,8.741615e+001
2.025373e+003,8.760857e+001
2.025855e+003,8.770618e+001
2.026337e+003,8.775291e+001
2.026819e+003,8.781218e+001
2.027301e+003,8.793914e+001
2.027783e+003,8.815855e+001
2.028265e+003,8.845770e+001
2.028747e+003,8.879415e+001
2.029229e+003,8.911466e+001
2.029712e+003,8.937370e+001
2.030194e+003,8.954240e+001
2.030676e+003,8.960651e+001
2.031158e+003,8.956144e+001
2.031640e+003,8.940873e+001
2.032122e+003,8.915987e+001
2.032604e+003,8.884047e+001
2.033086e+003,8.849156e+001
2.033569e+003,8.816034e+001
2.034051e+003,8.788790e+001
2.034533e+003,8.769495e+001
2.035015e+003,8.757797e+001
2.035497e+003,8.751301e+001
2.035979e+003,8.747160e+001
2.036461e+003,8.743691e+001
2.036943e+003,8.741525e+001
2.037426e+003,8.743193e+001
2.037907e+003,8.751726e+001
2.038390e+003,8.768645e+001
2.038872e+003,8.792705e+001
2.039354e+003,8.819619e+001
2.039836e+003,8.843510e+001
2.040318e+003,8.859109e+001
2.040800e+003,8.864034e+001
2.041282e+003,8.859562e+001
2.041764e+003,8.849808e+001
2.042247e+003,8.839648e+001
2.042729e+003,8.832644e+001
2.043211e+003,8.829763e+001
2.043693e+003,8.829426e+001
2.044175e+003,8.828593e+001
2.044657e+003,8.824480e+001
2.045139e+003,8.815762e+001
2.045622e+003,8.803024e+001
2.046104e+003,8.788219e+001
2.046586e+003,8.773911e+001
2.047068e+003,8.762484e+001
2.047550e+003,8.755865e+001
2.048032e+003,8.755403e+001
2.048514e+003,8.761893e+001
2.048996e+003,8.775372e+001
2.049479e+003,8.794814e+001
2.049960e+003,8.817863e+001
2.050443e+003,8.841064e+001
2.050925e+003,8.860509e+001
2.051407e+003,8.873019e+001
2.051889e+003,8.877191e+001
2.052371e+003,8.873971e+001
2.052853e+003,8.866343e+001
2.053335e+003,8.858287e+001
2.053817e+003,8.853305e+001
2.054300e+003,8.853283e+001
2.054782e+003,8.857903e+001
2.055264e+003,8.865109e+001
2.055746e+003,8.872150e+001
2.056228e+003,8.876903e+001
2.056710e+003,8.878518e+001
2.057192e+003,8.877409e+001
2.057674e+003,8.874551e+001
2.058156e+003,8.870747e+001
2.058639e+003,8.866151e+001
2.059121e+003,8.860408e+001
2.059603e+003,8.853162e+001
2.060085e+003,8.844643e+001
2.060567e+003,8.835876e+001
2.061049e+003,8.828391e+001
2.061531e+003,8.823538e+001
2.062013e+003,8.821890e+001
2.062496e+003,8.822952e+001
2.062978e+003,8.825417e+001
2.063460e+003,8.827793e+001
2.063942e+003,8.829121e+001
2.064424e+003,8.829224e+001
2.064906e+003,8.828526e+001
2.065388e+003,8.827436e+001
2.065870e+003,8.825826e+001
2.066353e+003,8.822876e+001
2.066835e+003,8.817510e+001
2.067317e+003,8.809157e+001
2.067799e+003,8.798403e+001
2.068281e+003,8.787143e+001
2.068763e+003,8.778065e+001
2.069245e+003,8.773676e+001
2.069727e+003,8.775342e+001
2.070209e+003,8.782712e+001
2.070692e+003,8.793867e+001
2.071174e+003,8.806072e+001
2.071656e+003,8.816889e+001
2.072138e+003,8.824977e+001
2.072620e+003,8.830385e+001
2.073102e+003,8.834096e+001
2.073584e+003,8.837326e+001
2.074066e+003,8.840807e+001
2.074549e+003,8.844530e+001
2.075031e+003,8.847868e+001
2.075513e+003,8.850084e+001
2.075995e+003,8.850769e+001
2.076477e+003,8.850014e+001
2.076959e+003,8.848238e+001
2.077441e+003,8.845856e+001
2.077923e+003,8.842945e+001
2.078406e+003,8.839219e+001
2.078887e+003,8.834193e+001
2.079370e+003,8.827600e+001
2.079852e+003,8.819636e+001
2.080334e+003,8.811084e+001
2.080816e+003,8.803061e+001
2.081298e+003,8.796724e+001
2.081780e+003,8.792873e+001
2.082262e+003,8.791772e+001
2.082744e+003,8.793136e+001
2.083227e+003,8.796313e+001
2.083709e+003,8.800508e+001
2.084191e+003,8.804958e+001
2.084673e+003,8.809009e+001
2.085155e+003,8.812148e+001
2.085637e+003,8.814026e+001
2.086119e+003,8.814515e+001
2.086601e+003,8.813718e+001
2.087083e+003,8.811937e+001
2.087566e+003,8.809500e+001
2.088048e+003,8.806580e+001
2.088530e+003,8.803020e+001
2.089012e+003,8.798380e+001
2.089494e+003,8.792146e+001
2.089976e+003,8.784097e+001
2.090458e+003,8.774603e+001
2.090940e+003,8.764716e+001
2.091423e+003,8.755921e+001
2.091905e+003,8.749669e+001
2.092387e+003,8.746856e+001
2.092869e+003,8.747541e+001
2.093351e+003,8.750950e+001
2.093833e+003,8.755820e+001
2.094315e+003,8.760944e+001
2.094797e+003,8.765629e+001
2.095280e+003,8.769831e+001
2.095762e+003,8.773966e+001
2.096244e+003,8.778417e+001
2.096726e+003,8.783180e+001
2.097208e+003,8.787704e+001
2.097690e+003,8.791154e+001
2.098172e+003,8.792806e+001
2.098654e+003,8.792457e+001
2.099136e+003,8.790511e+001
2.099619e+003,8.787700e+001
2.100101e+003,8.784598e+001
2.100583e+003,8.781304e+001
2.101065e+003,8.777309e+001
2.101547e+003,8.771816e+001
2.102029e+003,8.764206e+001
2.102511e+003,8.754557e+001
2.102993e+003,8.743795e+001
2.103476e+003,8.733510e+001
2.103958e+003,8.725414e+001
2.104440e+003,8.720781e+001
2.104922e+003,8.720007e+001
2.105404e+003,8.722559e+001
2.105886e+003,8.727190e+001
2.106368e+003,8.732451e+001
2.106850e+003,8.737115e+001
2.107333e+003,8.740475e+001
2.107814e+003,8.742364e+001
2.108297e+003,8.743033e+001
2.108779e+003,8.742961e+001
2.109261e+003,8.742714e+001
2.109743e+003,8.742833e+001
2.110225e+003,8.743784e+001
2.110707e+003,8.745835e+001
2.111189e+003,8.748980e+001
2.111671e+003,8.752854e+001
2.112154e+003,8.756812e+001
2.112636e+003,8.760114e+001
2.113118e+003,8.762228e+001
2.113600e+003,8.763042e+001
2.114082e+003,8.762952e+001
2.114564e+003,8.762637e+001
2.115046e+003,8.762734e+001
2.115528e+003,8.763419e+001
2.116010e+003,8.764304e+001
2.116493e+003,8.764524e+001
2.116975e+003,8.763142e+001
2.117457e+003,8.759597e+001
2.117939e+003,8.754060e+001
2.118421e+003,8.747399e+001
2.118903e+003,8.740920e+001
2.119385e+003,8.735847e+001
2.119867e+003,8.732953e+001
2.120350e+003,8.732347e+001
2.120832e+003,8.733585e+001
2.121314e+003,8.735910e+001
2.121796e+003,8.738563e+001
2.122278e+003,8.740912e+001
2.122760e+003,8.742431e+001
2.123242e+003,8.742535e+001
2.123724e+003,8.740574e+001
2.124207e+003,8.735925e+001
2.124689e+003,8.728352e+001
2.125171e+003,8.718294e+001
2.125653e+003,8.707037e+001
2.126135e+003,8.696438e+001
2.126617e+003,8.688424e+001
2.127099e+003,8.684335e+001
2.127581e+003,8.684503e+001
2.128063e+003,8.688129e+001
2.128546e+003,8.693692e+001
2.129028e+003,8.699535e+001
2.129510e+003,8.704558e+001
2.129992e+003,8.708527e+001
2.130474e+003,8.712035e+001
2.130956e+003,8.715988e+001
2.131438e+003,8.721119e+001
2.131920e+003,8.727539e+001
2.132403e+003,8.734714e+001
2.132885e+003,8.741681e+001
2.133367e+003,8.747494e+001
2.133849e+003,8.751462e+001
2.134331e+003,8.753235e+001
2.134813e+003,8.752595e+001
2.135295e+003,8.749361e+001
2.135777e+003,8.743378e+001
2.136260e+003,8.734864e+001
2.136741e+003,8.724683e+001
2.137224e+003,8.714531e+001
2.137706e+003,8.706528e+001
2.138188e+003,8.702570e+001
2.138670e+003,8.703487e+001
2.139152e+003,8.708611e+001
2.139634e+003,8.715845e+001
2.140116e+003,8.722422e+001
2.140598e+003,8.725982e+001
2.141081e+003,8.725533e+001
2.141563e+003,8.721712e+001
2.142045e+003,8.716370e+001
2.142527e+003,8.711483e+001
2.143009e+003,8.708217e+001
2.143491e+003,8.706346e+001
2.143973e+003,8.704515e+001
2.144455e+003,8.700960e+001
2.144938e+003,8.694468e+001
2.145420e+003,8.684896e+001
2.145902e+003,8.673051e+001
2.146384e+003,8.659937e+001
2.146866e+003,8.646117e+001
2.147348e+003,8.631277e+001
2.147830e+003,8.614613e+001
2.148312e+003,8.595554e+001
2.148794e+003,8.574707e+001
2.149277e+003,8.554076e+001
2.149759e+003,8.536707e+001
2.150241e+003,8.525565e+001
2.150723e+003,8.522417e+001
2.151205e+003,8.527013e+001
2.151687e+003,8.537079e+001
2.152169e+003,8.549036e+001
2.152651e+003,8.559320e+001
2.153134e+003,8.565525e+001
2.153616e+003,8.567010e+001
2.154098e+003,8.564659e+001
2.154580e+003,8.560263e+001
2.155062e+003,8.555717e+001
2.155544e+003,8.552630e+001
2.156026e+003,8.552166e+001
2.156508e+003,8.555336e+001
2.156990e+003,8.562930e+001
2.157473e+003,8.575415e+001
2.157955e+003,8.592224e+001
2.158437e+003,8.611456e+001
2.158919e+003,8.629901e+001
2.159401e+003,8.644215e+001
2.159883e+003,8.652274e+001
2.160365e+003,8.654176e+001
2.160847e+003,8.652016e+001
2.161330e+003,8.648640e+001
2.161812e+003,8.646111e+001
2.162294e+003,8.645056e+001
2.162776e+003,8.644465e+001
2.163258e+003,8.642535e+001
2.163740e+003,8.637617e+001
2.164222e+003,8.629245e+001
2.164704e+003,8.618153e+001
2.165187e+003,8.605950e+001
2.165668e+003,8.594097e+001
2.166151e+003,8.583362e+001
2.166633e+003,8.573612e+001
2.167115e+003,8.564326e+001
2.167597e+003,8.555220e+001
2.168079e+003,8.546891e+001
2.168561e+003,8.540825e+001
2.169043e+003,8.538989e+001
2.169525e+003,8.543037e+001
2.170008e+003,8.553770e+001
2.170490e+003,8.570784e+001
2.170972e+003,8.592657e+001
2.171454e+003,8.617415e+001
2.171936e+003,8.642985e+001
2.172418e+003,8.667403e+001
2.172900e+003,8.688741e+001
2.173382e+003,8.704774e+001
2.173865e+003,8.713175e+001
2.174347e+003,8.711916e+001
2.174829e+003,8.700397e+001
2.175311e+003,8.680207e+001
2.175793e+003,8.655375e+001
2.176275e+003,8.631347e+001
2.176757e+003,8.613427e+001
2.177239e+003,8.604938e+001
2.177721e+003,8.606313e+001
2.178204e+003,8.614990e+001
2.178686e+003,8.626544e+001
2.179168e+003,8.636273e+001
2.179650e+003,8.641011e+001
2.180132e+003,8.639905e+001
2.180614e+003,8.634366e+001
2.181096e+003,8.626920e+001
2.181578e+003,8.620028e+001
2.182061e+003,8.615119e+001
2.182543e+003,8.612489e+001
2.183025e+003,8.611811e+001
2.183507e+003,8.612971e+001
2.183989e+003,8.616537e+001
2.184471e+003,8.623686e+001
2.184953e+003,8.635389e+001
2.185435e+003,8.651642e+001
2.185917e+003,8.670811e+001
2.186400e+003,8.689751e+001
2.186882e+003,8.704541e+001
2.187364e+003,8.711770e+001
2.187846e+003,8.709537e+001
2.188328e+003,8.698084e+001
2.188810e+003,8.679573e+001
2.189292e+003,8.657577e+001
2.189774e+003,8.636133e+001
2.190257e+003,8.619043e+001
2.190739e+003,8.609134e+001
2.191221e+003,8.607841e+001
2.191703e+003,8.614985e+001
2.192185e+003,8.628836e+001
2.192667e+003,8.646340e+001
2.193149e+003,8.663777e+001
2.193631e+003,8.677494e+001
2.194114e+003,8.684903e+001
2.194595e+003,8.685121e+001
2.195078e+003,8.679224e+001
2.195560e+003,8.669724e+001
2.196042e+003,8.659746e+001
2.196524e+003,8.651942e+001
2.197006e+003,8.647898e+001
2.197488e+003,8.647860e+001
2.197970e+003,8.651098e+001
2.198452e+003,8.656412e+001
2.198935e+003,8.662763e+001
2.199417e+003,8.669512e+001
2.199899e+003,8.676419e+001
2.200381e+003,8.683344e+001
2.200863e+003,8.690062e+001
2.201345e+003,8.696194e+001
2.201827e+003,8.701447e+001
2.202309e+003,8.705770e+001
2.202792e+003,8.709477e+001
2.203274e+003,8.713018e+001
2.203756e+003,8.716647e+001
2.204238e+003,8.720045e+001
2.204720e+003,8.722362e+001
2.205202e+003,8.722505e+001
2.205684e+003,8.719823e+001
2.206166e+003,8.714552e+001
2.206648e+003,8.708059e+001
2.207131e+003,8.702334e+001
2.207613e+003,8.699283e+001
2.208095e+003,8.699836e+001
2.208577e+003,8.703604e+001
2.209059e+003,8.708929e+001
2.209541e+003,8.713633e+001
2.210023e+003,8.715827e+001
2.210505e+003,8.714647e+001
2.210988e+003,8.710343e+001
2.211470e+003,8.703993e+001
2.211952e+003,8.696781e+001
2.212434e+003,8.689535e+001
2.212916e+003,8.682584e+001
2.213398e+003,8.676038e+001
2.213880e+003,8.670168e+001
2.214362e+003,8.665742e+001
2.214844e+003,8.663849e+001
2.215327e+003,8.665493e+001
2.215809e+003,8.670965e+001
2.216291e+003,8.679566e+001
2.216773e+003,8.689677e+001
2.217255e+003,8.699356e+001
2.217737e+003,8.707028e+001
2.218219e+003,8.712083e+001
2.218701e+003,8.714874e+001
2.219184e+003,8.716306e+001
2.219666e+003,8.717108e+001
2.220148e+003,8.717410e+001
2.220630e+003,8.716634e+001
2.221112e+003,8.714061e+001
2.221594e+003,8.709444e+001
2.222076e+003,8.703531e+001
2.222558e+003,8.697997e+001
2.223041e+003,8.694879e+001
2.223522e+003,8.695650e+001
2.224005e+003,8.700614e+001
2.224487e+003,8.708646e+001
2.224969e+003,8.717700e+001
2.225451e+003,8.725651e+001
2.225933e+003,8.731191e+001
2.226415e+003,8.734195e+001
2.226897e+003,8.735530e+001
2.227379e+003,8.736301e+001
2.227862e+003,8.737110e+001
2.228344e+003,8.737625e+001
2.228826e+003,8.736779e+001
2.229308e+003,8.733368e+001
2.229790e+003,8.726823e+001
2.230272e+003,8.717556e+001
2.230754e+003,8.707211e+001
2.231236e+003,8.697694e+001
2.231719e+003,8.690512e+001
2.232201e+003,8.686161e+001
2.232683e+003,8.684023e+001
2.233165e+003,8.682749e+001
2.233647e+003,8.680957e+001
2.234129e+003,8.677840e+001
2.234611e+003,8.673506e+001
2.235093e+003,8.668831e+001
2.235575e+003,8.665079e+001
2.236058e+003,8.663384e+001
2.236540e+003,8.664469e+001
2.237022e+003,8.668518e+001
2.237504e+003,8.675330e+001
2.237986e+003,8.684454e+001
2.238468e+003,8.695327e+001
2.238950e+003,8.707210e+001
2.239432e+003,8.719189e+001
2.239915e+003,8.730148e+001
2.240397e+003,8.738955e+001
2.240879e+003,8.744713e+001
2.241361e+003,8.747060e+001
2.241843e+003,8.746245e+001
2.242325e+003,8.743049e+001
2.242807e+003,8.738448e+001
2.243289e+003,8.733344e+001
2.243771e+003,8.728297e+001
2.244254e+003,8.723545e+001
2.244736e+003,8.719111e+001
2.245218e+003,8.715015e+001
2.245700e+003,8.711386e+001
2.246182e+003,8.708467e+001
2.246664e+003,8.706490e+001
2.247146e+003,8.705556e+001
2.247628e+003,8.705589e+001
2.248111e+003,8.706409e+001
2.248593e+003,8.707831e+001
2.249075e+003,8.709819e+001
2.249557e+003,8.712443e+001
2.250039e+003,8.715784e+001
2.250521e+003,8.719727e+001
2.251003e+003,8.723876e+001
2.251485e+003,8.727567e+001
2.251968e+003,8.730122e+001
2.252449e+003,8.731128e+001
2.252932e+003,8.730677e+001
2.253414e+003,8.729356e+001
2.253896e+003,8.728040e+001
2.254378e+003,8.727470e+001
2.254860e+003,8.727941e+001
2.255342e+003,8.729105e+001
2.255824e+003,8.730142e+001
2.256306e+003,8.730056e+001
2.256789e+003,8.728120e+001
2.257271e+003,8.724142e+001
2.257753e+003,8.718563e+001
2.258235e+003,8.712269e+001
2.258717e+003,8.706331e+001
2.259199e+003,8.701656e+001
2.259681e+003,8.698786e+001
2.260163e+003,8.697778e+001
2.260646e+003,8.698250e+001
2.261128e+003,8.699458e+001
2.261610e+003,8.700471e+001
2.262092e+003,8.700340e+001
2.262574e+003,8.698315e+001
2.263056e+003,8.694029e+001
2.263538e+003,8.687665e+001
2.264020e+003,8.679943e+001
2.264502e+003,8.671978e+001
2.264985e+003,8.664967e+001
2.265467e+003,8.659863e+001
2.265949e+003,8.657111e+001
2.266431e+003,8.656615e+001
2.266913e+003,8.657874e+001
2.267395e+003,8.660282e+001
2.267877e+003,8.663383e+001
2.268359e+003,8.667023e+001
2.268842e+003,8.671247e+001
2.269324e+003,8.676082e+001
2.269806e+003,8.681245e+001
2.270288e+003,8.686070e+001
2.270770e+003,8.689584e+001
2.271252e+003,8.690829e+001
2.271734e+003,8.689209e+001
2.272216e+003,8.684755e+001
2.272698e+003,8.678136e+001
2.273181e+003,8.670433e+001
2.273663e+003,8.662773e+001
2.274145e+003,8.656016e+001
2.274627e+003,8.650580e+001
2.275109e+003,8.646483e+001
2.275591e+003,8.643499e+001
2.276073e+003,8.641356e+001
2.276555e+003,8.639838e+001
2.277038e+003,8.638792e+001
2.277520e+003,8.638068e+001
2.278002e+003,8.637471e+001
2.278484e+003,8.636781e+001
2.278966e+003,8.635866e+001
2.279448e+003,8.634775e+001
2.279930e+003,8.633797e+001
2.280412e+003,8.633364e+001
2.280895e+003,8.633871e+001
2.281376e+003,8.635470e+001
2.281859e+003,8.637970e+001
2.282341e+003,8.640862e+001
2.282823e+003,8.643528e+001
2.283305e+003,8.645466e+001
2.283787e+003,8.646480e+001
2.284269e+003,8.646690e+001
2.284751e+003,8.646425e+001
2.285233e+003,8.645992e+001
2.285716e+003,8.645516e+001
2.286198e+003,8.644863e+001
2.286680e+003,8.643753e+001
2.287162e+003,8.641891e+001
2.287644e+003,8.639172e+001
2.288126e+003,8.635708e+001
2.288608e+003,8.631796e+001
2.289090e+003,8.627789e+001
2.289573e+003,8.623959e+001
2.290055e+003,8.620444e+001
2.290537e+003,8.617273e+001
2.291019e+003,8.614446e+001
2.291501e+003,8.612021e+001
2.291983e+003,8.610099e+001
2.292465e+003,8.608781e+001
2.292947e+003,8.608076e+001
2.293429e+003,8.607818e+001
2.293912e+003,8.607710e+001
2.294394e+003,8.607410e+001
2.294876e+003,8.606663e+001
2.295358e+003,8.605383e+001
2.295840e+003,8.603664e+001
2.296322e+003,8.601699e+001
2.296804e+003,8.599640e+001
2.297286e+003,8.597532e+001
2.297769e+003,8.595293e+001
2.298251e+003,8.592819e+001
2.298733e+003,8.590086e+001
2.299215e+003,8.587238e+001
2.299697e+003,8.584563e+001
2.300179e+003,8.582386e+001
2.300661e+003,8.580898e+001
2.301143e+003,8.580066e+001
2.301625e+003,8.579620e+001
2.302108e+003,8.579162e+001
2.302590e+003,8.578338e+001
2.303072e+003,8.576994e+001
2.303554e+003,8.575198e+001
2.304036e+003,8.573165e+001
2.304518e+003,8.571092e+001
2.305000e+003,8.569021e+001
2.305482e+003,8.566757e+001
2.305965e+003,8.563953e+001
2.306447e+003,8.560238e+001
2.306929e+003,8.555413e+001
2.307411e+003,8.549536e+001
2.307893e+003,8.542924e+001
2.308375e+003,8.536042e+001
2.308857e+003,8.529356e+001
2.309339e+003,8.523220e+001
2.309822e+003,8.517812e+001
2.310303e+003,8.513163e+001
2.310786e+003,8.509215e+001
2.311268e+003,8.505857e+001
2.311750e+003,8.502948e+001
2.312232e+003,8.500313e+001
2.312714e+003,8.497749e+001
2.313196e+003,8.495057e+001
2.313678e+003,8.492097e+001
2.314160e+003,8.488855e+001
2.314643e+003,8.485463e+001
2.315125e+003,8.482168e+001
2.315607e+003,8.479269e+001
2.316089e+003,8.476994e+001
2.316571e+003,8.475464e+001
2.317053e+003,8.474666e+001
2.317535e+003,8.474525e+001
2.318017e+003,8.474966e+001
2.318500e+003,8.475976e+001
2.318982e+003,8.477570e+001
2.319464e+003,8.479736e+001
2.319946e+003,8.482357e+001
2.320428e+003,8.485195e+001
2.320910e+003,8.487918e+001
2.321392e+003,8.490248e+001
2.321874e+003,8.492062e+001
2.322356e+003,8.493488e+001
2.322839e+003,8.494833e+001
2.323321e+003,8.496496e+001
2.323803e+003,8.498776e+001
2.324285e+003,8.501801e+001
2.324767e+003,8.505509e+001
2.325249e+003,8.509744e+001
2.325731e+003,8.514357e+001
2.326213e+003,8.519288e+001
2.326696e+003,8.524554e+001
2.327178e+003,8.530181e+001
2.327660e+003,8.536085e+001
2.328142e+003,8.542016e+001
2.328624e+003,8.547562e+001
2.329106e+003,8.552245e+001
2.329588e+003,8.555656e+001
2.330070e+003,8.557590e+001
2.330552e+003,8.558109e+001
2.331035e+003,8.557546e+001
2.331517e+003,8.556427e+001
2.331999e+003,8.555373e+001
2.332481e+003,8.554960e+001
2.332963e+003,8.555632e+001
2.333445e+003,8.557608e+001
2.333927e+003,8.560850e+001
2.334409e+003,8.565036e+001
2.334892e+003,8.569672e+001
2.335374e+003,8.574236e+001
2.335856e+003,8.578394e+001
2.336338e+003,8.582152e+001
2.336820e+003,8.585903e+001
2.337302e+003,8.590260e+001
2.337784e+003,8.595774e+001
2.338266e+003,8.602634e+001
2.338749e+003,8.610520e+001
2.339230e+003,8.618655e+001
2.339713e+003,8.626087e+001
2.340195e+003,8.632008e+001
2.340677e+003,8.636033e+001
2.341159e+003,8.638275e+001
2.341641e+003,8.639162e+001
2.342123e+003,8.639069e+001
2.342605e+003,8.638085e+001
2.343087e+003,8.636033e+001
2.343570e+003,8.632821e+001
2.344052e+003,8.628757e+001
2.344534e+003,8.624635e+001
2.345016e+003,8.621321e+001
2.345498e+003,8.619209e+001
2.345980e+003,8.617946e+001
2.346462e+003,8.616785e+001
2.346944e+003,8.615170e+001
2.347427e+003,8.613097e+001
2.347909e+003,8.611057e+001
2.348391e+003,8.609661e+001
2.348873e+003,8.609280e+001
2.349355e+003,8.609837e+001
2.349837e+003,8.610770e+001
2.350319e+003,8.611207e+001
2.350801e+003,8.610306e+001
2.351283e+003,8.607603e+001
2.351766e+003,8.603194e+001
2.352248e+003,8.597632e+001
2.352730e+003,8.591588e+001
2.353212e+003,8.585585e+001
2.353694e+003,8.579950e+001
2.354176e+003,8.574866e+001
2.354658e+003,8.570449e+001
2.355140e+003,8.566826e+001
2.355623e+003,8.564165e+001
2.356105e+003,8.562730e+001
2.356587e+003,8.562946e+001
2.357069e+003,8.565215e+001
2.357551e+003,8.569451e+001
2.358033e+003,8.574623e+001
2.358515e+003,8.578870e+001
2.358997e+003,8.580492e+001
2.359479e+003,8.579238e+001
2.359962e+003,8.576830e+001
2.360444e+003,8.575695e+001
2.360926e+003,8.577130e+001
2.361408e+003,8.580759e+001
2.361890e+003,8.585436e+001
2.362372e+003,8.590012e+001
2.362854e+003,8.593776e+001
2.363336e+003,8.596594e+001
2.363819e+003,8.598699e+001
2.364301e+003,8.600231e+001
2.364783e+003,8.601063e+001
2.365265e+003,8.601029e+001
2.365747e+003,8.600165e+001
2.366229e+003,8.598663e+001
2.366711e+003,8.596770e+001
2.367193e+003,8.594673e+001
2.367676e+003,8.592559e+001
2.368157e+003,8.590657e+001
2.368640e+003,8.589343e+001
2.369122e+003,8.589105e+001
2.369604e+003,8.590383e+001
2.370086e+003,8.593310e+001
2.370568e+003,8.597533e+001
2.371050e+003,8.602209e+001
2.371532e+003,8.606247e+001
2.372014e+003,8.608686e+001
2.372497e+003,8.609059e+001
2.372979e+003,8.607520e+001
2.373461e+003,8.604749e+001
2.373943e+003,8.601611e+001
2.374425e+003,8.598816e+001
2.374907e+003,8.596643e+001
2.375389e+003,8.594920e+001
2.375872e+003,8.593179e+001
2.376354e+003,8.590917e+001
2.376836e+003,8.587814e+001
2.377318e+003,8.583857e+001
2.377800e+003,8.579281e+001
2.378282e+003,8.574441e+001
2.378764e+003,8.569678e+001
2.379246e+003,8.565223e+001
2.379729e+003,8.561190e+001
2.380210e+003,8.557610e+001
2.380693e+003,8.554490e+001
2.381175e+003,8.551852e+001
2.381657e+003,8.549738e+001
2.382139e+003,8.548212e+001
2.382621e+003,8.547348e+001
2.383103e+003,8.547250e+001
2.383585e+003,8.548029e+001
2.384067e+003,8.549815e+001
2.384550e+003,8.552666e+001
2.385032e+003,8.556509e+001
2.385514e+003,8.561067e+001
2.385996e+003,8.565868e+001
2.386478e+003,8.570313e+001
2.386960e+003,8.573861e+001
2.387442e+003,8.576186e+001
2.387924e+003,8.577309e+001
2.388406e+003,8.577600e+001
2.388889e+003,8.577649e+001
2.389371e+003,8.578059e+001
2.389853e+003,8.579245e+001
2.390335e+003,8.581305e+001
2.390817e+003,8.584038e+001
2.391299e+003,8.587040e+001
2.391781e+003,8.589890e+001
2.392263e+003,8.592262e+001
2.392746e+003,8.594006e+001
2.393228e+003,8.595098e+001
2.393710e+003,8.595599e+001
2.394192e+003,8.595564e+001
2.394674e+003,8.595061e+001
2.395156e+003,8.594185e+001
2.395638e+003,8.593104e+001
2.396120e+003,8.592058e+001
2.396603e+003,8.591320e+001
2.397085e+003,8.591109e+001
2.397567e+003,8.591490e+001
2.398049e+003,8.592339e+001
2.398531e+003,8.593382e+001
2.399013e+003,8.594281e+001
2.399495e+003,8.594762e+001
2.399977e+003,8.594687e+001
2.400459e+003,8.594073e+001
2.400942e+003,8.593040e+001
2.401424e+003,8.591749e+001
2.401906e+003,8.590340e+001
2.402388e+003,8.588916e+001
2.402870e+003,8.587543e+001
2.403352e+003,8.586259e+001
2.403834e+003,8.585078e+001
2.404316e+003,8.583963e+001
2.404799e+003,8.582792e+001
2.405281e+003,8.581351e+001
2.405763e+003,8.579353e+001
2.406245e+003,8.576541e+001
2.406727e+003,8.572787e+001
2.407209e+003,8.568185e+001
2.407691e+003,8.563072e+001
2.408173e+003,8.557967e+001
2.408656e+003,8.553413e+001
2.409137e+003,8.549847e+001
2.409620e+003,8.547468e+001
2.410102e+003,8.546233e+001
2.410584e+003,8.545891e+001
2.411066e+003,8.546110e+001
2.411548e+003,8.546567e+001
2.412030e+003,8.547049e+001
2.412512e+003,8.547439e+001
2.412994e+003,8.547691e+001
2.413477e+003,8.547771e+001
2.413959e+003,8.547630e+001
2.414441e+003,8.547176e+001
2.414923e+003,8.546316e+001
2.415405e+003,8.544975e+001
2.415887e+003,8.543131e+001
2.416369e+003,8.540826e+001
2.416851e+003,8.538161e+001
2.417333e+003,8.535274e+001
2.417816e+003,8.532318e+001
2.418298e+003,8.529422e+001
2.418780e+003,8.526656e+001
2.419262e+003,8.524003e+001
2.419744e+003,8.521352e+001
2.420226e+003,8.518536e+001
2.420708e+003,8.515403e+001
2.421190e+003,8.511904e+001
2.421673e+003,8.508163e+001
2.422155e+003,8.504507e+001
2.422637e+003,8.501387e+001
2.423119e+003,8.499255e+001
2.423601e+003,8.498422e+001
2.424083e+003,8.498928e+001
2.424565e+003,8.500521e+001
2.425047e+003,8.502742e+001
2.425530e+003,8.505074e+001
2.426012e+003,8.507102e+001
2.426494e+003,8.508635e+001
2.426976e+003,8.509697e+001
2.427458e+003,8.510449e+001
2.427940e+003,8.511050e+001
2.428422e+003,8.511552e+001
2.428904e+003,8.511885e+001
2.429386e+003,8.511893e+001
2.429869e+003,8.511428e+001
2.430351e+003,8.510457e+001
2.430833e+003,8.509084e+001
2.431315e+003,8.507508e+001
2.431797e+003,8.505956e+001
2.432279e+003,8.504605e+001
2.432761e+003,8.503555e+001
2.433243e+003,8.502858e+001
2.433726e+003,8.502554e+001
2.434208e+003,8.502720e+001
2.434690e+003,8.503427e+001
2.435172e+003,8.504691e+001
2.435654e+003,8.506395e+001
2.436136e+003,8.508257e+001
2.436618e+003,8.509869e+001
2.437100e+003,8.510815e+001
2.437583e+003,8.510803e+001
2.438064e+003,8.509776e+001
2.438547e+003,8.507923e+001
2.439029e+003,8.505605e+001
2.439511e+003,8.503210e+001
2.439993e+003,8.501022e+001
2.440475e+003,8.499157e+001
2.440957e+003,8.497554e+001
2.441439e+003,8.496064e+001
2.441921e+003,8.494542e+001
2.442404e+003,8.492905e+001
2.442886e+003,8.491163e+001
2.443368e+003,8.489378e+001
2.443850e+003,8.487646e+001
2.444332e+003,8.486054e+001
2.444814e+003,8.484697e+001
2.445296e+003,8.483672e+001
2.445778e+003,8.483086e+001
2.446260e+003,8.483022e+001
2.446743e+003,8.483479e+001
2.447225e+003,8.484331e+001
2.447707e+003,8.485322e+001
2.448189e+003,8.486121e+001
2.448671e+003,8.486432e+001
2.449153e+003,8.486089e+001
2.449635e+003,8.485120e+001
2.450117e+003,8.483717e+001
2.450600e+003,8.482167e+001
2.451082e+003,8.480734e+001
2.451564e+003,8.479582e+001
2.452046e+003,8.478767e+001
2.452528e+003,8.478286e+001
2.453010e+003,8.478128e+001
2.453492e+003,8.478335e+001
2.453974e+003,8.478970e+001
2.454457e+003,8.480065e+001
2.454939e+003,8.481523e+001
2.455421e+003,8.483105e+001
2.455903e+003,8.484468e+001
2.456385e+003,8.485281e+001
2.456867e+003,8.485352e+001
2.457349e+003,8.484710e+001
2.457831e+003,8.483600e+001
2.458313e+003,8.482383e+001
2.458796e+003,8.481400e+001
2.459278e+003,8.480850e+001
2.459760e+003,8.480744e+001
2.460242e+003,8.480961e+001
2.460724e+003,8.481311e+001
2.461206e+003,8.481642e+001
2.461688e+003,8.481873e+001
2.462170e+003,8.481956e+001
2.462653e+003,8.481831e+001
2.463135e+003,8.481382e+001
2.463617e+003,8.480450e+001
2.464099e+003,8.478911e+001
2.464581e+003,8.476768e+001
2.465063e+003,8.474207e+001
2.465545e+003,8.471584e+001
2.466027e+003,8.469316e+001
2.466510e+003,8.467747e+001
2.466992e+003,8.467039e+001
2.467474e+003,8.467136e+001
2.467956e+003,8.467828e+001
2.468438e+003,8.468868e+001
2.468920e+003,8.470093e+001
2.469402e+003,8.471481e+001
2.469884e+003,8.473136e+001
2.470366e+003,8.475199e+001
2.470849e+003,8.477763e+001
2.471331e+003,8.480809e+001
2.471813e+003,8.484225e+001
2.472295e+003,8.487847e+001
2.472777e+003,8.491545e+001
2.473259e+003,8.495238e+001
2.473741e+003,8.498908e+001
2.474223e+003,8.502567e+001
2.474706e+003,8.506222e+001
2.475188e+003,8.509881e+001
2.475670e+003,8.513596e+001
2.476152e+003,8.517467e+001
2.476634e+003,8.521645e+001
2.477116e+003,8.526266e+001
2.477598e+003,8.531366e+001
2.478080e+003,8.536796e+001
2.478563e+003,8.542221e+001
2.479044e+003,8.547203e+001
2.479527e+003,8.551347e+001
2.480009e+003,8.554447e+001
2.480491e+003,8.556568e+001
2.480973e+003,8.557990e+001
2.481455e+003,8.559075e+001
2.481937e+003,8.560095e+001
2.482419e+003,8.561138e+001
2.482901e+003,8.562103e+001
2.483384e+003,8.562827e+001
2.483866e+003,8.563236e+001
2.484348e+003,8.563465e+001
2.484830e+003,8.563835e+001
2.485312e+003,8.564736e+001
2.485794e+003,8.566419e+001
2.486276e+003,8.568869e+001
2.486758e+003,8.571770e+001
2.487240e+003,8.574628e+001
2.487723e+003,8.576978e+001
2.488205e+003,8.578587e+001
2.488687e+003,8.579517e+001
2.489169e+003,8.580081e+001
2.489651e+003,8.580654e+001
2.490133e+003,8.581490e+001
2.490615e+003,8.582604e+001
2.491097e+003,8.583798e+001
2.491580e+003,8.584791e+001
2.492062e+003,8.585389e+001
2.492544e+003,8.585599e+001
2.493026e+003,8.585632e+001
2.493508e+003,8.585795e+001
2.493990e+003,8.586349e+001
2.494472e+003,8.587410e+001
2.494954e+003,8.588925e+001
2.495437e+003,8.590737e+001
2.495919e+003,8.592711e+001
2.496401e+003,8.594795e+001
2.496883e+003,8.597021e+001
2.497365e+003,8.599435e+001
2.497847e+003,8.602005e+001
2.498329e+003,8.604552e+001
2.498811e+003,8.606798e+001
2.499293e+003,8.608457e+001
2.499776e+003,8.609360e+001
2.500258e+003,8.609532e+001
2.500740e+003,8.609190e+001
2.501222e+003,8.608633e+001
2.501704e+003,8.608126e+001
2.502186e+003,8.607809e+001
2.502668e+003,8.607665e+001
2.503150e+003,8.607595e+001
2.503633e+003,8.607505e+001
2.504115e+003,8.607365e+001
2.504597e+003,8.607236e+001
2.505079e+003,8.607189e+001
2.505561e+003,8.607249e+001
2.506043e+003,8.607336e+001
2.506525e+003,8.607303e+001
2.507007e+003,8.607002e+001
2.507490e+003,8.606403e+001
2.507971e+003,8.605646e+001
2.508454e+003,8.605008e+001
2.508936e+003,8.604811e+001
2.509418e+003,8.605283e+001
2.509900e+003,8.606451e+001
2.510382e+003,8.608141e+001
2.510864e+003,8.610010e+001
2.511346e+003,8.611684e+001
2.511828e+003,8.612852e+001
2.512311e+003,8.613353e+001
2.512793e+003,8.613152e+001
2.513275e+003,8.612326e+001
2.513757e+003,8.611011e+001
2.514239e+003,8.609406e+001
2.514721e+003,8.607771e+001
2.515203e+003,8.606473e+001
2.515685e+003,8.605923e+001
2.516167e+003,8.606517e+001
2.516650e+003,8.608478e+001
2.517132e+003,8.611744e+001
2.517614e+003,8.615912e+001
2.518096e+003,8.620288e+001
2.518578e+003,8.624047e+001
2.519060e+003,8.626469e+001
2.519542e+003,8.627139e+001
2.520024e+003,8.626059e+001
2.520507e+003,8.623648e+001
2.520989e+003,8.620596e+001
2.521471e+003,8.617681e+001
2.521953e+003,8.615576e+001
2.522435e+003,8.614697e+001
2.522917e+003,8.615152e+001
2.523399e+003,8.616751e+001
2.523881e+003,8.619089e+001
2.524364e+003,8.621648e+001
2.524846e+003,8.623932e+001
2.525328e+003,8.625565e+001
2.525810e+003,8.626377e+001
2.526292e+003,8.626445e+001
2.526774e+003,8.626058e+001
2.527256e+003,8.625607e+001
2.527738e+003,8.625486e+001
2.528220e+003,8.625941e+001
2.528703e+003,8.627016e+001
2.529185e+003,8.628542e+001
2.529667e+003,8.630225e+001
2.530149e+003,8.631772e+001
2.530631e+003,8.632980e+001
2.531113e+003,8.633810e+001
2.531595e+003,8.634349e+001
2.532077e+003,8.634740e+001
2.532560e+003,8.635101e+001
2.533042e+003,8.635466e+001
2.533524e+003,8.635792e+001
2.534006e+003,8.636012e+001
2.534488e+003,8.636089e+001
2.534970e+003,8.636032e+001
2.535452e+003,8.635894e+001
2.535934e+003,8.635710e+001
2.536417e+003,8.635448e+001
2.536898e+003,8.634994e+001
2.537381e+003,8.634203e+001
2.537863e+003,8.632956e+001
2.538345e+003,8.631271e+001
2.538827e+003,8.629318e+001
2.539309e+003,8.627399e+001
2.539791e+003,8.625858e+001
2.540273e+003,8.624981e+001
2.540755e+003,8.624927e+001
2.541238e+003,8.625680e+001
2.541720e+003,8.627097e+001
2.542202e+003,8.628963e+001
2.542684e+003,8.631052e+001
2.543166e+003,8.633146e+001
2.543648e+003,8.635048e+001
2.544130e+003,8.636570e+001
2.544612e+003,8.637553e+001
2.545094e+003,8.637888e+001
2.545577e+003,8.637574e+001
2.546059e+003,8.636752e+001
2.546541e+003,8.635696e+001
2.547023e+003,8.634767e+001
2.547505e+003,8.634304e+001
2.547987e+003,8.634538e+001
2.548469e+003,8.635542e+001
2.548951e+003,8.637215e+001
2.549434e+003,8.639342e+001
2.549916e+003,8.641674e+001
2.550398e+003,8.643976e+001
2.550880e+003,8.646067e+001
2.551362e+003,8.647811e+001
2.551844e+003,8.649092e+001
2.552326e+003,8.649804e+001
2.552808e+003,8.649858e+001
2.553291e+003,8.649217e+001
2.553773e+003,8.647926e+001
2.554255e+003,8.646127e+001
2.554737e+003,8.644024e+001
2.555219e+003,8.641852e+001
2.555701e+003,8.639809e+001
2.556183e+003,8.638047e+001
2.556665e+003,8.636659e+001
2.557147e+003,8.635715e+001
2.557630e+003,8.635273e+001
2.558112e+003,8.635373e+001
2.558594e+003,8.636006e+001
2.559076e+003,8.637074e+001
2.559558e+003,8.638351e+001
2.560040e+003,8.639530e+001
2.560522e+003,8.640274e+001
2.561004e+003,8.640348e+001
2.561487e+003,8.639700e+001
2.561969e+003,8.638500e+001
2.562451e+003,8.637090e+001
2.562933e+003,8.635863e+001
2.563415e+003,8.635122e+001
2.563897e+003,8.634969e+001
2.564379e+003,8.635266e+001
2.564861e+003,8.635703e+001
2.565344e+003,8.635911e+001
2.565825e+003,8.635603e+001
2.566308e+003,8.634690e+001
2.566790e+003,8.633311e+001
2.567272e+003,8.631786e+001
2.567754e+003,8.630503e+001
2.568236e+003,8.629790e+001
2.568718e+003,8.629800e+001
2.569200e+003,8.630470e+001
2.569682e+003,8.631520e+001
2.570165e+003,8.632540e+001
2.570647e+003,8.633118e+001
2.571129e+003,8.632938e+001
2.571611e+003,8.631901e+001
2.572093e+003,8.630146e+001
2.572575e+003,8.628013e+001
2.573057e+003,8.625965e+001
2.573539e+003,8.624443e+001
2.574021e+003,8.623765e+001
2.574504e+003,8.624050e+001
2.574986e+003,8.625212e+001
2.575468e+003,8.627014e+001
2.575950e+003,8.629170e+001
2.576432e+003,8.631408e+001
2.576914e+003,8.633536e+001
2.577396e+003,8.635435e+001
2.577878e+003,8.637038e+001
2.578361e+003,8.638265e+001
2.578843e+003,8.639022e+001
2.579325e+003,8.639216e+001
2.579807e+003,8.638811e+001
2.580289e+003,8.637868e+001
2.580771e+003,8.636568e+001
2.581253e+003,8.635191e+001
2.581735e+003,8.634042e+001
2.582218e+003,8.633367e+001
2.582700e+003,8.633292e+001
2.583182e+003,8.633801e+001
2.583664e+003,8.634754e+001
2.584146e+003,8.635958e+001
2.584628e+003,8.637230e+001
2.585110e+003,8.638443e+001
2.585592e+003,8.639537e+001
2.586074e+003,8.640499e+001
2.586557e+003,8.641337e+001
2.587039e+003,8.642051e+001
2.587521e+003,8.642627e+001
2.588003e+003,8.643045e+001
2.588485e+003,8.643298e+001
2.588967e+003,8.643400e+001
2.589449e+003,8.643383e+001
2.589931e+003,8.643281e+001
2.590414e+003,8.643129e+001
2.590896e+003,8.642922e+001
2.591378e+003,8.642639e+001
2.591860e+003,8.642231e+001
2.592342e+003,8.641656e+001
2.592824e+003,8.640898e+001
2.593306e+003,8.640005e+001
2.593788e+003,8.639100e+001
2.594271e+003,8.638386e+001
2.594752e+003,8.638098e+001
2.595235e+003,8.638445e+001
2.595717e+003,8.639517e+001
2.596199e+003,8.641232e+001
2.596681e+003,8.643304e+001
2.597163e+003,8.645313e+001
2.597645e+003,8.646823e+001
2.598127e+003,8.647540e+001
2.598609e+003,8.647427e+001
2.599092e+003,8.646739e+001
2.599574e+003,8.645933e+001
2.600056e+003,8.645494e+001
2.600538e+003,8.645718e+001
2.601020e+003,8.646580e+001
2.601502e+003,8.647704e+001
2.601984e+003,8.648492e+001
2.602466e+003,8.648360e+001
2.602948e+003,8.646943e+001
2.603431e+003,8.644250e+001
2.603913e+003,8.640634e+001
2.604395e+003,8.636656e+001
2.604877e+003,8.632878e+001
2.605359e+003,8.629688e+001
2.605841e+003,8.627243e+001
2.606323e+003,8.625509e+001
2.606805e+003,8.624411e+001
2.607288e+003,8.623932e+001
2.607770e+003,8.624168e+001
2.608252e+003,8.625256e+001
2.608734e+003,8.627255e+001
2.609216e+003,8.630010e+001
2.609698e+003,8.633130e+001
2.610180e+003,8.636050e+001
2.610662e+003,8.638217e+001
2.611145e+003,8.639261e+001
2.611627e+003,8.639116e+001
2.612109e+003,8.638026e+001
2.612591e+003,8.636411e+001
2.613073e+003,8.634708e+001
2.613555e+003,8.633222e+001
2.614037e+003,8.632059e+001
2.614519e+003,8.631170e+001
2.615001e+003,8.630425e+001
2.615484e+003,8.629744e+001
2.615966e+003,8.629115e+001
2.616448e+003,8.628594e+001
2.616930e+003,8.628236e+001
2.617412e+003,8.628030e+001
2.617894e+003,8.627884e+001
2.618376e+003,8.627659e+001
2.618858e+003,8.627238e+001
2.619341e+003,8.626585e+001
2.619823e+003,8.625760e+001
2.620305e+003,8.624873e+001
2.620787e+003,8.624030e+001
2.621269e+003,8.623269e+001
2.621751e+003,8.622536e+001
2.622233e+003,8.621738e+001
2.622715e+003,8.620785e+001
2.623198e+003,8.619656e+001
2.623679e+003,8.618396e+001
2.624162e+003,8.617092e+001
2.624644e+003,8.615821e+001
2.625126e+003,8.614594e+001
2.625608e+003,8.613371e+001
2.626090e+003,8.612120e+001
2.626572e+003,8.610867e+001
2.627054e+003,8.609753e+001
2.627536e+003,8.609008e+001
2.628019e+003,8.608878e+001
2.628501e+003,8.609507e+001
2.628983e+003,8.610860e+001
2.629465e+003,8.612678e+001
2.629947e+003,8.614549e+001
2.630429e+003,8.616025e+001
2.630911e+003,8.616756e+001
2.631393e+003,8.616587e+001
2.631875e+003,8.615577e+001
2.632358e+003,8.613951e+001
2.632840e+003,8.612002e+001
2.633322e+003,8.609995e+001
2.633804e+003,8.608117e+001
2.634286e+003,8.606465e+001
2.634768e+003,8.605076e+001
2.635250e+003,8.603958e+001
2.635732e+003,8.603125e+001
2.636215e+003,8.602575e+001
2.636697e+003,8.602286e+001
2.637179e+003,8.602181e+001
2.637661e+003,8.602131e+001
2.638143e+003,8.601976e+001
2.638625e+003,8.601563e+001
2.639107e+003,8.600788e+001
2.639589e+003,8.599624e+001
2.640072e+003,8.598125e+001
2.640554e+003,8.596418e+001
2.641036e+003,8.594682e+001
2.641518e+003,8.593112e+001
2.642000e+003,8.591882e+001
2.642482e+003,8.591109e+001
2.642964e+003,8.590826e+001
2.643446e+003,8.590956e+001
2.643928e+003,8.591324e+001
2.644411e+003,8.591681e+001
2.644893e+003,8.591779e+001
2.645375e+003,8.591429e+001
2.645857e+003,8.590568e+001
2.646339e+003,8.589268e+001
2.646821e+003,8.587716e+001
2.647303e+003,8.586145e+001
2.647785e+003,8.584763e+001
2.648268e+003,8.583675e+001
2.648750e+003,8.582882e+001
2.649232e+003,8.582294e+001
2.649714e+003,8.581770e+001
2.650196e+003,8.581191e+001
2.650678e+003,8.580486e+001
2.651160e+003,8.579634e+001
2.651642e+003,8.578662e+001
2.652125e+003,8.577605e+001
2.652606e+003,8.576498e+001
2.653089e+003,8.575367e+001
2.653571e+003,8.574244e+001
2.654053e+003,8.573168e+001
2.654535e+003,8.572185e+001
2.655017e+003,8.571328e+001
2.655499e+003,8.570596e+001
2.655981e+003,8.569949e+001
2.656463e+003,8.569283e+001
2.656946e+003,8.568488e+001
2.657428e+003,8.567461e+001
2.657910e+003,8.566148e+001
2.658392e+003,8.564545e+001
2.658874e+003,8.562710e+001
2.659356e+003,8.560726e+001
2.659838e+003,8.558678e+001
2.660320e+003,8.556647e+001
2.660802e+003,8.554684e+001
2.661285e+003,8.552825e+001
2.661767e+003,8.551073e+001
2.662249e+003,8.549403e+001
2.662731e+003,8.547748e+001
2.663213e+003,8.545996e+001
2.663695e+003,8.544004e+001
2.664177e+003,8.541650e+001
2.664659e+003,8.538860e+001
2.665142e+003,8.535661e+001
2.665624e+003,8.532188e+001
2.666106e+003,8.528658e+001
2.666588e+003,8.525304e+001
2.667070e+003,8.522305e+001
2.667552e+003,8.519727e+001
2.668034e+003,8.517498e+001
2.668516e+003,8.515443e+001
2.668999e+003,8.513335e+001
2.669481e+003,8.510973e+001
2.669963e+003,8.508243e+001
2.670445e+003,8.505145e+001
2.670927e+003,8.501787e+001
2.671409e+003,8.498351e+001
2.671891e+003,8.495050e+001
2.672373e+003,8.492087e+001
2.672855e+003,8.489624e+001
2.673338e+003,8.487755e+001
2.673820e+003,8.486501e+001
2.674302e+003,8.485820e+001
2.674784e+003,8.485604e+001
2.675266e+003,8.485725e+001
2.675748e+003,8.486060e+001
2.676230e+003,8.486530e+001
2.676712e+003,8.487122e+001
2.677195e+003,8.487869e+001
2.677677e+003,8.488821e+001
2.678159e+003,8.489995e+001
2.678641e+003,8.491341e+001
2.679123e+003,8.492736e+001
2.679605e+003,8.494014e+001
2.680087e+003,8.495034e+001
2.680569e+003,8.495738e+001
2.681052e+003,8.496181e+001
2.681533e+003,8.496529e+001
2.682016e+003,8.496983e+001
2.682498e+003,8.497704e+001
2.682980e+003,8.498756e+001
2.683462e+003,8.500068e+001
2.683944e+003,8.501469e+001
2.684426e+003,8.502765e+001
2.684908e+003,8.503802e+001
2.685390e+003,8.504531e+001
2.685873e+003,8.505011e+001
2.686355e+003,8.505379e+001
2.686837e+003,8.505793e+001
2.687319e+003,8.506373e+001
2.687801e+003,8.507161e+001
2.688283e+003,8.508117e+001
2.688765e+003,8.509142e+001
2.689247e+003,8.510091e+001
2.689729e+003,8.510828e+001
2.690212e+003,8.511227e+001
2.690694e+003,8.511205e+001
2.691176e+003,8.510732e+001
2.691658e+003,8.509838e+001
2.692140e+003,8.508627e+001
2.692622e+003,8.507247e+001
2.693104e+003,8.505873e+001
2.693586e+003,8.504654e+001
2.694069e+003,8.503677e+001
2.694551e+003,8.502940e+001
2.695033e+003,8.502362e+001
2.695515e+003,8.501825e+001
2.695997e+003,8.501206e+001
2.696479e+003,8.500418e+001
2.696961e+003,8.499437e+001
2.697443e+003,8.498271e+001
2.697926e+003,8.496960e+001
2.698408e+003,8.495523e+001
2.698890e+003,8.493967e+001
2.699372e+003,8.492297e+001
2.699854e+003,8.490523e+001
2.700336e+003,8.488689e+001
2.700818e+003,8.486862e+001
2.701300e+003,8.485106e+001
2.701782e+003,8.483452e+001
2.702265e+003,8.481882e+001
2.702747e+003,8.480324e+001
2.703229e+003,8.478684e+001
2.703711e+003,8.476888e+001
2.704193e+003,8.474915e+001
2.704675e+003,8.472813e+001
2.705157e+003,8.470671e+001
2.705639e+003,8.468585e+001
2.706122e+003,8.466605e+001
2.706604e+003,8.464719e+001
2.707086e+003,8.462865e+001
2.707568e+003,8.460955e+001
2.708050e+003,8.458910e+001
2.708532e+003,8.456694e+001
2.709014e+003,8.454302e+001
2.709496e+003,8.451746e+001
2.709979e+003,8.449026e+001
2.710461e+003,8.446120e+001
2.710943e+003,8.442989e+001
2.711425e+003,8.439597e+001
2.711907e+003,8.435944e+001
2.712389e+003,8.432072e+001
2.712871e+003,8.428059e+001
2.713353e+003,8.423991e+001
2.713835e+003,8.419926e+001
2.714318e+003,8.415879e+001
2.714800e+003,8.411828e+001
2.715282e+003,8.407739e+001
2.715764e+003,8.403590e+001
2.716246e+003,8.399400e+001
2.716728e+003,8.395215e+001
2.717210e+003,8.391101e+001
2.717692e+003,8.387128e+001
2.718175e+003,8.383344e+001
2.718656e+003,8.379803e+001
2.719139e+003,8.376578e+001
2.719621e+003,8.373782e+001
2.720103e+003,8.371578e+001
2.720585e+003,8.370140e+001
2.721067e+003,8.369604e+001
2.721549e+003,8.370020e+001
2.722031e+003,8.371313e+001
2.722513e+003,8.373303e+001
2.722996e+003,8.375744e+001
2.723478e+003,8.378409e+001
2.723960e+003,8.381157e+001
2.724442e+003,8.383978e+001
2.724924e+003,8.386980e+001
2.725406e+003,8.390335e+001
2.725888e+003,8.394202e+001
2.726370e+003,8.398657e+001
2.726853e+003,8.403657e+001
2.727335e+003,8.409027e+001
2.727817e+003,8.414516e+001
2.728299e+003,8.419842e+001
2.728781e+003,8.424767e+001
2.729263e+003,8.429132e+001
2.729745e+003,8.432885e+001
2.730227e+003,8.436060e+001
2.730709e+003,8.438757e+001
2.731192e+003,8.441096e+001
2.731674e+003,8.443195e+001
2.732156e+003,8.445131e+001
2.732638e+003,8.446941e+001
2.733120e+003,8.448630e+001
2.733602e+003,8.450183e+001
2.734084e+003,8.451595e+001
2.734566e+003,8.452866e+001
2.735049e+003,8.454023e+001
2.735531e+003,8.455096e+001
2.736013e+003,8.456118e+001
2.736495e+003,8.457104e+001
2.736977e+003,8.458054e+001
2.737459e+003,8.458955e+001
2.737941e+003,8.459789e+001
2.738423e+003,8.460548e+001
2.738906e+003,8.461243e+001
2.739388e+003,8.461894e+001
2.739870e+003,8.462540e+001
2.740352e+003,8.463217e+001
2.740834e+003,8.463961e+001
2.741316e+003,8.464798e+001
2.741798e+003,8.465742e+001
2.742280e+003,8.466781e+001
2.742762e+003,8.467864e+001
2.743245e+003,8.468901e+001
2.743727e+003,8.469759e+001
2.744209e+003,8.470297e+001
2.744691e+003,8.470403e+001
2.745173e+003,8.470027e+001
2.745655e+003,8.469223e+001
2.746137e+003,8.468140e+001
2.746619e+003,8.466975e+001
2.747102e+003,8.465926e+001
2.747583e+003,8.465125e+001
2.748066e+003,8.464594e+001
2.748548e+003,8.464267e+001
2.749030e+003,8.464005e+001
2.749512e+003,8.463667e+001
2.749994e+003,8.463147e+001
2.750476e+003,8.462404e+001
2.750958e+003,8.461437e+001
2.751440e+003,8.460262e+001
2.751923e+003,8.458878e+001
2.752405e+003,8.457279e+001
2.752887e+003,8.455466e+001
2.753369e+003,8.453493e+001
2.753851e+003,8.451472e+001
2.754333e+003,8.449574e+001
2.754815e+003,8.447956e+001
2.755297e+003,8.446700e+001
2.755780e+003,8.445754e+001
2.756262e+003,8.444920e+001
2.756744e+003,8.443915e+001
2.757226e+003,8.442462e+001
2.757708e+003,8.440404e+001
2.758190e+003,8.437760e+001
2.758672e+003,8.434734e+001
2.759154e+003,8.431638e+001
2.759636e+003,8.428789e+001
2.760119e+003,8.426403e+001
2.760601e+003,8.424545e+001
2.761083e+003,8.423136e+001
2.761565e+003,8.422001e+001
2.762047e+003,8.420963e+001
2.762529e+003,8.419899e+001
2.763011e+003,8.418773e+001
2.763493e+003,8.417627e+001
2.763976e+003,8.416547e+001
2.764458e+003,8.415619e+001
2.764940e+003,8.414917e+001
2.765422e+003,8.414476e+001
2.765904e+003,8.414314e+001
2.766386e+003,8.414414e+001
2.766868e+003,8.414735e+001
2.767350e+003,8.415202e+001
2.767833e+003,8.415696e+001
2.768315e+003,8.416093e+001
2.768797e+003,8.416262e+001
2.769279e+003,8.416106e+001
2.769761e+003,8.415563e+001
2.770243e+003,8.414608e+001
2.770725e+003,8.413233e+001
2.771207e+003,8.411424e+001
2.771689e+003,8.409180e+001
2.772172e+003,8.406538e+001
2.772654e+003,8.403619e+001
2.773136e+003,8.400661e+001
2.773618e+003,8.398022e+001
2.774100e+003,8.396127e+001
2.774582e+003,8.395349e+001
2.775064e+003,8.395913e+001
2.775546e+003,8.397812e+001
2.776029e+003,8.400798e+001
2.776510e+003,8.404430e+001
2.776993e+003,8.408210e+001
2.777475e+003,8.411714e+001
2.777957e+003,8.414677e+001
2.778439e+003,8.417037e+001
2.778921e+003,8.418902e+001
2.779403e+003,8.420465e+001
2.779885e+003,8.421914e+001
2.780367e+003,8.423370e+001
2.780850e+003,8.424870e+001
2.781332e+003,8.426378e+001
2.781814e+003,8.427832e+001
2.782296e+003,8.429169e+001
2.782778e+003,8.430348e+001
2.783260e+003,8.431362e+001
2.783742e+003,8.432220e+001
2.784224e+003,8.432948e+001
2.784707e+003,8.433582e+001
2.785189e+003,8.434155e+001
2.785671e+003,8.434694e+001
2.786153e+003,8.435201e+001
2.786635e+003,8.435643e+001
2.787117e+003,8.435962e+001
2.787599e+003,8.436085e+001
2.788081e+003,8.435966e+001
2.788563e+003,8.435614e+001
2.789046e+003,8.435119e+001
2.789528e+003,8.434629e+001
2.790010e+003,8.434320e+001
2.790492e+003,8.434332e+001
2.790974e+003,8.434718e+001
2.791456e+003,8.435423e+001
2.791938e+003,8.436305e+001
2.792420e+003,8.437159e+001
2.792903e+003,8.437783e+001
2.793385e+003,8.438006e+001
2.793867e+003,8.437713e+001
2.794349e+003,8.436832e+001
2.794831e+003,8.435343e+001
2.795313e+003,8.433267e+001
2.795795e+003,8.430688e+001
2.796277e+003,8.427776e+001
2.796760e+003,8.424788e+001
2.797242e+003,8.422043e+001
2.797724e+003,8.419860e+001
2.798206e+003,8.418487e+001
2.798688e+003,8.418015e+001
2.799170e+003,8.418357e+001
2.799652e+003,8.419268e+001
2.800134e+003,8.420412e+001
2.800616e+003,8.421472e+001
2.801099e+003,8.422228e+001
2.801581e+003,8.422610e+001
2.802063e+003,8.422684e+001
2.802545e+003,8.422598e+001
2.803027e+003,8.422514e+001
2.803509e+003,8.422528e+001
2.803991e+003,8.422651e+001
2.804473e+003,8.422816e+001
2.804956e+003,8.422912e+001
2.805438e+003,8.422836e+001
2.805920e+003,8.422535e+001
2.806402e+003,8.422021e+001
2.806884e+003,8.421378e+001
2.807366e+003,8.420718e+001
2.807848e+003,8.420160e+001
2.808330e+003,8.419790e+001
2.808813e+003,8.419629e+001
2.809294e+003,8.419627e+001
2.809777e+003,8.419678e+001
2.810259e+003,8.419646e+001
2.810741e+003,8.419407e+001
2.811223e+003,8.418896e+001
2.811705e+003,8.418115e+001
2.812187e+003,8.417155e+001
2.812669e+003,8.416134e+001
2.813151e+003,8.415171e+001
2.813634e+003,8.414338e+001
2.814116e+003,8.413640e+001
2.814598e+003,8.413020e+001
2.815080e+003,8.412404e+001
2.815562e+003,8.411738e+001
2.816044e+003,8.411026e+001
2.816526e+003,8.410323e+001
2.817008e+003,8.409707e+001
2.817490e+003,8.409238e+001
2.817973e+003,8.408916e+001
2.818455e+003,8.408666e+001
2.818937e+003,8.408368e+001
2.819419e+003,8.407886e+001
2.819901e+003,8.407123e+001
2.820383e+003,8.406053e+001
2.820865e+003,8.404707e+001
2.821347e+003,8.403152e+001
2.821830e+003,8.401460e+001
2.822312e+003,8.399667e+001
2.822794e+003,8.397779e+001
2.823276e+003,8.395782e+001
2.823758e+003,8.393675e+001
2.824240e+003,8.391473e+001
2.824722e+003,8.389227e+001
2.825204e+003,8.387003e+001
2.825687e+003,8.384859e+001
2.826169e+003,8.382830e+001
2.826651e+003,8.380920e+001
2.827133e+003,8.379106e+001
2.827615e+003,8.377362e+001
2.828097e+003,8.375654e+001
2.828579e+003,8.373952e+001
2.829061e+003,8.372219e+001
2.829543e+003,8.370409e+001
2.830026e+003,8.368462e+001
2.830508e+003,8.366325e+001
2.830990e+003,8.363972e+001
2.831472e+003,8.361420e+001
2.831954e+003,8.358733e+001
2.832436e+003,8.356009e+001
2.832918e+003,8.353346e+001
2.833400e+003,8.350819e+001
2.833883e+003,8.348462e+001
2.834365e+003,8.346272e+001
2.834847e+003,8.344227e+001
2.835329e+003,8.342303e+001
2.835811e+003,8.340505e+001
2.836293e+003,8.338866e+001
2.836775e+003,8.337447e+001
2.837257e+003,8.336327e+001
2.837740e+003,8.335598e+001
2.838221e+003,8.335344e+001
2.838704e+003,8.335641e+001
2.839186e+003,8.336543e+001
2.839668e+003,8.338044e+001
2.840150e+003,8.340063e+001
2.840632e+003,8.342431e+001
2.841114e+003,8.344900e+001
2.841596e+003,8.347183e+001
2.842078e+003,8.349038e+001
2.842561e+003,8.350322e+001
2.843043e+003,8.351050e+001
2.843525e+003,8.351382e+001
2.844007e+003,8.351585e+001
2.844489e+003,8.351932e+001
2.844971e+003,8.352619e+001
2.845453e+003,8.353713e+001
2.845935e+003,8.355132e+001
2.846417e+003,8.356693e+001
2.846900e+003,8.358177e+001
2.847382e+003,8.359420e+001
2.847864e+003,8.360343e+001
2.848346e+003,8.360961e+001
2.848828e+003,8.361364e+001
2.849310e+003,8.361649e+001
2.849792e+003,8.361877e+001
2.850274e+003,8.362054e+001
2.850757e+003,8.362114e+001
2.851239e+003,8.361960e+001
2.851721e+003,8.361486e+001
2.852203e+003,8.360627e+001
2.852685e+003,8.359380e+001
2.853167e+003,8.357813e+001
2.853649e+003,8.356063e+001
2.854131e+003,8.354305e+001
2.854614e+003,8.352705e+001
2.855096e+003,8.351393e+001
2.855578e+003,8.350420e+001
2.856060e+003,8.349751e+001
2.856542e+003,8.349276e+001
2.857024e+003,8.348853e+001
2.857506e+003,8.348352e+001
2.857988e+003,8.347690e+001
2.858470e+003,8.346852e+001
2.858953e+003,8.345867e+001
2.859435e+003,8.344784e+001
2.859917e+003,8.343636e+001
2.860399e+003,8.342420e+001
2.860881e+003,8.341112e+001
2.861363e+003,8.339693e+001
2.861845e+003,8.338190e+001
2.862327e+003,8.336693e+001
2.862810e+003,8.335332e+001
2.863292e+003,8.334237e+001
2.863774e+003,8.333482e+001
2.864256e+003,8.333038e+001
2.864738e+003,8.332771e+001
2.865220e+003,8.332484e+001
2.865702e+003,8.331992e+001
2.866184e+003,8.331178e+001
2.866667e+003,8.330038e+001
2.867148e+003,8.328665e+001
2.867631e+003,8.327202e+001
2.868113e+003,8.325771e+001
2.868595e+003,8.324430e+001
2.869077e+003,8.323153e+001
2.869559e+003,8.321870e+001
2.870041e+003,8.320509e+001
2.870523e+003,8.319056e+001
2.871005e+003,8.317579e+001
2.871488e+003,8.316222e+001
2.871970e+003,8.315150e+001
2.872452e+003,8.314497e+001
2.872934e+003,8.314308e+001
2.873416e+003,8.314526e+001
2.873898e+003,8.314996e+001
2.874380e+003,8.315501e+001
2.874862e+003,8.315814e+001
2.875344e+003,8.315733e+001
2.875827e+003,8.315131e+001
2.876309e+003,8.313969e+001
2.876791e+003,8.312303e+001
2.877273e+003,8.310278e+001
2.877755e+003,8.308111e+001
2.878237e+003,8.306044e+001
2.878719e+003,8.304303e+001
2.879201e+003,8.303053e+001
2.879684e+003,8.302357e+001
2.880166e+003,8.302161e+001
2.880648e+003,8.302311e+001
2.881130e+003,8.302583e+001
2.881612e+003,8.302748e+001
2.882094e+003,8.302615e+001
2.882576e+003,8.302072e+001
2.883058e+003,8.301109e+001
2.883541e+003,8.299799e+001
2.884023e+003,8.298276e+001
2.884505e+003,8.296690e+001
2.884987e+003,8.295162e+001
2.885469e+003,8.293771e+001
2.885951e+003,8.292537e+001
2.886433e+003,8.291426e+001
2.886915e+003,8.290386e+001
2.887397e+003,8.289382e+001
2.887880e+003,8.288409e+001
2.888362e+003,8.287515e+001
2.888844e+003,8.286774e+001
2.889326e+003,8.286256e+001
2.889808e+003,8.285976e+001
2.890290e+003,8.285863e+001
2.890772e+003,8.285757e+001
2.891254e+003,8.285442e+001
2.891737e+003,8.284695e+001
2.892219e+003,8.283381e+001
2.892701e+003,8.281475e+001
2.893183e+003,8.279090e+001
2.893665e+003,8.276445e+001
2.894147e+003,8.273796e+001
2.894629e+003,8.271377e+001
2.895111e+003,8.269350e+001
2.895594e+003,8.267781e+001
2.896075e+003,8.266661e+001
2.896558e+003,8.265927e+001
2.897040e+003,8.265479e+001
2.897522e+003,8.265189e+001
2.898004e+003,8.264912e+001
2.898486e+003,8.264463e+001
2.898968e+003,8.263655e+001
2.899450e+003,8.262333e+001
2.899932e+003,8.260431e+001
2.900415e+003,8.258006e+001
2.900897e+003,8.255241e+001
2.901379e+003,8.252396e+001
2.901861e+003,8.249723e+001
2.902343e+003,8.247377e+001
2.902825e+003,8.245364e+001
2.903307e+003,8.243549e+001
2.903789e+003,8.241715e+001
2.904271e+003,8.239676e+001
2.904754e+003,8.237348e+001
2.905236e+003,8.234808e+001
2.905718e+003,8.232246e+001
2.906200e+003,8.229897e+001
2.906682e+003,8.227927e+001
2.907164e+003,8.226358e+001
2.907646e+003,8.225047e+001
2.908128e+003,8.223728e+001
2.908611e+003,8.222088e+001
2.909093e+003,8.219860e+001
2.909575e+003,8.216884e+001
2.910057e+003,8.213132e+001
2.910539e+003,8.208691e+001
2.911021e+003,8.203719e+001
2.911503e+003,8.198424e+001
2.911985e+003,8.193034e+001
2.912468e+003,8.187778e+001
2.912950e+003,8.182887e+001
2.913432e+003,8.178550e+001
2.913914e+003,8.174894e+001
2.914396e+003,8.171948e+001
2.914878e+003,8.169620e+001
2.915360e+003,8.167707e+001
2.915842e+003,8.165949e+001
2.916324e+003,8.164087e+001
2.916807e+003,8.161930e+001
2.917289e+003,8.159401e+001
2.917771e+003,8.156535e+001
2.918253e+003,8.153459e+001
2.918735e+003,8.150326e+001
2.919217e+003,8.147266e+001
2.919699e+003,8.144352e+001
2.920181e+003,8.141565e+001
2.920664e+003,8.138804e+001
2.921146e+003,8.135904e+001
2.921628e+003,8.132668e+001
2.922110e+003,8.128906e+001
2.922592e+003,8.124474e+001
2.923074e+003,8.119315e+001
2.923556e+003,8.113478e+001
2.924038e+003,8.107127e+001
2.924521e+003,8.100518e+001
2.925002e+003,8.093949e+001
2.925485e+003,8.087708e+001
2.925967e+003,8.082030e+001
2.926449e+003,8.077065e+001
2.926931e+003,8.072887e+001
2.927413e+003,8.069525e+001
2.927895e+003,8.067010e+001
2.928377e+003,8.065392e+001
2.928859e+003,8.064754e+001
2.929342e+003,8.065176e+001
2.929824e+003,8.066701e+001
2.930306e+003,8.069283e+001
2.930788e+003,8.072771e+001
2.931270e+003,8.076920e+001
2.931752e+003,8.081418e+001
2.932234e+003,8.085950e+001
2.932716e+003,8.090245e+001
2.933198e+003,8.094113e+001
2.933681e+003,8.097456e+001
2.934163e+003,8.100251e+001
2.934645e+003,8.102543e+001
2.935127e+003,8.104410e+001
2.935609e+003,8.105952e+001
2.936091e+003,8.107258e+001
2.936573e+003,8.108418e+001
2.937055e+003,8.109509e+001
2.937538e+003,8.110593e+001
2.938020e+003,8.111723e+001
2.938502e+003,8.112954e+001
2.938984e+003,8.114344e+001
2.939466e+003,8.115962e+001
2.939948e+003,8.117888e+001
2.940430e+003,8.120193e+001
2.940912e+003,8.122932e+001
2.941395e+003,8.126124e+001
2.941877e+003,8.129748e+001
2.942359e+003,8.133746e+001
2.942841e+003,8.138037e+001
2.943323e+003,8.142544e+001
2.943805e+003,8.147208e+001
2.944287e+003,8.152002e+001
2.944769e+003,8.156928e+001
2.945251e+003,8.162012e+001
2.945734e+003,8.167287e+001
2.946216e+003,8.172773e+001
2.946698e+003,8.178455e+001
2.947180e+003,8.184278e+001
2.947662e+003,8.190121e+001
2.948144e+003,8.195815e+001
2.948626e+003,8.201154e+001
2.949108e+003,8.205933e+001
2.949591e+003,8.210000e+001
2.950073e+003,8.213309e+001
2.950555e+003,8.215955e+001
2.951037e+003,8.218172e+001
2.951519e+003,8.220295e+001
2.952001e+003,8.222675e+001
2.952483e+003,8.225590e+001
2.952965e+003,8.229159e+001
2.953448e+003,8.233315e+001
2.953929e+003,8.237818e+001
2.954412e+003,8.242326e+001
2.954894e+003,8.246507e+001
2.955376e+003,8.250121e+001
2.955858e+003,8.253096e+001
2.956340e+003,8.255527e+001
2.956822e+003,8.257623e+001
2.957304e+003,8.259615e+001
2.957786e+003,8.261676e+001
2.958269e+003,8.263851e+001
2.958751e+003,8.266066e+001
2.959233e+003,8.268153e+001
2.959715e+003,8.269939e+001
2.960197e+003,8.271330e+001
2.960679e+003,8.272363e+001
2.961161e+003,8.273215e+001
2.961643e+003,8.274179e+001
2.962125e+003,8.275568e+001
2.962608e+003,8.277649e+001
2.963090e+003,8.280552e+001
2.963572e+003,8.284250e+001
2.964054e+003,8.288564e+001
2.964536e+003,8.293205e+001
2.965018e+003,8.297845e+001
2.965500e+003,8.302168e+001
2.965982e+003,8.305901e+001
2.966465e+003,8.308851e+001
2.966947e+003,8.310888e+001
2.967429e+003,8.311966e+001
2.967911e+003,8.312106e+001
2.968393e+003,8.311417e+001
2.968875e+003,8.310087e+001
2.969357e+003,8.308376e+001
2.969839e+003,8.306567e+001
2.970322e+003,8.304908e+001
2.970804e+003,8.303555e+001
2.971286e+003,8.302537e+001
2.971768e+003,8.301746e+001
2.972250e+003,8.300986e+001
2.972732e+003,8.300038e+001
2.973214e+003,8.298739e+001
2.973696e+003,8.297028e+001
2.974178e+003,8.294953e+001
2.974661e+003,8.292648e+001
2.975143e+003,8.290270e+001
2.975625e+003,8.287949e+001
2.976107e+003,8.285752e+001
2.976589e+003,8.283683e+001
2.977071e+003,8.281705e+001
2.977553e+003,8.279780e+001
2.978035e+003,8.277893e+001
2.978518e+003,8.276077e+001
2.979000e+003,8.274419e+001
2.979482e+003,8.273039e+001
2.979964e+003,8.272087e+001
2.980446e+003,8.271712e+001
2.980928e+003,8.272039e+001
2.981410e+003,8.273129e+001
2.981892e+003,8.274937e+001
2.982375e+003,8.277287e+001
2.982856e+003,8.279874e+001
2.983339e+003,8.282311e+001
2.983821e+003,8.284208e+001
2.984303e+003,8.285271e+001
2.984785e+003,8.285385e+001
2.985267e+003,8.284641e+001
2.985749e+003,8.283284e+001
2.986231e+003,8.281625e+001
2.986713e+003,8.279913e+001
2.987196e+003,8.278246e+001
2.987678e+003,8.276544e+001
2.988160e+003,8.274603e+001
2.988642e+003,8.272205e+001
2.989124e+003,8.269238e+001
2.989606e+003,8.265781e+001
2.990088e+003,8.262102e+001
2.990570e+003,8.258575e+001
2.991052e+003,8.255581e+001
2.991535e+003,8.253361e+001
2.992017e+003,8.251955e+001
2.992499e+003,8.251186e+001
2.992981e+003,8.250702e+001
2.993463e+003,8.250093e+001
2.993945e+003,8.248966e+001
2.994427e+003,8.247055e+001
2.994909e+003,8.244241e+001
2.995392e+003,8.240588e+001
2.995874e+003,8.236299e+001
2.996356e+003,8.231676e+001
2.996838e+003,8.227057e+001
2.997320e+003,8.222750e+001
2.997802e+003,8.218961e+001
2.998284e+003,8.215745e+001
2.998766e+003,8.212984e+001
2.999249e+003,8.210420e+001
2.999731e+003,8.207713e+001
3.000213e+003,8.204534e+001
3.000695e+003,8.200642e+001
3.001177e+003,8.195949e+001
3.001659e+003,8.190511e+001
3.002141e+003,8.184492e+001
3.002623e+003,8.178088e+001
3.003105e+003,8.171469e+001
3.003588e+003,8.164722e+001
3.004070e+003,8.157866e+001
3.004552e+003,8.150878e+001
3.005034e+003,8.143729e+001
3.005516e+003,8.136430e+001
3.005998e+003,8.129041e+001
3.006480e+003,8.121664e+001
3.006962e+003,8.114434e+001
3.007445e+003,8.107499e+001
3.007927e+003,8.101017e+001
3.008409e+003,8.095161e+001
3.008891e+003,8.090093e+001
3.009373e+003,8.085974e+001
3.009855e+003,8.082924e+001
3.010337e+003,8.080991e+001
3.010819e+003,8.080138e+001
3.011302e+003,8.080247e+001
3.011783e+003,8.081157e+001
3.012266e+003,8.082695e+001
3.012748e+003,8.084729e+001
3.013230e+003,8.087192e+001
3.013712e+003,8.090074e+001
3.014194e+003,8.093402e+001
3.014676e+003,8.097202e+001
3.015158e+003,8.101476e+001
3.015640e+003,8.106201e+001
3.016123e+003,8.111338e+001
3.016605e+003,8.116851e+001
3.017087e+003,8.122721e+001
3.017569e+003,8.128948e+001
3.018051e+003,8.135517e+001
3.018533e+003,8.142388e+001
3.019015e+003,8.149477e+001
3.019497e+003,8.156654e+001
3.019979e+003,8.163776e+001
3.020462e+003,8.170721e+001
3.020944e+003,8.177420e+001
3.021426e+003,8.183881e+001
3.021908e+003,8.190189e+001
3.022390e+003,8.196471e+001
3.022872e+003,8.202856e+001
3.023354e+003,8.209428e+001
3.023836e+003,8.216194e+001
3.024319e+003,8.223057e+001
3.024801e+003,8.229826e+001
3.025283e+003,8.236253e+001
3.025765e+003,8.242080e+001
3.026247e+003,8.247115e+001
3.026729e+003,8.251283e+001
3.027211e+003,8.254662e+001
3.027693e+003,8.257470e+001
3.028176e+003,8.260001e+001
3.028658e+003,8.262543e+001
3.029140e+003,8.265272e+001
3.029622e+003,8.268179e+001
3.030104e+003,8.271059e+001
3.030586e+003,8.273553e+001
3.031068e+003,8.275268e+001
3.031550e+003,8.275900e+001
3.032032e+003,8.275341e+001
3.032515e+003,8.273737e+001
3.032997e+003,8.271448e+001
3.033479e+003,8.268959e+001
3.033961e+003,8.266758e+001
3.034443e+003,8.265213e+001
3.034925e+003,8.264486e+001
3.035407e+003,8.264503e+001
3.035889e+003,8.264980e+001
3.036372e+003,8.265497e+001
3.036854e+003,8.265587e+001
3.037336e+003,8.264843e+001
3.037818e+003,8.263013e+001
3.038300e+003,8.260058e+001
3.038782e+003,8.256178e+001
3.039264e+003,8.251794e+001
3.039746e+003,8.247468e+001
3.040229e+003,8.243798e+001
3.040711e+003,8.241299e+001
3.041193e+003,8.240281e+001
3.041675e+003,8.240797e+001
3.042157e+003,8.242648e+001
3.042639e+003,8.245461e+001
3.043121e+003,8.248783e+001
3.043603e+003,8.252212e+001
3.044085e+003,8.255470e+001
3.044568e+003,8.258430e+001
3.045050e+003,8.261082e+001
3.045532e+003,8.263451e+001
3.046014e+003,8.265532e+001
3.046496e+003,8.267252e+001
3.046978e+003,8.268478e+001
3.047460e+003,8.269086e+001
3.047942e+003,8.269032e+001
3.048425e+003,8.268398e+001
3.048906e+003,8.267404e+001
3.049389e+003,8.266346e+001
3.049871e+003,8.265514e+001
3.050353e+003,8.265095e+001
3.050835e+003,8.265129e+001
3.051317e+003,8.265528e+001
3.051799e+003,8.266142e+001
3.052281e+003,8.266855e+001
3.052763e+003,8.267667e+001
3.053246e+003,8.268716e+001
3.053728e+003,8.270243e+001
3.054210e+003,8.272491e+001
3.054692e+003,8.275591e+001
3.055174e+003,8.279486e+001
3.055656e+003,8.283915e+001
3.056138e+003,8.288480e+001
3.056620e+003,8.292763e+001
3.057103e+003,8.296439e+001
3.057585e+003,8.299371e+001
3.058067e+003,8.301595e+001
3.058549e+003,8.303273e+001
3.059031e+003,8.304590e+001
3.059513e+003,8.305670e+001
3.059995e+003,8.306543e+001
3.060477e+003,8.307162e+001
3.060959e+003,8.307475e+001
3.061442e+003,8.307480e+001
3.061924e+003,8.307251e+001
3.062406e+003,8.306927e+001
3.062888e+003,8.306631e+001
3.063370e+003,8.306399e+001
3.063852e+003,8.306149e+001
3.064334e+003,8.305702e+001
3.064816e+003,8.304866e+001
3.065299e+003,8.303535e+001
3.065781e+003,8.301757e+001
3.066263e+003,8.299760e+001
3.066745e+003,8.297876e+001
3.067227e+003,8.296429e+001
3.067709e+003,8.295630e+001
3.068191e+003,8.295509e+001
3.068673e+003,8.295923e+001
3.069156e+003,8.296623e+001
3.069638e+003,8.297357e+001
3.070120e+003,8.297939e+001
3.070602e+003,8.298289e+001
3.071084e+003,8.298399e+001
3.071566e+003,8.298282e+001
3.072048e+003,8.297900e+001
3.072530e+003,8.297141e+001
3.073012e+003,8.295840e+001
3.073495e+003,8.293829e+001
3.073977e+003,8.291008e+001
3.074459e+003,8.287402e+001
3.074941e+003,8.283168e+001
3.075423e+003,8.278590e+001
3.075905e+003,8.274033e+001
3.076387e+003,8.269881e+001
3.076869e+003,8.266499e+001
3.077352e+003,8.264173e+001
3.077833e+003,8.263084e+001
3.078316e+003,8.263269e+001
3.078798e+003,8.264619e+001
3.079280e+003,8.266885e+001
3.079762e+003,8.269720e+001
3.080244e+003,8.272752e+001
3.080726e+003,8.275649e+001
3.081208e+003,8.278187e+001
3.081690e+003,8.280260e+001
3.082173e+003,8.281880e+001
3.082655e+003,8.283123e+001
3.083137e+003,8.284083e+001
3.083619e+003,8.284842e+001
3.084101e+003,8.285461e+001
3.084583e+003,8.285995e+001
3.085065e+003,8.286510e+001
3.085547e+003,8.287076e+001
3.086030e+003,8.287759e+001
3.086512e+003,8.288587e+001
3.086994e+003,8.289541e+001
3.087476e+003,8.290554e+001
3.087958e+003,8.291556e+001
3.088440e+003,8.292511e+001
3.088922e+003,8.293468e+001
3.089404e+003,8.294532e+001
3.089886e+003,8.295825e+001
3.090369e+003,8.297412e+001
3.090851e+003,8.299254e+001
3.091333e+003,8.301180e+001
3.091815e+003,8.302959e+001
3.092297e+003,8.304372e+001
3.092779e+003,8.305307e+001
3.093261e+003,8.305799e+001
3.093743e+003,8.306011e+001
3.094226e+003,8.306132e+001
3.094708e+003,8.306290e+001
3.095190e+003,8.306469e+001
3.095672e+003,8.306514e+001
3.096154e+003,8.306211e+001
3.096636e+003,8.305405e+001
3.097118e+003,8.304096e+001
3.097600e+003,8.302489e+001
3.098083e+003,8.300945e+001
3.098565e+003,8.299884e+001
3.099047e+003,8.299649e+001
3.099529e+003,8.300410e+001
3.100011e+003,8.302120e+001
3.100493e+003,8.304554e+001
3.100975e+003,8.307357e+001
3.101457e+003,8.310153e+001
3.101939e+003,8.312592e+001
3.102422e+003,8.314404e+001
3.102904e+003,8.315414e+001
3.103386e+003,8.315540e+001
3.103868e+003,8.314799e+001
3.104350e+003,8.313309e+001
3.104832e+003,8.311278e+001
3.105314e+003,8.308962e+001
3.105796e+003,8.306627e+001
3.106279e+003,8.304488e+001
3.106760e+003,8.302683e+001
3.107243e+003,8.301268e+001
3.107725e+003,8.300240e+001
3.108207e+003,8.299588e+001
3.108689e+003,8.299297e+001
3.109171e+003,8.299371e+001
3.109653e+003,8.299796e+001
3.110135e+003,8.300502e+001
3.110617e+003,8.301357e+001
3.111100e+003,8.302175e+001
3.111582e+003,8.302779e+001
3.112064e+003,8.303054e+001
3.112546e+003,8.302994e+001
3.113028e+003,8.302693e+001
3.113510e+003,8.302286e+001
3.113992e+003,8.301871e+001
3.114474e+003,8.301460e+001
3.114957e+003,8.300949e+001
3.115439e+003,8.300178e+001
3.115921e+003,8.299000e+001
3.116403e+003,8.297358e+001
3.116885e+003,8.295332e+001
3.117367e+003,8.293109e+001
3.117849e+003,8.290937e+001
3.118331e+003,8.289046e+001
3.118813e+003,8.287607e+001
3.119296e+003,8.286716e+001
3.119778e+003,8.286420e+001
3.120260e+003,8.286745e+001
3.120742e+003,8.287704e+001
3.121224e+003,8.289268e+001
3.121706e+003,8.291338e+001
3.122188e+003,8.293707e+001
3.122670e+003,8.296081e+001
3.123153e+003,8.298141e+001
3.123635e+003,8.299630e+001
3.124117e+003,8.300432e+001
3.124599e+003,8.300606e+001
3.125081e+003,8.300346e+001
3.125563e+003,8.299900e+001
3.126045e+003,8.299467e+001
3.126527e+003,8.299144e+001
3.127010e+003,8.298906e+001
3.127492e+003,8.298671e+001
3.127974e+003,8.298366e+001
3.128456e+003,8.297983e+001
3.128938e+003,8.297611e+001
3.129420e+003,8.297385e+001
3.129902e+003,8.297431e+001
3.130384e+003,8.297783e+001
3.130866e+003,8.298372e+001
3.131349e+003,8.299037e+001
3.131831e+003,8.299570e+001
3.132313e+003,8.299786e+001
3.132795e+003,8.299563e+001
3.133277e+003,8.298875e+001
3.133759e+003,8.297771e+001
3.134241e+003,8.296349e+001
3.134723e+003,8.294734e+001
3.135206e+003,8.293058e+001
3.135688e+003,8.291433e+001
3.136170e+003,8.289946e+001
3.136652e+003,8.288635e+001
3.137134e+003,8.287483e+001
3.137616e+003,8.286417e+001
3.138098e+003,8.285333e+001
3.138580e+003,8.284130e+001
3.139063e+003,8.282754e+001
3.139544e+003,8.281213e+001
3.140027e+003,8.279575e+001
3.140509e+003,8.277924e+001
3.140991e+003,8.276327e+001
3.141473e+003,8.274805e+001
3.141955e+003,8.273341e+001
3.142437e+003,8.271909e+001
3.142919e+003,8.270531e+001
3.143401e+003,8.269289e+001
3.143884e+003,8.268318e+001
3.144366e+003,8.267751e+001
3.144848e+003,8.267664e+001
3.145330e+003,8.268017e+001
3.145812e+003,8.268670e+001
3.146294e+003,8.269427e+001
3.146776e+003,8.270113e+001
3.147258e+003,8.270647e+001
3.147740e+003,8.271056e+001
3.148223e+003,8.271436e+001
3.148705e+003,8.271883e+001
3.149187e+003,8.272427e+001
3.149669e+003,8.272987e+001
3.150151e+003,8.273410e+001
3.150633e+003,8.273534e+001
3.151115e+003,8.273261e+001
3.151597e+003,8.272609e+001
3.152080e+003,8.271693e+001
3.152562e+003,8.270688e+001
3.153044e+003,8.269759e+001
3.153526e+003,8.269020e+001
3.154008e+003,8.268542e+001
3.154490e+003,8.268360e+001
3.154972e+003,8.268524e+001
3.155454e+003,8.269088e+001
3.155937e+003,8.270085e+001
3.156419e+003,8.271472e+001
3.156901e+003,8.273086e+001
3.157383e+003,8.274642e+001
3.157865e+003,8.275803e+001
3.158347e+003,8.276276e+001
3.158829e+003,8.275912e+001
3.159311e+003,8.274777e+001
3.159793e+003,8.273107e+001
3.160276e+003,8.271243e+001
3.160758e+003,8.269505e+001
3.161240e+003,8.268110e+001
3.161722e+003,8.267144e+001
3.162204e+003,8.266586e+001
3.162686e+003,8.266377e+001
3.163168e+003,8.266485e+001
3.163650e+003,8.266911e+001
3.164133e+003,8.267677e+001
3.164615e+003,8.268766e+001
3.165097e+003,8.270077e+001
3.165579e+003,8.271436e+001
3.166061e+003,8.272645e+001
3.166543e+003,8.273536e+001
3.167025e+003,8.274042e+001
3.167507e+003,8.274201e+001
3.167990e+003,8.274129e+001
3.168471e+003,8.273946e+001
3.168954e+003,8.273728e+001
3.169436e+003,8.273487e+001
3.169918e+003,8.273193e+001
3.170400e+003,8.272813e+001
3.170882e+003,8.272359e+001
3.171364e+003,8.271882e+001
3.171846e+003,8.271461e+001
3.172328e+003,8.271131e+001
3.172811e+003,8.270869e+001
3.173293e+003,8.270586e+001
3.173775e+003,8.270187e+001
3.174257e+003,8.269625e+001
3.174739e+003,8.268969e+001
3.175221e+003,8.268393e+001
3.175703e+003,8.268134e+001
3.176185e+003,8.268401e+001
3.176667e+003,8.269290e+001
3.177150e+003,8.270731e+001
3.177632e+003,8.272499e+001
3.178114e+003,8.274272e+001
3.178596e+003,8.275719e+001
3.179078e+003,8.276569e+001
3.179560e+003,8.276667e+001
3.180042e+003,8.275970e+001
3.180524e+003,8.274549e+001
3.181007e+003,8.272569e+001
3.181489e+003,8.270287e+001
3.181971e+003,8.268026e+001
3.182453e+003,8.266148e+001
3.182935e+003,8.264986e+001
3.183417e+003,8.264769e+001
3.183899e+003,8.265540e+001
3.184381e+003,8.267142e+001
3.184864e+003,8.269228e+001
3.185346e+003,8.271358e+001
3.185828e+003,8.273122e+001
3.186310e+003,8.274242e+001
3.186792e+003,8.274635e+001
3.187274e+003,8.274401e+001
3.187756e+003,8.273763e+001
3.188238e+003,8.272977e+001
3.188720e+003,8.272246e+001
3.189203e+003,8.271696e+001
3.189685e+003,8.271368e+001
3.190167e+003,8.271243e+001
3.190649e+003,8.271275e+001
3.191131e+003,8.271407e+001
3.191613e+003,8.271584e+001
3.192095e+003,8.271751e+001
3.192577e+003,8.271863e+001
3.193060e+003,8.271900e+001
3.193542e+003,8.271881e+001
3.194024e+003,8.271866e+001
3.194506e+003,8.271938e+001
3.194988e+003,8.272170e+001
3.195470e+003,8.272583e+001
3.195952e+003,8.273132e+001
3.196434e+003,8.273711e+001
3.196917e+003,8.274215e+001
3.197398e+003,8.274580e+001
3.197881e+003,8.274818e+001
3.198363e+003,8.275020e+001
3.198845e+003,8.275306e+001
3.199327e+003,8.275755e+001
3.199809e+003,8.276363e+001
3.200291e+003,8.277020e+001
3.200773e+003,8.277555e+001
3.201255e+003,8.277816e+001
3.201738e+003,8.277725e+001
3.202220e+003,8.277334e+001
3.202702e+003,8.276810e+001
3.203184e+003,8.276366e+001
3.203666e+003,8.276182e+001
3.204148e+003,8.276326e+001
3.204630e+003,8.276734e+001
3.205112e+003,8.277235e+001
3.205594e+003,8.277617e+001
3.206077e+003,8.277710e+001
3.206559e+003,8.277457e+001
3.207041e+003,8.276929e+001
3.207523e+003,8.276308e+001
3.208005e+003,8.275819e+001
3.208487e+003,8.275670e+001
3.208969e+003,8.275970e+001
3.209451e+003,8.276706e+001
3.209934e+003,8.277747e+001
3.210416e+003,8.278881e+001
3.210898e+003,8.279897e+001
3.211380e+003,8.280635e+001
3.211862e+003,8.281042e+001
3.212344e+003,8.281181e+001
3.212826e+003,8.281186e+001
3.213308e+003,8.281214e+001
3.213791e+003,8.281358e+001
3.214273e+003,8.281622e+001
3.214755e+003,8.281902e+001
3.215237e+003,8.282035e+001
3.215719e+003,8.281862e+001
3.216201e+003,8.281303e+001
3.216683e+003,8.280377e+001
3.217165e+003,8.279190e+001
3.217647e+003,8.277889e+001
3.218130e+003,8.276602e+001
3.218612e+003,8.275392e+001
3.219094e+003,8.274269e+001
3.219576e+003,8.273222e+001
3.220058e+003,8.272268e+001
3.220540e+003,8.271481e+001
3.221022e+003,8.270992e+001
3.221504e+003,8.270924e+001
3.221987e+003,8.271339e+001
3.222469e+003,8.272182e+001
3.222951e+003,8.273298e+001
3.223433e+003,8.274467e+001
3.223915e+003,8.275497e+001
3.224397e+003,8.276272e+001
3.224879e+003,8.276778e+001
3.225361e+003,8.277061e+001
3.225844e+003,8.277163e+001
3.226325e+003,8.277042e+001
3.226808e+003,8.276573e+001
3.227290e+003,8.275581e+001
3.227772e+003,8.273947e+001
3.228254e+003,8.271677e+001
3.228736e+003,8.268970e+001
3.229218e+003,8.266177e+001
3.229700e+003,8.263702e+001
3.230182e+003,8.261874e+001
3.230665e+003,8.260854e+001
3.231147e+003,8.260591e+001
3.231629e+003,8.260867e+001
3.232111e+003,8.261397e+001
3.232593e+003,8.261929e+001
3.233075e+003,8.262313e+001
3.233557e+003,8.262517e+001
3.234039e+003,8.262576e+001
3.234521e+003,8.262540e+001
3.235004e+003,8.262431e+001
3.235486e+003,8.262218e+001
3.235968e+003,8.261854e+001
3.236450e+003,8.261304e+001
3.236932e+003,8.260581e+001
3.237414e+003,8.259744e+001
3.237896e+003,8.258884e+001
3.238378e+003,8.258069e+001
3.238861e+003,8.257336e+001
3.239343e+003,8.256687e+001
3.239825e+003,8.256094e+001
3.240307e+003,8.255556e+001
3.240789e+003,8.255100e+001
3.241271e+003,8.254823e+001
3.241753e+003,8.254838e+001
3.242235e+003,8.255267e+001
3.242718e+003,8.256178e+001
3.243200e+003,8.257562e+001
3.243682e+003,8.259311e+001
3.244164e+003,8.261216e+001
3.244646e+003,8.263015e+001
3.245128e+003,8.264432e+001
3.245610e+003,8.265243e+001
3.246092e+003,8.265334e+001
3.246574e+003,8.264720e+001
3.247057e+003,8.263557e+001
3.247539e+003,8.262077e+001
3.248021e+003,8.260551e+001
3.248503e+003,8.259199e+001
3.248985e+003,8.258152e+001
3.249467e+003,8.257423e+001
3.249949e+003,8.256944e+001
3.250431e+003,8.256611e+001
3.250914e+003,8.256346e+001
3.251396e+003,8.256120e+001
3.251878e+003,8.255952e+001
3.252360e+003,8.255867e+001
3.252842e+003,8.255865e+001
3.253324e+003,8.255898e+001
3.253806e+003,8.255866e+001
3.254288e+003,8.255691e+001
3.254771e+003,8.255336e+001
3.255252e+003,8.254834e+001
3.255735e+003,8.254270e+001
3.256217e+003,8.253745e+001
3.256699e+003,8.253315e+001
3.257181e+003,8.252955e+001
3.257663e+003,8.252593e+001
3.258145e+003,8.252150e+001
3.258627e+003,8.251608e+001
3.259109e+003,8.251050e+001
3.259592e+003,8.250636e+001
3.260074e+003,8.250534e+001
3.260556e+003,8.250835e+001
3.261038e+003,8.251491e+001
3.261520e+003,8.252296e+001
3.262002e+003,8.252958e+001
3.262484e+003,8.253200e+001
3.262966e+003,8.252858e+001
3.263448e+003,8.251946e+001
3.263931e+003,8.250638e+001
3.264413e+003,8.249189e+001
3.264895e+003,8.247848e+001
3.265377e+003,8.246776e+001
3.265859e+003,8.246002e+001
3.266341e+003,8.245448e+001
3.266823e+003,8.244956e+001
3.267305e+003,8.244357e+001
3.267788e+003,8.243494e+001
3.268270e+003,8.242261e+001
3.268752e+003,8.240601e+001
3.269234e+003,8.238549e+001
3.269716e+003,8.236244e+001
3.270198e+003,8.233941e+001
3.270680e+003,8.231981e+001
3.271162e+003,8.230734e+001
3.271645e+003,8.230480e+001
3.272127e+003,8.231308e+001
3.272609e+003,8.233040e+001
3.273091e+003,8.235268e+001
3.273573e+003,8.237437e+001
3.274055e+003,8.239027e+001
3.274537e+003,8.239705e+001
3.275019e+003,8.239423e+001
3.275501e+003,8.238428e+001
3.275984e+003,8.237161e+001
3.276466e+003,8.236111e+001
3.276948e+003,8.235671e+001
3.277430e+003,8.236028e+001
3.277912e+003,8.237150e+001
3.278394e+003,8.238802e+001
3.278876e+003,8.240645e+001
3.279358e+003,8.242289e+001
3.279841e+003,8.243398e+001
3.280323e+003,8.243729e+001
3.280805e+003,8.243178e+001
3.281287e+003,8.241809e+001
3.281769e+003,8.239850e+001
3.282251e+003,8.237639e+001
3.282733e+003,8.235549e+001
3.283215e+003,8.233887e+001
3.283698e+003,8.232802e+001
3.284179e+003,8.232247e+001
3.284662e+003,8.232018e+001
3.285144e+003,8.231831e+001
3.285626e+003,8.231470e+001
3.286108e+003,8.230859e+001
3.286590e+003,8.230107e+001
3.287072e+003,8.229446e+001
3.287554e+003,8.229126e+001
3.288036e+003,8.229305e+001
3.288519e+003,8.229984e+001
3.289001e+003,8.231029e+001
3.289483e+003,8.232238e+001
3.289965e+003,8.233443e+001
3.290447e+003,8.234592e+001
3.290929e+003,8.235742e+001
3.291411e+003,8.237008e+001
3.291893e+003,8.238469e+001
3.292375e+003,8.240102e+001
3.292858e+003,8.241764e+001
3.293340e+003,8.243248e+001
3.293822e+003,8.244353e+001
3.294304e+003,8.244980e+001
3.294786e+003,8.245160e+001
3.295268e+003,8.245040e+001
3.295750e+003,8.244818e+001
3.296232e+003,8.244669e+001
3.296715e+003,8.244707e+001
3.297197e+003,8.244968e+001
3.297679e+003,8.245432e+001
3.298161e+003,8.246066e+001
3.298643e+003,8.246831e+001
3.299125e+003,8.247701e+001
3.299607e+003,8.248630e+001
3.300089e+003,8.249554e+001
3.300572e+003,8.250369e+001
3.301054e+003,8.250973e+001
3.301536e+003,8.251268e+001
3.302018e+003,8.251202e+001
3.302500e+003,8.250767e+001
3.302982e+003,8.250002e+001
3.303464e+003,8.248972e+001
3.303946e+003,8.247762e+001
3.304428e+003,8.246483e+001
3.304911e+003,8.245270e+001
3.305393e+003,8.244273e+001
3.305875e+003,8.243628e+001
3.306357e+003,8.243420e+001
3.306839e+003,8.243634e+001
3.307321e+003,8.244140e+001
3.307803e+003,8.244734e+001
3.308285e+003,8.245200e+001
3.308768e+003,8.245404e+001
3.309250e+003,8.245352e+001
3.309732e+003,8.245203e+001
3.310214e+003,8.245186e+001
3.310696e+003,8.245517e+001
3.311178e+003,8.246294e+001
3.311660e+003,8.247449e+001
3.312142e+003,8.248768e+001
3.312625e+003,8.249986e+001
3.313106e+003,8.250883e+001
3.313589e+003,8.251366e+001
3.314071e+003,8.251483e+001
3.314553e+003,8.251383e+001
3.315035e+003,8.251231e+001
3.315517e+003,8.251134e+001
3.315999e+003,8.251105e+001
3.316481e+003,8.251087e+001
3.316963e+003,8.250990e+001
3.317446e+003,8.250745e+001
3.317928e+003,8.250327e+001
3.318410e+003,8.249758e+001
3.318892e+003,8.249064e+001
3.319374e+003,8.248273e+001
3.319856e+003,8.247390e+001
3.320338e+003,8.246423e+001
3.320820e+003,8.245396e+001
3.321302e+003,8.244347e+001
3.321785e+003,8.243330e+001
3.322267e+003,8.242368e+001
3.322749e+003,8.241431e+001
3.323231e+003,8.240448e+001
3.323713e+003,8.239331e+001
3.324195e+003,8.238043e+001
3.324677e+003,8.236633e+001
3.325159e+003,8.235255e+001
3.325642e+003,8.234118e+001
3.326124e+003,8.233415e+001
3.326606e+003,8.233241e+001
3.327088e+003,8.233551e+001
3.327570e+003,8.234180e+001
3.328052e+003,8.234911e+001
3.328534e+003,8.235564e+001
3.329016e+003,8.236051e+001
3.329499e+003,8.236394e+001
3.329981e+003,8.236671e+001
3.330463e+003,8.236951e+001
3.330945e+003,8.237241e+001
3.331427e+003,8.237475e+001
3.331909e+003,8.237568e+001
3.332391e+003,8.237453e+001
3.332873e+003,8.237161e+001
3.333355e+003,8.236805e+001
3.333838e+003,8.236546e+001
3.334320e+003,8.236509e+001
3.334802e+003,8.236716e+001
3.335284e+003,8.237071e+001
3.335766e+003,8.237396e+001
3.336248e+003,8.237508e+001
3.336730e+003,8.237315e+001
3.337212e+003,8.236847e+001
3.337695e+003,8.236245e+001
3.338177e+003,8.235699e+001
3.338659e+003,8.235359e+001
3.339141e+003,8.235269e+001
3.339623e+003,8.235361e+001
3.340105e+003,8.235478e+001
3.340587e+003,8.235445e+001
3.341069e+003,8.235147e+001
3.341552e+003,8.234555e+001
3.342033e+003,8.233720e+001
3.342516e+003,8.232745e+001
3.342998e+003,8.231725e+001
3.343480e+003,8.230720e+001
3.343962e+003,8.229731e+001
3.344444e+003,8.228728e+001
3.344926e+003,8.227681e+001
3.345408e+003,8.226595e+001
3.345890e+003,8.225533e+001
3.346373e+003,8.224601e+001
3.346855e+003,8.223941e+001
3.347337e+003,8.223680e+001
3.347819e+003,8.223888e+001
3.348301e+003,8.224536e+001
3.348783e+003,8.225513e+001
3.349265e+003,8.226613e+001
3.349747e+003,8.227586e+001
3.350229e+003,8.228201e+001
3.350712e+003,8.228277e+001
3.351194e+003,8.227738e+001
3.351676e+003,8.226602e+001
3.352158e+003,8.224960e+001
3.352640e+003,8.222944e+001
3.353122e+003,8.220689e+001
3.353604e+003,8.218293e+001
3.354086e+003,8.215837e+001
3.354569e+003,8.213379e+001
3.355051e+003,8.210987e+001
3.355533e+003,8.208740e+001
3.356015e+003,8.206735e+001
3.356497e+003,8.205074e+001
3.356979e+003,8.203868e+001
3.357461e+003,8.203220e+001
3.357943e+003,8.203239e+001
3.358426e+003,8.204016e+001
3.358908e+003,8.205595e+001
3.359390e+003,8.207917e+001
3.359872e+003,8.210776e+001
3.360354e+003,8.213792e+001
3.360836e+003,8.216461e+001
3.361318e+003,8.218269e+001
3.361800e+003,8.218840e+001
3.362282e+003,8.218071e+001
3.362765e+003,8.216209e+001
3.363247e+003,8.213792e+001
3.363729e+003,8.211484e+001
3.364211e+003,8.209879e+001
3.364693e+003,8.209316e+001
3.365175e+003,8.209780e+001
3.365657e+003,8.210961e+001
3.366139e+003,8.212383e+001
3.366622e+003,8.213602e+001
3.367104e+003,8.214342e+001
3.367586e+003,8.214528e+001
3.368068e+003,8.214237e+001
3.368550e+003,8.213580e+001
3.369032e+003,8.212595e+001
3.369514e+003,8.211214e+001
3.369996e+003,8.209327e+001
3.370479e+003,8.206873e+001
3.370961e+003,8.203930e+001
3.371443e+003,8.200751e+001
3.371925e+003,8.197707e+001
3.372407e+003,8.195182e+001
3.372889e+003,8.193438e+001
3.373371e+003,8.192551e+001
3.373853e+003,8.192404e+001
3.374335e+003,8.192763e+001
3.374818e+003,8.193360e+001
3.375300e+003,8.193978e+001
3.375782e+003,8.194483e+001
3.376264e+003,8.194819e+001
3.376746e+003,8.194971e+001
3.377228e+003,8.194941e+001
3.377710e+003,8.194749e+001
3.378192e+003,8.194440e+001
3.378675e+003,8.194095e+001
3.379156e+003,8.193800e+001
3.379639e+003,8.193614e+001
3.380121e+003,8.193538e+001
3.380603e+003,8.193491e+001
3.381085e+003,8.193353e+001
3.381567e+003,8.193028e+001
3.382049e+003,8.192527e+001
3.382531e+003,8.191967e+001
3.383013e+003,8.191554e+001
3.383496e+003,8.191467e+001
3.383978e+003,8.191764e+001
3.384460e+003,8.192296e+001
3.384942e+003,8.192742e+001
3.385424e+003,8.192710e+001
3.385906e+003,8.191898e+001
3.386388e+003,8.190195e+001
3.386870e+003,8.187752e+001
3.387353e+003,8.184913e+001
3.387835e+003,8.182105e+001
3.388317e+003,8.179710e+001
3.388799e+003,8.177976e+001
3.389281e+003,8.177008e+001
3.389763e+003,8.176800e+001
3.390245e+003,8.177282e+001
3.390727e+003,8.178347e+001
3.391209e+003,8.179826e+001
3.391692e+003,8.181454e+001
3.392174e+003,8.182858e+001
3.392656e+003,8.183620e+001
3.393138e+003,8.183392e+001
3.393620e+003,8.182032e+001
3.394102e+003,8.179703e+001
3.394584e+003,8.176844e+001
3.395066e+003,8.174067e+001
3.395549e+003,8.171964e+001
3.396031e+003,8.170920e+001
3.396513e+003,8.171014e+001
3.396995e+003,8.172020e+001
3.397477e+003,8.173529e+001
3.397959e+003,8.175101e+001
3.398441e+003,8.176408e+001
3.398923e+003,8.177285e+001
3.399406e+003,8.177699e+001
3.399888e+003,8.177669e+001
3.400370e+003,8.177214e+001
3.400852e+003,8.176326e+001
3.401334e+003,8.175006e+001
3.401816e+003,8.173317e+001
3.402298e+003,8.171402e+001
3.402780e+003,8.169450e+001
3.403262e+003,8.167628e+001
3.403745e+003,8.166009e+001
3.404227e+003,8.164532e+001
3.404709e+003,8.163067e+001
3.405191e+003,8.161501e+001
3.405673e+003,8.159844e+001
3.406155e+003,8.158272e+001
3.406637e+003,8.157076e+001
3.407119e+003,8.156551e+001
3.407602e+003,8.156844e+001
3.408083e+003,8.157862e+001
3.408566e+003,8.159275e+001
3.409048e+003,8.160616e+001
3.409530e+003,8.161436e+001
3.410012e+003,8.161460e+001
3.410494e+003,8.160737e+001
3.410976e+003,8.159325e+001
3.411458e+003,8.157561e+001
3.411940e+003,8.155824e+001
3.412423e+003,8.154414e+001
3.412905e+003,8.153491e+001
3.413387e+003,8.153053e+001
3.413869e+003,8.152988e+001
3.414351e+003,8.153135e+001
3.414833e+003,8.153318e+001
3.415315e+003,8.153382e+001
3.415797e+003,8.153193e+001
3.416280e+003,8.152641e+001
3.416762e+003,8.151661e+001
3.417244e+003,8.150237e+001
3.417726e+003,8.148426e+001
3.418208e+003,8.146351e+001
3.418690e+003,8.144183e+001
3.419172e+003,8.142082e+001
3.419654e+003,8.140165e+001
3.420136e+003,8.138490e+001
3.420619e+003,8.137064e+001
3.421101e+003,8.135883e+001
3.421583e+003,8.134972e+001
3.422065e+003,8.134404e+001
3.422547e+003,8.134286e+001
3.423029e+003,8.134719e+001
3.423511e+003,8.135759e+001
3.423993e+003,8.137378e+001
3.424476e+003,8.139480e+001
3.424958e+003,8.141900e+001
3.425440e+003,8.144447e+001
3.425922e+003,8.146944e+001
3.426404e+003,8.149241e+001
3.426886e+003,8.151218e+001
3.427368e+003,8.152795e+001
3.427850e+003,8.153928e+001
3.428333e+003,8.154610e+001
3.428815e+003,8.154860e+001
3.429297e+003,8.154725e+001
3.429779e+003,8.154258e+001
3.430261e+003,8.153495e+001
3.430743e+003,8.152457e+001
3.431225e+003,8.151169e+001
3.431707e+003,8.149691e+001
3.432189e+003,8.148156e+001
3.432672e+003,8.146766e+001
3.433154e+003,8.145769e+001
3.433636e+003,8.145369e+001
3.434118e+003,8.145653e+001
3.434600e+003,8.146513e+001
3.435082e+003,8.147655e+001
3.435564e+003,8.148672e+001
3.436046e+003,8.149149e+001
3.436529e+003,8.148805e+001
3.437010e+003,8.147581e+001
3.437493e+003,8.145647e+001
3.437975e+003,8.143348e+001
3.438457e+003,8.141090e+001
3.438939e+003,8.139237e+001
3.439421e+003,8.138037e+001
3.439903e+003,8.137596e+001
3.440385e+003,8.137898e+001
3.440867e+003,8.138830e+001
3.441350e+003,8.140208e+001
3.441832e+003,8.141803e+001
3.442314e+003,8.143340e+001
3.442796e+003,8.144564e+001
3.443278e+003,8.145287e+001
3.443760e+003,8.145455e+001
3.444242e+003,8.145200e+001
3.444724e+003,8.144830e+001
3.445207e+003,8.144751e+001
3.445689e+003,8.145350e+001
3.446171e+003,8.146863e+001
3.446653e+003,8.149279e+001
3.447135e+003,8.152353e+001
3.447617e+003,8.155688e+001
3.448099e+003,8.158875e+001
3.448581e+003,8.161599e+001
3.449063e+003,8.163696e+001
3.449546e+003,8.165142e+001
3.450028e+003,8.165983e+001
3.450510e+003,8.166289e+001
3.450992e+003,8.166132e+001
3.451474e+003,8.165599e+001
3.451956e+003,8.164827e+001
3.452438e+003,8.164012e+001
3.452920e+003,8.163372e+001
3.453403e+003,8.163089e+001
3.453885e+003,8.163206e+001
3.454367e+003,8.163598e+001
3.454849e+003,8.164007e+001
3.455331e+003,8.164120e+001
3.455813e+003,8.163715e+001
3.456295e+003,8.162765e+001
3.456777e+003,8.161453e+001
3.457260e+003,8.160132e+001
3.457742e+003,8.159186e+001
3.458224e+003,8.158903e+001
3.458706e+003,8.159400e+001
3.459188e+003,8.160619e+001
3.459670e+003,8.162370e+001
3.460152e+003,8.164428e+001
3.460634e+003,8.166589e+001
3.461116e+003,8.168691e+001
3.461599e+003,8.170579e+001
3.462081e+003,8.172082e+001
3.462563e+003,8.173000e+001
3.463045e+003,8.173167e+001
3.463527e+003,8.172527e+001
3.464009e+003,8.171194e+001
3.464491e+003,8.169495e+001
3.464973e+003,8.167906e+001
3.465456e+003,8.166925e+001
3.465938e+003,8.166928e+001
3.466420e+003,8.168044e+001
3.466902e+003,8.170127e+001
3.467384e+003,8.172803e+001
3.467866e+003,8.175603e+001
3.468348e+003,8.178098e+001
3.468830e+003,8.180011e+001
3.469313e+003,8.181251e+001
3.469794e+003,8.181892e+001
3.470277e+003,8.182083e+001
3.470759e+003,8.181992e+001
3.471241e+003,8.181734e+001
3.471723e+003,8.181367e+001
3.472205e+003,8.180900e+001
3.472687e+003,8.180341e+001
3.473169e+003,8.179733e+001
3.473651e+003,8.179160e+001
3.474134e+003,8.178762e+001
3.474616e+003,8.178707e+001
3.475098e+003,8.179129e+001
3.475580e+003,8.180087e+001
3.476062e+003,8.181499e+001
3.476544e+003,8.183143e+001
3.477026e+003,8.184664e+001
3.477508e+003,8.185666e+001
3.477990e+003,8.185802e+001
3.478473e+003,8.184900e+001
3.478955e+003,8.183031e+001
3.479437e+003,8.180530e+001
3.479919e+003,8.177924e+001
3.480401e+003,8.175813e+001
3.480883e+003,8.174707e+001
3.481365e+003,8.174899e+001
3.481847e+003,8.176422e+001
3.482330e+003,8.179086e+001
3.482812e+003,8.182565e+001
3.483294e+003,8.186524e+001
3.483776e+003,8.190669e+001
3.484258e+003,8.194778e+001
3.484740e+003,8.198650e+001
3.485222e+003,8.202066e+001
3.485704e+003,8.204771e+001
3.486187e+003,8.206516e+001
3.486669e+003,8.207112e+001
3.487151e+003,8.206538e+001
3.487633e+003,8.204966e+001
3.488115e+003,8.202759e+001
3.488597e+003,8.200378e+001
3.489079e+003,8.198289e+001
3.489561e+003,8.196848e+001
3.490043e+003,8.196252e+001
3.490526e+003,8.196512e+001
3.491008e+003,8.197486e+001
3.491490e+003,8.198917e+001
3.491972e+003,8.200496e+001
3.492454e+003,8.201895e+001
3.492936e+003,8.202842e+001
3.493418e+003,8.203156e+001
3.493900e+003,8.202808e+001
3.494383e+003,8.201936e+001
3.494865e+003,8.200843e+001
3.495347e+003,8.199921e+001
3.495829e+003,8.199556e+001
3.496311e+003,8.200000e+001
3.496793e+003,8.201287e+001
3.497275e+003,8.203200e+001
3.497757e+003,8.205312e+001
3.498240e+003,8.207110e+001
3.498721e+003,8.208110e+001
3.499204e+003,8.207987e+001
3.499686e+003,8.206657e+001
3.500168e+003,8.204294e+001
3.500650e+003,8.201298e+001
3.501132e+003,8.198224e+001
3.501614e+003,8.195686e+001
3.502096e+003,8.194231e+001
3.502578e+003,8.194238e+001
3.503061e+003,8.195850e+001
3.503543e+003,8.198951e+001
3.504025e+003,8.203208e+001
3.504507e+003,8.208168e+001
3.504989e+003,8.213351e+001
3.505471e+003,8.218339e+001
3.505953e+003,8.222824e+001
3.506435e+003,8.226606e+001
3.506917e+003,8.229578e+001
3.507400e+003,8.231709e+001
3.507882e+003,8.233037e+001
3.508364e+003,8.233693e+001
3.508846e+003,8.233918e+001
3.509328e+003,8.234055e+001
3.509810e+003,8.234475e+001
3.510292e+003,8.235475e+001
3.510774e+003,8.237156e+001
3.511257e+003,8.239358e+001
3.511739e+003,8.241677e+001
3.512221e+003,8.243590e+001
3.512703e+003,8.244602e+001
3.513185e+003,8.244429e+001
3.513667e+003,8.243097e+001
3.514149e+003,8.240944e+001
3.514631e+003,8.238495e+001
3.515114e+003,8.236288e+001
3.515596e+003,8.234682e+001
3.516078e+003,8.233762e+001
3.516560e+003,8.233344e+001
3.517042e+003,8.233083e+001
3.517524e+003,8.232625e+001
3.518006e+003,8.231756e+001
3.518488e+003,8.230461e+001
3.518970e+003,8.228891e+001
3.519453e+003,8.227283e+001
3.519935e+003,8.225857e+001
3.520417e+003,8.224741e+001
3.520899e+003,8.223972e+001
3.521381e+003,8.223505e+001
3.521863e+003,8.223260e+001
3.522345e+003,8.223156e+001
3.522827e+003,8.223142e+001
3.523310e+003,8.223197e+001
3.523792e+003,8.223340e+001
3.524274e+003,8.223635e+001
3.524756e+003,8.224210e+001
3.525238e+003,8.225254e+001
3.525720e+003,8.227000e+001
3.526202e+003,8.229652e+001
3.526684e+003,8.233311e+001
3.527167e+003,8.237902e+001
3.527648e+003,8.243160e+001
3.528131e+003,8.248708e+001
3.528613e+003,8.254163e+001
3.529095e+003,8.259230e+001
3.529577e+003,8.263770e+001
3.530059e+003,8.267771e+001
3.530541e+003,8.271306e+001
3.531023e+003,8.274442e+001
3.531505e+003,8.277207e+001
3.531988e+003,8.279579e+001
3.532470e+003,8.281523e+001
3.532952e+003,8.282992e+001
3.533434e+003,8.283928e+001
3.533916e+003,8.284224e+001
3.534398e+003,8.283692e+001
3.534880e+003,8.282060e+001
3.535362e+003,8.279063e+001
3.535844e+003,8.274576e+001
3.536327e+003,8.268772e+001
3.536809e+003,8.262174e+001
3.537291e+003,8.255593e+001
3.537773e+003,8.249924e+001
3.538255e+003,8.245920e+001
3.538737e+003,8.243975e+001
3.539219e+003,8.244017e+001
3.539701e+003,8.245538e+001
3.540184e+003,8.247757e+001
3.540666e+003,8.249834e+001
3.541148e+003,8.251077e+001
3.541630e+003,8.251074e+001
3.542112e+003,8.249716e+001
3.542594e+003,8.247123e+001
3.543076e+003,8.243578e+001
3.543558e+003,8.239462e+001
3.544041e+003,8.235249e+001
3.544523e+003,8.231516e+001
3.545005e+003,8.228952e+001
3.545487e+003,8.228259e+001
3.545969e+003,8.230012e+001
3.546451e+003,8.234480e+001
3.546933e+003,8.241513e+001
3.547415e+003,8.250549e+001
3.547897e+003,8.260759e+001
3.548380e+003,8.271240e+001
3.548862e+003,8.281186e+001
3.549344e+003,8.289986e+001
3.549826e+003,8.297237e+001
3.550308e+003,8.302695e+001
3.550790e+003,8.306246e+001
3.551272e+003,8.307927e+001
3.551754e+003,8.307968e+001
3.552237e+003,8.306818e+001
3.552719e+003,8.305097e+001
3.553201e+003,8.303425e+001
3.553683e+003,8.302229e+001
3.554165e+003,8.301595e+001
3.554647e+003,8.301231e+001
3.555129e+003,8.300532e+001
3.555611e+003,8.298789e+001
3.556094e+003,8.295403e+001
3.556575e+003,8.290085e+001
3.557058e+003,8.282975e+001
3.557540e+003,8.274622e+001
3.558022e+003,8.265822e+001
3.558504e+003,8.257415e+001
3.558986e+003,8.250088e+001
3.559468e+003,8.244246e+001
3.559950e+003,8.239986e+001
3.560432e+003,8.237149e+001
3.560915e+003,8.235423e+001
3.561397e+003,8.234457e+001
3.561879e+003,8.233912e+001
3.562361e+003,8.233507e+001
3.562843e+003,8.233031e+001
3.563325e+003,8.232366e+001
3.563807e+003,8.231525e+001
3.564289e+003,8.230696e+001
3.564771e+003,8.230275e+001
3.565254e+003,8.230832e+001
3.565736e+003,8.232973e+001
3.566218e+003,8.237167e+001
3.566700e+003,8.243600e+001
3.567182e+003,8.252168e+001
3.567664e+003,8.262541e+001
3.568146e+003,8.274270e+001
3.568628e+003,8.286861e+001
3.569111e+003,8.299843e+001
3.569593e+003,8.312747e+001
3.570075e+003,8.325098e+001
3.570557e+003,8.336382e+001
3.571039e+003,8.346104e+001
3.571521e+003,8.353868e+001
3.572003e+003,8.359476e+001
3.572485e+003,8.362976e+001
3.572968e+003,8.364616e+001
3.573450e+003,8.364703e+001
3.573932e+003,8.363457e+001
3.574414e+003,8.360900e+001
3.574896e+003,8.356857e+001
3.575378e+003,8.351062e+001
3.575860e+003,8.343329e+001
3.576342e+003,8.333709e+001
3.576824e+003,8.322582e+001
3.577307e+003,8.310645e+001
3.577789e+003,8.298813e+001
3.578271e+003,8.288059e+001
3.578753e+003,8.279245e+001
3.579235e+003,8.272963e+001
3.579717e+003,8.269448e+001
3.580199e+003,8.268546e+001
3.580681e+003,8.269762e+001
3.581164e+003,8.272352e+001
3.581646e+003,8.275468e+001
3.582128e+003,8.278301e+001
3.582610e+003,8.280219e+001
3.583092e+003,8.280838e+001
3.583574e+003,8.280058e+001
3.584056e+003,8.278056e+001
3.584538e+003,8.275252e+001
3.585021e+003,8.272272e+001
3.585502e+003,8.269880e+001
3.585985e+003,8.268870e+001
3.586467e+003,8.269894e+001
3.586949e+003,8.273306e+001
3.587431e+003,8.279066e+001
3.587913e+003,8.286787e+001
3.588395e+003,8.295831e+001
3.588877e+003,8.305467e+001
3.589359e+003,8.315031e+001
3.589842e+003,8.324033e+001
3.590324e+003,8.332194e+001
3.590806e+003,8.339412e+001
3.591288e+003,8.345699e+001
3.591770e+003,8.351115e+001
3.592252e+003,8.355731e+001
3.592734e+003,8.359602e+001
3.593216e+003,8.362743e+001
3.593698e+003,8.365142e+001
3.594181e+003,8.366753e+001
3.594663e+003,8.367488e+001
3.595145e+003,8.367207e+001
3.595627e+003,8.365730e+001
3.596109e+003,8.362894e+001
3.596591e+003,8.358614e+001
3.597073e+003,8.353020e+001
3.597555e+003,8.346519e+001
3.598038e+003,8.339829e+001
3.598520e+003,8.333886e+001
3.599002e+003,8.329667e+001
3.599484e+003,8.327903e+001
3.599966e+003,8.328812e+001
3.600448e+003,8.331945e+001
3.600930e+003,8.336249e+001
3.601412e+003,8.340355e+001
3.601895e+003,8.342973e+001
3.602377e+003,8.343214e+001
3.602859e+003,8.340781e+001
3.603341e+003,8.335950e+001
3.603823e+003,8.329412e+001
3.604305e+003,8.322059e+001
3.604787e+003,8.314780e+001
3.605269e+003,8.308298e+001
3.605751e+003,8.303062e+001
3.606234e+003,8.299178e+001
3.606716e+003,8.296389e+001
3.607198e+003,8.294093e+001
3.607680e+003,8.291506e+001
3.608162e+003,8.287919e+001
3.608644e+003,8.283011e+001
3.609126e+003,8.277012e+001
3.609608e+003,8.270671e+001
3.610091e+003,8.265034e+001
3.610573e+003,8.261219e+001
3.611055e+003,8.260186e+001
3.611537e+003,8.262521e+001
3.612019e+003,8.268273e+001
3.612501e+003,8.276943e+001
3.612983e+003,8.287685e+001
3.613465e+003,8.299674e+001
3.613948e+003,8.312366e+001
3.614429e+003,8.325523e+001
3.614912e+003,8.339002e+001
3.615394e+003,8.352505e+001
3.615876e+003,8.365337e+001
3.616358e+003,8.376356e+001
3.616840e+003,8.384055e+001
3.617322e+003,8.386929e+001
3.617804e+003,8.384001e+001
3.618286e+003,8.375361e+001
3.618769e+003,8.362444e+001
3.619251e+003,8.347717e+001
3.619733e+003,8.333902e+001
3.620215e+003,8.323122e+001
3.620697e+003,8.316410e+001
3.621179e+003,8.313780e+001
3.621661e+003,8.314545e+001
3.622143e+003,8.317707e+001
3.622625e+003,8.322190e+001
3.623108e+003,8.326974e+001
3.623590e+003,8.331165e+001
3.624072e+003,8.334064e+001
3.624554e+003,8.335224e+001
3.625036e+003,8.334467e+001
3.625518e+003,8.331857e+001
3.626000e+003,8.327717e+001
3.626482e+003,8.322708e+001
3.626965e+003,8.317900e+001
3.627447e+003,8.314520e+001
3.627929e+003,8.313395e+001
3.628411e+003,8.314570e+001
3.628893e+003,8.317913e+001
3.629375e+003,8.323949e+001
3.629857e+003,8.333563e+001
3.630339e+003,8.347108e+001
3.630822e+003,8.364194e+001
3.631304e+003,8.383928e+001
3.631786e+003,8.405068e+001
3.632268e+003,8.426025e+001
3.632750e+003,8.445005e+001
3.633232e+003,8.460362e+001
3.633714e+003,8.471101e+001
3.634196e+003,8.477134e+001
3.634678e+003,8.479103e+001
3.635161e+003,8.477844e+001
3.635643e+003,8.473904e+001
3.636125e+003,8.467361e+001
3.636607e+003,8.457977e+001
3.637089e+003,8.445553e+001
3.637571e+003,8.430243e+001
3.638053e+003,8.412651e+001
3.638535e+003,8.393674e+001
3.639018e+003,8.374180e+001
3.639500e+003,8.354743e+001
3.639982e+003,8.335611e+001
3.640464e+003,8.316893e+001
3.640946e+003,8.298856e+001
3.641428e+003,8.282106e+001
3.641910e+003,8.267555e+001
3.642392e+003,8.256126e+001
3.642875e+003,8.248348e+001
3.643356e+003,8.244086e+001
3.643839e+003,8.242505e+001
3.644321e+003,8.242290e+001
3.644803e+003,8.242012e+001
3.645285e+003,8.240514e+001
3.645767e+003,8.237249e+001
3.646249e+003,8.232494e+001
3.646731e+003,8.227369e+001
3.647213e+003,8.223676e+001
3.647696e+003,8.223512e+001
3.648178e+003,8.228772e+001
3.648660e+003,8.240610e+001
3.649142e+003,8.259032e+001
3.649624e+003,8.282787e+001
3.650106e+003,8.309701e+001
3.650588e+003,8.337352e+001
3.651070e+003,8.363719e+001
3.651552e+003,8.387535e+001
3.652035e+003,8.408352e+001
3.652517e+003,8.426400e+001
3.652999e+003,8.442319e+001
3.653481e+003,8.456799e+001
3.653963e+003,8.470218e+001
3.654445e+003,8.482272e+001
3.654927e+003,8.491797e+001
3.655409e+003,8.497080e+001
3.655892e+003,8.496761e+001
3.656374e+003,8.490804e+001
3.656856e+003,8.480670e+001
3.657338e+003,8.468493e+001
3.657820e+003,8.456020e+001
3.658302e+003,8.444049e+001
3.658784e+003,8.432496e+001
3.659266e+003,8.420850e+001
3.659749e+003,8.408739e+001
3.660231e+003,8.396412e+001
3.660713e+003,8.384904e+001
3.661195e+003,8.375763e+001
3.661677e+003,8.370391e+001
3.662159e+003,8.369286e+001
3.662641e+003,8.371542e+001
3.663123e+003,8.374871e+001
3.663605e+003,8.376225e+001
3.664088e+003,8.372758e+001
3.664570e+003,8.362809e+001
3.665052e+003,8.346413e+001
3.665534e+003,8.325226e+001
3.666016e+003,8.301923e+001
3.666498e+003,8.279441e+001
3.666980e+003,8.260339e+001
3.667462e+003,8.246453e+001
3.667945e+003,8.238774e+001
3.668427e+003,8.237402e+001
3.668909e+003,8.241521e+001
3.669391e+003,8.249559e+001
3.669873e+003,8.259843e+001
3.670355e+003,8.271426e+001
3.670837e+003,8.284304e+001
3.671319e+003,8.298977e+001
3.671802e+003,8.316056e+001
3.672283e+003,8.336276e+001
3.672766e+003,8.360613e+001
3.673248e+003,8.390127e+001
3.673730e+003,8.425109e+001
3.674212e+003,8.463482e+001
3.674694e+003,8.499490e+001
3.675176e+003,8.525396e+001
3.675658e+003,8.536445e+001
3.676140e+003,8.533956e+001
3.676623e+003,8.523058e+001
3.677105e+003,8.508791e+001
3.677587e+003,8.494275e+001
3.678069e+003,8.480685e+001
3.678551e+003,8.467848e+001
3.679033e+003,8.454987e+001
3.679515e+003,8.441488e+001
3.679997e+003,8.427445e+001
3.680479e+003,8.413703e+001
3.680962e+003,8.401401e+001
3.681444e+003,8.391306e+001
3.681926e+003,8.383340e+001
3.682408e+003,8.376515e+001
3.682890e+003,8.369273e+001
3.683372e+003,8.360160e+001
3.683854e+003,8.348507e+001
3.684336e+003,8.334788e+001
3.684819e+003,8.320509e+001
3.685301e+003,8.307738e+001
3.685783e+003,8.298560e+001
3.686265e+003,8.294579e+001
3.686747e+003,8.296506e+001
3.687229e+003,8.303840e+001
3.687711e+003,8.314928e+001
3.688193e+003,8.327612e+001
3.688676e+003,8.340305e+001
3.689158e+003,8.352726e+001
3.689640e+003,8.365639e+001
3.690122e+003,8.379891e+001
3.690604e+003,8.395616e+001
3.691086e+003,8.412086e+001
3.691568e+003,8.428170e+001
3.692050e+003,8.442978e+001
3.692532e+003,8.456290e+001
3.693015e+003,8.468541e+001
3.693497e+003,8.480441e+001
3.693979e+003,8.492466e+001
3.694461e+003,8.504409e+001
3.694943e+003,8.515228e+001
3.695425e+003,8.523283e+001
3.695907e+003,8.526923e+001
3.696389e+003,8.525169e+001
3.696872e+003,8.518134e+001
3.697354e+003,8.506940e+001
3.697836e+003,8.493208e+001
3.698318e+003,8.478497e+001
3.698800e+003,8.463871e+001
3.699282e+003,8.449786e+001
3.699764e+003,8.436188e+001
3.700246e+003,8.422777e+001
3.700729e+003,8.409337e+001
3.701211e+003,8.396030e+001
3.701693e+003,8.383501e+001
3.702175e+003,8.372704e+001
3.702657e+003,8.364527e+001
3.703139e+003,8.359525e+001
3.703621e+003,8.357827e+001
3.704103e+003,8.359248e+001
3.704585e+003,8.363425e+001
3.705068e+003,8.369913e+001
3.705550e+003,8.378221e+001
3.706032e+003,8.387813e+001
3.706514e+003,8.398124e+001
3.706996e+003,8.408590e+001
3.707478e+003,8.418685e+001
3.707960e+003,8.427947e+001
3.708442e+003,8.435961e+001
3.708925e+003,8.442323e+001
3.709406e+003,8.446586e+001
3.709889e+003,8.448288e+001
3.710371e+003,8.447079e+001
3.710853e+003,8.442976e+001
3.711335e+003,8.436620e+001
3.711817e+003,8.429343e+001
3.712299e+003,8.422890e+001
3.712781e+003,8.418899e+001
3.713263e+003,8.418417e+001
3.713746e+003,8.421705e+001
3.714228e+003,8.428288e+001
3.714710e+003,8.437197e+001
3.715192e+003,8.447198e+001
3.715674e+003,8.457030e+001
3.716156e+003,8.465594e+001
3.716638e+003,8.472144e+001
3.717120e+003,8.476389e+001
3.717603e+003,8.478503e+001
3.718085e+003,8.478953e+001
3.718567e+003,8.478220e+001
3.719049e+003,8.476499e+001
3.719531e+003,8.473556e+001
3.720013e+003,8.468821e+001
3.720495e+003,8.461679e+001
3.720977e+003,8.451874e+001
3.721459e+003,8.439845e+001
3.721942e+003,8.426801e+001
3.722424e+003,8.414463e+001
3.722906e+003,8.404532e+001
3.723388e+003,8.398151e+001
3.723870e+003,8.395599e+001
3.724352e+003,8.396316e+001
3.724834e+003,8.399139e+001
3.725316e+003,8.402692e+001
3.725799e+003,8.405819e+001
3.726281e+003,8.407956e+001
3.726763e+003,8.409276e+001
3.727245e+003,8.410490e+001
3.727727e+003,8.412427e+001
3.728209e+003,8.415692e+001
3.728691e+003,8.420575e+001
3.729173e+003,8.427114e+001
3.729656e+003,8.435210e+001
3.730138e+003,8.444662e+001
3.730620e+003,8.455072e+001
3.731102e+003,8.465714e+001
3.731584e+003,8.475475e+001
3.732066e+003,8.482969e+001
3.732548e+003,8.486786e+001
3.733030e+003,8.485801e+001
3.733512e+003,8.479482e+001
3.733995e+003,8.468168e+001
3.734477e+003,8.453185e+001
3.734959e+003,8.436768e+001
3.735441e+003,8.421651e+001
3.735923e+003,8.410474e+001
3.736405e+003,8.404991e+001
3.736887e+003,8.405521e+001
3.737369e+003,8.410963e+001
3.737852e+003,8.419297e+001
3.738333e+003,8.428135e+001
3.738816e+003,8.435191e+001
3.739298e+003,8.438665e+001
3.739780e+003,8.437603e+001
3.740262e+003,8.432047e+001
3.740744e+003,8.422847e+001
3.741226e+003,8.411263e+001
3.741708e+003,8.398540e+001
3.742190e+003,8.385612e+001
3.742673e+003,8.372790e+001
3.743155e+003,8.359238e+001
3.743637e+003,8.342927e+001
3.744119e+003,8.322456e+001
3.744601e+003,8.299935e+001
3.745083e+003,8.280785e+001
3.745565e+003,8.269981e+001
3.746047e+003,8.269659e+001
3.746530e+003,8.279665e+001
3.747012e+003,8.298653e+001
3.747494e+003,8.324394e+001
3.747976e+003,8.353590e+001
3.748458e+003,8.381946e+001
3.748940e+003,8.405054e+001
3.749422e+003,8.420082e+001
3.749904e+003,8.427163e+001
3.750386e+003,8.429179e+001
3.750869e+003,8.429733e+001
3.751351e+003,8.430913e+001
3.751833e+003,8.432540e+001
3.752315e+003,8.433128e+001
3.752797e+003,8.431458e+001
3.753279e+003,8.427518e+001
3.753761e+003,8.422461e+001
3.754243e+003,8.417955e+001
3.754726e+003,8.415379e+001
3.755208e+003,8.415226e+001
3.755690e+003,8.416807e+001
3.756172e+003,8.418394e+001
3.756654e+003,8.417793e+001
3.757136e+003,8.413268e+001
3.757618e+003,8.404318e+001
3.758100e+003,8.391916e+001
3.758583e+003,8.378043e+001
3.759065e+003,8.364803e+001
3.759547e+003,8.353660e+001
3.760029e+003,8.345163e+001
3.760511e+003,8.339243e+001
3.760993e+003,8.335696e+001
3.761475e+003,8.334509e+001
3.761957e+003,8.335887e+001
3.762439e+003,8.340074e+001
3.762922e+003,8.347071e+001
3.763404e+003,8.356316e+001
3.763886e+003,8.366528e+001
3.764368e+003,8.375937e+001
3.764850e+003,8.383028e+001
3.765332e+003,8.387357e+001
3.765814e+003,8.389793e+001
3.766296e+003,8.391942e+001
3.766779e+003,8.395221e+001
3.767260e+003,8.400201e+001
3.767743e+003,8.406391e+001
3.768225e+003,8.412434e+001
3.768707e+003,8.416698e+001
3.769189e+003,8.418137e+001
3.769671e+003,8.417014e+001
3.770153e+003,8.414923e+001
3.770635e+003,8.413934e+001
3.771117e+003,8.415462e+001
3.771600e+003,8.419618e+001
3.772082e+003,8.425296e+001
3.772564e+003,8.430758e+001
3.773046e+003,8.434316e+001
3.773528e+003,8.434895e+001
3.774010e+003,8.432307e+001
3.774492e+003,8.427203e+001
3.774974e+003,8.420741e+001
3.775457e+003,8.414151e+001
3.775939e+003,8.408336e+001
3.776421e+003,8.403720e+001
3.776903e+003,8.400275e+001
3.777385e+003,8.397678e+001
3.777867e+003,8.395461e+001
3.778349e+003,8.393156e+001
3.778831e+003,8.390432e+001
3.779313e+003,8.387332e+001
3.779796e+003,8.384415e+001
3.780278e+003,8.382680e+001
3.780760e+003,8.383277e+001
3.781242e+003,8.387211e+001
3.781724e+003,8.395094e+001
3.782206e+003,8.406951e+001
3.782688e+003,8.421992e+001
3.783170e+003,8.438506e+001
3.783653e+003,8.454043e+001
3.784135e+003,8.466060e+001
3.784617e+003,8.472755e+001
3.785099e+003,8.473711e+001
3.785581e+003,8.469922e+001
3.786063e+003,8.463277e+001
3.786545e+003,8.455864e+001
3.787027e+003,8.449376e+001
3.787510e+003,8.444807e+001
3.787992e+003,8.442409e+001
3.788474e+003,8.441792e+001
3.788956e+003,8.442095e+001
3.789438e+003,8.442137e+001
3.789920e+003,8.440593e+001
3.790402e+003,8.436207e+001
3.790884e+003,8.428074e+001
3.791366e+003,8.415955e+001
3.791849e+003,8.400463e+001
3.792331e+003,8.383013e+001
3.792813e+003,8.365494e+001
3.793295e+003,8.349824e+001
3.793777e+003,8.337514e+001
3.794259e+003,8.329311e+001
3.794741e+003,8.324995e+001
3.795223e+003,8.323399e+001
3.795706e+003,8.322865e+001
3.796188e+003,8.322058e+001
3.796670e+003,8.320635e+001
3.797152e+003,8.319285e+001
3.797634e+003,8.319164e+001
3.798116e+003,8.321287e+001
3.798598e+003,8.326210e+001
3.799080e+003,8.334009e+001
3.799563e+003,8.344305e+001
3.800044e+003,8.356197e+001
3.800527e+003,8.368288e+001
3.801009e+003,8.379256e+001
3.801491e+003,8.389016e+001
3.801973e+003,8.399126e+001
3.802455e+003,8.411607e+001
3.802937e+003,8.427395e+001
3.803419e+003,8.445963e+001
3.803901e+003,8.465791e+001
3.804384e+003,8.484838e+001
3.804866e+003,8.500740e+001
3.805348e+003,8.510962e+001
3.805830e+003,8.513263e+001
3.806312e+003,8.506686e+001
3.806794e+003,8.492590e+001
3.807276e+003,8.474564e+001
3.807758e+003,8.456704e+001
3.808240e+003,8.441572e+001
3.808723e+003,8.429452e+001
3.809205e+003,8.418919e+001
3.809687e+003,8.407895e+001
3.810169e+003,8.394595e+001
3.810651e+003,8.378259e+001
3.811133e+003,8.359521e+001
3.811615e+003,8.340265e+001
3.812097e+003,8.322980e+001
3.812580e+003,8.309893e+001
3.813062e+003,8.302267e+001
3.813544e+003,8.300005e+001
3.814026e+003,8.301461e+001
3.814508e+003,8.303529e+001
3.814990e+003,8.302418e+001
3.815472e+003,8.295509e+001
3.815954e+003,8.283376e+001
3.816437e+003,8.269946e+001
3.816919e+003,8.260363e+001
3.817401e+003,8.258622e+001
3.817883e+003,8.266731e+001
3.818365e+003,8.285012e+001
3.818847e+003,8.312500e+001
3.819329e+003,8.346766e+001
3.819811e+003,8.383398e+001
3.820293e+003,8.416152e+001
3.820776e+003,8.439037e+001
3.821258e+003,8.449670e+001
3.821740e+003,8.450580e+001
3.822222e+003,8.446827e+001
3.822704e+003,8.442793e+001
3.823186e+003,8.440780e+001
3.823668e+003,8.441250e+001
3.824150e+003,8.443466e+001
3.824633e+003,8.446025e+001
3.825115e+003,8.447264e+001
3.825597e+003,8.445714e+001
3.826079e+003,8.440569e+001
3.826561e+003,8.431950e+001
3.827043e+003,8.420681e+001
3.827525e+003,8.407709e+001
3.828007e+003,8.393531e+001
3.828490e+003,8.378040e+001
3.828971e+003,8.360763e+001
3.829454e+003,8.341306e+001
3.829936e+003,8.319836e+001
3.830418e+003,8.297430e+001
3.830900e+003,8.276085e+001
3.831382e+003,8.258327e+001
3.831864e+003,8.246458e+001
3.832346e+003,8.241841e+001
3.832828e+003,8.244560e+001
3.833311e+003,8.253578e+001
3.833793e+003,8.267246e+001
3.834275e+003,8.283886e+001
3.834757e+003,8.302258e+001
3.835239e+003,8.321740e+001
3.835721e+003,8.342191e+001
3.836203e+003,8.363551e+001
3.836685e+003,8.385352e+001
3.837167e+003,8.406435e+001
3.837650e+003,8.425185e+001
3.838132e+003,8.440247e+001
3.838614e+003,8.451194e+001
3.839096e+003,8.458729e+001
3.839578e+003,8.464204e+001
3.840060e+003,8.468871e+001
3.840542e+003,8.473264e+001
3.841024e+003,8.476929e+001
3.841507e+003,8.478569e+001
3.841989e+003,8.476494e+001
3.842471e+003,8.469247e+001
3.842953e+003,8.456220e+001
3.843435e+003,8.437967e+001
3.843917e+003,8.416097e+001
3.844399e+003,8.392766e+001
3.844881e+003,8.370044e+001
3.845364e+003,8.349436e+001
3.845846e+003,8.331744e+001
3.846328e+003,8.317140e+001
3.846810e+003,8.305383e+001
3.847292e+003,8.296007e+001
3.847774e+003,8.288494e+001
3.848256e+003,8.282395e+001
3.848738e+003,8.277444e+001
3.849220e+003,8.273673e+001
3.849703e+003,8.271513e+001
3.850185e+003,8.271930e+001
3.850667e+003,8.276548e+001
3.851149e+003,8.287500e+001
3.851631e+003,8.306578e+001
3.852113e+003,8.333131e+001
3.852595e+003,8.361915e+001
3.853077e+003,8.384319e+001
3.853560e+003,8.394403e+001
3.854042e+003,8.393436e+001
3.854524e+003,8.387687e+001
3.855006e+003,8.383555e+001
3.855488e+003,8.385060e+001
3.855970e+003,8.393567e+001
3.856452e+003,8.408205e+001
3.856934e+003,8.426441e+001
3.857417e+003,8.444815e+001
3.857898e+003,8.459795e+001
3.858381e+003,8.468604e+001
3.858863e+003,8.469714e+001
3.859345e+003,8.462942e+001
3.859827e+003,8.449166e+001
3.860309e+003,8.429841e+001
3.860791e+003,8.406579e+001
3.861273e+003,8.380905e+001
3.861755e+003,8.354209e+001
3.862238e+003,8.327841e+001
3.862720e+003,8.303200e+001
3.863202e+003,8.281718e+001
3.863684e+003,8.264689e+001
3.864166e+003,8.253033e+001
3.864648e+003,8.247179e+001
3.865130e+003,8.247155e+001
3.865612e+003,8.252712e+001
3.866094e+003,8.263458e+001
3.866577e+003,8.278976e+001
3.867059e+003,8.298850e+001
3.867541e+003,8.322398e+001
3.868023e+003,8.348011e+001
3.868505e+003,8.372406e+001
3.868987e+003,8.390839e+001
3.869469e+003,8.399235e+001
3.869951e+003,8.397112e+001
3.870434e+003,8.388320e+001
3.870916e+003,8.378667e+001
3.871398e+003,8.373009e+001
3.871880e+003,8.373900e+001
3.872362e+003,8.381402e+001
3.872844e+003,8.393327e+001
3.873326e+003,8.405820e+001
3.873808e+003,8.414657e+001
3.874291e+003,8.417004e+001
3.874773e+003,8.412586e+001
3.875255e+003,8.403372e+001
3.875737e+003,8.392188e+001
3.876219e+003,8.381371e+001
3.876701e+003,8.372150e+001
3.877183e+003,8.364665e+001
3.877665e+003,8.358344e+001
3.878147e+003,8.352362e+001
3.878630e+003,8.346088e+001
3.879112e+003,8.339344e+001
3.879594e+003,8.332436e+001
3.880076e+003,8.326004e+001
3.880558e+003,8.320758e+001
3.881040e+003,8.317158e+001
3.881522e+003,8.315292e+001
3.882004e+003,8.315009e+001
3.882487e+003,8.316293e+001
3.882969e+003,8.319533e+001
3.883451e+003,8.325517e+001
3.883933e+003,8.335012e+001
3.884415e+003,8.348103e+001
3.884897e+003,8.363711e+001
3.885379e+003,8.379927e+001
3.885861e+003,8.395013e+001
3.886344e+003,8.408154e+001
3.886825e+003,8.419321e+001
3.887308e+003,8.428720e+001
3.887790e+003,8.436407e+001
3.888272e+003,8.442164e+001
3.888754e+003,8.445496e+001
3.889236e+003,8.445764e+001
3.889718e+003,8.442440e+001
3.890200e+003,8.435452e+001
3.890682e+003,8.425426e+001
3.891165e+003,8.413592e+001
3.891647e+003,8.401265e+001
3.892129e+003,8.389199e+001
3.892611e+003,8.377303e+001
3.893093e+003,8.364943e+001
3.893575e+003,8.351541e+001
3.894057e+003,8.337110e+001
3.894539e+003,8.322432e+001
3.895021e+003,8.308905e+001
3.895504e+003,8.298151e+001
3.895986e+003,8.291548e+001
3.896468e+003,8.289812e+001
3.896950e+003,8.292730e+001
3.897432e+003,8.299125e+001
3.897914e+003,8.307101e+001
3.898396e+003,8.314549e+001
3.898878e+003,8.319815e+001
3.899361e+003,8.322287e+001
3.899843e+003,8.322614e+001
3.900325e+003,8.322423e+001
3.900807e+003,8.323739e+001
3.901289e+003,8.328365e+001
3.901771e+003,8.337410e+001
3.902253e+003,8.351028e+001
3.902735e+003,8.368330e+001
3.903218e+003,8.387534e+001
3.903700e+003,8.406436e+001
3.904182e+003,8.423077e+001
3.904664e+003,8.436298e+001
3.905146e+003,8.445865e+001
3.905628e+003,8.452206e+001
3.906110e+003,8.455952e+001
3.906592e+003,8.457578e+001
3.907074e+003,8.457211e+001
3.907557e+003,8.454701e+001
3.908039e+003,8.449810e+001
3.908521e+003,8.442472e+001
3.909003e+003,8.432985e+001
3.909485e+003,8.422033e+001
3.909967e+003,8.410542e+001
3.910449e+003,8.399406e+001
3.910931e+003,8.389230e+001
3.911414e+003,8.380186e+001
3.911896e+003,8.372076e+001
3.912378e+003,8.364534e+001
3.912860e+003,8.357282e+001
3.913342e+003,8.350316e+001
3.913824e+003,8.343960e+001
3.914306e+003,8.338774e+001
3.914788e+003,8.335342e+001
3.915271e+003,8.334051e+001
3.915752e+003,8.334962e+001
3.916235e+003,8.337811e+001
3.916717e+003,8.342167e+001
3.917199e+003,8.347610e+001
3.917681e+003,8.353815e+001
3.918163e+003,8.360513e+001
3.918645e+003,8.367371e+001
3.919127e+003,8.373920e+001
3.919609e+003,8.379586e+001
3.920092e+003,8.383860e+001
3.920574e+003,8.386475e+001
3.921056e+003,8.387561e+001
3.921538e+003,8.387604e+001
3.922020e+003,8.387295e+001
3.922502e+003,8.387270e+001
3.922984e+003,8.387877e+001
3.923466e+003,8.389005e+001
3.923948e+003,8.390168e+001
3.924431e+003,8.390741e+001
3.924913e+003,8.390282e+001
3.925395e+003,8.388721e+001
3.925877e+003,8.386327e+001
3.926359e+003,8.383524e+001
3.926841e+003,8.380739e+001
3.927323e+003,8.378291e+001
3.927805e+003,8.376405e+001
3.928288e+003,8.375259e+001
3.928770e+003,8.375047e+001
3.929252e+003,8.375966e+001
3.929734e+003,8.378107e+001
3.930216e+003,8.381315e+001
3.930698e+003,8.385056e+001
3.931180e+003,8.388456e+001
3.931662e+003,8.390560e+001
3.932145e+003,8.390710e+001
3.932627e+003,8.388882e+001
3.933109e+003,8.385777e+001
3.933591e+003,8.382581e+001
3.934073e+003,8.380512e+001
3.934555e+003,8.380419e+001
3.935037e+003,8.382514e+001
3.935519e+003,8.386341e+001
3.936001e+003,8.390945e+001
3.936484e+003,8.395177e+001
3.936966e+003,8.398045e+001
3.937448e+003,8.398965e+001
3.937930e+003,8.397853e+001
3.938412e+003,8.395008e+001
3.938894e+003,8.390897e+001
3.939376e+003,8.385960e+001
3.939858e+003,8.380528e+001
3.940341e+003,8.374855e+001
3.940823e+003,8.369234e+001
3.941305e+003,8.364079e+001
3.941787e+003,8.359909e+001
3.942269e+003,8.357269e+001
3.942751e+003,8.356536e+001
3.943233e+003,8.357780e+001
3.943715e+003,8.360709e+001
3.944198e+003,8.364739e+001
3.944679e+003,8.369186e+001
3.945162e+003,8.373427e+001
3.945644e+003,8.377018e+001
3.946126e+003,8.379727e+001
3.946608e+003,8.381507e+001
3.947090e+003,8.382452e+001
3.947572e+003,8.382752e+001
3.948054e+003,8.382661e+001
3.948536e+003,8.382447e+001
3.949019e+003,8.382329e+001
3.949501e+003,8.382420e+001
3.949983e+003,8.382702e+001
3.950465e+003,8.383038e+001
3.950947e+003,8.383235e+001
3.951429e+003,8.383132e+001
3.951911e+003,8.382665e+001
3.952393e+003,8.381877e+001
3.952875e+003,8.380888e+001
3.953358e+003,8.379805e+001
3.953840e+003,8.378635e+001
3.954322e+003,8.377258e+001
3.954804e+003,8.375460e+001
3.955286e+003,8.373041e+001
3.955768e+003,8.369954e+001
3.956250e+003,8.366390e+001
3.956732e+003,8.362778e+001
3.957215e+003,8.359659e+001
3.957697e+003,8.357529e+001
3.958179e+003,8.356654e+001
3.958661e+003,8.356998e+001
3.959143e+003,8.358264e+001
3.959625e+003,8.359992e+001
3.960107e+003,8.361754e+001
3.960589e+003,8.363279e+001
3.961072e+003,8.364507e+001
3.961554e+003,8.365550e+001
3.962036e+003,8.366587e+001
3.962518e+003,8.367736e+001
3.963000e+003,8.368997e+001
3.963482e+003,8.370245e+001
3.963964e+003,8.371297e+001
3.964446e+003,8.372011e+001
3.964928e+003,8.372321e+001
3.965411e+003,8.372263e+001
3.965893e+003,8.371951e+001
3.966375e+003,8.371517e+001
3.966857e+003,8.371059e+001
3.967339e+003,8.370625e+001
3.967821e+003,8.370214e+001
3.968303e+003,8.369791e+001
3.968785e+003,8.369302e+001
3.969268e+003,8.368701e+001
3.969750e+003,8.367957e+001
3.970232e+003,8.367074e+001
3.970714e+003,8.366109e+001
3.971196e+003,8.365189e+001
3.971678e+003,8.364507e+001
3.972160e+003,8.364278e+001
3.972642e+003,8.364690e+001
3.973125e+003,8.365820e+001
3.973606e+003,8.367583e+001
3.974089e+003,8.369738e+001
3.974571e+003,8.371941e+001
3.975053e+003,8.373856e+001
3.975535e+003,8.375262e+001
3.976017e+003,8.376139e+001
3.976499e+003,8.376648e+001
3.976981e+003,8.377074e+001
3.977463e+003,8.377698e+001
3.977946e+003,8.378689e+001
3.978428e+003,8.380022e+001
3.978910e+003,8.381487e+001
3.979392e+003,8.382738e+001
3.979874e+003,8.383413e+001
3.980356e+003,8.383228e+001
3.980838e+003,8.382057e+001
3.981320e+003,8.379967e+001
3.981802e+003,8.377186e+001
3.982285e+003,8.374040e+001
3.982767e+003,8.370876e+001
3.983249e+003,8.367992e+001
3.983731e+003,8.365588e+001
3.984213e+003,8.363757e+001
3.984695e+003,8.362491e+001
3.985177e+003,8.361711e+001
3.985659e+003,8.361311e+001
3.986142e+003,8.361202e+001
3.986624e+003,8.361323e+001
3.987106e+003,8.361658e+001
3.987588e+003,8.362215e+001
3.988070e+003,8.363000e+001
3.988552e+003,8.363990e+001
3.989034e+003,8.365126e+001
3.989516e+003,8.366322e+001
3.989999e+003,8.367480e+001
3.990481e+003,8.368530e+001
3.990963e+003,8.369421e+001
3.991445e+003,8.370142e+001
3.991927e+003,8.370696e+001
3.992409e+003,8.371090e+001
3.992891e+003,8.371337e+001
3.993373e+003,8.371484e+001
3.993855e+003,8.371632e+001
3.994338e+003,8.371937e+001
3.994820e+003,8.372589e+001
3.995302e+003,8.373753e+001
3.995784e+003,8.375468e+001
3.996266e+003,8.377602e+001
3.996748e+003,8.379831e+001
3.997230e+003,8.381705e+001
3.997712e+003,8.382767e+001
3.998195e+003,8.382698e+001
3.998677e+003,8.381429e+001
3.999159e+003,8.379165e+001
3.999641e+003,8.376322e+001
4.000123e+003,8.373396e+001
