3.996747e+002,0.000000e+000
4.001569e+002,9.988835e+001
4.006390e+002,9.957885e+001
4.011211e+002,9.929839e+001
4.016032e+002,9.911050e+001
4.020853e+002,9.900297e+001
4.025674e+002,9.890741e+001
4.030496e+002,9.874169e+001
4.035317e+002,9.845145e+001
4.040138e+002,9.803343e+001
4.044959e+002,9.753292e+001
4.049780e+002,9.702237e+001
4.054601e+002,9.657144e+001
4.059423e+002,9.622047e+001
4.064244e+002,9.596896e+001
4.069065e+002,9.578349e+001
4.073886e+002,9.562069e+001
4.078707e+002,9.544852e+001
4.083528e+002,9.525356e+001
4.088350e+002,9.503187e+001
4.093171e+002,9.477055e+001
4.097992e+002,9.443180e+001
4.102813e+002,9.394901e+001
4.107634e+002,9.323777e+001
4.112455e+002,9.221615e+001
4.117277e+002,9.082431e+001
4.122098e+002,8.903924e+001
4.126919e+002,8.688556e+001
4.131740e+002,8.444084e+001
4.136561e+002,8.182932e+001
4.141382e+002,7.919936e+001
4.146204e+002,7.668964e+001
4.151025e+002,7.440582e+001
4.155846e+002,7.241990e+001
4.160667e+002,7.079216e+001
4.165488e+002,6.959949e+001
4.170309e+002,6.895136e+001
4.175131e+002,6.897358e+001
4.179952e+002,6.974225e+001
4.184773e+002,7.118430e+001
4.189594e+002,7.302626e+001
4.194415e+002,7.488579e+001
4.199236e+002,7.646217e+001
4.204058e+002,7.765570e+001
4.208879e+002,7.854141e+001
4.213700e+002,7.926962e+001
4.218521e+002,7.998687e+001
4.223342e+002,8.080026e+001
4.228163e+002,8.177126e+001
4.232985e+002,8.292142e+001
4.237806e+002,8.423916e+001
4.242627e+002,8.568510e+001
4.247448e+002,8.719746e+001
4.252269e+002,8.870213e+001
4.257090e+002,9.012682e+001
4.261912e+002,9.141706e+001
4.266733e+002,9.254751e+001
4.271554e+002,9.352325e+001
4.276375e+002,9.437252e+001
4.281196e+002,9.513341e+001
4.286017e+002,9.583891e+001
4.290839e+002,9.650484e+001
4.295660e+002,9.712534e+001
4.300481e+002,9.767699e+001
4.305302e+002,9.813145e+001
4.310123e+002,9.846897e+001
4.314944e+002,9.868869e+001
4.319766e+002,9.880988e+001
4.324587e+002,9.886658e+001
4.329408e+002,9.889785e+001
4.334229e+002,9.893816e+001
4.339050e+002,9.901203e+001
4.343871e+002,9.913302e+001
4.348693e+002,9.930482e+001
4.353514e+002,9.952214e+001
4.358335e+002,9.976946e+001
4.363156e+002,1.000203e+002
4.367977e+002,1.002390e+002
4.372798e+002,1.003885e+002
4.377620e+002,1.004404e+002
4.382441e+002,1.003851e+002
4.387262e+002,1.002354e+002
4.392083e+002,1.000241e+002
4.396904e+002,9.979609e+001
4.401725e+002,9.959724e+001
4.406547e+002,9.946169e+001
4.411368e+002,9.940015e+001
4.416189e+002,9.939506e+001
4.421010e+002,9.940568e+001
4.425831e+002,9.938319e+001
4.430652e+002,9.928977e+001
4.435474e+002,9.911326e+001
4.440295e+002,9.887080e+001
4.445116e+002,9.860135e+001
4.449937e+002,9.835102e+001
4.454758e+002,9.815801e+001
4.459579e+002,9.804315e+001
4.464401e+002,9.800627e+001
4.469222e+002,9.802990e+001
4.474043e+002,9.808569e+001
4.478864e+002,9.814351e+001
4.483685e+002,9.817980e+001
4.488506e+002,9.818325e+001
4.493328e+002,9.815611e+001
4.498149e+002,9.811163e+001
4.502970e+002,9.806886e+001
4.507791e+002,9.804730e+001
4.512612e+002,9.806231e+001
4.517433e+002,9.812154e+001
4.522255e+002,9.822281e+001
4.527076e+002,9.835468e+001
4.531897e+002,9.849992e+001
4.536718e+002,9.864071e+001
4.541539e+002,9.876231e+001
4.546360e+002,9.885455e+001
4.551182e+002,9.891098e+001
4.556003e+002,9.892825e+001
4.560824e+002,9.890649e+001
4.565645e+002,9.885120e+001
4.570466e+002,9.877486e+001
4.575287e+002,9.869551e+001
4.580109e+002,9.863052e+001
4.584930e+002,9.858849e+001
4.589751e+002,9.856406e+001
4.594572e+002,9.853990e+001
4.599393e+002,9.849379e+001
4.604214e+002,9.840828e+001
4.609036e+002,9.827853e+001
4.613857e+002,9.811682e+001
4.618678e+002,9.795170e+001
4.623499e+002,9.782146e+001
4.628320e+002,9.776251e+001
4.633141e+002,9.779674e+001
4.637963e+002,9.792266e+001
4.642784e+002,9.811440e+001
4.647605e+002,9.832877e+001
4.652426e+002,9.851709e+001
4.657247e+002,9.863660e+001
4.662068e+002,9.865961e+001
4.666890e+002,9.857830e+001
4.671711e+002,9.840514e+001
4.676532e+002,9.816827e+001
4.681353e+002,9.790360e+001
4.686174e+002,9.764516e+001
4.690995e+002,9.741882e+001
4.695817e+002,9.723949e+001
4.700638e+002,9.711170e+001
4.705459e+002,9.703147e+001
4.710280e+002,9.698814e+001
4.715101e+002,9.696642e+001
4.719922e+002,9.694990e+001
4.724744e+002,9.692605e+001
4.729565e+002,9.689109e+001
4.734386e+002,9.685171e+001
4.739207e+002,9.682236e+001
4.744028e+002,9.681942e+001
4.748849e+002,9.685505e+001
4.753671e+002,9.693279e+001
4.758492e+002,9.704637e+001
4.763313e+002,9.718138e+001
4.768134e+002,9.731973e+001
4.772955e+002,9.744490e+001
4.777776e+002,9.754694e+001
4.782598e+002,9.762439e+001
4.787419e+002,9.768407e+001
4.792240e+002,9.773794e+001
4.797061e+002,9.779895e+001
4.801882e+002,9.787716e+001
4.806703e+002,9.797729e+001
4.811525e+002,9.809772e+001
4.816346e+002,9.823083e+001
4.821167e+002,9.836450e+001
4.825988e+002,9.848501e+001
4.830809e+002,9.858038e+001
4.835630e+002,9.864471e+001
4.840452e+002,9.868089e+001
4.845273e+002,9.870100e+001
4.850094e+002,9.872290e+001
4.854915e+002,9.876437e+001
4.859736e+002,9.883582e+001
4.864557e+002,9.893547e+001
4.869379e+002,9.904784e+001
4.874200e+002,9.914751e+001
4.879021e+002,9.920609e+001
4.883842e+002,9.920125e+001
4.888663e+002,9.912424e+001
4.893484e+002,9.898369e+001
4.898306e+002,9.880474e+001
4.903127e+002,9.862296e+001
4.907948e+002,9.847517e+001
4.912769e+002,9.838972e+001
4.917590e+002,9.837961e+001
4.922411e+002,9.844138e+001
4.927233e+002,9.855866e+001
4.932054e+002,9.870953e+001
4.936875e+002,9.887329e+001
4.941696e+002,9.903534e+001
4.946517e+002,9.918810e+001
4.951339e+002,9.932852e+001
4.956160e+002,9.945429e+001
4.960981e+002,9.956045e+001
4.965802e+002,9.963806e+001
4.970623e+002,9.967607e+001
4.975444e+002,9.966504e+001
4.980266e+002,9.960144e+001
4.985087e+002,9.949025e+001
4.989908e+002,9.934429e+001
4.994729e+002,9.918041e+001
4.999550e+002,9.901503e+001
5.004371e+002,9.885928e+001
5.009193e+002,9.871651e+001
5.014014e+002,9.858223e+001
5.018835e+002,9.844661e+001
5.023656e+002,9.829863e+001
5.028477e+002,9.813021e+001
5.033299e+002,9.793816e+001
5.038120e+002,9.772414e+001
5.042941e+002,9.749286e+001
5.047762e+002,9.725036e+001
5.052583e+002,9.700359e+001
5.057404e+002,9.676022e+001
5.062226e+002,9.652834e+001
5.067047e+002,9.631482e+001
5.071868e+002,9.612248e+001
5.076689e+002,9.594749e+001
5.081510e+002,9.577848e+001
5.086331e+002,9.559836e+001
5.091153e+002,9.538900e+001
5.095974e+002,9.513712e+001
5.100795e+002,9.483923e+001
5.105616e+002,9.450385e+001
5.110437e+002,9.414903e+001
5.115258e+002,9.379642e+001
5.120079e+002,9.346297e+001
5.124901e+002,9.315460e+001
5.129722e+002,9.286369e+001
5.134543e+002,9.257190e+001
5.139364e+002,9.225720e+001
5.144185e+002,9.190222e+001
5.149006e+002,9.150060e+001
5.153828e+002,9.105939e+001
5.158649e+002,9.059598e+001
5.163470e+002,9.013139e+001
5.168291e+002,8.968235e+001
5.173112e+002,8.925488e+001
5.177933e+002,8.884171e+001
5.182755e+002,8.842332e+001
5.187576e+002,8.797108e+001
5.192397e+002,8.744923e+001
5.197218e+002,8.681459e+001
5.202039e+002,8.601513e+001
5.206860e+002,8.499052e+001
5.211682e+002,8.367951e+001
5.216503e+002,8.203423e+001
5.221324e+002,8.004051e+001
5.226145e+002,7.773793e+001
5.230966e+002,7.523535e+001
5.235787e+002,7.271545e+001
5.240609e+002,7.042413e+001
5.245430e+002,6.863854e+001
5.250251e+002,6.761163e+001
5.255072e+002,6.750216e+001
5.259893e+002,6.831722e+001
5.264714e+002,6.989857e+001
5.269536e+002,7.196687e+001
5.274357e+002,7.420366e+001
5.279178e+002,7.633311e+001
5.283999e+002,7.817146e+001
5.288821e+002,7.963768e+001
5.293641e+002,8.073449e+001
5.298463e+002,8.151521e+001
5.303284e+002,8.204910e+001
5.308105e+002,8.239434e+001
5.312926e+002,8.258398e+001
5.317748e+002,8.262453e+001
5.322568e+002,8.250429e+001
5.327390e+002,8.220441e+001
5.332211e+002,8.170783e+001
5.337032e+002,8.100387e+001
5.341853e+002,8.008872e+001
5.346675e+002,7.896629e+001
5.351495e+002,7.765128e+001
5.356317e+002,7.617606e+001
5.361138e+002,7.459923e+001
5.365959e+002,7.301111e+001
5.370780e+002,7.153167e+001
5.375602e+002,7.029822e+001
5.380422e+002,6.944496e+001
5.385244e+002,6.907909e+001
5.390065e+002,6.925928e+001
5.394886e+002,6.998053e+001
5.399707e+002,7.116777e+001
5.404529e+002,7.268019e+001
5.409349e+002,7.432776e+001
5.414171e+002,7.589977e+001
5.418992e+002,7.720219e+001
5.423813e+002,7.809489e+001
5.428634e+002,7.852013e+001
5.433456e+002,7.851517e+001
5.438276e+002,7.820662e+001
5.443098e+002,7.778738e+001
5.447919e+002,7.747851e+001
5.452740e+002,7.748344e+001
5.457561e+002,7.794469e+001
5.462383e+002,7.891550e+001
5.467203e+002,8.035456e+001
5.472025e+002,8.214396e+001
5.476846e+002,8.412220e+001
5.481667e+002,8.612175e+001
5.486488e+002,8.800047e+001
5.491310e+002,8.966119e+001
5.496130e+002,9.105673e+001
5.500952e+002,9.218234e+001
5.505773e+002,9.306019e+001
5.510594e+002,9.372315e+001
5.515415e+002,9.420277e+001
5.520237e+002,9.452476e+001
5.525057e+002,9.470992e+001
5.529879e+002,9.477792e+001
5.534700e+002,9.475001e+001
5.539521e+002,9.464895e+001
5.544342e+002,9.449640e+001
5.549164e+002,9.430994e+001
5.553984e+002,9.410155e+001
5.558806e+002,9.387893e+001
5.563627e+002,9.364828e+001
5.568448e+002,9.341724e+001
5.573269e+002,9.319566e+001
5.578091e+002,9.299421e+001
5.582911e+002,9.282108e+001
5.587733e+002,9.267915e+001
5.592554e+002,9.256498e+001
5.597375e+002,9.247033e+001
5.602196e+002,9.238591e+001
5.607018e+002,9.230514e+001
5.611838e+002,9.222652e+001
5.616660e+002,9.215364e+001
5.621481e+002,9.209302e+001
5.626302e+002,9.205100e+001
5.631123e+002,9.203125e+001
5.635945e+002,9.203359e+001
5.640765e+002,9.205434e+001
5.645587e+002,9.208710e+001
5.650408e+002,9.212388e+001
5.655229e+002,9.215558e+001
5.660050e+002,9.217242e+001
5.664872e+002,9.216522e+001
5.669692e+002,9.212711e+001
5.674514e+002,9.205550e+001
5.679335e+002,9.195332e+001
5.684156e+002,9.182803e+001
5.688977e+002,9.168810e+001
5.693799e+002,9.153866e+001
5.698619e+002,9.137794e+001
5.703441e+002,9.119695e+001
5.708262e+002,9.098222e+001
5.713083e+002,9.072084e+001
5.717904e+002,9.040442e+001
5.722726e+002,9.002966e+001
5.727546e+002,8.959502e+001
5.732368e+002,8.909449e+001
5.737189e+002,8.851180e+001
5.742010e+002,8.781798e+001
5.746831e+002,8.697373e+001
5.751653e+002,8.593479e+001
5.756473e+002,8.465723e+001
5.761295e+002,8.309833e+001
5.766116e+002,8.121210e+001
5.770938e+002,7.894308e+001
5.775758e+002,7.622534e+001
5.780580e+002,7.299427e+001
5.785400e+002,6.921336e+001
5.790222e+002,6.491148e+001
5.795043e+002,6.021770e+001
5.799865e+002,5.537742e+001
5.804685e+002,5.073456e+001
5.809507e+002,4.667828e+001
5.814327e+002,4.356783e+001
5.819149e+002,4.166196e+001
5.823970e+002,4.107613e+001
5.828792e+002,4.177823e+001
5.833612e+002,4.361792e+001
5.838434e+002,4.637538e+001
5.843254e+002,4.981259e+001
5.848076e+002,5.371249e+001
5.852897e+002,5.789744e+001
5.857719e+002,6.222659e+001
5.862539e+002,6.658026e+001
5.867361e+002,7.084332e+001
5.872181e+002,7.490125e+001
5.877003e+002,7.864021e+001
5.881824e+002,8.197409e+001
5.886646e+002,8.485945e+001
5.891466e+002,8.730204e+001
5.896288e+002,8.934856e+001
5.901108e+002,9.106689e+001
5.905930e+002,9.252312e+001
5.910751e+002,9.376454e+001
5.915573e+002,9.481455e+001
5.920393e+002,9.567943e+001
5.925215e+002,9.636215e+001
5.930035e+002,9.687401e+001
5.934857e+002,9.723912e+001
5.939678e+002,9.749024e+001
5.944500e+002,9.765984e+001
5.949320e+002,9.777203e+001
5.954142e+002,9.783945e+001
5.958962e+002,9.786599e+001
5.963784e+002,9.785322e+001
5.968605e+002,9.780672e+001
5.973427e+002,9.773866e+001
5.978247e+002,9.766557e+001
5.983069e+002,9.760297e+001
5.987889e+002,9.755954e+001
5.992711e+002,9.753452e+001
5.997532e+002,9.751911e+001
6.002354e+002,9.750146e+001
6.007174e+002,9.747209e+001
6.011996e+002,9.742741e+001
6.016816e+002,9.736950e+001
6.021638e+002,9.730286e+001
6.026459e+002,9.723056e+001
6.031281e+002,9.715199e+001
6.036101e+002,9.706335e+001
6.040923e+002,9.696001e+001
6.045743e+002,9.683937e+001
6.050565e+002,9.670218e+001
6.055386e+002,9.655129e+001
6.060208e+002,9.638895e+001
6.065029e+002,9.621335e+001
6.069850e+002,9.601804e+001
6.074671e+002,9.579347e+001
6.079492e+002,9.553124e+001
6.084313e+002,9.522870e+001
6.089135e+002,9.489197e+001
6.093956e+002,9.453560e+001
6.098777e+002,9.417922e+001
6.103598e+002,9.384235e+001
6.108419e+002,9.353921e+001
6.113240e+002,9.327612e+001
6.118062e+002,9.305168e+001
6.122883e+002,9.285914e+001
6.127704e+002,9.269008e+001
6.132525e+002,9.253756e+001
6.137346e+002,9.239770e+001
6.142167e+002,9.226985e+001
6.146989e+002,9.215551e+001
6.151810e+002,9.205681e+001
6.156631e+002,9.197484e+001
6.161452e+002,9.190830e+001
6.166273e+002,9.185262e+001
6.171094e+002,9.180005e+001
6.175916e+002,9.174181e+001
6.180737e+002,9.167125e+001
6.185558e+002,9.158728e+001
6.190379e+002,9.149590e+001
6.195200e+002,9.141070e+001
6.200021e+002,9.135164e+001
6.204843e+002,9.134276e+001
6.209664e+002,9.140809e+001
6.214485e+002,9.156615e+001
6.219306e+002,9.182478e+001
6.224127e+002,9.217802e+001
6.228948e+002,9.260645e+001
6.233770e+002,9.308073e+001
6.238591e+002,9.356724e+001
6.243412e+002,9.403413e+001
6.248233e+002,9.445597e+001
6.253054e+002,9.481671e+001
6.257875e+002,9.510960e+001
6.262697e+002,9.533541e+001
6.267518e+002,9.549989e+001
6.272339e+002,9.561109e+001
6.277160e+002,9.567819e+001
6.281981e+002,9.571085e+001
6.286802e+002,9.571886e+001
6.291624e+002,9.571164e+001
6.296445e+002,9.569657e+001
6.301266e+002,9.567720e+001
6.306087e+002,9.565168e+001
6.310908e+002,9.561298e+001
6.315729e+002,9.555040e+001
6.320551e+002,9.545297e+001
6.325372e+002,9.531284e+001
6.330193e+002,9.512785e+001
6.335014e+002,9.490209e+001
6.339835e+002,9.464423e+001
6.344656e+002,9.436424e+001
6.349478e+002,9.407037e+001
6.354299e+002,9.376705e+001
6.359120e+002,9.345429e+001
6.363941e+002,9.312910e+001
6.368762e+002,9.278721e+001
6.373583e+002,9.242470e+001
6.378405e+002,9.203865e+001
6.383226e+002,9.162728e+001
6.388047e+002,9.118935e+001
6.392868e+002,9.072428e+001
6.397689e+002,9.023262e+001
6.402510e+002,8.971716e+001
6.407332e+002,8.918400e+001
6.412153e+002,8.864323e+001
6.416974e+002,8.810854e+001
6.421795e+002,8.759650e+001
6.426616e+002,8.712501e+001
6.431437e+002,8.671181e+001
6.436259e+002,8.637276e+001
6.441080e+002,8.612009e+001
6.445901e+002,8.596147e+001
6.450722e+002,8.589942e+001
6.455543e+002,8.593206e+001
6.460364e+002,8.605391e+001
6.465186e+002,8.625750e+001
6.470007e+002,8.653366e+001
6.474828e+002,8.687170e+001
6.479649e+002,8.725894e+001
6.484470e+002,8.768079e+001
6.489291e+002,8.812135e+001
6.494113e+002,8.856445e+001
6.498934e+002,8.899442e+001
6.503755e+002,8.939649e+001
6.508576e+002,8.975710e+001
6.513397e+002,9.006476e+001
6.518218e+002,9.031204e+001
6.523040e+002,9.049696e+001
6.527861e+002,9.062360e+001
6.532682e+002,9.070075e+001
6.537503e+002,9.073897e+001
6.542324e+002,9.074728e+001
6.547145e+002,9.073067e+001
6.551967e+002,9.068938e+001
6.556788e+002,9.061993e+001
6.561609e+002,9.051739e+001
6.566430e+002,9.037762e+001
6.571251e+002,9.019831e+001
6.576072e+002,8.997895e+001
6.580894e+002,8.972020e+001
6.585715e+002,8.942345e+001
6.590536e+002,8.909109e+001
6.595357e+002,8.872644e+001
6.600178e+002,8.833295e+001
6.604999e+002,8.791243e+001
6.609821e+002,8.746262e+001
6.614642e+002,8.697617e+001
6.619463e+002,8.644260e+001
6.624284e+002,8.585331e+001
6.629105e+002,8.520801e+001
6.633926e+002,8.451875e+001
6.638748e+002,8.380881e+001
6.643569e+002,8.310590e+001
6.648390e+002,8.243343e+001
6.653211e+002,8.180296e+001
6.658032e+002,8.120991e+001
6.662853e+002,8.063282e+001
6.667675e+002,8.003674e+001
6.672496e+002,7.938271e+001
6.677317e+002,7.863790e+001
6.682138e+002,7.777972e+001
6.686959e+002,7.681777e+001
6.691780e+002,7.583723e+001
6.696602e+002,7.497171e+001
6.701423e+002,7.432059e+001
6.706244e+002,7.392690e+001
6.711065e+002,7.380540e+001
6.715886e+002,7.396491e+001
6.720707e+002,7.441147e+001
6.725529e+002,7.514094e+001
6.730350e+002,7.613153e+001
6.735171e+002,7.734260e+001
6.739992e+002,7.872123e+001
6.744813e+002,8.021143e+001
6.749634e+002,8.175977e+001
6.754456e+002,8.331622e+001
6.759277e+002,8.483275e+001
6.764098e+002,8.626511e+001
6.768919e+002,8.757829e+001
6.773740e+002,8.875282e+001
6.778561e+002,8.978674e+001
6.783383e+002,9.069122e+001
6.788204e+002,9.148175e+001
6.793025e+002,9.217033e+001
6.797846e+002,9.276263e+001
6.802667e+002,9.326102e+001
6.807488e+002,9.367062e+001
6.812310e+002,9.400395e+001
6.817131e+002,9.428003e+001
6.821952e+002,9.451868e+001
6.826773e+002,9.473296e+001
6.831594e+002,9.492447e+001
6.836415e+002,9.508434e+001
6.841237e+002,9.519984e+001
6.846058e+002,9.526292e+001
6.850879e+002,9.527667e+001
6.855700e+002,9.525540e+001
6.860521e+002,9.521911e+001
6.865342e+002,9.518521e+001
6.870164e+002,9.516228e+001
6.874985e+002,9.514862e+001
6.879806e+002,9.513588e+001
6.884627e+002,9.511570e+001
6.889448e+002,9.508546e+001
6.894269e+002,9.505003e+001
6.899091e+002,9.501875e+001
6.903912e+002,9.499976e+001
6.908733e+002,9.499494e+001
6.913554e+002,9.499862e+001
6.918375e+002,9.499968e+001
6.923196e+002,9.498685e+001
6.928018e+002,9.495351e+001
6.932839e+002,9.489964e+001
6.937660e+002,9.483058e+001
6.942481e+002,9.475320e+001
6.947302e+002,9.467237e+001
6.952123e+002,9.458986e+001
6.956945e+002,9.450563e+001
6.961766e+002,9.442069e+001
6.966587e+002,9.433877e+001
6.971408e+002,9.426598e+001
6.976229e+002,9.420780e+001
6.981050e+002,9.416545e+001
6.985872e+002,9.413392e+001
6.990693e+002,9.410280e+001
6.995514e+002,9.406042e+001
7.000335e+002,9.399881e+001
7.005156e+002,9.391727e+001
7.009977e+002,9.382239e+001
7.014799e+002,9.372430e+001
7.019620e+002,9.363169e+001
7.024441e+002,9.354746e+001
7.029262e+002,9.346764e+001
7.034083e+002,9.338386e+001
7.038904e+002,9.328776e+001
7.043726e+002,9.317503e+001
7.048547e+002,9.304688e+001
7.053368e+002,9.290830e+001
7.058189e+002,9.276438e+001
7.063010e+002,9.261713e+001
7.067831e+002,9.246423e+001
7.072653e+002,9.230077e+001
7.077474e+002,9.212239e+001
7.082295e+002,9.192824e+001
7.087116e+002,9.172174e+001
7.091937e+002,9.150876e+001
7.096758e+002,9.129446e+001
7.101580e+002,9.108051e+001
7.106401e+002,9.086427e+001
7.111222e+002,9.064013e+001
7.116043e+002,9.040250e+001
7.120864e+002,9.014850e+001
7.125685e+002,8.987881e+001
7.130507e+002,8.959682e+001
7.135328e+002,8.930638e+001
7.140149e+002,8.900979e+001
7.144970e+002,8.870720e+001
7.149791e+002,8.839716e+001
7.154612e+002,8.807759e+001
7.159434e+002,8.774598e+001
7.164255e+002,8.739813e+001
7.169076e+002,8.702559e+001
7.173897e+002,8.661343e+001
7.178718e+002,8.613934e+001
7.183539e+002,8.557441e+001
7.188361e+002,8.488531e+001
7.193182e+002,8.403623e+001
7.198003e+002,8.298985e+001
7.202824e+002,8.170677e+001
7.207645e+002,8.014487e+001
7.212466e+002,7.826090e+001
7.217288e+002,7.601688e+001
7.222109e+002,7.339240e+001
7.226930e+002,7.040114e+001
7.231751e+002,6.710660e+001
7.236572e+002,6.363123e+001
7.241393e+002,6.015471e+001
7.246215e+002,5.690017e+001
7.251036e+002,5.410997e+001
7.255857e+002,5.201484e+001
7.260678e+002,5.080182e+001
7.265499e+002,5.058722e+001
7.270320e+002,5.140015e+001
7.275142e+002,5.317908e+001
7.279963e+002,5.577961e+001
7.284784e+002,5.898969e+001
7.289605e+002,6.254871e+001
7.294426e+002,6.617146e+001
7.299247e+002,6.957850e+001
7.304069e+002,7.253307e+001
7.308890e+002,7.487834e+001
7.313711e+002,7.656400e+001
7.318532e+002,7.765163e+001
7.323353e+002,7.829493e+001
7.328174e+002,7.869942e+001
7.332996e+002,7.907302e+001
7.337817e+002,7.958082e+001
7.342638e+002,8.031583e+001
7.347459e+002,8.129211e+001
7.352280e+002,8.245906e+001
7.357101e+002,8.372933e+001
7.361923e+002,8.500900e+001
7.366744e+002,8.622012e+001
7.371565e+002,8.731129e+001
7.376386e+002,8.825709e+001
7.381207e+002,8.905128e+001
7.386028e+002,8.969929e+001
7.390850e+002,9.021257e+001
7.395671e+002,9.060605e+001
7.400492e+002,9.089738e+001
7.405313e+002,9.110563e+001
7.410134e+002,9.124921e+001
7.414955e+002,9.134280e+001
7.419777e+002,9.139531e+001
7.424598e+002,9.140948e+001
7.429419e+002,9.138418e+001
7.434240e+002,9.131784e+001
7.439061e+002,9.121158e+001
7.443882e+002,9.107049e+001
7.448704e+002,9.090267e+001
7.453525e+002,9.071682e+001
7.458346e+002,9.051954e+001
7.463167e+002,9.031376e+001
7.467988e+002,9.009911e+001
7.472809e+002,8.987307e+001
7.477631e+002,8.963270e+001
7.482452e+002,8.937544e+001
7.487273e+002,8.909913e+001
7.492094e+002,8.880116e+001
7.496915e+002,8.847834e+001
7.501736e+002,8.812719e+001
7.506558e+002,8.774502e+001
7.511379e+002,8.733115e+001
7.516200e+002,8.688725e+001
7.521021e+002,8.641638e+001
7.525842e+002,8.592149e+001
7.530663e+002,8.540352e+001
7.535485e+002,8.486058e+001
7.540306e+002,8.428846e+001
7.545127e+002,8.368207e+001
7.549948e+002,8.303706e+001
7.554769e+002,8.235043e+001
7.559590e+002,8.161966e+001
7.564412e+002,8.084084e+001
7.569233e+002,8.000658e+001
7.574054e+002,7.910527e+001
7.578875e+002,7.812221e+001
7.583696e+002,7.704261e+001
7.588517e+002,7.585516e+001
7.593339e+002,7.455474e+001
7.598160e+002,7.314326e+001
7.602981e+002,7.162849e+001
7.607802e+002,7.002024e+001
7.612623e+002,6.832742e+001
7.617444e+002,6.655556e+001
7.622266e+002,6.470592e+001
7.627087e+002,6.277686e+001
7.631908e+002,6.076567e+001
7.636729e+002,5.867053e+001
7.641550e+002,5.649169e+001
7.646371e+002,5.423223e+001
7.651193e+002,5.189915e+001
7.656014e+002,4.950589e+001
7.660835e+002,4.707639e+001
7.665656e+002,4.464961e+001
7.670477e+002,4.228285e+001
7.675298e+002,4.005105e+001
7.680120e+002,3.804171e+001
7.684941e+002,3.634538e+001
7.689762e+002,3.504504e+001
7.694583e+002,3.420755e+001
7.699404e+002,3.388017e+001
7.704225e+002,3.409124e+001
7.709047e+002,3.485258e+001
7.713868e+002,3.615922e+001
7.718689e+002,3.798542e+001
7.723510e+002,4.027801e+001
7.728331e+002,4.295303e+001
7.733152e+002,4.589906e+001
7.737974e+002,4.898900e+001
7.742795e+002,5.209696e+001
7.747616e+002,5.511441e+001
7.752437e+002,5.796091e+001
7.757258e+002,6.058726e+001
7.762079e+002,6.297227e+001
7.766901e+002,6.511629e+001
7.771722e+002,6.703412e+001
7.776543e+002,6.874891e+001
7.781364e+002,7.028712e+001
7.786185e+002,7.167417e+001
7.791006e+002,7.293056e+001
7.795828e+002,7.406895e+001
7.800649e+002,7.509380e+001
7.805470e+002,7.600462e+001
7.810291e+002,7.680247e+001
7.815112e+002,7.749817e+001
7.819933e+002,7.811848e+001
7.824755e+002,7.870736e+001
7.829576e+002,7.932068e+001
7.834397e+002,8.001517e+001
7.839218e+002,8.083479e+001
7.844039e+002,8.179935e+001
7.848860e+002,8.289938e+001
7.853682e+002,8.409894e+001
7.858503e+002,8.534517e+001
7.863324e+002,8.658059e+001
7.868145e+002,8.775410e+001
7.872966e+002,8.882788e+001
7.877787e+002,8.977975e+001
7.882609e+002,9.060172e+001
7.887430e+002,9.129673e+001
7.892251e+002,9.187490e+001
7.897072e+002,9.235014e+001
7.901893e+002,9.273784e+001
7.906714e+002,9.305322e+001
7.911536e+002,9.331022e+001
7.916357e+002,9.352081e+001
7.921178e+002,9.369438e+001
7.925999e+002,9.383785e+001
7.930820e+002,9.395597e+001
7.935641e+002,9.405225e+001
7.940463e+002,9.412978e+001
7.945284e+002,9.419199e+001
7.950105e+002,9.424274e+001
7.954926e+002,9.428635e+001
7.959747e+002,9.432692e+001
7.964568e+002,9.436788e+001
7.969390e+002,9.441157e+001
7.974211e+002,9.445893e+001
7.979032e+002,9.450945e+001
7.983853e+002,9.456112e+001
7.988674e+002,9.461099e+001
7.993495e+002,9.465576e+001
7.998317e+002,9.469260e+001
8.003138e+002,9.472013e+001
8.007959e+002,9.473889e+001
8.012780e+002,9.475107e+001
8.017601e+002,9.475975e+001
8.022422e+002,9.476750e+001
8.027244e+002,9.477562e+001
8.032065e+002,9.478323e+001
8.036886e+002,9.478815e+001
8.041707e+002,9.478763e+001
8.046528e+002,9.477950e+001
8.051349e+002,9.476272e+001
8.056171e+002,9.473717e+001
8.060992e+002,9.470302e+001
8.065813e+002,9.466015e+001
8.070634e+002,9.460783e+001
8.075455e+002,9.454552e+001
8.080276e+002,9.447346e+001
8.085098e+002,9.439391e+001
8.089919e+002,9.431088e+001
8.094740e+002,9.422968e+001
8.099561e+002,9.415543e+001
8.104382e+002,9.409170e+001
8.109203e+002,9.403963e+001
8.114025e+002,9.399803e+001
8.118846e+002,9.396402e+001
8.123667e+002,9.393410e+001
8.128489e+002,9.390492e+001
8.133309e+002,9.387363e+001
8.138131e+002,9.383767e+001
8.142952e+002,9.379468e+001
8.147773e+002,9.374297e+001
8.152594e+002,9.368229e+001
8.157416e+002,9.361479e+001
8.162236e+002,9.354540e+001
8.167058e+002,9.348105e+001
8.171879e+002,9.342919e+001
8.176700e+002,9.339541e+001
8.181521e+002,9.338194e+001
8.186343e+002,9.338688e+001
8.191163e+002,9.340530e+001
8.195985e+002,9.343103e+001
8.200806e+002,9.345898e+001
8.205627e+002,9.348623e+001
8.210448e+002,9.351192e+001
8.215270e+002,9.353590e+001
8.220090e+002,9.355710e+001
8.224912e+002,9.357223e+001
8.229733e+002,9.357606e+001
8.234554e+002,9.356219e+001
8.239375e+002,9.352462e+001
8.244197e+002,9.345830e+001
8.249017e+002,9.335921e+001
8.253839e+002,9.322351e+001
8.258660e+002,9.304699e+001
8.263481e+002,9.282498e+001
8.268302e+002,9.255378e+001
8.273124e+002,9.223206e+001
8.277944e+002,9.186243e+001
8.282766e+002,9.145122e+001
8.287587e+002,9.100754e+001
8.292408e+002,9.054078e+001
8.297229e+002,9.005822e+001
8.302051e+002,8.956344e+001
8.306871e+002,8.905592e+001
8.311693e+002,8.853203e+001
8.316514e+002,8.798655e+001
8.321335e+002,8.741448e+001
8.326156e+002,8.681198e+001
8.330978e+002,8.617701e+001
8.335798e+002,8.550935e+001
8.340620e+002,8.481097e+001
8.345441e+002,8.408669e+001
8.350262e+002,8.334534e+001
8.355083e+002,8.260032e+001
8.359905e+002,8.186926e+001
8.364725e+002,8.117226e+001
8.369547e+002,8.052816e+001
8.374368e+002,7.995039e+001
8.379189e+002,7.944263e+001
8.384010e+002,7.899673e+001
8.388832e+002,7.859354e+001
8.393652e+002,7.820753e+001
8.398474e+002,7.781319e+001
8.403295e+002,7.739240e+001
8.408116e+002,7.693954e+001
8.412937e+002,7.646382e+001
8.417759e+002,7.598779e+001
8.422579e+002,7.554294e+001
8.427401e+002,7.516348e+001
8.432222e+002,7.488007e+001
8.437043e+002,7.471484e+001
8.441864e+002,7.467849e+001
8.446686e+002,7.476977e+001
8.451506e+002,7.497697e+001
8.456328e+002,7.528130e+001
8.461149e+002,7.566125e+001
8.465970e+002,7.609756e+001
8.470791e+002,7.657671e+001
8.475613e+002,7.709209e+001
8.480433e+002,7.764208e+001
8.485255e+002,7.822569e+001
8.490076e+002,7.883757e+001
8.494897e+002,7.946452e+001
8.499718e+002,8.008501e+001
8.504540e+002,8.067218e+001
8.509360e+002,8.119873e+001
8.514182e+002,8.164137e+001
8.519003e+002,8.198346e+001
8.523824e+002,8.221493e+001
8.528645e+002,8.233030e+001
8.533467e+002,8.232616e+001
8.538287e+002,8.219964e+001
8.543109e+002,8.194798e+001
8.547930e+002,8.156878e+001
8.552751e+002,8.106005e+001
8.557572e+002,8.041941e+001
8.562394e+002,7.964213e+001
8.567214e+002,7.871869e+001
8.572036e+002,7.763239e+001
8.576857e+002,7.635815e+001
8.581678e+002,7.486294e+001
8.586499e+002,7.310862e+001
8.591321e+002,7.105711e+001
8.596141e+002,6.867873e+001
8.600963e+002,6.596352e+001
8.605784e+002,6.293451e+001
8.610605e+002,5.966119e+001
8.615426e+002,5.626899e+001
8.620248e+002,5.294109e+001
8.625068e+002,4.990955e+001
8.629890e+002,4.743480e+001
8.634711e+002,4.577507e+001
8.639532e+002,4.514877e+001
8.644353e+002,4.569587e+001
8.649175e+002,4.744649e+001
8.653995e+002,5.030693e+001
8.658817e+002,5.407016e+001
8.663638e+002,5.845036e+001
8.668459e+002,6.313154e+001
8.673280e+002,6.781614e+001
8.678102e+002,7.226101e+001
8.682922e+002,7.629563e+001
8.687744e+002,7.982388e+001
8.692565e+002,8.281459e+001
8.697386e+002,8.528613e+001
8.702207e+002,8.728983e+001
8.707029e+002,8.889441e+001
8.711849e+002,9.017336e+001
8.716671e+002,9.119588e+001
8.721492e+002,9.202131e+001
8.726313e+002,9.269653e+001
8.731134e+002,9.325603e+001
8.735956e+002,9.372353e+001
8.740776e+002,9.411508e+001
8.745598e+002,9.444181e+001
8.750419e+002,9.471246e+001
8.755240e+002,9.493482e+001
8.760061e+002,9.511627e+001
8.764883e+002,9.526380e+001
8.769703e+002,9.538396e+001
8.774525e+002,9.548273e+001
8.779346e+002,9.556570e+001
8.784167e+002,9.563781e+001
8.788988e+002,9.570303e+001
8.793810e+002,9.576371e+001
8.798630e+002,9.582009e+001
8.803452e+002,9.587052e+001
8.808273e+002,9.591219e+001
8.813094e+002,9.594228e+001
8.817915e+002,9.595948e+001
8.822737e+002,9.596442e+001
8.827557e+002,9.595961e+001
8.832379e+002,9.594817e+001
8.837200e+002,9.593293e+001
8.842021e+002,9.591544e+001
8.846842e+002,9.589600e+001
8.851664e+002,9.587408e+001
8.856484e+002,9.584932e+001
8.861306e+002,9.582197e+001
8.866127e+002,9.579280e+001
8.870948e+002,9.576265e+001
8.875769e+002,9.573193e+001
8.880591e+002,9.570039e+001
8.885411e+002,9.566777e+001
8.890233e+002,9.563434e+001
8.895054e+002,9.560148e+001
8.899875e+002,9.557137e+001
8.904696e+002,9.554608e+001
8.909518e+002,9.552611e+001
8.914338e+002,9.550967e+001
8.919160e+002,9.549267e+001
8.923981e+002,9.547020e+001
8.928802e+002,9.543845e+001
8.933623e+002,9.539638e+001
8.938445e+002,9.534613e+001
8.943265e+002,9.529203e+001
8.948087e+002,9.523848e+001
8.952908e+002,9.518803e+001
8.957729e+002,9.514040e+001
8.962550e+002,9.509311e+001
8.967372e+002,9.504339e+001
8.972192e+002,9.499026e+001
8.977014e+002,9.493568e+001
8.981835e+002,9.488420e+001
8.986656e+002,9.484109e+001
8.991477e+002,9.481006e+001
8.996299e+002,9.479144e+001
9.001119e+002,9.478208e+001
9.005941e+002,9.477668e+001
9.010762e+002,9.477003e+001
9.015583e+002,9.475919e+001
9.020404e+002,9.474429e+001
9.025226e+002,9.472780e+001
9.030046e+002,9.471311e+001
9.034868e+002,9.470246e+001
9.039689e+002,9.469617e+001
9.044510e+002,9.469241e+001
9.049331e+002,9.468843e+001
9.054153e+002,9.468173e+001
9.058973e+002,9.467094e+001
9.063795e+002,9.465615e+001
9.068616e+002,9.463863e+001
9.073438e+002,9.462032e+001
9.078258e+002,9.460361e+001
9.083080e+002,9.459090e+001
9.087900e+002,9.458469e+001
9.092722e+002,9.458677e+001
9.097543e+002,9.459753e+001
9.102365e+002,9.461491e+001
9.107185e+002,9.463435e+001
9.112007e+002,9.464930e+001
9.116828e+002,9.465312e+001
9.121649e+002,9.464133e+001
9.126470e+002,9.461328e+001
9.131292e+002,9.457263e+001
9.136113e+002,9.452595e+001
9.140934e+002,9.448029e+001
9.145755e+002,9.444075e+001
9.150576e+002,9.440879e+001
9.155397e+002,9.438248e+001
9.160219e+002,9.435791e+001
9.165040e+002,9.433138e+001
9.169861e+002,9.430122e+001
9.174682e+002,9.426810e+001
9.179503e+002,9.423438e+001
9.184324e+002,9.420258e+001
9.189146e+002,9.417407e+001
9.193967e+002,9.414868e+001
9.198788e+002,9.412512e+001
9.203609e+002,9.410203e+001
9.208430e+002,9.407851e+001
9.213251e+002,9.405415e+001
9.218073e+002,9.402827e+001
9.222894e+002,9.399915e+001
9.227715e+002,9.396378e+001
9.232536e+002,9.391864e+001
9.237357e+002,9.386092e+001
9.242178e+002,9.378986e+001
9.247000e+002,9.370702e+001
9.251821e+002,9.361511e+001
9.256642e+002,9.351608e+001
9.261463e+002,9.340931e+001
9.266284e+002,9.329101e+001
9.271105e+002,9.315580e+001
9.275927e+002,9.299982e+001
9.280748e+002,9.282455e+001
9.285569e+002,9.263920e+001
9.290390e+002,9.246119e+001
9.295211e+002,9.231323e+001
9.300032e+002,9.221893e+001
9.304854e+002,9.219710e+001
9.309675e+002,9.225746e+001
9.314496e+002,9.239844e+001
9.319317e+002,9.260770e+001
9.324138e+002,9.286506e+001
9.328959e+002,9.314643e+001
9.333781e+002,9.342767e+001
9.338602e+002,9.368767e+001
9.343423e+002,9.391077e+001
9.348244e+002,9.408816e+001
9.353065e+002,9.421821e+001
9.357886e+002,9.430592e+001
9.362708e+002,9.436094e+001
9.367529e+002,9.439465e+001
9.372350e+002,9.441712e+001
9.377171e+002,9.443456e+001
9.381992e+002,9.444827e+001
9.386813e+002,9.445531e+001
9.391635e+002,9.445055e+001
9.396456e+002,9.442930e+001
9.401277e+002,9.438943e+001
9.406098e+002,9.433221e+001
9.410919e+002,9.426167e+001
9.415740e+002,9.418304e+001
9.420562e+002,9.410099e+001
9.425383e+002,9.401838e+001
9.430204e+002,9.393573e+001
9.435025e+002,9.385162e+001
9.439846e+002,9.376332e+001
9.444667e+002,9.366746e+001
9.449489e+002,9.356086e+001
9.454310e+002,9.344119e+001
9.459131e+002,9.330775e+001
9.463952e+002,9.316238e+001
9.468773e+002,9.301020e+001
9.473594e+002,9.285929e+001
9.478416e+002,9.271967e+001
9.483237e+002,9.260130e+001
9.488058e+002,9.251167e+001
9.492879e+002,9.245405e+001
9.497700e+002,9.242703e+001
9.502521e+002,9.242561e+001
9.507343e+002,9.244331e+001
9.512164e+002,9.247478e+001
9.516985e+002,9.251730e+001
9.521806e+002,9.257079e+001
9.526627e+002,9.263623e+001
9.531448e+002,9.271363e+001
9.536270e+002,9.280020e+001
9.541091e+002,9.289016e+001
9.545912e+002,9.297569e+001
9.550733e+002,9.304930e+001
9.555554e+002,9.310563e+001
9.560375e+002,9.314272e+001
9.565197e+002,9.316161e+001
9.570018e+002,9.316542e+001
9.574839e+002,9.315781e+001
9.579660e+002,9.314223e+001
9.584481e+002,9.312148e+001
9.589302e+002,9.309818e+001
9.594124e+002,9.307471e+001
9.598945e+002,9.305309e+001
9.603766e+002,9.303437e+001
9.608587e+002,9.301786e+001
9.613408e+002,9.300097e+001
9.618229e+002,9.297983e+001
9.623051e+002,9.295055e+001
9.627872e+002,9.291073e+001
9.632693e+002,9.286034e+001
9.637514e+002,9.280177e+001
9.642335e+002,9.273874e+001
9.647156e+002,9.267479e+001
9.651978e+002,9.261209e+001
9.656799e+002,9.255097e+001
9.661620e+002,9.249011e+001
9.666441e+002,9.242738e+001
9.671262e+002,9.236058e+001
9.676083e+002,9.228773e+001
9.680905e+002,9.220718e+001
9.685726e+002,9.211742e+001
9.690547e+002,9.201741e+001
9.695368e+002,9.190734e+001
9.700189e+002,9.178960e+001
9.705010e+002,9.166892e+001
9.709832e+002,9.155193e+001
9.714653e+002,9.144505e+001
9.719474e+002,9.135234e+001
9.724295e+002,9.127329e+001
9.729116e+002,9.120213e+001
9.733937e+002,9.112926e+001
9.738759e+002,9.104388e+001
9.743580e+002,9.093747e+001
9.748401e+002,9.080616e+001
9.753222e+002,9.065122e+001
9.758043e+002,9.047759e+001
9.762864e+002,9.029101e+001
9.767686e+002,9.009514e+001
9.772507e+002,8.988994e+001
9.777328e+002,8.967171e+001
9.782149e+002,8.943473e+001
9.786970e+002,8.917322e+001
9.791791e+002,8.888316e+001
9.796613e+002,8.856298e+001
9.801434e+002,8.821291e+001
9.806255e+002,8.783379e+001
9.811076e+002,8.742596e+001
9.815897e+002,8.698860e+001
9.820718e+002,8.651995e+001
9.825540e+002,8.601765e+001
9.830361e+002,8.547947e+001
9.835182e+002,8.490337e+001
9.840003e+002,8.428761e+001
9.844824e+002,8.363023e+001
9.849645e+002,8.292915e+001
9.854467e+002,8.218231e+001
9.859288e+002,8.138830e+001
9.864109e+002,8.054683e+001
9.868930e+002,7.965907e+001
9.873751e+002,7.872708e+001
9.878572e+002,7.775309e+001
9.883394e+002,7.673832e+001
9.888215e+002,7.568228e+001
9.893036e+002,7.458288e+001
9.897857e+002,7.343726e+001
9.902678e+002,7.224349e+001
9.907499e+002,7.100211e+001
9.912321e+002,6.971723e+001
9.917142e+002,6.839687e+001
9.921963e+002,6.705235e+001
9.926784e+002,6.569768e+001
9.931605e+002,6.434874e+001
9.936426e+002,6.302326e+001
9.941248e+002,6.174083e+001
9.946069e+002,6.052252e+001
9.950890e+002,5.938922e+001
9.955711e+002,5.835865e+001
9.960532e+002,5.744188e+001
9.965353e+002,5.664082e+001
9.970175e+002,5.594848e+001
9.974996e+002,5.535280e+001
9.979817e+002,5.484309e+001
9.984638e+002,5.441676e+001
9.989459e+002,5.408400e+001
9.994280e+002,5.386844e+001
9.999102e+002,5.380381e+001
1.000392e+003,5.392820e+001
1.000874e+003,5.427789e+001
1.001357e+003,5.488285e+001
1.001839e+003,5.576392e+001
1.002321e+003,5.693146e+001
1.002803e+003,5.838373e+001
1.003285e+003,6.010488e+001
1.003767e+003,6.206336e+001
1.004249e+003,6.421254e+001
1.004731e+003,6.649464e+001
1.005213e+003,6.884769e+001
1.005696e+003,7.121284e+001
1.006178e+003,7.354005e+001
1.006660e+003,7.578975e+001
1.007142e+003,7.793176e+001
1.007624e+003,7.994228e+001
1.008106e+003,8.180197e+001
1.008588e+003,8.349555e+001
1.009070e+003,8.501330e+001
1.009552e+003,8.635250e+001
1.010035e+003,8.751807e+001
1.010517e+003,8.852116e+001
1.010999e+003,8.937679e+001
1.011481e+003,9.010093e+001
1.011963e+003,9.070885e+001
1.012445e+003,9.121426e+001
1.012927e+003,9.162997e+001
1.013409e+003,9.196866e+001
1.013892e+003,9.224313e+001
1.014374e+003,9.246600e+001
1.014856e+003,9.264872e+001
1.015338e+003,9.280048e+001
1.015820e+003,9.292790e+001
1.016302e+003,9.303535e+001
1.016784e+003,9.312594e+001
1.017266e+003,9.320216e+001
1.017748e+003,9.326646e+001
1.018231e+003,9.332058e+001
1.018713e+003,9.336478e+001
1.019195e+003,9.339727e+001
1.019677e+003,9.341443e+001
1.020159e+003,9.341209e+001
1.020641e+003,9.338727e+001
1.021123e+003,9.333939e+001
1.021605e+003,9.327100e+001
1.022088e+003,9.318672e+001
1.022570e+003,9.309185e+001
1.023052e+003,9.299072e+001
1.023534e+003,9.288568e+001
1.024016e+003,9.277744e+001
1.024498e+003,9.266598e+001
1.024980e+003,9.255170e+001
1.025462e+003,9.243607e+001
1.025944e+003,9.232100e+001
1.026427e+003,9.220763e+001
1.026909e+003,9.209465e+001
1.027391e+003,9.197742e+001
1.027873e+003,9.184792e+001
1.028355e+003,9.169623e+001
1.028837e+003,9.151232e+001
1.029319e+003,9.128797e+001
1.029801e+003,9.101795e+001
1.030283e+003,9.070089e+001
1.030766e+003,9.033932e+001
1.031248e+003,8.994009e+001
1.031730e+003,8.951463e+001
1.032212e+003,8.907930e+001
1.032694e+003,8.865493e+001
1.033176e+003,8.826517e+001
1.033658e+003,8.793338e+001
1.034140e+003,8.767817e+001
1.034623e+003,8.750887e+001
1.035105e+003,8.742265e+001
1.035587e+003,8.740430e+001
1.036069e+003,8.743012e+001
1.036551e+003,8.747406e+001
1.037033e+003,8.751465e+001
1.037515e+003,8.754005e+001
1.037997e+003,8.755000e+001
1.038479e+003,8.755387e+001
1.038962e+003,8.756624e+001
1.039444e+003,8.760125e+001
1.039926e+003,8.766843e+001
1.040408e+003,8.777099e+001
1.040890e+003,8.790692e+001
1.041372e+003,8.807214e+001
1.041854e+003,8.826391e+001
1.042336e+003,8.848283e+001
1.042819e+003,8.873317e+001
1.043301e+003,8.902042e+001
1.043783e+003,8.934805e+001
1.044265e+003,8.971391e+001
1.044747e+003,9.010823e+001
1.045229e+003,9.051360e+001
1.045711e+003,9.090744e+001
1.046193e+003,9.126596e+001
1.046676e+003,9.156908e+001
1.047158e+003,9.180375e+001
1.047640e+003,9.196564e+001
1.048122e+003,9.205822e+001
1.048604e+003,9.208987e+001
1.049086e+003,9.207098e+001
1.049568e+003,9.201184e+001
1.050050e+003,9.192195e+001
1.050532e+003,9.181090e+001
1.051015e+003,9.168941e+001
1.051497e+003,9.156989e+001
1.051979e+003,9.146597e+001
1.052461e+003,9.139065e+001
1.052943e+003,9.135432e+001
1.053425e+003,9.136297e+001
1.053907e+003,9.141747e+001
1.054389e+003,9.151402e+001
1.054871e+003,9.164542e+001
1.055354e+003,9.180272e+001
1.055836e+003,9.197627e+001
1.056318e+003,9.215634e+001
1.056800e+003,9.233291e+001
1.057282e+003,9.249618e+001
1.057764e+003,9.263721e+001
1.058246e+003,9.274979e+001
1.058728e+003,9.283179e+001
1.059210e+003,9.288620e+001
1.059693e+003,9.292039e+001
1.060175e+003,9.294415e+001
1.060657e+003,9.296687e+001
1.061139e+003,9.299531e+001
1.061621e+003,9.303230e+001
1.062103e+003,9.307719e+001
1.062585e+003,9.312737e+001
1.063067e+003,9.318000e+001
1.063550e+003,9.323310e+001
1.064032e+003,9.328588e+001
1.064514e+003,9.333791e+001
1.064996e+003,9.338847e+001
1.065478e+003,9.343620e+001
1.065960e+003,9.347956e+001
1.066442e+003,9.351779e+001
1.066924e+003,9.355168e+001
1.067406e+003,9.358353e+001
1.067889e+003,9.361635e+001
1.068371e+003,9.365239e+001
1.068853e+003,9.369212e+001
1.069335e+003,9.373380e+001
1.069817e+003,9.377439e+001
1.070299e+003,9.381069e+001
1.070781e+003,9.384093e+001
1.071263e+003,9.386501e+001
1.071746e+003,9.388422e+001
1.072228e+003,9.390003e+001
1.072710e+003,9.391303e+001
1.073192e+003,9.392249e+001
1.073674e+003,9.392690e+001
1.074156e+003,9.392493e+001
1.074638e+003,9.391649e+001
1.075120e+003,9.390278e+001
1.075603e+003,9.388583e+001
1.076085e+003,9.386741e+001
1.076567e+003,9.384843e+001
1.077049e+003,9.382870e+001
1.077531e+003,9.380770e+001
1.078013e+003,9.378568e+001
1.078495e+003,9.376402e+001
1.078977e+003,9.374506e+001
1.079459e+003,9.373072e+001
1.079942e+003,9.372110e+001
1.080424e+003,9.371384e+001
1.080906e+003,9.370438e+001
1.081388e+003,9.368784e+001
1.081870e+003,9.366101e+001
1.082352e+003,9.362388e+001
1.082834e+003,9.357957e+001
1.083316e+003,9.353288e+001
1.083798e+003,9.348782e+001
1.084281e+003,9.344582e+001
1.084763e+003,9.340492e+001
1.085245e+003,9.336107e+001
1.085727e+003,9.330985e+001
1.086209e+003,9.324882e+001
1.086691e+003,9.317830e+001
1.087173e+003,9.310088e+001
1.087655e+003,9.301981e+001
1.088137e+003,9.293728e+001
1.088620e+003,9.285350e+001
1.089102e+003,9.276717e+001
1.089584e+003,9.267686e+001
1.090066e+003,9.258241e+001
1.090548e+003,9.248550e+001
1.091030e+003,9.238894e+001
1.091512e+003,9.229491e+001
1.091994e+003,9.220334e+001
1.092477e+003,9.211092e+001
1.092959e+003,9.201209e+001
1.093441e+003,9.190052e+001
1.093923e+003,9.177133e+001
1.094405e+003,9.162183e+001
1.094887e+003,9.145100e+001
1.095369e+003,9.125728e+001
1.095851e+003,9.103621e+001
1.096333e+003,9.077895e+001
1.096816e+003,9.047295e+001
1.097298e+003,9.010464e+001
1.097780e+003,8.966401e+001
1.098262e+003,8.914894e+001
1.098744e+003,8.856874e+001
1.099226e+003,8.794518e+001
1.099708e+003,8.731135e+001
1.100190e+003,8.670792e+001
1.100673e+003,8.617808e+001
1.101155e+003,8.576168e+001
1.101637e+003,8.549035e+001
1.102119e+003,8.538349e+001
1.102601e+003,8.544687e+001
1.103083e+003,8.567194e+001
1.103565e+003,8.603731e+001
1.104047e+003,8.651106e+001
1.104530e+003,8.705500e+001
1.105012e+003,8.762963e+001
1.105494e+003,8.819985e+001
1.105976e+003,8.873895e+001
1.106458e+003,8.923090e+001
1.106940e+003,8.967008e+001
1.107422e+003,9.005936e+001
1.107904e+003,9.040720e+001
1.108386e+003,9.072478e+001
1.108869e+003,9.102351e+001
1.109351e+003,9.131282e+001
1.109833e+003,9.159856e+001
1.110315e+003,9.188200e+001
1.110797e+003,9.215929e+001
1.111279e+003,9.242247e+001
1.111761e+003,9.266106e+001
1.112243e+003,9.286506e+001
1.112725e+003,9.302743e+001
1.113208e+003,9.314613e+001
1.113690e+003,9.322416e+001
1.114172e+003,9.326819e+001
1.114654e+003,9.328628e+001
1.115136e+003,9.328579e+001
1.115618e+003,9.327225e+001
1.116100e+003,9.324950e+001
1.116582e+003,9.322058e+001
1.117064e+003,9.318875e+001
1.117547e+003,9.315790e+001
1.118029e+003,9.313209e+001
1.118511e+003,9.311423e+001
1.118993e+003,9.310510e+001
1.119475e+003,9.310255e+001
1.119957e+003,9.310202e+001
1.120439e+003,9.309757e+001
1.120921e+003,9.308379e+001
1.121404e+003,9.305700e+001
1.121886e+003,9.301609e+001
1.122368e+003,9.296247e+001
1.122850e+003,9.289964e+001
1.123332e+003,9.283222e+001
1.123814e+003,9.276529e+001
1.124296e+003,9.270345e+001
1.124778e+003,9.265010e+001
1.125260e+003,9.260672e+001
1.125743e+003,9.257254e+001
1.126225e+003,9.254459e+001
1.126707e+003,9.251834e+001
1.127189e+003,9.248879e+001
1.127671e+003,9.245190e+001
1.128153e+003,9.240541e+001
1.128635e+003,9.234906e+001
1.129117e+003,9.228403e+001
1.129600e+003,9.221197e+001
1.130082e+003,9.213394e+001
1.130564e+003,9.205010e+001
1.131046e+003,9.195986e+001
1.131528e+003,9.186264e+001
1.132010e+003,9.175835e+001
1.132492e+003,9.164731e+001
1.132974e+003,9.152972e+001
1.133457e+003,9.140460e+001
1.133939e+003,9.126891e+001
1.134421e+003,9.111726e+001
1.134903e+003,9.094215e+001
1.135385e+003,9.073420e+001
1.135867e+003,9.048196e+001
1.136349e+003,9.017124e+001
1.136831e+003,8.978423e+001
1.137313e+003,8.929941e+001
1.137796e+003,8.869374e+001
1.138278e+003,8.794797e+001
1.138760e+003,8.705366e+001
1.139242e+003,8.602129e+001
1.139724e+003,8.488562e+001
1.140206e+003,8.370586e+001
1.140688e+003,8.255933e+001
1.141170e+003,8.152941e+001
1.141652e+003,8.069013e+001
1.142135e+003,8.009072e+001
1.142617e+003,7.974435e+001
1.143099e+003,7.962402e+001
1.143581e+003,7.966763e+001
1.144063e+003,7.979087e+001
1.144545e+003,7.990369e+001
1.145027e+003,7.992466e+001
1.145509e+003,7.978852e+001
1.145991e+003,7.944514e+001
1.146474e+003,7.885191e+001
1.146956e+003,7.796427e+001
1.147438e+003,7.673069e+001
1.147920e+003,7.509708e+001
1.148402e+003,7.302262e+001
1.148884e+003,7.050385e+001
1.149366e+003,6.759978e+001
1.149848e+003,6.444808e+001
1.150331e+003,6.126278e+001
1.150813e+003,5.830909e+001
1.151295e+003,5.585927e+001
1.151777e+003,5.414188e+001
1.152259e+003,5.329981e+001
1.152741e+003,5.336968e+001
1.153223e+003,5.428665e+001
1.153705e+003,5.591085e+001
1.154188e+003,5.806593e+001
1.154670e+003,6.057866e+001
1.155152e+003,6.330883e+001
1.155634e+003,6.616219e+001
1.156116e+003,6.908478e+001
1.156598e+003,7.204413e+001
1.157080e+003,7.500642e+001
1.157562e+003,7.792008e+001
1.158044e+003,8.071254e+001
1.158527e+003,8.330042e+001
1.159009e+003,8.560825e+001
1.159491e+003,8.758660e+001
1.159973e+003,8.922147e+001
1.160455e+003,9.053239e+001
1.160937e+003,9.156122e+001
1.161419e+003,9.235765e+001
1.161901e+003,9.296772e+001
1.162384e+003,9.342844e+001
1.162866e+003,9.376807e+001
1.163348e+003,9.400990e+001
1.163830e+003,9.417519e+001
1.164312e+003,9.428387e+001
1.164794e+003,9.435269e+001
1.165276e+003,9.439287e+001
1.165758e+003,9.440933e+001
1.166240e+003,9.440250e+001
1.166723e+003,9.437193e+001
1.167205e+003,9.431976e+001
1.167687e+003,9.425214e+001
1.168169e+003,9.417774e+001
1.168651e+003,9.410460e+001
1.169133e+003,9.403677e+001
1.169615e+003,9.397328e+001
1.170097e+003,9.390958e+001
1.170579e+003,9.384102e+001
1.171062e+003,9.376606e+001
1.171544e+003,9.368773e+001
1.172026e+003,9.361220e+001
1.172508e+003,9.354555e+001
1.172990e+003,9.349065e+001
1.173472e+003,9.344553e+001
1.173954e+003,9.340466e+001
1.174436e+003,9.336199e+001
1.174918e+003,9.331413e+001
1.175401e+003,9.326168e+001
1.175883e+003,9.320830e+001
1.176365e+003,9.315755e+001
1.176847e+003,9.311007e+001
1.177329e+003,9.306196e+001
1.177811e+003,9.300608e+001
1.178293e+003,9.293510e+001
1.178775e+003,9.284496e+001
1.179258e+003,9.273666e+001
1.179740e+003,9.261548e+001
1.180222e+003,9.248817e+001
1.180704e+003,9.235959e+001
1.181186e+003,9.223067e+001
1.181668e+003,9.209871e+001
1.182150e+003,9.195975e+001
1.182632e+003,9.181171e+001
1.183115e+003,9.165614e+001
1.183597e+003,9.149847e+001
1.184079e+003,9.134607e+001
1.184561e+003,9.120586e+001
1.185043e+003,9.108270e+001
1.185525e+003,9.097900e+001
1.186007e+003,9.089594e+001
1.186489e+003,9.083496e+001
1.186971e+003,9.079838e+001
1.187454e+003,9.078885e+001
1.187936e+003,9.080769e+001
1.188418e+003,9.085318e+001
1.188900e+003,9.092002e+001
1.189382e+003,9.100069e+001
1.189864e+003,9.108775e+001
1.190346e+003,9.117649e+001
1.190828e+003,9.126596e+001
1.191311e+003,9.135808e+001
1.191793e+003,9.145536e+001
1.192275e+003,9.155825e+001
1.192757e+003,9.166392e+001
1.193239e+003,9.176700e+001
1.193721e+003,9.186178e+001
1.194203e+003,9.194498e+001
1.194685e+003,9.201689e+001
1.195167e+003,9.208096e+001
1.195650e+003,9.214156e+001
1.196132e+003,9.220146e+001
1.196614e+003,9.226060e+001
1.197096e+003,9.231640e+001
1.197578e+003,9.236558e+001
1.198060e+003,9.240650e+001
1.198542e+003,9.244003e+001
1.199024e+003,9.246906e+001
1.199506e+003,9.249645e+001
1.199989e+003,9.252306e+001
1.200471e+003,9.254678e+001
1.200953e+003,9.256333e+001
1.201435e+003,9.256853e+001
1.201917e+003,9.256047e+001
1.202399e+003,9.254053e+001
1.202881e+003,9.251257e+001
1.203363e+003,9.248090e+001
1.203845e+003,9.244803e+001
1.204328e+003,9.241366e+001
1.204810e+003,9.237543e+001
1.205292e+003,9.233088e+001
1.205774e+003,9.227950e+001
1.206256e+003,9.222353e+001
1.206738e+003,9.216721e+001
1.207220e+003,9.211438e+001
1.207702e+003,9.206667e+001
1.208185e+003,9.202239e+001
1.208667e+003,9.197743e+001
1.209149e+003,9.192747e+001
1.209631e+003,9.187014e+001
1.210113e+003,9.180609e+001
1.210595e+003,9.173824e+001
1.211077e+003,9.166985e+001
1.211559e+003,9.160255e+001
1.212042e+003,9.153551e+001
1.212524e+003,9.146621e+001
1.213006e+003,9.139225e+001
1.213488e+003,9.131332e+001
1.213970e+003,9.123147e+001
1.214452e+003,9.115005e+001
1.214934e+003,9.107147e+001
1.215416e+003,9.099529e+001
1.215898e+003,9.091774e+001
1.216381e+003,9.083319e+001
1.216863e+003,9.073686e+001
1.217345e+003,9.062731e+001
1.217827e+003,9.050741e+001
1.218309e+003,9.038306e+001
1.218791e+003,9.026054e+001
1.219273e+003,9.014371e+001
1.219755e+003,9.003260e+001
1.220238e+003,8.992404e+001
1.220720e+003,8.981393e+001
1.221202e+003,8.969969e+001
1.221684e+003,8.958164e+001
1.222166e+003,8.946252e+001
1.222648e+003,8.934546e+001
1.223130e+003,8.923171e+001
1.223612e+003,8.911948e+001
1.224094e+003,8.900443e+001
1.224577e+003,8.888157e+001
1.225059e+003,8.874762e+001
1.225541e+003,8.860208e+001
1.226023e+003,8.844685e+001
1.226505e+003,8.828435e+001
1.226987e+003,8.811549e+001
1.227469e+003,8.793861e+001
1.227951e+003,8.774992e+001
1.228434e+003,8.754492e+001
1.228916e+003,8.732009e+001
1.229398e+003,8.707347e+001
1.229880e+003,8.680376e+001
1.230362e+003,8.650841e+001
1.230844e+003,8.618170e+001
1.231326e+003,8.581370e+001
1.231808e+003,8.539064e+001
1.232291e+003,8.489632e+001
1.232773e+003,8.431412e+001
1.233255e+003,8.362863e+001
1.233737e+003,8.282835e+001
1.234219e+003,8.190914e+001
1.234701e+003,8.088013e+001
1.235183e+003,7.977032e+001
1.235665e+003,7.863449e+001
1.236147e+003,7.755432e+001
1.236630e+003,7.663213e+001
1.237112e+003,7.597676e+001
1.237594e+003,7.568346e+001
1.238076e+003,7.581269e+001
1.238558e+003,7.637336e+001
1.239040e+003,7.731635e+001
1.239522e+003,7.854124e+001
1.240004e+003,7.991613e+001
1.240486e+003,8.130458e+001
1.240969e+003,8.259122e+001
1.241451e+003,8.369859e+001
1.241933e+003,8.459140e+001
1.242415e+003,8.526984e+001
1.242897e+003,8.575700e+001
1.243379e+003,8.608569e+001
1.243861e+003,8.628933e+001
1.244343e+003,8.639724e+001
1.244825e+003,8.643406e+001
1.245308e+003,8.642051e+001
1.245790e+003,8.637376e+001
1.246272e+003,8.630669e+001
1.246754e+003,8.622668e+001
1.247236e+003,8.613541e+001
1.247718e+003,8.603037e+001
1.248200e+003,8.590793e+001
1.248682e+003,8.576627e+001
1.249165e+003,8.560708e+001
1.249647e+003,8.543488e+001
1.250129e+003,8.525462e+001
1.250611e+003,8.506901e+001
1.251093e+003,8.487717e+001
1.251575e+003,8.467555e+001
1.252057e+003,8.446039e+001
1.252539e+003,8.423052e+001
1.253021e+003,8.398874e+001
1.253504e+003,8.374074e+001
1.253986e+003,8.349252e+001
1.254468e+003,8.324734e+001
1.254950e+003,8.300424e+001
1.255432e+003,8.275911e+001
1.255914e+003,8.250764e+001
1.256396e+003,8.224878e+001
1.256878e+003,8.198659e+001
1.257361e+003,8.172952e+001
1.257843e+003,8.148711e+001
1.258325e+003,8.126608e+001
1.258807e+003,8.106757e+001
1.259289e+003,8.088728e+001
1.259771e+003,8.071828e+001
1.260253e+003,8.055498e+001
1.260735e+003,8.039605e+001
1.261218e+003,8.024424e+001
1.261700e+003,8.010381e+001
1.262182e+003,7.997639e+001
1.262664e+003,7.985857e+001
1.263146e+003,7.974203e+001
1.263628e+003,7.961672e+001
1.264110e+003,7.947491e+001
1.264592e+003,7.931413e+001
1.265074e+003,7.913713e+001
1.265557e+003,7.894925e+001
1.266039e+003,7.875446e+001
1.266521e+003,7.855278e+001
1.267003e+003,7.833978e+001
1.267485e+003,7.810901e+001
1.267967e+003,7.785497e+001
1.268449e+003,7.757535e+001
1.268931e+003,7.727066e+001
1.269413e+003,7.694164e+001
1.269896e+003,7.658586e+001
1.270378e+003,7.619533e+001
1.270860e+003,7.575677e+001
1.271342e+003,7.525429e+001
1.271824e+003,7.467268e+001
1.272306e+003,7.399925e+001
1.272788e+003,7.322243e+001
1.273270e+003,7.232821e+001
1.273752e+003,7.129633e+001
1.274235e+003,7.009990e+001
1.274717e+003,6.871046e+001
1.275199e+003,6.710901e+001
1.275681e+003,6.529935e+001
1.276163e+003,6.331980e+001
1.276645e+003,6.124745e+001
1.277127e+003,5.919223e+001
1.277609e+003,5.728082e+001
1.278092e+003,5.563451e+001
1.278574e+003,5.434778e+001
1.279056e+003,5.347487e+001
1.279538e+003,5.302750e+001
1.280020e+003,5.298291e+001
1.280502e+003,5.329706e+001
1.280984e+003,5.391681e+001
1.281466e+003,5.478780e+001
1.281948e+003,5.585706e+001
1.282431e+003,5.707275e+001
1.282913e+003,5.838430e+001
1.283395e+003,5.974432e+001
1.283877e+003,6.111295e+001
1.284359e+003,6.246247e+001
1.284841e+003,6.378021e+001
1.285323e+003,6.506820e+001
1.285805e+003,6.633904e+001
1.286288e+003,6.760915e+001
1.286770e+003,6.889114e+001
1.287252e+003,7.018765e+001
1.287734e+003,7.148831e+001
1.288216e+003,7.276991e+001
1.288698e+003,7.400022e+001
1.289180e+003,7.514344e+001
1.289662e+003,7.616654e+001
1.290145e+003,7.704438e+001
1.290627e+003,7.776278e+001
1.291109e+003,7.831897e+001
1.291591e+003,7.872030e+001
1.292073e+003,7.898154e+001
1.292555e+003,7.912241e+001
1.293037e+003,7.916487e+001
1.293519e+003,7.913114e+001
1.294001e+003,7.904163e+001
1.294484e+003,7.891344e+001
1.294966e+003,7.875903e+001
1.295448e+003,7.858616e+001
1.295930e+003,7.839828e+001
1.296412e+003,7.819611e+001
1.296894e+003,7.797906e+001
1.297376e+003,7.774701e+001
1.297858e+003,7.750108e+001
1.298340e+003,7.724364e+001
1.298823e+003,7.697778e+001
1.299305e+003,7.670634e+001
1.299787e+003,7.643108e+001
1.300269e+003,7.615264e+001
1.300751e+003,7.587074e+001
1.301233e+003,7.558495e+001
1.301715e+003,7.529537e+001
1.302197e+003,7.500301e+001
1.302679e+003,7.470941e+001
1.303162e+003,7.441614e+001
1.303644e+003,7.412370e+001
1.304126e+003,7.383115e+001
1.304608e+003,7.353584e+001
1.305090e+003,7.323429e+001
1.305572e+003,7.292314e+001
1.306054e+003,7.260045e+001
1.306536e+003,7.226617e+001
1.307019e+003,7.192235e+001
1.307501e+003,7.157217e+001
1.307983e+003,7.121889e+001
1.308465e+003,7.086475e+001
1.308947e+003,7.051041e+001
1.309429e+003,7.015519e+001
1.309911e+003,6.979772e+001
1.310393e+003,6.943674e+001
1.310875e+003,6.907159e+001
1.311358e+003,6.870215e+001
1.311840e+003,6.832796e+001
1.312322e+003,6.794752e+001
1.312804e+003,6.755775e+001
1.313286e+003,6.715416e+001
1.313768e+003,6.673169e+001
1.314250e+003,6.628583e+001
1.314732e+003,6.581343e+001
1.315215e+003,6.531272e+001
1.315697e+003,6.478259e+001
1.316179e+003,6.422134e+001
1.316661e+003,6.362551e+001
1.317143e+003,6.298936e+001
1.317625e+003,6.230506e+001
1.318107e+003,6.156394e+001
1.318589e+003,6.075846e+001
1.319072e+003,5.988427e+001
1.319554e+003,5.894190e+001
1.320036e+003,5.793765e+001
1.320518e+003,5.688359e+001
1.321000e+003,5.579655e+001
1.321482e+003,5.469667e+001
1.321964e+003,5.360530e+001
1.322446e+003,5.254273e+001
1.322928e+003,5.152516e+001
1.323411e+003,5.056152e+001
1.323893e+003,4.965057e+001
1.324375e+003,4.877986e+001
1.324857e+003,4.792713e+001
1.325339e+003,4.706422e+001
1.325821e+003,4.616202e+001
1.326303e+003,4.519450e+001
1.326785e+003,4.414052e+001
1.327267e+003,4.298331e+001
1.327750e+003,4.170847e+001
1.328232e+003,4.030270e+001
1.328714e+003,3.875406e+001
1.329196e+003,3.705436e+001
1.329678e+003,3.520280e+001
1.330160e+003,3.320921e+001
1.330642e+003,3.109514e+001
1.331124e+003,2.889253e+001
1.331606e+003,2.664021e+001
1.332089e+003,2.438075e+001
1.332571e+003,2.215965e+001
1.333053e+003,2.002808e+001
1.333535e+003,1.804755e+001
1.334017e+003,1.629266e+001
1.334499e+003,1.484765e+001
1.334981e+003,1.379480e+001
1.335463e+003,1.319758e+001
1.335946e+003,1.308549e+001
1.336428e+003,1.344873e+001
1.336910e+003,1.424707e+001
1.337392e+003,1.542907e+001
1.337874e+003,1.695199e+001
1.338356e+003,1.879108e+001
1.338838e+003,2.093276e+001
1.339320e+003,2.335543e+001
1.339802e+003,2.601102e+001
1.340285e+003,2.882123e+001
1.340767e+003,3.169360e+001
1.341249e+003,3.454837e+001
1.341731e+003,3.734095e+001
1.342213e+003,4.006915e+001
1.342695e+003,4.276452e+001
1.343177e+003,4.547359e+001
1.343659e+003,4.823700e+001
1.344142e+003,5.107343e+001
1.344624e+003,5.397269e+001
1.345106e+003,5.689861e+001
1.345588e+003,5.979842e+001
1.346070e+003,6.261358e+001
1.346552e+003,6.528839e+001
1.347034e+003,6.777538e+001
1.347516e+003,7.003908e+001
1.347999e+003,7.205893e+001
1.348481e+003,7.383122e+001
1.348963e+003,7.536812e+001
1.349445e+003,7.669275e+001
1.349927e+003,7.783134e+001
1.350409e+003,7.880560e+001
1.350891e+003,7.962810e+001
1.351373e+003,8.030311e+001
1.351855e+003,8.083168e+001
1.352338e+003,8.121812e+001
1.352820e+003,8.147417e+001
1.353302e+003,8.161894e+001
1.353784e+003,8.167492e+001
1.354266e+003,8.166176e+001
1.354748e+003,8.159193e+001
1.355230e+003,8.146976e+001
1.355712e+003,8.129453e+001
1.356194e+003,8.106544e+001
1.356677e+003,8.078570e+001
1.357159e+003,8.046334e+001
1.357641e+003,8.010861e+001
1.358123e+003,7.972999e+001
1.358605e+003,7.933079e+001
1.359087e+003,7.890862e+001
1.359569e+003,7.845787e+001
1.360051e+003,7.797418e+001
1.360533e+003,7.745866e+001
1.361016e+003,7.691990e+001
1.361498e+003,7.637258e+001
1.361980e+003,7.583293e+001
1.362462e+003,7.531282e+001
1.362944e+003,7.481575e+001
1.363426e+003,7.433713e+001
1.363908e+003,7.386867e+001
1.364390e+003,7.340376e+001
1.364873e+003,7.294049e+001
1.365355e+003,7.248090e+001
1.365837e+003,7.202808e+001
1.366319e+003,7.158324e+001
1.366801e+003,7.114436e+001
1.367283e+003,7.070729e+001
1.367765e+003,7.026886e+001
1.368247e+003,6.983039e+001
1.368729e+003,6.939886e+001
1.369212e+003,6.898497e+001
1.369694e+003,6.859848e+001
1.370176e+003,6.824409e+001
1.370658e+003,6.791988e+001
1.371140e+003,6.761961e+001
1.371622e+003,6.733752e+001
1.372104e+003,6.707320e+001
1.372586e+003,6.683433e+001
1.373069e+003,6.663471e+001
1.373551e+003,6.648779e+001
1.374033e+003,6.639797e+001
1.374515e+003,6.635526e+001
1.374997e+003,6.633768e+001
1.375479e+003,6.632065e+001
1.375961e+003,6.628712e+001
1.376443e+003,6.623251e+001
1.376926e+003,6.616251e+001
1.377408e+003,6.608678e+001
1.377890e+003,6.601168e+001
1.378372e+003,6.593597e+001
1.378854e+003,6.585098e+001
1.379336e+003,6.574544e+001
1.379818e+003,6.561184e+001
1.380300e+003,6.545041e+001
1.380782e+003,6.526826e+001
1.381265e+003,6.507473e+001
1.381747e+003,6.487489e+001
1.382229e+003,6.466578e+001
1.382711e+003,6.443732e+001
1.383193e+003,6.417760e+001
1.383675e+003,6.387996e+001
1.384157e+003,6.354775e+001
1.384639e+003,6.319450e+001
1.385121e+003,6.283968e+001
1.385604e+003,6.250193e+001
1.386086e+003,6.219224e+001
1.386568e+003,6.190999e+001
1.387050e+003,6.164446e+001
1.387532e+003,6.138154e+001
1.388014e+003,6.111187e+001
1.388496e+003,6.083444e+001
1.388978e+003,6.055394e+001
1.389460e+003,6.027462e+001
1.389943e+003,5.999534e+001
1.390425e+003,5.970867e+001
1.390907e+003,5.940409e+001
1.391389e+003,5.907314e+001
1.391871e+003,5.871418e+001
1.392353e+003,5.833406e+001
1.392835e+003,5.794633e+001
1.393317e+003,5.756561e+001
1.393800e+003,5.720093e+001
1.394282e+003,5.685078e+001
1.394764e+003,5.650431e+001
1.395246e+003,5.614865e+001
1.395728e+003,5.577755e+001
1.396210e+003,5.539534e+001
1.396692e+003,5.501378e+001
1.397174e+003,5.464500e+001
1.397656e+003,5.429488e+001
1.398139e+003,5.395938e+001
1.398621e+003,5.362609e+001
1.399103e+003,5.328020e+001
1.399585e+003,5.291207e+001
1.400067e+003,5.252115e+001
1.400549e+003,5.211331e+001
1.401031e+003,5.169389e+001
1.401513e+003,5.126185e+001
1.401996e+003,5.080793e+001
1.402478e+003,5.031773e+001
1.402960e+003,4.977773e+001
1.403442e+003,4.918205e+001
1.403924e+003,4.853611e+001
1.404406e+003,4.785448e+001
1.404888e+003,4.715247e+001
1.405370e+003,4.643629e+001
1.405853e+003,4.569809e+001
1.406335e+003,4.491931e+001
1.406817e+003,4.407968e+001
1.407299e+003,4.316575e+001
1.407781e+003,4.217423e+001
1.408263e+003,4.110926e+001
1.408745e+003,3.997575e+001
1.409227e+003,3.877297e+001
1.409709e+003,3.749260e+001
1.410192e+003,3.612269e+001
1.410674e+003,3.465639e+001
1.411156e+003,3.310032e+001
1.411638e+003,3.147746e+001
1.412120e+003,2.982251e+001
1.412602e+003,2.817187e+001
1.413084e+003,2.655376e+001
1.413566e+003,2.498334e+001
1.414048e+003,2.346465e+001
1.414531e+003,2.199736e+001
1.415013e+003,2.058373e+001
1.415495e+003,1.923119e+001
1.415977e+003,1.794898e+001
1.416459e+003,1.674056e+001
1.416941e+003,1.559648e+001
1.417423e+003,1.449382e+001
1.417905e+003,1.340747e+001
1.418387e+003,1.233342e+001
1.418870e+003,1.131107e+001
1.419352e+003,1.042153e+001
1.419834e+003,9.753579e+000
1.420316e+003,9.362311e+000
1.420798e+003,9.254365e+000
1.421280e+003,9.404061e+000
1.421762e+003,9.780675e+000
1.422244e+003,1.036874e+001
1.422727e+003,1.117423e+001
1.423209e+003,1.221526e+001
1.423691e+003,1.350038e+001
1.424173e+003,1.500501e+001
1.424655e+003,1.666368e+001
1.425137e+003,1.838785e+001
1.425619e+003,2.009936e+001
1.426101e+003,2.175763e+001
1.426583e+003,2.336754e+001
1.427066e+003,2.496945e+001
1.427548e+003,2.661974e+001
1.428030e+003,2.836945e+001
1.428512e+003,3.024820e+001
1.428994e+003,3.226007e+001
1.429476e+003,3.439407e+001
1.429958e+003,3.664178e+001
1.430440e+003,3.900867e+001
1.430923e+003,4.150879e+001
1.431405e+003,4.414672e+001
1.431887e+003,4.690055e+001
1.432369e+003,4.971994e+001
1.432851e+003,5.254251e+001
1.433333e+003,5.531919e+001
1.433815e+003,5.803525e+001
1.434297e+003,6.071728e+001
1.434780e+003,6.342111e+001
1.435262e+003,6.619842e+001
1.435744e+003,6.904674e+001
1.436226e+003,7.186893e+001
1.436708e+003,7.448779e+001
1.437190e+003,7.673009e+001
1.437672e+003,7.851585e+001
1.438154e+003,7.987658e+001
1.438636e+003,8.090652e+001
1.439119e+003,8.170473e+001
1.439601e+003,8.234301e+001
1.440083e+003,8.286031e+001
1.440565e+003,8.327095e+001
1.441047e+003,8.357780e+001
1.441529e+003,8.378319e+001
1.442011e+003,8.389408e+001
1.442493e+003,8.392109e+001
1.442976e+003,8.387405e+001
1.443458e+003,8.375856e+001
1.443940e+003,8.357635e+001
1.444422e+003,8.332874e+001
1.444904e+003,8.301994e+001
1.445386e+003,8.265723e+001
1.445868e+003,8.224708e+001
1.446350e+003,8.178903e+001
1.446833e+003,8.127104e+001
1.447314e+003,8.066997e+001
1.447797e+003,7.995837e+001
1.448279e+003,7.911331e+001
1.448761e+003,7.812017e+001
1.449243e+003,7.696749e+001
1.449725e+003,7.563717e+001
1.450207e+003,7.409888e+001
1.450689e+003,7.231468e+001
1.451171e+003,7.025424e+001
1.451654e+003,6.791423e+001
1.452136e+003,6.533016e+001
1.452618e+003,6.256977e+001
1.453100e+003,5.970712e+001
1.453582e+003,5.679003e+001
1.454064e+003,5.381588e+001
1.454546e+003,5.072429e+001
1.455028e+003,4.740860e+001
1.455510e+003,4.375116e+001
1.455993e+003,3.969189e+001
1.456475e+003,3.531779e+001
1.456957e+003,3.089852e+001
1.457439e+003,2.678188e+001
1.457921e+003,2.321074e+001
1.458403e+003,2.024288e+001
1.458885e+003,1.781702e+001
1.459367e+003,1.584932e+001
1.459850e+003,1.427833e+001
1.460332e+003,1.306478e+001
1.460814e+003,1.217944e+001
1.461296e+003,1.160037e+001
1.461778e+003,1.132341e+001
1.462260e+003,1.137953e+001
1.462742e+003,1.184680e+001
1.463224e+003,1.284242e+001
1.463707e+003,1.448275e+001
1.464189e+003,1.681611e+001
1.464671e+003,1.976552e+001
1.465153e+003,2.313464e+001
1.465635e+003,2.668742e+001
1.466117e+003,3.024240e+001
1.466599e+003,3.371334e+001
1.467081e+003,3.708617e+001
1.467563e+003,4.037012e+001
1.468046e+003,4.356066e+001
1.468528e+003,4.662968e+001
1.469010e+003,4.953889e+001
1.469492e+003,5.226337e+001
1.469974e+003,5.481059e+001
1.470456e+003,5.722395e+001
1.470938e+003,5.956466e+001
1.471420e+003,6.187245e+001
1.471903e+003,6.412132e+001
1.472385e+003,6.620760e+001
1.472867e+003,6.800057e+001
1.473349e+003,6.942756e+001
1.473831e+003,7.052037e+001
1.474313e+003,7.139180e+001
1.474795e+003,7.217656e+001
1.475277e+003,7.298051e+001
1.475760e+003,7.385464e+001
1.476241e+003,7.479295e+001
1.476724e+003,7.575091e+001
1.477206e+003,7.667563e+001
1.477688e+003,7.753322e+001
1.478170e+003,7.831998e+001
1.478652e+003,7.905577e+001
1.479134e+003,7.976757e+001
1.479616e+003,8.047411e+001
1.480098e+003,8.117767e+001
1.480581e+003,8.186563e+001
1.481063e+003,8.251968e+001
1.481545e+003,8.312756e+001
1.482027e+003,8.368963e+001
1.482509e+003,8.421672e+001
1.482991e+003,8.472124e+001
1.483473e+003,8.520866e+001
1.483955e+003,8.567438e+001
1.484438e+003,8.610670e+001
1.484920e+003,8.649384e+001
1.485402e+003,8.683089e+001
1.485884e+003,8.712298e+001
1.486366e+003,8.738306e+001
1.486848e+003,8.762477e+001
1.487330e+003,8.785484e+001
1.487812e+003,8.806950e+001
1.488294e+003,8.825768e+001
1.488777e+003,8.840918e+001
1.489259e+003,8.852269e+001
1.489741e+003,8.860789e+001
1.490223e+003,8.867883e+001
1.490705e+003,8.874317e+001
1.491187e+003,8.879617e+001
1.491669e+003,8.882364e+001
1.492151e+003,8.881012e+001
1.492634e+003,8.874590e+001
1.493116e+003,8.862935e+001
1.493598e+003,8.846540e+001
1.494080e+003,8.826184e+001
1.494562e+003,8.802517e+001
1.495044e+003,8.775768e+001
1.495526e+003,8.745755e+001
1.496008e+003,8.712360e+001
1.496490e+003,8.676244e+001
1.496973e+003,8.639304e+001
1.497455e+003,8.604370e+001
1.497937e+003,8.574265e+001
1.498419e+003,8.550842e+001
1.498901e+003,8.534566e+001
1.499383e+003,8.524697e+001
1.499865e+003,8.519849e+001
1.500347e+003,8.518602e+001
1.500830e+003,8.519885e+001
1.501312e+003,8.523032e+001
1.501794e+003,8.527559e+001
1.502276e+003,8.532857e+001
1.502758e+003,8.538002e+001
1.503240e+003,8.541733e+001
1.503722e+003,8.542668e+001
1.504204e+003,8.539708e+001
1.504687e+003,8.532659e+001
1.505168e+003,8.523032e+001
1.505651e+003,8.514691e+001
1.506133e+003,8.513154e+001
1.506615e+003,8.522496e+001
1.507097e+003,8.541662e+001
1.507579e+003,8.564885e+001
1.508061e+003,8.586123e+001
1.508543e+003,8.602242e+001
1.509025e+003,8.612825e+001
1.509508e+003,8.618664e+001
1.509990e+003,8.620614e+001
1.510472e+003,8.619127e+001
1.510954e+003,8.614299e+001
1.511436e+003,8.606168e+001
1.511918e+003,8.595016e+001
1.512400e+003,8.581467e+001
1.512882e+003,8.566344e+001
1.513365e+003,8.550328e+001
1.513847e+003,8.533753e+001
1.514329e+003,8.516651e+001
1.514811e+003,8.499039e+001
1.515293e+003,8.481391e+001
1.515775e+003,8.464944e+001
1.516257e+003,8.451540e+001
1.516739e+003,8.442820e+001
1.517221e+003,8.439185e+001
1.517704e+003,8.439410e+001
1.518186e+003,8.441234e+001
1.518668e+003,8.442429e+001
1.519150e+003,8.441726e+001
1.519632e+003,8.439337e+001
1.520114e+003,8.437076e+001
1.520596e+003,8.437907e+001
1.521078e+003,8.444540e+001
1.521561e+003,8.457569e+001
1.522043e+003,8.474801e+001
1.522525e+003,8.492752e+001
1.523007e+003,8.508897e+001
1.523489e+003,8.522629e+001
1.523971e+003,8.534797e+001
1.524453e+003,8.546670e+001
1.524935e+003,8.558997e+001
1.525417e+003,8.571449e+001
1.525900e+003,8.582645e+001
1.526382e+003,8.590854e+001
1.526864e+003,8.594989e+001
1.527346e+003,8.595209e+001
1.527828e+003,8.592716e+001
1.528310e+003,8.588946e+001
1.528792e+003,8.584718e+001
1.529274e+003,8.579808e+001
1.529757e+003,8.573096e+001
1.530239e+003,8.563092e+001
1.530721e+003,8.548542e+001
1.531203e+003,8.528852e+001
1.531685e+003,8.504223e+001
1.532167e+003,8.475517e+001
1.532649e+003,8.443931e+001
1.533131e+003,8.410461e+001
1.533614e+003,8.375423e+001
1.534095e+003,8.338352e+001
1.534578e+003,8.298377e+001
1.535060e+003,8.254607e+001
1.535542e+003,8.206143e+001
1.536024e+003,8.151644e+001
1.536506e+003,8.088717e+001
1.536988e+003,8.013132e+001
1.537470e+003,7.917997e+001
1.537952e+003,7.793166e+001
1.538435e+003,7.625932e+001
1.538917e+003,7.404633e+001
1.539399e+003,7.125976e+001
1.539881e+003,6.802162e+001
1.540363e+003,6.459526e+001
1.540845e+003,6.126978e+001
1.541327e+003,5.825474e+001
1.541809e+003,5.567892e+001
1.542292e+003,5.366003e+001
1.542774e+003,5.236559e+001
1.543256e+003,5.202216e+001
1.543738e+003,5.286158e+001
1.544220e+003,5.501413e+001
1.544702e+003,5.839505e+001
1.545184e+003,6.266487e+001
1.545666e+003,6.731577e+001
1.546148e+003,7.184084e+001
1.546631e+003,7.587817e+001
1.547113e+003,7.925978e+001
1.547595e+003,8.197677e+001
1.548077e+003,8.411153e+001
1.548559e+003,8.577453e+001
1.549041e+003,8.706249e+001
1.549523e+003,8.804115e+001
1.550005e+003,8.875134e+001
1.550488e+003,8.922778e+001
1.550970e+003,8.951475e+001
1.551452e+003,8.966864e+001
1.551934e+003,8.974995e+001
1.552416e+003,8.981134e+001
1.552898e+003,8.988747e+001
1.553380e+003,8.998826e+001
1.553862e+003,9.010015e+001
1.554344e+003,9.019702e+001
1.554827e+003,9.025729e+001
1.555309e+003,9.027665e+001
1.555791e+003,9.026974e+001
1.556273e+003,9.026324e+001
1.556755e+003,9.028783e+001
1.557237e+003,9.037267e+001
1.557719e+003,9.054035e+001
1.558201e+003,9.079636e+001
1.558684e+003,9.111356e+001
1.559166e+003,9.143498e+001
1.559648e+003,9.171139e+001
1.560130e+003,9.192857e+001
1.560612e+003,9.209412e+001
1.561094e+003,9.221548e+001
1.561576e+003,9.229453e+001
1.562058e+003,9.233098e+001
1.562541e+003,9.232708e+001
1.563022e+003,9.229009e+001
1.563505e+003,9.223202e+001
1.563987e+003,9.216609e+001
1.564469e+003,9.210114e+001
1.564951e+003,9.203661e+001
1.565433e+003,9.196278e+001
1.565915e+003,9.186591e+001
1.566397e+003,9.173542e+001
1.566879e+003,9.156825e+001
1.567362e+003,9.136961e+001
1.567844e+003,9.115105e+001
1.568326e+003,9.092770e+001
1.568808e+003,9.071442e+001
1.569290e+003,9.052210e+001
1.569772e+003,9.035483e+001
1.570254e+003,9.021010e+001
1.570736e+003,9.008141e+001
1.571219e+003,8.996100e+001
1.571701e+003,8.984022e+001
1.572183e+003,8.970854e+001
1.572665e+003,8.955246e+001
1.573147e+003,8.935565e+001
1.573629e+003,8.910065e+001
1.574111e+003,8.877235e+001
1.574593e+003,8.836366e+001
1.575075e+003,8.788226e+001
1.575558e+003,8.735429e+001
1.576040e+003,8.681731e+001
1.576522e+003,8.630206e+001
1.577004e+003,8.581586e+001
1.577486e+003,8.534313e+001
1.577968e+003,8.485938e+001
1.578450e+003,8.434435e+001
1.578932e+003,8.378725e+001
1.579415e+003,8.318610e+001
1.579897e+003,8.254497e+001
1.580379e+003,8.187121e+001
1.580861e+003,8.117305e+001
1.581343e+003,8.045776e+001
1.581825e+003,7.973071e+001
1.582307e+003,7.899572e+001
1.582789e+003,7.825605e+001
1.583271e+003,7.751517e+001
1.583754e+003,7.677673e+001
1.584236e+003,7.604341e+001
1.584718e+003,7.531535e+001
1.585200e+003,7.458988e+001
1.585682e+003,7.386293e+001
1.586164e+003,7.313187e+001
1.586646e+003,7.239869e+001
1.587128e+003,7.167104e+001
1.587611e+003,7.096090e+001
1.588093e+003,7.028043e+001
1.588575e+003,6.963720e+001
1.589057e+003,6.903061e+001
1.589539e+003,6.845194e+001
1.590021e+003,6.788786e+001
1.590503e+003,6.732549e+001
1.590985e+003,6.675564e+001
1.591468e+003,6.617273e+001
1.591949e+003,6.557104e+001
1.592432e+003,6.494014e+001
1.592914e+003,6.426221e+001
1.593396e+003,6.351321e+001
1.593878e+003,6.266792e+001
1.594360e+003,6.170619e+001
1.594842e+003,6.061700e+001
1.595324e+003,5.939835e+001
1.595806e+003,5.805288e+001
1.596289e+003,5.658234e+001
1.596771e+003,5.498446e+001
1.597253e+003,5.325534e+001
1.597735e+003,5.139710e+001
1.598217e+003,4.942781e+001
1.598699e+003,4.738904e+001
1.599181e+003,4.534634e+001
1.599663e+003,4.338116e+001
1.600146e+003,4.157586e+001
1.600628e+003,3.999784e+001
1.601110e+003,3.869094e+001
1.601592e+003,3.767823e+001
1.602074e+003,3.697427e+001
1.602556e+003,3.659861e+001
1.603038e+003,3.658190e+001
1.603520e+003,3.696135e+001
1.604002e+003,3.776968e+001
1.604485e+003,3.902584e+001
1.604967e+003,4.073390e+001
1.605449e+003,4.288947e+001
1.605931e+003,4.548621e+001
1.606413e+003,4.851392e+001
1.606895e+003,5.194519e+001
1.607377e+003,5.571662e+001
1.607859e+003,5.971730e+001
1.608342e+003,6.379598e+001
1.608824e+003,6.778748e+001
1.609306e+003,7.154585e+001
1.609788e+003,7.496766e+001
1.610270e+003,7.799706e+001
1.610752e+003,8.061656e+001
1.611234e+003,8.283351e+001
1.611716e+003,8.467071e+001
1.612198e+003,8.616260e+001
1.612681e+003,8.735460e+001
1.613163e+003,8.830148e+001
1.613645e+003,8.906358e+001
1.614127e+003,8.970181e+001
1.614609e+003,9.027213e+001
1.615091e+003,9.081946e+001
1.615573e+003,9.137027e+001
1.616055e+003,9.192590e+001
1.616538e+003,9.246387e+001
1.617020e+003,9.295243e+001
1.617502e+003,9.337030e+001
1.617984e+003,9.371587e+001
1.618466e+003,9.400105e+001
1.618948e+003,9.424028e+001
1.619430e+003,9.444418e+001
1.619912e+003,9.461881e+001
1.620395e+003,9.476849e+001
1.620876e+003,9.489909e+001
1.621359e+003,9.502007e+001
1.621841e+003,9.514355e+001
1.622323e+003,9.528018e+001
1.622805e+003,9.543257e+001
1.623287e+003,9.559158e+001
1.623769e+003,9.573907e+001
1.624251e+003,9.585716e+001
1.624733e+003,9.593646e+001
1.625216e+003,9.597861e+001
1.625698e+003,9.599332e+001
1.626180e+003,9.599374e+001
1.626662e+003,9.599221e+001
1.627144e+003,9.599735e+001
1.627626e+003,9.601265e+001
1.628108e+003,9.603701e+001
1.628590e+003,9.606629e+001
1.629073e+003,9.609566e+001
1.629555e+003,9.612100e+001
1.630037e+003,9.613869e+001
1.630519e+003,9.614499e+001
1.631001e+003,9.613549e+001
1.631483e+003,9.610546e+001
1.631965e+003,9.605099e+001
1.632447e+003,9.597016e+001
1.632929e+003,9.586434e+001
1.633412e+003,9.573925e+001
1.633894e+003,9.560589e+001
1.634376e+003,9.548074e+001
1.634858e+003,9.538351e+001
1.635340e+003,9.532970e+001
1.635822e+003,9.532054e+001
1.636304e+003,9.534003e+001
1.636786e+003,9.536427e+001
1.637269e+003,9.537403e+001
1.637751e+003,9.535950e+001
1.638233e+003,9.531767e+001
1.638715e+003,9.524845e+001
1.639197e+003,9.515237e+001
1.639679e+003,9.502995e+001
1.640161e+003,9.488211e+001
1.640643e+003,9.471061e+001
1.641125e+003,9.451810e+001
1.641608e+003,9.430745e+001
1.642090e+003,9.408094e+001
1.642572e+003,9.383932e+001
1.643054e+003,9.358156e+001
1.643536e+003,9.330496e+001
1.644018e+003,9.300594e+001
1.644500e+003,9.268227e+001
1.644982e+003,9.233696e+001
1.645465e+003,9.198434e+001
1.645947e+003,9.165452e+001
1.646429e+003,9.139036e+001
1.646911e+003,9.123048e+001
1.647393e+003,9.118712e+001
1.647875e+003,9.123818e+001
1.648357e+003,9.134114e+001
1.648839e+003,9.145375e+001
1.649322e+003,9.154619e+001
1.649803e+003,9.160254e+001
1.650286e+003,9.161812e+001
1.650768e+003,9.159721e+001
1.651250e+003,9.155446e+001
1.651732e+003,9.151939e+001
1.652214e+003,9.153903e+001
1.652696e+003,9.166225e+001
1.653178e+003,9.189815e+001
1.653660e+003,9.219509e+001
1.654143e+003,9.248618e+001
1.654625e+003,9.273913e+001
1.655107e+003,9.295601e+001
1.655589e+003,9.315062e+001
1.656071e+003,9.333429e+001
1.656553e+003,9.351167e+001
1.657035e+003,9.368135e+001
1.657517e+003,9.383826e+001
1.658000e+003,9.397644e+001
1.658482e+003,9.409148e+001
1.658964e+003,9.418193e+001
1.659446e+003,9.424926e+001
1.659928e+003,9.429715e+001
1.660410e+003,9.433086e+001
1.660892e+003,9.435779e+001
1.661374e+003,9.438833e+001
1.661856e+003,9.443592e+001
1.662339e+003,9.451399e+001
1.662821e+003,9.463007e+001
1.663303e+003,9.478051e+001
1.663785e+003,9.495055e+001
1.664267e+003,9.512002e+001
1.664749e+003,9.527061e+001
1.665231e+003,9.539018e+001
1.665713e+003,9.547367e+001
1.666196e+003,9.552186e+001
1.666678e+003,9.553954e+001
1.667160e+003,9.553373e+001
1.667642e+003,9.551256e+001
1.668124e+003,9.548487e+001
1.668606e+003,9.546082e+001
1.669088e+003,9.545213e+001
1.669570e+003,9.547083e+001
1.670052e+003,9.552521e+001
1.670535e+003,9.561513e+001
1.671017e+003,9.573061e+001
1.671499e+003,9.585449e+001
1.671981e+003,9.596773e+001
1.672463e+003,9.605382e+001
1.672945e+003,9.610226e+001
1.673427e+003,9.611082e+001
1.673909e+003,9.608711e+001
1.674392e+003,9.604812e+001
1.674874e+003,9.601416e+001
1.675356e+003,9.599870e+001
1.675838e+003,9.599998e+001
1.676320e+003,9.600333e+001
1.676802e+003,9.599168e+001
1.677284e+003,9.595507e+001
1.677766e+003,9.589385e+001
1.678249e+003,9.581721e+001
1.678730e+003,9.573869e+001
1.679213e+003,9.567072e+001
1.679695e+003,9.561913e+001
1.680177e+003,9.558041e+001
1.680659e+003,9.554387e+001
1.681141e+003,9.549757e+001
1.681623e+003,9.543526e+001
1.682105e+003,9.536166e+001
1.682587e+003,9.529551e+001
1.683070e+003,9.526803e+001
1.683552e+003,9.531074e+001
1.684034e+003,9.543195e+001
1.684516e+003,9.560223e+001
1.684998e+003,9.577495e+001
1.685480e+003,9.592058e+001
1.685962e+003,9.603690e+001
1.686444e+003,9.613616e+001
1.686927e+003,9.623040e+001
1.687409e+003,9.632355e+001
1.687891e+003,9.641021e+001
1.688373e+003,9.647863e+001
1.688855e+003,9.651727e+001
1.689337e+003,9.652212e+001
1.689819e+003,9.650008e+001
1.690301e+003,9.646603e+001
1.690783e+003,9.643435e+001
1.691266e+003,9.641051e+001
1.691748e+003,9.638809e+001
1.692230e+003,9.635161e+001
1.692712e+003,9.628326e+001
1.693194e+003,9.617005e+001
1.693676e+003,9.601069e+001
1.694158e+003,9.582150e+001
1.694640e+003,9.563890e+001
1.695123e+003,9.551189e+001
1.695605e+003,9.547943e+001
1.696087e+003,9.554462e+001
1.696569e+003,9.567218e+001
1.697051e+003,9.581344e+001
1.697533e+003,9.593375e+001
1.698015e+003,9.602253e+001
1.698497e+003,9.609049e+001
1.698979e+003,9.616225e+001
1.699462e+003,9.626614e+001
1.699944e+003,9.641801e+001
1.700426e+003,9.660661e+001
1.700908e+003,9.679932e+001
1.701390e+003,9.696719e+001
1.701872e+003,9.710040e+001
1.702354e+003,9.720356e+001
1.702836e+003,9.728439e+001
1.703319e+003,9.734679e+001
1.703801e+003,9.738905e+001
1.704283e+003,9.740643e+001
1.704765e+003,9.739613e+001
1.705247e+003,9.736250e+001
1.705729e+003,9.731796e+001
1.706211e+003,9.727757e+001
1.706693e+003,9.725089e+001
1.707176e+003,9.723753e+001
1.707657e+003,9.722864e+001
1.708140e+003,9.721225e+001
1.708622e+003,9.717889e+001
1.709104e+003,9.712553e+001
1.709586e+003,9.705607e+001
1.710068e+003,9.697879e+001
1.710550e+003,9.690206e+001
1.711032e+003,9.683057e+001
1.711514e+003,9.676409e+001
1.711997e+003,9.669918e+001
1.712479e+003,9.663226e+001
1.712961e+003,9.656281e+001
1.713443e+003,9.649454e+001
1.713925e+003,9.643414e+001
1.714407e+003,9.638821e+001
1.714889e+003,9.636004e+001
1.715371e+003,9.634866e+001
1.715854e+003,9.635148e+001
1.716336e+003,9.636861e+001
1.716818e+003,9.640611e+001
1.717300e+003,9.647387e+001
1.717782e+003,9.657799e+001
1.718264e+003,9.671286e+001
1.718746e+003,9.686180e+001
1.719229e+003,9.700481e+001
1.719710e+003,9.712725e+001
1.720193e+003,9.722292e+001
1.720675e+003,9.729277e+001
1.721157e+003,9.734136e+001
1.721639e+003,9.737312e+001
1.722121e+003,9.738948e+001
1.722603e+003,9.738795e+001
1.723085e+003,9.736357e+001
1.723567e+003,9.731275e+001
1.724050e+003,9.723697e+001
1.724532e+003,9.714429e+001
1.725014e+003,9.704682e+001
1.725496e+003,9.695558e+001
1.725978e+003,9.687608e+001
1.726460e+003,9.680650e+001
1.726942e+003,9.673909e+001
1.727424e+003,9.666492e+001
1.727906e+003,9.657906e+001
1.728389e+003,9.648496e+001
1.728871e+003,9.639409e+001
1.729353e+003,9.632156e+001
1.729835e+003,9.627839e+001
1.730317e+003,9.626539e+001
1.730799e+003,9.627216e+001
1.731281e+003,9.628194e+001
1.731763e+003,9.627972e+001
1.732246e+003,9.626115e+001
1.732728e+003,9.623956e+001
1.733210e+003,9.624652e+001
1.733692e+003,9.631826e+001
1.734174e+003,9.646956e+001
1.734656e+003,9.667700e+001
1.735138e+003,9.689363e+001
1.735620e+003,9.707930e+001
1.736103e+003,9.721640e+001
1.736585e+003,9.730653e+001
1.737067e+003,9.736088e+001
1.737549e+003,9.739218e+001
1.738031e+003,9.740983e+001
1.738513e+003,9.741711e+001
1.738995e+003,9.741138e+001
1.739477e+003,9.738712e+001
1.739959e+003,9.734151e+001
1.740442e+003,9.727803e+001
1.740924e+003,9.720577e+001
1.741406e+003,9.713521e+001
1.741888e+003,9.707412e+001
1.742370e+003,9.702520e+001
1.742852e+003,9.698635e+001
1.743334e+003,9.695279e+001
1.743816e+003,9.692016e+001
1.744299e+003,9.688686e+001
1.744781e+003,9.685480e+001
1.745263e+003,9.682747e+001
1.745745e+003,9.680771e+001
1.746227e+003,9.679532e+001
1.746709e+003,9.678658e+001
1.747191e+003,9.677553e+001
1.747673e+003,9.675697e+001
1.748156e+003,9.672978e+001
1.748637e+003,9.669880e+001
1.749120e+003,9.667421e+001
1.749602e+003,9.666869e+001
1.750084e+003,9.669276e+001
1.750566e+003,9.675076e+001
1.751048e+003,9.683842e+001
1.751530e+003,9.694417e+001
1.752012e+003,9.705350e+001
1.752494e+003,9.715383e+001
1.752977e+003,9.723708e+001
1.753459e+003,9.729945e+001
1.753941e+003,9.733992e+001
1.754423e+003,9.735929e+001
1.754905e+003,9.735989e+001
1.755387e+003,9.734631e+001
1.755869e+003,9.732511e+001
1.756351e+003,9.730404e+001
1.756833e+003,9.728924e+001
1.757316e+003,9.728277e+001
1.757798e+003,9.728202e+001
1.758280e+003,9.728147e+001
1.758762e+003,9.727538e+001
1.759244e+003,9.725997e+001
1.759726e+003,9.723452e+001
1.760208e+003,9.720140e+001
1.760690e+003,9.716570e+001
1.761173e+003,9.713383e+001
1.761655e+003,9.711153e+001
1.762137e+003,9.710199e+001
1.762619e+003,9.710453e+001
1.763101e+003,9.711528e+001
1.763583e+003,9.712814e+001
1.764065e+003,9.713634e+001
1.764547e+003,9.713338e+001
1.765030e+003,9.711404e+001
1.765512e+003,9.707547e+001
1.765994e+003,9.701873e+001
1.766476e+003,9.694992e+001
1.766958e+003,9.687946e+001
1.767440e+003,9.681877e+001
1.767922e+003,9.677555e+001
1.768404e+003,9.674979e+001
1.768886e+003,9.673422e+001
1.769369e+003,9.671821e+001
1.769851e+003,9.669353e+001
1.770333e+003,9.665929e+001
1.770815e+003,9.662431e+001
1.771297e+003,9.660539e+001
1.771779e+003,9.662027e+001
1.772261e+003,9.667720e+001
1.772743e+003,9.676871e+001
1.773226e+003,9.687546e+001
1.773708e+003,9.697751e+001
1.774190e+003,9.706286e+001
1.774672e+003,9.712934e+001
1.775154e+003,9.718082e+001
1.775636e+003,9.722182e+001
1.776118e+003,9.725351e+001
1.776600e+003,9.727228e+001
1.777083e+003,9.727164e+001
1.777564e+003,9.724622e+001
1.778047e+003,9.719576e+001
1.778529e+003,9.712724e+001
1.779011e+003,9.705350e+001
1.779493e+003,9.698890e+001
1.779975e+003,9.694335e+001
1.780457e+003,9.691766e+001
1.780939e+003,9.690323e+001
1.781421e+003,9.688689e+001
1.781904e+003,9.685799e+001
1.782386e+003,9.681338e+001
1.782868e+003,9.675798e+001
1.783350e+003,9.670151e+001
1.783832e+003,9.665358e+001
1.784314e+003,9.661913e+001
1.784796e+003,9.659641e+001
1.785278e+003,9.657899e+001
1.785760e+003,9.656011e+001
1.786243e+003,9.653695e+001
1.786725e+003,9.651157e+001
1.787207e+003,9.648839e+001
1.787689e+003,9.646983e+001
1.788171e+003,9.645311e+001
1.788653e+003,9.642945e+001
1.789135e+003,9.638709e+001
1.789617e+003,9.631636e+001
1.790100e+003,9.621583e+001
1.790582e+003,9.609655e+001
1.791064e+003,9.598195e+001
1.791546e+003,9.590090e+001
1.792028e+003,9.587548e+001
1.792510e+003,9.590992e+001
1.792992e+003,9.598917e+001
1.793474e+003,9.608856e+001
1.793957e+003,9.618649e+001
1.794439e+003,9.627188e+001
1.794921e+003,9.634351e+001
1.795403e+003,9.640510e+001
1.795885e+003,9.645987e+001
1.796367e+003,9.650693e+001
1.796849e+003,9.654129e+001
1.797331e+003,9.655642e+001
1.797813e+003,9.654823e+001
1.798296e+003,9.651803e+001
1.798778e+003,9.647273e+001
1.799260e+003,9.642233e+001
1.799742e+003,9.637619e+001
1.800224e+003,9.633965e+001
1.800706e+003,9.631344e+001
1.801188e+003,9.629547e+001
1.801670e+003,9.628419e+001
1.802153e+003,9.628034e+001
1.802635e+003,9.628653e+001
1.803117e+003,9.630447e+001
1.803599e+003,9.633251e+001
1.804081e+003,9.636452e+001
1.804563e+003,9.639153e+001
1.805045e+003,9.640514e+001
1.805527e+003,9.640128e+001
1.806010e+003,9.638172e+001
1.806491e+003,9.635293e+001
1.806974e+003,9.632218e+001
1.807456e+003,9.629360e+001
1.807938e+003,9.626567e+001
1.808420e+003,9.623212e+001
1.808902e+003,9.618572e+001
1.809384e+003,9.612358e+001
1.809866e+003,9.605042e+001
1.810348e+003,9.597830e+001
1.810831e+003,9.592224e+001
1.811313e+003,9.589360e+001
1.811795e+003,9.589487e+001
1.812277e+003,9.591879e+001
1.812759e+003,9.595169e+001
1.813241e+003,9.597977e+001
1.813723e+003,9.599417e+001
1.814205e+003,9.599317e+001
1.814688e+003,9.598093e+001
1.815170e+003,9.596429e+001
1.815652e+003,9.594896e+001
1.816134e+003,9.593747e+001
1.816616e+003,9.592875e+001
1.817098e+003,9.592008e+001
1.817580e+003,9.590922e+001
1.818062e+003,9.589601e+001
1.818544e+003,9.588146e+001
1.819027e+003,9.586623e+001
1.819509e+003,9.584853e+001
1.819991e+003,9.582405e+001
1.820473e+003,9.578725e+001
1.820955e+003,9.573398e+001
1.821437e+003,9.566344e+001
1.821919e+003,9.557881e+001
1.822401e+003,9.548668e+001
1.822884e+003,9.539564e+001
1.823366e+003,9.531486e+001
1.823848e+003,9.525296e+001
1.824330e+003,9.521660e+001
1.824812e+003,9.520917e+001
1.825294e+003,9.522941e+001
1.825776e+003,9.527172e+001
1.826258e+003,9.532698e+001
1.826740e+003,9.538484e+001
1.827223e+003,9.543588e+001
1.827705e+003,9.547424e+001
1.828187e+003,9.550018e+001
1.828669e+003,9.552162e+001
1.829151e+003,9.555313e+001
1.829633e+003,9.561065e+001
1.830115e+003,9.570315e+001
1.830597e+003,9.582665e+001
1.831080e+003,9.596465e+001
1.831562e+003,9.609496e+001
1.832044e+003,9.619797e+001
1.832526e+003,9.626243e+001
1.833008e+003,9.628644e+001
1.833490e+003,9.627605e+001
1.833972e+003,9.624169e+001
1.834454e+003,9.619431e+001
1.834937e+003,9.614217e+001
1.835418e+003,9.608975e+001
1.835901e+003,9.603874e+001
1.836383e+003,9.599030e+001
1.836865e+003,9.594692e+001
1.837347e+003,9.591257e+001
1.837829e+003,9.589090e+001
1.838311e+003,9.588271e+001
1.838793e+003,9.588412e+001
1.839275e+003,9.588748e+001
1.839758e+003,9.588394e+001
1.840240e+003,9.586704e+001
1.840722e+003,9.583471e+001
1.841204e+003,9.578995e+001
1.841686e+003,9.573946e+001
1.842168e+003,9.569186e+001
1.842650e+003,9.565537e+001
1.843132e+003,9.563637e+001
1.843615e+003,9.563790e+001
1.844097e+003,9.565951e+001
1.844579e+003,9.569787e+001
1.845061e+003,9.574831e+001
1.845543e+003,9.580562e+001
1.846025e+003,9.586472e+001
1.846507e+003,9.592090e+001
1.846989e+003,9.597052e+001
1.847471e+003,9.601167e+001
1.847954e+003,9.604453e+001
1.848436e+003,9.607082e+001
1.848918e+003,9.609236e+001
1.849400e+003,9.610912e+001
1.849882e+003,9.611863e+001
1.850364e+003,9.611652e+001
1.850846e+003,9.609921e+001
1.851328e+003,9.606640e+001
1.851811e+003,9.602258e+001
1.852293e+003,9.597590e+001
1.852775e+003,9.593538e+001
1.853257e+003,9.590659e+001
1.853739e+003,9.588945e+001
1.854221e+003,9.587817e+001
1.854703e+003,9.586441e+001
1.855185e+003,9.584142e+001
1.855667e+003,9.580733e+001
1.856150e+003,9.576542e+001
1.856632e+003,9.572158e+001
1.857114e+003,9.568034e+001
1.857596e+003,9.564186e+001
1.858078e+003,9.560149e+001
1.858560e+003,9.555289e+001
1.859042e+003,9.549218e+001
1.859524e+003,9.542137e+001
1.860007e+003,9.534824e+001
1.860489e+003,9.528284e+001
1.860971e+003,9.523240e+001
1.861453e+003,9.519709e+001
1.861935e+003,9.516959e+001
1.862417e+003,9.513828e+001
1.862899e+003,9.509289e+001
1.863381e+003,9.502949e+001
1.863864e+003,9.495187e+001
1.864345e+003,9.486934e+001
1.864828e+003,9.479175e+001
1.865310e+003,9.472497e+001
1.865792e+003,9.466879e+001
1.866274e+003,9.461906e+001
1.866756e+003,9.457212e+001
1.867238e+003,9.453036e+001
1.867720e+003,9.450407e+001
1.868202e+003,9.450853e+001
1.868685e+003,9.455583e+001
1.869167e+003,9.464705e+001
1.869649e+003,9.476934e+001
1.870131e+003,9.490179e+001
1.870613e+003,9.502469e+001
1.871095e+003,9.512704e+001
1.871577e+003,9.520789e+001
1.872059e+003,9.527308e+001
1.872542e+003,9.532927e+001
1.873024e+003,9.537933e+001
1.873506e+003,9.542011e+001
1.873988e+003,9.544474e+001
1.874470e+003,9.544729e+001
1.874952e+003,9.542786e+001
1.875434e+003,9.539415e+001
1.875916e+003,9.535942e+001
1.876398e+003,9.533677e+001
1.876881e+003,9.533403e+001
1.877363e+003,9.535056e+001
1.877845e+003,9.537900e+001
1.878327e+003,9.540963e+001
1.878809e+003,9.543575e+001
1.879291e+003,9.545586e+001
1.879773e+003,9.547263e+001
1.880255e+003,9.548859e+001
1.880738e+003,9.550248e+001
1.881220e+003,9.550779e+001
1.881702e+003,9.549616e+001
1.882184e+003,9.546249e+001
1.882666e+003,9.540968e+001
1.883148e+003,9.534917e+001
1.883630e+003,9.529673e+001
1.884112e+003,9.526496e+001
1.884594e+003,9.525672e+001
1.885077e+003,9.526251e+001
1.885559e+003,9.526453e+001
1.886041e+003,9.524508e+001
1.886523e+003,9.519545e+001
1.887005e+003,9.512036e+001
1.887487e+003,9.503688e+001
1.887969e+003,9.496727e+001
1.888451e+003,9.492987e+001
1.888934e+003,9.493037e+001
1.889416e+003,9.495932e+001
1.889898e+003,9.499639e+001
1.890380e+003,9.502086e+001
1.890862e+003,9.502012e+001
1.891344e+003,9.499263e+001
1.891826e+003,9.494438e+001
1.892308e+003,9.488317e+001
1.892791e+003,9.481406e+001
1.893272e+003,9.473866e+001
1.893755e+003,9.465797e+001
1.894237e+003,9.457644e+001
1.894719e+003,9.450388e+001
1.895201e+003,9.445416e+001
1.895683e+003,9.443929e+001
1.896165e+003,9.446339e+001
1.896647e+003,9.451912e+001
1.897129e+003,9.458970e+001
1.897612e+003,9.465497e+001
1.898094e+003,9.469971e+001
1.898576e+003,9.471914e+001
1.899058e+003,9.471996e+001
1.899540e+003,9.471578e+001
1.900022e+003,9.472076e+001
1.900504e+003,9.474297e+001
1.900986e+003,9.478248e+001
1.901469e+003,9.483313e+001
1.901951e+003,9.488773e+001
1.902433e+003,9.494229e+001
1.902915e+003,9.499753e+001
1.903397e+003,9.505624e+001
1.903879e+003,9.511917e+001
1.904361e+003,9.518130e+001
1.904843e+003,9.523222e+001
1.905325e+003,9.526028e+001
1.905808e+003,9.525829e+001
1.906290e+003,9.522797e+001
1.906772e+003,9.518043e+001
1.907254e+003,9.513213e+001
1.907736e+003,9.509890e+001
1.908218e+003,9.508987e+001
1.908700e+003,9.510481e+001
1.909182e+003,9.513560e+001
1.909665e+003,9.517104e+001
1.910147e+003,9.520181e+001
1.910629e+003,9.522365e+001
1.911111e+003,9.523657e+001
1.911593e+003,9.524245e+001
1.912075e+003,9.524200e+001
1.912557e+003,9.523431e+001
1.913039e+003,9.521758e+001
1.913521e+003,9.519126e+001
1.914004e+003,9.515664e+001
1.914486e+003,9.511632e+001
1.914968e+003,9.507192e+001
1.915450e+003,9.502278e+001
1.915932e+003,9.496510e+001
1.916414e+003,9.489483e+001
1.916896e+003,9.481107e+001
1.917378e+003,9.471948e+001
1.917861e+003,9.463123e+001
1.918343e+003,9.455870e+001
1.918825e+003,9.450867e+001
1.919307e+003,9.447888e+001
1.919789e+003,9.445885e+001
1.920271e+003,9.443552e+001
1.920753e+003,9.439985e+001
1.921235e+003,9.435162e+001
1.921718e+003,9.430040e+001
1.922199e+003,9.426184e+001
1.922682e+003,9.425013e+001
1.923164e+003,9.427110e+001
1.923646e+003,9.431851e+001
1.924128e+003,9.437794e+001
1.924610e+003,9.443417e+001
1.925092e+003,9.447857e+001
1.925574e+003,9.451119e+001
1.926056e+003,9.453819e+001
1.926539e+003,9.456544e+001
1.927021e+003,9.459349e+001
1.927503e+003,9.461537e+001
1.927985e+003,9.462074e+001
1.928467e+003,9.460242e+001
1.928949e+003,9.456233e+001
1.929431e+003,9.451263e+001
1.929913e+003,9.447087e+001
1.930396e+003,9.445141e+001
1.930878e+003,9.445851e+001
1.931360e+003,9.448338e+001
1.931842e+003,9.450926e+001
1.932324e+003,9.452061e+001
1.932806e+003,9.451228e+001
1.933288e+003,9.449210e+001
1.933770e+003,9.447655e+001
1.934252e+003,9.448067e+001
1.934735e+003,9.450881e+001
1.935217e+003,9.455030e+001
1.935699e+003,9.458443e+001
1.936181e+003,9.459051e+001
1.936663e+003,9.455917e+001
1.937145e+003,9.449693e+001
1.937627e+003,9.442227e+001
1.938109e+003,9.435454e+001
1.938592e+003,9.430309e+001
1.939074e+003,9.426099e+001
1.939556e+003,9.420918e+001
1.940038e+003,9.412656e+001
1.940520e+003,9.400413e+001
1.941002e+003,9.385240e+001
1.941484e+003,9.370129e+001
1.941966e+003,9.358821e+001
1.942448e+003,9.354218e+001
1.942931e+003,9.356944e+001
1.943413e+003,9.365220e+001
1.943895e+003,9.375889e+001
1.944377e+003,9.386089e+001
1.944859e+003,9.394446e+001
1.945341e+003,9.401281e+001
1.945823e+003,9.407832e+001
1.946305e+003,9.415138e+001
1.946788e+003,9.423061e+001
1.947270e+003,9.430169e+001
1.947752e+003,9.434338e+001
1.948234e+003,9.433856e+001
1.948716e+003,9.428134e+001
1.949198e+003,9.417901e+001
1.949680e+003,9.404582e+001
1.950162e+003,9.389596e+001
1.950645e+003,9.373802e+001
1.951126e+003,9.357601e+001
1.951609e+003,9.341393e+001
1.952091e+003,9.326239e+001
1.952573e+003,9.313982e+001
1.953055e+003,9.306824e+001
1.953537e+003,9.306416e+001
1.954019e+003,9.312957e+001
1.954501e+003,9.324754e+001
1.954983e+003,9.338804e+001
1.955466e+003,9.352023e+001
1.955948e+003,9.362760e+001
1.956430e+003,9.371391e+001
1.956912e+003,9.379903e+001
1.957394e+003,9.390474e+001
1.957876e+003,9.403941e+001
1.958358e+003,9.418815e+001
1.958840e+003,9.431753e+001
1.959323e+003,9.439081e+001
1.959805e+003,9.438848e+001
1.960287e+003,9.431889e+001
1.960769e+003,9.421342e+001
1.961251e+003,9.410813e+001
1.961733e+003,9.402514e+001
1.962215e+003,9.395967e+001
1.962697e+003,9.388448e+001
1.963179e+003,9.376598e+001
1.963662e+003,9.358617e+001
1.964144e+003,9.335543e+001
1.964626e+003,9.311218e+001
1.965108e+003,9.290784e+001
1.965590e+003,9.278708e+001
1.966072e+003,9.276890e+001
1.966554e+003,9.284015e+001
1.967036e+003,9.296247e+001
1.967519e+003,9.309184e+001
1.968001e+003,9.319691e+001
1.968483e+003,9.326704e+001
1.968965e+003,9.330731e+001
1.969447e+003,9.332751e+001
1.969929e+003,9.333315e+001
1.970411e+003,9.332644e+001
1.970893e+003,9.331210e+001
1.971375e+003,9.330588e+001
1.971858e+003,9.333307e+001
1.972340e+003,9.341917e+001
1.972822e+003,9.357288e+001
1.973304e+003,9.377271e+001
1.973786e+003,9.396384e+001
1.974268e+003,9.407552e+001
1.974750e+003,9.405012e+001
1.975232e+003,9.387375e+001
1.975715e+003,9.358477e+001
1.976197e+003,9.326108e+001
1.976679e+003,9.298803e+001
1.977161e+003,9.282681e+001
1.977643e+003,9.279327e+001
1.978125e+003,9.286080e+001
1.978607e+003,9.298239e+001
1.979089e+003,9.312110e+001
1.979572e+003,9.326714e+001
1.980053e+003,9.343594e+001
1.980536e+003,9.364928e+001
1.981018e+003,9.391589e+001
1.981500e+003,9.421902e+001
1.981982e+003,9.452208e+001
1.982464e+003,9.478516e+001
1.982946e+003,9.498573e+001
1.983428e+003,9.512931e+001
1.983910e+003,9.524394e+001
1.984393e+003,9.536327e+001
1.984875e+003,9.550764e+001
1.985357e+003,9.567224e+001
1.985839e+003,9.583001e+001
1.986321e+003,9.594532e+001
1.986803e+003,9.599298e+001
1.987285e+003,9.596872e+001
1.987767e+003,9.588795e+001
1.988250e+003,9.577302e+001
1.988732e+003,9.564011e+001
1.989214e+003,9.549146e+001
1.989696e+003,9.532127e+001
1.990178e+003,9.512802e+001
1.990660e+003,9.492810e+001
1.991142e+003,9.475945e+001
1.991624e+003,9.467267e+001
1.992106e+003,9.471093e+001
1.992589e+003,9.489095e+001
1.993071e+003,9.519116e+001
1.993553e+003,9.555802e+001
1.994035e+003,9.592551e+001
1.994517e+003,9.623934e+001
1.994999e+003,9.647015e+001
1.995481e+003,9.661451e+001
1.995963e+003,9.668269e+001
1.996446e+003,9.668537e+001
1.996928e+003,9.662489e+001
1.997410e+003,9.649880e+001
1.997892e+003,9.630935e+001
1.998374e+003,9.607371e+001
1.998856e+003,9.582563e+001
1.999338e+003,9.560690e+001
1.999820e+003,9.545158e+001
2.000302e+003,9.537274e+001
2.000785e+003,9.535592e+001
2.001267e+003,9.536756e+001
2.001749e+003,9.537106e+001
2.002231e+003,9.534715e+001
2.002713e+003,9.530194e+001
2.003195e+003,9.526237e+001
2.003677e+003,9.525833e+001
2.004159e+003,9.530411e+001
2.004642e+003,9.538501e+001
2.005124e+003,9.546219e+001
2.005606e+003,9.549042e+001
2.006088e+003,9.544327e+001
2.006570e+003,9.532738e+001
2.007052e+003,9.517994e+001
2.007534e+003,9.504816e+001
2.008016e+003,9.496648e+001
2.008499e+003,9.493942e+001
2.008980e+003,9.494418e+001
2.009463e+003,9.494666e+001
2.009945e+003,9.492480e+001
2.010427e+003,9.487894e+001
2.010909e+003,9.482941e+001
2.011391e+003,9.479825e+001
2.011873e+003,9.479142e+001
2.012355e+003,9.478778e+001
2.012837e+003,9.474661e+001
2.013320e+003,9.462780e+001
2.013802e+003,9.441696e+001
2.014284e+003,9.413693e+001
2.014766e+003,9.384116e+001
2.015248e+003,9.359073e+001
2.015730e+003,9.342928e+001
2.016212e+003,9.336337e+001
2.016694e+003,9.336298e+001
2.017177e+003,9.337810e+001
2.017659e+003,9.336710e+001
2.018141e+003,9.331655e+001
2.018623e+003,9.324442e+001
2.019105e+003,9.318481e+001
2.019587e+003,9.316576e+001
2.020069e+003,9.319154e+001
2.020551e+003,9.324199e+001
2.021033e+003,9.328470e+001
2.021516e+003,9.329646e+001
2.021998e+003,9.327796e+001
2.022480e+003,9.325381e+001
2.022962e+003,9.325736e+001
2.023444e+003,9.331213e+001
2.023926e+003,9.341689e+001
2.024408e+003,9.354700e+001
2.024890e+003,9.366996e+001
2.025373e+003,9.376870e+001
2.025855e+003,9.385469e+001
2.026337e+003,9.396561e+001
2.026819e+003,9.414528e+001
2.027301e+003,9.441912e+001
2.027783e+003,9.477388e+001
2.028265e+003,9.515830e+001
2.028747e+003,9.550097e+001
2.029229e+003,9.574081e+001
2.029712e+003,9.585143e+001
2.030194e+003,9.584660e+001
2.030676e+003,9.576619e+001
2.031158e+003,9.565440e+001
2.031640e+003,9.553969e+001
2.032122e+003,9.543025e+001
2.032604e+003,9.532085e+001
2.033086e+003,9.520863e+001
2.033569e+003,9.510219e+001
2.034051e+003,9.502139e+001
2.034533e+003,9.498537e+001
2.035015e+003,9.499902e+001
2.035497e+003,9.504444e+001
2.035979e+003,9.508878e+001
2.036461e+003,9.509959e+001
2.036943e+003,9.506427e+001
2.037426e+003,9.499722e+001
2.037907e+003,9.493327e+001
2.038390e+003,9.490921e+001
2.038872e+003,9.494587e+001
2.039354e+003,9.503592e+001
2.039836e+003,9.514846e+001
2.040318e+003,9.524422e+001
2.040800e+003,9.529763e+001
2.041282e+003,9.530938e+001
2.041764e+003,9.530527e+001
2.042247e+003,9.532059e+001
2.042729e+003,9.538065e+001
2.043211e+003,9.548557e+001
2.043693e+003,9.560957e+001
2.044175e+003,9.571281e+001
2.044657e+003,9.576117e+001
2.045139e+003,9.574213e+001
2.045622e+003,9.566947e+001
2.046104e+003,9.557513e+001
2.046586e+003,9.549530e+001
2.047068e+003,9.545641e+001
2.047550e+003,9.546976e+001
2.048032e+003,9.553352e+001
2.048514e+003,9.564046e+001
2.048996e+003,9.578435e+001
2.049479e+003,9.596122e+001
2.049960e+003,9.616464e+001
2.050443e+003,9.638036e+001
2.050925e+003,9.658338e+001
2.051407e+003,9.674345e+001
2.051889e+003,9.683379e+001
2.052371e+003,9.684121e+001
2.052853e+003,9.677101e+001
2.053335e+003,9.664531e+001
2.053817e+003,9.649441e+001
2.054300e+003,9.634762e+001
2.054782e+003,9.622390e+001
2.055264e+003,9.613007e+001
2.055746e+003,9.606347e+001
2.056228e+003,9.601910e+001
2.056710e+003,9.599435e+001
2.057192e+003,9.599024e+001
2.057674e+003,9.600787e+001
2.058156e+003,9.604383e+001
2.058639e+003,9.608646e+001
2.059121e+003,9.611860e+001
2.059603e+003,9.612328e+001
2.060085e+003,9.609161e+001
2.060567e+003,9.602704e+001
2.061049e+003,9.594447e+001
2.061531e+003,9.586442e+001
2.062013e+003,9.580595e+001
2.062496e+003,9.578063e+001
2.062978e+003,9.579147e+001
2.063460e+003,9.583453e+001
2.063942e+003,9.590347e+001
2.064424e+003,9.599159e+001
2.064906e+003,9.609192e+001
2.065388e+003,9.619460e+001
2.065870e+003,9.628532e+001
2.066353e+003,9.634603e+001
2.066835e+003,9.636082e+001
2.067317e+003,9.632273e+001
2.067799e+003,9.623862e+001
2.068281e+003,9.612829e+001
2.068763e+003,9.601802e+001
2.069245e+003,9.593069e+001
2.069727e+003,9.587806e+001
2.070209e+003,9.585701e+001
2.070692e+003,9.585344e+001
2.071174e+003,9.585031e+001
2.071656e+003,9.583717e+001
2.072138e+003,9.581413e+001
2.072620e+003,9.579102e+001
2.073102e+003,9.577996e+001
2.073584e+003,9.578815e+001
2.074066e+003,9.581256e+001
2.074549e+003,9.584186e+001
2.075031e+003,9.586216e+001
2.075513e+003,9.586519e+001
2.075995e+003,9.585303e+001
2.076477e+003,9.583759e+001
2.076959e+003,9.583488e+001
2.077441e+003,9.585788e+001
2.077923e+003,9.591052e+001
2.078406e+003,9.598708e+001
2.078887e+003,9.607507e+001
2.079370e+003,9.616127e+001
2.079852e+003,9.623553e+001
2.080334e+003,9.629256e+001
2.080816e+003,9.632997e+001
2.081298e+003,9.634587e+001
2.081780e+003,9.633730e+001
2.082262e+003,9.630238e+001
2.082744e+003,9.624313e+001
2.083227e+003,9.616815e+001
2.083709e+003,9.609201e+001
2.084191e+003,9.603088e+001
2.084673e+003,9.599643e+001
2.085155e+003,9.599075e+001
2.085637e+003,9.600465e+001
2.086119e+003,9.602103e+001
2.086601e+003,9.602153e+001
2.087083e+003,9.599387e+001
2.087566e+003,9.593575e+001
2.088048e+003,9.585403e+001
2.088530e+003,9.576005e+001
2.089012e+003,9.566426e+001
2.089494e+003,9.557240e+001
2.089976e+003,9.548580e+001
2.090458e+003,9.540450e+001
2.090940e+003,9.533106e+001
2.091423e+003,9.527205e+001
2.091905e+003,9.523611e+001
2.092387e+003,9.522938e+001
2.092869e+003,9.525114e+001
2.093351e+003,9.529195e+001
2.093833e+003,9.533627e+001
2.094315e+003,9.536897e+001
2.094797e+003,9.538235e+001
2.095280e+003,9.537963e+001
2.095762e+003,9.537350e+001
2.096244e+003,9.537933e+001
2.096726e+003,9.540790e+001
2.097208e+003,9.545966e+001
2.097690e+003,9.552531e+001
2.098172e+003,9.558987e+001
2.098654e+003,9.563981e+001
2.099136e+003,9.566754e+001
2.099619e+003,9.567245e+001
2.100101e+003,9.565768e+001
2.100583e+003,9.562633e+001
2.101065e+003,9.557858e+001
2.101547e+003,9.551306e+001
2.102029e+003,9.543025e+001
2.102511e+003,9.533657e+001
2.102993e+003,9.524523e+001
2.103476e+003,9.517332e+001
2.103958e+003,9.513559e+001
2.104440e+003,9.513863e+001
2.104922e+003,9.517728e+001
2.105404e+003,9.523682e+001
2.105886e+003,9.529879e+001
2.106368e+003,9.534872e+001
2.106850e+003,9.538120e+001
2.107333e+003,9.540033e+001
2.107814e+003,9.541536e+001
2.108297e+003,9.543456e+001
2.108779e+003,9.546017e+001
2.109261e+003,9.548760e+001
2.109743e+003,9.550864e+001
2.110225e+003,9.551650e+001
2.110707e+003,9.550968e+001
2.111189e+003,9.549291e+001
2.111671e+003,9.547401e+001
2.112154e+003,9.545979e+001
2.112636e+003,9.545219e+001
2.113118e+003,9.544783e+001
2.113600e+003,9.543996e+001
2.114082e+003,9.542210e+001
2.114564e+003,9.539058e+001
2.115046e+003,9.534505e+001
2.115528e+003,9.528653e+001
2.116010e+003,9.521605e+001
2.116493e+003,9.513363e+001
2.116975e+003,9.504042e+001
2.117457e+003,9.494138e+001
2.117939e+003,9.484798e+001
2.118421e+003,9.477691e+001
2.118903e+003,9.474614e+001
2.119385e+003,9.476821e+001
2.119867e+003,9.484470e+001
2.120350e+003,9.496325e+001
2.120832e+003,9.510056e+001
2.121314e+003,9.522884e+001
2.121796e+003,9.532448e+001
2.122278e+003,9.537381e+001
2.122760e+003,9.537435e+001
2.123242e+003,9.533140e+001
2.123724e+003,9.525303e+001
2.124207e+003,9.514546e+001
2.124689e+003,9.501286e+001
2.125171e+003,9.485941e+001
2.125653e+003,9.469334e+001
2.126135e+003,9.452790e+001
2.126617e+003,9.437975e+001
2.127099e+003,9.426369e+001
2.127581e+003,9.418732e+001
2.128063e+003,9.414713e+001
2.128546e+003,9.413052e+001
2.129028e+003,9.412103e+001
2.129510e+003,9.410626e+001
2.129992e+003,9.408290e+001
2.130474e+003,9.405758e+001
2.130956e+003,9.404167e+001
2.131438e+003,9.404449e+001
2.131920e+003,9.406627e+001
2.132403e+003,9.409707e+001
2.132885e+003,9.412108e+001
2.133367e+003,9.412502e+001
2.133849e+003,9.410493e+001
2.134331e+003,9.406922e+001
2.134813e+003,9.403421e+001
2.135295e+003,9.401621e+001
2.135777e+003,9.402292e+001
2.136260e+003,9.405064e+001
2.136741e+003,9.408635e+001
2.137224e+003,9.411552e+001
2.137706e+003,9.412866e+001
2.138188e+003,9.412460e+001
2.138670e+003,9.410745e+001
2.139152e+003,9.408210e+001
2.139634e+003,9.404865e+001
2.140116e+003,9.400258e+001
2.140598e+003,9.393833e+001
2.141081e+003,9.385558e+001
2.141563e+003,9.376215e+001
2.142045e+003,9.367313e+001
2.142527e+003,9.360400e+001
2.143009e+003,9.356300e+001
2.143491e+003,9.354578e+001
2.143973e+003,9.353801e+001
2.144455e+003,9.352282e+001
2.144938e+003,9.349202e+001
2.145420e+003,9.345252e+001
2.145902e+003,9.342528e+001
2.146384e+003,9.343432e+001
2.146866e+003,9.349435e+001
2.147348e+003,9.359888e+001
2.147830e+003,9.372042e+001
2.148312e+003,9.381857e+001
2.148794e+003,9.385827e+001
2.149277e+003,9.382274e+001
2.149759e+003,9.372014e+001
2.150241e+003,9.357669e+001
2.150723e+003,9.342397e+001
2.151205e+003,9.328365e+001
2.151687e+003,9.316106e+001
2.152169e+003,9.304568e+001
2.152651e+003,9.292135e+001
2.153134e+003,9.277810e+001
2.153616e+003,9.262032e+001
2.154098e+003,9.246684e+001
2.154580e+003,9.234451e+001
2.155062e+003,9.227709e+001
2.155544e+003,9.227786e+001
2.156026e+003,9.234553e+001
2.156508e+003,9.246776e+001
2.156990e+003,9.262570e+001
2.157473e+003,9.279923e+001
2.157955e+003,9.296769e+001
2.158437e+003,9.310983e+001
2.158919e+003,9.320444e+001
2.159401e+003,9.323901e+001
2.159883e+003,9.321738e+001
2.160365e+003,9.316419e+001
2.160847e+003,9.311868e+001
2.161330e+003,9.312061e+001
2.161812e+003,9.319453e+001
2.162294e+003,9.334200e+001
2.162776e+003,9.353923e+001
2.163258e+003,9.374713e+001
2.163740e+003,9.392616e+001
2.164222e+003,9.405238e+001
2.164704e+003,9.412293e+001
2.165187e+003,9.415296e+001
2.165668e+003,9.416231e+001
2.166151e+003,9.416542e+001
2.166633e+003,9.416512e+001
2.167115e+003,9.415813e+001
2.167597e+003,9.414431e+001
2.168079e+003,9.413532e+001
2.168561e+003,9.415525e+001
2.169043e+003,9.423273e+001
2.169525e+003,9.438682e+001
2.170008e+003,9.461574e+001
2.170490e+003,9.489141e+001
2.170972e+003,9.516715e+001
2.171454e+003,9.539355e+001
2.171936e+003,9.553671e+001
2.172418e+003,9.558901e+001
2.172900e+003,9.556822e+001
2.173382e+003,9.550485e+001
2.173865e+003,9.542736e+001
2.174347e+003,9.534917e+001
2.174829e+003,9.526891e+001
2.175311e+003,9.517648e+001
2.175793e+003,9.506594e+001
2.176275e+003,9.494233e+001
2.176757e+003,9.482076e+001
2.177239e+003,9.471622e+001
2.177721e+003,9.463439e+001
2.178204e+003,9.456408e+001
2.178686e+003,9.448206e+001
2.179168e+003,9.436436e+001
2.179650e+003,9.420187e+001
2.180132e+003,9.400809e+001
2.180614e+003,9.381835e+001
2.181096e+003,9.367638e+001
2.181578e+003,9.361805e+001
2.182061e+003,9.365609e+001
2.182543e+003,9.377715e+001
2.183025e+003,9.394944e+001
2.183507e+003,9.413880e+001
2.183989e+003,9.432347e+001
2.184471e+003,9.450028e+001
2.184953e+003,9.467860e+001
2.185435e+003,9.486881e+001
2.185917e+003,9.506910e+001
2.186400e+003,9.526141e+001
2.186882e+003,9.541470e+001
2.187364e+003,9.549853e+001
2.187846e+003,9.549466e+001
2.188328e+003,9.540540e+001
2.188810e+003,9.525178e+001
2.189292e+003,9.506633e+001
2.189774e+003,9.488159e+001
2.190257e+003,9.472328e+001
2.190739e+003,9.460592e+001
2.191221e+003,9.453422e+001
2.191703e+003,9.450629e+001
2.192185e+003,9.451669e+001
2.192667e+003,9.455731e+001
2.193149e+003,9.461806e+001
2.193631e+003,9.468555e+001
2.194114e+003,9.474654e+001
2.194595e+003,9.479059e+001
2.195078e+003,9.481445e+001
2.195560e+003,9.482184e+001
2.196042e+003,9.482167e+001
2.196524e+003,9.482180e+001
2.197006e+003,9.482507e+001
2.197488e+003,9.482643e+001
2.197970e+003,9.481640e+001
2.198452e+003,9.478615e+001
2.198935e+003,9.473405e+001
2.199417e+003,9.466781e+001
2.199899e+003,9.460217e+001
2.200381e+003,9.455227e+001
2.200863e+003,9.452771e+001
2.201345e+003,9.452783e+001
2.201827e+003,9.454420e+001
2.202309e+003,9.456519e+001
2.202792e+003,9.458356e+001
2.203274e+003,9.459980e+001
2.203756e+003,9.462137e+001
2.204238e+003,9.465693e+001
2.204720e+003,9.470995e+001
2.205202e+003,9.477439e+001
2.205684e+003,9.483712e+001
2.206166e+003,9.488338e+001
2.206648e+003,9.490556e+001
2.207131e+003,9.490769e+001
2.207613e+003,9.490527e+001
2.208095e+003,9.491844e+001
2.208577e+003,9.496404e+001
2.209059e+003,9.504756e+001
2.209541e+003,9.516151e+001
2.210023e+003,9.528816e+001
2.210505e+003,9.540717e+001
2.210988e+003,9.550215e+001
2.211470e+003,9.556523e+001
2.211952e+003,9.559566e+001
2.212434e+003,9.559678e+001
2.212916e+003,9.557143e+001
2.213398e+003,9.552117e+001
2.213880e+003,9.544676e+001
2.214362e+003,9.535189e+001
2.214844e+003,9.524509e+001
2.215327e+003,9.514014e+001
2.215809e+003,9.505347e+001
2.216291e+003,9.500061e+001
2.216773e+003,9.499174e+001
2.217255e+003,9.503053e+001
2.217737e+003,9.511340e+001
2.218219e+003,9.523189e+001
2.218701e+003,9.537413e+001
2.219184e+003,9.552638e+001
2.219666e+003,9.567352e+001
2.220148e+003,9.580036e+001
2.220630e+003,9.589308e+001
2.221112e+003,9.594393e+001
2.221594e+003,9.595344e+001
2.222076e+003,9.593240e+001
2.222558e+003,9.589836e+001
2.223041e+003,9.586983e+001
2.223522e+003,9.585875e+001
2.224005e+003,9.586660e+001
2.224487e+003,9.588306e+001
2.224969e+003,9.589131e+001
2.225451e+003,9.587534e+001
2.225933e+003,9.582716e+001
2.226415e+003,9.574973e+001
2.226897e+003,9.565518e+001
2.227379e+003,9.555867e+001
2.227862e+003,9.547251e+001
2.228344e+003,9.540205e+001
2.228826e+003,9.534647e+001
2.229308e+003,9.530194e+001
2.229790e+003,9.526601e+001
2.230272e+003,9.523867e+001
2.230754e+003,9.522474e+001
2.231236e+003,9.522710e+001
2.231719e+003,9.524419e+001
2.232201e+003,9.526832e+001
2.232683e+003,9.528857e+001
2.233165e+003,9.529563e+001
2.233647e+003,9.528712e+001
2.234129e+003,9.526921e+001
2.234611e+003,9.525453e+001
2.235093e+003,9.525653e+001
2.235575e+003,9.528365e+001
2.236058e+003,9.533571e+001
2.236540e+003,9.540535e+001
2.237022e+003,9.548193e+001
2.237504e+003,9.555757e+001
2.237986e+003,9.562996e+001
2.238468e+003,9.570216e+001
2.238950e+003,9.577829e+001
2.239432e+003,9.585898e+001
2.239915e+003,9.593787e+001
2.240397e+003,9.600294e+001
2.240879e+003,9.604082e+001
2.241361e+003,9.604326e+001
2.241843e+003,9.601060e+001
2.242325e+003,9.595288e+001
2.242807e+003,9.588541e+001
2.243289e+003,9.582393e+001
2.243771e+003,9.577867e+001
2.244254e+003,9.575302e+001
2.244736e+003,9.574380e+001
2.245218e+003,9.574498e+001
2.245700e+003,9.575058e+001
2.246182e+003,9.575697e+001
2.246664e+003,9.576221e+001
2.247146e+003,9.576548e+001
2.247628e+003,9.576551e+001
2.248111e+003,9.576145e+001
2.248593e+003,9.575359e+001
2.249075e+003,9.574516e+001
2.249557e+003,9.574176e+001
2.250039e+003,9.574986e+001
2.250521e+003,9.577338e+001
2.251003e+003,9.581115e+001
2.251485e+003,9.585562e+001
2.251968e+003,9.589555e+001
2.252449e+003,9.591962e+001
2.252932e+003,9.592112e+001
2.253414e+003,9.590036e+001
2.253896e+003,9.586421e+001
2.254378e+003,9.582227e+001
2.254860e+003,9.578302e+001
2.255342e+003,9.575003e+001
2.255824e+003,9.572199e+001
2.256306e+003,9.569428e+001
2.256789e+003,9.566299e+001
2.257271e+003,9.562708e+001
2.257753e+003,9.558993e+001
2.258235e+003,9.555767e+001
2.258717e+003,9.553707e+001
2.259199e+003,9.553270e+001
2.259681e+003,9.554599e+001
2.260163e+003,9.557485e+001
2.260646e+003,9.561484e+001
2.261128e+003,9.565985e+001
2.261610e+003,9.570295e+001
2.262092e+003,9.573632e+001
2.262574e+003,9.575246e+001
2.263056e+003,9.574519e+001
2.263538e+003,9.571230e+001
2.264020e+003,9.565714e+001
2.264502e+003,9.558919e+001
2.264985e+003,9.552195e+001
2.265467e+003,9.546915e+001
2.265949e+003,9.544051e+001
2.266431e+003,9.543890e+001
2.266913e+003,9.545981e+001
2.267395e+003,9.549418e+001
2.267877e+003,9.553226e+001
2.268359e+003,9.556763e+001
2.268842e+003,9.559867e+001
2.269324e+003,9.562775e+001
2.269806e+003,9.565790e+001
2.270288e+003,9.569025e+001
2.270770e+003,9.572209e+001
2.271252e+003,9.574796e+001
2.271734e+003,9.576185e+001
2.272216e+003,9.576041e+001
2.272698e+003,9.574395e+001
2.273181e+003,9.571608e+001
2.273663e+003,9.568126e+001
2.274145e+003,9.564260e+001
2.274627e+003,9.560036e+001
2.275109e+003,9.555282e+001
2.275591e+003,9.549815e+001
2.276073e+003,9.543652e+001
2.276555e+003,9.537093e+001
2.277038e+003,9.530682e+001
2.277520e+003,9.524991e+001
2.278002e+003,9.520471e+001
2.278484e+003,9.517310e+001
2.278966e+003,9.515533e+001
2.279448e+003,9.515089e+001
2.279930e+003,9.515982e+001
2.280412e+003,9.518264e+001
2.280895e+003,9.521916e+001
2.281376e+003,9.526674e+001
2.281859e+003,9.531941e+001
2.282341e+003,9.536815e+001
2.282823e+003,9.540371e+001
2.283305e+003,9.541944e+001
2.283787e+003,9.541401e+001
2.284269e+003,9.539152e+001
2.284751e+003,9.535979e+001
2.285233e+003,9.532677e+001
2.285716e+003,9.529764e+001
2.286198e+003,9.527287e+001
2.286680e+003,9.524947e+001
2.287162e+003,9.522297e+001
2.287644e+003,9.519051e+001
2.288126e+003,9.515230e+001
2.288608e+003,9.511157e+001
2.289090e+003,9.507281e+001
2.289573e+003,9.503968e+001
2.290055e+003,9.501341e+001
2.290537e+003,9.499319e+001
2.291019e+003,9.497721e+001
2.291501e+003,9.496456e+001
2.291983e+003,9.495601e+001
2.292465e+003,9.495358e+001
2.292947e+003,9.495921e+001
2.293429e+003,9.497293e+001
2.293912e+003,9.499222e+001
2.294394e+003,9.501261e+001
2.294876e+003,9.502954e+001
2.295358e+003,9.504044e+001
2.295840e+003,9.504572e+001
2.296322e+003,9.504857e+001
2.296804e+003,9.505287e+001
2.297286e+003,9.506129e+001
2.297769e+003,9.507361e+001
2.298251e+003,9.508698e+001
2.298733e+003,9.509738e+001
2.299215e+003,9.510190e+001
2.299697e+003,9.510039e+001
2.300179e+003,9.509598e+001
2.300661e+003,9.509366e+001
2.301143e+003,9.509856e+001
2.301625e+003,9.511370e+001
2.302108e+003,9.513908e+001
2.302590e+003,9.517174e+001
2.303072e+003,9.520708e+001
2.303554e+003,9.524002e+001
2.304036e+003,9.526615e+001
2.304518e+003,9.528202e+001
2.305000e+003,9.528532e+001
2.305482e+003,9.527488e+001
2.305965e+003,9.525127e+001
2.306447e+003,9.521717e+001
2.306929e+003,9.517767e+001
2.307411e+003,9.513933e+001
2.307893e+003,9.510862e+001
2.308375e+003,9.508952e+001
2.308857e+003,9.508202e+001
2.309339e+003,9.508175e+001
2.309822e+003,9.508150e+001
2.310303e+003,9.507390e+001
2.310786e+003,9.505438e+001
2.311268e+003,9.502288e+001
2.311750e+003,9.498397e+001
2.312232e+003,9.494485e+001
2.312714e+003,9.491262e+001
2.313196e+003,9.489175e+001
2.313678e+003,9.488295e+001
2.314160e+003,9.488351e+001
2.314643e+003,9.488903e+001
2.315125e+003,9.489512e+001
2.315607e+003,9.489880e+001
2.316089e+003,9.489870e+001
2.316571e+003,9.489467e+001
2.317053e+003,9.488686e+001
2.317535e+003,9.487543e+001
2.318017e+003,9.486055e+001
2.318500e+003,9.484306e+001
2.318982e+003,9.482434e+001
2.319464e+003,9.480645e+001
2.319946e+003,9.479111e+001
2.320428e+003,9.477889e+001
2.320910e+003,9.476862e+001
2.321392e+003,9.475788e+001
2.321874e+003,9.474388e+001
2.322356e+003,9.472476e+001
2.322839e+003,9.470013e+001
2.323321e+003,9.467117e+001
2.323803e+003,9.463966e+001
2.324285e+003,9.460734e+001
2.324767e+003,9.457526e+001
2.325249e+003,9.454428e+001
2.325731e+003,9.451556e+001
2.326213e+003,9.449113e+001
2.326696e+003,9.447349e+001
2.327178e+003,9.446475e+001
2.327660e+003,9.446532e+001
2.328142e+003,9.447296e+001
2.328624e+003,9.448272e+001
2.329106e+003,9.448856e+001
2.329588e+003,9.448532e+001
2.330070e+003,9.447080e+001
2.330552e+003,9.444675e+001
2.331035e+003,9.441831e+001
2.331517e+003,9.439192e+001
2.331999e+003,9.437331e+001
2.332481e+003,9.436526e+001
2.332963e+003,9.436720e+001
2.333445e+003,9.437555e+001
2.333927e+003,9.438525e+001
2.334409e+003,9.439113e+001
2.334892e+003,9.438958e+001
2.335374e+003,9.437946e+001
2.335856e+003,9.436280e+001
2.336338e+003,9.434459e+001
2.336820e+003,9.433213e+001
2.337302e+003,9.433325e+001
2.337784e+003,9.435396e+001
2.338266e+003,9.439584e+001
2.338749e+003,9.445493e+001
2.339230e+003,9.452216e+001
2.339713e+003,9.458582e+001
2.340195e+003,9.463448e+001
2.340677e+003,9.466096e+001
2.341159e+003,9.466497e+001
2.341641e+003,9.465282e+001
2.342123e+003,9.463357e+001
2.342605e+003,9.461312e+001
2.343087e+003,9.459086e+001
2.343570e+003,9.456197e+001
2.344052e+003,9.452296e+001
2.344534e+003,9.447733e+001
2.345016e+003,9.443516e+001
2.345498e+003,9.440696e+001
2.345980e+003,9.439644e+001
2.346462e+003,9.439894e+001
2.346944e+003,9.440592e+001
2.347427e+003,9.441064e+001
2.347909e+003,9.441116e+001
2.348391e+003,9.440963e+001
2.348873e+003,9.440995e+001
2.349355e+003,9.441534e+001
2.349837e+003,9.442597e+001
2.350319e+003,9.443800e+001
2.350801e+003,9.444417e+001
2.351283e+003,9.443627e+001
2.351766e+003,9.440911e+001
2.352248e+003,9.436487e+001
2.352730e+003,9.431451e+001
2.353212e+003,9.427448e+001
2.353694e+003,9.425996e+001
2.354176e+003,9.427834e+001
2.354658e+003,9.432679e+001
2.355140e+003,9.439442e+001
2.355623e+003,9.446693e+001
2.356105e+003,9.453249e+001
2.356587e+003,9.458552e+001
2.357069e+003,9.462667e+001
2.357551e+003,9.465853e+001
2.358033e+003,9.468110e+001
2.358515e+003,9.469162e+001
2.358997e+003,9.468838e+001
2.359479e+003,9.467533e+001
2.359962e+003,9.466360e+001
2.360444e+003,9.466513e+001
2.360926e+003,9.468505e+001
2.361408e+003,9.471979e+001
2.361890e+003,9.476128e+001
2.362372e+003,9.480219e+001
2.362854e+003,9.483911e+001
2.363336e+003,9.487239e+001
2.363819e+003,9.490448e+001
2.364301e+003,9.493697e+001
2.364783e+003,9.496957e+001
2.365265e+003,9.500104e+001
2.365747e+003,9.503053e+001
2.366229e+003,9.505747e+001
2.366711e+003,9.508099e+001
2.367193e+003,9.509914e+001
2.367676e+003,9.511008e+001
2.368157e+003,9.511281e+001
2.368640e+003,9.510899e+001
2.369122e+003,9.510271e+001
2.369604e+003,9.509961e+001
2.370086e+003,9.510447e+001
2.370568e+003,9.511942e+001
2.371050e+003,9.514280e+001
2.371532e+003,9.517020e+001
2.372014e+003,9.519626e+001
2.372497e+003,9.521691e+001
2.372979e+003,9.523035e+001
2.373461e+003,9.523701e+001
2.373943e+003,9.523827e+001
2.374425e+003,9.523537e+001
2.374907e+003,9.522846e+001
2.375389e+003,9.521709e+001
2.375872e+003,9.520090e+001
2.376354e+003,9.518035e+001
2.376836e+003,9.515663e+001
2.377318e+003,9.513115e+001
2.377800e+003,9.510460e+001
2.378282e+003,9.507651e+001
2.378764e+003,9.504549e+001
2.379246e+003,9.501039e+001
2.379729e+003,9.497167e+001
2.380210e+003,9.493192e+001
2.380693e+003,9.489557e+001
2.381175e+003,9.486752e+001
2.381657e+003,9.485121e+001
2.382139e+003,9.484737e+001
2.382621e+003,9.485351e+001
2.383103e+003,9.486505e+001
2.383585e+003,9.487706e+001
2.384067e+003,9.488623e+001
2.384550e+003,9.489159e+001
2.385032e+003,9.489434e+001
2.385514e+003,9.489661e+001
2.385996e+003,9.489992e+001
2.386478e+003,9.490416e+001
2.386960e+003,9.490788e+001
2.387442e+003,9.490910e+001
2.387924e+003,9.490689e+001
2.388406e+003,9.490188e+001
2.388889e+003,9.489625e+001
2.389371e+003,9.489265e+001
2.389853e+003,9.489284e+001
2.390335e+003,9.489662e+001
2.390817e+003,9.490203e+001
2.391299e+003,9.490606e+001
2.391781e+003,9.490627e+001
2.392263e+003,9.490160e+001
2.392746e+003,9.489288e+001
2.393228e+003,9.488201e+001
2.393710e+003,9.487112e+001
2.394192e+003,9.486155e+001
2.394674e+003,9.485374e+001
2.395156e+003,9.484761e+001
2.395638e+003,9.484325e+001
2.396120e+003,9.484127e+001
2.396603e+003,9.484272e+001
2.397085e+003,9.484826e+001
2.397567e+003,9.485747e+001
2.398049e+003,9.486823e+001
2.398531e+003,9.487750e+001
2.399013e+003,9.488209e+001
2.399495e+003,9.488025e+001
2.399977e+003,9.487224e+001
2.400459e+003,9.486091e+001
2.400942e+003,9.484870e+001
2.401424e+003,9.483861e+001
2.401906e+003,9.483231e+001
2.402388e+003,9.483000e+001
2.402870e+003,9.483057e+001
2.403352e+003,9.483235e+001
2.403834e+003,9.483386e+001
2.404316e+003,9.483416e+001
2.404799e+003,9.483283e+001
2.405281e+003,9.482981e+001
2.405763e+003,9.482482e+001
2.406245e+003,9.481777e+001
2.406727e+003,9.480888e+001
2.407209e+003,9.479903e+001
2.407691e+003,9.478979e+001
2.408173e+003,9.478290e+001
2.408656e+003,9.477936e+001
2.409137e+003,9.477910e+001
2.409620e+003,9.478042e+001
2.410102e+003,9.478103e+001
2.410584e+003,9.477890e+001
2.411066e+003,9.477363e+001
2.411548e+003,9.476673e+001
2.412030e+003,9.476158e+001
2.412512e+003,9.476192e+001
2.412994e+003,9.477039e+001
2.413477e+003,9.478716e+001
2.413959e+003,9.480965e+001
2.414441e+003,9.483291e+001
2.414923e+003,9.485110e+001
2.415405e+003,9.485888e+001
2.415887e+003,9.485276e+001
2.416369e+003,9.483163e+001
2.416851e+003,9.479682e+001
2.417333e+003,9.475147e+001
2.417816e+003,9.469993e+001
2.418298e+003,9.464688e+001
2.418780e+003,9.459666e+001
2.419262e+003,9.455238e+001
2.419744e+003,9.451556e+001
2.420226e+003,9.448584e+001
2.420708e+003,9.446142e+001
2.421190e+003,9.443963e+001
2.421673e+003,9.441824e+001
2.422155e+003,9.439615e+001
2.422637e+003,9.437391e+001
2.423119e+003,9.435320e+001
2.423601e+003,9.433603e+001
2.424083e+003,9.432366e+001
2.424565e+003,9.431602e+001
2.425047e+003,9.431184e+001
2.425530e+003,9.430944e+001
2.426012e+003,9.430771e+001
2.426494e+003,9.430688e+001
2.426976e+003,9.430813e+001
2.427458e+003,9.431285e+001
2.427940e+003,9.432124e+001
2.428422e+003,9.433165e+001
2.428904e+003,9.434061e+001
2.429386e+003,9.434420e+001
2.429869e+003,9.433944e+001
2.430351e+003,9.432606e+001
2.430833e+003,9.430688e+001
2.431315e+003,9.428701e+001
2.431797e+003,9.427225e+001
2.432279e+003,9.426726e+001
2.432761e+003,9.427409e+001
2.433243e+003,9.429217e+001
2.433726e+003,9.431866e+001
2.434208e+003,9.434991e+001
2.434690e+003,9.438226e+001
2.435172e+003,9.441279e+001
2.435654e+003,9.443935e+001
2.436136e+003,9.446045e+001
2.436618e+003,9.447505e+001
2.437100e+003,9.448297e+001
2.437583e+003,9.448489e+001
2.438064e+003,9.448264e+001
2.438547e+003,9.447852e+001
2.439029e+003,9.447451e+001
2.439511e+003,9.447143e+001
2.439993e+003,9.446854e+001
2.440475e+003,9.446391e+001
2.440957e+003,9.445565e+001
2.441439e+003,9.444309e+001
2.441921e+003,9.442775e+001
2.442404e+003,9.441286e+001
2.442886e+003,9.440233e+001
2.443368e+003,9.439895e+001
2.443850e+003,9.440336e+001
2.444332e+003,9.441379e+001
2.444814e+003,9.442719e+001
2.445296e+003,9.444088e+001
2.445778e+003,9.445416e+001
2.446260e+003,9.446866e+001
2.446743e+003,9.448740e+001
2.447225e+003,9.451298e+001
2.447707e+003,9.454576e+001
2.448189e+003,9.458282e+001
2.448671e+003,9.461884e+001
2.449153e+003,9.464760e+001
2.449635e+003,9.466470e+001
2.450117e+003,9.466873e+001
2.450600e+003,9.466183e+001
2.451082e+003,9.464851e+001
2.451564e+003,9.463367e+001
2.452046e+003,9.462050e+001
2.452528e+003,9.460962e+001
2.453010e+003,9.459890e+001
2.453492e+003,9.458482e+001
2.453974e+003,9.456384e+001
2.454457e+003,9.453385e+001
2.454939e+003,9.449497e+001
2.455421e+003,9.444955e+001
2.455903e+003,9.440166e+001
2.456385e+003,9.435612e+001
2.456867e+003,9.431734e+001
2.457349e+003,9.428833e+001
2.457831e+003,9.426957e+001
2.458313e+003,9.425864e+001
2.458796e+003,9.425039e+001
2.459278e+003,9.423798e+001
2.459760e+003,9.421454e+001
2.460242e+003,9.417529e+001
2.460724e+003,9.411890e+001
2.461206e+003,9.404794e+001
2.461688e+003,9.396790e+001
2.462170e+003,9.388519e+001
2.462653e+003,9.380498e+001
2.463135e+003,9.372970e+001
2.463617e+003,9.365865e+001
2.464099e+003,9.358923e+001
2.464581e+003,9.351862e+001
2.465063e+003,9.344540e+001
2.465545e+003,9.337018e+001
2.466027e+003,9.329520e+001
2.466510e+003,9.322307e+001
2.466992e+003,9.315559e+001
2.467474e+003,9.309315e+001
2.467956e+003,9.303522e+001
2.468438e+003,9.298151e+001
2.468920e+003,9.293317e+001
2.469402e+003,9.289329e+001
2.469884e+003,9.286646e+001
2.470366e+003,9.285739e+001
2.470849e+003,9.286952e+001
2.471331e+003,9.290405e+001
2.471813e+003,9.295975e+001
2.472295e+003,9.303383e+001
2.472777e+003,9.312305e+001
2.473259e+003,9.322441e+001
2.473741e+003,9.333553e+001
2.474223e+003,9.345427e+001
2.474706e+003,9.357833e+001
2.475188e+003,9.370480e+001
2.475670e+003,9.383076e+001
2.476152e+003,9.395364e+001
2.476634e+003,9.407179e+001
2.477116e+003,9.418430e+001
2.477598e+003,9.429051e+001
2.478080e+003,9.438912e+001
2.478563e+003,9.447782e+001
2.479044e+003,9.455363e+001
2.479527e+003,9.461401e+001
2.480009e+003,9.465843e+001
2.480491e+003,9.468912e+001
2.480973e+003,9.471081e+001
2.481455e+003,9.472948e+001
2.481937e+003,9.475027e+001
2.482419e+003,9.477598e+001
2.482901e+003,9.480617e+001
2.483384e+003,9.483824e+001
2.483866e+003,9.486886e+001
2.484348e+003,9.489567e+001
2.484830e+003,9.491816e+001
2.485312e+003,9.493748e+001
2.485794e+003,9.495522e+001
2.486276e+003,9.497226e+001
2.486758e+003,9.498810e+001
2.487240e+003,9.500126e+001
2.487723e+003,9.501022e+001
2.488205e+003,9.501461e+001
2.488687e+003,9.501536e+001
2.489169e+003,9.501429e+001
2.489651e+003,9.501304e+001
2.490133e+003,9.501210e+001
2.490615e+003,9.501039e+001
2.491097e+003,9.500637e+001
2.491580e+003,9.499921e+001
2.492062e+003,9.499007e+001
2.492544e+003,9.498198e+001
2.493026e+003,9.497894e+001
2.493508e+003,9.498390e+001
2.493990e+003,9.499731e+001
2.494472e+003,9.501647e+001
2.494954e+003,9.503677e+001
2.495437e+003,9.505350e+001
2.495919e+003,9.506437e+001
2.496401e+003,9.507035e+001
2.496883e+003,9.507516e+001
2.497365e+003,9.508353e+001
2.497847e+003,9.509859e+001
2.498329e+003,9.512045e+001
2.498811e+003,9.514606e+001
2.499293e+003,9.517061e+001
2.499776e+003,9.518975e+001
2.500258e+003,9.520151e+001
2.500740e+003,9.520690e+001
2.501222e+003,9.520924e+001
2.501704e+003,9.521256e+001
2.502186e+003,9.521987e+001
2.502668e+003,9.523226e+001
2.503150e+003,9.524899e+001
2.503633e+003,9.526836e+001
2.504115e+003,9.528833e+001
2.504597e+003,9.530711e+001
2.505079e+003,9.532295e+001
2.505561e+003,9.533381e+001
2.506043e+003,9.533720e+001
2.506525e+003,9.533080e+001
2.507007e+003,9.531343e+001
2.507490e+003,9.528604e+001
2.507971e+003,9.525216e+001
2.508454e+003,9.521701e+001
2.508936e+003,9.518607e+001
2.509418e+003,9.516346e+001
2.509900e+003,9.515052e+001
2.510382e+003,9.514611e+001
2.510864e+003,9.514746e+001
2.511346e+003,9.515162e+001
2.511828e+003,9.515667e+001
2.512311e+003,9.516199e+001
2.512793e+003,9.516774e+001
2.513275e+003,9.517385e+001
2.513757e+003,9.517928e+001
2.514239e+003,9.518240e+001
2.514721e+003,9.518175e+001
2.515203e+003,9.517723e+001
2.515685e+003,9.517052e+001
2.516167e+003,9.516486e+001
2.516650e+003,9.516324e+001
2.517132e+003,9.516718e+001
2.517614e+003,9.517541e+001
2.518096e+003,9.518431e+001
2.518578e+003,9.518929e+001
2.519060e+003,9.518703e+001
2.519542e+003,9.517711e+001
2.520024e+003,9.516235e+001
2.520507e+003,9.514802e+001
2.520989e+003,9.513956e+001
2.521471e+003,9.514071e+001
2.521953e+003,9.515221e+001
2.522435e+003,9.517187e+001
2.522917e+003,9.519588e+001
2.523399e+003,9.522029e+001
2.523881e+003,9.524216e+001
2.524364e+003,9.526008e+001
2.524846e+003,9.527377e+001
2.525328e+003,9.528329e+001
2.525810e+003,9.528873e+001
2.526292e+003,9.529032e+001
2.526774e+003,9.528886e+001
2.527256e+003,9.528608e+001
2.527738e+003,9.528451e+001
2.528220e+003,9.528690e+001
2.528703e+003,9.529504e+001
2.529185e+003,9.530872e+001
2.529667e+003,9.532578e+001
2.530149e+003,9.534262e+001
2.530631e+003,9.535567e+001
2.531113e+003,9.536274e+001
2.531595e+003,9.536385e+001
2.532077e+003,9.536106e+001
2.532560e+003,9.535774e+001
2.533042e+003,9.535722e+001
2.533524e+003,9.536192e+001
2.534006e+003,9.537309e+001
2.534488e+003,9.539082e+001
2.534970e+003,9.541463e+001
2.535452e+003,9.544369e+001
2.535934e+003,9.547676e+001
2.536417e+003,9.551194e+001
2.536898e+003,9.554622e+001
2.537381e+003,9.557584e+001
2.537863e+003,9.559676e+001
2.538345e+003,9.560596e+001
2.538827e+003,9.560221e+001
2.539309e+003,9.558674e+001
2.539791e+003,9.556307e+001
2.540273e+003,9.553624e+001
2.540755e+003,9.551170e+001
2.541238e+003,9.549438e+001
2.541720e+003,9.548797e+001
2.542202e+003,9.549444e+001
2.542684e+003,9.551385e+001
2.543166e+003,9.554417e+001
2.543648e+003,9.558125e+001
2.544130e+003,9.561911e+001
2.544612e+003,9.565085e+001
2.545094e+003,9.566999e+001
2.545577e+003,9.567225e+001
2.546059e+003,9.565699e+001
2.546541e+003,9.562776e+001
2.547023e+003,9.559162e+001
2.547505e+003,9.555730e+001
2.547987e+003,9.553276e+001
2.548469e+003,9.552312e+001
2.548951e+003,9.552946e+001
2.549434e+003,9.554890e+001
2.549916e+003,9.557616e+001
2.550398e+003,9.560537e+001
2.550880e+003,9.563174e+001
2.551362e+003,9.565261e+001
2.551844e+003,9.566740e+001
2.552326e+003,9.567677e+001
2.552808e+003,9.568176e+001
2.553291e+003,9.568314e+001
2.553773e+003,9.568131e+001
2.554255e+003,9.567679e+001
2.554737e+003,9.567037e+001
2.555219e+003,9.566360e+001
2.555701e+003,9.565853e+001
2.556183e+003,9.565697e+001
2.556665e+003,9.565981e+001
2.557147e+003,9.566653e+001
2.557630e+003,9.567496e+001
2.558112e+003,9.568161e+001
2.558594e+003,9.568252e+001
2.559076e+003,9.567426e+001
2.559558e+003,9.565466e+001
2.560040e+003,9.562350e+001
2.560522e+003,9.558245e+001
2.561004e+003,9.553490e+001
2.561487e+003,9.548512e+001
2.561969e+003,9.543739e+001
2.562451e+003,9.539521e+001
2.562933e+003,9.536063e+001
2.563415e+003,9.533427e+001
2.563897e+003,9.531529e+001
2.564379e+003,9.530219e+001
2.564861e+003,9.529325e+001
2.565344e+003,9.528722e+001
2.565825e+003,9.528329e+001
2.566308e+003,9.528131e+001
2.566790e+003,9.528126e+001
2.567272e+003,9.528312e+001
2.567754e+003,9.528630e+001
2.568236e+003,9.528979e+001
2.568718e+003,9.529204e+001
2.569200e+003,9.529117e+001
2.569682e+003,9.528508e+001
2.570165e+003,9.527174e+001
2.570647e+003,9.524958e+001
2.571129e+003,9.521778e+001
2.571611e+003,9.517679e+001
2.572093e+003,9.512859e+001
2.572575e+003,9.507670e+001
2.573057e+003,9.502571e+001
2.573539e+003,9.498039e+001
2.574021e+003,9.494478e+001
2.574504e+003,9.492135e+001
2.574986e+003,9.491061e+001
2.575468e+003,9.491116e+001
2.575950e+003,9.492057e+001
2.576432e+003,9.493591e+001
2.576914e+003,9.495461e+001
2.577396e+003,9.497468e+001
2.577878e+003,9.499486e+001
2.578361e+003,9.501426e+001
2.578843e+003,9.503233e+001
2.579325e+003,9.504883e+001
2.579807e+003,9.506414e+001
2.580289e+003,9.507935e+001
2.580771e+003,9.509637e+001
2.581253e+003,9.511733e+001
2.581735e+003,9.514401e+001
2.582218e+003,9.517699e+001
2.582700e+003,9.521529e+001
2.583182e+003,9.525633e+001
2.583664e+003,9.529653e+001
2.584146e+003,9.533237e+001
2.584628e+003,9.536131e+001
2.585110e+003,9.538254e+001
2.585592e+003,9.539693e+001
2.586074e+003,9.540672e+001
2.586557e+003,9.541491e+001
2.587039e+003,9.542437e+001
2.587521e+003,9.543738e+001
2.588003e+003,9.545515e+001
2.588485e+003,9.547791e+001
2.588967e+003,9.550456e+001
2.589449e+003,9.553322e+001
2.589931e+003,9.556107e+001
2.590414e+003,9.558512e+001
2.590896e+003,9.560237e+001
2.591378e+003,9.561073e+001
2.591860e+003,9.560913e+001
2.592342e+003,9.559814e+001
2.592824e+003,9.557954e+001
2.593306e+003,9.555621e+001
2.593788e+003,9.553149e+001
2.594271e+003,9.550880e+001
2.594752e+003,9.549085e+001
2.595235e+003,9.547961e+001
2.595717e+003,9.547573e+001
2.596199e+003,9.547878e+001
2.596681e+003,9.548708e+001
2.597163e+003,9.549824e+001
2.597645e+003,9.550970e+001
2.598127e+003,9.551957e+001
2.598609e+003,9.552697e+001
2.599092e+003,9.553252e+001
2.599574e+003,9.553783e+001
2.600056e+003,9.554483e+001
2.600538e+003,9.555466e+001
2.601020e+003,9.556708e+001
2.601502e+003,9.558027e+001
2.601984e+003,9.559135e+001
2.602466e+003,9.559754e+001
2.602948e+003,9.559712e+001
2.603431e+003,9.559015e+001
2.603913e+003,9.557826e+001
2.604395e+003,9.556396e+001
2.604877e+003,9.554963e+001
2.605359e+003,9.553687e+001
2.605841e+003,9.552632e+001
2.606323e+003,9.551791e+001
2.606805e+003,9.551194e+001
2.607288e+003,9.550908e+001
2.607770e+003,9.551060e+001
2.608252e+003,9.551732e+001
2.608734e+003,9.552897e+001
2.609216e+003,9.554348e+001
2.609698e+003,9.555732e+001
2.610180e+003,9.556641e+001
2.610662e+003,9.556777e+001
2.611145e+003,9.556055e+001
2.611627e+003,9.554650e+001
2.612109e+003,9.552940e+001
2.612591e+003,9.551341e+001
2.613073e+003,9.550166e+001
2.613555e+003,9.549520e+001
2.614037e+003,9.549273e+001
2.614519e+003,9.549175e+001
2.615001e+003,9.548973e+001
2.615484e+003,9.548531e+001
2.615966e+003,9.547881e+001
2.616448e+003,9.547178e+001
2.616930e+003,9.546615e+001
2.617412e+003,9.546320e+001
2.617894e+003,9.546295e+001
2.618376e+003,9.546423e+001
2.618858e+003,9.546528e+001
2.619341e+003,9.546438e+001
2.619823e+003,9.546056e+001
2.620305e+003,9.545371e+001
2.620787e+003,9.544460e+001
2.621269e+003,9.543445e+001
2.621751e+003,9.542464e+001
2.622233e+003,9.541651e+001
2.622715e+003,9.541125e+001
2.623198e+003,9.540961e+001
2.623679e+003,9.541165e+001
2.624162e+003,9.541663e+001
2.624644e+003,9.542297e+001
2.625126e+003,9.542857e+001
2.625608e+003,9.543143e+001
2.626090e+003,9.543038e+001
2.626572e+003,9.542559e+001
2.627054e+003,9.541862e+001
2.627536e+003,9.541176e+001
2.628019e+003,9.540723e+001
2.628501e+003,9.540625e+001
2.628983e+003,9.540871e+001
2.629465e+003,9.541325e+001
2.629947e+003,9.541799e+001
2.630429e+003,9.542155e+001
2.630911e+003,9.542363e+001
2.631393e+003,9.542501e+001
2.631875e+003,9.542717e+001
2.632358e+003,9.543139e+001
2.632840e+003,9.543802e+001
2.633322e+003,9.544617e+001
2.633804e+003,9.545398e+001
2.634286e+003,9.545929e+001
2.634768e+003,9.546048e+001
2.635250e+003,9.545691e+001
2.635732e+003,9.544918e+001
2.636215e+003,9.543880e+001
2.636697e+003,9.542780e+001
2.637179e+003,9.541799e+001
2.637661e+003,9.541074e+001
2.638143e+003,9.540657e+001
2.638625e+003,9.540517e+001
2.639107e+003,9.540540e+001
2.639589e+003,9.540555e+001
2.640072e+003,9.540377e+001
2.640554e+003,9.539843e+001
2.641036e+003,9.538868e+001
2.641518e+003,9.537479e+001
2.642000e+003,9.535809e+001
2.642482e+003,9.534064e+001
2.642964e+003,9.532450e+001
2.643446e+003,9.531110e+001
2.643928e+003,9.530072e+001
2.644411e+003,9.529250e+001
2.644893e+003,9.528490e+001
2.645375e+003,9.527637e+001
2.645857e+003,9.526603e+001
2.646339e+003,9.525384e+001
2.646821e+003,9.524050e+001
2.647303e+003,9.522701e+001
2.647785e+003,9.521417e+001
2.648268e+003,9.520230e+001
2.648750e+003,9.519134e+001
2.649232e+003,9.518115e+001
2.649714e+003,9.517182e+001
2.650196e+003,9.516373e+001
2.650678e+003,9.515732e+001
2.651160e+003,9.515263e+001
2.651642e+003,9.514912e+001
2.652125e+003,9.514551e+001
2.652606e+003,9.514025e+001
2.653089e+003,9.513203e+001
2.653571e+003,9.512035e+001
2.654053e+003,9.510567e+001
2.654535e+003,9.508905e+001
2.655017e+003,9.507162e+001
2.655499e+003,9.505398e+001
2.655981e+003,9.503580e+001
2.656463e+003,9.501598e+001
2.656946e+003,9.499323e+001
2.657428e+003,9.496677e+001
2.657910e+003,9.493668e+001
2.658392e+003,9.490392e+001
2.658874e+003,9.487006e+001
2.659356e+003,9.483672e+001
2.659838e+003,9.480500e+001
2.660320e+003,9.477567e+001
2.660802e+003,9.474898e+001
2.661285e+003,9.472513e+001
2.661767e+003,9.470428e+001
2.662249e+003,9.468653e+001
2.662731e+003,9.467144e+001
2.663213e+003,9.465786e+001
2.663695e+003,9.464380e+001
2.664177e+003,9.462689e+001
2.664659e+003,9.460497e+001
2.665142e+003,9.457671e+001
2.665624e+003,9.454208e+001
2.666106e+003,9.450214e+001
2.666588e+003,9.445837e+001
2.667070e+003,9.441201e+001
2.667552e+003,9.436331e+001
2.668034e+003,9.431137e+001
2.668516e+003,9.425466e+001
2.668999e+003,9.419157e+001
2.669481e+003,9.412126e+001
2.669963e+003,9.404411e+001
2.670445e+003,9.396165e+001
2.670927e+003,9.387642e+001
2.671409e+003,9.379134e+001
2.671891e+003,9.370945e+001
2.672373e+003,9.363363e+001
2.672855e+003,9.356650e+001
2.673338e+003,9.351023e+001
2.673820e+003,9.346648e+001
2.674302e+003,9.343601e+001
2.674784e+003,9.341856e+001
2.675266e+003,9.341286e+001
2.675748e+003,9.341698e+001
2.676230e+003,9.342889e+001
2.676712e+003,9.344707e+001
2.677195e+003,9.347076e+001
2.677677e+003,9.349986e+001
2.678159e+003,9.353443e+001
2.678641e+003,9.357414e+001
2.679123e+003,9.361797e+001
2.679605e+003,9.366405e+001
2.680087e+003,9.371042e+001
2.680569e+003,9.375543e+001
2.681052e+003,9.379836e+001
2.681533e+003,9.383949e+001
2.682016e+003,9.387965e+001
2.682498e+003,9.391965e+001
2.682980e+003,9.395976e+001
2.683462e+003,9.399929e+001
2.683944e+003,9.403712e+001
2.684426e+003,9.407201e+001
2.684908e+003,9.410334e+001
2.685390e+003,9.413121e+001
2.685873e+003,9.415639e+001
2.686355e+003,9.417990e+001
2.686837e+003,9.420249e+001
2.687319e+003,9.422433e+001
2.687801e+003,9.424506e+001
2.688283e+003,9.426415e+001
2.688765e+003,9.428130e+001
2.689247e+003,9.429636e+001
2.689729e+003,9.430959e+001
2.690212e+003,9.432120e+001
2.690694e+003,9.433117e+001
2.691176e+003,9.433911e+001
2.691658e+003,9.434451e+001
2.692140e+003,9.434703e+001
2.692622e+003,9.434698e+001
2.693104e+003,9.434525e+001
2.693586e+003,9.434320e+001
2.694069e+003,9.434237e+001
2.694551e+003,9.434374e+001
2.695033e+003,9.434758e+001
2.695515e+003,9.435345e+001
2.695997e+003,9.436026e+001
2.696479e+003,9.436668e+001
2.696961e+003,9.437144e+001
2.697443e+003,9.437327e+001
2.697926e+003,9.437145e+001
2.698408e+003,9.436560e+001
2.698890e+003,9.435593e+001
2.699372e+003,9.434340e+001
2.699854e+003,9.432955e+001
2.700336e+003,9.431638e+001
2.700818e+003,9.430564e+001
2.701300e+003,9.429838e+001
2.701782e+003,9.429451e+001
2.702265e+003,9.429279e+001
2.702747e+003,9.429128e+001
2.703229e+003,9.428806e+001
2.703711e+003,9.428200e+001
2.704193e+003,9.427324e+001
2.704675e+003,9.426309e+001
2.705157e+003,9.425342e+001
2.705639e+003,9.424600e+001
2.706122e+003,9.424197e+001
2.706604e+003,9.424149e+001
2.707086e+003,9.424406e+001
2.707568e+003,9.424894e+001
2.708050e+003,9.425552e+001
2.708532e+003,9.426343e+001
2.709014e+003,9.427230e+001
2.709496e+003,9.428152e+001
2.709979e+003,9.429021e+001
2.710461e+003,9.429726e+001
2.710943e+003,9.430193e+001
2.711425e+003,9.430415e+001
2.711907e+003,9.430507e+001
2.712389e+003,9.430643e+001
2.712871e+003,9.431010e+001
2.713353e+003,9.431723e+001
2.713835e+003,9.432764e+001
2.714318e+003,9.433989e+001
2.714800e+003,9.435172e+001
2.715282e+003,9.436102e+001
2.715764e+003,9.436652e+001
2.716246e+003,9.436823e+001
2.716728e+003,9.436704e+001
2.717210e+003,9.436417e+001
2.717692e+003,9.436059e+001
2.718175e+003,9.435647e+001
2.718656e+003,9.435152e+001
2.719139e+003,9.434544e+001
2.719621e+003,9.433844e+001
2.720103e+003,9.433162e+001
2.720585e+003,9.432673e+001
2.721067e+003,9.432552e+001
2.721549e+003,9.432925e+001
2.722031e+003,9.433796e+001
2.722513e+003,9.435064e+001
2.722996e+003,9.436543e+001
2.723478e+003,9.438038e+001
2.723960e+003,9.439388e+001
2.724442e+003,9.440491e+001
2.724924e+003,9.441316e+001
2.725406e+003,9.441877e+001
2.725888e+003,9.442207e+001
2.726370e+003,9.442346e+001
2.726853e+003,9.442347e+001
2.727335e+003,9.442281e+001
2.727817e+003,9.442207e+001
2.728299e+003,9.442184e+001
2.728781e+003,9.442229e+001
2.729263e+003,9.442326e+001
2.729745e+003,9.442419e+001
2.730227e+003,9.442455e+001
2.730709e+003,9.442407e+001
2.731192e+003,9.442297e+001
2.731674e+003,9.442188e+001
2.732156e+003,9.442151e+001
2.732638e+003,9.442216e+001
2.733120e+003,9.442366e+001
2.733602e+003,9.442534e+001
2.734084e+003,9.442635e+001
2.734566e+003,9.442617e+001
2.735049e+003,9.442487e+001
2.735531e+003,9.442308e+001
2.736013e+003,9.442156e+001
2.736495e+003,9.442078e+001
2.736977e+003,9.442060e+001
2.737459e+003,9.442017e+001
2.737941e+003,9.441853e+001
2.738423e+003,9.441502e+001
2.738906e+003,9.440976e+001
2.739388e+003,9.440370e+001
2.739870e+003,9.439832e+001
2.740352e+003,9.439500e+001
2.740834e+003,9.439431e+001
2.741316e+003,9.439595e+001
2.741798e+003,9.439887e+001
2.742280e+003,9.440157e+001
2.742762e+003,9.440259e+001
2.743245e+003,9.440083e+001
2.743727e+003,9.439550e+001
2.744209e+003,9.438606e+001
2.744691e+003,9.437208e+001
2.745173e+003,9.435336e+001
2.745655e+003,9.433025e+001
2.746137e+003,9.430392e+001
2.746619e+003,9.427637e+001
2.747102e+003,9.425009e+001
2.747583e+003,9.422746e+001
2.748066e+003,9.420991e+001
2.748548e+003,9.419761e+001
2.749030e+003,9.418936e+001
2.749512e+003,9.418317e+001
2.749994e+003,9.417699e+001
2.750476e+003,9.416939e+001
2.750958e+003,9.415968e+001
2.751440e+003,9.414765e+001
2.751923e+003,9.413312e+001
2.752405e+003,9.411559e+001
2.752887e+003,9.409396e+001
2.753369e+003,9.406725e+001
2.753851e+003,9.403505e+001
2.754333e+003,9.399811e+001
2.754815e+003,9.395824e+001
2.755297e+003,9.391790e+001
2.755780e+003,9.387917e+001
2.756262e+003,9.384299e+001
2.756744e+003,9.380884e+001
2.757226e+003,9.377493e+001
2.757708e+003,9.373911e+001
2.758190e+003,9.369980e+001
2.758672e+003,9.365652e+001
2.759154e+003,9.361020e+001
2.759636e+003,9.356263e+001
2.760119e+003,9.351585e+001
2.760601e+003,9.347165e+001
2.761083e+003,9.343138e+001
2.761565e+003,9.339607e+001
2.762047e+003,9.336680e+001
2.762529e+003,9.334476e+001
2.763011e+003,9.333118e+001
2.763493e+003,9.332693e+001
2.763976e+003,9.333210e+001
2.764458e+003,9.334563e+001
2.764940e+003,9.336568e+001
2.765422e+003,9.338988e+001
2.765904e+003,9.341614e+001
2.766386e+003,9.344292e+001
2.766868e+003,9.346960e+001
2.767350e+003,9.349591e+001
2.767833e+003,9.352174e+001
2.768315e+003,9.354667e+001
2.768797e+003,9.356984e+001
2.769279e+003,9.359001e+001
2.769761e+003,9.360586e+001
2.770243e+003,9.361615e+001
2.770725e+003,9.361990e+001
2.771207e+003,9.361637e+001
2.771689e+003,9.360525e+001
2.772172e+003,9.358680e+001
2.772654e+003,9.356234e+001
2.773136e+003,9.353432e+001
2.773618e+003,9.350652e+001
2.774100e+003,9.348348e+001
2.774582e+003,9.346970e+001
2.775064e+003,9.346865e+001
2.775546e+003,9.348203e+001
2.776029e+003,9.350951e+001
2.776510e+003,9.354891e+001
2.776993e+003,9.359712e+001
2.777475e+003,9.365087e+001
2.777957e+003,9.370723e+001
2.778439e+003,9.376395e+001
2.778921e+003,9.381911e+001
2.779403e+003,9.387102e+001
2.779885e+003,9.391796e+001
2.780367e+003,9.395840e+001
2.780850e+003,9.399140e+001
2.781332e+003,9.401704e+001
2.781814e+003,9.403646e+001
2.782296e+003,9.405156e+001
2.782778e+003,9.406445e+001
2.783260e+003,9.407690e+001
2.783742e+003,9.408985e+001
2.784224e+003,9.410346e+001
2.784707e+003,9.411742e+001
2.785189e+003,9.413130e+001
2.785671e+003,9.414465e+001
2.786153e+003,9.415704e+001
2.786635e+003,9.416780e+001
2.787117e+003,9.417600e+001
2.787599e+003,9.418047e+001
2.788081e+003,9.418048e+001
2.788563e+003,9.417604e+001
2.789046e+003,9.416856e+001
2.789528e+003,9.416044e+001
2.790010e+003,9.415451e+001
2.790492e+003,9.415301e+001
2.790974e+003,9.415658e+001
2.791456e+003,9.416399e+001
2.791938e+003,9.417240e+001
2.792420e+003,9.417803e+001
2.792903e+003,9.417740e+001
2.793385e+003,9.416800e+001
2.793867e+003,9.414862e+001
2.794349e+003,9.411906e+001
2.794831e+003,9.407997e+001
2.795313e+003,9.403230e+001
2.795795e+003,9.397757e+001
2.796277e+003,9.391801e+001
2.796760e+003,9.385693e+001
2.797242e+003,9.379854e+001
2.797724e+003,9.374718e+001
2.798206e+003,9.370655e+001
2.798688e+003,9.367854e+001
2.799170e+003,9.366280e+001
2.799652e+003,9.365696e+001
2.800134e+003,9.365765e+001
2.800616e+003,9.366159e+001
2.801099e+003,9.366679e+001
2.801581e+003,9.367290e+001
2.802063e+003,9.368092e+001
2.802545e+003,9.369232e+001
2.803027e+003,9.370814e+001
2.803509e+003,9.372829e+001
2.803991e+003,9.375143e+001
2.804473e+003,9.377550e+001
2.804956e+003,9.379828e+001
2.805438e+003,9.381794e+001
2.805920e+003,9.383339e+001
2.806402e+003,9.384418e+001
2.806884e+003,9.385053e+001
2.807366e+003,9.385307e+001
2.807848e+003,9.385290e+001
2.808330e+003,9.385165e+001
2.808813e+003,9.385130e+001
2.809294e+003,9.385380e+001
2.809777e+003,9.386076e+001
2.810259e+003,9.387274e+001
2.810741e+003,9.388906e+001
2.811223e+003,9.390788e+001
2.811705e+003,9.392671e+001
2.812187e+003,9.394324e+001
2.812669e+003,9.395576e+001
2.813151e+003,9.396366e+001
2.813634e+003,9.396732e+001
2.814116e+003,9.396777e+001
2.814598e+003,9.396620e+001
2.815080e+003,9.396392e+001
2.815562e+003,9.396200e+001
2.816044e+003,9.396153e+001
2.816526e+003,9.396347e+001
2.817008e+003,9.396850e+001
2.817490e+003,9.397678e+001
2.817973e+003,9.398759e+001
2.818455e+003,9.399946e+001
2.818937e+003,9.401036e+001
2.819419e+003,9.401833e+001
2.819901e+003,9.402217e+001
2.820383e+003,9.402178e+001
2.820865e+003,9.401804e+001
2.821347e+003,9.401246e+001
2.821830e+003,9.400645e+001
2.822312e+003,9.400066e+001
2.822794e+003,9.399499e+001
2.823276e+003,9.398867e+001
2.823758e+003,9.398103e+001
2.824240e+003,9.397186e+001
2.824722e+003,9.396181e+001
2.825204e+003,9.395219e+001
2.825687e+003,9.394442e+001
2.826169e+003,9.393950e+001
2.826651e+003,9.393772e+001
2.827133e+003,9.393847e+001
2.827615e+003,9.394065e+001
2.828097e+003,9.394300e+001
2.828579e+003,9.394452e+001
2.829061e+003,9.394456e+001
2.829543e+003,9.394269e+001
2.830026e+003,9.393848e+001
2.830508e+003,9.393146e+001
2.830990e+003,9.392122e+001
2.831472e+003,9.390763e+001
2.831954e+003,9.389103e+001
2.832436e+003,9.387241e+001
2.832918e+003,9.385326e+001
2.833400e+003,9.383514e+001
2.833883e+003,9.381935e+001
2.834365e+003,9.380663e+001
2.834847e+003,9.379710e+001
2.835329e+003,9.379036e+001
2.835811e+003,9.378598e+001
2.836293e+003,9.378378e+001
2.836775e+003,9.378406e+001
2.837257e+003,9.378756e+001
2.837740e+003,9.379529e+001
2.838221e+003,9.380806e+001
2.838704e+003,9.382617e+001
2.839186e+003,9.384924e+001
2.839668e+003,9.387595e+001
2.840150e+003,9.390432e+001
2.840632e+003,9.393206e+001
2.841114e+003,9.395713e+001
2.841596e+003,9.397821e+001
2.842078e+003,9.399515e+001
2.842561e+003,9.400887e+001
2.843043e+003,9.402116e+001
2.843525e+003,9.403391e+001
2.844007e+003,9.404835e+001
2.844489e+003,9.406453e+001
2.844971e+003,9.408122e+001
2.845453e+003,9.409631e+001
2.845935e+003,9.410770e+001
2.846417e+003,9.411418e+001
2.846900e+003,9.411594e+001
2.847382e+003,9.411465e+001
2.847864e+003,9.411279e+001
2.848346e+003,9.411275e+001
2.848828e+003,9.411594e+001
2.849310e+003,9.412224e+001
2.849792e+003,9.413025e+001
2.850274e+003,9.413793e+001
2.850757e+003,9.414340e+001
2.851239e+003,9.414562e+001
2.851721e+003,9.414467e+001
2.852203e+003,9.414146e+001
2.852685e+003,9.413712e+001
2.853167e+003,9.413261e+001
2.853649e+003,9.412826e+001
2.854131e+003,9.412386e+001
2.854614e+003,9.411893e+001
2.855096e+003,9.411313e+001
2.855578e+003,9.410645e+001
2.856060e+003,9.409919e+001
2.856542e+003,9.409187e+001
2.857024e+003,9.408499e+001
2.857506e+003,9.407893e+001
2.857988e+003,9.407386e+001
2.858470e+003,9.406993e+001
2.858953e+003,9.406727e+001
2.859435e+003,9.406612e+001
2.859917e+003,9.406680e+001
2.860399e+003,9.406962e+001
2.860881e+003,9.407484e+001
2.861363e+003,9.408257e+001
2.861845e+003,9.409274e+001
2.862327e+003,9.410512e+001
2.862810e+003,9.411905e+001
2.863292e+003,9.413347e+001
2.863774e+003,9.414691e+001
2.864256e+003,9.415771e+001
2.864738e+003,9.416435e+001
2.865220e+003,9.416607e+001
2.865702e+003,9.416315e+001
2.866184e+003,9.415703e+001
2.866667e+003,9.414989e+001
2.867148e+003,9.414397e+001
2.867631e+003,9.414073e+001
2.868113e+003,9.414028e+001
2.868595e+003,9.414121e+001
2.869077e+003,9.414108e+001
2.869559e+003,9.413723e+001
2.870041e+003,9.412766e+001
2.870523e+003,9.411163e+001
2.871005e+003,9.408997e+001
2.871488e+003,9.406471e+001
2.871970e+003,9.403854e+001
2.872452e+003,9.401398e+001
2.872934e+003,9.399294e+001
2.873416e+003,9.397628e+001
2.873898e+003,9.396378e+001
2.874380e+003,9.395419e+001
2.874862e+003,9.394559e+001
2.875344e+003,9.393578e+001
2.875827e+003,9.392284e+001
2.876309e+003,9.390561e+001
2.876791e+003,9.388412e+001
2.877273e+003,9.385974e+001
2.877755e+003,9.383501e+001
2.878237e+003,9.381281e+001
2.878719e+003,9.379565e+001
2.879201e+003,9.378488e+001
2.879684e+003,9.378030e+001
2.880166e+003,9.378027e+001
2.880648e+003,9.378231e+001
2.881130e+003,9.378398e+001
2.881612e+003,9.378352e+001
2.882094e+003,9.378023e+001
2.882576e+003,9.377430e+001
2.883058e+003,9.376659e+001
2.883541e+003,9.375798e+001
2.884023e+003,9.374912e+001
2.884505e+003,9.374050e+001
2.884987e+003,9.373244e+001
2.885469e+003,9.372538e+001
2.885951e+003,9.371983e+001
2.886433e+003,9.371624e+001
2.886915e+003,9.371485e+001
2.887397e+003,9.371548e+001
2.887880e+003,9.371761e+001
2.888362e+003,9.372061e+001
2.888844e+003,9.372404e+001
2.889326e+003,9.372776e+001
2.889808e+003,9.373167e+001
2.890290e+003,9.373552e+001
2.890772e+003,9.373841e+001
2.891254e+003,9.373897e+001
2.891737e+003,9.373550e+001
2.892219e+003,9.372693e+001
2.892701e+003,9.371340e+001
2.893183e+003,9.369678e+001
2.893665e+003,9.368040e+001
2.894147e+003,9.366819e+001
2.894629e+003,9.366370e+001
2.895111e+003,9.366906e+001
2.895594e+003,9.368442e+001
2.896075e+003,9.370821e+001
2.896558e+003,9.373781e+001
2.897040e+003,9.377039e+001
2.897522e+003,9.380346e+001
2.898004e+003,9.383514e+001
2.898486e+003,9.386399e+001
2.898968e+003,9.388876e+001
2.899450e+003,9.390828e+001
2.899932e+003,9.392175e+001
2.900415e+003,9.392908e+001
2.900897e+003,9.393133e+001
2.901379e+003,9.393059e+001
2.901861e+003,9.392962e+001
2.902343e+003,9.393091e+001
2.902825e+003,9.393599e+001
2.903307e+003,9.394492e+001
2.903789e+003,9.395647e+001
2.904271e+003,9.396871e+001
2.904754e+003,9.397994e+001
2.905236e+003,9.398927e+001
2.905718e+003,9.399691e+001
2.906200e+003,9.400375e+001
2.906682e+003,9.401081e+001
2.907164e+003,9.401852e+001
2.907646e+003,9.402639e+001
2.908128e+003,9.403312e+001
2.908611e+003,9.403696e+001
2.909093e+003,9.403630e+001
2.909575e+003,9.403012e+001
2.910057e+003,9.401828e+001
2.910539e+003,9.400154e+001
2.911021e+003,9.398138e+001
2.911503e+003,9.395982e+001
2.911985e+003,9.393919e+001
2.912468e+003,9.392166e+001
2.912950e+003,9.390895e+001
2.913432e+003,9.390192e+001
2.913914e+003,9.390045e+001
2.914396e+003,9.390367e+001
2.914878e+003,9.391011e+001
2.915360e+003,9.391851e+001
2.915842e+003,9.392830e+001
2.916324e+003,9.393977e+001
2.916807e+003,9.395378e+001
2.917289e+003,9.397116e+001
2.917771e+003,9.399197e+001
2.918253e+003,9.401526e+001
2.918735e+003,9.403897e+001
2.919217e+003,9.406078e+001
2.919699e+003,9.407895e+001
2.920181e+003,9.409282e+001
2.920664e+003,9.410295e+001
2.921146e+003,9.411058e+001
2.921628e+003,9.411667e+001
2.922110e+003,9.412119e+001
2.922592e+003,9.412290e+001
2.923074e+003,9.411992e+001
2.923556e+003,9.411053e+001
2.924038e+003,9.409428e+001
2.924521e+003,9.407232e+001
2.925002e+003,9.404726e+001
2.925485e+003,9.402222e+001
2.925967e+003,9.399979e+001
2.926449e+003,9.398132e+001
2.926931e+003,9.396678e+001
2.927413e+003,9.395535e+001
2.927895e+003,9.394620e+001
2.928377e+003,9.393913e+001
2.928859e+003,9.393488e+001
2.929342e+003,9.393446e+001
2.929824e+003,9.393880e+001
2.930306e+003,9.394781e+001
2.930788e+003,9.396040e+001
2.931270e+003,9.397477e+001
2.931752e+003,9.398907e+001
2.932234e+003,9.400203e+001
2.932716e+003,9.401326e+001
2.933198e+003,9.402311e+001
2.933681e+003,9.403222e+001
2.934163e+003,9.404076e+001
2.934645e+003,9.404826e+001
2.935127e+003,9.405377e+001
2.935609e+003,9.405636e+001
2.936091e+003,9.405552e+001
2.936573e+003,9.405140e+001
2.937055e+003,9.404486e+001
2.937538e+003,9.403703e+001
2.938020e+003,9.402880e+001
2.938502e+003,9.402072e+001
2.938984e+003,9.401271e+001
2.939466e+003,9.400423e+001
2.939948e+003,9.399459e+001
2.940430e+003,9.398310e+001
2.940912e+003,9.396925e+001
2.941395e+003,9.395278e+001
2.941877e+003,9.393361e+001
2.942359e+003,9.391212e+001
2.942841e+003,9.388902e+001
2.943323e+003,9.386553e+001
2.943805e+003,9.384315e+001
2.944287e+003,9.382336e+001
2.944769e+003,9.380724e+001
2.945251e+003,9.379519e+001
2.945734e+003,9.378692e+001
2.946216e+003,9.378159e+001
2.946698e+003,9.377833e+001
2.947180e+003,9.377661e+001
2.947662e+003,9.377625e+001
2.948144e+003,9.377747e+001
2.948626e+003,9.378017e+001
2.949108e+003,9.378383e+001
2.949591e+003,9.378714e+001
2.950073e+003,9.378842e+001
2.950555e+003,9.378622e+001
2.951037e+003,9.377977e+001
2.951519e+003,9.376952e+001
2.952001e+003,9.375697e+001
2.952483e+003,9.374408e+001
2.952965e+003,9.373263e+001
2.953448e+003,9.372357e+001
2.953929e+003,9.371681e+001
2.954412e+003,9.371140e+001
2.954894e+003,9.370609e+001
2.955376e+003,9.369974e+001
2.955858e+003,9.369167e+001
2.956340e+003,9.368170e+001
2.956822e+003,9.366982e+001
2.957304e+003,9.365585e+001
2.957786e+003,9.363952e+001
2.958269e+003,9.362057e+001
2.958751e+003,9.359923e+001
2.959233e+003,9.357636e+001
2.959715e+003,9.355368e+001
2.960197e+003,9.353353e+001
2.960679e+003,9.351830e+001
2.961161e+003,9.351007e+001
2.961643e+003,9.351019e+001
2.962125e+003,9.351932e+001
2.962608e+003,9.353745e+001
2.963090e+003,9.356419e+001
2.963572e+003,9.359870e+001
2.964054e+003,9.363965e+001
2.964536e+003,9.368494e+001
2.965018e+003,9.373165e+001
2.965500e+003,9.377620e+001
2.965982e+003,9.381480e+001
2.966465e+003,9.384435e+001
2.966947e+003,9.386288e+001
2.967429e+003,9.387032e+001
2.967911e+003,9.386819e+001
2.968393e+003,9.385942e+001
2.968875e+003,9.384737e+001
2.969357e+003,9.383524e+001
2.969839e+003,9.382530e+001
2.970322e+003,9.381860e+001
2.970804e+003,9.381487e+001
2.971286e+003,9.381300e+001
2.971768e+003,9.381120e+001
2.972250e+003,9.380765e+001
2.972732e+003,9.380086e+001
2.973214e+003,9.378984e+001
2.973696e+003,9.377435e+001
2.974178e+003,9.375481e+001
2.974661e+003,9.373214e+001
2.975143e+003,9.370765e+001
2.975625e+003,9.368288e+001
2.976107e+003,9.365942e+001
2.976589e+003,9.363881e+001
2.977071e+003,9.362243e+001
2.977553e+003,9.361131e+001
2.978035e+003,9.360577e+001
2.978518e+003,9.360524e+001
2.979000e+003,9.360818e+001
2.979482e+003,9.361224e+001
2.979964e+003,9.361475e+001
2.980446e+003,9.361330e+001
2.980928e+003,9.360661e+001
2.981410e+003,9.359456e+001
2.981892e+003,9.357831e+001
2.982375e+003,9.355966e+001
2.982856e+003,9.354051e+001
2.983339e+003,9.352210e+001
2.983821e+003,9.350487e+001
2.984303e+003,9.348861e+001
2.984785e+003,9.347293e+001
2.985267e+003,9.345767e+001
2.985749e+003,9.344307e+001
2.986231e+003,9.342937e+001
2.986713e+003,9.341650e+001
2.987196e+003,9.340351e+001
2.987678e+003,9.338859e+001
2.988160e+003,9.336959e+001
2.988642e+003,9.334489e+001
2.989124e+003,9.331434e+001
2.989606e+003,9.327961e+001
2.990088e+003,9.324399e+001
2.990570e+003,9.321115e+001
2.991052e+003,9.318421e+001
2.991535e+003,9.316444e+001
2.992017e+003,9.315111e+001
2.992499e+003,9.314192e+001
2.992981e+003,9.313401e+001
2.993463e+003,9.312520e+001
2.993945e+003,9.311449e+001
2.994427e+003,9.310208e+001
2.994909e+003,9.308885e+001
2.995392e+003,9.307541e+001
2.995874e+003,9.306151e+001
2.996356e+003,9.304590e+001
2.996838e+003,9.302689e+001
2.997320e+003,9.300294e+001
2.997802e+003,9.297329e+001
2.998284e+003,9.293806e+001
2.998766e+003,9.289799e+001
2.999249e+003,9.285389e+001
2.999731e+003,9.280626e+001
3.000213e+003,9.275511e+001
3.000695e+003,9.270042e+001
3.001177e+003,9.264246e+001
3.001659e+003,9.258226e+001
3.002141e+003,9.252154e+001
3.002623e+003,9.246220e+001
3.003105e+003,9.240563e+001
3.003588e+003,9.235192e+001
3.004070e+003,9.229963e+001
3.004552e+003,9.224608e+001
3.005034e+003,9.218800e+001
3.005516e+003,9.212244e+001
3.005998e+003,9.204749e+001
3.006480e+003,9.196264e+001
3.006962e+003,9.186872e+001
3.007445e+003,9.176746e+001
3.007927e+003,9.166103e+001
3.008409e+003,9.155166e+001
3.008891e+003,9.144121e+001
3.009373e+003,9.133112e+001
3.009855e+003,9.122239e+001
3.010337e+003,9.111538e+001
3.010819e+003,9.101006e+001
3.011302e+003,9.090591e+001
3.011783e+003,9.080242e+001
3.012266e+003,9.069921e+001
3.012748e+003,9.059653e+001
3.013230e+003,9.049547e+001
3.013712e+003,9.039789e+001
3.014194e+003,9.030655e+001
3.014676e+003,9.022466e+001
3.015158e+003,9.015553e+001
3.015640e+003,9.010224e+001
3.016123e+003,9.006728e+001
3.016605e+003,9.005227e+001
3.017087e+003,9.005775e+001
3.017569e+003,9.008313e+001
3.018051e+003,9.012673e+001
3.018533e+003,9.018626e+001
3.019015e+003,9.025923e+001
3.019497e+003,9.034341e+001
3.019979e+003,9.043726e+001
3.020462e+003,9.053986e+001
3.020944e+003,9.065066e+001
3.021426e+003,9.076886e+001
3.021908e+003,9.089297e+001
3.022390e+003,9.102052e+001
3.022872e+003,9.114835e+001
3.023354e+003,9.127302e+001
3.023836e+003,9.139173e+001
3.024319e+003,9.150272e+001
3.024801e+003,9.160535e+001
3.025283e+003,9.169972e+001
3.025765e+003,9.178606e+001
3.026247e+003,9.186401e+001
3.026729e+003,9.193247e+001
3.027211e+003,9.198981e+001
3.027693e+003,9.203452e+001
3.028176e+003,9.206588e+001
3.028658e+003,9.208438e+001
3.029140e+003,9.209170e+001
3.029622e+003,9.209026e+001
3.030104e+003,9.208250e+001
3.030586e+003,9.207027e+001
3.031068e+003,9.205461e+001
3.031550e+003,9.203577e+001
3.032032e+003,9.201344e+001
3.032515e+003,9.198723e+001
3.032997e+003,9.195665e+001
3.033479e+003,9.192120e+001
3.033961e+003,9.188036e+001
3.034443e+003,9.183344e+001
3.034925e+003,9.178001e+001
3.035407e+003,9.172005e+001
3.035889e+003,9.165445e+001
3.036372e+003,9.158504e+001
3.036854e+003,9.151447e+001
3.037336e+003,9.144572e+001
3.037818e+003,9.138151e+001
3.038300e+003,9.132387e+001
3.038782e+003,9.127393e+001
3.039264e+003,9.123216e+001
3.039746e+003,9.119880e+001
3.040229e+003,9.117406e+001
3.040711e+003,9.115861e+001
3.041193e+003,9.115322e+001
3.041675e+003,9.115855e+001
3.042157e+003,9.117461e+001
3.042639e+003,9.120044e+001
3.043121e+003,9.123395e+001
3.043603e+003,9.127194e+001
3.044085e+003,9.131052e+001
3.044568e+003,9.134557e+001
3.045050e+003,9.137329e+001
3.045532e+003,9.139079e+001
3.046014e+003,9.139643e+001
3.046496e+003,9.139040e+001
3.046978e+003,9.137463e+001
3.047460e+003,9.135275e+001
3.047942e+003,9.132938e+001
3.048425e+003,9.130953e+001
3.048906e+003,9.129768e+001
3.049389e+003,9.129708e+001
3.049871e+003,9.130941e+001
3.050353e+003,9.133468e+001
3.050835e+003,9.137174e+001
3.051317e+003,9.141879e+001
3.051799e+003,9.147373e+001
3.052281e+003,9.153489e+001
3.052763e+003,9.160114e+001
3.053246e+003,9.167207e+001
3.053728e+003,9.174787e+001
3.054210e+003,9.182925e+001
3.054692e+003,9.191681e+001
3.055174e+003,9.201070e+001
3.055656e+003,9.211003e+001
3.056138e+003,9.221252e+001
3.056620e+003,9.231450e+001
3.057103e+003,9.241142e+001
3.057585e+003,9.249870e+001
3.058067e+003,9.257268e+001
3.058549e+003,9.263138e+001
3.059031e+003,9.267487e+001
3.059513e+003,9.270483e+001
3.059995e+003,9.272400e+001
3.060477e+003,9.273518e+001
3.060959e+003,9.274076e+001
3.061442e+003,9.274231e+001
3.061924e+003,9.274092e+001
3.062406e+003,9.273767e+001
3.062888e+003,9.273384e+001
3.063370e+003,9.273094e+001
3.063852e+003,9.273042e+001
3.064334e+003,9.273293e+001
3.064816e+003,9.273798e+001
3.065299e+003,9.274394e+001
3.065781e+003,9.274840e+001
3.066263e+003,9.274891e+001
3.066745e+003,9.274394e+001
3.067227e+003,9.273307e+001
3.067709e+003,9.271719e+001
3.068191e+003,9.269784e+001
3.068673e+003,9.267677e+001
3.069156e+003,9.265516e+001
3.069638e+003,9.263342e+001
3.070120e+003,9.261110e+001
3.070602e+003,9.258702e+001
3.071084e+003,9.255951e+001
3.071566e+003,9.252654e+001
3.072048e+003,9.248611e+001
3.072530e+003,9.243650e+001
3.073012e+003,9.237689e+001
3.073495e+003,9.230798e+001
3.073977e+003,9.223248e+001
3.074459e+003,9.215525e+001
3.074941e+003,9.208263e+001
3.075423e+003,9.202159e+001
3.075905e+003,9.197832e+001
3.076387e+003,9.195686e+001
3.076869e+003,9.195842e+001
3.077352e+003,9.198127e+001
3.077833e+003,9.202138e+001
3.078316e+003,9.207343e+001
3.078798e+003,9.213184e+001
3.079280e+003,9.219176e+001
3.079762e+003,9.224944e+001
3.080244e+003,9.230241e+001
3.080726e+003,9.234924e+001
3.081208e+003,9.238939e+001
3.081690e+003,9.242286e+001
3.082173e+003,9.245008e+001
3.082655e+003,9.247169e+001
3.083137e+003,9.248847e+001
3.083619e+003,9.250128e+001
3.084101e+003,9.251115e+001
3.084583e+003,9.251931e+001
3.085065e+003,9.252746e+001
3.085547e+003,9.253760e+001
3.086030e+003,9.255190e+001
3.086512e+003,9.257230e+001
3.086994e+003,9.259998e+001
3.087476e+003,9.263509e+001
3.087958e+003,9.267664e+001
3.088440e+003,9.272285e+001
3.088922e+003,9.277170e+001
3.089404e+003,9.282135e+001
3.089886e+003,9.287045e+001
3.090369e+003,9.291782e+001
3.090851e+003,9.296228e+001
3.091333e+003,9.300209e+001
3.091815e+003,9.303505e+001
3.092297e+003,9.305872e+001
3.092779e+003,9.307140e+001
3.093261e+003,9.307270e+001
3.093743e+003,9.306410e+001
3.094226e+003,9.304865e+001
3.094708e+003,9.303019e+001
3.095190e+003,9.301227e+001
3.095672e+003,9.299713e+001
3.096154e+003,9.298540e+001
3.096636e+003,9.297630e+001
3.097118e+003,9.296851e+001
3.097600e+003,9.296119e+001
3.098083e+003,9.295443e+001
3.098565e+003,9.294953e+001
3.099047e+003,9.294846e+001
3.099529e+003,9.295307e+001
3.100011e+003,9.296441e+001
3.100493e+003,9.298246e+001
3.100975e+003,9.300610e+001
3.101457e+003,9.303338e+001
3.101939e+003,9.306204e+001
3.102422e+003,9.308985e+001
3.102904e+003,9.311481e+001
3.103386e+003,9.313538e+001
3.103868e+003,9.315053e+001
3.104350e+003,9.315992e+001
3.104832e+003,9.316412e+001
3.105314e+003,9.316438e+001
3.105796e+003,9.316249e+001
3.106279e+003,9.316025e+001
3.106760e+003,9.315896e+001
3.107243e+003,9.315919e+001
3.107725e+003,9.316056e+001
3.108207e+003,9.316230e+001
3.108689e+003,9.316348e+001
3.109171e+003,9.316359e+001
3.109653e+003,9.316264e+001
3.110135e+003,9.316103e+001
3.110617e+003,9.315918e+001
3.111100e+003,9.315726e+001
3.111582e+003,9.315508e+001
3.112064e+003,9.315217e+001
3.112546e+003,9.314794e+001
3.113028e+003,9.314211e+001
3.113510e+003,9.313464e+001
3.113992e+003,9.312555e+001
3.114474e+003,9.311497e+001
3.114957e+003,9.310298e+001
3.115439e+003,9.308974e+001
3.115921e+003,9.307584e+001
3.116403e+003,9.306216e+001
3.116885e+003,9.305023e+001
3.117367e+003,9.304145e+001
3.117849e+003,9.303667e+001
3.118331e+003,9.303577e+001
3.118813e+003,9.303754e+001
3.119296e+003,9.304020e+001
3.119778e+003,9.304211e+001
3.120260e+003,9.304269e+001
3.120742e+003,9.304266e+001
3.121224e+003,9.304383e+001
3.121706e+003,9.304813e+001
3.122188e+003,9.305664e+001
3.122670e+003,9.306881e+001
3.123153e+003,9.308247e+001
3.123635e+003,9.309457e+001
3.124117e+003,9.310249e+001
3.124599e+003,9.310502e+001
3.125081e+003,9.310291e+001
3.125563e+003,9.309847e+001
3.126045e+003,9.309441e+001
3.126527e+003,9.309273e+001
3.127010e+003,9.309376e+001
3.127492e+003,9.309620e+001
3.127974e+003,9.309769e+001
3.128456e+003,9.309602e+001
3.128938e+003,9.308999e+001
3.129420e+003,9.307999e+001
3.129902e+003,9.306783e+001
3.130384e+003,9.305588e+001
3.130866e+003,9.304624e+001
3.131349e+003,9.303999e+001
3.131831e+003,9.303686e+001
3.132313e+003,9.303547e+001
3.132795e+003,9.303389e+001
3.133277e+003,9.303040e+001
3.133759e+003,9.302399e+001
3.134241e+003,9.301472e+001
3.134723e+003,9.300371e+001
3.135206e+003,9.299284e+001
3.135688e+003,9.298404e+001
3.136170e+003,9.297867e+001
3.136652e+003,9.297684e+001
3.137134e+003,9.297712e+001
3.137616e+003,9.297669e+001
3.138098e+003,9.297192e+001
3.138580e+003,9.295958e+001
3.139063e+003,9.293774e+001
3.139544e+003,9.290672e+001
3.140027e+003,9.286898e+001
3.140509e+003,9.282846e+001
3.140991e+003,9.278946e+001
3.141473e+003,9.275537e+001
3.141955e+003,9.272803e+001
3.142437e+003,9.270751e+001
3.142919e+003,9.269295e+001
3.143401e+003,9.268324e+001
3.143884e+003,9.267776e+001
3.144366e+003,9.267632e+001
3.144848e+003,9.267885e+001
3.145330e+003,9.268479e+001
3.145812e+003,9.269260e+001
3.146294e+003,9.270014e+001
3.146776e+003,9.270535e+001
3.147258e+003,9.270747e+001
3.147740e+003,9.270760e+001
3.148223e+003,9.270858e+001
3.148705e+003,9.271424e+001
3.149187e+003,9.272771e+001
3.149669e+003,9.275022e+001
3.150151e+003,9.278063e+001
3.150633e+003,9.281557e+001
3.151115e+003,9.285096e+001
3.151597e+003,9.288334e+001
3.152080e+003,9.291098e+001
3.152562e+003,9.293424e+001
3.153044e+003,9.295493e+001
3.153526e+003,9.297526e+001
3.154008e+003,9.299673e+001
3.154490e+003,9.301973e+001
3.154972e+003,9.304362e+001
3.155454e+003,9.306729e+001
3.155937e+003,9.308987e+001
3.156419e+003,9.311111e+001
3.156901e+003,9.313126e+001
3.157383e+003,9.315067e+001
3.157865e+003,9.316936e+001
3.158347e+003,9.318681e+001
3.158829e+003,9.320207e+001
3.159311e+003,9.321424e+001
3.159793e+003,9.322266e+001
3.160276e+003,9.322723e+001
3.160758e+003,9.322840e+001
3.161240e+003,9.322675e+001
3.161722e+003,9.322290e+001
3.162204e+003,9.321748e+001
3.162686e+003,9.321117e+001
3.163168e+003,9.320492e+001
3.163650e+003,9.319999e+001
3.164133e+003,9.319775e+001
3.164615e+003,9.319929e+001
3.165097e+003,9.320506e+001
3.165579e+003,9.321462e+001
3.166061e+003,9.322684e+001
3.166543e+003,9.324015e+001
3.167025e+003,9.325307e+001
3.167507e+003,9.326462e+001
3.167990e+003,9.327427e+001
3.168471e+003,9.328197e+001
3.168954e+003,9.328789e+001
3.169436e+003,9.329235e+001
3.169918e+003,9.329576e+001
3.170400e+003,9.329882e+001
3.170882e+003,9.330231e+001
3.171364e+003,9.330706e+001
3.171846e+003,9.331350e+001
3.172328e+003,9.332117e+001
3.172811e+003,9.332872e+001
3.173293e+003,9.333399e+001
3.173775e+003,9.333475e+001
3.174257e+003,9.332957e+001
3.174739e+003,9.331853e+001
3.175221e+003,9.330316e+001
3.175703e+003,9.328631e+001
3.176185e+003,9.327110e+001
3.176667e+003,9.326007e+001
3.177150e+003,9.325454e+001
3.177632e+003,9.325455e+001
3.178114e+003,9.325918e+001
3.178596e+003,9.326711e+001
3.179078e+003,9.327699e+001
3.179560e+003,9.328778e+001
3.180042e+003,9.329829e+001
3.180524e+003,9.330725e+001
3.181007e+003,9.331332e+001
3.181489e+003,9.331538e+001
3.181971e+003,9.331323e+001
3.182453e+003,9.330789e+001
3.182935e+003,9.330151e+001
3.183417e+003,9.329693e+001
3.183899e+003,9.329654e+001
3.184381e+003,9.330146e+001
3.184864e+003,9.331083e+001
3.185346e+003,9.332211e+001
3.185828e+003,9.333212e+001
3.186310e+003,9.333809e+001
3.186792e+003,9.333867e+001
3.187274e+003,9.333440e+001
3.187756e+003,9.332713e+001
3.188238e+003,9.331941e+001
3.188720e+003,9.331315e+001
3.189203e+003,9.330931e+001
3.189685e+003,9.330780e+001
3.190167e+003,9.330788e+001
3.190649e+003,9.330882e+001
3.191131e+003,9.331052e+001
3.191613e+003,9.331358e+001
3.192095e+003,9.331905e+001
3.192577e+003,9.332780e+001
3.193060e+003,9.334043e+001
3.193542e+003,9.335658e+001
3.194024e+003,9.337526e+001
3.194506e+003,9.339484e+001
3.194988e+003,9.341353e+001
3.195470e+003,9.342941e+001
3.195952e+003,9.344097e+001
3.196434e+003,9.344715e+001
3.196917e+003,9.344778e+001
3.197398e+003,9.344368e+001
3.197881e+003,9.343672e+001
3.198363e+003,9.342942e+001
3.198845e+003,9.342435e+001
3.199327e+003,9.342326e+001
3.199809e+003,9.342664e+001
3.200291e+003,9.343333e+001
3.200773e+003,9.344102e+001
3.201255e+003,9.344700e+001
3.201738e+003,9.344915e+001
3.202220e+003,9.344667e+001
3.202702e+003,9.344032e+001
3.203184e+003,9.343206e+001
3.203666e+003,9.342426e+001
3.204148e+003,9.341868e+001
3.204630e+003,9.341608e+001
3.205112e+003,9.341603e+001
3.205594e+003,9.341732e+001
3.206077e+003,9.341859e+001
3.206559e+003,9.341906e+001
3.207041e+003,9.341871e+001
3.207523e+003,9.341830e+001
3.208005e+003,9.341863e+001
3.208487e+003,9.342026e+001
3.208969e+003,9.342281e+001
3.209451e+003,9.342522e+001
3.209934e+003,9.342588e+001
3.210416e+003,9.342332e+001
3.210898e+003,9.341688e+001
3.211380e+003,9.340710e+001
3.211862e+003,9.339581e+001
3.212344e+003,9.338564e+001
3.212826e+003,9.337926e+001
3.213308e+003,9.337847e+001
3.213791e+003,9.338345e+001
3.214273e+003,9.339263e+001
3.214755e+003,9.340286e+001
3.215237e+003,9.341032e+001
3.215719e+003,9.341162e+001
3.216201e+003,9.340483e+001
3.216683e+003,9.338996e+001
3.217165e+003,9.336899e+001
3.217647e+003,9.334523e+001
3.218130e+003,9.332236e+001
3.218612e+003,9.330347e+001
3.219094e+003,9.329047e+001
3.219576e+003,9.328378e+001
3.220058e+003,9.328259e+001
3.220540e+003,9.328530e+001
3.221022e+003,9.328999e+001
3.221504e+003,9.329472e+001
3.221987e+003,9.329759e+001
3.222469e+003,9.329704e+001
3.222951e+003,9.329189e+001
3.223433e+003,9.328182e+001
3.223915e+003,9.326751e+001
3.224397e+003,9.325088e+001
3.224879e+003,9.323479e+001
3.225361e+003,9.322236e+001
3.225844e+003,9.321626e+001
3.226325e+003,9.321758e+001
3.226808e+003,9.322562e+001
3.227290e+003,9.323792e+001
3.227772e+003,9.325101e+001
3.228254e+003,9.326138e+001
3.228736e+003,9.326640e+001
3.229218e+003,9.326498e+001
3.229700e+003,9.325751e+001
3.230182e+003,9.324541e+001
3.230665e+003,9.323057e+001
3.231147e+003,9.321462e+001
3.231629e+003,9.319862e+001
3.232111e+003,9.318293e+001
3.232593e+003,9.316763e+001
3.233075e+003,9.315274e+001
3.233557e+003,9.313858e+001
3.234039e+003,9.312585e+001
3.234521e+003,9.311567e+001
3.235004e+003,9.310912e+001
3.235486e+003,9.310699e+001
3.235968e+003,9.310929e+001
3.236450e+003,9.311514e+001
3.236932e+003,9.312267e+001
3.237414e+003,9.312969e+001
3.237896e+003,9.313427e+001
3.238378e+003,9.313541e+001
3.238861e+003,9.313355e+001
3.239343e+003,9.313057e+001
3.239825e+003,9.312893e+001
3.240307e+003,9.313089e+001
3.240789e+003,9.313728e+001
3.241271e+003,9.314729e+001
3.241753e+003,9.315860e+001
3.242235e+003,9.316855e+001
3.242718e+003,9.317544e+001
3.243200e+003,9.317949e+001
3.243682e+003,9.318304e+001
3.244164e+003,9.318951e+001
3.244646e+003,9.320182e+001
3.245128e+003,9.322083e+001
3.245610e+003,9.324440e+001
3.246092e+003,9.326798e+001
3.246574e+003,9.328615e+001
3.247057e+003,9.329462e+001
3.247539e+003,9.329184e+001
3.248021e+003,9.327958e+001
3.248503e+003,9.326192e+001
3.248985e+003,9.324375e+001
3.249467e+003,9.322870e+001
3.249949e+003,9.321817e+001
3.250431e+003,9.321132e+001
3.250914e+003,9.320600e+001
3.251396e+003,9.320035e+001
3.251878e+003,9.319364e+001
3.252360e+003,9.318664e+001
3.252842e+003,9.318095e+001
3.253324e+003,9.317799e+001
3.253806e+003,9.317799e+001
3.254288e+003,9.318005e+001
3.254771e+003,9.318252e+001
3.255252e+003,9.318405e+001
3.255735e+003,9.318430e+001
3.256217e+003,9.318424e+001
3.256699e+003,9.318552e+001
3.257181e+003,9.318959e+001
3.257663e+003,9.319692e+001
3.258145e+003,9.320663e+001
3.258627e+003,9.321690e+001
3.259109e+003,9.322577e+001
3.259592e+003,9.323186e+001
3.260074e+003,9.323471e+001
3.260556e+003,9.323460e+001
3.261038e+003,9.323209e+001
3.261520e+003,9.322746e+001
3.262002e+003,9.322054e+001
3.262484e+003,9.321109e+001
3.262966e+003,9.319929e+001
3.263448e+003,9.318607e+001
3.263931e+003,9.317308e+001
3.264413e+003,9.316232e+001
3.264895e+003,9.315527e+001
3.265377e+003,9.315250e+001
3.265859e+003,9.315331e+001
3.266341e+003,9.315623e+001
3.266823e+003,9.315947e+001
3.267305e+003,9.316148e+001
3.267788e+003,9.316119e+001
3.268270e+003,9.315794e+001
3.268752e+003,9.315118e+001
3.269234e+003,9.314067e+001
3.269716e+003,9.312656e+001
3.270198e+003,9.310989e+001
3.270680e+003,9.309287e+001
3.271162e+003,9.307878e+001
3.271645e+003,9.307121e+001
3.272127e+003,9.307291e+001
3.272609e+003,9.308460e+001
3.273091e+003,9.310475e+001
3.273573e+003,9.312978e+001
3.274055e+003,9.315546e+001
3.274537e+003,9.317841e+001
3.275019e+003,9.319710e+001
3.275501e+003,9.321214e+001
3.275984e+003,9.322543e+001
3.276466e+003,9.323902e+001
3.276948e+003,9.325379e+001
3.277430e+003,9.326892e+001
3.277912e+003,9.328228e+001
3.278394e+003,9.329136e+001
3.278876e+003,9.329418e+001
3.279358e+003,9.328985e+001
3.279841e+003,9.327872e+001
3.280323e+003,9.326179e+001
3.280805e+003,9.324032e+001
3.281287e+003,9.321561e+001
3.281769e+003,9.318928e+001
3.282251e+003,9.316348e+001
3.282733e+003,9.314114e+001
3.283215e+003,9.312555e+001
3.283698e+003,9.311934e+001
3.284179e+003,9.312354e+001
3.284662e+003,9.313673e+001
3.285144e+003,9.315534e+001
3.285626e+003,9.317472e+001
3.286108e+003,9.319053e+001
3.286590e+003,9.320033e+001
3.287072e+003,9.320388e+001
3.287554e+003,9.320299e+001
3.288036e+003,9.320010e+001
3.288519e+003,9.319716e+001
3.289001e+003,9.319479e+001
3.289483e+003,9.319247e+001
3.289965e+003,9.318933e+001
3.290447e+003,9.318543e+001
3.290929e+003,9.318233e+001
3.291411e+003,9.318291e+001
3.291893e+003,9.319028e+001
3.292375e+003,9.320651e+001
3.292858e+003,9.323129e+001
3.293340e+003,9.326174e+001
3.293822e+003,9.329307e+001
3.294304e+003,9.331999e+001
3.294786e+003,9.333824e+001
3.295268e+003,9.334557e+001
3.295750e+003,9.334222e+001
3.296232e+003,9.333047e+001
3.296715e+003,9.331394e+001
3.297197e+003,9.329647e+001
3.297679e+003,9.328146e+001
3.298161e+003,9.327130e+001
3.298643e+003,9.326719e+001
3.299125e+003,9.326911e+001
3.299607e+003,9.327579e+001
3.300089e+003,9.328514e+001
3.300572e+003,9.329453e+001
3.301054e+003,9.330153e+001
3.301536e+003,9.330427e+001
3.302018e+003,9.330186e+001
3.302500e+003,9.329437e+001
3.302982e+003,9.328264e+001
3.303464e+003,9.326768e+001
3.303946e+003,9.325049e+001
3.304428e+003,9.323203e+001
3.304911e+003,9.321339e+001
3.305393e+003,9.319616e+001
3.305875e+003,9.318246e+001
3.306357e+003,9.317471e+001
3.306839e+003,9.317491e+001
3.307321e+003,9.318379e+001
3.307803e+003,9.320039e+001
3.308285e+003,9.322191e+001
3.308768e+003,9.324458e+001
3.309250e+003,9.326451e+001
3.309732e+003,9.327901e+001
3.310214e+003,9.328699e+001
3.310696e+003,9.328912e+001
3.311178e+003,9.328716e+001
3.311660e+003,9.328342e+001
3.312142e+003,9.327988e+001
3.312625e+003,9.327803e+001
3.313106e+003,9.327876e+001
3.313589e+003,9.328253e+001
3.314071e+003,9.328931e+001
3.314553e+003,9.329860e+001
3.315035e+003,9.330944e+001
3.315517e+003,9.332037e+001
3.315999e+003,9.332969e+001
3.316481e+003,9.333610e+001
3.316963e+003,9.333909e+001
3.317446e+003,9.333909e+001
3.317928e+003,9.333720e+001
3.318410e+003,9.333467e+001
3.318892e+003,9.333196e+001
3.319374e+003,9.332857e+001
3.319856e+003,9.332317e+001
3.320338e+003,9.331431e+001
3.320820e+003,9.330124e+001
3.321302e+003,9.328462e+001
3.321785e+003,9.326643e+001
3.322267e+003,9.324923e+001
3.322749e+003,9.323508e+001
3.323231e+003,9.322469e+001
3.323713e+003,9.321717e+001
3.324195e+003,9.321053e+001
3.324677e+003,9.320270e+001
3.325159e+003,9.319290e+001
3.325642e+003,9.318207e+001
3.326124e+003,9.317268e+001
3.326606e+003,9.316796e+001
3.327088e+003,9.317062e+001
3.327570e+003,9.318170e+001
3.328052e+003,9.320042e+001
3.328534e+003,9.322422e+001
3.329016e+003,9.324969e+001
3.329499e+003,9.327342e+001
3.329981e+003,9.329256e+001
3.330463e+003,9.330533e+001
3.330945e+003,9.331097e+001
3.331427e+003,9.330992e+001
3.331909e+003,9.330364e+001
3.332391e+003,9.329435e+001
3.332873e+003,9.328510e+001
3.333355e+003,9.327882e+001
3.333838e+003,9.327783e+001
3.334320e+003,9.328288e+001
3.334802e+003,9.329286e+001
3.335284e+003,9.330489e+001
3.335766e+003,9.331530e+001
3.336248e+003,9.332069e+001
3.336730e+003,9.331909e+001
3.337212e+003,9.331051e+001
3.337695e+003,9.329675e+001
3.338177e+003,9.328062e+001
3.338659e+003,9.326503e+001
3.339141e+003,9.325204e+001
3.339623e+003,9.324281e+001
3.340105e+003,9.323758e+001
3.340587e+003,9.323610e+001
3.341069e+003,9.323803e+001
3.341552e+003,9.324290e+001
3.342033e+003,9.324992e+001
3.342516e+003,9.325775e+001
3.342998e+003,9.326436e+001
3.343480e+003,9.326756e+001
3.343962e+003,9.326560e+001
3.344444e+003,9.325793e+001
3.344926e+003,9.324567e+001
3.345408e+003,9.323150e+001
3.345890e+003,9.321905e+001
3.346373e+003,9.321175e+001
3.346855e+003,9.321195e+001
3.347337e+003,9.322021e+001
3.347819e+003,9.323517e+001
3.348301e+003,9.325386e+001
3.348783e+003,9.327249e+001
3.349265e+003,9.328712e+001
3.349747e+003,9.329446e+001
3.350229e+003,9.329242e+001
3.350712e+003,9.328037e+001
3.351194e+003,9.325936e+001
3.351676e+003,9.323186e+001
3.352158e+003,9.320132e+001
3.352640e+003,9.317157e+001
3.353122e+003,9.314588e+001
3.353604e+003,9.312650e+001
3.354086e+003,9.311420e+001
3.354569e+003,9.310842e+001
3.355051e+003,9.310769e+001
3.355533e+003,9.311031e+001
3.356015e+003,9.311504e+001
3.356497e+003,9.312132e+001
3.356979e+003,9.312938e+001
3.357461e+003,9.313989e+001
3.357943e+003,9.315363e+001
3.358426e+003,9.317094e+001
3.358908e+003,9.319160e+001
3.359390e+003,9.321460e+001
3.359872e+003,9.323811e+001
3.360354e+003,9.325971e+001
3.360836e+003,9.327669e+001
3.361318e+003,9.328656e+001
3.361800e+003,9.328772e+001
3.362282e+003,9.328007e+001
3.362765e+003,9.326536e+001
3.363247e+003,9.324686e+001
3.363729e+003,9.322868e+001
3.364211e+003,9.321458e+001
3.364693e+003,9.320705e+001
3.365175e+003,9.320653e+001
3.365657e+003,9.321159e+001
3.366139e+003,9.321960e+001
3.366622e+003,9.322784e+001
3.367104e+003,9.323426e+001
3.367586e+003,9.323798e+001
3.368068e+003,9.323882e+001
3.368550e+003,9.323693e+001
3.369032e+003,9.323199e+001
3.369514e+003,9.322343e+001
3.369996e+003,9.321075e+001
3.370479e+003,9.319442e+001
3.370961e+003,9.317616e+001
3.371443e+003,9.315915e+001
3.371925e+003,9.314697e+001
3.372407e+003,9.314244e+001
3.372889e+003,9.314655e+001
3.373371e+003,9.315788e+001
3.373853e+003,9.317304e+001
3.374335e+003,9.318793e+001
3.374818e+003,9.319904e+001
3.375300e+003,9.320429e+001
3.375782e+003,9.320345e+001
3.376264e+003,9.319741e+001
3.376746e+003,9.318761e+001
3.377228e+003,9.317527e+001
3.377710e+003,9.316134e+001
3.378192e+003,9.314690e+001
3.378675e+003,9.313351e+001
3.379156e+003,9.312331e+001
3.379639e+003,9.311845e+001
3.380121e+003,9.312026e+001
3.380603e+003,9.312827e+001
3.381085e+003,9.313981e+001
3.381567e+003,9.315073e+001
3.382049e+003,9.315647e+001
3.382531e+003,9.315375e+001
3.383013e+003,9.314160e+001
3.383496e+003,9.312159e+001
3.383978e+003,9.309721e+001
3.384460e+003,9.307247e+001
3.384942e+003,9.305078e+001
3.385424e+003,9.303400e+001
3.385906e+003,9.302266e+001
3.386388e+003,9.301630e+001
3.386870e+003,9.301415e+001
3.387353e+003,9.301544e+001
3.387835e+003,9.301949e+001
3.388317e+003,9.302541e+001
3.388799e+003,9.303208e+001
3.389281e+003,9.303830e+001
3.389763e+003,9.304327e+001
3.390245e+003,9.304689e+001
3.390727e+003,9.304985e+001
3.391209e+003,9.305315e+001
3.391692e+003,9.305740e+001
3.392174e+003,9.306224e+001
3.392656e+003,9.306625e+001
3.393138e+003,9.306761e+001
3.393620e+003,9.306530e+001
3.394102e+003,9.305991e+001
3.394584e+003,9.305402e+001
3.395066e+003,9.305144e+001
3.395549e+003,9.305585e+001
3.396031e+003,9.306924e+001
3.396513e+003,9.309097e+001
3.396995e+003,9.311781e+001
3.397477e+003,9.314510e+001
3.397959e+003,9.316843e+001
3.398441e+003,9.318490e+001
3.398923e+003,9.319365e+001
3.399406e+003,9.319545e+001
3.399888e+003,9.319161e+001
3.400370e+003,9.318327e+001
3.400852e+003,9.317100e+001
3.401334e+003,9.315528e+001
3.401816e+003,9.313734e+001
3.402298e+003,9.311951e+001
3.402780e+003,9.310512e+001
3.403262e+003,9.309761e+001
3.403745e+003,9.309926e+001
3.404227e+003,9.311022e+001
3.404709e+003,9.312843e+001
3.405191e+003,9.315026e+001
3.405673e+003,9.317181e+001
3.406155e+003,9.318996e+001
3.406637e+003,9.320293e+001
3.407119e+003,9.321007e+001
3.407602e+003,9.321128e+001
3.408083e+003,9.320654e+001
3.408566e+003,9.319580e+001
3.409048e+003,9.317957e+001
3.409530e+003,9.315945e+001
3.410012e+003,9.313847e+001
3.410494e+003,9.312180e+001
3.410976e+003,9.311214e+001
3.411458e+003,9.311127e+001
3.411940e+003,9.311858e+001
3.412423e+003,9.313129e+001
3.412905e+003,9.314550e+001
3.413387e+003,9.315746e+001
3.413869e+003,9.316497e+001
3.414351e+003,9.316759e+001
3.414833e+003,9.316646e+001
3.415315e+003,9.316297e+001
3.415797e+003,9.315815e+001
3.416280e+003,9.315201e+001
3.416762e+003,9.314391e+001
3.417244e+003,9.313325e+001
3.417726e+003,9.312015e+001
3.418208e+003,9.310577e+001
3.418690e+003,9.309200e+001
3.419172e+003,9.308061e+001
3.419654e+003,9.307266e+001
3.420136e+003,9.306813e+001
3.420619e+003,9.306631e+001
3.421101e+003,9.306636e+001
3.421583e+003,9.306829e+001
3.422065e+003,9.307282e+001
3.422547e+003,9.308125e+001
3.423029e+003,9.309447e+001
3.423511e+003,9.311237e+001
3.423993e+003,9.313348e+001
3.424476e+003,9.315540e+001
3.424958e+003,9.317548e+001
3.425440e+003,9.319169e+001
3.425922e+003,9.320301e+001
3.426404e+003,9.320948e+001
3.426886e+003,9.321176e+001
3.427368e+003,9.321070e+001
3.427850e+003,9.320708e+001
3.428333e+003,9.320167e+001
3.428815e+003,9.319559e+001
3.429297e+003,9.319032e+001
3.429779e+003,9.318739e+001
3.430261e+003,9.318790e+001
3.430743e+003,9.319174e+001
3.431225e+003,9.319719e+001
3.431707e+003,9.320129e+001
3.432189e+003,9.320065e+001
3.432672e+003,9.319256e+001
3.433154e+003,9.317599e+001
3.433636e+003,9.315182e+001
3.434118e+003,9.312238e+001
3.434600e+003,9.309074e+001
3.435082e+003,9.305980e+001
3.435564e+003,9.303184e+001
3.436046e+003,9.300845e+001
3.436529e+003,9.299092e+001
3.437010e+003,9.298023e+001
3.437493e+003,9.297705e+001
3.437975e+003,9.298127e+001
3.438457e+003,9.299138e+001
3.438939e+003,9.300474e+001
3.439421e+003,9.301798e+001
3.439903e+003,9.302822e+001
3.440385e+003,9.303419e+001
3.440867e+003,9.303693e+001
3.441350e+003,9.303934e+001
3.441832e+003,9.304501e+001
3.442314e+003,9.305623e+001
3.442796e+003,9.307287e+001
3.443278e+003,9.309198e+001
3.443760e+003,9.310883e+001
3.444242e+003,9.311882e+001
3.444724e+003,9.311927e+001
3.445207e+003,9.311061e+001
3.445689e+003,9.309642e+001
3.446171e+003,9.308224e+001
3.446653e+003,9.307365e+001
3.447135e+003,9.307452e+001
3.447617e+003,9.308595e+001
3.448099e+003,9.310625e+001
3.448581e+003,9.313200e+001
3.449063e+003,9.315898e+001
3.449546e+003,9.318313e+001
3.450028e+003,9.320095e+001
3.450510e+003,9.320979e+001
3.450992e+003,9.320805e+001
3.451474e+003,9.319577e+001
3.451956e+003,9.317477e+001
3.452438e+003,9.314871e+001
3.452920e+003,9.312219e+001
3.453403e+003,9.309970e+001
3.453885e+003,9.308410e+001
3.454367e+003,9.307574e+001
3.454849e+003,9.307245e+001
3.455331e+003,9.307046e+001
3.455813e+003,9.306614e+001
3.456295e+003,9.305753e+001
3.456777e+003,9.304523e+001
3.457260e+003,9.303214e+001
3.457742e+003,9.302205e+001
3.458224e+003,9.301805e+001
3.458706e+003,9.302119e+001
3.459188e+003,9.302995e+001
3.459670e+003,9.304102e+001
3.460152e+003,9.305059e+001
3.460634e+003,9.305582e+001
3.461116e+003,9.305591e+001
3.461599e+003,9.305211e+001
3.462081e+003,9.304726e+001
3.462563e+003,9.304449e+001
3.463045e+003,9.304642e+001
3.463527e+003,9.305444e+001
3.464009e+003,9.306839e+001
3.464491e+003,9.308700e+001
3.464973e+003,9.310812e+001
3.465456e+003,9.312906e+001
3.465938e+003,9.314705e+001
3.466420e+003,9.315961e+001
3.466902e+003,9.316515e+001
3.467384e+003,9.316321e+001
3.467866e+003,9.315472e+001
3.468348e+003,9.314174e+001
3.468830e+003,9.312700e+001
3.469313e+003,9.311317e+001
3.469794e+003,9.310228e+001
3.470277e+003,9.309525e+001
3.470759e+003,9.309203e+001
3.471241e+003,9.309172e+001
3.471723e+003,9.309312e+001
3.472205e+003,9.309486e+001
3.472687e+003,9.309586e+001
3.473169e+003,9.309549e+001
3.473651e+003,9.309367e+001
3.474134e+003,9.309107e+001
3.474616e+003,9.308929e+001
3.475098e+003,9.309037e+001
3.475580e+003,9.309630e+001
3.476062e+003,9.310786e+001
3.476544e+003,9.312397e+001
3.477026e+003,9.314122e+001
3.477508e+003,9.315453e+001
3.477990e+003,9.315856e+001
3.478473e+003,9.314954e+001
3.478955e+003,9.312702e+001
3.479437e+003,9.309451e+001
3.479919e+003,9.305893e+001
3.480401e+003,9.302870e+001
3.480883e+003,9.301118e+001
3.481365e+003,9.301040e+001
3.481847e+003,9.302599e+001
3.482330e+003,9.305386e+001
3.482812e+003,9.308794e+001
3.483294e+003,9.312240e+001
3.483776e+003,9.315315e+001
3.484258e+003,9.317830e+001
3.484740e+003,9.319753e+001
3.485222e+003,9.321105e+001
3.485704e+003,9.321870e+001
3.486187e+003,9.321991e+001
3.486669e+003,9.321399e+001
3.487151e+003,9.320129e+001
3.487633e+003,9.318338e+001
3.488115e+003,9.316336e+001
3.488597e+003,9.314484e+001
3.489079e+003,9.313108e+001
3.489561e+003,9.312392e+001
3.490043e+003,9.312351e+001
3.490526e+003,9.312850e+001
3.491008e+003,9.313661e+001
3.491490e+003,9.314534e+001
3.491972e+003,9.315246e+001
3.492454e+003,9.315617e+001
3.492936e+003,9.315526e+001
3.493418e+003,9.314922e+001
3.493900e+003,9.313837e+001
3.494383e+003,9.312411e+001
3.494865e+003,9.310895e+001
3.495347e+003,9.309611e+001
3.495829e+003,9.308882e+001
3.496311e+003,9.308931e+001
3.496793e+003,9.309810e+001
3.497275e+003,9.311370e+001
3.497757e+003,9.313299e+001
3.498240e+003,9.315209e+001
3.498721e+003,9.316727e+001
3.499204e+003,9.317549e+001
3.499686e+003,9.317496e+001
3.500168e+003,9.316492e+001
3.500650e+003,9.314576e+001
3.501132e+003,9.311901e+001
3.501614e+003,9.308768e+001
3.502096e+003,9.305619e+001
3.502578e+003,9.303016e+001
3.503061e+003,9.301544e+001
3.503543e+003,9.301658e+001
3.504025e+003,9.303542e+001
3.504507e+003,9.307034e+001
3.504989e+003,9.311654e+001
3.505471e+003,9.316698e+001
3.505953e+003,9.321410e+001
3.506435e+003,9.325146e+001
3.506917e+003,9.327483e+001
3.507400e+003,9.328297e+001
3.507882e+003,9.327776e+001
3.508364e+003,9.326369e+001
3.508846e+003,9.324679e+001
3.509328e+003,9.323331e+001
3.509810e+003,9.322808e+001
3.510292e+003,9.323346e+001
3.510774e+003,9.324867e+001
3.511257e+003,9.327006e+001
3.511739e+003,9.329196e+001
3.512221e+003,9.330811e+001
3.512703e+003,9.331332e+001
3.513185e+003,9.330500e+001
3.513667e+003,9.328381e+001
3.514149e+003,9.325372e+001
3.514631e+003,9.322053e+001
3.515114e+003,9.319028e+001
3.515596e+003,9.316740e+001
3.516078e+003,9.315360e+001
3.516560e+003,9.314783e+001
3.517042e+003,9.314712e+001
3.517524e+003,9.314783e+001
3.518006e+003,9.314697e+001
3.518488e+003,9.314270e+001
3.518970e+003,9.313432e+001
3.519453e+003,9.312179e+001
3.519935e+003,9.310530e+001
3.520417e+003,9.308504e+001
3.520899e+003,9.306170e+001
3.521381e+003,9.303678e+001
3.521863e+003,9.301298e+001
3.522345e+003,9.299368e+001
3.522827e+003,9.298234e+001
3.523310e+003,9.298109e+001
3.523792e+003,9.299026e+001
3.524274e+003,9.300813e+001
3.524756e+003,9.303188e+001
3.525238e+003,9.305858e+001
3.525720e+003,9.308605e+001
3.526202e+003,9.311311e+001
3.526684e+003,9.313937e+001
3.527167e+003,9.316476e+001
3.527648e+003,9.318907e+001
3.528131e+003,9.321210e+001
3.528613e+003,9.323392e+001
3.529095e+003,9.325515e+001
3.529577e+003,9.327699e+001
3.530059e+003,9.330046e+001
3.530541e+003,9.332575e+001
3.531023e+003,9.335159e+001
3.531505e+003,9.337534e+001
3.531988e+003,9.339378e+001
3.532470e+003,9.340447e+001
3.532952e+003,9.340656e+001
3.533434e+003,9.340112e+001
3.533916e+003,9.339042e+001
3.534398e+003,9.337682e+001
3.534880e+003,9.336143e+001
3.535362e+003,9.334372e+001
3.535844e+003,9.332207e+001
3.536327e+003,9.329528e+001
3.536809e+003,9.326406e+001
3.537291e+003,9.323155e+001
3.537773e+003,9.320236e+001
3.538255e+003,9.318092e+001
3.538737e+003,9.316927e+001
3.539219e+003,9.316584e+001
3.539701e+003,9.316568e+001
3.540184e+003,9.316227e+001
3.540666e+003,9.314990e+001
3.541148e+003,9.312589e+001
3.541630e+003,9.309167e+001
3.542112e+003,9.305212e+001
3.542594e+003,9.301348e+001
3.543076e+003,9.298135e+001
3.543558e+003,9.295884e+001
3.544041e+003,9.294651e+001
3.544523e+003,9.294333e+001
3.545005e+003,9.294863e+001
3.545487e+003,9.296337e+001
3.545969e+003,9.299036e+001
3.546451e+003,9.303281e+001
3.546933e+003,9.309240e+001
3.547415e+003,9.316770e+001
3.547897e+003,9.325397e+001
3.548380e+003,9.334394e+001
3.548862e+003,9.342944e+001
3.549344e+003,9.350265e+001
3.549826e+003,9.355725e+001
3.550308e+003,9.358887e+001
3.550790e+003,9.359582e+001
3.551272e+003,9.357962e+001
3.551754e+003,9.354537e+001
3.552237e+003,9.350121e+001
3.552719e+003,9.345686e+001
3.553201e+003,9.342120e+001
3.553683e+003,9.340009e+001
3.554165e+003,9.339478e+001
3.554647e+003,9.340182e+001
3.555129e+003,9.341396e+001
3.555611e+003,9.342245e+001
3.556094e+003,9.341937e+001
3.556575e+003,9.339974e+001
3.557058e+003,9.336257e+001
3.557540e+003,9.331051e+001
3.558022e+003,9.324849e+001
3.558504e+003,9.318185e+001
3.558986e+003,9.311501e+001
3.559468e+003,9.305115e+001
3.559950e+003,9.299240e+001
3.560432e+003,9.294064e+001
3.560915e+003,9.289784e+001
3.561397e+003,9.286603e+001
3.561879e+003,9.284627e+001
3.562361e+003,9.283809e+001
3.562843e+003,9.283891e+001
3.563325e+003,9.284481e+001
3.563807e+003,9.285176e+001
3.564289e+003,9.285740e+001
3.564771e+003,9.286285e+001
3.565254e+003,9.287338e+001
3.565736e+003,9.289732e+001
3.566218e+003,9.294310e+001
3.566700e+003,9.301517e+001
3.567182e+003,9.311144e+001
3.567664e+003,9.322366e+001
3.568146e+003,9.334087e+001
3.568628e+003,9.345336e+001
3.569111e+003,9.355475e+001
3.569593e+003,9.364178e+001
3.570075e+003,9.371301e+001
3.570557e+003,9.376727e+001
3.571039e+003,9.380355e+001
3.571521e+003,9.382132e+001
3.572003e+003,9.382143e+001
3.572485e+003,9.380648e+001
3.572968e+003,9.378061e+001
3.573450e+003,9.374826e+001
3.573932e+003,9.371278e+001
3.574414e+003,9.367543e+001
3.574896e+003,9.363548e+001
3.575378e+003,9.359100e+001
3.575860e+003,9.354037e+001
3.576342e+003,9.348352e+001
3.576824e+003,9.342229e+001
3.577307e+003,9.336001e+001
3.577789e+003,9.330054e+001
3.578271e+003,9.324700e+001
3.578753e+003,9.320134e+001
3.579235e+003,9.316396e+001
3.579717e+003,9.313443e+001
3.580199e+003,9.311198e+001
3.580681e+003,9.309601e+001
3.581164e+003,9.308602e+001
3.581646e+003,9.308141e+001
3.582128e+003,9.308102e+001
3.582610e+003,9.308306e+001
3.583092e+003,9.308529e+001
3.583574e+003,9.308538e+001
3.584056e+003,9.308173e+001
3.584538e+003,9.307411e+001
3.585021e+003,9.306441e+001
3.585502e+003,9.305702e+001
3.585985e+003,9.305869e+001
3.586467e+003,9.307698e+001
3.586949e+003,9.311765e+001
3.587431e+003,9.318195e+001
3.587913e+003,9.326531e+001
3.588395e+003,9.335900e+001
3.588877e+003,9.345306e+001
3.589359e+003,9.353935e+001
3.589842e+003,9.361266e+001
3.590324e+003,9.367056e+001
3.590806e+003,9.371217e+001
3.591288e+003,9.373759e+001
3.591770e+003,9.374718e+001
3.592252e+003,9.374215e+001
3.592734e+003,9.372491e+001
3.593216e+003,9.369943e+001
3.593698e+003,9.367112e+001
3.594181e+003,9.364584e+001
3.594663e+003,9.362840e+001
3.595145e+003,9.362089e+001
3.595627e+003,9.362193e+001
3.596109e+003,9.362703e+001
3.596591e+003,9.362988e+001
3.597073e+003,9.362492e+001
3.597555e+003,9.360925e+001
3.598038e+003,9.358414e+001
3.598520e+003,9.355485e+001
3.599002e+003,9.352905e+001
3.599484e+003,9.351392e+001
3.599966e+003,9.351293e+001
3.600448e+003,9.352393e+001
3.600930e+003,9.353944e+001
3.601412e+003,9.354937e+001
3.601895e+003,9.354493e+001
3.602377e+003,9.352168e+001
3.602859e+003,9.348070e+001
3.603341e+003,9.342724e+001
3.603823e+003,9.336835e+001
3.604305e+003,9.331029e+001
3.604787e+003,9.325714e+001
3.605269e+003,9.321078e+001
3.605751e+003,9.317223e+001
3.606234e+003,9.314336e+001
3.606716e+003,9.312798e+001
3.607198e+003,9.313082e+001
3.607680e+003,9.315489e+001
3.608162e+003,9.319789e+001
3.608644e+003,9.325091e+001
3.609126e+003,9.330058e+001
3.609608e+003,9.333345e+001
3.610091e+003,9.334035e+001
3.610573e+003,9.331866e+001
3.611055e+003,9.327280e+001
3.611537e+003,9.321306e+001
3.612019e+003,9.315352e+001
3.612501e+003,9.310934e+001
3.612983e+003,9.309349e+001
3.613465e+003,9.311414e+001
3.613948e+003,9.317348e+001
3.614429e+003,9.326829e+001
3.614912e+003,9.339088e+001
3.615394e+003,9.353019e+001
3.615876e+003,9.367186e+001
3.616358e+003,9.379887e+001
3.616840e+003,9.389353e+001
3.617322e+003,9.394175e+001
3.617804e+003,9.393853e+001
3.618286e+003,9.389175e+001
3.618769e+003,9.382117e+001
3.619251e+003,9.375087e+001
3.619733e+003,9.369933e+001
3.620215e+003,9.367294e+001
3.620697e+003,9.366585e+001
3.621179e+003,9.366542e+001
3.621661e+003,9.365856e+001
3.622143e+003,9.363654e+001
3.622625e+003,9.359712e+001
3.623108e+003,9.354424e+001
3.623590e+003,9.348615e+001
3.624072e+003,9.343250e+001
3.624554e+003,9.339137e+001
3.625036e+003,9.336716e+001
3.625518e+003,9.335971e+001
3.626000e+003,9.336530e+001
3.626482e+003,9.337920e+001
3.626965e+003,9.339912e+001
3.627447e+003,9.342773e+001
3.627929e+003,9.347179e+001
3.628411e+003,9.353723e+001
3.628893e+003,9.362427e+001
3.629375e+003,9.372778e+001
3.629857e+003,9.384154e+001
3.630339e+003,9.396130e+001
3.630822e+003,9.408514e+001
3.631304e+003,9.421091e+001
3.631786e+003,9.433344e+001
3.632268e+003,9.444322e+001
3.632750e+003,9.452839e+001
3.633232e+003,9.457915e+001
3.633714e+003,9.459225e+001
3.634196e+003,9.457298e+001
3.634678e+003,9.453281e+001
3.635161e+003,9.448412e+001
3.635643e+003,9.443507e+001
3.636125e+003,9.438694e+001
3.636607e+003,9.433485e+001
3.637089e+003,9.427058e+001
3.637571e+003,9.418644e+001
3.638053e+003,9.407820e+001
3.638535e+003,9.394651e+001
3.639018e+003,9.379621e+001
3.639500e+003,9.363455e+001
3.639982e+003,9.346983e+001
3.640464e+003,9.331027e+001
3.640946e+003,9.316366e+001
3.641428e+003,9.303651e+001
3.641910e+003,9.293304e+001
3.642392e+003,9.285375e+001
3.642875e+003,9.279487e+001
3.643356e+003,9.274916e+001
3.643839e+003,9.270797e+001
3.644321e+003,9.266409e+001
3.644803e+003,9.261459e+001
3.645285e+003,9.256293e+001
3.645767e+003,9.251929e+001
3.646249e+003,9.249874e+001
3.646731e+003,9.251641e+001
3.647213e+003,9.258179e+001
3.647696e+003,9.269437e+001
3.648178e+003,9.284432e+001
3.648660e+003,9.301743e+001
3.649142e+003,9.320131e+001
3.649624e+003,9.338824e+001
3.650106e+003,9.357353e+001
3.650588e+003,9.375276e+001
3.651070e+003,9.392062e+001
3.651552e+003,9.407251e+001
3.652035e+003,9.420660e+001
3.652517e+003,9.432410e+001
3.652999e+003,9.442802e+001
3.653481e+003,9.452014e+001
3.653963e+003,9.459875e+001
3.654445e+003,9.465723e+001
3.654927e+003,9.468495e+001
3.655409e+003,9.467146e+001
3.655892e+003,9.461284e+001
3.656374e+003,9.451636e+001
3.656856e+003,9.439945e+001
3.657338e+003,9.428252e+001
3.657820e+003,9.418117e+001
3.658302e+003,9.410127e+001
3.658784e+003,9.403898e+001
3.659266e+003,9.398382e+001
3.659749e+003,9.392394e+001
3.660231e+003,9.385183e+001
3.660713e+003,9.376789e+001
3.661195e+003,9.368040e+001
3.661677e+003,9.360133e+001
3.662159e+003,9.354007e+001
3.662641e+003,9.349812e+001
3.663123e+003,9.346758e+001
3.663605e+003,9.343406e+001
3.664088e+003,9.338299e+001
3.664570e+003,9.330611e+001
3.665052e+003,9.320479e+001
3.665534e+003,9.308910e+001
3.666016e+003,9.297285e+001
3.666498e+003,9.286812e+001
3.666980e+003,9.278111e+001
3.667462e+003,9.271175e+001
3.667945e+003,9.265720e+001
3.668427e+003,9.261765e+001
3.668909e+003,9.260094e+001
3.669391e+003,9.262160e+001
3.669873e+003,9.269274e+001
3.670355e+003,9.281727e+001
3.670837e+003,9.298544e+001
3.671319e+003,9.318095e+001
3.671802e+003,9.338836e+001
3.672283e+003,9.359748e+001
3.672766e+003,9.380309e+001
3.673248e+003,9.400254e+001
3.673730e+003,9.419254e+001
3.674212e+003,9.436609e+001
3.674694e+003,9.451010e+001
3.675176e+003,9.460893e+001
3.675658e+003,9.465546e+001
3.676140e+003,9.465900e+001
3.676623e+003,9.464049e+001
3.677105e+003,9.462084e+001
3.677587e+003,9.461227e+001
3.678069e+003,9.461429e+001
3.678551e+003,9.461423e+001
3.679033e+003,9.459268e+001
3.679515e+003,9.453226e+001
3.679997e+003,9.442647e+001
3.680479e+003,9.428397e+001
3.680962e+003,9.412540e+001
3.681444e+003,9.397527e+001
3.681926e+003,9.385258e+001
3.682408e+003,9.376476e+001
3.682890e+003,9.370628e+001
3.683372e+003,9.366247e+001
3.683854e+003,9.361677e+001
3.684336e+003,9.355803e+001
3.684819e+003,9.348486e+001
3.685301e+003,9.340552e+001
3.685783e+003,9.333459e+001
3.686265e+003,9.328865e+001
3.686747e+003,9.328191e+001
3.687229e+003,9.332224e+001
3.687711e+003,9.340875e+001
3.688193e+003,9.353198e+001
3.688676e+003,9.367784e+001
3.689158e+003,9.383342e+001
3.689640e+003,9.398999e+001
3.690122e+003,9.414156e+001
3.690604e+003,9.428190e+001
3.691086e+003,9.440301e+001
3.691568e+003,9.449722e+001
3.692050e+003,9.456045e+001
3.692532e+003,9.459473e+001
3.693015e+003,9.460776e+001
3.693497e+003,9.460988e+001
3.693979e+003,9.461015e+001
3.694461e+003,9.461334e+001
3.694943e+003,9.461877e+001
3.695425e+003,9.462164e+001
3.695907e+003,9.461619e+001
3.696389e+003,9.459893e+001
3.696872e+003,9.457052e+001
3.697354e+003,9.453477e+001
3.697836e+003,9.449586e+001
3.698318e+003,9.445563e+001
3.698800e+003,9.441195e+001
3.699282e+003,9.435965e+001
3.699764e+003,9.429313e+001
3.700246e+003,9.420987e+001
3.700729e+003,9.411301e+001
3.701211e+003,9.401143e+001
3.701693e+003,9.391662e+001
3.702175e+003,9.383829e+001
3.702657e+003,9.378086e+001
3.703139e+003,9.374347e+001
3.703621e+003,9.372188e+001
3.704103e+003,9.371149e+001
3.704585e+003,9.370908e+001
3.705068e+003,9.371342e+001
3.705550e+003,9.372480e+001
3.706032e+003,9.374420e+001
3.706514e+003,9.377260e+001
3.706996e+003,9.381057e+001
3.707478e+003,9.385819e+001
3.707960e+003,9.391518e+001
3.708442e+003,9.398051e+001
3.708925e+003,9.405182e+001
3.709406e+003,9.412454e+001
3.709889e+003,9.419181e+001
3.710371e+003,9.424535e+001
3.710853e+003,9.427819e+001
3.711335e+003,9.428782e+001
3.711817e+003,9.427815e+001
3.712299e+003,9.425887e+001
3.712781e+003,9.424181e+001
3.713263e+003,9.423681e+001
3.713746e+003,9.424903e+001
3.714228e+003,9.427778e+001
3.714710e+003,9.431725e+001
3.715192e+003,9.435810e+001
3.715674e+003,9.438952e+001
3.716156e+003,9.440177e+001
3.716638e+003,9.438873e+001
3.717120e+003,9.434955e+001
3.717603e+003,9.428898e+001
3.718085e+003,9.421559e+001
3.718567e+003,9.413863e+001
3.719049e+003,9.406498e+001
3.719531e+003,9.399745e+001
3.720013e+003,9.393536e+001
3.720495e+003,9.387656e+001
3.720977e+003,9.382042e+001
3.721459e+003,9.376984e+001
3.721942e+003,9.373113e+001
3.722424e+003,9.371162e+001
3.722906e+003,9.371571e+001
3.723388e+003,9.374181e+001
3.723870e+003,9.378116e+001
3.724352e+003,9.381967e+001
3.724834e+003,9.384206e+001
3.725316e+003,9.383714e+001
3.725799e+003,9.380224e+001
3.726281e+003,9.374481e+001
3.726763e+003,9.367956e+001
3.727245e+003,9.362238e+001
3.727727e+003,9.358457e+001
3.728209e+003,9.357018e+001
3.728691e+003,9.357668e+001
3.729173e+003,9.359811e+001
3.729656e+003,9.362818e+001
3.730138e+003,9.366339e+001
3.730620e+003,9.370411e+001
3.731102e+003,9.375361e+001
3.731584e+003,9.381476e+001
3.732066e+003,9.388596e+001
3.732548e+003,9.395930e+001
3.733030e+003,9.402268e+001
3.733512e+003,9.406477e+001
3.733995e+003,9.408036e+001
3.734477e+003,9.407265e+001
3.734959e+003,9.405143e+001
3.735441e+003,9.402767e+001
3.735923e+003,9.400841e+001
3.736405e+003,9.399508e+001
3.736887e+003,9.398566e+001
3.737369e+003,9.397879e+001
3.737852e+003,9.397604e+001
3.738333e+003,9.398113e+001
3.738816e+003,9.399744e+001
3.739298e+003,9.402521e+001
3.739780e+003,9.406034e+001
3.740262e+003,9.409477e+001
3.740744e+003,9.411819e+001
3.741226e+003,9.411961e+001
3.741708e+003,9.408937e+001
3.742190e+003,9.402164e+001
3.742673e+003,9.391785e+001
3.743155e+003,9.378954e+001
3.743637e+003,9.365683e+001
3.744119e+003,9.354136e+001
3.744601e+003,9.345991e+001
3.745083e+003,9.342293e+001
3.745565e+003,9.343601e+001
3.746047e+003,9.350342e+001
3.746530e+003,9.362956e+001
3.747012e+003,9.381611e+001
3.747494e+003,9.405576e+001
3.747976e+003,9.432710e+001
3.748458e+003,9.459437e+001
3.748940e+003,9.481569e+001
3.749422e+003,9.495987e+001
3.749904e+003,9.502274e+001
3.750386e+003,9.502943e+001
3.750869e+003,9.501781e+001
3.751351e+003,9.501463e+001
3.751833e+003,9.502222e+001
3.752315e+003,9.502367e+001
3.752797e+003,9.499887e+001
3.753279e+003,9.493925e+001
3.753761e+003,9.485246e+001
3.754243e+003,9.475820e+001
3.754726e+003,9.467927e+001
3.755208e+003,9.463274e+001
3.755690e+003,9.462357e+001
3.756172e+003,9.464232e+001
3.756654e+003,9.466792e+001
3.757136e+003,9.467578e+001
3.757618e+003,9.464788e+001
3.758100e+003,9.458039e+001
3.758583e+003,9.448433e+001
3.759065e+003,9.437922e+001
3.759547e+003,9.428339e+001
3.760029e+003,9.420674e+001
3.760511e+003,9.414949e+001
3.760993e+003,9.410645e+001
3.761475e+003,9.407284e+001
3.761957e+003,9.404781e+001
3.762439e+003,9.403419e+001
3.762922e+003,9.403593e+001
3.763404e+003,9.405438e+001
3.763886e+003,9.408598e+001
3.764368e+003,9.412225e+001
3.764850e+003,9.415332e+001
3.765332e+003,9.417332e+001
3.765814e+003,9.418388e+001
3.766296e+003,9.419278e+001
3.766779e+003,9.420892e+001
3.767260e+003,9.423685e+001
3.767743e+003,9.427374e+001
3.768225e+003,9.430965e+001
3.768707e+003,9.433211e+001
3.769189e+003,9.433309e+001
3.769671e+003,9.431493e+001
3.770153e+003,9.429031e+001
3.770635e+003,9.427587e+001
3.771117e+003,9.428313e+001
3.771600e+003,9.431297e+001
3.772082e+003,9.435551e+001
3.772564e+003,9.439465e+001
3.773046e+003,9.441418e+001
3.773528e+003,9.440355e+001
3.774010e+003,9.436116e+001
3.774492e+003,9.429411e+001
3.774974e+003,9.421458e+001
3.775457e+003,9.413490e+001
3.775939e+003,9.406316e+001
3.776421e+003,9.400173e+001
3.776903e+003,9.394865e+001
3.777385e+003,9.390059e+001
3.777867e+003,9.385612e+001
3.778349e+003,9.381721e+001
3.778831e+003,9.378848e+001
3.779313e+003,9.377479e+001
3.779796e+003,9.377913e+001
3.780278e+003,9.380211e+001
3.780760e+003,9.384287e+001
3.781242e+003,9.390027e+001
3.781724e+003,9.397282e+001
3.782206e+003,9.405729e+001
3.782688e+003,9.414664e+001
3.783170e+003,9.422927e+001
3.783653e+003,9.429058e+001
3.784135e+003,9.431772e+001
3.784617e+003,9.430516e+001
3.785099e+003,9.425813e+001
3.785581e+003,9.419113e+001
3.786063e+003,9.412247e+001
3.786545e+003,9.406722e+001
3.787027e+003,9.403242e+001
3.787510e+003,9.401557e+001
3.787992e+003,9.400681e+001
3.788474e+003,9.399377e+001
3.788956e+003,9.396653e+001
3.789438e+003,9.392120e+001
3.789920e+003,9.386050e+001
3.790402e+003,9.379179e+001
3.790884e+003,9.372344e+001
3.791366e+003,9.366149e+001
3.791849e+003,9.360789e+001
3.792331e+003,9.356050e+001
3.792813e+003,9.351469e+001
3.793295e+003,9.346504e+001
3.793777e+003,9.340701e+001
3.794259e+003,9.333805e+001
3.794741e+003,9.325913e+001
3.795223e+003,9.317543e+001
3.795706e+003,9.309685e+001
3.796188e+003,9.303656e+001
3.796670e+003,9.300787e+001
3.797152e+003,9.302032e+001
3.797634e+003,9.307682e+001
3.798116e+003,9.317248e+001
3.798598e+003,9.329520e+001
3.799080e+003,9.342707e+001
3.799563e+003,9.354754e+001
3.800044e+003,9.363903e+001
3.800527e+003,9.369448e+001
3.801009e+003,9.372321e+001
3.801491e+003,9.374932e+001
3.801973e+003,9.380034e+001
3.802455e+003,9.389383e+001
3.802937e+003,9.403140e+001
3.803419e+003,9.420176e+001
3.803901e+003,9.438622e+001
3.804384e+003,9.456216e+001
3.804866e+003,9.470505e+001
3.805348e+003,9.479164e+001
3.805830e+003,9.480598e+001
3.806312e+003,9.474664e+001
3.806794e+003,9.462997e+001
3.807276e+003,9.448488e+001
3.807758e+003,9.434029e+001
3.808240e+003,9.421410e+001
3.808723e+003,9.411055e+001
3.809205e+003,9.402365e+001
3.809687e+003,9.394263e+001
3.810169e+003,9.385690e+001
3.810651e+003,9.376007e+001
3.811133e+003,9.365263e+001
3.811615e+003,9.354195e+001
3.812097e+003,9.343945e+001
3.812580e+003,9.335619e+001
3.813062e+003,9.329862e+001
3.813544e+003,9.326636e+001
3.814026e+003,9.325182e+001
3.814508e+003,9.324239e+001
3.814990e+003,9.322514e+001
3.815472e+003,9.319386e+001
3.815954e+003,9.315496e+001
3.816437e+003,9.312634e+001
3.816919e+003,9.312918e+001
3.817401e+003,9.317864e+001
3.817883e+003,9.327966e+001
3.818365e+003,9.342623e+001
3.818847e+003,9.360239e+001
3.819329e+003,9.378405e+001
3.819811e+003,9.394334e+001
3.820293e+003,9.405708e+001
3.820776e+003,9.411745e+001
3.821258e+003,9.413759e+001
3.821740e+003,9.414436e+001
3.822222e+003,9.416264e+001
3.822704e+003,9.420436e+001
3.823186e+003,9.426748e+001
3.823668e+003,9.433961e+001
3.824150e+003,9.440211e+001
3.824633e+003,9.443417e+001
3.825115e+003,9.441813e+001
3.825597e+003,9.434562e+001
3.826079e+003,9.422208e+001
3.826561e+003,9.406647e+001
3.827043e+003,9.390450e+001
3.827525e+003,9.375916e+001
3.828007e+003,9.364328e+001
3.828490e+003,9.355704e+001
3.828971e+003,9.349014e+001
3.829454e+003,9.342655e+001
3.829936e+003,9.335068e+001
3.830418e+003,9.325371e+001
3.830900e+003,9.313811e+001
3.831382e+003,9.301840e+001
3.831864e+003,9.291650e+001
3.832346e+003,9.285413e+001
3.832828e+003,9.284560e+001
3.833311e+003,9.289412e+001
3.833793e+003,9.299205e+001
3.834275e+003,9.312421e+001
3.834757e+003,9.327238e+001
3.835239e+003,9.341978e+001
3.835721e+003,9.355415e+001
3.836203e+003,9.366911e+001
3.836685e+003,9.376377e+001
3.837167e+003,9.384129e+001
3.837650e+003,9.390717e+001
3.838132e+003,9.396827e+001
3.838614e+003,9.403203e+001
3.839096e+003,9.410546e+001
3.839578e+003,9.419301e+001
3.840060e+003,9.429424e+001
3.840542e+003,9.440203e+001
3.841024e+003,9.450284e+001
3.841507e+003,9.457870e+001
3.841989e+003,9.461185e+001
3.842471e+003,9.459010e+001
3.842953e+003,9.451109e+001
3.843435e+003,9.438326e+001
3.843917e+003,9.422273e+001
3.844399e+003,9.404748e+001
3.844881e+003,9.387189e+001
3.845364e+003,9.370428e+001
3.845846e+003,9.354765e+001
3.846328e+003,9.340245e+001
3.846810e+003,9.326952e+001
3.847292e+003,9.315144e+001
3.847774e+003,9.305264e+001
3.848256e+003,9.297796e+001
3.848738e+003,9.293119e+001
3.849220e+003,9.291401e+001
3.849703e+003,9.292653e+001
3.850185e+003,9.296902e+001
3.850667e+003,9.304462e+001
3.851149e+003,9.316103e+001
3.851631e+003,9.332879e+001
3.852113e+003,9.355108e+001
3.852595e+003,9.380769e+001
3.853077e+003,9.404933e+001
3.853560e+003,9.422206e+001
3.854042e+003,9.430381e+001
3.854524e+003,9.431393e+001
3.855006e+003,9.429333e+001
3.855488e+003,9.428088e+001
3.855970e+003,9.429954e+001
3.856452e+003,9.435250e+001
3.856934e+003,9.442561e+001
3.857417e+003,9.449477e+001
3.857898e+003,9.453516e+001
3.858381e+003,9.453029e+001
3.858863e+003,9.447693e+001
3.859345e+003,9.438473e+001
3.859827e+003,9.427086e+001
3.860309e+003,9.415189e+001
3.860791e+003,9.403671e+001
3.861273e+003,9.392371e+001
3.861755e+003,9.380363e+001
3.862238e+003,9.366734e+001
3.862720e+003,9.351434e+001
3.863202e+003,9.335787e+001
3.863684e+003,9.322295e+001
3.864166e+003,9.313739e+001
3.864648e+003,9.311999e+001
3.865130e+003,9.317299e+001
3.865612e+003,9.328294e+001
3.866094e+003,9.342828e+001
3.866577e+003,9.358737e+001
3.867059e+003,9.374290e+001
3.867541e+003,9.388184e+001
3.868023e+003,9.399315e+001
3.868505e+003,9.406601e+001
3.868987e+003,9.409159e+001
3.869469e+003,9.406886e+001
3.869951e+003,9.401057e+001
3.870434e+003,9.394160e+001
3.870916e+003,9.388938e+001
3.871398e+003,9.387368e+001
3.871880e+003,9.390148e+001
3.872362e+003,9.396514e+001
3.872844e+003,9.404346e+001
3.873326e+003,9.410695e+001
3.873808e+003,9.412857e+001
3.874291e+003,9.409644e+001
3.874773e+003,9.402012e+001
3.875255e+003,9.392549e+001
3.875737e+003,9.384181e+001
3.876219e+003,9.378937e+001
3.876701e+003,9.377325e+001
3.877183e+003,9.378312e+001
3.877665e+003,9.379758e+001
3.878147e+003,9.379168e+001
3.878630e+003,9.374681e+001
3.879112e+003,9.365973e+001
3.879594e+003,9.354650e+001
3.880076e+003,9.343711e+001
3.880558e+003,9.336227e+001
3.881040e+003,9.334002e+001
3.881522e+003,9.337081e+001
3.882004e+003,9.344153e+001
3.882487e+003,9.353360e+001
3.882969e+003,9.362952e+001
3.883451e+003,9.371602e+001
3.883933e+003,9.378471e+001
3.884415e+003,9.383229e+001
3.884897e+003,9.386032e+001
3.885379e+003,9.387525e+001
3.885861e+003,9.388724e+001
3.886344e+003,9.390720e+001
3.886825e+003,9.394326e+001
3.887308e+003,9.399846e+001
3.887790e+003,9.406974e+001
3.888272e+003,9.414780e+001
3.888754e+003,9.421786e+001
3.889236e+003,9.426216e+001
3.889718e+003,9.426533e+001
3.890200e+003,9.422126e+001
3.890682e+003,9.413771e+001
3.891165e+003,9.403470e+001
3.891647e+003,9.393556e+001
3.892129e+003,9.385630e+001
3.892611e+003,9.379971e+001
3.893093e+003,9.375717e+001
3.893575e+003,9.371513e+001
3.894057e+003,9.366212e+001
3.894539e+003,9.359308e+001
3.895021e+003,9.351067e+001
3.895504e+003,9.342338e+001
3.895986e+003,9.334231e+001
3.896468e+003,9.327773e+001
3.896950e+003,9.323631e+001
3.897432e+003,9.322016e+001
3.897914e+003,9.322735e+001
3.898396e+003,9.325373e+001
3.898878e+003,9.329521e+001
3.899361e+003,9.334930e+001
3.899843e+003,9.341560e+001
3.900325e+003,9.349471e+001
3.900807e+003,9.358689e+001
3.901289e+003,9.369120e+001
3.901771e+003,9.380505e+001
3.902253e+003,9.392435e+001
3.902735e+003,9.404396e+001
3.903218e+003,9.415814e+001
3.903700e+003,9.426140e+001
3.904182e+003,9.434971e+001
3.904664e+003,9.442146e+001
3.905146e+003,9.447734e+001
3.905628e+003,9.451927e+001
3.906110e+003,9.454861e+001
3.906592e+003,9.456470e+001
3.907074e+003,9.456421e+001
3.907557e+003,9.454189e+001
3.908039e+003,9.449269e+001
3.908521e+003,9.441430e+001
3.909003e+003,9.430947e+001
3.909485e+003,9.418661e+001
3.909967e+003,9.405849e+001
3.910449e+003,9.393909e+001
3.910931e+003,9.383973e+001
3.911414e+003,9.376593e+001
3.911896e+003,9.371650e+001
3.912378e+003,9.368512e+001
3.912860e+003,9.366351e+001
3.913342e+003,9.364503e+001
3.913824e+003,9.362685e+001
3.914306e+003,9.361037e+001
3.914788e+003,9.359955e+001
3.915271e+003,9.359857e+001
3.915752e+003,9.360934e+001
3.916235e+003,9.363051e+001
3.916717e+003,9.365823e+001
3.917199e+003,9.368858e+001
3.917681e+003,9.371941e+001
3.918163e+003,9.375128e+001
3.918645e+003,9.378612e+001
3.919127e+003,9.382515e+001
3.919609e+003,9.386712e+001
3.920092e+003,9.390802e+001
3.920574e+003,9.394244e+001
3.921056e+003,9.396576e+001
3.921538e+003,9.397585e+001
3.922020e+003,9.397373e+001
3.922502e+003,9.396255e+001
3.922984e+003,9.394604e+001
3.923466e+003,9.392659e+001
3.923948e+003,9.390462e+001
3.924431e+003,9.387904e+001
3.924913e+003,9.384890e+001
3.925395e+003,9.381519e+001
3.925877e+003,9.378142e+001
3.926359e+003,9.375276e+001
3.926841e+003,9.373432e+001
3.927323e+003,9.372920e+001
3.927805e+003,9.373743e+001
3.928288e+003,9.375574e+001
3.928770e+003,9.377882e+001
3.929252e+003,9.380095e+001
3.929734e+003,9.381789e+001
3.930216e+003,9.382780e+001
3.930698e+003,9.383102e+001
3.931180e+003,9.382915e+001
3.931662e+003,9.382379e+001
3.932145e+003,9.381596e+001
3.932627e+003,9.380637e+001
3.933109e+003,9.379598e+001
3.933591e+003,9.378658e+001
3.934073e+003,9.378050e+001
3.934555e+003,9.377979e+001
3.935037e+003,9.378534e+001
3.935519e+003,9.379612e+001
3.936001e+003,9.380910e+001
3.936484e+003,9.382028e+001
3.936966e+003,9.382574e+001
3.937448e+003,9.382308e+001
3.937930e+003,9.381186e+001
3.938412e+003,9.379347e+001
3.938894e+003,9.377010e+001
3.939376e+003,9.374364e+001
3.939858e+003,9.371518e+001
3.940341e+003,9.368514e+001
3.940823e+003,9.365411e+001
3.941305e+003,9.362385e+001
3.941787e+003,9.359774e+001
3.942269e+003,9.358045e+001
3.942751e+003,9.357682e+001
3.943233e+003,9.359004e+001
3.943715e+003,9.362057e+001
3.944198e+003,9.366567e+001
3.944679e+003,9.371992e+001
3.945162e+003,9.377629e+001
3.945644e+003,9.382716e+001
3.946126e+003,9.386559e+001
3.946608e+003,9.388644e+001
3.947090e+003,9.388767e+001
3.947572e+003,9.387102e+001
3.948054e+003,9.384192e+001
3.948536e+003,9.380842e+001
3.949019e+003,9.377914e+001
3.949501e+003,9.376102e+001
3.949983e+003,9.375791e+001
3.950465e+003,9.376977e+001
3.950947e+003,9.379329e+001
3.951429e+003,9.382323e+001
3.951911e+003,9.385402e+001
3.952393e+003,9.388114e+001
3.952875e+003,9.390200e+001
3.953358e+003,9.391585e+001
3.953840e+003,9.392329e+001
3.954322e+003,9.392535e+001
3.954804e+003,9.392296e+001
3.955286e+003,9.391655e+001
3.955768e+003,9.390632e+001
3.956250e+003,9.389240e+001
3.956732e+003,9.387538e+001
3.957215e+003,9.385610e+001
3.957697e+003,9.383574e+001
3.958179e+003,9.381518e+001
3.958661e+003,9.379517e+001
3.959143e+003,9.377618e+001
3.959625e+003,9.375887e+001
3.960107e+003,9.374419e+001
3.960589e+003,9.373377e+001
3.961072e+003,9.372942e+001
3.961554e+003,9.373285e+001
3.962036e+003,9.374468e+001
3.962518e+003,9.376411e+001
3.963000e+003,9.378884e+001
3.963482e+003,9.381533e+001
3.963964e+003,9.383968e+001
3.964446e+003,9.385851e+001
3.964928e+003,9.386966e+001
3.965411e+003,9.387256e+001
3.965893e+003,9.386839e+001
3.966375e+003,9.385963e+001
3.966857e+003,9.384945e+001
3.967339e+003,9.384087e+001
3.967821e+003,9.383589e+001
3.968303e+003,9.383492e+001
3.968785e+003,9.383659e+001
3.969268e+003,9.383816e+001
3.969750e+003,9.383646e+001
3.970232e+003,9.382897e+001
3.970714e+003,9.381487e+001
3.971196e+003,9.379559e+001
3.971678e+003,9.377441e+001
3.972160e+003,9.375559e+001
3.972642e+003,9.374295e+001
3.973125e+003,9.373866e+001
3.973606e+003,9.374254e+001
3.974089e+003,9.375232e+001
3.974571e+003,9.376452e+001
3.975053e+003,9.377596e+001
3.975535e+003,9.378465e+001
3.976017e+003,9.379070e+001
3.976499e+003,9.379555e+001
3.976981e+003,9.380125e+001
3.977463e+003,9.380937e+001
3.977946e+003,9.382012e+001
3.978428e+003,9.383222e+001
3.978910e+003,9.384344e+001
3.979392e+003,9.385120e+001
3.979874e+003,9.385359e+001
3.980356e+003,9.384969e+001
3.980838e+003,9.383977e+001
3.981320e+003,9.382503e+001
3.981802e+003,9.380715e+001
3.982285e+003,9.378792e+001
3.982767e+003,9.376900e+001
3.983249e+003,9.375188e+001
3.983731e+003,9.373786e+001
3.984213e+003,9.372794e+001
3.984695e+003,9.372265e+001
3.985177e+003,9.372198e+001
3.985659e+003,9.372519e+001
3.986142e+003,9.373106e+001
3.986624e+003,9.373802e+001
3.987106e+003,9.374451e+001
3.987588e+003,9.374931e+001
3.988070e+003,9.375170e+001
3.988552e+003,9.375146e+001
3.989034e+003,9.374892e+001
3.989516e+003,9.374478e+001
3.989999e+003,9.374013e+001
3.990481e+003,9.373614e+001
3.990963e+003,9.373386e+001
3.991445e+003,9.373408e+001
3.991927e+003,9.373705e+001
3.992409e+003,9.374249e+001
3.992891e+003,9.374964e+001
3.993373e+003,9.375777e+001
3.993855e+003,9.376648e+001
3.994338e+003,9.377601e+001
3.994820e+003,9.378704e+001
3.995302e+003,9.380042e+001
3.995784e+003,9.381638e+001
3.996266e+003,9.383399e+001
3.996748e+003,9.385107e+001
3.997230e+003,9.386453e+001
3.997712e+003,9.387119e+001
3.998195e+003,9.386890e+001
3.998677e+003,9.385733e+001
3.999159e+003,9.383812e+001
3.999641e+003,9.381448e+001
4.000123e+003,9.379028e+001
