3.996747e+002,0.000000e+000
4.001569e+002,9.023058e+001
4.006390e+002,9.044698e+001
4.011211e+002,9.044746e+001
4.016032e+002,9.034199e+001
4.020853e+002,9.021671e+001
4.025674e+002,9.012234e+001
4.030496e+002,9.008353e+001
4.035317e+002,9.011559e+001
4.040138e+002,9.023935e+001
4.044959e+002,9.048158e+001
4.049780e+002,9.086302e+001
4.054601e+002,9.137923e+001
4.059423e+002,9.198931e+001
4.064244e+002,9.262255e+001
4.069065e+002,9.320602e+001
4.073886e+002,9.369556e+001
4.078707e+002,9.409540e+001
4.083528e+002,9.445272e+001
4.088350e+002,9.486353e+001
4.093171e+002,9.535381e+001
4.097992e+002,9.589452e+001
4.102813e+002,9.638618e+001
4.107634e+002,9.693681e+001
4.112455e+002,9.731902e+001
4.117277e+002,9.755968e+001
4.122098e+002,9.766483e+001
4.126919e+002,9.766354e+001
4.131740e+002,9.759113e+001
4.136561e+002,9.754913e+001
4.141382e+002,9.734218e+001
4.146204e+002,9.712778e+001
4.151025e+002,9.677280e+001
4.155846e+002,9.626931e+001
4.160667e+002,9.563241e+001
4.165488e+002,9.493137e+001
4.170309e+002,9.427241e+001
4.175131e+002,9.377996e+001
4.179952e+002,9.351138e+001
4.184773e+002,9.339750e+001
4.189594e+002,9.362372e+001
4.194415e+002,9.408044e+001
4.199236e+002,9.461476e+001
4.204058e+002,9.511993e+001
4.208879e+002,9.555684e+001
4.213700e+002,9.590033e+001
4.218521e+002,9.592857e+001
4.223342e+002,9.599374e+001
4.228163e+002,9.597294e+001
4.232985e+002,9.596169e+001
4.237806e+002,9.605513e+001
4.242627e+002,9.625104e+001
4.247448e+002,9.659423e+001
4.252269e+002,9.707325e+001
4.257090e+002,9.759129e+001
4.261912e+002,9.798639e+001
4.266733e+002,9.828825e+001
4.271554e+002,9.841777e+001
4.276375e+002,9.836860e+001
4.281196e+002,9.818100e+001
4.286017e+002,9.792763e+001
4.290839e+002,9.767582e+001
4.295660e+002,9.748526e+001
4.300481e+002,9.730209e+001
4.305302e+002,9.720187e+001
4.310123e+002,9.712765e+001
4.314944e+002,9.706165e+001
4.319766e+002,9.698473e+001
4.324587e+002,9.690359e+001
4.329408e+002,9.686086e+001
4.334229e+002,9.680177e+001
4.339050e+002,9.680295e+001
4.343871e+002,9.683236e+001
4.348693e+002,9.690015e+001
4.353514e+002,9.700407e+001
4.358335e+002,9.709842e+001
4.363156e+002,9.711543e+001
4.367977e+002,9.707392e+001
4.372798e+002,9.693586e+001
4.377620e+002,9.670184e+001
4.382441e+002,9.642270e+001
4.387262e+002,9.613172e+001
4.392083e+002,9.588387e+001
4.396904e+002,9.574050e+001
4.401725e+002,9.574110e+001
4.406547e+002,9.585516e+001
4.411368e+002,9.603899e+001
4.416189e+002,9.621983e+001
4.421010e+002,9.650201e+001
4.425831e+002,9.666756e+001
4.430652e+002,9.670227e+001
4.435474e+002,9.661251e+001
4.440295e+002,9.643541e+001
4.445116e+002,9.639331e+001
4.449937e+002,9.620705e+001
4.454758e+002,9.597856e+001
4.459579e+002,9.572247e+001
4.464401e+002,9.554633e+001
4.469222e+002,9.543452e+001
4.474043e+002,9.537698e+001
4.478864e+002,9.532534e+001
4.483685e+002,9.519706e+001
4.488506e+002,9.523450e+001
4.493328e+002,9.528595e+001
4.498149e+002,9.524172e+001
4.502970e+002,9.515202e+001
4.507791e+002,9.498576e+001
4.512612e+002,9.492216e+001
4.517433e+002,9.490955e+001
4.522255e+002,9.497034e+001
4.527076e+002,9.509624e+001
4.531897e+002,9.526424e+001
4.536718e+002,9.538057e+001
4.541539e+002,9.539581e+001
4.546360e+002,9.529233e+001
4.551182e+002,9.506870e+001
4.556003e+002,9.470933e+001
4.560824e+002,9.427606e+001
4.565645e+002,9.382975e+001
4.570466e+002,9.344446e+001
4.575287e+002,9.311310e+001
4.580109e+002,9.283247e+001
4.584930e+002,9.260986e+001
4.589751e+002,9.234119e+001
4.594572e+002,9.218613e+001
4.599393e+002,9.197318e+001
4.604214e+002,9.180701e+001
4.609036e+002,9.170653e+001
4.613857e+002,9.169596e+001
4.618678e+002,9.178753e+001
4.623499e+002,9.195019e+001
4.628320e+002,9.225505e+001
4.633141e+002,9.265226e+001
4.637963e+002,9.305162e+001
4.642784e+002,9.345222e+001
4.647605e+002,9.380605e+001
4.652426e+002,9.410905e+001
4.657247e+002,9.432486e+001
4.662068e+002,9.445580e+001
4.666890e+002,9.453569e+001
4.671711e+002,9.455009e+001
4.676532e+002,9.452534e+001
4.681353e+002,9.448527e+001
4.686174e+002,9.445213e+001
4.690995e+002,9.445902e+001
4.695817e+002,9.447416e+001
4.700638e+002,9.451180e+001
4.705459e+002,9.454679e+001
4.710280e+002,9.454451e+001
4.715101e+002,9.446529e+001
4.719922e+002,9.444204e+001
4.724744e+002,9.451862e+001
4.729565e+002,9.452154e+001
4.734386e+002,9.457583e+001
4.739207e+002,9.468568e+001
4.744028e+002,9.483810e+001
4.748849e+002,9.504102e+001
4.753671e+002,9.521358e+001
4.758492e+002,9.559186e+001
4.763313e+002,9.580740e+001
4.768134e+002,9.602821e+001
4.772955e+002,9.616948e+001
4.777776e+002,9.630708e+001
4.782598e+002,9.635927e+001
4.787419e+002,9.648240e+001
4.792240e+002,9.653939e+001
4.797061e+002,9.651746e+001
4.801882e+002,9.645901e+001
4.806703e+002,9.634547e+001
4.811525e+002,9.621420e+001
4.816346e+002,9.609895e+001
4.821167e+002,9.602289e+001
4.825988e+002,9.601405e+001
4.830809e+002,9.601305e+001
4.835630e+002,9.603044e+001
4.840452e+002,9.612900e+001
4.845273e+002,9.610703e+001
4.850094e+002,9.607370e+001
4.854915e+002,9.595401e+001
4.859736e+002,9.589728e+001
4.864557e+002,9.576545e+001
4.869379e+002,9.575687e+001
4.874200e+002,9.573318e+001
4.879021e+002,9.578021e+001
4.883842e+002,9.584601e+001
4.888663e+002,9.590092e+001
4.893484e+002,9.591695e+001
4.898306e+002,9.595940e+001
4.903127e+002,9.597164e+001
4.907948e+002,9.595714e+001
4.912769e+002,9.592240e+001
4.917590e+002,9.596857e+001
4.922411e+002,9.587976e+001
4.927233e+002,9.580943e+001
4.932054e+002,9.570464e+001
4.936875e+002,9.567724e+001
4.941696e+002,9.568639e+001
4.946517e+002,9.575906e+001
4.951339e+002,9.582375e+001
4.956160e+002,9.591744e+001
4.960981e+002,9.603395e+001
4.965802e+002,9.612723e+001
4.970623e+002,9.612948e+001
4.975444e+002,9.616113e+001
4.980266e+002,9.615480e+001
4.985087e+002,9.603822e+001
4.989908e+002,9.599351e+001
4.994729e+002,9.585270e+001
4.999550e+002,9.571694e+001
5.004371e+002,9.543753e+001
5.009193e+002,9.514750e+001
5.014014e+002,9.490072e+001
5.018835e+002,9.468366e+001
5.023656e+002,9.454579e+001
5.028477e+002,9.445988e+001
5.033299e+002,9.449177e+001
5.038120e+002,9.459020e+001
5.042941e+002,9.473551e+001
5.047762e+002,9.491784e+001
5.052583e+002,9.509544e+001
5.057404e+002,9.524995e+001
5.062226e+002,9.542197e+001
5.067047e+002,9.557283e+001
5.071868e+002,9.569329e+001
5.076689e+002,9.579674e+001
5.081510e+002,9.587115e+001
5.086331e+002,9.587738e+001
5.091153e+002,9.581147e+001
5.095974e+002,9.578314e+001
5.100795e+002,9.579311e+001
5.105616e+002,9.585020e+001
5.110437e+002,9.586662e+001
5.115258e+002,9.591423e+001
5.120079e+002,9.595709e+001
5.124901e+002,9.595669e+001
5.129722e+002,9.592423e+001
5.134543e+002,9.593724e+001
5.139364e+002,9.593769e+001
5.144185e+002,9.593011e+001
5.149006e+002,9.591763e+001
5.153828e+002,9.590294e+001
5.158649e+002,9.588754e+001
5.163470e+002,9.582343e+001
5.168291e+002,9.580641e+001
5.173112e+002,9.578519e+001
5.177933e+002,9.573911e+001
5.182755e+002,9.572751e+001
5.187576e+002,9.568754e+001
5.192397e+002,9.560650e+001
5.197218e+002,9.551591e+001
5.202039e+002,9.542365e+001
5.206860e+002,9.533834e+001
5.211682e+002,9.526575e+001
5.216503e+002,9.520631e+001
5.221324e+002,9.515372e+001
5.226145e+002,9.510152e+001
5.230966e+002,9.498816e+001
5.235787e+002,9.488895e+001
5.240609e+002,9.477435e+001
5.245430e+002,9.465334e+001
5.250251e+002,9.451431e+001
5.255072e+002,9.438574e+001
5.259893e+002,9.425706e+001
5.264714e+002,9.413832e+001
5.269536e+002,9.403494e+001
5.274357e+002,9.395266e+001
5.279178e+002,9.386317e+001
5.283999e+002,9.371260e+001
5.288821e+002,9.353297e+001
5.293641e+002,9.333158e+001
5.298463e+002,9.312270e+001
5.303284e+002,9.292444e+001
5.308105e+002,9.275407e+001
5.312926e+002,9.262402e+001
5.317748e+002,9.253891e+001
5.322568e+002,9.249520e+001
5.327390e+002,9.248264e+001
5.332211e+002,9.248792e+001
5.337032e+002,9.249886e+001
5.341853e+002,9.250969e+001
5.346675e+002,9.252281e+001
5.351495e+002,9.254842e+001
5.356317e+002,9.260165e+001
5.361138e+002,9.269731e+001
5.365959e+002,9.284423e+001
5.370780e+002,9.304118e+001
5.375602e+002,9.327533e+001
5.380422e+002,9.352560e+001
5.385244e+002,9.376762e+001
5.390065e+002,9.392882e+001
5.394886e+002,9.409486e+001
5.399707e+002,9.421723e+001
5.404529e+002,9.430101e+001
5.409349e+002,9.436112e+001
5.414171e+002,9.444633e+001
5.418992e+002,9.456055e+001
5.423813e+002,9.466831e+001
5.428634e+002,9.480570e+001
5.433456e+002,9.496465e+001
5.438276e+002,9.514163e+001
5.443098e+002,9.529369e+001
5.447919e+002,9.541227e+001
5.452740e+002,9.547884e+001
5.457561e+002,9.550703e+001
5.462383e+002,9.545139e+001
5.467203e+002,9.539962e+001
5.472025e+002,9.533953e+001
5.476846e+002,9.528905e+001
5.481667e+002,9.525436e+001
5.486488e+002,9.521500e+001
5.491310e+002,9.519527e+001
5.496130e+002,9.519195e+001
5.500952e+002,9.520807e+001
5.505773e+002,9.524847e+001
5.510594e+002,9.531756e+001
5.515415e+002,9.541693e+001
5.520237e+002,9.553422e+001
5.525057e+002,9.565393e+001
5.529879e+002,9.577562e+001
5.534700e+002,9.583820e+001
5.539521e+002,9.587905e+001
5.544342e+002,9.588035e+001
5.549164e+002,9.584160e+001
5.553984e+002,9.578354e+001
5.558806e+002,9.572083e+001
5.563627e+002,9.563802e+001
5.568448e+002,9.556536e+001
5.573269e+002,9.550581e+001
5.578091e+002,9.545821e+001
5.582911e+002,9.542020e+001
5.587733e+002,9.533724e+001
5.592554e+002,9.532977e+001
5.597375e+002,9.532046e+001
5.602196e+002,9.532053e+001
5.607018e+002,9.532970e+001
5.611838e+002,9.533946e+001
5.616660e+002,9.536923e+001
5.621481e+002,9.540892e+001
5.626302e+002,9.541063e+001
5.631123e+002,9.540024e+001
5.635945e+002,9.537802e+001
5.640765e+002,9.534706e+001
5.645587e+002,9.531300e+001
5.650408e+002,9.528361e+001
5.655229e+002,9.526775e+001
5.660050e+002,9.527414e+001
5.664872e+002,9.530922e+001
5.669692e+002,9.537516e+001
5.674514e+002,9.546845e+001
5.679335e+002,9.557996e+001
5.684156e+002,9.571228e+001
5.688977e+002,9.581814e+001
5.693799e+002,9.587026e+001
5.698619e+002,9.593790e+001
5.703441e+002,9.597963e+001
5.708262e+002,9.597034e+001
5.713083e+002,9.593433e+001
5.717904e+002,9.587841e+001
5.722726e+002,9.581087e+001
5.727546e+002,9.570645e+001
5.732368e+002,9.564279e+001
5.737189e+002,9.559689e+001
5.742010e+002,9.557401e+001
5.746831e+002,9.557436e+001
5.751653e+002,9.559166e+001
5.756473e+002,9.561446e+001
5.761295e+002,9.562954e+001
5.766116e+002,9.562707e+001
5.770938e+002,9.560402e+001
5.775758e+002,9.556544e+001
5.780580e+002,9.552132e+001
5.785400e+002,9.548164e+001
5.790222e+002,9.545129e+001
5.795043e+002,9.542707e+001
5.799865e+002,9.539850e+001
5.804685e+002,9.535181e+001
5.809507e+002,9.527527e+001
5.814327e+002,9.516351e+001
5.819149e+002,9.501876e+001
5.823970e+002,9.484862e+001
5.828792e+002,9.466167e+001
5.833612e+002,9.446381e+001
5.838434e+002,9.425626e+001
5.843254e+002,9.403619e+001
5.848076e+002,9.379802e+001
5.852897e+002,9.353379e+001
5.857719e+002,9.323108e+001
5.862539e+002,9.286939e+001
5.867361e+002,9.241724e+001
5.872181e+002,9.183266e+001
5.877003e+002,9.107569e+001
5.881824e+002,9.012278e+001
5.886646e+002,8.898317e+001
5.891466e+002,8.771137e+001
5.896288e+002,8.640953e+001
5.901108e+002,8.521632e+001
5.905930e+002,8.428310e+001
5.910751e+002,8.374175e+001
5.915573e+002,8.367265e+001
5.920393e+002,8.408363e+001
5.925215e+002,8.490700e+001
5.930035e+002,8.601659e+001
5.934857e+002,8.725857e+001
5.939678e+002,8.848580e+001
5.944500e+002,8.958511e+001
5.949320e+002,9.049160e+001
5.954142e+002,9.118828e+001
5.958962e+002,9.169479e+001
5.963784e+002,9.205078e+001
5.968605e+002,9.229967e+001
5.973427e+002,9.247791e+001
5.978247e+002,9.261052e+001
5.983069e+002,9.271168e+001
5.987889e+002,9.278764e+001
5.992711e+002,9.283874e+001
5.997532e+002,9.286010e+001
6.002354e+002,9.284054e+001
6.007174e+002,9.276234e+001
6.011996e+002,9.260311e+001
6.016816e+002,9.234079e+001
6.021638e+002,9.196118e+001
6.026459e+002,9.146535e+001
6.031281e+002,9.087448e+001
6.036101e+002,9.023048e+001
6.040923e+002,8.959054e+001
6.045743e+002,8.901762e+001
6.050565e+002,8.856867e+001
6.055386e+002,8.828358e+001
6.060208e+002,8.817805e+001
6.065029e+002,8.824174e+001
6.069850e+002,8.844188e+001
6.074671e+002,8.873177e+001
6.079492e+002,8.906104e+001
6.084313e+002,8.938596e+001
6.089135e+002,8.967659e+001
6.093956e+002,8.992009e+001
6.098777e+002,9.011940e+001
6.103598e+002,9.028823e+001
6.108419e+002,9.044412e+001
6.113240e+002,9.060164e+001
6.118062e+002,9.076745e+001
6.122883e+002,9.093820e+001
6.127704e+002,9.110204e+001
6.132525e+002,9.124220e+001
6.137346e+002,9.134199e+001
6.142167e+002,9.138937e+001
6.146989e+002,9.137970e+001
6.151810e+002,9.131670e+001
6.156631e+002,9.121109e+001
6.161452e+002,9.107780e+001
6.166273e+002,9.093263e+001
6.171094e+002,9.078919e+001
6.175916e+002,9.065701e+001
6.180737e+002,9.054110e+001
6.185558e+002,9.044336e+001
6.190379e+002,9.036453e+001
6.195200e+002,9.030676e+001
6.200021e+002,9.027587e+001
6.204843e+002,9.028256e+001
6.209664e+002,9.034109e+001
6.214485e+002,9.046642e+001
6.219306e+002,9.066932e+001
6.224127e+002,9.095216e+001
6.228948e+002,9.130637e+001
6.233770e+002,9.171265e+001
6.238591e+002,9.214446e+001
6.243412e+002,9.257356e+001
6.248233e+002,9.297583e+001
6.253054e+002,9.333595e+001
6.257875e+002,9.364914e+001
6.262697e+002,9.391957e+001
6.267518e+002,9.415611e+001
6.272339e+002,9.436720e+001
6.277160e+002,9.455679e+001
6.281981e+002,9.472270e+001
6.286802e+002,9.485789e+001
6.291624e+002,9.495386e+001
6.296445e+002,9.500462e+001
6.301266e+002,9.500977e+001
6.306087e+002,9.497601e+001
6.310908e+002,9.491608e+001
6.315729e+002,9.484636e+001
6.320551e+002,9.478345e+001
6.325372e+002,9.474102e+001
6.330193e+002,9.472736e+001
6.335014e+002,9.474399e+001
6.339835e+002,9.478562e+001
6.344656e+002,9.484187e+001
6.349478e+002,9.489984e+001
6.354299e+002,9.494769e+001
6.359120e+002,9.497791e+001
6.363941e+002,9.498919e+001
6.368762e+002,9.498655e+001
6.373583e+002,9.497856e+001
6.378405e+002,9.497361e+001
6.383226e+002,9.497607e+001
6.388047e+002,9.498390e+001
6.392868e+002,9.498936e+001
6.397689e+002,9.498180e+001
6.402510e+002,9.495220e+001
6.407332e+002,9.489686e+001
6.412153e+002,9.481875e+001
6.416974e+002,9.472604e+001
6.421795e+002,9.462856e+001
6.426616e+002,9.453365e+001
6.431437e+002,9.444394e+001
6.436259e+002,9.435736e+001
6.441080e+002,9.426974e+001
6.445901e+002,9.417795e+001
6.450722e+002,9.408249e+001
6.455543e+002,9.398753e+001
6.460364e+002,9.389914e+001
6.465186e+002,9.382223e+001
6.470007e+002,9.375834e+001
6.474828e+002,9.370495e+001
6.479649e+002,9.365701e+001
6.484470e+002,9.360934e+001
6.489291e+002,9.355888e+001
6.494113e+002,9.350496e+001
6.498934e+002,9.344781e+001
6.503755e+002,9.338573e+001
6.508576e+002,9.331294e+001
6.513397e+002,9.322015e+001
6.518218e+002,9.309691e+001
6.523040e+002,9.293590e+001
6.527861e+002,9.273663e+001
6.532682e+002,9.250655e+001
6.537503e+002,9.225964e+001
6.542324e+002,9.201222e+001
6.547145e+002,9.177856e+001
6.551967e+002,9.156707e+001
6.556788e+002,9.137858e+001
6.561609e+002,9.120632e+001
6.566430e+002,9.103769e+001
6.571251e+002,9.085633e+001
6.576072e+002,9.064463e+001
6.580894e+002,9.038638e+001
6.585715e+002,9.006949e+001
6.590536e+002,8.968851e+001
6.595357e+002,8.924597e+001
6.600178e+002,8.875149e+001
6.604999e+002,8.821824e+001
6.609821e+002,8.765810e+001
6.614642e+002,8.707782e+001
6.619463e+002,8.647758e+001
6.624284e+002,8.585358e+001
6.629105e+002,8.520266e+001
6.633926e+002,8.452695e+001
6.638748e+002,8.383551e+001
6.643569e+002,8.314193e+001
6.648390e+002,8.245886e+001
6.653211e+002,8.179276e+001
6.658032e+002,8.114109e+001
6.662853e+002,8.049454e+001
6.667675e+002,7.984482e+001
6.672496e+002,7.919406e+001
6.677317e+002,7.855374e+001
6.682138e+002,7.792676e+001
6.686959e+002,7.729712e+001
6.691780e+002,7.664913e+001
6.696602e+002,7.597913e+001
6.701423e+002,7.528185e+001
6.706244e+002,7.454118e+001
6.711065e+002,7.373371e+001
6.715886e+002,7.283786e+001
6.720707e+002,7.184566e+001
6.725529e+002,7.077579e+001
6.730350e+002,6.968372e+001
6.735171e+002,6.866285e+001
6.739992e+002,6.783533e+001
6.744813e+002,6.733440e+001
6.749634e+002,6.728332e+001
6.754456e+002,6.777378e+001
6.759277e+002,6.884658e+001
6.764098e+002,7.047872e+001
6.768919e+002,7.258361e+001
6.773740e+002,7.502683e+001
6.778561e+002,7.765262e+001
6.783383e+002,8.030984e+001
6.788204e+002,8.286881e+001
6.793025e+002,8.522740e+001
6.797846e+002,8.731175e+001
6.802667e+002,8.907720e+001
6.807488e+002,9.051052e+001
6.812310e+002,9.163071e+001
6.817131e+002,9.248375e+001
6.821952e+002,9.313097e+001
6.826773e+002,9.363432e+001
6.831594e+002,9.404365e+001
6.836415e+002,9.439006e+001
6.841237e+002,9.468629e+001
6.846058e+002,9.493226e+001
6.850879e+002,9.512202e+001
6.855700e+002,9.524799e+001
6.860521e+002,9.530074e+001
6.865342e+002,9.526573e+001
6.870164e+002,9.512079e+001
6.874985e+002,9.483820e+001
6.879806e+002,9.439336e+001
6.884627e+002,9.377787e+001
6.889448e+002,9.301226e+001
6.894269e+002,9.215207e+001
6.899091e+002,9.128450e+001
6.903912e+002,9.051554e+001
6.908733e+002,8.995061e+001
6.913554e+002,8.967320e+001
6.918375e+002,8.972609e+001
6.923196e+002,9.010152e+001
6.928018e+002,9.074310e+001
6.932839e+002,9.155982e+001
6.937660e+002,9.244728e+001
6.942481e+002,9.330898e+001
6.947302e+002,9.407237e+001
6.952123e+002,9.469659e+001
6.956945e+002,9.517224e+001
6.961766e+002,9.551483e+001
6.966587e+002,9.575464e+001
6.971408e+002,9.592584e+001
6.976229e+002,9.605791e+001
6.981050e+002,9.617051e+001
6.985872e+002,9.627258e+001
6.990693e+002,9.636475e+001
6.995514e+002,9.644317e+001
7.000335e+002,9.650380e+001
7.005156e+002,9.654515e+001
7.009977e+002,9.656919e+001
7.014799e+002,9.658046e+001
7.019620e+002,9.658428e+001
7.024441e+002,9.658527e+001
7.029262e+002,9.658657e+001
7.034083e+002,9.658994e+001
7.038904e+002,9.659647e+001
7.043726e+002,9.660685e+001
7.048547e+002,9.662129e+001
7.053368e+002,9.663868e+001
7.058189e+002,9.665622e+001
7.063010e+002,9.666956e+001
7.067831e+002,9.667424e+001
7.072653e+002,9.666762e+001
7.077474e+002,9.665075e+001
7.082295e+002,9.662895e+001
7.087116e+002,9.661051e+001
7.091937e+002,9.660384e+001
7.096758e+002,9.661456e+001
7.101580e+002,9.664311e+001
7.106401e+002,9.668465e+001
7.111222e+002,9.673068e+001
7.116043e+002,9.677206e+001
7.120864e+002,9.680193e+001
7.125685e+002,9.681729e+001
7.130507e+002,9.681880e+001
7.135328e+002,9.680885e+001
7.140149e+002,9.679000e+001
7.144970e+002,9.676371e+001
7.149791e+002,9.673062e+001
7.154612e+002,9.669212e+001
7.159434e+002,9.665143e+001
7.164255e+002,9.661401e+001
7.169076e+002,9.658628e+001
7.173897e+002,9.657332e+001
7.178718e+002,9.657660e+001
7.183539e+002,9.659283e+001
7.188361e+002,9.661440e+001
7.193182e+002,9.663197e+001
7.198003e+002,9.663781e+001
7.202824e+002,9.662881e+001
7.207645e+002,9.660745e+001
7.212466e+002,9.658051e+001
7.217288e+002,9.655576e+001
7.222109e+002,9.653879e+001
7.226930e+002,9.653082e+001
7.231751e+002,9.652901e+001
7.236572e+002,9.652837e+001
7.241393e+002,9.652408e+001
7.246215e+002,9.651363e+001
7.251036e+002,9.649739e+001
7.255857e+002,9.647810e+001
7.260678e+002,9.645937e+001
7.265499e+002,9.644420e+001
7.270320e+002,9.643407e+001
7.275142e+002,9.642880e+001
7.279963e+002,9.642706e+001
7.284784e+002,9.642686e+001
7.289605e+002,9.642606e+001
7.294426e+002,9.642262e+001
7.299247e+002,9.641447e+001
7.304069e+002,9.639973e+001
7.308890e+002,9.637684e+001
7.313711e+002,9.634488e+001
7.318532e+002,9.630372e+001
7.323353e+002,9.625347e+001
7.328174e+002,9.619387e+001
7.332996e+002,9.612363e+001
7.337817e+002,9.604033e+001
7.342638e+002,9.594120e+001
7.347459e+002,9.582471e+001
7.352280e+002,9.569243e+001
7.357101e+002,9.555020e+001
7.361923e+002,9.540837e+001
7.366744e+002,9.527991e+001
7.371565e+002,9.517791e+001
7.376386e+002,9.511232e+001
7.381207e+002,9.508746e+001
7.386028e+002,9.510101e+001
7.390850e+002,9.514499e+001
7.395671e+002,9.520795e+001
7.400492e+002,9.527798e+001
7.405313e+002,9.534488e+001
7.410134e+002,9.540173e+001
7.414955e+002,9.544514e+001
7.419777e+002,9.547506e+001
7.424598e+002,9.549414e+001
7.429419e+002,9.550713e+001
7.434240e+002,9.552025e+001
7.439061e+002,9.554001e+001
7.443882e+002,9.557182e+001
7.448704e+002,9.561826e+001
7.453525e+002,9.567763e+001
7.458346e+002,9.574365e+001
7.463167e+002,9.580672e+001
7.467988e+002,9.585654e+001
7.472809e+002,9.588541e+001
7.477631e+002,9.589079e+001
7.482452e+002,9.587611e+001
7.487273e+002,9.584943e+001
7.492094e+002,9.582047e+001
7.496915e+002,9.579698e+001
7.501736e+002,9.578206e+001
7.506558e+002,9.577358e+001
7.511379e+002,9.576553e+001
7.516200e+002,9.575079e+001
7.521021e+002,9.572430e+001
7.525842e+002,9.568479e+001
7.530663e+002,9.563504e+001
7.535485e+002,9.558038e+001
7.540306e+002,9.552683e+001
7.545127e+002,9.547910e+001
7.549948e+002,9.543967e+001
7.554769e+002,9.540873e+001
7.559590e+002,9.538454e+001
7.564412e+002,9.536367e+001
7.569233e+002,9.534123e+001
7.574054e+002,9.531088e+001
7.578875e+002,9.526573e+001
7.583696e+002,9.519949e+001
7.588517e+002,9.510754e+001
7.593339e+002,9.498666e+001
7.598160e+002,9.483212e+001
7.602981e+002,9.463177e+001
7.607802e+002,9.436412e+001
7.612623e+002,9.399110e+001
7.617444e+002,9.346216e+001
7.622266e+002,9.272541e+001
7.627087e+002,9.174677e+001
7.631908e+002,9.053123e+001
7.636729e+002,8.913931e+001
7.641550e+002,8.769096e+001
7.646371e+002,8.635223e+001
7.651193e+002,8.530478e+001
7.656014e+002,8.470573e+001
7.660835e+002,8.464970e+001
7.665656e+002,8.514566e+001
7.670477e+002,8.611565e+001
7.675298e+002,8.741528e+001
7.680120e+002,8.886869e+001
7.684941e+002,9.030691e+001
7.689762e+002,9.159964e+001
7.694583e+002,9.267232e+001
7.699404e+002,9.350615e+001
7.704225e+002,9.412438e+001
7.709047e+002,9.457182e+001
7.713868e+002,9.489553e+001
7.718689e+002,9.513279e+001
7.723510e+002,9.530714e+001
7.728331e+002,9.543149e+001
7.733152e+002,9.551337e+001
7.737974e+002,9.555946e+001
7.742795e+002,9.557732e+001
7.747616e+002,9.557459e+001
7.752437e+002,9.555732e+001
7.757258e+002,9.552924e+001
7.762079e+002,9.549243e+001
7.766901e+002,9.544907e+001
7.771722e+002,9.540265e+001
7.776543e+002,9.535795e+001
7.781364e+002,9.531951e+001
7.786185e+002,9.528956e+001
7.791006e+002,9.526671e+001
7.795828e+002,9.524638e+001
7.800649e+002,9.522288e+001
7.805470e+002,9.519211e+001
7.810291e+002,9.515378e+001
7.815112e+002,9.511160e+001
7.819933e+002,9.507150e+001
7.824755e+002,9.503908e+001
7.829576e+002,9.501707e+001
7.834397e+002,9.500445e+001
7.839218e+002,9.499725e+001
7.844039e+002,9.499031e+001
7.848860e+002,9.497932e+001
7.853682e+002,9.496168e+001
7.858503e+002,9.493604e+001
7.863324e+002,9.490123e+001
7.868145e+002,9.485526e+001
7.872966e+002,9.479536e+001
7.877787e+002,9.471911e+001
7.882609e+002,9.462579e+001
7.887430e+002,9.451739e+001
7.892251e+002,9.439805e+001
7.897072e+002,9.427238e+001
7.901893e+002,9.414312e+001
7.906714e+002,9.400973e+001
7.911536e+002,9.386830e+001
7.916357e+002,9.371326e+001
7.921178e+002,9.353922e+001
7.925999e+002,9.334288e+001
7.930820e+002,9.312261e+001
7.935641e+002,9.287700e+001
7.940463e+002,9.260262e+001
7.945284e+002,9.229266e+001
7.950105e+002,9.193800e+001
7.954926e+002,9.153013e+001
7.959747e+002,9.106568e+001
7.964568e+002,9.054983e+001
7.969390e+002,8.999741e+001
7.974211e+002,8.943057e+001
7.979032e+002,8.887399e+001
7.983853e+002,8.834929e+001
7.988674e+002,8.787053e+001
7.993495e+002,8.744250e+001
7.998317e+002,8.706173e+001
8.003138e+002,8.671983e+001
8.007959e+002,8.640760e+001
8.012780e+002,8.611903e+001
8.017601e+002,8.585326e+001
8.022422e+002,8.561532e+001
8.027244e+002,8.541539e+001
8.032065e+002,8.526695e+001
8.036886e+002,8.518509e+001
8.041707e+002,8.518462e+001
8.046528e+002,8.527834e+001
8.051349e+002,8.547543e+001
8.056171e+002,8.577994e+001
8.060992e+002,8.618931e+001
8.065813e+002,8.669388e+001
8.070634e+002,8.727691e+001
8.075455e+002,8.791625e+001
8.080276e+002,8.858696e+001
8.085098e+002,8.926415e+001
8.089919e+002,8.992573e+001
8.094740e+002,9.055351e+001
8.099561e+002,9.113365e+001
8.104382e+002,9.165636e+001
8.109203e+002,9.211604e+001
8.114025e+002,9.251149e+001
8.118846e+002,9.284653e+001
8.123667e+002,9.312957e+001
8.128489e+002,9.337223e+001
8.133309e+002,9.358693e+001
8.138131e+002,9.378397e+001
8.142952e+002,9.396947e+001
8.147773e+002,9.414468e+001
8.152594e+002,9.430682e+001
8.157416e+002,9.445138e+001
8.162236e+002,9.457434e+001
8.167058e+002,9.467419e+001
8.171879e+002,9.475223e+001
8.176700e+002,9.481214e+001
8.181521e+002,9.485878e+001
8.186343e+002,9.489688e+001
8.191163e+002,9.493067e+001
8.195985e+002,9.496329e+001
8.200806e+002,9.499693e+001
8.205627e+002,9.503261e+001
8.210448e+002,9.507004e+001
8.215270e+002,9.510735e+001
8.220090e+002,9.514140e+001
8.224912e+002,9.516865e+001
8.229733e+002,9.518643e+001
8.234554e+002,9.519431e+001
8.239375e+002,9.519475e+001
8.244197e+002,9.519263e+001
8.249017e+002,9.519384e+001
8.253839e+002,9.520330e+001
8.258660e+002,9.522319e+001
8.263481e+002,9.525219e+001
8.268302e+002,9.528567e+001
8.273124e+002,9.531728e+001
8.277944e+002,9.534067e+001
8.282766e+002,9.535137e+001
8.287587e+002,9.534767e+001
8.292408e+002,9.533069e+001
8.297229e+002,9.530375e+001
8.302051e+002,9.527137e+001
8.306871e+002,9.523801e+001
8.311693e+002,9.520726e+001
8.316514e+002,9.518115e+001
8.321335e+002,9.516010e+001
8.326156e+002,9.514316e+001
8.330978e+002,9.512875e+001
8.335798e+002,9.511559e+001
8.340620e+002,9.510332e+001
8.345441e+002,9.509298e+001
8.350262e+002,9.508658e+001
8.355083e+002,9.508612e+001
8.359905e+002,9.509241e+001
8.364725e+002,9.510421e+001
8.369547e+002,9.511785e+001
8.374368e+002,9.512825e+001
8.379189e+002,9.513036e+001
8.384010e+002,9.512086e+001
8.388832e+002,9.509941e+001
8.393652e+002,9.506856e+001
8.398474e+002,9.503274e+001
8.403295e+002,9.499654e+001
8.408116e+002,9.496304e+001
8.412937e+002,9.493307e+001
8.417759e+002,9.490545e+001
8.422579e+002,9.487811e+001
8.427401e+002,9.484958e+001
8.432222e+002,9.481962e+001
8.437043e+002,9.478957e+001
8.441864e+002,9.476143e+001
8.446686e+002,9.473670e+001
8.451506e+002,9.471545e+001
8.456328e+002,9.469576e+001
8.461149e+002,9.467400e+001
8.465970e+002,9.464524e+001
8.470791e+002,9.460429e+001
8.475613e+002,9.454618e+001
8.480433e+002,9.446685e+001
8.485255e+002,9.436330e+001
8.490076e+002,9.423410e+001
8.494897e+002,9.407948e+001
8.499718e+002,9.390120e+001
8.504540e+002,9.370193e+001
8.509360e+002,9.348390e+001
8.514182e+002,9.324738e+001
8.519003e+002,9.298898e+001
8.523824e+002,9.270051e+001
8.528645e+002,9.236874e+001
8.533467e+002,9.197601e+001
8.538287e+002,9.150188e+001
8.543109e+002,9.092570e+001
8.547930e+002,9.023035e+001
8.552751e+002,8.940665e+001
8.557572e+002,8.845867e+001
8.562394e+002,8.740862e+001
8.567214e+002,8.630016e+001
8.572036e+002,8.519769e+001
8.576857e+002,8.418024e+001
8.581678e+002,8.332982e+001
8.586499e+002,8.271687e+001
8.591321e+002,8.238698e+001
8.596141e+002,8.235327e+001
8.600963e+002,8.259569e+001
8.605784e+002,8.306755e+001
8.610605e+002,8.370603e+001
8.615426e+002,8.444415e+001
8.620248e+002,8.522074e+001
8.625068e+002,8.598675e+001
8.629890e+002,8.670675e+001
8.634711e+002,8.735674e+001
8.639532e+002,8.791982e+001
8.644353e+002,8.838227e+001
8.649175e+002,8.873145e+001
8.653995e+002,8.895557e+001
8.658817e+002,8.904480e+001
8.663638e+002,8.899246e+001
8.668459e+002,8.879562e+001
8.673280e+002,8.845560e+001
8.678102e+002,8.797894e+001
8.682922e+002,8.738004e+001
8.687744e+002,8.668462e+001
8.692565e+002,8.593298e+001
8.697386e+002,8.518076e+001
8.702207e+002,8.449554e+001
8.707029e+002,8.394933e+001
8.711849e+002,8.360807e+001
8.716671e+002,8.352049e+001
8.721492e+002,8.370922e+001
8.726313e+002,8.416632e+001
8.731134e+002,8.485460e+001
8.735956e+002,8.571484e+001
8.740776e+002,8.667706e+001
8.745598e+002,8.767252e+001
8.750419e+002,8.864311e+001
8.755240e+002,8.954630e+001
8.760061e+002,9.035603e+001
8.764883e+002,9.106035e+001
8.769703e+002,9.165808e+001
8.774525e+002,9.215554e+001
8.779346e+002,9.256381e+001
8.784167e+002,9.289655e+001
8.788988e+002,9.316817e+001
8.793810e+002,9.339236e+001
8.798630e+002,9.358101e+001
8.803452e+002,9.374360e+001
8.808273e+002,9.388715e+001
8.813094e+002,9.401633e+001
8.817915e+002,9.413380e+001
8.822737e+002,9.424029e+001
8.827557e+002,9.433486e+001
8.832379e+002,9.441511e+001
8.837200e+002,9.447807e+001
8.842021e+002,9.452133e+001
8.846842e+002,9.454445e+001
8.851664e+002,9.454977e+001
8.856484e+002,9.454241e+001
8.861306e+002,9.452928e+001
8.866127e+002,9.451734e+001
8.870948e+002,9.451191e+001
8.875769e+002,9.451556e+001
8.880591e+002,9.452805e+001
8.885411e+002,9.454702e+001
8.890233e+002,9.456903e+001
8.895054e+002,9.459048e+001
8.899875e+002,9.460828e+001
8.904696e+002,9.461981e+001
8.909518e+002,9.462328e+001
8.914338e+002,9.461784e+001
8.919160e+002,9.460435e+001
8.923981e+002,9.458559e+001
8.928802e+002,9.456616e+001
8.933623e+002,9.455116e+001
8.938445e+002,9.454446e+001
8.943265e+002,9.454686e+001
8.948087e+002,9.455518e+001
8.952908e+002,9.456282e+001
8.957729e+002,9.456203e+001
8.962550e+002,9.454663e+001
8.967372e+002,9.451462e+001
8.972192e+002,9.446906e+001
8.977014e+002,9.441715e+001
8.981835e+002,9.436800e+001
8.986656e+002,9.432951e+001
8.991477e+002,9.430659e+001
8.996299e+002,9.430025e+001
9.001119e+002,9.430825e+001
9.005941e+002,9.432644e+001
9.010762e+002,9.434985e+001
9.015583e+002,9.437326e+001
9.020404e+002,9.439124e+001
9.025226e+002,9.439804e+001
9.030046e+002,9.438800e+001
9.034868e+002,9.435674e+001
9.039689e+002,9.430258e+001
9.044510e+002,9.422764e+001
9.049331e+002,9.413764e+001
9.054153e+002,9.404028e+001
9.058973e+002,9.394266e+001
9.063795e+002,9.384885e+001
9.068616e+002,9.375889e+001
9.073438e+002,9.366901e+001
9.078258e+002,9.357372e+001
9.083080e+002,9.346806e+001
9.087900e+002,9.334937e+001
9.092722e+002,9.321770e+001
9.097543e+002,9.307468e+001
9.102365e+002,9.292188e+001
9.107185e+002,9.275928e+001
9.112007e+002,9.258478e+001
9.116828e+002,9.239455e+001
9.121649e+002,9.218405e+001
9.126470e+002,9.194880e+001
9.131292e+002,9.168449e+001
9.136113e+002,9.138659e+001
9.140934e+002,9.104980e+001
9.145755e+002,9.066801e+001
9.150576e+002,9.023494e+001
9.155397e+002,8.974555e+001
9.160219e+002,8.919717e+001
9.165040e+002,8.859029e+001
9.169861e+002,8.792791e+001
9.174682e+002,8.721495e+001
9.179503e+002,8.645700e+001
9.184324e+002,8.566026e+001
9.189146e+002,8.483202e+001
9.193967e+002,8.398164e+001
9.198788e+002,8.312145e+001
9.203609e+002,8.226683e+001
9.208430e+002,8.143562e+001
9.213251e+002,8.064675e+001
9.218073e+002,7.991866e+001
9.222894e+002,7.926781e+001
9.227715e+002,7.870747e+001
9.232536e+002,7.824670e+001
9.237357e+002,7.788945e+001
9.242178e+002,7.763386e+001
9.247000e+002,7.747175e+001
9.251821e+002,7.738842e+001
9.256642e+002,7.736318e+001
9.261463e+002,7.737104e+001
9.266284e+002,7.738592e+001
9.271105e+002,7.738520e+001
9.275927e+002,7.735488e+001
9.280748e+002,7.729414e+001
9.285569e+002,7.721745e+001
9.290390e+002,7.715357e+001
9.295211e+002,7.714124e+001
9.300032e+002,7.722275e+001
9.304854e+002,7.743613e+001
9.309675e+002,7.780856e+001
9.314496e+002,7.835163e+001
9.319317e+002,7.906002e+001
9.324138e+002,7.991305e+001
9.328959e+002,8.087845e+001
9.333781e+002,8.191720e+001
9.338602e+002,8.298856e+001
9.343423e+002,8.405446e+001
9.348244e+002,8.508342e+001
9.353065e+002,8.605303e+001
9.357886e+002,8.695091e+001
9.362708e+002,8.777354e+001
9.367529e+002,8.852348e+001
9.372350e+002,8.920586e+001
9.377171e+002,8.982546e+001
9.381992e+002,9.038537e+001
9.386813e+002,9.088727e+001
9.391635e+002,9.133287e+001
9.396456e+002,9.172529e+001
9.401277e+002,9.206945e+001
9.406098e+002,9.237141e+001
9.410919e+002,9.263694e+001
9.415740e+002,9.287021e+001
9.420562e+002,9.307380e+001
9.425383e+002,9.324931e+001
9.430204e+002,9.339882e+001
9.435025e+002,9.352594e+001
9.439846e+002,9.363547e+001
9.444667e+002,9.373241e+001
9.449489e+002,9.382023e+001
9.454310e+002,9.389989e+001
9.459131e+002,9.397007e+001
9.463952e+002,9.402847e+001
9.468773e+002,9.407403e+001
9.473594e+002,9.410820e+001
9.478416e+002,9.413492e+001
9.483237e+002,9.415922e+001
9.488058e+002,9.418507e+001
9.492879e+002,9.421349e+001
9.497700e+002,9.424223e+001
9.502521e+002,9.426697e+001
9.507343e+002,9.428350e+001
9.512164e+002,9.428990e+001
9.516985e+002,9.428748e+001
9.521806e+002,9.428001e+001
9.526627e+002,9.427196e+001
9.531448e+002,9.426639e+001
9.536270e+002,9.426381e+001
9.541091e+002,9.426228e+001
9.545912e+002,9.425887e+001
9.550733e+002,9.425129e+001
9.555554e+002,9.423922e+001
9.560375e+002,9.422443e+001
9.565197e+002,9.420993e+001
9.570018e+002,9.419878e+001
9.574839e+002,9.419290e+001
9.579660e+002,9.419263e+001
9.584481e+002,9.419701e+001
9.589302e+002,9.420430e+001
9.594124e+002,9.421218e+001
9.598945e+002,9.421824e+001
9.603766e+002,9.421983e+001
9.608587e+002,9.421451e+001
9.613408e+002,9.420074e+001
9.618229e+002,9.417883e+001
9.623051e+002,9.415158e+001
9.627872e+002,9.412410e+001
9.632693e+002,9.410256e+001
9.637514e+002,9.409241e+001
9.642335e+002,9.409641e+001
9.647156e+002,9.411371e+001
9.651978e+002,9.414040e+001
9.656799e+002,9.417088e+001
9.661620e+002,9.419993e+001
9.666441e+002,9.422423e+001
9.671262e+002,9.424279e+001
9.676083e+002,9.425616e+001
9.680905e+002,9.426510e+001
9.685726e+002,9.426961e+001
9.690547e+002,9.426892e+001
9.695368e+002,9.426207e+001
9.700189e+002,9.424909e+001
9.705010e+002,9.423140e+001
9.709832e+002,9.421140e+001
9.714653e+002,9.419147e+001
9.719474e+002,9.417244e+001
9.724295e+002,9.415345e+001
9.729116e+002,9.413241e+001
9.733937e+002,9.410748e+001
9.738759e+002,9.407867e+001
9.743580e+002,9.404828e+001
9.748401e+002,9.402012e+001
9.753222e+002,9.399770e+001
9.758043e+002,9.398225e+001
9.762864e+002,9.397204e+001
9.767686e+002,9.396283e+001
9.772507e+002,9.394992e+001
9.777328e+002,9.393018e+001
9.782149e+002,9.390303e+001
9.786970e+002,9.387007e+001
9.791791e+002,9.383355e+001
9.796613e+002,9.379425e+001
9.801434e+002,9.375104e+001
9.806255e+002,9.370159e+001
9.811076e+002,9.364446e+001
9.815897e+002,9.358088e+001
9.820718e+002,9.351534e+001
9.825540e+002,9.345390e+001
9.830361e+002,9.340121e+001
9.835182e+002,9.335748e+001
9.840003e+002,9.331710e+001
9.844824e+002,9.326992e+001
9.849645e+002,9.320443e+001
9.854467e+002,9.311163e+001
9.859288e+002,9.298743e+001
9.864109e+002,9.283267e+001
9.868930e+002,9.265075e+001
9.873751e+002,9.244464e+001
9.878572e+002,9.221514e+001
9.883394e+002,9.196124e+001
9.888215e+002,9.168286e+001
9.893036e+002,9.138348e+001
9.897857e+002,9.107177e+001
9.902678e+002,9.075980e+001
9.907499e+002,9.045898e+001
9.912321e+002,9.017477e+001
9.917142e+002,8.990257e+001
9.921963e+002,8.962553e+001
9.926784e+002,8.931460e+001
9.931605e+002,8.892946e+001
9.936426e+002,8.841898e+001
9.941248e+002,8.772151e+001
9.946069e+002,8.676720e+001
9.950890e+002,8.548550e+001
9.955711e+002,8.382097e+001
9.960532e+002,8.175636e+001
9.965353e+002,7.933792e+001
9.970175e+002,7.669355e+001
9.974996e+002,7.403391e+001
9.979817e+002,7.163051e+001
9.984638e+002,6.977235e+001
9.989459e+002,6.870955e+001
9.994280e+002,6.859834e+001
9.999102e+002,6.946297e+001
1.000392e+003,7.118703e+001
1.000874e+003,7.353885e+001
1.001357e+003,7.622445e+001
1.001839e+003,7.895186e+001
1.002321e+003,8.148682e+001
1.002803e+003,8.368514e+001
1.003285e+003,8.549645e+001
1.003767e+003,8.694424e+001
1.004249e+003,8.809351e+001
1.004731e+003,8.901886e+001
1.005213e+003,8.978184e+001
1.005696e+003,9.042198e+001
1.006178e+003,9.095931e+001
1.006660e+003,9.140269e+001
1.007142e+003,9.175824e+001
1.007624e+003,9.203402e+001
1.008106e+003,9.224048e+001
1.008588e+003,9.238845e+001
1.009070e+003,9.248721e+001
1.009552e+003,9.254419e+001
1.010035e+003,9.256628e+001
1.010517e+003,9.256174e+001
1.010999e+003,9.254062e+001
1.011481e+003,9.251372e+001
1.011963e+003,9.249002e+001
1.012445e+003,9.247438e+001
1.012927e+003,9.246642e+001
1.013409e+003,9.246172e+001
1.013892e+003,9.245399e+001
1.014374e+003,9.243785e+001
1.014856e+003,9.241005e+001
1.015338e+003,9.236973e+001
1.015820e+003,9.231724e+001
1.016302e+003,9.225310e+001
1.016784e+003,9.217770e+001
1.017266e+003,9.209187e+001
1.017748e+003,9.199796e+001
1.018231e+003,9.190034e+001
1.018713e+003,9.180477e+001
1.019195e+003,9.171649e+001
1.019677e+003,9.163817e+001
1.020159e+003,9.156816e+001
1.020641e+003,9.150084e+001
1.021123e+003,9.142805e+001
1.021605e+003,9.134207e+001
1.022088e+003,9.123811e+001
1.022570e+003,9.111589e+001
1.023052e+003,9.097955e+001
1.023534e+003,9.083630e+001
1.024016e+003,9.069474e+001
1.024498e+003,9.056288e+001
1.024980e+003,9.044704e+001
1.025462e+003,9.035143e+001
1.025944e+003,9.027751e+001
1.026427e+003,9.022367e+001
1.026909e+003,9.018462e+001
1.027391e+003,9.015142e+001
1.027873e+003,9.011215e+001
1.028355e+003,9.005360e+001
1.028837e+003,8.996352e+001
1.029319e+003,8.983289e+001
1.029801e+003,8.965755e+001
1.030283e+003,8.943876e+001
1.030766e+003,8.918333e+001
1.031248e+003,8.890302e+001
1.031730e+003,8.861412e+001
1.032212e+003,8.833675e+001
1.032694e+003,8.809387e+001
1.033176e+003,8.790963e+001
1.033658e+003,8.780647e+001
1.034140e+003,8.780157e+001
1.034623e+003,8.790317e+001
1.035105e+003,8.810802e+001
1.035587e+003,8.840143e+001
1.036069e+003,8.875996e+001
1.036551e+003,8.915594e+001
1.037033e+003,8.956272e+001
1.037515e+003,8.995823e+001
1.037997e+003,9.032705e+001
1.038479e+003,9.066009e+001
1.038962e+003,9.095329e+001
1.039444e+003,9.120600e+001
1.039926e+003,9.142000e+001
1.040408e+003,9.159882e+001
1.040890e+003,9.174735e+001
1.041372e+003,9.187141e+001
1.041854e+003,9.197673e+001
1.042336e+003,9.206806e+001
1.042819e+003,9.214825e+001
1.043301e+003,9.221816e+001
1.043783e+003,9.227724e+001
1.044265e+003,9.232436e+001
1.044747e+003,9.235883e+001
1.045229e+003,9.238065e+001
1.045711e+003,9.239017e+001
1.046193e+003,9.238756e+001
1.046676e+003,9.237219e+001
1.047158e+003,9.234261e+001
1.047640e+003,9.229729e+001
1.048122e+003,9.223534e+001
1.048604e+003,9.215754e+001
1.049086e+003,9.206638e+001
1.049568e+003,9.196590e+001
1.050050e+003,9.186101e+001
1.050532e+003,9.175698e+001
1.051015e+003,9.165931e+001
1.051497e+003,9.157394e+001
1.051979e+003,9.150751e+001
1.052461e+003,9.146708e+001
1.052943e+003,9.145915e+001
1.053425e+003,9.148801e+001
1.053907e+003,9.155408e+001
1.054389e+003,9.165300e+001
1.054871e+003,9.177592e+001
1.055354e+003,9.191135e+001
1.055836e+003,9.204762e+001
1.056318e+003,9.217535e+001
1.056800e+003,9.228852e+001
1.057282e+003,9.238467e+001
1.057764e+003,9.246373e+001
1.058246e+003,9.252650e+001
1.058728e+003,9.257350e+001
1.059210e+003,9.260448e+001
1.059693e+003,9.261837e+001
1.060175e+003,9.261386e+001
1.060657e+003,9.258973e+001
1.061139e+003,9.254507e+001
1.061621e+003,9.247931e+001
1.062103e+003,9.239231e+001
1.062585e+003,9.228442e+001
1.063067e+003,9.215657e+001
1.063550e+003,9.201006e+001
1.064032e+003,9.184591e+001
1.064514e+003,9.166427e+001
1.064996e+003,9.146327e+001
1.065478e+003,9.123914e+001
1.065960e+003,9.098643e+001
1.066442e+003,9.069974e+001
1.066924e+003,9.037542e+001
1.067406e+003,9.001318e+001
1.067889e+003,8.961670e+001
1.068371e+003,8.919283e+001
1.068853e+003,8.874987e+001
1.069335e+003,8.829549e+001
1.069817e+003,8.783469e+001
1.070299e+003,8.736903e+001
1.070781e+003,8.689653e+001
1.071263e+003,8.641269e+001
1.071746e+003,8.591118e+001
1.072228e+003,8.538464e+001
1.072710e+003,8.482485e+001
1.073192e+003,8.422289e+001
1.073674e+003,8.356964e+001
1.074156e+003,8.285734e+001
1.074638e+003,8.208159e+001
1.075120e+003,8.124374e+001
1.075603e+003,8.035255e+001
1.076085e+003,7.942501e+001
1.076567e+003,7.848560e+001
1.077049e+003,7.756480e+001
1.077531e+003,7.669693e+001
1.078013e+003,7.591821e+001
1.078495e+003,7.526503e+001
1.078977e+003,7.477197e+001
1.079459e+003,7.446939e+001
1.079942e+003,7.437960e+001
1.080424e+003,7.451215e+001
1.080906e+003,7.485992e+001
1.081388e+003,7.539806e+001
1.081870e+003,7.608755e+001
1.082352e+003,7.688320e+001
1.082834e+003,7.774371e+001
1.083316e+003,7.864019e+001
1.083798e+003,7.955954e+001
1.084281e+003,8.050201e+001
1.084763e+003,8.147385e+001
1.085245e+003,8.247851e+001
1.085727e+003,8.350998e+001
1.086209e+003,8.455044e+001
1.086691e+003,8.557304e+001
1.087173e+003,8.654745e+001
1.087655e+003,8.744612e+001
1.088137e+003,8.824846e+001
1.088620e+003,8.894255e+001
1.089102e+003,8.952444e+001
1.089584e+003,8.999633e+001
1.090066e+003,9.036478e+001
1.090548e+003,9.063943e+001
1.091030e+003,9.083270e+001
1.091512e+003,9.095901e+001
1.091994e+003,9.103416e+001
1.092477e+003,9.107372e+001
1.092959e+003,9.109093e+001
1.093441e+003,9.109527e+001
1.093923e+003,9.109150e+001
1.094405e+003,9.108016e+001
1.094887e+003,9.105908e+001
1.095369e+003,9.102486e+001
1.095851e+003,9.097433e+001
1.096333e+003,9.090504e+001
1.096816e+003,9.081532e+001
1.097298e+003,9.070393e+001
1.097780e+003,9.057054e+001
1.098262e+003,9.041586e+001
1.098744e+003,9.024251e+001
1.099226e+003,9.005515e+001
1.099708e+003,8.986021e+001
1.100190e+003,8.966463e+001
1.100673e+003,8.947440e+001
1.101155e+003,8.929314e+001
1.101637e+003,8.912191e+001
1.102119e+003,8.895933e+001
1.102601e+003,8.880296e+001
1.103083e+003,8.865005e+001
1.103565e+003,8.849823e+001
1.104047e+003,8.834508e+001
1.104530e+003,8.818754e+001
1.105012e+003,8.802168e+001
1.105494e+003,8.784280e+001
1.105976e+003,8.764667e+001
1.106458e+003,8.743063e+001
1.106940e+003,8.719451e+001
1.107422e+003,8.694025e+001
1.107904e+003,8.667070e+001
1.108386e+003,8.638767e+001
1.108869e+003,8.609013e+001
1.109351e+003,8.577360e+001
1.109833e+003,8.543070e+001
1.110315e+003,8.505294e+001
1.110797e+003,8.463223e+001
1.111279e+003,8.416251e+001
1.111761e+003,8.363939e+001
1.112243e+003,8.305951e+001
1.112725e+003,8.241903e+001
1.113208e+003,8.171275e+001
1.113690e+003,8.093437e+001
1.114172e+003,8.007799e+001
1.114654e+003,7.914081e+001
1.115136e+003,7.812620e+001
1.115618e+003,7.704643e+001
1.116100e+003,7.592472e+001
1.116582e+003,7.479596e+001
1.117064e+003,7.370592e+001
1.117547e+003,7.270884e+001
1.118029e+003,7.186314e+001
1.118511e+003,7.122425e+001
1.118993e+003,7.083583e+001
1.119475e+003,7.071969e+001
1.119957e+003,7.086789e+001
1.120439e+003,7.124003e+001
1.120921e+003,7.176722e+001
1.121404e+003,7.236320e+001
1.121886e+003,7.293860e+001
1.122368e+003,7.341515e+001
1.122850e+003,7.373560e+001
1.123332e+003,7.386832e+001
1.123814e+003,7.380589e+001
1.124296e+003,7.355997e+001
1.124778e+003,7.315422e+001
1.125260e+003,7.261794e+001
1.125743e+003,7.198181e+001
1.126225e+003,7.127592e+001
1.126707e+003,7.052939e+001
1.127189e+003,6.977017e+001
1.127671e+003,6.902402e+001
1.128153e+003,6.831329e+001
1.128635e+003,6.765545e+001
1.129117e+003,6.706298e+001
1.129600e+003,6.654433e+001
1.130082e+003,6.610557e+001
1.130564e+003,6.575183e+001
1.131046e+003,6.548775e+001
1.131528e+003,6.531680e+001
1.132010e+003,6.524030e+001
1.132492e+003,6.525677e+001
1.132974e+003,6.536234e+001
1.133457e+003,6.555173e+001
1.133939e+003,6.581918e+001
1.134421e+003,6.615883e+001
1.134903e+003,6.656400e+001
1.135385e+003,6.702615e+001
1.135867e+003,6.753443e+001
1.136349e+003,6.807627e+001
1.136831e+003,6.863906e+001
1.137313e+003,6.921217e+001
1.137796e+003,6.978844e+001
1.138278e+003,7.036427e+001
1.138760e+003,7.093851e+001
1.139242e+003,7.151090e+001
1.139724e+003,7.208057e+001
1.140206e+003,7.264573e+001
1.140688e+003,7.320417e+001
1.141170e+003,7.375436e+001
1.141652e+003,7.429596e+001
1.142135e+003,7.482972e+001
1.142617e+003,7.535642e+001
1.143099e+003,7.587563e+001
1.143581e+003,7.638494e+001
1.144063e+003,7.688023e+001
1.144545e+003,7.735679e+001
1.145027e+003,7.781086e+001
1.145509e+003,7.824051e+001
1.145991e+003,7.864584e+001
1.146474e+003,7.902807e+001
1.146956e+003,7.938830e+001
1.147438e+003,7.972649e+001
1.147920e+003,8.004135e+001
1.148402e+003,8.033083e+001
1.148884e+003,8.059320e+001
1.149366e+003,8.082800e+001
1.149848e+003,8.103619e+001
1.150331e+003,8.121979e+001
1.150813e+003,8.138079e+001
1.151295e+003,8.152058e+001
1.151777e+003,8.163952e+001
1.152259e+003,8.173740e+001
1.152741e+003,8.181419e+001
1.153223e+003,8.187064e+001
1.153705e+003,8.190852e+001
1.154188e+003,8.193000e+001
1.154670e+003,8.193699e+001
1.155152e+003,8.193034e+001
1.155634e+003,8.190978e+001
1.156116e+003,8.187440e+001
1.156598e+003,8.182361e+001
1.157080e+003,8.175787e+001
1.157562e+003,8.167902e+001
1.158044e+003,8.158953e+001
1.158527e+003,8.149155e+001
1.159009e+003,8.138563e+001
1.159491e+003,8.127034e+001
1.159973e+003,8.114265e+001
1.160455e+003,8.099889e+001
1.160937e+003,8.083616e+001
1.161419e+003,8.065321e+001
1.161901e+003,8.045033e+001
1.162384e+003,8.022871e+001
1.162866e+003,7.998915e+001
1.163348e+003,7.973115e+001
1.163830e+003,7.945258e+001
1.164312e+003,7.915017e+001
1.164794e+003,7.882047e+001
1.165276e+003,7.846078e+001
1.165758e+003,7.806966e+001
1.166240e+003,7.764667e+001
1.166723e+003,7.719208e+001
1.167205e+003,7.670628e+001
1.167687e+003,7.618971e+001
1.168169e+003,7.564333e+001
1.168651e+003,7.506900e+001
1.169133e+003,7.446969e+001
1.169615e+003,7.384918e+001
1.170097e+003,7.321106e+001
1.170579e+003,7.255776e+001
1.171062e+003,7.189018e+001
1.171544e+003,7.120811e+001
1.172026e+003,7.051165e+001
1.172508e+003,6.980282e+001
1.172990e+003,6.908659e+001
1.173472e+003,6.837106e+001
1.173954e+003,6.766632e+001
1.174436e+003,6.698312e+001
1.174918e+003,6.633178e+001
1.175401e+003,6.572216e+001
1.175883e+003,6.516449e+001
1.176365e+003,6.467059e+001
1.176847e+003,6.425444e+001
1.177329e+003,6.393155e+001
1.177811e+003,6.371719e+001
1.178293e+003,6.362425e+001
1.178775e+003,6.366156e+001
1.179258e+003,6.383322e+001
1.179740e+003,6.413900e+001
1.180222e+003,6.457485e+001
1.180704e+003,6.513335e+001
1.181186e+003,6.580338e+001
1.181668e+003,6.657011e+001
1.182150e+003,6.741544e+001
1.182632e+003,6.831931e+001
1.183115e+003,6.926192e+001
1.183597e+003,7.022530e+001
1.184079e+003,7.119415e+001
1.184561e+003,7.215662e+001
1.185043e+003,7.309943e+001
1.185525e+003,7.401144e+001
1.186007e+003,7.488261e+001
1.186489e+003,7.570483e+001
1.186971e+003,7.647305e+001
1.187454e+003,7.718640e+001
1.187936e+003,7.784812e+001
1.188418e+003,7.846490e+001
1.188900e+003,7.904558e+001
1.189382e+003,7.959941e+001
1.189864e+003,8.013485e+001
1.190346e+003,8.065869e+001
1.190828e+003,8.117577e+001
1.191311e+003,8.168909e+001
1.191793e+003,8.219998e+001
1.192275e+003,8.270825e+001
1.192757e+003,8.321222e+001
1.193239e+003,8.370909e+001
1.193721e+003,8.419511e+001
1.194203e+003,8.466631e+001
1.194685e+003,8.511873e+001
1.195167e+003,8.554901e+001
1.195650e+003,8.595449e+001
1.196132e+003,8.633329e+001
1.196614e+003,8.668430e+001
1.197096e+003,8.700729e+001
1.197578e+003,8.730296e+001
1.198060e+003,8.757300e+001
1.198542e+003,8.781994e+001
1.199024e+003,8.804677e+001
1.199506e+003,8.825665e+001
1.199989e+003,8.845248e+001
1.200471e+003,8.863673e+001
1.200953e+003,8.881129e+001
1.201435e+003,8.897739e+001
1.201917e+003,8.913554e+001
1.202399e+003,8.928549e+001
1.202881e+003,8.942615e+001
1.203363e+003,8.955589e+001
1.203845e+003,8.967296e+001
1.204328e+003,8.977641e+001
1.204810e+003,8.986639e+001
1.205292e+003,8.994463e+001
1.205774e+003,9.001412e+001
1.206256e+003,9.007829e+001
1.206738e+003,9.014002e+001
1.207220e+003,9.020106e+001
1.207702e+003,9.026157e+001
1.208185e+003,9.032076e+001
1.208667e+003,9.037765e+001
1.209149e+003,9.043172e+001
1.209631e+003,9.048360e+001
1.210113e+003,9.053481e+001
1.210595e+003,9.058704e+001
1.211077e+003,9.064171e+001
1.211559e+003,9.069918e+001
1.212042e+003,9.075888e+001
1.212524e+003,9.081960e+001
1.213006e+003,9.088003e+001
1.213488e+003,9.093918e+001
1.213970e+003,9.099641e+001
1.214452e+003,9.105129e+001
1.214934e+003,9.110300e+001
1.215416e+003,9.115012e+001
1.215898e+003,9.119065e+001
1.216381e+003,9.122225e+001
1.216863e+003,9.124267e+001
1.217345e+003,9.124997e+001
1.217827e+003,9.124258e+001
1.218309e+003,9.121910e+001
1.218791e+003,9.117809e+001
1.219273e+003,9.111805e+001
1.219755e+003,9.103771e+001
1.220238e+003,9.093656e+001
1.220720e+003,9.081532e+001
1.221202e+003,9.067613e+001
1.221684e+003,9.052295e+001
1.222166e+003,9.036130e+001
1.222648e+003,9.019845e+001
1.223130e+003,9.004333e+001
1.223612e+003,8.990633e+001
1.224094e+003,8.979848e+001
1.224577e+003,8.973027e+001
1.225059e+003,8.970963e+001
1.225541e+003,8.974039e+001
1.226023e+003,8.982094e+001
1.226505e+003,8.994424e+001
1.226987e+003,9.009886e+001
1.227469e+003,9.027117e+001
1.227951e+003,9.044780e+001
1.228434e+003,9.061813e+001
1.228916e+003,9.077553e+001
1.229398e+003,9.091750e+001
1.229880e+003,9.104446e+001
1.230362e+003,9.115813e+001
1.230844e+003,9.126011e+001
1.231326e+003,9.135097e+001
1.231808e+003,9.143040e+001
1.232291e+003,9.149780e+001
1.232773e+003,9.155280e+001
1.233255e+003,9.159564e+001
1.233737e+003,9.162701e+001
1.234219e+003,9.164767e+001
1.234701e+003,9.165827e+001
1.235183e+003,9.165942e+001
1.235665e+003,9.165208e+001
1.236147e+003,9.163792e+001
1.236630e+003,9.161937e+001
1.237112e+003,9.159930e+001
1.237594e+003,9.158035e+001
1.238076e+003,9.156404e+001
1.238558e+003,9.155059e+001
1.239040e+003,9.153899e+001
1.239522e+003,9.152746e+001
1.240004e+003,9.151416e+001
1.240486e+003,9.149792e+001
1.240969e+003,9.147818e+001
1.241451e+003,9.145504e+001
1.241933e+003,9.142896e+001
1.242415e+003,9.140057e+001
1.242897e+003,9.137077e+001
1.243379e+003,9.134079e+001
1.243861e+003,9.131227e+001
1.244343e+003,9.128683e+001
1.244825e+003,9.126564e+001
1.245308e+003,9.124873e+001
1.245790e+003,9.123473e+001
1.246272e+003,9.122117e+001
1.246754e+003,9.120535e+001
1.247236e+003,9.118509e+001
1.247718e+003,9.115976e+001
1.248200e+003,9.113017e+001
1.248682e+003,9.109809e+001
1.249165e+003,9.106503e+001
1.249647e+003,9.103146e+001
1.250129e+003,9.099608e+001
1.250611e+003,9.095618e+001
1.251093e+003,9.090845e+001
1.251575e+003,9.085000e+001
1.252057e+003,9.077913e+001
1.252539e+003,9.069561e+001
1.253021e+003,9.060036e+001
1.253504e+003,9.049505e+001
1.253986e+003,9.038163e+001
1.254468e+003,9.026240e+001
1.254950e+003,9.014005e+001
1.255432e+003,9.001784e+001
1.255914e+003,8.989948e+001
1.256396e+003,8.978870e+001
1.256878e+003,8.968871e+001
1.257361e+003,8.960165e+001
1.257843e+003,8.952834e+001
1.258325e+003,8.946827e+001
1.258807e+003,8.941996e+001
1.259289e+003,8.938116e+001
1.259771e+003,8.934885e+001
1.260253e+003,8.931924e+001
1.260735e+003,8.928764e+001
1.261218e+003,8.924824e+001
1.261700e+003,8.919457e+001
1.262182e+003,8.911980e+001
1.262664e+003,8.901741e+001
1.263146e+003,8.888153e+001
1.263628e+003,8.870702e+001
1.264110e+003,8.848882e+001
1.264592e+003,8.822114e+001
1.265074e+003,8.789650e+001
1.265557e+003,8.750511e+001
1.266039e+003,8.703502e+001
1.266521e+003,8.647282e+001
1.267003e+003,8.580522e+001
1.267485e+003,8.502150e+001
1.267967e+003,8.411662e+001
1.268449e+003,8.309488e+001
1.268931e+003,8.197372e+001
1.269413e+003,8.078648e+001
1.269896e+003,7.958275e+001
1.270378e+003,7.842535e+001
1.270860e+003,7.738342e+001
1.271342e+003,7.652322e+001
1.271824e+003,7.589868e+001
1.272306e+003,7.554415e+001
1.272788e+003,7.547071e+001
1.273270e+003,7.566651e+001
1.273752e+003,7.610023e+001
1.274235e+003,7.672677e+001
1.274717e+003,7.749379e+001
1.275199e+003,7.834801e+001
1.275681e+003,7.924013e+001
1.276163e+003,8.012751e+001
1.276645e+003,8.097520e+001
1.277127e+003,8.175573e+001
1.277609e+003,8.244862e+001
1.278092e+003,8.304011e+001
1.278574e+003,8.352310e+001
1.279056e+003,8.389690e+001
1.279538e+003,8.416607e+001
1.280020e+003,8.433892e+001
1.280502e+003,8.442542e+001
1.280984e+003,8.443543e+001
1.281466e+003,8.437760e+001
1.281948e+003,8.425891e+001
1.282431e+003,8.408472e+001
1.282913e+003,8.385892e+001
1.283395e+003,8.358418e+001
1.283877e+003,8.326215e+001
1.284359e+003,8.289392e+001
1.284841e+003,8.248068e+001
1.285323e+003,8.202467e+001
1.285805e+003,8.153004e+001
1.286288e+003,8.100353e+001
1.286770e+003,8.045448e+001
1.287252e+003,7.989455e+001
1.287734e+003,7.933739e+001
1.288216e+003,7.879802e+001
1.288698e+003,7.829275e+001
1.289180e+003,7.783844e+001
1.289662e+003,7.745170e+001
1.290145e+003,7.714761e+001
1.290627e+003,7.693827e+001
1.291109e+003,7.683155e+001
1.291591e+003,7.683023e+001
1.292073e+003,7.693167e+001
1.292555e+003,7.712831e+001
1.293037e+003,7.740858e+001
1.293519e+003,7.775839e+001
1.294001e+003,7.816283e+001
1.294484e+003,7.860784e+001
1.294966e+003,7.908125e+001
1.295448e+003,7.957313e+001
1.295930e+003,8.007548e+001
1.296412e+003,8.058163e+001
1.296894e+003,8.108574e+001
1.297376e+003,8.158286e+001
1.297858e+003,8.206907e+001
1.298340e+003,8.254179e+001
1.298823e+003,8.299953e+001
1.299305e+003,8.344134e+001
1.299787e+003,8.386591e+001
1.300269e+003,8.427110e+001
1.300751e+003,8.465391e+001
1.301233e+003,8.501115e+001
1.301715e+003,8.534035e+001
1.302197e+003,8.564030e+001
1.302679e+003,8.591095e+001
1.303162e+003,8.615285e+001
1.303644e+003,8.636613e+001
1.304126e+003,8.655043e+001
1.304608e+003,8.670514e+001
1.305090e+003,8.683055e+001
1.305572e+003,8.692879e+001
1.306054e+003,8.700430e+001
1.306536e+003,8.706313e+001
1.307019e+003,8.711138e+001
1.307501e+003,8.715348e+001
1.307983e+003,8.719104e+001
1.308465e+003,8.722268e+001
1.308947e+003,8.724497e+001
1.309429e+003,8.725410e+001
1.309911e+003,8.724735e+001
1.310393e+003,8.722408e+001
1.310875e+003,8.718558e+001
1.311358e+003,8.713480e+001
1.311840e+003,8.707545e+001
1.312322e+003,8.701149e+001
1.312804e+003,8.694656e+001
1.313286e+003,8.688346e+001
1.313768e+003,8.682339e+001
1.314250e+003,8.676579e+001
1.314732e+003,8.670791e+001
1.315215e+003,8.664552e+001
1.315697e+003,8.657384e+001
1.316179e+003,8.648914e+001
1.316661e+003,8.639029e+001
1.317143e+003,8.627961e+001
1.317625e+003,8.616256e+001
1.318107e+003,8.604629e+001
1.318589e+003,8.593719e+001
1.319072e+003,8.583896e+001
1.319554e+003,8.575136e+001
1.320036e+003,8.567056e+001
1.320518e+003,8.559047e+001
1.321000e+003,8.550468e+001
1.321482e+003,8.540802e+001
1.321964e+003,8.529719e+001
1.322446e+003,8.517046e+001
1.322928e+003,8.502689e+001
1.323411e+003,8.486580e+001
1.323893e+003,8.468672e+001
1.324375e+003,8.448972e+001
1.324857e+003,8.427570e+001
1.325339e+003,8.404635e+001
1.325821e+003,8.380350e+001
1.326303e+003,8.354834e+001
1.326785e+003,8.328024e+001
1.327267e+003,8.299667e+001
1.327750e+003,8.269323e+001
1.328232e+003,8.236431e+001
1.328714e+003,8.200385e+001
1.329196e+003,8.160590e+001
1.329678e+003,8.116513e+001
1.330160e+003,8.067685e+001
1.330642e+003,8.013759e+001
1.331124e+003,7.954539e+001
1.331606e+003,7.890030e+001
1.332089e+003,7.820415e+001
1.332571e+003,7.745995e+001
1.333053e+003,7.667047e+001
1.333535e+003,7.583702e+001
1.334017e+003,7.495896e+001
1.334499e+003,7.403374e+001
1.334981e+003,7.305790e+001
1.335463e+003,7.202795e+001
1.335946e+003,7.094109e+001
1.336428e+003,6.979501e+001
1.336910e+003,6.858827e+001
1.337392e+003,6.732137e+001
1.337874e+003,6.599986e+001
1.338356e+003,6.463840e+001
1.338838e+003,6.326426e+001
1.339320e+003,6.191759e+001
1.339802e+003,6.064735e+001
1.340285e+003,5.950386e+001
1.340767e+003,5.853162e+001
1.341249e+003,5.776521e+001
1.341731e+003,5.722944e+001
1.342213e+003,5.694146e+001
1.342695e+003,5.691241e+001
1.343177e+003,5.714707e+001
1.343659e+003,5.764116e+001
1.344142e+003,5.837840e+001
1.344624e+003,5.932891e+001
1.345106e+003,6.045043e+001
1.345588e+003,6.169255e+001
1.346070e+003,6.300213e+001
1.346552e+003,6.432934e+001
1.347034e+003,6.563328e+001
1.347516e+003,6.688699e+001
1.347999e+003,6.808125e+001
1.348481e+003,6.922549e+001
1.348963e+003,7.034476e+001
1.349445e+003,7.147208e+001
1.349927e+003,7.263779e+001
1.350409e+003,7.385871e+001
1.350891e+003,7.513073e+001
1.351373e+003,7.642736e+001
1.351855e+003,7.770537e+001
1.352338e+003,7.891528e+001
1.352820e+003,8.001300e+001
1.353302e+003,8.096866e+001
1.353784e+003,8.177006e+001
1.354266e+003,8.242091e+001
1.354748e+003,8.293584e+001
1.355230e+003,8.333460e+001
1.355712e+003,8.363727e+001
1.356194e+003,8.386157e+001
1.356677e+003,8.402176e+001
1.357159e+003,8.412836e+001
1.357641e+003,8.418813e+001
1.358123e+003,8.420432e+001
1.358605e+003,8.417741e+001
1.359087e+003,8.410706e+001
1.359569e+003,8.399458e+001
1.360051e+003,8.384568e+001
1.360533e+003,8.367216e+001
1.361016e+003,8.349223e+001
1.361498e+003,8.332869e+001
1.361980e+003,8.320438e+001
1.362462e+003,8.313570e+001
1.362944e+003,8.312592e+001
1.363426e+003,8.316264e+001
1.363908e+003,8.322178e+001
1.364390e+003,8.327619e+001
1.364873e+003,8.330429e+001
1.365355e+003,8.329369e+001
1.365837e+003,8.324075e+001
1.366319e+003,8.314807e+001
1.366801e+003,8.302243e+001
1.367283e+003,8.287391e+001
1.367765e+003,8.271513e+001
1.368247e+003,8.255922e+001
1.368729e+003,8.241674e+001
1.369212e+003,8.229269e+001
1.369694e+003,8.218450e+001
1.370176e+003,8.208289e+001
1.370658e+003,8.197475e+001
1.371140e+003,8.184772e+001
1.371622e+003,8.169479e+001
1.372104e+003,8.151787e+001
1.372586e+003,8.132936e+001
1.373069e+003,8.115064e+001
1.373551e+003,8.100729e+001
1.374033e+003,8.092039e+001
1.374515e+003,8.089783e+001
1.374997e+003,8.093005e+001
1.375479e+003,8.099411e+001
1.375961e+003,8.106363e+001
1.376443e+003,8.111810e+001
1.376926e+003,8.114697e+001
1.377408e+003,8.114830e+001
1.377890e+003,8.112473e+001
1.378372e+003,8.107993e+001
1.378854e+003,8.101628e+001
1.379336e+003,8.093484e+001
1.379818e+003,8.083654e+001
1.380300e+003,8.072423e+001
1.380782e+003,8.060351e+001
1.381265e+003,8.048234e+001
1.381747e+003,8.036905e+001
1.382229e+003,8.026986e+001
1.382711e+003,8.018739e+001
1.383193e+003,8.012055e+001
1.383675e+003,8.006643e+001
1.384157e+003,8.002245e+001
1.384639e+003,7.998793e+001
1.385121e+003,7.996447e+001
1.385604e+003,7.995599e+001
1.386086e+003,7.996787e+001
1.386568e+003,8.000479e+001
1.387050e+003,8.006680e+001
1.387532e+003,8.014554e+001
1.388014e+003,8.022456e+001
1.388496e+003,8.028459e+001
1.388978e+003,8.031065e+001
1.389460e+003,8.029661e+001
1.389943e+003,8.024529e+001
1.390425e+003,8.016552e+001
1.390907e+003,8.006804e+001
1.391389e+003,7.996225e+001
1.391871e+003,7.985410e+001
1.392353e+003,7.974537e+001
1.392835e+003,7.963489e+001
1.393317e+003,7.952094e+001
1.393800e+003,7.940368e+001
1.394282e+003,7.928582e+001
1.394764e+003,7.917052e+001
1.395246e+003,7.905923e+001
1.395728e+003,7.895193e+001
1.396210e+003,7.885016e+001
1.396692e+003,7.875957e+001
1.397174e+003,7.868909e+001
1.397656e+003,7.864746e+001
1.398139e+003,7.863918e+001
1.398621e+003,7.866119e+001
1.399103e+003,7.870123e+001
1.399585e+003,7.873859e+001
1.400067e+003,7.874894e+001
1.400549e+003,7.871165e+001
1.401031e+003,7.861530e+001
1.401513e+003,7.845798e+001
1.401996e+003,7.824313e+001
1.402478e+003,7.797515e+001
1.402960e+003,7.765794e+001
1.403442e+003,7.729743e+001
1.403924e+003,7.690543e+001
1.404406e+003,7.650148e+001
1.404888e+003,7.611048e+001
1.405370e+003,7.575704e+001
1.405853e+003,7.545950e+001
1.406335e+003,7.522698e+001
1.406817e+003,7.505960e+001
1.407299e+003,7.495053e+001
1.407781e+003,7.488825e+001
1.408263e+003,7.485851e+001
1.408745e+003,7.484545e+001
1.409227e+003,7.483261e+001
1.409709e+003,7.480357e+001
1.410192e+003,7.474263e+001
1.410674e+003,7.463527e+001
1.411156e+003,7.446865e+001
1.411638e+003,7.423161e+001
1.412120e+003,7.391489e+001
1.412602e+003,7.351154e+001
1.413084e+003,7.301772e+001
1.413566e+003,7.243426e+001
1.414048e+003,7.176813e+001
1.414531e+003,7.103316e+001
1.415013e+003,7.024875e+001
1.415495e+003,6.943657e+001
1.415977e+003,6.861539e+001
1.416459e+003,6.779601e+001
1.416941e+003,6.697810e+001
1.417423e+003,6.615092e+001
1.417905e+003,6.529856e+001
1.418387e+003,6.440643e+001
1.418870e+003,6.346455e+001
1.419352e+003,6.246444e+001
1.419834e+003,6.139519e+001
1.420316e+003,6.024510e+001
1.420798e+003,5.900763e+001
1.421280e+003,5.768399e+001
1.421762e+003,5.628082e+001
1.422244e+003,5.480846e+001
1.422727e+003,5.328459e+001
1.423209e+003,5.174196e+001
1.423691e+003,5.023248e+001
1.424173e+003,4.882033e+001
1.424655e+003,4.756455e+001
1.425137e+003,4.650158e+001
1.425619e+003,4.563942e+001
1.426101e+003,4.496556e+001
1.426583e+003,4.446071e+001
1.427066e+003,4.410934e+001
1.427548e+003,4.390264e+001
1.428030e+003,4.383496e+001
1.428512e+003,4.389715e+001
1.428994e+003,4.407195e+001
1.429476e+003,4.433479e+001
1.429958e+003,4.466043e+001
1.430440e+003,4.503107e+001
1.430923e+003,4.544071e+001
1.431405e+003,4.589274e+001
1.431887e+003,4.639304e+001
1.432369e+003,4.694397e+001
1.432851e+003,4.754335e+001
1.433333e+003,4.818934e+001
1.433815e+003,4.888731e+001
1.434297e+003,4.965538e+001
1.434780e+003,5.052568e+001
1.435262e+003,5.153878e+001
1.435744e+003,5.272741e+001
1.436226e+003,5.409068e+001
1.436708e+003,5.557239e+001
1.437190e+003,5.706857e+001
1.437672e+003,5.847049e+001
1.438154e+003,5.971427e+001
1.438636e+003,6.079939e+001
1.439119e+003,6.176972e+001
1.439601e+003,6.267946e+001
1.440083e+003,6.356623e+001
1.440565e+003,6.444076e+001
1.441047e+003,6.529186e+001
1.441529e+003,6.610065e+001
1.442011e+003,6.685615e+001
1.442493e+003,6.756405e+001
1.442976e+003,6.824590e+001
1.443458e+003,6.893040e+001
1.443940e+003,6.964382e+001
1.444422e+003,7.040514e+001
1.444904e+003,7.122756e+001
1.445386e+003,7.212373e+001
1.445868e+003,7.310941e+001
1.446350e+003,7.420109e+001
1.446833e+003,7.540568e+001
1.447314e+003,7.670611e+001
1.447797e+003,7.805130e+001
1.448279e+003,7.936054e+001
1.448761e+003,8.054676e+001
1.449243e+003,8.154722e+001
1.449725e+003,8.234398e+001
1.450207e+003,8.296246e+001
1.450689e+003,8.345321e+001
1.451171e+003,8.386978e+001
1.451654e+003,8.425364e+001
1.452136e+003,8.462997e+001
1.452618e+003,8.501263e+001
1.453100e+003,8.541196e+001
1.453582e+003,8.583943e+001
1.454064e+003,8.630446e+001
1.454546e+003,8.680577e+001
1.455028e+003,8.732440e+001
1.455510e+003,8.782660e+001
1.455993e+003,8.827982e+001
1.456475e+003,8.867281e+001
1.456957e+003,8.902030e+001
1.457439e+003,8.934229e+001
1.457921e+003,8.964175e+001
1.458403e+003,8.990977e+001
1.458885e+003,9.014548e+001
1.459367e+003,9.035965e+001
1.459850e+003,9.056120e+001
1.460332e+003,9.074597e+001
1.460814e+003,9.089700e+001
1.461296e+003,9.099298e+001
1.461778e+003,9.101721e+001
1.462260e+003,9.096243e+001
1.462742e+003,9.083198e+001
1.463224e+003,9.064005e+001
1.463707e+003,9.041191e+001
1.464189e+003,9.018188e+001
1.464671e+003,8.998465e+001
1.465153e+003,8.984303e+001
1.465635e+003,8.976012e+001
1.466117e+003,8.972266e+001
1.466599e+003,8.971083e+001
1.467081e+003,8.970589e+001
1.467563e+003,8.969179e+001
1.468046e+003,8.965434e+001
1.468528e+003,8.958030e+001
1.469010e+003,8.945741e+001
1.469492e+003,8.927384e+001
1.469974e+003,8.901685e+001
1.470456e+003,8.867336e+001
1.470938e+003,8.823540e+001
1.471420e+003,8.771008e+001
1.471903e+003,8.712632e+001
1.472385e+003,8.652685e+001
1.472867e+003,8.594367e+001
1.473349e+003,8.537623e+001
1.473831e+003,8.479358e+001
1.474313e+003,8.415514e+001
1.474795e+003,8.342954e+001
1.475277e+003,8.260162e+001
1.475760e+003,8.167314e+001
1.476241e+003,8.066357e+001
1.476724e+003,7.961131e+001
1.477206e+003,7.857229e+001
1.477688e+003,7.761444e+001
1.478170e+003,7.680987e+001
1.478652e+003,7.622698e+001
1.479134e+003,7.592307e+001
1.479616e+003,7.593707e+001
1.480098e+003,7.628175e+001
1.480581e+003,7.693663e+001
1.481063e+003,7.784511e+001
1.481545e+003,7.892055e+001
1.482027e+003,8.006189e+001
1.482509e+003,8.117416e+001
1.482991e+003,8.218529e+001
1.483473e+003,8.305342e+001
1.483955e+003,8.376406e+001
1.484438e+003,8.432248e+001
1.484920e+003,8.474570e+001
1.485402e+003,8.505752e+001
1.485884e+003,8.528545e+001
1.486366e+003,8.545863e+001
1.486848e+003,8.560479e+001
1.487330e+003,8.574761e+001
1.487812e+003,8.590461e+001
1.488294e+003,8.608689e+001
1.488777e+003,8.629991e+001
1.489259e+003,8.654353e+001
1.489741e+003,8.680925e+001
1.490223e+003,8.707679e+001
1.490705e+003,8.731490e+001
1.491187e+003,8.749149e+001
1.491669e+003,8.758890e+001
1.492151e+003,8.761349e+001
1.492634e+003,8.759268e+001
1.493116e+003,8.756243e+001
1.493598e+003,8.755301e+001
1.494080e+003,8.757915e+001
1.494562e+003,8.763747e+001
1.495044e+003,8.770985e+001
1.495526e+003,8.777101e+001
1.496008e+003,8.779633e+001
1.496490e+003,8.776785e+001
1.496973e+003,8.767783e+001
1.497455e+003,8.753048e+001
1.497937e+003,8.734181e+001
1.498419e+003,8.713546e+001
1.498901e+003,8.693472e+001
1.499383e+003,8.675352e+001
1.499865e+003,8.659128e+001
1.500347e+003,8.643436e+001
1.500830e+003,8.626404e+001
1.501312e+003,8.606738e+001
1.501794e+003,8.584577e+001
1.502276e+003,8.561615e+001
1.502758e+003,8.540431e+001
1.503240e+003,8.523253e+001
1.503722e+003,8.510673e+001
1.504204e+003,8.500895e+001
1.504687e+003,8.490147e+001
1.505168e+003,8.474724e+001
1.505651e+003,8.454440e+001
1.506133e+003,8.435446e+001
1.506615e+003,8.428652e+001
1.507097e+003,8.442046e+001
1.507579e+003,8.473244e+001
1.508061e+003,8.511658e+001
1.508543e+003,8.547503e+001
1.509025e+003,8.576929e+001
1.509508e+003,8.600541e+001
1.509990e+003,8.619765e+001
1.510472e+003,8.634534e+001
1.510954e+003,8.642956e+001
1.511436e+003,8.642320e+001
1.511918e+003,8.630541e+001
1.512400e+003,8.607267e+001
1.512882e+003,8.574183e+001
1.513365e+003,8.534536e+001
1.513847e+003,8.492242e+001
1.514329e+003,8.451135e+001
1.514811e+003,8.414611e+001
1.515293e+003,8.385767e+001
1.515775e+003,8.367511e+001
1.516257e+003,8.362207e+001
1.516739e+003,8.370452e+001
1.517221e+003,8.389946e+001
1.517704e+003,8.415691e+001
1.518186e+003,8.441772e+001
1.518668e+003,8.463338e+001
1.519150e+003,8.477536e+001
1.519632e+003,8.483688e+001
1.520114e+003,8.483634e+001
1.520596e+003,8.482200e+001
1.521078e+003,8.486261e+001
1.521561e+003,8.501163e+001
1.522043e+003,8.526646e+001
1.522525e+003,8.556696e+001
1.523007e+003,8.583874e+001
1.523489e+003,8.603516e+001
1.523971e+003,8.614481e+001
1.524453e+003,8.617626e+001
1.524935e+003,8.614423e+001
1.525417e+003,8.606664e+001
1.525900e+003,8.596745e+001
1.526382e+003,8.587624e+001
1.526864e+003,8.582220e+001
1.527346e+003,8.582581e+001
1.527828e+003,8.589229e+001
1.528310e+003,8.600912e+001
1.528792e+003,8.614806e+001
1.529274e+003,8.627231e+001
1.529757e+003,8.634763e+001
1.530239e+003,8.635338e+001
1.530721e+003,8.628797e+001
1.531203e+003,8.616761e+001
1.531685e+003,8.602070e+001
1.532167e+003,8.588227e+001
1.532649e+003,8.578833e+001
1.533131e+003,8.576449e+001
1.533614e+003,8.580719e+001
1.534095e+003,8.587395e+001
1.534578e+003,8.590412e+001
1.535060e+003,8.586028e+001
1.535542e+003,8.575080e+001
1.536024e+003,8.561549e+001
1.536506e+003,8.549148e+001
1.536988e+003,8.538461e+001
1.537470e+003,8.525910e+001
1.537952e+003,8.504862e+001
1.538435e+003,8.468740e+001
1.538917e+003,8.415202e+001
1.539399e+003,8.349010e+001
1.539881e+003,8.280486e+001
1.540363e+003,8.219322e+001
1.540845e+003,8.168794e+001
1.541327e+003,8.125742e+001
1.541809e+003,8.085176e+001
1.542292e+003,8.044527e+001
1.542774e+003,8.005028e+001
1.543256e+003,7.971035e+001
1.543738e+003,7.948506e+001
1.544220e+003,7.943160e+001
1.544702e+003,7.958465e+001
1.545184e+003,7.994141e+001
1.545666e+003,8.046204e+001
1.546148e+003,8.108828e+001
1.546631e+003,8.176965e+001
1.547113e+003,8.248047e+001
1.547595e+003,8.321992e+001
1.548077e+003,8.399999e+001
1.548559e+003,8.483031e+001
1.549041e+003,8.570650e+001
1.549523e+003,8.660526e+001
1.550005e+003,8.748721e+001
1.550488e+003,8.830782e+001
1.550970e+003,8.903117e+001
1.551452e+003,8.963853e+001
1.551934e+003,9.012585e+001
1.552416e+003,9.049500e+001
1.552898e+003,9.074783e+001
1.553380e+003,9.088877e+001
1.553862e+003,9.093320e+001
1.554344e+003,9.091360e+001
1.554827e+003,9.087704e+001
1.555309e+003,9.087559e+001
1.555791e+003,9.095351e+001
1.556273e+003,9.113589e+001
1.556755e+003,9.142381e+001
1.557237e+003,9.180443e+001
1.557719e+003,9.228310e+001
1.558201e+003,9.292459e+001
1.558684e+003,9.384328e+001
1.559166e+003,9.506824e+001
1.559648e+003,9.637794e+001
1.560130e+003,9.738894e+001
1.560612e+003,9.785297e+001
1.561094e+003,9.778493e+001
1.561576e+003,9.736024e+001
1.562058e+003,9.677611e+001
1.562541e+003,9.617990e+001
1.563022e+003,9.565649e+001
1.563505e+003,9.524127e+001
1.563987e+003,9.493777e+001
1.564469e+003,9.472995e+001
1.564951e+003,9.458911e+001
1.565433e+003,9.447990e+001
1.565915e+003,9.436980e+001
1.566397e+003,9.423938e+001
1.566879e+003,9.408833e+001
1.567362e+003,9.393559e+001
1.567844e+003,9.381676e+001
1.568326e+003,9.378000e+001
1.568808e+003,9.387702e+001
1.569290e+003,9.414221e+001
1.569772e+003,9.456383e+001
1.570254e+003,9.506969e+001
1.570736e+003,9.555033e+001
1.571219e+003,9.591074e+001
1.571701e+003,9.611198e+001
1.572183e+003,9.617625e+001
1.572665e+003,9.616319e+001
1.573147e+003,9.613879e+001
1.573629e+003,9.615282e+001
1.574111e+003,9.622987e+001
1.574593e+003,9.637254e+001
1.575075e+003,9.657166e+001
1.575558e+003,9.681400e+001
1.576040e+003,9.707848e+001
1.576522e+003,9.732626e+001
1.577004e+003,9.750477e+001
1.577486e+003,9.757430e+001
1.577968e+003,9.753419e+001
1.578450e+003,9.742154e+001
1.578932e+003,9.728671e+001
1.579415e+003,9.716743e+001
1.579897e+003,9.707642e+001
1.580379e+003,9.700349e+001
1.580861e+003,9.692646e+001
1.581343e+003,9.682363e+001
1.581825e+003,9.668229e+001
1.582307e+003,9.650121e+001
1.582789e+003,9.628831e+001
1.583271e+003,9.605683e+001
1.583754e+003,9.582242e+001
1.584236e+003,9.560265e+001
1.584718e+003,9.541719e+001
1.585200e+003,9.528668e+001
1.585682e+003,9.522916e+001
1.586164e+003,9.525436e+001
1.586646e+003,9.535838e+001
1.587128e+003,9.552052e+001
1.587611e+003,9.570486e+001
1.588093e+003,9.586686e+001
1.588575e+003,9.596450e+001
1.589057e+003,9.597016e+001
1.589539e+003,9.587882e+001
1.590021e+003,9.570834e+001
1.590503e+003,9.549215e+001
1.590985e+003,9.526756e+001
1.591468e+003,9.506502e+001
1.591949e+003,9.490137e+001
1.592432e+003,9.477875e+001
1.592914e+003,9.468786e+001
1.593396e+003,9.461374e+001
1.593878e+003,9.454156e+001
1.594360e+003,9.446100e+001
1.594842e+003,9.436806e+001
1.595324e+003,9.426485e+001
1.595806e+003,9.415808e+001
1.596289e+003,9.405722e+001
1.596771e+003,9.397243e+001
1.597253e+003,9.391260e+001
1.597735e+003,9.388297e+001
1.598217e+003,9.388309e+001
1.598699e+003,9.390497e+001
1.599181e+003,9.393287e+001
1.599663e+003,9.394559e+001
1.600146e+003,9.392129e+001
1.600628e+003,9.384370e+001
1.601110e+003,9.370818e+001
1.601592e+003,9.352455e+001
1.602074e+003,9.331613e+001
1.602556e+003,9.311491e+001
1.603038e+003,9.295449e+001
1.603520e+003,9.286283e+001
1.604002e+003,9.285624e+001
1.604485e+003,9.293633e+001
1.604967e+003,9.308967e+001
1.605449e+003,9.329021e+001
1.605931e+003,9.350374e+001
1.606413e+003,9.369310e+001
1.606895e+003,9.382503e+001
1.607377e+003,9.387730e+001
1.607859e+003,9.384453e+001
1.608342e+003,9.373976e+001
1.608824e+003,9.359051e+001
1.609306e+003,9.343015e+001
1.609788e+003,9.328778e+001
1.610270e+003,9.318053e+001
1.610752e+003,9.311056e+001
1.611234e+003,9.306709e+001
1.611716e+003,9.303367e+001
1.612198e+003,9.299687e+001
1.612681e+003,9.295326e+001
1.613163e+003,9.291027e+001
1.613645e+003,9.288097e+001
1.614127e+003,9.287590e+001
1.614609e+003,9.289796e+001
1.615091e+003,9.294476e+001
1.615573e+003,9.301735e+001
1.616055e+003,9.312563e+001
1.616538e+003,9.327934e+001
1.617020e+003,9.346693e+001
1.617502e+003,9.364613e+001
1.617984e+003,9.376275e+001
1.618466e+003,9.378135e+001
1.618948e+003,9.369766e+001
1.619430e+003,9.352772e+001
1.619912e+003,9.328989e+001
1.620395e+003,9.299469e+001
1.620876e+003,9.264683e+001
1.621359e+003,9.225563e+001
1.621841e+003,9.184626e+001
1.622323e+003,9.146264e+001
1.622805e+003,9.115481e+001
1.623287e+003,9.095428e+001
1.623769e+003,9.085247e+001
1.624251e+003,9.080063e+001
1.624733e+003,9.073251e+001
1.625216e+003,9.059361e+001
1.625698e+003,9.035932e+001
1.626180e+003,9.003728e+001
1.626662e+003,8.966010e+001
1.627144e+003,8.927404e+001
1.627626e+003,8.892596e+001
1.628108e+003,8.864926e+001
1.628590e+003,8.845357e+001
1.629073e+003,8.832451e+001
1.629555e+003,8.823530e+001
1.630037e+003,8.816325e+001
1.630519e+003,8.810172e+001
1.631001e+003,8.806290e+001
1.631483e+003,8.807310e+001
1.631965e+003,8.816476e+001
1.632447e+003,8.836900e+001
1.632929e+003,8.871075e+001
1.633412e+003,8.920707e+001
1.633894e+003,8.986856e+001
1.634376e+003,9.070008e+001
1.634858e+003,9.169502e+001
1.635340e+003,9.281639e+001
1.635822e+003,9.397393e+001
1.636304e+003,9.502628e+001
1.636786e+003,9.583202e+001
1.637269e+003,9.632050e+001
1.637751e+003,9.652000e+001
1.638233e+003,9.652518e+001
1.638715e+003,9.644294e+001
1.639197e+003,9.635330e+001
1.639679e+003,9.629594e+001
1.640161e+003,9.627521e+001
1.640643e+003,9.627403e+001
1.641125e+003,9.626959e+001
1.641608e+003,9.624578e+001
1.642090e+003,9.619829e+001
1.642572e+003,9.613245e+001
1.643054e+003,9.605643e+001
1.643536e+003,9.597428e+001
1.644018e+003,9.588324e+001
1.644500e+003,9.577676e+001
1.644982e+003,9.565177e+001
1.645465e+003,9.551681e+001
1.645947e+003,9.539551e+001
1.646429e+003,9.531864e+001
1.646911e+003,9.530305e+001
1.647393e+003,9.533099e+001
1.647875e+003,9.535633e+001
1.648357e+003,9.534331e+001
1.648839e+003,9.530376e+001
1.649322e+003,9.529846e+001
1.649803e+003,9.540483e+001
1.650286e+003,9.567606e+001
1.650768e+003,9.611117e+001
1.651250e+003,9.664768e+001
1.651732e+003,9.718613e+001
1.652214e+003,9.764735e+001
1.652696e+003,9.802900e+001
1.653178e+003,9.838625e+001
1.653660e+003,9.871855e+001
1.654143e+003,9.892024e+001
1.654625e+003,9.890044e+001
1.655107e+003,9.868822e+001
1.655589e+003,9.839632e+001
1.656071e+003,9.813535e+001
1.656553e+003,9.796530e+001
1.657035e+003,9.788983e+001
1.657517e+003,9.787242e+001
1.658000e+003,9.785801e+001
1.658482e+003,9.779176e+001
1.658964e+003,9.763203e+001
1.659446e+003,9.735648e+001
1.659928e+003,9.696398e+001
1.660410e+003,9.647529e+001
1.660892e+003,9.593484e+001
1.661374e+003,9.541187e+001
1.661856e+003,9.499526e+001
1.662339e+003,9.477467e+001
1.662821e+003,9.480846e+001
1.663303e+003,9.509320e+001
1.663785e+003,9.555687e+001
1.664267e+003,9.608596e+001
1.664749e+003,9.656874e+001
1.665231e+003,9.692782e+001
1.665713e+003,9.712867e+001
1.666196e+003,9.717034e+001
1.666678e+003,9.707091e+001
1.667160e+003,9.685745e+001
1.667642e+003,9.656293e+001
1.668124e+003,9.622760e+001
1.668606e+003,9.590039e+001
1.669088e+003,9.563467e+001
1.669570e+003,9.547717e+001
1.670052e+003,9.545396e+001
1.670535e+003,9.556339e+001
1.671017e+003,9.578202e+001
1.671499e+003,9.607875e+001
1.671981e+003,9.642621e+001
1.672463e+003,9.680115e+001
1.672945e+003,9.717716e+001
1.673427e+003,9.751785e+001
1.673909e+003,9.777837e+001
1.674392e+003,9.791829e+001
1.674874e+003,9.791664e+001
1.675356e+003,9.777672e+001
1.675838e+003,9.751682e+001
1.676320e+003,9.716133e+001
1.676802e+003,9.674216e+001
1.677284e+003,9.630041e+001
1.677766e+003,9.587775e+001
1.678249e+003,9.550306e+001
1.678730e+003,9.518507e+001
1.679213e+003,9.491543e+001
1.679695e+003,9.467829e+001
1.680177e+003,9.446146e+001
1.680659e+003,9.426311e+001
1.681141e+003,9.409264e+001
1.681623e+003,9.396617e+001
1.682105e+003,9.390230e+001
1.682587e+003,9.392630e+001
1.683070e+003,9.408431e+001
1.683552e+003,9.444802e+001
1.684034e+003,9.507296e+001
1.684516e+003,9.591158e+001
1.684998e+003,9.677835e+001
1.685480e+003,9.745237e+001
1.685962e+003,9.781923e+001
1.686444e+003,9.790623e+001
1.686927e+003,9.781805e+001
1.687409e+003,9.766213e+001
1.687891e+003,9.750903e+001
1.688373e+003,9.738580e+001
1.688855e+003,9.728616e+001
1.689337e+003,9.718520e+001
1.689819e+003,9.705324e+001
1.690301e+003,9.686700e+001
1.690783e+003,9.661807e+001
1.691266e+003,9.631815e+001
1.691748e+003,9.599830e+001
1.692230e+003,9.570184e+001
1.692712e+003,9.547148e+001
1.693194e+003,9.533530e+001
1.693676e+003,9.529765e+001
1.694158e+003,9.533985e+001
1.694640e+003,9.543166e+001
1.695123e+003,9.554512e+001
1.695605e+003,9.565813e+001
1.696087e+003,9.574729e+001
1.696569e+003,9.579022e+001
1.697051e+003,9.578571e+001
1.697533e+003,9.576725e+001
1.698015e+003,9.578851e+001
1.698497e+003,9.589573e+001
1.698979e+003,9.611509e+001
1.699462e+003,9.645883e+001
1.699944e+003,9.692387e+001
1.700426e+003,9.745742e+001
1.700908e+003,9.792843e+001
1.701390e+003,9.818307e+001
1.701872e+003,9.815223e+001
1.702354e+003,9.788773e+001
1.702836e+003,9.750456e+001
1.703319e+003,9.710888e+001
1.703801e+003,9.676595e+001
1.704283e+003,9.650693e+001
1.704765e+003,9.634953e+001
1.705247e+003,9.630913e+001
1.705729e+003,9.639002e+001
1.706211e+003,9.656947e+001
1.706693e+003,9.679370e+001
1.707176e+003,9.699202e+001
1.707657e+003,9.709829e+001
1.708140e+003,9.706888e+001
1.708622e+003,9.689423e+001
1.709104e+003,9.660240e+001
1.709586e+003,9.625170e+001
1.710068e+003,9.591244e+001
1.710550e+003,9.564369e+001
1.711032e+003,9.547474e+001
1.711514e+003,9.539784e+001
1.711997e+003,9.537476e+001
1.712479e+003,9.535371e+001
1.712961e+003,9.529185e+001
1.713443e+003,9.517446e+001
1.713925e+003,9.502324e+001
1.714407e+003,9.488914e+001
1.714889e+003,9.483406e+001
1.715371e+003,9.491040e+001
1.715854e+003,9.514694e+001
1.716336e+003,9.554375e+001
1.716818e+003,9.607210e+001
1.717300e+003,9.667512e+001
1.717782e+003,9.727023e+001
1.718264e+003,9.776163e+001
1.718746e+003,9.806888e+001
1.719229e+003,9.815826e+001
1.719710e+003,9.805386e+001
1.720193e+003,9.782105e+001
1.720675e+003,9.753766e+001
1.721157e+003,9.727038e+001
1.721639e+003,9.706263e+001
1.722121e+003,9.693193e+001
1.722603e+003,9.687214e+001
1.723085e+003,9.685809e+001
1.723567e+003,9.685248e+001
1.724050e+003,9.681567e+001
1.724532e+003,9.671734e+001
1.725014e+003,9.654550e+001
1.725496e+003,9.630943e+001
1.725978e+003,9.603481e+001
1.726460e+003,9.575456e+001
1.726942e+003,9.549896e+001
1.727424e+003,9.528857e+001
1.727906e+003,9.513186e+001
1.728389e+003,9.502711e+001
1.728871e+003,9.496715e+001
1.729353e+003,9.494468e+001
1.729835e+003,9.495660e+001
1.730317e+003,9.500499e+001
1.730799e+003,9.509544e+001
1.731281e+003,9.523280e+001
1.731763e+003,9.541769e+001
1.732246e+003,9.564730e+001
1.732728e+003,9.592319e+001
1.733210e+003,9.626003e+001
1.733692e+003,9.667760e+001
1.734174e+003,9.716411e+001
1.734656e+003,9.763977e+001
1.735138e+003,9.797994e+001
1.735620e+003,9.809527e+001
1.736103e+003,9.798629e+001
1.736585e+003,9.772617e+001
1.737067e+003,9.740762e+001
1.737549e+003,9.710181e+001
1.738031e+003,9.684608e+001
1.738513e+003,9.665081e+001
1.738995e+003,9.651048e+001
1.739477e+003,9.640834e+001
1.739959e+003,9.631606e+001
1.740442e+003,9.619858e+001
1.740924e+003,9.602800e+001
1.741406e+003,9.579720e+001
1.741888e+003,9.552397e+001
1.742370e+003,9.524499e+001
1.742852e+003,9.500469e+001
1.743334e+003,9.484317e+001
1.743816e+003,9.478427e+001
1.744299e+003,9.482761e+001
1.744781e+003,9.494688e+001
1.745263e+003,9.509573e+001
1.745745e+003,9.521957e+001
1.746227e+003,9.527017e+001
1.746709e+003,9.522072e+001
1.747191e+003,9.507744e+001
1.747673e+003,9.488208e+001
1.748156e+003,9.470206e+001
1.748637e+003,9.461132e+001
1.749120e+003,9.466936e+001
1.749602e+003,9.490498e+001
1.750084e+003,9.530766e+001
1.750566e+003,9.582611e+001
1.751048e+003,9.637569e+001
1.751530e+003,9.685799e+001
1.752012e+003,9.719005e+001
1.752494e+003,9.733134e+001
1.752977e+003,9.729263e+001
1.753459e+003,9.712269e+001
1.753941e+003,9.688316e+001
1.754423e+003,9.662643e+001
1.754905e+003,9.638527e+001
1.755387e+003,9.617406e+001
1.755869e+003,9.599622e+001
1.756351e+003,9.585100e+001
1.756833e+003,9.573546e+001
1.757316e+003,9.564423e+001
1.757798e+003,9.557091e+001
1.758280e+003,9.551180e+001
1.758762e+003,9.546856e+001
1.759244e+003,9.544779e+001
1.759726e+003,9.545847e+001
1.760208e+003,9.551051e+001
1.760690e+003,9.561392e+001
1.761173e+003,9.577611e+001
1.761655e+003,9.599496e+001
1.762137e+003,9.625047e+001
1.762619e+003,9.650288e+001
1.763101e+003,9.670280e+001
1.763583e+003,9.680908e+001
1.764065e+003,9.680289e+001
1.764547e+003,9.669036e+001
1.765030e+003,9.649623e+001
1.765512e+003,9.625462e+001
1.765994e+003,9.600182e+001
1.766476e+003,9.577208e+001
1.766958e+003,9.559265e+001
1.767440e+003,9.547750e+001
1.767922e+003,9.542198e+001
1.768404e+003,9.540447e+001
1.768886e+003,9.539640e+001
1.769369e+003,9.537558e+001
1.769851e+003,9.533601e+001
1.770333e+003,9.529054e+001
1.770815e+003,9.526906e+001
1.771297e+003,9.531195e+001
1.771779e+003,9.545509e+001
1.772261e+003,9.570667e+001
1.772743e+003,9.602927e+001
1.773226e+003,9.634840e+001
1.773708e+003,9.658752e+001
1.774190e+003,9.670335e+001
1.774672e+003,9.669592e+001
1.775154e+003,9.659462e+001
1.775636e+003,9.643678e+001
1.776118e+003,9.625204e+001
1.776600e+003,9.605696e+001
1.777083e+003,9.585777e+001
1.777564e+003,9.565690e+001
1.778047e+003,9.546004e+001
1.778529e+003,9.527968e+001
1.779011e+003,9.513480e+001
1.779493e+003,9.504671e+001
1.779975e+003,9.503237e+001
1.780457e+003,9.509782e+001
1.780939e+003,9.523433e+001
1.781421e+003,9.542081e+001
1.781904e+003,9.563123e+001
1.782386e+003,9.584256e+001
1.782868e+003,9.603831e+001
1.783350e+003,9.620719e+001
1.783832e+003,9.633975e+001
1.784314e+003,9.642699e+001
1.784796e+003,9.646120e+001
1.785278e+003,9.643869e+001
1.785760e+003,9.636223e+001
1.786243e+003,9.624178e+001
1.786725e+003,9.609281e+001
1.787207e+003,9.593296e+001
1.787689e+003,9.577789e+001
1.788171e+003,9.563898e+001
1.788653e+003,9.552294e+001
1.789135e+003,9.543382e+001
1.789617e+003,9.537552e+001
1.790100e+003,9.535374e+001
1.790582e+003,9.537573e+001
1.791064e+003,9.544815e+001
1.791546e+003,9.557153e+001
1.792028e+003,9.573347e+001
1.792510e+003,9.590488e+001
1.792992e+003,9.604643e+001
1.793474e+003,9.612509e+001
1.793957e+003,9.613039e+001
1.794439e+003,9.607780e+001
1.794921e+003,9.599776e+001
1.795403e+003,9.591885e+001
1.795885e+003,9.585474e+001
1.796367e+003,9.580048e+001
1.796849e+003,9.573782e+001
1.797331e+003,9.564625e+001
1.797813e+003,9.551439e+001
1.798296e+003,9.534726e+001
1.798778e+003,9.516626e+001
1.799260e+003,9.500318e+001
1.799742e+003,9.489047e+001
1.800224e+003,9.485160e+001
1.800706e+003,9.489435e+001
1.801188e+003,9.500945e+001
1.801670e+003,9.517505e+001
1.802153e+003,9.536456e+001
1.802635e+003,9.555373e+001
1.803117e+003,9.572340e+001
1.803599e+003,9.585840e+001
1.804081e+003,9.594559e+001
1.804563e+003,9.597394e+001
1.805045e+003,9.593743e+001
1.805527e+003,9.583894e+001
1.806010e+003,9.569202e+001
1.806491e+003,9.551906e+001
1.806974e+003,9.534547e+001
1.807456e+003,9.519331e+001
1.807938e+003,9.507574e+001
1.808420e+003,9.499529e+001
1.808902e+003,9.494598e+001
1.809384e+003,9.491846e+001
1.809866e+003,9.490567e+001
1.810348e+003,9.490648e+001
1.810831e+003,9.492530e+001
1.811313e+003,9.496791e+001
1.811795e+003,9.503603e+001
1.812277e+003,9.512330e+001
1.812759e+003,9.521552e+001
1.813241e+003,9.529471e+001
1.813723e+003,9.534483e+001
1.814205e+003,9.535626e+001
1.814688e+003,9.532774e+001
1.815170e+003,9.526573e+001
1.815652e+003,9.518238e+001
1.816134e+003,9.509299e+001
1.816616e+003,9.501287e+001
1.817098e+003,9.495451e+001
1.817580e+003,9.492573e+001
1.818062e+003,9.492897e+001
1.818544e+003,9.496159e+001
1.819027e+003,9.501595e+001
1.819509e+003,9.507986e+001
1.819991e+003,9.513810e+001
1.820473e+003,9.517488e+001
1.820955e+003,9.517734e+001
1.821437e+003,9.513837e+001
1.821919e+003,9.505767e+001
1.822401e+003,9.494110e+001
1.822884e+003,9.479910e+001
1.823366e+003,9.464610e+001
1.823848e+003,9.450012e+001
1.824330e+003,9.438086e+001
1.824812e+003,9.430453e+001
1.825294e+003,9.427752e+001
1.825776e+003,9.429327e+001
1.826258e+003,9.433565e+001
1.826740e+003,9.438551e+001
1.827223e+003,9.442666e+001
1.827705e+003,9.444907e+001
1.828187e+003,9.445150e+001
1.828669e+003,9.444402e+001
1.829151e+003,9.444853e+001
1.829633e+003,9.449233e+001
1.830115e+003,9.459518e+001
1.830597e+003,9.475703e+001
1.831080e+003,9.495644e+001
1.831562e+003,9.516090e+001
1.832044e+003,9.534053e+001
1.832526e+003,9.547656e+001
1.833008e+003,9.556252e+001
1.833490e+003,9.560098e+001
1.833972e+003,9.559952e+001
1.834454e+003,9.556728e+001
1.834937e+003,9.551237e+001
1.835418e+003,9.544064e+001
1.835901e+003,9.535524e+001
1.836383e+003,9.525816e+001
1.836865e+003,9.515189e+001
1.837347e+003,9.504124e+001
1.837829e+003,9.493351e+001
1.838311e+003,9.483768e+001
1.838793e+003,9.476229e+001
1.839275e+003,9.471396e+001
1.839758e+003,9.469616e+001
1.840240e+003,9.470933e+001
1.840722e+003,9.475040e+001
1.841204e+003,9.481236e+001
1.841686e+003,9.488402e+001
1.842168e+003,9.495220e+001
1.842650e+003,9.500700e+001
1.843132e+003,9.504825e+001
1.843615e+003,9.508736e+001
1.844097e+003,9.514114e+001
1.844579e+003,9.522039e+001
1.845061e+003,9.532311e+001
1.845543e+003,9.543716e+001
1.846025e+003,9.554858e+001
1.846507e+003,9.564687e+001
1.846989e+003,9.572522e+001
1.847471e+003,9.577892e+001
1.847954e+003,9.580458e+001
1.848436e+003,9.580087e+001
1.848918e+003,9.576943e+001
1.849400e+003,9.571439e+001
1.849882e+003,9.564095e+001
1.850364e+003,9.555382e+001
1.850846e+003,9.545715e+001
1.851328e+003,9.535516e+001
1.851811e+003,9.525380e+001
1.852293e+003,9.516154e+001
1.852775e+003,9.508904e+001
1.853257e+003,9.504669e+001
1.853739e+003,9.504148e+001
1.854221e+003,9.507388e+001
1.854703e+003,9.513716e+001
1.855185e+003,9.521860e+001
1.855667e+003,9.530325e+001
1.856150e+003,9.537782e+001
1.856632e+003,9.543423e+001
1.857114e+003,9.547079e+001
1.857596e+003,9.549166e+001
1.858078e+003,9.550405e+001
1.858560e+003,9.551546e+001
1.859042e+003,9.553123e+001
1.859524e+003,9.555316e+001
1.860007e+003,9.557938e+001
1.860489e+003,9.560504e+001
1.860971e+003,9.562328e+001
1.861453e+003,9.562641e+001
1.861935e+003,9.560701e+001
1.862417e+003,9.555905e+001
1.862899e+003,9.547888e+001
1.863381e+003,9.536581e+001
1.863864e+003,9.522210e+001
1.864345e+003,9.505270e+001
1.864828e+003,9.486476e+001
1.865310e+003,9.466732e+001
1.865792e+003,9.447121e+001
1.866274e+003,9.428941e+001
1.866756e+003,9.413738e+001
1.867238e+003,9.403276e+001
1.867720e+003,9.399342e+001
1.868202e+003,9.403273e+001
1.868685e+003,9.415291e+001
1.869167e+003,9.433987e+001
1.869649e+003,9.456455e+001
1.870131e+003,9.479221e+001
1.870613e+003,9.499503e+001
1.871095e+003,9.516013e+001
1.871577e+003,9.528876e+001
1.872059e+003,9.538982e+001
1.872542e+003,9.547104e+001
1.873024e+003,9.553387e+001
1.873506e+003,9.557244e+001
1.873988e+003,9.557728e+001
1.874470e+003,9.554106e+001
1.874952e+003,9.546398e+001
1.875434e+003,9.535583e+001
1.875916e+003,9.523415e+001
1.876398e+003,9.511949e+001
1.876881e+003,9.502985e+001
1.877363e+003,9.497651e+001
1.877845e+003,9.496243e+001
1.878327e+003,9.498338e+001
1.878809e+003,9.503040e+001
1.879291e+003,9.509241e+001
1.879773e+003,9.515768e+001
1.880255e+003,9.521442e+001
1.880738e+003,9.525103e+001
1.881220e+003,9.525755e+001
1.881702e+003,9.522840e+001
1.882184e+003,9.516544e+001
1.882666e+003,9.507954e+001
1.883148e+003,9.498877e+001
1.883630e+003,9.491364e+001
1.884112e+003,9.487022e+001
1.884594e+003,9.486430e+001
1.885077e+003,9.488862e+001
1.885559e+003,9.492532e+001
1.886041e+003,9.495271e+001
1.886523e+003,9.495360e+001
1.887005e+003,9.492134e+001
1.887487e+003,9.486204e+001
1.887969e+003,9.479183e+001
1.888451e+003,9.473109e+001
1.888934e+003,9.469754e+001
1.889416e+003,9.469987e+001
1.889898e+003,9.473512e+001
1.890380e+003,9.479056e+001
1.890862e+003,9.484990e+001
1.891344e+003,9.489962e+001
1.891826e+003,9.493202e+001
1.892308e+003,9.494432e+001
1.892791e+003,9.493585e+001
1.893272e+003,9.490646e+001
1.893755e+003,9.485692e+001
1.894237e+003,9.479102e+001
1.894719e+003,9.471722e+001
1.895201e+003,9.464760e+001
1.895683e+003,9.459472e+001
1.896165e+003,9.456739e+001
1.896647e+003,9.456781e+001
1.897129e+003,9.459119e+001
1.897612e+003,9.462827e+001
1.898094e+003,9.466975e+001
1.898576e+003,9.470976e+001
1.899058e+003,9.474780e+001
1.899540e+003,9.478671e+001
1.900022e+003,9.482894e+001
1.900504e+003,9.487234e+001
1.900986e+003,9.490842e+001
1.901469e+003,9.492426e+001
1.901951e+003,9.490751e+001
1.902433e+003,9.485240e+001
1.902915e+003,9.476320e+001
1.903397e+003,9.465418e+001
1.903879e+003,9.454504e+001
1.904361e+003,9.445453e+001
1.904843e+003,9.439448e+001
1.905325e+003,9.436678e+001
1.905808e+003,9.436399e+001
1.906290e+003,9.437324e+001
1.906772e+003,9.438152e+001
1.907254e+003,9.437997e+001
1.907736e+003,9.436570e+001
1.908218e+003,9.434129e+001
1.908700e+003,9.431279e+001
1.909182e+003,9.428716e+001
1.909665e+003,9.427016e+001
1.910147e+003,9.426572e+001
1.910629e+003,9.427570e+001
1.911111e+003,9.430027e+001
1.911593e+003,9.433757e+001
1.912075e+003,9.438322e+001
1.912557e+003,9.443005e+001
1.913039e+003,9.446860e+001
1.913521e+003,9.448933e+001
1.914004e+003,9.448482e+001
1.914486e+003,9.445238e+001
1.914968e+003,9.439456e+001
1.915450e+003,9.431889e+001
1.915932e+003,9.423631e+001
1.916414e+003,9.415958e+001
1.916896e+003,9.410109e+001
1.917378e+003,9.407014e+001
1.917861e+003,9.406895e+001
1.918343e+003,9.409001e+001
1.918825e+003,9.411653e+001
1.919307e+003,9.412735e+001
1.919789e+003,9.410371e+001
1.920271e+003,9.403530e+001
1.920753e+003,9.392277e+001
1.921235e+003,9.377793e+001
1.921718e+003,9.362146e+001
1.922199e+003,9.347899e+001
1.922682e+003,9.337473e+001
1.923164e+003,9.332358e+001
1.923646e+003,9.332582e+001
1.924128e+003,9.336745e+001
1.924610e+003,9.342615e+001
1.925092e+003,9.347978e+001
1.925574e+003,9.351374e+001
1.926056e+003,9.352406e+001
1.926539e+003,9.351691e+001
1.927021e+003,9.350469e+001
1.927503e+003,9.350075e+001
1.927985e+003,9.351482e+001
1.928467e+003,9.354987e+001
1.928949e+003,9.360217e+001
1.929431e+003,9.366293e+001
1.929913e+003,9.372135e+001
1.930396e+003,9.376706e+001
1.930878e+003,9.379189e+001
1.931360e+003,9.379070e+001
1.931842e+003,9.376225e+001
1.932324e+003,9.370955e+001
1.932806e+003,9.363985e+001
1.933288e+003,9.356354e+001
1.933770e+003,9.349190e+001
1.934252e+003,9.343446e+001
1.934735e+003,9.339616e+001
1.935217e+003,9.337572e+001
1.935699e+003,9.336612e+001
1.936181e+003,9.335706e+001
1.936663e+003,9.333833e+001
1.937145e+003,9.330324e+001
1.937627e+003,9.325012e+001
1.938109e+003,9.318211e+001
1.938592e+003,9.310509e+001
1.939074e+003,9.302525e+001
1.939556e+003,9.294792e+001
1.940038e+003,9.287691e+001
1.940520e+003,9.281531e+001
1.941002e+003,9.276646e+001
1.941484e+003,9.273419e+001
1.941966e+003,9.272195e+001
1.942448e+003,9.273003e+001
1.942931e+003,9.275307e+001
1.943413e+003,9.278085e+001
1.943895e+003,9.280180e+001
1.944377e+003,9.280800e+001
1.944859e+003,9.279808e+001
1.945341e+003,9.277693e+001
1.945823e+003,9.275240e+001
1.946305e+003,9.273174e+001
1.946788e+003,9.271827e+001
1.947270e+003,9.271130e+001
1.947752e+003,9.270715e+001
1.948234e+003,9.270285e+001
1.948716e+003,9.269818e+001
1.949198e+003,9.269642e+001
1.949680e+003,9.270216e+001
1.950162e+003,9.271811e+001
1.950645e+003,9.274195e+001
1.951126e+003,9.276608e+001
1.951609e+003,9.277977e+001
1.952091e+003,9.277314e+001
1.952573e+003,9.274074e+001
1.953055e+003,9.268295e+001
1.953537e+003,9.260477e+001
1.954019e+003,9.251329e+001
1.954501e+003,9.241484e+001
1.954983e+003,9.231445e+001
1.955466e+003,9.221648e+001
1.955948e+003,9.212649e+001
1.956430e+003,9.205276e+001
1.956912e+003,9.200481e+001
1.957394e+003,9.199106e+001
1.957876e+003,9.201474e+001
1.958358e+003,9.207079e+001
1.958840e+003,9.214655e+001
1.959323e+003,9.222552e+001
1.959805e+003,9.229447e+001
1.960287e+003,9.234789e+001
1.960769e+003,9.238919e+001
1.961251e+003,9.242570e+001
1.961733e+003,9.246156e+001
1.962215e+003,9.249263e+001
1.962697e+003,9.250617e+001
1.963179e+003,9.248707e+001
1.963662e+003,9.242696e+001
1.964144e+003,9.233108e+001
1.964626e+003,9.221938e+001
1.965108e+003,9.212145e+001
1.965590e+003,9.206607e+001
1.966072e+003,9.207124e+001
1.966554e+003,9.213822e+001
1.967036e+003,9.225191e+001
1.967519e+003,9.238960e+001
1.968001e+003,9.253226e+001
1.968483e+003,9.267221e+001
1.968965e+003,9.281381e+001
1.969447e+003,9.296693e+001
1.969929e+003,9.313757e+001
1.970411e+003,9.332141e+001
1.970893e+003,9.350342e+001
1.971375e+003,9.366383e+001
1.971858e+003,9.378717e+001
1.972340e+003,9.386836e+001
1.972822e+003,9.391406e+001
1.973304e+003,9.393770e+001
1.973786e+003,9.395222e+001
1.974268e+003,9.396499e+001
1.974750e+003,9.397691e+001
1.975232e+003,9.398645e+001
1.975715e+003,9.399532e+001
1.976197e+003,9.401320e+001
1.976679e+003,9.405731e+001
1.977161e+003,9.414827e+001
1.977643e+003,9.430339e+001
1.978125e+003,9.453152e+001
1.978607e+003,9.483140e+001
1.979089e+003,9.519440e+001
1.979572e+003,9.560663e+001
1.980053e+003,9.605017e+001
1.980536e+003,9.650015e+001
1.981018e+003,9.692213e+001
1.981500e+003,9.727215e+001
1.981982e+003,9.750561e+001
1.982464e+003,9.759031e+001
1.982946e+003,9.751945e+001
1.983428e+003,9.731668e+001
1.983910e+003,9.702998e+001
1.984393e+003,9.671756e+001
1.984875e+003,9.643147e+001
1.985357e+003,9.620482e+001
1.985839e+003,9.604668e+001
1.986321e+003,9.594530e+001
1.986803e+003,9.587859e+001
1.987285e+003,9.582550e+001
1.987767e+003,9.577431e+001
1.988250e+003,9.572426e+001
1.988732e+003,9.568120e+001
1.989214e+003,9.565092e+001
1.989696e+003,9.563502e+001
1.990178e+003,9.562972e+001
1.990660e+003,9.562972e+001
1.991142e+003,9.563201e+001
1.991624e+003,9.563919e+001
1.992106e+003,9.565780e+001
1.992589e+003,9.569363e+001
1.993071e+003,9.574654e+001
1.993553e+003,9.580861e+001
1.994035e+003,9.586700e+001
1.994517e+003,9.590968e+001
1.994999e+003,9.592992e+001
1.995481e+003,9.592876e+001
1.995963e+003,9.591286e+001
1.996446e+003,9.588965e+001
1.996928e+003,9.586243e+001
1.997410e+003,9.582779e+001
1.997892e+003,9.577660e+001
1.998374e+003,9.569831e+001
1.998856e+003,9.558595e+001
1.999338e+003,9.543949e+001
1.999820e+003,9.526557e+001
2.000302e+003,9.507514e+001
2.000785e+003,9.487990e+001
2.001267e+003,9.469001e+001
2.001749e+003,9.451389e+001
2.002231e+003,9.435890e+001
2.002713e+003,9.423205e+001
2.003195e+003,9.413989e+001
2.003677e+003,9.408610e+001
2.004159e+003,9.406844e+001
2.004642e+003,9.407606e+001
2.005124e+003,9.409100e+001
2.005606e+003,9.409395e+001
2.006088e+003,9.407245e+001
2.006570e+003,9.402686e+001
2.007052e+003,9.397124e+001
2.007534e+003,9.392622e+001
2.008016e+003,9.390916e+001
2.008499e+003,9.392554e+001
2.008980e+003,9.396614e+001
2.009463e+003,9.401199e+001
2.009945e+003,9.404437e+001
2.010427e+003,9.405296e+001
2.010909e+003,9.403918e+001
2.011391e+003,9.401206e+001
2.011873e+003,9.397877e+001
2.012355e+003,9.393639e+001
2.012837e+003,9.387001e+001
2.013320e+003,9.375895e+001
2.013802e+003,9.358904e+001
2.014284e+003,9.336427e+001
2.014766e+003,9.311201e+001
2.015248e+003,9.287854e+001
2.015730e+003,9.271618e+001
2.016212e+003,9.266613e+001
2.016694e+003,9.274404e+001
2.017177e+003,9.293327e+001
2.017659e+003,9.319092e+001
2.018141e+003,9.346370e+001
2.018623e+003,9.370511e+001
2.019105e+003,9.388685e+001
2.019587e+003,9.400047e+001
2.020069e+003,9.405215e+001
2.020551e+003,9.405778e+001
2.021033e+003,9.403770e+001
2.021516e+003,9.401534e+001
2.021998e+003,9.401594e+001
2.022480e+003,9.406501e+001
2.022962e+003,9.418158e+001
2.023444e+003,9.436919e+001
2.023926e+003,9.460703e+001
2.024408e+003,9.484773e+001
2.024890e+003,9.502717e+001
2.025373e+003,9.508511e+001
2.025855e+003,9.498856e+001
2.026337e+003,9.474657e+001
2.026819e+003,9.441069e+001
2.027301e+003,9.406108e+001
2.027783e+003,9.378391e+001
2.028265e+003,9.364687e+001
2.028747e+003,9.368066e+001
2.029229e+003,9.387372e+001
2.029712e+003,9.418106e+001
2.030194e+003,9.454372e+001
2.030676e+003,9.490770e+001
2.031158e+003,9.523621e+001
2.031640e+003,9.551152e+001
2.032122e+003,9.573103e+001
2.032604e+003,9.590005e+001
2.033086e+003,9.602557e+001
2.033569e+003,9.611395e+001
2.034051e+003,9.617146e+001
2.034533e+003,9.620693e+001
2.035015e+003,9.623232e+001
2.035497e+003,9.626133e+001
2.035979e+003,9.630633e+001
2.036461e+003,9.637449e+001
2.036943e+003,9.646596e+001
2.037426e+003,9.657415e+001
2.037907e+003,9.668825e+001
2.038390e+003,9.679638e+001
2.038872e+003,9.688872e+001
2.039354e+003,9.695916e+001
2.039836e+003,9.700703e+001
2.040318e+003,9.703730e+001
2.040800e+003,9.705934e+001
2.041282e+003,9.708399e+001
2.041764e+003,9.712013e+001
2.042247e+003,9.717213e+001
2.042729e+003,9.723824e+001
2.043211e+003,9.731129e+001
2.043693e+003,9.738181e+001
2.044175e+003,9.744196e+001
2.044657e+003,9.748959e+001
2.045139e+003,9.752930e+001
2.045622e+003,9.757104e+001
2.046104e+003,9.762630e+001
2.046586e+003,9.770370e+001
2.047068e+003,9.780518e+001
2.047550e+003,9.792532e+001
2.048032e+003,9.805314e+001
2.048514e+003,9.817550e+001
2.048996e+003,9.828106e+001
2.049479e+003,9.836209e+001
2.049960e+003,9.841467e+001
2.050443e+003,9.843735e+001
2.050925e+003,9.842992e+001
2.051407e+003,9.839399e+001
2.051889e+003,9.833344e+001
2.052371e+003,9.825493e+001
2.052853e+003,9.816718e+001
2.053335e+003,9.807880e+001
2.053817e+003,9.799563e+001
2.054300e+003,9.791838e+001
2.054782e+003,9.784258e+001
2.055264e+003,9.776065e+001
2.055746e+003,9.766586e+001
2.056228e+003,9.755632e+001
2.056710e+003,9.743659e+001
2.057192e+003,9.731712e+001
2.057674e+003,9.721111e+001
2.058156e+003,9.713037e+001
2.058639e+003,9.708239e+001
2.059121e+003,9.706882e+001
2.059603e+003,9.708638e+001
2.060085e+003,9.712925e+001
2.060567e+003,9.719129e+001
2.061049e+003,9.726765e+001
2.061531e+003,9.735463e+001
2.062013e+003,9.744833e+001
2.062496e+003,9.754389e+001
2.062978e+003,9.763589e+001
2.063460e+003,9.771959e+001
2.063942e+003,9.779301e+001
2.064424e+003,9.785709e+001
2.064906e+003,9.791441e+001
2.065388e+003,9.796634e+001
2.065870e+003,9.801034e+001
2.066353e+003,9.803858e+001
2.066835e+003,9.804060e+001
2.067317e+003,9.800710e+001
2.067799e+003,9.793524e+001
2.068281e+003,9.783086e+001
2.068763e+003,9.770820e+001
2.069245e+003,9.758604e+001
2.069727e+003,9.748193e+001
2.070209e+003,9.740727e+001
2.070692e+003,9.736425e+001
2.071174e+003,9.734663e+001
2.071656e+003,9.734289e+001
2.072138e+003,9.734116e+001
2.072620e+003,9.733294e+001
2.073102e+003,9.731556e+001
2.073584e+003,9.729128e+001
2.074066e+003,9.726527e+001
2.074549e+003,9.724334e+001
2.075031e+003,9.723004e+001
2.075513e+003,9.722754e+001
2.075995e+003,9.723556e+001
2.076477e+003,9.725121e+001
2.076959e+003,9.726939e+001
2.077441e+003,9.728300e+001
2.077923e+003,9.728414e+001
2.078406e+003,9.726588e+001
2.078887e+003,9.722446e+001
2.079370e+003,9.716094e+001
2.079852e+003,9.708129e+001
2.080334e+003,9.699422e+001
2.080816e+003,9.690858e+001
2.081298e+003,9.683019e+001
2.081780e+003,9.676005e+001
2.082262e+003,9.669536e+001
2.082744e+003,9.663210e+001
2.083227e+003,9.656857e+001
2.083709e+003,9.650768e+001
2.084191e+003,9.645729e+001
2.084673e+003,9.642783e+001
2.085155e+003,9.642818e+001
2.085637e+003,9.646157e+001
2.086119e+003,9.652352e+001
2.086601e+003,9.660242e+001
2.087083e+003,9.668275e+001
2.087566e+003,9.674946e+001
2.088048e+003,9.679156e+001
2.088530e+003,9.680395e+001
2.089012e+003,9.678678e+001
2.089494e+003,9.674343e+001
2.089976e+003,9.667857e+001
2.090458e+003,9.659698e+001
2.090940e+003,9.650357e+001
2.091423e+003,9.640416e+001
2.091905e+003,9.630598e+001
2.092387e+003,9.621793e+001
2.092869e+003,9.614924e+001
2.093351e+003,9.610774e+001
2.093833e+003,9.609803e+001
2.094315e+003,9.612033e+001
2.094797e+003,9.617014e+001
2.095280e+003,9.623927e+001
2.095762e+003,9.631710e+001
2.096244e+003,9.639183e+001
2.096726e+003,9.645144e+001
2.097208e+003,9.648467e+001
2.097690e+003,9.648280e+001
2.098172e+003,9.644167e+001
2.098654e+003,9.636382e+001
2.099136e+003,9.625906e+001
2.099619e+003,9.614199e+001
2.100101e+003,9.602892e+001
2.100583e+003,9.593362e+001
2.101065e+003,9.586347e+001
2.101547e+003,9.581771e+001
2.102029e+003,9.578812e+001
2.102511e+003,9.576292e+001
2.102993e+003,9.573132e+001
2.103476e+003,9.568805e+001
2.103958e+003,9.563578e+001
2.104440e+003,9.558407e+001
2.104922e+003,9.554596e+001
2.105404e+003,9.553351e+001
2.105886e+003,9.555330e+001
2.106368e+003,9.560415e+001
2.106850e+003,9.567696e+001
2.107333e+003,9.575710e+001
2.107814e+003,9.582812e+001
2.108297e+003,9.587537e+001
2.108779e+003,9.588916e+001
2.109261e+003,9.586687e+001
2.109743e+003,9.581332e+001
2.110225e+003,9.573967e+001
2.110707e+003,9.566083e+001
2.111189e+003,9.559157e+001
2.111671e+003,9.554280e+001
2.112154e+003,9.551846e+001
2.112636e+003,9.551389e+001
2.113118e+003,9.551723e+001
2.113600e+003,9.551276e+001
2.114082e+003,9.548580e+001
2.114564e+003,9.542751e+001
2.115046e+003,9.533772e+001
2.115528e+003,9.522471e+001
2.116010e+003,9.510246e+001
2.116493e+003,9.498592e+001
2.116975e+003,9.488647e+001
2.117457e+003,9.480936e+001
2.117939e+003,9.475322e+001
2.118421e+003,9.471249e+001
2.118903e+003,9.468103e+001
2.119385e+003,9.465533e+001
2.119867e+003,9.463576e+001
2.120350e+003,9.462543e+001
2.120832e+003,9.462723e+001
2.121314e+003,9.464051e+001
2.121796e+003,9.465893e+001
2.122278e+003,9.467069e+001
2.122760e+003,9.466116e+001
2.123242e+003,9.461717e+001
2.123724e+003,9.453110e+001
2.124207e+003,9.440363e+001
2.124689e+003,9.424384e+001
2.125171e+003,9.406737e+001
2.125653e+003,9.389177e+001
2.126135e+003,9.373222e+001
2.126617e+003,9.359726e+001
2.127099e+003,9.348748e+001
2.127581e+003,9.339539e+001
2.128063e+003,9.330737e+001
2.128546e+003,9.320729e+001
2.129028e+003,9.308054e+001
2.129510e+003,9.291751e+001
2.129992e+003,9.271607e+001
2.130474e+003,9.248213e+001
2.130956e+003,9.222828e+001
2.131438e+003,9.197138e+001
2.131920e+003,9.172937e+001
2.132403e+003,9.151826e+001
2.132885e+003,9.134978e+001
2.133367e+003,9.123041e+001
2.133849e+003,9.116161e+001
2.134331e+003,9.114133e+001
2.134813e+003,9.116562e+001
2.135295e+003,9.122900e+001
2.135777e+003,9.132394e+001
2.136260e+003,9.143971e+001
2.136741e+003,9.156236e+001
2.137224e+003,9.167577e+001
2.137706e+003,9.176455e+001
2.138188e+003,9.181772e+001
2.138670e+003,9.183174e+001
2.139152e+003,9.181111e+001
2.139634e+003,9.176685e+001
2.140116e+003,9.171315e+001
2.140598e+003,9.166309e+001
2.141081e+003,9.162495e+001
2.141563e+003,9.160102e+001
2.142045e+003,9.158790e+001
2.142527e+003,9.157919e+001
2.143009e+003,9.156855e+001
2.143491e+003,9.155155e+001
2.143973e+003,9.152745e+001
2.144455e+003,9.149903e+001
2.144938e+003,9.147231e+001
2.145420e+003,9.145482e+001
2.145902e+003,9.145463e+001
2.146384e+003,9.147903e+001
2.146866e+003,9.153265e+001
2.147348e+003,9.161536e+001
2.147830e+003,9.172088e+001
2.148312e+003,9.183664e+001
2.148794e+003,9.194543e+001
2.149277e+003,9.202979e+001
2.149759e+003,9.207578e+001
2.150241e+003,9.207729e+001
2.150723e+003,9.203656e+001
2.151205e+003,9.196281e+001
2.151687e+003,9.186849e+001
2.152169e+003,9.176501e+001
2.152651e+003,9.165894e+001
2.153134e+003,9.155140e+001
2.153616e+003,9.144070e+001
2.154098e+003,9.132814e+001
2.154580e+003,9.122358e+001
2.155062e+003,9.114957e+001
2.155544e+003,9.114110e+001
2.156026e+003,9.124051e+001
2.156508e+003,9.148717e+001
2.156990e+003,9.190597e+001
2.157473e+003,9.249557e+001
2.157955e+003,9.322282e+001
2.158437e+003,9.402380e+001
2.158919e+003,9.481473e+001
2.159401e+003,9.551328e+001
2.159883e+003,9.606165e+001
2.160365e+003,9.644009e+001
2.160847e+003,9.666237e+001
2.161330e+003,9.676346e+001
2.161812e+003,9.678284e+001
2.162294e+003,9.675420e+001
2.162776e+003,9.670155e+001
2.163258e+003,9.664133e+001
2.163740e+003,9.658607e+001
2.164222e+003,9.654637e+001
2.164704e+003,9.653039e+001
2.165187e+003,9.654202e+001
2.165668e+003,9.657937e+001
2.166151e+003,9.663421e+001
2.166633e+003,9.669376e+001
2.167115e+003,9.674471e+001
2.167597e+003,9.677747e+001
2.168079e+003,9.678898e+001
2.168561e+003,9.678149e+001
2.169043e+003,9.675954e+001
2.169525e+003,9.672691e+001
2.170008e+003,9.668349e+001
2.170490e+003,9.662641e+001
2.170972e+003,9.655392e+001
2.171454e+003,9.647063e+001
2.171936e+003,9.639059e+001
2.172418e+003,9.633744e+001
2.172900e+003,9.633919e+001
2.173382e+003,9.642086e+001
2.173865e+003,9.659627e+001
2.174347e+003,9.686111e+001
2.174829e+003,9.719253e+001
2.175311e+003,9.755313e+001
2.175793e+003,9.790141e+001
2.176275e+003,9.820204e+001
2.176757e+003,9.843398e+001
2.177239e+003,9.859161e+001
2.177721e+003,9.868128e+001
2.178204e+003,9.871442e+001
2.178686e+003,9.870203e+001
2.179168e+003,9.865172e+001
2.179650e+003,9.856699e+001
2.180132e+003,9.844964e+001
2.180614e+003,9.830320e+001
2.181096e+003,9.813550e+001
2.181578e+003,9.796018e+001
2.182061e+003,9.779472e+001
2.182543e+003,9.765675e+001
2.183025e+003,9.756027e+001
2.183507e+003,9.751048e+001
2.183989e+003,9.750226e+001
2.184471e+003,9.752115e+001
2.184953e+003,9.754832e+001
2.185435e+003,9.756593e+001
2.185917e+003,9.756232e+001
2.186400e+003,9.753590e+001
2.186882e+003,9.749506e+001
2.187364e+003,9.745346e+001
2.187846e+003,9.742447e+001
2.188328e+003,9.741422e+001
2.188810e+003,9.741927e+001
2.189292e+003,9.742688e+001
2.189774e+003,9.741991e+001
2.190257e+003,9.738359e+001
2.190739e+003,9.731178e+001
2.191221e+003,9.720994e+001
2.191703e+003,9.709335e+001
2.192185e+003,9.698164e+001
2.192667e+003,9.689265e+001
2.193149e+003,9.683771e+001
2.193631e+003,9.681936e+001
2.194114e+003,9.683245e+001
2.194595e+003,9.686744e+001
2.195078e+003,9.691340e+001
2.195560e+003,9.695992e+001
2.196042e+003,9.699752e+001
2.196524e+003,9.701781e+001
2.197006e+003,9.701302e+001
2.197488e+003,9.697762e+001
2.197970e+003,9.691093e+001
2.198452e+003,9.682012e+001
2.198935e+003,9.671995e+001
2.199417e+003,9.663004e+001
2.199899e+003,9.656937e+001
2.200381e+003,9.655027e+001
2.200863e+003,9.657411e+001
2.201345e+003,9.663032e+001
2.201827e+003,9.669975e+001
2.202309e+003,9.676103e+001
2.202792e+003,9.679706e+001
2.203274e+003,9.680010e+001
2.203756e+003,9.677185e+001
2.204238e+003,9.672124e+001
2.204720e+003,9.665964e+001
2.205202e+003,9.659670e+001
2.205684e+003,9.653905e+001
2.206166e+003,9.649043e+001
2.206648e+003,9.645349e+001
2.207131e+003,9.643094e+001
2.207613e+003,9.642585e+001
2.208095e+003,9.644025e+001
2.208577e+003,9.647282e+001
2.209059e+003,9.651752e+001
2.209541e+003,9.656406e+001
2.210023e+003,9.660001e+001
2.210505e+003,9.661429e+001
2.210988e+003,9.660023e+001
2.211470e+003,9.655667e+001
2.211952e+003,9.648836e+001
2.212434e+003,9.640330e+001
2.212916e+003,9.631107e+001
2.213398e+003,9.622050e+001
2.213880e+003,9.613889e+001
2.214362e+003,9.607121e+001
2.214844e+003,9.601997e+001
2.215327e+003,9.598506e+001
2.215809e+003,9.596449e+001
2.216291e+003,9.595477e+001
2.216773e+003,9.595213e+001
2.217255e+003,9.595426e+001
2.217737e+003,9.596145e+001
2.218219e+003,9.597630e+001
2.218701e+003,9.600202e+001
2.219184e+003,9.603972e+001
2.219666e+003,9.608654e+001
2.220148e+003,9.613504e+001
2.220630e+003,9.617535e+001
2.221112e+003,9.619933e+001
2.221594e+003,9.620553e+001
2.222076e+003,9.620120e+001
2.222558e+003,9.620082e+001
2.223041e+003,9.622076e+001
2.223522e+003,9.627221e+001
2.224005e+003,9.635540e+001
2.224487e+003,9.645753e+001
2.224969e+003,9.655666e+001
2.225451e+003,9.662979e+001
2.225933e+003,9.666173e+001
2.226415e+003,9.665120e+001
2.226897e+003,9.661131e+001
2.227379e+003,9.656392e+001
2.227862e+003,9.653069e+001
2.228344e+003,9.652447e+001
2.228826e+003,9.654507e+001
2.229308e+003,9.658051e+001
2.229790e+003,9.661318e+001
2.230272e+003,9.662757e+001
2.230754e+003,9.661858e+001
2.231236e+003,9.659300e+001
2.231719e+003,9.656608e+001
2.232201e+003,9.655453e+001
2.232683e+003,9.656986e+001
2.233165e+003,9.661411e+001
2.233647e+003,9.667946e+001
2.234129e+003,9.675191e+001
2.234611e+003,9.681681e+001
2.235093e+003,9.686389e+001
2.235575e+003,9.688995e+001
2.236058e+003,9.689872e+001
2.236540e+003,9.689903e+001
2.237022e+003,9.690158e+001
2.237504e+003,9.691582e+001
2.237986e+003,9.694762e+001
2.238468e+003,9.699774e+001
2.238950e+003,9.706174e+001
2.239432e+003,9.713055e+001
2.239915e+003,9.719215e+001
2.240397e+003,9.723449e+001
2.240879e+003,9.724911e+001
2.241361e+003,9.723398e+001
2.241843e+003,9.719509e+001
2.242325e+003,9.714501e+001
2.242807e+003,9.709935e+001
2.243289e+003,9.707113e+001
2.243771e+003,9.706648e+001
2.244254e+003,9.708185e+001
2.244736e+003,9.710490e+001
2.245218e+003,9.711862e+001
2.245700e+003,9.710718e+001
2.246182e+003,9.706164e+001
2.246664e+003,9.698315e+001
2.247146e+003,9.688274e+001
2.247628e+003,9.677791e+001
2.248111e+003,9.668751e+001
2.248593e+003,9.662680e+001
2.249075e+003,9.660406e+001
2.249557e+003,9.661959e+001
2.250039e+003,9.666750e+001
2.250521e+003,9.673869e+001
2.251003e+003,9.682394e+001
2.251485e+003,9.691586e+001
2.251968e+003,9.700983e+001
2.252449e+003,9.710365e+001
2.252932e+003,9.719591e+001
2.253414e+003,9.728498e+001
2.253896e+003,9.736786e+001
2.254378e+003,9.744030e+001
2.254860e+003,9.749763e+001
2.255342e+003,9.753606e+001
2.255824e+003,9.755419e+001
2.256306e+003,9.755410e+001
2.256789e+003,9.754138e+001
2.257271e+003,9.752413e+001
2.257753e+003,9.751109e+001
2.258235e+003,9.751015e+001
2.258717e+003,9.752654e+001
2.259199e+003,9.756222e+001
2.259681e+003,9.761591e+001
2.260163e+003,9.768375e+001
2.260646e+003,9.776004e+001
2.261128e+003,9.783791e+001
2.261610e+003,9.790981e+001
2.262092e+003,9.796849e+001
2.262574e+003,9.800768e+001
2.263056e+003,9.802353e+001
2.263538e+003,9.801627e+001
2.264020e+003,9.799142e+001
2.264502e+003,9.795901e+001
2.264985e+003,9.793199e+001
2.265467e+003,9.792231e+001
2.265949e+003,9.793762e+001
2.266431e+003,9.797852e+001
2.266913e+003,9.803835e+001
2.267395e+003,9.810552e+001
2.267877e+003,9.816795e+001
2.268359e+003,9.821728e+001
2.268842e+003,9.825175e+001
2.269324e+003,9.827627e+001
2.269806e+003,9.829989e+001
2.270288e+003,9.833149e+001
2.270770e+003,9.837587e+001
2.271252e+003,9.843178e+001
2.271734e+003,9.849258e+001
2.272216e+003,9.854898e+001
2.272698e+003,9.859275e+001
2.273181e+003,9.861950e+001
2.273663e+003,9.862988e+001
2.274145e+003,9.862858e+001
2.274627e+003,9.862201e+001
2.275109e+003,9.861568e+001
2.275591e+003,9.861274e+001
2.276073e+003,9.861340e+001
2.276555e+003,9.861594e+001
2.277038e+003,9.861793e+001
2.277520e+003,9.861746e+001
2.278002e+003,9.861370e+001
2.278484e+003,9.860690e+001
2.278966e+003,9.859796e+001
2.279448e+003,9.858836e+001
2.279930e+003,9.857980e+001
2.280412e+003,9.857418e+001
2.280895e+003,9.857334e+001
2.281376e+003,9.857883e+001
2.281859e+003,9.859127e+001
2.282341e+003,9.861013e+001
2.282823e+003,9.863372e+001
2.283305e+003,9.865981e+001
2.283787e+003,9.868636e+001
2.284269e+003,9.871184e+001
2.284751e+003,9.873545e+001
2.285233e+003,9.875655e+001
2.285716e+003,9.877382e+001
2.286198e+003,9.878455e+001
2.286680e+003,9.878472e+001
2.287162e+003,9.877017e+001
2.287644e+003,9.873806e+001
2.288126e+003,9.868874e+001
2.288608e+003,9.862627e+001
2.289090e+003,9.855789e+001
2.289573e+003,9.849212e+001
2.290055e+003,9.843635e+001
2.290537e+003,9.839462e+001
2.291019e+003,9.836674e+001
2.291501e+003,9.834869e+001
2.291983e+003,9.833445e+001
2.292465e+003,9.831779e+001
2.292947e+003,9.829436e+001
2.293429e+003,9.826199e+001
2.293912e+003,9.822048e+001
2.294394e+003,9.817063e+001
2.294876e+003,9.811354e+001
2.295358e+003,9.805026e+001
2.295840e+003,9.798216e+001
2.296322e+003,9.791149e+001
2.296804e+003,9.784161e+001
2.297286e+003,9.777650e+001
2.297769e+003,9.771976e+001
2.298251e+003,9.767320e+001
2.298733e+003,9.763629e+001
2.299215e+003,9.760624e+001
2.299697e+003,9.757921e+001
2.300179e+003,9.755225e+001
2.300661e+003,9.752471e+001
2.301143e+003,9.749880e+001
2.301625e+003,9.747867e+001
2.302108e+003,9.746857e+001
2.302590e+003,9.747093e+001
2.303072e+003,9.748524e+001
2.303554e+003,9.750831e+001
2.304036e+003,9.753517e+001
2.304518e+003,9.756116e+001
2.305000e+003,9.758293e+001
2.305482e+003,9.759904e+001
2.305965e+003,9.760966e+001
2.306447e+003,9.761519e+001
2.306929e+003,9.761541e+001
2.307411e+003,9.760873e+001
2.307893e+003,9.759265e+001
2.308375e+003,9.756496e+001
2.308857e+003,9.752471e+001
2.309339e+003,9.747344e+001
2.309822e+003,9.741496e+001
2.310303e+003,9.735455e+001
2.310786e+003,9.729780e+001
2.311268e+003,9.724903e+001
2.311750e+003,9.721070e+001
2.312232e+003,9.718346e+001
2.312714e+003,9.716685e+001
2.313196e+003,9.716011e+001
2.313678e+003,9.716293e+001
2.314160e+003,9.717553e+001
2.314643e+003,9.719850e+001
2.315125e+003,9.723175e+001
2.315607e+003,9.727420e+001
2.316089e+003,9.732352e+001
2.316571e+003,9.737621e+001
2.317053e+003,9.742851e+001
2.317535e+003,9.747722e+001
2.318017e+003,9.752060e+001
2.318500e+003,9.755914e+001
2.318982e+003,9.759565e+001
2.319464e+003,9.763433e+001
2.319946e+003,9.767981e+001
2.320428e+003,9.773534e+001
2.320910e+003,9.780144e+001
2.321392e+003,9.787525e+001
2.321874e+003,9.795068e+001
2.322356e+003,9.801930e+001
2.322839e+003,9.807220e+001
2.323321e+003,9.810192e+001
2.323803e+003,9.810400e+001
2.324285e+003,9.807774e+001
2.324767e+003,9.802621e+001
2.325249e+003,9.795546e+001
2.325731e+003,9.787325e+001
2.326213e+003,9.778833e+001
2.326696e+003,9.770947e+001
2.327178e+003,9.764462e+001
2.327660e+003,9.760003e+001
2.328142e+003,9.757879e+001
2.328624e+003,9.757957e+001
2.329106e+003,9.759650e+001
2.329588e+003,9.762010e+001
2.330070e+003,9.764014e+001
2.330552e+003,9.764812e+001
2.331035e+003,9.764016e+001
2.331517e+003,9.761806e+001
2.331999e+003,9.758894e+001
2.332481e+003,9.756297e+001
2.332963e+003,9.754935e+001
2.333445e+003,9.755193e+001
2.333927e+003,9.756635e+001
2.334409e+003,9.757948e+001
2.334892e+003,9.757198e+001
2.335374e+003,9.752405e+001
2.335856e+003,9.742191e+001
2.336338e+003,9.726428e+001
2.336820e+003,9.706454e+001
2.337302e+003,9.684866e+001
2.337784e+003,9.664808e+001
2.338266e+003,9.649053e+001
2.338749e+003,9.639175e+001
2.339230e+003,9.635218e+001
2.339713e+003,9.635845e+001
2.340195e+003,9.638940e+001
2.340677e+003,9.642529e+001
2.341159e+003,9.645570e+001
2.341641e+003,9.648122e+001
2.342123e+003,9.650591e+001
2.342605e+003,9.652398e+001
2.343087e+003,9.651459e+001
2.343570e+003,9.645103e+001
2.344052e+003,9.632022e+001
2.344534e+003,9.613656e+001
2.345016e+003,9.593901e+001
2.345498e+003,9.577223e+001
2.345980e+003,9.566562e+001
2.346462e+003,9.562305e+001
2.346944e+003,9.562856e+001
2.347427e+003,9.565842e+001
2.347909e+003,9.569188e+001
2.348391e+003,9.571570e+001
2.348873e+003,9.572401e+001
2.349355e+003,9.571568e+001
2.349837e+003,9.569118e+001
2.350319e+003,9.564989e+001
2.350801e+003,9.558807e+001
2.351283e+003,9.549908e+001
2.351766e+003,9.537878e+001
2.352248e+003,9.523552e+001
2.352730e+003,9.509612e+001
2.353212e+003,9.499768e+001
2.353694e+003,9.496822e+001
2.354176e+003,9.501365e+001
2.354658e+003,9.512000e+001
2.355140e+003,9.526563e+001
2.355623e+003,9.543154e+001
2.356105e+003,9.560396e+001
2.356587e+003,9.576665e+001
2.357069e+003,9.589520e+001
2.357551e+003,9.596340e+001
2.358033e+003,9.596062e+001
2.358515e+003,9.590765e+001
2.358997e+003,9.584834e+001
2.359479e+003,9.581760e+001
2.359962e+003,9.581354e+001
2.360444e+003,9.581240e+001
2.360926e+003,9.580140e+001
2.361408e+003,9.578764e+001
2.361890e+003,9.578437e+001
2.362372e+003,9.580597e+001
2.362854e+003,9.586301e+001
2.363336e+003,9.595069e+001
2.363819e+003,9.604820e+001
2.364301e+003,9.612856e+001
2.364783e+003,9.617224e+001
2.365265e+003,9.617413e+001
2.365747e+003,9.614617e+001
2.366229e+003,9.611196e+001
2.366711e+003,9.609769e+001
2.367193e+003,9.612181e+001
2.367676e+003,9.618995e+001
2.368157e+003,9.629684e+001
2.368640e+003,9.643127e+001
2.369122e+003,9.658143e+001
2.369604e+003,9.673710e+001
2.370086e+003,9.689001e+001
2.370568e+003,9.703252e+001
2.371050e+003,9.715703e+001
2.371532e+003,9.725665e+001
2.372014e+003,9.732751e+001
2.372497e+003,9.737064e+001
2.372979e+003,9.739226e+001
2.373461e+003,9.740153e+001
2.373943e+003,9.740719e+001
2.374425e+003,9.741391e+001
2.374907e+003,9.742046e+001
2.375389e+003,9.742028e+001
2.375872e+003,9.740452e+001
2.376354e+003,9.736614e+001
2.376836e+003,9.730197e+001
2.377318e+003,9.721488e+001
2.377800e+003,9.711230e+001
2.378282e+003,9.700370e+001
2.378764e+003,9.689745e+001
2.379246e+003,9.679899e+001
2.379729e+003,9.671033e+001
2.380210e+003,9.663083e+001
2.380693e+003,9.655897e+001
2.381175e+003,9.649352e+001
2.381657e+003,9.643434e+001
2.382139e+003,9.638201e+001
2.382621e+003,9.633707e+001
2.383103e+003,9.629927e+001
2.383585e+003,9.626730e+001
2.384067e+003,9.623927e+001
2.384550e+003,9.621334e+001
2.385032e+003,9.618855e+001
2.385514e+003,9.616511e+001
2.385996e+003,9.614411e+001
2.386478e+003,9.612677e+001
2.386960e+003,9.611369e+001
2.387442e+003,9.610430e+001
2.387924e+003,9.609678e+001
2.388406e+003,9.608842e+001
2.388889e+003,9.607602e+001
2.389371e+003,9.605651e+001
2.389853e+003,9.602718e+001
2.390335e+003,9.598589e+001
2.390817e+003,9.593128e+001
2.391299e+003,9.586311e+001
2.391781e+003,9.578255e+001
2.392263e+003,9.569235e+001
2.392746e+003,9.559650e+001
2.393228e+003,9.549971e+001
2.393710e+003,9.540638e+001
2.394192e+003,9.531976e+001
2.394674e+003,9.524129e+001
2.395156e+003,9.517062e+001
2.395638e+003,9.510609e+001
2.396120e+003,9.504569e+001
2.396603e+003,9.498754e+001
2.397085e+003,9.493055e+001
2.397567e+003,9.487410e+001
2.398049e+003,9.481799e+001
2.398531e+003,9.476223e+001
2.399013e+003,9.470703e+001
2.399495e+003,9.465310e+001
2.399977e+003,9.460205e+001
2.400459e+003,9.455772e+001
2.400942e+003,9.452164e+001
2.401424e+003,9.449654e+001
2.401906e+003,9.448362e+001
2.402388e+003,9.448180e+001
2.402870e+003,9.448800e+001
2.403352e+003,9.449813e+001
2.403834e+003,9.450813e+001
2.404316e+003,9.451534e+001
2.404799e+003,9.451910e+001
2.405281e+003,9.452062e+001
2.405763e+003,9.452246e+001
2.406245e+003,9.452759e+001
2.406727e+003,9.453854e+001
2.407209e+003,9.455692e+001
2.407691e+003,9.458295e+001
2.408173e+003,9.461533e+001
2.408656e+003,9.465131e+001
2.409137e+003,9.468677e+001
2.409620e+003,9.471682e+001
2.410102e+003,9.473677e+001
2.410584e+003,9.474319e+001
2.411066e+003,9.473512e+001
2.411548e+003,9.471463e+001
2.412030e+003,9.468642e+001
2.412512e+003,9.465664e+001
2.412994e+003,9.463134e+001
2.413477e+003,9.461459e+001
2.413959e+003,9.460775e+001
2.414441e+003,9.460932e+001
2.414923e+003,9.461606e+001
2.415405e+003,9.462428e+001
2.415887e+003,9.463102e+001
2.416369e+003,9.463480e+001
2.416851e+003,9.463545e+001
2.417333e+003,9.463354e+001
2.417816e+003,9.462989e+001
2.418298e+003,9.462522e+001
2.418780e+003,9.462037e+001
2.419262e+003,9.461658e+001
2.419744e+003,9.461572e+001
2.420226e+003,9.462004e+001
2.420708e+003,9.463148e+001
2.421190e+003,9.465075e+001
2.421673e+003,9.467690e+001
2.422155e+003,9.470723e+001
2.422637e+003,9.473825e+001
2.423119e+003,9.476670e+001
2.423601e+003,9.479088e+001
2.424083e+003,9.481079e+001
2.424565e+003,9.482810e+001
2.425047e+003,9.484492e+001
2.425530e+003,9.486267e+001
2.426012e+003,9.488129e+001
2.426494e+003,9.489912e+001
2.426976e+003,9.491362e+001
2.427458e+003,9.492252e+001
2.427940e+003,9.492480e+001
2.428422e+003,9.492130e+001
2.428904e+003,9.491440e+001
2.429386e+003,9.490712e+001
2.429869e+003,9.490220e+001
2.430351e+003,9.490122e+001
2.430833e+003,9.490440e+001
2.431315e+003,9.491090e+001
2.431797e+003,9.491957e+001
2.432279e+003,9.492980e+001
2.432761e+003,9.494186e+001
2.433243e+003,9.495688e+001
2.433726e+003,9.497623e+001
2.434208e+003,9.500069e+001
2.434690e+003,9.502968e+001
2.435172e+003,9.506089e+001
2.435654e+003,9.509054e+001
2.436136e+003,9.511423e+001
2.436618e+003,9.512810e+001
2.437100e+003,9.513001e+001
2.437583e+003,9.512044e+001
2.438064e+003,9.510252e+001
2.438547e+003,9.508135e+001
2.439029e+003,9.506265e+001
2.439511e+003,9.505124e+001
2.439993e+003,9.504990e+001
2.440475e+003,9.505858e+001
2.440957e+003,9.507466e+001
2.441439e+003,9.509384e+001
2.441921e+003,9.511152e+001
2.442404e+003,9.512386e+001
2.442886e+003,9.512879e+001
2.443368e+003,9.512629e+001
2.443850e+003,9.511790e+001
2.444332e+003,9.510620e+001
2.444814e+003,9.509380e+001
2.445296e+003,9.508287e+001
2.445778e+003,9.507460e+001
2.446260e+003,9.506904e+001
2.446743e+003,9.506541e+001
2.447225e+003,9.506248e+001
2.447707e+003,9.505924e+001
2.448189e+003,9.505537e+001
2.448671e+003,9.505180e+001
2.449153e+003,9.505063e+001
2.449635e+003,9.505480e+001
2.450117e+003,9.506720e+001
2.450600e+003,9.508949e+001
2.451082e+003,9.512157e+001
2.451564e+003,9.516085e+001
2.452046e+003,9.520290e+001
2.452528e+003,9.524260e+001
2.453010e+003,9.527538e+001
2.453492e+003,9.529860e+001
2.453974e+003,9.531190e+001
2.454457e+003,9.531713e+001
2.454939e+003,9.531723e+001
2.455421e+003,9.531507e+001
2.455903e+003,9.531243e+001
2.456385e+003,9.530992e+001
2.456867e+003,9.530717e+001
2.457349e+003,9.530359e+001
2.457831e+003,9.529907e+001
2.458313e+003,9.529425e+001
2.458796e+003,9.529026e+001
2.459278e+003,9.528830e+001
2.459760e+003,9.528889e+001
2.460242e+003,9.529186e+001
2.460724e+003,9.529654e+001
2.461206e+003,9.530222e+001
2.461688e+003,9.530875e+001
2.462170e+003,9.531652e+001
2.462653e+003,9.532638e+001
2.463135e+003,9.533900e+001
2.463617e+003,9.535437e+001
2.464099e+003,9.537149e+001
2.464581e+003,9.538873e+001
2.465063e+003,9.540437e+001
2.465545e+003,9.541730e+001
2.466027e+003,9.542727e+001
2.466510e+003,9.543484e+001
2.466992e+003,9.544091e+001
2.467474e+003,9.544592e+001
2.467956e+003,9.544946e+001
2.468438e+003,9.545034e+001
2.468920e+003,9.544699e+001
2.469402e+003,9.543787e+001
2.469884e+003,9.542220e+001
2.470366e+003,9.540003e+001
2.470849e+003,9.537224e+001
2.471331e+003,9.534017e+001
2.471813e+003,9.530548e+001
2.472295e+003,9.527012e+001
2.472777e+003,9.523643e+001
2.473259e+003,9.520732e+001
2.473741e+003,9.518600e+001
2.474223e+003,9.517550e+001
2.474706e+003,9.517799e+001
2.475188e+003,9.519376e+001
2.475670e+003,9.522097e+001
2.476152e+003,9.525568e+001
2.476634e+003,9.529275e+001
2.477116e+003,9.532703e+001
2.477598e+003,9.535435e+001
2.478080e+003,9.537260e+001
2.478563e+003,9.538158e+001
2.479044e+003,9.538271e+001
2.479527e+003,9.537829e+001
2.480009e+003,9.537076e+001
2.480491e+003,9.536211e+001
2.480973e+003,9.535379e+001
2.481455e+003,9.534666e+001
2.481937e+003,9.534116e+001
2.482419e+003,9.533745e+001
2.482901e+003,9.533527e+001
2.483384e+003,9.533407e+001
2.483866e+003,9.533318e+001
2.484348e+003,9.533197e+001
2.484830e+003,9.533016e+001
2.485312e+003,9.532822e+001
2.485794e+003,9.532727e+001
2.486276e+003,9.532893e+001
2.486758e+003,9.533485e+001
2.487240e+003,9.534601e+001
2.487723e+003,9.536230e+001
2.488205e+003,9.538243e+001
2.488687e+003,9.540396e+001
2.489169e+003,9.542393e+001
2.489651e+003,9.543955e+001
2.490133e+003,9.544865e+001
2.490615e+003,9.545039e+001
2.491097e+003,9.544523e+001
2.491580e+003,9.543481e+001
2.492062e+003,9.542167e+001
2.492544e+003,9.540856e+001
2.493026e+003,9.539793e+001
2.493508e+003,9.539137e+001
2.493990e+003,9.538929e+001
2.494472e+003,9.539085e+001
2.494954e+003,9.539409e+001
2.495437e+003,9.539668e+001
2.495919e+003,9.539638e+001
2.496401e+003,9.539178e+001
2.496883e+003,9.538290e+001
2.497365e+003,9.537116e+001
2.497847e+003,9.535907e+001
2.498329e+003,9.534947e+001
2.498811e+003,9.534477e+001
2.499293e+003,9.534615e+001
2.499776e+003,9.535299e+001
2.500258e+003,9.536330e+001
2.500740e+003,9.537419e+001
2.501222e+003,9.538287e+001
2.501704e+003,9.538764e+001
2.502186e+003,9.538838e+001
2.502668e+003,9.538650e+001
2.503150e+003,9.538430e+001
2.503633e+003,9.538391e+001
2.504115e+003,9.538626e+001
2.504597e+003,9.539050e+001
2.505079e+003,9.539429e+001
2.505561e+003,9.539453e+001
2.506043e+003,9.538868e+001
2.506525e+003,9.537579e+001
2.507007e+003,9.535712e+001
2.507490e+003,9.533566e+001
2.507971e+003,9.531519e+001
2.508454e+003,9.529875e+001
2.508936e+003,9.528782e+001
2.509418e+003,9.528190e+001
2.509900e+003,9.527898e+001
2.510382e+003,9.527692e+001
2.510864e+003,9.527470e+001
2.511346e+003,9.527291e+001
2.511828e+003,9.527392e+001
2.512311e+003,9.528067e+001
2.512793e+003,9.529532e+001
2.513275e+003,9.531810e+001
2.513757e+003,9.534667e+001
2.514239e+003,9.537663e+001
2.514721e+003,9.540276e+001
2.515203e+003,9.542056e+001
2.515685e+003,9.542747e+001
2.516167e+003,9.542330e+001
2.516650e+003,9.541016e+001
2.517132e+003,9.539143e+001
2.517614e+003,9.537064e+001
2.518096e+003,9.535075e+001
2.518578e+003,9.533370e+001
2.519060e+003,9.532040e+001
2.519542e+003,9.531109e+001
2.520024e+003,9.530558e+001
2.520507e+003,9.530354e+001
2.520989e+003,9.530447e+001
2.521471e+003,9.530783e+001
2.521953e+003,9.531279e+001
2.522435e+003,9.531864e+001
2.522917e+003,9.532477e+001
2.523399e+003,9.533085e+001
2.523881e+003,9.533695e+001
2.524364e+003,9.534342e+001
2.524846e+003,9.535085e+001
2.525328e+003,9.535955e+001
2.525810e+003,9.536978e+001
2.526292e+003,9.538142e+001
2.526774e+003,9.539411e+001
2.527256e+003,9.540730e+001
2.527738e+003,9.542039e+001
2.528220e+003,9.543295e+001
2.528703e+003,9.544479e+001
2.529185e+003,9.545612e+001
2.529667e+003,9.546750e+001
2.530149e+003,9.547979e+001
2.530631e+003,9.549388e+001
2.531113e+003,9.551025e+001
2.531595e+003,9.552869e+001
2.532077e+003,9.554825e+001
2.532560e+003,9.556728e+001
2.533042e+003,9.558390e+001
2.533524e+003,9.559644e+001
2.534006e+003,9.560383e+001
2.534488e+003,9.560589e+001
2.534970e+003,9.560303e+001
2.535452e+003,9.559618e+001
2.535934e+003,9.558646e+001
2.536417e+003,9.557528e+001
2.536898e+003,9.556425e+001
2.537381e+003,9.555547e+001
2.537863e+003,9.555134e+001
2.538345e+003,9.555410e+001
2.538827e+003,9.556522e+001
2.539309e+003,9.558456e+001
2.539791e+003,9.561032e+001
2.540273e+003,9.563931e+001
2.540755e+003,9.566784e+001
2.541238e+003,9.569321e+001
2.541720e+003,9.571439e+001
2.542202e+003,9.573235e+001
2.542684e+003,9.574918e+001
2.543166e+003,9.576672e+001
2.543648e+003,9.578518e+001
2.544130e+003,9.580254e+001
2.544612e+003,9.581484e+001
2.545094e+003,9.581786e+001
2.545577e+003,9.580875e+001
2.546059e+003,9.578761e+001
2.546541e+003,9.575777e+001
2.547023e+003,9.572478e+001
2.547505e+003,9.569469e+001
2.547987e+003,9.567231e+001
2.548469e+003,9.565998e+001
2.548951e+003,9.565739e+001
2.549434e+003,9.566260e+001
2.549916e+003,9.567314e+001
2.550398e+003,9.568700e+001
2.550880e+003,9.570287e+001
2.551362e+003,9.571957e+001
2.551844e+003,9.573538e+001
2.552326e+003,9.574753e+001
2.552808e+003,9.575271e+001
2.553291e+003,9.574812e+001
2.553773e+003,9.573289e+001
2.554255e+003,9.570892e+001
2.554737e+003,9.568097e+001
2.555219e+003,9.565553e+001
2.555701e+003,9.563897e+001
2.556183e+003,9.563543e+001
2.556665e+003,9.564589e+001
2.557147e+003,9.566776e+001
2.557630e+003,9.569585e+001
2.558112e+003,9.572400e+001
2.558594e+003,9.574659e+001
2.559076e+003,9.575988e+001
2.559558e+003,9.576244e+001
2.560040e+003,9.575505e+001
2.560522e+003,9.574033e+001
2.561004e+003,9.572204e+001
2.561487e+003,9.570457e+001
2.561969e+003,9.569190e+001
2.562451e+003,9.568719e+001
2.562933e+003,9.569205e+001
2.563415e+003,9.570585e+001
2.563897e+003,9.572599e+001
2.564379e+003,9.574840e+001
2.564861e+003,9.576842e+001
2.565344e+003,9.578224e+001
2.565825e+003,9.578771e+001
2.566308e+003,9.578484e+001
2.566790e+003,9.577547e+001
2.567272e+003,9.576242e+001
2.567754e+003,9.574857e+001
2.568236e+003,9.573618e+001
2.568718e+003,9.572667e+001
2.569200e+003,9.572086e+001
2.569682e+003,9.571946e+001
2.570165e+003,9.572327e+001
2.570647e+003,9.573331e+001
2.571129e+003,9.575024e+001
2.571611e+003,9.577394e+001
2.572093e+003,9.580309e+001
2.572575e+003,9.583528e+001
2.573057e+003,9.586747e+001
2.573539e+003,9.589684e+001
2.574021e+003,9.592142e+001
2.574504e+003,9.594062e+001
2.574986e+003,9.595528e+001
2.575468e+003,9.596693e+001
2.575950e+003,9.597747e+001
2.576432e+003,9.598826e+001
2.576914e+003,9.599994e+001
2.577396e+003,9.601205e+001
2.577878e+003,9.602341e+001
2.578361e+003,9.603251e+001
2.578843e+003,9.603786e+001
2.579325e+003,9.603857e+001
2.579807e+003,9.603461e+001
2.580289e+003,9.602710e+001
2.580771e+003,9.601804e+001
2.581253e+003,9.601015e+001
2.581735e+003,9.600617e+001
2.582218e+003,9.600834e+001
2.582700e+003,9.601778e+001
2.583182e+003,9.603426e+001
2.583664e+003,9.605612e+001
2.584146e+003,9.608079e+001
2.584628e+003,9.610526e+001
2.585110e+003,9.612659e+001
2.585592e+003,9.614255e+001
2.586074e+003,9.615186e+001
2.586557e+003,9.615439e+001
2.587039e+003,9.615106e+001
2.587521e+003,9.614384e+001
2.588003e+003,9.613543e+001
2.588485e+003,9.612888e+001
2.588967e+003,9.612692e+001
2.589449e+003,9.613148e+001
2.589931e+003,9.614321e+001
2.590414e+003,9.616130e+001
2.590896e+003,9.618369e+001
2.591378e+003,9.620774e+001
2.591860e+003,9.623094e+001
2.592342e+003,9.625168e+001
2.592824e+003,9.626929e+001
2.593306e+003,9.628410e+001
2.593788e+003,9.629678e+001
2.594271e+003,9.630775e+001
2.594752e+003,9.631696e+001
2.595235e+003,9.632375e+001
2.595717e+003,9.632743e+001
2.596199e+003,9.632793e+001
2.596681e+003,9.632606e+001
2.597163e+003,9.632362e+001
2.597645e+003,9.632294e+001
2.598127e+003,9.632619e+001
2.598609e+003,9.633450e+001
2.599092e+003,9.634775e+001
2.599574e+003,9.636459e+001
2.600056e+003,9.638300e+001
2.600538e+003,9.640096e+001
2.601020e+003,9.641727e+001
2.601502e+003,9.643173e+001
2.601984e+003,9.644518e+001
2.602466e+003,9.645892e+001
2.602948e+003,9.647427e+001
2.603431e+003,9.649206e+001
2.603913e+003,9.651228e+001
2.604395e+003,9.653404e+001
2.604877e+003,9.655583e+001
2.605359e+003,9.657564e+001
2.605841e+003,9.659145e+001
2.606323e+003,9.660148e+001
2.606805e+003,9.660457e+001
2.607288e+003,9.660046e+001
2.607770e+003,9.658992e+001
2.608252e+003,9.657488e+001
2.608734e+003,9.655817e+001
2.609216e+003,9.654308e+001
2.609698e+003,9.653307e+001
2.610180e+003,9.653091e+001
2.610662e+003,9.653812e+001
2.611145e+003,9.655473e+001
2.611627e+003,9.657902e+001
2.612109e+003,9.660778e+001
2.612591e+003,9.663705e+001
2.613073e+003,9.666284e+001
2.613555e+003,9.668212e+001
2.614037e+003,9.669353e+001
2.614519e+003,9.669759e+001
2.615001e+003,9.669662e+001
2.615484e+003,9.669392e+001
2.615966e+003,9.669264e+001
2.616448e+003,9.669498e+001
2.616930e+003,9.670147e+001
2.617412e+003,9.671107e+001
2.617894e+003,9.672167e+001
2.618376e+003,9.673109e+001
2.618858e+003,9.673792e+001
2.619341e+003,9.674187e+001
2.619823e+003,9.674392e+001
2.620305e+003,9.674547e+001
2.620787e+003,9.674786e+001
2.621269e+003,9.675175e+001
2.621751e+003,9.675690e+001
2.622233e+003,9.676267e+001
2.622715e+003,9.676843e+001
2.623198e+003,9.677414e+001
2.623679e+003,9.678042e+001
2.624162e+003,9.678842e+001
2.624644e+003,9.679924e+001
2.625126e+003,9.681341e+001
2.625608e+003,9.683060e+001
2.626090e+003,9.684978e+001
2.626572e+003,9.686954e+001
2.627054e+003,9.688871e+001
2.627536e+003,9.690673e+001
2.628019e+003,9.692361e+001
2.628501e+003,9.693983e+001
2.628983e+003,9.695580e+001
2.629465e+003,9.697160e+001
2.629947e+003,9.698669e+001
2.630429e+003,9.700018e+001
2.630911e+003,9.701106e+001
2.631393e+003,9.701849e+001
2.631875e+003,9.702213e+001
2.632358e+003,9.702214e+001
2.632840e+003,9.701931e+001
2.633322e+003,9.701485e+001
2.633804e+003,9.701018e+001
2.634286e+003,9.700683e+001
2.634768e+003,9.700605e+001
2.635250e+003,9.700864e+001
2.635732e+003,9.701463e+001
2.636215e+003,9.702327e+001
2.636697e+003,9.703324e+001
2.637179e+003,9.704303e+001
2.637661e+003,9.705155e+001
2.638143e+003,9.705850e+001
2.638625e+003,9.706445e+001
2.639107e+003,9.707052e+001
2.639589e+003,9.707782e+001
2.640072e+003,9.708673e+001
2.640554e+003,9.709665e+001
2.641036e+003,9.710596e+001
2.641518e+003,9.711271e+001
2.642000e+003,9.711534e+001
2.642482e+003,9.711323e+001
2.642964e+003,9.710709e+001
2.643446e+003,9.709849e+001
2.643928e+003,9.708926e+001
2.644411e+003,9.708082e+001
2.644893e+003,9.707362e+001
2.645375e+003,9.706725e+001
2.645857e+003,9.706067e+001
2.646339e+003,9.705292e+001
2.646821e+003,9.704349e+001
2.647303e+003,9.703230e+001
2.647785e+003,9.701960e+001
2.648268e+003,9.700556e+001
2.648750e+003,9.698988e+001
2.649232e+003,9.697195e+001
2.649714e+003,9.695105e+001
2.650196e+003,9.692686e+001
2.650678e+003,9.689975e+001
2.651160e+003,9.687079e+001
2.651642e+003,9.684150e+001
2.652125e+003,9.681331e+001
2.652606e+003,9.678711e+001
2.653089e+003,9.676304e+001
2.653571e+003,9.674058e+001
2.654053e+003,9.671891e+001
2.654535e+003,9.669737e+001
2.655017e+003,9.667567e+001
2.655499e+003,9.665400e+001
2.655981e+003,9.663275e+001
2.656463e+003,9.661233e+001
2.656946e+003,9.659284e+001
2.657428e+003,9.657405e+001
2.657910e+003,9.655543e+001
2.658392e+003,9.653620e+001
2.658874e+003,9.651548e+001
2.659356e+003,9.649243e+001
2.659838e+003,9.646617e+001
2.660320e+003,9.643594e+001
2.660802e+003,9.640124e+001
2.661285e+003,9.636193e+001
2.661767e+003,9.631842e+001
2.662249e+003,9.627176e+001
2.662731e+003,9.622334e+001
2.663213e+003,9.617456e+001
2.663695e+003,9.612667e+001
2.664177e+003,9.608031e+001
2.664659e+003,9.603579e+001
2.665142e+003,9.599317e+001
2.665624e+003,9.595263e+001
2.666106e+003,9.591469e+001
2.666588e+003,9.588025e+001
2.667070e+003,9.585030e+001
2.667552e+003,9.582561e+001
2.668034e+003,9.580624e+001
2.668516e+003,9.579144e+001
2.668999e+003,9.577967e+001
2.669481e+003,9.576902e+001
2.669963e+003,9.575760e+001
2.670445e+003,9.574393e+001
2.670927e+003,9.572719e+001
2.671409e+003,9.570727e+001
2.671891e+003,9.568466e+001
2.672373e+003,9.566025e+001
2.672855e+003,9.563517e+001
2.673338e+003,9.561060e+001
2.673820e+003,9.558762e+001
2.674302e+003,9.556679e+001
2.674784e+003,9.554816e+001
2.675266e+003,9.553120e+001
2.675748e+003,9.551475e+001
2.676230e+003,9.549767e+001
2.676712e+003,9.547908e+001
2.677195e+003,9.545882e+001
2.677677e+003,9.543765e+001
2.678159e+003,9.541698e+001
2.678641e+003,9.539842e+001
2.679123e+003,9.538322e+001
2.679605e+003,9.537179e+001
2.680087e+003,9.536372e+001
2.680569e+003,9.535796e+001
2.681052e+003,9.535338e+001
2.681533e+003,9.534927e+001
2.682016e+003,9.534555e+001
2.682498e+003,9.534266e+001
2.682980e+003,9.534110e+001
2.683462e+003,9.534108e+001
2.683944e+003,9.534206e+001
2.684426e+003,9.534294e+001
2.684908e+003,9.534238e+001
2.685390e+003,9.533922e+001
2.685873e+003,9.533298e+001
2.686355e+003,9.532388e+001
2.686837e+003,9.531279e+001
2.687319e+003,9.530074e+001
2.687801e+003,9.528858e+001
2.688283e+003,9.527675e+001
2.688765e+003,9.526540e+001
2.689247e+003,9.525453e+001
2.689729e+003,9.524423e+001
2.690212e+003,9.523495e+001
2.690694e+003,9.522735e+001
2.691176e+003,9.522213e+001
2.691658e+003,9.521979e+001
2.692140e+003,9.522031e+001
2.692622e+003,9.522324e+001
2.693104e+003,9.522758e+001
2.693586e+003,9.523210e+001
2.694069e+003,9.523557e+001
2.694551e+003,9.523696e+001
2.695033e+003,9.523568e+001
2.695515e+003,9.523166e+001
2.695997e+003,9.522536e+001
2.696479e+003,9.521770e+001
2.696961e+003,9.521005e+001
2.697443e+003,9.520354e+001
2.697926e+003,9.519898e+001
2.698408e+003,9.519653e+001
2.698890e+003,9.519548e+001
2.699372e+003,9.519456e+001
2.699854e+003,9.519223e+001
2.700336e+003,9.518728e+001
2.700818e+003,9.517908e+001
2.701300e+003,9.516794e+001
2.701782e+003,9.515491e+001
2.702265e+003,9.514151e+001
2.702747e+003,9.512923e+001
2.703229e+003,9.511928e+001
2.703711e+003,9.511229e+001
2.704193e+003,9.510839e+001
2.704675e+003,9.510724e+001
2.705157e+003,9.510818e+001
2.705639e+003,9.511032e+001
2.706122e+003,9.511267e+001
2.706604e+003,9.511420e+001
2.707086e+003,9.511419e+001
2.707568e+003,9.511225e+001
2.708050e+003,9.510875e+001
2.708532e+003,9.510455e+001
2.709014e+003,9.510080e+001
2.709496e+003,9.509856e+001
2.709979e+003,9.509827e+001
2.710461e+003,9.509937e+001
2.710943e+003,9.510044e+001
2.711425e+003,9.509968e+001
2.711907e+003,9.509557e+001
2.712389e+003,9.508744e+001
2.712871e+003,9.507581e+001
2.713353e+003,9.506227e+001
2.713835e+003,9.504897e+001
2.714318e+003,9.503790e+001
2.714800e+003,9.503033e+001
2.715282e+003,9.502670e+001
2.715764e+003,9.502660e+001
2.716246e+003,9.502927e+001
2.716728e+003,9.503394e+001
2.717210e+003,9.504009e+001
2.717692e+003,9.504740e+001
2.718175e+003,9.505543e+001
2.718656e+003,9.506351e+001
2.719139e+003,9.507063e+001
2.719621e+003,9.507568e+001
2.720103e+003,9.507774e+001
2.720585e+003,9.507661e+001
2.721067e+003,9.507278e+001
2.721549e+003,9.506737e+001
2.722031e+003,9.506180e+001
2.722513e+003,9.505731e+001
2.722996e+003,9.505473e+001
2.723478e+003,9.505412e+001
2.723960e+003,9.505513e+001
2.724442e+003,9.505694e+001
2.724924e+003,9.505870e+001
2.725406e+003,9.505968e+001
2.725888e+003,9.505917e+001
2.726370e+003,9.505676e+001
2.726853e+003,9.505229e+001
2.727335e+003,9.504606e+001
2.727817e+003,9.503880e+001
2.728299e+003,9.503181e+001
2.728781e+003,9.502668e+001
2.729263e+003,9.502505e+001
2.729745e+003,9.502800e+001
2.730227e+003,9.503587e+001
2.730709e+003,9.504796e+001
2.731192e+003,9.506287e+001
2.731674e+003,9.507867e+001
2.732156e+003,9.509361e+001
2.732638e+003,9.510625e+001
2.733120e+003,9.511578e+001
2.733602e+003,9.512191e+001
2.734084e+003,9.512470e+001
2.734566e+003,9.512434e+001
2.735049e+003,9.512110e+001
2.735531e+003,9.511525e+001
2.736013e+003,9.510739e+001
2.736495e+003,9.509840e+001
2.736977e+003,9.508943e+001
2.737459e+003,9.508194e+001
2.737941e+003,9.507734e+001
2.738423e+003,9.507681e+001
2.738906e+003,9.508104e+001
2.739388e+003,9.509013e+001
2.739870e+003,9.510348e+001
2.740352e+003,9.511998e+001
2.740834e+003,9.513805e+001
2.741316e+003,9.515571e+001
2.741798e+003,9.517107e+001
2.742280e+003,9.518243e+001
2.742762e+003,9.518872e+001
2.743245e+003,9.518974e+001
2.743727e+003,9.518626e+001
2.744209e+003,9.517979e+001
2.744691e+003,9.517232e+001
2.745173e+003,9.516565e+001
2.745655e+003,9.516108e+001
2.746137e+003,9.515897e+001
2.746619e+003,9.515883e+001
2.747102e+003,9.515962e+001
2.747583e+003,9.516012e+001
2.748066e+003,9.515927e+001
2.748548e+003,9.515671e+001
2.749030e+003,9.515260e+001
2.749512e+003,9.514773e+001
2.749994e+003,9.514307e+001
2.750476e+003,9.513968e+001
2.750958e+003,9.513824e+001
2.751440e+003,9.513909e+001
2.751923e+003,9.514203e+001
2.752405e+003,9.514648e+001
2.752887e+003,9.515161e+001
2.753369e+003,9.515639e+001
2.753851e+003,9.515987e+001
2.754333e+003,9.516129e+001
2.754815e+003,9.516029e+001
2.755297e+003,9.515690e+001
2.755780e+003,9.515156e+001
2.756262e+003,9.514516e+001
2.756744e+003,9.513877e+001
2.757226e+003,9.513360e+001
2.757708e+003,9.513066e+001
2.758190e+003,9.513080e+001
2.758672e+003,9.513438e+001
2.759154e+003,9.514127e+001
2.759636e+003,9.515072e+001
2.760119e+003,9.516156e+001
2.760601e+003,9.517223e+001
2.761083e+003,9.518124e+001
2.761565e+003,9.518731e+001
2.762047e+003,9.518974e+001
2.762529e+003,9.518845e+001
2.763011e+003,9.518392e+001
2.763493e+003,9.517696e+001
2.763976e+003,9.516850e+001
2.764458e+003,9.515924e+001
2.764940e+003,9.514974e+001
2.765422e+003,9.514034e+001
2.765904e+003,9.513143e+001
2.766386e+003,9.512347e+001
2.766868e+003,9.511689e+001
2.767350e+003,9.511212e+001
2.767833e+003,9.510921e+001
2.768315e+003,9.510780e+001
2.768797e+003,9.510709e+001
2.769279e+003,9.510606e+001
2.769761e+003,9.510386e+001
2.770243e+003,9.510014e+001
2.770725e+003,9.509509e+001
2.771207e+003,9.508940e+001
2.771689e+003,9.508392e+001
2.772172e+003,9.507922e+001
2.772654e+003,9.507557e+001
2.773136e+003,9.507272e+001
2.773618e+003,9.507030e+001
2.774100e+003,9.506804e+001
2.774582e+003,9.506603e+001
2.775064e+003,9.506480e+001
2.775546e+003,9.506508e+001
2.776029e+003,9.506745e+001
2.776510e+003,9.507200e+001
2.776993e+003,9.507821e+001
2.777475e+003,9.508518e+001
2.777957e+003,9.509186e+001
2.778439e+003,9.509740e+001
2.778921e+003,9.510137e+001
2.779403e+003,9.510393e+001
2.779885e+003,9.510537e+001
2.780367e+003,9.510599e+001
2.780850e+003,9.510587e+001
2.781332e+003,9.510477e+001
2.781814e+003,9.510242e+001
2.782296e+003,9.509865e+001
2.782778e+003,9.509369e+001
2.783260e+003,9.508821e+001
2.783742e+003,9.508306e+001
2.784224e+003,9.507916e+001
2.784707e+003,9.507710e+001
2.785189e+003,9.507695e+001
2.785671e+003,9.507832e+001
2.786153e+003,9.508043e+001
2.786635e+003,9.508239e+001
2.787117e+003,9.508349e+001
2.787599e+003,9.508326e+001
2.788081e+003,9.508160e+001
2.788563e+003,9.507884e+001
2.789046e+003,9.507552e+001
2.789528e+003,9.507239e+001
2.790010e+003,9.507018e+001
2.790492e+003,9.506952e+001
2.790974e+003,9.507078e+001
2.791456e+003,9.507381e+001
2.791938e+003,9.507816e+001
2.792420e+003,9.508299e+001
2.792903e+003,9.508748e+001
2.793385e+003,9.509088e+001
2.793867e+003,9.509286e+001
2.794349e+003,9.509342e+001
2.794831e+003,9.509291e+001
2.795313e+003,9.509155e+001
2.795795e+003,9.508941e+001
2.796277e+003,9.508617e+001
2.796760e+003,9.508125e+001
2.797242e+003,9.507417e+001
2.797724e+003,9.506496e+001
2.798206e+003,9.505429e+001
2.798688e+003,9.504375e+001
2.799170e+003,9.503540e+001
2.799652e+003,9.503130e+001
2.800134e+003,9.503291e+001
2.800616e+003,9.504057e+001
2.801099e+003,9.505325e+001
2.801581e+003,9.506886e+001
2.802063e+003,9.508458e+001
2.802545e+003,9.509772e+001
2.803027e+003,9.510633e+001
2.803509e+003,9.510962e+001
2.803991e+003,9.510804e+001
2.804473e+003,9.510313e+001
2.804956e+003,9.509688e+001
2.805438e+003,9.509116e+001
2.805920e+003,9.508733e+001
2.806402e+003,9.508589e+001
2.806884e+003,9.508656e+001
2.807366e+003,9.508862e+001
2.807848e+003,9.509116e+001
2.808330e+003,9.509354e+001
2.808813e+003,9.509532e+001
2.809294e+003,9.509647e+001
2.809777e+003,9.509704e+001
2.810259e+003,9.509689e+001
2.810741e+003,9.509577e+001
2.811223e+003,9.509328e+001
2.811705e+003,9.508916e+001
2.812187e+003,9.508348e+001
2.812669e+003,9.507686e+001
2.813151e+003,9.507042e+001
2.813634e+003,9.506559e+001
2.814116e+003,9.506364e+001
2.814598e+003,9.506543e+001
2.815080e+003,9.507096e+001
2.815562e+003,9.507957e+001
2.816044e+003,9.508999e+001
2.816526e+003,9.510072e+001
2.817008e+003,9.511031e+001
2.817490e+003,9.511770e+001
2.817973e+003,9.512213e+001
2.818455e+003,9.512324e+001
2.818937e+003,9.512096e+001
2.819419e+003,9.511553e+001
2.819901e+003,9.510740e+001
2.820383e+003,9.509742e+001
2.820865e+003,9.508653e+001
2.821347e+003,9.507604e+001
2.821830e+003,9.506712e+001
2.822312e+003,9.506058e+001
2.822794e+003,9.505680e+001
2.823276e+003,9.505562e+001
2.823758e+003,9.505639e+001
2.824240e+003,9.505824e+001
2.824722e+003,9.506030e+001
2.825204e+003,9.506185e+001
2.825687e+003,9.506247e+001
2.826169e+003,9.506186e+001
2.826651e+003,9.505984e+001
2.827133e+003,9.505620e+001
2.827615e+003,9.505081e+001
2.828097e+003,9.504363e+001
2.828579e+003,9.503495e+001
2.829061e+003,9.502525e+001
2.829543e+003,9.501535e+001
2.830026e+003,9.500613e+001
2.830508e+003,9.499824e+001
2.830990e+003,9.499208e+001
2.831472e+003,9.498756e+001
2.831954e+003,9.498406e+001
2.832436e+003,9.498077e+001
2.832918e+003,9.497682e+001
2.833400e+003,9.497164e+001
2.833883e+003,9.496512e+001
2.834365e+003,9.495753e+001
2.834847e+003,9.494962e+001
2.835329e+003,9.494238e+001
2.835811e+003,9.493657e+001
2.836293e+003,9.493269e+001
2.836775e+003,9.493077e+001
2.837257e+003,9.493037e+001
2.837740e+003,9.493073e+001
2.838221e+003,9.493105e+001
2.838704e+003,9.493083e+001
2.839186e+003,9.493010e+001
2.839668e+003,9.492928e+001
2.840150e+003,9.492908e+001
2.840632e+003,9.493025e+001
2.841114e+003,9.493320e+001
2.841596e+003,9.493777e+001
2.842078e+003,9.494335e+001
2.842561e+003,9.494899e+001
2.843043e+003,9.495380e+001
2.843525e+003,9.495718e+001
2.844007e+003,9.495910e+001
2.844489e+003,9.495995e+001
2.844971e+003,9.496030e+001
2.845453e+003,9.496077e+001
2.845935e+003,9.496175e+001
2.846417e+003,9.496342e+001
2.846900e+003,9.496587e+001
2.847382e+003,9.496919e+001
2.847864e+003,9.497372e+001
2.848346e+003,9.497997e+001
2.848828e+003,9.498840e+001
2.849310e+003,9.499925e+001
2.849792e+003,9.501230e+001
2.850274e+003,9.502674e+001
2.850757e+003,9.504134e+001
2.851239e+003,9.505461e+001
2.851721e+003,9.506509e+001
2.852203e+003,9.507155e+001
2.852685e+003,9.507310e+001
2.853167e+003,9.506933e+001
2.853649e+003,9.506020e+001
2.854131e+003,9.504614e+001
2.854614e+003,9.502821e+001
2.855096e+003,9.500783e+001
2.855578e+003,9.498685e+001
2.856060e+003,9.496718e+001
2.856542e+003,9.495068e+001
2.857024e+003,9.493867e+001
2.857506e+003,9.493190e+001
2.857988e+003,9.493042e+001
2.858470e+003,9.493383e+001
2.858953e+003,9.494144e+001
2.859435e+003,9.495222e+001
2.859917e+003,9.496500e+001
2.860399e+003,9.497832e+001
2.860881e+003,9.499028e+001
2.861363e+003,9.499896e+001
2.861845e+003,9.500256e+001
2.862327e+003,9.500005e+001
2.862810e+003,9.499177e+001
2.863292e+003,9.497948e+001
2.863774e+003,9.496621e+001
2.864256e+003,9.495560e+001
2.864738e+003,9.495074e+001
2.865220e+003,9.495338e+001
2.865702e+003,9.496331e+001
2.866184e+003,9.497849e+001
2.866667e+003,9.499567e+001
2.867148e+003,9.501135e+001
2.867631e+003,9.502276e+001
2.868113e+003,9.502847e+001
2.868595e+003,9.502835e+001
2.869077e+003,9.502332e+001
2.869559e+003,9.501461e+001
2.870041e+003,9.500334e+001
2.870523e+003,9.499023e+001
2.871005e+003,9.497569e+001
2.871488e+003,9.496008e+001
2.871970e+003,9.494404e+001
2.872452e+003,9.492865e+001
2.872934e+003,9.491532e+001
2.873416e+003,9.490559e+001
2.873898e+003,9.490072e+001
2.874380e+003,9.490155e+001
2.874862e+003,9.490820e+001
2.875344e+003,9.492023e+001
2.875827e+003,9.493655e+001
2.876309e+003,9.495553e+001
2.876791e+003,9.497507e+001
2.877273e+003,9.499284e+001
2.877755e+003,9.500639e+001
2.878237e+003,9.501387e+001
2.878719e+003,9.501431e+001
2.879201e+003,9.500807e+001
2.879684e+003,9.499693e+001
2.880166e+003,9.498365e+001
2.880648e+003,9.497136e+001
2.881130e+003,9.496265e+001
2.881612e+003,9.495884e+001
2.882094e+003,9.495968e+001
2.882576e+003,9.496342e+001
2.883058e+003,9.496744e+001
2.883541e+003,9.496909e+001
2.884023e+003,9.496636e+001
2.884505e+003,9.495847e+001
2.884987e+003,9.494585e+001
2.885469e+003,9.493009e+001
2.885951e+003,9.491331e+001
2.886433e+003,9.489771e+001
2.886915e+003,9.488513e+001
2.887397e+003,9.487672e+001
2.887880e+003,9.487270e+001
2.888362e+003,9.487230e+001
2.888844e+003,9.487385e+001
2.889326e+003,9.487503e+001
2.889808e+003,9.487329e+001
2.890290e+003,9.486646e+001
2.890772e+003,9.485337e+001
2.891254e+003,9.483440e+001
2.891737e+003,9.481132e+001
2.892219e+003,9.478710e+001
2.892701e+003,9.476514e+001
2.893183e+003,9.474833e+001
2.893665e+003,9.473837e+001
2.894147e+003,9.473524e+001
2.894629e+003,9.473757e+001
2.895111e+003,9.474293e+001
2.895594e+003,9.474870e+001
2.896075e+003,9.475271e+001
2.896558e+003,9.475354e+001
2.897040e+003,9.475073e+001
2.897522e+003,9.474442e+001
2.898004e+003,9.473513e+001
2.898486e+003,9.472358e+001
2.898968e+003,9.471047e+001
2.899450e+003,9.469664e+001
2.899932e+003,9.468286e+001
2.900415e+003,9.466995e+001
2.900897e+003,9.465861e+001
2.901379e+003,9.464925e+001
2.901861e+003,9.464197e+001
2.902343e+003,9.463662e+001
2.902825e+003,9.463298e+001
2.903307e+003,9.463100e+001
2.903789e+003,9.463091e+001
2.904271e+003,9.463309e+001
2.904754e+003,9.463785e+001
2.905236e+003,9.464497e+001
2.905718e+003,9.465364e+001
2.906200e+003,9.466244e+001
2.906682e+003,9.466976e+001
2.907164e+003,9.467426e+001
2.907646e+003,9.467535e+001
2.908128e+003,9.467342e+001
2.908611e+003,9.466965e+001
2.909093e+003,9.466546e+001
2.909575e+003,9.466183e+001
2.910057e+003,9.465903e+001
2.910539e+003,9.465642e+001
2.911021e+003,9.465282e+001
2.911503e+003,9.464709e+001
2.911985e+003,9.463869e+001
2.912468e+003,9.462800e+001
2.912950e+003,9.461623e+001
2.913432e+003,9.460508e+001
2.913914e+003,9.459608e+001
2.914396e+003,9.459028e+001
2.914878e+003,9.458781e+001
2.915360e+003,9.458820e+001
2.915842e+003,9.459055e+001
2.916324e+003,9.459404e+001
2.916807e+003,9.459811e+001
2.917289e+003,9.460277e+001
2.917771e+003,9.460845e+001
2.918253e+003,9.461588e+001
2.918735e+003,9.462588e+001
2.919217e+003,9.463903e+001
2.919699e+003,9.465566e+001
2.920181e+003,9.467562e+001
2.920664e+003,9.469809e+001
2.921146e+003,9.472179e+001
2.921628e+003,9.474503e+001
2.922110e+003,9.476611e+001
2.922592e+003,9.478369e+001
2.923074e+003,9.479708e+001
2.923556e+003,9.480652e+001
2.924038e+003,9.481301e+001
2.924521e+003,9.481795e+001
2.925002e+003,9.482262e+001
2.925485e+003,9.482786e+001
2.925967e+003,9.483371e+001
2.926449e+003,9.483955e+001
2.926931e+003,9.484449e+001
2.927413e+003,9.484766e+001
2.927895e+003,9.484863e+001
2.928377e+003,9.484753e+001
2.928859e+003,9.484496e+001
2.929342e+003,9.484184e+001
2.929824e+003,9.483910e+001
2.930306e+003,9.483758e+001
2.930788e+003,9.483784e+001
2.931270e+003,9.484028e+001
2.931752e+003,9.484479e+001
2.932234e+003,9.485094e+001
2.932716e+003,9.485769e+001
2.933198e+003,9.486349e+001
2.933681e+003,9.486617e+001
2.934163e+003,9.486472e+001
2.934645e+003,9.485856e+001
2.935127e+003,9.484802e+001
2.935609e+003,9.483467e+001
2.936091e+003,9.482088e+001
2.936573e+003,9.480913e+001
2.937055e+003,9.480137e+001
2.937538e+003,9.479835e+001
2.938020e+003,9.479934e+001
2.938502e+003,9.480254e+001
2.938984e+003,9.480573e+001
2.939466e+003,9.480701e+001
2.939948e+003,9.480537e+001
2.940430e+003,9.480096e+001
2.940912e+003,9.479472e+001
2.941395e+003,9.478805e+001
2.941877e+003,9.478224e+001
2.942359e+003,9.477799e+001
2.942841e+003,9.477544e+001
2.943323e+003,9.477417e+001
2.943805e+003,9.477345e+001
2.944287e+003,9.477240e+001
2.944769e+003,9.477029e+001
2.945251e+003,9.476660e+001
2.945734e+003,9.476096e+001
2.946216e+003,9.475350e+001
2.946698e+003,9.474470e+001
2.947180e+003,9.473544e+001
2.947662e+003,9.472681e+001
2.948144e+003,9.471986e+001
2.948626e+003,9.471534e+001
2.949108e+003,9.471346e+001
2.949591e+003,9.471394e+001
2.950073e+003,9.471623e+001
2.950555e+003,9.471982e+001
2.951037e+003,9.472447e+001
2.951519e+003,9.473026e+001
2.952001e+003,9.473737e+001
2.952483e+003,9.474592e+001
2.952965e+003,9.475547e+001
2.953448e+003,9.476514e+001
2.953929e+003,9.477364e+001
2.954412e+003,9.477972e+001
2.954894e+003,9.478278e+001
2.955376e+003,9.478298e+001
2.955858e+003,9.478134e+001
2.956340e+003,9.477952e+001
2.956822e+003,9.477921e+001
2.957304e+003,9.478178e+001
2.957786e+003,9.478799e+001
2.958269e+003,9.479779e+001
2.958751e+003,9.481062e+001
2.959233e+003,9.482541e+001
2.959715e+003,9.484084e+001
2.960197e+003,9.485554e+001
2.960679e+003,9.486832e+001
2.961161e+003,9.487836e+001
2.961643e+003,9.488561e+001
2.962125e+003,9.489091e+001
2.962608e+003,9.489603e+001
2.963090e+003,9.490327e+001
2.963572e+003,9.491478e+001
2.964054e+003,9.493183e+001
2.964536e+003,9.495428e+001
2.965018e+003,9.498036e+001
2.965500e+003,9.500714e+001
2.965982e+003,9.503130e+001
2.966465e+003,9.505016e+001
2.966947e+003,9.506226e+001
2.967429e+003,9.506776e+001
2.967911e+003,9.506792e+001
2.968393e+003,9.506469e+001
2.968875e+003,9.505988e+001
2.969357e+003,9.505478e+001
2.969839e+003,9.505024e+001
2.970322e+003,9.504674e+001
2.970804e+003,9.504476e+001
2.971286e+003,9.504488e+001
2.971768e+003,9.504759e+001
2.972250e+003,9.505315e+001
2.972732e+003,9.506101e+001
2.973214e+003,9.506990e+001
2.973696e+003,9.507801e+001
2.974178e+003,9.508355e+001
2.974661e+003,9.508532e+001
2.975143e+003,9.508311e+001
2.975625e+003,9.507777e+001
2.976107e+003,9.507101e+001
2.976589e+003,9.506467e+001
2.977071e+003,9.506013e+001
2.977553e+003,9.505804e+001
2.978035e+003,9.505815e+001
2.978518e+003,9.505953e+001
2.979000e+003,9.506104e+001
2.979482e+003,9.506172e+001
2.979964e+003,9.506119e+001
2.980446e+003,9.505960e+001
2.980928e+003,9.505770e+001
2.981410e+003,9.505635e+001
2.981892e+003,9.505627e+001
2.982375e+003,9.505759e+001
2.982856e+003,9.505979e+001
2.983339e+003,9.506158e+001
2.983821e+003,9.506126e+001
2.984303e+003,9.505726e+001
2.984785e+003,9.504866e+001
2.985267e+003,9.503571e+001
2.985749e+003,9.501987e+001
2.986231e+003,9.500336e+001
2.986713e+003,9.498869e+001
2.987196e+003,9.497748e+001
2.987678e+003,9.497014e+001
2.988160e+003,9.496556e+001
2.988642e+003,9.496152e+001
2.989124e+003,9.495575e+001
2.989606e+003,9.494672e+001
2.990088e+003,9.493437e+001
2.990570e+003,9.492013e+001
2.991052e+003,9.490634e+001
2.991535e+003,9.489539e+001
2.992017e+003,9.488863e+001
2.992499e+003,9.488598e+001
2.992981e+003,9.488595e+001
2.993463e+003,9.488632e+001
2.993945e+003,9.488500e+001
2.994427e+003,9.488085e+001
2.994909e+003,9.487392e+001
2.995392e+003,9.486530e+001
2.995874e+003,9.485649e+001
2.996356e+003,9.484872e+001
2.996838e+003,9.484248e+001
2.997320e+003,9.483743e+001
2.997802e+003,9.483263e+001
2.998284e+003,9.482712e+001
2.998766e+003,9.482031e+001
2.999249e+003,9.481227e+001
2.999731e+003,9.480369e+001
3.000213e+003,9.479552e+001
3.000695e+003,9.478881e+001
3.001177e+003,9.478416e+001
3.001659e+003,9.478176e+001
3.002141e+003,9.478127e+001
3.002623e+003,9.478207e+001
3.003105e+003,9.478345e+001
3.003588e+003,9.478490e+001
3.004070e+003,9.478613e+001
3.004552e+003,9.478716e+001
3.005034e+003,9.478819e+001
3.005516e+003,9.478934e+001
3.005998e+003,9.479053e+001
3.006480e+003,9.479117e+001
3.006962e+003,9.479043e+001
3.007445e+003,9.478723e+001
3.007927e+003,9.478079e+001
3.008409e+003,9.477088e+001
3.008891e+003,9.475802e+001
3.009373e+003,9.474353e+001
3.009855e+003,9.472922e+001
3.010337e+003,9.471678e+001
3.010819e+003,9.470759e+001
3.011302e+003,9.470239e+001
3.011783e+003,9.470137e+001
3.012266e+003,9.470447e+001
3.012748e+003,9.471153e+001
3.013230e+003,9.472252e+001
3.013712e+003,9.473724e+001
3.014194e+003,9.475510e+001
3.014676e+003,9.477480e+001
3.015158e+003,9.479431e+001
3.015640e+003,9.481127e+001
3.016123e+003,9.482368e+001
3.016605e+003,9.483067e+001
3.017087e+003,9.483278e+001
3.017569e+003,9.483205e+001
3.018051e+003,9.483121e+001
3.018533e+003,9.483275e+001
3.019015e+003,9.483789e+001
3.019497e+003,9.484620e+001
3.019979e+003,9.485579e+001
3.020462e+003,9.486391e+001
3.020944e+003,9.486805e+001
3.021426e+003,9.486668e+001
3.021908e+003,9.485962e+001
3.022390e+003,9.484800e+001
3.022872e+003,9.483372e+001
3.023354e+003,9.481881e+001
3.023836e+003,9.480502e+001
3.024319e+003,9.479364e+001
3.024801e+003,9.478551e+001
3.025283e+003,9.478110e+001
3.025765e+003,9.478047e+001
3.026247e+003,9.478326e+001
3.026729e+003,9.478848e+001
3.027211e+003,9.479453e+001
3.027693e+003,9.479961e+001
3.028176e+003,9.480200e+001
3.028658e+003,9.480067e+001
3.029140e+003,9.479558e+001
3.029622e+003,9.478759e+001
3.030104e+003,9.477811e+001
3.030586e+003,9.476852e+001
3.031068e+003,9.475966e+001
3.031550e+003,9.475166e+001
3.032032e+003,9.474411e+001
3.032515e+003,9.473648e+001
3.032997e+003,9.472865e+001
3.033479e+003,9.472099e+001
3.033961e+003,9.471435e+001
3.034443e+003,9.470959e+001
3.034925e+003,9.470707e+001
3.035407e+003,9.470632e+001
3.035889e+003,9.470600e+001
3.036372e+003,9.470432e+001
3.036854e+003,9.469946e+001
3.037336e+003,9.469019e+001
3.037818e+003,9.467625e+001
3.038300e+003,9.465839e+001
3.038782e+003,9.463826e+001
3.039264e+003,9.461807e+001
3.039746e+003,9.460021e+001
3.040229e+003,9.458682e+001
3.040711e+003,9.457940e+001
3.041193e+003,9.457847e+001
3.041675e+003,9.458338e+001
3.042157e+003,9.459245e+001
3.042639e+003,9.460334e+001
3.043121e+003,9.461366e+001
3.043603e+003,9.462172e+001
3.044085e+003,9.462715e+001
3.044568e+003,9.463109e+001
3.045050e+003,9.463570e+001
3.045532e+003,9.464339e+001
3.046014e+003,9.465590e+001
3.046496e+003,9.467345e+001
3.046978e+003,9.469458e+001
3.047460e+003,9.471654e+001
3.047942e+003,9.473617e+001
3.048425e+003,9.475089e+001
3.048906e+003,9.475941e+001
3.049389e+003,9.476206e+001
3.049871e+003,9.476017e+001
3.050353e+003,9.475568e+001
3.050835e+003,9.475040e+001
3.051317e+003,9.474571e+001
3.051799e+003,9.474243e+001
3.052281e+003,9.474123e+001
3.052763e+003,9.474273e+001
3.053246e+003,9.474767e+001
3.053728e+003,9.475667e+001
3.054210e+003,9.476997e+001
3.054692e+003,9.478715e+001
3.055174e+003,9.480706e+001
3.055656e+003,9.482810e+001
3.056138e+003,9.484859e+001
3.056620e+003,9.486714e+001
3.057103e+003,9.488284e+001
3.057585e+003,9.489535e+001
3.058067e+003,9.490443e+001
3.058549e+003,9.491000e+001
3.059031e+003,9.491193e+001
3.059513e+003,9.491009e+001
3.059995e+003,9.490472e+001
3.060477e+003,9.489656e+001
3.060959e+003,9.488665e+001
3.061442e+003,9.487614e+001
3.061924e+003,9.486593e+001
3.062406e+003,9.485622e+001
3.062888e+003,9.484662e+001
3.063370e+003,9.483655e+001
3.063852e+003,9.482567e+001
3.064334e+003,9.481453e+001
3.064816e+003,9.480472e+001
3.065299e+003,9.479846e+001
3.065781e+003,9.479796e+001
3.066263e+003,9.480463e+001
3.066745e+003,9.481834e+001
3.067227e+003,9.483742e+001
3.067709e+003,9.485899e+001
3.068191e+003,9.487971e+001
3.068673e+003,9.489692e+001
3.069156e+003,9.490909e+001
3.069638e+003,9.491616e+001
3.070120e+003,9.491929e+001
3.070602e+003,9.492039e+001
3.071084e+003,9.492136e+001
3.071566e+003,9.492377e+001
3.072048e+003,9.492832e+001
3.072530e+003,9.493498e+001
3.073012e+003,9.494289e+001
3.073495e+003,9.495058e+001
3.073977e+003,9.495608e+001
3.074459e+003,9.495744e+001
3.074941e+003,9.495295e+001
3.075423e+003,9.494176e+001
3.075905e+003,9.492427e+001
3.076387e+003,9.490227e+001
3.076869e+003,9.487875e+001
3.077352e+003,9.485739e+001
3.077833e+003,9.484166e+001
3.078316e+003,9.483398e+001
3.078798e+003,9.483517e+001
3.079280e+003,9.484428e+001
3.079762e+003,9.485899e+001
3.080244e+003,9.487627e+001
3.080726e+003,9.489342e+001
3.081208e+003,9.490857e+001
3.081690e+003,9.492113e+001
3.082173e+003,9.493163e+001
3.082655e+003,9.494124e+001
3.083137e+003,9.495120e+001
3.083619e+003,9.496223e+001
3.084101e+003,9.497430e+001
3.084583e+003,9.498649e+001
3.085065e+003,9.499733e+001
3.085547e+003,9.500523e+001
3.086030e+003,9.500897e+001
3.086512e+003,9.500802e+001
3.086994e+003,9.500276e+001
3.087476e+003,9.499439e+001
3.087958e+003,9.498461e+001
3.088440e+003,9.497521e+001
3.088922e+003,9.496757e+001
3.089404e+003,9.496227e+001
3.089886e+003,9.495911e+001
3.090369e+003,9.495728e+001
3.090851e+003,9.495584e+001
3.091333e+003,9.495415e+001
3.091815e+003,9.495249e+001
3.092297e+003,9.495185e+001
3.092779e+003,9.495387e+001
3.093261e+003,9.495997e+001
3.093743e+003,9.497078e+001
3.094226e+003,9.498550e+001
3.094708e+003,9.500179e+001
3.095190e+003,9.501632e+001
3.095672e+003,9.502555e+001
3.096154e+003,9.502689e+001
3.096636e+003,9.501947e+001
3.097118e+003,9.500464e+001
3.097600e+003,9.498564e+001
3.098083e+003,9.496666e+001
3.098565e+003,9.495172e+001
3.099047e+003,9.494370e+001
3.099529e+003,9.494346e+001
3.100011e+003,9.494974e+001
3.100493e+003,9.495958e+001
3.100975e+003,9.496919e+001
3.101457e+003,9.497488e+001
3.101939e+003,9.497395e+001
3.102422e+003,9.496513e+001
3.102904e+003,9.494891e+001
3.103386e+003,9.492702e+001
3.103868e+003,9.490220e+001
3.104350e+003,9.487737e+001
3.104832e+003,9.485506e+001
3.105314e+003,9.483702e+001
3.105796e+003,9.482394e+001
3.106279e+003,9.481554e+001
3.106760e+003,9.481066e+001
3.107243e+003,9.480788e+001
3.107725e+003,9.480585e+001
3.108207e+003,9.480362e+001
3.108689e+003,9.480088e+001
3.109171e+003,9.479780e+001
3.109653e+003,9.479475e+001
3.110135e+003,9.479200e+001
3.110617e+003,9.478953e+001
3.111100e+003,9.478690e+001
3.111582e+003,9.478362e+001
3.112064e+003,9.477938e+001
3.112546e+003,9.477454e+001
3.113028e+003,9.477010e+001
3.113510e+003,9.476763e+001
3.113992e+003,9.476850e+001
3.114474e+003,9.477341e+001
3.114957e+003,9.478165e+001
3.115439e+003,9.479107e+001
3.115921e+003,9.479835e+001
3.116403e+003,9.479981e+001
3.116885e+003,9.479257e+001
3.117367e+003,9.477547e+001
3.117849e+003,9.474963e+001
3.118331e+003,9.471822e+001
3.118813e+003,9.468581e+001
3.119296e+003,9.465731e+001
3.119778e+003,9.463658e+001
3.120260e+003,9.462579e+001
3.120742e+003,9.462507e+001
3.121224e+003,9.463276e+001
3.121706e+003,9.464628e+001
3.122188e+003,9.466282e+001
3.122670e+003,9.468024e+001
3.123153e+003,9.469736e+001
3.123635e+003,9.471377e+001
3.124117e+003,9.472952e+001
3.124599e+003,9.474461e+001
3.125081e+003,9.475851e+001
3.125563e+003,9.477017e+001
3.126045e+003,9.477821e+001
3.126527e+003,9.478140e+001
3.127010e+003,9.477914e+001
3.127492e+003,9.477164e+001
3.127974e+003,9.476015e+001
3.128456e+003,9.474648e+001
3.128938e+003,9.473277e+001
3.129420e+003,9.472092e+001
3.129902e+003,9.471239e+001
3.130384e+003,9.470821e+001
3.130866e+003,9.470892e+001
3.131349e+003,9.471477e+001
3.131831e+003,9.472570e+001
3.132313e+003,9.474141e+001
3.132795e+003,9.476100e+001
3.133277e+003,9.478299e+001
3.133759e+003,9.480534e+001
3.134241e+003,9.482574e+001
3.134723e+003,9.484204e+001
3.135206e+003,9.485271e+001
3.135688e+003,9.485731e+001
3.136170e+003,9.485645e+001
3.136652e+003,9.485170e+001
3.137134e+003,9.484500e+001
3.137616e+003,9.483821e+001
3.138098e+003,9.483263e+001
3.138580e+003,9.482880e+001
3.139063e+003,9.482661e+001
3.139544e+003,9.482552e+001
3.140027e+003,9.482494e+001
3.140509e+003,9.482447e+001
3.140991e+003,9.482406e+001
3.141473e+003,9.482401e+001
3.141955e+003,9.482473e+001
3.142437e+003,9.482661e+001
3.142919e+003,9.482982e+001
3.143401e+003,9.483427e+001
3.143884e+003,9.483970e+001
3.144366e+003,9.484557e+001
3.144848e+003,9.485138e+001
3.145330e+003,9.485664e+001
3.145812e+003,9.486111e+001
3.146294e+003,9.486485e+001
3.146776e+003,9.486811e+001
3.147258e+003,9.487136e+001
3.147740e+003,9.487499e+001
3.148223e+003,9.487910e+001
3.148705e+003,9.488317e+001
3.149187e+003,9.488615e+001
3.149669e+003,9.488649e+001
3.150151e+003,9.488265e+001
3.150633e+003,9.487357e+001
3.151115e+003,9.485909e+001
3.151597e+003,9.484033e+001
3.152080e+003,9.481944e+001
3.152562e+003,9.479929e+001
3.153044e+003,9.478270e+001
3.153526e+003,9.477178e+001
3.154008e+003,9.476747e+001
3.154490e+003,9.476926e+001
3.154972e+003,9.477546e+001
3.155454e+003,9.478378e+001
3.155937e+003,9.479192e+001
3.156419e+003,9.479820e+001
3.156901e+003,9.480207e+001
3.157383e+003,9.480407e+001
3.157865e+003,9.480551e+001
3.158347e+003,9.480799e+001
3.158829e+003,9.481281e+001
3.159311e+003,9.482022e+001
3.159793e+003,9.482930e+001
3.160276e+003,9.483813e+001
3.160758e+003,9.484414e+001
3.161240e+003,9.484510e+001
3.161722e+003,9.483987e+001
3.162204e+003,9.482896e+001
3.162686e+003,9.481463e+001
3.163168e+003,9.480038e+001
3.163650e+003,9.478999e+001
3.164133e+003,9.478642e+001
3.164615e+003,9.479088e+001
3.165097e+003,9.480254e+001
3.165579e+003,9.481861e+001
3.166061e+003,9.483533e+001
3.166543e+003,9.484900e+001
3.167025e+003,9.485687e+001
3.167507e+003,9.485778e+001
3.167990e+003,9.485207e+001
3.168471e+003,9.484121e+001
3.168954e+003,9.482717e+001
3.169436e+003,9.481179e+001
3.169918e+003,9.479653e+001
3.170400e+003,9.478241e+001
3.170882e+003,9.477020e+001
3.171364e+003,9.476055e+001
3.171846e+003,9.475410e+001
3.172328e+003,9.475118e+001
3.172811e+003,9.475179e+001
3.173293e+003,9.475527e+001
3.173775e+003,9.476050e+001
3.174257e+003,9.476604e+001
3.174739e+003,9.477062e+001
3.175221e+003,9.477358e+001
3.175703e+003,9.477499e+001
3.176185e+003,9.477560e+001
3.176667e+003,9.477658e+001
3.177150e+003,9.477905e+001
3.177632e+003,9.478365e+001
3.178114e+003,9.479024e+001
3.178596e+003,9.479788e+001
3.179078e+003,9.480515e+001
3.179560e+003,9.481039e+001
3.180042e+003,9.481225e+001
3.180524e+003,9.481001e+001
3.181007e+003,9.480400e+001
3.181489e+003,9.479554e+001
3.181971e+003,9.478688e+001
3.182453e+003,9.478082e+001
3.182935e+003,9.478008e+001
3.183417e+003,9.478671e+001
3.183899e+003,9.480142e+001
3.184381e+003,9.482339e+001
3.184864e+003,9.485033e+001
3.185346e+003,9.487903e+001
3.185828e+003,9.490594e+001
3.186310e+003,9.492818e+001
3.186792e+003,9.494386e+001
3.187274e+003,9.495248e+001
3.187756e+003,9.495468e+001
3.188238e+003,9.495195e+001
3.188720e+003,9.494590e+001
3.189203e+003,9.493808e+001
3.189685e+003,9.492965e+001
3.190167e+003,9.492129e+001
3.190649e+003,9.491341e+001
3.191131e+003,9.490614e+001
3.191613e+003,9.489952e+001
3.192095e+003,9.489345e+001
3.192577e+003,9.488766e+001
3.193060e+003,9.488191e+001
3.193542e+003,9.487590e+001
3.194024e+003,9.486943e+001
3.194506e+003,9.486258e+001
3.194988e+003,9.485554e+001
3.195470e+003,9.484875e+001
3.195952e+003,9.484274e+001
3.196434e+003,9.483810e+001
3.196917e+003,9.483542e+001
3.197398e+003,9.483542e+001
3.197881e+003,9.483887e+001
3.198363e+003,9.484638e+001
3.198845e+003,9.485837e+001
3.199327e+003,9.487465e+001
3.199809e+003,9.489434e+001
3.200291e+003,9.491577e+001
3.200773e+003,9.493663e+001
3.201255e+003,9.495432e+001
3.201738e+003,9.496645e+001
3.202220e+003,9.497115e+001
3.202702e+003,9.496754e+001
3.203184e+003,9.495564e+001
3.203666e+003,9.493636e+001
3.204148e+003,9.491151e+001
3.204630e+003,9.488359e+001
3.205112e+003,9.485565e+001
3.205594e+003,9.483118e+001
3.206077e+003,9.481352e+001
3.206559e+003,9.480549e+001
3.207041e+003,9.480859e+001
3.207523e+003,9.482258e+001
3.208005e+003,9.484511e+001
3.208487e+003,9.487222e+001
3.208969e+003,9.489907e+001
3.209451e+003,9.492111e+001
3.209934e+003,9.493532e+001
3.210416e+003,9.494080e+001
3.210898e+003,9.493906e+001
3.211380e+003,9.493320e+001
3.211862e+003,9.492704e+001
3.212344e+003,9.492374e+001
3.212826e+003,9.492506e+001
3.213308e+003,9.493088e+001
3.213791e+003,9.493949e+001
3.214273e+003,9.494840e+001
3.214755e+003,9.495513e+001
3.215237e+003,9.495810e+001
3.215719e+003,9.495702e+001
3.216201e+003,9.495279e+001
3.216683e+003,9.494717e+001
3.217165e+003,9.494203e+001
3.217647e+003,9.493882e+001
3.218130e+003,9.493797e+001
3.218612e+003,9.493902e+001
3.219094e+003,9.494080e+001
3.219576e+003,9.494188e+001
3.220058e+003,9.494121e+001
3.220540e+003,9.493854e+001
3.221022e+003,9.493448e+001
3.221504e+003,9.493031e+001
3.221987e+003,9.492748e+001
3.222469e+003,9.492700e+001
3.222951e+003,9.492908e+001
3.223433e+003,9.493293e+001
3.223915e+003,9.493714e+001
3.224397e+003,9.494020e+001
3.224879e+003,9.494109e+001
3.225361e+003,9.493966e+001
3.225844e+003,9.493665e+001
3.226325e+003,9.493336e+001
3.226808e+003,9.493109e+001
3.227290e+003,9.493054e+001
3.227772e+003,9.493153e+001
3.228254e+003,9.493321e+001
3.228736e+003,9.493439e+001
3.229218e+003,9.493400e+001
3.229700e+003,9.493151e+001
3.230182e+003,9.492719e+001
3.230665e+003,9.492177e+001
3.231147e+003,9.491624e+001
3.231629e+003,9.491148e+001
3.232111e+003,9.490821e+001
3.232593e+003,9.490694e+001
3.233075e+003,9.490797e+001
3.233557e+003,9.491169e+001
3.234039e+003,9.491830e+001
3.234521e+003,9.492775e+001
3.235004e+003,9.493959e+001
3.235486e+003,9.495301e+001
3.235968e+003,9.496710e+001
3.236450e+003,9.498102e+001
3.236932e+003,9.499442e+001
3.237414e+003,9.500742e+001
3.237896e+003,9.502026e+001
3.238378e+003,9.503284e+001
3.238861e+003,9.504423e+001
3.239343e+003,9.505258e+001
3.239825e+003,9.505564e+001
3.240307e+003,9.505176e+001
3.240789e+003,9.504056e+001
3.241271e+003,9.502382e+001
3.241753e+003,9.500515e+001
3.242235e+003,9.498907e+001
3.242718e+003,9.497980e+001
3.243200e+003,9.497974e+001
3.243682e+003,9.498891e+001
3.244164e+003,9.500513e+001
3.244646e+003,9.502513e+001
3.245128e+003,9.504581e+001
3.245610e+003,9.506548e+001
3.246092e+003,9.508414e+001
3.246574e+003,9.510290e+001
3.247057e+003,9.512289e+001
3.247539e+003,9.514429e+001
3.248021e+003,9.516567e+001
3.248503e+003,9.518448e+001
3.248985e+003,9.519790e+001
3.249467e+003,9.520412e+001
3.249949e+003,9.520306e+001
3.250431e+003,9.519620e+001
3.250914e+003,9.518600e+001
3.251396e+003,9.517456e+001
3.251878e+003,9.516299e+001
3.252360e+003,9.515109e+001
3.252842e+003,9.513811e+001
3.253324e+003,9.512375e+001
3.253806e+003,9.510908e+001
3.254288e+003,9.509672e+001
3.254771e+003,9.509017e+001
3.255252e+003,9.509246e+001
3.255735e+003,9.510486e+001
3.256217e+003,9.512595e+001
3.256699e+003,9.515191e+001
3.257181e+003,9.517757e+001
3.257663e+003,9.519802e+001
3.258145e+003,9.520988e+001
3.258627e+003,9.521204e+001
3.259109e+003,9.520564e+001
3.259592e+003,9.519314e+001
3.260074e+003,9.517734e+001
3.260556e+003,9.516070e+001
3.261038e+003,9.514513e+001
3.261520e+003,9.513208e+001
3.262002e+003,9.512273e+001
3.262484e+003,9.511814e+001
3.262966e+003,9.511884e+001
3.263448e+003,9.512430e+001
3.263931e+003,9.513275e+001
3.264413e+003,9.514117e+001
3.264895e+003,9.514610e+001
3.265377e+003,9.514478e+001
3.265859e+003,9.513615e+001
3.266341e+003,9.512135e+001
3.266823e+003,9.510336e+001
3.267305e+003,9.508607e+001
3.267788e+003,9.507278e+001
3.268270e+003,9.506516e+001
3.268752e+003,9.506281e+001
3.269234e+003,9.506366e+001
3.269716e+003,9.506506e+001
3.270198e+003,9.506470e+001
3.270680e+003,9.506159e+001
3.271162e+003,9.505618e+001
3.271645e+003,9.504992e+001
3.272127e+003,9.504470e+001
3.272609e+003,9.504202e+001
3.273091e+003,9.504275e+001
3.273573e+003,9.504691e+001
3.274055e+003,9.505389e+001
3.274537e+003,9.506283e+001
3.275019e+003,9.507262e+001
3.275501e+003,9.508208e+001
3.275984e+003,9.509003e+001
3.276466e+003,9.509535e+001
3.276948e+003,9.509736e+001
3.277430e+003,9.509589e+001
3.277912e+003,9.509151e+001
3.278394e+003,9.508532e+001
3.278876e+003,9.507857e+001
3.279358e+003,9.507233e+001
3.279841e+003,9.506704e+001
3.280323e+003,9.506261e+001
3.280805e+003,9.505877e+001
3.281287e+003,9.505556e+001
3.281769e+003,9.505355e+001
3.282251e+003,9.505409e+001
3.282733e+003,9.505862e+001
3.283215e+003,9.506821e+001
3.283698e+003,9.508268e+001
3.284179e+003,9.510046e+001
3.284662e+003,9.511869e+001
3.285144e+003,9.513408e+001
3.285626e+003,9.514362e+001
3.286108e+003,9.514554e+001
3.286590e+003,9.513942e+001
3.287072e+003,9.512630e+001
3.287554e+003,9.510801e+001
3.288036e+003,9.508683e+001
3.288519e+003,9.506497e+001
3.289001e+003,9.504457e+001
3.289483e+003,9.502747e+001
3.289965e+003,9.501526e+001
3.290447e+003,9.500907e+001
3.290929e+003,9.500914e+001
3.291411e+003,9.501466e+001
3.291893e+003,9.502372e+001
3.292375e+003,9.503377e+001
3.292858e+003,9.504223e+001
3.293340e+003,9.504732e+001
3.293822e+003,9.504871e+001
3.294304e+003,9.504734e+001
3.294786e+003,9.504509e+001
3.295268e+003,9.504391e+001
3.295750e+003,9.504510e+001
3.296232e+003,9.504885e+001
3.296715e+003,9.505446e+001
3.297197e+003,9.506064e+001
3.297679e+003,9.506622e+001
3.298161e+003,9.507045e+001
3.298643e+003,9.507323e+001
3.299125e+003,9.507465e+001
3.299607e+003,9.507469e+001
3.300089e+003,9.507302e+001
3.300572e+003,9.506912e+001
3.301054e+003,9.506258e+001
3.301536e+003,9.505355e+001
3.302018e+003,9.504301e+001
3.302500e+003,9.503257e+001
3.302982e+003,9.502397e+001
3.303464e+003,9.501852e+001
3.303946e+003,9.501654e+001
3.304428e+003,9.501736e+001
3.304911e+003,9.501965e+001
3.305393e+003,9.502200e+001
3.305875e+003,9.502345e+001
3.306357e+003,9.502375e+001
3.306839e+003,9.502337e+001
3.307321e+003,9.502298e+001
3.307803e+003,9.502313e+001
3.308285e+003,9.502396e+001
3.308768e+003,9.502530e+001
3.309250e+003,9.502689e+001
3.309732e+003,9.502870e+001
3.310214e+003,9.503117e+001
3.310696e+003,9.503499e+001
3.311178e+003,9.504070e+001
3.311660e+003,9.504826e+001
3.312142e+003,9.505679e+001
3.312625e+003,9.506454e+001
3.313106e+003,9.506947e+001
3.313589e+003,9.506985e+001
3.314071e+003,9.506483e+001
3.314553e+003,9.505487e+001
3.315035e+003,9.504178e+001
3.315517e+003,9.502811e+001
3.315999e+003,9.501665e+001
3.316481e+003,9.500967e+001
3.316963e+003,9.500839e+001
3.317446e+003,9.501279e+001
3.317928e+003,9.502153e+001
3.318410e+003,9.503235e+001
3.318892e+003,9.504249e+001
3.319374e+003,9.504932e+001
3.319856e+003,9.505097e+001
3.320338e+003,9.504667e+001
3.320820e+003,9.503704e+001
3.321302e+003,9.502395e+001
3.321785e+003,9.500998e+001
3.322267e+003,9.499791e+001
3.322749e+003,9.498990e+001
3.323231e+003,9.498711e+001
3.323713e+003,9.498949e+001
3.324195e+003,9.499595e+001
3.324677e+003,9.500484e+001
3.325159e+003,9.501450e+001
3.325642e+003,9.502361e+001
3.326124e+003,9.503143e+001
3.326606e+003,9.503764e+001
3.327088e+003,9.504233e+001
3.327570e+003,9.504572e+001
3.328052e+003,9.504807e+001
3.328534e+003,9.504967e+001
3.329016e+003,9.505088e+001
3.329499e+003,9.505206e+001
3.329981e+003,9.505334e+001
3.330463e+003,9.505453e+001
3.330945e+003,9.505489e+001
3.331427e+003,9.505324e+001
3.331909e+003,9.504839e+001
3.332391e+003,9.503963e+001
3.332873e+003,9.502737e+001
3.333355e+003,9.501325e+001
3.333838e+003,9.500010e+001
3.334320e+003,9.499107e+001
3.334802e+003,9.498869e+001
3.335284e+003,9.499384e+001
3.335766e+003,9.500538e+001
3.336248e+003,9.502018e+001
3.336730e+003,9.503411e+001
3.337212e+003,9.504323e+001
3.337695e+003,9.504500e+001
3.338177e+003,9.503910e+001
3.338659e+003,9.502728e+001
3.339141e+003,9.501279e+001
3.339623e+003,9.499921e+001
3.340105e+003,9.498936e+001
3.340587e+003,9.498466e+001
3.341069e+003,9.498502e+001
3.341552e+003,9.498917e+001
3.342033e+003,9.499543e+001
3.342516e+003,9.500234e+001
3.342998e+003,9.500885e+001
3.343480e+003,9.501434e+001
3.343962e+003,9.501830e+001
3.344444e+003,9.501989e+001
3.344926e+003,9.501813e+001
3.345408e+003,9.501189e+001
3.345890e+003,9.500047e+001
3.346373e+003,9.498410e+001
3.346855e+003,9.496402e+001
3.347337e+003,9.494230e+001
3.347819e+003,9.492135e+001
3.348301e+003,9.490318e+001
3.348783e+003,9.488878e+001
3.349265e+003,9.487804e+001
3.349747e+003,9.487016e+001
3.350229e+003,9.486393e+001
3.350712e+003,9.485870e+001
3.351194e+003,9.485470e+001
3.351676e+003,9.485311e+001
3.352158e+003,9.485558e+001
3.352640e+003,9.486369e+001
3.353122e+003,9.487818e+001
3.353604e+003,9.489850e+001
3.354086e+003,9.492262e+001
3.354569e+003,9.494753e+001
3.355051e+003,9.496960e+001
3.355533e+003,9.498554e+001
3.356015e+003,9.499308e+001
3.356497e+003,9.499134e+001
3.356979e+003,9.498109e+001
3.357461e+003,9.496461e+001
3.357943e+003,9.494512e+001
3.358426e+003,9.492609e+001
3.358908e+003,9.491044e+001
3.359390e+003,9.490012e+001
3.359872e+003,9.489551e+001
3.360354e+003,9.489577e+001
3.360836e+003,9.489919e+001
3.361318e+003,9.490387e+001
3.361800e+003,9.490837e+001
3.362282e+003,9.491222e+001
3.362765e+003,9.491575e+001
3.363247e+003,9.491976e+001
3.363729e+003,9.492510e+001
3.364211e+003,9.493204e+001
3.364693e+003,9.494011e+001
3.365175e+003,9.494827e+001
3.365657e+003,9.495532e+001
3.366139e+003,9.496047e+001
3.366622e+003,9.496356e+001
3.367104e+003,9.496510e+001
3.367586e+003,9.496600e+001
3.368068e+003,9.496715e+001
3.368550e+003,9.496894e+001
3.369032e+003,9.497121e+001
3.369514e+003,9.497333e+001
3.369996e+003,9.497455e+001
3.370479e+003,9.497411e+001
3.370961e+003,9.497166e+001
3.371443e+003,9.496718e+001
3.371925e+003,9.496085e+001
3.372407e+003,9.495306e+001
3.372889e+003,9.494429e+001
3.373371e+003,9.493516e+001
3.373853e+003,9.492658e+001
3.374335e+003,9.491955e+001
3.374818e+003,9.491499e+001
3.375300e+003,9.491347e+001
3.375782e+003,9.491496e+001
3.376264e+003,9.491866e+001
3.376746e+003,9.492314e+001
3.377228e+003,9.492685e+001
3.377710e+003,9.492841e+001
3.378192e+003,9.492699e+001
3.378675e+003,9.492261e+001
3.379156e+003,9.491589e+001
3.379639e+003,9.490778e+001
3.380121e+003,9.489943e+001
3.380603e+003,9.489201e+001
3.381085e+003,9.488671e+001
3.381567e+003,9.488478e+001
3.382049e+003,9.488757e+001
3.382531e+003,9.489622e+001
3.383013e+003,9.491129e+001
3.383496e+003,9.493228e+001
3.383978e+003,9.495744e+001
3.384460e+003,9.498385e+001
3.384942e+003,9.500776e+001
3.385424e+003,9.502538e+001
3.385906e+003,9.503360e+001
3.386388e+003,9.503046e+001
3.386870e+003,9.501549e+001
3.387353e+003,9.498969e+001
3.387835e+003,9.495520e+001
3.388317e+003,9.491517e+001
3.388799e+003,9.487331e+001
3.389281e+003,9.483372e+001
3.389763e+003,9.480031e+001
3.390245e+003,9.477649e+001
3.390727e+003,9.476451e+001
3.391209e+003,9.476512e+001
3.391692e+003,9.477732e+001
3.392174e+003,9.479868e+001
3.392656e+003,9.482577e+001
3.393138e+003,9.485497e+001
3.393620e+003,9.488312e+001
3.394102e+003,9.490783e+001
3.394584e+003,9.492762e+001
3.395066e+003,9.494170e+001
3.395549e+003,9.494957e+001
3.396031e+003,9.495084e+001
3.396513e+003,9.494529e+001
3.396995e+003,9.493309e+001
3.397477e+003,9.491489e+001
3.397959e+003,9.489197e+001
3.398441e+003,9.486617e+001
3.398923e+003,9.483951e+001
3.399406e+003,9.481418e+001
3.399888e+003,9.479224e+001
3.400370e+003,9.477563e+001
3.400852e+003,9.476608e+001
3.401334e+003,9.476488e+001
3.401816e+003,9.477246e+001
3.402298e+003,9.478802e+001
3.402780e+003,9.480911e+001
3.403262e+003,9.483183e+001
3.403745e+003,9.485143e+001
3.404227e+003,9.486347e+001
3.404709e+003,9.486510e+001
3.405191e+003,9.485597e+001
3.405673e+003,9.483855e+001
3.406155e+003,9.481754e+001
3.406637e+003,9.479852e+001
3.407119e+003,9.478652e+001
3.407602e+003,9.478471e+001
3.408083e+003,9.479369e+001
3.408566e+003,9.481167e+001
3.409048e+003,9.483500e+001
3.409530e+003,9.485938e+001
3.410012e+003,9.488085e+001
3.410494e+003,9.489833e+001
3.410976e+003,9.490754e+001
3.411458e+003,9.490881e+001
3.411940e+003,9.490417e+001
3.412423e+003,9.489658e+001
3.412905e+003,9.488865e+001
3.413387e+003,9.488198e+001
3.413869e+003,9.487663e+001
3.414351e+003,9.487143e+001
3.414833e+003,9.486491e+001
3.415315e+003,9.485589e+001
3.415797e+003,9.484414e+001
3.416280e+003,9.483041e+001
3.416762e+003,9.481604e+001
3.417244e+003,9.480254e+001
3.417726e+003,9.479107e+001
3.418208e+003,9.478250e+001
3.418690e+003,9.477735e+001
3.419172e+003,9.477612e+001
3.419654e+003,9.477932e+001
3.420136e+003,9.478719e+001
3.420619e+003,9.479917e+001
3.421101e+003,9.481354e+001
3.421583e+003,9.482738e+001
3.422065e+003,9.483707e+001
3.422547e+003,9.483919e+001
3.423029e+003,9.483159e+001
3.423511e+003,9.481407e+001
3.423993e+003,9.478851e+001
3.424476e+003,9.475818e+001
3.424958e+003,9.472693e+001
3.425440e+003,9.469810e+001
3.425922e+003,9.467398e+001
3.426404e+003,9.465535e+001
3.426886e+003,9.464201e+001
3.427368e+003,9.463330e+001
3.427850e+003,9.462873e+001
3.428333e+003,9.462830e+001
3.428815e+003,9.463238e+001
3.429297e+003,9.464153e+001
3.429779e+003,9.465573e+001
3.430261e+003,9.467418e+001
3.430743e+003,9.469520e+001
3.431225e+003,9.471644e+001
3.431707e+003,9.473553e+001
3.432189e+003,9.475105e+001
3.432672e+003,9.476287e+001
3.433154e+003,9.477255e+001
3.433636e+003,9.478280e+001
3.434118e+003,9.479645e+001
3.434600e+003,9.481548e+001
3.435082e+003,9.484000e+001
3.435564e+003,9.486786e+001
3.436046e+003,9.489522e+001
3.436529e+003,9.491753e+001
3.437010e+003,9.493095e+001
3.437493e+003,9.493350e+001
3.437975e+003,9.492542e+001
3.438457e+003,9.490862e+001
3.438939e+003,9.488579e+001
3.439421e+003,9.485919e+001
3.439903e+003,9.483003e+001
3.440385e+003,9.479873e+001
3.440867e+003,9.476565e+001
3.441350e+003,9.473205e+001
3.441832e+003,9.470061e+001
3.442314e+003,9.467497e+001
3.442796e+003,9.465840e+001
3.443278e+003,9.465230e+001
3.443760e+003,9.465517e+001
3.444242e+003,9.466293e+001
3.444724e+003,9.467023e+001
3.445207e+003,9.467268e+001
3.445689e+003,9.466885e+001
3.446171e+003,9.466129e+001
3.446653e+003,9.465593e+001
3.447135e+003,9.465974e+001
3.447617e+003,9.467777e+001
3.448099e+003,9.471079e+001
3.448581e+003,9.475483e+001
3.449063e+003,9.480263e+001
3.449546e+003,9.484621e+001
3.450028e+003,9.487928e+001
3.450510e+003,9.489861e+001
3.450992e+003,9.490430e+001
3.451474e+003,9.489889e+001
3.451956e+003,9.488593e+001
3.452438e+003,9.486848e+001
3.452920e+003,9.484846e+001
3.453403e+003,9.482661e+001
3.453885e+003,9.480307e+001
3.454367e+003,9.477823e+001
3.454849e+003,9.475310e+001
3.455331e+003,9.472946e+001
3.455813e+003,9.470952e+001
3.456295e+003,9.469532e+001
3.456777e+003,9.468833e+001
3.457260e+003,9.468917e+001
3.457742e+003,9.469727e+001
3.458224e+003,9.471077e+001
3.458706e+003,9.472669e+001
3.459188e+003,9.474104e+001
3.459670e+003,9.474980e+001
3.460152e+003,9.474998e+001
3.460634e+003,9.474088e+001
3.461116e+003,9.472482e+001
3.461599e+003,9.470689e+001
3.462081e+003,9.469358e+001
3.462563e+003,9.469064e+001
3.463045e+003,9.470097e+001
3.463527e+003,9.472335e+001
3.464009e+003,9.475264e+001
3.464491e+003,9.478178e+001
3.464973e+003,9.480395e+001
3.465456e+003,9.481506e+001
3.465938e+003,9.481469e+001
3.466420e+003,9.480575e+001
3.466902e+003,9.479282e+001
3.467384e+003,9.478006e+001
3.467866e+003,9.476962e+001
3.468348e+003,9.476144e+001
3.468830e+003,9.475411e+001
3.469313e+003,9.474640e+001
3.469794e+003,9.473837e+001
3.470277e+003,9.473183e+001
3.470759e+003,9.472937e+001
3.471241e+003,9.473300e+001
3.471723e+003,9.474278e+001
3.472205e+003,9.475644e+001
3.472687e+003,9.477005e+001
3.473169e+003,9.477946e+001
3.473651e+003,9.478197e+001
3.474134e+003,9.477736e+001
3.474616e+003,9.476778e+001
3.475098e+003,9.475696e+001
3.475580e+003,9.474871e+001
3.476062e+003,9.474562e+001
3.476544e+003,9.474859e+001
3.477026e+003,9.475699e+001
3.477508e+003,9.476914e+001
3.477990e+003,9.478297e+001
3.478473e+003,9.479626e+001
3.478955e+003,9.480682e+001
3.479437e+003,9.481248e+001
3.479919e+003,9.481140e+001
3.480401e+003,9.480258e+001
3.480883e+003,9.478668e+001
3.481365e+003,9.476648e+001
3.481847e+003,9.474660e+001
3.482330e+003,9.473263e+001
3.482812e+003,9.472955e+001
3.483294e+003,9.474036e+001
3.483776e+003,9.476501e+001
3.484258e+003,9.480042e+001
3.484740e+003,9.484093e+001
3.485222e+003,9.487947e+001
3.485704e+003,9.490875e+001
3.486187e+003,9.492274e+001
3.486669e+003,9.491782e+001
3.487151e+003,9.489362e+001
3.487633e+003,9.485298e+001
3.488115e+003,9.480173e+001
3.488597e+003,9.474758e+001
3.489079e+003,9.469884e+001
3.489561e+003,9.466308e+001
3.490043e+003,9.464576e+001
3.490526e+003,9.464919e+001
3.491008e+003,9.467228e+001
3.491490e+003,9.471032e+001
3.491972e+003,9.475620e+001
3.492454e+003,9.480128e+001
3.492936e+003,9.483714e+001
3.493418e+003,9.485689e+001
3.493900e+003,9.485669e+001
3.494383e+003,9.483646e+001
3.494865e+003,9.480019e+001
3.495347e+003,9.475539e+001
3.495829e+003,9.471167e+001
3.496311e+003,9.467870e+001
3.496793e+003,9.466389e+001
3.497275e+003,9.467049e+001
3.497757e+003,9.469649e+001
3.498240e+003,9.473513e+001
3.498721e+003,9.477670e+001
3.499204e+003,9.481091e+001
3.499686e+003,9.482941e+001
3.500168e+003,9.482772e+001
3.500650e+003,9.480551e+001
3.501132e+003,9.476619e+001
3.501614e+003,9.471560e+001
3.502096e+003,9.466060e+001
3.502578e+003,9.460812e+001
3.503061e+003,9.456464e+001
3.503543e+003,9.453607e+001
3.504025e+003,9.452740e+001
3.504507e+003,9.454185e+001
3.504989e+003,9.457980e+001
3.505471e+003,9.463760e+001
3.505953e+003,9.470719e+001
3.506435e+003,9.477656e+001
3.506917e+003,9.483189e+001
3.507400e+003,9.486090e+001
3.507882e+003,9.485664e+001
3.508364e+003,9.482043e+001
3.508846e+003,9.476247e+001
3.509328e+003,9.469912e+001
3.509810e+003,9.464805e+001
3.510292e+003,9.462286e+001
3.510774e+003,9.462968e+001
3.511257e+003,9.466628e+001
3.511739e+003,9.472413e+001
3.512221e+003,9.479160e+001
3.512703e+003,9.485756e+001
3.513185e+003,9.491361e+001
3.513667e+003,9.495524e+001
3.514149e+003,9.498116e+001
3.514631e+003,9.499222e+001
3.515114e+003,9.498990e+001
3.515596e+003,9.497556e+001
3.516078e+003,9.495052e+001
3.516560e+003,9.491669e+001
3.517042e+003,9.487724e+001
3.517524e+003,9.483688e+001
3.518006e+003,9.480095e+001
3.518488e+003,9.477437e+001
3.518970e+003,9.475979e+001
3.519453e+003,9.475652e+001
3.519935e+003,9.476044e+001
3.520417e+003,9.476476e+001
3.520899e+003,9.476195e+001
3.521381e+003,9.474619e+001
3.521863e+003,9.471548e+001
3.522345e+003,9.467284e+001
3.522827e+003,9.462561e+001
3.523310e+003,9.458339e+001
3.523792e+003,9.455461e+001
3.524274e+003,9.454382e+001
3.524756e+003,9.455033e+001
3.525238e+003,9.456916e+001
3.525720e+003,9.459339e+001
3.526202e+003,9.461715e+001
3.526684e+003,9.463759e+001
3.527167e+003,9.465550e+001
3.527648e+003,9.467405e+001
3.528131e+003,9.469614e+001
3.528613e+003,9.472184e+001
3.529095e+003,9.474746e+001
3.529577e+003,9.476643e+001
3.530059e+003,9.477228e+001
3.530541e+003,9.476153e+001
3.531023e+003,9.473598e+001
3.531505e+003,9.470241e+001
3.531988e+003,9.467056e+001
3.532470e+003,9.464977e+001
3.532952e+003,9.464601e+001
3.533434e+003,9.466011e+001
3.533916e+003,9.468804e+001
3.534398e+003,9.472284e+001
3.534880e+003,9.475734e+001
3.535362e+003,9.478668e+001
3.535844e+003,9.480949e+001
3.536327e+003,9.482718e+001
3.536809e+003,9.484211e+001
3.537291e+003,9.485599e+001
3.537773e+003,9.486882e+001
3.538255e+003,9.487962e+001
3.538737e+003,9.488717e+001
3.539219e+003,9.489083e+001
3.539701e+003,9.489051e+001
3.540184e+003,9.488614e+001
3.540666e+003,9.487675e+001
3.541148e+003,9.486010e+001
3.541630e+003,9.483287e+001
3.542112e+003,9.479192e+001
3.542594e+003,9.473560e+001
3.543076e+003,9.466498e+001
3.543558e+003,9.458410e+001
3.544041e+003,9.449921e+001
3.544523e+003,9.441778e+001
3.545005e+003,9.434704e+001
3.545487e+003,9.429346e+001
3.545969e+003,9.426269e+001
3.546451e+003,9.425939e+001
3.546933e+003,9.428647e+001
3.547415e+003,9.434369e+001
3.547897e+003,9.442622e+001
3.548380e+003,9.452419e+001
3.548862e+003,9.462332e+001
3.549344e+003,9.470699e+001
3.549826e+003,9.475875e+001
3.550308e+003,9.476602e+001
3.550790e+003,9.472362e+001
3.551272e+003,9.463628e+001
3.551754e+003,9.451889e+001
3.552237e+003,9.439342e+001
3.552719e+003,9.428339e+001
3.553201e+003,9.420862e+001
3.553683e+003,9.418187e+001
3.554165e+003,9.420844e+001
3.554647e+003,9.428697e+001
3.555129e+003,9.441039e+001
3.555611e+003,9.456649e+001
3.556094e+003,9.473827e+001
3.556575e+003,9.490484e+001
3.557058e+003,9.504354e+001
3.557540e+003,9.513342e+001
3.558022e+003,9.515926e+001
3.558504e+003,9.511504e+001
3.558986e+003,9.500595e+001
3.559468e+003,9.484737e+001
3.559950e+003,9.466193e+001
3.560432e+003,9.447495e+001
3.560915e+003,9.430966e+001
3.561397e+003,9.418402e+001
3.561879e+003,9.410859e+001
3.562361e+003,9.408616e+001
3.562843e+003,9.411198e+001
3.563325e+003,9.417475e+001
3.563807e+003,9.425796e+001
3.564289e+003,9.434204e+001
3.564771e+003,9.440787e+001
3.565254e+003,9.444181e+001
3.565736e+003,9.444176e+001
3.566218e+003,9.442130e+001
3.566700e+003,9.440831e+001
3.567182e+003,9.443484e+001
3.567664e+003,9.452251e+001
3.568146e+003,9.467194e+001
3.568628e+003,9.486340e+001
3.569111e+003,9.506622e+001
3.569593e+003,9.524892e+001
3.570075e+003,9.538552e+001
3.570557e+003,9.545744e+001
3.571039e+003,9.545406e+001
3.571521e+003,9.537298e+001
3.572003e+003,9.522036e+001
3.572485e+003,9.501092e+001
3.572968e+003,9.476696e+001
3.573450e+003,9.451618e+001
3.573932e+003,9.428809e+001
3.574414e+003,9.411026e+001
3.574896e+003,9.400423e+001
3.575378e+003,9.398244e+001
3.575860e+003,9.404603e+001
3.576342e+003,9.418484e+001
3.576824e+003,9.437865e+001
3.577307e+003,9.460009e+001
3.577789e+003,9.481859e+001
3.578271e+003,9.500469e+001
3.578753e+003,9.513422e+001
3.579235e+003,9.519192e+001
3.579717e+003,9.517404e+001
3.580199e+003,9.508919e+001
3.580681e+003,9.495760e+001
3.581164e+003,9.480811e+001
3.581646e+003,9.467363e+001
3.582128e+003,9.458501e+001
3.582610e+003,9.456489e+001
3.583092e+003,9.462263e+001
3.583574e+003,9.475167e+001
3.584056e+003,9.492997e+001
3.584538e+003,9.512385e+001
3.585021e+003,9.529497e+001
3.585502e+003,9.540981e+001
3.585985e+003,9.545022e+001
3.586467e+003,9.542178e+001
3.586949e+003,9.535551e+001
3.587431e+003,9.529847e+001
3.587913e+003,9.529548e+001
3.588395e+003,9.537115e+001
3.588877e+003,9.552293e+001
3.589359e+003,9.572662e+001
3.589842e+003,9.594730e+001
3.590324e+003,9.614812e+001
3.590806e+003,9.629476e+001
3.591288e+003,9.635776e+001
3.591770e+003,9.631539e+001
3.592252e+003,9.615820e+001
3.592734e+003,9.589375e+001
3.593216e+003,9.554896e+001
3.593698e+003,9.516750e+001
3.594181e+003,9.480177e+001
3.594663e+003,9.450159e+001
3.595145e+003,9.430428e+001
3.595627e+003,9.422861e+001
3.596109e+003,9.427447e+001
3.596591e+003,9.442603e+001
3.597073e+003,9.465696e+001
3.597555e+003,9.493562e+001
3.598038e+003,9.522903e+001
3.598520e+003,9.550623e+001
3.599002e+003,9.574102e+001
3.599484e+003,9.591482e+001
3.599966e+003,9.601923e+001
3.600448e+003,9.605720e+001
3.600930e+003,9.604136e+001
3.601412e+003,9.598982e+001
3.601895e+003,9.592030e+001
3.602377e+003,9.584540e+001
3.602859e+003,9.577048e+001
3.603341e+003,9.569451e+001
3.603823e+003,9.561325e+001
3.604305e+003,9.552296e+001
3.604787e+003,9.542313e+001
3.605269e+003,9.531739e+001
3.605751e+003,9.521216e+001
3.606234e+003,9.511429e+001
3.606716e+003,9.502885e+001
3.607198e+003,9.495876e+001
3.607680e+003,9.490611e+001
3.608162e+003,9.487426e+001
3.608644e+003,9.486858e+001
3.609126e+003,9.489524e+001
3.609608e+003,9.495868e+001
3.610091e+003,9.505843e+001
3.610573e+003,9.518530e+001
3.611055e+003,9.531796e+001
3.611537e+003,9.542251e+001
3.612019e+003,9.545837e+001
3.612501e+003,9.539107e+001
3.612983e+003,9.520750e+001
3.613465e+003,9.492540e+001
3.613948e+003,9.459097e+001
3.614429e+003,9.426632e+001
3.614912e+003,9.401440e+001
3.615394e+003,9.388680e+001
3.615876e+003,9.391641e+001
3.616358e+003,9.411347e+001
3.616840e+003,9.446433e+001
3.617322e+003,9.493253e+001
3.617804e+003,9.546335e+001
3.618286e+003,9.599262e+001
3.618769e+003,9.645960e+001
3.619251e+003,9.682027e+001
3.619733e+003,9.705542e+001
3.620215e+003,9.717018e+001
3.620697e+003,9.718575e+001
3.621179e+003,9.712843e+001
3.621661e+003,9.702065e+001
3.622143e+003,9.687657e+001
3.622625e+003,9.670280e+001
3.623108e+003,9.650278e+001
3.623590e+003,9.628248e+001
3.624072e+003,9.605436e+001
3.624554e+003,9.583701e+001
3.625036e+003,9.564995e+001
3.625518e+003,9.550607e+001
3.626000e+003,9.540587e+001
3.626482e+003,9.533655e+001
3.626965e+003,9.527837e+001
3.627447e+003,9.521825e+001
3.627929e+003,9.516857e+001
3.628411e+003,9.518119e+001
3.628893e+003,9.533444e+001
3.629375e+003,9.568259e+001
3.629857e+003,9.620575e+001
3.630339e+003,9.681408e+001
3.630822e+003,9.739497e+001
3.631304e+003,9.785248e+001
3.631786e+003,9.811989e+001
3.632268e+003,9.816002e+001
3.632750e+003,9.796752e+001
3.633232e+003,9.757301e+001
3.633714e+003,9.704033e+001
3.634196e+003,9.645149e+001
3.634678e+003,9.588380e+001
3.635161e+003,9.539174e+001
3.635643e+003,9.500223e+001
3.636125e+003,9.472227e+001
3.636607e+003,9.455142e+001
3.637089e+003,9.449151e+001
3.637571e+003,9.454895e+001
3.638053e+003,9.472857e+001
3.638535e+003,9.502216e+001
3.639018e+003,9.539681e+001
3.639500e+003,9.579091e+001
3.639982e+003,9.612153e+001
3.640464e+003,9.630390e+001
3.640946e+003,9.627753e+001
3.641428e+003,9.602905e+001
3.641910e+003,9.560048e+001
3.642392e+003,9.507758e+001
3.642875e+003,9.456344e+001
3.643356e+003,9.414931e+001
3.643839e+003,9.389399e+001
3.644321e+003,9.381599e+001
3.644803e+003,9.389662e+001
3.645285e+003,9.409029e+001
3.645767e+003,9.433913e+001
3.646249e+003,9.458968e+001
3.646731e+003,9.480762e+001
3.647213e+003,9.498498e+001
3.647696e+003,9.513517e+001
3.648178e+003,9.527866e+001
3.648660e+003,9.542818e+001
3.649142e+003,9.558382e+001
3.649624e+003,9.573925e+001
3.650106e+003,9.589086e+001
3.650588e+003,9.604010e+001
3.651070e+003,9.618777e+001
3.651552e+003,9.632790e+001
3.652035e+003,9.644575e+001
3.652517e+003,9.651750e+001
3.652999e+003,9.650915e+001
3.653481e+003,9.637709e+001
3.653963e+003,9.607626e+001
3.654445e+003,9.557908e+001
3.654927e+003,9.490131e+001
3.655409e+003,9.412160e+001
3.655892e+003,9.337582e+001
3.656374e+003,9.281776e+001
3.656856e+003,9.256396e+001
3.657338e+003,9.265600e+001
3.657820e+003,9.305692e+001
3.658302e+003,9.367268e+001
3.658784e+003,9.438008e+001
3.659266e+003,9.505266e+001
3.659749e+003,9.558418e+001
3.660231e+003,9.590869e+001
3.660713e+003,9.601163e+001
3.661195e+003,9.592648e+001
3.661677e+003,9.571715e+001
3.662159e+003,9.545400e+001
3.662641e+003,9.519393e+001
3.663123e+003,9.497079e+001
3.663605e+003,9.479712e+001
3.664088e+003,9.467257e+001
3.664570e+003,9.459408e+001
3.665052e+003,9.456230e+001
3.665534e+003,9.458222e+001
3.666016e+003,9.465797e+001
3.666498e+003,9.478461e+001
3.666980e+003,9.494086e+001
3.667462e+003,9.508655e+001
3.667945e+003,9.516859e+001
3.668427e+003,9.513729e+001
3.668909e+003,9.497124e+001
3.669391e+003,9.470026e+001
3.669873e+003,9.440730e+001
3.670355e+003,9.419703e+001
3.670837e+003,9.414780e+001
3.671319e+003,9.428352e+001
3.671802e+003,9.457903e+001
3.672283e+003,9.498000e+001
3.672766e+003,9.541688e+001
3.673248e+003,9.581004e+001
3.673730e+003,9.607686e+001
3.674212e+003,9.615186e+001
3.674694e+003,9.602398e+001
3.675176e+003,9.576796e+001
3.675658e+003,9.552119e+001
3.676140e+003,9.539821e+001
3.676623e+003,9.542713e+001
3.677105e+003,9.556903e+001
3.677587e+003,9.577175e+001
3.678069e+003,9.599766e+001
3.678551e+003,9.622363e+001
3.679033e+003,9.643272e+001
3.679515e+003,9.660818e+001
3.679997e+003,9.672995e+001
3.680479e+003,9.677303e+001
3.680962e+003,9.670940e+001
3.681444e+003,9.651456e+001
3.681926e+003,9.617807e+001
3.682408e+003,9.571381e+001
3.682890e+003,9.516576e+001
3.683372e+003,9.460546e+001
3.683854e+003,9.411955e+001
3.684336e+003,9.379057e+001
3.684819e+003,9.367790e+001
3.685301e+003,9.380522e+001
3.685783e+003,9.415613e+001
3.686265e+003,9.467625e+001
3.686747e+003,9.528067e+001
3.687229e+003,9.586931e+001
3.687711e+003,9.635265e+001
3.688193e+003,9.668251e+001
3.688676e+003,9.687018e+001
3.689158e+003,9.697578e+001
3.689640e+003,9.707362e+001
3.690122e+003,9.721867e+001
3.690604e+003,9.743002e+001
3.691086e+003,9.769261e+001
3.691568e+003,9.796812e+001
3.692050e+003,9.820937e+001
3.692532e+003,9.837363e+001
3.693015e+003,9.843108e+001
3.693497e+003,9.836694e+001
3.693979e+003,9.817850e+001
3.694461e+003,9.787136e+001
3.694943e+003,9.745850e+001
3.695425e+003,9.696357e+001
3.695907e+003,9.642533e+001
3.696389e+003,9.589815e+001
3.696872e+003,9.544527e+001
3.697354e+003,9.512646e+001
3.697836e+003,9.498499e+001
3.698318e+003,9.503808e+001
3.698800e+003,9.527257e+001
3.699282e+003,9.564491e+001
3.699764e+003,9.608636e+001
3.700246e+003,9.651512e+001
3.700729e+003,9.685526e+001
3.701211e+003,9.705801e+001
3.701693e+003,9.711512e+001
3.702175e+003,9.705656e+001
3.702657e+003,9.693369e+001
3.703139e+003,9.679839e+001
3.703621e+003,9.668845e+001
3.704103e+003,9.662220e+001
3.704585e+003,9.660027e+001
3.705068e+003,9.661118e+001
3.705550e+003,9.663714e+001
3.706032e+003,9.665948e+001
3.706514e+003,9.666255e+001
3.706996e+003,9.663630e+001
3.707478e+003,9.657738e+001
3.707960e+003,9.648940e+001
3.708442e+003,9.638201e+001
3.708925e+003,9.626915e+001
3.709406e+003,9.616634e+001
3.709889e+003,9.608784e+001
3.710371e+003,9.604388e+001
3.710853e+003,9.603892e+001
3.711335e+003,9.607127e+001
3.711817e+003,9.613417e+001
3.712299e+003,9.621780e+001
3.712781e+003,9.631169e+001
3.713263e+003,9.640600e+001
3.713746e+003,9.649057e+001
3.714228e+003,9.655173e+001
3.714710e+003,9.656947e+001
3.715192e+003,9.651807e+001
3.715674e+003,9.637233e+001
3.716156e+003,9.611829e+001
3.716638e+003,9.576469e+001
3.717120e+003,9.534915e+001
3.717603e+003,9.493385e+001
3.718085e+003,9.459061e+001
3.718567e+003,9.438038e+001
3.719049e+003,9.433628e+001
3.719531e+003,9.445654e+001
3.720013e+003,9.470876e+001
3.720495e+003,9.504315e+001
3.720977e+003,9.540971e+001
3.721459e+003,9.577306e+001
3.721942e+003,9.611905e+001
3.722424e+003,9.645020e+001
3.722906e+003,9.677282e+001
3.723388e+003,9.708379e+001
3.723870e+003,9.736460e+001
3.724352e+003,9.758524e+001
3.724834e+003,9.771580e+001
3.725316e+003,9.773978e+001
3.725799e+003,9.766284e+001
3.726281e+003,9.751186e+001
3.726763e+003,9.732240e+001
3.727245e+003,9.712167e+001
3.727727e+003,9.691695e+001
3.728209e+003,9.669544e+001
3.728691e+003,9.643436e+001
3.729173e+003,9.611436e+001
3.729656e+003,9.573176e+001
3.730138e+003,9.530701e+001
3.730620e+003,9.488763e+001
3.731102e+003,9.454341e+001
3.731584e+003,9.435111e+001
3.732066e+003,9.437030e+001
3.732548e+003,9.461881e+001
3.733030e+003,9.506078e+001
3.733512e+003,9.561375e+001
3.733995e+003,9.617208e+001
3.734477e+003,9.663716e+001
3.734959e+003,9.694553e+001
3.735441e+003,9.708552e+001
3.735923e+003,9.709179e+001
3.736405e+003,9.701811e+001
3.736887e+003,9.690619e+001
3.737369e+003,9.677221e+001
3.737852e+003,9.661323e+001
3.738333e+003,9.642117e+001
3.738816e+003,9.619571e+001
3.739298e+003,9.595287e+001
3.739780e+003,9.572749e+001
3.740262e+003,9.556689e+001
3.740744e+003,9.551654e+001
3.741226e+003,9.560274e+001
3.741708e+003,9.581828e+001
3.742190e+003,9.611373e+001
3.742673e+003,9.639762e+001
3.743155e+003,9.655293e+001
3.743637e+003,9.648586e+001
3.744119e+003,9.620004e+001
3.744601e+003,9.582704e+001
3.745083e+003,9.554754e+001
3.745565e+003,9.547755e+001
3.746047e+003,9.563957e+001
3.746530e+003,9.600100e+001
3.747012e+003,9.650553e+001
3.747494e+003,9.707924e+001
3.747976e+003,9.763096e+001
3.748458e+003,9.806379e+001
3.748940e+003,9.830155e+001
3.749422e+003,9.831814e+001
3.749904e+003,9.814879e+001
3.750386e+003,9.787094e+001
3.750869e+003,9.756871e+001
3.751351e+003,9.730547e+001
3.751833e+003,9.711725e+001
3.752315e+003,9.701891e+001
3.752797e+003,9.701264e+001
3.753279e+003,9.709256e+001
3.753761e+003,9.724501e+001
3.754243e+003,9.744679e+001
3.754726e+003,9.766135e+001
3.755208e+003,9.783775e+001
3.755690e+003,9.791574e+001
3.756172e+003,9.784023e+001
3.756654e+003,9.758183e+001
3.757136e+003,9.715382e+001
3.757618e+003,9.661466e+001
3.758100e+003,9.605282e+001
3.758583e+003,9.556203e+001
3.759065e+003,9.521906e+001
3.759547e+003,9.507048e+001
3.760029e+003,9.512830e+001
3.760511e+003,9.537155e+001
3.760993e+003,9.575265e+001
3.761475e+003,9.620786e+001
3.761957e+003,9.666827e+001
3.762439e+003,9.706763e+001
3.762922e+003,9.734592e+001
3.763404e+003,9.745398e+001
3.763886e+003,9.736455e+001
3.764368e+003,9.708929e+001
3.764850e+003,9.669042e+001
3.765332e+003,9.627155e+001
3.765814e+003,9.594587e+001
3.766296e+003,9.579884e+001
3.766779e+003,9.586572e+001
3.767260e+003,9.612878e+001
3.767743e+003,9.652637e+001
3.768225e+003,9.696877e+001
3.768707e+003,9.736005e+001
3.769189e+003,9.762608e+001
3.769671e+003,9.773795e+001
3.770153e+003,9.771690e+001
3.770635e+003,9.761551e+001
3.771117e+003,9.748798e+001
3.771600e+003,9.736804e+001
3.772082e+003,9.726167e+001
3.772564e+003,9.715282e+001
3.773046e+003,9.701615e+001
3.773528e+003,9.683124e+001
3.774010e+003,9.659358e+001
3.774492e+003,9.631823e+001
3.774974e+003,9.603479e+001
3.775457e+003,9.577604e+001
3.775939e+003,9.556544e+001
3.776421e+003,9.540887e+001
3.776903e+003,9.529388e+001
3.777385e+003,9.519704e+001
3.777867e+003,9.509631e+001
3.778349e+003,9.498376e+001
3.778831e+003,9.487322e+001
3.779313e+003,9.479626e+001
3.779796e+003,9.478642e+001
3.780278e+003,9.485979e+001
3.780760e+003,9.500459e+001
3.781242e+003,9.518568e+001
3.781724e+003,9.535879e+001
3.782206e+003,9.548551e+001
3.782688e+003,9.554382e+001
3.783170e+003,9.553231e+001
3.783653e+003,9.546871e+001
3.784135e+003,9.538165e+001
3.784617e+003,9.529758e+001
3.785099e+003,9.522839e+001
3.785581e+003,9.516729e+001
3.786063e+003,9.509624e+001
3.786545e+003,9.500096e+001
3.787027e+003,9.488470e+001
3.787510e+003,9.477334e+001
3.787992e+003,9.470905e+001
3.788474e+003,9.473499e+001
3.788956e+003,9.487659e+001
3.789438e+003,9.512707e+001
3.789920e+003,9.544238e+001
3.790402e+003,9.574961e+001
3.790884e+003,9.596735e+001
3.791366e+003,9.603238e+001
3.791849e+003,9.592210e+001
3.792331e+003,9.566093e+001
3.792813e+003,9.530855e+001
3.793295e+003,9.493595e+001
3.793777e+003,9.460199e+001
3.794259e+003,9.433897e+001
3.794741e+003,9.415104e+001
3.795223e+003,9.402360e+001
3.795706e+003,9.393913e+001
3.796188e+003,9.389165e+001
3.796670e+003,9.389029e+001
3.797152e+003,9.395171e+001
3.797634e+003,9.408746e+001
3.798116e+003,9.429382e+001
3.798598e+003,9.454518e+001
3.799080e+003,9.479076e+001
3.799563e+003,9.495824e+001
3.800044e+003,9.497161e+001
3.800527e+003,9.478742e+001
3.801009e+003,9.443712e+001
3.801491e+003,9.403828e+001
3.801973e+003,9.374641e+001
3.802455e+003,9.367807e+001
3.802937e+003,9.386954e+001
3.803419e+003,9.428757e+001
3.803901e+003,9.485702e+001
3.804384e+003,9.547861e+001
3.804866e+003,9.603864e+001
3.805348e+003,9.642433e+001
3.805830e+003,9.655444e+001
3.806312e+003,9.641725e+001
3.806794e+003,9.608908e+001
3.807276e+003,9.570425e+001
3.807758e+003,9.538839e+001
3.808240e+003,9.520532e+001
3.808723e+003,9.514980e+001
3.809205e+003,9.517255e+001
3.809687e+003,9.521118e+001
3.810169e+003,9.521414e+001
3.810651e+003,9.515667e+001
3.811133e+003,9.504665e+001
3.811615e+003,9.491745e+001
3.812097e+003,9.480995e+001
3.812580e+003,9.475173e+001
3.813062e+003,9.474268e+001
3.813544e+003,9.475210e+001
3.814026e+003,9.472834e+001
3.814508e+003,9.462064e+001
3.814990e+003,9.441003e+001
3.815472e+003,9.413571e+001
3.815954e+003,9.389223e+001
3.816437e+003,9.378622e+001
3.816919e+003,9.388366e+001
3.817401e+003,9.418884e+001
3.817883e+003,9.465756e+001
3.818365e+003,9.521735e+001
3.818847e+003,9.577910e+001
3.819329e+003,9.624502e+001
3.819811e+003,9.652496e+001
3.820293e+003,9.656817e+001
3.820776e+003,9.639674e+001
3.821258e+003,9.610648e+001
3.821740e+003,9.581665e+001
3.822222e+003,9.560965e+001
3.822704e+003,9.551279e+001
3.823186e+003,9.551815e+001
3.823668e+003,9.560487e+001
3.824150e+003,9.574771e+001
3.824633e+003,9.591808e+001
3.825115e+003,9.608496e+001
3.825597e+003,9.621856e+001
3.826079e+003,9.629467e+001
3.826561e+003,9.629600e+001
3.827043e+003,9.621043e+001
3.827525e+003,9.602989e+001
3.828007e+003,9.575388e+001
3.828490e+003,9.539538e+001
3.828971e+003,9.498414e+001
3.829454e+003,9.456424e+001
3.829936e+003,9.418713e+001
3.830418e+003,9.390121e+001
3.830900e+003,9.374004e+001
3.831382e+003,9.371152e+001
3.831864e+003,9.379259e+001
3.832346e+003,9.393459e+001
3.832828e+003,9.408031e+001
3.833311e+003,9.418636e+001
3.833793e+003,9.424003e+001
3.834275e+003,9.426261e+001
3.834757e+003,9.429848e+001
3.835239e+003,9.439487e+001
3.835721e+003,9.458047e+001
3.836203e+003,9.485051e+001
3.836685e+003,9.516435e+001
3.837167e+003,9.545895e+001
3.837650e+003,9.567561e+001
3.838132e+003,9.578751e+001
3.838614e+003,9.581164e+001
3.839096e+003,9.579786e+001
3.839578e+003,9.580403e+001
3.840060e+003,9.587263e+001
3.840542e+003,9.601849e+001
3.841024e+003,9.622810e+001
3.841507e+003,9.646629e+001
3.841989e+003,9.668725e+001
3.842471e+003,9.684608e+001
3.842953e+003,9.690880e+001
3.843435e+003,9.685762e+001
3.843917e+003,9.669041e+001
3.844399e+003,9.641613e+001
3.844881e+003,9.604893e+001
3.845364e+003,9.560538e+001
3.845846e+003,9.510414e+001
3.846328e+003,9.456727e+001
3.846810e+003,9.402128e+001
3.847292e+003,9.349654e+001
3.847774e+003,9.302538e+001
3.848256e+003,9.263930e+001
3.848738e+003,9.236566e+001
3.849220e+003,9.222467e+001
3.849703e+003,9.222747e+001
3.850185e+003,9.237691e+001
3.850667e+003,9.267062e+001
3.851149e+003,9.310572e+001
3.851631e+003,9.368121e+001
3.852113e+003,9.439504e+001
3.852595e+003,9.523624e+001
3.853077e+003,9.617705e+001
3.853560e+003,9.716100e+001
3.854042e+003,9.808926e+001
3.854524e+003,9.883840e+001
3.855006e+003,9.931938e+001
3.855488e+003,9.951795e+001
3.855970e+003,9.948116e+001
3.856452e+003,9.927749e+001
3.856934e+003,9.896535e+001
3.857417e+003,9.857935e+001
3.857898e+003,9.813010e+001
3.858381e+003,9.761206e+001
3.858863e+003,9.701553e+001
3.859345e+003,9.633957e+001
3.859827e+003,9.560276e+001
3.860309e+003,9.484845e+001
3.860791e+003,9.414175e+001
3.861273e+003,9.355789e+001
3.861755e+003,9.316432e+001
3.862238e+003,9.300201e+001
3.862720e+003,9.307283e+001
3.863202e+003,9.333713e+001
3.863684e+003,9.372278e+001
3.864166e+003,9.414443e+001
3.864648e+003,9.452784e+001
3.865130e+003,9.482934e+001
3.865612e+003,9.504222e+001
3.866094e+003,9.518931e+001
3.866577e+003,9.530821e+001
3.867059e+003,9.543526e+001
3.867541e+003,9.559196e+001
3.868023e+003,9.577686e+001
3.868505e+003,9.596770e+001
3.868987e+003,9.613669e+001
3.869469e+003,9.627316e+001
3.869951e+003,9.639201e+001
3.870434e+003,9.651545e+001
3.870916e+003,9.665034e+001
3.871398e+003,9.678818e+001
3.871880e+003,9.691845e+001
3.872362e+003,9.703457e+001
3.872844e+003,9.713064e+001
3.873326e+003,9.719901e+001
3.873808e+003,9.723202e+001
3.874291e+003,9.722389e+001
3.874773e+003,9.716783e+001
3.875255e+003,9.705212e+001
3.875737e+003,9.686218e+001
3.876219e+003,9.658777e+001
3.876701e+003,9.622847e+001
3.877183e+003,9.579491e+001
3.877665e+003,9.530772e+001
3.878147e+003,9.479768e+001
3.878630e+003,9.430625e+001
3.879112e+003,9.388499e+001
3.879594e+003,9.359013e+001
3.880076e+003,9.347005e+001
3.880558e+003,9.354753e+001
3.881040e+003,9.380550e+001
3.881522e+003,9.418813e+001
3.882004e+003,9.461944e+001
3.882487e+003,9.502706e+001
3.882969e+003,9.535802e+001
3.883451e+003,9.558245e+001
3.883933e+003,9.569139e+001
3.884415e+003,9.569582e+001
3.884897e+003,9.562910e+001
3.885379e+003,9.554527e+001
3.885861e+003,9.550276e+001
3.886344e+003,9.553757e+001
3.886825e+003,9.564882e+001
3.887308e+003,9.580857e+001
3.887790e+003,9.598236e+001
3.888272e+003,9.614165e+001
3.888754e+003,9.626498e+001
3.889236e+003,9.633600e+001
3.889718e+003,9.634487e+001
3.890200e+003,9.629314e+001
3.890682e+003,9.619739e+001
3.891165e+003,9.608572e+001
3.891647e+003,9.598515e+001
3.892129e+003,9.590798e+001
3.892611e+003,9.584736e+001
3.893093e+003,9.578417e+001
3.893575e+003,9.569904e+001
3.894057e+003,9.558146e+001
3.894539e+003,9.543320e+001
3.895021e+003,9.526651e+001
3.895504e+003,9.509876e+001
3.895986e+003,9.494556e+001
3.896468e+003,9.481464e+001
3.896950e+003,9.470252e+001
3.897432e+003,9.459612e+001
3.897914e+003,9.447919e+001
3.898396e+003,9.434295e+001
3.898878e+003,9.419612e+001
3.899361e+003,9.406892e+001
3.899843e+003,9.400719e+001
3.900325e+003,9.405827e+001
3.900807e+003,9.425503e+001
3.901289e+003,9.460393e+001
3.901771e+003,9.508040e+001
3.902253e+003,9.563163e+001
3.902735e+003,9.618594e+001
3.903218e+003,9.666846e+001
3.903700e+003,9.701913e+001
3.904182e+003,9.720702e+001
3.904664e+003,9.723450e+001
3.905146e+003,9.713024e+001
3.905628e+003,9.693658e+001
3.906110e+003,9.669770e+001
3.906592e+003,9.645164e+001
3.907074e+003,9.622597e+001
3.907557e+003,9.603590e+001
3.908039e+003,9.588390e+001
3.908521e+003,9.576052e+001
3.909003e+003,9.564693e+001
3.909485e+003,9.551956e+001
3.909967e+003,9.535709e+001
3.910449e+003,9.514835e+001
3.910931e+003,9.489867e+001
3.911414e+003,9.463185e+001
3.911896e+003,9.438580e+001
3.912378e+003,9.420273e+001
3.912860e+003,9.411752e+001
3.913342e+003,9.414807e+001
3.913824e+003,9.429053e+001
3.914306e+003,9.452020e+001
3.914788e+003,9.479747e+001
3.915271e+003,9.507701e+001
3.915752e+003,9.531882e+001
3.916235e+003,9.549756e+001
3.916717e+003,9.560692e+001
3.917199e+003,9.565739e+001
3.917681e+003,9.566962e+001
3.918163e+003,9.566698e+001
3.918645e+003,9.567051e+001
3.919127e+003,9.569605e+001
3.919609e+003,9.575271e+001
3.920092e+003,9.584119e+001
3.920574e+003,9.595272e+001
3.921056e+003,9.606889e+001
3.921538e+003,9.616375e+001
3.922020e+003,9.620875e+001
3.922502e+003,9.617918e+001
3.922984e+003,9.606141e+001
3.923466e+003,9.585856e+001
3.923948e+003,9.559292e+001
3.924431e+003,9.530187e+001
3.924913e+003,9.502751e+001
3.925395e+003,9.480393e+001
3.925877e+003,9.464840e+001
3.926359e+003,9.455988e+001
3.926841e+003,9.452415e+001
3.927323e+003,9.452126e+001
3.927805e+003,9.453204e+001
3.928288e+003,9.454247e+001
3.928770e+003,9.454557e+001
3.929252e+003,9.454108e+001
3.929734e+003,9.453334e+001
3.930216e+003,9.452879e+001
3.930698e+003,9.453370e+001
3.931180e+003,9.455345e+001
3.931662e+003,9.459266e+001
3.932145e+003,9.465543e+001
3.932627e+003,9.474485e+001
3.933109e+003,9.486147e+001
3.933591e+003,9.500171e+001
3.934073e+003,9.515701e+001
3.934555e+003,9.531432e+001
3.935037e+003,9.545728e+001
3.935519e+003,9.556854e+001
3.936001e+003,9.563250e+001
3.936484e+003,9.563902e+001
3.936966e+003,9.558694e+001
3.937448e+003,9.548575e+001
3.937930e+003,9.535390e+001
3.938412e+003,9.521425e+001
3.938894e+003,9.508758e+001
3.939376e+003,9.498730e+001
3.939858e+003,9.491676e+001
3.940341e+003,9.486988e+001
3.940823e+003,9.483527e+001
3.941305e+003,9.480218e+001
3.941787e+003,9.476632e+001
3.942269e+003,9.473228e+001
3.942751e+003,9.471118e+001
3.943233e+003,9.471429e+001
3.943715e+003,9.474625e+001
3.944198e+003,9.480170e+001
3.944679e+003,9.486671e+001
3.945162e+003,9.492393e+001
3.945644e+003,9.495873e+001
3.946126e+003,9.496421e+001
3.946608e+003,9.494331e+001
3.947090e+003,9.490816e+001
3.947572e+003,9.487567e+001
3.948054e+003,9.486153e+001
3.948536e+003,9.487427e+001
3.949019e+003,9.491254e+001
3.949501e+003,9.496647e+001
3.949983e+003,9.502253e+001
3.950465e+003,9.506926e+001
3.950947e+003,9.510127e+001
3.951429e+003,9.511978e+001
3.951911e+003,9.513038e+001
3.952393e+003,9.513899e+001
3.952875e+003,9.514835e+001
3.953358e+003,9.515652e+001
3.953840e+003,9.515753e+001
3.954322e+003,9.514393e+001
3.954804e+003,9.510992e+001
3.955286e+003,9.505385e+001
3.955768e+003,9.497946e+001
3.956250e+003,9.489513e+001
3.956732e+003,9.481208e+001
3.957215e+003,9.474191e+001
3.957697e+003,9.469430e+001
3.958179e+003,9.467520e+001
3.958661e+003,9.468611e+001
3.959143e+003,9.472390e+001
3.959625e+003,9.478167e+001
3.960107e+003,9.485020e+001
3.960589e+003,9.491991e+001
3.961072e+003,9.498283e+001
3.961554e+003,9.503401e+001
3.962036e+003,9.507195e+001
3.962518e+003,9.509794e+001
3.963000e+003,9.511455e+001
3.963482e+003,9.512436e+001
3.963964e+003,9.512892e+001
3.964446e+003,9.512878e+001
3.964928e+003,9.512411e+001
3.965411e+003,9.511510e+001
3.965893e+003,9.510252e+001
3.966375e+003,9.508739e+001
3.966857e+003,9.507034e+001
3.967339e+003,9.505124e+001
3.967821e+003,9.502929e+001
3.968303e+003,9.500359e+001
3.968785e+003,9.497429e+001
3.969268e+003,9.494355e+001
3.969750e+003,9.491528e+001
3.970232e+003,9.489419e+001
3.970714e+003,9.488393e+001
3.971196e+003,9.488550e+001
3.971678e+003,9.489633e+001
3.972160e+003,9.491094e+001
3.972642e+003,9.492291e+001
3.973125e+003,9.492711e+001
3.973606e+003,9.492149e+001
3.974089e+003,9.490773e+001
3.974571e+003,9.489035e+001
3.975053e+003,9.487481e+001
3.975535e+003,9.486562e+001
3.976017e+003,9.486497e+001
3.976499e+003,9.487249e+001
3.976981e+003,9.488597e+001
3.977463e+003,9.490218e+001
3.977946e+003,9.491770e+001
3.978428e+003,9.492944e+001
3.978910e+003,9.493475e+001
3.979392e+003,9.493164e+001
3.979874e+003,9.491924e+001
3.980356e+003,9.489829e+001
3.980838e+003,9.487156e+001
3.981320e+003,9.484396e+001
3.981802e+003,9.482125e+001
3.982285e+003,9.480886e+001
3.982767e+003,9.481020e+001
3.983249e+003,9.482574e+001
3.983731e+003,9.485287e+001
3.984213e+003,9.488687e+001
3.984695e+003,9.492220e+001
3.985177e+003,9.495377e+001
3.985659e+003,9.497762e+001
3.986142e+003,9.499107e+001
3.986624e+003,9.499234e+001
3.987106e+003,9.498063e+001
3.987588e+003,9.495612e+001
3.988070e+003,9.492077e+001
3.988552e+003,9.487868e+001
3.989034e+003,9.483603e+001
3.989516e+003,9.480019e+001
3.989999e+003,9.477794e+001
3.990481e+003,9.477348e+001
3.990963e+003,9.478709e+001
3.991445e+003,9.481486e+001
3.991927e+003,9.484990e+001
3.992409e+003,9.488441e+001
3.992891e+003,9.491186e+001
3.993373e+003,9.492858e+001
3.993855e+003,9.493443e+001
3.994338e+003,9.493205e+001
3.994820e+003,9.492564e+001
3.995302e+003,9.491928e+001
3.995784e+003,9.491581e+001
3.996266e+003,9.491587e+001
3.996748e+003,9.491813e+001
3.997230e+003,9.491965e+001
3.997712e+003,9.491694e+001
3.998195e+003,9.490681e+001
3.998677e+003,9.488763e+001
3.999159e+003,9.485998e+001
3.999641e+003,9.482671e+001
4.000123e+003,9.479237e+001
