3.996747e+002,0.000000e+000
4.001569e+002,9.015115e+001
4.006390e+002,9.012960e+001
4.011211e+002,8.997484e+001
4.016032e+002,8.979045e+001
4.020853e+002,8.963927e+001
4.025674e+002,8.954166e+001
4.030496e+002,8.949213e+001
4.035317e+002,8.948167e+001
4.040138e+002,8.951634e+001
4.044959e+002,8.962080e+001
4.049780e+002,8.982872e+001
4.054601e+002,9.016267e+001
4.059423e+002,9.061839e+001
4.064244e+002,9.116175e+001
4.069065e+002,9.174360e+001
4.073886e+002,9.232249e+001
4.078707e+002,9.288229e+001
4.083528e+002,9.343285e+001
4.088350e+002,9.402119e+001
4.093171e+002,9.463955e+001
4.097992e+002,9.524260e+001
4.102813e+002,9.571305e+001
4.107634e+002,9.617039e+001
4.112455e+002,9.644578e+001
4.117277e+002,9.657428e+001
4.122098e+002,9.656718e+001
4.126919e+002,9.645850e+001
4.131740e+002,9.627914e+001
4.136561e+002,9.607395e+001
4.141382e+002,9.568633e+001
4.146204e+002,9.521722e+001
4.151025e+002,9.458731e+001
4.155846e+002,9.381059e+001
4.160667e+002,9.293674e+001
4.165488e+002,9.206380e+001
4.170309e+002,9.131810e+001
4.175131e+002,9.080311e+001
4.179952e+002,9.059217e+001
4.184773e+002,9.057476e+001
4.189594e+002,9.087457e+001
4.194415e+002,9.138777e+001
4.199236e+002,9.197595e+001
4.204058e+002,9.256611e+001
4.208879e+002,9.312666e+001
4.213700e+002,9.364046e+001
4.218521e+002,9.394072e+001
4.223342e+002,9.423699e+001
4.228163e+002,9.444508e+001
4.232985e+002,9.459174e+001
4.237806e+002,9.470235e+001
4.242627e+002,9.482559e+001
4.247448e+002,9.500908e+001
4.252269e+002,9.527209e+001
4.257090e+002,9.557698e+001
4.261912e+002,9.583703e+001
4.266733e+002,9.606298e+001
4.271554e+002,9.618565e+001
4.276375e+002,9.618766e+001
4.281196e+002,9.608785e+001
4.286017e+002,9.593177e+001
4.290839e+002,9.579076e+001
4.295660e+002,9.571537e+001
4.300481e+002,9.569966e+001
4.305302e+002,9.576446e+001
4.310123e+002,9.587505e+001
4.314944e+002,9.598716e+001
4.319766e+002,9.606021e+001
4.324587e+002,9.608199e+001
4.329408e+002,9.608491e+001
4.334229e+002,9.603743e+001
4.339050e+002,9.602824e+001
4.343871e+002,9.604916e+001
4.348693e+002,9.613913e+001
4.353514e+002,9.631233e+001
4.358335e+002,9.653796e+001
4.363156e+002,9.676365e+001
4.367977e+002,9.698259e+001
4.372798e+002,9.709415e+001
4.377620e+002,9.711579e+001
4.382441e+002,9.703166e+001
4.387262e+002,9.686936e+001
4.392083e+002,9.666312e+001
4.396904e+002,9.646272e+001
4.401725e+002,9.630568e+001
4.406547e+002,9.621285e+001
4.411368e+002,9.617850e+001
4.416189e+002,9.616660e+001
4.421010e+002,9.624548e+001
4.425831e+002,9.628093e+001
4.430652e+002,9.625777e+001
4.435474e+002,9.616508e+001
4.440295e+002,9.600895e+001
4.445116e+002,9.588455e+001
4.449937e+002,9.573995e+001
4.454758e+002,9.555110e+001
4.459579e+002,9.537189e+001
4.464401e+002,9.527000e+001
4.469222e+002,9.524748e+001
4.474043e+002,9.529148e+001
4.478864e+002,9.536143e+001
4.483685e+002,9.537934e+001
4.488506e+002,9.549300e+001
4.493328e+002,9.562225e+001
4.498149e+002,9.563355e+001
4.502970e+002,9.561588e+001
4.507791e+002,9.554557e+001
4.512612e+002,9.557533e+001
4.517433e+002,9.566171e+001
4.522255e+002,9.581669e+001
4.527076e+002,9.601825e+001
4.531897e+002,9.621671e+001
4.536718e+002,9.636163e+001
4.541539e+002,9.640831e+001
4.546360e+002,9.636356e+001
4.551182e+002,9.624772e+001
4.556003e+002,9.605605e+001
4.560824e+002,9.585233e+001
4.565645e+002,9.568700e+001
4.570466e+002,9.560365e+001
4.575287e+002,9.559450e+001
4.580109e+002,9.563943e+001
4.584930e+002,9.568568e+001
4.589751e+002,9.569443e+001
4.594572e+002,9.574837e+001
4.599393e+002,9.568627e+001
4.604214e+002,9.561721e+001
4.609036e+002,9.554311e+001
4.613857e+002,9.548553e+001
4.618678e+002,9.547417e+001
4.623499e+002,9.548685e+001
4.628320e+002,9.558185e+001
4.633141e+002,9.574104e+001
4.637963e+002,9.588492e+001
4.642784e+002,9.600410e+001
4.647605e+002,9.607711e+001
4.652426e+002,9.609307e+001
4.657247e+002,9.607478e+001
4.662068e+002,9.601853e+001
4.666890e+002,9.596668e+001
4.671711e+002,9.589400e+001
4.676532e+002,9.581959e+001
4.681353e+002,9.574531e+001
4.686174e+002,9.566888e+001
4.690995e+002,9.559742e+001
4.695817e+002,9.551434e+001
4.700638e+002,9.543497e+001
4.705459e+002,9.536164e+001
4.710280e+002,9.531875e+001
4.715101e+002,9.522808e+001
4.719922e+002,9.521666e+001
4.724744e+002,9.529578e+001
4.729565e+002,9.534002e+001
4.734386e+002,9.546736e+001
4.739207e+002,9.563973e+001
4.744028e+002,9.584037e+001
4.748849e+002,9.606747e+001
4.753671e+002,9.621522e+001
4.758492e+002,9.643913e+001
4.763313e+002,9.652701e+001
4.768134e+002,9.661135e+001
4.772955e+002,9.664760e+001
4.777776e+002,9.672897e+001
4.782598e+002,9.677772e+001
4.787419e+002,9.692579e+001
4.792240e+002,9.704742e+001
4.797061e+002,9.712267e+001
4.801882e+002,9.713062e+001
4.806703e+002,9.706557e+001
4.811525e+002,9.691933e+001
4.816346e+002,9.670823e+001
4.821167e+002,9.649087e+001
4.825988e+002,9.632758e+001
4.830809e+002,9.619855e+001
4.835630e+002,9.612008e+001
4.840452e+002,9.612385e+001
4.845273e+002,9.611164e+001
4.850094e+002,9.614938e+001
4.854915e+002,9.615218e+001
4.859736e+002,9.620718e+001
4.864557e+002,9.622012e+001
4.869379e+002,9.629237e+001
4.874200e+002,9.634303e+001
4.879021e+002,9.640813e+001
4.883842e+002,9.646555e+001
4.888663e+002,9.651009e+001
4.893484e+002,9.652032e+001
4.898306e+002,9.658038e+001
4.903127e+002,9.664864e+001
4.907948e+002,9.674010e+001
4.912769e+002,9.685470e+001
4.917590e+002,9.701172e+001
4.922411e+002,9.705740e+001
4.927233e+002,9.710760e+001
4.932054e+002,9.704793e+001
4.936875e+002,9.702363e+001
4.941696e+002,9.697010e+001
4.946517e+002,9.694097e+001
4.951339e+002,9.692442e+001
4.956160e+002,9.694191e+001
4.960981e+002,9.701546e+001
4.965802e+002,9.710632e+001
4.970623e+002,9.714260e+001
4.975444e+002,9.723351e+001
4.980266e+002,9.729292e+001
4.985087e+002,9.725665e+001
4.989908e+002,9.727814e+001
4.994729e+002,9.724570e+001
4.999550e+002,9.718239e+001
5.004371e+002,9.702612e+001
5.009193e+002,9.687247e+001
5.014014e+002,9.676080e+001
5.018835e+002,9.666616e+001
5.023656e+002,9.661816e+001
5.028477e+002,9.660825e+001
5.033299e+002,9.667155e+001
5.038120e+002,9.678079e+001
5.042941e+002,9.690338e+001
5.047762e+002,9.703949e+001
5.052583e+002,9.715234e+001
5.057404e+002,9.728009e+001
5.062226e+002,9.742216e+001
5.067047e+002,9.753358e+001
5.071868e+002,9.763655e+001
5.076689e+002,9.772562e+001
5.081510e+002,9.779354e+001
5.086331e+002,9.781207e+001
5.091153e+002,9.779111e+001
5.095974e+002,9.778410e+001
5.100795e+002,9.777487e+001
5.105616e+002,9.781344e+001
5.110437e+002,9.778613e+001
5.115258e+002,9.776994e+001
5.120079e+002,9.772654e+001
5.124901e+002,9.764590e+001
5.129722e+002,9.754264e+001
5.134543e+002,9.746014e+001
5.139364e+002,9.739104e+001
5.144185e+002,9.734544e+001
5.149006e+002,9.732429e+001
5.153828e+002,9.732204e+001
5.158649e+002,9.733013e+001
5.163470e+002,9.732108e+001
5.168291e+002,9.733192e+001
5.173112e+002,9.733842e+001
5.177933e+002,9.734807e+001
5.182755e+002,9.727453e+001
5.187576e+002,9.729107e+001
5.192397e+002,9.727114e+001
5.197218e+002,9.722803e+001
5.202039e+002,9.716221e+001
5.206860e+002,9.708138e+001
5.211682e+002,9.699883e+001
5.216503e+002,9.692915e+001
5.221324e+002,9.688327e+001
5.226145e+002,9.686302e+001
5.230966e+002,9.684607e+001
5.235787e+002,9.686404e+001
5.240609e+002,9.687610e+001
5.245430e+002,9.687543e+001
5.250251e+002,9.686491e+001
5.255072e+002,9.684315e+001
5.259893e+002,9.682355e+001
5.264714e+002,9.680922e+001
5.269536e+002,9.679776e+001
5.274357e+002,9.679868e+001
5.279178e+002,9.681768e+001
5.283999e+002,9.682018e+001
5.288821e+002,9.682066e+001
5.293641e+002,9.681898e+001
5.298463e+002,9.681686e+001
5.303284e+002,9.681684e+001
5.308105e+002,9.682106e+001
5.312926e+002,9.683066e+001
5.317748e+002,9.684575e+001
5.322568e+002,9.686584e+001
5.327390e+002,9.688988e+001
5.332211e+002,9.691661e+001
5.337032e+002,9.694452e+001
5.341853e+002,9.697193e+001
5.346675e+002,9.699764e+001
5.351495e+002,9.702168e+001
5.356317e+002,9.704556e+001
5.361138e+002,9.707172e+001
5.365959e+002,9.710210e+001
5.370780e+002,9.713644e+001
5.375602e+002,9.717070e+001
5.380422e+002,9.719695e+001
5.385244e+002,9.720512e+001
5.390065e+002,9.716397e+001
5.394886e+002,9.712127e+001
5.399707e+002,9.704877e+001
5.404529e+002,9.696510e+001
5.409349e+002,9.689022e+001
5.414171e+002,9.685278e+001
5.418992e+002,9.688043e+001
5.423813e+002,9.694923e+001
5.428634e+002,9.707198e+001
5.433456e+002,9.723225e+001
5.438276e+002,9.740259e+001
5.443098e+002,9.756129e+001
5.447919e+002,9.768223e+001
5.452740e+002,9.775127e+001
5.457561e+002,9.775969e+001
5.462383e+002,9.769926e+001
5.467203e+002,9.761562e+001
5.472025e+002,9.750990e+001
5.476846e+002,9.739905e+001
5.481667e+002,9.729465e+001
5.486488e+002,9.719715e+001
5.491310e+002,9.712367e+001
5.496130e+002,9.708451e+001
5.500952e+002,9.708602e+001
5.505773e+002,9.713064e+001
5.510594e+002,9.721478e+001
5.515415e+002,9.732756e+001
5.520237e+002,9.745345e+001
5.525057e+002,9.757268e+001
5.529879e+002,9.766215e+001
5.534700e+002,9.769772e+001
5.539521e+002,9.770232e+001
5.544342e+002,9.767731e+001
5.549164e+002,9.763434e+001
5.553984e+002,9.759384e+001
5.558806e+002,9.756838e+001
5.563627e+002,9.755025e+001
5.568448e+002,9.755004e+001
5.573269e+002,9.756303e+001
5.578091e+002,9.758294e+001
5.582911e+002,9.760515e+001
5.587733e+002,9.760394e+001
5.592554e+002,9.762975e+001
5.597375e+002,9.765320e+001
5.602196e+002,9.767339e+001
5.607018e+002,9.768510e+001
5.611838e+002,9.768108e+001
5.616660e+002,9.765901e+001
5.621481e+002,9.762063e+001
5.626302e+002,9.754414e+001
5.631123e+002,9.745098e+001
5.635945e+002,9.735198e+001
5.640765e+002,9.725899e+001
5.645587e+002,9.718250e+001
5.650408e+002,9.713027e+001
5.655229e+002,9.710661e+001
5.660050e+002,9.711315e+001
5.664872e+002,9.714912e+001
5.669692e+002,9.721180e+001
5.674514e+002,9.729640e+001
5.679335e+002,9.739603e+001
5.684156e+002,9.749806e+001
5.688977e+002,9.760051e+001
5.693799e+002,9.767381e+001
5.698619e+002,9.774921e+001
5.703441e+002,9.780315e+001
5.708262e+002,9.782148e+001
5.713083e+002,9.781626e+001
5.717904e+002,9.779254e+001
5.722726e+002,9.775752e+001
5.727546e+002,9.770221e+001
5.732368e+002,9.766790e+001
5.737189e+002,9.764433e+001
5.742010e+002,9.763310e+001
5.746831e+002,9.763149e+001
5.751653e+002,9.763231e+001
5.756473e+002,9.762570e+001
5.761295e+002,9.760229e+001
5.766116e+002,9.755676e+001
5.770938e+002,9.749023e+001
5.775758e+002,9.741049e+001
5.780580e+002,9.732999e+001
5.785400e+002,9.726202e+001
5.790222e+002,9.721697e+001
5.795043e+002,9.719962e+001
5.799865e+002,9.720804e+001
5.804685e+002,9.723515e+001
5.809507e+002,9.727090e+001
5.814327e+002,9.730535e+001
5.819149e+002,9.733056e+001
5.823970e+002,9.734145e+001
5.828792e+002,9.733545e+001
5.833612e+002,9.731202e+001
5.838434e+002,9.727216e+001
5.843254e+002,9.721838e+001
5.848076e+002,9.715392e+001
5.852897e+002,9.708134e+001
5.857719e+002,9.700000e+001
5.862539e+002,9.690355e+001
5.867361e+002,9.677882e+001
5.872181e+002,9.660109e+001
5.877003e+002,9.635855e+001
5.881824e+002,9.604398e+001
5.886646e+002,9.566476e+001
5.891466e+002,9.524619e+001
5.896288e+002,9.482995e+001
5.901108e+002,9.446763e+001
5.905930e+002,9.421036e+001
5.910751e+002,9.409692e+001
5.915573e+002,9.414409e+001
5.920393e+002,9.434197e+001
5.925215e+002,9.465673e+001
5.930035e+002,9.503920e+001
5.934857e+002,9.543695e+001
5.939678e+002,9.580518e+001
5.944500e+002,9.611406e+001
5.949320e+002,9.635086e+001
5.954142e+002,9.651783e+001
5.958962e+002,9.662730e+001
5.963784e+002,9.669604e+001
5.968605e+002,9.674088e+001
5.973427e+002,9.677575e+001
5.978247e+002,9.681071e+001
5.983069e+002,9.685188e+001
5.987889e+002,9.690174e+001
5.992711e+002,9.695907e+001
5.997532e+002,9.701919e+001
6.002354e+002,9.707380e+001
6.007174e+002,9.711196e+001
6.011996e+002,9.712151e+001
6.016816e+002,9.709151e+001
6.021638e+002,9.701509e+001
6.026459e+002,9.689182e+001
6.031281e+002,9.672902e+001
6.036101e+002,9.654208e+001
6.040923e+002,9.635252e+001
6.045743e+002,9.618496e+001
6.050565e+002,9.606286e+001
6.055386e+002,9.600450e+001
6.060208e+002,9.601955e+001
6.065029e+002,9.610727e+001
6.069850e+002,9.625687e+001
6.074671e+002,9.644994e+001
6.079492e+002,9.666425e+001
6.084313e+002,9.687828e+001
6.089135e+002,9.707515e+001
6.093956e+002,9.724522e+001
6.098777e+002,9.738654e+001
6.103598e+002,9.750355e+001
6.108419e+002,9.760422e+001
6.113240e+002,9.769681e+001
6.118062e+002,9.778700e+001
6.122883e+002,9.787634e+001
6.127704e+002,9.796204e+001
6.132525e+002,9.803821e+001
6.137346e+002,9.809784e+001
6.142167e+002,9.813497e+001
6.146989e+002,9.814637e+001
6.151810e+002,9.813252e+001
6.156631e+002,9.809795e+001
6.161452e+002,9.805073e+001
6.166273e+002,9.800143e+001
6.171094e+002,9.796155e+001
6.175916e+002,9.794092e+001
6.180737e+002,9.794524e+001
6.185558e+002,9.797495e+001
6.190379e+002,9.802554e+001
6.195200e+002,9.808904e+001
6.200021e+002,9.815610e+001
6.204843e+002,9.821734e+001
6.209664e+002,9.826454e+001
6.214485e+002,9.829204e+001
6.219306e+002,9.829752e+001
6.224127e+002,9.828225e+001
6.228948e+002,9.825040e+001
6.233770e+002,9.820782e+001
6.238591e+002,9.816051e+001
6.243412e+002,9.811334e+001
6.248233e+002,9.806966e+001
6.253054e+002,9.803123e+001
6.257875e+002,9.799890e+001
6.262697e+002,9.797321e+001
6.267518e+002,9.795488e+001
6.272339e+002,9.794442e+001
6.277160e+002,9.794164e+001
6.281981e+002,9.794478e+001
6.286802e+002,9.795018e+001
6.291624e+002,9.795271e+001
6.296445e+002,9.794686e+001
6.301266e+002,9.792841e+001
6.306087e+002,9.789597e+001
6.310908e+002,9.785169e+001
6.315729e+002,9.780110e+001
6.320551e+002,9.775174e+001
6.325372e+002,9.771133e+001
6.330193e+002,9.768568e+001
6.335014e+002,9.767695e+001
6.339835e+002,9.768311e+001
6.344656e+002,9.769852e+001
6.349478e+002,9.771566e+001
6.354299e+002,9.772749e+001
6.359120e+002,9.772984e+001
6.363941e+002,9.772266e+001
6.368762e+002,9.771012e+001
6.373583e+002,9.769868e+001
6.378405e+002,9.769435e+001
6.383226e+002,9.770033e+001
6.388047e+002,9.771539e+001
6.392868e+002,9.773415e+001
6.397689e+002,9.774940e+001
6.402510e+002,9.775502e+001
6.407332e+002,9.774858e+001
6.412153e+002,9.773234e+001
6.416974e+002,9.771186e+001
6.421795e+002,9.769337e+001
6.426616e+002,9.768027e+001
6.431437e+002,9.767137e+001
6.436259e+002,9.766063e+001
6.441080e+002,9.763977e+001
6.445901e+002,9.760147e+001
6.450722e+002,9.754268e+001
6.455543e+002,9.746607e+001
6.460364e+002,9.737931e+001
6.465186e+002,9.729272e+001
6.470007e+002,9.721631e+001
6.474828e+002,9.715767e+001
6.479649e+002,9.712109e+001
6.484470e+002,9.710769e+001
6.489291e+002,9.711607e+001
6.494113e+002,9.714256e+001
6.498934e+002,9.718140e+001
6.503755e+002,9.722456e+001
6.508576e+002,9.726205e+001
6.513397e+002,9.728336e+001
6.518218e+002,9.727976e+001
6.523040e+002,9.724735e+001
6.527861e+002,9.718946e+001
6.532682e+002,9.711710e+001
6.537503e+002,9.704711e+001
6.542324e+002,9.699780e+001
6.547145e+002,9.698447e+001
6.551967e+002,9.701521e+001
6.556788e+002,9.708906e+001
6.561609e+002,9.719640e+001
6.566430e+002,9.732173e+001
6.571251e+002,9.744715e+001
6.576072e+002,9.755605e+001
6.580894e+002,9.763547e+001
6.585715e+002,9.767766e+001
6.590536e+002,9.768061e+001
6.595357e+002,9.764769e+001
6.600178e+002,9.758659e+001
6.604999e+002,9.750744e+001
6.609821e+002,9.742048e+001
6.614642e+002,9.733385e+001
6.619463e+002,9.725185e+001
6.624284e+002,9.717499e+001
6.629105e+002,9.710125e+001
6.633926e+002,9.702901e+001
6.638748e+002,9.695958e+001
6.643569e+002,9.689814e+001
6.648390e+002,9.685143e+001
6.653211e+002,9.682337e+001
6.658032e+002,9.680989e+001
6.662853e+002,9.679730e+001
6.667675e+002,9.676597e+001
6.672496e+002,9.670207e+001
6.677317e+002,9.661480e+001
6.682138e+002,9.654737e+001
6.686959e+002,9.654867e+001
6.691780e+002,9.660973e+001
6.696602e+002,9.666398e+001
6.701423e+002,9.665357e+001
6.706244e+002,9.655535e+001
6.711065e+002,9.636111e+001
6.715886e+002,9.605931e+001
6.720707e+002,9.563379e+001
6.725529e+002,9.507455e+001
6.730350e+002,9.439106e+001
6.735171e+002,9.361985e+001
6.739992e+002,9.282262e+001
6.744813e+002,9.207561e+001
6.749634e+002,9.145647e+001
6.754456e+002,9.103180e+001
6.759277e+002,9.084695e+001
6.764098e+002,9.091934e+001
6.768919e+002,9.123586e+001
6.773740e+002,9.175633e+001
6.778561e+002,9.242236e+001
6.783383e+002,9.316800e+001
6.788204e+002,9.392927e+001
6.793025e+002,9.465028e+001
6.797846e+002,9.528753e+001
6.802667e+002,9.581302e+001
6.807488e+002,9.621653e+001
6.812310e+002,9.650567e+001
6.817131e+002,9.670251e+001
6.821952e+002,9.683725e+001
6.826773e+002,9.694052e+001
6.831594e+002,9.703665e+001
6.836415e+002,9.713954e+001
6.841237e+002,9.725174e+001
6.846058e+002,9.736646e+001
6.850879e+002,9.747169e+001
6.855700e+002,9.755428e+001
6.860521e+002,9.760310e+001
6.865342e+002,9.761023e+001
6.870164e+002,9.757089e+001
6.874985e+002,9.748318e+001
6.879806e+002,9.734816e+001
6.884627e+002,9.717070e+001
6.889448e+002,9.696067e+001
6.894269e+002,9.673346e+001
6.899091e+002,9.650942e+001
6.903912e+002,9.631229e+001
6.908733e+002,9.616591e+001
6.913554e+002,9.609023e+001
6.918375e+002,9.609719e+001
6.923196e+002,9.618764e+001
6.928018e+002,9.635058e+001
6.932839e+002,9.656539e+001
6.937660e+002,9.680616e+001
6.942481e+002,9.704688e+001
6.947302e+002,9.726616e+001
6.952123e+002,9.745005e+001
6.956945e+002,9.759319e+001
6.961766e+002,9.769781e+001
6.966587e+002,9.777150e+001
6.971408e+002,9.782420e+001
6.976229e+002,9.786559e+001
6.981050e+002,9.790320e+001
6.985872e+002,9.794183e+001
6.990693e+002,9.798356e+001
6.995514e+002,9.802825e+001
7.000335e+002,9.807445e+001
7.005156e+002,9.811984e+001
7.009977e+002,9.816187e+001
7.014799e+002,9.819820e+001
7.019620e+002,9.822738e+001
7.024441e+002,9.824928e+001
7.029262e+002,9.826539e+001
7.034083e+002,9.827850e+001
7.038904e+002,9.829189e+001
7.043726e+002,9.830798e+001
7.048547e+002,9.832735e+001
7.053368e+002,9.834807e+001
7.058189e+002,9.836667e+001
7.063010e+002,9.837934e+001
7.067831e+002,9.838373e+001
7.072653e+002,9.838019e+001
7.077474e+002,9.837190e+001
7.082295e+002,9.836379e+001
7.087116e+002,9.836062e+001
7.091937e+002,9.836536e+001
7.096758e+002,9.837841e+001
7.101580e+002,9.839781e+001
7.106401e+002,9.842067e+001
7.111222e+002,9.844423e+001
7.116043e+002,9.846685e+001
7.120864e+002,9.848773e+001
7.125685e+002,9.850606e+001
7.130507e+002,9.852016e+001
7.135328e+002,9.852718e+001
7.140149e+002,9.852396e+001
7.144970e+002,9.850846e+001
7.149791e+002,9.848116e+001
7.154612e+002,9.844560e+001
7.159434e+002,9.840728e+001
7.164255e+002,9.837161e+001
7.169076e+002,9.834165e+001
7.173897e+002,9.831697e+001
7.178718e+002,9.829410e+001
7.183539e+002,9.826885e+001
7.188361e+002,9.823915e+001
7.193182e+002,9.820754e+001
7.198003e+002,9.818103e+001
7.202824e+002,9.816878e+001
7.207645e+002,9.817805e+001
7.212466e+002,9.821098e+001
7.217288e+002,9.826332e+001
7.222109e+002,9.832588e+001
7.226930e+002,9.838712e+001
7.231751e+002,9.843667e+001
7.236572e+002,9.846767e+001
7.241393e+002,9.847830e+001
7.246215e+002,9.847124e+001
7.251036e+002,9.845239e+001
7.255857e+002,9.842884e+001
7.260678e+002,9.840702e+001
7.265499e+002,9.839164e+001
7.270320e+002,9.838537e+001
7.275142e+002,9.838880e+001
7.279963e+002,9.840084e+001
7.284784e+002,9.841897e+001
7.289605e+002,9.843942e+001
7.294426e+002,9.845792e+001
7.299247e+002,9.847021e+001
7.304069e+002,9.847307e+001
7.308890e+002,9.846500e+001
7.313711e+002,9.844645e+001
7.318532e+002,9.841948e+001
7.323353e+002,9.838686e+001
7.328174e+002,9.835118e+001
7.332996e+002,9.831445e+001
7.337817e+002,9.827802e+001
7.342638e+002,9.824294e+001
7.347459e+002,9.821053e+001
7.352280e+002,9.818224e+001
7.357101e+002,9.815944e+001
7.361923e+002,9.814288e+001
7.366744e+002,9.813217e+001
7.371565e+002,9.812599e+001
7.376386e+002,9.812259e+001
7.381207e+002,9.812078e+001
7.386028e+002,9.812080e+001
7.390850e+002,9.812430e+001
7.395671e+002,9.813394e+001
7.400492e+002,9.815190e+001
7.405313e+002,9.817873e+001
7.410134e+002,9.821253e+001
7.414955e+002,9.824921e+001
7.419777e+002,9.828348e+001
7.424598e+002,9.831066e+001
7.429419e+002,9.832800e+001
7.434240e+002,9.833533e+001
7.439061e+002,9.833489e+001
7.443882e+002,9.833003e+001
7.448704e+002,9.832397e+001
7.453525e+002,9.831867e+001
7.458346e+002,9.831444e+001
7.463167e+002,9.831037e+001
7.467988e+002,9.830531e+001
7.472809e+002,9.829884e+001
7.477631e+002,9.829192e+001
7.482452e+002,9.828692e+001
7.487273e+002,9.828687e+001
7.492094e+002,9.829456e+001
7.496915e+002,9.831107e+001
7.501736e+002,9.833511e+001
7.506558e+002,9.836276e+001
7.511379e+002,9.838824e+001
7.516200e+002,9.840526e+001
7.521021e+002,9.840878e+001
7.525842e+002,9.839668e+001
7.530663e+002,9.837058e+001
7.535485e+002,9.833552e+001
7.540306e+002,9.829871e+001
7.545127e+002,9.826736e+001
7.549948e+002,9.824651e+001
7.554769e+002,9.823763e+001
7.559590e+002,9.823849e+001
7.564412e+002,9.824394e+001
7.569233e+002,9.824798e+001
7.574054e+002,9.824555e+001
7.578875e+002,9.823411e+001
7.583696e+002,9.821413e+001
7.588517e+002,9.818825e+001
7.593339e+002,9.815948e+001
7.598160e+002,9.812923e+001
7.602981e+002,9.809257e+001
7.607802e+002,9.804558e+001
7.612623e+002,9.797696e+001
7.617444e+002,9.787136e+001
7.622266e+002,9.771261e+001
7.627087e+002,9.748916e+001
7.631908e+002,9.719946e+001
7.636729e+002,9.685632e+001
7.641550e+002,9.648794e+001
7.646371e+002,9.613510e+001
7.651193e+002,9.584380e+001
7.656014e+002,9.565572e+001
7.660835e+002,9.559853e+001
7.665656e+002,9.567960e+001
7.670477e+002,9.588438e+001
7.675298e+002,9.618060e+001
7.680120e+002,9.652589e+001
7.684941e+002,9.687739e+001
7.689762e+002,9.720023e+001
7.694583e+002,9.747308e+001
7.699404e+002,9.768932e+001
7.704225e+002,9.785435e+001
7.709047e+002,9.798004e+001
7.713868e+002,9.807909e+001
7.718689e+002,9.816042e+001
7.723510e+002,9.822725e+001
7.728331e+002,9.827788e+001
7.733152e+002,9.830814e+001
7.737974e+002,9.831459e+001
7.742795e+002,9.829688e+001
7.747616e+002,9.825896e+001
7.752437e+002,9.820831e+001
7.757258e+002,9.815449e+001
7.762079e+002,9.810652e+001
7.766901e+002,9.807111e+001
7.771722e+002,9.805119e+001
7.776543e+002,9.804572e+001
7.781364e+002,9.805053e+001
7.786185e+002,9.805999e+001
7.791006e+002,9.806893e+001
7.795828e+002,9.807422e+001
7.800649e+002,9.807555e+001
7.805470e+002,9.807521e+001
7.810291e+002,9.807697e+001
7.815112e+002,9.808438e+001
7.819933e+002,9.809904e+001
7.824755e+002,9.811982e+001
7.829576e+002,9.814301e+001
7.834397e+002,9.816359e+001
7.839218e+002,9.817698e+001
7.844039e+002,9.818060e+001
7.848860e+002,9.817468e+001
7.853682e+002,9.816185e+001
7.858503e+002,9.814567e+001
7.863324e+002,9.812903e+001
7.868145e+002,9.811282e+001
7.872966e+002,9.809576e+001
7.877787e+002,9.807528e+001
7.882609e+002,9.804887e+001
7.887430e+002,9.801550e+001
7.892251e+002,9.797618e+001
7.897072e+002,9.793346e+001
7.901893e+002,9.789021e+001
7.906714e+002,9.784833e+001
7.911536e+002,9.780812e+001
7.916357e+002,9.776862e+001
7.921178e+002,9.772846e+001
7.925999e+002,9.768722e+001
7.930820e+002,9.764590e+001
7.935641e+002,9.760646e+001
7.940463e+002,9.757049e+001
7.945284e+002,9.753767e+001
7.950105e+002,9.750462e+001
7.954926e+002,9.746508e+001
7.959747e+002,9.741163e+001
7.964568e+002,9.733767e+001
7.969390e+002,9.724000e+001
7.974211e+002,9.711993e+001
7.979032e+002,9.698297e+001
7.983853e+002,9.683742e+001
7.988674e+002,9.669218e+001
7.993495e+002,9.655491e+001
7.998317e+002,9.643097e+001
8.003138e+002,9.632343e+001
8.007959e+002,9.623355e+001
8.012780e+002,9.616197e+001
8.017601e+002,9.610883e+001
8.022422e+002,9.607429e+001
8.027244e+002,9.605815e+001
8.032065e+002,9.605974e+001
8.036886e+002,9.607810e+001
8.041707e+002,9.611285e+001
8.046528e+002,9.616464e+001
8.051349e+002,9.623590e+001
8.056171e+002,9.633009e+001
8.060992e+002,9.645065e+001
8.065813e+002,9.659904e+001
8.070634e+002,9.677325e+001
8.075455e+002,9.696712e+001
8.080276e+002,9.717095e+001
8.085098e+002,9.737323e+001
8.089919e+002,9.756299e+001
8.094740e+002,9.773165e+001
8.099561e+002,9.787432e+001
8.104382e+002,9.798985e+001
8.109203e+002,9.808027e+001
8.114025e+002,9.814961e+001
8.118846e+002,9.820287e+001
8.123667e+002,9.824498e+001
8.128489e+002,9.828020e+001
8.133309e+002,9.831168e+001
8.138131e+002,9.834139e+001
8.142952e+002,9.837032e+001
8.147773e+002,9.839861e+001
8.152594e+002,9.842595e+001
8.157416e+002,9.845195e+001
8.162236e+002,9.847629e+001
8.167058e+002,9.849874e+001
8.171879e+002,9.851906e+001
8.176700e+002,9.853688e+001
8.181521e+002,9.855172e+001
8.186343e+002,9.856307e+001
8.191163e+002,9.857088e+001
8.195985e+002,9.857560e+001
8.200806e+002,9.857824e+001
8.205627e+002,9.858002e+001
8.210448e+002,9.858182e+001
8.215270e+002,9.858377e+001
8.220090e+002,9.858523e+001
8.224912e+002,9.858517e+001
8.229733e+002,9.858294e+001
8.234554e+002,9.857901e+001
8.239375e+002,9.857525e+001
8.244197e+002,9.857443e+001
8.249017e+002,9.857929e+001
8.253839e+002,9.859140e+001
8.258660e+002,9.861024e+001
8.263481e+002,9.863340e+001
8.268302e+002,9.865716e+001
8.273124e+002,9.867789e+001
8.277944e+002,9.869314e+001
8.282766e+002,9.870239e+001
8.287587e+002,9.870659e+001
8.292408e+002,9.870735e+001
8.297229e+002,9.870579e+001
8.302051e+002,9.870187e+001
8.306871e+002,9.869443e+001
8.311693e+002,9.868198e+001
8.316514e+002,9.866365e+001
8.321335e+002,9.863999e+001
8.326156e+002,9.861337e+001
8.330978e+002,9.858727e+001
8.335798e+002,9.856547e+001
8.340620e+002,9.855101e+001
8.345441e+002,9.854554e+001
8.350262e+002,9.854912e+001
8.355083e+002,9.856060e+001
8.359905e+002,9.857809e+001
8.364725e+002,9.859935e+001
8.369547e+002,9.862196e+001
8.374368e+002,9.864346e+001
8.379189e+002,9.866117e+001
8.384010e+002,9.867285e+001
8.388832e+002,9.867684e+001
8.393652e+002,9.867280e+001
8.398474e+002,9.866187e+001
8.403295e+002,9.864651e+001
8.408116e+002,9.862981e+001
8.412937e+002,9.861464e+001
8.417759e+002,9.860286e+001
8.422579e+002,9.859497e+001
8.427401e+002,9.859035e+001
8.432222e+002,9.858783e+001
8.437043e+002,9.858657e+001
8.441864e+002,9.858660e+001
8.446686e+002,9.858882e+001
8.451506e+002,9.859459e+001
8.456328e+002,9.860495e+001
8.461149e+002,9.861967e+001
8.465970e+002,9.863686e+001
8.470791e+002,9.865285e+001
8.475613e+002,9.866312e+001
8.480433e+002,9.866329e+001
8.485255e+002,9.865022e+001
8.490076e+002,9.862314e+001
8.494897e+002,9.858392e+001
8.499718e+002,9.853659e+001
8.504540e+002,9.848640e+001
8.509360e+002,9.843833e+001
8.514182e+002,9.839574e+001
8.519003e+002,9.835946e+001
8.523824e+002,9.832746e+001
8.528645e+002,9.829517e+001
8.533467e+002,9.825609e+001
8.538287e+002,9.820246e+001
8.543109e+002,9.812585e+001
8.547930e+002,9.801768e+001
8.552751e+002,9.787003e+001
8.557572e+002,9.767680e+001
8.562394e+002,9.743592e+001
8.567214e+002,9.715138e+001
8.572036e+002,9.683533e+001
8.576857e+002,9.650827e+001
8.581678e+002,9.619711e+001
8.586499e+002,9.593080e+001
8.591321e+002,9.573479e+001
8.596141e+002,9.562600e+001
8.600963e+002,9.560961e+001
8.605784e+002,9.567904e+001
8.610605e+002,9.581807e+001
8.615426e+002,9.600518e+001
8.620248e+002,9.621793e+001
8.625068e+002,9.643665e+001
8.629890e+002,9.664625e+001
8.634711e+002,9.683623e+001
8.639532e+002,9.699950e+001
8.644353e+002,9.713096e+001
8.649175e+002,9.722666e+001
8.653995e+002,9.728381e+001
8.658817e+002,9.730125e+001
8.663638e+002,9.727977e+001
8.668459e+002,9.722163e+001
8.673280e+002,9.712984e+001
8.678102e+002,9.700719e+001
8.682922e+002,9.685619e+001
8.687744e+002,9.668015e+001
8.692565e+002,9.648515e+001
8.697386e+002,9.628190e+001
8.702207e+002,9.608668e+001
8.707029e+002,9.592010e+001
8.711849e+002,9.580410e+001
8.716671e+002,9.575744e+001
8.721492e+002,9.579148e+001
8.726313e+002,9.590716e+001
8.731134e+002,9.609452e+001
8.735956e+002,9.633493e+001
8.740776e+002,9.660537e+001
8.745598e+002,9.688322e+001
8.750419e+002,9.715018e+001
8.755240e+002,9.739403e+001
8.760061e+002,9.760877e+001
8.764883e+002,9.779324e+001
8.769703e+002,9.794926e+001
8.774525e+002,9.808013e+001
8.779346e+002,9.818969e+001
8.784167e+002,9.828176e+001
8.788988e+002,9.835989e+001
8.793810e+002,9.842716e+001
8.798630e+002,9.848611e+001
8.803452e+002,9.853864e+001
8.808273e+002,9.858610e+001
8.813094e+002,9.862932e+001
8.817915e+002,9.866866e+001
8.822737e+002,9.870376e+001
8.827557e+002,9.873332e+001
8.832379e+002,9.875499e+001
8.837200e+002,9.876572e+001
8.842021e+002,9.876263e+001
8.846842e+002,9.874445e+001
8.851664e+002,9.871275e+001
8.856484e+002,9.867261e+001
8.861306e+002,9.863216e+001
8.866127e+002,9.860085e+001
8.870948e+002,9.858723e+001
8.875769e+002,9.859645e+001
8.880591e+002,9.862897e+001
8.885411e+002,9.868020e+001
8.890233e+002,9.874185e+001
8.895054e+002,9.880408e+001
8.899875e+002,9.885789e+001
8.904696e+002,9.889700e+001
8.909518e+002,9.891860e+001
8.914338e+002,9.892334e+001
8.919160e+002,9.891422e+001
8.923981e+002,9.889560e+001
8.928802e+002,9.887191e+001
8.933623e+002,9.884698e+001
8.938445e+002,9.882349e+001
8.943265e+002,9.880293e+001
8.948087e+002,9.878580e+001
8.952908e+002,9.877185e+001
8.957729e+002,9.876055e+001
8.962550e+002,9.875149e+001
8.967372e+002,9.874451e+001
8.972192e+002,9.873991e+001
8.977014e+002,9.873817e+001
8.981835e+002,9.873975e+001
8.986656e+002,9.874486e+001
8.991477e+002,9.875344e+001
8.996299e+002,9.876517e+001
9.001119e+002,9.877961e+001
9.005941e+002,9.879645e+001
9.010762e+002,9.881497e+001
9.015583e+002,9.883394e+001
9.020404e+002,9.885117e+001
9.025226e+002,9.886375e+001
9.030046e+002,9.886855e+001
9.034868e+002,9.886330e+001
9.039689e+002,9.884767e+001
9.044510e+002,9.882386e+001
9.049331e+002,9.879631e+001
9.054153e+002,9.877037e+001
9.058973e+002,9.875037e+001
9.063795e+002,9.873817e+001
9.068616e+002,9.873237e+001
9.073438e+002,9.872886e+001
9.078258e+002,9.872243e+001
9.083080e+002,9.870869e+001
9.087900e+002,9.868575e+001
9.092722e+002,9.865479e+001
9.097543e+002,9.861936e+001
9.102365e+002,9.858395e+001
9.107185e+002,9.855246e+001
9.112007e+002,9.852702e+001
9.116828e+002,9.850753e+001
9.121649e+002,9.849209e+001
9.126470e+002,9.847757e+001
9.131292e+002,9.846021e+001
9.136113e+002,9.843616e+001
9.140934e+002,9.840149e+001
9.145755e+002,9.835261e+001
9.150576e+002,9.828665e+001
9.155397e+002,9.820196e+001
9.160219e+002,9.809846e+001
9.165040e+002,9.797760e+001
9.169861e+002,9.784164e+001
9.174682e+002,9.769268e+001
9.179503e+002,9.753178e+001
9.184324e+002,9.735876e+001
9.189146e+002,9.717278e+001
9.193967e+002,9.697350e+001
9.198788e+002,9.676218e+001
9.203609e+002,9.654251e+001
9.208430e+002,9.632021e+001
9.213251e+002,9.610210e+001
9.218073e+002,9.589473e+001
9.222894e+002,9.570317e+001
9.227715e+002,9.553070e+001
9.232536e+002,9.537906e+001
9.237357e+002,9.524921e+001
9.242178e+002,9.514200e+001
9.247000e+002,9.505846e+001
9.251821e+002,9.499913e+001
9.256642e+002,9.496323e+001
9.261463e+002,9.494772e+001
9.266284e+002,9.494717e+001
9.271105e+002,9.495448e+001
9.275927e+002,9.496228e+001
9.280748e+002,9.496490e+001
9.285569e+002,9.495964e+001
9.290390e+002,9.494753e+001
9.295211e+002,9.493272e+001
9.300032e+002,9.492185e+001
9.304854e+002,9.492278e+001
9.309675e+002,9.494366e+001
9.314496e+002,9.499224e+001
9.319317e+002,9.507519e+001
9.324138e+002,9.519727e+001
9.328959e+002,9.536040e+001
9.333781e+002,9.556274e+001
9.338602e+002,9.579829e+001
9.343423e+002,9.605729e+001
9.348244e+002,9.632774e+001
9.353065e+002,9.659736e+001
9.357886e+002,9.685596e+001
9.362708e+002,9.709650e+001
9.367529e+002,9.731538e+001
9.372350e+002,9.751142e+001
9.377171e+002,9.768466e+001
9.381992e+002,9.783533e+001
9.386813e+002,9.796370e+001
9.391635e+002,9.807076e+001
9.396456e+002,9.815881e+001
9.401277e+002,9.823186e+001
9.406098e+002,9.829515e+001
9.410919e+002,9.835394e+001
9.415740e+002,9.841223e+001
9.420562e+002,9.847182e+001
9.425383e+002,9.853219e+001
9.430204e+002,9.859122e+001
9.435025e+002,9.864642e+001
9.439846e+002,9.869566e+001
9.444667e+002,9.873776e+001
9.449489e+002,9.877239e+001
9.454310e+002,9.879947e+001
9.459131e+002,9.881915e+001
9.463952e+002,9.883186e+001
9.468773e+002,9.883871e+001
9.473594e+002,9.884184e+001
9.478416e+002,9.884413e+001
9.483237e+002,9.884866e+001
9.488058e+002,9.885765e+001
9.492879e+002,9.887151e+001
9.497700e+002,9.888885e+001
9.502521e+002,9.890669e+001
9.507343e+002,9.892190e+001
9.512164e+002,9.893215e+001
9.516985e+002,9.893675e+001
9.521806e+002,9.893652e+001
9.526627e+002,9.893297e+001
9.531448e+002,9.892757e+001
9.536270e+002,9.892093e+001
9.541091e+002,9.891299e+001
9.545912e+002,9.890349e+001
9.550733e+002,9.889252e+001
9.555554e+002,9.888111e+001
9.560375e+002,9.887092e+001
9.565197e+002,9.886379e+001
9.570018e+002,9.886106e+001
9.574839e+002,9.886315e+001
9.579660e+002,9.886964e+001
9.584481e+002,9.887952e+001
9.589302e+002,9.889173e+001
9.594124e+002,9.890495e+001
9.598945e+002,9.891770e+001
9.603766e+002,9.892789e+001
9.608587e+002,9.893310e+001
9.613408e+002,9.893092e+001
9.618229e+002,9.892036e+001
9.623051e+002,9.890253e+001
9.627872e+002,9.888106e+001
9.632693e+002,9.886127e+001
9.637514e+002,9.884859e+001
9.642335e+002,9.884656e+001
9.647156e+002,9.885536e+001
9.651978e+002,9.887194e+001
9.656799e+002,9.889093e+001
9.661620e+002,9.890684e+001
9.666441e+002,9.891594e+001
9.671262e+002,9.891737e+001
9.676083e+002,9.891280e+001
9.680905e+002,9.890511e+001
9.685726e+002,9.889690e+001
9.690547e+002,9.888949e+001
9.695368e+002,9.888294e+001
9.700189e+002,9.887689e+001
9.705010e+002,9.887154e+001
9.709832e+002,9.886822e+001
9.714653e+002,9.886897e+001
9.719474e+002,9.887540e+001
9.724295e+002,9.888761e+001
9.729116e+002,9.890369e+001
9.733937e+002,9.892013e+001
9.738759e+002,9.893332e+001
9.743580e+002,9.894092e+001
9.748401e+002,9.894290e+001
9.753222e+002,9.894130e+001
9.758043e+002,9.893922e+001
9.762864e+002,9.893938e+001
9.767686e+002,9.894310e+001
9.772507e+002,9.895008e+001
9.777328e+002,9.895885e+001
9.782149e+002,9.896774e+001
9.786970e+002,9.897539e+001
9.791791e+002,9.898096e+001
9.796613e+002,9.898345e+001
9.801434e+002,9.898148e+001
9.806255e+002,9.897330e+001
9.811076e+002,9.895751e+001
9.815897e+002,9.893404e+001
9.820718e+002,9.890503e+001
9.825540e+002,9.887453e+001
9.830361e+002,9.884735e+001
9.835182e+002,9.882720e+001
9.840003e+002,9.881525e+001
9.844824e+002,9.880942e+001
9.849645e+002,9.880520e+001
9.854467e+002,9.879736e+001
9.859288e+002,9.878181e+001
9.864109e+002,9.875685e+001
9.868930e+002,9.872296e+001
9.873751e+002,9.868211e+001
9.878572e+002,9.863619e+001
9.883394e+002,9.858640e+001
9.888215e+002,9.853325e+001
9.893036e+002,9.847707e+001
9.897857e+002,9.841891e+001
9.902678e+002,9.836029e+001
9.907499e+002,9.830280e+001
9.912321e+002,9.824672e+001
9.917142e+002,9.819040e+001
9.921963e+002,9.812981e+001
9.926784e+002,9.805895e+001
9.931605e+002,9.797008e+001
9.936426e+002,9.785300e+001
9.941248e+002,9.769323e+001
9.946069e+002,9.747031e+001
9.950890e+002,9.715751e+001
9.955711e+002,9.672540e+001
9.960532e+002,9.615012e+001
9.965353e+002,9.542474e+001
9.970175e+002,9.457077e+001
9.974996e+002,9.364452e+001
9.979817e+002,9.273446e+001
9.984638e+002,9.194843e+001
9.989459e+002,9.139256e+001
9.994280e+002,9.114754e+001
9.999102e+002,9.124883e+001
1.000392e+003,9.167746e+001
1.000874e+003,9.236467e+001
1.001357e+003,9.320937e+001
1.001839e+003,9.410283e+001
1.002321e+003,9.495192e+001
1.002803e+003,9.569485e+001
1.003285e+003,9.630535e+001
1.003767e+003,9.678697e+001
1.004249e+003,9.716142e+001
1.004731e+003,9.745601e+001
1.005213e+003,9.769455e+001
1.005696e+003,9.789332e+001
1.006178e+003,9.806157e+001
1.006660e+003,9.820457e+001
1.007142e+003,9.832615e+001
1.007624e+003,9.843002e+001
1.008106e+003,9.851916e+001
1.008588e+003,9.859497e+001
1.009070e+003,9.865678e+001
1.009552e+003,9.870265e+001
1.010035e+003,9.873121e+001
1.010517e+003,9.874334e+001
1.010999e+003,9.874280e+001
1.011481e+003,9.873551e+001
1.011963e+003,9.872771e+001
1.012445e+003,9.872404e+001
1.012927e+003,9.872640e+001
1.013409e+003,9.873421e+001
1.013892e+003,9.874546e+001
1.014374e+003,9.875817e+001
1.014856e+003,9.877122e+001
1.015338e+003,9.878428e+001
1.015820e+003,9.879721e+001
1.016302e+003,9.880917e+001
1.016784e+003,9.881862e+001
1.017266e+003,9.882407e+001
1.017748e+003,9.882516e+001
1.018231e+003,9.882362e+001
1.018713e+003,9.882318e+001
1.019195e+003,9.882850e+001
1.019677e+003,9.884332e+001
1.020159e+003,9.886858e+001
1.020641e+003,9.890157e+001
1.021123e+003,9.893650e+001
1.021605e+003,9.896622e+001
1.022088e+003,9.898479e+001
1.022570e+003,9.898940e+001
1.023052e+003,9.898138e+001
1.023534e+003,9.896584e+001
1.024016e+003,9.895014e+001
1.024498e+003,9.894146e+001
1.024980e+003,9.894489e+001
1.025462e+003,9.896204e+001
1.025944e+003,9.899087e+001
1.026427e+003,9.902650e+001
1.026909e+003,9.906271e+001
1.027391e+003,9.909365e+001
1.027873e+003,9.911543e+001
1.028355e+003,9.912682e+001
1.028837e+003,9.912921e+001
1.029319e+003,9.912560e+001
1.029801e+003,9.911937e+001
1.030283e+003,9.911298e+001
1.030766e+003,9.910749e+001
1.031248e+003,9.910254e+001
1.031730e+003,9.909727e+001
1.032212e+003,9.909133e+001
1.032694e+003,9.908543e+001
1.033176e+003,9.908147e+001
1.033658e+003,9.908158e+001
1.034140e+003,9.908720e+001
1.034623e+003,9.909795e+001
1.035105e+003,9.911160e+001
1.035587e+003,9.912468e+001
1.036069e+003,9.913377e+001
1.036551e+003,9.913699e+001
1.037033e+003,9.913449e+001
1.037515e+003,9.912840e+001
1.037997e+003,9.912181e+001
1.038479e+003,9.911749e+001
1.038962e+003,9.911691e+001
1.039444e+003,9.912016e+001
1.039926e+003,9.912630e+001
1.040408e+003,9.913434e+001
1.040890e+003,9.914378e+001
1.041372e+003,9.915480e+001
1.041854e+003,9.916778e+001
1.042336e+003,9.918254e+001
1.042819e+003,9.919798e+001
1.043301e+003,9.921210e+001
1.043783e+003,9.922295e+001
1.044265e+003,9.922909e+001
1.044747e+003,9.923071e+001
1.045229e+003,9.922931e+001
1.045711e+003,9.922711e+001
1.046193e+003,9.922614e+001
1.046676e+003,9.922736e+001
1.047158e+003,9.923037e+001
1.047640e+003,9.923386e+001
1.048122e+003,9.923630e+001
1.048604e+003,9.923667e+001
1.049086e+003,9.923468e+001
1.049568e+003,9.923062e+001
1.050050e+003,9.922478e+001
1.050532e+003,9.921705e+001
1.051015e+003,9.920673e+001
1.051497e+003,9.919294e+001
1.051979e+003,9.917500e+001
1.052461e+003,9.915282e+001
1.052943e+003,9.912691e+001
1.053425e+003,9.909798e+001
1.053907e+003,9.906667e+001
1.054389e+003,9.903310e+001
1.054871e+003,9.899734e+001
1.055354e+003,9.895985e+001
1.055836e+003,9.892197e+001
1.056318e+003,9.888628e+001
1.056800e+003,9.885618e+001
1.057282e+003,9.883487e+001
1.057764e+003,9.882446e+001
1.058246e+003,9.882475e+001
1.058728e+003,9.883326e+001
1.059210e+003,9.884555e+001
1.059693e+003,9.885630e+001
1.060175e+003,9.886051e+001
1.060657e+003,9.885445e+001
1.061139e+003,9.883630e+001
1.061621e+003,9.880631e+001
1.062103e+003,9.876685e+001
1.062585e+003,9.872192e+001
1.063067e+003,9.867669e+001
1.063550e+003,9.863651e+001
1.064032e+003,9.860544e+001
1.064514e+003,9.858513e+001
1.064996e+003,9.857357e+001
1.065478e+003,9.856519e+001
1.065960e+003,9.855160e+001
1.066442e+003,9.852392e+001
1.066924e+003,9.847504e+001
1.067406e+003,9.840176e+001
1.067889e+003,9.830561e+001
1.068371e+003,9.819196e+001
1.068853e+003,9.806824e+001
1.069335e+003,9.794156e+001
1.069817e+003,9.781686e+001
1.070299e+003,9.769613e+001
1.070781e+003,9.757874e+001
1.071263e+003,9.746252e+001
1.071746e+003,9.734475e+001
1.072228e+003,9.722292e+001
1.072710e+003,9.709453e+001
1.073192e+003,9.695679e+001
1.073674e+003,9.680634e+001
1.074156e+003,9.663956e+001
1.074638e+003,9.645351e+001
1.075120e+003,9.624679e+001
1.075603e+003,9.602044e+001
1.076085e+003,9.577786e+001
1.076567e+003,9.552406e+001
1.077049e+003,9.526507e+001
1.077531e+003,9.500705e+001
1.078013e+003,9.475670e+001
1.078495e+003,9.452184e+001
1.078977e+003,9.431219e+001
1.079459e+003,9.413954e+001
1.079942e+003,9.401653e+001
1.080424e+003,9.395431e+001
1.080906e+003,9.395960e+001
1.081388e+003,9.403261e+001
1.081870e+003,9.416678e+001
1.082352e+003,9.435046e+001
1.082834e+003,9.457044e+001
1.083316e+003,9.481530e+001
1.083798e+003,9.507728e+001
1.084281e+003,9.535251e+001
1.084763e+003,9.563911e+001
1.085245e+003,9.593466e+001
1.085727e+003,9.623471e+001
1.086209e+003,9.653212e+001
1.086691e+003,9.681844e+001
1.087173e+003,9.708583e+001
1.087655e+003,9.732855e+001
1.088137e+003,9.754362e+001
1.088620e+003,9.773042e+001
1.089102e+003,9.788950e+001
1.089584e+003,9.802164e+001
1.090066e+003,9.812754e+001
1.090548e+003,9.820801e+001
1.091030e+003,9.826504e+001
1.091512e+003,9.830204e+001
1.091994e+003,9.832406e+001
1.092477e+003,9.833698e+001
1.092959e+003,9.834632e+001
1.093441e+003,9.835634e+001
1.093923e+003,9.836935e+001
1.094405e+003,9.838612e+001
1.094887e+003,9.840648e+001
1.095369e+003,9.842972e+001
1.095851e+003,9.845501e+001
1.096333e+003,9.848112e+001
1.096816e+003,9.850590e+001
1.097298e+003,9.852607e+001
1.097780e+003,9.853791e+001
1.098262e+003,9.853794e+001
1.098744e+003,9.852425e+001
1.099226e+003,9.849728e+001
1.099708e+003,9.845994e+001
1.100190e+003,9.841691e+001
1.100673e+003,9.837331e+001
1.101155e+003,9.833345e+001
1.101637e+003,9.829987e+001
1.102119e+003,9.827328e+001
1.102601e+003,9.825307e+001
1.103083e+003,9.823798e+001
1.103565e+003,9.822689e+001
1.104047e+003,9.821893e+001
1.104530e+003,9.821329e+001
1.105012e+003,9.820901e+001
1.105494e+003,9.820450e+001
1.105976e+003,9.819783e+001
1.106458e+003,9.818690e+001
1.106940e+003,9.816996e+001
1.107422e+003,9.814587e+001
1.107904e+003,9.811423e+001
1.108386e+003,9.807502e+001
1.108869e+003,9.802832e+001
1.109351e+003,9.797387e+001
1.109833e+003,9.791098e+001
1.110315e+003,9.783839e+001
1.110797e+003,9.775440e+001
1.111279e+003,9.765718e+001
1.111761e+003,9.754460e+001
1.112243e+003,9.741460e+001
1.112725e+003,9.726493e+001
1.113208e+003,9.709308e+001
1.113690e+003,9.689629e+001
1.114172e+003,9.667146e+001
1.114654e+003,9.641560e+001
1.115136e+003,9.612660e+001
1.115618e+003,9.580426e+001
1.116100e+003,9.545200e+001
1.116582e+003,9.507828e+001
1.117064e+003,9.469763e+001
1.117547e+003,9.433056e+001
1.118029e+003,9.400198e+001
1.118511e+003,9.373804e+001
1.118993e+003,9.356176e+001
1.119475e+003,9.348819e+001
1.119957e+003,9.352057e+001
1.120439e+003,9.364874e+001
1.120921e+003,9.385047e+001
1.121404e+003,9.409556e+001
1.121886e+003,9.435141e+001
1.122368e+003,9.458824e+001
1.122850e+003,9.478288e+001
1.123332e+003,9.492044e+001
1.123814e+003,9.499397e+001
1.124296e+003,9.500301e+001
1.124778e+003,9.495128e+001
1.125260e+003,9.484488e+001
1.125743e+003,9.469093e+001
1.126225e+003,9.449677e+001
1.126707e+003,9.426980e+001
1.127189e+003,9.401720e+001
1.127671e+003,9.374563e+001
1.128153e+003,9.346097e+001
1.128635e+003,9.316796e+001
1.129117e+003,9.287049e+001
1.129600e+003,9.257214e+001
1.130082e+003,9.227689e+001
1.130564e+003,9.198970e+001
1.131046e+003,9.171667e+001
1.131528e+003,9.146456e+001
1.132010e+003,9.124004e+001
1.132492e+003,9.104877e+001
1.132974e+003,9.089502e+001
1.133457e+003,9.078139e+001
1.133939e+003,9.070894e+001
1.134421e+003,9.067740e+001
1.134903e+003,9.068510e+001
1.135385e+003,9.072906e+001
1.135867e+003,9.080513e+001
1.136349e+003,9.090838e+001
1.136831e+003,9.103384e+001
1.137313e+003,9.117706e+001
1.137796e+003,9.133460e+001
1.138278e+003,9.150388e+001
1.138760e+003,9.168282e+001
1.139242e+003,9.186942e+001
1.139724e+003,9.206140e+001
1.140206e+003,9.225652e+001
1.140688e+003,9.245271e+001
1.141170e+003,9.264864e+001
1.141652e+003,9.284367e+001
1.142135e+003,9.303776e+001
1.142617e+003,9.323088e+001
1.143099e+003,9.342262e+001
1.143581e+003,9.361195e+001
1.144063e+003,9.379739e+001
1.144545e+003,9.397747e+001
1.145027e+003,9.415099e+001
1.145509e+003,9.431731e+001
1.145991e+003,9.447609e+001
1.146474e+003,9.462701e+001
1.146956e+003,9.476939e+001
1.147438e+003,9.490200e+001
1.147920e+003,9.502342e+001
1.148402e+003,9.513235e+001
1.148884e+003,9.522793e+001
1.149366e+003,9.531032e+001
1.149848e+003,9.538040e+001
1.150331e+003,9.543983e+001
1.150813e+003,9.549067e+001
1.151295e+003,9.553513e+001
1.151777e+003,9.557526e+001
1.152259e+003,9.561271e+001
1.152741e+003,9.564837e+001
1.153223e+003,9.568214e+001
1.153705e+003,9.571279e+001
1.154188e+003,9.573805e+001
1.154670e+003,9.575510e+001
1.155152e+003,9.576145e+001
1.155634e+003,9.575568e+001
1.156116e+003,9.573824e+001
1.156598e+003,9.571133e+001
1.157080e+003,9.567838e+001
1.157562e+003,9.564308e+001
1.158044e+003,9.560819e+001
1.158527e+003,9.557481e+001
1.159009e+003,9.554218e+001
1.159491e+003,9.550826e+001
1.159973e+003,9.547054e+001
1.160455e+003,9.542699e+001
1.160937e+003,9.537646e+001
1.161419e+003,9.531892e+001
1.161901e+003,9.525469e+001
1.162384e+003,9.518396e+001
1.162866e+003,9.510633e+001
1.163348e+003,9.502083e+001
1.163830e+003,9.492593e+001
1.164312e+003,9.482024e+001
1.164794e+003,9.470281e+001
1.165276e+003,9.457319e+001
1.165758e+003,9.443140e+001
1.166240e+003,9.427757e+001
1.166723e+003,9.411170e+001
1.167205e+003,9.393350e+001
1.167687e+003,9.374256e+001
1.168169e+003,9.353831e+001
1.168651e+003,9.332023e+001
1.169133e+003,9.308755e+001
1.169615e+003,9.283926e+001
1.170097e+003,9.257384e+001
1.170579e+003,9.228948e+001
1.171062e+003,9.198463e+001
1.171544e+003,9.165865e+001
1.172026e+003,9.131258e+001
1.172508e+003,9.094947e+001
1.172990e+003,9.057413e+001
1.173472e+003,9.019240e+001
1.173954e+003,8.981007e+001
1.174436e+003,8.943190e+001
1.174918e+003,8.906156e+001
1.175401e+003,8.870193e+001
1.175883e+003,8.835620e+001
1.176365e+003,8.802908e+001
1.176847e+003,8.772739e+001
1.177329e+003,8.745991e+001
1.177811e+003,8.723670e+001
1.178293e+003,8.706778e+001
1.178775e+003,8.696222e+001
1.179258e+003,8.692734e+001
1.179740e+003,8.696841e+001
1.180222e+003,8.708833e+001
1.180704e+003,8.728704e+001
1.181186e+003,8.756093e+001
1.181668e+003,8.790250e+001
1.182150e+003,8.830061e+001
1.182632e+003,8.874171e+001
1.183115e+003,8.921164e+001
1.183597e+003,8.969725e+001
1.184079e+003,9.018739e+001
1.184561e+003,9.067489e+001
1.185043e+003,9.115005e+001
1.185525e+003,9.160667e+001
1.186007e+003,9.203999e+001
1.186489e+003,9.244669e+001
1.186971e+003,9.282488e+001
1.187454e+003,9.317394e+001
1.187936e+003,9.349450e+001
1.188418e+003,9.378829e+001
1.188900e+003,9.405816e+001
1.189382e+003,9.430794e+001
1.189864e+003,9.454206e+001
1.190346e+003,9.476516e+001
1.190828e+003,9.498128e+001
1.191311e+003,9.519316e+001
1.191793e+003,9.540178e+001
1.192275e+003,9.560635e+001
1.192757e+003,9.580489e+001
1.193239e+003,9.599520e+001
1.193721e+003,9.617554e+001
1.194203e+003,9.634537e+001
1.194685e+003,9.650507e+001
1.195167e+003,9.665554e+001
1.195650e+003,9.679740e+001
1.196132e+003,9.693066e+001
1.196614e+003,9.705460e+001
1.197096e+003,9.716842e+001
1.197578e+003,9.727167e+001
1.198060e+003,9.736491e+001
1.198542e+003,9.744946e+001
1.199024e+003,9.752708e+001
1.199506e+003,9.759923e+001
1.199989e+003,9.766674e+001
1.200471e+003,9.772977e+001
1.200953e+003,9.778814e+001
1.201435e+003,9.784196e+001
1.201917e+003,9.789204e+001
1.202399e+003,9.793972e+001
1.202881e+003,9.798643e+001
1.203363e+003,9.803313e+001
1.203845e+003,9.807968e+001
1.204328e+003,9.812501e+001
1.204810e+003,9.816735e+001
1.205292e+003,9.820499e+001
1.205774e+003,9.823685e+001
1.206256e+003,9.826279e+001
1.206738e+003,9.828340e+001
1.207220e+003,9.829973e+001
1.207702e+003,9.831291e+001
1.208185e+003,9.832391e+001
1.208667e+003,9.833389e+001
1.209149e+003,9.834404e+001
1.209631e+003,9.835590e+001
1.210113e+003,9.837114e+001
1.210595e+003,9.839098e+001
1.211077e+003,9.841603e+001
1.211559e+003,9.844581e+001
1.212042e+003,9.847900e+001
1.212524e+003,9.851380e+001
1.213006e+003,9.854828e+001
1.213488e+003,9.858091e+001
1.213970e+003,9.861069e+001
1.214452e+003,9.863702e+001
1.214934e+003,9.865948e+001
1.215416e+003,9.867769e+001
1.215898e+003,9.869138e+001
1.216381e+003,9.870054e+001
1.216863e+003,9.870549e+001
1.217345e+003,9.870697e+001
1.217827e+003,9.870576e+001
1.218309e+003,9.870244e+001
1.218791e+003,9.869711e+001
1.219273e+003,9.868942e+001
1.219755e+003,9.867886e+001
1.220238e+003,9.866500e+001
1.220720e+003,9.864773e+001
1.221202e+003,9.862714e+001
1.221684e+003,9.860335e+001
1.222166e+003,9.857625e+001
1.222648e+003,9.854572e+001
1.223130e+003,9.851203e+001
1.223612e+003,9.847671e+001
1.224094e+003,9.844293e+001
1.224577e+003,9.841550e+001
1.225059e+003,9.839984e+001
1.225541e+003,9.840059e+001
1.226023e+003,9.841999e+001
1.226505e+003,9.845710e+001
1.226987e+003,9.850777e+001
1.227469e+003,9.856596e+001
1.227951e+003,9.862547e+001
1.228434e+003,9.868157e+001
1.228916e+003,9.873193e+001
1.229398e+003,9.877640e+001
1.229880e+003,9.881596e+001
1.230362e+003,9.885138e+001
1.230844e+003,9.888239e+001
1.231326e+003,9.890762e+001
1.231808e+003,9.892545e+001
1.232291e+003,9.893505e+001
1.232773e+003,9.893717e+001
1.233255e+003,9.893417e+001
1.233737e+003,9.892911e+001
1.234219e+003,9.892461e+001
1.234701e+003,9.892181e+001
1.235183e+003,9.892007e+001
1.235665e+003,9.891737e+001
1.236147e+003,9.891133e+001
1.236630e+003,9.890022e+001
1.237112e+003,9.888360e+001
1.237594e+003,9.886247e+001
1.238076e+003,9.883871e+001
1.238558e+003,9.881455e+001
1.239040e+003,9.879202e+001
1.239522e+003,9.877248e+001
1.240004e+003,9.875648e+001
1.240486e+003,9.874387e+001
1.240969e+003,9.873367e+001
1.241451e+003,9.872459e+001
1.241933e+003,9.871502e+001
1.242415e+003,9.870383e+001
1.242897e+003,9.869073e+001
1.243379e+003,9.867659e+001
1.243861e+003,9.866349e+001
1.244343e+003,9.865383e+001
1.244825e+003,9.864951e+001
1.245308e+003,9.865094e+001
1.245790e+003,9.865669e+001
1.246272e+003,9.866384e+001
1.246754e+003,9.866909e+001
1.247236e+003,9.866985e+001
1.247718e+003,9.866531e+001
1.248200e+003,9.865633e+001
1.248682e+003,9.864484e+001
1.249165e+003,9.863261e+001
1.249647e+003,9.862031e+001
1.250129e+003,9.860728e+001
1.250611e+003,9.859210e+001
1.251093e+003,9.857365e+001
1.251575e+003,9.855203e+001
1.252057e+003,9.852887e+001
1.252539e+003,9.850664e+001
1.253021e+003,9.848737e+001
1.253504e+003,9.847168e+001
1.253986e+003,9.845818e+001
1.254468e+003,9.844400e+001
1.254950e+003,9.842606e+001
1.255432e+003,9.840243e+001
1.255914e+003,9.837339e+001
1.256396e+003,9.834130e+001
1.256878e+003,9.830997e+001
1.257361e+003,9.828310e+001
1.257843e+003,9.826366e+001
1.258325e+003,9.825323e+001
1.258807e+003,9.825244e+001
1.259289e+003,9.826149e+001
1.259771e+003,9.828067e+001
1.260253e+003,9.831022e+001
1.260735e+003,9.834985e+001
1.261218e+003,9.839791e+001
1.261700e+003,9.845087e+001
1.262182e+003,9.850349e+001
1.262664e+003,9.854955e+001
1.263146e+003,9.858318e+001
1.263628e+003,9.859966e+001
1.264110e+003,9.859586e+001
1.264592e+003,9.856974e+001
1.265074e+003,9.851942e+001
1.265557e+003,9.844236e+001
1.266039e+003,9.833517e+001
1.266521e+003,9.819394e+001
1.267003e+003,9.801507e+001
1.267485e+003,9.779636e+001
1.267967e+003,9.753793e+001
1.268449e+003,9.724266e+001
1.268931e+003,9.691688e+001
1.269413e+003,9.657068e+001
1.269896e+003,9.621796e+001
1.270378e+003,9.587588e+001
1.270860e+003,9.556353e+001
1.271342e+003,9.529960e+001
1.271824e+003,9.509982e+001
1.272306e+003,9.497485e+001
1.272788e+003,9.492886e+001
1.273270e+003,9.495957e+001
1.273752e+003,9.505917e+001
1.274235e+003,9.521614e+001
1.274717e+003,9.541701e+001
1.275199e+003,9.564812e+001
1.275681e+003,9.589629e+001
1.276163e+003,9.614928e+001
1.276645e+003,9.639577e+001
1.277127e+003,9.662560e+001
1.277609e+003,9.683046e+001
1.278092e+003,9.700461e+001
1.278574e+003,9.714552e+001
1.279056e+003,9.725377e+001
1.279538e+003,9.733208e+001
1.280020e+003,9.738387e+001
1.280502e+003,9.741196e+001
1.280984e+003,9.741789e+001
1.281466e+003,9.740221e+001
1.281948e+003,9.736540e+001
1.282431e+003,9.730865e+001
1.282913e+003,9.723404e+001
1.283395e+003,9.714397e+001
1.283877e+003,9.704005e+001
1.284359e+003,9.692220e+001
1.284841e+003,9.678854e+001
1.285323e+003,9.663637e+001
1.285805e+003,9.646379e+001
1.286288e+003,9.627136e+001
1.286770e+003,9.606284e+001
1.287252e+003,9.584495e+001
1.287734e+003,9.562604e+001
1.288216e+003,9.541441e+001
1.288698e+003,9.521720e+001
1.289180e+003,9.504001e+001
1.289662e+003,9.488703e+001
1.290145e+003,9.476183e+001
1.290627e+003,9.466772e+001
1.291109e+003,9.460769e+001
1.291591e+003,9.458368e+001
1.292073e+003,9.459586e+001
1.292555e+003,9.464218e+001
1.293037e+003,9.471867e+001
1.293519e+003,9.482042e+001
1.294001e+003,9.494284e+001
1.294484e+003,9.508268e+001
1.294966e+003,9.523820e+001
1.295448e+003,9.540855e+001
1.295930e+003,9.559261e+001
1.296412e+003,9.578812e+001
1.296894e+003,9.599142e+001
1.297376e+003,9.619796e+001
1.297858e+003,9.640327e+001
1.298340e+003,9.660398e+001
1.298823e+003,9.679789e+001
1.299305e+003,9.698355e+001
1.299787e+003,9.715945e+001
1.300269e+003,9.732349e+001
1.300751e+003,9.747321e+001
1.301233e+003,9.760668e+001
1.301715e+003,9.772356e+001
1.302197e+003,9.782561e+001
1.302679e+003,9.791621e+001
1.303162e+003,9.799918e+001
1.303644e+003,9.807706e+001
1.304126e+003,9.815029e+001
1.304608e+003,9.821736e+001
1.305090e+003,9.827581e+001
1.305572e+003,9.832413e+001
1.306054e+003,9.836273e+001
1.306536e+003,9.839412e+001
1.307019e+003,9.842188e+001
1.307501e+003,9.844905e+001
1.307983e+003,9.847675e+001
1.308465e+003,9.850384e+001
1.308947e+003,9.852750e+001
1.309429e+003,9.854467e+001
1.309911e+003,9.855345e+001
1.310393e+003,9.855378e+001
1.310875e+003,9.854719e+001
1.311358e+003,9.853614e+001
1.311840e+003,9.852316e+001
1.312322e+003,9.851036e+001
1.312804e+003,9.849951e+001
1.313286e+003,9.849203e+001
1.313768e+003,9.848871e+001
1.314250e+003,9.848970e+001
1.314732e+003,9.849383e+001
1.315215e+003,9.849838e+001
1.315697e+003,9.849963e+001
1.316179e+003,9.849387e+001
1.316661e+003,9.847922e+001
1.317143e+003,9.845694e+001
1.317625e+003,9.843182e+001
1.318107e+003,9.841093e+001
1.318589e+003,9.840137e+001
1.319072e+003,9.840764e+001
1.319554e+003,9.842998e+001
1.320036e+003,9.846436e+001
1.320518e+003,9.850411e+001
1.321000e+003,9.854261e+001
1.321482e+003,9.857531e+001
1.321964e+003,9.860061e+001
1.322446e+003,9.861913e+001
1.322928e+003,9.863206e+001
1.323411e+003,9.863957e+001
1.323893e+003,9.864024e+001
1.324375e+003,9.863179e+001
1.324857e+003,9.861238e+001
1.325339e+003,9.858195e+001
1.325821e+003,9.854263e+001
1.326303e+003,9.849802e+001
1.326785e+003,9.845174e+001
1.327267e+003,9.840603e+001
1.327750e+003,9.836106e+001
1.328232e+003,9.831515e+001
1.328714e+003,9.826566e+001
1.329196e+003,9.821014e+001
1.329678e+003,9.814678e+001
1.330160e+003,9.807420e+001
1.330642e+003,9.799089e+001
1.331124e+003,9.789459e+001
1.331606e+003,9.778226e+001
1.332089e+003,9.765068e+001
1.332571e+003,9.749744e+001
1.333053e+003,9.732153e+001
1.333535e+003,9.712334e+001
1.334017e+003,9.690385e+001
1.334499e+003,9.666349e+001
1.334981e+003,9.640134e+001
1.335463e+003,9.611485e+001
1.335946e+003,9.580062e+001
1.336428e+003,9.545513e+001
1.336910e+003,9.507598e+001
1.337392e+003,9.466270e+001
1.337874e+003,9.421777e+001
1.338356e+003,9.374711e+001
1.338838e+003,9.326045e+001
1.339320e+003,9.277008e+001
1.339802e+003,9.228873e+001
1.340285e+003,9.182695e+001
1.340767e+003,9.139204e+001
1.341249e+003,9.098878e+001
1.341731e+003,9.062153e+001
1.342213e+003,9.029591e+001
1.342695e+003,9.001956e+001
1.343177e+003,8.980199e+001
1.343659e+003,8.965323e+001
1.344142e+003,8.958215e+001
1.344624e+003,8.959416e+001
1.345106e+003,8.968906e+001
1.345588e+003,8.985999e+001
1.346070e+003,9.009377e+001
1.346552e+003,9.037302e+001
1.347034e+003,9.067996e+001
1.347516e+003,9.100058e+001
1.347999e+003,9.132878e+001
1.348481e+003,9.166801e+001
1.348963e+003,9.203014e+001
1.349445e+003,9.243083e+001
1.349927e+003,9.288313e+001
1.350409e+003,9.339111e+001
1.350891e+003,9.394604e+001
1.351373e+003,9.452650e+001
1.351855e+003,9.510284e+001
1.352338e+003,9.564421e+001
1.352820e+003,9.612589e+001
1.353302e+003,9.653403e+001
1.353784e+003,9.686693e+001
1.354266e+003,9.713280e+001
1.354748e+003,9.734564e+001
1.355230e+003,9.752054e+001
1.355712e+003,9.767024e+001
1.356194e+003,9.780317e+001
1.356677e+003,9.792305e+001
1.357159e+003,9.802937e+001
1.357641e+003,9.811820e+001
1.358123e+003,9.818334e+001
1.358605e+003,9.821781e+001
1.359087e+003,9.821620e+001
1.359569e+003,9.817696e+001
1.360051e+003,9.810455e+001
1.360533e+003,9.801038e+001
1.361016e+003,9.791258e+001
1.361498e+003,9.783386e+001
1.361980e+003,9.779734e+001
1.362462e+003,9.782014e+001
1.362944e+003,9.790668e+001
1.363426e+003,9.804553e+001
1.363908e+003,9.821278e+001
1.364390e+003,9.838032e+001
1.364873e+003,9.852444e+001
1.365355e+003,9.862975e+001
1.365837e+003,9.868928e+001
1.366319e+003,9.870271e+001
1.366801e+003,9.867543e+001
1.367283e+003,9.861826e+001
1.367765e+003,9.854670e+001
1.368247e+003,9.847794e+001
1.368729e+003,9.842622e+001
1.369212e+003,9.839857e+001
1.369694e+003,9.839218e+001
1.370176e+003,9.839561e+001
1.370658e+003,9.839259e+001
1.371140e+003,9.836763e+001
1.371622e+003,9.831116e+001
1.372104e+003,9.822337e+001
1.372586e+003,9.811581e+001
1.373069e+003,9.800999e+001
1.373551e+003,9.793283e+001
1.374033e+003,9.790813e+001
1.374515e+003,9.794711e+001
1.374997e+003,9.804359e+001
1.375479e+003,9.817690e+001
1.375961e+003,9.832149e+001
1.376443e+003,9.845593e+001
1.376926e+003,9.856744e+001
1.377408e+003,9.865091e+001
1.377890e+003,9.870609e+001
1.378372e+003,9.873512e+001
1.378854e+003,9.874093e+001
1.379336e+003,9.872672e+001
1.379818e+003,9.869617e+001
1.380300e+003,9.865378e+001
1.380782e+003,9.860509e+001
1.381265e+003,9.855625e+001
1.381747e+003,9.851329e+001
1.382229e+003,9.848074e+001
1.382711e+003,9.846111e+001
1.383193e+003,9.845457e+001
1.383675e+003,9.845948e+001
1.384157e+003,9.847293e+001
1.384639e+003,9.849110e+001
1.385121e+003,9.851015e+001
1.385604e+003,9.852824e+001
1.386086e+003,9.854760e+001
1.386568e+003,9.857500e+001
1.387050e+003,9.861759e+001
1.387532e+003,9.867657e+001
1.388014e+003,9.874329e+001
1.388496e+003,9.880187e+001
1.388978e+003,9.883636e+001
1.389460e+003,9.883761e+001
1.389943e+003,9.880563e+001
1.390425e+003,9.874818e+001
1.390907e+003,9.867661e+001
1.391389e+003,9.860133e+001
1.391871e+003,9.852746e+001
1.392353e+003,9.845332e+001
1.392835e+003,9.837189e+001
1.393317e+003,9.827578e+001
1.393800e+003,9.816313e+001
1.394282e+003,9.804060e+001
1.394764e+003,9.792049e+001
1.395246e+003,9.781450e+001
1.395728e+003,9.772913e+001
1.396210e+003,9.766605e+001
1.396692e+003,9.762490e+001
1.397174e+003,9.760528e+001
1.397656e+003,9.760696e+001
1.398139e+003,9.762944e+001
1.398621e+003,9.767144e+001
1.399103e+003,9.772849e+001
1.399585e+003,9.779047e+001
1.400067e+003,9.784211e+001
1.400549e+003,9.786749e+001
1.401031e+003,9.785580e+001
1.401513e+003,9.780365e+001
1.401996e+003,9.771320e+001
1.402478e+003,9.758895e+001
1.402960e+003,9.743641e+001
1.403442e+003,9.726360e+001
1.403924e+003,9.708334e+001
1.404406e+003,9.691349e+001
1.404888e+003,9.677365e+001
1.405370e+003,9.667979e+001
1.405853e+003,9.663937e+001
1.406335e+003,9.664994e+001
1.406817e+003,9.670036e+001
1.407299e+003,9.677351e+001
1.407781e+003,9.684937e+001
1.408263e+003,9.690850e+001
1.408745e+003,9.693587e+001
1.409227e+003,9.692424e+001
1.409709e+003,9.687578e+001
1.410192e+003,9.680038e+001
1.410674e+003,9.671093e+001
1.411156e+003,9.661722e+001
1.411638e+003,9.652117e+001
1.412120e+003,9.641555e+001
1.412602e+003,9.628679e+001
1.413084e+003,9.612058e+001
1.413566e+003,9.590817e+001
1.414048e+003,9.565081e+001
1.414531e+003,9.536066e+001
1.415013e+003,9.505797e+001
1.415495e+003,9.476552e+001
1.415977e+003,9.450271e+001
1.416459e+003,9.428158e+001
1.416941e+003,9.410628e+001
1.417423e+003,9.397664e+001
1.417905e+003,9.389314e+001
1.418387e+003,9.385747e+001
1.418870e+003,9.386308e+001
1.419352e+003,9.387988e+001
1.419834e+003,9.385001e+001
1.420316e+003,9.370692e+001
1.420798e+003,9.340461e+001
1.421280e+003,9.293232e+001
1.421762e+003,9.230689e+001
1.422244e+003,9.155542e+001
1.422727e+003,9.070343e+001
1.423209e+003,8.977367e+001
1.423691e+003,8.879057e+001
1.424173e+003,8.778185e+001
1.424655e+003,8.677389e+001
1.425137e+003,8.578506e+001
1.425619e+003,8.482401e+001
1.426101e+003,8.389294e+001
1.426583e+003,8.299339e+001
1.427066e+003,8.213025e+001
1.427548e+003,8.131409e+001
1.428030e+003,8.056125e+001
1.428512e+003,7.989101e+001
1.428994e+003,7.931962e+001
1.429476e+003,7.885405e+001
1.429958e+003,7.848921e+001
1.430440e+003,7.821070e+001
1.430923e+003,7.800103e+001
1.431405e+003,7.784578e+001
1.431887e+003,7.773734e+001
1.432369e+003,7.767589e+001
1.432851e+003,7.766822e+001
1.433333e+003,7.772545e+001
1.433815e+003,7.785976e+001
1.434297e+003,7.808192e+001
1.434780e+003,7.840108e+001
1.435262e+003,7.882707e+001
1.435744e+003,7.937035e+001
1.436226e+003,8.003323e+001
1.436708e+003,8.079259e+001
1.437190e+003,8.159241e+001
1.437672e+003,8.236281e+001
1.438154e+003,8.305487e+001
1.438636e+003,8.365902e+001
1.439119e+003,8.419448e+001
1.439601e+003,8.468460e+001
1.440083e+003,8.513837e+001
1.440565e+003,8.554675e+001
1.441047e+003,8.589137e+001
1.441529e+003,8.615840e+001
1.442011e+003,8.634962e+001
1.442493e+003,8.648483e+001
1.442976e+003,8.659595e+001
1.443458e+003,8.671725e+001
1.443940e+003,8.687720e+001
1.444422e+003,8.709593e+001
1.444904e+003,8.738785e+001
1.445386e+003,8.776593e+001
1.445868e+003,8.824411e+001
1.446350e+003,8.883431e+001
1.446833e+003,8.953820e+001
1.447314e+003,9.033609e+001
1.447797e+003,9.118002e+001
1.448279e+003,9.199848e+001
1.448761e+003,9.271603e+001
1.449243e+003,9.327904e+001
1.449725e+003,9.367256e+001
1.450207e+003,9.391883e+001
1.450689e+003,9.406226e+001
1.451171e+003,9.415173e+001
1.451654e+003,9.422903e+001
1.452136e+003,9.432533e+001
1.452618e+003,9.446334e+001
1.453100e+003,9.466073e+001
1.453582e+003,9.493021e+001
1.454064e+003,9.527415e+001
1.454546e+003,9.567633e+001
1.455028e+003,9.609760e+001
1.455510e+003,9.648493e+001
1.455993e+003,9.679551e+001
1.456475e+003,9.702324e+001
1.456957e+003,9.720120e+001
1.457439e+003,9.736909e+001
1.457921e+003,9.753991e+001
1.458403e+003,9.770414e+001
1.458885e+003,9.785626e+001
1.459367e+003,9.800385e+001
1.459850e+003,9.815567e+001
1.460332e+003,9.830904e+001
1.460814e+003,9.844830e+001
1.461296e+003,9.855163e+001
1.461778e+003,9.859964e+001
1.462260e+003,9.858030e+001
1.462742e+003,9.849134e+001
1.463224e+003,9.834190e+001
1.463707e+003,9.815414e+001
1.464189e+003,9.796158e+001
1.464671e+003,9.779993e+001
1.465153e+003,9.769341e+001
1.465635e+003,9.764617e+001
1.466117e+003,9.764602e+001
1.466599e+003,9.767517e+001
1.467081e+003,9.771830e+001
1.467563e+003,9.776392e+001
1.468046e+003,9.780242e+001
1.468528e+003,9.782461e+001
1.469010e+003,9.782145e+001
1.469492e+003,9.778373e+001
1.469974e+003,9.770182e+001
1.470456e+003,9.756699e+001
1.470938e+003,9.737728e+001
1.471420e+003,9.714624e+001
1.471903e+003,9.690701e+001
1.472385e+003,9.670096e+001
1.472867e+003,9.655262e+001
1.473349e+003,9.645177e+001
1.473831e+003,9.636210e+001
1.474313e+003,9.624607e+001
1.474795e+003,9.608206e+001
1.475277e+003,9.586442e+001
1.475760e+003,9.559554e+001
1.476241e+003,9.527982e+001
1.476724e+003,9.492326e+001
1.477206e+003,9.453666e+001
1.477688e+003,9.413927e+001
1.478170e+003,9.376026e+001
1.478652e+003,9.343598e+001
1.479134e+003,9.320410e+001
1.479616e+003,9.309617e+001
1.480098e+003,9.313128e+001
1.480581e+003,9.331138e+001
1.481063e+003,9.361931e+001
1.481545e+003,9.402063e+001
1.482027e+003,9.446969e+001
1.482509e+003,9.491930e+001
1.482991e+003,9.532981e+001
1.483473e+003,9.567467e+001
1.483955e+003,9.594067e+001
1.484438e+003,9.612557e+001
1.484920e+003,9.623562e+001
1.485402e+003,9.628407e+001
1.485884e+003,9.629036e+001
1.486366e+003,9.627796e+001
1.486848e+003,9.627094e+001
1.487330e+003,9.628988e+001
1.487812e+003,9.634937e+001
1.488294e+003,9.645772e+001
1.488777e+003,9.661821e+001
1.489259e+003,9.682953e+001
1.489741e+003,9.708267e+001
1.490223e+003,9.735663e+001
1.490705e+003,9.761804e+001
1.491187e+003,9.783140e+001
1.491669e+003,9.797527e+001
1.492151e+003,9.805315e+001
1.492634e+003,9.809090e+001
1.493116e+003,9.812356e+001
1.493598e+003,9.818009e+001
1.494080e+003,9.827321e+001
1.494562e+003,9.839672e+001
1.495044e+003,9.853011e+001
1.495526e+003,9.864706e+001
1.496008e+003,9.872367e+001
1.496490e+003,9.874367e+001
1.496973e+003,9.870081e+001
1.497455e+003,9.860008e+001
1.497937e+003,9.845807e+001
1.498419e+003,9.829948e+001
1.498901e+003,9.814931e+001
1.499383e+003,9.802326e+001
1.499865e+003,9.792164e+001
1.500347e+003,9.783032e+001
1.500830e+003,9.772925e+001
1.501312e+003,9.760430e+001
1.501794e+003,9.745697e+001
1.502276e+003,9.730621e+001
1.502758e+003,9.718105e+001
1.503240e+003,9.710657e+001
1.503722e+003,9.708853e+001
1.504204e+003,9.710400e+001
1.504687e+003,9.710454e+001
1.505168e+003,9.703916e+001
1.505651e+003,9.689478e+001
1.506133e+003,9.673224e+001
1.506615e+003,9.667290e+001
1.507097e+003,9.681403e+001
1.507579e+003,9.714255e+001
1.508061e+003,9.755389e+001
1.508543e+003,9.794762e+001
1.509025e+003,9.828307e+001
1.509508e+003,9.856389e+001
1.509990e+003,9.880013e+001
1.510472e+003,9.898493e+001
1.510954e+003,9.909324e+001
1.511436e+003,9.909446e+001
1.511918e+003,9.896871e+001
1.512400e+003,9.871732e+001
1.512882e+003,9.836355e+001
1.513365e+003,9.794455e+001
1.513847e+003,9.750056e+001
1.514329e+003,9.706676e+001
1.514811e+003,9.667159e+001
1.515293e+003,9.634097e+001
1.515775e+003,9.610339e+001
1.516257e+003,9.598833e+001
1.516739e+003,9.601293e+001
1.517221e+003,9.616570e+001
1.517704e+003,9.640325e+001
1.518186e+003,9.666534e+001
1.518668e+003,9.689505e+001
1.519150e+003,9.705051e+001
1.519632e+003,9.710967e+001
1.520114e+003,9.707931e+001
1.520596e+003,9.700598e+001
1.521078e+003,9.696992e+001
1.521561e+003,9.704475e+001
1.522043e+003,9.724545e+001
1.522525e+003,9.751825e+001
1.523007e+003,9.778406e+001
1.523489e+003,9.798573e+001
1.523971e+003,9.810011e+001
1.524453e+003,9.812504e+001
1.524935e+003,9.806748e+001
1.525417e+003,9.794239e+001
1.525900e+003,9.777654e+001
1.526382e+003,9.760699e+001
1.526864e+003,9.747176e+001
1.527346e+003,9.739839e+001
1.527828e+003,9.739578e+001
1.528310e+003,9.745225e+001
1.528792e+003,9.753893e+001
1.529274e+003,9.761846e+001
1.529757e+003,9.765652e+001
1.530239e+003,9.763203e+001
1.530721e+003,9.754147e+001
1.531203e+003,9.739605e+001
1.531685e+003,9.721626e+001
1.532167e+003,9.702832e+001
1.532649e+003,9.686308e+001
1.533131e+003,9.674887e+001
1.533614e+003,9.669350e+001
1.534095e+003,9.666991e+001
1.534578e+003,9.663122e+001
1.535060e+003,9.654897e+001
1.535542e+003,9.643629e+001
1.536024e+003,9.633456e+001
1.536506e+003,9.627992e+001
1.536988e+003,9.627528e+001
1.537470e+003,9.628114e+001
1.537952e+003,9.622974e+001
1.538435e+003,9.605966e+001
1.538917e+003,9.575957e+001
1.539399e+003,9.539320e+001
1.539881e+003,9.507370e+001
1.540363e+003,9.489154e+001
1.540845e+003,9.485475e+001
1.541327e+003,9.489722e+001
1.541809e+003,9.493618e+001
1.542292e+003,9.492052e+001
1.542774e+003,9.484323e+001
1.543256e+003,9.473021e+001
1.543738e+003,9.462299e+001
1.544220e+003,9.456241e+001
1.544702e+003,9.457410e+001
1.545184e+003,9.465924e+001
1.545666e+003,9.479585e+001
1.546148e+003,9.495230e+001
1.546631e+003,9.510457e+001
1.547113e+003,9.524578e+001
1.547595e+003,9.538415e+001
1.548077e+003,9.553510e+001
1.548559e+003,9.571409e+001
1.549041e+003,9.593223e+001
1.549523e+003,9.619279e+001
1.550005e+003,9.648766e+001
1.550488e+003,9.679655e+001
1.550970e+003,9.709261e+001
1.551452e+003,9.734963e+001
1.551934e+003,9.754543e+001
1.552416e+003,9.766125e+001
1.552898e+003,9.768311e+001
1.553380e+003,9.760883e+001
1.553862e+003,9.745644e+001
1.554344e+003,9.726591e+001
1.554827e+003,9.709064e+001
1.555309e+003,9.698347e+001
1.555791e+003,9.698289e+001
1.556273e+003,9.710278e+001
1.556755e+003,9.732926e+001
1.557237e+003,9.763313e+001
1.557719e+003,9.800693e+001
1.558201e+003,9.851353e+001
1.558684e+003,9.928013e+001
1.559166e+003,1.003551e+002
1.559648e+003,1.015282e+002
1.560130e+003,1.024163e+002
1.560612e+003,1.027679e+002
1.561094e+003,1.025969e+002
1.561576e+003,1.020789e+002
1.562058e+003,1.014105e+002
1.562541e+003,1.007363e+002
1.563022e+003,1.001371e+002
1.563505e+003,9.964477e+001
1.563987e+003,9.926156e+001
1.564469e+003,9.897353e+001
1.564951e+003,9.875649e+001
1.565433e+003,9.857974e+001
1.565915e+003,9.841289e+001
1.566397e+003,9.823508e+001
1.566879e+003,9.804147e+001
1.567362e+003,9.784492e+001
1.567844e+003,9.767548e+001
1.568326e+003,9.757794e+001
1.568808e+003,9.760400e+001
1.569290e+003,9.779105e+001
1.569772e+003,9.813179e+001
1.570254e+003,9.855836e+001
1.570736e+003,9.896490e+001
1.571219e+003,9.925975e+001
1.571701e+003,9.940759e+001
1.572183e+003,9.943432e+001
1.572665e+003,9.940222e+001
1.573147e+003,9.937773e+001
1.573629e+003,9.940752e+001
1.574111e+003,9.950906e+001
1.574593e+003,9.967459e+001
1.575075e+003,9.988386e+001
1.575558e+003,1.001157e+002
1.576040e+003,1.003481e+002
1.576522e+003,1.005481e+002
1.577004e+003,1.006728e+002
1.577486e+003,1.006910e+002
1.577968e+003,1.006067e+002
1.578450e+003,1.004575e+002
1.578932e+003,1.002922e+002
1.579415e+003,1.001463e+002
1.579897e+003,1.000312e+002
1.580379e+003,9.993653e+001
1.580861e+003,9.984132e+001
1.581343e+003,9.972536e+001
1.581825e+003,9.957703e+001
1.582307e+003,9.939525e+001
1.582789e+003,9.918760e+001
1.583271e+003,9.896683e+001
1.583754e+003,9.874853e+001
1.584236e+003,9.855021e+001
1.584718e+003,9.839098e+001
1.585200e+003,9.828998e+001
1.585682e+003,9.826299e+001
1.586164e+003,9.831731e+001
1.586646e+003,9.844743e+001
1.587128e+003,9.863284e+001
1.587611e+003,9.883969e+001
1.588093e+003,9.902692e+001
1.588575e+003,9.915619e+001
1.589057e+003,9.920255e+001
1.589539e+003,9.916186e+001
1.590021e+003,9.905121e+001
1.590503e+003,9.890231e+001
1.590985e+003,9.875068e+001
1.591468e+003,9.862504e+001
1.591949e+003,9.854076e+001
1.592432e+003,9.849809e+001
1.592914e+003,9.848521e+001
1.593396e+003,9.848426e+001
1.593878e+003,9.847790e+001
1.594360e+003,9.845440e+001
1.594842e+003,9.840994e+001
1.595324e+003,9.834798e+001
1.595806e+003,9.827695e+001
1.596289e+003,9.820726e+001
1.596771e+003,9.814869e+001
1.597253e+003,9.810861e+001
1.597735e+003,9.809073e+001
1.598217e+003,9.809416e+001
1.598699e+003,9.811254e+001
1.599181e+003,9.813377e+001
1.599663e+003,9.814148e+001
1.600146e+003,9.811819e+001
1.600628e+003,9.805024e+001
1.601110e+003,9.793272e+001
1.601592e+003,9.777283e+001
1.602074e+003,9.758984e+001
1.602556e+003,9.741182e+001
1.603038e+003,9.726965e+001
1.603520e+003,9.719000e+001
1.604002e+003,9.718922e+001
1.604485e+003,9.726940e+001
1.604967e+003,9.741792e+001
1.605449e+003,9.760973e+001
1.605931e+003,9.781209e+001
1.606413e+003,9.799009e+001
1.606895e+003,9.811337e+001
1.607377e+003,9.816275e+001
1.607859e+003,9.813483e+001
1.608342e+003,9.804285e+001
1.608824e+003,9.791247e+001
1.609306e+003,9.777369e+001
1.609788e+003,9.765203e+001
1.610270e+003,9.756190e+001
1.610752e+003,9.750410e+001
1.611234e+003,9.746803e+001
1.611716e+003,9.743828e+001
1.612198e+003,9.740280e+001
1.612681e+003,9.735921e+001
1.613163e+003,9.731551e+001
1.613645e+003,9.728467e+001
1.614127e+003,9.727686e+001
1.614609e+003,9.729455e+001
1.615091e+003,9.733580e+001
1.615573e+003,9.740364e+001
1.616055e+003,9.751166e+001
1.616538e+003,9.767385e+001
1.617020e+003,9.788128e+001
1.617502e+003,9.809207e+001
1.617984e+003,9.825104e+001
1.618466e+003,9.832166e+001
1.618948e+003,9.829890e+001
1.619430e+003,9.819780e+001
1.619912e+003,9.803491e+001
1.620395e+003,9.781841e+001
1.620876e+003,9.755119e+001
1.621359e+003,9.724297e+001
1.621841e+003,9.692305e+001
1.622323e+003,9.664283e+001
1.622805e+003,9.646095e+001
1.623287e+003,9.641512e+001
1.623769e+003,9.649753e+001
1.624251e+003,9.665507e+001
1.624733e+003,9.681485e+001
1.625216e+003,9.691682e+001
1.625698e+003,9.693333e+001
1.626180e+003,9.687046e+001
1.626662e+003,9.675764e+001
1.627144e+003,9.663313e+001
1.627626e+003,9.652876e+001
1.628108e+003,9.645708e+001
1.628590e+003,9.640516e+001
1.629073e+003,9.634072e+001
1.629555e+003,9.622891e+001
1.630037e+003,9.605062e+001
1.630519e+003,9.581246e+001
1.631001e+003,9.554495e+001
1.631483e+003,9.529261e+001
1.631965e+003,9.510172e+001
1.632447e+003,9.500988e+001
1.632929e+003,9.503996e+001
1.633412e+003,9.519957e+001
1.633894e+003,9.548628e+001
1.634376e+003,9.589630e+001
1.634858e+003,9.642821e+001
1.635340e+003,9.707049e+001
1.635822e+003,9.777296e+001
1.636304e+003,9.843237e+001
1.636786e+003,9.892744e+001
1.637269e+003,9.918629e+001
1.637751e+003,9.922168e+001
1.638233e+003,9.910900e+001
1.638715e+003,9.893842e+001
1.639197e+003,9.877812e+001
1.639679e+003,9.866089e+001
1.640161e+003,9.858773e+001
1.640643e+003,9.854059e+001
1.641125e+003,9.849675e+001
1.641608e+003,9.844013e+001
1.642090e+003,9.836596e+001
1.642572e+003,9.827860e+001
1.643054e+003,9.818475e+001
1.643536e+003,9.808681e+001
1.644018e+003,9.798066e+001
1.644500e+003,9.785888e+001
1.644982e+003,9.771854e+001
1.645465e+003,9.756966e+001
1.645947e+003,9.743826e+001
1.646429e+003,9.735747e+001
1.646911e+003,9.734509e+001
1.647393e+003,9.738286e+001
1.647875e+003,9.742383e+001
1.648357e+003,9.743250e+001
1.648839e+003,9.742220e+001
1.649322e+003,9.745565e+001
1.649803e+003,9.761136e+001
1.650286e+003,9.794119e+001
1.650768e+003,9.843908e+001
1.651250e+003,9.903294e+001
1.651732e+003,9.961057e+001
1.652214e+003,1.000825e+002
1.652696e+003,1.004454e+002
1.653178e+003,1.007641e+002
1.653660e+003,1.010501e+002
1.654143e+003,1.012060e+002
1.654625e+003,1.011449e+002
1.655107e+003,1.008967e+002
1.655589e+003,1.005724e+002
1.656071e+003,1.002809e+002
1.656553e+003,1.000809e+002
1.657035e+003,9.997685e+001
1.657517e+003,9.993475e+001
1.658000e+003,9.990363e+001
1.658482e+003,9.983266e+001
1.658964e+003,9.968237e+001
1.659446e+003,9.942953e+001
1.659928e+003,9.906917e+001
1.660410e+003,9.861594e+001
1.660892e+003,9.810762e+001
1.661374e+003,9.760758e+001
1.661856e+003,9.720049e+001
1.662339e+003,9.697409e+001
1.662821e+003,9.698711e+001
1.663303e+003,9.723847e+001
1.663785e+003,9.766020e+001
1.664267e+003,9.814381e+001
1.664749e+003,9.858296e+001
1.665231e+003,9.890524e+001
1.665713e+003,9.908015e+001
1.666196e+003,9.910928e+001
1.666678e+003,9.901173e+001
1.667160e+003,9.881372e+001
1.667642e+003,9.854556e+001
1.668124e+003,9.824321e+001
1.668606e+003,9.795045e+001
1.669088e+003,9.771574e+001
1.669570e+003,9.758221e+001
1.670052e+003,9.757448e+001
1.670535e+003,9.769164e+001
1.671017e+003,9.791251e+001
1.671499e+003,9.820872e+001
1.671981e+003,9.855500e+001
1.672463e+003,9.892902e+001
1.672945e+003,9.930365e+001
1.673427e+003,9.964083e+001
1.673909e+003,9.989404e+001
1.674392e+003,1.000223e+002
1.674874e+003,1.000062e+002
1.675356e+003,9.985172e+001
1.675838e+003,9.958014e+001
1.676320e+003,9.921762e+001
1.676802e+003,9.879660e+001
1.677284e+003,9.835776e+001
1.677766e+003,9.794163e+001
1.678249e+003,9.757570e+001
1.678730e+003,9.726788e+001
1.679213e+003,9.701003e+001
1.679695e+003,9.678789e+001
1.680177e+003,9.659171e+001
1.680659e+003,9.642191e+001
1.681141e+003,9.628861e+001
1.681623e+003,9.620595e+001
1.682105e+003,9.618745e+001
1.682587e+003,9.625060e+001
1.683070e+003,9.643284e+001
1.683552e+003,9.679945e+001
1.684034e+003,9.740463e+001
1.684516e+003,9.820521e+001
1.684998e+003,9.902383e+001
1.685480e+003,9.964832e+001
1.685962e+003,9.997079e+001
1.686444e+003,1.000217e+002
1.686927e+003,9.990636e+001
1.687409e+003,9.973183e+001
1.687891e+003,9.956797e+001
1.688373e+003,9.944118e+001
1.688855e+003,9.934429e+001
1.689337e+003,9.925098e+001
1.689819e+003,9.912950e+001
1.690301e+003,9.895461e+001
1.690783e+003,9.871706e+001
1.691266e+003,9.842928e+001
1.691748e+003,9.812468e+001
1.692230e+003,9.784938e+001
1.692712e+003,9.764770e+001
1.693194e+003,9.754689e+001
1.693676e+003,9.754701e+001
1.694158e+003,9.762206e+001
1.694640e+003,9.773348e+001
1.695123e+003,9.784805e+001
1.695605e+003,9.794480e+001
1.696087e+003,9.800854e+001
1.696569e+003,9.802820e+001
1.697051e+003,9.801190e+001
1.697533e+003,9.799724e+001
1.698015e+003,9.803588e+001
1.698497e+003,9.816711e+001
1.698979e+003,9.840728e+001
1.699462e+003,9.875978e+001
1.699944e+003,9.921795e+001
1.700426e+003,9.973251e+001
1.700908e+003,1.001805e+002
1.701390e+003,1.004164e+002
1.701872e+003,1.003763e+002
1.702354e+003,1.001133e+002
1.702836e+003,9.974038e+001
1.703319e+003,9.935972e+001
1.703801e+003,9.903133e+001
1.704283e+003,9.878156e+001
1.704765e+003,9.862509e+001
1.705247e+003,9.857676e+001
1.705729e+003,9.864285e+001
1.706211e+003,9.880389e+001
1.706693e+003,9.900952e+001
1.707176e+003,9.919184e+001
1.707657e+003,9.928639e+001
1.708140e+003,9.925050e+001
1.708622e+003,9.907499e+001
1.709104e+003,9.878748e+001
1.709586e+003,9.844536e+001
1.710068e+003,9.811718e+001
1.710550e+003,9.785980e+001
1.711032e+003,9.770016e+001
1.711514e+003,9.762887e+001
1.711997e+003,9.760709e+001
1.712479e+003,9.758417e+001
1.712961e+003,9.751994e+001
1.713443e+003,9.740324e+001
1.713925e+003,9.725878e+001
1.714407e+003,9.713863e+001
1.714889e+003,9.710303e+001
1.715371e+003,9.720014e+001
1.715854e+003,9.745305e+001
1.716336e+003,9.785686e+001
1.716818e+003,9.838094e+001
1.717300e+003,9.897121e+001
1.717782e+003,9.955148e+001
1.718264e+003,1.000328e+002
1.718746e+003,1.003386e+002
1.719229e+003,1.004349e+002
1.719710e+003,1.003416e+002
1.720193e+003,1.001186e+002
1.720675e+003,9.983889e+001
1.721157e+003,9.956644e+001
1.721639e+003,9.934495e+001
1.722121e+003,9.919525e+001
1.722603e+003,9.911682e+001
1.723085e+003,9.909071e+001
1.723567e+003,9.908405e+001
1.724050e+003,9.905822e+001
1.724532e+003,9.898006e+001
1.725014e+003,9.883221e+001
1.725496e+003,9.861835e+001
1.725978e+003,9.836027e+001
1.726460e+003,9.808930e+001
1.726942e+003,9.783633e+001
1.727424e+003,9.762367e+001
1.727906e+003,9.746191e+001
1.728389e+003,9.735110e+001
1.728871e+003,9.728584e+001
1.729353e+003,9.726073e+001
1.729835e+003,9.727479e+001
1.730317e+003,9.733246e+001
1.730799e+003,9.744087e+001
1.731281e+003,9.760452e+001
1.731763e+003,9.782085e+001
1.732246e+003,9.808092e+001
1.732728e+003,9.837845e+001
1.733210e+003,9.872163e+001
1.733692e+003,9.912885e+001
1.734174e+003,9.959339e+001
1.734656e+003,1.000450e+002
1.735138e+003,1.003681e+002
1.735620e+003,1.004787e+002
1.736103e+003,1.003777e+002
1.736585e+003,1.001348e+002
1.737067e+003,9.983718e+001
1.737549e+003,9.954948e+001
1.738031e+003,9.930358e+001
1.738513e+003,9.910715e+001
1.738995e+003,9.895580e+001
1.739477e+003,9.883745e+001
1.739959e+003,9.872980e+001
1.740442e+003,9.860248e+001
1.740924e+003,9.842941e+001
1.741406e+003,9.820267e+001
1.741888e+003,9.793804e+001
1.742370e+003,9.766998e+001
1.742852e+003,9.744146e+001
1.743334e+003,9.729182e+001
1.743816e+003,9.724468e+001
1.744299e+003,9.729923e+001
1.744781e+003,9.742831e+001
1.745263e+003,9.758443e+001
1.745745e+003,9.771174e+001
1.746227e+003,9.776134e+001
1.746709e+003,9.770683e+001
1.747191e+003,9.755572e+001
1.747673e+003,9.735155e+001
1.748156e+003,9.716318e+001
1.748637e+003,9.706512e+001
1.749120e+003,9.711629e+001
1.749602e+003,9.734452e+001
1.750084e+003,9.773854e+001
1.750566e+003,9.824749e+001
1.751048e+003,9.878868e+001
1.751530e+003,9.926664e+001
1.752012e+003,9.960143e+001
1.752494e+003,9.975449e+001
1.752977e+003,9.973699e+001
1.753459e+003,9.959647e+001
1.753941e+003,9.939182e+001
1.754423e+003,9.917154e+001
1.754905e+003,9.896385e+001
1.755387e+003,9.877869e+001
1.755869e+003,9.861633e+001
1.756351e+003,9.847500e+001
1.756833e+003,9.835325e+001
1.757316e+003,9.824902e+001
1.757798e+003,9.815970e+001
1.758280e+003,9.808450e+001
1.758762e+003,9.802644e+001
1.759244e+003,9.799177e+001
1.759726e+003,9.798814e+001
1.760208e+003,9.802392e+001
1.760690e+003,9.810855e+001
1.761173e+003,9.825003e+001
1.761655e+003,9.844817e+001
1.762137e+003,9.868541e+001
1.762619e+003,9.892408e+001
1.763101e+003,9.911624e+001
1.763583e+003,9.922146e+001
1.764065e+003,9.922129e+001
1.764547e+003,9.912208e+001
1.765030e+003,9.894820e+001
1.765512e+003,9.873265e+001
1.765994e+003,9.850955e+001
1.766476e+003,9.830986e+001
1.766958e+003,9.815721e+001
1.767440e+003,9.806255e+001
1.767922e+003,9.801986e+001
1.768404e+003,9.800814e+001
1.768886e+003,9.800102e+001
1.769369e+003,9.797885e+001
1.769851e+003,9.793694e+001
1.770333e+003,9.788766e+001
1.770815e+003,9.785892e+001
1.771297e+003,9.788869e+001
1.771779e+003,9.801174e+001
1.772261e+003,9.823759e+001
1.772743e+003,9.853250e+001
1.773226e+003,9.882657e+001
1.773708e+003,9.904695e+001
1.774190e+003,9.915178e+001
1.774672e+003,9.914036e+001
1.775154e+003,9.903997e+001
1.775636e+003,9.888568e+001
1.776118e+003,9.870571e+001
1.776600e+003,9.851653e+001
1.777083e+003,9.832506e+001
1.777564e+003,9.813464e+001
1.778047e+003,9.795076e+001
1.778529e+003,9.778426e+001
1.779011e+003,9.765124e+001
1.779493e+003,9.756978e+001
1.779975e+003,9.755464e+001
1.780457e+003,9.761149e+001
1.780939e+003,9.773328e+001
1.781421e+003,9.790182e+001
1.781904e+003,9.809390e+001
1.782386e+003,9.828828e+001
1.782868e+003,9.846893e+001
1.783350e+003,9.862421e+001
1.783832e+003,9.874451e+001
1.784314e+003,9.882137e+001
1.784796e+003,9.884853e+001
1.785278e+003,9.882390e+001
1.785760e+003,9.875097e+001
1.786243e+003,9.863918e+001
1.786725e+003,9.850256e+001
1.787207e+003,9.835705e+001
1.787689e+003,9.821751e+001
1.788171e+003,9.809553e+001
1.788653e+003,9.799900e+001
1.789135e+003,9.793314e+001
1.789617e+003,9.790193e+001
1.790100e+003,9.790899e+001
1.790582e+003,9.795745e+001
1.791064e+003,9.804868e+001
1.791546e+003,9.817871e+001
1.792028e+003,9.833347e+001
1.792510e+003,9.848617e+001
1.792992e+003,9.860271e+001
1.793474e+003,9.865591e+001
1.793957e+003,9.863934e+001
1.794439e+003,9.856968e+001
1.794921e+003,9.847619e+001
1.795403e+003,9.838527e+001
1.795885e+003,9.830894e+001
1.796367e+003,9.824231e+001
1.796849e+003,9.816895e+001
1.797331e+003,9.807143e+001
1.797813e+003,9.794113e+001
1.798296e+003,9.778425e+001
1.798778e+003,9.762114e+001
1.799260e+003,9.748041e+001
1.799742e+003,9.739024e+001
1.800224e+003,9.736996e+001
1.800706e+003,9.742446e+001
1.801188e+003,9.754321e+001
1.801670e+003,9.770471e+001
1.802153e+003,9.788390e+001
1.802635e+003,9.805852e+001
1.803117e+003,9.821172e+001
1.803599e+003,9.833091e+001
1.804081e+003,9.840549e+001
1.804563e+003,9.842687e+001
1.805045e+003,9.839072e+001
1.805527e+003,9.830013e+001
1.806010e+003,9.816721e+001
1.806491e+003,9.801119e+001
1.806974e+003,9.785371e+001
1.807456e+003,9.771314e+001
1.807938e+003,9.760031e+001
1.808420e+003,9.751725e+001
1.808902e+003,9.745940e+001
1.809384e+003,9.742020e+001
1.809866e+003,9.739577e+001
1.810348e+003,9.738758e+001
1.810831e+003,9.740137e+001
1.811313e+003,9.744289e+001
1.811795e+003,9.751270e+001
1.812277e+003,9.760245e+001
1.812759e+003,9.769599e+001
1.813241e+003,9.777362e+001
1.813723e+003,9.781847e+001
1.814205e+003,9.782111e+001
1.814688e+003,9.778156e+001
1.815170e+003,9.770866e+001
1.815652e+003,9.761757e+001
1.816134e+003,9.752637e+001
1.816616e+003,9.745204e+001
1.817098e+003,9.740673e+001
1.817580e+003,9.739581e+001
1.818062e+003,9.741791e+001
1.818544e+003,9.746642e+001
1.819027e+003,9.753114e+001
1.819509e+003,9.759987e+001
1.819991e+003,9.765971e+001
1.820473e+003,9.769888e+001
1.820955e+003,9.770833e+001
1.821437e+003,9.768305e+001
1.821919e+003,9.762196e+001
1.822401e+003,9.752715e+001
1.822884e+003,9.740340e+001
1.823366e+003,9.725932e+001
1.823848e+003,9.710896e+001
1.824330e+003,9.697188e+001
1.824812e+003,9.686840e+001
1.825294e+003,9.681223e+001
1.825776e+003,9.680492e+001
1.826258e+003,9.683638e+001
1.826740e+003,9.688976e+001
1.827223e+003,9.694666e+001
1.827705e+003,9.699100e+001
1.828187e+003,9.701320e+001
1.828669e+003,9.701498e+001
1.829151e+003,9.701234e+001
1.829633e+003,9.703129e+001
1.830115e+003,9.709532e+001
1.830597e+003,9.721196e+001
1.831080e+003,9.736814e+001
1.831562e+003,9.753815e+001
1.832044e+003,9.769553e+001
1.832526e+003,9.782207e+001
1.833008e+003,9.790981e+001
1.833490e+003,9.795925e+001
1.833972e+003,9.797633e+001
1.834454e+003,9.796922e+001
1.834937e+003,9.794527e+001
1.835418e+003,9.790903e+001
1.835901e+003,9.786127e+001
1.836383e+003,9.780038e+001
1.836865e+003,9.772501e+001
1.837347e+003,9.763684e+001
1.837829e+003,9.754205e+001
1.838311e+003,9.745054e+001
1.838793e+003,9.737344e+001
1.839275e+003,9.732035e+001
1.839758e+003,9.729690e+001
1.840240e+003,9.730383e+001
1.840722e+003,9.733686e+001
1.841204e+003,9.738659e+001
1.841686e+003,9.743978e+001
1.842168e+003,9.748273e+001
1.842650e+003,9.750739e+001
1.843132e+003,9.751778e+001
1.843615e+003,9.753040e+001
1.844097e+003,9.756580e+001
1.844579e+003,9.763558e+001
1.845061e+003,9.773586e+001
1.845543e+003,9.785164e+001
1.846025e+003,9.796696e+001
1.846507e+003,9.807103e+001
1.846989e+003,9.815816e+001
1.847471e+003,9.822499e+001
1.847954e+003,9.826886e+001
1.848436e+003,9.828776e+001
1.848918e+003,9.828102e+001
1.849400e+003,9.824986e+001
1.849882e+003,9.819658e+001
1.850364e+003,9.812435e+001
1.850846e+003,9.803716e+001
1.851328e+003,9.794064e+001
1.851811e+003,9.784286e+001
1.852293e+003,9.775439e+001
1.852775e+003,9.768721e+001
1.853257e+003,9.765182e+001
1.853739e+003,9.765410e+001
1.854221e+003,9.769253e+001
1.854703e+003,9.775801e+001
1.855185e+003,9.783585e+001
1.855667e+003,9.791017e+001
1.856150e+003,9.796828e+001
1.856632e+003,9.800420e+001
1.857114e+003,9.801958e+001
1.857596e+003,9.802182e+001
1.858078e+003,9.802065e+001
1.858560e+003,9.802416e+001
1.859042e+003,9.803646e+001
1.859524e+003,9.805682e+001
1.860007e+003,9.808090e+001
1.860489e+003,9.810258e+001
1.860971e+003,9.811581e+001
1.861453e+003,9.811541e+001
1.861935e+003,9.809743e+001
1.862417e+003,9.805872e+001
1.862899e+003,9.799687e+001
1.863381e+003,9.791048e+001
1.863864e+003,9.779958e+001
1.864345e+003,9.766645e+001
1.864828e+003,9.751578e+001
1.865310e+003,9.735480e+001
1.865792e+003,9.719270e+001
1.866274e+003,9.704018e+001
1.866756e+003,9.690945e+001
1.867238e+003,9.681409e+001
1.867720e+003,9.676869e+001
1.868202e+003,9.678576e+001
1.868685e+003,9.687071e+001
1.869167e+003,9.701608e+001
1.869649e+003,9.720098e+001
1.870131e+003,9.739705e+001
1.870613e+003,9.757871e+001
1.871095e+003,9.773074e+001
1.871577e+003,9.784917e+001
1.872059e+003,9.793742e+001
1.872542e+003,9.800037e+001
1.873024e+003,9.804062e+001
1.873506e+003,9.805721e+001
1.873988e+003,9.804747e+001
1.874470e+003,9.800983e+001
1.874952e+003,9.794672e+001
1.875434e+003,9.786585e+001
1.875916e+003,9.777929e+001
1.876398e+003,9.770117e+001
1.876881e+003,9.764429e+001
1.877363e+003,9.761716e+001
1.877845e+003,9.762224e+001
1.878327e+003,9.765577e+001
1.878809e+003,9.770900e+001
1.879291e+003,9.777018e+001
1.879773e+003,9.782657e+001
1.880255e+003,9.786646e+001
1.880738e+003,9.788063e+001
1.881220e+003,9.786410e+001
1.881702e+003,9.781763e+001
1.882184e+003,9.774866e+001
1.882666e+003,9.767040e+001
1.883148e+003,9.759924e+001
1.883630e+003,9.755036e+001
1.884112e+003,9.753320e+001
1.884594e+003,9.754778e+001
1.885077e+003,9.758392e+001
1.885559e+003,9.762414e+001
1.886041e+003,9.764935e+001
1.886523e+003,9.764548e+001
1.887005e+003,9.760820e+001
1.887487e+003,9.754445e+001
1.887969e+003,9.747041e+001
1.888451e+003,9.740688e+001
1.888934e+003,9.737302e+001
1.889416e+003,9.737991e+001
1.889898e+003,9.742659e+001
1.890380e+003,9.750047e+001
1.890862e+003,9.758313e+001
1.891344e+003,9.765704e+001
1.891826e+003,9.771033e+001
1.892308e+003,9.773756e+001
1.892791e+003,9.773786e+001
1.893272e+003,9.771307e+001
1.893755e+003,9.766692e+001
1.894237e+003,9.760525e+001
1.894719e+003,9.753613e+001
1.895201e+003,9.746887e+001
1.895683e+003,9.741251e+001
1.896165e+003,9.737381e+001
1.896647e+003,9.735622e+001
1.897129e+003,9.735983e+001
1.897612e+003,9.738229e+001
1.898094e+003,9.742043e+001
1.898576e+003,9.747115e+001
1.899058e+003,9.753172e+001
1.899540e+003,9.759858e+001
1.900022e+003,9.766575e+001
1.900504e+003,9.772343e+001
1.900986e+003,9.775893e+001
1.901469e+003,9.775935e+001
1.901951e+003,9.771616e+001
1.902433e+003,9.762894e+001
1.902915e+003,9.750716e+001
1.903397e+003,9.736874e+001
1.903879e+003,9.723560e+001
1.904361e+003,9.712816e+001
1.904843e+003,9.706013e+001
1.905325e+003,9.703518e+001
1.905808e+003,9.704665e+001
1.906290e+003,9.708031e+001
1.906772e+003,9.711858e+001
1.907254e+003,9.714526e+001
1.907736e+003,9.714906e+001
1.908218e+003,9.712577e+001
1.908700e+003,9.707865e+001
1.909182e+003,9.701711e+001
1.909665e+003,9.695414e+001
1.910147e+003,9.690300e+001
1.910629e+003,9.687404e+001
1.911111e+003,9.687278e+001
1.911593e+003,9.689907e+001
1.912075e+003,9.694718e+001
1.912557e+003,9.700708e+001
1.913039e+003,9.706652e+001
1.913521e+003,9.711378e+001
1.914004e+003,9.713995e+001
1.914486e+003,9.714040e+001
1.914968e+003,9.711485e+001
1.915450e+003,9.706689e+001
1.915932e+003,9.700324e+001
1.916414e+003,9.693401e+001
1.916896e+003,9.687188e+001
1.917378e+003,9.683014e+001
1.917861e+003,9.681758e+001
1.918343e+003,9.683344e+001
1.918825e+003,9.686485e+001
1.919307e+003,9.689048e+001
1.919789e+003,9.688720e+001
1.920271e+003,9.683811e+001
1.920753e+003,9.673768e+001
1.921235e+003,9.659383e+001
1.921718e+003,9.642725e+001
1.922199e+003,9.626717e+001
1.922682e+003,9.614319e+001
1.923164e+003,9.607562e+001
1.923646e+003,9.606823e+001
1.924128e+003,9.610767e+001
1.924610e+003,9.617035e+001
1.925092e+003,9.623219e+001
1.925574e+003,9.627720e+001
1.926056e+003,9.630085e+001
1.926539e+003,9.630878e+001
1.927021e+003,9.631179e+001
1.927503e+003,9.631970e+001
1.927985e+003,9.633685e+001
1.928467e+003,9.636078e+001
1.928949e+003,9.638454e+001
1.929431e+003,9.640038e+001
1.929913e+003,9.640346e+001
1.930396e+003,9.639304e+001
1.930878e+003,9.637151e+001
1.931360e+003,9.634198e+001
1.931842e+003,9.630649e+001
1.932324e+003,9.626578e+001
1.932806e+003,9.622060e+001
1.933288e+003,9.617358e+001
1.933770e+003,9.612991e+001
1.934252e+003,9.609665e+001
1.934735e+003,9.607999e+001
1.935217e+003,9.608237e+001
1.935699e+003,9.610105e+001
1.936181e+003,9.612903e+001
1.936663e+003,9.615738e+001
1.937145e+003,9.617892e+001
1.937627e+003,9.618972e+001
1.938109e+003,9.618891e+001
1.938592e+003,9.617639e+001
1.939074e+003,9.615030e+001
1.939556e+003,9.610649e+001
1.940038e+003,9.603998e+001
1.940520e+003,9.594884e+001
1.941002e+003,9.583759e+001
1.941484e+003,9.571871e+001
1.941966e+003,9.561017e+001
1.942448e+003,9.552864e+001
1.942931e+003,9.548208e+001
1.943413e+003,9.546600e+001
1.943895e+003,9.546650e+001
1.944377e+003,9.546784e+001
1.944859e+003,9.546110e+001
1.945341e+003,9.544839e+001
1.945823e+003,9.544159e+001
1.946305e+003,9.545624e+001
1.946788e+003,9.550325e+001
1.947270e+003,9.558247e+001
1.947752e+003,9.568056e+001
1.948234e+003,9.577554e+001
1.948716e+003,9.584490e+001
1.949198e+003,9.587415e+001
1.949680e+003,9.586164e+001
1.950162e+003,9.581778e+001
1.950645e+003,9.575971e+001
1.951126e+003,9.570467e+001
1.951609e+003,9.566384e+001
1.952091e+003,9.563964e+001
1.952573e+003,9.562737e+001
1.953055e+003,9.561758e+001
1.953537e+003,9.559987e+001
1.954019e+003,9.556409e+001
1.954501e+003,9.550047e+001
1.954983e+003,9.539989e+001
1.955466e+003,9.525532e+001
1.955948e+003,9.506461e+001
1.956430e+003,9.483389e+001
1.956912e+003,9.457912e+001
1.957394e+003,9.432619e+001
1.957876e+003,9.410715e+001
1.958358e+003,9.395351e+001
1.958840e+003,9.388831e+001
1.959323e+003,9.391908e+001
1.959805e+003,9.403634e+001
1.960287e+003,9.421690e+001
1.960769e+003,9.443129e+001
1.961251e+003,9.465042e+001
1.961733e+003,9.484881e+001
1.962215e+003,9.500558e+001
1.962697e+003,9.510565e+001
1.963179e+003,9.514214e+001
1.963662e+003,9.511853e+001
1.964144e+003,9.504976e+001
1.964626e+003,9.495959e+001
1.965108e+003,9.487558e+001
1.965590e+003,9.482185e+001
1.966072e+003,9.481249e+001
1.966554e+003,9.484787e+001
1.967036e+003,9.491563e+001
1.967519e+003,9.499706e+001
1.968001e+003,9.507614e+001
1.968483e+003,9.514519e+001
1.968965e+003,9.520599e+001
1.969447e+003,9.526523e+001
1.969929e+003,9.532905e+001
1.970411e+003,9.539973e+001
1.970893e+003,9.547646e+001
1.971375e+003,9.556036e+001
1.971858e+003,9.565867e+001
1.972340e+003,9.578367e+001
1.972822e+003,9.594714e+001
1.973304e+003,9.614915e+001
1.973786e+003,9.636938e+001
1.974268e+003,9.656649e+001
1.974750e+003,9.669158e+001
1.975232e+003,9.670866e+001
1.975715e+003,9.661803e+001
1.976197e+003,9.646368e+001
1.976679e+003,9.632546e+001
1.977161e+003,9.629311e+001
1.977643e+003,9.643349e+001
1.978125e+003,9.676448e+001
1.978607e+003,9.724760e+001
1.979089e+003,9.780531e+001
1.979572e+003,9.835236e+001
1.980053e+003,9.882390e+001
1.980536e+003,9.918745e+001
1.981018e+003,9.943936e+001
1.981500e+003,9.959148e+001
1.981982e+003,9.965849e+001
1.982464e+003,9.964994e+001
1.982946e+003,9.956962e+001
1.983428e+003,9.942081e+001
1.983910e+003,9.921291e+001
1.984393e+003,9.896547e+001
1.984875e+003,9.870694e+001
1.985357e+003,9.846858e+001
1.985839e+003,9.827663e+001
1.986321e+003,9.814555e+001
1.986803e+003,9.807632e+001
1.987285e+003,9.805981e+001
1.987767e+003,9.808281e+001
1.988250e+003,9.813414e+001
1.988732e+003,9.820596e+001
1.989214e+003,9.829218e+001
1.989696e+003,9.838553e+001
1.990178e+003,9.847571e+001
1.990660e+003,9.855067e+001
1.991142e+003,9.859983e+001
1.991624e+003,9.861842e+001
1.992106e+003,9.860875e+001
1.992589e+003,9.857756e+001
1.993071e+003,9.853197e+001
1.993553e+003,9.847575e+001
1.994035e+003,9.840820e+001
1.994517e+003,9.832626e+001
1.994999e+003,9.822804e+001
1.995481e+003,9.811629e+001
1.995963e+003,9.799955e+001
1.996446e+003,9.788934e+001
1.996928e+003,9.779501e+001
1.997410e+003,9.771780e+001
1.997892e+003,9.764836e+001
1.998374e+003,9.756771e+001
1.998856e+003,9.745448e+001
1.999338e+003,9.729311e+001
1.999820e+003,9.708060e+001
2.000302e+003,9.682888e+001
2.000785e+003,9.656180e+001
2.001267e+003,9.630880e+001
2.001749e+003,9.609676e+001
2.002231e+003,9.594342e+001
2.002713e+003,9.585412e+001
2.003195e+003,9.582321e+001
2.003677e+003,9.583736e+001
2.004159e+003,9.587831e+001
2.004642e+003,9.592498e+001
2.005124e+003,9.595545e+001
2.005606e+003,9.595093e+001
2.006088e+003,9.590056e+001
2.006570e+003,9.580690e+001
2.007052e+003,9.568766e+001
2.007534e+003,9.557333e+001
2.008016e+003,9.549913e+001
2.008499e+003,9.549467e+001
2.008980e+003,9.557372e+001
2.009463e+003,9.572889e+001
2.009945e+003,9.593336e+001
2.010427e+003,9.614874e+001
2.010909e+003,9.633595e+001
2.011391e+003,9.646452e+001
2.011873e+003,9.651616e+001
2.012355e+003,9.648512e+001
2.012837e+003,9.637714e+001
2.013320e+003,9.620668e+001
2.013802e+003,9.599391e+001
2.014284e+003,9.576286e+001
2.014766e+003,9.553891e+001
2.015248e+003,9.534742e+001
2.015730e+003,9.521033e+001
2.016212e+003,9.514178e+001
2.016694e+003,9.514429e+001
2.017177e+003,9.520793e+001
2.017659e+003,9.531389e+001
2.018141e+003,9.544223e+001
2.018623e+003,9.557875e+001
2.019105e+003,9.571928e+001
2.019587e+003,9.586718e+001
2.020069e+003,9.602774e+001
2.020551e+003,9.620307e+001
2.021033e+003,9.638921e+001
2.021516e+003,9.657809e+001
2.021998e+003,9.676205e+001
2.022480e+003,9.693790e+001
2.022962e+003,9.710651e+001
2.023444e+003,9.726775e+001
2.023926e+003,9.741372e+001
2.024408e+003,9.752460e+001
2.024890e+003,9.757145e+001
2.025373e+003,9.752713e+001
2.025855e+003,9.738029e+001
2.026337e+003,9.714626e+001
2.026819e+003,9.686961e+001
2.027301e+003,9.661598e+001
2.027783e+003,9.645608e+001
2.028265e+003,9.644554e+001
2.028747e+003,9.660725e+001
2.029229e+003,9.692393e+001
2.029712e+003,9.734478e+001
2.030194e+003,9.780236e+001
2.030676e+003,9.823277e+001
2.031158e+003,9.859061e+001
2.031640e+003,9.885550e+001
2.032122e+003,9.902957e+001
2.032604e+003,9.913004e+001
2.033086e+003,9.917720e+001
2.033569e+003,9.918598e+001
2.034051e+003,9.916124e+001
2.034533e+003,9.910094e+001
2.035015e+003,9.900199e+001
2.035497e+003,9.886710e+001
2.035979e+003,9.870921e+001
2.036461e+003,9.855113e+001
2.036943e+003,9.841946e+001
2.037426e+003,9.833791e+001
2.037907e+003,9.831999e+001
2.038390e+003,9.836613e+001
2.038872e+003,9.846377e+001
2.039354e+003,9.859122e+001
2.039836e+003,9.872435e+001
2.040318e+003,9.884476e+001
2.040800e+003,9.894589e+001
2.041282e+003,9.903474e+001
2.041764e+003,9.912778e+001
2.042247e+003,9.924348e+001
2.042729e+003,9.939352e+001
2.043211e+003,9.957713e+001
2.043693e+003,9.978084e+001
2.044175e+003,9.998328e+001
2.044657e+003,1.001639e+002
2.045139e+003,1.003113e+002
2.045622e+003,1.004268e+002
2.046104e+003,1.005233e+002
2.046586e+003,1.006189e+002
2.047068e+003,1.007293e+002
2.047550e+003,1.008617e+002
2.048032e+003,1.010131e+002
2.048514e+003,1.011716e+002
2.048996e+003,1.013221e+002
2.049479e+003,1.014504e+002
2.049960e+003,1.015461e+002
2.050443e+003,1.016021e+002
2.050925e+003,1.016134e+002
2.051407e+003,1.015759e+002
2.051889e+003,1.014875e+002
2.052371e+003,1.013501e+002
2.052853e+003,1.011710e+002
2.053335e+003,1.009643e+002
2.053817e+003,1.007489e+002
2.054300e+003,1.005457e+002
2.054782e+003,1.003723e+002
2.055264e+003,1.002396e+002
2.055746e+003,1.001490e+002
2.056228e+003,1.000939e+002
2.056710e+003,1.000628e+002
2.057192e+003,1.000443e+002
2.057674e+003,1.000303e+002
2.058156e+003,1.000176e+002
2.058639e+003,1.000076e+002
2.059121e+003,1.000047e+002
2.059603e+003,1.000135e+002
2.060085e+003,1.000373e+002
2.060567e+003,1.000766e+002
2.061049e+003,1.001299e+002
2.061531e+003,1.001939e+002
2.062013e+003,1.002645e+002
2.062496e+003,1.003374e+002
2.062978e+003,1.004086e+002
2.063460e+003,1.004745e+002
2.063942e+003,1.005325e+002
2.064424e+003,1.005798e+002
2.064906e+003,1.006140e+002
2.065388e+003,1.006326e+002
2.065870e+003,1.006333e+002
2.066353e+003,1.006149e+002
2.066835e+003,1.005786e+002
2.067317e+003,1.005290e+002
2.067799e+003,1.004734e+002
2.068281e+003,1.004208e+002
2.068763e+003,1.003785e+002
2.069245e+003,1.003510e+002
2.069727e+003,1.003376e+002
2.070209e+003,1.003336e+002
2.070692e+003,1.003310e+002
2.071174e+003,1.003219e+002
2.071656e+003,1.003010e+002
2.072138e+003,1.002661e+002
2.072620e+003,1.002185e+002
2.073102e+003,1.001617e+002
2.073584e+003,1.000993e+002
2.074066e+003,1.000347e+002
2.074549e+003,9.997162e+001
2.075031e+003,9.991497e+001
2.075513e+003,9.987101e+001
2.075995e+003,9.984696e+001
2.076477e+003,9.984857e+001
2.076959e+003,9.987748e+001
2.077441e+003,9.992906e+001
2.077923e+003,9.999225e+001
2.078406e+003,1.000519e+002
2.078887e+003,1.000935e+002
2.079370e+003,1.001073e+002
2.079852e+003,1.000919e+002
2.080334e+003,1.000534e+002
2.080816e+003,1.000026e+002
2.081298e+003,9.995068e+001
2.081780e+003,9.990517e+001
2.082262e+003,9.986857e+001
2.082744e+003,9.983891e+001
2.083227e+003,9.981281e+001
2.083709e+003,9.978771e+001
2.084191e+003,9.976345e+001
2.084673e+003,9.974178e+001
2.085155e+003,9.972421e+001
2.085637e+003,9.970963e+001
2.086119e+003,9.969360e+001
2.086601e+003,9.966937e+001
2.087083e+003,9.963052e+001
2.087566e+003,9.957401e+001
2.088048e+003,9.950154e+001
2.088530e+003,9.941961e+001
2.089012e+003,9.933691e+001
2.089494e+003,9.926125e+001
2.089976e+003,9.919741e+001
2.090458e+003,9.914611e+001
2.090940e+003,9.910511e+001
2.091423e+003,9.907154e+001
2.091905e+003,9.904395e+001
2.092387e+003,9.902340e+001
2.092869e+003,9.901264e+001
2.093351e+003,9.901496e+001
2.093833e+003,9.903206e+001
2.094315e+003,9.906320e+001
2.094797e+003,9.910549e+001
2.095280e+003,9.915472e+001
2.095762e+003,9.920619e+001
2.096244e+003,9.925554e+001
2.096726e+003,9.929797e+001
2.097208e+003,9.932791e+001
2.097690e+003,9.933926e+001
2.098172e+003,9.932669e+001
2.098654e+003,9.928764e+001
2.099136e+003,9.922443e+001
2.099619e+003,9.914350e+001
2.100101e+003,9.905489e+001
2.100583e+003,9.896967e+001
2.101065e+003,9.889708e+001
2.101547e+003,9.884200e+001
2.102029e+003,9.880441e+001
2.102511e+003,9.878030e+001
2.102993e+003,9.876414e+001
2.103476e+003,9.875138e+001
2.103958e+003,9.874028e+001
2.104440e+003,9.873197e+001
2.104922e+003,9.872935e+001
2.105404e+003,9.873521e+001
2.105886e+003,9.875065e+001
2.106368e+003,9.877432e+001
2.106850e+003,9.880230e+001
2.107333e+003,9.882877e+001
2.107814e+003,9.884724e+001
2.108297e+003,9.885124e+001
2.108779e+003,9.883557e+001
2.109261e+003,9.879757e+001
2.109743e+003,9.873835e+001
2.110225e+003,9.866341e+001
2.110707e+003,9.858215e+001
2.111189e+003,9.850556e+001
2.111671e+003,9.844337e+001
2.112154e+003,9.840038e+001
2.112636e+003,9.837449e+001
2.113118e+003,9.835666e+001
2.113600e+003,9.833385e+001
2.114082e+003,9.829372e+001
2.114564e+003,9.822926e+001
2.115046e+003,9.814175e+001
2.115528e+003,9.804043e+001
2.116010e+003,9.793889e+001
2.116493e+003,9.785017e+001
2.116975e+003,9.778204e+001
2.117457e+003,9.773458e+001
2.117939e+003,9.770106e+001
2.118421e+003,9.767146e+001
2.118903e+003,9.763705e+001
2.119385e+003,9.759392e+001
2.119867e+003,9.754384e+001
2.120350e+003,9.749198e+001
2.120832e+003,9.744312e+001
2.121314e+003,9.739782e+001
2.121796e+003,9.735042e+001
2.122278e+003,9.729019e+001
2.122760e+003,9.720475e+001
2.123242e+003,9.708511e+001
2.123724e+003,9.692953e+001
2.124207e+003,9.674548e+001
2.124689e+003,9.654840e+001
2.125171e+003,9.635836e+001
2.125653e+003,9.619490e+001
2.126135e+003,9.607219e+001
2.126617e+003,9.599562e+001
2.127099e+003,9.596066e+001
2.127581e+003,9.595350e+001
2.128063e+003,9.595352e+001
2.128546e+003,9.593713e+001
2.129028e+003,9.588285e+001
2.129510e+003,9.577552e+001
2.129992e+003,9.561021e+001
2.130474e+003,9.539268e+001
2.130956e+003,9.513829e+001
2.131438e+003,9.486817e+001
2.131920e+003,9.460485e+001
2.132403e+003,9.436789e+001
2.132885e+003,9.417081e+001
2.133367e+003,9.401993e+001
2.133849e+003,9.391512e+001
2.134331e+003,9.385208e+001
2.134813e+003,9.382436e+001
2.135295e+003,9.382381e+001
2.135777e+003,9.384037e+001
2.136260e+003,9.386121e+001
2.136741e+003,9.387211e+001
2.137224e+003,9.386004e+001
2.137706e+003,9.381773e+001
2.138188e+003,9.374724e+001
2.138670e+003,9.366126e+001
2.139152e+003,9.358021e+001
2.139634e+003,9.352596e+001
2.140116e+003,9.351449e+001
2.140598e+003,9.354990e+001
2.141081e+003,9.362247e+001
2.141563e+003,9.371193e+001
2.142045e+003,9.379357e+001
2.142527e+003,9.384616e+001
2.143009e+003,9.385653e+001
2.143491e+003,9.382122e+001
2.143973e+003,9.374503e+001
2.144455e+003,9.363718e+001
2.144938e+003,9.350860e+001
2.145420e+003,9.336932e+001
2.145902e+003,9.322855e+001
2.146384e+003,9.309606e+001
2.146866e+003,9.298198e+001
2.147348e+003,9.289585e+001
2.147830e+003,9.284415e+001
2.148312e+003,9.282790e+001
2.148794e+003,9.284151e+001
2.149277e+003,9.287473e+001
2.149759e+003,9.291560e+001
2.150241e+003,9.295426e+001
2.150723e+003,9.298359e+001
2.151205e+003,9.299879e+001
2.151687e+003,9.299487e+001
2.152169e+003,9.296518e+001
2.152651e+003,9.290114e+001
2.153134e+003,9.279646e+001
2.153616e+003,9.265116e+001
2.154098e+003,9.247735e+001
2.154580e+003,9.230072e+001
2.155062e+003,9.215969e+001
2.155544e+003,9.209968e+001
2.156026e+003,9.216525e+001
2.156508e+003,9.239071e+001
2.156990e+003,9.279295e+001
2.157473e+003,9.336494e+001
2.157955e+003,9.407385e+001
2.158437e+003,9.486145e+001
2.158919e+003,9.565066e+001
2.159401e+003,9.636122e+001
2.159883e+003,9.693063e+001
2.160365e+003,9.733073e+001
2.160847e+003,9.757081e+001
2.161330e+003,9.768935e+001
2.161812e+003,9.773839e+001
2.162294e+003,9.776729e+001
2.162776e+003,9.781155e+001
2.163258e+003,9.788751e+001
2.163740e+003,9.799452e+001
2.164222e+003,9.812033e+001
2.164704e+003,9.825026e+001
2.165187e+003,9.837395e+001
2.165668e+003,9.848833e+001
2.166151e+003,9.859498e+001
2.166633e+003,9.869551e+001
2.167115e+003,9.878742e+001
2.167597e+003,9.886336e+001
2.168079e+003,9.891405e+001
2.168561e+003,9.893286e+001
2.169043e+003,9.891953e+001
2.169525e+003,9.888112e+001
2.170008e+003,9.882899e+001
2.170490e+003,9.877401e+001
2.170972e+003,9.872150e+001
2.171454e+003,9.867134e+001
2.171936e+003,9.861996e+001
2.172418e+003,9.856731e+001
2.172900e+003,9.852168e+001
2.173382e+003,9.850230e+001
2.173865e+003,9.853549e+001
2.174347e+003,9.864571e+001
2.174829e+003,9.884500e+001
2.175311e+003,9.912514e+001
2.175793e+003,9.945738e+001
2.176275e+003,9.979974e+001
2.176757e+003,1.001099e+002
2.177239e+003,1.003567e+002
2.177721e+003,1.005260e+002
2.178204e+003,1.006196e+002
2.178686e+003,1.006508e+002
2.179168e+003,1.006367e+002
2.179650e+003,1.005933e+002
2.180132e+003,1.005330e+002
2.180614e+003,1.004656e+002
2.181096e+003,1.004017e+002
2.181578e+003,1.003531e+002
2.182061e+003,1.003309e+002
2.182543e+003,1.003402e+002
2.183025e+003,1.003767e+002
2.183507e+003,1.004240e+002
2.183989e+003,1.004584e+002
2.184471e+003,1.004557e+002
2.184953e+003,1.004020e+002
2.185435e+003,1.002989e+002
2.185917e+003,1.001645e+002
2.186400e+003,1.000270e+002
2.186882e+003,9.991502e+001
2.187364e+003,9.984595e+001
2.187846e+003,9.982004e+001
2.188328e+003,9.982102e+001
2.188810e+003,9.982440e+001
2.189292e+003,9.980746e+001
2.189774e+003,9.975882e+001
2.190257e+003,9.968273e+001
2.190739e+003,9.959688e+001
2.191221e+003,9.952375e+001
2.191703e+003,9.948067e+001
2.192185e+003,9.947138e+001
2.192667e+003,9.948482e+001
2.193149e+003,9.949895e+001
2.193631e+003,9.948936e+001
2.194114e+003,9.943844e+001
2.194595e+003,9.934242e+001
2.195078e+003,9.921249e+001
2.195560e+003,9.907045e+001
2.196042e+003,9.894126e+001
2.196524e+003,9.884575e+001
2.197006e+003,9.879546e+001
2.197488e+003,9.879209e+001
2.197970e+003,9.882994e+001
2.198452e+003,9.890023e+001
2.198935e+003,9.899435e+001
2.199417e+003,9.910574e+001
2.199899e+003,9.922890e+001
2.200381e+003,9.935781e+001
2.200863e+003,9.948386e+001
2.201345e+003,9.959604e+001
2.201827e+003,9.968322e+001
2.202309e+003,9.973827e+001
2.202792e+003,9.976067e+001
2.203274e+003,9.975750e+001
2.203756e+003,9.974015e+001
2.204238e+003,9.972003e+001
2.204720e+003,9.970307e+001
2.205202e+003,9.968694e+001
2.205684e+003,9.966211e+001
2.206166e+003,9.961583e+001
2.206648e+003,9.953867e+001
2.207131e+003,9.942928e+001
2.207613e+003,9.929639e+001
2.208095e+003,9.915710e+001
2.208577e+003,9.903132e+001
2.209059e+003,9.893518e+001
2.209541e+003,9.887633e+001
2.210023e+003,9.885166e+001
2.210505e+003,9.884900e+001
2.210988e+003,9.885210e+001
2.211470e+003,9.884615e+001
2.211952e+003,9.882269e+001
2.212434e+003,9.878074e+001
2.212916e+003,9.872546e+001
2.213398e+003,9.866479e+001
2.213880e+003,9.860576e+001
2.214362e+003,9.855190e+001
2.214844e+003,9.850309e+001
2.215327e+003,9.845717e+001
2.215809e+003,9.841307e+001
2.216291e+003,9.837259e+001
2.216773e+003,9.834161e+001
2.217255e+003,9.832874e+001
2.217737e+003,9.834262e+001
2.218219e+003,9.838844e+001
2.218701e+003,9.846550e+001
2.219184e+003,9.856593e+001
2.219666e+003,9.867657e+001
2.220148e+003,9.878153e+001
2.220630e+003,9.886671e+001
2.221112e+003,9.892309e+001
2.221594e+003,9.894986e+001
2.222076e+003,9.895386e+001
2.222558e+003,9.894711e+001
2.223041e+003,9.894230e+001
2.223522e+003,9.894914e+001
2.224005e+003,9.897090e+001
2.224487e+003,9.900385e+001
2.224969e+003,9.903916e+001
2.225451e+003,9.906672e+001
2.225933e+003,9.907857e+001
2.226415e+003,9.907153e+001
2.226897e+003,9.904773e+001
2.227379e+003,9.901298e+001
2.227862e+003,9.897397e+001
2.228344e+003,9.893587e+001
2.228826e+003,9.890141e+001
2.229308e+003,9.887086e+001
2.229790e+003,9.884375e+001
2.230272e+003,9.881941e+001
2.230754e+003,9.880010e+001
2.231236e+003,9.878994e+001
2.231719e+003,9.879302e+001
2.232201e+003,9.881177e+001
2.232683e+003,9.884591e+001
2.233165e+003,9.889297e+001
2.233647e+003,9.894930e+001
2.234129e+003,9.901135e+001
2.234611e+003,9.907642e+001
2.235093e+003,9.914252e+001
2.235575e+003,9.920734e+001
2.236058e+003,9.926770e+001
2.236540e+003,9.931961e+001
2.237022e+003,9.935996e+001
2.237504e+003,9.938775e+001
2.237986e+003,9.940549e+001
2.238468e+003,9.941849e+001
2.238950e+003,9.943319e+001
2.239432e+003,9.945410e+001
2.239915e+003,9.948157e+001
2.240397e+003,9.951118e+001
2.240879e+003,9.953560e+001
2.241361e+003,9.954754e+001
2.241843e+003,9.954347e+001
2.242325e+003,9.952541e+001
2.242807e+003,9.950071e+001
2.243289e+003,9.947915e+001
2.243771e+003,9.946920e+001
2.244254e+003,9.947462e+001
2.244736e+003,9.949297e+001
2.245218e+003,9.951642e+001
2.245700e+003,9.953487e+001
2.246182e+003,9.953947e+001
2.246664e+003,9.952591e+001
2.247146e+003,9.949569e+001
2.247628e+003,9.945557e+001
2.248111e+003,9.941568e+001
2.248593e+003,9.938696e+001
2.249075e+003,9.937878e+001
2.249557e+003,9.939709e+001
2.250039e+003,9.944370e+001
2.250521e+003,9.951653e+001
2.251003e+003,9.961002e+001
2.251485e+003,9.971618e+001
2.251968e+003,9.982593e+001
2.252449e+003,9.993076e+001
2.252932e+003,1.000238e+002
2.253414e+003,1.001007e+002
2.253896e+003,1.001598e+002
2.254378e+003,1.002021e+002
2.254860e+003,1.002296e+002
2.255342e+003,1.002454e+002
2.255824e+003,1.002527e+002
2.256306e+003,1.002551e+002
2.256789e+003,1.002565e+002
2.257271e+003,1.002610e+002
2.257753e+003,1.002715e+002
2.258235e+003,1.002897e+002
2.258717e+003,1.003147e+002
2.259199e+003,1.003435e+002
2.259681e+003,1.003716e+002
2.260163e+003,1.003953e+002
2.260646e+003,1.004131e+002
2.261128e+003,1.004267e+002
2.261610e+003,1.004413e+002
2.262092e+003,1.004633e+002
2.262574e+003,1.004984e+002
2.263056e+003,1.005492e+002
2.263538e+003,1.006139e+002
2.264020e+003,1.006869e+002
2.264502e+003,1.007599e+002
2.264985e+003,1.008249e+002
2.265467e+003,1.008760e+002
2.265949e+003,1.009107e+002
2.266431e+003,1.009303e+002
2.266913e+003,1.009395e+002
2.267395e+003,1.009453e+002
2.267877e+003,1.009554e+002
2.268359e+003,1.009770e+002
2.268842e+003,1.010150e+002
2.269324e+003,1.010704e+002
2.269806e+003,1.011395e+002
2.270288e+003,1.012146e+002
2.270770e+003,1.012852e+002
2.271252e+003,1.013410e+002
2.271734e+003,1.013747e+002
2.272216e+003,1.013844e+002
2.272698e+003,1.013744e+002
2.273181e+003,1.013534e+002
2.273663e+003,1.013321e+002
2.274145e+003,1.013192e+002
2.274627e+003,1.013199e+002
2.275109e+003,1.013353e+002
2.275591e+003,1.013631e+002
2.276073e+003,1.014005e+002
2.276555e+003,1.014459e+002
2.277038e+003,1.014989e+002
2.277520e+003,1.015594e+002
2.278002e+003,1.016265e+002
2.278484e+003,1.016972e+002
2.278966e+003,1.017658e+002
2.279448e+003,1.018266e+002
2.279930e+003,1.018753e+002
2.280412e+003,1.019112e+002
2.280895e+003,1.019369e+002
2.281376e+003,1.019573e+002
2.281859e+003,1.019765e+002
2.282341e+003,1.019955e+002
2.282823e+003,1.020122e+002
2.283305e+003,1.020215e+002
2.283787e+003,1.020192e+002
2.284269e+003,1.020031e+002
2.284751e+003,1.019753e+002
2.285233e+003,1.019410e+002
2.285716e+003,1.019059e+002
2.286198e+003,1.018736e+002
2.286680e+003,1.018438e+002
2.287162e+003,1.018127e+002
2.287644e+003,1.017749e+002
2.288126e+003,1.017274e+002
2.288608e+003,1.016713e+002
2.289090e+003,1.016124e+002
2.289573e+003,1.015592e+002
2.290055e+003,1.015198e+002
2.290537e+003,1.014983e+002
2.291019e+003,1.014932e+002
2.291501e+003,1.014976e+002
2.291983e+003,1.015023e+002
2.292465e+003,1.014985e+002
2.292947e+003,1.014811e+002
2.293429e+003,1.014491e+002
2.293912e+003,1.014051e+002
2.294394e+003,1.013532e+002
2.294876e+003,1.012972e+002
2.295358e+003,1.012393e+002
2.295840e+003,1.011807e+002
2.296322e+003,1.011224e+002
2.296804e+003,1.010660e+002
2.297286e+003,1.010140e+002
2.297769e+003,1.009693e+002
2.298251e+003,1.009335e+002
2.298733e+003,1.009064e+002
2.299215e+003,1.008856e+002
2.299697e+003,1.008675e+002
2.300179e+003,1.008490e+002
2.300661e+003,1.008289e+002
2.301143e+003,1.008081e+002
2.301625e+003,1.007896e+002
2.302108e+003,1.007763e+002
2.302590e+003,1.007697e+002
2.303072e+003,1.007695e+002
2.303554e+003,1.007743e+002
2.304036e+003,1.007816e+002
2.304518e+003,1.007899e+002
2.305000e+003,1.007985e+002
2.305482e+003,1.008070e+002
2.305965e+003,1.008150e+002
2.306447e+003,1.008208e+002
2.306929e+003,1.008217e+002
2.307411e+003,1.008145e+002
2.307893e+003,1.007966e+002
2.308375e+003,1.007676e+002
2.308857e+003,1.007293e+002
2.309339e+003,1.006859e+002
2.309822e+003,1.006420e+002
2.310303e+003,1.006018e+002
2.310786e+003,1.005679e+002
2.311268e+003,1.005409e+002
2.311750e+003,1.005204e+002
2.312232e+003,1.005057e+002
2.312714e+003,1.004971e+002
2.313196e+003,1.004958e+002
2.313678e+003,1.005034e+002
2.314160e+003,1.005214e+002
2.314643e+003,1.005503e+002
2.315125e+003,1.005892e+002
2.315607e+003,1.006362e+002
2.316089e+003,1.006889e+002
2.316571e+003,1.007446e+002
2.317053e+003,1.008009e+002
2.317535e+003,1.008551e+002
2.318017e+003,1.009049e+002
2.318500e+003,1.009485e+002
2.318982e+003,1.009859e+002
2.319464e+003,1.010188e+002
2.319946e+003,1.010513e+002
2.320428e+003,1.010881e+002
2.320910e+003,1.011333e+002
2.321392e+003,1.011878e+002
2.321874e+003,1.012483e+002
2.322356e+003,1.013071e+002
2.322839e+003,1.013538e+002
2.323321e+003,1.013784e+002
2.323803e+003,1.013743e+002
2.324285e+003,1.013398e+002
2.324767e+003,1.012788e+002
2.325249e+003,1.011995e+002
2.325731e+003,1.011116e+002
2.326213e+003,1.010250e+002
2.326696e+003,1.009478e+002
2.327178e+003,1.008857e+002
2.327660e+003,1.008420e+002
2.328142e+003,1.008171e+002
2.328624e+003,1.008082e+002
2.329106e+003,1.008098e+002
2.329588e+003,1.008139e+002
2.330070e+003,1.008129e+002
2.330552e+003,1.008007e+002
2.331035e+003,1.007751e+002
2.331517e+003,1.007391e+002
2.331999e+003,1.007006e+002
2.332481e+003,1.006708e+002
2.332963e+003,1.006604e+002
2.333445e+003,1.006747e+002
2.333927e+003,1.007103e+002
2.334409e+003,1.007534e+002
2.334892e+003,1.007822e+002
2.335374e+003,1.007728e+002
2.335856e+003,1.007065e+002
2.336338e+003,1.005780e+002
2.336820e+003,1.003985e+002
2.337302e+003,1.001947e+002
2.337784e+003,1.000004e+002
2.338266e+003,9.984718e+001
2.338749e+003,9.975334e+001
2.339230e+003,9.972023e+001
2.339713e+003,9.973289e+001
2.340195e+003,9.976693e+001
2.340677e+003,9.979940e+001
2.341159e+003,9.981847e+001
2.341641e+003,9.982620e+001
2.342123e+003,9.983026e+001
2.342605e+003,9.982909e+001
2.343087e+003,9.980551e+001
2.343570e+003,9.973502e+001
2.344052e+003,9.960497e+001
2.344534e+003,9.942848e+001
2.345016e+003,9.924194e+001
2.345498e+003,9.908647e+001
2.345980e+003,9.898766e+001
2.346462e+003,9.894633e+001
2.346944e+003,9.894558e+001
2.347427e+003,9.896341e+001
2.347909e+003,9.898277e+001
2.348391e+003,9.899487e+001
2.348873e+003,9.899747e+001
2.349355e+003,9.899114e+001
2.349837e+003,9.897565e+001
2.350319e+003,9.894722e+001
2.350801e+003,9.889718e+001
2.351283e+003,9.881380e+001
2.351766e+003,9.868988e+001
2.352248e+003,9.853443e+001
2.352730e+003,9.837901e+001
2.353212e+003,9.826709e+001
2.353694e+003,9.823157e+001
2.354176e+003,9.827964e+001
2.354658e+003,9.839568e+001
2.355140e+003,9.855479e+001
2.355623e+003,9.873504e+001
2.356105e+003,9.892066e+001
2.356587e+003,9.909367e+001
2.357069e+003,9.922740e+001
2.357551e+003,9.929328e+001
2.358033e+003,9.928027e+001
2.358515e+003,9.921272e+001
2.358997e+003,9.914079e+001
2.359479e+003,9.910423e+001
2.359962e+003,9.910107e+001
2.360444e+003,9.910242e+001
2.360926e+003,9.909051e+001
2.361408e+003,9.907139e+001
2.361890e+003,9.906093e+001
2.362372e+003,9.907710e+001
2.362854e+003,9.913313e+001
2.363336e+003,9.922459e+001
2.363819e+003,9.932874e+001
2.364301e+003,9.941592e+001
2.364783e+003,9.946489e+001
2.365265e+003,9.947031e+001
2.365747e+003,9.944446e+001
2.366229e+003,9.941162e+001
2.366711e+003,9.939844e+001
2.367193e+003,9.942300e+001
2.367676e+003,9.948997e+001
2.368157e+003,9.959241e+001
2.368640e+003,9.971751e+001
2.369122e+003,9.985249e+001
2.369604e+003,9.998770e+001
2.370086e+003,1.001173e+002
2.370568e+003,1.002376e+002
2.371050e+003,1.003461e+002
2.371532e+003,1.004404e+002
2.372014e+003,1.005193e+002
2.372497e+003,1.005831e+002
2.372979e+003,1.006342e+002
2.373461e+003,1.006755e+002
2.373943e+003,1.007090e+002
2.374425e+003,1.007339e+002
2.374907e+003,1.007467e+002
2.375389e+003,1.007419e+002
2.375872e+003,1.007144e+002
2.376354e+003,1.006619e+002
2.376836e+003,1.005855e+002
2.377318e+003,1.004907e+002
2.377800e+003,1.003855e+002
2.378282e+003,1.002787e+002
2.378764e+003,1.001772e+002
2.379246e+003,1.000854e+002
2.379729e+003,1.000047e+002
2.380210e+003,9.993430e+001
2.380693e+003,9.987204e+001
2.381175e+003,9.981543e+001
2.381657e+003,9.976231e+001
2.382139e+003,9.971089e+001
2.382621e+003,9.966012e+001
2.383103e+003,9.960966e+001
2.383585e+003,9.956026e+001
2.384067e+003,9.951360e+001
2.384550e+003,9.947217e+001
2.385032e+003,9.943848e+001
2.385514e+003,9.941414e+001
2.385996e+003,9.939895e+001
2.386478e+003,9.939045e+001
2.386960e+003,9.938437e+001
2.387442e+003,9.937567e+001
2.387924e+003,9.935996e+001
2.388406e+003,9.933465e+001
2.388889e+003,9.929942e+001
2.389371e+003,9.925589e+001
2.389853e+003,9.920651e+001
2.390335e+003,9.915354e+001
2.390817e+003,9.909836e+001
2.391299e+003,9.904144e+001
2.391781e+003,9.898307e+001
2.392263e+003,9.892395e+001
2.392746e+003,9.886544e+001
2.393228e+003,9.880945e+001
2.393710e+003,9.875744e+001
2.394192e+003,9.870969e+001
2.394674e+003,9.866475e+001
2.395156e+003,9.861980e+001
2.395638e+003,9.857159e+001
2.396120e+003,9.851775e+001
2.396603e+003,9.845763e+001
2.397085e+003,9.839255e+001
2.397567e+003,9.832496e+001
2.398049e+003,9.825762e+001
2.398531e+003,9.819256e+001
2.399013e+003,9.813086e+001
2.399495e+003,9.807272e+001
2.399977e+003,9.801849e+001
2.400459e+003,9.797079e+001
2.400942e+003,9.792947e+001
2.401424e+003,9.789666e+001
2.401906e+003,9.787378e+001
2.402388e+003,9.786069e+001
2.402870e+003,9.785555e+001
2.403352e+003,9.785532e+001
2.403834e+003,9.785695e+001
2.404316e+003,9.785818e+001
2.404799e+003,9.785835e+001
2.405281e+003,9.785808e+001
2.405763e+003,9.785883e+001
2.406245e+003,9.786211e+001
2.406727e+003,9.786890e+001
2.407209e+003,9.787965e+001
2.407691e+003,9.789433e+001
2.408173e+003,9.791268e+001
2.408656e+003,9.793418e+001
2.409137e+003,9.795789e+001
2.409620e+003,9.798212e+001
2.410102e+003,9.800455e+001
2.410584e+003,9.802258e+001
2.411066e+003,9.803403e+001
2.411548e+003,9.803793e+001
2.412030e+003,9.803478e+001
2.412512e+003,9.802624e+001
2.412994e+003,9.801437e+001
2.413477e+003,9.800075e+001
2.413959e+003,9.798590e+001
2.414441e+003,9.796959e+001
2.414923e+003,9.795140e+001
2.415405e+003,9.793193e+001
2.415887e+003,9.791321e+001
2.416369e+003,9.789857e+001
2.416851e+003,9.789193e+001
2.417333e+003,9.789614e+001
2.417816e+003,9.791210e+001
2.418298e+003,9.793828e+001
2.418780e+003,9.797111e+001
2.419262e+003,9.800621e+001
2.419744e+003,9.803960e+001
2.420226e+003,9.806858e+001
2.420708e+003,9.809201e+001
2.421190e+003,9.810989e+001
2.421673e+003,9.812309e+001
2.422155e+003,9.813277e+001
2.422637e+003,9.814079e+001
2.423119e+003,9.814933e+001
2.423601e+003,9.816119e+001
2.424083e+003,9.817881e+001
2.424565e+003,9.820358e+001
2.425047e+003,9.823460e+001
2.425530e+003,9.826836e+001
2.426012e+003,9.829926e+001
2.426494e+003,9.832135e+001
2.426976e+003,9.833018e+001
2.427458e+003,9.832493e+001
2.427940e+003,9.830882e+001
2.428422e+003,9.828838e+001
2.428904e+003,9.827122e+001
2.429386e+003,9.826366e+001
2.429869e+003,9.826858e+001
2.430351e+003,9.828476e+001
2.430833e+003,9.830781e+001
2.431315e+003,9.833192e+001
2.431797e+003,9.835204e+001
2.432279e+003,9.836543e+001
2.432761e+003,9.837192e+001
2.433243e+003,9.837345e+001
2.433726e+003,9.837263e+001
2.434208e+003,9.837164e+001
2.434690e+003,9.837151e+001
2.435172e+003,9.837231e+001
2.435654e+003,9.837369e+001
2.436136e+003,9.837561e+001
2.436618e+003,9.837883e+001
2.437100e+003,9.838485e+001
2.437583e+003,9.839539e+001
2.438064e+003,9.841177e+001
2.438547e+003,9.843423e+001
2.439029e+003,9.846175e+001
2.439511e+003,9.849207e+001
2.439993e+003,9.852225e+001
2.440475e+003,9.854928e+001
2.440957e+003,9.857065e+001
2.441439e+003,9.858485e+001
2.441921e+003,9.859180e+001
2.442404e+003,9.859248e+001
2.442886e+003,9.858882e+001
2.443368e+003,9.858318e+001
2.443850e+003,9.857751e+001
2.444332e+003,9.857315e+001
2.444814e+003,9.857050e+001
2.445296e+003,9.856928e+001
2.445778e+003,9.856888e+001
2.446260e+003,9.856873e+001
2.446743e+003,9.856874e+001
2.447225e+003,9.856924e+001
2.447707e+003,9.857084e+001
2.448189e+003,9.857415e+001
2.448671e+003,9.857944e+001
2.449153e+003,9.858673e+001
2.449635e+003,9.859573e+001
2.450117e+003,9.860588e+001
2.450600e+003,9.861643e+001
2.451082e+003,9.862656e+001
2.451564e+003,9.863514e+001
2.452046e+003,9.864100e+001
2.452528e+003,9.864347e+001
2.453010e+003,9.864265e+001
2.453492e+003,9.864021e+001
2.453974e+003,9.863904e+001
2.454457e+003,9.864296e+001
2.454939e+003,9.865533e+001
2.455421e+003,9.867776e+001
2.455903e+003,9.870890e+001
2.456385e+003,9.874454e+001
2.456867e+003,9.877836e+001
2.457349e+003,9.880387e+001
2.457831e+003,9.881642e+001
2.458313e+003,9.881457e+001
2.458796e+003,9.880037e+001
2.459278e+003,9.877850e+001
2.459760e+003,9.875427e+001
2.460242e+003,9.873199e+001
2.460724e+003,9.871367e+001
2.461206e+003,9.869910e+001
2.461688e+003,9.868675e+001
2.462170e+003,9.867518e+001
2.462653e+003,9.866408e+001
2.463135e+003,9.865476e+001
2.463617e+003,9.864951e+001
2.464099e+003,9.865039e+001
2.464581e+003,9.865819e+001
2.465063e+003,9.867168e+001
2.465545e+003,9.868796e+001
2.466027e+003,9.870313e+001
2.466510e+003,9.871359e+001
2.466992e+003,9.871703e+001
2.467474e+003,9.871285e+001
2.467956e+003,9.870220e+001
2.468438e+003,9.868729e+001
2.468920e+003,9.867068e+001
2.469402e+003,9.865443e+001
2.469884e+003,9.863972e+001
2.470366e+003,9.862645e+001
2.470849e+003,9.861370e+001
2.471331e+003,9.860000e+001
2.471813e+003,9.858416e+001
2.472295e+003,9.856597e+001
2.472777e+003,9.854689e+001
2.473259e+003,9.852995e+001
2.473741e+003,9.851919e+001
2.474223e+003,9.851843e+001
2.474706e+003,9.852988e+001
2.475188e+003,9.855283e+001
2.475670e+003,9.858353e+001
2.476152e+003,9.861577e+001
2.476634e+003,9.864281e+001
2.477116e+003,9.865943e+001
2.477598e+003,9.866348e+001
2.478080e+003,9.865653e+001
2.478563e+003,9.864296e+001
2.479044e+003,9.862830e+001
2.479527e+003,9.861720e+001
2.480009e+003,9.861212e+001
2.480491e+003,9.861298e+001
2.480973e+003,9.861816e+001
2.481455e+003,9.862563e+001
2.481937e+003,9.863427e+001
2.482419e+003,9.864415e+001
2.482901e+003,9.865594e+001
2.483384e+003,9.866990e+001
2.483866e+003,9.868496e+001
2.484348e+003,9.869857e+001
2.484830e+003,9.870737e+001
2.485312e+003,9.870871e+001
2.485794e+003,9.870195e+001
2.486276e+003,9.868901e+001
2.486758e+003,9.867403e+001
2.487240e+003,9.866190e+001
2.487723e+003,9.865667e+001
2.488205e+003,9.866029e+001
2.488687e+003,9.867223e+001
2.489169e+003,9.869016e+001
2.489651e+003,9.871103e+001
2.490133e+003,9.873222e+001
2.490615e+003,9.875230e+001
2.491097e+003,9.877069e+001
2.491580e+003,9.878704e+001
2.492062e+003,9.880067e+001
2.492544e+003,9.881021e+001
2.493026e+003,9.881377e+001
2.493508e+003,9.880984e+001
2.493990e+003,9.879802e+001
2.494472e+003,9.877939e+001
2.494954e+003,9.875638e+001
2.495437e+003,9.873220e+001
2.495919e+003,9.870978e+001
2.496401e+003,9.869115e+001
2.496883e+003,9.867715e+001
2.497365e+003,9.866751e+001
2.497847e+003,9.866127e+001
2.498329e+003,9.865721e+001
2.498811e+003,9.865421e+001
2.499293e+003,9.865135e+001
2.499776e+003,9.864777e+001
2.500258e+003,9.864297e+001
2.500740e+003,9.863679e+001
2.501222e+003,9.862975e+001
2.501704e+003,9.862311e+001
2.502186e+003,9.861856e+001
2.502668e+003,9.861779e+001
2.503150e+003,9.862175e+001
2.503633e+003,9.863010e+001
2.504115e+003,9.864103e+001
2.504597e+003,9.865172e+001
2.505079e+003,9.865929e+001
2.505561e+003,9.866183e+001
2.506043e+003,9.865907e+001
2.506525e+003,9.865276e+001
2.507007e+003,9.864593e+001
2.507490e+003,9.864188e+001
2.507971e+003,9.864296e+001
2.508454e+003,9.864957e+001
2.508936e+003,9.866013e+001
2.509418e+003,9.867160e+001
2.509900e+003,9.868056e+001
2.510382e+003,9.868470e+001
2.510864e+003,9.868378e+001
2.511346e+003,9.867982e+001
2.511828e+003,9.867659e+001
2.512311e+003,9.867822e+001
2.512793e+003,9.868777e+001
2.513275e+003,9.870594e+001
2.513757e+003,9.873049e+001
2.514239e+003,9.875672e+001
2.514721e+003,9.877871e+001
2.515203e+003,9.879103e+001
2.515685e+003,9.879034e+001
2.516167e+003,9.877631e+001
2.516650e+003,9.875177e+001
2.517132e+003,9.872176e+001
2.517614e+003,9.869212e+001
2.518096e+003,9.866798e+001
2.518578e+003,9.865263e+001
2.519060e+003,9.864712e+001
2.519542e+003,9.865050e+001
2.520024e+003,9.866045e+001
2.520507e+003,9.867424e+001
2.520989e+003,9.868942e+001
2.521471e+003,9.870409e+001
2.521953e+003,9.871709e+001
2.522435e+003,9.872778e+001
2.522917e+003,9.873598e+001
2.523399e+003,9.874178e+001
2.523881e+003,9.874542e+001
2.524364e+003,9.874729e+001
2.524846e+003,9.874781e+001
2.525328e+003,9.874719e+001
2.525810e+003,9.874557e+001
2.526292e+003,9.874312e+001
2.526774e+003,9.874023e+001
2.527256e+003,9.873795e+001
2.527738e+003,9.873795e+001
2.528220e+003,9.874242e+001
2.528703e+003,9.875354e+001
2.529185e+003,9.877254e+001
2.529667e+003,9.879919e+001
2.530149e+003,9.883152e+001
2.530631e+003,9.886608e+001
2.531113e+003,9.889899e+001
2.531595e+003,9.892691e+001
2.532077e+003,9.894800e+001
2.532560e+003,9.896220e+001
2.533042e+003,9.897083e+001
2.533524e+003,9.897574e+001
2.534006e+003,9.897825e+001
2.534488e+003,9.897852e+001
2.534970e+003,9.897561e+001
2.535452e+003,9.896814e+001
2.535934e+003,9.895524e+001
2.536417e+003,9.893743e+001
2.536898e+003,9.891687e+001
2.537381e+003,9.889702e+001
2.537863e+003,9.888153e+001
2.538345e+003,9.887321e+001
2.538827e+003,9.887308e+001
2.539309e+003,9.887999e+001
2.539791e+003,9.889136e+001
2.540273e+003,9.890387e+001
2.540755e+003,9.891456e+001
2.541238e+003,9.892166e+001
2.541720e+003,9.892488e+001
2.542202e+003,9.892520e+001
2.542684e+003,9.892419e+001
2.543166e+003,9.892333e+001
2.543648e+003,9.892351e+001
2.544130e+003,9.892487e+001
2.544612e+003,9.892675e+001
2.545094e+003,9.892831e+001
2.545577e+003,9.892886e+001
2.546059e+003,9.892825e+001
2.546541e+003,9.892702e+001
2.547023e+003,9.892635e+001
2.547505e+003,9.892764e+001
2.547987e+003,9.893224e+001
2.548469e+003,9.894103e+001
2.548951e+003,9.895410e+001
2.549434e+003,9.897081e+001
2.549916e+003,9.898991e+001
2.550398e+003,9.900983e+001
2.550880e+003,9.902898e+001
2.551362e+003,9.904602e+001
2.551844e+003,9.905975e+001
2.552326e+003,9.906920e+001
2.552808e+003,9.907355e+001
2.553291e+003,9.907209e+001
2.553773e+003,9.906457e+001
2.554255e+003,9.905144e+001
2.554737e+003,9.903412e+001
2.555219e+003,9.901533e+001
2.555701e+003,9.899856e+001
2.556183e+003,9.898731e+001
2.556665e+003,9.898435e+001
2.557147e+003,9.899075e+001
2.557630e+003,9.900522e+001
2.558112e+003,9.902451e+001
2.558594e+003,9.904414e+001
2.559076e+003,9.905977e+001
2.559558e+003,9.906845e+001
2.560040e+003,9.906953e+001
2.560522e+003,9.906477e+001
2.561004e+003,9.905762e+001
2.561487e+003,9.905208e+001
2.561969e+003,9.905110e+001
2.562451e+003,9.905591e+001
2.562933e+003,9.906554e+001
2.563415e+003,9.907745e+001
2.563897e+003,9.908856e+001
2.564379e+003,9.909641e+001
2.564861e+003,9.910001e+001
2.565344e+003,9.910008e+001
2.565825e+003,9.909853e+001
2.566308e+003,9.909757e+001
2.566790e+003,9.909864e+001
2.567272e+003,9.910188e+001
2.567754e+003,9.910606e+001
2.568236e+003,9.910901e+001
2.568718e+003,9.910875e+001
2.569200e+003,9.910436e+001
2.569682e+003,9.909653e+001
2.570165e+003,9.908759e+001
2.570647e+003,9.908092e+001
2.571129e+003,9.907988e+001
2.571611e+003,9.908677e+001
2.572093e+003,9.910224e+001
2.572575e+003,9.912508e+001
2.573057e+003,9.915275e+001
2.573539e+003,9.918220e+001
2.574021e+003,9.921077e+001
2.574504e+003,9.923701e+001
2.574986e+003,9.926093e+001
2.575468e+003,9.928358e+001
2.575950e+003,9.930665e+001
2.576432e+003,9.933150e+001
2.576914e+003,9.935860e+001
2.577396e+003,9.938702e+001
2.577878e+003,9.941461e+001
2.578361e+003,9.943851e+001
2.578843e+003,9.945573e+001
2.579325e+003,9.946401e+001
2.579807e+003,9.946258e+001
2.580289e+003,9.945237e+001
2.580771e+003,9.943607e+001
2.581253e+003,9.941787e+001
2.581735e+003,9.940244e+001
2.582218e+003,9.939418e+001
2.582700e+003,9.939625e+001
2.583182e+003,9.940985e+001
2.583664e+003,9.943388e+001
2.584146e+003,9.946509e+001
2.584628e+003,9.949876e+001
2.585110e+003,9.952969e+001
2.585592e+003,9.955333e+001
2.586074e+003,9.956667e+001
2.586557e+003,9.956886e+001
2.587039e+003,9.956118e+001
2.587521e+003,9.954665e+001
2.588003e+003,9.952915e+001
2.588485e+003,9.951263e+001
2.588967e+003,9.950019e+001
2.589449e+003,9.949371e+001
2.589931e+003,9.949392e+001
2.590414e+003,9.950053e+001
2.590896e+003,9.951283e+001
2.591378e+003,9.952997e+001
2.591860e+003,9.955124e+001
2.592342e+003,9.957608e+001
2.592824e+003,9.960383e+001
2.593306e+003,9.963356e+001
2.593788e+003,9.966391e+001
2.594271e+003,9.969315e+001
2.594752e+003,9.971951e+001
2.595235e+003,9.974150e+001
2.595717e+003,9.975834e+001
2.596199e+003,9.977005e+001
2.596681e+003,9.977760e+001
2.597163e+003,9.978237e+001
2.597645e+003,9.978606e+001
2.598127e+003,9.979012e+001
2.598609e+003,9.979571e+001
2.599092e+003,9.980360e+001
2.599574e+003,9.981431e+001
2.600056e+003,9.982822e+001
2.600538e+003,9.984560e+001
2.601020e+003,9.986645e+001
2.601502e+003,9.989043e+001
2.601984e+003,9.991667e+001
2.602466e+003,9.994375e+001
2.602948e+003,9.996998e+001
2.603431e+003,9.999364e+001
2.603913e+003,1.000136e+002
2.604395e+003,1.000294e+002
2.604877e+003,1.000414e+002
2.605359e+003,1.000506e+002
2.605841e+003,1.000579e+002
2.606323e+003,1.000639e+002
2.606805e+003,1.000687e+002
2.607288e+003,1.000717e+002
2.607770e+003,1.000723e+002
2.608252e+003,1.000703e+002
2.608734e+003,1.000658e+002
2.609216e+003,1.000607e+002
2.609698e+003,1.000571e+002
2.610180e+003,1.000576e+002
2.610662e+003,1.000643e+002
2.611145e+003,1.000780e+002
2.611627e+003,1.000980e+002
2.612109e+003,1.001220e+002
2.612591e+003,1.001468e+002
2.613073e+003,1.001690e+002
2.613555e+003,1.001861e+002
2.614037e+003,1.001969e+002
2.614519e+003,1.002018e+002
2.615001e+003,1.002027e+002
2.615484e+003,1.002026e+002
2.615966e+003,1.002041e+002
2.616448e+003,1.002093e+002
2.616930e+003,1.002190e+002
2.617412e+003,1.002330e+002
2.617894e+003,1.002497e+002
2.618376e+003,1.002672e+002
2.618858e+003,1.002839e+002
2.619341e+003,1.002985e+002
2.619823e+003,1.003106e+002
2.620305e+003,1.003208e+002
2.620787e+003,1.003300e+002
2.621269e+003,1.003392e+002
2.621751e+003,1.003492e+002
2.622233e+003,1.003604e+002
2.622715e+003,1.003724e+002
2.623198e+003,1.003846e+002
2.623679e+003,1.003961e+002
2.624162e+003,1.004062e+002
2.624644e+003,1.004144e+002
2.625126e+003,1.004210e+002
2.625608e+003,1.004266e+002
2.626090e+003,1.004321e+002
2.626572e+003,1.004384e+002
2.627054e+003,1.004467e+002
2.627536e+003,1.004572e+002
2.628019e+003,1.004701e+002
2.628501e+003,1.004850e+002
2.628983e+003,1.005013e+002
2.629465e+003,1.005180e+002
2.629947e+003,1.005346e+002
2.630429e+003,1.005504e+002
2.630911e+003,1.005650e+002
2.631393e+003,1.005783e+002
2.631875e+003,1.005903e+002
2.632358e+003,1.006008e+002
2.632840e+003,1.006099e+002
2.633322e+003,1.006175e+002
2.633804e+003,1.006233e+002
2.634286e+003,1.006269e+002
2.634768e+003,1.006280e+002
2.635250e+003,1.006264e+002
2.635732e+003,1.006220e+002
2.636215e+003,1.006152e+002
2.636697e+003,1.006071e+002
2.637179e+003,1.005990e+002
2.637661e+003,1.005928e+002
2.638143e+003,1.005900e+002
2.638625e+003,1.005916e+002
2.639107e+003,1.005978e+002
2.639589e+003,1.006074e+002
2.640072e+003,1.006186e+002
2.640554e+003,1.006291e+002
2.641036e+003,1.006369e+002
2.641518e+003,1.006408e+002
2.642000e+003,1.006408e+002
2.642482e+003,1.006380e+002
2.642964e+003,1.006338e+002
2.643446e+003,1.006300e+002
2.643928e+003,1.006275e+002
2.644411e+003,1.006267e+002
2.644893e+003,1.006272e+002
2.645375e+003,1.006282e+002
2.645857e+003,1.006286e+002
2.646339e+003,1.006273e+002
2.646821e+003,1.006232e+002
2.647303e+003,1.006155e+002
2.647785e+003,1.006031e+002
2.648268e+003,1.005852e+002
2.648750e+003,1.005617e+002
2.649232e+003,1.005330e+002
2.649714e+003,1.005005e+002
2.650196e+003,1.004667e+002
2.650678e+003,1.004344e+002
2.651160e+003,1.004061e+002
2.651642e+003,1.003833e+002
2.652125e+003,1.003661e+002
2.652606e+003,1.003531e+002
2.653089e+003,1.003419e+002
2.653571e+003,1.003299e+002
2.654053e+003,1.003148e+002
2.654535e+003,1.002954e+002
2.655017e+003,1.002714e+002
2.655499e+003,1.002435e+002
2.655981e+003,1.002130e+002
2.656463e+003,1.001813e+002
2.656946e+003,1.001495e+002
2.657428e+003,1.001185e+002
2.657910e+003,1.000888e+002
2.658392e+003,1.000608e+002
2.658874e+003,1.000344e+002
2.659356e+003,1.000091e+002
2.659838e+003,9.998407e+001
2.660320e+003,9.995813e+001
2.660802e+003,9.992997e+001
2.661285e+003,9.989854e+001
2.661767e+003,9.986327e+001
2.662249e+003,9.982436e+001
2.662731e+003,9.978265e+001
2.663213e+003,9.973932e+001
2.663695e+003,9.969568e+001
2.664177e+003,9.965278e+001
2.664659e+003,9.961127e+001
2.665142e+003,9.957146e+001
2.665624e+003,9.953334e+001
2.666106e+003,9.949696e+001
2.666588e+003,9.946232e+001
2.667070e+003,9.942948e+001
2.667552e+003,9.939849e+001
2.668034e+003,9.936928e+001
2.668516e+003,9.934160e+001
2.668999e+003,9.931523e+001
2.669481e+003,9.929000e+001
2.669963e+003,9.926590e+001
2.670445e+003,9.924309e+001
2.670927e+003,9.922176e+001
2.671409e+003,9.920211e+001
2.671891e+003,9.918402e+001
2.672373e+003,9.916720e+001
2.672855e+003,9.915115e+001
2.673338e+003,9.913527e+001
2.673820e+003,9.911917e+001
2.674302e+003,9.910258e+001
2.674784e+003,9.908545e+001
2.675266e+003,9.906797e+001
2.675748e+003,9.905026e+001
2.676230e+003,9.903263e+001
2.676712e+003,9.901540e+001
2.677195e+003,9.899881e+001
2.677677e+003,9.898317e+001
2.678159e+003,9.896863e+001
2.678641e+003,9.895508e+001
2.679123e+003,9.894212e+001
2.679605e+003,9.892915e+001
2.680087e+003,9.891551e+001
2.680569e+003,9.890077e+001
2.681052e+003,9.888509e+001
2.681533e+003,9.886918e+001
2.682016e+003,9.885423e+001
2.682498e+003,9.884159e+001
2.682980e+003,9.883231e+001
2.683462e+003,9.882683e+001
2.683944e+003,9.882480e+001
2.684426e+003,9.882523e+001
2.684908e+003,9.882684e+001
2.685390e+003,9.882835e+001
2.685873e+003,9.882882e+001
2.686355e+003,9.882776e+001
2.686837e+003,9.882516e+001
2.687319e+003,9.882128e+001
2.687801e+003,9.881651e+001
2.688283e+003,9.881133e+001
2.688765e+003,9.880629e+001
2.689247e+003,9.880191e+001
2.689729e+003,9.879874e+001
2.690212e+003,9.879708e+001
2.690694e+003,9.879710e+001
2.691176e+003,9.879858e+001
2.691658e+003,9.880108e+001
2.692140e+003,9.880401e+001
2.692622e+003,9.880702e+001
2.693104e+003,9.880988e+001
2.693586e+003,9.881255e+001
2.694069e+003,9.881493e+001
2.694551e+003,9.881687e+001
2.695033e+003,9.881797e+001
2.695515e+003,9.881765e+001
2.695997e+003,9.881549e+001
2.696479e+003,9.881155e+001
2.696961e+003,9.880663e+001
2.697443e+003,9.880198e+001
2.697926e+003,9.879908e+001
2.698408e+003,9.879898e+001
2.698890e+003,9.880174e+001
2.699372e+003,9.880640e+001
2.699854e+003,9.881105e+001
2.700336e+003,9.881358e+001
2.700818e+003,9.881233e+001
2.701300e+003,9.880665e+001
2.701782e+003,9.879710e+001
2.702265e+003,9.878539e+001
2.702747e+003,9.877352e+001
2.703229e+003,9.876351e+001
2.703711e+003,9.875670e+001
2.704193e+003,9.875370e+001
2.704675e+003,9.875441e+001
2.705157e+003,9.875822e+001
2.705639e+003,9.876429e+001
2.706122e+003,9.877168e+001
2.706604e+003,9.877934e+001
2.707086e+003,9.878625e+001
2.707568e+003,9.879161e+001
2.708050e+003,9.879487e+001
2.708532e+003,9.879600e+001
2.709014e+003,9.879549e+001
2.709496e+003,9.879415e+001
2.709979e+003,9.879287e+001
2.710461e+003,9.879211e+001
2.710943e+003,9.879173e+001
2.711425e+003,9.879097e+001
2.711907e+003,9.878884e+001
2.712389e+003,9.878461e+001
2.712871e+003,9.877815e+001
2.713353e+003,9.877018e+001
2.713835e+003,9.876217e+001
2.714318e+003,9.875571e+001
2.714800e+003,9.875215e+001
2.715282e+003,9.875223e+001
2.715764e+003,9.875587e+001
2.716246e+003,9.876247e+001
2.716728e+003,9.877115e+001
2.717210e+003,9.878106e+001
2.717692e+003,9.879150e+001
2.718175e+003,9.880168e+001
2.718656e+003,9.881066e+001
2.719139e+003,9.881725e+001
2.719621e+003,9.882018e+001
2.720103e+003,9.881844e+001
2.720585e+003,9.881177e+001
2.721067e+003,9.880095e+001
2.721549e+003,9.878780e+001
2.722031e+003,9.877467e+001
2.722513e+003,9.876391e+001
2.722996e+003,9.875716e+001
2.723478e+003,9.875484e+001
2.723960e+003,9.875610e+001
2.724442e+003,9.875911e+001
2.724924e+003,9.876157e+001
2.725406e+003,9.876149e+001
2.725888e+003,9.875754e+001
2.726370e+003,9.874942e+001
2.726853e+003,9.873787e+001
2.727335e+003,9.872449e+001
2.727817e+003,9.871141e+001
2.728299e+003,9.870084e+001
2.728781e+003,9.869476e+001
2.729263e+003,9.869446e+001
2.729745e+003,9.870014e+001
2.730227e+003,9.871101e+001
2.730709e+003,9.872523e+001
2.731192e+003,9.874040e+001
2.731674e+003,9.875414e+001
2.732156e+003,9.876471e+001
2.732638e+003,9.877125e+001
2.733120e+003,9.877396e+001
2.733602e+003,9.877380e+001
2.734084e+003,9.877210e+001
2.734566e+003,9.876984e+001
2.735049e+003,9.876762e+001
2.735531e+003,9.876533e+001
2.736013e+003,9.876263e+001
2.736495e+003,9.875923e+001
2.736977e+003,9.875523e+001
2.737459e+003,9.875130e+001
2.737941e+003,9.874850e+001
2.738423e+003,9.874804e+001
2.738906e+003,9.875077e+001
2.739388e+003,9.875699e+001
2.739870e+003,9.876620e+001
2.740352e+003,9.877721e+001
2.740834e+003,9.878846e+001
2.741316e+003,9.879816e+001
2.741798e+003,9.880487e+001
2.742280e+003,9.880762e+001
2.742762e+003,9.880621e+001
2.743245e+003,9.880127e+001
2.743727e+003,9.879411e+001
2.744209e+003,9.878657e+001
2.744691e+003,9.878043e+001
2.745173e+003,9.877710e+001
2.745655e+003,9.877712e+001
2.746137e+003,9.878008e+001
2.746619e+003,9.878474e+001
2.747102e+003,9.878939e+001
2.747583e+003,9.879237e+001
2.748066e+003,9.879266e+001
2.748548e+003,9.879015e+001
2.749030e+003,9.878555e+001
2.749512e+003,9.878033e+001
2.749994e+003,9.877596e+001
2.750476e+003,9.877377e+001
2.750958e+003,9.877437e+001
2.751440e+003,9.877776e+001
2.751923e+003,9.878332e+001
2.752405e+003,9.879010e+001
2.752887e+003,9.879713e+001
2.753369e+003,9.880344e+001
2.753851e+003,9.880831e+001
2.754333e+003,9.881127e+001
2.754815e+003,9.881214e+001
2.755297e+003,9.881101e+001
2.755780e+003,9.880825e+001
2.756262e+003,9.880454e+001
2.756744e+003,9.880070e+001
2.757226e+003,9.879757e+001
2.757708e+003,9.879573e+001
2.758190e+003,9.879552e+001
2.758672e+003,9.879680e+001
2.759154e+003,9.879912e+001
2.759636e+003,9.880180e+001
2.760119e+003,9.880413e+001
2.760601e+003,9.880544e+001
2.761083e+003,9.880531e+001
2.761565e+003,9.880357e+001
2.762047e+003,9.880029e+001
2.762529e+003,9.879584e+001
2.763011e+003,9.879073e+001
2.763493e+003,9.878561e+001
2.763976e+003,9.878123e+001
2.764458e+003,9.877817e+001
2.764940e+003,9.877692e+001
2.765422e+003,9.877769e+001
2.765904e+003,9.878053e+001
2.766386e+003,9.878522e+001
2.766868e+003,9.879141e+001
2.767350e+003,9.879854e+001
2.767833e+003,9.880595e+001
2.768315e+003,9.881265e+001
2.768797e+003,9.881757e+001
2.769279e+003,9.881953e+001
2.769761e+003,9.881766e+001
2.770243e+003,9.881160e+001
2.770725e+003,9.880170e+001
2.771207e+003,9.878920e+001
2.771689e+003,9.877583e+001
2.772172e+003,9.876346e+001
2.772654e+003,9.875359e+001
2.773136e+003,9.874687e+001
2.773618e+003,9.874310e+001
2.774100e+003,9.874142e+001
2.774582e+003,9.874062e+001
2.775064e+003,9.873976e+001
2.775546e+003,9.873835e+001
2.776029e+003,9.873638e+001
2.776510e+003,9.873411e+001
2.776993e+003,9.873171e+001
2.777475e+003,9.872913e+001
2.777957e+003,9.872598e+001
2.778439e+003,9.872191e+001
2.778921e+003,9.871693e+001
2.779403e+003,9.871169e+001
2.779885e+003,9.870737e+001
2.780367e+003,9.870546e+001
2.780850e+003,9.870707e+001
2.781332e+003,9.871254e+001
2.781814e+003,9.872115e+001
2.782296e+003,9.873116e+001
2.782778e+003,9.874052e+001
2.783260e+003,9.874737e+001
2.783742e+003,9.875056e+001
2.784224e+003,9.875005e+001
2.784707e+003,9.874663e+001
2.785189e+003,9.874156e+001
2.785671e+003,9.873608e+001
2.786153e+003,9.873100e+001
2.786635e+003,9.872662e+001
2.787117e+003,9.872284e+001
2.787599e+003,9.871944e+001
2.788081e+003,9.871629e+001
2.788563e+003,9.871349e+001
2.789046e+003,9.871121e+001
2.789528e+003,9.870972e+001
2.790010e+003,9.870910e+001
2.790492e+003,9.870920e+001
2.790974e+003,9.870972e+001
2.791456e+003,9.871034e+001
2.791938e+003,9.871080e+001
2.792420e+003,9.871098e+001
2.792903e+003,9.871095e+001
2.793385e+003,9.871083e+001
2.793867e+003,9.871076e+001
2.794349e+003,9.871088e+001
2.794831e+003,9.871135e+001
2.795313e+003,9.871211e+001
2.795795e+003,9.871306e+001
2.796277e+003,9.871386e+001
2.796760e+003,9.871405e+001
2.797242e+003,9.871300e+001
2.797724e+003,9.871013e+001
2.798206e+003,9.870521e+001
2.798688e+003,9.869846e+001
2.799170e+003,9.869076e+001
2.799652e+003,9.868336e+001
2.800134e+003,9.867770e+001
2.800616e+003,9.867488e+001
2.801099e+003,9.867542e+001
2.801581e+003,9.867906e+001
2.802063e+003,9.868484e+001
2.802545e+003,9.869152e+001
2.803027e+003,9.869798e+001
2.803509e+003,9.870350e+001
2.803991e+003,9.870795e+001
2.804473e+003,9.871174e+001
2.804956e+003,9.871544e+001
2.805438e+003,9.871958e+001
2.805920e+003,9.872419e+001
2.806402e+003,9.872899e+001
2.806884e+003,9.873328e+001
2.807366e+003,9.873634e+001
2.807848e+003,9.873740e+001
2.808330e+003,9.873614e+001
2.808813e+003,9.873251e+001
2.809294e+003,9.872701e+001
2.809777e+003,9.872038e+001
2.810259e+003,9.871358e+001
2.810741e+003,9.870760e+001
2.811223e+003,9.870318e+001
2.811705e+003,9.870065e+001
2.812187e+003,9.869977e+001
2.812669e+003,9.869969e+001
2.813151e+003,9.869926e+001
2.813634e+003,9.869728e+001
2.814116e+003,9.869301e+001
2.814598e+003,9.868642e+001
2.815080e+003,9.867833e+001
2.815562e+003,9.867029e+001
2.816044e+003,9.866407e+001
2.816526e+003,9.866115e+001
2.817008e+003,9.866222e+001
2.817490e+003,9.866697e+001
2.817973e+003,9.867413e+001
2.818455e+003,9.868184e+001
2.818937e+003,9.868813e+001
2.819419e+003,9.869150e+001
2.819901e+003,9.869119e+001
2.820383e+003,9.868731e+001
2.820865e+003,9.868059e+001
2.821347e+003,9.867234e+001
2.821830e+003,9.866399e+001
2.822312e+003,9.865685e+001
2.822794e+003,9.865202e+001
2.823276e+003,9.865029e+001
2.823758e+003,9.865201e+001
2.824240e+003,9.865717e+001
2.824722e+003,9.866533e+001
2.825204e+003,9.867558e+001
2.825687e+003,9.868668e+001
2.826169e+003,9.869698e+001
2.826651e+003,9.870473e+001
2.827133e+003,9.870822e+001
2.827615e+003,9.870631e+001
2.828097e+003,9.869849e+001
2.828579e+003,9.868534e+001
2.829061e+003,9.866843e+001
2.829543e+003,9.865015e+001
2.830026e+003,9.863332e+001
2.830508e+003,9.862042e+001
2.830990e+003,9.861307e+001
2.831472e+003,9.861153e+001
2.831954e+003,9.861470e+001
2.832436e+003,9.862046e+001
2.832918e+003,9.862626e+001
2.833400e+003,9.863017e+001
2.833883e+003,9.863132e+001
2.834365e+003,9.863013e+001
2.834847e+003,9.862804e+001
2.835329e+003,9.862701e+001
2.835811e+003,9.862846e+001
2.836293e+003,9.863286e+001
2.836775e+003,9.863956e+001
2.837257e+003,9.864694e+001
2.837740e+003,9.865309e+001
2.838221e+003,9.865657e+001
2.838704e+003,9.865672e+001
2.839186e+003,9.865394e+001
2.839668e+003,9.864908e+001
2.840150e+003,9.864326e+001
2.840632e+003,9.863735e+001
2.841114e+003,9.863172e+001
2.841596e+003,9.862637e+001
2.842078e+003,9.862119e+001
2.842561e+003,9.861633e+001
2.843043e+003,9.861234e+001
2.843525e+003,9.860992e+001
2.844007e+003,9.860982e+001
2.844489e+003,9.861236e+001
2.844971e+003,9.861732e+001
2.845453e+003,9.862400e+001
2.845935e+003,9.863147e+001
2.846417e+003,9.863892e+001
2.846900e+003,9.864597e+001
2.847382e+003,9.865274e+001
2.847864e+003,9.865971e+001
2.848346e+003,9.866746e+001
2.848828e+003,9.867622e+001
2.849310e+003,9.868587e+001
2.849792e+003,9.869582e+001
2.850274e+003,9.870517e+001
2.850757e+003,9.871309e+001
2.851239e+003,9.871883e+001
2.851721e+003,9.872194e+001
2.852203e+003,9.872224e+001
2.852685e+003,9.871980e+001
2.853167e+003,9.871483e+001
2.853649e+003,9.870767e+001
2.854131e+003,9.869875e+001
2.854614e+003,9.868875e+001
2.855096e+003,9.867835e+001
2.855578e+003,9.866838e+001
2.856060e+003,9.865953e+001
2.856542e+003,9.865253e+001
2.857024e+003,9.864779e+001
2.857506e+003,9.864577e+001
2.857988e+003,9.864676e+001
2.858470e+003,9.865105e+001
2.858953e+003,9.865888e+001
2.859435e+003,9.867021e+001
2.859917e+003,9.868462e+001
2.860399e+003,9.870127e+001
2.860881e+003,9.871880e+001
2.861363e+003,9.873561e+001
2.861845e+003,9.875005e+001
2.862327e+003,9.876083e+001
2.862810e+003,9.876738e+001
2.863292e+003,9.876982e+001
2.863774e+003,9.876905e+001
2.864256e+003,9.876651e+001
2.864738e+003,9.876369e+001
2.865220e+003,9.876185e+001
2.865702e+003,9.876168e+001
2.866184e+003,9.876326e+001
2.866667e+003,9.876610e+001
2.867148e+003,9.876940e+001
2.867631e+003,9.877232e+001
2.868113e+003,9.877434e+001
2.868595e+003,9.877516e+001
2.869077e+003,9.877493e+001
2.869559e+003,9.877394e+001
2.870041e+003,9.877246e+001
2.870523e+003,9.877061e+001
2.871005e+003,9.876836e+001
2.871488e+003,9.876566e+001
2.871970e+003,9.876260e+001
2.872452e+003,9.875945e+001
2.872934e+003,9.875690e+001
2.873416e+003,9.875568e+001
2.873898e+003,9.875639e+001
2.874380e+003,9.875928e+001
2.874862e+003,9.876382e+001
2.875344e+003,9.876906e+001
2.875827e+003,9.877364e+001
2.876309e+003,9.877626e+001
2.876791e+003,9.877609e+001
2.877273e+003,9.877293e+001
2.877755e+003,9.876719e+001
2.878237e+003,9.875976e+001
2.878719e+003,9.875169e+001
2.879201e+003,9.874399e+001
2.879684e+003,9.873740e+001
2.880166e+003,9.873235e+001
2.880648e+003,9.872913e+001
2.881130e+003,9.872773e+001
2.881612e+003,9.872792e+001
2.882094e+003,9.872920e+001
2.882576e+003,9.873067e+001
2.883058e+003,9.873111e+001
2.883541e+003,9.872927e+001
2.884023e+003,9.872413e+001
2.884505e+003,9.871533e+001
2.884987e+003,9.870345e+001
2.885469e+003,9.868996e+001
2.885951e+003,9.867684e+001
2.886433e+003,9.866615e+001
2.886915e+003,9.865945e+001
2.887397e+003,9.865730e+001
2.887880e+003,9.865915e+001
2.888362e+003,9.866354e+001
2.888844e+003,9.866841e+001
2.889326e+003,9.867170e+001
2.889808e+003,9.867178e+001
2.890290e+003,9.866782e+001
2.890772e+003,9.865997e+001
2.891254e+003,9.864923e+001
2.891737e+003,9.863721e+001
2.892219e+003,9.862582e+001
2.892701e+003,9.861685e+001
2.893183e+003,9.861142e+001
2.893665e+003,9.860989e+001
2.894147e+003,9.861155e+001
2.894629e+003,9.861491e+001
2.895111e+003,9.861790e+001
2.895594e+003,9.861851e+001
2.896075e+003,9.861514e+001
2.896558e+003,9.860703e+001
2.897040e+003,9.859438e+001
2.897522e+003,9.857825e+001
2.898004e+003,9.856021e+001
2.898486e+003,9.854202e+001
2.898968e+003,9.852531e+001
2.899450e+003,9.851128e+001
2.899932e+003,9.850076e+001
2.900415e+003,9.849400e+001
2.900897e+003,9.849089e+001
2.901379e+003,9.849084e+001
2.901861e+003,9.849302e+001
2.902343e+003,9.849632e+001
2.902825e+003,9.849962e+001
2.903307e+003,9.850209e+001
2.903789e+003,9.850321e+001
2.904271e+003,9.850299e+001
2.904754e+003,9.850182e+001
2.905236e+003,9.850033e+001
2.905718e+003,9.849922e+001
2.906200e+003,9.849895e+001
2.906682e+003,9.849977e+001
2.907164e+003,9.850163e+001
2.907646e+003,9.850430e+001
2.908128e+003,9.850734e+001
2.908611e+003,9.851022e+001
2.909093e+003,9.851215e+001
2.909575e+003,9.851212e+001
2.910057e+003,9.850912e+001
2.910539e+003,9.850242e+001
2.911021e+003,9.849176e+001
2.911503e+003,9.847780e+001
2.911985e+003,9.846195e+001
2.912468e+003,9.844615e+001
2.912950e+003,9.843220e+001
2.913432e+003,9.842130e+001
2.913914e+003,9.841357e+001
2.914396e+003,9.840821e+001
2.914878e+003,9.840378e+001
2.915360e+003,9.839906e+001
2.915842e+003,9.839353e+001
2.916324e+003,9.838783e+001
2.916807e+003,9.838348e+001
2.917289e+003,9.838255e+001
2.917771e+003,9.838684e+001
2.918253e+003,9.839745e+001
2.918735e+003,9.841451e+001
2.919217e+003,9.843725e+001
2.919699e+003,9.846442e+001
2.920181e+003,9.849458e+001
2.920664e+003,9.852624e+001
2.921146e+003,9.855784e+001
2.921628e+003,9.858760e+001
2.922110e+003,9.861362e+001
2.922592e+003,9.863397e+001
2.923074e+003,9.864728e+001
2.923556e+003,9.865318e+001
2.924038e+003,9.865272e+001
2.924521e+003,9.864822e+001
2.925002e+003,9.864285e+001
2.925485e+003,9.863966e+001
2.925967e+003,9.864081e+001
2.926449e+003,9.864680e+001
2.926931e+003,9.865657e+001
2.927413e+003,9.866784e+001
2.927895e+003,9.867793e+001
2.928377e+003,9.868456e+001
2.928859e+003,9.868666e+001
2.929342e+003,9.868445e+001
2.929824e+003,9.867941e+001
2.930306e+003,9.867369e+001
2.930788e+003,9.866956e+001
2.931270e+003,9.866871e+001
2.931752e+003,9.867196e+001
2.932234e+003,9.867896e+001
2.932716e+003,9.868834e+001
2.933198e+003,9.869801e+001
2.933681e+003,9.870482e+001
2.934163e+003,9.870786e+001
2.934645e+003,9.870634e+001
2.935127e+003,9.870016e+001
2.935609e+003,9.869035e+001
2.936091e+003,9.867852e+001
2.936573e+003,9.866660e+001
2.937055e+003,9.865614e+001
2.937538e+003,9.864803e+001
2.938020e+003,9.864213e+001
2.938502e+003,9.863762e+001
2.938984e+003,9.863330e+001
2.939466e+003,9.862814e+001
2.939948e+003,9.862154e+001
2.940430e+003,9.861339e+001
2.940912e+003,9.860384e+001
2.941395e+003,9.859312e+001
2.941877e+003,9.858128e+001
2.942359e+003,9.856816e+001
2.942841e+003,9.855364e+001
2.943323e+003,9.853795e+001
2.943805e+003,9.852168e+001
2.944287e+003,9.850580e+001
2.944769e+003,9.849133e+001
2.945251e+003,9.847912e+001
2.945734e+003,9.846931e+001
2.946216e+003,9.846152e+001
2.946698e+003,9.845479e+001
2.947180e+003,9.844816e+001
2.947662e+003,9.844073e+001
2.948144e+003,9.843212e+001
2.948626e+003,9.842223e+001
2.949108e+003,9.841135e+001
2.949591e+003,9.839989e+001
2.950073e+003,9.838839e+001
2.950555e+003,9.837753e+001
2.951037e+003,9.836831e+001
2.951519e+003,9.836197e+001
2.952001e+003,9.835982e+001
2.952483e+003,9.836287e+001
2.952965e+003,9.837157e+001
2.953448e+003,9.838539e+001
2.953929e+003,9.840289e+001
2.954412e+003,9.842193e+001
2.954894e+003,9.844029e+001
2.955376e+003,9.845612e+001
2.955858e+003,9.846837e+001
2.956340e+003,9.847690e+001
2.956822e+003,9.848239e+001
2.957304e+003,9.848598e+001
2.957786e+003,9.848902e+001
2.958269e+003,9.849265e+001
2.958751e+003,9.849783e+001
2.959233e+003,9.850513e+001
2.959715e+003,9.851485e+001
2.960197e+003,9.852703e+001
2.960679e+003,9.854148e+001
2.961161e+003,9.855789e+001
2.961643e+003,9.857598e+001
2.962125e+003,9.859536e+001
2.962608e+003,9.861572e+001
2.963090e+003,9.863666e+001
2.963572e+003,9.865766e+001
2.964054e+003,9.867790e+001
2.964536e+003,9.869653e+001
2.965018e+003,9.871275e+001
2.965500e+003,9.872620e+001
2.965982e+003,9.873718e+001
2.966465e+003,9.874675e+001
2.966947e+003,9.875634e+001
2.967429e+003,9.876738e+001
2.967911e+003,9.878060e+001
2.968393e+003,9.879570e+001
2.968875e+003,9.881127e+001
2.969357e+003,9.882530e+001
2.969839e+003,9.883588e+001
2.970322e+003,9.884190e+001
2.970804e+003,9.884359e+001
2.971286e+003,9.884215e+001
2.971768e+003,9.883945e+001
2.972250e+003,9.883730e+001
2.972732e+003,9.883673e+001
2.973214e+003,9.883790e+001
2.973696e+003,9.884021e+001
2.974178e+003,9.884282e+001
2.974661e+003,9.884509e+001
2.975143e+003,9.884687e+001
2.975625e+003,9.884843e+001
2.976107e+003,9.885018e+001
2.976589e+003,9.885229e+001
2.977071e+003,9.885448e+001
2.977553e+003,9.885624e+001
2.978035e+003,9.885703e+001
2.978518e+003,9.885664e+001
2.979000e+003,9.885542e+001
2.979482e+003,9.885405e+001
2.979964e+003,9.885338e+001
2.980446e+003,9.885387e+001
2.980928e+003,9.885551e+001
2.981410e+003,9.885754e+001
2.981892e+003,9.885887e+001
2.982375e+003,9.885825e+001
2.982856e+003,9.885474e+001
2.983339e+003,9.884773e+001
2.983821e+003,9.883709e+001
2.984303e+003,9.882316e+001
2.984785e+003,9.880670e+001
2.985267e+003,9.878884e+001
2.985749e+003,9.877107e+001
2.986231e+003,9.875498e+001
2.986713e+003,9.874194e+001
2.987196e+003,9.873253e+001
2.987678e+003,9.872643e+001
2.988160e+003,9.872218e+001
2.988642e+003,9.871779e+001
2.989124e+003,9.871145e+001
2.989606e+003,9.870245e+001
2.990088e+003,9.869151e+001
2.990570e+003,9.868084e+001
2.991052e+003,9.867329e+001
2.991535e+003,9.867105e+001
2.992017e+003,9.867462e+001
2.992499e+003,9.868231e+001
2.992981e+003,9.869035e+001
2.993463e+003,9.869425e+001
2.993945e+003,9.869029e+001
2.994427e+003,9.867697e+001
2.994909e+003,9.865550e+001
2.995392e+003,9.862950e+001
2.995874e+003,9.860370e+001
2.996356e+003,9.858228e+001
2.996838e+003,9.856770e+001
2.997320e+003,9.856004e+001
2.997802e+003,9.855745e+001
2.998284e+003,9.855718e+001
2.998766e+003,9.855687e+001
2.999249e+003,9.855538e+001
2.999731e+003,9.855306e+001
3.000213e+003,9.855122e+001
3.000695e+003,9.855132e+001
3.001177e+003,9.855417e+001
3.001659e+003,9.855947e+001
3.002141e+003,9.856593e+001
3.002623e+003,9.857195e+001
3.003105e+003,9.857627e+001
3.003588e+003,9.857852e+001
3.004070e+003,9.857922e+001
3.004552e+003,9.857926e+001
3.005034e+003,9.857943e+001
3.005516e+003,9.857966e+001
3.005998e+003,9.857885e+001
3.006480e+003,9.857522e+001
3.006962e+003,9.856696e+001
3.007445e+003,9.855295e+001
3.007927e+003,9.853347e+001
3.008409e+003,9.851013e+001
3.008891e+003,9.848559e+001
3.009373e+003,9.846275e+001
3.009855e+003,9.844402e+001
3.010337e+003,9.843072e+001
3.010819e+003,9.842313e+001
3.011302e+003,9.842067e+001
3.011783e+003,9.842255e+001
3.012266e+003,9.842828e+001
3.012748e+003,9.843760e+001
3.013230e+003,9.845054e+001
3.013712e+003,9.846688e+001
3.014194e+003,9.848571e+001
3.014676e+003,9.850533e+001
3.015158e+003,9.852335e+001
3.015640e+003,9.853733e+001
3.016123e+003,9.854543e+001
3.016605e+003,9.854693e+001
3.017087e+003,9.854239e+001
3.017569e+003,9.853350e+001
3.018051e+003,9.852238e+001
3.018533e+003,9.851112e+001
3.019015e+003,9.850110e+001
3.019497e+003,9.849297e+001
3.019979e+003,9.848670e+001
3.020462e+003,9.848193e+001
3.020944e+003,9.847809e+001
3.021426e+003,9.847484e+001
3.021908e+003,9.847182e+001
3.022390e+003,9.846893e+001
3.022872e+003,9.846613e+001
3.023354e+003,9.846350e+001
3.023836e+003,9.846143e+001
3.024319e+003,9.846044e+001
3.024801e+003,9.846115e+001
3.025283e+003,9.846399e+001
3.025765e+003,9.846892e+001
3.026247e+003,9.847537e+001
3.026729e+003,9.848226e+001
3.027211e+003,9.848834e+001
3.027693e+003,9.849276e+001
3.028176e+003,9.849525e+001
3.028658e+003,9.849638e+001
3.029140e+003,9.849722e+001
3.029622e+003,9.849885e+001
3.030104e+003,9.850190e+001
3.030586e+003,9.850616e+001
3.031068e+003,9.851066e+001
3.031550e+003,9.851392e+001
3.032032e+003,9.851469e+001
3.032515e+003,9.851217e+001
3.032997e+003,9.850642e+001
3.033479e+003,9.849809e+001
3.033961e+003,9.848832e+001
3.034443e+003,9.847820e+001
3.034925e+003,9.846865e+001
3.035407e+003,9.846021e+001
3.035889e+003,9.845316e+001
3.036372e+003,9.844767e+001
3.036854e+003,9.844370e+001
3.037336e+003,9.844092e+001
3.037818e+003,9.843887e+001
3.038300e+003,9.843683e+001
3.038782e+003,9.843403e+001
3.039264e+003,9.842994e+001
3.039746e+003,9.842445e+001
3.040229e+003,9.841785e+001
3.040711e+003,9.841071e+001
3.041193e+003,9.840354e+001
3.041675e+003,9.839659e+001
3.042157e+003,9.838975e+001
3.042639e+003,9.838278e+001
3.043121e+003,9.837572e+001
3.043603e+003,9.836907e+001
3.044085e+003,9.836404e+001
3.044568e+003,9.836204e+001
3.045050e+003,9.836420e+001
3.045532e+003,9.837095e+001
3.046014e+003,9.838156e+001
3.046496e+003,9.839441e+001
3.046978e+003,9.840759e+001
3.047460e+003,9.841959e+001
3.047942e+003,9.842973e+001
3.048425e+003,9.843817e+001
3.048906e+003,9.844559e+001
3.049389e+003,9.845267e+001
3.049871e+003,9.845940e+001
3.050353e+003,9.846517e+001
3.050835e+003,9.846911e+001
3.051317e+003,9.847073e+001
3.051799e+003,9.847034e+001
3.052281e+003,9.846926e+001
3.052763e+003,9.846925e+001
3.053246e+003,9.847192e+001
3.053728e+003,9.847801e+001
3.054210e+003,9.848714e+001
3.054692e+003,9.849804e+001
3.055174e+003,9.850919e+001
3.055656e+003,9.851954e+001
3.056138e+003,9.852881e+001
3.056620e+003,9.853722e+001
3.057103e+003,9.854499e+001
3.057585e+003,9.855167e+001
3.058067e+003,9.855582e+001
3.058549e+003,9.855552e+001
3.059031e+003,9.854910e+001
3.059513e+003,9.853605e+001
3.059995e+003,9.851769e+001
3.060477e+003,9.849681e+001
3.060959e+003,9.847676e+001
3.061442e+003,9.846027e+001
3.061924e+003,9.844836e+001
3.062406e+003,9.844021e+001
3.062888e+003,9.843367e+001
3.063370e+003,9.842648e+001
3.063852e+003,9.841751e+001
3.064334e+003,9.840761e+001
3.064816e+003,9.839918e+001
3.065299e+003,9.839542e+001
3.065781e+003,9.839899e+001
3.066263e+003,9.841092e+001
3.066745e+003,9.843025e+001
3.067227e+003,9.845439e+001
3.067709e+003,9.848019e+001
3.068191e+003,9.850468e+001
3.068673e+003,9.852602e+001
3.069156e+003,9.854336e+001
3.069638e+003,9.855656e+001
3.070120e+003,9.856570e+001
3.070602e+003,9.857068e+001
3.071084e+003,9.857116e+001
3.071566e+003,9.856694e+001
3.072048e+003,9.855830e+001
3.072530e+003,9.854629e+001
3.073012e+003,9.853247e+001
3.073495e+003,9.851874e+001
3.073977e+003,9.850665e+001
3.074459e+003,9.849709e+001
3.074941e+003,9.849016e+001
3.075423e+003,9.848528e+001
3.075905e+003,9.848156e+001
3.076387e+003,9.847810e+001
3.076869e+003,9.847416e+001
3.077352e+003,9.846925e+001
3.077833e+003,9.846325e+001
3.078316e+003,9.845624e+001
3.078798e+003,9.844863e+001
3.079280e+003,9.844133e+001
3.079762e+003,9.843557e+001
3.080244e+003,9.843285e+001
3.080726e+003,9.843452e+001
3.081208e+003,9.844144e+001
3.081690e+003,9.845355e+001
3.082173e+003,9.846970e+001
3.082655e+003,9.848785e+001
3.083137e+003,9.850541e+001
3.083619e+003,9.851971e+001
3.084101e+003,9.852854e+001
3.084583e+003,9.853053e+001
3.085065e+003,9.852535e+001
3.085547e+003,9.851392e+001
3.086030e+003,9.849817e+001
3.086512e+003,9.848100e+001
3.086994e+003,9.846574e+001
3.087476e+003,9.845546e+001
3.087958e+003,9.845228e+001
3.088440e+003,9.845677e+001
3.088922e+003,9.846754e+001
3.089404e+003,9.848156e+001
3.089886e+003,9.849480e+001
3.090369e+003,9.850344e+001
3.090851e+003,9.850497e+001
3.091333e+003,9.849901e+001
3.091815e+003,9.848738e+001
3.092297e+003,9.847353e+001
3.092779e+003,9.846142e+001
3.093261e+003,9.845422e+001
3.093743e+003,9.845345e+001
3.094226e+003,9.845852e+001
3.094708e+003,9.846719e+001
3.095190e+003,9.847614e+001
3.095672e+003,9.848217e+001
3.096154e+003,9.848294e+001
3.096636e+003,9.847749e+001
3.097118e+003,9.846637e+001
3.097600e+003,9.845161e+001
3.098083e+003,9.843616e+001
3.098565e+003,9.842329e+001
3.099047e+003,9.841621e+001
3.099529e+003,9.841711e+001
3.100011e+003,9.842665e+001
3.100493e+003,9.844367e+001
3.100975e+003,9.846513e+001
3.101457e+003,9.848666e+001
3.101939e+003,9.850355e+001
3.102422e+003,9.851196e+001
3.102904e+003,9.850996e+001
3.103386e+003,9.849795e+001
3.103868e+003,9.847851e+001
3.104350e+003,9.845550e+001
3.104832e+003,9.843275e+001
3.105314e+003,9.841302e+001
3.105796e+003,9.839742e+001
3.106279e+003,9.838547e+001
3.106760e+003,9.837574e+001
3.107243e+003,9.836684e+001
3.107725e+003,9.835809e+001
3.108207e+003,9.834988e+001
3.108689e+003,9.834331e+001
3.109171e+003,9.833958e+001
3.109653e+003,9.833926e+001
3.110135e+003,9.834193e+001
3.110617e+003,9.834633e+001
3.111100e+003,9.835085e+001
3.111582e+003,9.835419e+001
3.112064e+003,9.835599e+001
3.112546e+003,9.835680e+001
3.113028e+003,9.835785e+001
3.113510e+003,9.836028e+001
3.113992e+003,9.836449e+001
3.114474e+003,9.836974e+001
3.114957e+003,9.837428e+001
3.115439e+003,9.837584e+001
3.115921e+003,9.837246e+001
3.116403e+003,9.836324e+001
3.116885e+003,9.834856e+001
3.117367e+003,9.833018e+001
3.117849e+003,9.831066e+001
3.118331e+003,9.829259e+001
3.118813e+003,9.827811e+001
3.119296e+003,9.826844e+001
3.119778e+003,9.826383e+001
3.120260e+003,9.826387e+001
3.120742e+003,9.826782e+001
3.121224e+003,9.827481e+001
3.121706e+003,9.828400e+001
3.122188e+003,9.829454e+001
3.122670e+003,9.830553e+001
3.123153e+003,9.831581e+001
3.123635e+003,9.832430e+001
3.124117e+003,9.833006e+001
3.124599e+003,9.833272e+001
3.125081e+003,9.833258e+001
3.125563e+003,9.833052e+001
3.126045e+003,9.832771e+001
3.126527e+003,9.832520e+001
3.127010e+003,9.832350e+001
3.127492e+003,9.832240e+001
3.127974e+003,9.832124e+001
3.128456e+003,9.831936e+001
3.128938e+003,9.831655e+001
3.129420e+003,9.831348e+001
3.129902e+003,9.831164e+001
3.130384e+003,9.831316e+001
3.130866e+003,9.831992e+001
3.131349e+003,9.833308e+001
3.131831e+003,9.835236e+001
3.132313e+003,9.837620e+001
3.132795e+003,9.840184e+001
3.133277e+003,9.842612e+001
3.133759e+003,9.844613e+001
3.134241e+003,9.845979e+001
3.134723e+003,9.846599e+001
3.135206e+003,9.846472e+001
3.135688e+003,9.845663e+001
3.136170e+003,9.844289e+001
3.136652e+003,9.842509e+001
3.137134e+003,9.840498e+001
3.137616e+003,9.838461e+001
3.138098e+003,9.836604e+001
3.138580e+003,9.835111e+001
3.139063e+003,9.834097e+001
3.139544e+003,9.833569e+001
3.140027e+003,9.833421e+001
3.140509e+003,9.833456e+001
3.140991e+003,9.833439e+001
3.141473e+003,9.833190e+001
3.141955e+003,9.832640e+001
3.142437e+003,9.831859e+001
3.142919e+003,9.831035e+001
3.143401e+003,9.830411e+001
3.143884e+003,9.830193e+001
3.144366e+003,9.830479e+001
3.144848e+003,9.831240e+001
3.145330e+003,9.832321e+001
3.145812e+003,9.833525e+001
3.146294e+003,9.834675e+001
3.146776e+003,9.835664e+001
3.147258e+003,9.836475e+001
3.147740e+003,9.837145e+001
3.148223e+003,9.837715e+001
3.148705e+003,9.838177e+001
3.149187e+003,9.838454e+001
3.149669e+003,9.838425e+001
3.150151e+003,9.837975e+001
3.150633e+003,9.837061e+001
3.151115e+003,9.835744e+001
3.151597e+003,9.834200e+001
3.152080e+003,9.832680e+001
3.152562e+003,9.831433e+001
3.153044e+003,9.830650e+001
3.153526e+003,9.830418e+001
3.154008e+003,9.830696e+001
3.154490e+003,9.831351e+001
3.154972e+003,9.832193e+001
3.155454e+003,9.833032e+001
3.155937e+003,9.833699e+001
3.156419e+003,9.834089e+001
3.156901e+003,9.834158e+001
3.157383e+003,9.833928e+001
3.157865e+003,9.833479e+001
3.158347e+003,9.832932e+001
3.158829e+003,9.832430e+001
3.159311e+003,9.832098e+001
3.159793e+003,9.831996e+001
3.160276e+003,9.832111e+001
3.160758e+003,9.832329e+001
3.161240e+003,9.832485e+001
3.161722e+003,9.832414e+001
3.162204e+003,9.832011e+001
3.162686e+003,9.831290e+001
3.163168e+003,9.830391e+001
3.163650e+003,9.829537e+001
3.164133e+003,9.828972e+001
3.164615e+003,9.828864e+001
3.165097e+003,9.829257e+001
3.165579e+003,9.830049e+001
3.166061e+003,9.831032e+001
3.166543e+003,9.831975e+001
3.167025e+003,9.832691e+001
3.167507e+003,9.833089e+001
3.167990e+003,9.833189e+001
3.168471e+003,9.833086e+001
3.168954e+003,9.832912e+001
3.169436e+003,9.832765e+001
3.169918e+003,9.832693e+001
3.170400e+003,9.832696e+001
3.170882e+003,9.832730e+001
3.171364e+003,9.832749e+001
3.171846e+003,9.832706e+001
3.172328e+003,9.832569e+001
3.172811e+003,9.832309e+001
3.173293e+003,9.831915e+001
3.173775e+003,9.831387e+001
3.174257e+003,9.830751e+001
3.174739e+003,9.830071e+001
3.175221e+003,9.829438e+001
3.175703e+003,9.828942e+001
3.176185e+003,9.828641e+001
3.176667e+003,9.828536e+001
3.177150e+003,9.828567e+001
3.177632e+003,9.828630e+001
3.178114e+003,9.828628e+001
3.178596e+003,9.828513e+001
3.179078e+003,9.828314e+001
3.179560e+003,9.828111e+001
3.180042e+003,9.828004e+001
3.180524e+003,9.828036e+001
3.181007e+003,9.828181e+001
3.181489e+003,9.828334e+001
3.181971e+003,9.828365e+001
3.182453e+003,9.828182e+001
3.182935e+003,9.827803e+001
3.183417e+003,9.827355e+001
3.183899e+003,9.827042e+001
3.184381e+003,9.827068e+001
3.184864e+003,9.827543e+001
3.185346e+003,9.828452e+001
3.185828e+003,9.829646e+001
3.186310e+003,9.830920e+001
3.186792e+003,9.832096e+001
3.187274e+003,9.833099e+001
3.187756e+003,9.833971e+001
3.188238e+003,9.834834e+001
3.188720e+003,9.835802e+001
3.189203e+003,9.836900e+001
3.189685e+003,9.838026e+001
3.190167e+003,9.838972e+001
3.190649e+003,9.839486e+001
3.191131e+003,9.839380e+001
3.191613e+003,9.838600e+001
3.192095e+003,9.837255e+001
3.192577e+003,9.835563e+001
3.193060e+003,9.833806e+001
3.193542e+003,9.832226e+001
3.194024e+003,9.830969e+001
3.194506e+003,9.830093e+001
3.194988e+003,9.829576e+001
3.195470e+003,9.829375e+001
3.195952e+003,9.829463e+001
3.196434e+003,9.829847e+001
3.196917e+003,9.830548e+001
3.197398e+003,9.831566e+001
3.197881e+003,9.832858e+001
3.198363e+003,9.834309e+001
3.198845e+003,9.835758e+001
3.199327e+003,9.837010e+001
3.199809e+003,9.837889e+001
3.200291e+003,9.838269e+001
3.200773e+003,9.838093e+001
3.201255e+003,9.837390e+001
3.201738e+003,9.836263e+001
3.202220e+003,9.834866e+001
3.202702e+003,9.833389e+001
3.203184e+003,9.831997e+001
3.203666e+003,9.830804e+001
3.204148e+003,9.829852e+001
3.204630e+003,9.829086e+001
3.205112e+003,9.828400e+001
3.205594e+003,9.827703e+001
3.206077e+003,9.826951e+001
3.206559e+003,9.826211e+001
3.207041e+003,9.825642e+001
3.207523e+003,9.825461e+001
3.208005e+003,9.825846e+001
3.208487e+003,9.826847e+001
3.208969e+003,9.828358e+001
3.209451e+003,9.830119e+001
3.209934e+003,9.831792e+001
3.210416e+003,9.833090e+001
3.210898e+003,9.833862e+001
3.211380e+003,9.834151e+001
3.211862e+003,9.834151e+001
3.212344e+003,9.834111e+001
3.212826e+003,9.834225e+001
3.213308e+003,9.834538e+001
3.213791e+003,9.834933e+001
3.214273e+003,9.835201e+001
3.214755e+003,9.835141e+001
3.215237e+003,9.834675e+001
3.215719e+003,9.833914e+001
3.216201e+003,9.833126e+001
3.216683e+003,9.832654e+001
3.217165e+003,9.832772e+001
3.217647e+003,9.833580e+001
3.218130e+003,9.834931e+001
3.218612e+003,9.836491e+001
3.219094e+003,9.837818e+001
3.219576e+003,9.838506e+001
3.220058e+003,9.838315e+001
3.220540e+003,9.837231e+001
3.221022e+003,9.835476e+001
3.221504e+003,9.833438e+001
3.221987e+003,9.831563e+001
3.222469e+003,9.830250e+001
3.222951e+003,9.829759e+001
3.223433e+003,9.830162e+001
3.223915e+003,9.831323e+001
3.224397e+003,9.832959e+001
3.224879e+003,9.834676e+001
3.225361e+003,9.836076e+001
3.225844e+003,9.836844e+001
3.226325e+003,9.836818e+001
3.226808e+003,9.836033e+001
3.227290e+003,9.834697e+001
3.227772e+003,9.833133e+001
3.228254e+003,9.831694e+001
3.228736e+003,9.830666e+001
3.229218e+003,9.830185e+001
3.229700e+003,9.830242e+001
3.230182e+003,9.830699e+001
3.230665e+003,9.831368e+001
3.231147e+003,9.832080e+001
3.231629e+003,9.832729e+001
3.232111e+003,9.833304e+001
3.232593e+003,9.833839e+001
3.233075e+003,9.834380e+001
3.233557e+003,9.834927e+001
3.234039e+003,9.835442e+001
3.234521e+003,9.835847e+001
3.235004e+003,9.836079e+001
3.235486e+003,9.836127e+001
3.235968e+003,9.836057e+001
3.236450e+003,9.835991e+001
3.236932e+003,9.836082e+001
3.237414e+003,9.836451e+001
3.237896e+003,9.837154e+001
3.238378e+003,9.838160e+001
3.238861e+003,9.839358e+001
3.239343e+003,9.840605e+001
3.239825e+003,9.841759e+001
3.240307e+003,9.842714e+001
3.240789e+003,9.843410e+001
3.241271e+003,9.843842e+001
3.241753e+003,9.844043e+001
3.242235e+003,9.844071e+001
3.242718e+003,9.844018e+001
3.243200e+003,9.843977e+001
3.243682e+003,9.844061e+001
3.244164e+003,9.844381e+001
3.244646e+003,9.845026e+001
3.245128e+003,9.846033e+001
3.245610e+003,9.847382e+001
3.246092e+003,9.848979e+001
3.246574e+003,9.850663e+001
3.247057e+003,9.852253e+001
3.247539e+003,9.853565e+001
3.248021e+003,9.854473e+001
3.248503e+003,9.854920e+001
3.248985e+003,9.854929e+001
3.249467e+003,9.854604e+001
3.249949e+003,9.854086e+001
3.250431e+003,9.853513e+001
3.250914e+003,9.852976e+001
3.251396e+003,9.852495e+001
3.251878e+003,9.852011e+001
3.252360e+003,9.851427e+001
3.252842e+003,9.850656e+001
3.253324e+003,9.849683e+001
3.253806e+003,9.848599e+001
3.254288e+003,9.847613e+001
3.254771e+003,9.846994e+001
3.255252e+003,9.846996e+001
3.255735e+003,9.847762e+001
3.256217e+003,9.849258e+001
3.256699e+003,9.851244e+001
3.257181e+003,9.853326e+001
3.257663e+003,9.855046e+001
3.258145e+003,9.855999e+001
3.258627e+003,9.855933e+001
3.259109e+003,9.854822e+001
3.259592e+003,9.852849e+001
3.260074e+003,9.850349e+001
3.260556e+003,9.847730e+001
3.261038e+003,9.845383e+001
3.261520e+003,9.843616e+001
3.262002e+003,9.842630e+001
3.262484e+003,9.842508e+001
3.262966e+003,9.843219e+001
3.263448e+003,9.844640e+001
3.263931e+003,9.846550e+001
3.264413e+003,9.848656e+001
3.264895e+003,9.850625e+001
3.265377e+003,9.852135e+001
3.265859e+003,9.852940e+001
3.266341e+003,9.852921e+001
3.266823e+003,9.852119e+001
3.267305e+003,9.850719e+001
3.267788e+003,9.848988e+001
3.268270e+003,9.847205e+001
3.268752e+003,9.845585e+001
3.269234e+003,9.844236e+001
3.269716e+003,9.843171e+001
3.270198e+003,9.842332e+001
3.270680e+003,9.841660e+001
3.271162e+003,9.841122e+001
3.271645e+003,9.840735e+001
3.272127e+003,9.840563e+001
3.272609e+003,9.840662e+001
3.273091e+003,9.841068e+001
3.273573e+003,9.841759e+001
3.274055e+003,9.842675e+001
3.274537e+003,9.843732e+001
3.275019e+003,9.844859e+001
3.275501e+003,9.846010e+001
3.275984e+003,9.847163e+001
3.276466e+003,9.848317e+001
3.276948e+003,9.849451e+001
3.277430e+003,9.850507e+001
3.277912e+003,9.851395e+001
3.278394e+003,9.851992e+001
3.278876e+003,9.852168e+001
3.279358e+003,9.851828e+001
3.279841e+003,9.850934e+001
3.280323e+003,9.849528e+001
3.280805e+003,9.847743e+001
3.281287e+003,9.845798e+001
3.281769e+003,9.843970e+001
3.282251e+003,9.842545e+001
3.282733e+003,9.841759e+001
3.283215e+003,9.841750e+001
3.283698e+003,9.842490e+001
3.284179e+003,9.843800e+001
3.284662e+003,9.845370e+001
3.285144e+003,9.846846e+001
3.285626e+003,9.847916e+001
3.286108e+003,9.848411e+001
3.286590e+003,9.848329e+001
3.287072e+003,9.847833e+001
3.287554e+003,9.847166e+001
3.288036e+003,9.846574e+001
3.288519e+003,9.846196e+001
3.289001e+003,9.846037e+001
3.289483e+003,9.845989e+001
3.289965e+003,9.845888e+001
3.290447e+003,9.845617e+001
3.290929e+003,9.845159e+001
3.291411e+003,9.844622e+001
3.291893e+003,9.844194e+001
3.292375e+003,9.844062e+001
3.292858e+003,9.844320e+001
3.293340e+003,9.844926e+001
3.293822e+003,9.845706e+001
3.294304e+003,9.846410e+001
3.294786e+003,9.846806e+001
3.295268e+003,9.846753e+001
3.295750e+003,9.846255e+001
3.296232e+003,9.845446e+001
3.296715e+003,9.844542e+001
3.297197e+003,9.843757e+001
3.297679e+003,9.843243e+001
3.298161e+003,9.843062e+001
3.298643e+003,9.843180e+001
3.299125e+003,9.843517e+001
3.299607e+003,9.843990e+001
3.300089e+003,9.844531e+001
3.300572e+003,9.845113e+001
3.301054e+003,9.845707e+001
3.301536e+003,9.846280e+001
3.302018e+003,9.846771e+001
3.302500e+003,9.847084e+001
3.302982e+003,9.847137e+001
3.303464e+003,9.846893e+001
3.303946e+003,9.846376e+001
3.304428e+003,9.845694e+001
3.304911e+003,9.844999e+001
3.305393e+003,9.844436e+001
3.305875e+003,9.844106e+001
3.306357e+003,9.843993e+001
3.306839e+003,9.843994e+001
3.307321e+003,9.843917e+001
3.307803e+003,9.843557e+001
3.308285e+003,9.842755e+001
3.308768e+003,9.841460e+001
3.309250e+003,9.839751e+001
3.309732e+003,9.837836e+001
3.310214e+003,9.835999e+001
3.310696e+003,9.834542e+001
3.311178e+003,9.833700e+001
3.311660e+003,9.833585e+001
3.312142e+003,9.834140e+001
3.312625e+003,9.835152e+001
3.313106e+003,9.836297e+001
3.313589e+003,9.837212e+001
3.314071e+003,9.837592e+001
3.314553e+003,9.837275e+001
3.315035e+003,9.836304e+001
3.315517e+003,9.834920e+001
3.315999e+003,9.833498e+001
3.316481e+003,9.832455e+001
3.316963e+003,9.832130e+001
3.317446e+003,9.832681e+001
3.317928e+003,9.834032e+001
3.318410e+003,9.835904e+001
3.318892e+003,9.837883e+001
3.319374e+003,9.839555e+001
3.319856e+003,9.840607e+001
3.320338e+003,9.840894e+001
3.320820e+003,9.840470e+001
3.321302e+003,9.839524e+001
3.321785e+003,9.838303e+001
3.322267e+003,9.837037e+001
3.322749e+003,9.835880e+001
3.323231e+003,9.834930e+001
3.323713e+003,9.834242e+001
3.324195e+003,9.833865e+001
3.324677e+003,9.833876e+001
3.325159e+003,9.834359e+001
3.325642e+003,9.835372e+001
3.326124e+003,9.836887e+001
3.326606e+003,9.838773e+001
3.327088e+003,9.840792e+001
3.327570e+003,9.842665e+001
3.328052e+003,9.844129e+001
3.328534e+003,9.845019e+001
3.329016e+003,9.845287e+001
3.329499e+003,9.845001e+001
3.329981e+003,9.844283e+001
3.330463e+003,9.843263e+001
3.330945e+003,9.842025e+001
3.331427e+003,9.840607e+001
3.331909e+003,9.839017e+001
3.332391e+003,9.837292e+001
3.332873e+003,9.835536e+001
3.333355e+003,9.833912e+001
3.333838e+003,9.832638e+001
3.334320e+003,9.831900e+001
3.334802e+003,9.831808e+001
3.335284e+003,9.832353e+001
3.335766e+003,9.833397e+001
3.336248e+003,9.834713e+001
3.336730e+003,9.836048e+001
3.337212e+003,9.837164e+001
3.337695e+003,9.837891e+001
3.338177e+003,9.838152e+001
3.338659e+003,9.837929e+001
3.339141e+003,9.837274e+001
3.339623e+003,9.836297e+001
3.340105e+003,9.835130e+001
3.340587e+003,9.833955e+001
3.341069e+003,9.832970e+001
3.341552e+003,9.832360e+001
3.342033e+003,9.832256e+001
3.342516e+003,9.832700e+001
3.342998e+003,9.833615e+001
3.343480e+003,9.834806e+001
3.343962e+003,9.836002e+001
3.344444e+003,9.836928e+001
3.344926e+003,9.837374e+001
3.345408e+003,9.837241e+001
3.345890e+003,9.836570e+001
3.346373e+003,9.835516e+001
3.346855e+003,9.834293e+001
3.347337e+003,9.833092e+001
3.347819e+003,9.832038e+001
3.348301e+003,9.831157e+001
3.348783e+003,9.830367e+001
3.349265e+003,9.829539e+001
3.349747e+003,9.828557e+001
3.350229e+003,9.827362e+001
3.350712e+003,9.826010e+001
3.351194e+003,9.824667e+001
3.351676e+003,9.823576e+001
3.352158e+003,9.822996e+001
3.352640e+003,9.823126e+001
3.353122e+003,9.824043e+001
3.353604e+003,9.825656e+001
3.354086e+003,9.827713e+001
3.354569e+003,9.829858e+001
3.355051e+003,9.831697e+001
3.355533e+003,9.832896e+001
3.356015e+003,9.833263e+001
3.356497e+003,9.832767e+001
3.356979e+003,9.831556e+001
3.357461e+003,9.829891e+001
3.357943e+003,9.828086e+001
3.358426e+003,9.826418e+001
3.358908e+003,9.825079e+001
3.359390e+003,9.824144e+001
3.359872e+003,9.823576e+001
3.360354e+003,9.823261e+001
3.360836e+003,9.823053e+001
3.361318e+003,9.822820e+001
3.361800e+003,9.822482e+001
3.362282e+003,9.822035e+001
3.362765e+003,9.821546e+001
3.363247e+003,9.821136e+001
3.363729e+003,9.820947e+001
3.364211e+003,9.821105e+001
3.364693e+003,9.821667e+001
3.365175e+003,9.822610e+001
3.365657e+003,9.823809e+001
3.366139e+003,9.825083e+001
3.366622e+003,9.826222e+001
3.367104e+003,9.827036e+001
3.367586e+003,9.827422e+001
3.368068e+003,9.827365e+001
3.368550e+003,9.826938e+001
3.369032e+003,9.826266e+001
3.369514e+003,9.825482e+001
3.369996e+003,9.824683e+001
3.370479e+003,9.823910e+001
3.370961e+003,9.823167e+001
3.371443e+003,9.822435e+001
3.371925e+003,9.821705e+001
3.372407e+003,9.821002e+001
3.372889e+003,9.820373e+001
3.373371e+003,9.819884e+001
3.373853e+003,9.819583e+001
3.374335e+003,9.819484e+001
3.374818e+003,9.819564e+001
3.375300e+003,9.819781e+001
3.375782e+003,9.820087e+001
3.376264e+003,9.820444e+001
3.376746e+003,9.820823e+001
3.377228e+003,9.821212e+001
3.377710e+003,9.821583e+001
3.378192e+003,9.821892e+001
3.378675e+003,9.822097e+001
3.379156e+003,9.822185e+001
3.379639e+003,9.822184e+001
3.380121e+003,9.822186e+001
3.380603e+003,9.822329e+001
3.381085e+003,9.822762e+001
3.381567e+003,9.823594e+001
3.382049e+003,9.824847e+001
3.382531e+003,9.826450e+001
3.383013e+003,9.828240e+001
3.383496e+003,9.830009e+001
3.383978e+003,9.831550e+001
3.384460e+003,9.832700e+001
3.384942e+003,9.833360e+001
3.385424e+003,9.833488e+001
3.385906e+003,9.833089e+001
3.386388e+003,9.832202e+001
3.386870e+003,9.830883e+001
3.387353e+003,9.829224e+001
3.387835e+003,9.827345e+001
3.388317e+003,9.825394e+001
3.388799e+003,9.823529e+001
3.389281e+003,9.821894e+001
3.389763e+003,9.820591e+001
3.390245e+003,9.819678e+001
3.390727e+003,9.819180e+001
3.391209e+003,9.819115e+001
3.391692e+003,9.819512e+001
3.392174e+003,9.820410e+001
3.392656e+003,9.821819e+001
3.393138e+003,9.823695e+001
3.393620e+003,9.825878e+001
3.394102e+003,9.828104e+001
3.394584e+003,9.830040e+001
3.395066e+003,9.831365e+001
3.395549e+003,9.831857e+001
3.396031e+003,9.831444e+001
3.396513e+003,9.830227e+001
3.396995e+003,9.828448e+001
3.397477e+003,9.826389e+001
3.397959e+003,9.824303e+001
3.398441e+003,9.822372e+001
3.398923e+003,9.820685e+001
3.399406e+003,9.819291e+001
3.399888e+003,9.818233e+001
3.400370e+003,9.817586e+001
3.400852e+003,9.817432e+001
3.401334e+003,9.817818e+001
3.401816e+003,9.818697e+001
3.402298e+003,9.819899e+001
3.402780e+003,9.821151e+001
3.403262e+003,9.822131e+001
3.403745e+003,9.822576e+001
3.404227e+003,9.822357e+001
3.404709e+003,9.821517e+001
3.405191e+003,9.820252e+001
3.405673e+003,9.818843e+001
3.406155e+003,9.817580e+001
3.406637e+003,9.816690e+001
3.407119e+003,9.816290e+001
3.407602e+003,9.816410e+001
3.408083e+003,9.817002e+001
3.408566e+003,9.817968e+001
3.409048e+003,9.819173e+001
3.409530e+003,9.820462e+001
3.410012e+003,9.821666e+001
3.410494e+003,9.822735e+001
3.410976e+003,9.823332e+001
3.411458e+003,9.823412e+001
3.411940e+003,9.823039e+001
3.412423e+003,9.822348e+001
3.412905e+003,9.821471e+001
3.413387e+003,9.820481e+001
3.413869e+003,9.819378e+001
3.414351e+003,9.818135e+001
3.414833e+003,9.816774e+001
3.415315e+003,9.815424e+001
3.415797e+003,9.814306e+001
3.416280e+003,9.813699e+001
3.416762e+003,9.813789e+001
3.417244e+003,9.814619e+001
3.417726e+003,9.816025e+001
3.418208e+003,9.817709e+001
3.418690e+003,9.819345e+001
3.419172e+003,9.820713e+001
3.419654e+003,9.821779e+001
3.420136e+003,9.822664e+001
3.420619e+003,9.823544e+001
3.421101e+003,9.824516e+001
3.421583e+003,9.825490e+001
3.422065e+003,9.826202e+001
3.422547e+003,9.826297e+001
3.423029e+003,9.825488e+001
3.423511e+003,9.823692e+001
3.423993e+003,9.821076e+001
3.424476e+003,9.817989e+001
3.424958e+003,9.814852e+001
3.425440e+003,9.811999e+001
3.425922e+003,9.809586e+001
3.426404e+003,9.807590e+001
3.426886e+003,9.805885e+001
3.427368e+003,9.804376e+001
3.427850e+003,9.803104e+001
3.428333e+003,9.802262e+001
3.428815e+003,9.802133e+001
3.429297e+003,9.802967e+001
3.429779e+003,9.804823e+001
3.430261e+003,9.807489e+001
3.430743e+003,9.810495e+001
3.431225e+003,9.813214e+001
3.431707e+003,9.815043e+001
3.432189e+003,9.815596e+001
3.432672e+003,9.814827e+001
3.433154e+003,9.813046e+001
3.433636e+003,9.810831e+001
3.434118e+003,9.808836e+001
3.434600e+003,9.807621e+001
3.435082e+003,9.807484e+001
3.435564e+003,9.808414e+001
3.436046e+003,9.810153e+001
3.436529e+003,9.812312e+001
3.437010e+003,9.814520e+001
3.437493e+003,9.816537e+001
3.437975e+003,9.818250e+001
3.438457e+003,9.819623e+001
3.438939e+003,9.820586e+001
3.439421e+003,9.820959e+001
3.439903e+003,9.820441e+001
3.440385e+003,9.818731e+001
3.440867e+003,9.815689e+001
3.441350e+003,9.811482e+001
3.441832e+003,9.806654e+001
3.442314e+003,9.802024e+001
3.442796e+003,9.798457e+001
3.443278e+003,9.796573e+001
3.443760e+003,9.796540e+001
3.444242e+003,9.798019e+001
3.444724e+003,9.800299e+001
3.445207e+003,9.802567e+001
3.445689e+003,9.804218e+001
3.446171e+003,9.805087e+001
3.446653e+003,9.805498e+001
3.447135e+003,9.806092e+001
3.447617e+003,9.807514e+001
3.448099e+003,9.810112e+001
3.448581e+003,9.813789e+001
3.449063e+003,9.818048e+001
3.449546e+003,9.822193e+001
3.450028e+003,9.825563e+001
3.450510e+003,9.827710e+001
3.450992e+003,9.828502e+001
3.451474e+003,9.828078e+001
3.451956e+003,9.826758e+001
3.452438e+003,9.824902e+001
3.452920e+003,9.822814e+001
3.453403e+003,9.820694e+001
3.453885e+003,9.818659e+001
3.454367e+003,9.816796e+001
3.454849e+003,9.815183e+001
3.455331e+003,9.813911e+001
3.455813e+003,9.813065e+001
3.456295e+003,9.812700e+001
3.456777e+003,9.812826e+001
3.457260e+003,9.813400e+001
3.457742e+003,9.814313e+001
3.458224e+003,9.815397e+001
3.458706e+003,9.816416e+001
3.459188e+003,9.817094e+001
3.459670e+003,9.817163e+001
3.460152e+003,9.816472e+001
3.460634e+003,9.815081e+001
3.461116e+003,9.813319e+001
3.461599e+003,9.811780e+001
3.462081e+003,9.811160e+001
3.462563e+003,9.812054e+001
3.463045e+003,9.814709e+001
3.463527e+003,9.818890e+001
3.464009e+003,9.823877e+001
3.464491e+003,9.828667e+001
3.464973e+003,9.832247e+001
3.465456e+003,9.833899e+001
3.465938e+003,9.833405e+001
3.466420e+003,9.831077e+001
3.466902e+003,9.827637e+001
3.467384e+003,9.823951e+001
3.467866e+003,9.820782e+001
3.468348e+003,9.818604e+001
3.468830e+003,9.817552e+001
3.469313e+003,9.817501e+001
3.469794e+003,9.818165e+001
3.470277e+003,9.819237e+001
3.470759e+003,9.820444e+001
3.471241e+003,9.821575e+001
3.471723e+003,9.822468e+001
3.472205e+003,9.823000e+001
3.472687e+003,9.823109e+001
3.473169e+003,9.822829e+001
3.473651e+003,9.822288e+001
3.474134e+003,9.821712e+001
3.474616e+003,9.821352e+001
3.475098e+003,9.821417e+001
3.475580e+003,9.822009e+001
3.476062e+003,9.823087e+001
3.476544e+003,9.824506e+001
3.477026e+003,9.826073e+001
3.477508e+003,9.827586e+001
3.477990e+003,9.828868e+001
3.478473e+003,9.829749e+001
3.478955e+003,9.830038e+001
3.479437e+003,9.829536e+001
3.479919e+003,9.828065e+001
3.480401e+003,9.825563e+001
3.480883e+003,9.822203e+001
3.481365e+003,9.818430e+001
3.481847e+003,9.814916e+001
3.482330e+003,9.812433e+001
3.482812e+003,9.811632e+001
3.483294e+003,9.812866e+001
3.483776e+003,9.816074e+001
3.484258e+003,9.820777e+001
3.484740e+003,9.826195e+001
3.485222e+003,9.831403e+001
3.485704e+003,9.835517e+001
3.486187e+003,9.837873e+001
3.486669e+003,9.838148e+001
3.487151e+003,9.836395e+001
3.487633e+003,9.832994e+001
3.488115e+003,9.828558e+001
3.488597e+003,9.823792e+001
3.489079e+003,9.819381e+001
3.489561e+003,9.815913e+001
3.490043e+003,9.813803e+001
3.490526e+003,9.813262e+001
3.491008e+003,9.814297e+001
3.491490e+003,9.816669e+001
3.491972e+003,9.819937e+001
3.492454e+003,9.823460e+001
3.492936e+003,9.826477e+001
3.493418e+003,9.828219e+001
3.493900e+003,9.828070e+001
3.494383e+003,9.825743e+001
3.494865e+003,9.821401e+001
3.495347e+003,9.815701e+001
3.495829e+003,9.809692e+001
3.496311e+003,9.804594e+001
3.496793e+003,9.801487e+001
3.497275e+003,9.801028e+001
3.497757e+003,9.803259e+001
3.498240e+003,9.807602e+001
3.498721e+003,9.813035e+001
3.499204e+003,9.818351e+001
3.499686e+003,9.822463e+001
3.500168e+003,9.824622e+001
3.500650e+003,9.824528e+001
3.501132e+003,9.822297e+001
3.501614e+003,9.818380e+001
3.502096e+003,9.813425e+001
3.502578e+003,9.808206e+001
3.503061e+003,9.803518e+001
3.503543e+003,9.800148e+001
3.504025e+003,9.798769e+001
3.504507e+003,9.799821e+001
3.504989e+003,9.803378e+001
3.505471e+003,9.809051e+001
3.505953e+003,9.815981e+001
3.506435e+003,9.822939e+001
3.506917e+003,9.828571e+001
3.507400e+003,9.831718e+001
3.507882e+003,9.831754e+001
3.508364e+003,9.828818e+001
3.508846e+003,9.823823e+001
3.509328e+003,9.818201e+001
3.509810e+003,9.813456e+001
3.510292e+003,9.810743e+001
3.510774e+003,9.810593e+001
3.511257e+003,9.812863e+001
3.511739e+003,9.816912e+001
3.512221e+003,9.821844e+001
3.512703e+003,9.826765e+001
3.513185e+003,9.830953e+001
3.513667e+003,9.833949e+001
3.514149e+003,9.835566e+001
3.514631e+003,9.835848e+001
3.515114e+003,9.834977e+001
3.515596e+003,9.833230e+001
3.516078e+003,9.830915e+001
3.516560e+003,9.828339e+001
3.517042e+003,9.825784e+001
3.517524e+003,9.823489e+001
3.518006e+003,9.821632e+001
3.518488e+003,9.820319e+001
3.518970e+003,9.819557e+001
3.519453e+003,9.819250e+001
3.519935e+003,9.819189e+001
3.520417e+003,9.819065e+001
3.520899e+003,9.818520e+001
3.521381e+003,9.817245e+001
3.521863e+003,9.815097e+001
3.522345e+003,9.812209e+001
3.522827e+003,9.809010e+001
3.523310e+003,9.806122e+001
3.523792e+003,9.804156e+001
3.524274e+003,9.803490e+001
3.524756e+003,9.804124e+001
3.525238e+003,9.805717e+001
3.525720e+003,9.807755e+001
3.526202e+003,9.809774e+001
3.526684e+003,9.811572e+001
3.527167e+003,9.813267e+001
3.527648e+003,9.815195e+001
3.528131e+003,9.817673e+001
3.528613e+003,9.820718e+001
3.529095e+003,9.823939e+001
3.529577e+003,9.826604e+001
3.530059e+003,9.827937e+001
3.530541e+003,9.827431e+001
3.531023e+003,9.825109e+001
3.531505e+003,9.821544e+001
3.531988e+003,9.817670e+001
3.532470e+003,9.814448e+001
3.532952e+003,9.812536e+001
3.533434e+003,9.812115e+001
3.533916e+003,9.812889e+001
3.534398e+003,9.814289e+001
3.534880e+003,9.815769e+001
3.535362e+003,9.817045e+001
3.535844e+003,9.818185e+001
3.536327e+003,9.819508e+001
3.536809e+003,9.821355e+001
3.537291e+003,9.823892e+001
3.537773e+003,9.827023e+001
3.538255e+003,9.830473e+001
3.538737e+003,9.833915e+001
3.539219e+003,9.837076e+001
3.539701e+003,9.839754e+001
3.540184e+003,9.841761e+001
3.540666e+003,9.842828e+001
3.541148e+003,9.842550e+001
3.541630e+003,9.840469e+001
3.542112e+003,9.836213e+001
3.542594e+003,9.829713e+001
3.543076e+003,9.821334e+001
3.543558e+003,9.811881e+001
3.544041e+003,9.802435e+001
3.544523e+003,9.794109e+001
3.545005e+003,9.787790e+001
3.545487e+003,9.784002e+001
3.545969e+003,9.782910e+001
3.546451e+003,9.784441e+001
3.546933e+003,9.788364e+001
3.547415e+003,9.794329e+001
3.547897e+003,9.801819e+001
3.548380e+003,9.810085e+001
3.548862e+003,9.818150e+001
3.549344e+003,9.824836e+001
3.549826e+003,9.828921e+001
3.550308e+003,9.829386e+001
3.550790e+003,9.825751e+001
3.551272e+003,9.818333e+001
3.551754e+003,9.808340e+001
3.552237e+003,9.797633e+001
3.552719e+003,9.788288e+001
3.553201e+003,9.782073e+001
3.553683e+003,9.780130e+001
3.554165e+003,9.782903e+001
3.554647e+003,9.790175e+001
3.555129e+003,9.801151e+001
3.555611e+003,9.814547e+001
3.556094e+003,9.828672e+001
3.556575e+003,9.841593e+001
3.557058e+003,9.851354e+001
3.557540e+003,9.856332e+001
3.558022e+003,9.855563e+001
3.558504e+003,9.848968e+001
3.558986e+003,9.837412e+001
3.559468e+003,9.822507e+001
3.559950e+003,9.806274e+001
3.560432e+003,9.790733e+001
3.560915e+003,9.777563e+001
3.561397e+003,9.767912e+001
3.561879e+003,9.762358e+001
3.562361e+003,9.760953e+001
3.562843e+003,9.763274e+001
3.563325e+003,9.768476e+001
3.563807e+003,9.775327e+001
3.564289e+003,9.782310e+001
3.564771e+003,9.787872e+001
3.565254e+003,9.790847e+001
3.565736e+003,9.791025e+001
3.566218e+003,9.789584e+001
3.566700e+003,9.788999e+001
3.567182e+003,9.792166e+001
3.567664e+003,9.801061e+001
3.568146e+003,9.815772e+001
3.568628e+003,9.834565e+001
3.569111e+003,9.854708e+001
3.569593e+003,9.873388e+001
3.570075e+003,9.888236e+001
3.570557e+003,9.897475e+001
3.571039e+003,9.899944e+001
3.571521e+003,9.895138e+001
3.572003e+003,9.883290e+001
3.572485e+003,9.865440e+001
3.572968e+003,9.843432e+001
3.573450e+003,9.819752e+001
3.573932e+003,9.797223e+001
3.574414e+003,9.778622e+001
3.574896e+003,9.766241e+001
3.575378e+003,9.761515e+001
3.575860e+003,9.764768e+001
3.576342e+003,9.775179e+001
3.576824e+003,9.790906e+001
3.577307e+003,9.809412e+001
3.577789e+003,9.827878e+001
3.578271e+003,9.843641e+001
3.578753e+003,9.854581e+001
3.579235e+003,9.859425e+001
3.579717e+003,9.857937e+001
3.580199e+003,9.850951e+001
3.580681e+003,9.840282e+001
3.581164e+003,9.828450e+001
3.581646e+003,9.818294e+001
3.582128e+003,9.812437e+001
3.582610e+003,9.812752e+001
3.583092e+003,9.819897e+001
3.583574e+003,9.833082e+001
3.584056e+003,9.850100e+001
3.584538e+003,9.867712e+001
3.585021e+003,9.882337e+001
3.585502e+003,9.890976e+001
3.585985e+003,9.892217e+001
3.586467e+003,9.887016e+001
3.586949e+003,9.878736e+001
3.587431e+003,9.872172e+001
3.587913e+003,9.871713e+001
3.588395e+003,9.879634e+001
3.588877e+003,9.895497e+001
3.589359e+003,9.916766e+001
3.589842e+003,9.939900e+001
3.590324e+003,9.961230e+001
3.590806e+003,9.977374e+001
3.591288e+003,9.985442e+001
3.591770e+003,9.983317e+001
3.592252e+003,9.970068e+001
3.592734e+003,9.946431e+001
3.593216e+003,9.915013e+001
3.593698e+003,9.880042e+001
3.594181e+003,9.846565e+001
3.594663e+003,9.819360e+001
3.595145e+003,9.801947e+001
3.595627e+003,9.796011e+001
3.596109e+003,9.801341e+001
3.596591e+003,9.816181e+001
3.597073e+003,9.837752e+001
3.597555e+003,9.862801e+001
3.598038e+003,9.888058e+001
3.598520e+003,9.910634e+001
3.599002e+003,9.928314e+001
3.599484e+003,9.939848e+001
3.599966e+003,9.945099e+001
3.600448e+003,9.945024e+001
3.600930e+003,9.941328e+001
3.601412e+003,9.935931e+001
3.601895e+003,9.930356e+001
3.602377e+003,9.925352e+001
3.602859e+003,9.920827e+001
3.603341e+003,9.916113e+001
3.603823e+003,9.910404e+001
3.604305e+003,9.903198e+001
3.604787e+003,9.894550e+001
3.605269e+003,9.885063e+001
3.605751e+003,9.875612e+001
3.606234e+003,9.866978e+001
3.606716e+003,9.859573e+001
3.607198e+003,9.853406e+001
3.607680e+003,9.848338e+001
3.608162e+003,9.844453e+001
3.608644e+003,9.842283e+001
3.609126e+003,9.842738e+001
3.609608e+003,9.846787e+001
3.610091e+003,9.854984e+001
3.610573e+003,9.866922e+001
3.611055e+003,9.880775e+001
3.611537e+003,9.893192e+001
3.612019e+003,9.899887e+001
3.612501e+003,9.896935e+001
3.612983e+003,9.882400e+001
3.613465e+003,9.857413e+001
3.613948e+003,9.826096e+001
3.614429e+003,9.794414e+001
3.614912e+003,9.768635e+001
3.615394e+003,9.754057e+001
3.615876e+003,9.754187e+001
3.616358e+003,9.770306e+001
3.616840e+003,9.801352e+001
3.617322e+003,9.844046e+001
3.617804e+003,9.893353e+001
3.618286e+003,9.943321e+001
3.618769e+003,9.988274e+001
3.619251e+003,1.002405e+002
3.619733e+003,1.004877e+002
3.620215e+003,1.006279e+002
3.620697e+003,1.006794e+002
3.621179e+003,1.006650e+002
3.621661e+003,1.006030e+002
3.622143e+003,1.005031e+002
3.622625e+003,1.003680e+002
3.623108e+003,1.001980e+002
3.623590e+003,9.999775e+001
3.624072e+003,9.978059e+001
3.624554e+003,9.956795e+001
3.625036e+003,9.938303e+001
3.625518e+003,9.924187e+001
3.626000e+003,9.914610e+001
3.626482e+003,9.908154e+001
3.626965e+003,9.902522e+001
3.627447e+003,9.896079e+001
3.627929e+003,9.889937e+001
3.628411e+003,9.889393e+001
3.628893e+003,9.902472e+001
3.629375e+003,9.934753e+001
3.629857e+003,9.984429e+001
3.630339e+003,1.004277e+002
3.630822e+003,1.009874e+002
3.631304e+003,1.014292e+002
3.631786e+003,1.016877e+002
3.632268e+003,1.017271e+002
3.632750e+003,1.015435e+002
3.633232e+003,1.011687e+002
3.633714e+003,1.006655e+002
3.634196e+003,1.001120e+002
3.634678e+003,9.957888e+001
3.635161e+003,9.911312e+001
3.635643e+003,9.873489e+001
3.636125e+003,9.844711e+001
3.636607e+003,9.824890e+001
3.637089e+003,9.814579e+001
3.637571e+003,9.815087e+001
3.638053e+003,9.827721e+001
3.638535e+003,9.852408e+001
3.639018e+003,9.886391e+001
3.639500e+003,9.923740e+001
3.639982e+003,9.956120e+001
3.640464e+003,9.974826e+001
3.640946e+003,9.973519e+001
3.641428e+003,9.950584e+001
3.641910e+003,9.909980e+001
3.642392e+003,9.860089e+001
3.642875e+003,9.811042e+001
3.643356e+003,9.771798e+001
3.643839e+003,9.748083e+001
3.644321e+003,9.741622e+001
3.644803e+003,9.750498e+001
3.645285e+003,9.770193e+001
3.645767e+003,9.795084e+001
3.646249e+003,9.820081e+001
3.646731e+003,9.842039e+001
3.647213e+003,9.860356e+001
3.647696e+003,9.876419e+001
3.648178e+003,9.892159e+001
3.648660e+003,9.908644e+001
3.649142e+003,9.925661e+001
3.649624e+003,9.942381e+001
3.650106e+003,9.958315e+001
3.650588e+003,9.973573e+001
3.651070e+003,9.988363e+001
3.651552e+003,1.000236e+002
3.652035e+003,1.001443e+002
3.652517e+003,1.002252e+002
3.652999e+003,1.002346e+002
3.653481e+003,1.001297e+002
3.653963e+003,9.986428e+001
3.654445e+003,9.940806e+001
3.654927e+003,9.877229e+001
3.655409e+003,9.802978e+001
3.655892e+003,9.731010e+001
3.656374e+003,9.676194e+001
3.656856e+003,9.649967e+001
3.657338e+003,9.656566e+001
3.657820e+003,9.692614e+001
3.658302e+003,9.749123e+001
3.658784e+003,9.814169e+001
3.659266e+003,9.875483e+001
3.659749e+003,9.922806e+001
3.660231e+003,9.949901e+001
3.660713e+003,9.955664e+001
3.661195e+003,9.943751e+001
3.661677e+003,9.920744e+001
3.662159e+003,9.893706e+001
3.662641e+003,9.868140e+001
3.663123e+003,9.847059e+001
3.663605e+003,9.831222e+001
3.664088e+003,9.820097e+001
3.664570e+003,9.813016e+001
3.665052e+003,9.809937e+001
3.665534e+003,9.811514e+001
3.666016e+003,9.818552e+001
3.666498e+003,9.831015e+001
3.666980e+003,9.847137e+001
3.667462e+003,9.863033e+001
3.667945e+003,9.873205e+001
3.668427e+003,9.872250e+001
3.668909e+003,9.857496e+001
3.669391e+003,9.831521e+001
3.669873e+003,9.802518e+001
3.670355e+003,9.781204e+001
3.670837e+003,9.775941e+001
3.671319e+003,9.789727e+001
3.671802e+003,9.820527e+001
3.672283e+003,9.863081e+001
3.672766e+003,9.910255e+001
3.673248e+003,9.953672e+001
3.673730e+003,9.984602e+001
3.674212e+003,9.996219e+001
3.674694e+003,9.987366e+001
3.675176e+003,9.965454e+001
3.675658e+003,9.943845e+001
3.676140e+003,9.933451e+001
3.676623e+003,9.936730e+001
3.677105e+003,9.949738e+001
3.677587e+003,9.967378e+001
3.678069e+003,9.986107e+001
3.678551e+003,1.000392e+002
3.679033e+003,1.001958e+002
3.679515e+003,1.003196e+002
3.679997e+003,1.003957e+002
3.680479e+003,1.004029e+002
3.680962e+003,1.003146e+002
3.681444e+003,1.001057e+002
3.681926e+003,9.976462e+001
3.682408e+003,9.930453e+001
3.682890e+003,9.876974e+001
3.683372e+003,9.823283e+001
3.683854e+003,9.778092e+001
3.684336e+003,9.749536e+001
3.684819e+003,9.743166e+001
3.685301e+003,9.760658e+001
3.685783e+003,9.799442e+001
3.686265e+003,9.853068e+001
3.686747e+003,9.912261e+001
3.687229e+003,9.966852e+001
3.687711e+003,1.000863e+002
3.688193e+003,1.003428e+002
3.688676e+003,1.004664e+002
3.689158e+003,1.005291e+002
3.689640e+003,1.006092e+002
3.690122e+003,1.007583e+002
3.690604e+003,1.009882e+002
3.691086e+003,1.012758e+002
3.691568e+003,1.015770e+002
3.692050e+003,1.018419e+002
3.692532e+003,1.020280e+002
3.693015e+003,1.021078e+002
3.693497e+003,1.020686e+002
3.693979e+003,1.019086e+002
3.694461e+003,1.016319e+002
3.694943e+003,1.012479e+002
3.695425e+003,1.007752e+002
3.695907e+003,1.002480e+002
3.696389e+003,9.971771e+001
3.696872e+003,9.924693e+001
3.697354e+003,9.889706e+001
3.697836e+003,9.871453e+001
3.698318e+003,9.872024e+001
3.698800e+003,9.890454e+001
3.699282e+003,9.922718e+001
3.699764e+003,9.962291e+001
3.700246e+003,1.000135e+002
3.700729e+003,1.003265e+002
3.701211e+003,1.005155e+002
3.701693e+003,1.005727e+002
3.702175e+003,1.005261e+002
3.702657e+003,1.004240e+002
3.703139e+003,1.003147e+002
3.703621e+003,1.002329e+002
3.704103e+003,1.001950e+002
3.704585e+003,1.002007e+002
3.705068e+003,1.002386e+002
3.705550e+003,1.002912e+002
3.706032e+003,1.003404e+002
3.706514e+003,1.003708e+002
3.706996e+003,1.003720e+002
3.707478e+003,1.003400e+002
3.707960e+003,1.002774e+002
3.708442e+003,1.001923e+002
3.708925e+003,1.000973e+002
3.709406e+003,1.000061e+002
3.709889e+003,9.993127e+001
3.710371e+003,9.988102e+001
3.710853e+003,9.985829e+001
3.711335e+003,9.986116e+001
3.711817e+003,9.988447e+001
3.712299e+003,9.992233e+001
3.712781e+003,9.997005e+001
3.713263e+003,1.000243e+002
3.713746e+003,1.000808e+002
3.714228e+003,1.001298e+002
3.714710e+003,1.001526e+002
3.715192e+003,1.001222e+002
3.715674e+003,1.000098e+002
3.716156e+003,9.979687e+001
3.716638e+003,9.948700e+001
3.717120e+003,9.911371e+001
3.717603e+003,9.873637e+001
3.718085e+003,9.842520e+001
3.718567e+003,9.824023e+001
3.719049e+003,9.821339e+001
3.719531e+003,9.834100e+001
3.720013e+003,9.858820e+001
3.720495e+003,9.890300e+001
3.720977e+003,9.923478e+001
3.721459e+003,9.955005e+001
3.721942e+003,9.983922e+001
3.722424e+003,1.001111e+002
3.722906e+003,1.003785e+002
3.723388e+003,1.006435e+002
3.723870e+003,1.008907e+002
3.724352e+003,1.010909e+002
3.724834e+003,1.012135e+002
3.725316e+003,1.012411e+002
3.725799e+003,1.011789e+002
3.726281e+003,1.010532e+002
3.726763e+003,1.008989e+002
3.727245e+003,1.007417e+002
3.727727e+003,1.005856e+002
3.728209e+003,1.004134e+002
3.728691e+003,1.001968e+002
3.729173e+003,9.991104e+001
3.729656e+003,9.954797e+001
3.730138e+003,9.912604e+001
3.730620e+003,9.869421e+001
3.731102e+003,9.832714e+001
3.731584e+003,9.810854e+001
3.732066e+003,9.810455e+001
3.732548e+003,9.833719e+001
3.733030e+003,9.877148e+001
3.733512e+003,9.932343e+001
3.733995e+003,9.988528e+001
3.734477e+003,1.003573e+002
3.734959e+003,1.006761e+002
3.735441e+003,1.008299e+002
3.735923e+003,1.008520e+002
3.736405e+003,1.007922e+002
3.736887e+003,1.006877e+002
3.737369e+003,1.005512e+002
3.737852e+003,1.003788e+002
3.738333e+003,1.001641e+002
3.738816e+003,9.991127e+001
3.739298e+003,9.964264e+001
3.739780e+003,9.939921e+001
3.740262e+003,9.923259e+001
3.740744e+003,9.918902e+001
3.741226e+003,9.929154e+001
3.741708e+003,9.952620e+001
3.742190e+003,9.983533e+001
3.742673e+003,1.001216e+002
3.743155e+003,1.002691e+002
3.743637e+003,1.001932e+002
3.744119e+003,9.990833e+001
3.744601e+003,9.954794e+001
3.745083e+003,9.928510e+001
3.745565e+003,9.922667e+001
3.746047e+003,9.938984e+001
3.746530e+003,9.974030e+001
3.747012e+003,1.002221e+002
3.747494e+003,1.007641e+002
3.747976e+003,1.012812e+002
3.748458e+003,1.016871e+002
3.748940e+003,1.019177e+002
3.749422e+003,1.019551e+002
3.749904e+003,1.018334e+002
3.750386e+003,1.016195e+002
3.750869e+003,1.013826e+002
3.751351e+003,1.011728e+002
3.751833e+003,1.010188e+002
3.752315e+003,1.009349e+002
3.752797e+003,1.009274e+002
3.753279e+003,1.009963e+002
3.753761e+003,1.011333e+002
3.754243e+003,1.013185e+002
3.754726e+003,1.015163e+002
3.755208e+003,1.016754e+002
3.755690e+003,1.017355e+002
3.756172e+003,1.016426e+002
3.756654e+003,1.013696e+002
3.757136e+003,1.009326e+002
3.757618e+003,1.003917e+002
3.758100e+003,9.983428e+001
3.758583e+003,9.935086e+001
3.759065e+003,9.901342e+001
3.759547e+003,9.886391e+001
3.760029e+003,9.891131e+001
3.760511e+003,9.913413e+001
3.760993e+003,9.948695e+001
3.761475e+003,9.990995e+001
3.761957e+003,1.003386e+002
3.762439e+003,1.007101e+002
3.762922e+003,1.009668e+002
3.763404e+003,1.010609e+002
3.763886e+003,1.009656e+002
3.764368e+003,1.006926e+002
3.764850e+003,1.003031e+002
3.765332e+003,9.989849e+001
3.765814e+003,9.958900e+001
3.766296e+003,9.945708e+001
3.766779e+003,9.953539e+001
3.767260e+003,9.980383e+001
3.767743e+003,1.001990e+002
3.768225e+003,1.006305e+002
3.768707e+003,1.010038e+002
3.769189e+003,1.012480e+002
3.769671e+003,1.013388e+002
3.770153e+003,1.013017e+002
3.770635e+003,1.011918e+002
3.771117e+003,1.010643e+002
3.771600e+003,1.009521e+002
3.772082e+003,1.008592e+002
3.772564e+003,1.007671e+002
3.773046e+003,1.006482e+002
3.773528e+003,1.004808e+002
3.774010e+003,1.002598e+002
3.774492e+003,1.000006e+002
3.774974e+003,9.973309e+001
3.775457e+003,9.948985e+001
3.775939e+003,9.929353e+001
3.776421e+003,9.914848e+001
3.776903e+003,9.904105e+001
3.777385e+003,9.894762e+001
3.777867e+003,9.884751e+001
3.778349e+003,9.873588e+001
3.778831e+003,9.862964e+001
3.779313e+003,9.856194e+001
3.779796e+003,9.856504e+001
3.780278e+003,9.865100e+001
3.780760e+003,9.880262e+001
3.781242e+003,9.897970e+001
3.781724e+003,9.913489e+001
3.782206e+003,9.923002e+001
3.782688e+003,9.924684e+001
3.783170e+003,9.919108e+001
3.783653e+003,9.908900e+001
3.784135e+003,9.897670e+001
3.784617e+003,9.888454e+001
3.785099e+003,9.882364e+001
3.785581e+003,9.878249e+001
3.786063e+003,9.873618e+001
3.786545e+003,9.866359e+001
3.787027e+003,9.856281e+001
3.787510e+003,9.845705e+001
3.787992e+003,9.838824e+001
3.788474e+003,9.840100e+001
3.788956e+003,9.852309e+001
3.789438e+003,9.875026e+001
3.789920e+003,9.904105e+001
3.790402e+003,9.932502e+001
3.790884e+003,9.952322e+001
3.791366e+003,9.957473e+001
3.791849e+003,9.945851e+001
3.792331e+003,9.919957e+001
3.792813e+003,9.885691e+001
3.793295e+003,9.849966e+001
3.793777e+003,9.818390e+001
3.794259e+003,9.793864e+001
3.794741e+003,9.776476e+001
3.795223e+003,9.764476e+001
3.795706e+003,9.755934e+001
3.796188e+003,9.750215e+001
3.796670e+003,9.748360e+001
3.797152e+003,9.752345e+001
3.797634e+003,9.763771e+001
3.798116e+003,9.782746e+001
3.798598e+003,9.807128e+001
3.799080e+003,9.832127e+001
3.799563e+003,9.850642e+001
3.800044e+003,9.855032e+001
3.800527e+003,9.840659e+001
3.801009e+003,9.810032e+001
3.801491e+003,9.774005e+001
3.801973e+003,9.747322e+001
3.802455e+003,9.741324e+001
3.802937e+003,9.759896e+001
3.803419e+003,9.800248e+001
3.803901e+003,9.855345e+001
3.804384e+003,9.915544e+001
3.804866e+003,9.969608e+001
3.805348e+003,1.000641e+002
3.805830e+003,1.001810e+002
3.806312e+003,1.000388e+002
3.806794e+003,9.971563e+001
3.807276e+003,9.934451e+001
3.807758e+003,9.904745e+001
3.808240e+003,9.888434e+001
3.808723e+003,9.884693e+001
3.809205e+003,9.888362e+001
3.809687e+003,9.893008e+001
3.810169e+003,9.893341e+001
3.810651e+003,9.886846e+001
3.811133e+003,9.874373e+001
3.811615e+003,9.859435e+001
3.812097e+003,9.846320e+001
3.812580e+003,9.837995e+001
3.813062e+003,9.834640e+001
3.813544e+003,9.833379e+001
3.814026e+003,9.829323e+001
3.814508e+003,9.817789e+001
3.814990e+003,9.797269e+001
3.815472e+003,9.771799e+001
3.815954e+003,9.750455e+001
3.816437e+003,9.743179e+001
3.816919e+003,9.755894e+001
3.817401e+003,9.788662e+001
3.817883e+003,9.836974e+001
3.818365e+003,9.893632e+001
3.818847e+003,9.949847e+001
3.819329e+003,9.996037e+001
3.819811e+003,1.002352e+002
3.820293e+003,1.002762e+002
3.820776e+003,1.001071e+002
3.821258e+003,9.982130e+001
3.821740e+003,9.953291e+001
3.822222e+003,9.932053e+001
3.822704e+003,9.921140e+001
3.823186e+003,9.920037e+001
3.823668e+003,9.927027e+001
3.824150e+003,9.939935e+001
3.824633e+003,9.956180e+001
3.825115e+003,9.972841e+001
3.825597e+003,9.986974e+001
3.826079e+003,9.995982e+001
3.826561e+003,9.997761e+001
3.827043e+003,9.990609e+001
3.827525e+003,9.973277e+001
3.828007e+003,9.945470e+001
3.828490e+003,9.908504e+001
3.828971e+003,9.865578e+001
3.829454e+003,9.821471e+001
3.829936e+003,9.781707e+001
3.830418e+003,9.751415e+001
3.830900e+003,9.734052e+001
3.831382e+003,9.730289e+001
3.831864e+003,9.737582e+001
3.832346e+003,9.750842e+001
3.832828e+003,9.764294e+001
3.833311e+003,9.773775e+001
3.833793e+003,9.778390e+001
3.834275e+003,9.780717e+001
3.834757e+003,9.785543e+001
3.835239e+003,9.797700e+001
3.835721e+003,9.819853e+001
3.836203e+003,9.851035e+001
3.836685e+003,9.886536e+001
3.837167e+003,9.919448e+001
3.837650e+003,9.943520e+001
3.838132e+003,9.956013e+001
3.838614e+003,9.958855e+001
3.839096e+003,9.957418e+001
3.839578e+003,9.957848e+001
3.840060e+003,9.964587e+001
3.840542e+003,9.979075e+001
3.841024e+003,9.999702e+001
3.841507e+003,1.002261e+002
3.841989e+003,1.004294e+002
3.842471e+003,1.005616e+002
3.842953e+003,1.005912e+002
3.843435e+003,1.005058e+002
3.843917e+003,1.003097e+002
3.844399e+003,1.000180e+002
3.844881e+003,9.964874e+001
3.845364e+003,9.921929e+001
3.845846e+003,9.874648e+001
3.846328e+003,9.824836e+001
3.846810e+003,9.774647e+001
3.847292e+003,9.726624e+001
3.847774e+003,9.683597e+001
3.848256e+003,9.648423e+001
3.848738e+003,9.623680e+001
3.849220e+003,9.611294e+001
3.849703e+003,9.612309e+001
3.850185e+003,9.626881e+001
3.850667e+003,9.654575e+001
3.851149e+003,9.694914e+001
3.851631e+003,9.747871e+001
3.852113e+003,9.813873e+001
3.852595e+003,9.893128e+001
3.853077e+003,9.984250e+001
3.853560e+003,1.008217e+002
3.854042e+003,1.017643e+002
3.854524e+003,1.025361e+002
3.855006e+003,1.030395e+002
3.855488e+003,1.032567e+002
3.855970e+003,1.032347e+002
3.856452e+003,1.030436e+002
3.856934e+003,1.027436e+002
3.857417e+003,1.023704e+002
3.857898e+003,1.019342e+002
3.858381e+003,1.014281e+002
3.858863e+003,1.008400e+002
3.859345e+003,1.001666e+002
3.859827e+003,9.942520e+001
3.860309e+003,9.865900e+001
3.860791e+003,9.793477e+001
3.861273e+003,9.733022e+001
3.861755e+003,9.691540e+001
3.862238e+003,9.673309e+001
3.862720e+003,9.678616e+001
3.863202e+003,9.703506e+001
3.863684e+003,9.740757e+001
3.864166e+003,9.781809e+001
3.864648e+003,9.819202e+001
3.865130e+003,9.848511e+001
3.865612e+003,9.869009e+001
3.866094e+003,9.882940e+001
3.866577e+003,9.894048e+001
3.867059e+003,9.905984e+001
3.867541e+003,9.920982e+001
3.868023e+003,9.939157e+001
3.868505e+003,9.958752e+001
3.868987e+003,9.977524e+001
3.869469e+003,9.994614e+001
3.869951e+003,1.001107e+002
3.870434e+003,1.002813e+002
3.870916e+003,1.004546e+002
3.871398e+003,1.006146e+002
3.871880e+003,1.007470e+002
3.872362e+003,1.008448e+002
3.872844e+003,1.009048e+002
3.873326e+003,1.009252e+002
3.873808e+003,1.009065e+002
3.874291e+003,1.008514e+002
3.874773e+003,1.007596e+002
3.875255e+003,1.006229e+002
3.875737e+003,1.004273e+002
3.876219e+003,1.001613e+002
3.876701e+003,9.982198e+001
3.877183e+003,9.941679e+001
3.877665e+003,9.896304e+001
3.878147e+003,9.848768e+001
3.878630e+003,9.802811e+001
3.879112e+003,9.763164e+001
3.879594e+003,9.735077e+001
3.880076e+003,9.723152e+001
3.880558e+003,9.729655e+001
3.881040e+003,9.753152e+001
3.881522e+003,9.788580e+001
3.882004e+003,9.828950e+001
3.882487e+003,9.867555e+001
3.882969e+003,9.899419e+001
3.883451e+003,9.921606e+001
3.883933e+003,9.933054e+001
3.884415e+003,9.934573e+001
3.884897e+003,9.929155e+001
3.885379e+003,9.921867e+001
3.885861e+003,9.918314e+001
3.886344e+003,9.922087e+001
3.886825e+003,9.933361e+001
3.887308e+003,9.949763e+001
3.887790e+003,9.968217e+001
3.888272e+003,9.985992e+001
3.888754e+003,1.000074e+002
3.889236e+003,1.001036e+002
3.889718e+003,1.001323e+002
3.890200e+003,1.000891e+002
3.890682e+003,9.998682e+001
3.891165e+003,9.985332e+001
3.891647e+003,9.971915e+001
3.892129e+003,9.960271e+001
3.892611e+003,9.950402e+001
3.893093e+003,9.940962e+001
3.893575e+003,9.930342e+001
3.894057e+003,9.917563e+001
3.894539e+003,9.902690e+001
3.895021e+003,9.886742e+001
3.895504e+003,9.871229e+001
3.895986e+003,9.857514e+001
3.896468e+003,9.846197e+001
3.896950e+003,9.836778e+001
3.897432e+003,9.827789e+001
3.897914e+003,9.817467e+001
3.898396e+003,9.804840e+001
3.898878e+003,9.790784e+001
3.899361e+003,9.778418e+001
3.899843e+003,9.772482e+001
3.900325e+003,9.777879e+001
3.900807e+003,9.797980e+001
3.901289e+003,9.833394e+001
3.901771e+003,9.881525e+001
3.902253e+003,9.936915e+001
3.902735e+003,9.992274e+001
3.903218e+003,1.004013e+002
3.903700e+003,1.007462e+002
3.904182e+003,1.009286e+002
3.904664e+003,1.009525e+002
3.905146e+003,1.008470e+002
3.905628e+003,1.006539e+002
3.906110e+003,1.004162e+002
3.906592e+003,1.001710e+002
3.907074e+003,9.994604e+001
3.907557e+003,9.975764e+001
3.908039e+003,9.961019e+001
3.908521e+003,9.949598e+001
3.909003e+003,9.939670e+001
3.909485e+003,9.928741e+001
3.909967e+003,9.914349e+001
3.910449e+003,9.894937e+001
3.910931e+003,9.870631e+001
3.911414e+003,9.843563e+001
3.911896e+003,9.817498e+001
3.912378e+003,9.796850e+001
3.912860e+003,9.785416e+001
3.913342e+003,9.785329e+001
3.913824e+003,9.796484e+001
3.914306e+003,9.816624e+001
3.914788e+003,9.841950e+001
3.915271e+003,9.868109e+001
3.915752e+003,9.891300e+001
3.916235e+003,9.909173e+001
3.916717e+003,9.921192e+001
3.917199e+003,9.928342e+001
3.917681e+003,9.932439e+001
3.918163e+003,9.935422e+001
3.918645e+003,9.938925e+001
3.919127e+003,9.944109e+001
3.919609e+003,9.951563e+001
3.920092e+003,9.961217e+001
3.920574e+003,9.972247e+001
3.921056e+003,9.983002e+001
3.921538e+003,9.991184e+001
3.922020e+003,9.994252e+001
3.922502e+003,9.990031e+001
3.922984e+003,9.977402e+001
3.923466e+003,9.956857e+001
3.923948e+003,9.930711e+001
3.924431e+003,9.902679e+001
3.924913e+003,9.876863e+001
3.925395e+003,9.856502e+001
3.925877e+003,9.843114e+001
3.926359e+003,9.836380e+001
3.926841e+003,9.834642e+001
3.927323e+003,9.835656e+001
3.927805e+003,9.837267e+001
3.928288e+003,9.837885e+001
3.928770e+003,9.836738e+001
3.929252e+003,9.833882e+001
3.929734e+003,9.830024e+001
3.930216e+003,9.826239e+001
3.930698e+003,9.823676e+001
3.931180e+003,9.823344e+001
3.931662e+003,9.826000e+001
3.932145e+003,9.832081e+001
3.932627e+003,9.841646e+001
3.933109e+003,9.854320e+001
3.933591e+003,9.869270e+001
3.934073e+003,9.885280e+001
3.934555e+003,9.900860e+001
3.935037e+003,9.914396e+001
3.935519e+003,9.924296e+001
3.936001e+003,9.929218e+001
3.936484e+003,9.928367e+001
3.936966e+003,9.921798e+001
3.937448e+003,9.910578e+001
3.937930e+003,9.896649e+001
3.938412e+003,9.882362e+001
3.938894e+003,9.869858e+001
3.939376e+003,9.860493e+001
3.939858e+003,9.854544e+001
3.940341e+003,9.851252e+001
3.940823e+003,9.849249e+001
3.941305e+003,9.847220e+001
3.941787e+003,9.844544e+001
3.942269e+003,9.841621e+001
3.942751e+003,9.839641e+001
3.943233e+003,9.839913e+001
3.943715e+003,9.843121e+001
3.944198e+003,9.848888e+001
3.944679e+003,9.855872e+001
3.945162e+003,9.862283e+001
3.945644e+003,9.866542e+001
3.946126e+003,9.867849e+001
3.946608e+003,9.866444e+001
3.947090e+003,9.863512e+001
3.947572e+003,9.860753e+001
3.948054e+003,9.859692e+001
3.948536e+003,9.861097e+001
3.949019e+003,9.864709e+001
3.949501e+003,9.869452e+001
3.949983e+003,9.873972e+001
3.950465e+003,9.877252e+001
3.950947e+003,9.878972e+001
3.951429e+003,9.879514e+001
3.951911e+003,9.879636e+001
3.952393e+003,9.879999e+001
3.952875e+003,9.880814e+001
3.953358e+003,9.881724e+001
3.953840e+003,9.881944e+001
3.954322e+003,9.880605e+001
3.954804e+003,9.877106e+001
3.955286e+003,9.871367e+001
3.955768e+003,9.863894e+001
3.956250e+003,9.855642e+001
3.956732e+003,9.847776e+001
3.957215e+003,9.841399e+001
3.957697e+003,9.837329e+001
3.958179e+003,9.835980e+001
3.958661e+003,9.837307e+001
3.959143e+003,9.840842e+001
3.959625e+003,9.845799e+001
3.960107e+003,9.851243e+001
3.960589e+003,9.856277e+001
3.961072e+003,9.860256e+001
3.961554e+003,9.862905e+001
3.962036e+003,9.864359e+001
3.962518e+003,9.865023e+001
3.963000e+003,9.865411e+001
3.963482e+003,9.865937e+001
3.963964e+003,9.866820e+001
3.964446e+003,9.868069e+001
3.964928e+003,9.869575e+001
3.965411e+003,9.871194e+001
3.965893e+003,9.872792e+001
3.966375e+003,9.874239e+001
3.966857e+003,9.875350e+001
3.967339e+003,9.875829e+001
3.967821e+003,9.875318e+001
3.968303e+003,9.873514e+001
3.968785e+003,9.870335e+001
3.969268e+003,9.866073e+001
3.969750e+003,9.861361e+001
3.970232e+003,9.857036e+001
3.970714e+003,9.853865e+001
3.971196e+003,9.852261e+001
3.971678e+003,9.852139e+001
3.972160e+003,9.852943e+001
3.972642e+003,9.853894e+001
3.973125e+003,9.854288e+001
3.973606e+003,9.853763e+001
3.974089e+003,9.852407e+001
3.974571e+003,9.850677e+001
3.975053e+003,9.849174e+001
3.975535e+003,9.848386e+001
3.976017e+003,9.848521e+001
3.976499e+003,9.849490e+001
3.976981e+003,9.850989e+001
3.977463e+003,9.852650e+001
3.977946e+003,9.854140e+001
3.978428e+003,9.855219e+001
3.978910e+003,9.855719e+001
3.979392e+003,9.855529e+001
3.979874e+003,9.854601e+001
3.980356e+003,9.852981e+001
3.980838e+003,9.850883e+001
3.981320e+003,9.848707e+001
3.981802e+003,9.846954e+001
3.982285e+003,9.846111e+001
3.982767e+003,9.846476e+001
3.983249e+003,9.848048e+001
3.983731e+003,9.850517e+001
3.984213e+003,9.853372e+001
3.984695e+003,9.856055e+001
3.985177e+003,9.858108e+001
3.985659e+003,9.859256e+001
3.986142e+003,9.859401e+001
3.986624e+003,9.858548e+001
3.987106e+003,9.856736e+001
3.987588e+003,9.854029e+001
3.988070e+003,9.850558e+001
3.988552e+003,9.846588e+001
3.989034e+003,9.842554e+001
3.989516e+003,9.839011e+001
3.989999e+003,9.836509e+001
3.990481e+003,9.835416e+001
3.990963e+003,9.835794e+001
3.991445e+003,9.837367e+001
3.991927e+003,9.839621e+001
3.992409e+003,9.841985e+001
3.992891e+003,9.844002e+001
3.993373e+003,9.845429e+001
3.993855e+003,9.846258e+001
3.994338e+003,9.846638e+001
3.994820e+003,9.846760e+001
3.995302e+003,9.846783e+001
3.995784e+003,9.846795e+001
3.996266e+003,9.846828e+001
3.996748e+003,9.846901e+001
3.997230e+003,9.847024e+001
3.997712e+003,9.847201e+001
3.998195e+003,9.847372e+001
3.998677e+003,9.847437e+001
3.999159e+003,9.847263e+001
3.999641e+003,9.846748e+001
4.000123e+003,9.845882e+001
